run,model_mode,species_id,species_key,species,antibiotic_id,antibiotic,n_test_obs,n_test_susceptible,n_test_resistant,auc_before_finetuning,auc_after_finetuning,delta_auc_after_minus_before
0,species_multihead_no_enrichment,0,candida_albicans,Candida albicans,0,Amikacin,0,0,0,,,
0,species_multihead_no_enrichment,0,candida_albicans,Candida albicans,1,Ampicillin,0,0,0,,,
0,species_multihead_no_enrichment,0,candida_albicans,Candida albicans,2,Azithromycin,0,0,0,,,
0,species_multihead_no_enrichment,0,candida_albicans,Candida albicans,3,Caspofungin,982,978,4,0.31735685071574643,0.2799079754601227,-0.03744887525562374
0,species_multihead_no_enrichment,0,candida_albicans,Candida albicans,4,Cefepime,0,0,0,,,
0,species_multihead_no_enrichment,0,candida_albicans,Candida albicans,5,Ceftazidime,0,0,0,,,
0,species_multihead_no_enrichment,0,candida_albicans,Candida albicans,6,Ceftazidime-Avibactam,0,0,0,,,
0,species_multihead_no_enrichment,0,candida_albicans,Candida albicans,7,Ceftolozane-Tazobactam,0,0,0,,,
0,species_multihead_no_enrichment,0,candida_albicans,Candida albicans,8,Ceftriaxone,0,0,0,,,
0,species_multihead_no_enrichment,0,candida_albicans,Candida albicans,9,Ciprofloxacin,0,0,0,,,
0,species_multihead_no_enrichment,0,candida_albicans,Candida albicans,10,Clarithromycin,0,0,0,,,
0,species_multihead_no_enrichment,0,candida_albicans,Candida albicans,11,Clindamycin,0,0,0,,,
0,species_multihead_no_enrichment,0,candida_albicans,Candida albicans,12,Cotrimoxazole,0,0,0,,,
0,species_multihead_no_enrichment,0,candida_albicans,Candida albicans,13,Ertapenem,0,0,0,,,
0,species_multihead_no_enrichment,0,candida_albicans,Candida albicans,14,Erythromycin,0,0,0,,,
0,species_multihead_no_enrichment,0,candida_albicans,Candida albicans,15,Fosfomycin,0,0,0,,,
0,species_multihead_no_enrichment,0,candida_albicans,Candida albicans,16,Fusidic acid,0,0,0,,,
0,species_multihead_no_enrichment,0,candida_albicans,Candida albicans,17,Gentamicin,0,0,0,,,
0,species_multihead_no_enrichment,0,candida_albicans,Candida albicans,18,Imipenem,0,0,0,,,
0,species_multihead_no_enrichment,0,candida_albicans,Candida albicans,19,Levofloxacin,0,0,0,,,
0,species_multihead_no_enrichment,0,candida_albicans,Candida albicans,20,Linezolid,0,0,0,,,
0,species_multihead_no_enrichment,0,candida_albicans,Candida albicans,21,Meropenem,0,0,0,,,
0,species_multihead_no_enrichment,0,candida_albicans,Candida albicans,22,Micafungin,982,981,1,0.18909276248725793,0.5428134556574924,0.35372069317023447
0,species_multihead_no_enrichment,0,candida_albicans,Candida albicans,23,Moxifloxacin,0,0,0,,,
0,species_multihead_no_enrichment,0,candida_albicans,Candida albicans,24,Mupirocin,0,0,0,,,
0,species_multihead_no_enrichment,0,candida_albicans,Candida albicans,25,Nitrofurantoin,0,0,0,,,
0,species_multihead_no_enrichment,0,candida_albicans,Candida albicans,26,Oxacillin,0,0,0,,,
0,species_multihead_no_enrichment,0,candida_albicans,Candida albicans,27,Piperacillin,0,0,0,,,
0,species_multihead_no_enrichment,0,candida_albicans,Candida albicans,28,Piperacillin-Tazobactam,0,0,0,,,
0,species_multihead_no_enrichment,0,candida_albicans,Candida albicans,29,Rifampicin,0,0,0,,,
0,species_multihead_no_enrichment,0,candida_albicans,Candida albicans,30,Teicoplanin,0,0,0,,,
0,species_multihead_no_enrichment,0,candida_albicans,Candida albicans,31,Tetracycline,0,0,0,,,
0,species_multihead_no_enrichment,0,candida_albicans,Candida albicans,32,Tigecycline,0,0,0,,,
0,species_multihead_no_enrichment,0,candida_albicans,Candida albicans,33,Tobramycin,0,0,0,,,
0,species_multihead_no_enrichment,0,candida_albicans,Candida albicans,34,Vancomycin,0,0,0,,,
0,species_multihead_no_enrichment,0,candida_albicans,Candida albicans,35,Voriconazole,1126,1119,7,0.5211285586620708,0.5560449380824716,0.03491637942040082
0,species_multihead_no_enrichment,1,citrobacter_freundii,Citrobacter freundii,0,Amikacin,0,0,0,,,
0,species_multihead_no_enrichment,1,citrobacter_freundii,Citrobacter freundii,1,Ampicillin,441,15,426,0.5467136150234742,0.7461658841940533,0.19945226917057912
0,species_multihead_no_enrichment,1,citrobacter_freundii,Citrobacter freundii,2,Azithromycin,0,0,0,,,
0,species_multihead_no_enrichment,1,citrobacter_freundii,Citrobacter freundii,3,Caspofungin,0,0,0,,,
0,species_multihead_no_enrichment,1,citrobacter_freundii,Citrobacter freundii,4,Cefepime,0,0,0,,,
0,species_multihead_no_enrichment,1,citrobacter_freundii,Citrobacter freundii,5,Ceftazidime,440,255,185,0.44735559088500265,0.7653948065712772,0.3180392156862746
0,species_multihead_no_enrichment,1,citrobacter_freundii,Citrobacter freundii,6,Ceftazidime-Avibactam,0,0,0,,,
0,species_multihead_no_enrichment,1,citrobacter_freundii,Citrobacter freundii,7,Ceftolozane-Tazobactam,0,0,0,,,
0,species_multihead_no_enrichment,1,citrobacter_freundii,Citrobacter freundii,8,Ceftriaxone,312,178,134,0.47595589468388394,0.8211470736206608,0.3451911789367768
0,species_multihead_no_enrichment,1,citrobacter_freundii,Citrobacter freundii,9,Ciprofloxacin,441,396,45,0.5078843995510662,0.6615319865319866,0.1536475869809204
0,species_multihead_no_enrichment,1,citrobacter_freundii,Citrobacter freundii,10,Clarithromycin,0,0,0,,,
0,species_multihead_no_enrichment,1,citrobacter_freundii,Citrobacter freundii,11,Clindamycin,0,0,0,,,
0,species_multihead_no_enrichment,1,citrobacter_freundii,Citrobacter freundii,12,Cotrimoxazole,441,405,36,0.43395061728395057,0.5742112482853223,0.14026063100137176
0,species_multihead_no_enrichment,1,citrobacter_freundii,Citrobacter freundii,13,Ertapenem,1,0,1,,,
0,species_multihead_no_enrichment,1,citrobacter_freundii,Citrobacter freundii,14,Erythromycin,0,0,0,,,
0,species_multihead_no_enrichment,1,citrobacter_freundii,Citrobacter freundii,15,Fosfomycin,97,97,0,,,
0,species_multihead_no_enrichment,1,citrobacter_freundii,Citrobacter freundii,16,Fusidic acid,0,0,0,,,
0,species_multihead_no_enrichment,1,citrobacter_freundii,Citrobacter freundii,17,Gentamicin,441,169,272,0.5558975809258615,0.690360685694396,0.1344631047685345
0,species_multihead_no_enrichment,1,citrobacter_freundii,Citrobacter freundii,18,Imipenem,441,433,8,0.5037528868360277,0.5909353348729792,0.08718244803695152
0,species_multihead_no_enrichment,1,citrobacter_freundii,Citrobacter freundii,19,Levofloxacin,0,0,0,,,
0,species_multihead_no_enrichment,1,citrobacter_freundii,Citrobacter freundii,20,Linezolid,0,0,0,,,
0,species_multihead_no_enrichment,1,citrobacter_freundii,Citrobacter freundii,21,Meropenem,441,434,7,0.4368005266622778,0.6877880184331797,0.2509874917709019
0,species_multihead_no_enrichment,1,citrobacter_freundii,Citrobacter freundii,22,Micafungin,0,0,0,,,
0,species_multihead_no_enrichment,1,citrobacter_freundii,Citrobacter freundii,23,Moxifloxacin,324,219,105,0.48754076973255056,0.5544031311154599,0.06686236138290935
0,species_multihead_no_enrichment,1,citrobacter_freundii,Citrobacter freundii,24,Mupirocin,0,0,0,,,
0,species_multihead_no_enrichment,1,citrobacter_freundii,Citrobacter freundii,25,Nitrofurantoin,0,0,0,,,
0,species_multihead_no_enrichment,1,citrobacter_freundii,Citrobacter freundii,26,Oxacillin,0,0,0,,,
0,species_multihead_no_enrichment,1,citrobacter_freundii,Citrobacter freundii,27,Piperacillin,0,0,0,,,
0,species_multihead_no_enrichment,1,citrobacter_freundii,Citrobacter freundii,28,Piperacillin-Tazobactam,441,254,187,0.45361909975156844,0.7651164259547771,0.3114973262032087
0,species_multihead_no_enrichment,1,citrobacter_freundii,Citrobacter freundii,29,Rifampicin,0,0,0,,,
0,species_multihead_no_enrichment,1,citrobacter_freundii,Citrobacter freundii,30,Teicoplanin,0,0,0,,,
0,species_multihead_no_enrichment,1,citrobacter_freundii,Citrobacter freundii,31,Tetracycline,0,0,0,,,
0,species_multihead_no_enrichment,1,citrobacter_freundii,Citrobacter freundii,32,Tigecycline,0,0,0,,,
0,species_multihead_no_enrichment,1,citrobacter_freundii,Citrobacter freundii,33,Tobramycin,0,0,0,,,
0,species_multihead_no_enrichment,1,citrobacter_freundii,Citrobacter freundii,34,Vancomycin,0,0,0,,,
0,species_multihead_no_enrichment,1,citrobacter_freundii,Citrobacter freundii,35,Voriconazole,0,0,0,,,
0,species_multihead_no_enrichment,2,citrobacter_koseri,Citrobacter koseri,0,Amikacin,0,0,0,,,
0,species_multihead_no_enrichment,2,citrobacter_koseri,Citrobacter koseri,1,Ampicillin,446,0,446,,,
0,species_multihead_no_enrichment,2,citrobacter_koseri,Citrobacter koseri,2,Azithromycin,0,0,0,,,
0,species_multihead_no_enrichment,2,citrobacter_koseri,Citrobacter koseri,3,Caspofungin,0,0,0,,,
0,species_multihead_no_enrichment,2,citrobacter_koseri,Citrobacter koseri,4,Cefepime,0,0,0,,,
0,species_multihead_no_enrichment,2,citrobacter_koseri,Citrobacter koseri,5,Ceftazidime,446,427,19,0.5304449648711943,0.6798964624676445,0.14945149759645016
0,species_multihead_no_enrichment,2,citrobacter_koseri,Citrobacter koseri,6,Ceftazidime-Avibactam,0,0,0,,,
0,species_multihead_no_enrichment,2,citrobacter_koseri,Citrobacter koseri,7,Ceftolozane-Tazobactam,0,0,0,,,
0,species_multihead_no_enrichment,2,citrobacter_koseri,Citrobacter koseri,8,Ceftriaxone,269,260,9,0.5581196581196581,0.7047008547008546,0.1465811965811965
0,species_multihead_no_enrichment,2,citrobacter_koseri,Citrobacter koseri,9,Ciprofloxacin,446,442,4,0.42081447963800905,0.6611990950226244,0.24038461538461536
0,species_multihead_no_enrichment,2,citrobacter_koseri,Citrobacter koseri,10,Clarithromycin,0,0,0,,,
0,species_multihead_no_enrichment,2,citrobacter_koseri,Citrobacter koseri,11,Clindamycin,0,0,0,,,
0,species_multihead_no_enrichment,2,citrobacter_koseri,Citrobacter koseri,12,Cotrimoxazole,446,441,5,0.7267573696145125,0.3718820861678005,-0.35487528344671204
0,species_multihead_no_enrichment,2,citrobacter_koseri,Citrobacter koseri,13,Ertapenem,0,0,0,,,
0,species_multihead_no_enrichment,2,citrobacter_koseri,Citrobacter koseri,14,Erythromycin,0,0,0,,,
0,species_multihead_no_enrichment,2,citrobacter_koseri,Citrobacter koseri,15,Fosfomycin,134,133,1,0.42105263157894735,0.8082706766917294,0.387218045112782
0,species_multihead_no_enrichment,2,citrobacter_koseri,Citrobacter koseri,16,Fusidic acid,0,0,0,,,
0,species_multihead_no_enrichment,2,citrobacter_koseri,Citrobacter koseri,17,Gentamicin,440,171,269,0.4803147894519446,0.7689949781516988,0.2886801886997542
0,species_multihead_no_enrichment,2,citrobacter_koseri,Citrobacter koseri,18,Imipenem,446,444,2,0.6171171171171171,0.8462837837837838,0.22916666666666663
0,species_multihead_no_enrichment,2,citrobacter_koseri,Citrobacter koseri,19,Levofloxacin,0,0,0,,,
0,species_multihead_no_enrichment,2,citrobacter_koseri,Citrobacter koseri,20,Linezolid,0,0,0,,,
0,species_multihead_no_enrichment,2,citrobacter_koseri,Citrobacter koseri,21,Meropenem,446,445,1,0.7561797752808989,0.8674157303370786,0.11123595505617978
0,species_multihead_no_enrichment,2,citrobacter_koseri,Citrobacter koseri,22,Micafungin,0,0,0,,,
0,species_multihead_no_enrichment,2,citrobacter_koseri,Citrobacter koseri,23,Moxifloxacin,275,256,19,0.5528371710526315,0.5968338815789473,0.04399671052631582
0,species_multihead_no_enrichment,2,citrobacter_koseri,Citrobacter koseri,24,Mupirocin,0,0,0,,,
0,species_multihead_no_enrichment,2,citrobacter_koseri,Citrobacter koseri,25,Nitrofurantoin,0,0,0,,,
0,species_multihead_no_enrichment,2,citrobacter_koseri,Citrobacter koseri,26,Oxacillin,0,0,0,,,
0,species_multihead_no_enrichment,2,citrobacter_koseri,Citrobacter koseri,27,Piperacillin,0,0,0,,,
0,species_multihead_no_enrichment,2,citrobacter_koseri,Citrobacter koseri,28,Piperacillin-Tazobactam,446,400,46,0.529538043478261,0.6312228260869565,0.10168478260869551
0,species_multihead_no_enrichment,2,citrobacter_koseri,Citrobacter koseri,29,Rifampicin,0,0,0,,,
0,species_multihead_no_enrichment,2,citrobacter_koseri,Citrobacter koseri,30,Teicoplanin,0,0,0,,,
0,species_multihead_no_enrichment,2,citrobacter_koseri,Citrobacter koseri,31,Tetracycline,0,0,0,,,
0,species_multihead_no_enrichment,2,citrobacter_koseri,Citrobacter koseri,32,Tigecycline,0,0,0,,,
0,species_multihead_no_enrichment,2,citrobacter_koseri,Citrobacter koseri,33,Tobramycin,0,0,0,,,
0,species_multihead_no_enrichment,2,citrobacter_koseri,Citrobacter koseri,34,Vancomycin,0,0,0,,,
0,species_multihead_no_enrichment,2,citrobacter_koseri,Citrobacter koseri,35,Voriconazole,0,0,0,,,
0,species_multihead_no_enrichment,3,enterobacter_cloacae_complex,Enterobacter cloacae complex,0,Amikacin,1,0,1,,,
0,species_multihead_no_enrichment,3,enterobacter_cloacae_complex,Enterobacter cloacae complex,1,Ampicillin,1541,12,1529,0.5183126226291694,0.7008665794637018,0.18255395683453235
0,species_multihead_no_enrichment,3,enterobacter_cloacae_complex,Enterobacter cloacae complex,2,Azithromycin,0,0,0,,,
0,species_multihead_no_enrichment,3,enterobacter_cloacae_complex,Enterobacter cloacae complex,3,Caspofungin,0,0,0,,,
0,species_multihead_no_enrichment,3,enterobacter_cloacae_complex,Enterobacter cloacae complex,4,Cefepime,1,1,0,,,
0,species_multihead_no_enrichment,3,enterobacter_cloacae_complex,Enterobacter cloacae complex,5,Ceftazidime,1542,937,605,0.47032819707700846,0.7835345793238487,0.3132063822468403
0,species_multihead_no_enrichment,3,enterobacter_cloacae_complex,Enterobacter cloacae complex,6,Ceftazidime-Avibactam,0,0,0,,,
0,species_multihead_no_enrichment,3,enterobacter_cloacae_complex,Enterobacter cloacae complex,7,Ceftolozane-Tazobactam,0,0,0,,,
0,species_multihead_no_enrichment,3,enterobacter_cloacae_complex,Enterobacter cloacae complex,8,Ceftriaxone,1156,705,451,0.4528533912031577,0.8170259942444686,0.36417260304131094
0,species_multihead_no_enrichment,3,enterobacter_cloacae_complex,Enterobacter cloacae complex,9,Ciprofloxacin,1543,1480,63,0.47780459030459027,0.6757936507936508,0.19798906048906056
0,species_multihead_no_enrichment,3,enterobacter_cloacae_complex,Enterobacter cloacae complex,10,Clarithromycin,0,0,0,,,
0,species_multihead_no_enrichment,3,enterobacter_cloacae_complex,Enterobacter cloacae complex,11,Clindamycin,1,0,1,,,
0,species_multihead_no_enrichment,3,enterobacter_cloacae_complex,Enterobacter cloacae complex,12,Cotrimoxazole,1543,1467,76,0.5214096078642414,0.6280719692892763,0.10666236142503494
0,species_multihead_no_enrichment,3,enterobacter_cloacae_complex,Enterobacter cloacae complex,13,Ertapenem,3,2,1,1.0,1.0,0.0
0,species_multihead_no_enrichment,3,enterobacter_cloacae_complex,Enterobacter cloacae complex,14,Erythromycin,1,0,1,,,
0,species_multihead_no_enrichment,3,enterobacter_cloacae_complex,Enterobacter cloacae complex,15,Fosfomycin,270,122,148,0.5116027913159061,0.5494849357554276,0.037882144439521426
0,species_multihead_no_enrichment,3,enterobacter_cloacae_complex,Enterobacter cloacae complex,16,Fusidic acid,0,0,0,,,
0,species_multihead_no_enrichment,3,enterobacter_cloacae_complex,Enterobacter cloacae complex,17,Gentamicin,1540,617,923,0.5009798223325742,0.6651729351297914,0.16419311279721716
0,species_multihead_no_enrichment,3,enterobacter_cloacae_complex,Enterobacter cloacae complex,18,Imipenem,1543,1512,31,0.4844256699095409,0.5918565454855778,0.10743087557603687
0,species_multihead_no_enrichment,3,enterobacter_cloacae_complex,Enterobacter cloacae complex,19,Levofloxacin,0,0,0,,,
0,species_multihead_no_enrichment,3,enterobacter_cloacae_complex,Enterobacter cloacae complex,20,Linezolid,1,1,0,,,
0,species_multihead_no_enrichment,3,enterobacter_cloacae_complex,Enterobacter cloacae complex,21,Meropenem,1542,1527,15,0.47260423488321324,0.6434184675834971,0.17081423270028384
0,species_multihead_no_enrichment,3,enterobacter_cloacae_complex,Enterobacter cloacae complex,22,Micafungin,0,0,0,,,
0,species_multihead_no_enrichment,3,enterobacter_cloacae_complex,Enterobacter cloacae complex,23,Moxifloxacin,1230,1095,135,0.5000608828006088,0.6335464231354643,0.1334855403348555
0,species_multihead_no_enrichment,3,enterobacter_cloacae_complex,Enterobacter cloacae complex,24,Mupirocin,0,0,0,,,
0,species_multihead_no_enrichment,3,enterobacter_cloacae_complex,Enterobacter cloacae complex,25,Nitrofurantoin,0,0,0,,,
0,species_multihead_no_enrichment,3,enterobacter_cloacae_complex,Enterobacter cloacae complex,26,Oxacillin,0,0,0,,,
0,species_multihead_no_enrichment,3,enterobacter_cloacae_complex,Enterobacter cloacae complex,27,Piperacillin,1,1,0,,,
0,species_multihead_no_enrichment,3,enterobacter_cloacae_complex,Enterobacter cloacae complex,28,Piperacillin-Tazobactam,1543,929,614,0.46734518921610224,0.7819298885355341,0.3145846993194319
0,species_multihead_no_enrichment,3,enterobacter_cloacae_complex,Enterobacter cloacae complex,29,Rifampicin,0,0,0,,,
0,species_multihead_no_enrichment,3,enterobacter_cloacae_complex,Enterobacter cloacae complex,30,Teicoplanin,0,0,0,,,
0,species_multihead_no_enrichment,3,enterobacter_cloacae_complex,Enterobacter cloacae complex,31,Tetracycline,0,0,0,,,
0,species_multihead_no_enrichment,3,enterobacter_cloacae_complex,Enterobacter cloacae complex,32,Tigecycline,1,1,0,,,
0,species_multihead_no_enrichment,3,enterobacter_cloacae_complex,Enterobacter cloacae complex,33,Tobramycin,1,0,1,,,
0,species_multihead_no_enrichment,3,enterobacter_cloacae_complex,Enterobacter cloacae complex,34,Vancomycin,1,1,0,,,
0,species_multihead_no_enrichment,3,enterobacter_cloacae_complex,Enterobacter cloacae complex,35,Voriconazole,0,0,0,,,
0,species_multihead_no_enrichment,4,enterococcus_faecalis,Enterococcus faecalis,0,Amikacin,0,0,0,,,
0,species_multihead_no_enrichment,4,enterococcus_faecalis,Enterococcus faecalis,1,Ampicillin,4188,4182,6,0.5285150645624104,0.44296987087517936,-0.08554519368723101
0,species_multihead_no_enrichment,4,enterococcus_faecalis,Enterococcus faecalis,2,Azithromycin,0,0,0,,,
0,species_multihead_no_enrichment,4,enterococcus_faecalis,Enterococcus faecalis,3,Caspofungin,0,0,0,,,
0,species_multihead_no_enrichment,4,enterococcus_faecalis,Enterococcus faecalis,4,Cefepime,0,0,0,,,
0,species_multihead_no_enrichment,4,enterococcus_faecalis,Enterococcus faecalis,5,Ceftazidime,72,0,72,,,
0,species_multihead_no_enrichment,4,enterococcus_faecalis,Enterococcus faecalis,6,Ceftazidime-Avibactam,0,0,0,,,
0,species_multihead_no_enrichment,4,enterococcus_faecalis,Enterococcus faecalis,7,Ceftolozane-Tazobactam,0,0,0,,,
0,species_multihead_no_enrichment,4,enterococcus_faecalis,Enterococcus faecalis,8,Ceftriaxone,0,0,0,,,
0,species_multihead_no_enrichment,4,enterococcus_faecalis,Enterococcus faecalis,9,Ciprofloxacin,0,0,0,,,
0,species_multihead_no_enrichment,4,enterococcus_faecalis,Enterococcus faecalis,10,Clarithromycin,0,0,0,,,
0,species_multihead_no_enrichment,4,enterococcus_faecalis,Enterococcus faecalis,11,Clindamycin,4145,0,4145,,,
0,species_multihead_no_enrichment,4,enterococcus_faecalis,Enterococcus faecalis,12,Cotrimoxazole,0,0,0,,,
0,species_multihead_no_enrichment,4,enterococcus_faecalis,Enterococcus faecalis,13,Ertapenem,0,0,0,,,
0,species_multihead_no_enrichment,4,enterococcus_faecalis,Enterococcus faecalis,14,Erythromycin,4100,0,4100,,,
0,species_multihead_no_enrichment,4,enterococcus_faecalis,Enterococcus faecalis,15,Fosfomycin,0,0,0,,,
0,species_multihead_no_enrichment,4,enterococcus_faecalis,Enterococcus faecalis,16,Fusidic acid,0,0,0,,,
0,species_multihead_no_enrichment,4,enterococcus_faecalis,Enterococcus faecalis,17,Gentamicin,0,0,0,,,
0,species_multihead_no_enrichment,4,enterococcus_faecalis,Enterococcus faecalis,18,Imipenem,4188,2564,1624,0.4586722754624471,0.961470949601531,0.502798674139084
0,species_multihead_no_enrichment,4,enterococcus_faecalis,Enterococcus faecalis,19,Levofloxacin,0,0,0,,,
0,species_multihead_no_enrichment,4,enterococcus_faecalis,Enterococcus faecalis,20,Linezolid,4122,4117,5,0.7371386932232208,0.6886810784551858,-0.04845761476803501
0,species_multihead_no_enrichment,4,enterococcus_faecalis,Enterococcus faecalis,21,Meropenem,72,0,72,,,
0,species_multihead_no_enrichment,4,enterococcus_faecalis,Enterococcus faecalis,22,Micafungin,0,0,0,,,
0,species_multihead_no_enrichment,4,enterococcus_faecalis,Enterococcus faecalis,23,Moxifloxacin,0,0,0,,,
0,species_multihead_no_enrichment,4,enterococcus_faecalis,Enterococcus faecalis,24,Mupirocin,0,0,0,,,
0,species_multihead_no_enrichment,4,enterococcus_faecalis,Enterococcus faecalis,25,Nitrofurantoin,1908,1894,14,0.5923781867551667,0.5897571277719112,-0.0026210589832554865
0,species_multihead_no_enrichment,4,enterococcus_faecalis,Enterococcus faecalis,26,Oxacillin,0,0,0,,,
0,species_multihead_no_enrichment,4,enterococcus_faecalis,Enterococcus faecalis,27,Piperacillin,0,0,0,,,
0,species_multihead_no_enrichment,4,enterococcus_faecalis,Enterococcus faecalis,28,Piperacillin-Tazobactam,69,69,0,,,
0,species_multihead_no_enrichment,4,enterococcus_faecalis,Enterococcus faecalis,29,Rifampicin,0,0,0,,,
0,species_multihead_no_enrichment,4,enterococcus_faecalis,Enterococcus faecalis,30,Teicoplanin,2,2,0,,,
0,species_multihead_no_enrichment,4,enterococcus_faecalis,Enterococcus faecalis,31,Tetracycline,0,0,0,,,
0,species_multihead_no_enrichment,4,enterococcus_faecalis,Enterococcus faecalis,32,Tigecycline,4131,4131,0,,,
0,species_multihead_no_enrichment,4,enterococcus_faecalis,Enterococcus faecalis,33,Tobramycin,0,0,0,,,
0,species_multihead_no_enrichment,4,enterococcus_faecalis,Enterococcus faecalis,34,Vancomycin,4185,4182,3,0.8022875816993464,0.4819464371114299,-0.3203411445879165
0,species_multihead_no_enrichment,4,enterococcus_faecalis,Enterococcus faecalis,35,Voriconazole,0,0,0,,,
0,species_multihead_no_enrichment,5,enterococcus_faecium,Enterococcus faecium,0,Amikacin,0,0,0,,,
0,species_multihead_no_enrichment,5,enterococcus_faecium,Enterococcus faecium,1,Ampicillin,2468,160,2308,0.7073467287694973,0.8585734402079722,0.15122671143847488
0,species_multihead_no_enrichment,5,enterococcus_faecium,Enterococcus faecium,2,Azithromycin,0,0,0,,,
0,species_multihead_no_enrichment,5,enterococcus_faecium,Enterococcus faecium,3,Caspofungin,0,0,0,,,
0,species_multihead_no_enrichment,5,enterococcus_faecium,Enterococcus faecium,4,Cefepime,0,0,0,,,
0,species_multihead_no_enrichment,5,enterococcus_faecium,Enterococcus faecium,5,Ceftazidime,22,0,22,,,
0,species_multihead_no_enrichment,5,enterococcus_faecium,Enterococcus faecium,6,Ceftazidime-Avibactam,0,0,0,,,
0,species_multihead_no_enrichment,5,enterococcus_faecium,Enterococcus faecium,7,Ceftolozane-Tazobactam,0,0,0,,,
0,species_multihead_no_enrichment,5,enterococcus_faecium,Enterococcus faecium,8,Ceftriaxone,0,0,0,,,
0,species_multihead_no_enrichment,5,enterococcus_faecium,Enterococcus faecium,9,Ciprofloxacin,0,0,0,,,
0,species_multihead_no_enrichment,5,enterococcus_faecium,Enterococcus faecium,10,Clarithromycin,0,0,0,,,
0,species_multihead_no_enrichment,5,enterococcus_faecium,Enterococcus faecium,11,Clindamycin,2451,0,2451,,,
0,species_multihead_no_enrichment,5,enterococcus_faecium,Enterococcus faecium,12,Cotrimoxazole,0,0,0,,,
0,species_multihead_no_enrichment,5,enterococcus_faecium,Enterococcus faecium,13,Ertapenem,0,0,0,,,
0,species_multihead_no_enrichment,5,enterococcus_faecium,Enterococcus faecium,14,Erythromycin,2431,0,2431,,,
0,species_multihead_no_enrichment,5,enterococcus_faecium,Enterococcus faecium,15,Fosfomycin,2,0,2,,,
0,species_multihead_no_enrichment,5,enterococcus_faecium,Enterococcus faecium,16,Fusidic acid,0,0,0,,,
0,species_multihead_no_enrichment,5,enterococcus_faecium,Enterococcus faecium,17,Gentamicin,0,0,0,,,
0,species_multihead_no_enrichment,5,enterococcus_faecium,Enterococcus faecium,18,Imipenem,2468,87,2381,0.6680835348810267,0.8916711320945995,0.2235875972135728
0,species_multihead_no_enrichment,5,enterococcus_faecium,Enterococcus faecium,19,Levofloxacin,0,0,0,,,
0,species_multihead_no_enrichment,5,enterococcus_faecium,Enterococcus faecium,20,Linezolid,2447,2375,72,0.545093567251462,0.6230526315789474,0.07795906432748545
0,species_multihead_no_enrichment,5,enterococcus_faecium,Enterococcus faecium,21,Meropenem,22,0,22,,,
0,species_multihead_no_enrichment,5,enterococcus_faecium,Enterococcus faecium,22,Micafungin,0,0,0,,,
0,species_multihead_no_enrichment,5,enterococcus_faecium,Enterococcus faecium,23,Moxifloxacin,3,0,3,,,
0,species_multihead_no_enrichment,5,enterococcus_faecium,Enterococcus faecium,24,Mupirocin,0,0,0,,,
0,species_multihead_no_enrichment,5,enterococcus_faecium,Enterococcus faecium,25,Nitrofurantoin,0,0,0,,,
0,species_multihead_no_enrichment,5,enterococcus_faecium,Enterococcus faecium,26,Oxacillin,0,0,0,,,
0,species_multihead_no_enrichment,5,enterococcus_faecium,Enterococcus faecium,27,Piperacillin,0,0,0,,,
0,species_multihead_no_enrichment,5,enterococcus_faecium,Enterococcus faecium,28,Piperacillin-Tazobactam,23,1,22,0.5909090909090908,0.8181818181818182,0.2272727272727274
0,species_multihead_no_enrichment,5,enterococcus_faecium,Enterococcus faecium,29,Rifampicin,0,0,0,,,
0,species_multihead_no_enrichment,5,enterococcus_faecium,Enterococcus faecium,30,Teicoplanin,138,87,51,0.5214108631958531,0.3315303132747352,-0.18988054992111786
0,species_multihead_no_enrichment,5,enterococcus_faecium,Enterococcus faecium,31,Tetracycline,0,0,0,,,
0,species_multihead_no_enrichment,5,enterococcus_faecium,Enterococcus faecium,32,Tigecycline,2430,2429,1,0.5872787155207905,0.35199670646356523,-0.23528200905722524
0,species_multihead_no_enrichment,5,enterococcus_faecium,Enterococcus faecium,33,Tobramycin,0,0,0,,,
0,species_multihead_no_enrichment,5,enterococcus_faecium,Enterococcus faecium,34,Vancomycin,2469,1346,1123,0.5655413156491514,0.8403458550713899,0.2748045394222385
0,species_multihead_no_enrichment,5,enterococcus_faecium,Enterococcus faecium,35,Voriconazole,0,0,0,,,
0,species_multihead_no_enrichment,6,escherichia_coli,Escherichia coli,0,Amikacin,4,3,1,0.0,1.0,1.0
0,species_multihead_no_enrichment,6,escherichia_coli,Escherichia coli,1,Ampicillin,9493,4402,5091,0.5336821239180668,0.6351092979200629,0.10142717400199608
0,species_multihead_no_enrichment,6,escherichia_coli,Escherichia coli,2,Azithromycin,0,0,0,,,
0,species_multihead_no_enrichment,6,escherichia_coli,Escherichia coli,3,Caspofungin,0,0,0,,,
0,species_multihead_no_enrichment,6,escherichia_coli,Escherichia coli,4,Cefepime,4,1,3,0.0,1.0,1.0
0,species_multihead_no_enrichment,6,escherichia_coli,Escherichia coli,5,Ceftazidime,9497,7678,1819,0.5319969910388462,0.7457475439777028,0.2137505529388566
0,species_multihead_no_enrichment,6,escherichia_coli,Escherichia coli,6,Ceftazidime-Avibactam,1,1,0,,,
0,species_multihead_no_enrichment,6,escherichia_coli,Escherichia coli,7,Ceftolozane-Tazobactam,0,0,0,,,
0,species_multihead_no_enrichment,6,escherichia_coli,Escherichia coli,8,Ceftriaxone,4182,3235,947,0.5260771426566282,0.8440835698512671,0.3180064271946389
0,species_multihead_no_enrichment,6,escherichia_coli,Escherichia coli,9,Ciprofloxacin,9490,7412,2078,0.5617492924358025,0.7084299541310374,0.14668066169523486
0,species_multihead_no_enrichment,6,escherichia_coli,Escherichia coli,10,Clarithromycin,0,0,0,,,
0,species_multihead_no_enrichment,6,escherichia_coli,Escherichia coli,11,Clindamycin,1,1,0,,,
0,species_multihead_no_enrichment,6,escherichia_coli,Escherichia coli,12,Cotrimoxazole,9492,6929,2563,0.5522876900857239,0.5944707725259948,0.042183082440270914
0,species_multihead_no_enrichment,6,escherichia_coli,Escherichia coli,13,Ertapenem,600,594,6,0.851851851851852,0.3705106621773288,-0.48134118967452316
0,species_multihead_no_enrichment,6,escherichia_coli,Escherichia coli,14,Erythromycin,1,1,0,,,
0,species_multihead_no_enrichment,6,escherichia_coli,Escherichia coli,15,Fosfomycin,2795,2757,38,0.5395739075654316,0.5536481301185499,0.014074222553118299
0,species_multihead_no_enrichment,6,escherichia_coli,Escherichia coli,16,Fusidic acid,0,0,0,,,
0,species_multihead_no_enrichment,6,escherichia_coli,Escherichia coli,17,Gentamicin,9358,3127,6231,0.5201458484319995,0.7826563459665064,0.26251049753450684
0,species_multihead_no_enrichment,6,escherichia_coli,Escherichia coli,18,Imipenem,9493,9470,23,0.5145723336853221,0.47128460584913456,-0.043287727836187506
0,species_multihead_no_enrichment,6,escherichia_coli,Escherichia coli,19,Levofloxacin,1,1,0,,,
0,species_multihead_no_enrichment,6,escherichia_coli,Escherichia coli,20,Linezolid,1,1,0,,,
0,species_multihead_no_enrichment,6,escherichia_coli,Escherichia coli,21,Meropenem,9495,9474,21,0.5180066749097781,0.6349884898016627,0.11698181489188453
0,species_multihead_no_enrichment,6,escherichia_coli,Escherichia coli,22,Micafungin,0,0,0,,,
0,species_multihead_no_enrichment,6,escherichia_coli,Escherichia coli,23,Moxifloxacin,4342,2868,1474,0.5479853963351746,0.7320284513151247,0.1840430549799501
0,species_multihead_no_enrichment,6,escherichia_coli,Escherichia coli,24,Mupirocin,0,0,0,,,
0,species_multihead_no_enrichment,6,escherichia_coli,Escherichia coli,25,Nitrofurantoin,5147,5068,79,0.533467625108649,0.5727236170361565,0.039255991927507505
0,species_multihead_no_enrichment,6,escherichia_coli,Escherichia coli,26,Oxacillin,1,1,0,,,
0,species_multihead_no_enrichment,6,escherichia_coli,Escherichia coli,27,Piperacillin,6,2,4,0.4375,0.625,0.1875
0,species_multihead_no_enrichment,6,escherichia_coli,Escherichia coli,28,Piperacillin-Tazobactam,9442,7275,2167,0.5242741085035291,0.7163612576653551,0.192087149161826
0,species_multihead_no_enrichment,6,escherichia_coli,Escherichia coli,29,Rifampicin,1,1,0,,,
0,species_multihead_no_enrichment,6,escherichia_coli,Escherichia coli,30,Teicoplanin,0,0,0,,,
0,species_multihead_no_enrichment,6,escherichia_coli,Escherichia coli,31,Tetracycline,1,0,1,,,
0,species_multihead_no_enrichment,6,escherichia_coli,Escherichia coli,32,Tigecycline,5,4,1,0.0,1.0,1.0
0,species_multihead_no_enrichment,6,escherichia_coli,Escherichia coli,33,Tobramycin,4,3,1,0.0,0.6666666666666667,0.6666666666666667
0,species_multihead_no_enrichment,6,escherichia_coli,Escherichia coli,34,Vancomycin,1,1,0,,,
0,species_multihead_no_enrichment,6,escherichia_coli,Escherichia coli,35,Voriconazole,0,0,0,,,
0,species_multihead_no_enrichment,7,haemophilus_influenzae,Haemophilus influenzae,0,Amikacin,0,0,0,,,
0,species_multihead_no_enrichment,7,haemophilus_influenzae,Haemophilus influenzae,1,Ampicillin,179,136,43,0.5525820793433652,0.5455711354309165,-0.007010943912448719
0,species_multihead_no_enrichment,7,haemophilus_influenzae,Haemophilus influenzae,2,Azithromycin,0,0,0,,,
0,species_multihead_no_enrichment,7,haemophilus_influenzae,Haemophilus influenzae,3,Caspofungin,0,0,0,,,
0,species_multihead_no_enrichment,7,haemophilus_influenzae,Haemophilus influenzae,4,Cefepime,0,0,0,,,
0,species_multihead_no_enrichment,7,haemophilus_influenzae,Haemophilus influenzae,5,Ceftazidime,0,0,0,,,
0,species_multihead_no_enrichment,7,haemophilus_influenzae,Haemophilus influenzae,6,Ceftazidime-Avibactam,0,0,0,,,
0,species_multihead_no_enrichment,7,haemophilus_influenzae,Haemophilus influenzae,7,Ceftolozane-Tazobactam,0,0,0,,,
0,species_multihead_no_enrichment,7,haemophilus_influenzae,Haemophilus influenzae,8,Ceftriaxone,2,2,0,,,
0,species_multihead_no_enrichment,7,haemophilus_influenzae,Haemophilus influenzae,9,Ciprofloxacin,180,175,5,0.5,0.5342857142857144,0.034285714285714364
0,species_multihead_no_enrichment,7,haemophilus_influenzae,Haemophilus influenzae,10,Clarithromycin,0,0,0,,,
0,species_multihead_no_enrichment,7,haemophilus_influenzae,Haemophilus influenzae,11,Clindamycin,0,0,0,,,
0,species_multihead_no_enrichment,7,haemophilus_influenzae,Haemophilus influenzae,12,Cotrimoxazole,178,149,29,0.6584124045359872,0.4673686646609581,-0.19104373987502904
0,species_multihead_no_enrichment,7,haemophilus_influenzae,Haemophilus influenzae,13,Ertapenem,0,0,0,,,
0,species_multihead_no_enrichment,7,haemophilus_influenzae,Haemophilus influenzae,14,Erythromycin,0,0,0,,,
0,species_multihead_no_enrichment,7,haemophilus_influenzae,Haemophilus influenzae,15,Fosfomycin,0,0,0,,,
0,species_multihead_no_enrichment,7,haemophilus_influenzae,Haemophilus influenzae,16,Fusidic acid,0,0,0,,,
0,species_multihead_no_enrichment,7,haemophilus_influenzae,Haemophilus influenzae,17,Gentamicin,0,0,0,,,
0,species_multihead_no_enrichment,7,haemophilus_influenzae,Haemophilus influenzae,18,Imipenem,0,0,0,,,
0,species_multihead_no_enrichment,7,haemophilus_influenzae,Haemophilus influenzae,19,Levofloxacin,178,174,4,0.4066091954022989,0.7543103448275863,0.3477011494252874
0,species_multihead_no_enrichment,7,haemophilus_influenzae,Haemophilus influenzae,20,Linezolid,0,0,0,,,
0,species_multihead_no_enrichment,7,haemophilus_influenzae,Haemophilus influenzae,21,Meropenem,0,0,0,,,
0,species_multihead_no_enrichment,7,haemophilus_influenzae,Haemophilus influenzae,22,Micafungin,0,0,0,,,
0,species_multihead_no_enrichment,7,haemophilus_influenzae,Haemophilus influenzae,23,Moxifloxacin,179,175,4,0.44285714285714284,0.6671428571428571,0.2242857142857143
0,species_multihead_no_enrichment,7,haemophilus_influenzae,Haemophilus influenzae,24,Mupirocin,0,0,0,,,
0,species_multihead_no_enrichment,7,haemophilus_influenzae,Haemophilus influenzae,25,Nitrofurantoin,0,0,0,,,
0,species_multihead_no_enrichment,7,haemophilus_influenzae,Haemophilus influenzae,26,Oxacillin,0,0,0,,,
0,species_multihead_no_enrichment,7,haemophilus_influenzae,Haemophilus influenzae,27,Piperacillin,0,0,0,,,
0,species_multihead_no_enrichment,7,haemophilus_influenzae,Haemophilus influenzae,28,Piperacillin-Tazobactam,0,0,0,,,
0,species_multihead_no_enrichment,7,haemophilus_influenzae,Haemophilus influenzae,29,Rifampicin,0,0,0,,,
0,species_multihead_no_enrichment,7,haemophilus_influenzae,Haemophilus influenzae,30,Teicoplanin,0,0,0,,,
0,species_multihead_no_enrichment,7,haemophilus_influenzae,Haemophilus influenzae,31,Tetracycline,0,0,0,,,
0,species_multihead_no_enrichment,7,haemophilus_influenzae,Haemophilus influenzae,32,Tigecycline,0,0,0,,,
0,species_multihead_no_enrichment,7,haemophilus_influenzae,Haemophilus influenzae,33,Tobramycin,0,0,0,,,
0,species_multihead_no_enrichment,7,haemophilus_influenzae,Haemophilus influenzae,34,Vancomycin,0,0,0,,,
0,species_multihead_no_enrichment,7,haemophilus_influenzae,Haemophilus influenzae,35,Voriconazole,0,0,0,,,
0,species_multihead_no_enrichment,8,klebsiella_oxytoca,Klebsiella oxytoca,0,Amikacin,1,1,0,,,
0,species_multihead_no_enrichment,8,klebsiella_oxytoca,Klebsiella oxytoca,1,Ampicillin,1273,6,1267,0.5,0.7694027887398054,0.2694027887398054
0,species_multihead_no_enrichment,8,klebsiella_oxytoca,Klebsiella oxytoca,2,Azithromycin,0,0,0,,,
0,species_multihead_no_enrichment,8,klebsiella_oxytoca,Klebsiella oxytoca,3,Caspofungin,0,0,0,,,
0,species_multihead_no_enrichment,8,klebsiella_oxytoca,Klebsiella oxytoca,4,Cefepime,1,1,0,,,
0,species_multihead_no_enrichment,8,klebsiella_oxytoca,Klebsiella oxytoca,5,Ceftazidime,1274,1244,30,0.5622186495176849,0.6766345123258306,0.11441586280814575
0,species_multihead_no_enrichment,8,klebsiella_oxytoca,Klebsiella oxytoca,6,Ceftazidime-Avibactam,0,0,0,,,
0,species_multihead_no_enrichment,8,klebsiella_oxytoca,Klebsiella oxytoca,7,Ceftolozane-Tazobactam,0,0,0,,,
0,species_multihead_no_enrichment,8,klebsiella_oxytoca,Klebsiella oxytoca,8,Ceftriaxone,904,872,32,0.4931730217889908,0.665352637614679,0.1721796158256882
0,species_multihead_no_enrichment,8,klebsiella_oxytoca,Klebsiella oxytoca,9,Ciprofloxacin,1274,1240,34,0.540488614800759,0.6134131878557875,0.07292457305502842
0,species_multihead_no_enrichment,8,klebsiella_oxytoca,Klebsiella oxytoca,10,Clarithromycin,0,0,0,,,
0,species_multihead_no_enrichment,8,klebsiella_oxytoca,Klebsiella oxytoca,11,Clindamycin,0,0,0,,,
0,species_multihead_no_enrichment,8,klebsiella_oxytoca,Klebsiella oxytoca,12,Cotrimoxazole,1274,1250,24,0.5307166666666667,0.59075,0.06003333333333327
0,species_multihead_no_enrichment,8,klebsiella_oxytoca,Klebsiella oxytoca,13,Ertapenem,11,11,0,,,
0,species_multihead_no_enrichment,8,klebsiella_oxytoca,Klebsiella oxytoca,14,Erythromycin,0,0,0,,,
0,species_multihead_no_enrichment,8,klebsiella_oxytoca,Klebsiella oxytoca,15,Fosfomycin,268,195,73,0.5712328767123287,0.4735862311204777,-0.09764664559185099
0,species_multihead_no_enrichment,8,klebsiella_oxytoca,Klebsiella oxytoca,16,Fusidic acid,0,0,0,,,
0,species_multihead_no_enrichment,8,klebsiella_oxytoca,Klebsiella oxytoca,17,Gentamicin,1258,482,776,0.5665638234161783,0.7278013645891261,0.16123754117294786
0,species_multihead_no_enrichment,8,klebsiella_oxytoca,Klebsiella oxytoca,18,Imipenem,1273,1272,1,0.027515723270440273,0.07468553459119498,0.047169811320754707
0,species_multihead_no_enrichment,8,klebsiella_oxytoca,Klebsiella oxytoca,19,Levofloxacin,0,0,0,,,
0,species_multihead_no_enrichment,8,klebsiella_oxytoca,Klebsiella oxytoca,20,Linezolid,0,0,0,,,
0,species_multihead_no_enrichment,8,klebsiella_oxytoca,Klebsiella oxytoca,21,Meropenem,1273,1272,1,0.7252358490566038,0.9937106918238994,0.2684748427672956
0,species_multihead_no_enrichment,8,klebsiella_oxytoca,Klebsiella oxytoca,22,Micafungin,0,0,0,,,
0,species_multihead_no_enrichment,8,klebsiella_oxytoca,Klebsiella oxytoca,23,Moxifloxacin,940,858,82,0.5067300585593268,0.6259522997327875,0.1192222411734607
0,species_multihead_no_enrichment,8,klebsiella_oxytoca,Klebsiella oxytoca,24,Mupirocin,0,0,0,,,
0,species_multihead_no_enrichment,8,klebsiella_oxytoca,Klebsiella oxytoca,25,Nitrofurantoin,0,0,0,,,
0,species_multihead_no_enrichment,8,klebsiella_oxytoca,Klebsiella oxytoca,26,Oxacillin,0,0,0,,,
0,species_multihead_no_enrichment,8,klebsiella_oxytoca,Klebsiella oxytoca,27,Piperacillin,1,0,1,,,
0,species_multihead_no_enrichment,8,klebsiella_oxytoca,Klebsiella oxytoca,28,Piperacillin-Tazobactam,1274,962,312,0.510683205394744,0.6852394184124952,0.17455621301775126
0,species_multihead_no_enrichment,8,klebsiella_oxytoca,Klebsiella oxytoca,29,Rifampicin,0,0,0,,,
0,species_multihead_no_enrichment,8,klebsiella_oxytoca,Klebsiella oxytoca,30,Teicoplanin,0,0,0,,,
0,species_multihead_no_enrichment,8,klebsiella_oxytoca,Klebsiella oxytoca,31,Tetracycline,0,0,0,,,
0,species_multihead_no_enrichment,8,klebsiella_oxytoca,Klebsiella oxytoca,32,Tigecycline,0,0,0,,,
0,species_multihead_no_enrichment,8,klebsiella_oxytoca,Klebsiella oxytoca,33,Tobramycin,1,1,0,,,
0,species_multihead_no_enrichment,8,klebsiella_oxytoca,Klebsiella oxytoca,34,Vancomycin,0,0,0,,,
0,species_multihead_no_enrichment,8,klebsiella_oxytoca,Klebsiella oxytoca,35,Voriconazole,0,0,0,,,
0,species_multihead_no_enrichment,9,klebsiella_pneumoniae,Klebsiella pneumoniae,0,Amikacin,0,0,0,,,
0,species_multihead_no_enrichment,9,klebsiella_pneumoniae,Klebsiella pneumoniae,1,Ampicillin,3241,7,3234,0.5487012987012987,0.8642547928262214,0.31555349412492273
0,species_multihead_no_enrichment,9,klebsiella_pneumoniae,Klebsiella pneumoniae,2,Azithromycin,0,0,0,,,
0,species_multihead_no_enrichment,9,klebsiella_pneumoniae,Klebsiella pneumoniae,3,Caspofungin,0,0,0,,,
0,species_multihead_no_enrichment,9,klebsiella_pneumoniae,Klebsiella pneumoniae,4,Cefepime,0,0,0,,,
0,species_multihead_no_enrichment,9,klebsiella_pneumoniae,Klebsiella pneumoniae,5,Ceftazidime,3239,2440,799,0.5407940766121586,0.8376356716387288,0.29684159502657015
0,species_multihead_no_enrichment,9,klebsiella_pneumoniae,Klebsiella pneumoniae,6,Ceftazidime-Avibactam,8,6,2,0.5833333333333334,1.0,0.41666666666666663
0,species_multihead_no_enrichment,9,klebsiella_pneumoniae,Klebsiella pneumoniae,7,Ceftolozane-Tazobactam,4,0,4,,,
0,species_multihead_no_enrichment,9,klebsiella_pneumoniae,Klebsiella pneumoniae,8,Ceftriaxone,2113,1546,567,0.5734529114218635,0.8929261609296106,0.31947324950774714
0,species_multihead_no_enrichment,9,klebsiella_pneumoniae,Klebsiella pneumoniae,9,Ciprofloxacin,3239,2645,594,0.5989475727660982,0.8067305060688803,0.20778293330278208
0,species_multihead_no_enrichment,9,klebsiella_pneumoniae,Klebsiella pneumoniae,10,Clarithromycin,0,0,0,,,
0,species_multihead_no_enrichment,9,klebsiella_pneumoniae,Klebsiella pneumoniae,11,Clindamycin,0,0,0,,,
0,species_multihead_no_enrichment,9,klebsiella_pneumoniae,Klebsiella pneumoniae,12,Cotrimoxazole,3237,2647,590,0.5745298483092468,0.7874674239465209,0.2129375756372741
0,species_multihead_no_enrichment,9,klebsiella_pneumoniae,Klebsiella pneumoniae,13,Ertapenem,207,187,20,0.7290106951871658,0.8276737967914439,0.09866310160427816
0,species_multihead_no_enrichment,9,klebsiella_pneumoniae,Klebsiella pneumoniae,14,Erythromycin,0,0,0,,,
0,species_multihead_no_enrichment,9,klebsiella_pneumoniae,Klebsiella pneumoniae,15,Fosfomycin,862,611,251,0.48090127216176226,0.5136410169469422,0.032739744785179936
0,species_multihead_no_enrichment,9,klebsiella_pneumoniae,Klebsiella pneumoniae,16,Fusidic acid,0,0,0,,,
0,species_multihead_no_enrichment,9,klebsiella_pneumoniae,Klebsiella pneumoniae,17,Gentamicin,3210,1207,2003,0.5216520703617317,0.7029069072447666,0.1812548368830349
0,species_multihead_no_enrichment,9,klebsiella_pneumoniae,Klebsiella pneumoniae,18,Imipenem,3237,2989,248,0.7114264399572626,0.9414688535382424,0.23004241358097977
0,species_multihead_no_enrichment,9,klebsiella_pneumoniae,Klebsiella pneumoniae,19,Levofloxacin,0,0,0,,,
0,species_multihead_no_enrichment,9,klebsiella_pneumoniae,Klebsiella pneumoniae,20,Linezolid,0,0,0,,,
0,species_multihead_no_enrichment,9,klebsiella_pneumoniae,Klebsiella pneumoniae,21,Meropenem,3239,2990,249,0.7069421498703846,0.9429027145370781,0.23596056466669346
0,species_multihead_no_enrichment,9,klebsiella_pneumoniae,Klebsiella pneumoniae,22,Micafungin,0,0,0,,,
0,species_multihead_no_enrichment,9,klebsiella_pneumoniae,Klebsiella pneumoniae,23,Moxifloxacin,2134,1484,650,0.5872703711382957,0.7912487041260625,0.2039783329877668
0,species_multihead_no_enrichment,9,klebsiella_pneumoniae,Klebsiella pneumoniae,24,Mupirocin,0,0,0,,,
0,species_multihead_no_enrichment,9,klebsiella_pneumoniae,Klebsiella pneumoniae,25,Nitrofurantoin,0,0,0,,,
0,species_multihead_no_enrichment,9,klebsiella_pneumoniae,Klebsiella pneumoniae,26,Oxacillin,0,0,0,,,
0,species_multihead_no_enrichment,9,klebsiella_pneumoniae,Klebsiella pneumoniae,27,Piperacillin,0,0,0,,,
0,species_multihead_no_enrichment,9,klebsiella_pneumoniae,Klebsiella pneumoniae,28,Piperacillin-Tazobactam,3232,2140,1092,0.5536888928828181,0.7876285902570949,0.23393969737427678
0,species_multihead_no_enrichment,9,klebsiella_pneumoniae,Klebsiella pneumoniae,29,Rifampicin,0,0,0,,,
0,species_multihead_no_enrichment,9,klebsiella_pneumoniae,Klebsiella pneumoniae,30,Teicoplanin,0,0,0,,,
0,species_multihead_no_enrichment,9,klebsiella_pneumoniae,Klebsiella pneumoniae,31,Tetracycline,0,0,0,,,
0,species_multihead_no_enrichment,9,klebsiella_pneumoniae,Klebsiella pneumoniae,32,Tigecycline,0,0,0,,,
0,species_multihead_no_enrichment,9,klebsiella_pneumoniae,Klebsiella pneumoniae,33,Tobramycin,0,0,0,,,
0,species_multihead_no_enrichment,9,klebsiella_pneumoniae,Klebsiella pneumoniae,34,Vancomycin,0,0,0,,,
0,species_multihead_no_enrichment,9,klebsiella_pneumoniae,Klebsiella pneumoniae,35,Voriconazole,0,0,0,,,
0,species_multihead_no_enrichment,10,morganella_morganii,Morganella morganii,0,Amikacin,1,0,1,,,
0,species_multihead_no_enrichment,10,morganella_morganii,Morganella morganii,1,Ampicillin,421,0,421,,,
0,species_multihead_no_enrichment,10,morganella_morganii,Morganella morganii,2,Azithromycin,0,0,0,,,
0,species_multihead_no_enrichment,10,morganella_morganii,Morganella morganii,3,Caspofungin,0,0,0,,,
0,species_multihead_no_enrichment,10,morganella_morganii,Morganella morganii,4,Cefepime,1,0,1,,,
0,species_multihead_no_enrichment,10,morganella_morganii,Morganella morganii,5,Ceftazidime,423,320,103,0.5415958737864078,0.5831007281553398,0.04150485436893192
0,species_multihead_no_enrichment,10,morganella_morganii,Morganella morganii,6,Ceftazidime-Avibactam,0,0,0,,,
0,species_multihead_no_enrichment,10,morganella_morganii,Morganella morganii,7,Ceftolozane-Tazobactam,0,0,0,,,
0,species_multihead_no_enrichment,10,morganella_morganii,Morganella morganii,8,Ceftriaxone,273,205,68,0.5696915351506456,0.6493185078909612,0.0796269727403156
0,species_multihead_no_enrichment,10,morganella_morganii,Morganella morganii,9,Ciprofloxacin,423,384,39,0.6044003739316239,0.5147903311965812,-0.0896100427350427
0,species_multihead_no_enrichment,10,morganella_morganii,Morganella morganii,10,Clarithromycin,0,0,0,,,
0,species_multihead_no_enrichment,10,morganella_morganii,Morganella morganii,11,Clindamycin,0,0,0,,,
0,species_multihead_no_enrichment,10,morganella_morganii,Morganella morganii,12,Cotrimoxazole,423,390,33,0.5264957264957265,0.5102564102564102,-0.016239316239316293
0,species_multihead_no_enrichment,10,morganella_morganii,Morganella morganii,13,Ertapenem,2,2,0,,,
0,species_multihead_no_enrichment,10,morganella_morganii,Morganella morganii,14,Erythromycin,0,0,0,,,
0,species_multihead_no_enrichment,10,morganella_morganii,Morganella morganii,15,Fosfomycin,115,0,115,,,
0,species_multihead_no_enrichment,10,morganella_morganii,Morganella morganii,16,Fusidic acid,0,0,0,,,
0,species_multihead_no_enrichment,10,morganella_morganii,Morganella morganii,17,Gentamicin,419,146,273,0.5535024336394199,0.7169827889005971,0.1634803552611772
0,species_multihead_no_enrichment,10,morganella_morganii,Morganella morganii,18,Imipenem,413,2,411,0.9647201946472019,0.03345498783454988,-0.931265206812652
0,species_multihead_no_enrichment,10,morganella_morganii,Morganella morganii,19,Levofloxacin,0,0,0,,,
0,species_multihead_no_enrichment,10,morganella_morganii,Morganella morganii,20,Linezolid,0,0,0,,,
0,species_multihead_no_enrichment,10,morganella_morganii,Morganella morganii,21,Meropenem,422,419,3,0.5863166268894192,0.4490851233094669,-0.13723150357995229
0,species_multihead_no_enrichment,10,morganella_morganii,Morganella morganii,22,Micafungin,0,0,0,,,
0,species_multihead_no_enrichment,10,morganella_morganii,Morganella morganii,23,Moxifloxacin,280,207,73,0.5478790285222686,0.5846072397591159,0.03672821123684733
0,species_multihead_no_enrichment,10,morganella_morganii,Morganella morganii,24,Mupirocin,0,0,0,,,
0,species_multihead_no_enrichment,10,morganella_morganii,Morganella morganii,25,Nitrofurantoin,5,0,5,,,
0,species_multihead_no_enrichment,10,morganella_morganii,Morganella morganii,26,Oxacillin,0,0,0,,,
0,species_multihead_no_enrichment,10,morganella_morganii,Morganella morganii,27,Piperacillin,1,0,1,,,
0,species_multihead_no_enrichment,10,morganella_morganii,Morganella morganii,28,Piperacillin-Tazobactam,422,319,103,0.5283044708890039,0.5727698816081809,0.04446541071917698
0,species_multihead_no_enrichment,10,morganella_morganii,Morganella morganii,29,Rifampicin,0,0,0,,,
0,species_multihead_no_enrichment,10,morganella_morganii,Morganella morganii,30,Teicoplanin,0,0,0,,,
0,species_multihead_no_enrichment,10,morganella_morganii,Morganella morganii,31,Tetracycline,0,0,0,,,
0,species_multihead_no_enrichment,10,morganella_morganii,Morganella morganii,32,Tigecycline,0,0,0,,,
0,species_multihead_no_enrichment,10,morganella_morganii,Morganella morganii,33,Tobramycin,2,0,2,,,
0,species_multihead_no_enrichment,10,morganella_morganii,Morganella morganii,34,Vancomycin,0,0,0,,,
0,species_multihead_no_enrichment,10,morganella_morganii,Morganella morganii,35,Voriconazole,0,0,0,,,
0,species_multihead_no_enrichment,11,proteus_mirabilis,Proteus mirabilis,0,Amikacin,0,0,0,,,
0,species_multihead_no_enrichment,11,proteus_mirabilis,Proteus mirabilis,1,Ampicillin,2012,1416,596,0.49964985496530545,0.4905241629697038,-0.009125691995601648
0,species_multihead_no_enrichment,11,proteus_mirabilis,Proteus mirabilis,2,Azithromycin,0,0,0,,,
0,species_multihead_no_enrichment,11,proteus_mirabilis,Proteus mirabilis,3,Caspofungin,0,0,0,,,
0,species_multihead_no_enrichment,11,proteus_mirabilis,Proteus mirabilis,4,Cefepime,0,0,0,,,
0,species_multihead_no_enrichment,11,proteus_mirabilis,Proteus mirabilis,5,Ceftazidime,2012,1985,27,0.5997014646888702,0.6283421961003824,0.028640731411512244
0,species_multihead_no_enrichment,11,proteus_mirabilis,Proteus mirabilis,6,Ceftazidime-Avibactam,0,0,0,,,
0,species_multihead_no_enrichment,11,proteus_mirabilis,Proteus mirabilis,7,Ceftolozane-Tazobactam,0,0,0,,,
0,species_multihead_no_enrichment,11,proteus_mirabilis,Proteus mirabilis,8,Ceftriaxone,1076,1072,4,0.515508395522388,0.7311100746268657,0.2156016791044777
0,species_multihead_no_enrichment,11,proteus_mirabilis,Proteus mirabilis,9,Ciprofloxacin,2012,1742,270,0.5552089977463113,0.5404367053620784,-0.014772292384232832
0,species_multihead_no_enrichment,11,proteus_mirabilis,Proteus mirabilis,10,Clarithromycin,0,0,0,,,
0,species_multihead_no_enrichment,11,proteus_mirabilis,Proteus mirabilis,11,Clindamycin,0,0,0,,,
0,species_multihead_no_enrichment,11,proteus_mirabilis,Proteus mirabilis,12,Cotrimoxazole,2012,1347,665,0.48612734508877986,0.47066273702072553,-0.01546460806805433
0,species_multihead_no_enrichment,11,proteus_mirabilis,Proteus mirabilis,13,Ertapenem,6,6,0,,,
0,species_multihead_no_enrichment,11,proteus_mirabilis,Proteus mirabilis,14,Erythromycin,0,0,0,,,
0,species_multihead_no_enrichment,11,proteus_mirabilis,Proteus mirabilis,15,Fosfomycin,711,570,141,0.503925594127162,0.5032785865372652,-0.0006470075898967753
0,species_multihead_no_enrichment,11,proteus_mirabilis,Proteus mirabilis,16,Fusidic acid,0,0,0,,,
0,species_multihead_no_enrichment,11,proteus_mirabilis,Proteus mirabilis,17,Gentamicin,1995,702,1293,0.46406962319568656,0.682158257370941,0.21808863417525448
0,species_multihead_no_enrichment,11,proteus_mirabilis,Proteus mirabilis,18,Imipenem,1939,0,1939,,,
0,species_multihead_no_enrichment,11,proteus_mirabilis,Proteus mirabilis,19,Levofloxacin,0,0,0,,,
0,species_multihead_no_enrichment,11,proteus_mirabilis,Proteus mirabilis,20,Linezolid,0,0,0,,,
0,species_multihead_no_enrichment,11,proteus_mirabilis,Proteus mirabilis,21,Meropenem,2011,2009,2,0.653061224489796,0.800895968143355,0.14783474365355898
0,species_multihead_no_enrichment,11,proteus_mirabilis,Proteus mirabilis,22,Micafungin,0,0,0,,,
0,species_multihead_no_enrichment,11,proteus_mirabilis,Proteus mirabilis,23,Moxifloxacin,1125,469,656,0.5114719304175984,0.5460291096780904,0.034557179260491955
0,species_multihead_no_enrichment,11,proteus_mirabilis,Proteus mirabilis,24,Mupirocin,0,0,0,,,
0,species_multihead_no_enrichment,11,proteus_mirabilis,Proteus mirabilis,25,Nitrofurantoin,39,0,39,,,
0,species_multihead_no_enrichment,11,proteus_mirabilis,Proteus mirabilis,26,Oxacillin,0,0,0,,,
0,species_multihead_no_enrichment,11,proteus_mirabilis,Proteus mirabilis,27,Piperacillin,0,0,0,,,
0,species_multihead_no_enrichment,11,proteus_mirabilis,Proteus mirabilis,28,Piperacillin-Tazobactam,1997,1973,24,0.5615707889846258,0.552415948639973,-0.009154840344652748
0,species_multihead_no_enrichment,11,proteus_mirabilis,Proteus mirabilis,29,Rifampicin,0,0,0,,,
0,species_multihead_no_enrichment,11,proteus_mirabilis,Proteus mirabilis,30,Teicoplanin,0,0,0,,,
0,species_multihead_no_enrichment,11,proteus_mirabilis,Proteus mirabilis,31,Tetracycline,0,0,0,,,
0,species_multihead_no_enrichment,11,proteus_mirabilis,Proteus mirabilis,32,Tigecycline,0,0,0,,,
0,species_multihead_no_enrichment,11,proteus_mirabilis,Proteus mirabilis,33,Tobramycin,0,0,0,,,
0,species_multihead_no_enrichment,11,proteus_mirabilis,Proteus mirabilis,34,Vancomycin,0,0,0,,,
0,species_multihead_no_enrichment,11,proteus_mirabilis,Proteus mirabilis,35,Voriconazole,0,0,0,,,
0,species_multihead_no_enrichment,12,proteus_vulgaris,Proteus vulgaris,0,Amikacin,0,0,0,,,
0,species_multihead_no_enrichment,12,proteus_vulgaris,Proteus vulgaris,1,Ampicillin,380,4,376,0.5,0.13231382978723402,-0.36768617021276595
0,species_multihead_no_enrichment,12,proteus_vulgaris,Proteus vulgaris,2,Azithromycin,0,0,0,,,
0,species_multihead_no_enrichment,12,proteus_vulgaris,Proteus vulgaris,3,Caspofungin,0,0,0,,,
0,species_multihead_no_enrichment,12,proteus_vulgaris,Proteus vulgaris,4,Cefepime,0,0,0,,,
0,species_multihead_no_enrichment,12,proteus_vulgaris,Proteus vulgaris,5,Ceftazidime,379,363,16,0.3221418732782369,0.6302513774104683,0.3081095041322314
0,species_multihead_no_enrichment,12,proteus_vulgaris,Proteus vulgaris,6,Ceftazidime-Avibactam,0,0,0,,,
0,species_multihead_no_enrichment,12,proteus_vulgaris,Proteus vulgaris,7,Ceftolozane-Tazobactam,0,0,0,,,
0,species_multihead_no_enrichment,12,proteus_vulgaris,Proteus vulgaris,8,Ceftriaxone,276,274,2,0.43613138686131386,0.7390510948905109,0.30291970802919704
0,species_multihead_no_enrichment,12,proteus_vulgaris,Proteus vulgaris,9,Ciprofloxacin,380,375,5,0.5858666666666665,0.5010666666666667,-0.08479999999999988
0,species_multihead_no_enrichment,12,proteus_vulgaris,Proteus vulgaris,10,Clarithromycin,0,0,0,,,
0,species_multihead_no_enrichment,12,proteus_vulgaris,Proteus vulgaris,11,Clindamycin,0,0,0,,,
0,species_multihead_no_enrichment,12,proteus_vulgaris,Proteus vulgaris,12,Cotrimoxazole,378,336,42,0.4998582766439909,0.5128259637188208,0.012967687074829926
0,species_multihead_no_enrichment,12,proteus_vulgaris,Proteus vulgaris,13,Ertapenem,6,6,0,,,
0,species_multihead_no_enrichment,12,proteus_vulgaris,Proteus vulgaris,14,Erythromycin,0,0,0,,,
0,species_multihead_no_enrichment,12,proteus_vulgaris,Proteus vulgaris,15,Fosfomycin,64,61,3,0.448087431693989,0.5601092896174863,0.11202185792349728
0,species_multihead_no_enrichment,12,proteus_vulgaris,Proteus vulgaris,16,Fusidic acid,0,0,0,,,
0,species_multihead_no_enrichment,12,proteus_vulgaris,Proteus vulgaris,17,Gentamicin,379,145,234,0.47166224580017685,0.6664161508989095,0.19475390509873264
0,species_multihead_no_enrichment,12,proteus_vulgaris,Proteus vulgaris,18,Imipenem,369,0,369,,,
0,species_multihead_no_enrichment,12,proteus_vulgaris,Proteus vulgaris,19,Levofloxacin,0,0,0,,,
0,species_multihead_no_enrichment,12,proteus_vulgaris,Proteus vulgaris,20,Linezolid,0,0,0,,,
0,species_multihead_no_enrichment,12,proteus_vulgaris,Proteus vulgaris,21,Meropenem,379,379,0,,,
0,species_multihead_no_enrichment,12,proteus_vulgaris,Proteus vulgaris,22,Micafungin,0,0,0,,,
0,species_multihead_no_enrichment,12,proteus_vulgaris,Proteus vulgaris,23,Moxifloxacin,300,141,159,0.5398768901378295,0.5333199518265757,-0.006556938311253813
0,species_multihead_no_enrichment,12,proteus_vulgaris,Proteus vulgaris,24,Mupirocin,0,0,0,,,
0,species_multihead_no_enrichment,12,proteus_vulgaris,Proteus vulgaris,25,Nitrofurantoin,5,0,5,,,
0,species_multihead_no_enrichment,12,proteus_vulgaris,Proteus vulgaris,26,Oxacillin,0,0,0,,,
0,species_multihead_no_enrichment,12,proteus_vulgaris,Proteus vulgaris,27,Piperacillin,0,0,0,,,
0,species_multihead_no_enrichment,12,proteus_vulgaris,Proteus vulgaris,28,Piperacillin-Tazobactam,377,369,8,0.20189701897018972,0.6536246612466126,0.4517276422764228
0,species_multihead_no_enrichment,12,proteus_vulgaris,Proteus vulgaris,29,Rifampicin,0,0,0,,,
0,species_multihead_no_enrichment,12,proteus_vulgaris,Proteus vulgaris,30,Teicoplanin,0,0,0,,,
0,species_multihead_no_enrichment,12,proteus_vulgaris,Proteus vulgaris,31,Tetracycline,0,0,0,,,
0,species_multihead_no_enrichment,12,proteus_vulgaris,Proteus vulgaris,32,Tigecycline,0,0,0,,,
0,species_multihead_no_enrichment,12,proteus_vulgaris,Proteus vulgaris,33,Tobramycin,0,0,0,,,
0,species_multihead_no_enrichment,12,proteus_vulgaris,Proteus vulgaris,34,Vancomycin,0,0,0,,,
0,species_multihead_no_enrichment,12,proteus_vulgaris,Proteus vulgaris,35,Voriconazole,0,0,0,,,
0,species_multihead_no_enrichment,13,pseudomonas_aeruginosa,Pseudomonas aeruginosa,0,Amikacin,3237,1217,2020,0.47904154836190277,0.9502619653912803,0.4712204170293775
0,species_multihead_no_enrichment,13,pseudomonas_aeruginosa,Pseudomonas aeruginosa,1,Ampicillin,165,0,165,,,
0,species_multihead_no_enrichment,13,pseudomonas_aeruginosa,Pseudomonas aeruginosa,2,Azithromycin,0,0,0,,,
0,species_multihead_no_enrichment,13,pseudomonas_aeruginosa,Pseudomonas aeruginosa,3,Caspofungin,0,0,0,,,
0,species_multihead_no_enrichment,13,pseudomonas_aeruginosa,Pseudomonas aeruginosa,4,Cefepime,3262,1,3261,0.5318920576510273,0.37457835019932534,-0.15731370745170198
0,species_multihead_no_enrichment,13,pseudomonas_aeruginosa,Pseudomonas aeruginosa,5,Ceftazidime,3409,1,3408,0.6688673708920188,0.42943075117370894,-0.23943661971830982
0,species_multihead_no_enrichment,13,pseudomonas_aeruginosa,Pseudomonas aeruginosa,6,Ceftazidime-Avibactam,110,83,27,0.4892904953145917,0.49486836233824183,0.0055778670236501515
0,species_multihead_no_enrichment,13,pseudomonas_aeruginosa,Pseudomonas aeruginosa,7,Ceftolozane-Tazobactam,68,57,11,0.5159489633173844,0.5015948963317385,-0.014354066985645897
0,species_multihead_no_enrichment,13,pseudomonas_aeruginosa,Pseudomonas aeruginosa,8,Ceftriaxone,0,0,0,,,
0,species_multihead_no_enrichment,13,pseudomonas_aeruginosa,Pseudomonas aeruginosa,9,Ciprofloxacin,3409,1,3408,0.25997652582159625,0.749706572769953,0.48973004694835676
0,species_multihead_no_enrichment,13,pseudomonas_aeruginosa,Pseudomonas aeruginosa,10,Clarithromycin,0,0,0,,,
0,species_multihead_no_enrichment,13,pseudomonas_aeruginosa,Pseudomonas aeruginosa,11,Clindamycin,0,0,0,,,
0,species_multihead_no_enrichment,13,pseudomonas_aeruginosa,Pseudomonas aeruginosa,12,Cotrimoxazole,3406,0,3406,,,
0,species_multihead_no_enrichment,13,pseudomonas_aeruginosa,Pseudomonas aeruginosa,13,Ertapenem,0,0,0,,,
0,species_multihead_no_enrichment,13,pseudomonas_aeruginosa,Pseudomonas aeruginosa,14,Erythromycin,0,0,0,,,
0,species_multihead_no_enrichment,13,pseudomonas_aeruginosa,Pseudomonas aeruginosa,15,Fosfomycin,0,0,0,,,
0,species_multihead_no_enrichment,13,pseudomonas_aeruginosa,Pseudomonas aeruginosa,16,Fusidic acid,0,0,0,,,
0,species_multihead_no_enrichment,13,pseudomonas_aeruginosa,Pseudomonas aeruginosa,17,Gentamicin,2096,0,2096,,,
0,species_multihead_no_enrichment,13,pseudomonas_aeruginosa,Pseudomonas aeruginosa,18,Imipenem,3395,1,3394,0.23674130819092515,0.45359457866823805,0.2168532704773129
0,species_multihead_no_enrichment,13,pseudomonas_aeruginosa,Pseudomonas aeruginosa,19,Levofloxacin,0,0,0,,,
0,species_multihead_no_enrichment,13,pseudomonas_aeruginosa,Pseudomonas aeruginosa,20,Linezolid,1,1,0,,,
0,species_multihead_no_enrichment,13,pseudomonas_aeruginosa,Pseudomonas aeruginosa,21,Meropenem,3403,2469,934,0.5119906541326581,0.5329624821013978,0.020971827968739754
0,species_multihead_no_enrichment,13,pseudomonas_aeruginosa,Pseudomonas aeruginosa,22,Micafungin,0,0,0,,,
0,species_multihead_no_enrichment,13,pseudomonas_aeruginosa,Pseudomonas aeruginosa,23,Moxifloxacin,179,0,179,,,
0,species_multihead_no_enrichment,13,pseudomonas_aeruginosa,Pseudomonas aeruginosa,24,Mupirocin,0,0,0,,,
0,species_multihead_no_enrichment,13,pseudomonas_aeruginosa,Pseudomonas aeruginosa,25,Nitrofurantoin,159,0,159,,,
0,species_multihead_no_enrichment,13,pseudomonas_aeruginosa,Pseudomonas aeruginosa,26,Oxacillin,0,0,0,,,
0,species_multihead_no_enrichment,13,pseudomonas_aeruginosa,Pseudomonas aeruginosa,27,Piperacillin,3234,0,3234,,,
0,species_multihead_no_enrichment,13,pseudomonas_aeruginosa,Pseudomonas aeruginosa,28,Piperacillin-Tazobactam,3379,0,3379,,,
0,species_multihead_no_enrichment,13,pseudomonas_aeruginosa,Pseudomonas aeruginosa,29,Rifampicin,0,0,0,,,
0,species_multihead_no_enrichment,13,pseudomonas_aeruginosa,Pseudomonas aeruginosa,30,Teicoplanin,0,0,0,,,
0,species_multihead_no_enrichment,13,pseudomonas_aeruginosa,Pseudomonas aeruginosa,31,Tetracycline,0,0,0,,,
0,species_multihead_no_enrichment,13,pseudomonas_aeruginosa,Pseudomonas aeruginosa,32,Tigecycline,2,1,1,0.5,0.0,-0.5
0,species_multihead_no_enrichment,13,pseudomonas_aeruginosa,Pseudomonas aeruginosa,33,Tobramycin,3246,1218,2028,0.45230970032031037,0.9491286601697742,0.4968189598494638
0,species_multihead_no_enrichment,13,pseudomonas_aeruginosa,Pseudomonas aeruginosa,34,Vancomycin,1,0,1,,,
0,species_multihead_no_enrichment,13,pseudomonas_aeruginosa,Pseudomonas aeruginosa,35,Voriconazole,0,0,0,,,
0,species_multihead_no_enrichment,14,serratia_marcescens,Serratia marcescens,0,Amikacin,1,1,0,,,
0,species_multihead_no_enrichment,14,serratia_marcescens,Serratia marcescens,1,Ampicillin,832,5,827,0.5,0.6633615477629988,0.16336154776299883
0,species_multihead_no_enrichment,14,serratia_marcescens,Serratia marcescens,2,Azithromycin,0,0,0,,,
0,species_multihead_no_enrichment,14,serratia_marcescens,Serratia marcescens,3,Caspofungin,0,0,0,,,
0,species_multihead_no_enrichment,14,serratia_marcescens,Serratia marcescens,4,Cefepime,1,1,0,,,
0,species_multihead_no_enrichment,14,serratia_marcescens,Serratia marcescens,5,Ceftazidime,832,759,73,0.565668597830599,0.6716570108470048,0.10598841301640582
0,species_multihead_no_enrichment,14,serratia_marcescens,Serratia marcescens,6,Ceftazidime-Avibactam,0,0,0,,,
0,species_multihead_no_enrichment,14,serratia_marcescens,Serratia marcescens,7,Ceftolozane-Tazobactam,0,0,0,,,
0,species_multihead_no_enrichment,14,serratia_marcescens,Serratia marcescens,8,Ceftriaxone,687,632,55,0.5761795166858458,0.7260788262370541,0.14989930955120834
0,species_multihead_no_enrichment,14,serratia_marcescens,Serratia marcescens,9,Ciprofloxacin,831,790,41,0.5991818462488423,0.466625501698055,-0.1325563445507873
0,species_multihead_no_enrichment,14,serratia_marcescens,Serratia marcescens,10,Clarithromycin,0,0,0,,,
0,species_multihead_no_enrichment,14,serratia_marcescens,Serratia marcescens,11,Clindamycin,0,0,0,,,
0,species_multihead_no_enrichment,14,serratia_marcescens,Serratia marcescens,12,Cotrimoxazole,831,823,8,0.5094167679222358,0.5175425273390036,0.008125759416767853
0,species_multihead_no_enrichment,14,serratia_marcescens,Serratia marcescens,13,Ertapenem,4,3,1,1.0,0.33333333333333337,-0.6666666666666666
0,species_multihead_no_enrichment,14,serratia_marcescens,Serratia marcescens,14,Erythromycin,0,0,0,,,
0,species_multihead_no_enrichment,14,serratia_marcescens,Serratia marcescens,15,Fosfomycin,111,94,17,0.37515644555694616,0.3970588235294118,0.021902377972465636
0,species_multihead_no_enrichment,14,serratia_marcescens,Serratia marcescens,16,Fusidic acid,0,0,0,,,
0,species_multihead_no_enrichment,14,serratia_marcescens,Serratia marcescens,17,Gentamicin,829,303,526,0.5830980436446687,0.7345555848360502,0.15145754119138155
0,species_multihead_no_enrichment,14,serratia_marcescens,Serratia marcescens,18,Imipenem,831,796,35,0.5416547020818377,0.7788047379755922,0.2371500358937545
0,species_multihead_no_enrichment,14,serratia_marcescens,Serratia marcescens,19,Levofloxacin,0,0,0,,,
0,species_multihead_no_enrichment,14,serratia_marcescens,Serratia marcescens,20,Linezolid,0,0,0,,,
0,species_multihead_no_enrichment,14,serratia_marcescens,Serratia marcescens,21,Meropenem,830,830,0,,,
0,species_multihead_no_enrichment,14,serratia_marcescens,Serratia marcescens,22,Micafungin,0,0,0,,,
0,species_multihead_no_enrichment,14,serratia_marcescens,Serratia marcescens,23,Moxifloxacin,704,329,375,0.5178115501519758,0.5137223910840931,-0.004089159067882653
0,species_multihead_no_enrichment,14,serratia_marcescens,Serratia marcescens,24,Mupirocin,0,0,0,,,
0,species_multihead_no_enrichment,14,serratia_marcescens,Serratia marcescens,25,Nitrofurantoin,4,0,4,,,
0,species_multihead_no_enrichment,14,serratia_marcescens,Serratia marcescens,26,Oxacillin,0,0,0,,,
0,species_multihead_no_enrichment,14,serratia_marcescens,Serratia marcescens,27,Piperacillin,1,1,0,,,
0,species_multihead_no_enrichment,14,serratia_marcescens,Serratia marcescens,28,Piperacillin-Tazobactam,831,753,78,0.5594715156468144,0.6643085776551911,0.10483706200837672
0,species_multihead_no_enrichment,14,serratia_marcescens,Serratia marcescens,29,Rifampicin,0,0,0,,,
0,species_multihead_no_enrichment,14,serratia_marcescens,Serratia marcescens,30,Teicoplanin,0,0,0,,,
0,species_multihead_no_enrichment,14,serratia_marcescens,Serratia marcescens,31,Tetracycline,0,0,0,,,
0,species_multihead_no_enrichment,14,serratia_marcescens,Serratia marcescens,32,Tigecycline,0,0,0,,,
0,species_multihead_no_enrichment,14,serratia_marcescens,Serratia marcescens,33,Tobramycin,1,1,0,,,
0,species_multihead_no_enrichment,14,serratia_marcescens,Serratia marcescens,34,Vancomycin,0,0,0,,,
0,species_multihead_no_enrichment,14,serratia_marcescens,Serratia marcescens,35,Voriconazole,0,0,0,,,
0,species_multihead_no_enrichment,15,staphylococcus_aureus,Staphylococcus aureus,0,Amikacin,0,0,0,,,
0,species_multihead_no_enrichment,15,staphylococcus_aureus,Staphylococcus aureus,1,Ampicillin,0,0,0,,,
0,species_multihead_no_enrichment,15,staphylococcus_aureus,Staphylococcus aureus,2,Azithromycin,0,0,0,,,
0,species_multihead_no_enrichment,15,staphylococcus_aureus,Staphylococcus aureus,3,Caspofungin,0,0,0,,,
0,species_multihead_no_enrichment,15,staphylococcus_aureus,Staphylococcus aureus,4,Cefepime,0,0,0,,,
0,species_multihead_no_enrichment,15,staphylococcus_aureus,Staphylococcus aureus,5,Ceftazidime,0,0,0,,,
0,species_multihead_no_enrichment,15,staphylococcus_aureus,Staphylococcus aureus,6,Ceftazidime-Avibactam,0,0,0,,,
0,species_multihead_no_enrichment,15,staphylococcus_aureus,Staphylococcus aureus,7,Ceftolozane-Tazobactam,0,0,0,,,
0,species_multihead_no_enrichment,15,staphylococcus_aureus,Staphylococcus aureus,8,Ceftriaxone,0,0,0,,,
0,species_multihead_no_enrichment,15,staphylococcus_aureus,Staphylococcus aureus,9,Ciprofloxacin,0,0,0,,,
0,species_multihead_no_enrichment,15,staphylococcus_aureus,Staphylococcus aureus,10,Clarithromycin,0,0,0,,,
0,species_multihead_no_enrichment,15,staphylococcus_aureus,Staphylococcus aureus,11,Clindamycin,6004,4910,1094,0.5883308138820526,0.6402338063199753,0.051902992437922735
0,species_multihead_no_enrichment,15,staphylococcus_aureus,Staphylococcus aureus,12,Cotrimoxazole,6004,5863,141,0.5667625921907189,0.6416921601145784,0.07492956792385952
0,species_multihead_no_enrichment,15,staphylococcus_aureus,Staphylococcus aureus,13,Ertapenem,0,0,0,,,
0,species_multihead_no_enrichment,15,staphylococcus_aureus,Staphylococcus aureus,14,Erythromycin,6001,4837,1164,0.5710948395351696,0.6325323235057372,0.061437483970567586
0,species_multihead_no_enrichment,15,staphylococcus_aureus,Staphylococcus aureus,15,Fosfomycin,6002,5935,67,0.5851513284462272,0.7397452501603189,0.1545939217140917
0,species_multihead_no_enrichment,15,staphylococcus_aureus,Staphylococcus aureus,16,Fusidic acid,204,181,23,0.45099687725198173,0.5784290175354312,0.12743214028344946
0,species_multihead_no_enrichment,15,staphylococcus_aureus,Staphylococcus aureus,17,Gentamicin,6004,5910,94,0.5466762069337942,0.5368407315404832,-0.009835475393310977
0,species_multihead_no_enrichment,15,staphylococcus_aureus,Staphylococcus aureus,18,Imipenem,0,0,0,,,
0,species_multihead_no_enrichment,15,staphylococcus_aureus,Staphylococcus aureus,19,Levofloxacin,6005,2928,3077,0.5413818547978924,0.889568415673488,0.34818656087559563
0,species_multihead_no_enrichment,15,staphylococcus_aureus,Staphylococcus aureus,20,Linezolid,6004,6001,3,0.469005165805699,0.6852469032938955,0.21624173748819647
0,species_multihead_no_enrichment,15,staphylococcus_aureus,Staphylococcus aureus,21,Meropenem,0,0,0,,,
0,species_multihead_no_enrichment,15,staphylococcus_aureus,Staphylococcus aureus,22,Micafungin,0,0,0,,,
0,species_multihead_no_enrichment,15,staphylococcus_aureus,Staphylococcus aureus,23,Moxifloxacin,41,37,4,0.5,0.8783783783783784,0.3783783783783784
0,species_multihead_no_enrichment,15,staphylococcus_aureus,Staphylococcus aureus,24,Mupirocin,841,817,24,0.6192370461036312,0.5729549163606691,-0.046282129742962086
0,species_multihead_no_enrichment,15,staphylococcus_aureus,Staphylococcus aureus,25,Nitrofurantoin,0,0,0,,,
0,species_multihead_no_enrichment,15,staphylococcus_aureus,Staphylococcus aureus,26,Oxacillin,5999,4911,1088,0.7384848277276702,0.8764681365062825,0.1379833087786123
0,species_multihead_no_enrichment,15,staphylococcus_aureus,Staphylococcus aureus,27,Piperacillin,0,0,0,,,
0,species_multihead_no_enrichment,15,staphylococcus_aureus,Staphylococcus aureus,28,Piperacillin-Tazobactam,0,0,0,,,
0,species_multihead_no_enrichment,15,staphylococcus_aureus,Staphylococcus aureus,29,Rifampicin,5996,5963,33,0.5102881913212284,0.5314210357812572,0.021132844460028832
0,species_multihead_no_enrichment,15,staphylococcus_aureus,Staphylococcus aureus,30,Teicoplanin,0,0,0,,,
0,species_multihead_no_enrichment,15,staphylococcus_aureus,Staphylococcus aureus,31,Tetracycline,6002,5648,354,0.5460454978313407,0.5945004781453562,0.04845498031401552
0,species_multihead_no_enrichment,15,staphylococcus_aureus,Staphylococcus aureus,32,Tigecycline,5989,5985,4,0.4654135338345865,0.5870300751879699,0.1216165413533834
0,species_multihead_no_enrichment,15,staphylococcus_aureus,Staphylococcus aureus,33,Tobramycin,0,0,0,,,
0,species_multihead_no_enrichment,15,staphylococcus_aureus,Staphylococcus aureus,34,Vancomycin,6002,5997,5,0.6543771885942972,0.6399032849758212,-0.014473903618476003
0,species_multihead_no_enrichment,15,staphylococcus_aureus,Staphylococcus aureus,35,Voriconazole,0,0,0,,,
0,species_multihead_no_enrichment,16,staphylococcus_capitis,Staphylococcus capitis,0,Amikacin,0,0,0,,,
0,species_multihead_no_enrichment,16,staphylococcus_capitis,Staphylococcus capitis,1,Ampicillin,0,0,0,,,
0,species_multihead_no_enrichment,16,staphylococcus_capitis,Staphylococcus capitis,2,Azithromycin,0,0,0,,,
0,species_multihead_no_enrichment,16,staphylococcus_capitis,Staphylococcus capitis,3,Caspofungin,0,0,0,,,
0,species_multihead_no_enrichment,16,staphylococcus_capitis,Staphylococcus capitis,4,Cefepime,0,0,0,,,
0,species_multihead_no_enrichment,16,staphylococcus_capitis,Staphylococcus capitis,5,Ceftazidime,0,0,0,,,
0,species_multihead_no_enrichment,16,staphylococcus_capitis,Staphylococcus capitis,6,Ceftazidime-Avibactam,0,0,0,,,
0,species_multihead_no_enrichment,16,staphylococcus_capitis,Staphylococcus capitis,7,Ceftolozane-Tazobactam,0,0,0,,,
0,species_multihead_no_enrichment,16,staphylococcus_capitis,Staphylococcus capitis,8,Ceftriaxone,0,0,0,,,
0,species_multihead_no_enrichment,16,staphylococcus_capitis,Staphylococcus capitis,9,Ciprofloxacin,0,0,0,,,
0,species_multihead_no_enrichment,16,staphylococcus_capitis,Staphylococcus capitis,10,Clarithromycin,0,0,0,,,
0,species_multihead_no_enrichment,16,staphylococcus_capitis,Staphylococcus capitis,11,Clindamycin,412,324,88,0.5577125420875421,0.5597117003367003,0.001999158249158195
0,species_multihead_no_enrichment,16,staphylococcus_capitis,Staphylococcus capitis,12,Cotrimoxazole,407,403,4,0.5741315136476427,0.5192307692307693,-0.054900744416873426
0,species_multihead_no_enrichment,16,staphylococcus_capitis,Staphylococcus capitis,13,Ertapenem,0,0,0,,,
0,species_multihead_no_enrichment,16,staphylococcus_capitis,Staphylococcus capitis,14,Erythromycin,415,334,81,0.5229910549271827,0.5620795446144747,0.03908848968729206
0,species_multihead_no_enrichment,16,staphylococcus_capitis,Staphylococcus capitis,15,Fosfomycin,402,0,402,,,
0,species_multihead_no_enrichment,16,staphylococcus_capitis,Staphylococcus capitis,16,Fusidic acid,1,0,1,,,
0,species_multihead_no_enrichment,16,staphylococcus_capitis,Staphylococcus capitis,17,Gentamicin,405,379,26,0.44012583722346255,0.5330322711589203,0.09290643393545772
0,species_multihead_no_enrichment,16,staphylococcus_capitis,Staphylococcus capitis,18,Imipenem,0,0,0,,,
0,species_multihead_no_enrichment,16,staphylococcus_capitis,Staphylococcus capitis,19,Levofloxacin,405,253,152,0.4376300187226961,0.6034688995215312,0.16583888079883508
0,species_multihead_no_enrichment,16,staphylococcus_capitis,Staphylococcus capitis,20,Linezolid,406,406,0,,,
0,species_multihead_no_enrichment,16,staphylococcus_capitis,Staphylococcus capitis,21,Meropenem,0,0,0,,,
0,species_multihead_no_enrichment,16,staphylococcus_capitis,Staphylococcus capitis,22,Micafungin,0,0,0,,,
0,species_multihead_no_enrichment,16,staphylococcus_capitis,Staphylococcus capitis,23,Moxifloxacin,1,1,0,,,
0,species_multihead_no_enrichment,16,staphylococcus_capitis,Staphylococcus capitis,24,Mupirocin,0,0,0,,,
0,species_multihead_no_enrichment,16,staphylococcus_capitis,Staphylococcus capitis,25,Nitrofurantoin,0,0,0,,,
0,species_multihead_no_enrichment,16,staphylococcus_capitis,Staphylococcus capitis,26,Oxacillin,413,304,109,0.505492515692902,0.6943656446161275,0.1888731289232255
0,species_multihead_no_enrichment,16,staphylococcus_capitis,Staphylococcus capitis,27,Piperacillin,0,0,0,,,
0,species_multihead_no_enrichment,16,staphylococcus_capitis,Staphylococcus capitis,28,Piperacillin-Tazobactam,0,0,0,,,
0,species_multihead_no_enrichment,16,staphylococcus_capitis,Staphylococcus capitis,29,Rifampicin,402,401,1,0.5972568578553616,0.31296758104738154,-0.2842892768079801
0,species_multihead_no_enrichment,16,staphylococcus_capitis,Staphylococcus capitis,30,Teicoplanin,0,0,0,,,
0,species_multihead_no_enrichment,16,staphylococcus_capitis,Staphylococcus capitis,31,Tetracycline,405,347,58,0.4959505117758124,0.36425519228858194,-0.13169531948723046
0,species_multihead_no_enrichment,16,staphylococcus_capitis,Staphylococcus capitis,32,Tigecycline,405,405,0,,,
0,species_multihead_no_enrichment,16,staphylococcus_capitis,Staphylococcus capitis,33,Tobramycin,0,0,0,,,
0,species_multihead_no_enrichment,16,staphylococcus_capitis,Staphylococcus capitis,34,Vancomycin,406,406,0,,,
0,species_multihead_no_enrichment,16,staphylococcus_capitis,Staphylococcus capitis,35,Voriconazole,0,0,0,,,
0,species_multihead_no_enrichment,17,staphylococcus_epidermidis,Staphylococcus epidermidis,0,Amikacin,0,0,0,,,
0,species_multihead_no_enrichment,17,staphylococcus_epidermidis,Staphylococcus epidermidis,1,Ampicillin,1,0,1,,,
0,species_multihead_no_enrichment,17,staphylococcus_epidermidis,Staphylococcus epidermidis,2,Azithromycin,0,0,0,,,
0,species_multihead_no_enrichment,17,staphylococcus_epidermidis,Staphylococcus epidermidis,3,Caspofungin,0,0,0,,,
0,species_multihead_no_enrichment,17,staphylococcus_epidermidis,Staphylococcus epidermidis,4,Cefepime,0,0,0,,,
0,species_multihead_no_enrichment,17,staphylococcus_epidermidis,Staphylococcus epidermidis,5,Ceftazidime,1,1,0,,,
0,species_multihead_no_enrichment,17,staphylococcus_epidermidis,Staphylococcus epidermidis,6,Ceftazidime-Avibactam,0,0,0,,,
0,species_multihead_no_enrichment,17,staphylococcus_epidermidis,Staphylococcus epidermidis,7,Ceftolozane-Tazobactam,0,0,0,,,
0,species_multihead_no_enrichment,17,staphylococcus_epidermidis,Staphylococcus epidermidis,8,Ceftriaxone,1,1,0,,,
0,species_multihead_no_enrichment,17,staphylococcus_epidermidis,Staphylococcus epidermidis,9,Ciprofloxacin,1,1,0,,,
0,species_multihead_no_enrichment,17,staphylococcus_epidermidis,Staphylococcus epidermidis,10,Clarithromycin,0,0,0,,,
0,species_multihead_no_enrichment,17,staphylococcus_epidermidis,Staphylococcus epidermidis,11,Clindamycin,2966,1414,1552,0.637130626722466,0.7166919264643696,0.07956129974190362
0,species_multihead_no_enrichment,17,staphylococcus_epidermidis,Staphylococcus epidermidis,12,Cotrimoxazole,2956,2133,823,0.6841583882050222,0.7870813274476931,0.10292293924267093
0,species_multihead_no_enrichment,17,staphylococcus_epidermidis,Staphylococcus epidermidis,13,Ertapenem,0,0,0,,,
0,species_multihead_no_enrichment,17,staphylococcus_epidermidis,Staphylococcus epidermidis,14,Erythromycin,2966,973,1993,0.581897380812288,0.6728537032749258,0.09095632246263774
0,species_multihead_no_enrichment,17,staphylococcus_epidermidis,Staphylococcus epidermidis,15,Fosfomycin,2951,2408,543,0.40647656981332947,0.7863559467214871,0.37987937690815765
0,species_multihead_no_enrichment,17,staphylococcus_epidermidis,Staphylococcus epidermidis,16,Fusidic acid,1,0,1,,,
0,species_multihead_no_enrichment,17,staphylococcus_epidermidis,Staphylococcus epidermidis,17,Gentamicin,2955,1977,978,0.6721522974327465,0.7778054477203588,0.10565315028761224
0,species_multihead_no_enrichment,17,staphylococcus_epidermidis,Staphylococcus epidermidis,18,Imipenem,1,1,0,,,
0,species_multihead_no_enrichment,17,staphylococcus_epidermidis,Staphylococcus epidermidis,19,Levofloxacin,2953,902,2051,0.6314995875680135,0.765392956331939,0.13389336876392555
0,species_multihead_no_enrichment,17,staphylococcus_epidermidis,Staphylococcus epidermidis,20,Linezolid,2959,2897,62,0.6754902179117441,0.9143218234658769,0.23883160555413274
0,species_multihead_no_enrichment,17,staphylococcus_epidermidis,Staphylococcus epidermidis,21,Meropenem,1,1,0,,,
0,species_multihead_no_enrichment,17,staphylococcus_epidermidis,Staphylococcus epidermidis,22,Micafungin,0,0,0,,,
0,species_multihead_no_enrichment,17,staphylococcus_epidermidis,Staphylococcus epidermidis,23,Moxifloxacin,10,9,1,0.1111111111111111,0.2222222222222222,0.1111111111111111
0,species_multihead_no_enrichment,17,staphylococcus_epidermidis,Staphylococcus epidermidis,24,Mupirocin,0,0,0,,,
0,species_multihead_no_enrichment,17,staphylococcus_epidermidis,Staphylococcus epidermidis,25,Nitrofurantoin,0,0,0,,,
0,species_multihead_no_enrichment,17,staphylococcus_epidermidis,Staphylococcus epidermidis,26,Oxacillin,2970,990,1980,0.6590419344964799,0.7519600040812162,0.09291806958473636
0,species_multihead_no_enrichment,17,staphylococcus_epidermidis,Staphylococcus epidermidis,27,Piperacillin,0,0,0,,,
0,species_multihead_no_enrichment,17,staphylococcus_epidermidis,Staphylococcus epidermidis,28,Piperacillin-Tazobactam,1,1,0,,,
0,species_multihead_no_enrichment,17,staphylococcus_epidermidis,Staphylococcus epidermidis,29,Rifampicin,2947,2702,245,0.5772851553648847,0.7367497998459192,0.15946464448103448
0,species_multihead_no_enrichment,17,staphylococcus_epidermidis,Staphylococcus epidermidis,30,Teicoplanin,1,1,0,,,
0,species_multihead_no_enrichment,17,staphylococcus_epidermidis,Staphylococcus epidermidis,31,Tetracycline,2953,1666,1287,0.652090906292587,0.6360980289551719,-0.015992877337415168
0,species_multihead_no_enrichment,17,staphylococcus_epidermidis,Staphylococcus epidermidis,32,Tigecycline,2949,2943,6,0.4334579227545588,0.7127647525201042,0.2793068297655454
0,species_multihead_no_enrichment,17,staphylococcus_epidermidis,Staphylococcus epidermidis,33,Tobramycin,0,0,0,,,
0,species_multihead_no_enrichment,17,staphylococcus_epidermidis,Staphylococcus epidermidis,34,Vancomycin,2956,2954,2,0.663337846987136,0.4746953283683142,-0.18864251861882186
0,species_multihead_no_enrichment,17,staphylococcus_epidermidis,Staphylococcus epidermidis,35,Voriconazole,0,0,0,,,
0,species_multihead_no_enrichment,18,staphylococcus_haemolyticus,Staphylococcus haemolyticus,0,Amikacin,0,0,0,,,
0,species_multihead_no_enrichment,18,staphylococcus_haemolyticus,Staphylococcus haemolyticus,1,Ampicillin,0,0,0,,,
0,species_multihead_no_enrichment,18,staphylococcus_haemolyticus,Staphylococcus haemolyticus,2,Azithromycin,0,0,0,,,
0,species_multihead_no_enrichment,18,staphylococcus_haemolyticus,Staphylococcus haemolyticus,3,Caspofungin,0,0,0,,,
0,species_multihead_no_enrichment,18,staphylococcus_haemolyticus,Staphylococcus haemolyticus,4,Cefepime,0,0,0,,,
0,species_multihead_no_enrichment,18,staphylococcus_haemolyticus,Staphylococcus haemolyticus,5,Ceftazidime,0,0,0,,,
0,species_multihead_no_enrichment,18,staphylococcus_haemolyticus,Staphylococcus haemolyticus,6,Ceftazidime-Avibactam,0,0,0,,,
0,species_multihead_no_enrichment,18,staphylococcus_haemolyticus,Staphylococcus haemolyticus,7,Ceftolozane-Tazobactam,0,0,0,,,
0,species_multihead_no_enrichment,18,staphylococcus_haemolyticus,Staphylococcus haemolyticus,8,Ceftriaxone,0,0,0,,,
0,species_multihead_no_enrichment,18,staphylococcus_haemolyticus,Staphylococcus haemolyticus,9,Ciprofloxacin,0,0,0,,,
0,species_multihead_no_enrichment,18,staphylococcus_haemolyticus,Staphylococcus haemolyticus,10,Clarithromycin,0,0,0,,,
0,species_multihead_no_enrichment,18,staphylococcus_haemolyticus,Staphylococcus haemolyticus,11,Clindamycin,399,134,265,0.6241762883694735,0.6878062517600676,0.06362996339059412
0,species_multihead_no_enrichment,18,staphylococcus_haemolyticus,Staphylococcus haemolyticus,12,Cotrimoxazole,400,158,242,0.7216497541583848,0.8412752379956063,0.11962548383722149
0,species_multihead_no_enrichment,18,staphylococcus_haemolyticus,Staphylococcus haemolyticus,13,Ertapenem,0,0,0,,,
0,species_multihead_no_enrichment,18,staphylococcus_haemolyticus,Staphylococcus haemolyticus,14,Erythromycin,401,63,338,0.7159763313609467,0.859350051657744,0.1433737202967973
0,species_multihead_no_enrichment,18,staphylococcus_haemolyticus,Staphylococcus haemolyticus,15,Fosfomycin,399,10,389,0.4497429305912596,0.47056555269922873,0.020822622107969146
0,species_multihead_no_enrichment,18,staphylococcus_haemolyticus,Staphylococcus haemolyticus,16,Fusidic acid,1,1,0,,,
0,species_multihead_no_enrichment,18,staphylococcus_haemolyticus,Staphylococcus haemolyticus,17,Gentamicin,401,118,283,0.7414206144816433,0.9065101515242259,0.16508953704258256
0,species_multihead_no_enrichment,18,staphylococcus_haemolyticus,Staphylococcus haemolyticus,18,Imipenem,0,0,0,,,
0,species_multihead_no_enrichment,18,staphylococcus_haemolyticus,Staphylococcus haemolyticus,19,Levofloxacin,401,75,326,0.7560122699386502,0.897361963190184,0.1413496932515338
0,species_multihead_no_enrichment,18,staphylococcus_haemolyticus,Staphylococcus haemolyticus,20,Linezolid,401,398,3,0.5201005025125628,0.4577051926298157,-0.06239530988274711
0,species_multihead_no_enrichment,18,staphylococcus_haemolyticus,Staphylococcus haemolyticus,21,Meropenem,0,0,0,,,
0,species_multihead_no_enrichment,18,staphylococcus_haemolyticus,Staphylococcus haemolyticus,22,Micafungin,0,0,0,,,
0,species_multihead_no_enrichment,18,staphylococcus_haemolyticus,Staphylococcus haemolyticus,23,Moxifloxacin,0,0,0,,,
0,species_multihead_no_enrichment,18,staphylococcus_haemolyticus,Staphylococcus haemolyticus,24,Mupirocin,0,0,0,,,
0,species_multihead_no_enrichment,18,staphylococcus_haemolyticus,Staphylococcus haemolyticus,25,Nitrofurantoin,0,0,0,,,
0,species_multihead_no_enrichment,18,staphylococcus_haemolyticus,Staphylococcus haemolyticus,26,Oxacillin,404,80,324,0.7217399691358024,0.8949845679012345,0.17324459876543208
0,species_multihead_no_enrichment,18,staphylococcus_haemolyticus,Staphylococcus haemolyticus,27,Piperacillin,0,0,0,,,
0,species_multihead_no_enrichment,18,staphylococcus_haemolyticus,Staphylococcus haemolyticus,28,Piperacillin-Tazobactam,0,0,0,,,
0,species_multihead_no_enrichment,18,staphylococcus_haemolyticus,Staphylococcus haemolyticus,29,Rifampicin,398,347,51,0.629343956602814,0.7387975363055885,0.10945357970277458
0,species_multihead_no_enrichment,18,staphylococcus_haemolyticus,Staphylococcus haemolyticus,30,Teicoplanin,0,0,0,,,
0,species_multihead_no_enrichment,18,staphylococcus_haemolyticus,Staphylococcus haemolyticus,31,Tetracycline,400,169,231,0.6606726606726607,0.7524910986449448,0.09181843797228406
0,species_multihead_no_enrichment,18,staphylococcus_haemolyticus,Staphylococcus haemolyticus,32,Tigecycline,401,399,2,0.3527568922305765,0.5983709273182957,0.24561403508771917
0,species_multihead_no_enrichment,18,staphylococcus_haemolyticus,Staphylococcus haemolyticus,33,Tobramycin,0,0,0,,,
0,species_multihead_no_enrichment,18,staphylococcus_haemolyticus,Staphylococcus haemolyticus,34,Vancomycin,401,401,0,,,
0,species_multihead_no_enrichment,18,staphylococcus_haemolyticus,Staphylococcus haemolyticus,35,Voriconazole,0,0,0,,,
0,species_multihead_no_enrichment,19,staphylococcus_hominis,Staphylococcus hominis,0,Amikacin,0,0,0,,,
0,species_multihead_no_enrichment,19,staphylococcus_hominis,Staphylococcus hominis,1,Ampicillin,0,0,0,,,
0,species_multihead_no_enrichment,19,staphylococcus_hominis,Staphylococcus hominis,2,Azithromycin,0,0,0,,,
0,species_multihead_no_enrichment,19,staphylococcus_hominis,Staphylococcus hominis,3,Caspofungin,0,0,0,,,
0,species_multihead_no_enrichment,19,staphylococcus_hominis,Staphylococcus hominis,4,Cefepime,0,0,0,,,
0,species_multihead_no_enrichment,19,staphylococcus_hominis,Staphylococcus hominis,5,Ceftazidime,0,0,0,,,
0,species_multihead_no_enrichment,19,staphylococcus_hominis,Staphylococcus hominis,6,Ceftazidime-Avibactam,0,0,0,,,
0,species_multihead_no_enrichment,19,staphylococcus_hominis,Staphylococcus hominis,7,Ceftolozane-Tazobactam,0,0,0,,,
0,species_multihead_no_enrichment,19,staphylococcus_hominis,Staphylococcus hominis,8,Ceftriaxone,0,0,0,,,
0,species_multihead_no_enrichment,19,staphylococcus_hominis,Staphylococcus hominis,9,Ciprofloxacin,0,0,0,,,
0,species_multihead_no_enrichment,19,staphylococcus_hominis,Staphylococcus hominis,10,Clarithromycin,0,0,0,,,
0,species_multihead_no_enrichment,19,staphylococcus_hominis,Staphylococcus hominis,11,Clindamycin,504,311,193,0.5218249670959465,0.5194258867434149,-0.0023990803525315574
0,species_multihead_no_enrichment,19,staphylococcus_hominis,Staphylococcus hominis,12,Cotrimoxazole,502,388,114,0.4767362995116658,0.5018877735576054,0.025151474045939592
0,species_multihead_no_enrichment,19,staphylococcus_hominis,Staphylococcus hominis,13,Ertapenem,0,0,0,,,
0,species_multihead_no_enrichment,19,staphylococcus_hominis,Staphylococcus hominis,14,Erythromycin,508,192,316,0.5263301028481013,0.5133092695147679,-0.013020833333333481
0,species_multihead_no_enrichment,19,staphylococcus_hominis,Staphylococcus hominis,15,Fosfomycin,500,15,485,0.589828178694158,0.6315463917525772,0.04171821305841916
0,species_multihead_no_enrichment,19,staphylococcus_hominis,Staphylococcus hominis,16,Fusidic acid,1,1,0,,,
0,species_multihead_no_enrichment,19,staphylococcus_hominis,Staphylococcus hominis,17,Gentamicin,500,419,81,0.5699932231356257,0.5438875629806417,-0.026105660154984056
0,species_multihead_no_enrichment,19,staphylococcus_hominis,Staphylococcus hominis,18,Imipenem,0,0,0,,,
0,species_multihead_no_enrichment,19,staphylococcus_hominis,Staphylococcus hominis,19,Levofloxacin,500,225,275,0.4315959595959596,0.6449373737373738,0.21334141414141422
0,species_multihead_no_enrichment,19,staphylococcus_hominis,Staphylococcus hominis,20,Linezolid,499,494,5,0.6107287449392712,0.6319838056680163,0.021255060728745057
0,species_multihead_no_enrichment,19,staphylococcus_hominis,Staphylococcus hominis,21,Meropenem,0,0,0,,,
0,species_multihead_no_enrichment,19,staphylococcus_hominis,Staphylococcus hominis,22,Micafungin,0,0,0,,,
0,species_multihead_no_enrichment,19,staphylococcus_hominis,Staphylococcus hominis,23,Moxifloxacin,1,1,0,,,
0,species_multihead_no_enrichment,19,staphylococcus_hominis,Staphylococcus hominis,24,Mupirocin,0,0,0,,,
0,species_multihead_no_enrichment,19,staphylococcus_hominis,Staphylococcus hominis,25,Nitrofurantoin,0,0,0,,,
0,species_multihead_no_enrichment,19,staphylococcus_hominis,Staphylococcus hominis,26,Oxacillin,507,272,235,0.5151204630788485,0.5416145181476847,0.026494055068836175
0,species_multihead_no_enrichment,19,staphylococcus_hominis,Staphylococcus hominis,27,Piperacillin,0,0,0,,,
0,species_multihead_no_enrichment,19,staphylococcus_hominis,Staphylococcus hominis,28,Piperacillin-Tazobactam,0,0,0,,,
0,species_multihead_no_enrichment,19,staphylococcus_hominis,Staphylococcus hominis,29,Rifampicin,502,492,10,0.5257113821138212,0.4660569105691057,-0.05965447154471548
0,species_multihead_no_enrichment,19,staphylococcus_hominis,Staphylococcus hominis,30,Teicoplanin,0,0,0,,,
0,species_multihead_no_enrichment,19,staphylococcus_hominis,Staphylococcus hominis,31,Tetracycline,500,323,177,0.46667016494376523,0.5078099036224659,0.04113973867870069
0,species_multihead_no_enrichment,19,staphylococcus_hominis,Staphylococcus hominis,32,Tigecycline,503,503,0,,,
0,species_multihead_no_enrichment,19,staphylococcus_hominis,Staphylococcus hominis,33,Tobramycin,0,0,0,,,
0,species_multihead_no_enrichment,19,staphylococcus_hominis,Staphylococcus hominis,34,Vancomycin,503,503,0,,,
0,species_multihead_no_enrichment,19,staphylococcus_hominis,Staphylococcus hominis,35,Voriconazole,0,0,0,,,
0,species_multihead_no_enrichment,20,staphylococcus_lugdunensis,Staphylococcus lugdunensis,0,Amikacin,0,0,0,,,
0,species_multihead_no_enrichment,20,staphylococcus_lugdunensis,Staphylococcus lugdunensis,1,Ampicillin,0,0,0,,,
0,species_multihead_no_enrichment,20,staphylococcus_lugdunensis,Staphylococcus lugdunensis,2,Azithromycin,0,0,0,,,
0,species_multihead_no_enrichment,20,staphylococcus_lugdunensis,Staphylococcus lugdunensis,3,Caspofungin,0,0,0,,,
0,species_multihead_no_enrichment,20,staphylococcus_lugdunensis,Staphylococcus lugdunensis,4,Cefepime,0,0,0,,,
0,species_multihead_no_enrichment,20,staphylococcus_lugdunensis,Staphylococcus lugdunensis,5,Ceftazidime,0,0,0,,,
0,species_multihead_no_enrichment,20,staphylococcus_lugdunensis,Staphylococcus lugdunensis,6,Ceftazidime-Avibactam,0,0,0,,,
0,species_multihead_no_enrichment,20,staphylococcus_lugdunensis,Staphylococcus lugdunensis,7,Ceftolozane-Tazobactam,0,0,0,,,
0,species_multihead_no_enrichment,20,staphylococcus_lugdunensis,Staphylococcus lugdunensis,8,Ceftriaxone,0,0,0,,,
0,species_multihead_no_enrichment,20,staphylococcus_lugdunensis,Staphylococcus lugdunensis,9,Ciprofloxacin,0,0,0,,,
0,species_multihead_no_enrichment,20,staphylococcus_lugdunensis,Staphylococcus lugdunensis,10,Clarithromycin,0,0,0,,,
0,species_multihead_no_enrichment,20,staphylococcus_lugdunensis,Staphylococcus lugdunensis,11,Clindamycin,257,227,30,0.5593245227606461,0.5925844346549194,0.03325991189427324
0,species_multihead_no_enrichment,20,staphylococcus_lugdunensis,Staphylococcus lugdunensis,12,Cotrimoxazole,257,255,2,0.7186274509803922,0.9617647058823529,0.2431372549019607
0,species_multihead_no_enrichment,20,staphylococcus_lugdunensis,Staphylococcus lugdunensis,13,Ertapenem,0,0,0,,,
0,species_multihead_no_enrichment,20,staphylococcus_lugdunensis,Staphylococcus lugdunensis,14,Erythromycin,258,229,29,0.5458515283842794,0.5926065351603674,0.046755006776088015
0,species_multihead_no_enrichment,20,staphylococcus_lugdunensis,Staphylococcus lugdunensis,15,Fosfomycin,257,224,33,0.5789366883116883,0.49763257575757575,-0.08130411255411257
0,species_multihead_no_enrichment,20,staphylococcus_lugdunensis,Staphylococcus lugdunensis,16,Fusidic acid,0,0,0,,,
0,species_multihead_no_enrichment,20,staphylococcus_lugdunensis,Staphylococcus lugdunensis,17,Gentamicin,257,255,2,0.4764705882352941,0.40784313725490196,-0.06862745098039214
0,species_multihead_no_enrichment,20,staphylococcus_lugdunensis,Staphylococcus lugdunensis,18,Imipenem,0,0,0,,,
0,species_multihead_no_enrichment,20,staphylococcus_lugdunensis,Staphylococcus lugdunensis,19,Levofloxacin,257,146,111,0.5771936319881525,0.6909169443416019,0.11372331235344935
0,species_multihead_no_enrichment,20,staphylococcus_lugdunensis,Staphylococcus lugdunensis,20,Linezolid,257,257,0,,,
0,species_multihead_no_enrichment,20,staphylococcus_lugdunensis,Staphylococcus lugdunensis,21,Meropenem,0,0,0,,,
0,species_multihead_no_enrichment,20,staphylococcus_lugdunensis,Staphylococcus lugdunensis,22,Micafungin,0,0,0,,,
0,species_multihead_no_enrichment,20,staphylococcus_lugdunensis,Staphylococcus lugdunensis,23,Moxifloxacin,0,0,0,,,
0,species_multihead_no_enrichment,20,staphylococcus_lugdunensis,Staphylococcus lugdunensis,24,Mupirocin,0,0,0,,,
0,species_multihead_no_enrichment,20,staphylococcus_lugdunensis,Staphylococcus lugdunensis,25,Nitrofurantoin,0,0,0,,,
0,species_multihead_no_enrichment,20,staphylococcus_lugdunensis,Staphylococcus lugdunensis,26,Oxacillin,255,237,18,0.543131739334271,0.49859353023909986,-0.04453820909517109
0,species_multihead_no_enrichment,20,staphylococcus_lugdunensis,Staphylococcus lugdunensis,27,Piperacillin,0,0,0,,,
0,species_multihead_no_enrichment,20,staphylococcus_lugdunensis,Staphylococcus lugdunensis,28,Piperacillin-Tazobactam,0,0,0,,,
0,species_multihead_no_enrichment,20,staphylococcus_lugdunensis,Staphylococcus lugdunensis,29,Rifampicin,255,255,0,,,
0,species_multihead_no_enrichment,20,staphylococcus_lugdunensis,Staphylococcus lugdunensis,30,Teicoplanin,0,0,0,,,
0,species_multihead_no_enrichment,20,staphylococcus_lugdunensis,Staphylococcus lugdunensis,31,Tetracycline,257,233,24,0.6114985693848355,0.5642882689556509,-0.047210300429184615
0,species_multihead_no_enrichment,20,staphylococcus_lugdunensis,Staphylococcus lugdunensis,32,Tigecycline,256,256,0,,,
0,species_multihead_no_enrichment,20,staphylococcus_lugdunensis,Staphylococcus lugdunensis,33,Tobramycin,0,0,0,,,
0,species_multihead_no_enrichment,20,staphylococcus_lugdunensis,Staphylococcus lugdunensis,34,Vancomycin,256,256,0,,,
0,species_multihead_no_enrichment,20,staphylococcus_lugdunensis,Staphylococcus lugdunensis,35,Voriconazole,0,0,0,,,
0,species_multihead_no_enrichment,21,stenotrophomonas_maltophilia,Stenotrophomonas maltophilia,0,Amikacin,0,0,0,,,
0,species_multihead_no_enrichment,21,stenotrophomonas_maltophilia,Stenotrophomonas maltophilia,1,Ampicillin,0,0,0,,,
0,species_multihead_no_enrichment,21,stenotrophomonas_maltophilia,Stenotrophomonas maltophilia,2,Azithromycin,0,0,0,,,
0,species_multihead_no_enrichment,21,stenotrophomonas_maltophilia,Stenotrophomonas maltophilia,3,Caspofungin,0,0,0,,,
0,species_multihead_no_enrichment,21,stenotrophomonas_maltophilia,Stenotrophomonas maltophilia,4,Cefepime,0,0,0,,,
0,species_multihead_no_enrichment,21,stenotrophomonas_maltophilia,Stenotrophomonas maltophilia,5,Ceftazidime,3,1,2,1.0,0.5,-0.5
0,species_multihead_no_enrichment,21,stenotrophomonas_maltophilia,Stenotrophomonas maltophilia,6,Ceftazidime-Avibactam,1,1,0,,,
0,species_multihead_no_enrichment,21,stenotrophomonas_maltophilia,Stenotrophomonas maltophilia,7,Ceftolozane-Tazobactam,1,0,1,,,
0,species_multihead_no_enrichment,21,stenotrophomonas_maltophilia,Stenotrophomonas maltophilia,8,Ceftriaxone,0,0,0,,,
0,species_multihead_no_enrichment,21,stenotrophomonas_maltophilia,Stenotrophomonas maltophilia,9,Ciprofloxacin,0,0,0,,,
0,species_multihead_no_enrichment,21,stenotrophomonas_maltophilia,Stenotrophomonas maltophilia,10,Clarithromycin,0,0,0,,,
0,species_multihead_no_enrichment,21,stenotrophomonas_maltophilia,Stenotrophomonas maltophilia,11,Clindamycin,0,0,0,,,
0,species_multihead_no_enrichment,21,stenotrophomonas_maltophilia,Stenotrophomonas maltophilia,12,Cotrimoxazole,436,0,436,,,
0,species_multihead_no_enrichment,21,stenotrophomonas_maltophilia,Stenotrophomonas maltophilia,13,Ertapenem,0,0,0,,,
0,species_multihead_no_enrichment,21,stenotrophomonas_maltophilia,Stenotrophomonas maltophilia,14,Erythromycin,0,0,0,,,
0,species_multihead_no_enrichment,21,stenotrophomonas_maltophilia,Stenotrophomonas maltophilia,15,Fosfomycin,0,0,0,,,
0,species_multihead_no_enrichment,21,stenotrophomonas_maltophilia,Stenotrophomonas maltophilia,16,Fusidic acid,0,0,0,,,
0,species_multihead_no_enrichment,21,stenotrophomonas_maltophilia,Stenotrophomonas maltophilia,17,Gentamicin,0,0,0,,,
0,species_multihead_no_enrichment,21,stenotrophomonas_maltophilia,Stenotrophomonas maltophilia,18,Imipenem,0,0,0,,,
0,species_multihead_no_enrichment,21,stenotrophomonas_maltophilia,Stenotrophomonas maltophilia,19,Levofloxacin,4,0,4,,,
0,species_multihead_no_enrichment,21,stenotrophomonas_maltophilia,Stenotrophomonas maltophilia,20,Linezolid,0,0,0,,,
0,species_multihead_no_enrichment,21,stenotrophomonas_maltophilia,Stenotrophomonas maltophilia,21,Meropenem,0,0,0,,,
0,species_multihead_no_enrichment,21,stenotrophomonas_maltophilia,Stenotrophomonas maltophilia,22,Micafungin,0,0,0,,,
0,species_multihead_no_enrichment,21,stenotrophomonas_maltophilia,Stenotrophomonas maltophilia,23,Moxifloxacin,1,0,1,,,
0,species_multihead_no_enrichment,21,stenotrophomonas_maltophilia,Stenotrophomonas maltophilia,24,Mupirocin,0,0,0,,,
0,species_multihead_no_enrichment,21,stenotrophomonas_maltophilia,Stenotrophomonas maltophilia,25,Nitrofurantoin,0,0,0,,,
0,species_multihead_no_enrichment,21,stenotrophomonas_maltophilia,Stenotrophomonas maltophilia,26,Oxacillin,0,0,0,,,
0,species_multihead_no_enrichment,21,stenotrophomonas_maltophilia,Stenotrophomonas maltophilia,27,Piperacillin,0,0,0,,,
0,species_multihead_no_enrichment,21,stenotrophomonas_maltophilia,Stenotrophomonas maltophilia,28,Piperacillin-Tazobactam,0,0,0,,,
0,species_multihead_no_enrichment,21,stenotrophomonas_maltophilia,Stenotrophomonas maltophilia,29,Rifampicin,1,0,1,,,
0,species_multihead_no_enrichment,21,stenotrophomonas_maltophilia,Stenotrophomonas maltophilia,30,Teicoplanin,0,0,0,,,
0,species_multihead_no_enrichment,21,stenotrophomonas_maltophilia,Stenotrophomonas maltophilia,31,Tetracycline,0,0,0,,,
0,species_multihead_no_enrichment,21,stenotrophomonas_maltophilia,Stenotrophomonas maltophilia,32,Tigecycline,1,0,1,,,
0,species_multihead_no_enrichment,21,stenotrophomonas_maltophilia,Stenotrophomonas maltophilia,33,Tobramycin,0,0,0,,,
0,species_multihead_no_enrichment,21,stenotrophomonas_maltophilia,Stenotrophomonas maltophilia,34,Vancomycin,0,0,0,,,
0,species_multihead_no_enrichment,21,stenotrophomonas_maltophilia,Stenotrophomonas maltophilia,35,Voriconazole,0,0,0,,,
0,species_multihead_no_enrichment,22,streptococcus_pneumoniae,Streptococcus pneumoniae,0,Amikacin,0,0,0,,,
0,species_multihead_no_enrichment,22,streptococcus_pneumoniae,Streptococcus pneumoniae,1,Ampicillin,55,55,0,,,
0,species_multihead_no_enrichment,22,streptococcus_pneumoniae,Streptococcus pneumoniae,2,Azithromycin,61,57,4,0.4100877192982456,0.6162280701754386,0.20614035087719296
0,species_multihead_no_enrichment,22,streptococcus_pneumoniae,Streptococcus pneumoniae,3,Caspofungin,0,0,0,,,
0,species_multihead_no_enrichment,22,streptococcus_pneumoniae,Streptococcus pneumoniae,4,Cefepime,0,0,0,,,
0,species_multihead_no_enrichment,22,streptococcus_pneumoniae,Streptococcus pneumoniae,5,Ceftazidime,0,0,0,,,
0,species_multihead_no_enrichment,22,streptococcus_pneumoniae,Streptococcus pneumoniae,6,Ceftazidime-Avibactam,0,0,0,,,
0,species_multihead_no_enrichment,22,streptococcus_pneumoniae,Streptococcus pneumoniae,7,Ceftolozane-Tazobactam,0,0,0,,,
0,species_multihead_no_enrichment,22,streptococcus_pneumoniae,Streptococcus pneumoniae,8,Ceftriaxone,5,5,0,,,
0,species_multihead_no_enrichment,22,streptococcus_pneumoniae,Streptococcus pneumoniae,9,Ciprofloxacin,0,0,0,,,
0,species_multihead_no_enrichment,22,streptococcus_pneumoniae,Streptococcus pneumoniae,10,Clarithromycin,61,57,4,0.4122807017543859,0.6162280701754386,0.20394736842105265
0,species_multihead_no_enrichment,22,streptococcus_pneumoniae,Streptococcus pneumoniae,11,Clindamycin,62,59,3,0.5649717514124294,0.5903954802259888,0.025423728813559365
0,species_multihead_no_enrichment,22,streptococcus_pneumoniae,Streptococcus pneumoniae,12,Cotrimoxazole,61,59,2,0.4576271186440678,0.864406779661017,0.4067796610169492
0,species_multihead_no_enrichment,22,streptococcus_pneumoniae,Streptococcus pneumoniae,13,Ertapenem,0,0,0,,,
0,species_multihead_no_enrichment,22,streptococcus_pneumoniae,Streptococcus pneumoniae,14,Erythromycin,61,57,4,0.4254385964912281,0.6162280701754386,0.19078947368421045
0,species_multihead_no_enrichment,22,streptococcus_pneumoniae,Streptococcus pneumoniae,15,Fosfomycin,0,0,0,,,
0,species_multihead_no_enrichment,22,streptococcus_pneumoniae,Streptococcus pneumoniae,16,Fusidic acid,0,0,0,,,
0,species_multihead_no_enrichment,22,streptococcus_pneumoniae,Streptococcus pneumoniae,17,Gentamicin,0,0,0,,,
0,species_multihead_no_enrichment,22,streptococcus_pneumoniae,Streptococcus pneumoniae,18,Imipenem,0,0,0,,,
0,species_multihead_no_enrichment,22,streptococcus_pneumoniae,Streptococcus pneumoniae,19,Levofloxacin,1,0,1,,,
0,species_multihead_no_enrichment,22,streptococcus_pneumoniae,Streptococcus pneumoniae,20,Linezolid,61,61,0,,,
0,species_multihead_no_enrichment,22,streptococcus_pneumoniae,Streptococcus pneumoniae,21,Meropenem,0,0,0,,,
0,species_multihead_no_enrichment,22,streptococcus_pneumoniae,Streptococcus pneumoniae,22,Micafungin,0,0,0,,,
0,species_multihead_no_enrichment,22,streptococcus_pneumoniae,Streptococcus pneumoniae,23,Moxifloxacin,62,60,2,0.23333333333333334,0.65,0.4166666666666667
0,species_multihead_no_enrichment,22,streptococcus_pneumoniae,Streptococcus pneumoniae,24,Mupirocin,0,0,0,,,
0,species_multihead_no_enrichment,22,streptococcus_pneumoniae,Streptococcus pneumoniae,25,Nitrofurantoin,0,0,0,,,
0,species_multihead_no_enrichment,22,streptococcus_pneumoniae,Streptococcus pneumoniae,26,Oxacillin,0,0,0,,,
0,species_multihead_no_enrichment,22,streptococcus_pneumoniae,Streptococcus pneumoniae,27,Piperacillin,0,0,0,,,
0,species_multihead_no_enrichment,22,streptococcus_pneumoniae,Streptococcus pneumoniae,28,Piperacillin-Tazobactam,0,0,0,,,
0,species_multihead_no_enrichment,22,streptococcus_pneumoniae,Streptococcus pneumoniae,29,Rifampicin,0,0,0,,,
0,species_multihead_no_enrichment,22,streptococcus_pneumoniae,Streptococcus pneumoniae,30,Teicoplanin,0,0,0,,,
0,species_multihead_no_enrichment,22,streptococcus_pneumoniae,Streptococcus pneumoniae,31,Tetracycline,1,0,1,,,
0,species_multihead_no_enrichment,22,streptococcus_pneumoniae,Streptococcus pneumoniae,32,Tigecycline,0,0,0,,,
0,species_multihead_no_enrichment,22,streptococcus_pneumoniae,Streptococcus pneumoniae,33,Tobramycin,0,0,0,,,
0,species_multihead_no_enrichment,22,streptococcus_pneumoniae,Streptococcus pneumoniae,34,Vancomycin,60,60,0,,,
0,species_multihead_no_enrichment,22,streptococcus_pneumoniae,Streptococcus pneumoniae,35,Voriconazole,0,0,0,,,
1,species_multihead_no_enrichment,0,candida_albicans,Candida albicans,0,Amikacin,0,0,0,,,
1,species_multihead_no_enrichment,0,candida_albicans,Candida albicans,1,Ampicillin,0,0,0,,,
1,species_multihead_no_enrichment,0,candida_albicans,Candida albicans,2,Azithromycin,0,0,0,,,
1,species_multihead_no_enrichment,0,candida_albicans,Candida albicans,3,Cefepime,0,0,0,,,
1,species_multihead_no_enrichment,0,candida_albicans,Candida albicans,4,Ceftazidime,0,0,0,,,
1,species_multihead_no_enrichment,0,candida_albicans,Candida albicans,5,Ceftolozane-Tazobactam,0,0,0,,,
1,species_multihead_no_enrichment,0,candida_albicans,Candida albicans,6,Ceftriaxone,0,0,0,,,
1,species_multihead_no_enrichment,0,candida_albicans,Candida albicans,7,Ciprofloxacin,0,0,0,,,
1,species_multihead_no_enrichment,0,candida_albicans,Candida albicans,8,Clarithromycin,0,0,0,,,
1,species_multihead_no_enrichment,0,candida_albicans,Candida albicans,9,Clindamycin,0,0,0,,,
1,species_multihead_no_enrichment,0,candida_albicans,Candida albicans,10,Cotrimoxazole,0,0,0,,,
1,species_multihead_no_enrichment,0,candida_albicans,Candida albicans,11,Ertapenem,0,0,0,,,
1,species_multihead_no_enrichment,0,candida_albicans,Candida albicans,12,Erythromycin,0,0,0,,,
1,species_multihead_no_enrichment,0,candida_albicans,Candida albicans,13,Fosfomycin,0,0,0,,,
1,species_multihead_no_enrichment,0,candida_albicans,Candida albicans,14,Fusidic acid,0,0,0,,,
1,species_multihead_no_enrichment,0,candida_albicans,Candida albicans,15,Gentamicin,0,0,0,,,
1,species_multihead_no_enrichment,0,candida_albicans,Candida albicans,16,Imipenem,0,0,0,,,
1,species_multihead_no_enrichment,0,candida_albicans,Candida albicans,17,Levofloxacin,0,0,0,,,
1,species_multihead_no_enrichment,0,candida_albicans,Candida albicans,18,Linezolid,0,0,0,,,
1,species_multihead_no_enrichment,0,candida_albicans,Candida albicans,19,Meropenem,0,0,0,,,
1,species_multihead_no_enrichment,0,candida_albicans,Candida albicans,20,Moxifloxacin,0,0,0,,,
1,species_multihead_no_enrichment,0,candida_albicans,Candida albicans,21,Mupirocin,0,0,0,,,
1,species_multihead_no_enrichment,0,candida_albicans,Candida albicans,22,Nitrofurantoin,0,0,0,,,
1,species_multihead_no_enrichment,0,candida_albicans,Candida albicans,23,Oxacillin,0,0,0,,,
1,species_multihead_no_enrichment,0,candida_albicans,Candida albicans,24,Piperacillin,0,0,0,,,
1,species_multihead_no_enrichment,0,candida_albicans,Candida albicans,25,Piperacillin-Tazobactam,0,0,0,,,
1,species_multihead_no_enrichment,0,candida_albicans,Candida albicans,26,Rifampicin,0,0,0,,,
1,species_multihead_no_enrichment,0,candida_albicans,Candida albicans,27,Teicoplanin,0,0,0,,,
1,species_multihead_no_enrichment,0,candida_albicans,Candida albicans,28,Tetracycline,0,0,0,,,
1,species_multihead_no_enrichment,0,candida_albicans,Candida albicans,29,Tigecycline,0,0,0,,,
1,species_multihead_no_enrichment,0,candida_albicans,Candida albicans,30,Tobramycin,0,0,0,,,
1,species_multihead_no_enrichment,0,candida_albicans,Candida albicans,31,Vancomycin,0,0,0,,,
1,species_multihead_no_enrichment,0,candida_albicans,Candida albicans,32,Voriconazole,1124,1119,5,0.5386058981233244,0.31376228775692583,-0.22484361036639855
1,species_multihead_no_enrichment,1,citrobacter_freundii,Citrobacter freundii,0,Amikacin,0,0,0,,,
1,species_multihead_no_enrichment,1,citrobacter_freundii,Citrobacter freundii,1,Ampicillin,441,13,428,0.5,0.5349568655643422,0.03495686556434219
1,species_multihead_no_enrichment,1,citrobacter_freundii,Citrobacter freundii,2,Azithromycin,0,0,0,,,
1,species_multihead_no_enrichment,1,citrobacter_freundii,Citrobacter freundii,3,Cefepime,0,0,0,,,
1,species_multihead_no_enrichment,1,citrobacter_freundii,Citrobacter freundii,4,Ceftazidime,441,255,186,0.4945287792536369,0.7174256799493992,0.2228969006957623
1,species_multihead_no_enrichment,1,citrobacter_freundii,Citrobacter freundii,5,Ceftolozane-Tazobactam,0,0,0,,,
1,species_multihead_no_enrichment,1,citrobacter_freundii,Citrobacter freundii,6,Ceftriaxone,313,178,135,0.5191427382438618,0.7475239284228048,0.22838119017894298
1,species_multihead_no_enrichment,1,citrobacter_freundii,Citrobacter freundii,7,Ciprofloxacin,441,394,47,0.5268657522410628,0.56839291500162,0.041527162760557235
1,species_multihead_no_enrichment,1,citrobacter_freundii,Citrobacter freundii,8,Clarithromycin,0,0,0,,,
1,species_multihead_no_enrichment,1,citrobacter_freundii,Citrobacter freundii,9,Clindamycin,0,0,0,,,
1,species_multihead_no_enrichment,1,citrobacter_freundii,Citrobacter freundii,10,Cotrimoxazole,441,406,35,0.4300492610837438,0.6061928219563687,0.1761435608726249
1,species_multihead_no_enrichment,1,citrobacter_freundii,Citrobacter freundii,11,Ertapenem,1,0,1,,,
1,species_multihead_no_enrichment,1,citrobacter_freundii,Citrobacter freundii,12,Erythromycin,0,0,0,,,
1,species_multihead_no_enrichment,1,citrobacter_freundii,Citrobacter freundii,13,Fosfomycin,98,98,0,,,
1,species_multihead_no_enrichment,1,citrobacter_freundii,Citrobacter freundii,14,Fusidic acid,0,0,0,,,
1,species_multihead_no_enrichment,1,citrobacter_freundii,Citrobacter freundii,15,Gentamicin,441,175,266,0.6012781954887219,0.4872073039742213,-0.11407089151450056
1,species_multihead_no_enrichment,1,citrobacter_freundii,Citrobacter freundii,16,Imipenem,440,432,8,0.6235532407407408,0.6199363425925926,-0.003616898148148251
1,species_multihead_no_enrichment,1,citrobacter_freundii,Citrobacter freundii,17,Levofloxacin,0,0,0,,,
1,species_multihead_no_enrichment,1,citrobacter_freundii,Citrobacter freundii,18,Linezolid,0,0,0,,,
1,species_multihead_no_enrichment,1,citrobacter_freundii,Citrobacter freundii,19,Meropenem,439,432,7,0.533234126984127,0.7357804232804233,0.20254629629629628
1,species_multihead_no_enrichment,1,citrobacter_freundii,Citrobacter freundii,20,Moxifloxacin,324,220,104,0.45177010489510483,0.5085882867132867,0.05681818181818188
1,species_multihead_no_enrichment,1,citrobacter_freundii,Citrobacter freundii,21,Mupirocin,0,0,0,,,
1,species_multihead_no_enrichment,1,citrobacter_freundii,Citrobacter freundii,22,Nitrofurantoin,0,0,0,,,
1,species_multihead_no_enrichment,1,citrobacter_freundii,Citrobacter freundii,23,Oxacillin,0,0,0,,,
1,species_multihead_no_enrichment,1,citrobacter_freundii,Citrobacter freundii,24,Piperacillin,0,0,0,,,
1,species_multihead_no_enrichment,1,citrobacter_freundii,Citrobacter freundii,25,Piperacillin-Tazobactam,441,254,187,0.487146827234831,0.7189881679228599,0.23184134068802892
1,species_multihead_no_enrichment,1,citrobacter_freundii,Citrobacter freundii,26,Rifampicin,0,0,0,,,
1,species_multihead_no_enrichment,1,citrobacter_freundii,Citrobacter freundii,27,Teicoplanin,0,0,0,,,
1,species_multihead_no_enrichment,1,citrobacter_freundii,Citrobacter freundii,28,Tetracycline,0,0,0,,,
1,species_multihead_no_enrichment,1,citrobacter_freundii,Citrobacter freundii,29,Tigecycline,0,0,0,,,
1,species_multihead_no_enrichment,1,citrobacter_freundii,Citrobacter freundii,30,Tobramycin,0,0,0,,,
1,species_multihead_no_enrichment,1,citrobacter_freundii,Citrobacter freundii,31,Vancomycin,0,0,0,,,
1,species_multihead_no_enrichment,1,citrobacter_freundii,Citrobacter freundii,32,Voriconazole,0,0,0,,,
1,species_multihead_no_enrichment,2,citrobacter_koseri,Citrobacter koseri,0,Amikacin,0,0,0,,,
1,species_multihead_no_enrichment,2,citrobacter_koseri,Citrobacter koseri,1,Ampicillin,446,0,446,,,
1,species_multihead_no_enrichment,2,citrobacter_koseri,Citrobacter koseri,2,Azithromycin,0,0,0,,,
1,species_multihead_no_enrichment,2,citrobacter_koseri,Citrobacter koseri,3,Cefepime,0,0,0,,,
1,species_multihead_no_enrichment,2,citrobacter_koseri,Citrobacter koseri,4,Ceftazidime,446,427,19,0.5638481449525452,0.7210033279921114,0.15715518303956622
1,species_multihead_no_enrichment,2,citrobacter_koseri,Citrobacter koseri,5,Ceftolozane-Tazobactam,0,0,0,,,
1,species_multihead_no_enrichment,2,citrobacter_koseri,Citrobacter koseri,6,Ceftriaxone,270,260,10,0.6165384615384616,0.6776923076923077,0.061153846153846114
1,species_multihead_no_enrichment,2,citrobacter_koseri,Citrobacter koseri,7,Ciprofloxacin,446,441,5,0.47165532879818595,0.6213151927437641,0.14965986394557818
1,species_multihead_no_enrichment,2,citrobacter_koseri,Citrobacter koseri,8,Clarithromycin,0,0,0,,,
1,species_multihead_no_enrichment,2,citrobacter_koseri,Citrobacter koseri,9,Clindamycin,0,0,0,,,
1,species_multihead_no_enrichment,2,citrobacter_koseri,Citrobacter koseri,10,Cotrimoxazole,446,442,4,0.7061651583710408,0.3673642533936652,-0.3388009049773756
1,species_multihead_no_enrichment,2,citrobacter_koseri,Citrobacter koseri,11,Ertapenem,0,0,0,,,
1,species_multihead_no_enrichment,2,citrobacter_koseri,Citrobacter koseri,12,Erythromycin,0,0,0,,,
1,species_multihead_no_enrichment,2,citrobacter_koseri,Citrobacter koseri,13,Fosfomycin,135,134,1,0.2462686567164179,0.5597014925373134,0.3134328358208955
1,species_multihead_no_enrichment,2,citrobacter_koseri,Citrobacter koseri,14,Fusidic acid,0,0,0,,,
1,species_multihead_no_enrichment,2,citrobacter_koseri,Citrobacter koseri,15,Gentamicin,440,175,265,0.5538975741239893,0.6533477088948788,0.09945013477088949
1,species_multihead_no_enrichment,2,citrobacter_koseri,Citrobacter koseri,16,Imipenem,446,444,2,0.49549549549549543,0.606418918918919,0.11092342342342354
1,species_multihead_no_enrichment,2,citrobacter_koseri,Citrobacter koseri,17,Levofloxacin,0,0,0,,,
1,species_multihead_no_enrichment,2,citrobacter_koseri,Citrobacter koseri,18,Linezolid,0,0,0,,,
1,species_multihead_no_enrichment,2,citrobacter_koseri,Citrobacter koseri,19,Meropenem,446,445,1,0.698876404494382,0.7280898876404495,0.02921348314606742
1,species_multihead_no_enrichment,2,citrobacter_koseri,Citrobacter koseri,20,Moxifloxacin,275,254,21,0.5564304461942257,0.6419197600299962,0.08548931383577052
1,species_multihead_no_enrichment,2,citrobacter_koseri,Citrobacter koseri,21,Mupirocin,0,0,0,,,
1,species_multihead_no_enrichment,2,citrobacter_koseri,Citrobacter koseri,22,Nitrofurantoin,0,0,0,,,
1,species_multihead_no_enrichment,2,citrobacter_koseri,Citrobacter koseri,23,Oxacillin,0,0,0,,,
1,species_multihead_no_enrichment,2,citrobacter_koseri,Citrobacter koseri,24,Piperacillin,0,0,0,,,
1,species_multihead_no_enrichment,2,citrobacter_koseri,Citrobacter koseri,25,Piperacillin-Tazobactam,446,396,50,0.5200252525252526,0.6019444444444444,0.08191919191919184
1,species_multihead_no_enrichment,2,citrobacter_koseri,Citrobacter koseri,26,Rifampicin,0,0,0,,,
1,species_multihead_no_enrichment,2,citrobacter_koseri,Citrobacter koseri,27,Teicoplanin,0,0,0,,,
1,species_multihead_no_enrichment,2,citrobacter_koseri,Citrobacter koseri,28,Tetracycline,0,0,0,,,
1,species_multihead_no_enrichment,2,citrobacter_koseri,Citrobacter koseri,29,Tigecycline,0,0,0,,,
1,species_multihead_no_enrichment,2,citrobacter_koseri,Citrobacter koseri,30,Tobramycin,0,0,0,,,
1,species_multihead_no_enrichment,2,citrobacter_koseri,Citrobacter koseri,31,Vancomycin,0,0,0,,,
1,species_multihead_no_enrichment,2,citrobacter_koseri,Citrobacter koseri,32,Voriconazole,0,0,0,,,
1,species_multihead_no_enrichment,3,enterobacter_cloacae_complex,Enterobacter cloacae complex,0,Amikacin,0,0,0,,,
1,species_multihead_no_enrichment,3,enterobacter_cloacae_complex,Enterobacter cloacae complex,1,Ampicillin,1541,13,1528,0.44960732984293195,0.5427658074909384,0.09315847764800644
1,species_multihead_no_enrichment,3,enterobacter_cloacae_complex,Enterobacter cloacae complex,2,Azithromycin,0,0,0,,,
1,species_multihead_no_enrichment,3,enterobacter_cloacae_complex,Enterobacter cloacae complex,3,Cefepime,0,0,0,,,
1,species_multihead_no_enrichment,3,enterobacter_cloacae_complex,Enterobacter cloacae complex,4,Ceftazidime,1542,945,597,0.45811509044339865,0.7800616840817846,0.3219465936383859
1,species_multihead_no_enrichment,3,enterobacter_cloacae_complex,Enterobacter cloacae complex,5,Ceftolozane-Tazobactam,1,1,0,,,
1,species_multihead_no_enrichment,3,enterobacter_cloacae_complex,Enterobacter cloacae complex,6,Ceftriaxone,1157,709,448,0.45236783447511586,0.8034045688091879,0.351036734334072
1,species_multihead_no_enrichment,3,enterobacter_cloacae_complex,Enterobacter cloacae complex,7,Ciprofloxacin,1542,1474,68,0.4780010375927847,0.6134019075744274,0.13540086998164264
1,species_multihead_no_enrichment,3,enterobacter_cloacae_complex,Enterobacter cloacae complex,8,Clarithromycin,0,0,0,,,
1,species_multihead_no_enrichment,3,enterobacter_cloacae_complex,Enterobacter cloacae complex,9,Clindamycin,1,0,1,,,
1,species_multihead_no_enrichment,3,enterobacter_cloacae_complex,Enterobacter cloacae complex,10,Cotrimoxazole,1542,1460,82,0.5499164717674573,0.6157576010691613,0.06584112930170405
1,species_multihead_no_enrichment,3,enterobacter_cloacae_complex,Enterobacter cloacae complex,11,Ertapenem,4,3,1,1.0,1.0,0.0
1,species_multihead_no_enrichment,3,enterobacter_cloacae_complex,Enterobacter cloacae complex,12,Erythromycin,1,0,1,,,
1,species_multihead_no_enrichment,3,enterobacter_cloacae_complex,Enterobacter cloacae complex,13,Fosfomycin,271,122,149,0.5005776213004731,0.5017603696776323,0.0011827483771591485
1,species_multihead_no_enrichment,3,enterobacter_cloacae_complex,Enterobacter cloacae complex,14,Fusidic acid,0,0,0,,,
1,species_multihead_no_enrichment,3,enterobacter_cloacae_complex,Enterobacter cloacae complex,15,Gentamicin,1537,607,930,0.5244078935714159,0.5607234592832722,0.036315565711856235
1,species_multihead_no_enrichment,3,enterobacter_cloacae_complex,Enterobacter cloacae complex,16,Imipenem,1542,1512,30,0.5603174603174603,0.5261574074074074,-0.034160052910052974
1,species_multihead_no_enrichment,3,enterobacter_cloacae_complex,Enterobacter cloacae complex,17,Levofloxacin,0,0,0,,,
1,species_multihead_no_enrichment,3,enterobacter_cloacae_complex,Enterobacter cloacae complex,18,Linezolid,1,1,0,,,
1,species_multihead_no_enrichment,3,enterobacter_cloacae_complex,Enterobacter cloacae complex,19,Meropenem,1542,1528,14,0.4950916230366492,0.6086854899027674,0.11359386686611816
1,species_multihead_no_enrichment,3,enterobacter_cloacae_complex,Enterobacter cloacae complex,20,Moxifloxacin,1226,1088,138,0.48282315643648765,0.6099977355072463,0.1271745790707587
1,species_multihead_no_enrichment,3,enterobacter_cloacae_complex,Enterobacter cloacae complex,21,Mupirocin,0,0,0,,,
1,species_multihead_no_enrichment,3,enterobacter_cloacae_complex,Enterobacter cloacae complex,22,Nitrofurantoin,0,0,0,,,
1,species_multihead_no_enrichment,3,enterobacter_cloacae_complex,Enterobacter cloacae complex,23,Oxacillin,0,0,0,,,
1,species_multihead_no_enrichment,3,enterobacter_cloacae_complex,Enterobacter cloacae complex,24,Piperacillin,1,1,0,,,
1,species_multihead_no_enrichment,3,enterobacter_cloacae_complex,Enterobacter cloacae complex,25,Piperacillin-Tazobactam,1543,938,605,0.4611905055595693,0.7764815239035049,0.3152910183439356
1,species_multihead_no_enrichment,3,enterobacter_cloacae_complex,Enterobacter cloacae complex,26,Rifampicin,0,0,0,,,
1,species_multihead_no_enrichment,3,enterobacter_cloacae_complex,Enterobacter cloacae complex,27,Teicoplanin,0,0,0,,,
1,species_multihead_no_enrichment,3,enterobacter_cloacae_complex,Enterobacter cloacae complex,28,Tetracycline,0,0,0,,,
1,species_multihead_no_enrichment,3,enterobacter_cloacae_complex,Enterobacter cloacae complex,29,Tigecycline,1,1,0,,,
1,species_multihead_no_enrichment,3,enterobacter_cloacae_complex,Enterobacter cloacae complex,30,Tobramycin,0,0,0,,,
1,species_multihead_no_enrichment,3,enterobacter_cloacae_complex,Enterobacter cloacae complex,31,Vancomycin,1,1,0,,,
1,species_multihead_no_enrichment,3,enterobacter_cloacae_complex,Enterobacter cloacae complex,32,Voriconazole,0,0,0,,,
1,species_multihead_no_enrichment,4,enterococcus_faecalis,Enterococcus faecalis,0,Amikacin,0,0,0,,,
1,species_multihead_no_enrichment,4,enterococcus_faecalis,Enterococcus faecalis,1,Ampicillin,4191,4181,10,0.4450849079167663,0.5633819660368333,0.11829705812006702
1,species_multihead_no_enrichment,4,enterococcus_faecalis,Enterococcus faecalis,2,Azithromycin,0,0,0,,,
1,species_multihead_no_enrichment,4,enterococcus_faecalis,Enterococcus faecalis,3,Cefepime,0,0,0,,,
1,species_multihead_no_enrichment,4,enterococcus_faecalis,Enterococcus faecalis,4,Ceftazidime,62,0,62,,,
1,species_multihead_no_enrichment,4,enterococcus_faecalis,Enterococcus faecalis,5,Ceftolozane-Tazobactam,0,0,0,,,
1,species_multihead_no_enrichment,4,enterococcus_faecalis,Enterococcus faecalis,6,Ceftriaxone,0,0,0,,,
1,species_multihead_no_enrichment,4,enterococcus_faecalis,Enterococcus faecalis,7,Ciprofloxacin,0,0,0,,,
1,species_multihead_no_enrichment,4,enterococcus_faecalis,Enterococcus faecalis,8,Clarithromycin,0,0,0,,,
1,species_multihead_no_enrichment,4,enterococcus_faecalis,Enterococcus faecalis,9,Clindamycin,4153,0,4153,,,
1,species_multihead_no_enrichment,4,enterococcus_faecalis,Enterococcus faecalis,10,Cotrimoxazole,0,0,0,,,
1,species_multihead_no_enrichment,4,enterococcus_faecalis,Enterococcus faecalis,11,Ertapenem,0,0,0,,,
1,species_multihead_no_enrichment,4,enterococcus_faecalis,Enterococcus faecalis,12,Erythromycin,4107,0,4107,,,
1,species_multihead_no_enrichment,4,enterococcus_faecalis,Enterococcus faecalis,13,Fosfomycin,0,0,0,,,
1,species_multihead_no_enrichment,4,enterococcus_faecalis,Enterococcus faecalis,14,Fusidic acid,0,0,0,,,
1,species_multihead_no_enrichment,4,enterococcus_faecalis,Enterococcus faecalis,15,Gentamicin,0,0,0,,,
1,species_multihead_no_enrichment,4,enterococcus_faecalis,Enterococcus faecalis,16,Imipenem,4190,2567,1623,0.4882056750917674,0.948234271613188,0.4600285965214206
1,species_multihead_no_enrichment,4,enterococcus_faecalis,Enterococcus faecalis,17,Levofloxacin,0,0,0,,,
1,species_multihead_no_enrichment,4,enterococcus_faecalis,Enterococcus faecalis,18,Linezolid,4133,4125,8,0.550590909090909,0.733090909090909,0.1825
1,species_multihead_no_enrichment,4,enterococcus_faecalis,Enterococcus faecalis,19,Meropenem,63,0,63,,,
1,species_multihead_no_enrichment,4,enterococcus_faecalis,Enterococcus faecalis,20,Moxifloxacin,1,1,0,,,
1,species_multihead_no_enrichment,4,enterococcus_faecalis,Enterococcus faecalis,21,Mupirocin,0,0,0,,,
1,species_multihead_no_enrichment,4,enterococcus_faecalis,Enterococcus faecalis,22,Nitrofurantoin,1910,1894,16,0.40760295670538543,0.5313654963041183,0.1237625395987329
1,species_multihead_no_enrichment,4,enterococcus_faecalis,Enterococcus faecalis,23,Oxacillin,0,0,0,,,
1,species_multihead_no_enrichment,4,enterococcus_faecalis,Enterococcus faecalis,24,Piperacillin,0,0,0,,,
1,species_multihead_no_enrichment,4,enterococcus_faecalis,Enterococcus faecalis,25,Piperacillin-Tazobactam,59,59,0,,,
1,species_multihead_no_enrichment,4,enterococcus_faecalis,Enterococcus faecalis,26,Rifampicin,0,0,0,,,
1,species_multihead_no_enrichment,4,enterococcus_faecalis,Enterococcus faecalis,27,Teicoplanin,3,3,0,,,
1,species_multihead_no_enrichment,4,enterococcus_faecalis,Enterococcus faecalis,28,Tetracycline,0,0,0,,,
1,species_multihead_no_enrichment,4,enterococcus_faecalis,Enterococcus faecalis,29,Tigecycline,4139,4139,0,,,
1,species_multihead_no_enrichment,4,enterococcus_faecalis,Enterococcus faecalis,30,Tobramycin,0,0,0,,,
1,species_multihead_no_enrichment,4,enterococcus_faecalis,Enterococcus faecalis,31,Vancomycin,4188,4185,3,0.6816009557945042,0.6479490242931103,-0.033651931501393895
1,species_multihead_no_enrichment,4,enterococcus_faecalis,Enterococcus faecalis,32,Voriconazole,0,0,0,,,
1,species_multihead_no_enrichment,5,enterococcus_faecium,Enterococcus faecium,0,Amikacin,0,0,0,,,
1,species_multihead_no_enrichment,5,enterococcus_faecium,Enterococcus faecium,1,Ampicillin,2468,151,2317,0.6119353925920421,0.8575272889412263,0.2455918963491842
1,species_multihead_no_enrichment,5,enterococcus_faecium,Enterococcus faecium,2,Azithromycin,0,0,0,,,
1,species_multihead_no_enrichment,5,enterococcus_faecium,Enterococcus faecium,3,Cefepime,0,0,0,,,
1,species_multihead_no_enrichment,5,enterococcus_faecium,Enterococcus faecium,4,Ceftazidime,22,0,22,,,
1,species_multihead_no_enrichment,5,enterococcus_faecium,Enterococcus faecium,5,Ceftolozane-Tazobactam,0,0,0,,,
1,species_multihead_no_enrichment,5,enterococcus_faecium,Enterococcus faecium,6,Ceftriaxone,0,0,0,,,
1,species_multihead_no_enrichment,5,enterococcus_faecium,Enterococcus faecium,7,Ciprofloxacin,0,0,0,,,
1,species_multihead_no_enrichment,5,enterococcus_faecium,Enterococcus faecium,8,Clarithromycin,0,0,0,,,
1,species_multihead_no_enrichment,5,enterococcus_faecium,Enterococcus faecium,9,Clindamycin,2447,0,2447,,,
1,species_multihead_no_enrichment,5,enterococcus_faecium,Enterococcus faecium,10,Cotrimoxazole,0,0,0,,,
1,species_multihead_no_enrichment,5,enterococcus_faecium,Enterococcus faecium,11,Ertapenem,0,0,0,,,
1,species_multihead_no_enrichment,5,enterococcus_faecium,Enterococcus faecium,12,Erythromycin,2428,0,2428,,,
1,species_multihead_no_enrichment,5,enterococcus_faecium,Enterococcus faecium,13,Fosfomycin,1,0,1,,,
1,species_multihead_no_enrichment,5,enterococcus_faecium,Enterococcus faecium,14,Fusidic acid,0,0,0,,,
1,species_multihead_no_enrichment,5,enterococcus_faecium,Enterococcus faecium,15,Gentamicin,0,0,0,,,
1,species_multihead_no_enrichment,5,enterococcus_faecium,Enterococcus faecium,16,Imipenem,2468,77,2391,0.4530870635011162,0.8966524901280235,0.4435654266269073
1,species_multihead_no_enrichment,5,enterococcus_faecium,Enterococcus faecium,17,Levofloxacin,0,0,0,,,
1,species_multihead_no_enrichment,5,enterococcus_faecium,Enterococcus faecium,18,Linezolid,2448,2373,75,0.5239780868099452,0.6745413681696868,0.15056328135974162
1,species_multihead_no_enrichment,5,enterococcus_faecium,Enterococcus faecium,19,Meropenem,22,0,22,,,
1,species_multihead_no_enrichment,5,enterococcus_faecium,Enterococcus faecium,20,Moxifloxacin,2,0,2,,,
1,species_multihead_no_enrichment,5,enterococcus_faecium,Enterococcus faecium,21,Mupirocin,0,0,0,,,
1,species_multihead_no_enrichment,5,enterococcus_faecium,Enterococcus faecium,22,Nitrofurantoin,0,0,0,,,
1,species_multihead_no_enrichment,5,enterococcus_faecium,Enterococcus faecium,23,Oxacillin,0,0,0,,,
1,species_multihead_no_enrichment,5,enterococcus_faecium,Enterococcus faecium,24,Piperacillin,0,0,0,,,
1,species_multihead_no_enrichment,5,enterococcus_faecium,Enterococcus faecium,25,Piperacillin-Tazobactam,23,2,21,0.42857142857142855,0.30952380952380953,-0.11904761904761901
1,species_multihead_no_enrichment,5,enterococcus_faecium,Enterococcus faecium,26,Rifampicin,0,0,0,,,
1,species_multihead_no_enrichment,5,enterococcus_faecium,Enterococcus faecium,27,Teicoplanin,137,87,50,0.5062068965517241,0.20827586206896553,-0.2979310344827586
1,species_multihead_no_enrichment,5,enterococcus_faecium,Enterococcus faecium,28,Tetracycline,0,0,0,,,
1,species_multihead_no_enrichment,5,enterococcus_faecium,Enterococcus faecium,29,Tigecycline,2434,2434,0,,,
1,species_multihead_no_enrichment,5,enterococcus_faecium,Enterococcus faecium,30,Tobramycin,0,0,0,,,
1,species_multihead_no_enrichment,5,enterococcus_faecium,Enterococcus faecium,31,Vancomycin,2469,1342,1127,0.4809958649435281,0.8345395567674357,0.35354369182390766
1,species_multihead_no_enrichment,5,enterococcus_faecium,Enterococcus faecium,32,Voriconazole,0,0,0,,,
1,species_multihead_no_enrichment,6,escherichia_coli,Escherichia coli,0,Amikacin,3,2,1,0.0,0.5,0.5
1,species_multihead_no_enrichment,6,escherichia_coli,Escherichia coli,1,Ampicillin,9493,4408,5085,0.5333000069597247,0.6527839567640492,0.11948394980432453
1,species_multihead_no_enrichment,6,escherichia_coli,Escherichia coli,2,Azithromycin,0,0,0,,,
1,species_multihead_no_enrichment,6,escherichia_coli,Escherichia coli,3,Cefepime,3,1,2,0.0,1.0,1.0
1,species_multihead_no_enrichment,6,escherichia_coli,Escherichia coli,4,Ceftazidime,9497,7672,1825,0.5284538688988244,0.7687814075735284,0.24032753867470402
1,species_multihead_no_enrichment,6,escherichia_coli,Escherichia coli,5,Ceftolozane-Tazobactam,0,0,0,,,
1,species_multihead_no_enrichment,6,escherichia_coli,Escherichia coli,6,Ceftriaxone,4174,3217,957,0.5021143877435346,0.8485046622420274,0.3463902744984928
1,species_multihead_no_enrichment,6,escherichia_coli,Escherichia coli,7,Ciprofloxacin,9488,7417,2071,0.5654982579789978,0.7367515163951528,0.17125325841615502
1,species_multihead_no_enrichment,6,escherichia_coli,Escherichia coli,8,Clarithromycin,0,0,0,,,
1,species_multihead_no_enrichment,6,escherichia_coli,Escherichia coli,9,Clindamycin,2,2,0,,,
1,species_multihead_no_enrichment,6,escherichia_coli,Escherichia coli,10,Cotrimoxazole,9490,6921,2569,0.5716307924685696,0.6300162333635864,0.05838544089501674
1,species_multihead_no_enrichment,6,escherichia_coli,Escherichia coli,11,Ertapenem,600,596,4,0.7441275167785235,0.43729026845637586,-0.30683724832214765
1,species_multihead_no_enrichment,6,escherichia_coli,Escherichia coli,12,Erythromycin,2,2,0,,,
1,species_multihead_no_enrichment,6,escherichia_coli,Escherichia coli,13,Fosfomycin,2807,2767,40,0.5872741235995663,0.6604671123960968,0.07319298879653047
1,species_multihead_no_enrichment,6,escherichia_coli,Escherichia coli,14,Fusidic acid,0,0,0,,,
1,species_multihead_no_enrichment,6,escherichia_coli,Escherichia coli,15,Gentamicin,9353,3147,6206,0.5404485454946324,0.7186816606129907,0.17823311511835827
1,species_multihead_no_enrichment,6,escherichia_coli,Escherichia coli,16,Imipenem,9492,9468,24,0.5755857449654977,0.6527249683143219,0.07713922334882417
1,species_multihead_no_enrichment,6,escherichia_coli,Escherichia coli,17,Levofloxacin,2,2,0,,,
1,species_multihead_no_enrichment,6,escherichia_coli,Escherichia coli,18,Linezolid,2,2,0,,,
1,species_multihead_no_enrichment,6,escherichia_coli,Escherichia coli,19,Meropenem,9494,9471,23,0.5943360280581914,0.6637561801930837,0.06942015213489228
1,species_multihead_no_enrichment,6,escherichia_coli,Escherichia coli,20,Moxifloxacin,4319,2867,1452,0.5495417359695826,0.7653342010010369,0.21579246503145433
1,species_multihead_no_enrichment,6,escherichia_coli,Escherichia coli,21,Mupirocin,0,0,0,,,
1,species_multihead_no_enrichment,6,escherichia_coli,Escherichia coli,22,Nitrofurantoin,5169,5088,81,0.5454203548412143,0.5671623864430468,0.021742031601832523
1,species_multihead_no_enrichment,6,escherichia_coli,Escherichia coli,23,Oxacillin,2,2,0,,,
1,species_multihead_no_enrichment,6,escherichia_coli,Escherichia coli,24,Piperacillin,5,2,3,0.5,0.6666666666666666,0.16666666666666663
1,species_multihead_no_enrichment,6,escherichia_coli,Escherichia coli,25,Piperacillin-Tazobactam,9435,7256,2179,0.5316954701412147,0.7325680812081647,0.2008726110669501
1,species_multihead_no_enrichment,6,escherichia_coli,Escherichia coli,26,Rifampicin,2,2,0,,,
1,species_multihead_no_enrichment,6,escherichia_coli,Escherichia coli,27,Teicoplanin,0,0,0,,,
1,species_multihead_no_enrichment,6,escherichia_coli,Escherichia coli,28,Tetracycline,2,0,2,,,
1,species_multihead_no_enrichment,6,escherichia_coli,Escherichia coli,29,Tigecycline,6,5,1,0.5,0.0,-0.5
1,species_multihead_no_enrichment,6,escherichia_coli,Escherichia coli,30,Tobramycin,3,2,1,0.0,0.5,0.5
1,species_multihead_no_enrichment,6,escherichia_coli,Escherichia coli,31,Vancomycin,2,2,0,,,
1,species_multihead_no_enrichment,6,escherichia_coli,Escherichia coli,32,Voriconazole,0,0,0,,,
1,species_multihead_no_enrichment,7,haemophilus_influenzae,Haemophilus influenzae,0,Amikacin,0,0,0,,,
1,species_multihead_no_enrichment,7,haemophilus_influenzae,Haemophilus influenzae,1,Ampicillin,179,132,47,0.5132978723404256,0.5228884590586719,0.009590586718246308
1,species_multihead_no_enrichment,7,haemophilus_influenzae,Haemophilus influenzae,2,Azithromycin,0,0,0,,,
1,species_multihead_no_enrichment,7,haemophilus_influenzae,Haemophilus influenzae,3,Cefepime,0,0,0,,,
1,species_multihead_no_enrichment,7,haemophilus_influenzae,Haemophilus influenzae,4,Ceftazidime,0,0,0,,,
1,species_multihead_no_enrichment,7,haemophilus_influenzae,Haemophilus influenzae,5,Ceftolozane-Tazobactam,0,0,0,,,
1,species_multihead_no_enrichment,7,haemophilus_influenzae,Haemophilus influenzae,6,Ceftriaxone,2,2,0,,,
1,species_multihead_no_enrichment,7,haemophilus_influenzae,Haemophilus influenzae,7,Ciprofloxacin,180,175,5,0.48742857142857143,0.5777142857142857,0.0902857142857143
1,species_multihead_no_enrichment,7,haemophilus_influenzae,Haemophilus influenzae,8,Clarithromycin,0,0,0,,,
1,species_multihead_no_enrichment,7,haemophilus_influenzae,Haemophilus influenzae,9,Clindamycin,0,0,0,,,
1,species_multihead_no_enrichment,7,haemophilus_influenzae,Haemophilus influenzae,10,Cotrimoxazole,178,146,32,0.6410530821917808,0.4347174657534247,-0.20633561643835613
1,species_multihead_no_enrichment,7,haemophilus_influenzae,Haemophilus influenzae,11,Ertapenem,0,0,0,,,
1,species_multihead_no_enrichment,7,haemophilus_influenzae,Haemophilus influenzae,12,Erythromycin,0,0,0,,,
1,species_multihead_no_enrichment,7,haemophilus_influenzae,Haemophilus influenzae,13,Fosfomycin,0,0,0,,,
1,species_multihead_no_enrichment,7,haemophilus_influenzae,Haemophilus influenzae,14,Fusidic acid,0,0,0,,,
1,species_multihead_no_enrichment,7,haemophilus_influenzae,Haemophilus influenzae,15,Gentamicin,0,0,0,,,
1,species_multihead_no_enrichment,7,haemophilus_influenzae,Haemophilus influenzae,16,Imipenem,0,0,0,,,
1,species_multihead_no_enrichment,7,haemophilus_influenzae,Haemophilus influenzae,17,Levofloxacin,178,174,4,0.3735632183908046,0.7974137931034483,0.4238505747126437
1,species_multihead_no_enrichment,7,haemophilus_influenzae,Haemophilus influenzae,18,Linezolid,0,0,0,,,
1,species_multihead_no_enrichment,7,haemophilus_influenzae,Haemophilus influenzae,19,Meropenem,0,0,0,,,
1,species_multihead_no_enrichment,7,haemophilus_influenzae,Haemophilus influenzae,20,Moxifloxacin,179,175,4,0.4364285714285714,0.7071428571428571,0.2707142857142857
1,species_multihead_no_enrichment,7,haemophilus_influenzae,Haemophilus influenzae,21,Mupirocin,0,0,0,,,
1,species_multihead_no_enrichment,7,haemophilus_influenzae,Haemophilus influenzae,22,Nitrofurantoin,0,0,0,,,
1,species_multihead_no_enrichment,7,haemophilus_influenzae,Haemophilus influenzae,23,Oxacillin,0,0,0,,,
1,species_multihead_no_enrichment,7,haemophilus_influenzae,Haemophilus influenzae,24,Piperacillin,0,0,0,,,
1,species_multihead_no_enrichment,7,haemophilus_influenzae,Haemophilus influenzae,25,Piperacillin-Tazobactam,0,0,0,,,
1,species_multihead_no_enrichment,7,haemophilus_influenzae,Haemophilus influenzae,26,Rifampicin,0,0,0,,,
1,species_multihead_no_enrichment,7,haemophilus_influenzae,Haemophilus influenzae,27,Teicoplanin,0,0,0,,,
1,species_multihead_no_enrichment,7,haemophilus_influenzae,Haemophilus influenzae,28,Tetracycline,0,0,0,,,
1,species_multihead_no_enrichment,7,haemophilus_influenzae,Haemophilus influenzae,29,Tigecycline,0,0,0,,,
1,species_multihead_no_enrichment,7,haemophilus_influenzae,Haemophilus influenzae,30,Tobramycin,0,0,0,,,
1,species_multihead_no_enrichment,7,haemophilus_influenzae,Haemophilus influenzae,31,Vancomycin,0,0,0,,,
1,species_multihead_no_enrichment,7,haemophilus_influenzae,Haemophilus influenzae,32,Voriconazole,0,0,0,,,
1,species_multihead_no_enrichment,8,klebsiella_oxytoca,Klebsiella oxytoca,0,Amikacin,1,1,0,,,
1,species_multihead_no_enrichment,8,klebsiella_oxytoca,Klebsiella oxytoca,1,Ampicillin,1273,6,1267,0.5,0.45974743488555647,-0.04025256511444353
1,species_multihead_no_enrichment,8,klebsiella_oxytoca,Klebsiella oxytoca,2,Azithromycin,0,0,0,,,
1,species_multihead_no_enrichment,8,klebsiella_oxytoca,Klebsiella oxytoca,3,Cefepime,1,1,0,,,
1,species_multihead_no_enrichment,8,klebsiella_oxytoca,Klebsiella oxytoca,4,Ceftazidime,1274,1248,26,0.5200936883629191,0.7786458333333334,0.25855214497041423
1,species_multihead_no_enrichment,8,klebsiella_oxytoca,Klebsiella oxytoca,5,Ceftolozane-Tazobactam,0,0,0,,,
1,species_multihead_no_enrichment,8,klebsiella_oxytoca,Klebsiella oxytoca,6,Ceftriaxone,907,881,26,0.5134462586221951,0.8729153933467214,0.35946913472452635
1,species_multihead_no_enrichment,8,klebsiella_oxytoca,Klebsiella oxytoca,7,Ciprofloxacin,1274,1240,34,0.5695683111954458,0.6496797912713472,0.08011148007590141
1,species_multihead_no_enrichment,8,klebsiella_oxytoca,Klebsiella oxytoca,8,Clarithromycin,0,0,0,,,
1,species_multihead_no_enrichment,8,klebsiella_oxytoca,Klebsiella oxytoca,9,Clindamycin,0,0,0,,,
1,species_multihead_no_enrichment,8,klebsiella_oxytoca,Klebsiella oxytoca,10,Cotrimoxazole,1274,1254,20,0.42284688995215314,0.49009170653907497,0.06724481658692183
1,species_multihead_no_enrichment,8,klebsiella_oxytoca,Klebsiella oxytoca,11,Ertapenem,5,5,0,,,
1,species_multihead_no_enrichment,8,klebsiella_oxytoca,Klebsiella oxytoca,12,Erythromycin,0,0,0,,,
1,species_multihead_no_enrichment,8,klebsiella_oxytoca,Klebsiella oxytoca,13,Fosfomycin,271,194,77,0.5330030793948319,0.48041906547061186,-0.052584013924220074
1,species_multihead_no_enrichment,8,klebsiella_oxytoca,Klebsiella oxytoca,14,Fusidic acid,0,0,0,,,
1,species_multihead_no_enrichment,8,klebsiella_oxytoca,Klebsiella oxytoca,15,Gentamicin,1259,498,761,0.6100631171202551,0.6360474750513222,0.025984357931067126
1,species_multihead_no_enrichment,8,klebsiella_oxytoca,Klebsiella oxytoca,16,Imipenem,1273,1272,1,0.059355345911949686,0.38089622641509435,0.32154088050314467
1,species_multihead_no_enrichment,8,klebsiella_oxytoca,Klebsiella oxytoca,17,Levofloxacin,0,0,0,,,
1,species_multihead_no_enrichment,8,klebsiella_oxytoca,Klebsiella oxytoca,18,Linezolid,0,0,0,,,
1,species_multihead_no_enrichment,8,klebsiella_oxytoca,Klebsiella oxytoca,19,Meropenem,1272,1271,1,0.33280881195908735,0.9339103068450039,0.6011014948859166
1,species_multihead_no_enrichment,8,klebsiella_oxytoca,Klebsiella oxytoca,20,Moxifloxacin,939,848,91,0.4727477710968277,0.6643103358905246,0.19156256479369688
1,species_multihead_no_enrichment,8,klebsiella_oxytoca,Klebsiella oxytoca,21,Mupirocin,0,0,0,,,
1,species_multihead_no_enrichment,8,klebsiella_oxytoca,Klebsiella oxytoca,22,Nitrofurantoin,0,0,0,,,
1,species_multihead_no_enrichment,8,klebsiella_oxytoca,Klebsiella oxytoca,23,Oxacillin,0,0,0,,,
1,species_multihead_no_enrichment,8,klebsiella_oxytoca,Klebsiella oxytoca,24,Piperacillin,1,0,1,,,
1,species_multihead_no_enrichment,8,klebsiella_oxytoca,Klebsiella oxytoca,25,Piperacillin-Tazobactam,1274,970,304,0.5343733043950082,0.6950742674986435,0.16070096310363535
1,species_multihead_no_enrichment,8,klebsiella_oxytoca,Klebsiella oxytoca,26,Rifampicin,0,0,0,,,
1,species_multihead_no_enrichment,8,klebsiella_oxytoca,Klebsiella oxytoca,27,Teicoplanin,0,0,0,,,
1,species_multihead_no_enrichment,8,klebsiella_oxytoca,Klebsiella oxytoca,28,Tetracycline,0,0,0,,,
1,species_multihead_no_enrichment,8,klebsiella_oxytoca,Klebsiella oxytoca,29,Tigecycline,0,0,0,,,
1,species_multihead_no_enrichment,8,klebsiella_oxytoca,Klebsiella oxytoca,30,Tobramycin,1,1,0,,,
1,species_multihead_no_enrichment,8,klebsiella_oxytoca,Klebsiella oxytoca,31,Vancomycin,0,0,0,,,
1,species_multihead_no_enrichment,8,klebsiella_oxytoca,Klebsiella oxytoca,32,Voriconazole,0,0,0,,,
1,species_multihead_no_enrichment,9,klebsiella_pneumoniae,Klebsiella pneumoniae,0,Amikacin,0,0,0,,,
1,species_multihead_no_enrichment,9,klebsiella_pneumoniae,Klebsiella pneumoniae,1,Ampicillin,3241,7,3234,0.6009585652442796,0.9445401537238272,0.34358158847954756
1,species_multihead_no_enrichment,9,klebsiella_pneumoniae,Klebsiella pneumoniae,2,Azithromycin,0,0,0,,,
1,species_multihead_no_enrichment,9,klebsiella_pneumoniae,Klebsiella pneumoniae,3,Cefepime,0,0,0,,,
1,species_multihead_no_enrichment,9,klebsiella_pneumoniae,Klebsiella pneumoniae,4,Ceftazidime,3239,2451,788,0.5271079658773897,0.8317176559034228,0.3046096900260331
1,species_multihead_no_enrichment,9,klebsiella_pneumoniae,Klebsiella pneumoniae,5,Ceftolozane-Tazobactam,3,0,3,,,
1,species_multihead_no_enrichment,9,klebsiella_pneumoniae,Klebsiella pneumoniae,6,Ceftriaxone,2109,1553,556,0.5517112388646713,0.8816887250019688,0.3299774861372975
1,species_multihead_no_enrichment,9,klebsiella_pneumoniae,Klebsiella pneumoniae,7,Ciprofloxacin,3240,2646,594,0.5981562284472338,0.7952156358241014,0.19705940737686756
1,species_multihead_no_enrichment,9,klebsiella_pneumoniae,Klebsiella pneumoniae,8,Clarithromycin,0,0,0,,,
1,species_multihead_no_enrichment,9,klebsiella_pneumoniae,Klebsiella pneumoniae,9,Clindamycin,0,0,0,,,
1,species_multihead_no_enrichment,9,klebsiella_pneumoniae,Klebsiella pneumoniae,10,Cotrimoxazole,3238,2656,582,0.5622771368981079,0.794951714072786,0.2326745771746781
1,species_multihead_no_enrichment,9,klebsiella_pneumoniae,Klebsiella pneumoniae,11,Ertapenem,211,192,19,0.6975054824561403,0.8584155701754386,0.16091008771929827
1,species_multihead_no_enrichment,9,klebsiella_pneumoniae,Klebsiella pneumoniae,12,Erythromycin,0,0,0,,,
1,species_multihead_no_enrichment,9,klebsiella_pneumoniae,Klebsiella pneumoniae,13,Fosfomycin,872,617,255,0.4940890456668892,0.4873359392379318,-0.006753106428957434
1,species_multihead_no_enrichment,9,klebsiella_pneumoniae,Klebsiella pneumoniae,14,Fusidic acid,0,0,0,,,
1,species_multihead_no_enrichment,9,klebsiella_pneumoniae,Klebsiella pneumoniae,15,Gentamicin,3208,1209,1999,0.55128122373842,0.7185658586116881,0.16728463487326806
1,species_multihead_no_enrichment,9,klebsiella_pneumoniae,Klebsiella pneumoniae,16,Imipenem,3238,2991,247,0.7130981338076308,0.9390086589051906,0.22591052509755982
1,species_multihead_no_enrichment,9,klebsiella_pneumoniae,Klebsiella pneumoniae,17,Levofloxacin,0,0,0,,,
1,species_multihead_no_enrichment,9,klebsiella_pneumoniae,Klebsiella pneumoniae,18,Linezolid,0,0,0,,,
1,species_multihead_no_enrichment,9,klebsiella_pneumoniae,Klebsiella pneumoniae,19,Meropenem,3239,2992,247,0.7095655892095521,0.9422210916018965,0.23265550239234434
1,species_multihead_no_enrichment,9,klebsiella_pneumoniae,Klebsiella pneumoniae,20,Moxifloxacin,2129,1489,640,0.5616258814640699,0.7746416428811282,0.21301576141705836
1,species_multihead_no_enrichment,9,klebsiella_pneumoniae,Klebsiella pneumoniae,21,Mupirocin,0,0,0,,,
1,species_multihead_no_enrichment,9,klebsiella_pneumoniae,Klebsiella pneumoniae,22,Nitrofurantoin,0,0,0,,,
1,species_multihead_no_enrichment,9,klebsiella_pneumoniae,Klebsiella pneumoniae,23,Oxacillin,0,0,0,,,
1,species_multihead_no_enrichment,9,klebsiella_pneumoniae,Klebsiella pneumoniae,24,Piperacillin,0,0,0,,,
1,species_multihead_no_enrichment,9,klebsiella_pneumoniae,Klebsiella pneumoniae,25,Piperacillin-Tazobactam,3232,2142,1090,0.5241742262654298,0.7729511988281552,0.24877697256272546
1,species_multihead_no_enrichment,9,klebsiella_pneumoniae,Klebsiella pneumoniae,26,Rifampicin,0,0,0,,,
1,species_multihead_no_enrichment,9,klebsiella_pneumoniae,Klebsiella pneumoniae,27,Teicoplanin,0,0,0,,,
1,species_multihead_no_enrichment,9,klebsiella_pneumoniae,Klebsiella pneumoniae,28,Tetracycline,0,0,0,,,
1,species_multihead_no_enrichment,9,klebsiella_pneumoniae,Klebsiella pneumoniae,29,Tigecycline,0,0,0,,,
1,species_multihead_no_enrichment,9,klebsiella_pneumoniae,Klebsiella pneumoniae,30,Tobramycin,0,0,0,,,
1,species_multihead_no_enrichment,9,klebsiella_pneumoniae,Klebsiella pneumoniae,31,Vancomycin,0,0,0,,,
1,species_multihead_no_enrichment,9,klebsiella_pneumoniae,Klebsiella pneumoniae,32,Voriconazole,0,0,0,,,
1,species_multihead_no_enrichment,10,morganella_morganii,Morganella morganii,0,Amikacin,1,1,0,,,
1,species_multihead_no_enrichment,10,morganella_morganii,Morganella morganii,1,Ampicillin,421,0,421,,,
1,species_multihead_no_enrichment,10,morganella_morganii,Morganella morganii,2,Azithromycin,0,0,0,,,
1,species_multihead_no_enrichment,10,morganella_morganii,Morganella morganii,3,Cefepime,1,0,1,,,
1,species_multihead_no_enrichment,10,morganella_morganii,Morganella morganii,4,Ceftazidime,423,321,102,0.5415826766843809,0.5147211532588113,-0.026861523425569578
1,species_multihead_no_enrichment,10,morganella_morganii,Morganella morganii,5,Ceftolozane-Tazobactam,0,0,0,,,
1,species_multihead_no_enrichment,10,morganella_morganii,Morganella morganii,6,Ceftriaxone,275,203,72,0.5612684729064039,0.5687944718117133,0.007525998905309361
1,species_multihead_no_enrichment,10,morganella_morganii,Morganella morganii,7,Ciprofloxacin,423,379,44,0.5892899976013433,0.6041916526745023,0.014901655073158993
1,species_multihead_no_enrichment,10,morganella_morganii,Morganella morganii,8,Clarithromycin,0,0,0,,,
1,species_multihead_no_enrichment,10,morganella_morganii,Morganella morganii,9,Clindamycin,0,0,0,,,
1,species_multihead_no_enrichment,10,morganella_morganii,Morganella morganii,10,Cotrimoxazole,423,391,32,0.5691336317135549,0.5806026214833759,0.011468989769821025
1,species_multihead_no_enrichment,10,morganella_morganii,Morganella morganii,11,Ertapenem,2,2,0,,,
1,species_multihead_no_enrichment,10,morganella_morganii,Morganella morganii,12,Erythromycin,0,0,0,,,
1,species_multihead_no_enrichment,10,morganella_morganii,Morganella morganii,13,Fosfomycin,117,0,117,,,
1,species_multihead_no_enrichment,10,morganella_morganii,Morganella morganii,14,Fusidic acid,0,0,0,,,
1,species_multihead_no_enrichment,10,morganella_morganii,Morganella morganii,15,Gentamicin,421,156,265,0.5462022254475085,0.7101717464925011,0.16396952104499263
1,species_multihead_no_enrichment,10,morganella_morganii,Morganella morganii,16,Imipenem,412,2,410,0.8701219512195122,0.00853658536585366,-0.8615853658536585
1,species_multihead_no_enrichment,10,morganella_morganii,Morganella morganii,17,Levofloxacin,0,0,0,,,
1,species_multihead_no_enrichment,10,morganella_morganii,Morganella morganii,18,Linezolid,0,0,0,,,
1,species_multihead_no_enrichment,10,morganella_morganii,Morganella morganii,19,Meropenem,422,420,2,0.8630952380952381,0.46726190476190477,-0.39583333333333337
1,species_multihead_no_enrichment,10,morganella_morganii,Morganella morganii,20,Moxifloxacin,281,213,68,0.5698356807511737,0.6167495167080916,0.04691383595691789
1,species_multihead_no_enrichment,10,morganella_morganii,Morganella morganii,21,Mupirocin,0,0,0,,,
1,species_multihead_no_enrichment,10,morganella_morganii,Morganella morganii,22,Nitrofurantoin,3,0,3,,,
1,species_multihead_no_enrichment,10,morganella_morganii,Morganella morganii,23,Oxacillin,0,0,0,,,
1,species_multihead_no_enrichment,10,morganella_morganii,Morganella morganii,24,Piperacillin,1,0,1,,,
1,species_multihead_no_enrichment,10,morganella_morganii,Morganella morganii,25,Piperacillin-Tazobactam,423,319,104,0.5441132143718349,0.5161261152640463,-0.027987099107788627
1,species_multihead_no_enrichment,10,morganella_morganii,Morganella morganii,26,Rifampicin,0,0,0,,,
1,species_multihead_no_enrichment,10,morganella_morganii,Morganella morganii,27,Teicoplanin,0,0,0,,,
1,species_multihead_no_enrichment,10,morganella_morganii,Morganella morganii,28,Tetracycline,0,0,0,,,
1,species_multihead_no_enrichment,10,morganella_morganii,Morganella morganii,29,Tigecycline,0,0,0,,,
1,species_multihead_no_enrichment,10,morganella_morganii,Morganella morganii,30,Tobramycin,2,0,2,,,
1,species_multihead_no_enrichment,10,morganella_morganii,Morganella morganii,31,Vancomycin,0,0,0,,,
1,species_multihead_no_enrichment,10,morganella_morganii,Morganella morganii,32,Voriconazole,0,0,0,,,
1,species_multihead_no_enrichment,11,proteus_mirabilis,Proteus mirabilis,0,Amikacin,0,0,0,,,
1,species_multihead_no_enrichment,11,proteus_mirabilis,Proteus mirabilis,1,Ampicillin,2012,1399,613,0.5136633367809913,0.5084422921522831,-0.005221044628708205
1,species_multihead_no_enrichment,11,proteus_mirabilis,Proteus mirabilis,2,Azithromycin,0,0,0,,,
1,species_multihead_no_enrichment,11,proteus_mirabilis,Proteus mirabilis,3,Cefepime,0,0,0,,,
1,species_multihead_no_enrichment,11,proteus_mirabilis,Proteus mirabilis,4,Ceftazidime,2012,1989,23,0.5947275231162699,0.6644370122630993,0.0697094891468294
1,species_multihead_no_enrichment,11,proteus_mirabilis,Proteus mirabilis,5,Ceftolozane-Tazobactam,0,0,0,,,
1,species_multihead_no_enrichment,11,proteus_mirabilis,Proteus mirabilis,6,Ceftriaxone,1098,1094,4,0.4953153564899452,0.7381170018281535,0.24280164533820836
1,species_multihead_no_enrichment,11,proteus_mirabilis,Proteus mirabilis,7,Ciprofloxacin,2012,1726,286,0.6182824996556168,0.6041546807769288,-0.01412781887868797
1,species_multihead_no_enrichment,11,proteus_mirabilis,Proteus mirabilis,8,Clarithromycin,0,0,0,,,
1,species_multihead_no_enrichment,11,proteus_mirabilis,Proteus mirabilis,9,Clindamycin,0,0,0,,,
1,species_multihead_no_enrichment,11,proteus_mirabilis,Proteus mirabilis,10,Cotrimoxazole,2012,1328,684,0.5207122349045304,0.5013541006129781,-0.01935813429155231
1,species_multihead_no_enrichment,11,proteus_mirabilis,Proteus mirabilis,11,Ertapenem,7,7,0,,,
1,species_multihead_no_enrichment,11,proteus_mirabilis,Proteus mirabilis,12,Erythromycin,0,0,0,,,
1,species_multihead_no_enrichment,11,proteus_mirabilis,Proteus mirabilis,13,Fosfomycin,696,564,132,0.5099465398667526,0.4703282828282829,-0.03961825703846977
1,species_multihead_no_enrichment,11,proteus_mirabilis,Proteus mirabilis,14,Fusidic acid,0,0,0,,,
1,species_multihead_no_enrichment,11,proteus_mirabilis,Proteus mirabilis,15,Gentamicin,1996,705,1291,0.46468788283314383,0.6153688108069504,0.15068092797380656
1,species_multihead_no_enrichment,11,proteus_mirabilis,Proteus mirabilis,16,Imipenem,1949,0,1949,,,
1,species_multihead_no_enrichment,11,proteus_mirabilis,Proteus mirabilis,17,Levofloxacin,0,0,0,,,
1,species_multihead_no_enrichment,11,proteus_mirabilis,Proteus mirabilis,18,Linezolid,0,0,0,,,
1,species_multihead_no_enrichment,11,proteus_mirabilis,Proteus mirabilis,19,Meropenem,2010,2008,2,0.568351593625498,0.8966633466135459,0.3283117529880478
1,species_multihead_no_enrichment,11,proteus_mirabilis,Proteus mirabilis,20,Moxifloxacin,1144,473,671,0.5397878903406924,0.5387418355740541,-0.0010460547666383269
1,species_multihead_no_enrichment,11,proteus_mirabilis,Proteus mirabilis,21,Mupirocin,0,0,0,,,
1,species_multihead_no_enrichment,11,proteus_mirabilis,Proteus mirabilis,22,Nitrofurantoin,38,1,37,0.5,0.5,0.0
1,species_multihead_no_enrichment,11,proteus_mirabilis,Proteus mirabilis,23,Oxacillin,0,0,0,,,
1,species_multihead_no_enrichment,11,proteus_mirabilis,Proteus mirabilis,24,Piperacillin,0,0,0,,,
1,species_multihead_no_enrichment,11,proteus_mirabilis,Proteus mirabilis,25,Piperacillin-Tazobactam,2000,1977,23,0.5499989003980559,0.5752457610345055,0.025246860636449653
1,species_multihead_no_enrichment,11,proteus_mirabilis,Proteus mirabilis,26,Rifampicin,0,0,0,,,
1,species_multihead_no_enrichment,11,proteus_mirabilis,Proteus mirabilis,27,Teicoplanin,0,0,0,,,
1,species_multihead_no_enrichment,11,proteus_mirabilis,Proteus mirabilis,28,Tetracycline,0,0,0,,,
1,species_multihead_no_enrichment,11,proteus_mirabilis,Proteus mirabilis,29,Tigecycline,0,0,0,,,
1,species_multihead_no_enrichment,11,proteus_mirabilis,Proteus mirabilis,30,Tobramycin,0,0,0,,,
1,species_multihead_no_enrichment,11,proteus_mirabilis,Proteus mirabilis,31,Vancomycin,0,0,0,,,
1,species_multihead_no_enrichment,11,proteus_mirabilis,Proteus mirabilis,32,Voriconazole,0,0,0,,,
1,species_multihead_no_enrichment,12,proteus_vulgaris,Proteus vulgaris,0,Amikacin,0,0,0,,,
1,species_multihead_no_enrichment,12,proteus_vulgaris,Proteus vulgaris,1,Ampicillin,380,4,376,0.5,0.1658909574468085,-0.3341090425531915
1,species_multihead_no_enrichment,12,proteus_vulgaris,Proteus vulgaris,2,Azithromycin,0,0,0,,,
1,species_multihead_no_enrichment,12,proteus_vulgaris,Proteus vulgaris,3,Cefepime,0,0,0,,,
1,species_multihead_no_enrichment,12,proteus_vulgaris,Proteus vulgaris,4,Ceftazidime,379,363,16,0.3784435261707989,0.4895833333333333,0.11113980716253441
1,species_multihead_no_enrichment,12,proteus_vulgaris,Proteus vulgaris,5,Ceftolozane-Tazobactam,0,0,0,,,
1,species_multihead_no_enrichment,12,proteus_vulgaris,Proteus vulgaris,6,Ceftriaxone,268,266,2,0.23120300751879702,0.5808270676691729,0.3496240601503759
1,species_multihead_no_enrichment,12,proteus_vulgaris,Proteus vulgaris,7,Ciprofloxacin,380,375,5,0.5064,0.5914666666666667,0.08506666666666673
1,species_multihead_no_enrichment,12,proteus_vulgaris,Proteus vulgaris,8,Clarithromycin,0,0,0,,,
1,species_multihead_no_enrichment,12,proteus_vulgaris,Proteus vulgaris,9,Clindamycin,0,0,0,,,
1,species_multihead_no_enrichment,12,proteus_vulgaris,Proteus vulgaris,10,Cotrimoxazole,378,333,45,0.526026026026026,0.5114447781114448,-0.014581247914581152
1,species_multihead_no_enrichment,12,proteus_vulgaris,Proteus vulgaris,11,Ertapenem,6,6,0,,,
1,species_multihead_no_enrichment,12,proteus_vulgaris,Proteus vulgaris,12,Erythromycin,0,0,0,,,
1,species_multihead_no_enrichment,12,proteus_vulgaris,Proteus vulgaris,13,Fosfomycin,71,68,3,0.5980392156862745,0.5049019607843137,-0.09313725490196079
1,species_multihead_no_enrichment,12,proteus_vulgaris,Proteus vulgaris,14,Fusidic acid,0,0,0,,,
1,species_multihead_no_enrichment,12,proteus_vulgaris,Proteus vulgaris,15,Gentamicin,379,147,232,0.4619546094299789,0.6501436781609197,0.18818906873094077
1,species_multihead_no_enrichment,12,proteus_vulgaris,Proteus vulgaris,16,Imipenem,368,0,368,,,
1,species_multihead_no_enrichment,12,proteus_vulgaris,Proteus vulgaris,17,Levofloxacin,0,0,0,,,
1,species_multihead_no_enrichment,12,proteus_vulgaris,Proteus vulgaris,18,Linezolid,0,0,0,,,
1,species_multihead_no_enrichment,12,proteus_vulgaris,Proteus vulgaris,19,Meropenem,379,379,0,,,
1,species_multihead_no_enrichment,12,proteus_vulgaris,Proteus vulgaris,20,Moxifloxacin,292,135,157,0.5186364708657702,0.47388535031847134,-0.044751120547298906
1,species_multihead_no_enrichment,12,proteus_vulgaris,Proteus vulgaris,21,Mupirocin,0,0,0,,,
1,species_multihead_no_enrichment,12,proteus_vulgaris,Proteus vulgaris,22,Nitrofurantoin,3,0,3,,,
1,species_multihead_no_enrichment,12,proteus_vulgaris,Proteus vulgaris,23,Oxacillin,0,0,0,,,
1,species_multihead_no_enrichment,12,proteus_vulgaris,Proteus vulgaris,24,Piperacillin,0,0,0,,,
1,species_multihead_no_enrichment,12,proteus_vulgaris,Proteus vulgaris,25,Piperacillin-Tazobactam,377,369,8,0.2367886178861789,0.5418360433604336,0.3050474254742547
1,species_multihead_no_enrichment,12,proteus_vulgaris,Proteus vulgaris,26,Rifampicin,0,0,0,,,
1,species_multihead_no_enrichment,12,proteus_vulgaris,Proteus vulgaris,27,Teicoplanin,0,0,0,,,
1,species_multihead_no_enrichment,12,proteus_vulgaris,Proteus vulgaris,28,Tetracycline,0,0,0,,,
1,species_multihead_no_enrichment,12,proteus_vulgaris,Proteus vulgaris,29,Tigecycline,0,0,0,,,
1,species_multihead_no_enrichment,12,proteus_vulgaris,Proteus vulgaris,30,Tobramycin,0,0,0,,,
1,species_multihead_no_enrichment,12,proteus_vulgaris,Proteus vulgaris,31,Vancomycin,0,0,0,,,
1,species_multihead_no_enrichment,12,proteus_vulgaris,Proteus vulgaris,32,Voriconazole,0,0,0,,,
1,species_multihead_no_enrichment,13,pseudomonas_aeruginosa,Pseudomonas aeruginosa,0,Amikacin,3231,1214,2017,0.5332546092970868,0.9412826640769276,0.40802805477984083
1,species_multihead_no_enrichment,13,pseudomonas_aeruginosa,Pseudomonas aeruginosa,1,Ampicillin,171,0,171,,,
1,species_multihead_no_enrichment,13,pseudomonas_aeruginosa,Pseudomonas aeruginosa,2,Azithromycin,0,0,0,,,
1,species_multihead_no_enrichment,13,pseudomonas_aeruginosa,Pseudomonas aeruginosa,3,Cefepime,3255,2,3253,0.7600676298801106,0.46510913003381493,-0.29495849984629563
1,species_multihead_no_enrichment,13,pseudomonas_aeruginosa,Pseudomonas aeruginosa,4,Ceftazidime,3409,1,3408,0.6829518779342723,0.4240023474178404,-0.2589495305164319
1,species_multihead_no_enrichment,13,pseudomonas_aeruginosa,Pseudomonas aeruginosa,5,Ceftolozane-Tazobactam,73,60,13,0.4378205128205129,0.45128205128205134,0.01346153846153847
1,species_multihead_no_enrichment,13,pseudomonas_aeruginosa,Pseudomonas aeruginosa,6,Ceftriaxone,0,0,0,,,
1,species_multihead_no_enrichment,13,pseudomonas_aeruginosa,Pseudomonas aeruginosa,7,Ciprofloxacin,3410,0,3410,,,
1,species_multihead_no_enrichment,13,pseudomonas_aeruginosa,Pseudomonas aeruginosa,8,Clarithromycin,0,0,0,,,
1,species_multihead_no_enrichment,13,pseudomonas_aeruginosa,Pseudomonas aeruginosa,9,Clindamycin,0,0,0,,,
1,species_multihead_no_enrichment,13,pseudomonas_aeruginosa,Pseudomonas aeruginosa,10,Cotrimoxazole,3406,0,3406,,,
1,species_multihead_no_enrichment,13,pseudomonas_aeruginosa,Pseudomonas aeruginosa,11,Ertapenem,0,0,0,,,
1,species_multihead_no_enrichment,13,pseudomonas_aeruginosa,Pseudomonas aeruginosa,12,Erythromycin,0,0,0,,,
1,species_multihead_no_enrichment,13,pseudomonas_aeruginosa,Pseudomonas aeruginosa,13,Fosfomycin,0,0,0,,,
1,species_multihead_no_enrichment,13,pseudomonas_aeruginosa,Pseudomonas aeruginosa,14,Fusidic acid,0,0,0,,,
1,species_multihead_no_enrichment,13,pseudomonas_aeruginosa,Pseudomonas aeruginosa,15,Gentamicin,2097,0,2097,,,
1,species_multihead_no_enrichment,13,pseudomonas_aeruginosa,Pseudomonas aeruginosa,16,Imipenem,3399,0,3399,,,
1,species_multihead_no_enrichment,13,pseudomonas_aeruginosa,Pseudomonas aeruginosa,17,Levofloxacin,0,0,0,,,
1,species_multihead_no_enrichment,13,pseudomonas_aeruginosa,Pseudomonas aeruginosa,18,Linezolid,1,1,0,,,
1,species_multihead_no_enrichment,13,pseudomonas_aeruginosa,Pseudomonas aeruginosa,19,Meropenem,3403,2458,945,0.5517797409172511,0.5580243325971561,0.006244591679904987
1,species_multihead_no_enrichment,13,pseudomonas_aeruginosa,Pseudomonas aeruginosa,20,Moxifloxacin,173,0,173,,,
1,species_multihead_no_enrichment,13,pseudomonas_aeruginosa,Pseudomonas aeruginosa,21,Mupirocin,0,0,0,,,
1,species_multihead_no_enrichment,13,pseudomonas_aeruginosa,Pseudomonas aeruginosa,22,Nitrofurantoin,166,0,166,,,
1,species_multihead_no_enrichment,13,pseudomonas_aeruginosa,Pseudomonas aeruginosa,23,Oxacillin,0,0,0,,,
1,species_multihead_no_enrichment,13,pseudomonas_aeruginosa,Pseudomonas aeruginosa,24,Piperacillin,3227,0,3227,,,
1,species_multihead_no_enrichment,13,pseudomonas_aeruginosa,Pseudomonas aeruginosa,25,Piperacillin-Tazobactam,3378,0,3378,,,
1,species_multihead_no_enrichment,13,pseudomonas_aeruginosa,Pseudomonas aeruginosa,26,Rifampicin,0,0,0,,,
1,species_multihead_no_enrichment,13,pseudomonas_aeruginosa,Pseudomonas aeruginosa,27,Teicoplanin,0,0,0,,,
1,species_multihead_no_enrichment,13,pseudomonas_aeruginosa,Pseudomonas aeruginosa,28,Tetracycline,0,0,0,,,
1,species_multihead_no_enrichment,13,pseudomonas_aeruginosa,Pseudomonas aeruginosa,29,Tigecycline,1,1,0,,,
1,species_multihead_no_enrichment,13,pseudomonas_aeruginosa,Pseudomonas aeruginosa,30,Tobramycin,3242,1218,2024,0.5439847040765332,0.9427664414545973,0.3987817373780641
1,species_multihead_no_enrichment,13,pseudomonas_aeruginosa,Pseudomonas aeruginosa,31,Vancomycin,1,0,1,,,
1,species_multihead_no_enrichment,13,pseudomonas_aeruginosa,Pseudomonas aeruginosa,32,Voriconazole,0,0,0,,,
1,species_multihead_no_enrichment,14,serratia_marcescens,Serratia marcescens,0,Amikacin,1,1,0,,,
1,species_multihead_no_enrichment,14,serratia_marcescens,Serratia marcescens,1,Ampicillin,832,6,826,0.57909604519774,0.4891041162227603,-0.08999192897497976
1,species_multihead_no_enrichment,14,serratia_marcescens,Serratia marcescens,2,Azithromycin,0,0,0,,,
1,species_multihead_no_enrichment,14,serratia_marcescens,Serratia marcescens,3,Cefepime,1,1,0,,,
1,species_multihead_no_enrichment,14,serratia_marcescens,Serratia marcescens,4,Ceftazidime,832,754,78,0.5862324015507039,0.56291233081684,-0.023320070733863885
1,species_multihead_no_enrichment,14,serratia_marcescens,Serratia marcescens,5,Ceftolozane-Tazobactam,0,0,0,,,
1,species_multihead_no_enrichment,14,serratia_marcescens,Serratia marcescens,6,Ceftriaxone,680,620,60,0.5644086021505378,0.6710215053763441,0.1066129032258063
1,species_multihead_no_enrichment,14,serratia_marcescens,Serratia marcescens,7,Ciprofloxacin,831,789,42,0.5626169352405094,0.42253606131933125,-0.14008087392117813
1,species_multihead_no_enrichment,14,serratia_marcescens,Serratia marcescens,8,Clarithromycin,0,0,0,,,
1,species_multihead_no_enrichment,14,serratia_marcescens,Serratia marcescens,9,Clindamycin,0,0,0,,,
1,species_multihead_no_enrichment,14,serratia_marcescens,Serratia marcescens,10,Cotrimoxazole,831,821,10,0.8013398294762484,0.3984774665042631,-0.4028623629719853
1,species_multihead_no_enrichment,14,serratia_marcescens,Serratia marcescens,11,Ertapenem,3,2,1,0.5,0.0,-0.5
1,species_multihead_no_enrichment,14,serratia_marcescens,Serratia marcescens,12,Erythromycin,0,0,0,,,
1,species_multihead_no_enrichment,14,serratia_marcescens,Serratia marcescens,13,Fosfomycin,111,92,19,0.5117276887871853,0.5174485125858124,0.005720823798627039
1,species_multihead_no_enrichment,14,serratia_marcescens,Serratia marcescens,14,Fusidic acid,0,0,0,,,
1,species_multihead_no_enrichment,14,serratia_marcescens,Serratia marcescens,15,Gentamicin,829,323,506,0.49768107783991483,0.6990724311359658,0.201391353296051
1,species_multihead_no_enrichment,14,serratia_marcescens,Serratia marcescens,16,Imipenem,831,795,36,0.5133473095737248,0.7186582809224319,0.20531097134870713
1,species_multihead_no_enrichment,14,serratia_marcescens,Serratia marcescens,17,Levofloxacin,0,0,0,,,
1,species_multihead_no_enrichment,14,serratia_marcescens,Serratia marcescens,18,Linezolid,0,0,0,,,
1,species_multihead_no_enrichment,14,serratia_marcescens,Serratia marcescens,19,Meropenem,831,830,1,0.34518072289156626,0.9819277108433735,0.6367469879518073
1,species_multihead_no_enrichment,14,serratia_marcescens,Serratia marcescens,20,Moxifloxacin,696,329,367,0.4526266533049535,0.4372054694682093,-0.015421183836744179
1,species_multihead_no_enrichment,14,serratia_marcescens,Serratia marcescens,21,Mupirocin,0,0,0,,,
1,species_multihead_no_enrichment,14,serratia_marcescens,Serratia marcescens,22,Nitrofurantoin,6,0,6,,,
1,species_multihead_no_enrichment,14,serratia_marcescens,Serratia marcescens,23,Oxacillin,0,0,0,,,
1,species_multihead_no_enrichment,14,serratia_marcescens,Serratia marcescens,24,Piperacillin,1,1,0,,,
1,species_multihead_no_enrichment,14,serratia_marcescens,Serratia marcescens,25,Piperacillin-Tazobactam,831,748,83,0.5531940596611044,0.5692529476193544,0.016058887958250057
1,species_multihead_no_enrichment,14,serratia_marcescens,Serratia marcescens,26,Rifampicin,0,0,0,,,
1,species_multihead_no_enrichment,14,serratia_marcescens,Serratia marcescens,27,Teicoplanin,0,0,0,,,
1,species_multihead_no_enrichment,14,serratia_marcescens,Serratia marcescens,28,Tetracycline,0,0,0,,,
1,species_multihead_no_enrichment,14,serratia_marcescens,Serratia marcescens,29,Tigecycline,0,0,0,,,
1,species_multihead_no_enrichment,14,serratia_marcescens,Serratia marcescens,30,Tobramycin,1,1,0,,,
1,species_multihead_no_enrichment,14,serratia_marcescens,Serratia marcescens,31,Vancomycin,0,0,0,,,
1,species_multihead_no_enrichment,14,serratia_marcescens,Serratia marcescens,32,Voriconazole,0,0,0,,,
1,species_multihead_no_enrichment,15,staphylococcus_aureus,Staphylococcus aureus,0,Amikacin,0,0,0,,,
1,species_multihead_no_enrichment,15,staphylococcus_aureus,Staphylococcus aureus,1,Ampicillin,0,0,0,,,
1,species_multihead_no_enrichment,15,staphylococcus_aureus,Staphylococcus aureus,2,Azithromycin,0,0,0,,,
1,species_multihead_no_enrichment,15,staphylococcus_aureus,Staphylococcus aureus,3,Cefepime,0,0,0,,,
1,species_multihead_no_enrichment,15,staphylococcus_aureus,Staphylococcus aureus,4,Ceftazidime,0,0,0,,,
1,species_multihead_no_enrichment,15,staphylococcus_aureus,Staphylococcus aureus,5,Ceftolozane-Tazobactam,0,0,0,,,
1,species_multihead_no_enrichment,15,staphylococcus_aureus,Staphylococcus aureus,6,Ceftriaxone,0,0,0,,,
1,species_multihead_no_enrichment,15,staphylococcus_aureus,Staphylococcus aureus,7,Ciprofloxacin,0,0,0,,,
1,species_multihead_no_enrichment,15,staphylococcus_aureus,Staphylococcus aureus,8,Clarithromycin,0,0,0,,,
1,species_multihead_no_enrichment,15,staphylococcus_aureus,Staphylococcus aureus,9,Clindamycin,6006,4914,1092,0.5536124267809248,0.6370646549217978,0.08345222814087294
1,species_multihead_no_enrichment,15,staphylococcus_aureus,Staphylococcus aureus,10,Cotrimoxazole,6008,5868,140,0.5132699143051904,0.6347118755477651,0.12144196124257467
1,species_multihead_no_enrichment,15,staphylococcus_aureus,Staphylococcus aureus,11,Ertapenem,0,0,0,,,
1,species_multihead_no_enrichment,15,staphylococcus_aureus,Staphylococcus aureus,12,Erythromycin,6001,4846,1155,0.5220479066950384,0.6259987707986057,0.10395086410356724
1,species_multihead_no_enrichment,15,staphylococcus_aureus,Staphylococcus aureus,13,Fosfomycin,6006,5939,67,0.6137522523767758,0.7033170567435596,0.08956480436678382
1,species_multihead_no_enrichment,15,staphylococcus_aureus,Staphylococcus aureus,14,Fusidic acid,206,185,21,0.6182754182754182,0.503088803088803,-0.11518661518661522
1,species_multihead_no_enrichment,15,staphylococcus_aureus,Staphylococcus aureus,15,Gentamicin,6007,5907,100,0.5098425596749618,0.5600093109869647,0.05016675131200288
1,species_multihead_no_enrichment,15,staphylococcus_aureus,Staphylococcus aureus,16,Imipenem,0,0,0,,,
1,species_multihead_no_enrichment,15,staphylococcus_aureus,Staphylococcus aureus,17,Levofloxacin,6008,2940,3068,0.502547195540537,0.8860932802064764,0.3835460846659394
1,species_multihead_no_enrichment,15,staphylococcus_aureus,Staphylococcus aureus,18,Linezolid,6007,6004,3,0.25982678214523647,0.7597435043304462,0.49991672218520977
1,species_multihead_no_enrichment,15,staphylococcus_aureus,Staphylococcus aureus,19,Meropenem,0,0,0,,,
1,species_multihead_no_enrichment,15,staphylococcus_aureus,Staphylococcus aureus,20,Moxifloxacin,38,33,5,0.5181818181818183,0.896969696969697,0.3787878787878787
1,species_multihead_no_enrichment,15,staphylococcus_aureus,Staphylococcus aureus,21,Mupirocin,842,817,25,0.6566707466340269,0.5403182374541003,-0.11635250917992657
1,species_multihead_no_enrichment,15,staphylococcus_aureus,Staphylococcus aureus,22,Nitrofurantoin,0,0,0,,,
1,species_multihead_no_enrichment,15,staphylococcus_aureus,Staphylococcus aureus,23,Oxacillin,5998,4894,1104,0.6491074548545098,0.8706957980194618,0.22158834316495202
1,species_multihead_no_enrichment,15,staphylococcus_aureus,Staphylococcus aureus,24,Piperacillin,0,0,0,,,
1,species_multihead_no_enrichment,15,staphylococcus_aureus,Staphylococcus aureus,25,Piperacillin-Tazobactam,0,0,0,,,
1,species_multihead_no_enrichment,15,staphylococcus_aureus,Staphylococcus aureus,26,Rifampicin,6000,5970,30,0.4969262981574539,0.5719849246231156,0.07505862646566164
1,species_multihead_no_enrichment,15,staphylococcus_aureus,Staphylococcus aureus,27,Teicoplanin,0,0,0,,,
1,species_multihead_no_enrichment,15,staphylococcus_aureus,Staphylococcus aureus,28,Tetracycline,6005,5650,355,0.5200087249158669,0.5805117786364202,0.06050305372055331
1,species_multihead_no_enrichment,15,staphylococcus_aureus,Staphylococcus aureus,29,Tigecycline,5990,5985,5,0.49557226399331655,0.5500751879699248,0.054502923976608275
1,species_multihead_no_enrichment,15,staphylococcus_aureus,Staphylococcus aureus,30,Tobramycin,0,0,0,,,
1,species_multihead_no_enrichment,15,staphylococcus_aureus,Staphylococcus aureus,31,Vancomycin,6005,6001,4,0.681136477253791,0.8819363439426763,0.20079986668888528
1,species_multihead_no_enrichment,15,staphylococcus_aureus,Staphylococcus aureus,32,Voriconazole,0,0,0,,,
1,species_multihead_no_enrichment,16,staphylococcus_capitis,Staphylococcus capitis,0,Amikacin,0,0,0,,,
1,species_multihead_no_enrichment,16,staphylococcus_capitis,Staphylococcus capitis,1,Ampicillin,0,0,0,,,
1,species_multihead_no_enrichment,16,staphylococcus_capitis,Staphylococcus capitis,2,Azithromycin,0,0,0,,,
1,species_multihead_no_enrichment,16,staphylococcus_capitis,Staphylococcus capitis,3,Cefepime,0,0,0,,,
1,species_multihead_no_enrichment,16,staphylococcus_capitis,Staphylococcus capitis,4,Ceftazidime,0,0,0,,,
1,species_multihead_no_enrichment,16,staphylococcus_capitis,Staphylococcus capitis,5,Ceftolozane-Tazobactam,0,0,0,,,
1,species_multihead_no_enrichment,16,staphylococcus_capitis,Staphylococcus capitis,6,Ceftriaxone,0,0,0,,,
1,species_multihead_no_enrichment,16,staphylococcus_capitis,Staphylococcus capitis,7,Ciprofloxacin,0,0,0,,,
1,species_multihead_no_enrichment,16,staphylococcus_capitis,Staphylococcus capitis,8,Clarithromycin,0,0,0,,,
1,species_multihead_no_enrichment,16,staphylococcus_capitis,Staphylococcus capitis,9,Clindamycin,411,326,85,0.5556116925297726,0.5359797906892818,-0.019631901840490795
1,species_multihead_no_enrichment,16,staphylococcus_capitis,Staphylococcus capitis,10,Cotrimoxazole,404,400,4,0.540625,0.5853125,0.04468749999999999
1,species_multihead_no_enrichment,16,staphylococcus_capitis,Staphylococcus capitis,11,Ertapenem,0,0,0,,,
1,species_multihead_no_enrichment,16,staphylococcus_capitis,Staphylococcus capitis,12,Erythromycin,414,331,83,0.5420412768900374,0.5671750445892331,0.02513376769919562
1,species_multihead_no_enrichment,16,staphylococcus_capitis,Staphylococcus capitis,13,Fosfomycin,398,0,398,,,
1,species_multihead_no_enrichment,16,staphylococcus_capitis,Staphylococcus capitis,14,Fusidic acid,1,0,1,,,
1,species_multihead_no_enrichment,16,staphylococcus_capitis,Staphylococcus capitis,15,Gentamicin,401,373,28,0.4652432018383761,0.5908655687476063,0.12562236690923023
1,species_multihead_no_enrichment,16,staphylococcus_capitis,Staphylococcus capitis,16,Imipenem,0,0,0,,,
1,species_multihead_no_enrichment,16,staphylococcus_capitis,Staphylococcus capitis,17,Levofloxacin,401,243,158,0.48146845861332505,0.6401000156274417,0.15863155701411663
1,species_multihead_no_enrichment,16,staphylococcus_capitis,Staphylococcus capitis,18,Linezolid,403,403,0,,,
1,species_multihead_no_enrichment,16,staphylococcus_capitis,Staphylococcus capitis,19,Meropenem,0,0,0,,,
1,species_multihead_no_enrichment,16,staphylococcus_capitis,Staphylococcus capitis,20,Moxifloxacin,1,1,0,,,
1,species_multihead_no_enrichment,16,staphylococcus_capitis,Staphylococcus capitis,21,Mupirocin,0,0,0,,,
1,species_multihead_no_enrichment,16,staphylococcus_capitis,Staphylococcus capitis,22,Nitrofurantoin,0,0,0,,,
1,species_multihead_no_enrichment,16,staphylococcus_capitis,Staphylococcus capitis,23,Oxacillin,414,300,114,0.5171491228070175,0.6520906432748538,0.13494152046783625
1,species_multihead_no_enrichment,16,staphylococcus_capitis,Staphylococcus capitis,24,Piperacillin,0,0,0,,,
1,species_multihead_no_enrichment,16,staphylococcus_capitis,Staphylococcus capitis,25,Piperacillin-Tazobactam,0,0,0,,,
1,species_multihead_no_enrichment,16,staphylococcus_capitis,Staphylococcus capitis,26,Rifampicin,398,398,0,,,
1,species_multihead_no_enrichment,16,staphylococcus_capitis,Staphylococcus capitis,27,Teicoplanin,0,0,0,,,
1,species_multihead_no_enrichment,16,staphylococcus_capitis,Staphylococcus capitis,28,Tetracycline,401,347,54,0.4585334614153058,0.36124452983242605,-0.09728893158287977
1,species_multihead_no_enrichment,16,staphylococcus_capitis,Staphylococcus capitis,29,Tigecycline,401,401,0,,,
1,species_multihead_no_enrichment,16,staphylococcus_capitis,Staphylococcus capitis,30,Tobramycin,0,0,0,,,
1,species_multihead_no_enrichment,16,staphylococcus_capitis,Staphylococcus capitis,31,Vancomycin,403,403,0,,,
1,species_multihead_no_enrichment,16,staphylococcus_capitis,Staphylococcus capitis,32,Voriconazole,0,0,0,,,
1,species_multihead_no_enrichment,17,staphylococcus_epidermidis,Staphylococcus epidermidis,0,Amikacin,0,0,0,,,
1,species_multihead_no_enrichment,17,staphylococcus_epidermidis,Staphylococcus epidermidis,1,Ampicillin,1,0,1,,,
1,species_multihead_no_enrichment,17,staphylococcus_epidermidis,Staphylococcus epidermidis,2,Azithromycin,0,0,0,,,
1,species_multihead_no_enrichment,17,staphylococcus_epidermidis,Staphylococcus epidermidis,3,Cefepime,0,0,0,,,
1,species_multihead_no_enrichment,17,staphylococcus_epidermidis,Staphylococcus epidermidis,4,Ceftazidime,1,1,0,,,
1,species_multihead_no_enrichment,17,staphylococcus_epidermidis,Staphylococcus epidermidis,5,Ceftolozane-Tazobactam,0,0,0,,,
1,species_multihead_no_enrichment,17,staphylococcus_epidermidis,Staphylococcus epidermidis,6,Ceftriaxone,1,1,0,,,
1,species_multihead_no_enrichment,17,staphylococcus_epidermidis,Staphylococcus epidermidis,7,Ciprofloxacin,1,1,0,,,
1,species_multihead_no_enrichment,17,staphylococcus_epidermidis,Staphylococcus epidermidis,8,Clarithromycin,0,0,0,,,
1,species_multihead_no_enrichment,17,staphylococcus_epidermidis,Staphylococcus epidermidis,9,Clindamycin,2962,1423,1539,0.6516036323337429,0.7011441111563166,0.04954047882257373
1,species_multihead_no_enrichment,17,staphylococcus_epidermidis,Staphylococcus epidermidis,10,Cotrimoxazole,2954,2120,834,0.7278378240803584,0.7935116058096918,0.06567378172933347
1,species_multihead_no_enrichment,17,staphylococcus_epidermidis,Staphylococcus epidermidis,11,Ertapenem,0,0,0,,,
1,species_multihead_no_enrichment,17,staphylococcus_epidermidis,Staphylococcus epidermidis,12,Erythromycin,2966,994,1972,0.6051741483383055,0.6505200064484269,0.04534585811012137
1,species_multihead_no_enrichment,17,staphylococcus_epidermidis,Staphylococcus epidermidis,13,Fosfomycin,2949,2407,542,0.7277697122629723,0.7807908054153246,0.05302109315235237
1,species_multihead_no_enrichment,17,staphylococcus_epidermidis,Staphylococcus epidermidis,14,Fusidic acid,1,0,1,,,
1,species_multihead_no_enrichment,17,staphylococcus_epidermidis,Staphylococcus epidermidis,15,Gentamicin,2951,1977,974,0.6842876862148798,0.7740899190796834,0.0898022328648036
1,species_multihead_no_enrichment,17,staphylococcus_epidermidis,Staphylococcus epidermidis,16,Imipenem,1,1,0,,,
1,species_multihead_no_enrichment,17,staphylococcus_epidermidis,Staphylococcus epidermidis,17,Levofloxacin,2952,890,2062,0.6135828638062751,0.7626300962303425,0.14904723242406737
1,species_multihead_no_enrichment,17,staphylococcus_epidermidis,Staphylococcus epidermidis,18,Linezolid,2956,2893,63,0.7290229837758354,0.8689831503519716,0.1399601665761362
1,species_multihead_no_enrichment,17,staphylococcus_epidermidis,Staphylococcus epidermidis,19,Meropenem,1,1,0,,,
1,species_multihead_no_enrichment,17,staphylococcus_epidermidis,Staphylococcus epidermidis,20,Moxifloxacin,10,9,1,0.1111111111111111,0.2222222222222222,0.1111111111111111
1,species_multihead_no_enrichment,17,staphylococcus_epidermidis,Staphylococcus epidermidis,21,Mupirocin,0,0,0,,,
1,species_multihead_no_enrichment,17,staphylococcus_epidermidis,Staphylococcus epidermidis,22,Nitrofurantoin,0,0,0,,,
1,species_multihead_no_enrichment,17,staphylococcus_epidermidis,Staphylococcus epidermidis,23,Oxacillin,2968,978,1990,0.6762873673068821,0.7289527905375548,0.05266542323067269
1,species_multihead_no_enrichment,17,staphylococcus_epidermidis,Staphylococcus epidermidis,24,Piperacillin,0,0,0,,,
1,species_multihead_no_enrichment,17,staphylococcus_epidermidis,Staphylococcus epidermidis,25,Piperacillin-Tazobactam,1,1,0,,,
1,species_multihead_no_enrichment,17,staphylococcus_epidermidis,Staphylococcus epidermidis,26,Rifampicin,2943,2707,236,0.5898666670840821,0.7312053495958375,0.1413386825117554
1,species_multihead_no_enrichment,17,staphylococcus_epidermidis,Staphylococcus epidermidis,27,Teicoplanin,1,1,0,,,
1,species_multihead_no_enrichment,17,staphylococcus_epidermidis,Staphylococcus epidermidis,28,Tetracycline,2951,1652,1299,0.6519850434400087,0.6791173411471294,0.027132297707120667
1,species_multihead_no_enrichment,17,staphylococcus_epidermidis,Staphylococcus epidermidis,29,Tigecycline,2949,2942,7,0.6849810624453725,0.6563319413421385,-0.028649121103234032
1,species_multihead_no_enrichment,17,staphylococcus_epidermidis,Staphylococcus epidermidis,30,Tobramycin,0,0,0,,,
1,species_multihead_no_enrichment,17,staphylococcus_epidermidis,Staphylococcus epidermidis,31,Vancomycin,2953,2951,2,0.36445272788885125,0.7908336157234835,0.4263808878346323
1,species_multihead_no_enrichment,17,staphylococcus_epidermidis,Staphylococcus epidermidis,32,Voriconazole,0,0,0,,,
1,species_multihead_no_enrichment,18,staphylococcus_haemolyticus,Staphylococcus haemolyticus,0,Amikacin,0,0,0,,,
1,species_multihead_no_enrichment,18,staphylococcus_haemolyticus,Staphylococcus haemolyticus,1,Ampicillin,0,0,0,,,
1,species_multihead_no_enrichment,18,staphylococcus_haemolyticus,Staphylococcus haemolyticus,2,Azithromycin,0,0,0,,,
1,species_multihead_no_enrichment,18,staphylococcus_haemolyticus,Staphylococcus haemolyticus,3,Cefepime,0,0,0,,,
1,species_multihead_no_enrichment,18,staphylococcus_haemolyticus,Staphylococcus haemolyticus,4,Ceftazidime,0,0,0,,,
1,species_multihead_no_enrichment,18,staphylococcus_haemolyticus,Staphylococcus haemolyticus,5,Ceftolozane-Tazobactam,0,0,0,,,
1,species_multihead_no_enrichment,18,staphylococcus_haemolyticus,Staphylococcus haemolyticus,6,Ceftriaxone,0,0,0,,,
1,species_multihead_no_enrichment,18,staphylococcus_haemolyticus,Staphylococcus haemolyticus,7,Ciprofloxacin,0,0,0,,,
1,species_multihead_no_enrichment,18,staphylococcus_haemolyticus,Staphylococcus haemolyticus,8,Clarithromycin,0,0,0,,,
1,species_multihead_no_enrichment,18,staphylococcus_haemolyticus,Staphylococcus haemolyticus,9,Clindamycin,399,128,271,0.5826078182656826,0.6611796586715867,0.07857184040590404
1,species_multihead_no_enrichment,18,staphylococcus_haemolyticus,Staphylococcus haemolyticus,10,Cotrimoxazole,401,161,240,0.6946687370600415,0.8325569358178055,0.13788819875776404
1,species_multihead_no_enrichment,18,staphylococcus_haemolyticus,Staphylococcus haemolyticus,11,Ertapenem,0,0,0,,,
1,species_multihead_no_enrichment,18,staphylococcus_haemolyticus,Staphylococcus haemolyticus,12,Erythromycin,401,64,337,0.7037277448071217,0.8498701780415431,0.14614243323442133
1,species_multihead_no_enrichment,18,staphylococcus_haemolyticus,Staphylococcus haemolyticus,13,Fosfomycin,399,7,392,0.28188775510204084,0.2465379008746356,-0.03534985422740525
1,species_multihead_no_enrichment,18,staphylococcus_haemolyticus,Staphylococcus haemolyticus,14,Fusidic acid,0,0,0,,,
1,species_multihead_no_enrichment,18,staphylococcus_haemolyticus,Staphylococcus haemolyticus,15,Gentamicin,401,123,278,0.735903959759022,0.8975405041820202,0.16163654442299824
1,species_multihead_no_enrichment,18,staphylococcus_haemolyticus,Staphylococcus haemolyticus,16,Imipenem,0,0,0,,,
1,species_multihead_no_enrichment,18,staphylococcus_haemolyticus,Staphylococcus haemolyticus,17,Levofloxacin,401,76,325,0.7194736842105264,0.8766599190283401,0.15718623481781369
1,species_multihead_no_enrichment,18,staphylococcus_haemolyticus,Staphylococcus haemolyticus,18,Linezolid,401,398,3,0.3417085427135679,0.5452261306532662,0.20351758793969832
1,species_multihead_no_enrichment,18,staphylococcus_haemolyticus,Staphylococcus haemolyticus,19,Meropenem,0,0,0,,,
1,species_multihead_no_enrichment,18,staphylococcus_haemolyticus,Staphylococcus haemolyticus,20,Moxifloxacin,0,0,0,,,
1,species_multihead_no_enrichment,18,staphylococcus_haemolyticus,Staphylococcus haemolyticus,21,Mupirocin,0,0,0,,,
1,species_multihead_no_enrichment,18,staphylococcus_haemolyticus,Staphylococcus haemolyticus,22,Nitrofurantoin,0,0,0,,,
1,species_multihead_no_enrichment,18,staphylococcus_haemolyticus,Staphylococcus haemolyticus,23,Oxacillin,404,80,324,0.7385609567901233,0.881520061728395,0.14295910493827169
1,species_multihead_no_enrichment,18,staphylococcus_haemolyticus,Staphylococcus haemolyticus,24,Piperacillin,0,0,0,,,
1,species_multihead_no_enrichment,18,staphylococcus_haemolyticus,Staphylococcus haemolyticus,25,Piperacillin-Tazobactam,0,0,0,,,
1,species_multihead_no_enrichment,18,staphylococcus_haemolyticus,Staphylococcus haemolyticus,26,Rifampicin,399,352,47,0.68659332688588,0.6158123791102513,-0.07078094777562871
1,species_multihead_no_enrichment,18,staphylococcus_haemolyticus,Staphylococcus haemolyticus,27,Teicoplanin,0,0,0,,,
1,species_multihead_no_enrichment,18,staphylococcus_haemolyticus,Staphylococcus haemolyticus,28,Tetracycline,400,178,222,0.6726136248608159,0.713913351553801,0.041299726692985095
1,species_multihead_no_enrichment,18,staphylococcus_haemolyticus,Staphylococcus haemolyticus,29,Tigecycline,401,399,2,0.38972431077694236,0.6773182957393484,0.28759398496240607
1,species_multihead_no_enrichment,18,staphylococcus_haemolyticus,Staphylococcus haemolyticus,30,Tobramycin,0,0,0,,,
1,species_multihead_no_enrichment,18,staphylococcus_haemolyticus,Staphylococcus haemolyticus,31,Vancomycin,401,401,0,,,
1,species_multihead_no_enrichment,18,staphylococcus_haemolyticus,Staphylococcus haemolyticus,32,Voriconazole,0,0,0,,,
1,species_multihead_no_enrichment,19,staphylococcus_hominis,Staphylococcus hominis,0,Amikacin,0,0,0,,,
1,species_multihead_no_enrichment,19,staphylococcus_hominis,Staphylococcus hominis,1,Ampicillin,0,0,0,,,
1,species_multihead_no_enrichment,19,staphylococcus_hominis,Staphylococcus hominis,2,Azithromycin,0,0,0,,,
1,species_multihead_no_enrichment,19,staphylococcus_hominis,Staphylococcus hominis,3,Cefepime,0,0,0,,,
1,species_multihead_no_enrichment,19,staphylococcus_hominis,Staphylococcus hominis,4,Ceftazidime,0,0,0,,,
1,species_multihead_no_enrichment,19,staphylococcus_hominis,Staphylococcus hominis,5,Ceftolozane-Tazobactam,0,0,0,,,
1,species_multihead_no_enrichment,19,staphylococcus_hominis,Staphylococcus hominis,6,Ceftriaxone,0,0,0,,,
1,species_multihead_no_enrichment,19,staphylococcus_hominis,Staphylococcus hominis,7,Ciprofloxacin,0,0,0,,,
1,species_multihead_no_enrichment,19,staphylococcus_hominis,Staphylococcus hominis,8,Clarithromycin,0,0,0,,,
1,species_multihead_no_enrichment,19,staphylococcus_hominis,Staphylococcus hominis,9,Clindamycin,504,322,182,0.5687837007712784,0.531055900621118,-0.03772780015016042
1,species_multihead_no_enrichment,19,staphylococcus_hominis,Staphylococcus hominis,10,Cotrimoxazole,503,384,119,0.5701702556022409,0.48508622198879553,-0.08508403361344535
1,species_multihead_no_enrichment,19,staphylococcus_hominis,Staphylococcus hominis,11,Ertapenem,0,0,0,,,
1,species_multihead_no_enrichment,19,staphylococcus_hominis,Staphylococcus hominis,12,Erythromycin,508,198,310,0.5413978494623656,0.5016699250570218,-0.039727924405343784
1,species_multihead_no_enrichment,19,staphylococcus_hominis,Staphylococcus hominis,13,Fosfomycin,502,13,489,0.39562686801950603,0.48560641812175553,0.0899795501022495
1,species_multihead_no_enrichment,19,staphylococcus_hominis,Staphylococcus hominis,14,Fusidic acid,1,1,0,,,
1,species_multihead_no_enrichment,19,staphylococcus_hominis,Staphylococcus hominis,15,Gentamicin,502,414,88,0.6534639877031182,0.48929512516469037,-0.16416886253842783
1,species_multihead_no_enrichment,19,staphylococcus_hominis,Staphylococcus hominis,16,Imipenem,0,0,0,,,
1,species_multihead_no_enrichment,19,staphylococcus_hominis,Staphylococcus hominis,17,Levofloxacin,502,236,266,0.48582260736587224,0.6741907735440296,0.18836816617815733
1,species_multihead_no_enrichment,19,staphylococcus_hominis,Staphylococcus hominis,18,Linezolid,502,496,6,0.6132392473118279,0.4549731182795699,-0.158266129032258
1,species_multihead_no_enrichment,19,staphylococcus_hominis,Staphylococcus hominis,19,Meropenem,0,0,0,,,
1,species_multihead_no_enrichment,19,staphylococcus_hominis,Staphylococcus hominis,20,Moxifloxacin,1,1,0,,,
1,species_multihead_no_enrichment,19,staphylococcus_hominis,Staphylococcus hominis,21,Mupirocin,0,0,0,,,
1,species_multihead_no_enrichment,19,staphylococcus_hominis,Staphylococcus hominis,22,Nitrofurantoin,0,0,0,,,
1,species_multihead_no_enrichment,19,staphylococcus_hominis,Staphylococcus hominis,23,Oxacillin,507,262,245,0.5837513631406761,0.5331437918678923,-0.05060757127278381
1,species_multihead_no_enrichment,19,staphylococcus_hominis,Staphylococcus hominis,24,Piperacillin,0,0,0,,,
1,species_multihead_no_enrichment,19,staphylococcus_hominis,Staphylococcus hominis,25,Piperacillin-Tazobactam,0,0,0,,,
1,species_multihead_no_enrichment,19,staphylococcus_hominis,Staphylococcus hominis,26,Rifampicin,501,493,8,0.6045892494929006,0.4226673427991886,-0.181921906693712
1,species_multihead_no_enrichment,19,staphylococcus_hominis,Staphylococcus hominis,27,Teicoplanin,0,0,0,,,
1,species_multihead_no_enrichment,19,staphylococcus_hominis,Staphylococcus hominis,28,Tetracycline,502,313,189,0.5291765978666937,0.49481887181567696,-0.034357726051016724
1,species_multihead_no_enrichment,19,staphylococcus_hominis,Staphylococcus hominis,29,Tigecycline,503,503,0,,,
1,species_multihead_no_enrichment,19,staphylococcus_hominis,Staphylococcus hominis,30,Tobramycin,0,0,0,,,
1,species_multihead_no_enrichment,19,staphylococcus_hominis,Staphylococcus hominis,31,Vancomycin,503,503,0,,,
1,species_multihead_no_enrichment,19,staphylococcus_hominis,Staphylococcus hominis,32,Voriconazole,0,0,0,,,
1,species_multihead_no_enrichment,20,staphylococcus_lugdunensis,Staphylococcus lugdunensis,0,Amikacin,0,0,0,,,
1,species_multihead_no_enrichment,20,staphylococcus_lugdunensis,Staphylococcus lugdunensis,1,Ampicillin,0,0,0,,,
1,species_multihead_no_enrichment,20,staphylococcus_lugdunensis,Staphylococcus lugdunensis,2,Azithromycin,0,0,0,,,
1,species_multihead_no_enrichment,20,staphylococcus_lugdunensis,Staphylococcus lugdunensis,3,Cefepime,0,0,0,,,
1,species_multihead_no_enrichment,20,staphylococcus_lugdunensis,Staphylococcus lugdunensis,4,Ceftazidime,0,0,0,,,
1,species_multihead_no_enrichment,20,staphylococcus_lugdunensis,Staphylococcus lugdunensis,5,Ceftolozane-Tazobactam,0,0,0,,,
1,species_multihead_no_enrichment,20,staphylococcus_lugdunensis,Staphylococcus lugdunensis,6,Ceftriaxone,0,0,0,,,
1,species_multihead_no_enrichment,20,staphylococcus_lugdunensis,Staphylococcus lugdunensis,7,Ciprofloxacin,0,0,0,,,
1,species_multihead_no_enrichment,20,staphylococcus_lugdunensis,Staphylococcus lugdunensis,8,Clarithromycin,0,0,0,,,
1,species_multihead_no_enrichment,20,staphylococcus_lugdunensis,Staphylococcus lugdunensis,9,Clindamycin,257,227,30,0.4887665198237885,0.4941262848751835,0.005359765051395016
1,species_multihead_no_enrichment,20,staphylococcus_lugdunensis,Staphylococcus lugdunensis,10,Cotrimoxazole,257,254,3,0.5688976377952756,0.739501312335958,0.17060367454068237
1,species_multihead_no_enrichment,20,staphylococcus_lugdunensis,Staphylococcus lugdunensis,11,Ertapenem,0,0,0,,,
1,species_multihead_no_enrichment,20,staphylococcus_lugdunensis,Staphylococcus lugdunensis,12,Erythromycin,258,228,30,0.4850877192982456,0.49093567251461984,0.005847953216374213
1,species_multihead_no_enrichment,20,staphylococcus_lugdunensis,Staphylococcus lugdunensis,13,Fosfomycin,257,221,36,0.6075289089994972,0.5506535947712419,-0.056875314228255314
1,species_multihead_no_enrichment,20,staphylococcus_lugdunensis,Staphylococcus lugdunensis,14,Fusidic acid,0,0,0,,,
1,species_multihead_no_enrichment,20,staphylococcus_lugdunensis,Staphylococcus lugdunensis,15,Gentamicin,257,257,0,,,
1,species_multihead_no_enrichment,20,staphylococcus_lugdunensis,Staphylococcus lugdunensis,16,Imipenem,0,0,0,,,
1,species_multihead_no_enrichment,20,staphylococcus_lugdunensis,Staphylococcus lugdunensis,17,Levofloxacin,257,149,108,0.5677665920954511,0.7598185433755904,0.1920519512801393
1,species_multihead_no_enrichment,20,staphylococcus_lugdunensis,Staphylococcus lugdunensis,18,Linezolid,257,257,0,,,
1,species_multihead_no_enrichment,20,staphylococcus_lugdunensis,Staphylococcus lugdunensis,19,Meropenem,0,0,0,,,
1,species_multihead_no_enrichment,20,staphylococcus_lugdunensis,Staphylococcus lugdunensis,20,Moxifloxacin,0,0,0,,,
1,species_multihead_no_enrichment,20,staphylococcus_lugdunensis,Staphylococcus lugdunensis,21,Mupirocin,0,0,0,,,
1,species_multihead_no_enrichment,20,staphylococcus_lugdunensis,Staphylococcus lugdunensis,22,Nitrofurantoin,0,0,0,,,
1,species_multihead_no_enrichment,20,staphylococcus_lugdunensis,Staphylococcus lugdunensis,23,Oxacillin,255,240,15,0.4945833333333333,0.5831944444444443,0.08861111111111103
1,species_multihead_no_enrichment,20,staphylococcus_lugdunensis,Staphylococcus lugdunensis,24,Piperacillin,0,0,0,,,
1,species_multihead_no_enrichment,20,staphylococcus_lugdunensis,Staphylococcus lugdunensis,25,Piperacillin-Tazobactam,0,0,0,,,
1,species_multihead_no_enrichment,20,staphylococcus_lugdunensis,Staphylococcus lugdunensis,26,Rifampicin,255,255,0,,,
1,species_multihead_no_enrichment,20,staphylococcus_lugdunensis,Staphylococcus lugdunensis,27,Teicoplanin,0,0,0,,,
1,species_multihead_no_enrichment,20,staphylococcus_lugdunensis,Staphylococcus lugdunensis,28,Tetracycline,257,233,24,0.637249642346209,0.6128397711015736,-0.02440987124463534
1,species_multihead_no_enrichment,20,staphylococcus_lugdunensis,Staphylococcus lugdunensis,29,Tigecycline,256,256,0,,,
1,species_multihead_no_enrichment,20,staphylococcus_lugdunensis,Staphylococcus lugdunensis,30,Tobramycin,0,0,0,,,
1,species_multihead_no_enrichment,20,staphylococcus_lugdunensis,Staphylococcus lugdunensis,31,Vancomycin,256,256,0,,,
1,species_multihead_no_enrichment,20,staphylococcus_lugdunensis,Staphylococcus lugdunensis,32,Voriconazole,0,0,0,,,
1,species_multihead_no_enrichment,21,stenotrophomonas_maltophilia,Stenotrophomonas maltophilia,0,Amikacin,0,0,0,,,
1,species_multihead_no_enrichment,21,stenotrophomonas_maltophilia,Stenotrophomonas maltophilia,1,Ampicillin,0,0,0,,,
1,species_multihead_no_enrichment,21,stenotrophomonas_maltophilia,Stenotrophomonas maltophilia,2,Azithromycin,0,0,0,,,
1,species_multihead_no_enrichment,21,stenotrophomonas_maltophilia,Stenotrophomonas maltophilia,3,Cefepime,0,0,0,,,
1,species_multihead_no_enrichment,21,stenotrophomonas_maltophilia,Stenotrophomonas maltophilia,4,Ceftazidime,5,1,4,1.0,0.5,-0.5
1,species_multihead_no_enrichment,21,stenotrophomonas_maltophilia,Stenotrophomonas maltophilia,5,Ceftolozane-Tazobactam,2,0,2,,,
1,species_multihead_no_enrichment,21,stenotrophomonas_maltophilia,Stenotrophomonas maltophilia,6,Ceftriaxone,0,0,0,,,
1,species_multihead_no_enrichment,21,stenotrophomonas_maltophilia,Stenotrophomonas maltophilia,7,Ciprofloxacin,0,0,0,,,
1,species_multihead_no_enrichment,21,stenotrophomonas_maltophilia,Stenotrophomonas maltophilia,8,Clarithromycin,0,0,0,,,
1,species_multihead_no_enrichment,21,stenotrophomonas_maltophilia,Stenotrophomonas maltophilia,9,Clindamycin,0,0,0,,,
1,species_multihead_no_enrichment,21,stenotrophomonas_maltophilia,Stenotrophomonas maltophilia,10,Cotrimoxazole,436,0,436,,,
1,species_multihead_no_enrichment,21,stenotrophomonas_maltophilia,Stenotrophomonas maltophilia,11,Ertapenem,0,0,0,,,
1,species_multihead_no_enrichment,21,stenotrophomonas_maltophilia,Stenotrophomonas maltophilia,12,Erythromycin,0,0,0,,,
1,species_multihead_no_enrichment,21,stenotrophomonas_maltophilia,Stenotrophomonas maltophilia,13,Fosfomycin,0,0,0,,,
1,species_multihead_no_enrichment,21,stenotrophomonas_maltophilia,Stenotrophomonas maltophilia,14,Fusidic acid,0,0,0,,,
1,species_multihead_no_enrichment,21,stenotrophomonas_maltophilia,Stenotrophomonas maltophilia,15,Gentamicin,0,0,0,,,
1,species_multihead_no_enrichment,21,stenotrophomonas_maltophilia,Stenotrophomonas maltophilia,16,Imipenem,0,0,0,,,
1,species_multihead_no_enrichment,21,stenotrophomonas_maltophilia,Stenotrophomonas maltophilia,17,Levofloxacin,6,0,6,,,
1,species_multihead_no_enrichment,21,stenotrophomonas_maltophilia,Stenotrophomonas maltophilia,18,Linezolid,0,0,0,,,
1,species_multihead_no_enrichment,21,stenotrophomonas_maltophilia,Stenotrophomonas maltophilia,19,Meropenem,0,0,0,,,
1,species_multihead_no_enrichment,21,stenotrophomonas_maltophilia,Stenotrophomonas maltophilia,20,Moxifloxacin,2,0,2,,,
1,species_multihead_no_enrichment,21,stenotrophomonas_maltophilia,Stenotrophomonas maltophilia,21,Mupirocin,0,0,0,,,
1,species_multihead_no_enrichment,21,stenotrophomonas_maltophilia,Stenotrophomonas maltophilia,22,Nitrofurantoin,0,0,0,,,
1,species_multihead_no_enrichment,21,stenotrophomonas_maltophilia,Stenotrophomonas maltophilia,23,Oxacillin,0,0,0,,,
1,species_multihead_no_enrichment,21,stenotrophomonas_maltophilia,Stenotrophomonas maltophilia,24,Piperacillin,0,0,0,,,
1,species_multihead_no_enrichment,21,stenotrophomonas_maltophilia,Stenotrophomonas maltophilia,25,Piperacillin-Tazobactam,0,0,0,,,
1,species_multihead_no_enrichment,21,stenotrophomonas_maltophilia,Stenotrophomonas maltophilia,26,Rifampicin,2,0,2,,,
1,species_multihead_no_enrichment,21,stenotrophomonas_maltophilia,Stenotrophomonas maltophilia,27,Teicoplanin,0,0,0,,,
1,species_multihead_no_enrichment,21,stenotrophomonas_maltophilia,Stenotrophomonas maltophilia,28,Tetracycline,0,0,0,,,
1,species_multihead_no_enrichment,21,stenotrophomonas_maltophilia,Stenotrophomonas maltophilia,29,Tigecycline,2,0,2,,,
1,species_multihead_no_enrichment,21,stenotrophomonas_maltophilia,Stenotrophomonas maltophilia,30,Tobramycin,0,0,0,,,
1,species_multihead_no_enrichment,21,stenotrophomonas_maltophilia,Stenotrophomonas maltophilia,31,Vancomycin,0,0,0,,,
1,species_multihead_no_enrichment,21,stenotrophomonas_maltophilia,Stenotrophomonas maltophilia,32,Voriconazole,0,0,0,,,
1,species_multihead_no_enrichment,22,streptococcus_pneumoniae,Streptococcus pneumoniae,0,Amikacin,0,0,0,,,
1,species_multihead_no_enrichment,22,streptococcus_pneumoniae,Streptococcus pneumoniae,1,Ampicillin,56,56,0,,,
1,species_multihead_no_enrichment,22,streptococcus_pneumoniae,Streptococcus pneumoniae,2,Azithromycin,62,58,4,0.2887931034482759,0.6637931034482759,0.375
1,species_multihead_no_enrichment,22,streptococcus_pneumoniae,Streptococcus pneumoniae,3,Cefepime,0,0,0,,,
1,species_multihead_no_enrichment,22,streptococcus_pneumoniae,Streptococcus pneumoniae,4,Ceftazidime,0,0,0,,,
1,species_multihead_no_enrichment,22,streptococcus_pneumoniae,Streptococcus pneumoniae,5,Ceftolozane-Tazobactam,0,0,0,,,
1,species_multihead_no_enrichment,22,streptococcus_pneumoniae,Streptococcus pneumoniae,6,Ceftriaxone,5,5,0,,,
1,species_multihead_no_enrichment,22,streptococcus_pneumoniae,Streptococcus pneumoniae,7,Ciprofloxacin,0,0,0,,,
1,species_multihead_no_enrichment,22,streptococcus_pneumoniae,Streptococcus pneumoniae,8,Clarithromycin,62,58,4,0.3038793103448276,0.6637931034482759,0.3599137931034483
1,species_multihead_no_enrichment,22,streptococcus_pneumoniae,Streptococcus pneumoniae,9,Clindamycin,62,60,2,0.425,0.8083333333333333,0.38333333333333336
1,species_multihead_no_enrichment,22,streptococcus_pneumoniae,Streptococcus pneumoniae,10,Cotrimoxazole,60,58,2,0.4224137931034483,0.75,0.3275862068965517
1,species_multihead_no_enrichment,22,streptococcus_pneumoniae,Streptococcus pneumoniae,11,Ertapenem,0,0,0,,,
1,species_multihead_no_enrichment,22,streptococcus_pneumoniae,Streptococcus pneumoniae,12,Erythromycin,62,58,4,0.30603448275862066,0.6637931034482759,0.35775862068965525
1,species_multihead_no_enrichment,22,streptococcus_pneumoniae,Streptococcus pneumoniae,13,Fosfomycin,0,0,0,,,
1,species_multihead_no_enrichment,22,streptococcus_pneumoniae,Streptococcus pneumoniae,14,Fusidic acid,0,0,0,,,
1,species_multihead_no_enrichment,22,streptococcus_pneumoniae,Streptococcus pneumoniae,15,Gentamicin,0,0,0,,,
1,species_multihead_no_enrichment,22,streptococcus_pneumoniae,Streptococcus pneumoniae,16,Imipenem,0,0,0,,,
1,species_multihead_no_enrichment,22,streptococcus_pneumoniae,Streptococcus pneumoniae,17,Levofloxacin,1,0,1,,,
1,species_multihead_no_enrichment,22,streptococcus_pneumoniae,Streptococcus pneumoniae,18,Linezolid,62,62,0,,,
1,species_multihead_no_enrichment,22,streptococcus_pneumoniae,Streptococcus pneumoniae,19,Meropenem,0,0,0,,,
1,species_multihead_no_enrichment,22,streptococcus_pneumoniae,Streptococcus pneumoniae,20,Moxifloxacin,62,60,2,0.24166666666666664,0.475,0.23333333333333334
1,species_multihead_no_enrichment,22,streptococcus_pneumoniae,Streptococcus pneumoniae,21,Mupirocin,0,0,0,,,
1,species_multihead_no_enrichment,22,streptococcus_pneumoniae,Streptococcus pneumoniae,22,Nitrofurantoin,0,0,0,,,
1,species_multihead_no_enrichment,22,streptococcus_pneumoniae,Streptococcus pneumoniae,23,Oxacillin,0,0,0,,,
1,species_multihead_no_enrichment,22,streptococcus_pneumoniae,Streptococcus pneumoniae,24,Piperacillin,0,0,0,,,
1,species_multihead_no_enrichment,22,streptococcus_pneumoniae,Streptococcus pneumoniae,25,Piperacillin-Tazobactam,0,0,0,,,
1,species_multihead_no_enrichment,22,streptococcus_pneumoniae,Streptococcus pneumoniae,26,Rifampicin,0,0,0,,,
1,species_multihead_no_enrichment,22,streptococcus_pneumoniae,Streptococcus pneumoniae,27,Teicoplanin,0,0,0,,,
1,species_multihead_no_enrichment,22,streptococcus_pneumoniae,Streptococcus pneumoniae,28,Tetracycline,1,0,1,,,
1,species_multihead_no_enrichment,22,streptococcus_pneumoniae,Streptococcus pneumoniae,29,Tigecycline,0,0,0,,,
1,species_multihead_no_enrichment,22,streptococcus_pneumoniae,Streptococcus pneumoniae,30,Tobramycin,0,0,0,,,
1,species_multihead_no_enrichment,22,streptococcus_pneumoniae,Streptococcus pneumoniae,31,Vancomycin,61,61,0,,,
1,species_multihead_no_enrichment,22,streptococcus_pneumoniae,Streptococcus pneumoniae,32,Voriconazole,0,0,0,,,
2,species_multihead_no_enrichment,0,candida_albicans,Candida albicans,0,Amikacin,0,0,0,,,
2,species_multihead_no_enrichment,0,candida_albicans,Candida albicans,1,Ampicillin,0,0,0,,,
2,species_multihead_no_enrichment,0,candida_albicans,Candida albicans,2,Azithromycin,0,0,0,,,
2,species_multihead_no_enrichment,0,candida_albicans,Candida albicans,3,Ceftazidime,0,0,0,,,
2,species_multihead_no_enrichment,0,candida_albicans,Candida albicans,4,Ceftolozane-Tazobactam,0,0,0,,,
2,species_multihead_no_enrichment,0,candida_albicans,Candida albicans,5,Ceftriaxone,0,0,0,,,
2,species_multihead_no_enrichment,0,candida_albicans,Candida albicans,6,Ciprofloxacin,0,0,0,,,
2,species_multihead_no_enrichment,0,candida_albicans,Candida albicans,7,Clarithromycin,0,0,0,,,
2,species_multihead_no_enrichment,0,candida_albicans,Candida albicans,8,Clindamycin,0,0,0,,,
2,species_multihead_no_enrichment,0,candida_albicans,Candida albicans,9,Cotrimoxazole,0,0,0,,,
2,species_multihead_no_enrichment,0,candida_albicans,Candida albicans,10,Ertapenem,0,0,0,,,
2,species_multihead_no_enrichment,0,candida_albicans,Candida albicans,11,Erythromycin,0,0,0,,,
2,species_multihead_no_enrichment,0,candida_albicans,Candida albicans,12,Fosfomycin,0,0,0,,,
2,species_multihead_no_enrichment,0,candida_albicans,Candida albicans,13,Fusidic acid,0,0,0,,,
2,species_multihead_no_enrichment,0,candida_albicans,Candida albicans,14,Gentamicin,0,0,0,,,
2,species_multihead_no_enrichment,0,candida_albicans,Candida albicans,15,Imipenem,0,0,0,,,
2,species_multihead_no_enrichment,0,candida_albicans,Candida albicans,16,Levofloxacin,0,0,0,,,
2,species_multihead_no_enrichment,0,candida_albicans,Candida albicans,17,Linezolid,0,0,0,,,
2,species_multihead_no_enrichment,0,candida_albicans,Candida albicans,18,Meropenem,0,0,0,,,
2,species_multihead_no_enrichment,0,candida_albicans,Candida albicans,19,Moxifloxacin,0,0,0,,,
2,species_multihead_no_enrichment,0,candida_albicans,Candida albicans,20,Mupirocin,0,0,0,,,
2,species_multihead_no_enrichment,0,candida_albicans,Candida albicans,21,Nitrofurantoin,0,0,0,,,
2,species_multihead_no_enrichment,0,candida_albicans,Candida albicans,22,Oxacillin,0,0,0,,,
2,species_multihead_no_enrichment,0,candida_albicans,Candida albicans,23,Piperacillin-Tazobactam,0,0,0,,,
2,species_multihead_no_enrichment,0,candida_albicans,Candida albicans,24,Rifampicin,0,0,0,,,
2,species_multihead_no_enrichment,0,candida_albicans,Candida albicans,25,Teicoplanin,0,0,0,,,
2,species_multihead_no_enrichment,0,candida_albicans,Candida albicans,26,Tetracycline,0,0,0,,,
2,species_multihead_no_enrichment,0,candida_albicans,Candida albicans,27,Tigecycline,0,0,0,,,
2,species_multihead_no_enrichment,0,candida_albicans,Candida albicans,28,Tobramycin,0,0,0,,,
2,species_multihead_no_enrichment,0,candida_albicans,Candida albicans,29,Vancomycin,0,0,0,,,
2,species_multihead_no_enrichment,1,citrobacter_freundii,Citrobacter freundii,0,Amikacin,0,0,0,,,
2,species_multihead_no_enrichment,1,citrobacter_freundii,Citrobacter freundii,1,Ampicillin,441,12,429,0.5,0.719017094017094,0.21901709401709402
2,species_multihead_no_enrichment,1,citrobacter_freundii,Citrobacter freundii,2,Azithromycin,0,0,0,,,
2,species_multihead_no_enrichment,1,citrobacter_freundii,Citrobacter freundii,3,Ceftazidime,440,255,185,0.4603815580286168,0.7391520932697403,0.2787705352411235
2,species_multihead_no_enrichment,1,citrobacter_freundii,Citrobacter freundii,4,Ceftolozane-Tazobactam,0,0,0,,,
2,species_multihead_no_enrichment,1,citrobacter_freundii,Citrobacter freundii,5,Ceftriaxone,312,177,135,0.48861686545302363,0.7919020715630886,0.30328520611006493
2,species_multihead_no_enrichment,1,citrobacter_freundii,Citrobacter freundii,6,Ciprofloxacin,441,393,48,0.4816846904156064,0.5991306191687871,0.11744592875318066
2,species_multihead_no_enrichment,1,citrobacter_freundii,Citrobacter freundii,7,Clarithromycin,0,0,0,,,
2,species_multihead_no_enrichment,1,citrobacter_freundii,Citrobacter freundii,8,Clindamycin,0,0,0,,,
2,species_multihead_no_enrichment,1,citrobacter_freundii,Citrobacter freundii,9,Cotrimoxazole,441,407,34,0.470226911403382,0.5547405694464518,0.08451365804306976
2,species_multihead_no_enrichment,1,citrobacter_freundii,Citrobacter freundii,10,Ertapenem,1,0,1,,,
2,species_multihead_no_enrichment,1,citrobacter_freundii,Citrobacter freundii,11,Erythromycin,0,0,0,,,
2,species_multihead_no_enrichment,1,citrobacter_freundii,Citrobacter freundii,12,Fosfomycin,98,98,0,,,
2,species_multihead_no_enrichment,1,citrobacter_freundii,Citrobacter freundii,13,Fusidic acid,0,0,0,,,
2,species_multihead_no_enrichment,1,citrobacter_freundii,Citrobacter freundii,14,Gentamicin,441,171,270,0.5665150530647607,0.5673922460472168,0.0008771929824561431
2,species_multihead_no_enrichment,1,citrobacter_freundii,Citrobacter freundii,15,Imipenem,440,432,8,0.6273148148148149,0.6788194444444445,0.05150462962962965
2,species_multihead_no_enrichment,1,citrobacter_freundii,Citrobacter freundii,16,Levofloxacin,0,0,0,,,
2,species_multihead_no_enrichment,1,citrobacter_freundii,Citrobacter freundii,17,Linezolid,0,0,0,,,
2,species_multihead_no_enrichment,1,citrobacter_freundii,Citrobacter freundii,18,Meropenem,439,431,8,0.5680104408352669,0.8138051044083527,0.24579466357308588
2,species_multihead_no_enrichment,1,citrobacter_freundii,Citrobacter freundii,19,Moxifloxacin,324,220,104,0.44458041958041955,0.568618881118881,0.12403846153846149
2,species_multihead_no_enrichment,1,citrobacter_freundii,Citrobacter freundii,20,Mupirocin,0,0,0,,,
2,species_multihead_no_enrichment,1,citrobacter_freundii,Citrobacter freundii,21,Nitrofurantoin,0,0,0,,,
2,species_multihead_no_enrichment,1,citrobacter_freundii,Citrobacter freundii,22,Oxacillin,0,0,0,,,
2,species_multihead_no_enrichment,1,citrobacter_freundii,Citrobacter freundii,23,Piperacillin-Tazobactam,441,255,186,0.4633248998524141,0.7343348091924942,0.27100990934008007
2,species_multihead_no_enrichment,1,citrobacter_freundii,Citrobacter freundii,24,Rifampicin,0,0,0,,,
2,species_multihead_no_enrichment,1,citrobacter_freundii,Citrobacter freundii,25,Teicoplanin,0,0,0,,,
2,species_multihead_no_enrichment,1,citrobacter_freundii,Citrobacter freundii,26,Tetracycline,0,0,0,,,
2,species_multihead_no_enrichment,1,citrobacter_freundii,Citrobacter freundii,27,Tigecycline,0,0,0,,,
2,species_multihead_no_enrichment,1,citrobacter_freundii,Citrobacter freundii,28,Tobramycin,0,0,0,,,
2,species_multihead_no_enrichment,1,citrobacter_freundii,Citrobacter freundii,29,Vancomycin,0,0,0,,,
2,species_multihead_no_enrichment,2,citrobacter_koseri,Citrobacter koseri,0,Amikacin,0,0,0,,,
2,species_multihead_no_enrichment,2,citrobacter_koseri,Citrobacter koseri,1,Ampicillin,446,0,446,,,
2,species_multihead_no_enrichment,2,citrobacter_koseri,Citrobacter koseri,2,Azithromycin,0,0,0,,,
2,species_multihead_no_enrichment,2,citrobacter_koseri,Citrobacter koseri,3,Ceftazidime,446,430,16,0.5636627906976744,0.6699127906976744,0.10624999999999996
2,species_multihead_no_enrichment,2,citrobacter_koseri,Citrobacter koseri,4,Ceftolozane-Tazobactam,0,0,0,,,
2,species_multihead_no_enrichment,2,citrobacter_koseri,Citrobacter koseri,5,Ceftriaxone,270,260,10,0.5921153846153846,0.7713461538461538,0.1792307692307692
2,species_multihead_no_enrichment,2,citrobacter_koseri,Citrobacter koseri,6,Ciprofloxacin,446,444,2,0.9572072072072072,0.2725225225225225,-0.6846846846846847
2,species_multihead_no_enrichment,2,citrobacter_koseri,Citrobacter koseri,7,Clarithromycin,0,0,0,,,
2,species_multihead_no_enrichment,2,citrobacter_koseri,Citrobacter koseri,8,Clindamycin,0,0,0,,,
2,species_multihead_no_enrichment,2,citrobacter_koseri,Citrobacter koseri,9,Cotrimoxazole,446,442,4,0.6640271493212669,0.3718891402714932,-0.2921380090497737
2,species_multihead_no_enrichment,2,citrobacter_koseri,Citrobacter koseri,10,Ertapenem,0,0,0,,,
2,species_multihead_no_enrichment,2,citrobacter_koseri,Citrobacter koseri,11,Erythromycin,0,0,0,,,
2,species_multihead_no_enrichment,2,citrobacter_koseri,Citrobacter koseri,12,Fosfomycin,134,133,1,0.09774436090225569,0.0,-0.09774436090225569
2,species_multihead_no_enrichment,2,citrobacter_koseri,Citrobacter koseri,13,Fusidic acid,0,0,0,,,
2,species_multihead_no_enrichment,2,citrobacter_koseri,Citrobacter koseri,14,Gentamicin,438,165,273,0.47794427794427796,0.6730158730158731,0.1950715950715951
2,species_multihead_no_enrichment,2,citrobacter_koseri,Citrobacter koseri,15,Imipenem,446,444,2,0.1891891891891892,0.12894144144144146,-0.06024774774774774
2,species_multihead_no_enrichment,2,citrobacter_koseri,Citrobacter koseri,16,Levofloxacin,0,0,0,,,
2,species_multihead_no_enrichment,2,citrobacter_koseri,Citrobacter koseri,17,Linezolid,0,0,0,,,
2,species_multihead_no_enrichment,2,citrobacter_koseri,Citrobacter koseri,18,Meropenem,446,445,1,0.15730337078651685,0.22584269662921347,0.06853932584269662
2,species_multihead_no_enrichment,2,citrobacter_koseri,Citrobacter koseri,19,Moxifloxacin,274,253,21,0.5331262939958591,0.5274797666102014,-0.00564652738565774
2,species_multihead_no_enrichment,2,citrobacter_koseri,Citrobacter koseri,20,Mupirocin,0,0,0,,,
2,species_multihead_no_enrichment,2,citrobacter_koseri,Citrobacter koseri,21,Nitrofurantoin,0,0,0,,,
2,species_multihead_no_enrichment,2,citrobacter_koseri,Citrobacter koseri,22,Oxacillin,0,0,0,,,
2,species_multihead_no_enrichment,2,citrobacter_koseri,Citrobacter koseri,23,Piperacillin-Tazobactam,446,400,46,0.5477173913043478,0.6017663043478262,0.054048913043478364
2,species_multihead_no_enrichment,2,citrobacter_koseri,Citrobacter koseri,24,Rifampicin,0,0,0,,,
2,species_multihead_no_enrichment,2,citrobacter_koseri,Citrobacter koseri,25,Teicoplanin,0,0,0,,,
2,species_multihead_no_enrichment,2,citrobacter_koseri,Citrobacter koseri,26,Tetracycline,0,0,0,,,
2,species_multihead_no_enrichment,2,citrobacter_koseri,Citrobacter koseri,27,Tigecycline,0,0,0,,,
2,species_multihead_no_enrichment,2,citrobacter_koseri,Citrobacter koseri,28,Tobramycin,0,0,0,,,
2,species_multihead_no_enrichment,2,citrobacter_koseri,Citrobacter koseri,29,Vancomycin,0,0,0,,,
2,species_multihead_no_enrichment,3,enterobacter_cloacae_complex,Enterobacter cloacae complex,0,Amikacin,1,0,1,,,
2,species_multihead_no_enrichment,3,enterobacter_cloacae_complex,Enterobacter cloacae complex,1,Ampicillin,1541,11,1530,0.5,0.519281045751634,0.01928104575163403
2,species_multihead_no_enrichment,3,enterobacter_cloacae_complex,Enterobacter cloacae complex,2,Azithromycin,0,0,0,,,
2,species_multihead_no_enrichment,3,enterobacter_cloacae_complex,Enterobacter cloacae complex,3,Ceftazidime,1543,940,603,0.480421474189337,0.7644005151547228,0.28397904096538584
2,species_multihead_no_enrichment,3,enterobacter_cloacae_complex,Enterobacter cloacae complex,4,Ceftolozane-Tazobactam,1,1,0,,,
2,species_multihead_no_enrichment,3,enterobacter_cloacae_complex,Enterobacter cloacae complex,5,Ceftriaxone,1156,705,451,0.4706326366938718,0.7978503247314872,0.3272176880376154
2,species_multihead_no_enrichment,3,enterobacter_cloacae_complex,Enterobacter cloacae complex,6,Ciprofloxacin,1543,1478,65,0.46234516498386596,0.6164203185177475,0.15407515353388151
2,species_multihead_no_enrichment,3,enterobacter_cloacae_complex,Enterobacter cloacae complex,7,Clarithromycin,0,0,0,,,
2,species_multihead_no_enrichment,3,enterobacter_cloacae_complex,Enterobacter cloacae complex,8,Clindamycin,0,0,0,,,
2,species_multihead_no_enrichment,3,enterobacter_cloacae_complex,Enterobacter cloacae complex,9,Cotrimoxazole,1543,1470,73,0.5316140154692014,0.5905321032522598,0.058918087783058404
2,species_multihead_no_enrichment,3,enterobacter_cloacae_complex,Enterobacter cloacae complex,10,Ertapenem,3,2,1,1.0,1.0,0.0
2,species_multihead_no_enrichment,3,enterobacter_cloacae_complex,Enterobacter cloacae complex,11,Erythromycin,0,0,0,,,
2,species_multihead_no_enrichment,3,enterobacter_cloacae_complex,Enterobacter cloacae complex,12,Fosfomycin,272,122,150,0.508032786885246,0.5441803278688524,0.0361475409836064
2,species_multihead_no_enrichment,3,enterobacter_cloacae_complex,Enterobacter cloacae complex,13,Fusidic acid,0,0,0,,,
2,species_multihead_no_enrichment,3,enterobacter_cloacae_complex,Enterobacter cloacae complex,14,Gentamicin,1538,603,935,0.4814616755793227,0.6120919466836938,0.13063027110437114
2,species_multihead_no_enrichment,3,enterobacter_cloacae_complex,Enterobacter cloacae complex,15,Imipenem,1542,1509,33,0.5034239010382151,0.6760748639476273,0.17265096290941218
2,species_multihead_no_enrichment,3,enterobacter_cloacae_complex,Enterobacter cloacae complex,16,Levofloxacin,0,0,0,,,
2,species_multihead_no_enrichment,3,enterobacter_cloacae_complex,Enterobacter cloacae complex,17,Linezolid,0,0,0,,,
2,species_multihead_no_enrichment,3,enterobacter_cloacae_complex,Enterobacter cloacae complex,18,Meropenem,1543,1527,16,0.4634495743287492,0.7114440078585461,0.2479944335297969
2,species_multihead_no_enrichment,3,enterobacter_cloacae_complex,Enterobacter cloacae complex,19,Moxifloxacin,1223,1090,133,0.4550562185279713,0.5993964268469338,0.14434020831896255
2,species_multihead_no_enrichment,3,enterobacter_cloacae_complex,Enterobacter cloacae complex,20,Mupirocin,0,0,0,,,
2,species_multihead_no_enrichment,3,enterobacter_cloacae_complex,Enterobacter cloacae complex,21,Nitrofurantoin,0,0,0,,,
2,species_multihead_no_enrichment,3,enterobacter_cloacae_complex,Enterobacter cloacae complex,22,Oxacillin,0,0,0,,,
2,species_multihead_no_enrichment,3,enterobacter_cloacae_complex,Enterobacter cloacae complex,23,Piperacillin-Tazobactam,1544,933,611,0.4823037102916696,0.7637638296118148,0.2814601193201452
2,species_multihead_no_enrichment,3,enterobacter_cloacae_complex,Enterobacter cloacae complex,24,Rifampicin,0,0,0,,,
2,species_multihead_no_enrichment,3,enterobacter_cloacae_complex,Enterobacter cloacae complex,25,Teicoplanin,0,0,0,,,
2,species_multihead_no_enrichment,3,enterobacter_cloacae_complex,Enterobacter cloacae complex,26,Tetracycline,0,0,0,,,
2,species_multihead_no_enrichment,3,enterobacter_cloacae_complex,Enterobacter cloacae complex,27,Tigecycline,0,0,0,,,
2,species_multihead_no_enrichment,3,enterobacter_cloacae_complex,Enterobacter cloacae complex,28,Tobramycin,1,0,1,,,
2,species_multihead_no_enrichment,3,enterobacter_cloacae_complex,Enterobacter cloacae complex,29,Vancomycin,0,0,0,,,
2,species_multihead_no_enrichment,4,enterococcus_faecalis,Enterococcus faecalis,0,Amikacin,0,0,0,,,
2,species_multihead_no_enrichment,4,enterococcus_faecalis,Enterococcus faecalis,1,Ampicillin,4189,4180,9,0.5024056353003722,0.6606858054226474,0.15828017012227524
2,species_multihead_no_enrichment,4,enterococcus_faecalis,Enterococcus faecalis,2,Azithromycin,0,0,0,,,
2,species_multihead_no_enrichment,4,enterococcus_faecalis,Enterococcus faecalis,3,Ceftazidime,72,0,72,,,
2,species_multihead_no_enrichment,4,enterococcus_faecalis,Enterococcus faecalis,4,Ceftolozane-Tazobactam,0,0,0,,,
2,species_multihead_no_enrichment,4,enterococcus_faecalis,Enterococcus faecalis,5,Ceftriaxone,0,0,0,,,
2,species_multihead_no_enrichment,4,enterococcus_faecalis,Enterococcus faecalis,6,Ciprofloxacin,0,0,0,,,
2,species_multihead_no_enrichment,4,enterococcus_faecalis,Enterococcus faecalis,7,Clarithromycin,0,0,0,,,
2,species_multihead_no_enrichment,4,enterococcus_faecalis,Enterococcus faecalis,8,Clindamycin,4147,0,4147,,,
2,species_multihead_no_enrichment,4,enterococcus_faecalis,Enterococcus faecalis,9,Cotrimoxazole,0,0,0,,,
2,species_multihead_no_enrichment,4,enterococcus_faecalis,Enterococcus faecalis,10,Ertapenem,0,0,0,,,
2,species_multihead_no_enrichment,4,enterococcus_faecalis,Enterococcus faecalis,11,Erythromycin,4103,0,4103,,,
2,species_multihead_no_enrichment,4,enterococcus_faecalis,Enterococcus faecalis,12,Fosfomycin,0,0,0,,,
2,species_multihead_no_enrichment,4,enterococcus_faecalis,Enterococcus faecalis,13,Fusidic acid,0,0,0,,,
2,species_multihead_no_enrichment,4,enterococcus_faecalis,Enterococcus faecalis,14,Gentamicin,0,0,0,,,
2,species_multihead_no_enrichment,4,enterococcus_faecalis,Enterococcus faecalis,15,Imipenem,4188,2570,1618,0.5255736774516264,0.9497322197265202,0.4241585422748938
2,species_multihead_no_enrichment,4,enterococcus_faecalis,Enterococcus faecalis,16,Levofloxacin,0,0,0,,,
2,species_multihead_no_enrichment,4,enterococcus_faecalis,Enterococcus faecalis,17,Linezolid,4124,4116,8,0.7593841107871719,0.7664601554907677,0.007076044703595796
2,species_multihead_no_enrichment,4,enterococcus_faecalis,Enterococcus faecalis,18,Meropenem,71,0,71,,,
2,species_multihead_no_enrichment,4,enterococcus_faecalis,Enterococcus faecalis,19,Moxifloxacin,1,1,0,,,
2,species_multihead_no_enrichment,4,enterococcus_faecalis,Enterococcus faecalis,20,Mupirocin,0,0,0,,,
2,species_multihead_no_enrichment,4,enterococcus_faecalis,Enterococcus faecalis,21,Nitrofurantoin,1912,1898,14,0.5892292638867982,0.6351422550052688,0.04591299111847058
2,species_multihead_no_enrichment,4,enterococcus_faecalis,Enterococcus faecalis,22,Oxacillin,0,0,0,,,
2,species_multihead_no_enrichment,4,enterococcus_faecalis,Enterococcus faecalis,23,Piperacillin-Tazobactam,68,68,0,,,
2,species_multihead_no_enrichment,4,enterococcus_faecalis,Enterococcus faecalis,24,Rifampicin,0,0,0,,,
2,species_multihead_no_enrichment,4,enterococcus_faecalis,Enterococcus faecalis,25,Teicoplanin,3,3,0,,,
2,species_multihead_no_enrichment,4,enterococcus_faecalis,Enterococcus faecalis,26,Tetracycline,0,0,0,,,
2,species_multihead_no_enrichment,4,enterococcus_faecalis,Enterococcus faecalis,27,Tigecycline,4132,4132,0,,,
2,species_multihead_no_enrichment,4,enterococcus_faecalis,Enterococcus faecalis,28,Tobramycin,0,0,0,,,
2,species_multihead_no_enrichment,4,enterococcus_faecalis,Enterococcus faecalis,29,Vancomycin,4187,4183,4,0.6912801816877838,0.4719997609371264,-0.2192804207506574
2,species_multihead_no_enrichment,5,enterococcus_faecium,Enterococcus faecium,0,Amikacin,0,0,0,,,
2,species_multihead_no_enrichment,5,enterococcus_faecium,Enterococcus faecium,1,Ampicillin,2466,160,2306,0.7528227992194275,0.8479252493495231,0.09510245013009555
2,species_multihead_no_enrichment,5,enterococcus_faecium,Enterococcus faecium,2,Azithromycin,0,0,0,,,
2,species_multihead_no_enrichment,5,enterococcus_faecium,Enterococcus faecium,3,Ceftazidime,21,0,21,,,
2,species_multihead_no_enrichment,5,enterococcus_faecium,Enterococcus faecium,4,Ceftolozane-Tazobactam,0,0,0,,,
2,species_multihead_no_enrichment,5,enterococcus_faecium,Enterococcus faecium,5,Ceftriaxone,0,0,0,,,
2,species_multihead_no_enrichment,5,enterococcus_faecium,Enterococcus faecium,6,Ciprofloxacin,0,0,0,,,
2,species_multihead_no_enrichment,5,enterococcus_faecium,Enterococcus faecium,7,Clarithromycin,0,0,0,,,
2,species_multihead_no_enrichment,5,enterococcus_faecium,Enterococcus faecium,8,Clindamycin,2450,0,2450,,,
2,species_multihead_no_enrichment,5,enterococcus_faecium,Enterococcus faecium,9,Cotrimoxazole,0,0,0,,,
2,species_multihead_no_enrichment,5,enterococcus_faecium,Enterococcus faecium,10,Ertapenem,0,0,0,,,
2,species_multihead_no_enrichment,5,enterococcus_faecium,Enterococcus faecium,11,Erythromycin,2427,0,2427,,,
2,species_multihead_no_enrichment,5,enterococcus_faecium,Enterococcus faecium,12,Fosfomycin,2,0,2,,,
2,species_multihead_no_enrichment,5,enterococcus_faecium,Enterococcus faecium,13,Fusidic acid,0,0,0,,,
2,species_multihead_no_enrichment,5,enterococcus_faecium,Enterococcus faecium,14,Gentamicin,0,0,0,,,
2,species_multihead_no_enrichment,5,enterococcus_faecium,Enterococcus faecium,15,Imipenem,2466,83,2383,0.6878061975135118,0.8727052566118441,0.18489905909833226
2,species_multihead_no_enrichment,5,enterococcus_faecium,Enterococcus faecium,16,Levofloxacin,0,0,0,,,
2,species_multihead_no_enrichment,5,enterococcus_faecium,Enterococcus faecium,17,Linezolid,2446,2367,79,0.5362526939511104,0.627448621071377,0.09119592712026658
2,species_multihead_no_enrichment,5,enterococcus_faecium,Enterococcus faecium,18,Meropenem,21,0,21,,,
2,species_multihead_no_enrichment,5,enterococcus_faecium,Enterococcus faecium,19,Moxifloxacin,1,0,1,,,
2,species_multihead_no_enrichment,5,enterococcus_faecium,Enterococcus faecium,20,Mupirocin,0,0,0,,,
2,species_multihead_no_enrichment,5,enterococcus_faecium,Enterococcus faecium,21,Nitrofurantoin,0,0,0,,,
2,species_multihead_no_enrichment,5,enterococcus_faecium,Enterococcus faecium,22,Oxacillin,0,0,0,,,
2,species_multihead_no_enrichment,5,enterococcus_faecium,Enterococcus faecium,23,Piperacillin-Tazobactam,22,2,20,0.5249999999999999,0.15,-0.3749999999999999
2,species_multihead_no_enrichment,5,enterococcus_faecium,Enterococcus faecium,24,Rifampicin,0,0,0,,,
2,species_multihead_no_enrichment,5,enterococcus_faecium,Enterococcus faecium,25,Teicoplanin,127,83,44,0.4192223439211391,0.2369934282584885,-0.18222891566265062
2,species_multihead_no_enrichment,5,enterococcus_faecium,Enterococcus faecium,26,Tetracycline,0,0,0,,,
2,species_multihead_no_enrichment,5,enterococcus_faecium,Enterococcus faecium,27,Tigecycline,2436,2436,0,,,
2,species_multihead_no_enrichment,5,enterococcus_faecium,Enterococcus faecium,28,Tobramycin,0,0,0,,,
2,species_multihead_no_enrichment,5,enterococcus_faecium,Enterococcus faecium,29,Vancomycin,2469,1351,1118,0.5128610093364883,0.846255804684531,0.3333947953480427
2,species_multihead_no_enrichment,6,escherichia_coli,Escherichia coli,0,Amikacin,3,3,0,,,
2,species_multihead_no_enrichment,6,escherichia_coli,Escherichia coli,1,Ampicillin,9495,4397,5098,0.5488778593200739,0.6626327974430299,0.113754938122956
2,species_multihead_no_enrichment,6,escherichia_coli,Escherichia coli,2,Azithromycin,0,0,0,,,
2,species_multihead_no_enrichment,6,escherichia_coli,Escherichia coli,3,Ceftazidime,9498,7680,1818,0.5634054779175832,0.7762701400348369,0.21286466211725363
2,species_multihead_no_enrichment,6,escherichia_coli,Escherichia coli,4,Ceftolozane-Tazobactam,0,0,0,,,
2,species_multihead_no_enrichment,6,escherichia_coli,Escherichia coli,5,Ceftriaxone,4159,3213,946,0.5928533264374577,0.8562486305304362,0.2633953040929785
2,species_multihead_no_enrichment,6,escherichia_coli,Escherichia coli,6,Ciprofloxacin,9494,7399,2095,0.5831995938301668,0.7337961235166591,0.1505965296864923
2,species_multihead_no_enrichment,6,escherichia_coli,Escherichia coli,7,Clarithromycin,0,0,0,,,
2,species_multihead_no_enrichment,6,escherichia_coli,Escherichia coli,8,Clindamycin,1,1,0,,,
2,species_multihead_no_enrichment,6,escherichia_coli,Escherichia coli,9,Cotrimoxazole,9492,6928,2564,0.5742947067767238,0.6240700818852616,0.0497753751085378
2,species_multihead_no_enrichment,6,escherichia_coli,Escherichia coli,10,Ertapenem,606,602,4,0.6997508305647842,0.16362126245847175,-0.5361295681063124
2,species_multihead_no_enrichment,6,escherichia_coli,Escherichia coli,11,Erythromycin,1,1,0,,,
2,species_multihead_no_enrichment,6,escherichia_coli,Escherichia coli,12,Fosfomycin,2812,2768,44,0.5945792827115081,0.5986682212296374,0.004088938518129304
2,species_multihead_no_enrichment,6,escherichia_coli,Escherichia coli,13,Fusidic acid,0,0,0,,,
2,species_multihead_no_enrichment,6,escherichia_coli,Escherichia coli,14,Gentamicin,9345,3124,6221,0.5374561267739418,0.7236389909358683,0.18618286416192642
2,species_multihead_no_enrichment,6,escherichia_coli,Escherichia coli,15,Imipenem,9495,9472,23,0.5722289034958872,0.7114079942714454,0.13917909077555823
2,species_multihead_no_enrichment,6,escherichia_coli,Escherichia coli,16,Levofloxacin,1,1,0,,,
2,species_multihead_no_enrichment,6,escherichia_coli,Escherichia coli,17,Linezolid,1,1,0,,,
2,species_multihead_no_enrichment,6,escherichia_coli,Escherichia coli,18,Meropenem,9498,9478,20,0.5205212070056975,0.69885788140958,0.17833667440388257
2,species_multihead_no_enrichment,6,escherichia_coli,Escherichia coli,19,Moxifloxacin,4319,2854,1465,0.5812420625144997,0.7544849334267695,0.17324287091226975
2,species_multihead_no_enrichment,6,escherichia_coli,Escherichia coli,20,Mupirocin,0,0,0,,,
2,species_multihead_no_enrichment,6,escherichia_coli,Escherichia coli,21,Nitrofurantoin,5172,5084,88,0.5306755596881482,0.6151406372934698,0.08446507760532163
2,species_multihead_no_enrichment,6,escherichia_coli,Escherichia coli,22,Oxacillin,1,1,0,,,
2,species_multihead_no_enrichment,6,escherichia_coli,Escherichia coli,23,Piperacillin-Tazobactam,9436,7278,2158,0.555746163040137,0.7437722861768591,0.18802612313672207
2,species_multihead_no_enrichment,6,escherichia_coli,Escherichia coli,24,Rifampicin,1,1,0,,,
2,species_multihead_no_enrichment,6,escherichia_coli,Escherichia coli,25,Teicoplanin,0,0,0,,,
2,species_multihead_no_enrichment,6,escherichia_coli,Escherichia coli,26,Tetracycline,1,0,1,,,
2,species_multihead_no_enrichment,6,escherichia_coli,Escherichia coli,27,Tigecycline,4,4,0,,,
2,species_multihead_no_enrichment,6,escherichia_coli,Escherichia coli,28,Tobramycin,3,3,0,,,
2,species_multihead_no_enrichment,6,escherichia_coli,Escherichia coli,29,Vancomycin,1,1,0,,,
2,species_multihead_no_enrichment,7,haemophilus_influenzae,Haemophilus influenzae,0,Amikacin,0,0,0,,,
2,species_multihead_no_enrichment,7,haemophilus_influenzae,Haemophilus influenzae,1,Ampicillin,180,134,46,0.5200356911096691,0.41377352368591824,-0.10626216742375083
2,species_multihead_no_enrichment,7,haemophilus_influenzae,Haemophilus influenzae,2,Azithromycin,0,0,0,,,
2,species_multihead_no_enrichment,7,haemophilus_influenzae,Haemophilus influenzae,3,Ceftazidime,0,0,0,,,
2,species_multihead_no_enrichment,7,haemophilus_influenzae,Haemophilus influenzae,4,Ceftolozane-Tazobactam,0,0,0,,,
2,species_multihead_no_enrichment,7,haemophilus_influenzae,Haemophilus influenzae,5,Ceftriaxone,2,2,0,,,
2,species_multihead_no_enrichment,7,haemophilus_influenzae,Haemophilus influenzae,6,Ciprofloxacin,180,176,4,0.5866477272727272,0.375,-0.21164772727272718
2,species_multihead_no_enrichment,7,haemophilus_influenzae,Haemophilus influenzae,7,Clarithromycin,0,0,0,,,
2,species_multihead_no_enrichment,7,haemophilus_influenzae,Haemophilus influenzae,8,Clindamycin,0,0,0,,,
2,species_multihead_no_enrichment,7,haemophilus_influenzae,Haemophilus influenzae,9,Cotrimoxazole,177,145,32,0.671228448275862,0.3776939655172414,-0.29353448275862065
2,species_multihead_no_enrichment,7,haemophilus_influenzae,Haemophilus influenzae,10,Ertapenem,0,0,0,,,
2,species_multihead_no_enrichment,7,haemophilus_influenzae,Haemophilus influenzae,11,Erythromycin,0,0,0,,,
2,species_multihead_no_enrichment,7,haemophilus_influenzae,Haemophilus influenzae,12,Fosfomycin,0,0,0,,,
2,species_multihead_no_enrichment,7,haemophilus_influenzae,Haemophilus influenzae,13,Fusidic acid,0,0,0,,,
2,species_multihead_no_enrichment,7,haemophilus_influenzae,Haemophilus influenzae,14,Gentamicin,0,0,0,,,
2,species_multihead_no_enrichment,7,haemophilus_influenzae,Haemophilus influenzae,15,Imipenem,0,0,0,,,
2,species_multihead_no_enrichment,7,haemophilus_influenzae,Haemophilus influenzae,16,Levofloxacin,178,175,3,0.4533333333333333,0.5733333333333333,0.11999999999999994
2,species_multihead_no_enrichment,7,haemophilus_influenzae,Haemophilus influenzae,17,Linezolid,0,0,0,,,
2,species_multihead_no_enrichment,7,haemophilus_influenzae,Haemophilus influenzae,18,Meropenem,0,0,0,,,
2,species_multihead_no_enrichment,7,haemophilus_influenzae,Haemophilus influenzae,19,Moxifloxacin,179,176,3,0.4554924242424242,0.4962121212121212,0.04071969696969702
2,species_multihead_no_enrichment,7,haemophilus_influenzae,Haemophilus influenzae,20,Mupirocin,0,0,0,,,
2,species_multihead_no_enrichment,7,haemophilus_influenzae,Haemophilus influenzae,21,Nitrofurantoin,0,0,0,,,
2,species_multihead_no_enrichment,7,haemophilus_influenzae,Haemophilus influenzae,22,Oxacillin,0,0,0,,,
2,species_multihead_no_enrichment,7,haemophilus_influenzae,Haemophilus influenzae,23,Piperacillin-Tazobactam,0,0,0,,,
2,species_multihead_no_enrichment,7,haemophilus_influenzae,Haemophilus influenzae,24,Rifampicin,0,0,0,,,
2,species_multihead_no_enrichment,7,haemophilus_influenzae,Haemophilus influenzae,25,Teicoplanin,0,0,0,,,
2,species_multihead_no_enrichment,7,haemophilus_influenzae,Haemophilus influenzae,26,Tetracycline,0,0,0,,,
2,species_multihead_no_enrichment,7,haemophilus_influenzae,Haemophilus influenzae,27,Tigecycline,0,0,0,,,
2,species_multihead_no_enrichment,7,haemophilus_influenzae,Haemophilus influenzae,28,Tobramycin,0,0,0,,,
2,species_multihead_no_enrichment,7,haemophilus_influenzae,Haemophilus influenzae,29,Vancomycin,0,0,0,,,
2,species_multihead_no_enrichment,8,klebsiella_oxytoca,Klebsiella oxytoca,0,Amikacin,1,1,0,,,
2,species_multihead_no_enrichment,8,klebsiella_oxytoca,Klebsiella oxytoca,1,Ampicillin,1273,4,1269,0.5,0.7960007880220645,0.29600078802206453
2,species_multihead_no_enrichment,8,klebsiella_oxytoca,Klebsiella oxytoca,2,Azithromycin,0,0,0,,,
2,species_multihead_no_enrichment,8,klebsiella_oxytoca,Klebsiella oxytoca,3,Ceftazidime,1274,1238,36,0.5198012026566147,0.717723478729133,0.19792227607251833
2,species_multihead_no_enrichment,8,klebsiella_oxytoca,Klebsiella oxytoca,4,Ceftolozane-Tazobactam,0,0,0,,,
2,species_multihead_no_enrichment,8,klebsiella_oxytoca,Klebsiella oxytoca,5,Ceftriaxone,919,886,33,0.48324098775566043,0.8060913879198304,0.32285040016416994
2,species_multihead_no_enrichment,8,klebsiella_oxytoca,Klebsiella oxytoca,6,Ciprofloxacin,1274,1239,35,0.5369191744494407,0.6531188746685115,0.11619970021907078
2,species_multihead_no_enrichment,8,klebsiella_oxytoca,Klebsiella oxytoca,7,Clarithromycin,0,0,0,,,
2,species_multihead_no_enrichment,8,klebsiella_oxytoca,Klebsiella oxytoca,8,Clindamycin,0,0,0,,,
2,species_multihead_no_enrichment,8,klebsiella_oxytoca,Klebsiella oxytoca,9,Cotrimoxazole,1274,1248,26,0.5315273668639053,0.5461969921104537,0.014669625246548357
2,species_multihead_no_enrichment,8,klebsiella_oxytoca,Klebsiella oxytoca,10,Ertapenem,11,11,0,,,
2,species_multihead_no_enrichment,8,klebsiella_oxytoca,Klebsiella oxytoca,11,Erythromycin,0,0,0,,,
2,species_multihead_no_enrichment,8,klebsiella_oxytoca,Klebsiella oxytoca,12,Fosfomycin,254,188,66,0.5588733075435203,0.4921018697614442,-0.06677143778207606
2,species_multihead_no_enrichment,8,klebsiella_oxytoca,Klebsiella oxytoca,13,Fusidic acid,0,0,0,,,
2,species_multihead_no_enrichment,8,klebsiella_oxytoca,Klebsiella oxytoca,14,Gentamicin,1260,455,805,0.5530762405296566,0.7440038222646919,0.1909275817350352
2,species_multihead_no_enrichment,8,klebsiella_oxytoca,Klebsiella oxytoca,15,Imipenem,1273,1272,1,0.02633647798742139,0.16941823899371067,0.14308176100628928
2,species_multihead_no_enrichment,8,klebsiella_oxytoca,Klebsiella oxytoca,16,Levofloxacin,0,0,0,,,
2,species_multihead_no_enrichment,8,klebsiella_oxytoca,Klebsiella oxytoca,17,Linezolid,0,0,0,,,
2,species_multihead_no_enrichment,8,klebsiella_oxytoca,Klebsiella oxytoca,18,Meropenem,1272,1271,1,0.3996852871754524,0.9508261211644375,0.5511408339889852
2,species_multihead_no_enrichment,8,klebsiella_oxytoca,Klebsiella oxytoca,19,Moxifloxacin,950,860,90,0.4818992248062016,0.6521834625322998,0.17028423772609813
2,species_multihead_no_enrichment,8,klebsiella_oxytoca,Klebsiella oxytoca,20,Mupirocin,0,0,0,,,
2,species_multihead_no_enrichment,8,klebsiella_oxytoca,Klebsiella oxytoca,21,Nitrofurantoin,0,0,0,,,
2,species_multihead_no_enrichment,8,klebsiella_oxytoca,Klebsiella oxytoca,22,Oxacillin,0,0,0,,,
2,species_multihead_no_enrichment,8,klebsiella_oxytoca,Klebsiella oxytoca,23,Piperacillin-Tazobactam,1274,968,306,0.48262538486468975,0.679247353211257,0.1966219683465672
2,species_multihead_no_enrichment,8,klebsiella_oxytoca,Klebsiella oxytoca,24,Rifampicin,0,0,0,,,
2,species_multihead_no_enrichment,8,klebsiella_oxytoca,Klebsiella oxytoca,25,Teicoplanin,0,0,0,,,
2,species_multihead_no_enrichment,8,klebsiella_oxytoca,Klebsiella oxytoca,26,Tetracycline,0,0,0,,,
2,species_multihead_no_enrichment,8,klebsiella_oxytoca,Klebsiella oxytoca,27,Tigecycline,0,0,0,,,
2,species_multihead_no_enrichment,8,klebsiella_oxytoca,Klebsiella oxytoca,28,Tobramycin,1,1,0,,,
2,species_multihead_no_enrichment,8,klebsiella_oxytoca,Klebsiella oxytoca,29,Vancomycin,0,0,0,,,
2,species_multihead_no_enrichment,9,klebsiella_pneumoniae,Klebsiella pneumoniae,0,Amikacin,0,0,0,,,
2,species_multihead_no_enrichment,9,klebsiella_pneumoniae,Klebsiella pneumoniae,1,Ampicillin,3241,6,3235,0.5,0.8936630602782071,0.3936630602782071
2,species_multihead_no_enrichment,9,klebsiella_pneumoniae,Klebsiella pneumoniae,2,Azithromycin,0,0,0,,,
2,species_multihead_no_enrichment,9,klebsiella_pneumoniae,Klebsiella pneumoniae,3,Ceftazidime,3240,2449,791,0.5468859293429192,0.838319157074871,0.2914332277319518
2,species_multihead_no_enrichment,9,klebsiella_pneumoniae,Klebsiella pneumoniae,4,Ceftolozane-Tazobactam,3,0,3,,,
2,species_multihead_no_enrichment,9,klebsiella_pneumoniae,Klebsiella pneumoniae,5,Ceftriaxone,2118,1556,562,0.5791374680950333,0.8859128708523544,0.30677540275732107
2,species_multihead_no_enrichment,9,klebsiella_pneumoniae,Klebsiella pneumoniae,6,Ciprofloxacin,3239,2637,602,0.594321859759593,0.7989034781042084,0.2045816183446154
2,species_multihead_no_enrichment,9,klebsiella_pneumoniae,Klebsiella pneumoniae,7,Clarithromycin,0,0,0,,,
2,species_multihead_no_enrichment,9,klebsiella_pneumoniae,Klebsiella pneumoniae,8,Clindamycin,0,0,0,,,
2,species_multihead_no_enrichment,9,klebsiella_pneumoniae,Klebsiella pneumoniae,9,Cotrimoxazole,3237,2648,589,0.5785020824891387,0.7915728435209455,0.21307076103180678
2,species_multihead_no_enrichment,9,klebsiella_pneumoniae,Klebsiella pneumoniae,10,Ertapenem,203,183,20,0.8415300546448087,0.8576502732240437,0.01612021857923507
2,species_multihead_no_enrichment,9,klebsiella_pneumoniae,Klebsiella pneumoniae,11,Erythromycin,0,0,0,,,
2,species_multihead_no_enrichment,9,klebsiella_pneumoniae,Klebsiella pneumoniae,12,Fosfomycin,867,615,252,0.5008388179119886,0.5335462640340689,0.03270744612208032
2,species_multihead_no_enrichment,9,klebsiella_pneumoniae,Klebsiella pneumoniae,13,Fusidic acid,0,0,0,,,
2,species_multihead_no_enrichment,9,klebsiella_pneumoniae,Klebsiella pneumoniae,14,Gentamicin,3206,1244,1962,0.4614842374897981,0.671274718034947,0.20979048054514887
2,species_multihead_no_enrichment,9,klebsiella_pneumoniae,Klebsiella pneumoniae,15,Imipenem,3237,2985,252,0.7502220095184919,0.9538525963149079,0.203630586796416
2,species_multihead_no_enrichment,9,klebsiella_pneumoniae,Klebsiella pneumoniae,16,Levofloxacin,0,0,0,,,
2,species_multihead_no_enrichment,9,klebsiella_pneumoniae,Klebsiella pneumoniae,17,Linezolid,0,0,0,,,
2,species_multihead_no_enrichment,9,klebsiella_pneumoniae,Klebsiella pneumoniae,18,Meropenem,3240,2988,252,0.7485510826374281,0.9560098861052677,0.20745880346783963
2,species_multihead_no_enrichment,9,klebsiella_pneumoniae,Klebsiella pneumoniae,19,Moxifloxacin,2134,1489,645,0.5841509571482864,0.7909985891368747,0.20684763198858835
2,species_multihead_no_enrichment,9,klebsiella_pneumoniae,Klebsiella pneumoniae,20,Mupirocin,0,0,0,,,
2,species_multihead_no_enrichment,9,klebsiella_pneumoniae,Klebsiella pneumoniae,21,Nitrofurantoin,0,0,0,,,
2,species_multihead_no_enrichment,9,klebsiella_pneumoniae,Klebsiella pneumoniae,22,Oxacillin,0,0,0,,,
2,species_multihead_no_enrichment,9,klebsiella_pneumoniae,Klebsiella pneumoniae,23,Piperacillin-Tazobactam,3230,2145,1085,0.5518515892709441,0.7829205203398752,0.23106893106893112
2,species_multihead_no_enrichment,9,klebsiella_pneumoniae,Klebsiella pneumoniae,24,Rifampicin,0,0,0,,,
2,species_multihead_no_enrichment,9,klebsiella_pneumoniae,Klebsiella pneumoniae,25,Teicoplanin,0,0,0,,,
2,species_multihead_no_enrichment,9,klebsiella_pneumoniae,Klebsiella pneumoniae,26,Tetracycline,0,0,0,,,
2,species_multihead_no_enrichment,9,klebsiella_pneumoniae,Klebsiella pneumoniae,27,Tigecycline,0,0,0,,,
2,species_multihead_no_enrichment,9,klebsiella_pneumoniae,Klebsiella pneumoniae,28,Tobramycin,0,0,0,,,
2,species_multihead_no_enrichment,9,klebsiella_pneumoniae,Klebsiella pneumoniae,29,Vancomycin,0,0,0,,,
2,species_multihead_no_enrichment,10,morganella_morganii,Morganella morganii,0,Amikacin,2,1,1,1.0,1.0,0.0
2,species_multihead_no_enrichment,10,morganella_morganii,Morganella morganii,1,Ampicillin,420,0,420,,,
2,species_multihead_no_enrichment,10,morganella_morganii,Morganella morganii,2,Azithromycin,0,0,0,,,
2,species_multihead_no_enrichment,10,morganella_morganii,Morganella morganii,3,Ceftazidime,423,321,102,0.515347260399487,0.5867845580599841,0.07143729766049711
2,species_multihead_no_enrichment,10,morganella_morganii,Morganella morganii,4,Ceftolozane-Tazobactam,0,0,0,,,
2,species_multihead_no_enrichment,10,morganella_morganii,Morganella morganii,5,Ceftriaxone,274,206,68,0.5674971444888636,0.6157552826956025,0.048258138206738965
2,species_multihead_no_enrichment,10,morganella_morganii,Morganella morganii,6,Ciprofloxacin,423,380,43,0.5612607099143206,0.5112301101591188,-0.050030599755201854
2,species_multihead_no_enrichment,10,morganella_morganii,Morganella morganii,7,Clarithromycin,0,0,0,,,
2,species_multihead_no_enrichment,10,morganella_morganii,Morganella morganii,8,Clindamycin,0,0,0,,,
2,species_multihead_no_enrichment,10,morganella_morganii,Morganella morganii,9,Cotrimoxazole,423,388,35,0.5356774668630339,0.4624079528718704,-0.07326951399116344
2,species_multihead_no_enrichment,10,morganella_morganii,Morganella morganii,10,Ertapenem,1,1,0,,,
2,species_multihead_no_enrichment,10,morganella_morganii,Morganella morganii,11,Erythromycin,0,0,0,,,
2,species_multihead_no_enrichment,10,morganella_morganii,Morganella morganii,12,Fosfomycin,117,0,117,,,
2,species_multihead_no_enrichment,10,morganella_morganii,Morganella morganii,13,Fusidic acid,0,0,0,,,
2,species_multihead_no_enrichment,10,morganella_morganii,Morganella morganii,14,Gentamicin,420,151,269,0.5019572121421011,0.624806125212339,0.12284891307023793
2,species_multihead_no_enrichment,10,morganella_morganii,Morganella morganii,15,Imipenem,412,2,410,0.9945121951219512,0.2914634146341463,-0.703048780487805
2,species_multihead_no_enrichment,10,morganella_morganii,Morganella morganii,16,Levofloxacin,0,0,0,,,
2,species_multihead_no_enrichment,10,morganella_morganii,Morganella morganii,17,Linezolid,0,0,0,,,
2,species_multihead_no_enrichment,10,morganella_morganii,Morganella morganii,18,Meropenem,422,419,3,0.52824184566428,0.5457438345266507,0.017501988862370643
2,species_multihead_no_enrichment,10,morganella_morganii,Morganella morganii,19,Moxifloxacin,279,209,70,0.5530075187969925,0.47566643882433357,-0.07734107997265893
2,species_multihead_no_enrichment,10,morganella_morganii,Morganella morganii,20,Mupirocin,0,0,0,,,
2,species_multihead_no_enrichment,10,morganella_morganii,Morganella morganii,21,Nitrofurantoin,4,0,4,,,
2,species_multihead_no_enrichment,10,morganella_morganii,Morganella morganii,22,Oxacillin,0,0,0,,,
2,species_multihead_no_enrichment,10,morganella_morganii,Morganella morganii,23,Piperacillin-Tazobactam,422,321,101,0.5151753493106321,0.5867184849326055,0.07154313562197334
2,species_multihead_no_enrichment,10,morganella_morganii,Morganella morganii,24,Rifampicin,0,0,0,,,
2,species_multihead_no_enrichment,10,morganella_morganii,Morganella morganii,25,Teicoplanin,0,0,0,,,
2,species_multihead_no_enrichment,10,morganella_morganii,Morganella morganii,26,Tetracycline,0,0,0,,,
2,species_multihead_no_enrichment,10,morganella_morganii,Morganella morganii,27,Tigecycline,0,0,0,,,
2,species_multihead_no_enrichment,10,morganella_morganii,Morganella morganii,28,Tobramycin,3,0,3,,,
2,species_multihead_no_enrichment,10,morganella_morganii,Morganella morganii,29,Vancomycin,0,0,0,,,
2,species_multihead_no_enrichment,11,proteus_mirabilis,Proteus mirabilis,0,Amikacin,1,1,0,,,
2,species_multihead_no_enrichment,11,proteus_mirabilis,Proteus mirabilis,1,Ampicillin,2011,1398,613,0.4962256731242721,0.5015764772326815,0.005350804108409379
2,species_multihead_no_enrichment,11,proteus_mirabilis,Proteus mirabilis,2,Azithromycin,0,0,0,,,
2,species_multihead_no_enrichment,11,proteus_mirabilis,Proteus mirabilis,3,Ceftazidime,2012,1990,22,0.5271585198720877,0.5967222476016446,0.06956372772955688
2,species_multihead_no_enrichment,11,proteus_mirabilis,Proteus mirabilis,4,Ceftolozane-Tazobactam,0,0,0,,,
2,species_multihead_no_enrichment,11,proteus_mirabilis,Proteus mirabilis,5,Ceftriaxone,1071,1066,5,0.5627579737335835,0.6013133208255159,0.038555347091932424
2,species_multihead_no_enrichment,11,proteus_mirabilis,Proteus mirabilis,6,Ciprofloxacin,2012,1737,275,0.5253488250379441,0.5493337520280526,0.023984926990108457
2,species_multihead_no_enrichment,11,proteus_mirabilis,Proteus mirabilis,7,Clarithromycin,0,0,0,,,
2,species_multihead_no_enrichment,11,proteus_mirabilis,Proteus mirabilis,8,Clindamycin,0,0,0,,,
2,species_multihead_no_enrichment,11,proteus_mirabilis,Proteus mirabilis,9,Cotrimoxazole,2012,1333,679,0.4804144703333419,0.4870037465183674,0.006589276185025528
2,species_multihead_no_enrichment,11,proteus_mirabilis,Proteus mirabilis,10,Ertapenem,6,6,0,,,
2,species_multihead_no_enrichment,11,proteus_mirabilis,Proteus mirabilis,11,Erythromycin,0,0,0,,,
2,species_multihead_no_enrichment,11,proteus_mirabilis,Proteus mirabilis,12,Fosfomycin,706,571,135,0.5381462022442759,0.4582149575144321,-0.07993124472984381
2,species_multihead_no_enrichment,11,proteus_mirabilis,Proteus mirabilis,13,Fusidic acid,0,0,0,,,
2,species_multihead_no_enrichment,11,proteus_mirabilis,Proteus mirabilis,14,Gentamicin,1994,694,1300,0.38542063843937047,0.7455979827089337,0.36017734426956327
2,species_multihead_no_enrichment,11,proteus_mirabilis,Proteus mirabilis,15,Imipenem,1945,0,1945,,,
2,species_multihead_no_enrichment,11,proteus_mirabilis,Proteus mirabilis,16,Levofloxacin,0,0,0,,,
2,species_multihead_no_enrichment,11,proteus_mirabilis,Proteus mirabilis,17,Linezolid,0,0,0,,,
2,species_multihead_no_enrichment,11,proteus_mirabilis,Proteus mirabilis,18,Meropenem,2010,2009,1,0.6968641114982578,0.7426580388252862,0.04579392732702847
2,species_multihead_no_enrichment,11,proteus_mirabilis,Proteus mirabilis,19,Moxifloxacin,1116,456,660,0.5069643806485912,0.5615364167995747,0.054572036150983494
2,species_multihead_no_enrichment,11,proteus_mirabilis,Proteus mirabilis,20,Mupirocin,0,0,0,,,
2,species_multihead_no_enrichment,11,proteus_mirabilis,Proteus mirabilis,21,Nitrofurantoin,45,1,44,0.5,0.5227272727272727,0.022727272727272707
2,species_multihead_no_enrichment,11,proteus_mirabilis,Proteus mirabilis,22,Oxacillin,0,0,0,,,
2,species_multihead_no_enrichment,11,proteus_mirabilis,Proteus mirabilis,23,Piperacillin-Tazobactam,1996,1973,23,0.5395887965799159,0.45998148923510873,-0.07960730734480714
2,species_multihead_no_enrichment,11,proteus_mirabilis,Proteus mirabilis,24,Rifampicin,0,0,0,,,
2,species_multihead_no_enrichment,11,proteus_mirabilis,Proteus mirabilis,25,Teicoplanin,0,0,0,,,
2,species_multihead_no_enrichment,11,proteus_mirabilis,Proteus mirabilis,26,Tetracycline,0,0,0,,,
2,species_multihead_no_enrichment,11,proteus_mirabilis,Proteus mirabilis,27,Tigecycline,0,0,0,,,
2,species_multihead_no_enrichment,11,proteus_mirabilis,Proteus mirabilis,28,Tobramycin,1,1,0,,,
2,species_multihead_no_enrichment,11,proteus_mirabilis,Proteus mirabilis,29,Vancomycin,0,0,0,,,
2,species_multihead_no_enrichment,12,proteus_vulgaris,Proteus vulgaris,0,Amikacin,0,0,0,,,
2,species_multihead_no_enrichment,12,proteus_vulgaris,Proteus vulgaris,1,Ampicillin,380,5,375,0.5,0.1893333333333333,-0.3106666666666667
2,species_multihead_no_enrichment,12,proteus_vulgaris,Proteus vulgaris,2,Azithromycin,0,0,0,,,
2,species_multihead_no_enrichment,12,proteus_vulgaris,Proteus vulgaris,3,Ceftazidime,379,366,13,0.4156158049600673,0.4329550231189576,0.017339218158890335
2,species_multihead_no_enrichment,12,proteus_vulgaris,Proteus vulgaris,4,Ceftolozane-Tazobactam,0,0,0,,,
2,species_multihead_no_enrichment,12,proteus_vulgaris,Proteus vulgaris,5,Ceftriaxone,272,271,1,0.12177121771217714,0.38007380073800734,0.2583025830258302
2,species_multihead_no_enrichment,12,proteus_vulgaris,Proteus vulgaris,6,Ciprofloxacin,380,376,4,0.5558510638297873,0.609375,0.05352393617021267
2,species_multihead_no_enrichment,12,proteus_vulgaris,Proteus vulgaris,7,Clarithromycin,0,0,0,,,
2,species_multihead_no_enrichment,12,proteus_vulgaris,Proteus vulgaris,8,Clindamycin,0,0,0,,,
2,species_multihead_no_enrichment,12,proteus_vulgaris,Proteus vulgaris,9,Cotrimoxazole,378,332,46,0.5021608171817705,0.4552121529596648,-0.04694866422210575
2,species_multihead_no_enrichment,12,proteus_vulgaris,Proteus vulgaris,10,Ertapenem,4,4,0,,,
2,species_multihead_no_enrichment,12,proteus_vulgaris,Proteus vulgaris,11,Erythromycin,0,0,0,,,
2,species_multihead_no_enrichment,12,proteus_vulgaris,Proteus vulgaris,12,Fosfomycin,69,66,3,0.5883838383838385,0.4924242424242424,-0.09595959595959608
2,species_multihead_no_enrichment,12,proteus_vulgaris,Proteus vulgaris,13,Fusidic acid,0,0,0,,,
2,species_multihead_no_enrichment,12,proteus_vulgaris,Proteus vulgaris,14,Gentamicin,379,144,235,0.4553782505910165,0.6425384160756501,0.1871601654846336
2,species_multihead_no_enrichment,12,proteus_vulgaris,Proteus vulgaris,15,Imipenem,370,0,370,,,
2,species_multihead_no_enrichment,12,proteus_vulgaris,Proteus vulgaris,16,Levofloxacin,0,0,0,,,
2,species_multihead_no_enrichment,12,proteus_vulgaris,Proteus vulgaris,17,Linezolid,0,0,0,,,
2,species_multihead_no_enrichment,12,proteus_vulgaris,Proteus vulgaris,18,Meropenem,379,379,0,,,
2,species_multihead_no_enrichment,12,proteus_vulgaris,Proteus vulgaris,19,Moxifloxacin,293,134,159,0.502511029756876,0.5082605838730874,0.005749554116211364
2,species_multihead_no_enrichment,12,proteus_vulgaris,Proteus vulgaris,20,Mupirocin,0,0,0,,,
2,species_multihead_no_enrichment,12,proteus_vulgaris,Proteus vulgaris,21,Nitrofurantoin,5,0,5,,,
2,species_multihead_no_enrichment,12,proteus_vulgaris,Proteus vulgaris,22,Oxacillin,0,0,0,,,
2,species_multihead_no_enrichment,12,proteus_vulgaris,Proteus vulgaris,23,Piperacillin-Tazobactam,377,372,5,0.28225806451612906,0.4731182795698925,0.19086021505376344
2,species_multihead_no_enrichment,12,proteus_vulgaris,Proteus vulgaris,24,Rifampicin,0,0,0,,,
2,species_multihead_no_enrichment,12,proteus_vulgaris,Proteus vulgaris,25,Teicoplanin,0,0,0,,,
2,species_multihead_no_enrichment,12,proteus_vulgaris,Proteus vulgaris,26,Tetracycline,0,0,0,,,
2,species_multihead_no_enrichment,12,proteus_vulgaris,Proteus vulgaris,27,Tigecycline,0,0,0,,,
2,species_multihead_no_enrichment,12,proteus_vulgaris,Proteus vulgaris,28,Tobramycin,0,0,0,,,
2,species_multihead_no_enrichment,12,proteus_vulgaris,Proteus vulgaris,29,Vancomycin,0,0,0,,,
2,species_multihead_no_enrichment,13,pseudomonas_aeruginosa,Pseudomonas aeruginosa,0,Amikacin,3236,1214,2022,0.4968593005766878,0.9500296980333303,0.45317039745664245
2,species_multihead_no_enrichment,13,pseudomonas_aeruginosa,Pseudomonas aeruginosa,1,Ampicillin,167,0,167,,,
2,species_multihead_no_enrichment,13,pseudomonas_aeruginosa,Pseudomonas aeruginosa,2,Azithromycin,0,0,0,,,
2,species_multihead_no_enrichment,13,pseudomonas_aeruginosa,Pseudomonas aeruginosa,3,Ceftazidime,3409,1,3408,0.7254988262910798,0.480193661971831,-0.24530516431924876
2,species_multihead_no_enrichment,13,pseudomonas_aeruginosa,Pseudomonas aeruginosa,4,Ceftolozane-Tazobactam,72,61,11,0.5312965722801789,0.5327868852459017,0.0014903129657227732
2,species_multihead_no_enrichment,13,pseudomonas_aeruginosa,Pseudomonas aeruginosa,5,Ceftriaxone,1,0,1,,,
2,species_multihead_no_enrichment,13,pseudomonas_aeruginosa,Pseudomonas aeruginosa,6,Ciprofloxacin,3409,1,3408,0.32541079812206575,0.4024354460093897,0.07702464788732394
2,species_multihead_no_enrichment,13,pseudomonas_aeruginosa,Pseudomonas aeruginosa,7,Clarithromycin,0,0,0,,,
2,species_multihead_no_enrichment,13,pseudomonas_aeruginosa,Pseudomonas aeruginosa,8,Clindamycin,0,0,0,,,
2,species_multihead_no_enrichment,13,pseudomonas_aeruginosa,Pseudomonas aeruginosa,9,Cotrimoxazole,3406,0,3406,,,
2,species_multihead_no_enrichment,13,pseudomonas_aeruginosa,Pseudomonas aeruginosa,10,Ertapenem,0,0,0,,,
2,species_multihead_no_enrichment,13,pseudomonas_aeruginosa,Pseudomonas aeruginosa,11,Erythromycin,0,0,0,,,
2,species_multihead_no_enrichment,13,pseudomonas_aeruginosa,Pseudomonas aeruginosa,12,Fosfomycin,0,0,0,,,
2,species_multihead_no_enrichment,13,pseudomonas_aeruginosa,Pseudomonas aeruginosa,13,Fusidic acid,0,0,0,,,
2,species_multihead_no_enrichment,13,pseudomonas_aeruginosa,Pseudomonas aeruginosa,14,Gentamicin,2095,0,2095,,,
2,species_multihead_no_enrichment,13,pseudomonas_aeruginosa,Pseudomonas aeruginosa,15,Imipenem,3392,1,3391,0.22869360070775582,0.8027130639929224,0.5740194632851666
2,species_multihead_no_enrichment,13,pseudomonas_aeruginosa,Pseudomonas aeruginosa,16,Levofloxacin,0,0,0,,,
2,species_multihead_no_enrichment,13,pseudomonas_aeruginosa,Pseudomonas aeruginosa,17,Linezolid,1,1,0,,,
2,species_multihead_no_enrichment,13,pseudomonas_aeruginosa,Pseudomonas aeruginosa,18,Meropenem,3402,2461,941,0.5659875351984044,0.5341851480330131,-0.0318023871653913
2,species_multihead_no_enrichment,13,pseudomonas_aeruginosa,Pseudomonas aeruginosa,19,Moxifloxacin,177,0,177,,,
2,species_multihead_no_enrichment,13,pseudomonas_aeruginosa,Pseudomonas aeruginosa,20,Mupirocin,0,0,0,,,
2,species_multihead_no_enrichment,13,pseudomonas_aeruginosa,Pseudomonas aeruginosa,21,Nitrofurantoin,160,0,160,,,
2,species_multihead_no_enrichment,13,pseudomonas_aeruginosa,Pseudomonas aeruginosa,22,Oxacillin,0,0,0,,,
2,species_multihead_no_enrichment,13,pseudomonas_aeruginosa,Pseudomonas aeruginosa,23,Piperacillin-Tazobactam,3374,0,3374,,,
2,species_multihead_no_enrichment,13,pseudomonas_aeruginosa,Pseudomonas aeruginosa,24,Rifampicin,0,0,0,,,
2,species_multihead_no_enrichment,13,pseudomonas_aeruginosa,Pseudomonas aeruginosa,25,Teicoplanin,0,0,0,,,
2,species_multihead_no_enrichment,13,pseudomonas_aeruginosa,Pseudomonas aeruginosa,26,Tetracycline,0,0,0,,,
2,species_multihead_no_enrichment,13,pseudomonas_aeruginosa,Pseudomonas aeruginosa,27,Tigecycline,2,1,1,1.0,0.0,-1.0
2,species_multihead_no_enrichment,13,pseudomonas_aeruginosa,Pseudomonas aeruginosa,28,Tobramycin,3246,1217,2029,0.43088588515012194,0.9517971338354743,0.5209112486853523
2,species_multihead_no_enrichment,13,pseudomonas_aeruginosa,Pseudomonas aeruginosa,29,Vancomycin,1,0,1,,,
2,species_multihead_no_enrichment,14,serratia_marcescens,Serratia marcescens,0,Amikacin,1,1,0,,,
2,species_multihead_no_enrichment,14,serratia_marcescens,Serratia marcescens,1,Ampicillin,832,6,826,0.5,0.5,0.0
2,species_multihead_no_enrichment,14,serratia_marcescens,Serratia marcescens,2,Azithromycin,0,0,0,,,
2,species_multihead_no_enrichment,14,serratia_marcescens,Serratia marcescens,3,Ceftazidime,832,760,72,0.6050529970760234,0.6406158625730994,0.03556286549707599
2,species_multihead_no_enrichment,14,serratia_marcescens,Serratia marcescens,4,Ceftolozane-Tazobactam,0,0,0,,,
2,species_multihead_no_enrichment,14,serratia_marcescens,Serratia marcescens,5,Ceftriaxone,692,637,55,0.6055087769373484,0.7238618524332809,0.11835307549593255
2,species_multihead_no_enrichment,14,serratia_marcescens,Serratia marcescens,6,Ciprofloxacin,831,794,37,0.521393559806658,0.5234699434951324,0.0020763836884744036
2,species_multihead_no_enrichment,14,serratia_marcescens,Serratia marcescens,7,Clarithromycin,0,0,0,,,
2,species_multihead_no_enrichment,14,serratia_marcescens,Serratia marcescens,8,Clindamycin,0,0,0,,,
2,species_multihead_no_enrichment,14,serratia_marcescens,Serratia marcescens,9,Cotrimoxazole,831,823,8,0.5981166464155528,0.3721901579586877,-0.22592648845686514
2,species_multihead_no_enrichment,14,serratia_marcescens,Serratia marcescens,10,Ertapenem,3,3,0,,,
2,species_multihead_no_enrichment,14,serratia_marcescens,Serratia marcescens,11,Erythromycin,0,0,0,,,
2,species_multihead_no_enrichment,14,serratia_marcescens,Serratia marcescens,12,Fosfomycin,105,89,16,0.5277387640449437,0.4645365168539326,-0.06320224719101109
2,species_multihead_no_enrichment,14,serratia_marcescens,Serratia marcescens,13,Fusidic acid,0,0,0,,,
2,species_multihead_no_enrichment,14,serratia_marcescens,Serratia marcescens,14,Gentamicin,829,305,524,0.5618039043924415,0.7188180453009636,0.15701414090852206
2,species_multihead_no_enrichment,14,serratia_marcescens,Serratia marcescens,15,Imipenem,831,798,33,0.6721348826611985,0.8185805422647527,0.14644565960355427
2,species_multihead_no_enrichment,14,serratia_marcescens,Serratia marcescens,16,Levofloxacin,0,0,0,,,
2,species_multihead_no_enrichment,14,serratia_marcescens,Serratia marcescens,17,Linezolid,0,0,0,,,
2,species_multihead_no_enrichment,14,serratia_marcescens,Serratia marcescens,18,Meropenem,830,830,0,,,
2,species_multihead_no_enrichment,14,serratia_marcescens,Serratia marcescens,19,Moxifloxacin,708,328,380,0.49888077663671376,0.36947609114249036,-0.1294046854942234
2,species_multihead_no_enrichment,14,serratia_marcescens,Serratia marcescens,20,Mupirocin,0,0,0,,,
2,species_multihead_no_enrichment,14,serratia_marcescens,Serratia marcescens,21,Nitrofurantoin,4,0,4,,,
2,species_multihead_no_enrichment,14,serratia_marcescens,Serratia marcescens,22,Oxacillin,0,0,0,,,
2,species_multihead_no_enrichment,14,serratia_marcescens,Serratia marcescens,23,Piperacillin-Tazobactam,831,752,79,0.5656982224616214,0.6452834635065985,0.0795852410449771
2,species_multihead_no_enrichment,14,serratia_marcescens,Serratia marcescens,24,Rifampicin,0,0,0,,,
2,species_multihead_no_enrichment,14,serratia_marcescens,Serratia marcescens,25,Teicoplanin,0,0,0,,,
2,species_multihead_no_enrichment,14,serratia_marcescens,Serratia marcescens,26,Tetracycline,0,0,0,,,
2,species_multihead_no_enrichment,14,serratia_marcescens,Serratia marcescens,27,Tigecycline,0,0,0,,,
2,species_multihead_no_enrichment,14,serratia_marcescens,Serratia marcescens,28,Tobramycin,1,1,0,,,
2,species_multihead_no_enrichment,14,serratia_marcescens,Serratia marcescens,29,Vancomycin,0,0,0,,,
2,species_multihead_no_enrichment,15,staphylococcus_aureus,Staphylococcus aureus,0,Amikacin,0,0,0,,,
2,species_multihead_no_enrichment,15,staphylococcus_aureus,Staphylococcus aureus,1,Ampicillin,0,0,0,,,
2,species_multihead_no_enrichment,15,staphylococcus_aureus,Staphylococcus aureus,2,Azithromycin,0,0,0,,,
2,species_multihead_no_enrichment,15,staphylococcus_aureus,Staphylococcus aureus,3,Ceftazidime,0,0,0,,,
2,species_multihead_no_enrichment,15,staphylococcus_aureus,Staphylococcus aureus,4,Ceftolozane-Tazobactam,0,0,0,,,
2,species_multihead_no_enrichment,15,staphylococcus_aureus,Staphylococcus aureus,5,Ceftriaxone,0,0,0,,,
2,species_multihead_no_enrichment,15,staphylococcus_aureus,Staphylococcus aureus,6,Ciprofloxacin,0,0,0,,,
2,species_multihead_no_enrichment,15,staphylococcus_aureus,Staphylococcus aureus,7,Clarithromycin,0,0,0,,,
2,species_multihead_no_enrichment,15,staphylococcus_aureus,Staphylococcus aureus,8,Clindamycin,6008,4891,1117,0.5584888437224237,0.620703036124854,0.06221419240243031
2,species_multihead_no_enrichment,15,staphylococcus_aureus,Staphylococcus aureus,9,Cotrimoxazole,6006,5872,134,0.524576538289479,0.6140194802553988,0.08944294196591973
2,species_multihead_no_enrichment,15,staphylococcus_aureus,Staphylococcus aureus,10,Ertapenem,0,0,0,,,
2,species_multihead_no_enrichment,15,staphylococcus_aureus,Staphylococcus aureus,11,Erythromycin,6000,4817,1183,0.5482113660919493,0.6114996531550084,0.06328828706305911
2,species_multihead_no_enrichment,15,staphylococcus_aureus,Staphylococcus aureus,12,Fosfomycin,6004,5938,66,0.6157656899068149,0.7225764720291498,0.10681078212233486
2,species_multihead_no_enrichment,15,staphylococcus_aureus,Staphylococcus aureus,13,Fusidic acid,213,188,25,0.5235106382978724,0.5937234042553192,0.07021276595744685
2,species_multihead_no_enrichment,15,staphylococcus_aureus,Staphylococcus aureus,14,Gentamicin,6005,5909,96,0.5231461894285553,0.5494135005923169,0.026267311163761575
2,species_multihead_no_enrichment,15,staphylococcus_aureus,Staphylococcus aureus,15,Imipenem,0,0,0,,,
2,species_multihead_no_enrichment,15,staphylococcus_aureus,Staphylococcus aureus,16,Levofloxacin,6006,2933,3073,0.5334594311463446,0.8815960175340162,0.34813658638767153
2,species_multihead_no_enrichment,15,staphylococcus_aureus,Staphylococcus aureus,17,Linezolid,6006,6004,2,0.2742754830113258,0.7251415722851432,0.4508660892738174
2,species_multihead_no_enrichment,15,staphylococcus_aureus,Staphylococcus aureus,18,Meropenem,0,0,0,,,
2,species_multihead_no_enrichment,15,staphylococcus_aureus,Staphylococcus aureus,19,Moxifloxacin,42,37,5,0.5891891891891892,0.9405405405405405,0.3513513513513513
2,species_multihead_no_enrichment,15,staphylococcus_aureus,Staphylococcus aureus,20,Mupirocin,831,808,23,0.6483803271631512,0.5376130004304778,-0.11076732673267342
2,species_multihead_no_enrichment,15,staphylococcus_aureus,Staphylococcus aureus,21,Nitrofurantoin,0,0,0,,,
2,species_multihead_no_enrichment,15,staphylococcus_aureus,Staphylococcus aureus,22,Oxacillin,6000,4917,1083,0.681896677834509,0.870748703642046,0.18885202580753702
2,species_multihead_no_enrichment,15,staphylococcus_aureus,Staphylococcus aureus,23,Piperacillin-Tazobactam,0,0,0,,,
2,species_multihead_no_enrichment,15,staphylococcus_aureus,Staphylococcus aureus,24,Rifampicin,6003,5971,32,0.5298395369284877,0.6068968765700887,0.077057339641601
2,species_multihead_no_enrichment,15,staphylococcus_aureus,Staphylococcus aureus,25,Teicoplanin,0,0,0,,,
2,species_multihead_no_enrichment,15,staphylococcus_aureus,Staphylococcus aureus,26,Tetracycline,6003,5642,361,0.5334452429886261,0.5787541696084275,0.04530892661980146
2,species_multihead_no_enrichment,15,staphylococcus_aureus,Staphylococcus aureus,27,Tigecycline,5992,5988,4,0.4736973947895792,0.5513944555778223,0.07769706078824312
2,species_multihead_no_enrichment,15,staphylococcus_aureus,Staphylococcus aureus,28,Tobramycin,0,0,0,,,
2,species_multihead_no_enrichment,15,staphylococcus_aureus,Staphylococcus aureus,29,Vancomycin,6005,6002,3,0.7701599466844384,0.8085638120626457,0.03840386537820728
2,species_multihead_no_enrichment,16,staphylococcus_capitis,Staphylococcus capitis,0,Amikacin,0,0,0,,,
2,species_multihead_no_enrichment,16,staphylococcus_capitis,Staphylococcus capitis,1,Ampicillin,0,0,0,,,
2,species_multihead_no_enrichment,16,staphylococcus_capitis,Staphylococcus capitis,2,Azithromycin,0,0,0,,,
2,species_multihead_no_enrichment,16,staphylococcus_capitis,Staphylococcus capitis,3,Ceftazidime,0,0,0,,,
2,species_multihead_no_enrichment,16,staphylococcus_capitis,Staphylococcus capitis,4,Ceftolozane-Tazobactam,0,0,0,,,
2,species_multihead_no_enrichment,16,staphylococcus_capitis,Staphylococcus capitis,5,Ceftriaxone,0,0,0,,,
2,species_multihead_no_enrichment,16,staphylococcus_capitis,Staphylococcus capitis,6,Ciprofloxacin,0,0,0,,,
2,species_multihead_no_enrichment,16,staphylococcus_capitis,Staphylococcus capitis,7,Clarithromycin,0,0,0,,,
2,species_multihead_no_enrichment,16,staphylococcus_capitis,Staphylococcus capitis,8,Clindamycin,410,323,87,0.5454254297000107,0.49654816554571013,-0.048877264154300604
2,species_multihead_no_enrichment,16,staphylococcus_capitis,Staphylococcus capitis,9,Cotrimoxazole,405,400,5,0.606,0.6905,0.08450000000000002
2,species_multihead_no_enrichment,16,staphylococcus_capitis,Staphylococcus capitis,10,Ertapenem,0,0,0,,,
2,species_multihead_no_enrichment,16,staphylococcus_capitis,Staphylococcus capitis,11,Erythromycin,414,332,82,0.5089075815456949,0.5230862474287393,0.014178665883044395
2,species_multihead_no_enrichment,16,staphylococcus_capitis,Staphylococcus capitis,12,Fosfomycin,402,0,402,,,
2,species_multihead_no_enrichment,16,staphylococcus_capitis,Staphylococcus capitis,13,Fusidic acid,1,0,1,,,
2,species_multihead_no_enrichment,16,staphylococcus_capitis,Staphylococcus capitis,14,Gentamicin,404,379,25,0.45783641160949873,0.6554089709762533,0.19757255936675455
2,species_multihead_no_enrichment,16,staphylococcus_capitis,Staphylococcus capitis,15,Imipenem,0,0,0,,,
2,species_multihead_no_enrichment,16,staphylococcus_capitis,Staphylococcus capitis,16,Levofloxacin,404,252,152,0.4633328111946533,0.6122467627401837,0.14891395154553044
2,species_multihead_no_enrichment,16,staphylococcus_capitis,Staphylococcus capitis,17,Linezolid,405,405,0,,,
2,species_multihead_no_enrichment,16,staphylococcus_capitis,Staphylococcus capitis,18,Meropenem,0,0,0,,,
2,species_multihead_no_enrichment,16,staphylococcus_capitis,Staphylococcus capitis,19,Moxifloxacin,1,1,0,,,
2,species_multihead_no_enrichment,16,staphylococcus_capitis,Staphylococcus capitis,20,Mupirocin,0,0,0,,,
2,species_multihead_no_enrichment,16,staphylococcus_capitis,Staphylococcus capitis,21,Nitrofurantoin,0,0,0,,,
2,species_multihead_no_enrichment,16,staphylococcus_capitis,Staphylococcus capitis,22,Oxacillin,413,305,108,0.4721615057680632,0.6165907710989679,0.14442926533090467
2,species_multihead_no_enrichment,16,staphylococcus_capitis,Staphylococcus capitis,23,Piperacillin-Tazobactam,0,0,0,,,
2,species_multihead_no_enrichment,16,staphylococcus_capitis,Staphylococcus capitis,24,Rifampicin,398,396,2,0.6597222222222222,0.37752525252525254,-0.28219696969696967
2,species_multihead_no_enrichment,16,staphylococcus_capitis,Staphylococcus capitis,25,Teicoplanin,0,0,0,,,
2,species_multihead_no_enrichment,16,staphylococcus_capitis,Staphylococcus capitis,26,Tetracycline,404,350,54,0.5316402116402117,0.5582804232804235,0.026640211640211797
2,species_multihead_no_enrichment,16,staphylococcus_capitis,Staphylococcus capitis,27,Tigecycline,402,402,0,,,
2,species_multihead_no_enrichment,16,staphylococcus_capitis,Staphylococcus capitis,28,Tobramycin,0,0,0,,,
2,species_multihead_no_enrichment,16,staphylococcus_capitis,Staphylococcus capitis,29,Vancomycin,404,404,0,,,
2,species_multihead_no_enrichment,17,staphylococcus_epidermidis,Staphylococcus epidermidis,0,Amikacin,0,0,0,,,
2,species_multihead_no_enrichment,17,staphylococcus_epidermidis,Staphylococcus epidermidis,1,Ampicillin,1,0,1,,,
2,species_multihead_no_enrichment,17,staphylococcus_epidermidis,Staphylococcus epidermidis,2,Azithromycin,0,0,0,,,
2,species_multihead_no_enrichment,17,staphylococcus_epidermidis,Staphylococcus epidermidis,3,Ceftazidime,1,1,0,,,
2,species_multihead_no_enrichment,17,staphylococcus_epidermidis,Staphylococcus epidermidis,4,Ceftolozane-Tazobactam,0,0,0,,,
2,species_multihead_no_enrichment,17,staphylococcus_epidermidis,Staphylococcus epidermidis,5,Ceftriaxone,1,1,0,,,
2,species_multihead_no_enrichment,17,staphylococcus_epidermidis,Staphylococcus epidermidis,6,Ciprofloxacin,1,1,0,,,
2,species_multihead_no_enrichment,17,staphylococcus_epidermidis,Staphylococcus epidermidis,7,Clarithromycin,0,0,0,,,
2,species_multihead_no_enrichment,17,staphylococcus_epidermidis,Staphylococcus epidermidis,8,Clindamycin,2962,1416,1546,0.6569667211173723,0.7250330724084753,0.06806635129110294
2,species_multihead_no_enrichment,17,staphylococcus_epidermidis,Staphylococcus epidermidis,9,Cotrimoxazole,2958,2124,834,0.7113120238272659,0.788830799766966,0.07751877593970014
2,species_multihead_no_enrichment,17,staphylococcus_epidermidis,Staphylococcus epidermidis,10,Ertapenem,0,0,0,,,
2,species_multihead_no_enrichment,17,staphylococcus_epidermidis,Staphylococcus epidermidis,11,Erythromycin,2966,1004,1962,0.5994053855932031,0.666898410435729,0.06749302484252584
2,species_multihead_no_enrichment,17,staphylococcus_epidermidis,Staphylococcus epidermidis,12,Fosfomycin,2953,2421,532,0.7098205551052352,0.7884002913106807,0.07857973620544545
2,species_multihead_no_enrichment,17,staphylococcus_epidermidis,Staphylococcus epidermidis,13,Fusidic acid,1,0,1,,,
2,species_multihead_no_enrichment,17,staphylococcus_epidermidis,Staphylococcus epidermidis,14,Gentamicin,2955,1972,983,0.6734169006993123,0.7772056502118158,0.1037887495125035
2,species_multihead_no_enrichment,17,staphylococcus_epidermidis,Staphylococcus epidermidis,15,Imipenem,1,1,0,,,
2,species_multihead_no_enrichment,17,staphylococcus_epidermidis,Staphylococcus epidermidis,16,Levofloxacin,2955,888,2067,0.5951102590253534,0.7684081033137635,0.1732978442884101
2,species_multihead_no_enrichment,17,staphylococcus_epidermidis,Staphylococcus epidermidis,17,Linezolid,2959,2893,66,0.8408724297939646,0.9267956090458682,0.08592317925190363
2,species_multihead_no_enrichment,17,staphylococcus_epidermidis,Staphylococcus epidermidis,18,Meropenem,1,1,0,,,
2,species_multihead_no_enrichment,17,staphylococcus_epidermidis,Staphylococcus epidermidis,19,Moxifloxacin,9,8,1,0.125,0.25,0.125
2,species_multihead_no_enrichment,17,staphylococcus_epidermidis,Staphylococcus epidermidis,20,Mupirocin,0,0,0,,,
2,species_multihead_no_enrichment,17,staphylococcus_epidermidis,Staphylococcus epidermidis,21,Nitrofurantoin,0,0,0,,,
2,species_multihead_no_enrichment,17,staphylococcus_epidermidis,Staphylococcus epidermidis,22,Oxacillin,2967,984,1983,0.680829479437003,0.7449181867007777,0.06408870726377469
2,species_multihead_no_enrichment,17,staphylococcus_epidermidis,Staphylococcus epidermidis,23,Piperacillin-Tazobactam,1,1,0,,,
2,species_multihead_no_enrichment,17,staphylococcus_epidermidis,Staphylococcus epidermidis,24,Rifampicin,2946,2684,262,0.6429861435023493,0.7289550175765919,0.08596887407424258
2,species_multihead_no_enrichment,17,staphylococcus_epidermidis,Staphylococcus epidermidis,25,Teicoplanin,1,1,0,,,
2,species_multihead_no_enrichment,17,staphylococcus_epidermidis,Staphylococcus epidermidis,26,Tetracycline,2954,1643,1311,0.6393845233900332,0.6675550250629882,0.028170501672955095
2,species_multihead_no_enrichment,17,staphylococcus_epidermidis,Staphylococcus epidermidis,27,Tigecycline,2951,2946,5,0.6109300746775289,0.4686354378818738,-0.14229463679565513
2,species_multihead_no_enrichment,17,staphylococcus_epidermidis,Staphylococcus epidermidis,28,Tobramycin,0,0,0,,,
2,species_multihead_no_enrichment,17,staphylococcus_epidermidis,Staphylococcus epidermidis,29,Vancomycin,2956,2954,2,0.4824813811780636,0.6116283006093433,0.12914691943127965
2,species_multihead_no_enrichment,18,staphylococcus_haemolyticus,Staphylococcus haemolyticus,0,Amikacin,0,0,0,,,
2,species_multihead_no_enrichment,18,staphylococcus_haemolyticus,Staphylococcus haemolyticus,1,Ampicillin,0,0,0,,,
2,species_multihead_no_enrichment,18,staphylococcus_haemolyticus,Staphylococcus haemolyticus,2,Azithromycin,0,0,0,,,
2,species_multihead_no_enrichment,18,staphylococcus_haemolyticus,Staphylococcus haemolyticus,3,Ceftazidime,0,0,0,,,
2,species_multihead_no_enrichment,18,staphylococcus_haemolyticus,Staphylococcus haemolyticus,4,Ceftolozane-Tazobactam,0,0,0,,,
2,species_multihead_no_enrichment,18,staphylococcus_haemolyticus,Staphylococcus haemolyticus,5,Ceftriaxone,0,0,0,,,
2,species_multihead_no_enrichment,18,staphylococcus_haemolyticus,Staphylococcus haemolyticus,6,Ciprofloxacin,0,0,0,,,
2,species_multihead_no_enrichment,18,staphylococcus_haemolyticus,Staphylococcus haemolyticus,7,Clarithromycin,0,0,0,,,
2,species_multihead_no_enrichment,18,staphylococcus_haemolyticus,Staphylococcus haemolyticus,8,Clindamycin,399,124,275,0.5928299120234604,0.6597360703812317,0.06690615835777136
2,species_multihead_no_enrichment,18,staphylococcus_haemolyticus,Staphylococcus haemolyticus,9,Cotrimoxazole,400,156,244,0.6978903951240018,0.8346731820092476,0.1367827868852458
2,species_multihead_no_enrichment,18,staphylococcus_haemolyticus,Staphylococcus haemolyticus,10,Ertapenem,0,0,0,,,
2,species_multihead_no_enrichment,18,staphylococcus_haemolyticus,Staphylococcus haemolyticus,11,Erythromycin,400,60,340,0.609093137254902,0.8326960784313725,0.2236029411764705
2,species_multihead_no_enrichment,18,staphylococcus_haemolyticus,Staphylococcus haemolyticus,12,Fosfomycin,398,5,393,0.5689567430025445,0.26666666666666666,-0.30229007633587784
2,species_multihead_no_enrichment,18,staphylococcus_haemolyticus,Staphylococcus haemolyticus,13,Fusidic acid,1,1,0,,,
2,species_multihead_no_enrichment,18,staphylococcus_haemolyticus,Staphylococcus haemolyticus,14,Gentamicin,400,119,281,0.7287149735338975,0.8911151649271808,0.16240019139328332
2,species_multihead_no_enrichment,18,staphylococcus_haemolyticus,Staphylococcus haemolyticus,15,Imipenem,0,0,0,,,
2,species_multihead_no_enrichment,18,staphylococcus_haemolyticus,Staphylococcus haemolyticus,16,Levofloxacin,400,71,329,0.7104328096236996,0.8960357892033048,0.18560297957960525
2,species_multihead_no_enrichment,18,staphylococcus_haemolyticus,Staphylococcus haemolyticus,17,Linezolid,400,399,1,0.4085213032581454,0.5488721804511278,0.14035087719298245
2,species_multihead_no_enrichment,18,staphylococcus_haemolyticus,Staphylococcus haemolyticus,18,Meropenem,0,0,0,,,
2,species_multihead_no_enrichment,18,staphylococcus_haemolyticus,Staphylococcus haemolyticus,19,Moxifloxacin,0,0,0,,,
2,species_multihead_no_enrichment,18,staphylococcus_haemolyticus,Staphylococcus haemolyticus,20,Mupirocin,0,0,0,,,
2,species_multihead_no_enrichment,18,staphylococcus_haemolyticus,Staphylococcus haemolyticus,21,Nitrofurantoin,0,0,0,,,
2,species_multihead_no_enrichment,18,staphylococcus_haemolyticus,Staphylococcus haemolyticus,22,Oxacillin,404,81,323,0.7054428009020373,0.8697397087489966,0.16429690784695938
2,species_multihead_no_enrichment,18,staphylococcus_haemolyticus,Staphylococcus haemolyticus,23,Piperacillin-Tazobactam,0,0,0,,,
2,species_multihead_no_enrichment,18,staphylococcus_haemolyticus,Staphylococcus haemolyticus,24,Rifampicin,399,352,47,0.6752296905222437,0.5981322533849129,-0.07709743713733075
2,species_multihead_no_enrichment,18,staphylococcus_haemolyticus,Staphylococcus haemolyticus,25,Teicoplanin,0,0,0,,,
2,species_multihead_no_enrichment,18,staphylococcus_haemolyticus,Staphylococcus haemolyticus,26,Tetracycline,399,175,224,0.6853188775510204,0.6854081632653061,8.928571428568066e-05
2,species_multihead_no_enrichment,18,staphylococcus_haemolyticus,Staphylococcus haemolyticus,27,Tigecycline,401,400,1,0.009999999999999953,0.25625,0.24625000000000002
2,species_multihead_no_enrichment,18,staphylococcus_haemolyticus,Staphylococcus haemolyticus,28,Tobramycin,0,0,0,,,
2,species_multihead_no_enrichment,18,staphylococcus_haemolyticus,Staphylococcus haemolyticus,29,Vancomycin,401,401,0,,,
2,species_multihead_no_enrichment,19,staphylococcus_hominis,Staphylococcus hominis,0,Amikacin,0,0,0,,,
2,species_multihead_no_enrichment,19,staphylococcus_hominis,Staphylococcus hominis,1,Ampicillin,0,0,0,,,
2,species_multihead_no_enrichment,19,staphylococcus_hominis,Staphylococcus hominis,2,Azithromycin,0,0,0,,,
2,species_multihead_no_enrichment,19,staphylococcus_hominis,Staphylococcus hominis,3,Ceftazidime,0,0,0,,,
2,species_multihead_no_enrichment,19,staphylococcus_hominis,Staphylococcus hominis,4,Ceftolozane-Tazobactam,0,0,0,,,
2,species_multihead_no_enrichment,19,staphylococcus_hominis,Staphylococcus hominis,5,Ceftriaxone,0,0,0,,,
2,species_multihead_no_enrichment,19,staphylococcus_hominis,Staphylococcus hominis,6,Ciprofloxacin,0,0,0,,,
2,species_multihead_no_enrichment,19,staphylococcus_hominis,Staphylococcus hominis,7,Clarithromycin,0,0,0,,,
2,species_multihead_no_enrichment,19,staphylococcus_hominis,Staphylococcus hominis,8,Clindamycin,504,321,183,0.5317399519942801,0.5493846075277055,0.017644655533425313
2,species_multihead_no_enrichment,19,staphylococcus_hominis,Staphylococcus hominis,9,Cotrimoxazole,502,395,107,0.5005441854962736,0.5280137229386017,0.027469537442328162
2,species_multihead_no_enrichment,19,staphylococcus_hominis,Staphylococcus hominis,10,Ertapenem,0,0,0,,,
2,species_multihead_no_enrichment,19,staphylococcus_hominis,Staphylococcus hominis,11,Erythromycin,508,186,322,0.4895812462432378,0.49656047552260735,0.006979229279369559
2,species_multihead_no_enrichment,19,staphylococcus_hominis,Staphylococcus hominis,12,Fosfomycin,501,15,486,0.45802469135802465,0.5438957475994514,0.08587105624142671
2,species_multihead_no_enrichment,19,staphylococcus_hominis,Staphylococcus hominis,13,Fusidic acid,1,1,0,,,
2,species_multihead_no_enrichment,19,staphylococcus_hominis,Staphylococcus hominis,14,Gentamicin,501,419,82,0.5515163862855812,0.5912451248617498,0.039728738576168654
2,species_multihead_no_enrichment,19,staphylococcus_hominis,Staphylococcus hominis,15,Imipenem,0,0,0,,,
2,species_multihead_no_enrichment,19,staphylococcus_hominis,Staphylococcus hominis,16,Levofloxacin,501,230,271,0.4975052141825766,0.640285576768811,0.14278036258623444
2,species_multihead_no_enrichment,19,staphylococcus_hominis,Staphylococcus hominis,17,Linezolid,500,494,6,0.7402159244264507,0.7336369770580295,-0.006578947368421129
2,species_multihead_no_enrichment,19,staphylococcus_hominis,Staphylococcus hominis,18,Meropenem,0,0,0,,,
2,species_multihead_no_enrichment,19,staphylococcus_hominis,Staphylococcus hominis,19,Moxifloxacin,1,1,0,,,
2,species_multihead_no_enrichment,19,staphylococcus_hominis,Staphylococcus hominis,20,Mupirocin,0,0,0,,,
2,species_multihead_no_enrichment,19,staphylococcus_hominis,Staphylococcus hominis,21,Nitrofurantoin,0,0,0,,,
2,species_multihead_no_enrichment,19,staphylococcus_hominis,Staphylococcus hominis,22,Oxacillin,507,267,240,0.5104166666666667,0.5609160424469414,0.050499375780274636
2,species_multihead_no_enrichment,19,staphylococcus_hominis,Staphylococcus hominis,23,Piperacillin-Tazobactam,0,0,0,,,
2,species_multihead_no_enrichment,19,staphylococcus_hominis,Staphylococcus hominis,24,Rifampicin,502,492,10,0.630589430894309,0.7185975609756097,0.0880081300813007
2,species_multihead_no_enrichment,19,staphylococcus_hominis,Staphylococcus hominis,25,Teicoplanin,0,0,0,,,
2,species_multihead_no_enrichment,19,staphylococcus_hominis,Staphylococcus hominis,26,Tetracycline,501,321,180,0.46191588785046733,0.4699550017307027,0.008039113880235371
2,species_multihead_no_enrichment,19,staphylococcus_hominis,Staphylococcus hominis,27,Tigecycline,503,503,0,,,
2,species_multihead_no_enrichment,19,staphylococcus_hominis,Staphylococcus hominis,28,Tobramycin,0,0,0,,,
2,species_multihead_no_enrichment,19,staphylococcus_hominis,Staphylococcus hominis,29,Vancomycin,503,503,0,,,
2,species_multihead_no_enrichment,20,staphylococcus_lugdunensis,Staphylococcus lugdunensis,0,Amikacin,0,0,0,,,
2,species_multihead_no_enrichment,20,staphylococcus_lugdunensis,Staphylococcus lugdunensis,1,Ampicillin,0,0,0,,,
2,species_multihead_no_enrichment,20,staphylococcus_lugdunensis,Staphylococcus lugdunensis,2,Azithromycin,0,0,0,,,
2,species_multihead_no_enrichment,20,staphylococcus_lugdunensis,Staphylococcus lugdunensis,3,Ceftazidime,0,0,0,,,
2,species_multihead_no_enrichment,20,staphylococcus_lugdunensis,Staphylococcus lugdunensis,4,Ceftolozane-Tazobactam,0,0,0,,,
2,species_multihead_no_enrichment,20,staphylococcus_lugdunensis,Staphylococcus lugdunensis,5,Ceftriaxone,0,0,0,,,
2,species_multihead_no_enrichment,20,staphylococcus_lugdunensis,Staphylococcus lugdunensis,6,Ciprofloxacin,0,0,0,,,
2,species_multihead_no_enrichment,20,staphylococcus_lugdunensis,Staphylococcus lugdunensis,7,Clarithromycin,0,0,0,,,
2,species_multihead_no_enrichment,20,staphylococcus_lugdunensis,Staphylococcus lugdunensis,8,Clindamycin,257,228,29,0.3857380520266182,0.5681336963097399,0.18239564428312166
2,species_multihead_no_enrichment,20,staphylococcus_lugdunensis,Staphylococcus lugdunensis,9,Cotrimoxazole,257,256,1,0.15234375,0.94921875,0.796875
2,species_multihead_no_enrichment,20,staphylococcus_lugdunensis,Staphylococcus lugdunensis,10,Ertapenem,0,0,0,,,
2,species_multihead_no_enrichment,20,staphylococcus_lugdunensis,Staphylococcus lugdunensis,11,Erythromycin,258,230,28,0.37096273291925463,0.5707298136645963,0.19976708074534166
2,species_multihead_no_enrichment,20,staphylococcus_lugdunensis,Staphylococcus lugdunensis,12,Fosfomycin,257,223,34,0.5609337905565813,0.521893959377473,-0.039039831179108364
2,species_multihead_no_enrichment,20,staphylococcus_lugdunensis,Staphylococcus lugdunensis,13,Fusidic acid,0,0,0,,,
2,species_multihead_no_enrichment,20,staphylococcus_lugdunensis,Staphylococcus lugdunensis,14,Gentamicin,257,257,0,,,
2,species_multihead_no_enrichment,20,staphylococcus_lugdunensis,Staphylococcus lugdunensis,15,Imipenem,0,0,0,,,
2,species_multihead_no_enrichment,20,staphylococcus_lugdunensis,Staphylococcus lugdunensis,16,Levofloxacin,257,149,108,0.5736701466567238,0.7773738503604276,0.20370370370370383
2,species_multihead_no_enrichment,20,staphylococcus_lugdunensis,Staphylococcus lugdunensis,17,Linezolid,257,257,0,,,
2,species_multihead_no_enrichment,20,staphylococcus_lugdunensis,Staphylococcus lugdunensis,18,Meropenem,0,0,0,,,
2,species_multihead_no_enrichment,20,staphylococcus_lugdunensis,Staphylococcus lugdunensis,19,Moxifloxacin,0,0,0,,,
2,species_multihead_no_enrichment,20,staphylococcus_lugdunensis,Staphylococcus lugdunensis,20,Mupirocin,0,0,0,,,
2,species_multihead_no_enrichment,20,staphylococcus_lugdunensis,Staphylococcus lugdunensis,21,Nitrofurantoin,0,0,0,,,
2,species_multihead_no_enrichment,20,staphylococcus_lugdunensis,Staphylococcus lugdunensis,22,Oxacillin,255,241,14,0.528452874925904,0.4754001185536455,-0.05305275637225848
2,species_multihead_no_enrichment,20,staphylococcus_lugdunensis,Staphylococcus lugdunensis,23,Piperacillin-Tazobactam,0,0,0,,,
2,species_multihead_no_enrichment,20,staphylococcus_lugdunensis,Staphylococcus lugdunensis,24,Rifampicin,255,255,0,,,
2,species_multihead_no_enrichment,20,staphylococcus_lugdunensis,Staphylococcus lugdunensis,25,Teicoplanin,0,0,0,,,
2,species_multihead_no_enrichment,20,staphylococcus_lugdunensis,Staphylococcus lugdunensis,26,Tetracycline,257,237,20,0.43628691983122364,0.5589662447257384,0.12267932489451477
2,species_multihead_no_enrichment,20,staphylococcus_lugdunensis,Staphylococcus lugdunensis,27,Tigecycline,256,256,0,,,
2,species_multihead_no_enrichment,20,staphylococcus_lugdunensis,Staphylococcus lugdunensis,28,Tobramycin,0,0,0,,,
2,species_multihead_no_enrichment,20,staphylococcus_lugdunensis,Staphylococcus lugdunensis,29,Vancomycin,256,256,0,,,
2,species_multihead_no_enrichment,21,stenotrophomonas_maltophilia,Stenotrophomonas maltophilia,0,Amikacin,0,0,0,,,
2,species_multihead_no_enrichment,21,stenotrophomonas_maltophilia,Stenotrophomonas maltophilia,1,Ampicillin,0,0,0,,,
2,species_multihead_no_enrichment,21,stenotrophomonas_maltophilia,Stenotrophomonas maltophilia,2,Azithromycin,0,0,0,,,
2,species_multihead_no_enrichment,21,stenotrophomonas_maltophilia,Stenotrophomonas maltophilia,3,Ceftazidime,3,0,3,,,
2,species_multihead_no_enrichment,21,stenotrophomonas_maltophilia,Stenotrophomonas maltophilia,4,Ceftolozane-Tazobactam,2,0,2,,,
2,species_multihead_no_enrichment,21,stenotrophomonas_maltophilia,Stenotrophomonas maltophilia,5,Ceftriaxone,0,0,0,,,
2,species_multihead_no_enrichment,21,stenotrophomonas_maltophilia,Stenotrophomonas maltophilia,6,Ciprofloxacin,0,0,0,,,
2,species_multihead_no_enrichment,21,stenotrophomonas_maltophilia,Stenotrophomonas maltophilia,7,Clarithromycin,0,0,0,,,
2,species_multihead_no_enrichment,21,stenotrophomonas_maltophilia,Stenotrophomonas maltophilia,8,Clindamycin,0,0,0,,,
2,species_multihead_no_enrichment,21,stenotrophomonas_maltophilia,Stenotrophomonas maltophilia,9,Cotrimoxazole,436,0,436,,,
2,species_multihead_no_enrichment,21,stenotrophomonas_maltophilia,Stenotrophomonas maltophilia,10,Ertapenem,0,0,0,,,
2,species_multihead_no_enrichment,21,stenotrophomonas_maltophilia,Stenotrophomonas maltophilia,11,Erythromycin,0,0,0,,,
2,species_multihead_no_enrichment,21,stenotrophomonas_maltophilia,Stenotrophomonas maltophilia,12,Fosfomycin,0,0,0,,,
2,species_multihead_no_enrichment,21,stenotrophomonas_maltophilia,Stenotrophomonas maltophilia,13,Fusidic acid,0,0,0,,,
2,species_multihead_no_enrichment,21,stenotrophomonas_maltophilia,Stenotrophomonas maltophilia,14,Gentamicin,0,0,0,,,
2,species_multihead_no_enrichment,21,stenotrophomonas_maltophilia,Stenotrophomonas maltophilia,15,Imipenem,0,0,0,,,
2,species_multihead_no_enrichment,21,stenotrophomonas_maltophilia,Stenotrophomonas maltophilia,16,Levofloxacin,5,0,5,,,
2,species_multihead_no_enrichment,21,stenotrophomonas_maltophilia,Stenotrophomonas maltophilia,17,Linezolid,0,0,0,,,
2,species_multihead_no_enrichment,21,stenotrophomonas_maltophilia,Stenotrophomonas maltophilia,18,Meropenem,0,0,0,,,
2,species_multihead_no_enrichment,21,stenotrophomonas_maltophilia,Stenotrophomonas maltophilia,19,Moxifloxacin,2,0,2,,,
2,species_multihead_no_enrichment,21,stenotrophomonas_maltophilia,Stenotrophomonas maltophilia,20,Mupirocin,0,0,0,,,
2,species_multihead_no_enrichment,21,stenotrophomonas_maltophilia,Stenotrophomonas maltophilia,21,Nitrofurantoin,0,0,0,,,
2,species_multihead_no_enrichment,21,stenotrophomonas_maltophilia,Stenotrophomonas maltophilia,22,Oxacillin,0,0,0,,,
2,species_multihead_no_enrichment,21,stenotrophomonas_maltophilia,Stenotrophomonas maltophilia,23,Piperacillin-Tazobactam,0,0,0,,,
2,species_multihead_no_enrichment,21,stenotrophomonas_maltophilia,Stenotrophomonas maltophilia,24,Rifampicin,2,0,2,,,
2,species_multihead_no_enrichment,21,stenotrophomonas_maltophilia,Stenotrophomonas maltophilia,25,Teicoplanin,0,0,0,,,
2,species_multihead_no_enrichment,21,stenotrophomonas_maltophilia,Stenotrophomonas maltophilia,26,Tetracycline,0,0,0,,,
2,species_multihead_no_enrichment,21,stenotrophomonas_maltophilia,Stenotrophomonas maltophilia,27,Tigecycline,2,0,2,,,
2,species_multihead_no_enrichment,21,stenotrophomonas_maltophilia,Stenotrophomonas maltophilia,28,Tobramycin,0,0,0,,,
2,species_multihead_no_enrichment,21,stenotrophomonas_maltophilia,Stenotrophomonas maltophilia,29,Vancomycin,0,0,0,,,
2,species_multihead_no_enrichment,22,streptococcus_pneumoniae,Streptococcus pneumoniae,0,Amikacin,0,0,0,,,
2,species_multihead_no_enrichment,22,streptococcus_pneumoniae,Streptococcus pneumoniae,1,Ampicillin,56,56,0,,,
2,species_multihead_no_enrichment,22,streptococcus_pneumoniae,Streptococcus pneumoniae,2,Azithromycin,62,58,4,0.35129310344827586,0.3663793103448276,0.015086206896551768
2,species_multihead_no_enrichment,22,streptococcus_pneumoniae,Streptococcus pneumoniae,3,Ceftazidime,0,0,0,,,
2,species_multihead_no_enrichment,22,streptococcus_pneumoniae,Streptococcus pneumoniae,4,Ceftolozane-Tazobactam,0,0,0,,,
2,species_multihead_no_enrichment,22,streptococcus_pneumoniae,Streptococcus pneumoniae,5,Ceftriaxone,5,5,0,,,
2,species_multihead_no_enrichment,22,streptococcus_pneumoniae,Streptococcus pneumoniae,6,Ciprofloxacin,0,0,0,,,
2,species_multihead_no_enrichment,22,streptococcus_pneumoniae,Streptococcus pneumoniae,7,Clarithromycin,62,58,4,0.33620689655172414,0.36637931034482757,0.030172413793103425
2,species_multihead_no_enrichment,22,streptococcus_pneumoniae,Streptococcus pneumoniae,8,Clindamycin,62,60,2,0.43333333333333335,0.39166666666666666,-0.041666666666666685
2,species_multihead_no_enrichment,22,streptococcus_pneumoniae,Streptococcus pneumoniae,9,Cotrimoxazole,60,58,2,0.24999999999999997,0.5862068965517242,0.3362068965517242
2,species_multihead_no_enrichment,22,streptococcus_pneumoniae,Streptococcus pneumoniae,10,Ertapenem,0,0,0,,,
2,species_multihead_no_enrichment,22,streptococcus_pneumoniae,Streptococcus pneumoniae,11,Erythromycin,62,58,4,0.34051724137931033,0.3663793103448276,0.025862068965517293
2,species_multihead_no_enrichment,22,streptococcus_pneumoniae,Streptococcus pneumoniae,12,Fosfomycin,0,0,0,,,
2,species_multihead_no_enrichment,22,streptococcus_pneumoniae,Streptococcus pneumoniae,13,Fusidic acid,0,0,0,,,
2,species_multihead_no_enrichment,22,streptococcus_pneumoniae,Streptococcus pneumoniae,14,Gentamicin,0,0,0,,,
2,species_multihead_no_enrichment,22,streptococcus_pneumoniae,Streptococcus pneumoniae,15,Imipenem,0,0,0,,,
2,species_multihead_no_enrichment,22,streptococcus_pneumoniae,Streptococcus pneumoniae,16,Levofloxacin,1,0,1,,,
2,species_multihead_no_enrichment,22,streptococcus_pneumoniae,Streptococcus pneumoniae,17,Linezolid,62,62,0,,,
2,species_multihead_no_enrichment,22,streptococcus_pneumoniae,Streptococcus pneumoniae,18,Meropenem,0,0,0,,,
2,species_multihead_no_enrichment,22,streptococcus_pneumoniae,Streptococcus pneumoniae,19,Moxifloxacin,62,60,2,0.31666666666666665,0.31666666666666665,0.0
2,species_multihead_no_enrichment,22,streptococcus_pneumoniae,Streptococcus pneumoniae,20,Mupirocin,0,0,0,,,
2,species_multihead_no_enrichment,22,streptococcus_pneumoniae,Streptococcus pneumoniae,21,Nitrofurantoin,0,0,0,,,
2,species_multihead_no_enrichment,22,streptococcus_pneumoniae,Streptococcus pneumoniae,22,Oxacillin,0,0,0,,,
2,species_multihead_no_enrichment,22,streptococcus_pneumoniae,Streptococcus pneumoniae,23,Piperacillin-Tazobactam,0,0,0,,,
2,species_multihead_no_enrichment,22,streptococcus_pneumoniae,Streptococcus pneumoniae,24,Rifampicin,0,0,0,,,
2,species_multihead_no_enrichment,22,streptococcus_pneumoniae,Streptococcus pneumoniae,25,Teicoplanin,0,0,0,,,
2,species_multihead_no_enrichment,22,streptococcus_pneumoniae,Streptococcus pneumoniae,26,Tetracycline,1,0,1,,,
2,species_multihead_no_enrichment,22,streptococcus_pneumoniae,Streptococcus pneumoniae,27,Tigecycline,0,0,0,,,
2,species_multihead_no_enrichment,22,streptococcus_pneumoniae,Streptococcus pneumoniae,28,Tobramycin,0,0,0,,,
2,species_multihead_no_enrichment,22,streptococcus_pneumoniae,Streptococcus pneumoniae,29,Vancomycin,60,60,0,,,
3,species_multihead_no_enrichment,0,candida_albicans,Candida albicans,0,Amikacin,0,0,0,,,
3,species_multihead_no_enrichment,0,candida_albicans,Candida albicans,1,Ampicillin,0,0,0,,,
3,species_multihead_no_enrichment,0,candida_albicans,Candida albicans,2,Azithromycin,0,0,0,,,
3,species_multihead_no_enrichment,0,candida_albicans,Candida albicans,3,Caspofungin,985,980,5,0.36959183673469387,0.2546938775510204,-0.11489795918367346
3,species_multihead_no_enrichment,0,candida_albicans,Candida albicans,4,Cefepime,0,0,0,,,
3,species_multihead_no_enrichment,0,candida_albicans,Candida albicans,5,Ceftazidime,0,0,0,,,
3,species_multihead_no_enrichment,0,candida_albicans,Candida albicans,6,Ceftazidime-Avibactam,0,0,0,,,
3,species_multihead_no_enrichment,0,candida_albicans,Candida albicans,7,Ceftolozane-Tazobactam,0,0,0,,,
3,species_multihead_no_enrichment,0,candida_albicans,Candida albicans,8,Ceftriaxone,0,0,0,,,
3,species_multihead_no_enrichment,0,candida_albicans,Candida albicans,9,Ciprofloxacin,0,0,0,,,
3,species_multihead_no_enrichment,0,candida_albicans,Candida albicans,10,Clarithromycin,0,0,0,,,
3,species_multihead_no_enrichment,0,candida_albicans,Candida albicans,11,Clindamycin,0,0,0,,,
3,species_multihead_no_enrichment,0,candida_albicans,Candida albicans,12,Cotrimoxazole,0,0,0,,,
3,species_multihead_no_enrichment,0,candida_albicans,Candida albicans,13,Ertapenem,0,0,0,,,
3,species_multihead_no_enrichment,0,candida_albicans,Candida albicans,14,Erythromycin,0,0,0,,,
3,species_multihead_no_enrichment,0,candida_albicans,Candida albicans,15,Fosfomycin,0,0,0,,,
3,species_multihead_no_enrichment,0,candida_albicans,Candida albicans,16,Fusidic acid,0,0,0,,,
3,species_multihead_no_enrichment,0,candida_albicans,Candida albicans,17,Gentamicin,0,0,0,,,
3,species_multihead_no_enrichment,0,candida_albicans,Candida albicans,18,Imipenem,0,0,0,,,
3,species_multihead_no_enrichment,0,candida_albicans,Candida albicans,19,Levofloxacin,0,0,0,,,
3,species_multihead_no_enrichment,0,candida_albicans,Candida albicans,20,Linezolid,0,0,0,,,
3,species_multihead_no_enrichment,0,candida_albicans,Candida albicans,21,Meropenem,0,0,0,,,
3,species_multihead_no_enrichment,0,candida_albicans,Candida albicans,22,Moxifloxacin,0,0,0,,,
3,species_multihead_no_enrichment,0,candida_albicans,Candida albicans,23,Mupirocin,0,0,0,,,
3,species_multihead_no_enrichment,0,candida_albicans,Candida albicans,24,Nitrofurantoin,0,0,0,,,
3,species_multihead_no_enrichment,0,candida_albicans,Candida albicans,25,Oxacillin,0,0,0,,,
3,species_multihead_no_enrichment,0,candida_albicans,Candida albicans,26,Piperacillin,0,0,0,,,
3,species_multihead_no_enrichment,0,candida_albicans,Candida albicans,27,Piperacillin-Tazobactam,0,0,0,,,
3,species_multihead_no_enrichment,0,candida_albicans,Candida albicans,28,Rifampicin,0,0,0,,,
3,species_multihead_no_enrichment,0,candida_albicans,Candida albicans,29,Teicoplanin,0,0,0,,,
3,species_multihead_no_enrichment,0,candida_albicans,Candida albicans,30,Tetracycline,0,0,0,,,
3,species_multihead_no_enrichment,0,candida_albicans,Candida albicans,31,Tigecycline,0,0,0,,,
3,species_multihead_no_enrichment,0,candida_albicans,Candida albicans,32,Tobramycin,0,0,0,,,
3,species_multihead_no_enrichment,0,candida_albicans,Candida albicans,33,Vancomycin,0,0,0,,,
3,species_multihead_no_enrichment,0,candida_albicans,Candida albicans,34,Voriconazole,1122,1116,6,0.5872162485065711,0.49103942652329746,-0.0961768219832736
3,species_multihead_no_enrichment,1,citrobacter_freundii,Citrobacter freundii,0,Amikacin,0,0,0,,,
3,species_multihead_no_enrichment,1,citrobacter_freundii,Citrobacter freundii,1,Ampicillin,441,15,426,0.5286384976525821,0.6719874804381847,0.1433489827856026
3,species_multihead_no_enrichment,1,citrobacter_freundii,Citrobacter freundii,2,Azithromycin,0,0,0,,,
3,species_multihead_no_enrichment,1,citrobacter_freundii,Citrobacter freundii,3,Caspofungin,0,0,0,,,
3,species_multihead_no_enrichment,1,citrobacter_freundii,Citrobacter freundii,4,Cefepime,0,0,0,,,
3,species_multihead_no_enrichment,1,citrobacter_freundii,Citrobacter freundii,5,Ceftazidime,440,254,186,0.4418338836677673,0.7644145288290576,0.32258064516129026
3,species_multihead_no_enrichment,1,citrobacter_freundii,Citrobacter freundii,6,Ceftazidime-Avibactam,0,0,0,,,
3,species_multihead_no_enrichment,1,citrobacter_freundii,Citrobacter freundii,7,Ceftolozane-Tazobactam,0,0,0,,,
3,species_multihead_no_enrichment,1,citrobacter_freundii,Citrobacter freundii,8,Ceftriaxone,313,178,135,0.4645443196004994,0.8135663753641282,0.3490220557636288
3,species_multihead_no_enrichment,1,citrobacter_freundii,Citrobacter freundii,9,Ciprofloxacin,441,399,42,0.45235111588495047,0.6650554958825635,0.21270437999761305
3,species_multihead_no_enrichment,1,citrobacter_freundii,Citrobacter freundii,10,Clarithromycin,0,0,0,,,
3,species_multihead_no_enrichment,1,citrobacter_freundii,Citrobacter freundii,11,Clindamycin,0,0,0,,,
3,species_multihead_no_enrichment,1,citrobacter_freundii,Citrobacter freundii,12,Cotrimoxazole,441,410,31,0.4164437450826121,0.5997639653815892,0.18332022029897704
3,species_multihead_no_enrichment,1,citrobacter_freundii,Citrobacter freundii,13,Ertapenem,1,0,1,,,
3,species_multihead_no_enrichment,1,citrobacter_freundii,Citrobacter freundii,14,Erythromycin,0,0,0,,,
3,species_multihead_no_enrichment,1,citrobacter_freundii,Citrobacter freundii,15,Fosfomycin,98,98,0,,,
3,species_multihead_no_enrichment,1,citrobacter_freundii,Citrobacter freundii,16,Fusidic acid,0,0,0,,,
3,species_multihead_no_enrichment,1,citrobacter_freundii,Citrobacter freundii,17,Gentamicin,441,172,269,0.5949360248984179,0.5601171435981672,-0.03481888130025068
3,species_multihead_no_enrichment,1,citrobacter_freundii,Citrobacter freundii,18,Imipenem,440,430,10,0.5482558139534883,0.6694186046511629,0.12116279069767455
3,species_multihead_no_enrichment,1,citrobacter_freundii,Citrobacter freundii,19,Levofloxacin,0,0,0,,,
3,species_multihead_no_enrichment,1,citrobacter_freundii,Citrobacter freundii,20,Linezolid,0,0,0,,,
3,species_multihead_no_enrichment,1,citrobacter_freundii,Citrobacter freundii,21,Meropenem,440,431,9,0.522815158546017,0.7156483629801496,0.19283320443413254
3,species_multihead_no_enrichment,1,citrobacter_freundii,Citrobacter freundii,22,Moxifloxacin,323,221,102,0.4406663117735782,0.5516147635524798,0.11094845177890167
3,species_multihead_no_enrichment,1,citrobacter_freundii,Citrobacter freundii,23,Mupirocin,0,0,0,,,
3,species_multihead_no_enrichment,1,citrobacter_freundii,Citrobacter freundii,24,Nitrofurantoin,0,0,0,,,
3,species_multihead_no_enrichment,1,citrobacter_freundii,Citrobacter freundii,25,Oxacillin,0,0,0,,,
3,species_multihead_no_enrichment,1,citrobacter_freundii,Citrobacter freundii,26,Piperacillin,0,0,0,,,
3,species_multihead_no_enrichment,1,citrobacter_freundii,Citrobacter freundii,27,Piperacillin-Tazobactam,441,253,188,0.4482907240770331,0.7645067698259187,0.3162160457488856
3,species_multihead_no_enrichment,1,citrobacter_freundii,Citrobacter freundii,28,Rifampicin,0,0,0,,,
3,species_multihead_no_enrichment,1,citrobacter_freundii,Citrobacter freundii,29,Teicoplanin,0,0,0,,,
3,species_multihead_no_enrichment,1,citrobacter_freundii,Citrobacter freundii,30,Tetracycline,0,0,0,,,
3,species_multihead_no_enrichment,1,citrobacter_freundii,Citrobacter freundii,31,Tigecycline,0,0,0,,,
3,species_multihead_no_enrichment,1,citrobacter_freundii,Citrobacter freundii,32,Tobramycin,0,0,0,,,
3,species_multihead_no_enrichment,1,citrobacter_freundii,Citrobacter freundii,33,Vancomycin,0,0,0,,,
3,species_multihead_no_enrichment,1,citrobacter_freundii,Citrobacter freundii,34,Voriconazole,0,0,0,,,
3,species_multihead_no_enrichment,2,citrobacter_koseri,Citrobacter koseri,0,Amikacin,0,0,0,,,
3,species_multihead_no_enrichment,2,citrobacter_koseri,Citrobacter koseri,1,Ampicillin,446,0,446,,,
3,species_multihead_no_enrichment,2,citrobacter_koseri,Citrobacter koseri,2,Azithromycin,0,0,0,,,
3,species_multihead_no_enrichment,2,citrobacter_koseri,Citrobacter koseri,3,Caspofungin,0,0,0,,,
3,species_multihead_no_enrichment,2,citrobacter_koseri,Citrobacter koseri,4,Cefepime,0,0,0,,,
3,species_multihead_no_enrichment,2,citrobacter_koseri,Citrobacter koseri,5,Ceftazidime,446,427,19,0.6129668433378528,0.7975471465549119,0.1845803032170591
3,species_multihead_no_enrichment,2,citrobacter_koseri,Citrobacter koseri,6,Ceftazidime-Avibactam,0,0,0,,,
3,species_multihead_no_enrichment,2,citrobacter_koseri,Citrobacter koseri,7,Ceftolozane-Tazobactam,0,0,0,,,
3,species_multihead_no_enrichment,2,citrobacter_koseri,Citrobacter koseri,8,Ceftriaxone,270,259,11,0.6905931905931907,0.7858897858897859,0.09529659529659518
3,species_multihead_no_enrichment,2,citrobacter_koseri,Citrobacter koseri,9,Ciprofloxacin,446,442,4,0.5093325791855203,0.7352941176470588,0.22596153846153844
3,species_multihead_no_enrichment,2,citrobacter_koseri,Citrobacter koseri,10,Clarithromycin,0,0,0,,,
3,species_multihead_no_enrichment,2,citrobacter_koseri,Citrobacter koseri,11,Clindamycin,0,0,0,,,
3,species_multihead_no_enrichment,2,citrobacter_koseri,Citrobacter koseri,12,Cotrimoxazole,446,443,3,0.4909706546275395,0.3434913468773514,-0.14747930775018814
3,species_multihead_no_enrichment,2,citrobacter_koseri,Citrobacter koseri,13,Ertapenem,0,0,0,,,
3,species_multihead_no_enrichment,2,citrobacter_koseri,Citrobacter koseri,14,Erythromycin,0,0,0,,,
3,species_multihead_no_enrichment,2,citrobacter_koseri,Citrobacter koseri,15,Fosfomycin,136,135,1,0.16296296296296292,0.040740740740740744,-0.12222222222222218
3,species_multihead_no_enrichment,2,citrobacter_koseri,Citrobacter koseri,16,Fusidic acid,0,0,0,,,
3,species_multihead_no_enrichment,2,citrobacter_koseri,Citrobacter koseri,17,Gentamicin,440,167,273,0.47500603189225943,0.5225373428966243,0.04753131100436492
3,species_multihead_no_enrichment,2,citrobacter_koseri,Citrobacter koseri,18,Imipenem,446,444,2,0.3597972972972973,0.15484234234234234,-0.20495495495495497
3,species_multihead_no_enrichment,2,citrobacter_koseri,Citrobacter koseri,19,Levofloxacin,0,0,0,,,
3,species_multihead_no_enrichment,2,citrobacter_koseri,Citrobacter koseri,20,Linezolid,0,0,0,,,
3,species_multihead_no_enrichment,2,citrobacter_koseri,Citrobacter koseri,21,Meropenem,446,445,1,0.47528089887640446,0.24269662921348317,-0.23258426966292128
3,species_multihead_no_enrichment,2,citrobacter_koseri,Citrobacter koseri,22,Moxifloxacin,275,255,20,0.40666666666666673,0.6103921568627451,0.20372549019607833
3,species_multihead_no_enrichment,2,citrobacter_koseri,Citrobacter koseri,23,Mupirocin,0,0,0,,,
3,species_multihead_no_enrichment,2,citrobacter_koseri,Citrobacter koseri,24,Nitrofurantoin,0,0,0,,,
3,species_multihead_no_enrichment,2,citrobacter_koseri,Citrobacter koseri,25,Oxacillin,0,0,0,,,
3,species_multihead_no_enrichment,2,citrobacter_koseri,Citrobacter koseri,26,Piperacillin,0,0,0,,,
3,species_multihead_no_enrichment,2,citrobacter_koseri,Citrobacter koseri,27,Piperacillin-Tazobactam,446,398,48,0.5489426298157455,0.6772403685092128,0.12829773869346728
3,species_multihead_no_enrichment,2,citrobacter_koseri,Citrobacter koseri,28,Rifampicin,0,0,0,,,
3,species_multihead_no_enrichment,2,citrobacter_koseri,Citrobacter koseri,29,Teicoplanin,0,0,0,,,
3,species_multihead_no_enrichment,2,citrobacter_koseri,Citrobacter koseri,30,Tetracycline,0,0,0,,,
3,species_multihead_no_enrichment,2,citrobacter_koseri,Citrobacter koseri,31,Tigecycline,0,0,0,,,
3,species_multihead_no_enrichment,2,citrobacter_koseri,Citrobacter koseri,32,Tobramycin,0,0,0,,,
3,species_multihead_no_enrichment,2,citrobacter_koseri,Citrobacter koseri,33,Vancomycin,0,0,0,,,
3,species_multihead_no_enrichment,2,citrobacter_koseri,Citrobacter koseri,34,Voriconazole,0,0,0,,,
3,species_multihead_no_enrichment,3,enterobacter_cloacae_complex,Enterobacter cloacae complex,0,Amikacin,1,0,1,,,
3,species_multihead_no_enrichment,3,enterobacter_cloacae_complex,Enterobacter cloacae complex,1,Ampicillin,1540,12,1528,0.47611256544502617,0.6986256544502618,0.22251308900523564
3,species_multihead_no_enrichment,3,enterobacter_cloacae_complex,Enterobacter cloacae complex,2,Azithromycin,0,0,0,,,
3,species_multihead_no_enrichment,3,enterobacter_cloacae_complex,Enterobacter cloacae complex,3,Caspofungin,0,0,0,,,
3,species_multihead_no_enrichment,3,enterobacter_cloacae_complex,Enterobacter cloacae complex,4,Cefepime,1,1,0,,,
3,species_multihead_no_enrichment,3,enterobacter_cloacae_complex,Enterobacter cloacae complex,5,Ceftazidime,1542,951,591,0.4440805919852823,0.773893719497332,0.32981312751204966
3,species_multihead_no_enrichment,3,enterobacter_cloacae_complex,Enterobacter cloacae complex,6,Ceftazidime-Avibactam,1,1,0,,,
3,species_multihead_no_enrichment,3,enterobacter_cloacae_complex,Enterobacter cloacae complex,7,Ceftolozane-Tazobactam,1,1,0,,,
3,species_multihead_no_enrichment,3,enterobacter_cloacae_complex,Enterobacter cloacae complex,8,Ceftriaxone,1155,709,446,0.4224306956681235,0.7947892882668068,0.3723585925986833
3,species_multihead_no_enrichment,3,enterobacter_cloacae_complex,Enterobacter cloacae complex,9,Ciprofloxacin,1542,1478,64,0.47801082543978346,0.6378816390392422,0.15987081359945876
3,species_multihead_no_enrichment,3,enterobacter_cloacae_complex,Enterobacter cloacae complex,10,Clarithromycin,0,0,0,,,
3,species_multihead_no_enrichment,3,enterobacter_cloacae_complex,Enterobacter cloacae complex,11,Clindamycin,1,0,1,,,
3,species_multihead_no_enrichment,3,enterobacter_cloacae_complex,Enterobacter cloacae complex,12,Cotrimoxazole,1542,1463,79,0.53754207151942,0.6641978940446628,0.12665582252524277
3,species_multihead_no_enrichment,3,enterobacter_cloacae_complex,Enterobacter cloacae complex,13,Ertapenem,2,1,1,1.0,1.0,0.0
3,species_multihead_no_enrichment,3,enterobacter_cloacae_complex,Enterobacter cloacae complex,14,Erythromycin,1,0,1,,,
3,species_multihead_no_enrichment,3,enterobacter_cloacae_complex,Enterobacter cloacae complex,15,Fosfomycin,278,122,156,0.49327448507776384,0.4933532997057587,7.881462799486094e-05
3,species_multihead_no_enrichment,3,enterobacter_cloacae_complex,Enterobacter cloacae complex,16,Fusidic acid,0,0,0,,,
3,species_multihead_no_enrichment,3,enterobacter_cloacae_complex,Enterobacter cloacae complex,17,Gentamicin,1540,605,935,0.5492535466478101,0.5124744773942636,-0.03677906925354657
3,species_multihead_no_enrichment,3,enterobacter_cloacae_complex,Enterobacter cloacae complex,18,Imipenem,1542,1512,30,0.5293981481481481,0.5995921516754851,0.07019400352733696
3,species_multihead_no_enrichment,3,enterobacter_cloacae_complex,Enterobacter cloacae complex,19,Levofloxacin,0,0,0,,,
3,species_multihead_no_enrichment,3,enterobacter_cloacae_complex,Enterobacter cloacae complex,20,Linezolid,1,1,0,,,
3,species_multihead_no_enrichment,3,enterobacter_cloacae_complex,Enterobacter cloacae complex,21,Meropenem,1542,1529,13,0.49335915882678477,0.6961563616239875,0.20279720279720276
3,species_multihead_no_enrichment,3,enterobacter_cloacae_complex,Enterobacter cloacae complex,22,Moxifloxacin,1223,1088,135,0.45819376361655767,0.6168300653594772,0.15863630174291948
3,species_multihead_no_enrichment,3,enterobacter_cloacae_complex,Enterobacter cloacae complex,23,Mupirocin,0,0,0,,,
3,species_multihead_no_enrichment,3,enterobacter_cloacae_complex,Enterobacter cloacae complex,24,Nitrofurantoin,0,0,0,,,
3,species_multihead_no_enrichment,3,enterobacter_cloacae_complex,Enterobacter cloacae complex,25,Oxacillin,0,0,0,,,
3,species_multihead_no_enrichment,3,enterobacter_cloacae_complex,Enterobacter cloacae complex,26,Piperacillin,2,2,0,,,
3,species_multihead_no_enrichment,3,enterobacter_cloacae_complex,Enterobacter cloacae complex,27,Piperacillin-Tazobactam,1543,942,601,0.4452195738878232,0.7724758099558061,0.32725623606798293
3,species_multihead_no_enrichment,3,enterobacter_cloacae_complex,Enterobacter cloacae complex,28,Rifampicin,0,0,0,,,
3,species_multihead_no_enrichment,3,enterobacter_cloacae_complex,Enterobacter cloacae complex,29,Teicoplanin,0,0,0,,,
3,species_multihead_no_enrichment,3,enterobacter_cloacae_complex,Enterobacter cloacae complex,30,Tetracycline,0,0,0,,,
3,species_multihead_no_enrichment,3,enterobacter_cloacae_complex,Enterobacter cloacae complex,31,Tigecycline,1,1,0,,,
3,species_multihead_no_enrichment,3,enterobacter_cloacae_complex,Enterobacter cloacae complex,32,Tobramycin,1,0,1,,,
3,species_multihead_no_enrichment,3,enterobacter_cloacae_complex,Enterobacter cloacae complex,33,Vancomycin,1,1,0,,,
3,species_multihead_no_enrichment,3,enterobacter_cloacae_complex,Enterobacter cloacae complex,34,Voriconazole,0,0,0,,,
3,species_multihead_no_enrichment,4,enterococcus_faecalis,Enterococcus faecalis,0,Amikacin,0,0,0,,,
3,species_multihead_no_enrichment,4,enterococcus_faecalis,Enterococcus faecalis,1,Ampicillin,4189,4180,9,0.49877724614566715,0.5847953216374269,0.08601807549175972
3,species_multihead_no_enrichment,4,enterococcus_faecalis,Enterococcus faecalis,2,Azithromycin,0,0,0,,,
3,species_multihead_no_enrichment,4,enterococcus_faecalis,Enterococcus faecalis,3,Caspofungin,0,0,0,,,
3,species_multihead_no_enrichment,4,enterococcus_faecalis,Enterococcus faecalis,4,Cefepime,0,0,0,,,
3,species_multihead_no_enrichment,4,enterococcus_faecalis,Enterococcus faecalis,5,Ceftazidime,71,0,71,,,
3,species_multihead_no_enrichment,4,enterococcus_faecalis,Enterococcus faecalis,6,Ceftazidime-Avibactam,0,0,0,,,
3,species_multihead_no_enrichment,4,enterococcus_faecalis,Enterococcus faecalis,7,Ceftolozane-Tazobactam,0,0,0,,,
3,species_multihead_no_enrichment,4,enterococcus_faecalis,Enterococcus faecalis,8,Ceftriaxone,0,0,0,,,
3,species_multihead_no_enrichment,4,enterococcus_faecalis,Enterococcus faecalis,9,Ciprofloxacin,0,0,0,,,
3,species_multihead_no_enrichment,4,enterococcus_faecalis,Enterococcus faecalis,10,Clarithromycin,0,0,0,,,
3,species_multihead_no_enrichment,4,enterococcus_faecalis,Enterococcus faecalis,11,Clindamycin,4145,0,4145,,,
3,species_multihead_no_enrichment,4,enterococcus_faecalis,Enterococcus faecalis,12,Cotrimoxazole,0,0,0,,,
3,species_multihead_no_enrichment,4,enterococcus_faecalis,Enterococcus faecalis,13,Ertapenem,0,0,0,,,
3,species_multihead_no_enrichment,4,enterococcus_faecalis,Enterococcus faecalis,14,Erythromycin,4100,0,4100,,,
3,species_multihead_no_enrichment,4,enterococcus_faecalis,Enterococcus faecalis,15,Fosfomycin,0,0,0,,,
3,species_multihead_no_enrichment,4,enterococcus_faecalis,Enterococcus faecalis,16,Fusidic acid,0,0,0,,,
3,species_multihead_no_enrichment,4,enterococcus_faecalis,Enterococcus faecalis,17,Gentamicin,0,0,0,,,
3,species_multihead_no_enrichment,4,enterococcus_faecalis,Enterococcus faecalis,18,Imipenem,4186,2565,1621,0.49981516956418737,0.9282546451123352,0.4284394755481479
3,species_multihead_no_enrichment,4,enterococcus_faecalis,Enterococcus faecalis,19,Levofloxacin,0,0,0,,,
3,species_multihead_no_enrichment,4,enterococcus_faecalis,Enterococcus faecalis,20,Linezolid,4122,4113,9,0.5699678526082611,0.7489261690574601,0.17895831644919902
3,species_multihead_no_enrichment,4,enterococcus_faecalis,Enterococcus faecalis,21,Meropenem,71,0,71,,,
3,species_multihead_no_enrichment,4,enterococcus_faecalis,Enterococcus faecalis,22,Moxifloxacin,1,1,0,,,
3,species_multihead_no_enrichment,4,enterococcus_faecalis,Enterococcus faecalis,23,Mupirocin,0,0,0,,,
3,species_multihead_no_enrichment,4,enterococcus_faecalis,Enterococcus faecalis,24,Nitrofurantoin,1903,1888,15,0.5948799435028249,0.6371468926553672,0.042266949152542255
3,species_multihead_no_enrichment,4,enterococcus_faecalis,Enterococcus faecalis,25,Oxacillin,0,0,0,,,
3,species_multihead_no_enrichment,4,enterococcus_faecalis,Enterococcus faecalis,26,Piperacillin,0,0,0,,,
3,species_multihead_no_enrichment,4,enterococcus_faecalis,Enterococcus faecalis,27,Piperacillin-Tazobactam,67,67,0,,,
3,species_multihead_no_enrichment,4,enterococcus_faecalis,Enterococcus faecalis,28,Rifampicin,0,0,0,,,
3,species_multihead_no_enrichment,4,enterococcus_faecalis,Enterococcus faecalis,29,Teicoplanin,3,3,0,,,
3,species_multihead_no_enrichment,4,enterococcus_faecalis,Enterococcus faecalis,30,Tetracycline,0,0,0,,,
3,species_multihead_no_enrichment,4,enterococcus_faecalis,Enterococcus faecalis,31,Tigecycline,4133,4133,0,,,
3,species_multihead_no_enrichment,4,enterococcus_faecalis,Enterococcus faecalis,32,Tobramycin,0,0,0,,,
3,species_multihead_no_enrichment,4,enterococcus_faecalis,Enterococcus faecalis,33,Vancomycin,4185,4181,4,0.4740193733556565,0.6411444630471179,0.1671250896914614
3,species_multihead_no_enrichment,4,enterococcus_faecalis,Enterococcus faecalis,34,Voriconazole,0,0,0,,,
3,species_multihead_no_enrichment,5,enterococcus_faecium,Enterococcus faecium,0,Amikacin,0,0,0,,,
3,species_multihead_no_enrichment,5,enterococcus_faecium,Enterococcus faecium,1,Ampicillin,2468,155,2313,0.6554453788544412,0.8476172545081797,0.1921718756537385
3,species_multihead_no_enrichment,5,enterococcus_faecium,Enterococcus faecium,2,Azithromycin,0,0,0,,,
3,species_multihead_no_enrichment,5,enterococcus_faecium,Enterococcus faecium,3,Caspofungin,0,0,0,,,
3,species_multihead_no_enrichment,5,enterococcus_faecium,Enterococcus faecium,4,Cefepime,0,0,0,,,
3,species_multihead_no_enrichment,5,enterococcus_faecium,Enterococcus faecium,5,Ceftazidime,20,0,20,,,
3,species_multihead_no_enrichment,5,enterococcus_faecium,Enterococcus faecium,6,Ceftazidime-Avibactam,0,0,0,,,
3,species_multihead_no_enrichment,5,enterococcus_faecium,Enterococcus faecium,7,Ceftolozane-Tazobactam,0,0,0,,,
3,species_multihead_no_enrichment,5,enterococcus_faecium,Enterococcus faecium,8,Ceftriaxone,0,0,0,,,
3,species_multihead_no_enrichment,5,enterococcus_faecium,Enterococcus faecium,9,Ciprofloxacin,0,0,0,,,
3,species_multihead_no_enrichment,5,enterococcus_faecium,Enterococcus faecium,10,Clarithromycin,0,0,0,,,
3,species_multihead_no_enrichment,5,enterococcus_faecium,Enterococcus faecium,11,Clindamycin,2452,0,2452,,,
3,species_multihead_no_enrichment,5,enterococcus_faecium,Enterococcus faecium,12,Cotrimoxazole,0,0,0,,,
3,species_multihead_no_enrichment,5,enterococcus_faecium,Enterococcus faecium,13,Ertapenem,0,0,0,,,
3,species_multihead_no_enrichment,5,enterococcus_faecium,Enterococcus faecium,14,Erythromycin,2431,0,2431,,,
3,species_multihead_no_enrichment,5,enterococcus_faecium,Enterococcus faecium,15,Fosfomycin,2,0,2,,,
3,species_multihead_no_enrichment,5,enterococcus_faecium,Enterococcus faecium,16,Fusidic acid,0,0,0,,,
3,species_multihead_no_enrichment,5,enterococcus_faecium,Enterococcus faecium,17,Gentamicin,0,0,0,,,
3,species_multihead_no_enrichment,5,enterococcus_faecium,Enterococcus faecium,18,Imipenem,2468,87,2381,0.5270435970590933,0.8698870850169204,0.34284348795782704
3,species_multihead_no_enrichment,5,enterococcus_faecium,Enterococcus faecium,19,Levofloxacin,0,0,0,,,
3,species_multihead_no_enrichment,5,enterococcus_faecium,Enterococcus faecium,20,Linezolid,2449,2369,80,0.5171538623891937,0.6317618193330519,0.11460795694385817
3,species_multihead_no_enrichment,5,enterococcus_faecium,Enterococcus faecium,21,Meropenem,20,0,20,,,
3,species_multihead_no_enrichment,5,enterococcus_faecium,Enterococcus faecium,22,Moxifloxacin,3,0,3,,,
3,species_multihead_no_enrichment,5,enterococcus_faecium,Enterococcus faecium,23,Mupirocin,0,0,0,,,
3,species_multihead_no_enrichment,5,enterococcus_faecium,Enterococcus faecium,24,Nitrofurantoin,0,0,0,,,
3,species_multihead_no_enrichment,5,enterococcus_faecium,Enterococcus faecium,25,Oxacillin,0,0,0,,,
3,species_multihead_no_enrichment,5,enterococcus_faecium,Enterococcus faecium,26,Piperacillin,0,0,0,,,
3,species_multihead_no_enrichment,5,enterococcus_faecium,Enterococcus faecium,27,Piperacillin-Tazobactam,21,3,18,0.5648148148148148,0.4814814814814815,-0.08333333333333326
3,species_multihead_no_enrichment,5,enterococcus_faecium,Enterococcus faecium,28,Rifampicin,0,0,0,,,
3,species_multihead_no_enrichment,5,enterococcus_faecium,Enterococcus faecium,29,Teicoplanin,133,85,48,0.4340686274509804,0.19742647058823531,-0.2366421568627451
3,species_multihead_no_enrichment,5,enterococcus_faecium,Enterococcus faecium,30,Tetracycline,0,0,0,,,
3,species_multihead_no_enrichment,5,enterococcus_faecium,Enterococcus faecium,31,Tigecycline,2436,2435,1,0.8895277207392197,0.4659137577002054,-0.42361396303901433
3,species_multihead_no_enrichment,5,enterococcus_faecium,Enterococcus faecium,32,Tobramycin,0,0,0,,,
3,species_multihead_no_enrichment,5,enterococcus_faecium,Enterococcus faecium,33,Vancomycin,2469,1342,1127,0.5108292328789223,0.8448520728838417,0.33402284000491933
3,species_multihead_no_enrichment,5,enterococcus_faecium,Enterococcus faecium,34,Voriconazole,0,0,0,,,
3,species_multihead_no_enrichment,6,escherichia_coli,Escherichia coli,0,Amikacin,3,3,0,,,
3,species_multihead_no_enrichment,6,escherichia_coli,Escherichia coli,1,Ampicillin,9495,4383,5112,0.5015037336601045,0.6601375370125792,0.15863380335247468
3,species_multihead_no_enrichment,6,escherichia_coli,Escherichia coli,2,Azithromycin,0,0,0,,,
3,species_multihead_no_enrichment,6,escherichia_coli,Escherichia coli,3,Caspofungin,0,0,0,,,
3,species_multihead_no_enrichment,6,escherichia_coli,Escherichia coli,4,Cefepime,3,1,2,0.0,0.5,0.5
3,species_multihead_no_enrichment,6,escherichia_coli,Escherichia coli,5,Ceftazidime,9497,7651,1846,0.47500861315404563,0.7640695676628566,0.289060954508811
3,species_multihead_no_enrichment,6,escherichia_coli,Escherichia coli,6,Ceftazidime-Avibactam,0,0,0,,,
3,species_multihead_no_enrichment,6,escherichia_coli,Escherichia coli,7,Ceftolozane-Tazobactam,0,0,0,,,
3,species_multihead_no_enrichment,6,escherichia_coli,Escherichia coli,8,Ceftriaxone,4177,3214,963,0.45301077645115706,0.8472652743933762,0.3942544979422191
3,species_multihead_no_enrichment,6,escherichia_coli,Escherichia coli,9,Ciprofloxacin,9490,7448,2042,0.5260732656638097,0.7350821720770374,0.20900890641322767
3,species_multihead_no_enrichment,6,escherichia_coli,Escherichia coli,10,Clarithromycin,0,0,0,,,
3,species_multihead_no_enrichment,6,escherichia_coli,Escherichia coli,11,Clindamycin,1,1,0,,,
3,species_multihead_no_enrichment,6,escherichia_coli,Escherichia coli,12,Cotrimoxazole,9490,6929,2561,0.5483793363703665,0.6337523469063608,0.08537301053599433
3,species_multihead_no_enrichment,6,escherichia_coli,Escherichia coli,13,Ertapenem,601,596,5,0.7518456375838926,0.28456375838926173,-0.4672818791946308
3,species_multihead_no_enrichment,6,escherichia_coli,Escherichia coli,14,Erythromycin,1,1,0,,,
3,species_multihead_no_enrichment,6,escherichia_coli,Escherichia coli,15,Fosfomycin,2797,2753,44,0.5699938909619258,0.6117953967572565,0.04180150579533071
3,species_multihead_no_enrichment,6,escherichia_coli,Escherichia coli,16,Fusidic acid,0,0,0,,,
3,species_multihead_no_enrichment,6,escherichia_coli,Escherichia coli,17,Gentamicin,9357,3114,6243,0.5241403062502578,0.6551657445291842,0.13102543827892643
3,species_multihead_no_enrichment,6,escherichia_coli,Escherichia coli,18,Imipenem,9492,9471,21,0.5358412396739922,0.7404206324066952,0.20457939273270298
3,species_multihead_no_enrichment,6,escherichia_coli,Escherichia coli,19,Levofloxacin,1,1,0,,,
3,species_multihead_no_enrichment,6,escherichia_coli,Escherichia coli,20,Linezolid,1,1,0,,,
3,species_multihead_no_enrichment,6,escherichia_coli,Escherichia coli,21,Meropenem,9495,9474,21,0.5011686118399228,0.7143661348854509,0.21319752304552808
3,species_multihead_no_enrichment,6,escherichia_coli,Escherichia coli,22,Moxifloxacin,4332,2887,1445,0.4976201634100125,0.7625711487961186,0.2649509853861062
3,species_multihead_no_enrichment,6,escherichia_coli,Escherichia coli,23,Mupirocin,0,0,0,,,
3,species_multihead_no_enrichment,6,escherichia_coli,Escherichia coli,24,Nitrofurantoin,5157,5082,75,0.5228873147054965,0.6184520529975075,0.09556473829201095
3,species_multihead_no_enrichment,6,escherichia_coli,Escherichia coli,25,Oxacillin,1,1,0,,,
3,species_multihead_no_enrichment,6,escherichia_coli,Escherichia coli,26,Piperacillin,4,1,3,0.0,0.3333333333333333,0.3333333333333333
3,species_multihead_no_enrichment,6,escherichia_coli,Escherichia coli,27,Piperacillin-Tazobactam,9446,7276,2170,0.4865742558705725,0.7339800949019946,0.24740583903142205
3,species_multihead_no_enrichment,6,escherichia_coli,Escherichia coli,28,Rifampicin,1,1,0,,,
3,species_multihead_no_enrichment,6,escherichia_coli,Escherichia coli,29,Teicoplanin,0,0,0,,,
3,species_multihead_no_enrichment,6,escherichia_coli,Escherichia coli,30,Tetracycline,1,0,1,,,
3,species_multihead_no_enrichment,6,escherichia_coli,Escherichia coli,31,Tigecycline,5,5,0,,,
3,species_multihead_no_enrichment,6,escherichia_coli,Escherichia coli,32,Tobramycin,3,3,0,,,
3,species_multihead_no_enrichment,6,escherichia_coli,Escherichia coli,33,Vancomycin,1,1,0,,,
3,species_multihead_no_enrichment,6,escherichia_coli,Escherichia coli,34,Voriconazole,0,0,0,,,
3,species_multihead_no_enrichment,7,haemophilus_influenzae,Haemophilus influenzae,0,Amikacin,0,0,0,,,
3,species_multihead_no_enrichment,7,haemophilus_influenzae,Haemophilus influenzae,1,Ampicillin,179,136,43,0.48734610123119015,0.6056771545827634,0.11833105335157323
3,species_multihead_no_enrichment,7,haemophilus_influenzae,Haemophilus influenzae,2,Azithromycin,0,0,0,,,
3,species_multihead_no_enrichment,7,haemophilus_influenzae,Haemophilus influenzae,3,Caspofungin,0,0,0,,,
3,species_multihead_no_enrichment,7,haemophilus_influenzae,Haemophilus influenzae,4,Cefepime,0,0,0,,,
3,species_multihead_no_enrichment,7,haemophilus_influenzae,Haemophilus influenzae,5,Ceftazidime,0,0,0,,,
3,species_multihead_no_enrichment,7,haemophilus_influenzae,Haemophilus influenzae,6,Ceftazidime-Avibactam,0,0,0,,,
3,species_multihead_no_enrichment,7,haemophilus_influenzae,Haemophilus influenzae,7,Ceftolozane-Tazobactam,0,0,0,,,
3,species_multihead_no_enrichment,7,haemophilus_influenzae,Haemophilus influenzae,8,Ceftriaxone,2,2,0,,,
3,species_multihead_no_enrichment,7,haemophilus_influenzae,Haemophilus influenzae,9,Ciprofloxacin,180,175,5,0.4634285714285714,0.6314285714285715,0.16800000000000004
3,species_multihead_no_enrichment,7,haemophilus_influenzae,Haemophilus influenzae,10,Clarithromycin,0,0,0,,,
3,species_multihead_no_enrichment,7,haemophilus_influenzae,Haemophilus influenzae,11,Clindamycin,0,0,0,,,
3,species_multihead_no_enrichment,7,haemophilus_influenzae,Haemophilus influenzae,12,Cotrimoxazole,177,145,32,0.572521551724138,0.5552801724137931,-0.017241379310344862
3,species_multihead_no_enrichment,7,haemophilus_influenzae,Haemophilus influenzae,13,Ertapenem,0,0,0,,,
3,species_multihead_no_enrichment,7,haemophilus_influenzae,Haemophilus influenzae,14,Erythromycin,0,0,0,,,
3,species_multihead_no_enrichment,7,haemophilus_influenzae,Haemophilus influenzae,15,Fosfomycin,0,0,0,,,
3,species_multihead_no_enrichment,7,haemophilus_influenzae,Haemophilus influenzae,16,Fusidic acid,0,0,0,,,
3,species_multihead_no_enrichment,7,haemophilus_influenzae,Haemophilus influenzae,17,Gentamicin,0,0,0,,,
3,species_multihead_no_enrichment,7,haemophilus_influenzae,Haemophilus influenzae,18,Imipenem,0,0,0,,,
3,species_multihead_no_enrichment,7,haemophilus_influenzae,Haemophilus influenzae,19,Levofloxacin,178,174,4,0.34913793103448276,0.7270114942528736,0.37787356321839083
3,species_multihead_no_enrichment,7,haemophilus_influenzae,Haemophilus influenzae,20,Linezolid,0,0,0,,,
3,species_multihead_no_enrichment,7,haemophilus_influenzae,Haemophilus influenzae,21,Meropenem,0,0,0,,,
3,species_multihead_no_enrichment,7,haemophilus_influenzae,Haemophilus influenzae,22,Moxifloxacin,179,175,4,0.3721428571428571,0.7171428571428571,0.345
3,species_multihead_no_enrichment,7,haemophilus_influenzae,Haemophilus influenzae,23,Mupirocin,0,0,0,,,
3,species_multihead_no_enrichment,7,haemophilus_influenzae,Haemophilus influenzae,24,Nitrofurantoin,0,0,0,,,
3,species_multihead_no_enrichment,7,haemophilus_influenzae,Haemophilus influenzae,25,Oxacillin,0,0,0,,,
3,species_multihead_no_enrichment,7,haemophilus_influenzae,Haemophilus influenzae,26,Piperacillin,0,0,0,,,
3,species_multihead_no_enrichment,7,haemophilus_influenzae,Haemophilus influenzae,27,Piperacillin-Tazobactam,0,0,0,,,
3,species_multihead_no_enrichment,7,haemophilus_influenzae,Haemophilus influenzae,28,Rifampicin,0,0,0,,,
3,species_multihead_no_enrichment,7,haemophilus_influenzae,Haemophilus influenzae,29,Teicoplanin,0,0,0,,,
3,species_multihead_no_enrichment,7,haemophilus_influenzae,Haemophilus influenzae,30,Tetracycline,0,0,0,,,
3,species_multihead_no_enrichment,7,haemophilus_influenzae,Haemophilus influenzae,31,Tigecycline,0,0,0,,,
3,species_multihead_no_enrichment,7,haemophilus_influenzae,Haemophilus influenzae,32,Tobramycin,0,0,0,,,
3,species_multihead_no_enrichment,7,haemophilus_influenzae,Haemophilus influenzae,33,Vancomycin,0,0,0,,,
3,species_multihead_no_enrichment,7,haemophilus_influenzae,Haemophilus influenzae,34,Voriconazole,0,0,0,,,
3,species_multihead_no_enrichment,8,klebsiella_oxytoca,Klebsiella oxytoca,0,Amikacin,1,1,0,,,
3,species_multihead_no_enrichment,8,klebsiella_oxytoca,Klebsiella oxytoca,1,Ampicillin,1273,4,1269,0.5,0.6358353033884949,0.13583530338849492
3,species_multihead_no_enrichment,8,klebsiella_oxytoca,Klebsiella oxytoca,2,Azithromycin,0,0,0,,,
3,species_multihead_no_enrichment,8,klebsiella_oxytoca,Klebsiella oxytoca,3,Caspofungin,0,0,0,,,
3,species_multihead_no_enrichment,8,klebsiella_oxytoca,Klebsiella oxytoca,4,Cefepime,1,1,0,,,
3,species_multihead_no_enrichment,8,klebsiella_oxytoca,Klebsiella oxytoca,5,Ceftazidime,1274,1240,34,0.46882115749525616,0.656522770398482,0.1877016129032258
3,species_multihead_no_enrichment,8,klebsiella_oxytoca,Klebsiella oxytoca,6,Ceftazidime-Avibactam,0,0,0,,,
3,species_multihead_no_enrichment,8,klebsiella_oxytoca,Klebsiella oxytoca,7,Ceftolozane-Tazobactam,0,0,0,,,
3,species_multihead_no_enrichment,8,klebsiella_oxytoca,Klebsiella oxytoca,8,Ceftriaxone,903,873,30,0.4359106529209622,0.7235013363879343,0.28759068346697214
3,species_multihead_no_enrichment,8,klebsiella_oxytoca,Klebsiella oxytoca,9,Ciprofloxacin,1274,1240,34,0.5189753320683111,0.6070327324478179,0.08805740037950671
3,species_multihead_no_enrichment,8,klebsiella_oxytoca,Klebsiella oxytoca,10,Clarithromycin,0,0,0,,,
3,species_multihead_no_enrichment,8,klebsiella_oxytoca,Klebsiella oxytoca,11,Clindamycin,0,0,0,,,
3,species_multihead_no_enrichment,8,klebsiella_oxytoca,Klebsiella oxytoca,12,Cotrimoxazole,1274,1246,28,0.48849174501261183,0.587508598945196,0.09901685393258419
3,species_multihead_no_enrichment,8,klebsiella_oxytoca,Klebsiella oxytoca,13,Ertapenem,10,10,0,,,
3,species_multihead_no_enrichment,8,klebsiella_oxytoca,Klebsiella oxytoca,14,Erythromycin,0,0,0,,,
3,species_multihead_no_enrichment,8,klebsiella_oxytoca,Klebsiella oxytoca,15,Fosfomycin,273,196,77,0.5753710575139146,0.46349059104161144,-0.11188046647230315
3,species_multihead_no_enrichment,8,klebsiella_oxytoca,Klebsiella oxytoca,16,Fusidic acid,0,0,0,,,
3,species_multihead_no_enrichment,8,klebsiella_oxytoca,Klebsiella oxytoca,17,Gentamicin,1262,480,782,0.5928282182438191,0.6060675085251491,0.013239290281329974
3,species_multihead_no_enrichment,8,klebsiella_oxytoca,Klebsiella oxytoca,18,Imipenem,1273,1272,1,0.06132075471698112,0.07232704402515722,0.011006289308176098
3,species_multihead_no_enrichment,8,klebsiella_oxytoca,Klebsiella oxytoca,19,Levofloxacin,0,0,0,,,
3,species_multihead_no_enrichment,8,klebsiella_oxytoca,Klebsiella oxytoca,20,Linezolid,0,0,0,,,
3,species_multihead_no_enrichment,8,klebsiella_oxytoca,Klebsiella oxytoca,21,Meropenem,1271,1270,1,0.4822834645669291,0.9641732283464567,0.4818897637795276
3,species_multihead_no_enrichment,8,klebsiella_oxytoca,Klebsiella oxytoca,22,Moxifloxacin,937,848,89,0.4555398028407886,0.6831871422514311,0.22764733941064247
3,species_multihead_no_enrichment,8,klebsiella_oxytoca,Klebsiella oxytoca,23,Mupirocin,0,0,0,,,
3,species_multihead_no_enrichment,8,klebsiella_oxytoca,Klebsiella oxytoca,24,Nitrofurantoin,0,0,0,,,
3,species_multihead_no_enrichment,8,klebsiella_oxytoca,Klebsiella oxytoca,25,Oxacillin,0,0,0,,,
3,species_multihead_no_enrichment,8,klebsiella_oxytoca,Klebsiella oxytoca,26,Piperacillin,1,0,1,,,
3,species_multihead_no_enrichment,8,klebsiella_oxytoca,Klebsiella oxytoca,27,Piperacillin-Tazobactam,1274,947,327,0.46328176213957484,0.688081467631568,0.22479970549199313
3,species_multihead_no_enrichment,8,klebsiella_oxytoca,Klebsiella oxytoca,28,Rifampicin,0,0,0,,,
3,species_multihead_no_enrichment,8,klebsiella_oxytoca,Klebsiella oxytoca,29,Teicoplanin,0,0,0,,,
3,species_multihead_no_enrichment,8,klebsiella_oxytoca,Klebsiella oxytoca,30,Tetracycline,0,0,0,,,
3,species_multihead_no_enrichment,8,klebsiella_oxytoca,Klebsiella oxytoca,31,Tigecycline,0,0,0,,,
3,species_multihead_no_enrichment,8,klebsiella_oxytoca,Klebsiella oxytoca,32,Tobramycin,1,1,0,,,
3,species_multihead_no_enrichment,8,klebsiella_oxytoca,Klebsiella oxytoca,33,Vancomycin,0,0,0,,,
3,species_multihead_no_enrichment,8,klebsiella_oxytoca,Klebsiella oxytoca,34,Voriconazole,0,0,0,,,
3,species_multihead_no_enrichment,9,klebsiella_pneumoniae,Klebsiella pneumoniae,0,Amikacin,0,0,0,,,
3,species_multihead_no_enrichment,9,klebsiella_pneumoniae,Klebsiella pneumoniae,1,Ampicillin,3241,8,3233,0.5358799876275905,0.7331812557995669,0.19730126817197646
3,species_multihead_no_enrichment,9,klebsiella_pneumoniae,Klebsiella pneumoniae,2,Azithromycin,0,0,0,,,
3,species_multihead_no_enrichment,9,klebsiella_pneumoniae,Klebsiella pneumoniae,3,Caspofungin,0,0,0,,,
3,species_multihead_no_enrichment,9,klebsiella_pneumoniae,Klebsiella pneumoniae,4,Cefepime,0,0,0,,,
3,species_multihead_no_enrichment,9,klebsiella_pneumoniae,Klebsiella pneumoniae,5,Ceftazidime,3241,2447,794,0.524393463851794,0.8363024069981336,0.31190894314633966
3,species_multihead_no_enrichment,9,klebsiella_pneumoniae,Klebsiella pneumoniae,6,Ceftazidime-Avibactam,6,4,2,0.625,0.75,0.125
3,species_multihead_no_enrichment,9,klebsiella_pneumoniae,Klebsiella pneumoniae,7,Ceftolozane-Tazobactam,2,0,2,,,
3,species_multihead_no_enrichment,9,klebsiella_pneumoniae,Klebsiella pneumoniae,8,Ceftriaxone,2111,1554,557,0.539043275129451,0.8917983128036988,0.35275503767424776
3,species_multihead_no_enrichment,9,klebsiella_pneumoniae,Klebsiella pneumoniae,9,Ciprofloxacin,3239,2649,590,0.5782885770773749,0.8188801658444824,0.2405915887671075
3,species_multihead_no_enrichment,9,klebsiella_pneumoniae,Klebsiella pneumoniae,10,Clarithromycin,0,0,0,,,
3,species_multihead_no_enrichment,9,klebsiella_pneumoniae,Klebsiella pneumoniae,11,Clindamycin,0,0,0,,,
3,species_multihead_no_enrichment,9,klebsiella_pneumoniae,Klebsiella pneumoniae,12,Cotrimoxazole,3240,2653,587,0.5465703382304498,0.7940485233842179,0.24747818515376818
3,species_multihead_no_enrichment,9,klebsiella_pneumoniae,Klebsiella pneumoniae,13,Ertapenem,209,187,22,0.7452600875060769,0.88441905687895,0.1391589693728731
3,species_multihead_no_enrichment,9,klebsiella_pneumoniae,Klebsiella pneumoniae,14,Erythromycin,0,0,0,,,
3,species_multihead_no_enrichment,9,klebsiella_pneumoniae,Klebsiella pneumoniae,15,Fosfomycin,871,623,248,0.5064334903950707,0.4978964945891369,-0.008536995805933811
3,species_multihead_no_enrichment,9,klebsiella_pneumoniae,Klebsiella pneumoniae,16,Fusidic acid,0,0,0,,,
3,species_multihead_no_enrichment,9,klebsiella_pneumoniae,Klebsiella pneumoniae,17,Gentamicin,3207,1238,1969,0.5035944867579961,0.7009046111333095,0.19731012437531337
3,species_multihead_no_enrichment,9,klebsiella_pneumoniae,Klebsiella pneumoniae,18,Imipenem,3239,2994,245,0.7210966149987049,0.9582252941256663,0.23712867912696134
3,species_multihead_no_enrichment,9,klebsiella_pneumoniae,Klebsiella pneumoniae,19,Levofloxacin,0,0,0,,,
3,species_multihead_no_enrichment,9,klebsiella_pneumoniae,Klebsiella pneumoniae,20,Linezolid,0,0,0,,,
3,species_multihead_no_enrichment,9,klebsiella_pneumoniae,Klebsiella pneumoniae,21,Meropenem,3240,2995,245,0.7166052263977377,0.9592102483731388,0.24260502197540113
3,species_multihead_no_enrichment,9,klebsiella_pneumoniae,Klebsiella pneumoniae,22,Moxifloxacin,2135,1491,644,0.5599258074325872,0.7948888986090455,0.2349630911764583
3,species_multihead_no_enrichment,9,klebsiella_pneumoniae,Klebsiella pneumoniae,23,Mupirocin,0,0,0,,,
3,species_multihead_no_enrichment,9,klebsiella_pneumoniae,Klebsiella pneumoniae,24,Nitrofurantoin,0,0,0,,,
3,species_multihead_no_enrichment,9,klebsiella_pneumoniae,Klebsiella pneumoniae,25,Oxacillin,0,0,0,,,
3,species_multihead_no_enrichment,9,klebsiella_pneumoniae,Klebsiella pneumoniae,26,Piperacillin,0,0,0,,,
3,species_multihead_no_enrichment,9,klebsiella_pneumoniae,Klebsiella pneumoniae,27,Piperacillin-Tazobactam,3232,2147,1085,0.5338624895095289,0.7750834408315965,0.24122095132206767
3,species_multihead_no_enrichment,9,klebsiella_pneumoniae,Klebsiella pneumoniae,28,Rifampicin,0,0,0,,,
3,species_multihead_no_enrichment,9,klebsiella_pneumoniae,Klebsiella pneumoniae,29,Teicoplanin,0,0,0,,,
3,species_multihead_no_enrichment,9,klebsiella_pneumoniae,Klebsiella pneumoniae,30,Tetracycline,0,0,0,,,
3,species_multihead_no_enrichment,9,klebsiella_pneumoniae,Klebsiella pneumoniae,31,Tigecycline,0,0,0,,,
3,species_multihead_no_enrichment,9,klebsiella_pneumoniae,Klebsiella pneumoniae,32,Tobramycin,0,0,0,,,
3,species_multihead_no_enrichment,9,klebsiella_pneumoniae,Klebsiella pneumoniae,33,Vancomycin,0,0,0,,,
3,species_multihead_no_enrichment,9,klebsiella_pneumoniae,Klebsiella pneumoniae,34,Voriconazole,0,0,0,,,
3,species_multihead_no_enrichment,10,morganella_morganii,Morganella morganii,0,Amikacin,1,0,1,,,
3,species_multihead_no_enrichment,10,morganella_morganii,Morganella morganii,1,Ampicillin,421,0,421,,,
3,species_multihead_no_enrichment,10,morganella_morganii,Morganella morganii,2,Azithromycin,0,0,0,,,
3,species_multihead_no_enrichment,10,morganella_morganii,Morganella morganii,3,Caspofungin,0,0,0,,,
3,species_multihead_no_enrichment,10,morganella_morganii,Morganella morganii,4,Cefepime,1,0,1,,,
3,species_multihead_no_enrichment,10,morganella_morganii,Morganella morganii,5,Ceftazidime,423,322,101,0.5216622593936412,0.5786544492958613,0.0569921899022201
3,species_multihead_no_enrichment,10,morganella_morganii,Morganella morganii,6,Ceftazidime-Avibactam,0,0,0,,,
3,species_multihead_no_enrichment,10,morganella_morganii,Morganella morganii,7,Ceftolozane-Tazobactam,0,0,0,,,
3,species_multihead_no_enrichment,10,morganella_morganii,Morganella morganii,8,Ceftriaxone,274,205,69,0.5338989042064334,0.611841640155532,0.07794273594909862
3,species_multihead_no_enrichment,10,morganella_morganii,Morganella morganii,9,Ciprofloxacin,423,380,43,0.5303549571603428,0.6227662178702571,0.09241126070991434
3,species_multihead_no_enrichment,10,morganella_morganii,Morganella morganii,10,Clarithromycin,0,0,0,,,
3,species_multihead_no_enrichment,10,morganella_morganii,Morganella morganii,11,Clindamycin,0,0,0,,,
3,species_multihead_no_enrichment,10,morganella_morganii,Morganella morganii,12,Cotrimoxazole,423,390,33,0.5622377622377622,0.5411810411810412,-0.021056721056721073
3,species_multihead_no_enrichment,10,morganella_morganii,Morganella morganii,13,Ertapenem,2,2,0,,,
3,species_multihead_no_enrichment,10,morganella_morganii,Morganella morganii,14,Erythromycin,0,0,0,,,
3,species_multihead_no_enrichment,10,morganella_morganii,Morganella morganii,15,Fosfomycin,112,0,112,,,
3,species_multihead_no_enrichment,10,morganella_morganii,Morganella morganii,16,Fusidic acid,0,0,0,,,
3,species_multihead_no_enrichment,10,morganella_morganii,Morganella morganii,17,Gentamicin,419,146,273,0.49648753073410606,0.6546113703647951,0.15812383963068904
3,species_multihead_no_enrichment,10,morganella_morganii,Morganella morganii,18,Imipenem,409,2,407,0.9950859950859952,0.5104422604422605,-0.48464373464373467
3,species_multihead_no_enrichment,10,morganella_morganii,Morganella morganii,19,Levofloxacin,0,0,0,,,
3,species_multihead_no_enrichment,10,morganella_morganii,Morganella morganii,20,Linezolid,0,0,0,,,
3,species_multihead_no_enrichment,10,morganella_morganii,Morganella morganii,21,Meropenem,423,421,2,0.49287410926365793,0.9168646080760094,0.4239904988123515
3,species_multihead_no_enrichment,10,morganella_morganii,Morganella morganii,22,Moxifloxacin,281,207,74,0.5162880271575924,0.5895025460242851,0.07321451886669272
3,species_multihead_no_enrichment,10,morganella_morganii,Morganella morganii,23,Mupirocin,0,0,0,,,
3,species_multihead_no_enrichment,10,morganella_morganii,Morganella morganii,24,Nitrofurantoin,5,0,5,,,
3,species_multihead_no_enrichment,10,morganella_morganii,Morganella morganii,25,Oxacillin,0,0,0,,,
3,species_multihead_no_enrichment,10,morganella_morganii,Morganella morganii,26,Piperacillin,1,0,1,,,
3,species_multihead_no_enrichment,10,morganella_morganii,Morganella morganii,27,Piperacillin-Tazobactam,422,321,101,0.5096079701428087,0.5907436538046329,0.08113568366182422
3,species_multihead_no_enrichment,10,morganella_morganii,Morganella morganii,28,Rifampicin,0,0,0,,,
3,species_multihead_no_enrichment,10,morganella_morganii,Morganella morganii,29,Teicoplanin,0,0,0,,,
3,species_multihead_no_enrichment,10,morganella_morganii,Morganella morganii,30,Tetracycline,0,0,0,,,
3,species_multihead_no_enrichment,10,morganella_morganii,Morganella morganii,31,Tigecycline,0,0,0,,,
3,species_multihead_no_enrichment,10,morganella_morganii,Morganella morganii,32,Tobramycin,2,0,2,,,
3,species_multihead_no_enrichment,10,morganella_morganii,Morganella morganii,33,Vancomycin,0,0,0,,,
3,species_multihead_no_enrichment,10,morganella_morganii,Morganella morganii,34,Voriconazole,0,0,0,,,
3,species_multihead_no_enrichment,11,proteus_mirabilis,Proteus mirabilis,0,Amikacin,1,1,0,,,
3,species_multihead_no_enrichment,11,proteus_mirabilis,Proteus mirabilis,1,Ampicillin,2011,1394,617,0.4978647781996935,0.488884406195573,-0.008980372004120496
3,species_multihead_no_enrichment,11,proteus_mirabilis,Proteus mirabilis,2,Azithromycin,0,0,0,,,
3,species_multihead_no_enrichment,11,proteus_mirabilis,Proteus mirabilis,3,Caspofungin,0,0,0,,,
3,species_multihead_no_enrichment,11,proteus_mirabilis,Proteus mirabilis,4,Cefepime,1,1,0,,,
3,species_multihead_no_enrichment,11,proteus_mirabilis,Proteus mirabilis,5,Ceftazidime,2012,1984,28,0.5293418778801844,0.6062247983870968,0.07688292050691237
3,species_multihead_no_enrichment,11,proteus_mirabilis,Proteus mirabilis,6,Ceftazidime-Avibactam,0,0,0,,,
3,species_multihead_no_enrichment,11,proteus_mirabilis,Proteus mirabilis,7,Ceftolozane-Tazobactam,0,0,0,,,
3,species_multihead_no_enrichment,11,proteus_mirabilis,Proteus mirabilis,8,Ceftriaxone,1082,1078,4,0.4305426716141002,0.8336038961038961,0.40306122448979587
3,species_multihead_no_enrichment,11,proteus_mirabilis,Proteus mirabilis,9,Ciprofloxacin,2012,1735,277,0.5857811670949552,0.5841623404321726,-0.0016188266627825687
3,species_multihead_no_enrichment,11,proteus_mirabilis,Proteus mirabilis,10,Clarithromycin,0,0,0,,,
3,species_multihead_no_enrichment,11,proteus_mirabilis,Proteus mirabilis,11,Clindamycin,0,0,0,,,
3,species_multihead_no_enrichment,11,proteus_mirabilis,Proteus mirabilis,12,Cotrimoxazole,2012,1333,679,0.493319574370765,0.5007385867085328,0.007419012337767761
3,species_multihead_no_enrichment,11,proteus_mirabilis,Proteus mirabilis,13,Ertapenem,6,6,0,,,
3,species_multihead_no_enrichment,11,proteus_mirabilis,Proteus mirabilis,14,Erythromycin,0,0,0,,,
3,species_multihead_no_enrichment,11,proteus_mirabilis,Proteus mirabilis,15,Fosfomycin,694,557,137,0.5160597046219974,0.49066951473613857,-0.025390189885858783
3,species_multihead_no_enrichment,11,proteus_mirabilis,Proteus mirabilis,16,Fusidic acid,0,0,0,,,
3,species_multihead_no_enrichment,11,proteus_mirabilis,Proteus mirabilis,17,Gentamicin,1997,681,1316,0.4368040026958388,0.541865841847096,0.10506183915125716
3,species_multihead_no_enrichment,11,proteus_mirabilis,Proteus mirabilis,18,Imipenem,1947,0,1947,,,
3,species_multihead_no_enrichment,11,proteus_mirabilis,Proteus mirabilis,19,Levofloxacin,0,0,0,,,
3,species_multihead_no_enrichment,11,proteus_mirabilis,Proteus mirabilis,20,Linezolid,0,0,0,,,
3,species_multihead_no_enrichment,11,proteus_mirabilis,Proteus mirabilis,21,Meropenem,2010,2008,2,0.545816733067729,0.9582918326693226,0.41247509960159356
3,species_multihead_no_enrichment,11,proteus_mirabilis,Proteus mirabilis,22,Moxifloxacin,1133,466,667,0.5142074885304129,0.5358275797723455,0.02162009124193265
3,species_multihead_no_enrichment,11,proteus_mirabilis,Proteus mirabilis,23,Mupirocin,0,0,0,,,
3,species_multihead_no_enrichment,11,proteus_mirabilis,Proteus mirabilis,24,Nitrofurantoin,41,1,40,0.5,0.5,0.0
3,species_multihead_no_enrichment,11,proteus_mirabilis,Proteus mirabilis,25,Oxacillin,0,0,0,,,
3,species_multihead_no_enrichment,11,proteus_mirabilis,Proteus mirabilis,26,Piperacillin,1,0,1,,,
3,species_multihead_no_enrichment,11,proteus_mirabilis,Proteus mirabilis,27,Piperacillin-Tazobactam,2001,1975,26,0.5384518013631938,0.5130379746835443,-0.02541382667964953
3,species_multihead_no_enrichment,11,proteus_mirabilis,Proteus mirabilis,28,Rifampicin,0,0,0,,,
3,species_multihead_no_enrichment,11,proteus_mirabilis,Proteus mirabilis,29,Teicoplanin,0,0,0,,,
3,species_multihead_no_enrichment,11,proteus_mirabilis,Proteus mirabilis,30,Tetracycline,0,0,0,,,
3,species_multihead_no_enrichment,11,proteus_mirabilis,Proteus mirabilis,31,Tigecycline,0,0,0,,,
3,species_multihead_no_enrichment,11,proteus_mirabilis,Proteus mirabilis,32,Tobramycin,1,1,0,,,
3,species_multihead_no_enrichment,11,proteus_mirabilis,Proteus mirabilis,33,Vancomycin,0,0,0,,,
3,species_multihead_no_enrichment,11,proteus_mirabilis,Proteus mirabilis,34,Voriconazole,0,0,0,,,
3,species_multihead_no_enrichment,12,proteus_vulgaris,Proteus vulgaris,0,Amikacin,0,0,0,,,
3,species_multihead_no_enrichment,12,proteus_vulgaris,Proteus vulgaris,1,Ampicillin,380,4,376,0.5,0.5565159574468084,0.056515957446808374
3,species_multihead_no_enrichment,12,proteus_vulgaris,Proteus vulgaris,2,Azithromycin,0,0,0,,,
3,species_multihead_no_enrichment,12,proteus_vulgaris,Proteus vulgaris,3,Caspofungin,0,0,0,,,
3,species_multihead_no_enrichment,12,proteus_vulgaris,Proteus vulgaris,4,Cefepime,0,0,0,,,
3,species_multihead_no_enrichment,12,proteus_vulgaris,Proteus vulgaris,5,Ceftazidime,379,363,16,0.35847107438016534,0.677858126721763,0.3193870523415977
3,species_multihead_no_enrichment,12,proteus_vulgaris,Proteus vulgaris,6,Ceftazidime-Avibactam,0,0,0,,,
3,species_multihead_no_enrichment,12,proteus_vulgaris,Proteus vulgaris,7,Ceftolozane-Tazobactam,0,0,0,,,
3,species_multihead_no_enrichment,12,proteus_vulgaris,Proteus vulgaris,8,Ceftriaxone,277,275,2,0.5245454545454545,0.6081818181818183,0.08363636363636373
3,species_multihead_no_enrichment,12,proteus_vulgaris,Proteus vulgaris,9,Ciprofloxacin,380,376,4,0.4813829787234043,0.3095079787234043,-0.171875
3,species_multihead_no_enrichment,12,proteus_vulgaris,Proteus vulgaris,10,Clarithromycin,0,0,0,,,
3,species_multihead_no_enrichment,12,proteus_vulgaris,Proteus vulgaris,11,Clindamycin,0,0,0,,,
3,species_multihead_no_enrichment,12,proteus_vulgaris,Proteus vulgaris,12,Cotrimoxazole,379,335,44,0.5682496607869741,0.4608548168249661,-0.10739484396200805
3,species_multihead_no_enrichment,12,proteus_vulgaris,Proteus vulgaris,13,Ertapenem,6,6,0,,,
3,species_multihead_no_enrichment,12,proteus_vulgaris,Proteus vulgaris,14,Erythromycin,0,0,0,,,
3,species_multihead_no_enrichment,12,proteus_vulgaris,Proteus vulgaris,15,Fosfomycin,59,57,2,0.5921052631578947,0.5526315789473685,-0.039473684210526216
3,species_multihead_no_enrichment,12,proteus_vulgaris,Proteus vulgaris,16,Fusidic acid,0,0,0,,,
3,species_multihead_no_enrichment,12,proteus_vulgaris,Proteus vulgaris,17,Gentamicin,379,145,234,0.5496905393457119,0.6327144120247569,0.08302387267904499
3,species_multihead_no_enrichment,12,proteus_vulgaris,Proteus vulgaris,18,Imipenem,372,0,372,,,
3,species_multihead_no_enrichment,12,proteus_vulgaris,Proteus vulgaris,19,Levofloxacin,0,0,0,,,
3,species_multihead_no_enrichment,12,proteus_vulgaris,Proteus vulgaris,20,Linezolid,0,0,0,,,
3,species_multihead_no_enrichment,12,proteus_vulgaris,Proteus vulgaris,21,Meropenem,379,379,0,,,
3,species_multihead_no_enrichment,12,proteus_vulgaris,Proteus vulgaris,22,Moxifloxacin,303,142,161,0.5211923716210305,0.5413568366722071,0.02016446505117664
3,species_multihead_no_enrichment,12,proteus_vulgaris,Proteus vulgaris,23,Mupirocin,0,0,0,,,
3,species_multihead_no_enrichment,12,proteus_vulgaris,Proteus vulgaris,24,Nitrofurantoin,4,0,4,,,
3,species_multihead_no_enrichment,12,proteus_vulgaris,Proteus vulgaris,25,Oxacillin,0,0,0,,,
3,species_multihead_no_enrichment,12,proteus_vulgaris,Proteus vulgaris,26,Piperacillin,0,0,0,,,
3,species_multihead_no_enrichment,12,proteus_vulgaris,Proteus vulgaris,27,Piperacillin-Tazobactam,378,369,9,0.3313760915386932,0.5897320084311954,0.25835591689250226
3,species_multihead_no_enrichment,12,proteus_vulgaris,Proteus vulgaris,28,Rifampicin,0,0,0,,,
3,species_multihead_no_enrichment,12,proteus_vulgaris,Proteus vulgaris,29,Teicoplanin,0,0,0,,,
3,species_multihead_no_enrichment,12,proteus_vulgaris,Proteus vulgaris,30,Tetracycline,0,0,0,,,
3,species_multihead_no_enrichment,12,proteus_vulgaris,Proteus vulgaris,31,Tigecycline,0,0,0,,,
3,species_multihead_no_enrichment,12,proteus_vulgaris,Proteus vulgaris,32,Tobramycin,0,0,0,,,
3,species_multihead_no_enrichment,12,proteus_vulgaris,Proteus vulgaris,33,Vancomycin,0,0,0,,,
3,species_multihead_no_enrichment,12,proteus_vulgaris,Proteus vulgaris,34,Voriconazole,0,0,0,,,
3,species_multihead_no_enrichment,13,pseudomonas_aeruginosa,Pseudomonas aeruginosa,0,Amikacin,3223,1201,2022,0.5506843538725971,0.9311120554829433,0.3804277016103462
3,species_multihead_no_enrichment,13,pseudomonas_aeruginosa,Pseudomonas aeruginosa,1,Ampicillin,174,0,174,,,
3,species_multihead_no_enrichment,13,pseudomonas_aeruginosa,Pseudomonas aeruginosa,2,Azithromycin,0,0,0,,,
3,species_multihead_no_enrichment,13,pseudomonas_aeruginosa,Pseudomonas aeruginosa,3,Caspofungin,0,0,0,,,
3,species_multihead_no_enrichment,13,pseudomonas_aeruginosa,Pseudomonas aeruginosa,4,Cefepime,3249,0,3249,,,
3,species_multihead_no_enrichment,13,pseudomonas_aeruginosa,Pseudomonas aeruginosa,5,Ceftazidime,3410,1,3409,0.7726606042827808,0.47066588442358465,-0.3019947198591962
3,species_multihead_no_enrichment,13,pseudomonas_aeruginosa,Pseudomonas aeruginosa,6,Ceftazidime-Avibactam,112,83,29,0.47777316161196504,0.5423764021603656,0.06460324054840061
3,species_multihead_no_enrichment,13,pseudomonas_aeruginosa,Pseudomonas aeruginosa,7,Ceftolozane-Tazobactam,69,59,10,0.49406779661016953,0.4830508474576271,-0.011016949152542421
3,species_multihead_no_enrichment,13,pseudomonas_aeruginosa,Pseudomonas aeruginosa,8,Ceftriaxone,1,0,1,,,
3,species_multihead_no_enrichment,13,pseudomonas_aeruginosa,Pseudomonas aeruginosa,9,Ciprofloxacin,3410,1,3409,0.18157817541801113,0.710032267527134,0.5284540921091229
3,species_multihead_no_enrichment,13,pseudomonas_aeruginosa,Pseudomonas aeruginosa,10,Clarithromycin,0,0,0,,,
3,species_multihead_no_enrichment,13,pseudomonas_aeruginosa,Pseudomonas aeruginosa,11,Clindamycin,0,0,0,,,
3,species_multihead_no_enrichment,13,pseudomonas_aeruginosa,Pseudomonas aeruginosa,12,Cotrimoxazole,3405,0,3405,,,
3,species_multihead_no_enrichment,13,pseudomonas_aeruginosa,Pseudomonas aeruginosa,13,Ertapenem,0,0,0,,,
3,species_multihead_no_enrichment,13,pseudomonas_aeruginosa,Pseudomonas aeruginosa,14,Erythromycin,0,0,0,,,
3,species_multihead_no_enrichment,13,pseudomonas_aeruginosa,Pseudomonas aeruginosa,15,Fosfomycin,0,0,0,,,
3,species_multihead_no_enrichment,13,pseudomonas_aeruginosa,Pseudomonas aeruginosa,16,Fusidic acid,0,0,0,,,
3,species_multihead_no_enrichment,13,pseudomonas_aeruginosa,Pseudomonas aeruginosa,17,Gentamicin,2107,0,2107,,,
3,species_multihead_no_enrichment,13,pseudomonas_aeruginosa,Pseudomonas aeruginosa,18,Imipenem,3397,1,3396,0.17977031802120141,0.44787985865724383,0.2681095406360424
3,species_multihead_no_enrichment,13,pseudomonas_aeruginosa,Pseudomonas aeruginosa,19,Levofloxacin,0,0,0,,,
3,species_multihead_no_enrichment,13,pseudomonas_aeruginosa,Pseudomonas aeruginosa,20,Linezolid,1,1,0,,,
3,species_multihead_no_enrichment,13,pseudomonas_aeruginosa,Pseudomonas aeruginosa,21,Meropenem,3403,2474,929,0.5567514638788068,0.5567838784934905,3.241461468372897e-05
3,species_multihead_no_enrichment,13,pseudomonas_aeruginosa,Pseudomonas aeruginosa,22,Moxifloxacin,179,0,179,,,
3,species_multihead_no_enrichment,13,pseudomonas_aeruginosa,Pseudomonas aeruginosa,23,Mupirocin,0,0,0,,,
3,species_multihead_no_enrichment,13,pseudomonas_aeruginosa,Pseudomonas aeruginosa,24,Nitrofurantoin,168,0,168,,,
3,species_multihead_no_enrichment,13,pseudomonas_aeruginosa,Pseudomonas aeruginosa,25,Oxacillin,0,0,0,,,
3,species_multihead_no_enrichment,13,pseudomonas_aeruginosa,Pseudomonas aeruginosa,26,Piperacillin,3223,0,3223,,,
3,species_multihead_no_enrichment,13,pseudomonas_aeruginosa,Pseudomonas aeruginosa,27,Piperacillin-Tazobactam,3372,0,3372,,,
3,species_multihead_no_enrichment,13,pseudomonas_aeruginosa,Pseudomonas aeruginosa,28,Rifampicin,0,0,0,,,
3,species_multihead_no_enrichment,13,pseudomonas_aeruginosa,Pseudomonas aeruginosa,29,Teicoplanin,0,0,0,,,
3,species_multihead_no_enrichment,13,pseudomonas_aeruginosa,Pseudomonas aeruginosa,30,Tetracycline,0,0,0,,,
3,species_multihead_no_enrichment,13,pseudomonas_aeruginosa,Pseudomonas aeruginosa,31,Tigecycline,2,1,1,0.0,1.0,1.0
3,species_multihead_no_enrichment,13,pseudomonas_aeruginosa,Pseudomonas aeruginosa,32,Tobramycin,3236,1206,2030,0.5496662827079708,0.9323027718550108,0.38263648914703996
3,species_multihead_no_enrichment,13,pseudomonas_aeruginosa,Pseudomonas aeruginosa,33,Vancomycin,1,0,1,,,
3,species_multihead_no_enrichment,13,pseudomonas_aeruginosa,Pseudomonas aeruginosa,34,Voriconazole,0,0,0,,,
3,species_multihead_no_enrichment,14,serratia_marcescens,Serratia marcescens,0,Amikacin,1,1,0,,,
3,species_multihead_no_enrichment,14,serratia_marcescens,Serratia marcescens,1,Ampicillin,832,5,827,0.5,0.6221281741233373,0.12212817412333732
3,species_multihead_no_enrichment,14,serratia_marcescens,Serratia marcescens,2,Azithromycin,0,0,0,,,
3,species_multihead_no_enrichment,14,serratia_marcescens,Serratia marcescens,3,Caspofungin,0,0,0,,,
3,species_multihead_no_enrichment,14,serratia_marcescens,Serratia marcescens,4,Cefepime,1,1,0,,,
3,species_multihead_no_enrichment,14,serratia_marcescens,Serratia marcescens,5,Ceftazidime,832,757,75,0.6268339938353148,0.6476354029062088,0.020801409070894006
3,species_multihead_no_enrichment,14,serratia_marcescens,Serratia marcescens,6,Ceftazidime-Avibactam,0,0,0,,,
3,species_multihead_no_enrichment,14,serratia_marcescens,Serratia marcescens,7,Ceftolozane-Tazobactam,0,0,0,,,
3,species_multihead_no_enrichment,14,serratia_marcescens,Serratia marcescens,8,Ceftriaxone,684,628,56,0.5993943357597816,0.7239962465878071,0.12460191082802552
3,species_multihead_no_enrichment,14,serratia_marcescens,Serratia marcescens,9,Ciprofloxacin,831,790,41,0.49978388391478856,0.47278481012658224,-0.026999073788206318
3,species_multihead_no_enrichment,14,serratia_marcescens,Serratia marcescens,10,Clarithromycin,0,0,0,,,
3,species_multihead_no_enrichment,14,serratia_marcescens,Serratia marcescens,11,Clindamycin,0,0,0,,,
3,species_multihead_no_enrichment,14,serratia_marcescens,Serratia marcescens,12,Cotrimoxazole,831,822,9,0.6190186536901865,0.4726953230602865,-0.1463233306299
3,species_multihead_no_enrichment,14,serratia_marcescens,Serratia marcescens,13,Ertapenem,2,1,1,1.0,0.0,-1.0
3,species_multihead_no_enrichment,14,serratia_marcescens,Serratia marcescens,14,Erythromycin,0,0,0,,,
3,species_multihead_no_enrichment,14,serratia_marcescens,Serratia marcescens,15,Fosfomycin,110,95,15,0.5070175438596491,0.487719298245614,-0.019298245614035148
3,species_multihead_no_enrichment,14,serratia_marcescens,Serratia marcescens,16,Fusidic acid,0,0,0,,,
3,species_multihead_no_enrichment,14,serratia_marcescens,Serratia marcescens,17,Gentamicin,830,317,513,0.5224048554614718,0.6997743218895468,0.17736946642807505
3,species_multihead_no_enrichment,14,serratia_marcescens,Serratia marcescens,18,Imipenem,831,799,32,0.6643265018773467,0.8103293178973717,0.14600281602002507
3,species_multihead_no_enrichment,14,serratia_marcescens,Serratia marcescens,19,Levofloxacin,0,0,0,,,
3,species_multihead_no_enrichment,14,serratia_marcescens,Serratia marcescens,20,Linezolid,0,0,0,,,
3,species_multihead_no_enrichment,14,serratia_marcescens,Serratia marcescens,21,Meropenem,830,829,1,0.5096501809408926,0.9843184559710495,0.47466827503015685
3,species_multihead_no_enrichment,14,serratia_marcescens,Serratia marcescens,22,Moxifloxacin,702,322,380,0.5171297809741745,0.404004576659039,-0.11312520431513551
3,species_multihead_no_enrichment,14,serratia_marcescens,Serratia marcescens,23,Mupirocin,0,0,0,,,
3,species_multihead_no_enrichment,14,serratia_marcescens,Serratia marcescens,24,Nitrofurantoin,5,0,5,,,
3,species_multihead_no_enrichment,14,serratia_marcescens,Serratia marcescens,25,Oxacillin,0,0,0,,,
3,species_multihead_no_enrichment,14,serratia_marcescens,Serratia marcescens,26,Piperacillin,1,1,0,,,
3,species_multihead_no_enrichment,14,serratia_marcescens,Serratia marcescens,27,Piperacillin-Tazobactam,831,747,84,0.5934611461719894,0.6372474023076433,0.0437862561356539
3,species_multihead_no_enrichment,14,serratia_marcescens,Serratia marcescens,28,Rifampicin,0,0,0,,,
3,species_multihead_no_enrichment,14,serratia_marcescens,Serratia marcescens,29,Teicoplanin,0,0,0,,,
3,species_multihead_no_enrichment,14,serratia_marcescens,Serratia marcescens,30,Tetracycline,0,0,0,,,
3,species_multihead_no_enrichment,14,serratia_marcescens,Serratia marcescens,31,Tigecycline,0,0,0,,,
3,species_multihead_no_enrichment,14,serratia_marcescens,Serratia marcescens,32,Tobramycin,1,1,0,,,
3,species_multihead_no_enrichment,14,serratia_marcescens,Serratia marcescens,33,Vancomycin,0,0,0,,,
3,species_multihead_no_enrichment,14,serratia_marcescens,Serratia marcescens,34,Voriconazole,0,0,0,,,
3,species_multihead_no_enrichment,15,staphylococcus_aureus,Staphylococcus aureus,0,Amikacin,0,0,0,,,
3,species_multihead_no_enrichment,15,staphylococcus_aureus,Staphylococcus aureus,1,Ampicillin,0,0,0,,,
3,species_multihead_no_enrichment,15,staphylococcus_aureus,Staphylococcus aureus,2,Azithromycin,0,0,0,,,
3,species_multihead_no_enrichment,15,staphylococcus_aureus,Staphylococcus aureus,3,Caspofungin,0,0,0,,,
3,species_multihead_no_enrichment,15,staphylococcus_aureus,Staphylococcus aureus,4,Cefepime,0,0,0,,,
3,species_multihead_no_enrichment,15,staphylococcus_aureus,Staphylococcus aureus,5,Ceftazidime,0,0,0,,,
3,species_multihead_no_enrichment,15,staphylococcus_aureus,Staphylococcus aureus,6,Ceftazidime-Avibactam,0,0,0,,,
3,species_multihead_no_enrichment,15,staphylococcus_aureus,Staphylococcus aureus,7,Ceftolozane-Tazobactam,0,0,0,,,
3,species_multihead_no_enrichment,15,staphylococcus_aureus,Staphylococcus aureus,8,Ceftriaxone,0,0,0,,,
3,species_multihead_no_enrichment,15,staphylococcus_aureus,Staphylococcus aureus,9,Ciprofloxacin,0,0,0,,,
3,species_multihead_no_enrichment,15,staphylococcus_aureus,Staphylococcus aureus,10,Clarithromycin,0,0,0,,,
3,species_multihead_no_enrichment,15,staphylococcus_aureus,Staphylococcus aureus,11,Clindamycin,6003,4900,1103,0.5324383407034617,0.6305892093918257,0.09815086868836398
3,species_multihead_no_enrichment,15,staphylococcus_aureus,Staphylococcus aureus,12,Cotrimoxazole,6004,5870,134,0.503569884817819,0.615728215820387,0.112158331002568
3,species_multihead_no_enrichment,15,staphylococcus_aureus,Staphylococcus aureus,13,Ertapenem,0,0,0,,,
3,species_multihead_no_enrichment,15,staphylococcus_aureus,Staphylococcus aureus,14,Erythromycin,6002,4814,1188,0.5378418935232396,0.6206784644674133,0.08283657094417363
3,species_multihead_no_enrichment,15,staphylococcus_aureus,Staphylococcus aureus,15,Fosfomycin,6003,5941,62,0.6445694490446379,0.7454430936466654,0.10087364460202752
3,species_multihead_no_enrichment,15,staphylococcus_aureus,Staphylococcus aureus,16,Fusidic acid,211,190,21,0.5433583959899749,0.5948621553884712,0.051503759398496274
3,species_multihead_no_enrichment,15,staphylococcus_aureus,Staphylococcus aureus,17,Gentamicin,6004,5911,93,0.541107976198922,0.5736971165477887,0.03258914034886662
3,species_multihead_no_enrichment,15,staphylococcus_aureus,Staphylococcus aureus,18,Imipenem,0,0,0,,,
3,species_multihead_no_enrichment,15,staphylococcus_aureus,Staphylococcus aureus,19,Levofloxacin,6005,2952,3053,0.5104491494882194,0.883048693940919,0.3725995444526996
3,species_multihead_no_enrichment,15,staphylococcus_aureus,Staphylococcus aureus,20,Linezolid,6003,6000,3,0.43111111111111106,0.7638055555555555,0.33269444444444446
3,species_multihead_no_enrichment,15,staphylococcus_aureus,Staphylococcus aureus,21,Meropenem,0,0,0,,,
3,species_multihead_no_enrichment,15,staphylococcus_aureus,Staphylococcus aureus,22,Moxifloxacin,43,39,4,0.5,1.0,0.5
3,species_multihead_no_enrichment,15,staphylococcus_aureus,Staphylococcus aureus,23,Mupirocin,830,808,22,0.6046917191719172,0.585649189918992,-0.019042529252925267
3,species_multihead_no_enrichment,15,staphylococcus_aureus,Staphylococcus aureus,24,Nitrofurantoin,0,0,0,,,
3,species_multihead_no_enrichment,15,staphylococcus_aureus,Staphylococcus aureus,25,Oxacillin,6000,4912,1088,0.7397706060488121,0.8700169864617264,0.13024638041291436
3,species_multihead_no_enrichment,15,staphylococcus_aureus,Staphylococcus aureus,26,Piperacillin,0,0,0,,,
3,species_multihead_no_enrichment,15,staphylococcus_aureus,Staphylococcus aureus,27,Piperacillin-Tazobactam,0,0,0,,,
3,species_multihead_no_enrichment,15,staphylococcus_aureus,Staphylococcus aureus,28,Rifampicin,5996,5965,31,0.517210610280399,0.5716734715950571,0.05446286131465805
3,species_multihead_no_enrichment,15,staphylococcus_aureus,Staphylococcus aureus,29,Teicoplanin,0,0,0,,,
3,species_multihead_no_enrichment,15,staphylococcus_aureus,Staphylococcus aureus,30,Tetracycline,6001,5636,365,0.5595892841517836,0.5715213840574779,0.011932099905694327
3,species_multihead_no_enrichment,15,staphylococcus_aureus,Staphylococcus aureus,31,Tigecycline,5990,5985,5,0.4855639097744361,0.6049624060150376,0.1193984962406015
3,species_multihead_no_enrichment,15,staphylococcus_aureus,Staphylococcus aureus,32,Tobramycin,0,0,0,,,
3,species_multihead_no_enrichment,15,staphylococcus_aureus,Staphylococcus aureus,33,Vancomycin,6002,5997,5,0.796848424212106,0.8306486576621644,0.03380023345005845
3,species_multihead_no_enrichment,15,staphylococcus_aureus,Staphylococcus aureus,34,Voriconazole,0,0,0,,,
3,species_multihead_no_enrichment,16,staphylococcus_capitis,Staphylococcus capitis,0,Amikacin,0,0,0,,,
3,species_multihead_no_enrichment,16,staphylococcus_capitis,Staphylococcus capitis,1,Ampicillin,0,0,0,,,
3,species_multihead_no_enrichment,16,staphylococcus_capitis,Staphylococcus capitis,2,Azithromycin,0,0,0,,,
3,species_multihead_no_enrichment,16,staphylococcus_capitis,Staphylococcus capitis,3,Caspofungin,0,0,0,,,
3,species_multihead_no_enrichment,16,staphylococcus_capitis,Staphylococcus capitis,4,Cefepime,0,0,0,,,
3,species_multihead_no_enrichment,16,staphylococcus_capitis,Staphylococcus capitis,5,Ceftazidime,0,0,0,,,
3,species_multihead_no_enrichment,16,staphylococcus_capitis,Staphylococcus capitis,6,Ceftazidime-Avibactam,0,0,0,,,
3,species_multihead_no_enrichment,16,staphylococcus_capitis,Staphylococcus capitis,7,Ceftolozane-Tazobactam,0,0,0,,,
3,species_multihead_no_enrichment,16,staphylococcus_capitis,Staphylococcus capitis,8,Ceftriaxone,0,0,0,,,
3,species_multihead_no_enrichment,16,staphylococcus_capitis,Staphylococcus capitis,9,Ciprofloxacin,0,0,0,,,
3,species_multihead_no_enrichment,16,staphylococcus_capitis,Staphylococcus capitis,10,Clarithromycin,0,0,0,,,
3,species_multihead_no_enrichment,16,staphylococcus_capitis,Staphylococcus capitis,11,Clindamycin,412,323,89,0.5116012105611021,0.5586495982189446,0.04704838765784247
3,species_multihead_no_enrichment,16,staphylococcus_capitis,Staphylococcus capitis,12,Cotrimoxazole,404,398,6,0.7336683417085427,0.5935929648241206,-0.14007537688442206
3,species_multihead_no_enrichment,16,staphylococcus_capitis,Staphylococcus capitis,13,Ertapenem,0,0,0,,,
3,species_multihead_no_enrichment,16,staphylococcus_capitis,Staphylococcus capitis,14,Erythromycin,415,332,83,0.5224633473653651,0.5817789229205981,0.059315575555232924
3,species_multihead_no_enrichment,16,staphylococcus_capitis,Staphylococcus capitis,15,Fosfomycin,398,0,398,,,
3,species_multihead_no_enrichment,16,staphylococcus_capitis,Staphylococcus capitis,16,Fusidic acid,1,0,1,,,
3,species_multihead_no_enrichment,16,staphylococcus_capitis,Staphylococcus capitis,17,Gentamicin,401,373,28,0.4936327077747989,0.5689869781692838,0.07535427039448489
3,species_multihead_no_enrichment,16,staphylococcus_capitis,Staphylococcus capitis,18,Imipenem,0,0,0,,,
3,species_multihead_no_enrichment,16,staphylococcus_capitis,Staphylococcus capitis,19,Levofloxacin,401,244,157,0.4996214889840243,0.638952699175107,0.1393312101910827
3,species_multihead_no_enrichment,16,staphylococcus_capitis,Staphylococcus capitis,20,Linezolid,403,403,0,,,
3,species_multihead_no_enrichment,16,staphylococcus_capitis,Staphylococcus capitis,21,Meropenem,0,0,0,,,
3,species_multihead_no_enrichment,16,staphylococcus_capitis,Staphylococcus capitis,22,Moxifloxacin,1,1,0,,,
3,species_multihead_no_enrichment,16,staphylococcus_capitis,Staphylococcus capitis,23,Mupirocin,0,0,0,,,
3,species_multihead_no_enrichment,16,staphylococcus_capitis,Staphylococcus capitis,24,Nitrofurantoin,0,0,0,,,
3,species_multihead_no_enrichment,16,staphylococcus_capitis,Staphylococcus capitis,25,Oxacillin,413,306,107,0.5035581210677417,0.7061419583409687,0.20258383727322704
3,species_multihead_no_enrichment,16,staphylococcus_capitis,Staphylococcus capitis,26,Piperacillin,0,0,0,,,
3,species_multihead_no_enrichment,16,staphylococcus_capitis,Staphylococcus capitis,27,Piperacillin-Tazobactam,0,0,0,,,
3,species_multihead_no_enrichment,16,staphylococcus_capitis,Staphylococcus capitis,28,Rifampicin,398,396,2,0.9217171717171717,0.35290404040404044,-0.5688131313131313
3,species_multihead_no_enrichment,16,staphylococcus_capitis,Staphylococcus capitis,29,Teicoplanin,0,0,0,,,
3,species_multihead_no_enrichment,16,staphylococcus_capitis,Staphylococcus capitis,30,Tetracycline,401,344,57,0.5170848633210934,0.3849449204406364,-0.132139942880457
3,species_multihead_no_enrichment,16,staphylococcus_capitis,Staphylococcus capitis,31,Tigecycline,401,401,0,,,
3,species_multihead_no_enrichment,16,staphylococcus_capitis,Staphylococcus capitis,32,Tobramycin,0,0,0,,,
3,species_multihead_no_enrichment,16,staphylococcus_capitis,Staphylococcus capitis,33,Vancomycin,403,403,0,,,
3,species_multihead_no_enrichment,16,staphylococcus_capitis,Staphylococcus capitis,34,Voriconazole,0,0,0,,,
3,species_multihead_no_enrichment,17,staphylococcus_epidermidis,Staphylococcus epidermidis,0,Amikacin,0,0,0,,,
3,species_multihead_no_enrichment,17,staphylococcus_epidermidis,Staphylococcus epidermidis,1,Ampicillin,1,0,1,,,
3,species_multihead_no_enrichment,17,staphylococcus_epidermidis,Staphylococcus epidermidis,2,Azithromycin,0,0,0,,,
3,species_multihead_no_enrichment,17,staphylococcus_epidermidis,Staphylococcus epidermidis,3,Caspofungin,0,0,0,,,
3,species_multihead_no_enrichment,17,staphylococcus_epidermidis,Staphylococcus epidermidis,4,Cefepime,0,0,0,,,
3,species_multihead_no_enrichment,17,staphylococcus_epidermidis,Staphylococcus epidermidis,5,Ceftazidime,1,1,0,,,
3,species_multihead_no_enrichment,17,staphylococcus_epidermidis,Staphylococcus epidermidis,6,Ceftazidime-Avibactam,0,0,0,,,
3,species_multihead_no_enrichment,17,staphylococcus_epidermidis,Staphylococcus epidermidis,7,Ceftolozane-Tazobactam,0,0,0,,,
3,species_multihead_no_enrichment,17,staphylococcus_epidermidis,Staphylococcus epidermidis,8,Ceftriaxone,1,1,0,,,
3,species_multihead_no_enrichment,17,staphylococcus_epidermidis,Staphylococcus epidermidis,9,Ciprofloxacin,1,1,0,,,
3,species_multihead_no_enrichment,17,staphylococcus_epidermidis,Staphylococcus epidermidis,10,Clarithromycin,0,0,0,,,
3,species_multihead_no_enrichment,17,staphylococcus_epidermidis,Staphylococcus epidermidis,11,Clindamycin,2962,1419,1543,0.6515891404359957,0.7108766453971356,0.05928750496113988
3,species_multihead_no_enrichment,17,staphylococcus_epidermidis,Staphylococcus epidermidis,12,Cotrimoxazole,2956,2135,821,0.704451360225007,0.7822296451177664,0.0777782848927594
3,species_multihead_no_enrichment,17,staphylococcus_epidermidis,Staphylococcus epidermidis,13,Ertapenem,0,0,0,,,
3,species_multihead_no_enrichment,17,staphylococcus_epidermidis,Staphylococcus epidermidis,14,Erythromycin,2963,974,1989,0.5852548358889704,0.664525010762479,0.07927017487350863
3,species_multihead_no_enrichment,17,staphylococcus_epidermidis,Staphylococcus epidermidis,15,Fosfomycin,2951,2419,532,0.6520874064035657,0.7644738396217912,0.1123864332182255
3,species_multihead_no_enrichment,17,staphylococcus_epidermidis,Staphylococcus epidermidis,16,Fusidic acid,1,0,1,,,
3,species_multihead_no_enrichment,17,staphylococcus_epidermidis,Staphylococcus epidermidis,17,Gentamicin,2952,1982,970,0.6906202211657495,0.7657294516629043,0.07510923049715479
3,species_multihead_no_enrichment,17,staphylococcus_epidermidis,Staphylococcus epidermidis,18,Imipenem,1,1,0,,,
3,species_multihead_no_enrichment,17,staphylococcus_epidermidis,Staphylococcus epidermidis,19,Levofloxacin,2952,913,2039,0.6344760199118289,0.7265080653435445,0.09203204543171561
3,species_multihead_no_enrichment,17,staphylococcus_epidermidis,Staphylococcus epidermidis,20,Linezolid,2957,2900,57,0.7668300060496068,0.9139715668481548,0.147141560798548
3,species_multihead_no_enrichment,17,staphylococcus_epidermidis,Staphylococcus epidermidis,21,Meropenem,1,1,0,,,
3,species_multihead_no_enrichment,17,staphylococcus_epidermidis,Staphylococcus epidermidis,22,Moxifloxacin,11,10,1,0.15000000000000002,0.8,0.65
3,species_multihead_no_enrichment,17,staphylococcus_epidermidis,Staphylococcus epidermidis,23,Mupirocin,0,0,0,,,
3,species_multihead_no_enrichment,17,staphylococcus_epidermidis,Staphylococcus epidermidis,24,Nitrofurantoin,0,0,0,,,
3,species_multihead_no_enrichment,17,staphylococcus_epidermidis,Staphylococcus epidermidis,25,Oxacillin,2967,986,1981,0.6645339139676829,0.7377075114193357,0.07317359745165275
3,species_multihead_no_enrichment,17,staphylococcus_epidermidis,Staphylococcus epidermidis,26,Piperacillin,0,0,0,,,
3,species_multihead_no_enrichment,17,staphylococcus_epidermidis,Staphylococcus epidermidis,27,Piperacillin-Tazobactam,1,1,0,,,
3,species_multihead_no_enrichment,17,staphylococcus_epidermidis,Staphylococcus epidermidis,28,Rifampicin,2944,2710,234,0.5791733686567634,0.7190580944270981,0.13988472577033473
3,species_multihead_no_enrichment,17,staphylococcus_epidermidis,Staphylococcus epidermidis,29,Teicoplanin,1,1,0,,,
3,species_multihead_no_enrichment,17,staphylococcus_epidermidis,Staphylococcus epidermidis,30,Tetracycline,2951,1652,1299,0.5712934330188802,0.6937479379742659,0.12245450495538568
3,species_multihead_no_enrichment,17,staphylococcus_epidermidis,Staphylococcus epidermidis,31,Tigecycline,2949,2941,8,0.4431103366201972,0.6615734444066644,0.21846310778646721
3,species_multihead_no_enrichment,17,staphylococcus_epidermidis,Staphylococcus epidermidis,32,Tobramycin,0,0,0,,,
3,species_multihead_no_enrichment,17,staphylococcus_epidermidis,Staphylococcus epidermidis,33,Vancomycin,2955,2952,3,0.6147809394760614,0.517897470641373,-0.09688346883468835
3,species_multihead_no_enrichment,17,staphylococcus_epidermidis,Staphylococcus epidermidis,34,Voriconazole,0,0,0,,,
3,species_multihead_no_enrichment,18,staphylococcus_haemolyticus,Staphylococcus haemolyticus,0,Amikacin,0,0,0,,,
3,species_multihead_no_enrichment,18,staphylococcus_haemolyticus,Staphylococcus haemolyticus,1,Ampicillin,0,0,0,,,
3,species_multihead_no_enrichment,18,staphylococcus_haemolyticus,Staphylococcus haemolyticus,2,Azithromycin,0,0,0,,,
3,species_multihead_no_enrichment,18,staphylococcus_haemolyticus,Staphylococcus haemolyticus,3,Caspofungin,0,0,0,,,
3,species_multihead_no_enrichment,18,staphylococcus_haemolyticus,Staphylococcus haemolyticus,4,Cefepime,0,0,0,,,
3,species_multihead_no_enrichment,18,staphylococcus_haemolyticus,Staphylococcus haemolyticus,5,Ceftazidime,0,0,0,,,
3,species_multihead_no_enrichment,18,staphylococcus_haemolyticus,Staphylococcus haemolyticus,6,Ceftazidime-Avibactam,0,0,0,,,
3,species_multihead_no_enrichment,18,staphylococcus_haemolyticus,Staphylococcus haemolyticus,7,Ceftolozane-Tazobactam,0,0,0,,,
3,species_multihead_no_enrichment,18,staphylococcus_haemolyticus,Staphylococcus haemolyticus,8,Ceftriaxone,0,0,0,,,
3,species_multihead_no_enrichment,18,staphylococcus_haemolyticus,Staphylococcus haemolyticus,9,Ciprofloxacin,0,0,0,,,
3,species_multihead_no_enrichment,18,staphylococcus_haemolyticus,Staphylococcus haemolyticus,10,Clarithromycin,0,0,0,,,
3,species_multihead_no_enrichment,18,staphylococcus_haemolyticus,Staphylococcus haemolyticus,11,Clindamycin,399,125,274,0.5575474452554745,0.6769197080291971,0.11937226277372259
3,species_multihead_no_enrichment,18,staphylococcus_haemolyticus,Staphylococcus haemolyticus,12,Cotrimoxazole,400,161,239,0.6609059486992904,0.8017100236492634,0.14080407494997293
3,species_multihead_no_enrichment,18,staphylococcus_haemolyticus,Staphylococcus haemolyticus,13,Ertapenem,0,0,0,,,
3,species_multihead_no_enrichment,18,staphylococcus_haemolyticus,Staphylococcus haemolyticus,14,Erythromycin,399,69,330,0.6456960913482652,0.8086078173034694,0.1629117259552042
3,species_multihead_no_enrichment,18,staphylococcus_haemolyticus,Staphylococcus haemolyticus,15,Fosfomycin,398,10,388,0.4068298969072165,0.5201030927835052,0.1132731958762887
3,species_multihead_no_enrichment,18,staphylococcus_haemolyticus,Staphylococcus haemolyticus,16,Fusidic acid,1,1,0,,,
3,species_multihead_no_enrichment,18,staphylococcus_haemolyticus,Staphylococcus haemolyticus,17,Gentamicin,400,124,276,0.6812032491818607,0.8586372136512389,0.1774339644693782
3,species_multihead_no_enrichment,18,staphylococcus_haemolyticus,Staphylococcus haemolyticus,18,Imipenem,0,0,0,,,
3,species_multihead_no_enrichment,18,staphylococcus_haemolyticus,Staphylococcus haemolyticus,19,Levofloxacin,400,78,322,0.6324852683548337,0.8218466316292402,0.18936136327440656
3,species_multihead_no_enrichment,18,staphylococcus_haemolyticus,Staphylococcus haemolyticus,20,Linezolid,400,397,3,0.6717044500419814,0.6456759026028547,-0.026028547439126748
3,species_multihead_no_enrichment,18,staphylococcus_haemolyticus,Staphylococcus haemolyticus,21,Meropenem,0,0,0,,,
3,species_multihead_no_enrichment,18,staphylococcus_haemolyticus,Staphylococcus haemolyticus,22,Moxifloxacin,0,0,0,,,
3,species_multihead_no_enrichment,18,staphylococcus_haemolyticus,Staphylococcus haemolyticus,23,Mupirocin,0,0,0,,,
3,species_multihead_no_enrichment,18,staphylococcus_haemolyticus,Staphylococcus haemolyticus,24,Nitrofurantoin,0,0,0,,,
3,species_multihead_no_enrichment,18,staphylococcus_haemolyticus,Staphylococcus haemolyticus,25,Oxacillin,404,87,317,0.6857935385619494,0.836215961419921,0.1504224228579717
3,species_multihead_no_enrichment,18,staphylococcus_haemolyticus,Staphylococcus haemolyticus,26,Piperacillin,0,0,0,,,
3,species_multihead_no_enrichment,18,staphylococcus_haemolyticus,Staphylococcus haemolyticus,27,Piperacillin-Tazobactam,0,0,0,,,
3,species_multihead_no_enrichment,18,staphylococcus_haemolyticus,Staphylococcus haemolyticus,28,Rifampicin,398,353,45,0.7050361976707586,0.7113314447592067,0.006295247088448086
3,species_multihead_no_enrichment,18,staphylococcus_haemolyticus,Staphylococcus haemolyticus,29,Teicoplanin,0,0,0,,,
3,species_multihead_no_enrichment,18,staphylococcus_haemolyticus,Staphylococcus haemolyticus,30,Tetracycline,399,177,222,0.639957754364534,0.7605741334554894,0.12061637909095546
3,species_multihead_no_enrichment,18,staphylococcus_haemolyticus,Staphylococcus haemolyticus,31,Tigecycline,401,400,1,0.8937499999999999,0.9400000000000001,0.046250000000000124
3,species_multihead_no_enrichment,18,staphylococcus_haemolyticus,Staphylococcus haemolyticus,32,Tobramycin,0,0,0,,,
3,species_multihead_no_enrichment,18,staphylococcus_haemolyticus,Staphylococcus haemolyticus,33,Vancomycin,402,402,0,,,
3,species_multihead_no_enrichment,18,staphylococcus_haemolyticus,Staphylococcus haemolyticus,34,Voriconazole,0,0,0,,,
3,species_multihead_no_enrichment,19,staphylococcus_hominis,Staphylococcus hominis,0,Amikacin,0,0,0,,,
3,species_multihead_no_enrichment,19,staphylococcus_hominis,Staphylococcus hominis,1,Ampicillin,0,0,0,,,
3,species_multihead_no_enrichment,19,staphylococcus_hominis,Staphylococcus hominis,2,Azithromycin,0,0,0,,,
3,species_multihead_no_enrichment,19,staphylococcus_hominis,Staphylococcus hominis,3,Caspofungin,0,0,0,,,
3,species_multihead_no_enrichment,19,staphylococcus_hominis,Staphylococcus hominis,4,Cefepime,0,0,0,,,
3,species_multihead_no_enrichment,19,staphylococcus_hominis,Staphylococcus hominis,5,Ceftazidime,0,0,0,,,
3,species_multihead_no_enrichment,19,staphylococcus_hominis,Staphylococcus hominis,6,Ceftazidime-Avibactam,0,0,0,,,
3,species_multihead_no_enrichment,19,staphylococcus_hominis,Staphylococcus hominis,7,Ceftolozane-Tazobactam,0,0,0,,,
3,species_multihead_no_enrichment,19,staphylococcus_hominis,Staphylococcus hominis,8,Ceftriaxone,0,0,0,,,
3,species_multihead_no_enrichment,19,staphylococcus_hominis,Staphylococcus hominis,9,Ciprofloxacin,0,0,0,,,
3,species_multihead_no_enrichment,19,staphylococcus_hominis,Staphylococcus hominis,10,Clarithromycin,0,0,0,,,
3,species_multihead_no_enrichment,19,staphylococcus_hominis,Staphylococcus hominis,11,Clindamycin,503,312,191,0.5266814337494967,0.5237364075714861,-0.0029450261780106235
3,species_multihead_no_enrichment,19,staphylococcus_hominis,Staphylococcus hominis,12,Cotrimoxazole,502,388,114,0.4927428106348345,0.4859829987339483,-0.006759811900886203
3,species_multihead_no_enrichment,19,staphylococcus_hominis,Staphylococcus hominis,13,Ertapenem,0,0,0,,,
3,species_multihead_no_enrichment,19,staphylococcus_hominis,Staphylococcus hominis,14,Erythromycin,508,188,320,0.5111037234042554,0.46359707446808507,-0.04750664893617029
3,species_multihead_no_enrichment,19,staphylococcus_hominis,Staphylococcus hominis,15,Fosfomycin,500,16,484,0.5286027892561984,0.5731534090909091,0.04455061983471065
3,species_multihead_no_enrichment,19,staphylococcus_hominis,Staphylococcus hominis,16,Fusidic acid,0,0,0,,,
3,species_multihead_no_enrichment,19,staphylococcus_hominis,Staphylococcus hominis,17,Gentamicin,500,414,86,0.5735451072913156,0.5227923828783282,-0.05075272441298739
3,species_multihead_no_enrichment,19,staphylococcus_hominis,Staphylococcus hominis,18,Imipenem,0,0,0,,,
3,species_multihead_no_enrichment,19,staphylococcus_hominis,Staphylococcus hominis,19,Levofloxacin,500,229,271,0.473243204047761,0.6328574421115389,0.15961423806377795
3,species_multihead_no_enrichment,19,staphylococcus_hominis,Staphylococcus hominis,20,Linezolid,499,494,5,0.765587044534413,0.671255060728745,-0.09433198380566798
3,species_multihead_no_enrichment,19,staphylococcus_hominis,Staphylococcus hominis,21,Meropenem,0,0,0,,,
3,species_multihead_no_enrichment,19,staphylococcus_hominis,Staphylococcus hominis,22,Moxifloxacin,0,0,0,,,
3,species_multihead_no_enrichment,19,staphylococcus_hominis,Staphylococcus hominis,23,Mupirocin,0,0,0,,,
3,species_multihead_no_enrichment,19,staphylococcus_hominis,Staphylococcus hominis,24,Nitrofurantoin,0,0,0,,,
3,species_multihead_no_enrichment,19,staphylococcus_hominis,Staphylococcus hominis,25,Oxacillin,507,258,249,0.5448538339404128,0.508934964664861,-0.03591886927555177
3,species_multihead_no_enrichment,19,staphylococcus_hominis,Staphylococcus hominis,26,Piperacillin,0,0,0,,,
3,species_multihead_no_enrichment,19,staphylococcus_hominis,Staphylococcus hominis,27,Piperacillin-Tazobactam,0,0,0,,,
3,species_multihead_no_enrichment,19,staphylococcus_hominis,Staphylococcus hominis,28,Rifampicin,501,489,12,0.5208759372869802,0.5417518745739605,0.02087593728698023
3,species_multihead_no_enrichment,19,staphylococcus_hominis,Staphylococcus hominis,29,Teicoplanin,0,0,0,,,
3,species_multihead_no_enrichment,19,staphylococcus_hominis,Staphylococcus hominis,30,Tetracycline,500,311,189,0.5135252386056245,0.48143894928460834,-0.03208628932101615
3,species_multihead_no_enrichment,19,staphylococcus_hominis,Staphylococcus hominis,31,Tigecycline,502,502,0,,,
3,species_multihead_no_enrichment,19,staphylococcus_hominis,Staphylococcus hominis,32,Tobramycin,0,0,0,,,
3,species_multihead_no_enrichment,19,staphylococcus_hominis,Staphylococcus hominis,33,Vancomycin,503,503,0,,,
3,species_multihead_no_enrichment,19,staphylococcus_hominis,Staphylococcus hominis,34,Voriconazole,0,0,0,,,
3,species_multihead_no_enrichment,20,staphylococcus_lugdunensis,Staphylococcus lugdunensis,0,Amikacin,0,0,0,,,
3,species_multihead_no_enrichment,20,staphylococcus_lugdunensis,Staphylococcus lugdunensis,1,Ampicillin,0,0,0,,,
3,species_multihead_no_enrichment,20,staphylococcus_lugdunensis,Staphylococcus lugdunensis,2,Azithromycin,0,0,0,,,
3,species_multihead_no_enrichment,20,staphylococcus_lugdunensis,Staphylococcus lugdunensis,3,Caspofungin,0,0,0,,,
3,species_multihead_no_enrichment,20,staphylococcus_lugdunensis,Staphylococcus lugdunensis,4,Cefepime,0,0,0,,,
3,species_multihead_no_enrichment,20,staphylococcus_lugdunensis,Staphylococcus lugdunensis,5,Ceftazidime,0,0,0,,,
3,species_multihead_no_enrichment,20,staphylococcus_lugdunensis,Staphylococcus lugdunensis,6,Ceftazidime-Avibactam,0,0,0,,,
3,species_multihead_no_enrichment,20,staphylococcus_lugdunensis,Staphylococcus lugdunensis,7,Ceftolozane-Tazobactam,0,0,0,,,
3,species_multihead_no_enrichment,20,staphylococcus_lugdunensis,Staphylococcus lugdunensis,8,Ceftriaxone,0,0,0,,,
3,species_multihead_no_enrichment,20,staphylococcus_lugdunensis,Staphylococcus lugdunensis,9,Ciprofloxacin,0,0,0,,,
3,species_multihead_no_enrichment,20,staphylococcus_lugdunensis,Staphylococcus lugdunensis,10,Clarithromycin,0,0,0,,,
3,species_multihead_no_enrichment,20,staphylococcus_lugdunensis,Staphylococcus lugdunensis,11,Clindamycin,257,226,31,0.4161433057379389,0.5453896660005709,0.12924636026263203
3,species_multihead_no_enrichment,20,staphylococcus_lugdunensis,Staphylococcus lugdunensis,12,Cotrimoxazole,257,256,1,0.8125,0.58203125,-0.23046875
3,species_multihead_no_enrichment,20,staphylococcus_lugdunensis,Staphylococcus lugdunensis,13,Ertapenem,0,0,0,,,
3,species_multihead_no_enrichment,20,staphylococcus_lugdunensis,Staphylococcus lugdunensis,14,Erythromycin,258,228,30,0.4130116959064328,0.5465643274853802,0.13355263157894742
3,species_multihead_no_enrichment,20,staphylococcus_lugdunensis,Staphylococcus lugdunensis,15,Fosfomycin,257,222,35,0.5793436293436294,0.48893178893178896,-0.09041184041184042
3,species_multihead_no_enrichment,20,staphylococcus_lugdunensis,Staphylococcus lugdunensis,16,Fusidic acid,0,0,0,,,
3,species_multihead_no_enrichment,20,staphylococcus_lugdunensis,Staphylococcus lugdunensis,17,Gentamicin,257,256,1,0.3515625,0.447265625,0.095703125
3,species_multihead_no_enrichment,20,staphylococcus_lugdunensis,Staphylococcus lugdunensis,18,Imipenem,0,0,0,,,
3,species_multihead_no_enrichment,20,staphylococcus_lugdunensis,Staphylococcus lugdunensis,19,Levofloxacin,257,145,112,0.5498152709359606,0.7176108374384237,0.16779556650246308
3,species_multihead_no_enrichment,20,staphylococcus_lugdunensis,Staphylococcus lugdunensis,20,Linezolid,257,257,0,,,
3,species_multihead_no_enrichment,20,staphylococcus_lugdunensis,Staphylococcus lugdunensis,21,Meropenem,0,0,0,,,
3,species_multihead_no_enrichment,20,staphylococcus_lugdunensis,Staphylococcus lugdunensis,22,Moxifloxacin,0,0,0,,,
3,species_multihead_no_enrichment,20,staphylococcus_lugdunensis,Staphylococcus lugdunensis,23,Mupirocin,0,0,0,,,
3,species_multihead_no_enrichment,20,staphylococcus_lugdunensis,Staphylococcus lugdunensis,24,Nitrofurantoin,0,0,0,,,
3,species_multihead_no_enrichment,20,staphylococcus_lugdunensis,Staphylococcus lugdunensis,25,Oxacillin,255,241,14,0.4805868405453467,0.5352697095435686,0.054682868998221834
3,species_multihead_no_enrichment,20,staphylococcus_lugdunensis,Staphylococcus lugdunensis,26,Piperacillin,0,0,0,,,
3,species_multihead_no_enrichment,20,staphylococcus_lugdunensis,Staphylococcus lugdunensis,27,Piperacillin-Tazobactam,0,0,0,,,
3,species_multihead_no_enrichment,20,staphylococcus_lugdunensis,Staphylococcus lugdunensis,28,Rifampicin,255,255,0,,,
3,species_multihead_no_enrichment,20,staphylococcus_lugdunensis,Staphylococcus lugdunensis,29,Teicoplanin,0,0,0,,,
3,species_multihead_no_enrichment,20,staphylococcus_lugdunensis,Staphylococcus lugdunensis,30,Tetracycline,257,235,22,0.6132495164410058,0.5762088974854933,-0.03704061895551247
3,species_multihead_no_enrichment,20,staphylococcus_lugdunensis,Staphylococcus lugdunensis,31,Tigecycline,256,256,0,,,
3,species_multihead_no_enrichment,20,staphylococcus_lugdunensis,Staphylococcus lugdunensis,32,Tobramycin,0,0,0,,,
3,species_multihead_no_enrichment,20,staphylococcus_lugdunensis,Staphylococcus lugdunensis,33,Vancomycin,256,256,0,,,
3,species_multihead_no_enrichment,20,staphylococcus_lugdunensis,Staphylococcus lugdunensis,34,Voriconazole,0,0,0,,,
3,species_multihead_no_enrichment,21,stenotrophomonas_maltophilia,Stenotrophomonas maltophilia,0,Amikacin,0,0,0,,,
3,species_multihead_no_enrichment,21,stenotrophomonas_maltophilia,Stenotrophomonas maltophilia,1,Ampicillin,0,0,0,,,
3,species_multihead_no_enrichment,21,stenotrophomonas_maltophilia,Stenotrophomonas maltophilia,2,Azithromycin,0,0,0,,,
3,species_multihead_no_enrichment,21,stenotrophomonas_maltophilia,Stenotrophomonas maltophilia,3,Caspofungin,0,0,0,,,
3,species_multihead_no_enrichment,21,stenotrophomonas_maltophilia,Stenotrophomonas maltophilia,4,Cefepime,0,0,0,,,
3,species_multihead_no_enrichment,21,stenotrophomonas_maltophilia,Stenotrophomonas maltophilia,5,Ceftazidime,3,0,3,,,
3,species_multihead_no_enrichment,21,stenotrophomonas_maltophilia,Stenotrophomonas maltophilia,6,Ceftazidime-Avibactam,1,1,0,,,
3,species_multihead_no_enrichment,21,stenotrophomonas_maltophilia,Stenotrophomonas maltophilia,7,Ceftolozane-Tazobactam,1,0,1,,,
3,species_multihead_no_enrichment,21,stenotrophomonas_maltophilia,Stenotrophomonas maltophilia,8,Ceftriaxone,0,0,0,,,
3,species_multihead_no_enrichment,21,stenotrophomonas_maltophilia,Stenotrophomonas maltophilia,9,Ciprofloxacin,0,0,0,,,
3,species_multihead_no_enrichment,21,stenotrophomonas_maltophilia,Stenotrophomonas maltophilia,10,Clarithromycin,0,0,0,,,
3,species_multihead_no_enrichment,21,stenotrophomonas_maltophilia,Stenotrophomonas maltophilia,11,Clindamycin,0,0,0,,,
3,species_multihead_no_enrichment,21,stenotrophomonas_maltophilia,Stenotrophomonas maltophilia,12,Cotrimoxazole,436,0,436,,,
3,species_multihead_no_enrichment,21,stenotrophomonas_maltophilia,Stenotrophomonas maltophilia,13,Ertapenem,0,0,0,,,
3,species_multihead_no_enrichment,21,stenotrophomonas_maltophilia,Stenotrophomonas maltophilia,14,Erythromycin,0,0,0,,,
3,species_multihead_no_enrichment,21,stenotrophomonas_maltophilia,Stenotrophomonas maltophilia,15,Fosfomycin,0,0,0,,,
3,species_multihead_no_enrichment,21,stenotrophomonas_maltophilia,Stenotrophomonas maltophilia,16,Fusidic acid,0,0,0,,,
3,species_multihead_no_enrichment,21,stenotrophomonas_maltophilia,Stenotrophomonas maltophilia,17,Gentamicin,0,0,0,,,
3,species_multihead_no_enrichment,21,stenotrophomonas_maltophilia,Stenotrophomonas maltophilia,18,Imipenem,0,0,0,,,
3,species_multihead_no_enrichment,21,stenotrophomonas_maltophilia,Stenotrophomonas maltophilia,19,Levofloxacin,3,0,3,,,
3,species_multihead_no_enrichment,21,stenotrophomonas_maltophilia,Stenotrophomonas maltophilia,20,Linezolid,0,0,0,,,
3,species_multihead_no_enrichment,21,stenotrophomonas_maltophilia,Stenotrophomonas maltophilia,21,Meropenem,0,0,0,,,
3,species_multihead_no_enrichment,21,stenotrophomonas_maltophilia,Stenotrophomonas maltophilia,22,Moxifloxacin,1,0,1,,,
3,species_multihead_no_enrichment,21,stenotrophomonas_maltophilia,Stenotrophomonas maltophilia,23,Mupirocin,0,0,0,,,
3,species_multihead_no_enrichment,21,stenotrophomonas_maltophilia,Stenotrophomonas maltophilia,24,Nitrofurantoin,0,0,0,,,
3,species_multihead_no_enrichment,21,stenotrophomonas_maltophilia,Stenotrophomonas maltophilia,25,Oxacillin,0,0,0,,,
3,species_multihead_no_enrichment,21,stenotrophomonas_maltophilia,Stenotrophomonas maltophilia,26,Piperacillin,0,0,0,,,
3,species_multihead_no_enrichment,21,stenotrophomonas_maltophilia,Stenotrophomonas maltophilia,27,Piperacillin-Tazobactam,0,0,0,,,
3,species_multihead_no_enrichment,21,stenotrophomonas_maltophilia,Stenotrophomonas maltophilia,28,Rifampicin,1,0,1,,,
3,species_multihead_no_enrichment,21,stenotrophomonas_maltophilia,Stenotrophomonas maltophilia,29,Teicoplanin,0,0,0,,,
3,species_multihead_no_enrichment,21,stenotrophomonas_maltophilia,Stenotrophomonas maltophilia,30,Tetracycline,0,0,0,,,
3,species_multihead_no_enrichment,21,stenotrophomonas_maltophilia,Stenotrophomonas maltophilia,31,Tigecycline,1,0,1,,,
3,species_multihead_no_enrichment,21,stenotrophomonas_maltophilia,Stenotrophomonas maltophilia,32,Tobramycin,0,0,0,,,
3,species_multihead_no_enrichment,21,stenotrophomonas_maltophilia,Stenotrophomonas maltophilia,33,Vancomycin,0,0,0,,,
3,species_multihead_no_enrichment,21,stenotrophomonas_maltophilia,Stenotrophomonas maltophilia,34,Voriconazole,0,0,0,,,
3,species_multihead_no_enrichment,22,streptococcus_pneumoniae,Streptococcus pneumoniae,0,Amikacin,0,0,0,,,
3,species_multihead_no_enrichment,22,streptococcus_pneumoniae,Streptococcus pneumoniae,1,Ampicillin,57,56,1,0.0267857142857143,0.6875,0.6607142857142857
3,species_multihead_no_enrichment,22,streptococcus_pneumoniae,Streptococcus pneumoniae,2,Azithromycin,61,57,4,0.3355263157894737,0.7149122807017544,0.3793859649122807
3,species_multihead_no_enrichment,22,streptococcus_pneumoniae,Streptococcus pneumoniae,3,Caspofungin,0,0,0,,,
3,species_multihead_no_enrichment,22,streptococcus_pneumoniae,Streptococcus pneumoniae,4,Cefepime,0,0,0,,,
3,species_multihead_no_enrichment,22,streptococcus_pneumoniae,Streptococcus pneumoniae,5,Ceftazidime,0,0,0,,,
3,species_multihead_no_enrichment,22,streptococcus_pneumoniae,Streptococcus pneumoniae,6,Ceftazidime-Avibactam,0,0,0,,,
3,species_multihead_no_enrichment,22,streptococcus_pneumoniae,Streptococcus pneumoniae,7,Ceftolozane-Tazobactam,0,0,0,,,
3,species_multihead_no_enrichment,22,streptococcus_pneumoniae,Streptococcus pneumoniae,8,Ceftriaxone,3,3,0,,,
3,species_multihead_no_enrichment,22,streptococcus_pneumoniae,Streptococcus pneumoniae,9,Ciprofloxacin,0,0,0,,,
3,species_multihead_no_enrichment,22,streptococcus_pneumoniae,Streptococcus pneumoniae,10,Clarithromycin,61,57,4,0.3223684210526315,0.7149122807017544,0.39254385964912286
3,species_multihead_no_enrichment,22,streptococcus_pneumoniae,Streptococcus pneumoniae,11,Clindamycin,62,59,3,0.2627118644067796,0.6214689265536724,0.35875706214689274
3,species_multihead_no_enrichment,22,streptococcus_pneumoniae,Streptococcus pneumoniae,12,Cotrimoxazole,61,57,4,0.3355263157894737,0.8333333333333334,0.4978070175438597
3,species_multihead_no_enrichment,22,streptococcus_pneumoniae,Streptococcus pneumoniae,13,Ertapenem,0,0,0,,,
3,species_multihead_no_enrichment,22,streptococcus_pneumoniae,Streptococcus pneumoniae,14,Erythromycin,61,57,4,0.3201754385964912,0.7192982456140351,0.3991228070175439
3,species_multihead_no_enrichment,22,streptococcus_pneumoniae,Streptococcus pneumoniae,15,Fosfomycin,0,0,0,,,
3,species_multihead_no_enrichment,22,streptococcus_pneumoniae,Streptococcus pneumoniae,16,Fusidic acid,0,0,0,,,
3,species_multihead_no_enrichment,22,streptococcus_pneumoniae,Streptococcus pneumoniae,17,Gentamicin,0,0,0,,,
3,species_multihead_no_enrichment,22,streptococcus_pneumoniae,Streptococcus pneumoniae,18,Imipenem,0,0,0,,,
3,species_multihead_no_enrichment,22,streptococcus_pneumoniae,Streptococcus pneumoniae,19,Levofloxacin,1,0,1,,,
3,species_multihead_no_enrichment,22,streptococcus_pneumoniae,Streptococcus pneumoniae,20,Linezolid,61,61,0,,,
3,species_multihead_no_enrichment,22,streptococcus_pneumoniae,Streptococcus pneumoniae,21,Meropenem,0,0,0,,,
3,species_multihead_no_enrichment,22,streptococcus_pneumoniae,Streptococcus pneumoniae,22,Moxifloxacin,62,59,3,0.33333333333333337,0.7401129943502824,0.40677966101694907
3,species_multihead_no_enrichment,22,streptococcus_pneumoniae,Streptococcus pneumoniae,23,Mupirocin,0,0,0,,,
3,species_multihead_no_enrichment,22,streptococcus_pneumoniae,Streptococcus pneumoniae,24,Nitrofurantoin,0,0,0,,,
3,species_multihead_no_enrichment,22,streptococcus_pneumoniae,Streptococcus pneumoniae,25,Oxacillin,0,0,0,,,
3,species_multihead_no_enrichment,22,streptococcus_pneumoniae,Streptococcus pneumoniae,26,Piperacillin,0,0,0,,,
3,species_multihead_no_enrichment,22,streptococcus_pneumoniae,Streptococcus pneumoniae,27,Piperacillin-Tazobactam,0,0,0,,,
3,species_multihead_no_enrichment,22,streptococcus_pneumoniae,Streptococcus pneumoniae,28,Rifampicin,0,0,0,,,
3,species_multihead_no_enrichment,22,streptococcus_pneumoniae,Streptococcus pneumoniae,29,Teicoplanin,0,0,0,,,
3,species_multihead_no_enrichment,22,streptococcus_pneumoniae,Streptococcus pneumoniae,30,Tetracycline,1,0,1,,,
3,species_multihead_no_enrichment,22,streptococcus_pneumoniae,Streptococcus pneumoniae,31,Tigecycline,0,0,0,,,
3,species_multihead_no_enrichment,22,streptococcus_pneumoniae,Streptococcus pneumoniae,32,Tobramycin,0,0,0,,,
3,species_multihead_no_enrichment,22,streptococcus_pneumoniae,Streptococcus pneumoniae,33,Vancomycin,61,61,0,,,
3,species_multihead_no_enrichment,22,streptococcus_pneumoniae,Streptococcus pneumoniae,34,Voriconazole,0,0,0,,,
4,species_multihead_no_enrichment,0,candida_albicans,Candida albicans,0,Amikacin,0,0,0,,,
4,species_multihead_no_enrichment,0,candida_albicans,Candida albicans,1,Ampicillin,0,0,0,,,
4,species_multihead_no_enrichment,0,candida_albicans,Candida albicans,2,Azithromycin,0,0,0,,,
4,species_multihead_no_enrichment,0,candida_albicans,Candida albicans,3,Caspofungin,986,981,5,0.2765545361875637,0.35066258919469934,0.07410805300713563
4,species_multihead_no_enrichment,0,candida_albicans,Candida albicans,4,Cefepime,0,0,0,,,
4,species_multihead_no_enrichment,0,candida_albicans,Candida albicans,5,Ceftazidime,0,0,0,,,
4,species_multihead_no_enrichment,0,candida_albicans,Candida albicans,6,Ceftazidime-Avibactam,0,0,0,,,
4,species_multihead_no_enrichment,0,candida_albicans,Candida albicans,7,Ceftriaxone,0,0,0,,,
4,species_multihead_no_enrichment,0,candida_albicans,Candida albicans,8,Ciprofloxacin,0,0,0,,,
4,species_multihead_no_enrichment,0,candida_albicans,Candida albicans,9,Clarithromycin,0,0,0,,,
4,species_multihead_no_enrichment,0,candida_albicans,Candida albicans,10,Clindamycin,0,0,0,,,
4,species_multihead_no_enrichment,0,candida_albicans,Candida albicans,11,Cotrimoxazole,0,0,0,,,
4,species_multihead_no_enrichment,0,candida_albicans,Candida albicans,12,Ertapenem,0,0,0,,,
4,species_multihead_no_enrichment,0,candida_albicans,Candida albicans,13,Erythromycin,0,0,0,,,
4,species_multihead_no_enrichment,0,candida_albicans,Candida albicans,14,Fosfomycin,0,0,0,,,
4,species_multihead_no_enrichment,0,candida_albicans,Candida albicans,15,Fusidic acid,0,0,0,,,
4,species_multihead_no_enrichment,0,candida_albicans,Candida albicans,16,Gentamicin,0,0,0,,,
4,species_multihead_no_enrichment,0,candida_albicans,Candida albicans,17,Imipenem,0,0,0,,,
4,species_multihead_no_enrichment,0,candida_albicans,Candida albicans,18,Levofloxacin,0,0,0,,,
4,species_multihead_no_enrichment,0,candida_albicans,Candida albicans,19,Linezolid,0,0,0,,,
4,species_multihead_no_enrichment,0,candida_albicans,Candida albicans,20,Meropenem,0,0,0,,,
4,species_multihead_no_enrichment,0,candida_albicans,Candida albicans,21,Moxifloxacin,0,0,0,,,
4,species_multihead_no_enrichment,0,candida_albicans,Candida albicans,22,Mupirocin,0,0,0,,,
4,species_multihead_no_enrichment,0,candida_albicans,Candida albicans,23,Nitrofurantoin,0,0,0,,,
4,species_multihead_no_enrichment,0,candida_albicans,Candida albicans,24,Oxacillin,0,0,0,,,
4,species_multihead_no_enrichment,0,candida_albicans,Candida albicans,25,Piperacillin,0,0,0,,,
4,species_multihead_no_enrichment,0,candida_albicans,Candida albicans,26,Piperacillin-Tazobactam,0,0,0,,,
4,species_multihead_no_enrichment,0,candida_albicans,Candida albicans,27,Rifampicin,0,0,0,,,
4,species_multihead_no_enrichment,0,candida_albicans,Candida albicans,28,Teicoplanin,0,0,0,,,
4,species_multihead_no_enrichment,0,candida_albicans,Candida albicans,29,Tetracycline,0,0,0,,,
4,species_multihead_no_enrichment,0,candida_albicans,Candida albicans,30,Tigecycline,0,0,0,,,
4,species_multihead_no_enrichment,0,candida_albicans,Candida albicans,31,Tobramycin,0,0,0,,,
4,species_multihead_no_enrichment,0,candida_albicans,Candida albicans,32,Vancomycin,0,0,0,,,
4,species_multihead_no_enrichment,1,citrobacter_freundii,Citrobacter freundii,0,Amikacin,0,0,0,,,
4,species_multihead_no_enrichment,1,citrobacter_freundii,Citrobacter freundii,1,Ampicillin,441,15,426,0.4685446009389671,0.5532863849765258,0.08474178403755872
4,species_multihead_no_enrichment,1,citrobacter_freundii,Citrobacter freundii,2,Azithromycin,0,0,0,,,
4,species_multihead_no_enrichment,1,citrobacter_freundii,Citrobacter freundii,3,Caspofungin,0,0,0,,,
4,species_multihead_no_enrichment,1,citrobacter_freundii,Citrobacter freundii,4,Cefepime,0,0,0,,,
4,species_multihead_no_enrichment,1,citrobacter_freundii,Citrobacter freundii,5,Ceftazidime,440,256,184,0.4255583389945652,0.6967561141304348,0.2711977751358696
4,species_multihead_no_enrichment,1,citrobacter_freundii,Citrobacter freundii,6,Ceftazidime-Avibactam,0,0,0,,,
4,species_multihead_no_enrichment,1,citrobacter_freundii,Citrobacter freundii,7,Ceftriaxone,313,178,135,0.43408239700374535,0.7431335830212236,0.3090511860174782
4,species_multihead_no_enrichment,1,citrobacter_freundii,Citrobacter freundii,8,Ciprofloxacin,441,392,49,0.47680653894210745,0.5307423990004165,0.05393586005830908
4,species_multihead_no_enrichment,1,citrobacter_freundii,Citrobacter freundii,9,Clarithromycin,0,0,0,,,
4,species_multihead_no_enrichment,1,citrobacter_freundii,Citrobacter freundii,10,Clindamycin,0,0,0,,,
4,species_multihead_no_enrichment,1,citrobacter_freundii,Citrobacter freundii,11,Cotrimoxazole,441,410,31,0.44783634933123523,0.5516129032258064,0.10377655389457113
4,species_multihead_no_enrichment,1,citrobacter_freundii,Citrobacter freundii,12,Ertapenem,1,0,1,,,
4,species_multihead_no_enrichment,1,citrobacter_freundii,Citrobacter freundii,13,Erythromycin,0,0,0,,,
4,species_multihead_no_enrichment,1,citrobacter_freundii,Citrobacter freundii,14,Fosfomycin,98,98,0,,,
4,species_multihead_no_enrichment,1,citrobacter_freundii,Citrobacter freundii,15,Fusidic acid,0,0,0,,,
4,species_multihead_no_enrichment,1,citrobacter_freundii,Citrobacter freundii,16,Gentamicin,441,169,272,0.5162395579533589,0.43337756700313257,-0.08286199095022628
4,species_multihead_no_enrichment,1,citrobacter_freundii,Citrobacter freundii,17,Imipenem,440,434,6,0.5395545314900154,0.5566436251920124,0.01708909370199696
4,species_multihead_no_enrichment,1,citrobacter_freundii,Citrobacter freundii,18,Levofloxacin,0,0,0,,,
4,species_multihead_no_enrichment,1,citrobacter_freundii,Citrobacter freundii,19,Linezolid,0,0,0,,,
4,species_multihead_no_enrichment,1,citrobacter_freundii,Citrobacter freundii,20,Meropenem,440,435,5,0.6988505747126437,0.5411494252873563,-0.15770114942528735
4,species_multihead_no_enrichment,1,citrobacter_freundii,Citrobacter freundii,21,Moxifloxacin,322,221,101,0.4526902916535998,0.5205859952511088,0.06789570359750902
4,species_multihead_no_enrichment,1,citrobacter_freundii,Citrobacter freundii,22,Mupirocin,0,0,0,,,
4,species_multihead_no_enrichment,1,citrobacter_freundii,Citrobacter freundii,23,Nitrofurantoin,0,0,0,,,
4,species_multihead_no_enrichment,1,citrobacter_freundii,Citrobacter freundii,24,Oxacillin,0,0,0,,,
4,species_multihead_no_enrichment,1,citrobacter_freundii,Citrobacter freundii,25,Piperacillin,0,0,0,,,
4,species_multihead_no_enrichment,1,citrobacter_freundii,Citrobacter freundii,26,Piperacillin-Tazobactam,441,255,186,0.4331435800126502,0.6985557663925784,0.26541218637992825
4,species_multihead_no_enrichment,1,citrobacter_freundii,Citrobacter freundii,27,Rifampicin,0,0,0,,,
4,species_multihead_no_enrichment,1,citrobacter_freundii,Citrobacter freundii,28,Teicoplanin,0,0,0,,,
4,species_multihead_no_enrichment,1,citrobacter_freundii,Citrobacter freundii,29,Tetracycline,0,0,0,,,
4,species_multihead_no_enrichment,1,citrobacter_freundii,Citrobacter freundii,30,Tigecycline,0,0,0,,,
4,species_multihead_no_enrichment,1,citrobacter_freundii,Citrobacter freundii,31,Tobramycin,0,0,0,,,
4,species_multihead_no_enrichment,1,citrobacter_freundii,Citrobacter freundii,32,Vancomycin,0,0,0,,,
4,species_multihead_no_enrichment,2,citrobacter_koseri,Citrobacter koseri,0,Amikacin,0,0,0,,,
4,species_multihead_no_enrichment,2,citrobacter_koseri,Citrobacter koseri,1,Ampicillin,446,0,446,,,
4,species_multihead_no_enrichment,2,citrobacter_koseri,Citrobacter koseri,2,Azithromycin,0,0,0,,,
4,species_multihead_no_enrichment,2,citrobacter_koseri,Citrobacter koseri,3,Caspofungin,0,0,0,,,
4,species_multihead_no_enrichment,2,citrobacter_koseri,Citrobacter koseri,4,Cefepime,0,0,0,,,
4,species_multihead_no_enrichment,2,citrobacter_koseri,Citrobacter koseri,5,Ceftazidime,446,428,18,0.567367601246106,0.7892004153686396,0.22183281412253364
4,species_multihead_no_enrichment,2,citrobacter_koseri,Citrobacter koseri,6,Ceftazidime-Avibactam,0,0,0,,,
4,species_multihead_no_enrichment,2,citrobacter_koseri,Citrobacter koseri,7,Ceftriaxone,270,259,11,0.6098631098631099,0.770972270972271,0.16110916110916107
4,species_multihead_no_enrichment,2,citrobacter_koseri,Citrobacter koseri,8,Ciprofloxacin,446,441,5,0.46757369614512473,0.6467120181405897,0.17913832199546492
4,species_multihead_no_enrichment,2,citrobacter_koseri,Citrobacter koseri,9,Clarithromycin,0,0,0,,,
4,species_multihead_no_enrichment,2,citrobacter_koseri,Citrobacter koseri,10,Clindamycin,0,0,0,,,
4,species_multihead_no_enrichment,2,citrobacter_koseri,Citrobacter koseri,11,Cotrimoxazole,446,441,5,0.808843537414966,0.6199546485260771,-0.18888888888888888
4,species_multihead_no_enrichment,2,citrobacter_koseri,Citrobacter koseri,12,Ertapenem,0,0,0,,,
4,species_multihead_no_enrichment,2,citrobacter_koseri,Citrobacter koseri,13,Erythromycin,0,0,0,,,
4,species_multihead_no_enrichment,2,citrobacter_koseri,Citrobacter koseri,14,Fosfomycin,134,134,0,,,
4,species_multihead_no_enrichment,2,citrobacter_koseri,Citrobacter koseri,15,Fusidic acid,0,0,0,,,
4,species_multihead_no_enrichment,2,citrobacter_koseri,Citrobacter koseri,16,Gentamicin,439,172,267,0.47530702900444205,0.5787387858200504,0.1034317568156084
4,species_multihead_no_enrichment,2,citrobacter_koseri,Citrobacter koseri,17,Imipenem,446,446,0,,,
4,species_multihead_no_enrichment,2,citrobacter_koseri,Citrobacter koseri,18,Levofloxacin,0,0,0,,,
4,species_multihead_no_enrichment,2,citrobacter_koseri,Citrobacter koseri,19,Linezolid,0,0,0,,,
4,species_multihead_no_enrichment,2,citrobacter_koseri,Citrobacter koseri,20,Meropenem,446,446,0,,,
4,species_multihead_no_enrichment,2,citrobacter_koseri,Citrobacter koseri,21,Moxifloxacin,275,255,20,0.4555882352941176,0.6297058823529412,0.1741176470588236
4,species_multihead_no_enrichment,2,citrobacter_koseri,Citrobacter koseri,22,Mupirocin,0,0,0,,,
4,species_multihead_no_enrichment,2,citrobacter_koseri,Citrobacter koseri,23,Nitrofurantoin,0,0,0,,,
4,species_multihead_no_enrichment,2,citrobacter_koseri,Citrobacter koseri,24,Oxacillin,0,0,0,,,
4,species_multihead_no_enrichment,2,citrobacter_koseri,Citrobacter koseri,25,Piperacillin,0,0,0,,,
4,species_multihead_no_enrichment,2,citrobacter_koseri,Citrobacter koseri,26,Piperacillin-Tazobactam,446,398,48,0.5332391122278057,0.6454407453936348,0.1122016331658291
4,species_multihead_no_enrichment,2,citrobacter_koseri,Citrobacter koseri,27,Rifampicin,0,0,0,,,
4,species_multihead_no_enrichment,2,citrobacter_koseri,Citrobacter koseri,28,Teicoplanin,0,0,0,,,
4,species_multihead_no_enrichment,2,citrobacter_koseri,Citrobacter koseri,29,Tetracycline,0,0,0,,,
4,species_multihead_no_enrichment,2,citrobacter_koseri,Citrobacter koseri,30,Tigecycline,0,0,0,,,
4,species_multihead_no_enrichment,2,citrobacter_koseri,Citrobacter koseri,31,Tobramycin,0,0,0,,,
4,species_multihead_no_enrichment,2,citrobacter_koseri,Citrobacter koseri,32,Vancomycin,0,0,0,,,
4,species_multihead_no_enrichment,3,enterobacter_cloacae_complex,Enterobacter cloacae complex,0,Amikacin,1,0,1,,,
4,species_multihead_no_enrichment,3,enterobacter_cloacae_complex,Enterobacter cloacae complex,1,Ampicillin,1540,13,1527,0.5127701375245579,0.6330915319127499,0.120321394388192
4,species_multihead_no_enrichment,3,enterobacter_cloacae_complex,Enterobacter cloacae complex,2,Azithromycin,0,0,0,,,
4,species_multihead_no_enrichment,3,enterobacter_cloacae_complex,Enterobacter cloacae complex,3,Caspofungin,0,0,0,,,
4,species_multihead_no_enrichment,3,enterobacter_cloacae_complex,Enterobacter cloacae complex,4,Cefepime,1,1,0,,,
4,species_multihead_no_enrichment,3,enterobacter_cloacae_complex,Enterobacter cloacae complex,5,Ceftazidime,1542,944,598,0.4887858894053625,0.7674743849555015,0.27868849555013897
4,species_multihead_no_enrichment,3,enterobacter_cloacae_complex,Enterobacter cloacae complex,6,Ceftazidime-Avibactam,1,1,0,,,
4,species_multihead_no_enrichment,3,enterobacter_cloacae_complex,Enterobacter cloacae complex,7,Ceftriaxone,1157,711,446,0.46052581786531943,0.7986036215019584,0.338077803636639
4,species_multihead_no_enrichment,3,enterobacter_cloacae_complex,Enterobacter cloacae complex,8,Ciprofloxacin,1542,1475,67,0.484452314697698,0.6369693903364533,0.15251707563875527
4,species_multihead_no_enrichment,3,enterobacter_cloacae_complex,Enterobacter cloacae complex,9,Clarithromycin,0,0,0,,,
4,species_multihead_no_enrichment,3,enterobacter_cloacae_complex,Enterobacter cloacae complex,10,Clindamycin,1,0,1,,,
4,species_multihead_no_enrichment,3,enterobacter_cloacae_complex,Enterobacter cloacae complex,11,Cotrimoxazole,1542,1464,78,0.5088359955163234,0.6251532506655457,0.11631725514922231
4,species_multihead_no_enrichment,3,enterobacter_cloacae_complex,Enterobacter cloacae complex,12,Ertapenem,4,3,1,1.0,1.0,0.0
4,species_multihead_no_enrichment,3,enterobacter_cloacae_complex,Enterobacter cloacae complex,13,Erythromycin,1,0,1,,,
4,species_multihead_no_enrichment,3,enterobacter_cloacae_complex,Enterobacter cloacae complex,14,Fosfomycin,270,124,146,0.4920459566946532,0.475226469288555,-0.016819487406098177
4,species_multihead_no_enrichment,3,enterobacter_cloacae_complex,Enterobacter cloacae complex,15,Fusidic acid,0,0,0,,,
4,species_multihead_no_enrichment,3,enterobacter_cloacae_complex,Enterobacter cloacae complex,16,Gentamicin,1537,600,937,0.4935948061188189,0.6344966204197795,0.1409018143009606
4,species_multihead_no_enrichment,3,enterobacter_cloacae_complex,Enterobacter cloacae complex,17,Imipenem,1542,1513,29,0.49584064544066364,0.6009070811586936,0.10506643571802998
4,species_multihead_no_enrichment,3,enterobacter_cloacae_complex,Enterobacter cloacae complex,18,Levofloxacin,0,0,0,,,
4,species_multihead_no_enrichment,3,enterobacter_cloacae_complex,Enterobacter cloacae complex,19,Linezolid,1,1,0,,,
4,species_multihead_no_enrichment,3,enterobacter_cloacae_complex,Enterobacter cloacae complex,20,Meropenem,1542,1530,12,0.5145969498910676,0.7477124183006536,0.23311546840958597
4,species_multihead_no_enrichment,3,enterobacter_cloacae_complex,Enterobacter cloacae complex,21,Moxifloxacin,1223,1083,140,0.4730444532383591,0.5770215011212241,0.10397704788286499
4,species_multihead_no_enrichment,3,enterobacter_cloacae_complex,Enterobacter cloacae complex,22,Mupirocin,0,0,0,,,
4,species_multihead_no_enrichment,3,enterobacter_cloacae_complex,Enterobacter cloacae complex,23,Nitrofurantoin,0,0,0,,,
4,species_multihead_no_enrichment,3,enterobacter_cloacae_complex,Enterobacter cloacae complex,24,Oxacillin,0,0,0,,,
4,species_multihead_no_enrichment,3,enterobacter_cloacae_complex,Enterobacter cloacae complex,25,Piperacillin,2,2,0,,,
4,species_multihead_no_enrichment,3,enterobacter_cloacae_complex,Enterobacter cloacae complex,26,Piperacillin-Tazobactam,1543,939,604,0.48877381179075946,0.7635756299854008,0.2748018181946414
4,species_multihead_no_enrichment,3,enterobacter_cloacae_complex,Enterobacter cloacae complex,27,Rifampicin,0,0,0,,,
4,species_multihead_no_enrichment,3,enterobacter_cloacae_complex,Enterobacter cloacae complex,28,Teicoplanin,0,0,0,,,
4,species_multihead_no_enrichment,3,enterobacter_cloacae_complex,Enterobacter cloacae complex,29,Tetracycline,0,0,0,,,
4,species_multihead_no_enrichment,3,enterobacter_cloacae_complex,Enterobacter cloacae complex,30,Tigecycline,1,1,0,,,
4,species_multihead_no_enrichment,3,enterobacter_cloacae_complex,Enterobacter cloacae complex,31,Tobramycin,1,0,1,,,
4,species_multihead_no_enrichment,3,enterobacter_cloacae_complex,Enterobacter cloacae complex,32,Vancomycin,1,1,0,,,
4,species_multihead_no_enrichment,4,enterococcus_faecalis,Enterococcus faecalis,0,Amikacin,0,0,0,,,
4,species_multihead_no_enrichment,4,enterococcus_faecalis,Enterococcus faecalis,1,Ampicillin,4188,4180,8,0.49765251196172244,0.6074312200956938,0.10977870813397139
4,species_multihead_no_enrichment,4,enterococcus_faecalis,Enterococcus faecalis,2,Azithromycin,0,0,0,,,
4,species_multihead_no_enrichment,4,enterococcus_faecalis,Enterococcus faecalis,3,Caspofungin,0,0,0,,,
4,species_multihead_no_enrichment,4,enterococcus_faecalis,Enterococcus faecalis,4,Cefepime,0,0,0,,,
4,species_multihead_no_enrichment,4,enterococcus_faecalis,Enterococcus faecalis,5,Ceftazidime,70,0,70,,,
4,species_multihead_no_enrichment,4,enterococcus_faecalis,Enterococcus faecalis,6,Ceftazidime-Avibactam,0,0,0,,,
4,species_multihead_no_enrichment,4,enterococcus_faecalis,Enterococcus faecalis,7,Ceftriaxone,0,0,0,,,
4,species_multihead_no_enrichment,4,enterococcus_faecalis,Enterococcus faecalis,8,Ciprofloxacin,0,0,0,,,
4,species_multihead_no_enrichment,4,enterococcus_faecalis,Enterococcus faecalis,9,Clarithromycin,0,0,0,,,
4,species_multihead_no_enrichment,4,enterococcus_faecalis,Enterococcus faecalis,10,Clindamycin,4147,0,4147,,,
4,species_multihead_no_enrichment,4,enterococcus_faecalis,Enterococcus faecalis,11,Cotrimoxazole,0,0,0,,,
4,species_multihead_no_enrichment,4,enterococcus_faecalis,Enterococcus faecalis,12,Ertapenem,0,0,0,,,
4,species_multihead_no_enrichment,4,enterococcus_faecalis,Enterococcus faecalis,13,Erythromycin,4099,0,4099,,,
4,species_multihead_no_enrichment,4,enterococcus_faecalis,Enterococcus faecalis,14,Fosfomycin,0,0,0,,,
4,species_multihead_no_enrichment,4,enterococcus_faecalis,Enterococcus faecalis,15,Fusidic acid,0,0,0,,,
4,species_multihead_no_enrichment,4,enterococcus_faecalis,Enterococcus faecalis,16,Gentamicin,0,0,0,,,
4,species_multihead_no_enrichment,4,enterococcus_faecalis,Enterococcus faecalis,17,Imipenem,4186,2565,1621,0.4830782144201411,0.9403080667602244,0.4572298523400833
4,species_multihead_no_enrichment,4,enterococcus_faecalis,Enterococcus faecalis,18,Levofloxacin,0,0,0,,,
4,species_multihead_no_enrichment,4,enterococcus_faecalis,Enterococcus faecalis,19,Linezolid,4125,4117,8,0.7104839689094,0.6818375030361914,-0.028646465873208626
4,species_multihead_no_enrichment,4,enterococcus_faecalis,Enterococcus faecalis,20,Meropenem,70,0,70,,,
4,species_multihead_no_enrichment,4,enterococcus_faecalis,Enterococcus faecalis,21,Moxifloxacin,1,1,0,,,
4,species_multihead_no_enrichment,4,enterococcus_faecalis,Enterococcus faecalis,22,Mupirocin,0,0,0,,,
4,species_multihead_no_enrichment,4,enterococcus_faecalis,Enterococcus faecalis,23,Nitrofurantoin,1905,1892,13,0.583407871198569,0.5513904699951212,-0.03201740120344776
4,species_multihead_no_enrichment,4,enterococcus_faecalis,Enterococcus faecalis,24,Oxacillin,0,0,0,,,
4,species_multihead_no_enrichment,4,enterococcus_faecalis,Enterococcus faecalis,25,Piperacillin,0,0,0,,,
4,species_multihead_no_enrichment,4,enterococcus_faecalis,Enterococcus faecalis,26,Piperacillin-Tazobactam,65,65,0,,,
4,species_multihead_no_enrichment,4,enterococcus_faecalis,Enterococcus faecalis,27,Rifampicin,0,0,0,,,
4,species_multihead_no_enrichment,4,enterococcus_faecalis,Enterococcus faecalis,28,Teicoplanin,2,2,0,,,
4,species_multihead_no_enrichment,4,enterococcus_faecalis,Enterococcus faecalis,29,Tetracycline,0,0,0,,,
4,species_multihead_no_enrichment,4,enterococcus_faecalis,Enterococcus faecalis,30,Tigecycline,4135,4135,0,,,
4,species_multihead_no_enrichment,4,enterococcus_faecalis,Enterococcus faecalis,31,Tobramycin,0,0,0,,,
4,species_multihead_no_enrichment,4,enterococcus_faecalis,Enterococcus faecalis,32,Vancomycin,4186,4184,2,0.788121414913958,0.4164077437858509,-0.37171367112810716
4,species_multihead_no_enrichment,5,enterococcus_faecium,Enterococcus faecium,0,Amikacin,0,0,0,,,
4,species_multihead_no_enrichment,5,enterococcus_faecium,Enterococcus faecium,1,Ampicillin,2467,169,2298,0.7520689459833867,0.8452526251281021,0.09318367914471537
4,species_multihead_no_enrichment,5,enterococcus_faecium,Enterococcus faecium,2,Azithromycin,0,0,0,,,
4,species_multihead_no_enrichment,5,enterococcus_faecium,Enterococcus faecium,3,Caspofungin,0,0,0,,,
4,species_multihead_no_enrichment,5,enterococcus_faecium,Enterococcus faecium,4,Cefepime,0,0,0,,,
4,species_multihead_no_enrichment,5,enterococcus_faecium,Enterococcus faecium,5,Ceftazidime,19,0,19,,,
4,species_multihead_no_enrichment,5,enterococcus_faecium,Enterococcus faecium,6,Ceftazidime-Avibactam,0,0,0,,,
4,species_multihead_no_enrichment,5,enterococcus_faecium,Enterococcus faecium,7,Ceftriaxone,0,0,0,,,
4,species_multihead_no_enrichment,5,enterococcus_faecium,Enterococcus faecium,8,Ciprofloxacin,0,0,0,,,
4,species_multihead_no_enrichment,5,enterococcus_faecium,Enterococcus faecium,9,Clarithromycin,0,0,0,,,
4,species_multihead_no_enrichment,5,enterococcus_faecium,Enterococcus faecium,10,Clindamycin,2450,0,2450,,,
4,species_multihead_no_enrichment,5,enterococcus_faecium,Enterococcus faecium,11,Cotrimoxazole,0,0,0,,,
4,species_multihead_no_enrichment,5,enterococcus_faecium,Enterococcus faecium,12,Ertapenem,0,0,0,,,
4,species_multihead_no_enrichment,5,enterococcus_faecium,Enterococcus faecium,13,Erythromycin,2428,0,2428,,,
4,species_multihead_no_enrichment,5,enterococcus_faecium,Enterococcus faecium,14,Fosfomycin,2,0,2,,,
4,species_multihead_no_enrichment,5,enterococcus_faecium,Enterococcus faecium,15,Fusidic acid,0,0,0,,,
4,species_multihead_no_enrichment,5,enterococcus_faecium,Enterococcus faecium,16,Gentamicin,0,0,0,,,
4,species_multihead_no_enrichment,5,enterococcus_faecium,Enterococcus faecium,17,Imipenem,2467,89,2378,0.7667972330633807,0.8845857627503048,0.1177885296869241
4,species_multihead_no_enrichment,5,enterococcus_faecium,Enterococcus faecium,18,Levofloxacin,0,0,0,,,
4,species_multihead_no_enrichment,5,enterococcus_faecium,Enterococcus faecium,19,Linezolid,2451,2376,75,0.5020426487093154,0.5906369248035914,0.08859427609427606
4,species_multihead_no_enrichment,5,enterococcus_faecium,Enterococcus faecium,20,Meropenem,19,0,19,,,
4,species_multihead_no_enrichment,5,enterococcus_faecium,Enterococcus faecium,21,Moxifloxacin,2,0,2,,,
4,species_multihead_no_enrichment,5,enterococcus_faecium,Enterococcus faecium,22,Mupirocin,0,0,0,,,
4,species_multihead_no_enrichment,5,enterococcus_faecium,Enterococcus faecium,23,Nitrofurantoin,0,0,0,,,
4,species_multihead_no_enrichment,5,enterococcus_faecium,Enterococcus faecium,24,Oxacillin,0,0,0,,,
4,species_multihead_no_enrichment,5,enterococcus_faecium,Enterococcus faecium,25,Piperacillin,0,0,0,,,
4,species_multihead_no_enrichment,5,enterococcus_faecium,Enterococcus faecium,26,Piperacillin-Tazobactam,19,1,18,0.4166666666666667,0.2777777777777778,-0.1388888888888889
4,species_multihead_no_enrichment,5,enterococcus_faecium,Enterococcus faecium,27,Rifampicin,0,0,0,,,
4,species_multihead_no_enrichment,5,enterococcus_faecium,Enterococcus faecium,28,Teicoplanin,128,81,47,0.40530601523509324,0.18951930654058316,-0.21578670869451008
4,species_multihead_no_enrichment,5,enterococcus_faecium,Enterococcus faecium,29,Tetracycline,0,0,0,,,
4,species_multihead_no_enrichment,5,enterococcus_faecium,Enterococcus faecium,30,Tigecycline,2434,2433,1,0.448623099054665,0.4475955610357583,-0.001027538018906704
4,species_multihead_no_enrichment,5,enterococcus_faecium,Enterococcus faecium,31,Tobramycin,0,0,0,,,
4,species_multihead_no_enrichment,5,enterococcus_faecium,Enterococcus faecium,32,Vancomycin,2470,1350,1120,0.544182208994709,0.8291931216931216,0.2850109126984126
4,species_multihead_no_enrichment,6,escherichia_coli,Escherichia coli,0,Amikacin,3,2,1,0.0,1.0,1.0
4,species_multihead_no_enrichment,6,escherichia_coli,Escherichia coli,1,Ampicillin,9494,4400,5094,0.52419544383767,0.6540506656672734,0.1298552218296034
4,species_multihead_no_enrichment,6,escherichia_coli,Escherichia coli,2,Azithromycin,0,0,0,,,
4,species_multihead_no_enrichment,6,escherichia_coli,Escherichia coli,3,Caspofungin,0,0,0,,,
4,species_multihead_no_enrichment,6,escherichia_coli,Escherichia coli,4,Cefepime,3,0,3,,,
4,species_multihead_no_enrichment,6,escherichia_coli,Escherichia coli,5,Ceftazidime,9497,7678,1819,0.502778907084935,0.777357280914133,0.27457837382919803
4,species_multihead_no_enrichment,6,escherichia_coli,Escherichia coli,6,Ceftazidime-Avibactam,1,1,0,,,
4,species_multihead_no_enrichment,6,escherichia_coli,Escherichia coli,7,Ceftriaxone,4163,3217,946,0.46564827051847313,0.8538025723544516,0.38815430183597843
4,species_multihead_no_enrichment,6,escherichia_coli,Escherichia coli,8,Ciprofloxacin,9490,7427,2063,0.5489331904702948,0.7371964810371768,0.18826329056688207
4,species_multihead_no_enrichment,6,escherichia_coli,Escherichia coli,9,Clarithromycin,0,0,0,,,
4,species_multihead_no_enrichment,6,escherichia_coli,Escherichia coli,10,Clindamycin,2,2,0,,,
4,species_multihead_no_enrichment,6,escherichia_coli,Escherichia coli,11,Cotrimoxazole,9491,6897,2594,0.556179208798614,0.6198687226039636,0.0636895138053496
4,species_multihead_no_enrichment,6,escherichia_coli,Escherichia coli,12,Ertapenem,601,597,4,0.9095477386934674,0.4872278056951424,-0.422319932998325
4,species_multihead_no_enrichment,6,escherichia_coli,Escherichia coli,13,Erythromycin,2,2,0,,,
4,species_multihead_no_enrichment,6,escherichia_coli,Escherichia coli,14,Fosfomycin,2808,2763,45,0.5770619696786906,0.6195962520609644,0.04253428238227375
4,species_multihead_no_enrichment,6,escherichia_coli,Escherichia coli,15,Fusidic acid,0,0,0,,,
4,species_multihead_no_enrichment,6,escherichia_coli,Escherichia coli,16,Gentamicin,9354,3159,6195,0.511629302087557,0.7333197411037964,0.22169043901623942
4,species_multihead_no_enrichment,6,escherichia_coli,Escherichia coli,17,Imipenem,9492,9475,17,0.5489337265249107,0.7938693155362408,0.24493558901133017
4,species_multihead_no_enrichment,6,escherichia_coli,Escherichia coli,18,Levofloxacin,2,2,0,,,
4,species_multihead_no_enrichment,6,escherichia_coli,Escherichia coli,19,Linezolid,2,2,0,,,
4,species_multihead_no_enrichment,6,escherichia_coli,Escherichia coli,20,Meropenem,9493,9478,15,0.5304424280790603,0.7874938453963565,0.2570514173172962
4,species_multihead_no_enrichment,6,escherichia_coli,Escherichia coli,21,Moxifloxacin,4327,2886,1441,0.5107419916580223,0.7635364772769353,0.25279448561891305
4,species_multihead_no_enrichment,6,escherichia_coli,Escherichia coli,22,Mupirocin,0,0,0,,,
4,species_multihead_no_enrichment,6,escherichia_coli,Escherichia coli,23,Nitrofurantoin,5166,5082,84,0.5435360094451003,0.571101787822567,0.027565778377466765
4,species_multihead_no_enrichment,6,escherichia_coli,Escherichia coli,24,Oxacillin,2,2,0,,,
4,species_multihead_no_enrichment,6,escherichia_coli,Escherichia coli,25,Piperacillin,3,0,3,,,
4,species_multihead_no_enrichment,6,escherichia_coli,Escherichia coli,26,Piperacillin-Tazobactam,9442,7269,2173,0.4948283176444081,0.7335182399939932,0.23868992234958514
4,species_multihead_no_enrichment,6,escherichia_coli,Escherichia coli,27,Rifampicin,2,2,0,,,
4,species_multihead_no_enrichment,6,escherichia_coli,Escherichia coli,28,Teicoplanin,0,0,0,,,
4,species_multihead_no_enrichment,6,escherichia_coli,Escherichia coli,29,Tetracycline,2,0,2,,,
4,species_multihead_no_enrichment,6,escherichia_coli,Escherichia coli,30,Tigecycline,6,5,1,0.5,0.4,-0.09999999999999998
4,species_multihead_no_enrichment,6,escherichia_coli,Escherichia coli,31,Tobramycin,3,2,1,0.0,1.0,1.0
4,species_multihead_no_enrichment,6,escherichia_coli,Escherichia coli,32,Vancomycin,2,2,0,,,
4,species_multihead_no_enrichment,7,haemophilus_influenzae,Haemophilus influenzae,0,Amikacin,0,0,0,,,
4,species_multihead_no_enrichment,7,haemophilus_influenzae,Haemophilus influenzae,1,Ampicillin,179,135,44,0.5416666666666667,0.4813973063973064,-0.06026936026936036
4,species_multihead_no_enrichment,7,haemophilus_influenzae,Haemophilus influenzae,2,Azithromycin,0,0,0,,,
4,species_multihead_no_enrichment,7,haemophilus_influenzae,Haemophilus influenzae,3,Caspofungin,0,0,0,,,
4,species_multihead_no_enrichment,7,haemophilus_influenzae,Haemophilus influenzae,4,Cefepime,0,0,0,,,
4,species_multihead_no_enrichment,7,haemophilus_influenzae,Haemophilus influenzae,5,Ceftazidime,0,0,0,,,
4,species_multihead_no_enrichment,7,haemophilus_influenzae,Haemophilus influenzae,6,Ceftazidime-Avibactam,0,0,0,,,
4,species_multihead_no_enrichment,7,haemophilus_influenzae,Haemophilus influenzae,7,Ceftriaxone,2,2,0,,,
4,species_multihead_no_enrichment,7,haemophilus_influenzae,Haemophilus influenzae,8,Ciprofloxacin,180,175,5,0.452,0.4828571428571429,0.03085714285714286
4,species_multihead_no_enrichment,7,haemophilus_influenzae,Haemophilus influenzae,9,Clarithromycin,0,0,0,,,
4,species_multihead_no_enrichment,7,haemophilus_influenzae,Haemophilus influenzae,10,Clindamycin,0,0,0,,,
4,species_multihead_no_enrichment,7,haemophilus_influenzae,Haemophilus influenzae,11,Cotrimoxazole,177,145,32,0.659051724137931,0.3491379310344828,-0.3099137931034482
4,species_multihead_no_enrichment,7,haemophilus_influenzae,Haemophilus influenzae,12,Ertapenem,0,0,0,,,
4,species_multihead_no_enrichment,7,haemophilus_influenzae,Haemophilus influenzae,13,Erythromycin,0,0,0,,,
4,species_multihead_no_enrichment,7,haemophilus_influenzae,Haemophilus influenzae,14,Fosfomycin,0,0,0,,,
4,species_multihead_no_enrichment,7,haemophilus_influenzae,Haemophilus influenzae,15,Fusidic acid,0,0,0,,,
4,species_multihead_no_enrichment,7,haemophilus_influenzae,Haemophilus influenzae,16,Gentamicin,0,0,0,,,
4,species_multihead_no_enrichment,7,haemophilus_influenzae,Haemophilus influenzae,17,Imipenem,0,0,0,,,
4,species_multihead_no_enrichment,7,haemophilus_influenzae,Haemophilus influenzae,18,Levofloxacin,178,175,3,0.4638095238095238,0.7257142857142858,0.261904761904762
4,species_multihead_no_enrichment,7,haemophilus_influenzae,Haemophilus influenzae,19,Linezolid,0,0,0,,,
4,species_multihead_no_enrichment,7,haemophilus_influenzae,Haemophilus influenzae,20,Meropenem,0,0,0,,,
4,species_multihead_no_enrichment,7,haemophilus_influenzae,Haemophilus influenzae,21,Moxifloxacin,179,175,4,0.3821428571428571,0.6028571428571429,0.22071428571428575
4,species_multihead_no_enrichment,7,haemophilus_influenzae,Haemophilus influenzae,22,Mupirocin,0,0,0,,,
4,species_multihead_no_enrichment,7,haemophilus_influenzae,Haemophilus influenzae,23,Nitrofurantoin,0,0,0,,,
4,species_multihead_no_enrichment,7,haemophilus_influenzae,Haemophilus influenzae,24,Oxacillin,0,0,0,,,
4,species_multihead_no_enrichment,7,haemophilus_influenzae,Haemophilus influenzae,25,Piperacillin,0,0,0,,,
4,species_multihead_no_enrichment,7,haemophilus_influenzae,Haemophilus influenzae,26,Piperacillin-Tazobactam,0,0,0,,,
4,species_multihead_no_enrichment,7,haemophilus_influenzae,Haemophilus influenzae,27,Rifampicin,0,0,0,,,
4,species_multihead_no_enrichment,7,haemophilus_influenzae,Haemophilus influenzae,28,Teicoplanin,0,0,0,,,
4,species_multihead_no_enrichment,7,haemophilus_influenzae,Haemophilus influenzae,29,Tetracycline,0,0,0,,,
4,species_multihead_no_enrichment,7,haemophilus_influenzae,Haemophilus influenzae,30,Tigecycline,0,0,0,,,
4,species_multihead_no_enrichment,7,haemophilus_influenzae,Haemophilus influenzae,31,Tobramycin,0,0,0,,,
4,species_multihead_no_enrichment,7,haemophilus_influenzae,Haemophilus influenzae,32,Vancomycin,0,0,0,,,
4,species_multihead_no_enrichment,8,klebsiella_oxytoca,Klebsiella oxytoca,0,Amikacin,1,1,0,,,
4,species_multihead_no_enrichment,8,klebsiella_oxytoca,Klebsiella oxytoca,1,Ampicillin,1273,7,1266,0.5,0.589652448657188,0.08965244865718802
4,species_multihead_no_enrichment,8,klebsiella_oxytoca,Klebsiella oxytoca,2,Azithromycin,0,0,0,,,
4,species_multihead_no_enrichment,8,klebsiella_oxytoca,Klebsiella oxytoca,3,Caspofungin,0,0,0,,,
4,species_multihead_no_enrichment,8,klebsiella_oxytoca,Klebsiella oxytoca,4,Cefepime,1,1,0,,,
4,species_multihead_no_enrichment,8,klebsiella_oxytoca,Klebsiella oxytoca,5,Ceftazidime,1274,1241,33,0.5661123727199473,0.6700485922887212,0.10393621956877386
4,species_multihead_no_enrichment,8,klebsiella_oxytoca,Klebsiella oxytoca,6,Ceftazidime-Avibactam,0,0,0,,,
4,species_multihead_no_enrichment,8,klebsiella_oxytoca,Klebsiella oxytoca,7,Ceftriaxone,889,862,27,0.46652917418578665,0.7812150897997765,0.31468591561398984
4,species_multihead_no_enrichment,8,klebsiella_oxytoca,Klebsiella oxytoca,8,Ciprofloxacin,1274,1242,32,0.5952974033816425,0.5947061191626408,-0.0005912842190016754
4,species_multihead_no_enrichment,8,klebsiella_oxytoca,Klebsiella oxytoca,9,Clarithromycin,0,0,0,,,
4,species_multihead_no_enrichment,8,klebsiella_oxytoca,Klebsiella oxytoca,10,Clindamycin,0,0,0,,,
4,species_multihead_no_enrichment,8,klebsiella_oxytoca,Klebsiella oxytoca,11,Cotrimoxazole,1274,1253,21,0.5500513054383764,0.44846653745296994,-0.1015847679854065
4,species_multihead_no_enrichment,8,klebsiella_oxytoca,Klebsiella oxytoca,12,Ertapenem,9,9,0,,,
4,species_multihead_no_enrichment,8,klebsiella_oxytoca,Klebsiella oxytoca,13,Erythromycin,0,0,0,,,
4,species_multihead_no_enrichment,8,klebsiella_oxytoca,Klebsiella oxytoca,14,Fosfomycin,274,195,79,0.5703992210321324,0.48688737422914635,-0.08351184680298601
4,species_multihead_no_enrichment,8,klebsiella_oxytoca,Klebsiella oxytoca,15,Fusidic acid,0,0,0,,,
4,species_multihead_no_enrichment,8,klebsiella_oxytoca,Klebsiella oxytoca,16,Gentamicin,1261,495,766,0.5731940818102698,0.6684706068518078,0.09527652504153805
4,species_multihead_no_enrichment,8,klebsiella_oxytoca,Klebsiella oxytoca,17,Imipenem,1274,1274,0,,,
4,species_multihead_no_enrichment,8,klebsiella_oxytoca,Klebsiella oxytoca,18,Levofloxacin,0,0,0,,,
4,species_multihead_no_enrichment,8,klebsiella_oxytoca,Klebsiella oxytoca,19,Linezolid,0,0,0,,,
4,species_multihead_no_enrichment,8,klebsiella_oxytoca,Klebsiella oxytoca,20,Meropenem,1272,1272,0,,,
4,species_multihead_no_enrichment,8,klebsiella_oxytoca,Klebsiella oxytoca,21,Moxifloxacin,926,846,80,0.4905141843971631,0.6239878841607565,0.13347369976359336
4,species_multihead_no_enrichment,8,klebsiella_oxytoca,Klebsiella oxytoca,22,Mupirocin,0,0,0,,,
4,species_multihead_no_enrichment,8,klebsiella_oxytoca,Klebsiella oxytoca,23,Nitrofurantoin,0,0,0,,,
4,species_multihead_no_enrichment,8,klebsiella_oxytoca,Klebsiella oxytoca,24,Oxacillin,0,0,0,,,
4,species_multihead_no_enrichment,8,klebsiella_oxytoca,Klebsiella oxytoca,25,Piperacillin,1,0,1,,,
4,species_multihead_no_enrichment,8,klebsiella_oxytoca,Klebsiella oxytoca,26,Piperacillin-Tazobactam,1274,954,320,0.4870283018867924,0.6733097484276729,0.18628144654088047
4,species_multihead_no_enrichment,8,klebsiella_oxytoca,Klebsiella oxytoca,27,Rifampicin,0,0,0,,,
4,species_multihead_no_enrichment,8,klebsiella_oxytoca,Klebsiella oxytoca,28,Teicoplanin,0,0,0,,,
4,species_multihead_no_enrichment,8,klebsiella_oxytoca,Klebsiella oxytoca,29,Tetracycline,0,0,0,,,
4,species_multihead_no_enrichment,8,klebsiella_oxytoca,Klebsiella oxytoca,30,Tigecycline,0,0,0,,,
4,species_multihead_no_enrichment,8,klebsiella_oxytoca,Klebsiella oxytoca,31,Tobramycin,1,1,0,,,
4,species_multihead_no_enrichment,8,klebsiella_oxytoca,Klebsiella oxytoca,32,Vancomycin,0,0,0,,,
4,species_multihead_no_enrichment,9,klebsiella_pneumoniae,Klebsiella pneumoniae,0,Amikacin,0,0,0,,,
4,species_multihead_no_enrichment,9,klebsiella_pneumoniae,Klebsiella pneumoniae,1,Ampicillin,3241,7,3234,0.5,0.8737520982418941,0.37375209824189415
4,species_multihead_no_enrichment,9,klebsiella_pneumoniae,Klebsiella pneumoniae,2,Azithromycin,0,0,0,,,
4,species_multihead_no_enrichment,9,klebsiella_pneumoniae,Klebsiella pneumoniae,3,Caspofungin,0,0,0,,,
4,species_multihead_no_enrichment,9,klebsiella_pneumoniae,Klebsiella pneumoniae,4,Cefepime,0,0,0,,,
4,species_multihead_no_enrichment,9,klebsiella_pneumoniae,Klebsiella pneumoniae,5,Ceftazidime,3239,2445,794,0.5168448949946687,0.8487379786022984,0.3318930836076297
4,species_multihead_no_enrichment,9,klebsiella_pneumoniae,Klebsiella pneumoniae,6,Ceftazidime-Avibactam,8,7,1,0.8571428571428572,1.0,0.1428571428571428
4,species_multihead_no_enrichment,9,klebsiella_pneumoniae,Klebsiella pneumoniae,7,Ceftriaxone,2113,1551,562,0.5192941759535232,0.8954485798394332,0.3761544038859099
4,species_multihead_no_enrichment,9,klebsiella_pneumoniae,Klebsiella pneumoniae,8,Ciprofloxacin,3240,2629,611,0.5594953430794256,0.8135317455623696,0.254036402482944
4,species_multihead_no_enrichment,9,klebsiella_pneumoniae,Klebsiella pneumoniae,9,Clarithromycin,0,0,0,,,
4,species_multihead_no_enrichment,9,klebsiella_pneumoniae,Klebsiella pneumoniae,10,Clindamycin,0,0,0,,,
4,species_multihead_no_enrichment,9,klebsiella_pneumoniae,Klebsiella pneumoniae,11,Cotrimoxazole,3237,2660,577,0.5387820721648141,0.7933917332325615,0.2546096610677474
4,species_multihead_no_enrichment,9,klebsiella_pneumoniae,Klebsiella pneumoniae,12,Ertapenem,204,185,19,0.6943100995732574,0.6782361308677097,-0.01607396870554767
4,species_multihead_no_enrichment,9,klebsiella_pneumoniae,Klebsiella pneumoniae,13,Erythromycin,0,0,0,,,
4,species_multihead_no_enrichment,9,klebsiella_pneumoniae,Klebsiella pneumoniae,14,Fosfomycin,863,616,247,0.48397654976602345,0.5027242494347757,0.018747699668752227
4,species_multihead_no_enrichment,9,klebsiella_pneumoniae,Klebsiella pneumoniae,15,Fusidic acid,0,0,0,,,
4,species_multihead_no_enrichment,9,klebsiella_pneumoniae,Klebsiella pneumoniae,16,Gentamicin,3212,1235,1977,0.46568349787741214,0.6565267786016928,0.1908432807242807
4,species_multihead_no_enrichment,9,klebsiella_pneumoniae,Klebsiella pneumoniae,17,Imipenem,3238,2976,262,0.6688084831322335,0.9329861538619388,0.2641776707297053
4,species_multihead_no_enrichment,9,klebsiella_pneumoniae,Klebsiella pneumoniae,18,Levofloxacin,0,0,0,,,
4,species_multihead_no_enrichment,9,klebsiella_pneumoniae,Klebsiella pneumoniae,19,Linezolid,0,0,0,,,
4,species_multihead_no_enrichment,9,klebsiella_pneumoniae,Klebsiella pneumoniae,20,Meropenem,3240,2977,263,0.6687921721793574,0.9355393887995544,0.26674721662019707
4,species_multihead_no_enrichment,9,klebsiella_pneumoniae,Klebsiella pneumoniae,21,Moxifloxacin,2131,1476,655,0.5359528538033472,0.8041405490390782,0.26818769523573094
4,species_multihead_no_enrichment,9,klebsiella_pneumoniae,Klebsiella pneumoniae,22,Mupirocin,0,0,0,,,
4,species_multihead_no_enrichment,9,klebsiella_pneumoniae,Klebsiella pneumoniae,23,Nitrofurantoin,0,0,0,,,
4,species_multihead_no_enrichment,9,klebsiella_pneumoniae,Klebsiella pneumoniae,24,Oxacillin,0,0,0,,,
4,species_multihead_no_enrichment,9,klebsiella_pneumoniae,Klebsiella pneumoniae,25,Piperacillin,0,0,0,,,
4,species_multihead_no_enrichment,9,klebsiella_pneumoniae,Klebsiella pneumoniae,26,Piperacillin-Tazobactam,3233,2142,1091,0.5245100178782175,0.7823241426115206,0.2578141247333031
4,species_multihead_no_enrichment,9,klebsiella_pneumoniae,Klebsiella pneumoniae,27,Rifampicin,0,0,0,,,
4,species_multihead_no_enrichment,9,klebsiella_pneumoniae,Klebsiella pneumoniae,28,Teicoplanin,0,0,0,,,
4,species_multihead_no_enrichment,9,klebsiella_pneumoniae,Klebsiella pneumoniae,29,Tetracycline,0,0,0,,,
4,species_multihead_no_enrichment,9,klebsiella_pneumoniae,Klebsiella pneumoniae,30,Tigecycline,0,0,0,,,
4,species_multihead_no_enrichment,9,klebsiella_pneumoniae,Klebsiella pneumoniae,31,Tobramycin,0,0,0,,,
4,species_multihead_no_enrichment,9,klebsiella_pneumoniae,Klebsiella pneumoniae,32,Vancomycin,0,0,0,,,
4,species_multihead_no_enrichment,10,morganella_morganii,Morganella morganii,0,Amikacin,1,1,0,,,
4,species_multihead_no_enrichment,10,morganella_morganii,Morganella morganii,1,Ampicillin,421,0,421,,,
4,species_multihead_no_enrichment,10,morganella_morganii,Morganella morganii,2,Azithromycin,0,0,0,,,
4,species_multihead_no_enrichment,10,morganella_morganii,Morganella morganii,3,Caspofungin,0,0,0,,,
4,species_multihead_no_enrichment,10,morganella_morganii,Morganella morganii,4,Cefepime,1,0,1,,,
4,species_multihead_no_enrichment,10,morganella_morganii,Morganella morganii,5,Ceftazidime,423,319,104,0.5103538702676634,0.5562002652519894,0.04584639498432597
4,species_multihead_no_enrichment,10,morganella_morganii,Morganella morganii,6,Ceftazidime-Avibactam,0,0,0,,,
4,species_multihead_no_enrichment,10,morganella_morganii,Morganella morganii,7,Ceftriaxone,275,204,71,0.5495028997514498,0.6063932615299641,0.05689036177851425
4,species_multihead_no_enrichment,10,morganella_morganii,Morganella morganii,8,Ciprofloxacin,423,386,37,0.6290085422209775,0.5572048732670494,-0.07180366895392809
4,species_multihead_no_enrichment,10,morganella_morganii,Morganella morganii,9,Clarithromycin,0,0,0,,,
4,species_multihead_no_enrichment,10,morganella_morganii,Morganella morganii,10,Clindamycin,0,0,0,,,
4,species_multihead_no_enrichment,10,morganella_morganii,Morganella morganii,11,Cotrimoxazole,423,392,31,0.5052254772876893,0.5237409479921,0.01851547070441073
4,species_multihead_no_enrichment,10,morganella_morganii,Morganella morganii,12,Ertapenem,2,2,0,,,
4,species_multihead_no_enrichment,10,morganella_morganii,Morganella morganii,13,Erythromycin,0,0,0,,,
4,species_multihead_no_enrichment,10,morganella_morganii,Morganella morganii,14,Fosfomycin,115,0,115,,,
4,species_multihead_no_enrichment,10,morganella_morganii,Morganella morganii,15,Fusidic acid,0,0,0,,,
4,species_multihead_no_enrichment,10,morganella_morganii,Morganella morganii,16,Gentamicin,420,148,272,0.49044862877583467,0.7140177861685214,0.22356915739268673
4,species_multihead_no_enrichment,10,morganella_morganii,Morganella morganii,17,Imipenem,410,2,408,0.9050245098039216,0.052083333333333336,-0.8529411764705882
4,species_multihead_no_enrichment,10,morganella_morganii,Morganella morganii,18,Levofloxacin,0,0,0,,,
4,species_multihead_no_enrichment,10,morganella_morganii,Morganella morganii,19,Linezolid,0,0,0,,,
4,species_multihead_no_enrichment,10,morganella_morganii,Morganella morganii,20,Meropenem,422,420,2,0.5464285714285715,0.4446428571428572,-0.10178571428571431
4,species_multihead_no_enrichment,10,morganella_morganii,Morganella morganii,21,Moxifloxacin,281,210,71,0.5720321931589537,0.625553319919517,0.05352112676056331
4,species_multihead_no_enrichment,10,morganella_morganii,Morganella morganii,22,Mupirocin,0,0,0,,,
4,species_multihead_no_enrichment,10,morganella_morganii,Morganella morganii,23,Nitrofurantoin,5,0,5,,,
4,species_multihead_no_enrichment,10,morganella_morganii,Morganella morganii,24,Oxacillin,0,0,0,,,
4,species_multihead_no_enrichment,10,morganella_morganii,Morganella morganii,25,Piperacillin,1,0,1,,,
4,species_multihead_no_enrichment,10,morganella_morganii,Morganella morganii,26,Piperacillin-Tazobactam,422,319,103,0.5087804729585781,0.566287244727151,0.057506771768572884
4,species_multihead_no_enrichment,10,morganella_morganii,Morganella morganii,27,Rifampicin,0,0,0,,,
4,species_multihead_no_enrichment,10,morganella_morganii,Morganella morganii,28,Teicoplanin,0,0,0,,,
4,species_multihead_no_enrichment,10,morganella_morganii,Morganella morganii,29,Tetracycline,0,0,0,,,
4,species_multihead_no_enrichment,10,morganella_morganii,Morganella morganii,30,Tigecycline,0,0,0,,,
4,species_multihead_no_enrichment,10,morganella_morganii,Morganella morganii,31,Tobramycin,2,0,2,,,
4,species_multihead_no_enrichment,10,morganella_morganii,Morganella morganii,32,Vancomycin,0,0,0,,,
4,species_multihead_no_enrichment,11,proteus_mirabilis,Proteus mirabilis,0,Amikacin,1,1,0,,,
4,species_multihead_no_enrichment,11,proteus_mirabilis,Proteus mirabilis,1,Ampicillin,2011,1397,614,0.5031739721459898,0.5310413892962818,0.02786741715029195
4,species_multihead_no_enrichment,11,proteus_mirabilis,Proteus mirabilis,2,Azithromycin,0,0,0,,,
4,species_multihead_no_enrichment,11,proteus_mirabilis,Proteus mirabilis,3,Caspofungin,0,0,0,,,
4,species_multihead_no_enrichment,11,proteus_mirabilis,Proteus mirabilis,4,Cefepime,1,1,0,,,
4,species_multihead_no_enrichment,11,proteus_mirabilis,Proteus mirabilis,5,Ceftazidime,2012,1985,27,0.556731038343129,0.543129023229779,-0.013602015113350019
4,species_multihead_no_enrichment,11,proteus_mirabilis,Proteus mirabilis,6,Ceftazidime-Avibactam,0,0,0,,,
4,species_multihead_no_enrichment,11,proteus_mirabilis,Proteus mirabilis,7,Ceftriaxone,1065,1061,4,0.5789349670122526,0.7737983034872762,0.19486333647502363
4,species_multihead_no_enrichment,11,proteus_mirabilis,Proteus mirabilis,8,Ciprofloxacin,2012,1730,282,0.5778696757266428,0.5411429508465543,-0.036726724880088546
4,species_multihead_no_enrichment,11,proteus_mirabilis,Proteus mirabilis,9,Clarithromycin,0,0,0,,,
4,species_multihead_no_enrichment,11,proteus_mirabilis,Proteus mirabilis,10,Clindamycin,0,0,0,,,
4,species_multihead_no_enrichment,11,proteus_mirabilis,Proteus mirabilis,11,Cotrimoxazole,2012,1339,673,0.5060711515435329,0.5458221577611644,0.0397510062176315
4,species_multihead_no_enrichment,11,proteus_mirabilis,Proteus mirabilis,12,Ertapenem,6,6,0,,,
4,species_multihead_no_enrichment,11,proteus_mirabilis,Proteus mirabilis,13,Erythromycin,0,0,0,,,
4,species_multihead_no_enrichment,11,proteus_mirabilis,Proteus mirabilis,14,Fosfomycin,719,580,139,0.49539816422723887,0.4302282312081369,-0.06516993301910196
4,species_multihead_no_enrichment,11,proteus_mirabilis,Proteus mirabilis,15,Fusidic acid,0,0,0,,,
4,species_multihead_no_enrichment,11,proteus_mirabilis,Proteus mirabilis,16,Gentamicin,1997,682,1315,0.4415179019435122,0.6692645205891864,0.2277466186456742
4,species_multihead_no_enrichment,11,proteus_mirabilis,Proteus mirabilis,17,Imipenem,1948,0,1948,,,
4,species_multihead_no_enrichment,11,proteus_mirabilis,Proteus mirabilis,18,Levofloxacin,0,0,0,,,
4,species_multihead_no_enrichment,11,proteus_mirabilis,Proteus mirabilis,19,Linezolid,0,0,0,,,
4,species_multihead_no_enrichment,11,proteus_mirabilis,Proteus mirabilis,20,Meropenem,2011,2010,1,0.9888059701492536,0.9298507462686567,-0.05895522388059693
4,species_multihead_no_enrichment,11,proteus_mirabilis,Proteus mirabilis,21,Moxifloxacin,1120,450,670,0.5419917081260365,0.5305903814262023,-0.01140132669983418
4,species_multihead_no_enrichment,11,proteus_mirabilis,Proteus mirabilis,22,Mupirocin,0,0,0,,,
4,species_multihead_no_enrichment,11,proteus_mirabilis,Proteus mirabilis,23,Nitrofurantoin,41,1,40,0.5,0.2375,-0.2625
4,species_multihead_no_enrichment,11,proteus_mirabilis,Proteus mirabilis,24,Oxacillin,0,0,0,,,
4,species_multihead_no_enrichment,11,proteus_mirabilis,Proteus mirabilis,25,Piperacillin,1,0,1,,,
4,species_multihead_no_enrichment,11,proteus_mirabilis,Proteus mirabilis,26,Piperacillin-Tazobactam,1997,1970,27,0.49742432788118063,0.42415867644294036,-0.07326565143824026
4,species_multihead_no_enrichment,11,proteus_mirabilis,Proteus mirabilis,27,Rifampicin,0,0,0,,,
4,species_multihead_no_enrichment,11,proteus_mirabilis,Proteus mirabilis,28,Teicoplanin,0,0,0,,,
4,species_multihead_no_enrichment,11,proteus_mirabilis,Proteus mirabilis,29,Tetracycline,0,0,0,,,
4,species_multihead_no_enrichment,11,proteus_mirabilis,Proteus mirabilis,30,Tigecycline,0,0,0,,,
4,species_multihead_no_enrichment,11,proteus_mirabilis,Proteus mirabilis,31,Tobramycin,1,1,0,,,
4,species_multihead_no_enrichment,11,proteus_mirabilis,Proteus mirabilis,32,Vancomycin,0,0,0,,,
4,species_multihead_no_enrichment,12,proteus_vulgaris,Proteus vulgaris,0,Amikacin,0,0,0,,,
4,species_multihead_no_enrichment,12,proteus_vulgaris,Proteus vulgaris,1,Ampicillin,380,5,375,0.5,0.5,0.0
4,species_multihead_no_enrichment,12,proteus_vulgaris,Proteus vulgaris,2,Azithromycin,0,0,0,,,
4,species_multihead_no_enrichment,12,proteus_vulgaris,Proteus vulgaris,3,Caspofungin,0,0,0,,,
4,species_multihead_no_enrichment,12,proteus_vulgaris,Proteus vulgaris,4,Cefepime,0,0,0,,,
4,species_multihead_no_enrichment,12,proteus_vulgaris,Proteus vulgaris,5,Ceftazidime,379,365,14,0.338160469667319,0.5030332681017613,0.1648727984344423
4,species_multihead_no_enrichment,12,proteus_vulgaris,Proteus vulgaris,6,Ceftazidime-Avibactam,0,0,0,,,
4,species_multihead_no_enrichment,12,proteus_vulgaris,Proteus vulgaris,7,Ceftriaxone,264,262,2,0.23282442748091603,0.5553435114503816,0.3225190839694656
4,species_multihead_no_enrichment,12,proteus_vulgaris,Proteus vulgaris,8,Ciprofloxacin,380,376,4,0.4032579787234043,0.41855053191489366,0.015292553191489366
4,species_multihead_no_enrichment,12,proteus_vulgaris,Proteus vulgaris,9,Clarithromycin,0,0,0,,,
4,species_multihead_no_enrichment,12,proteus_vulgaris,Proteus vulgaris,10,Clindamycin,0,0,0,,,
4,species_multihead_no_enrichment,12,proteus_vulgaris,Proteus vulgaris,11,Cotrimoxazole,379,334,45,0.4806719893546241,0.4830671989354624,0.002395209580838331
4,species_multihead_no_enrichment,12,proteus_vulgaris,Proteus vulgaris,12,Ertapenem,4,4,0,,,
4,species_multihead_no_enrichment,12,proteus_vulgaris,Proteus vulgaris,13,Erythromycin,0,0,0,,,
4,species_multihead_no_enrichment,12,proteus_vulgaris,Proteus vulgaris,14,Fosfomycin,74,71,3,0.6338028169014084,0.21361502347417835,-0.42018779342723
4,species_multihead_no_enrichment,12,proteus_vulgaris,Proteus vulgaris,15,Fusidic acid,0,0,0,,,
4,species_multihead_no_enrichment,12,proteus_vulgaris,Proteus vulgaris,16,Gentamicin,380,139,241,0.45164034747305887,0.6620048359652527,0.21036448849219386
4,species_multihead_no_enrichment,12,proteus_vulgaris,Proteus vulgaris,17,Imipenem,370,0,370,,,
4,species_multihead_no_enrichment,12,proteus_vulgaris,Proteus vulgaris,18,Levofloxacin,0,0,0,,,
4,species_multihead_no_enrichment,12,proteus_vulgaris,Proteus vulgaris,19,Linezolid,0,0,0,,,
4,species_multihead_no_enrichment,12,proteus_vulgaris,Proteus vulgaris,20,Meropenem,379,379,0,,,
4,species_multihead_no_enrichment,12,proteus_vulgaris,Proteus vulgaris,21,Moxifloxacin,288,135,153,0.5333333333333332,0.48286129266521427,-0.050472040668118945
4,species_multihead_no_enrichment,12,proteus_vulgaris,Proteus vulgaris,22,Mupirocin,0,0,0,,,
4,species_multihead_no_enrichment,12,proteus_vulgaris,Proteus vulgaris,23,Nitrofurantoin,6,0,6,,,
4,species_multihead_no_enrichment,12,proteus_vulgaris,Proteus vulgaris,24,Oxacillin,0,0,0,,,
4,species_multihead_no_enrichment,12,proteus_vulgaris,Proteus vulgaris,25,Piperacillin,0,0,0,,,
4,species_multihead_no_enrichment,12,proteus_vulgaris,Proteus vulgaris,26,Piperacillin-Tazobactam,378,370,8,0.2304054054054054,0.5266891891891892,0.2962837837837837
4,species_multihead_no_enrichment,12,proteus_vulgaris,Proteus vulgaris,27,Rifampicin,0,0,0,,,
4,species_multihead_no_enrichment,12,proteus_vulgaris,Proteus vulgaris,28,Teicoplanin,0,0,0,,,
4,species_multihead_no_enrichment,12,proteus_vulgaris,Proteus vulgaris,29,Tetracycline,0,0,0,,,
4,species_multihead_no_enrichment,12,proteus_vulgaris,Proteus vulgaris,30,Tigecycline,0,0,0,,,
4,species_multihead_no_enrichment,12,proteus_vulgaris,Proteus vulgaris,31,Tobramycin,0,0,0,,,
4,species_multihead_no_enrichment,12,proteus_vulgaris,Proteus vulgaris,32,Vancomycin,0,0,0,,,
4,species_multihead_no_enrichment,13,pseudomonas_aeruginosa,Pseudomonas aeruginosa,0,Amikacin,3233,1208,2025,0.37590098928951027,0.9340716212901644,0.5581706320006541
4,species_multihead_no_enrichment,13,pseudomonas_aeruginosa,Pseudomonas aeruginosa,1,Ampicillin,167,0,167,,,
4,species_multihead_no_enrichment,13,pseudomonas_aeruginosa,Pseudomonas aeruginosa,2,Azithromycin,0,0,0,,,
4,species_multihead_no_enrichment,13,pseudomonas_aeruginosa,Pseudomonas aeruginosa,3,Caspofungin,0,0,0,,,
4,species_multihead_no_enrichment,13,pseudomonas_aeruginosa,Pseudomonas aeruginosa,4,Cefepime,3258,2,3256,0.499539312039312,0.48203316953316955,-0.017506142506142464
4,species_multihead_no_enrichment,13,pseudomonas_aeruginosa,Pseudomonas aeruginosa,5,Ceftazidime,3410,0,3410,,,
4,species_multihead_no_enrichment,13,pseudomonas_aeruginosa,Pseudomonas aeruginosa,6,Ceftazidime-Avibactam,114,78,36,0.4934116809116809,0.4667022792022792,-0.026709401709401726
4,species_multihead_no_enrichment,13,pseudomonas_aeruginosa,Pseudomonas aeruginosa,7,Ceftriaxone,1,0,1,,,
4,species_multihead_no_enrichment,13,pseudomonas_aeruginosa,Pseudomonas aeruginosa,8,Ciprofloxacin,3410,1,3409,0.4633323555294808,0.7616603109416251,0.2983279554121443
4,species_multihead_no_enrichment,13,pseudomonas_aeruginosa,Pseudomonas aeruginosa,9,Clarithromycin,0,0,0,,,
4,species_multihead_no_enrichment,13,pseudomonas_aeruginosa,Pseudomonas aeruginosa,10,Clindamycin,0,0,0,,,
4,species_multihead_no_enrichment,13,pseudomonas_aeruginosa,Pseudomonas aeruginosa,11,Cotrimoxazole,3406,0,3406,,,
4,species_multihead_no_enrichment,13,pseudomonas_aeruginosa,Pseudomonas aeruginosa,12,Ertapenem,0,0,0,,,
4,species_multihead_no_enrichment,13,pseudomonas_aeruginosa,Pseudomonas aeruginosa,13,Erythromycin,0,0,0,,,
4,species_multihead_no_enrichment,13,pseudomonas_aeruginosa,Pseudomonas aeruginosa,14,Fosfomycin,0,0,0,,,
4,species_multihead_no_enrichment,13,pseudomonas_aeruginosa,Pseudomonas aeruginosa,15,Fusidic acid,0,0,0,,,
4,species_multihead_no_enrichment,13,pseudomonas_aeruginosa,Pseudomonas aeruginosa,16,Gentamicin,2110,0,2110,,,
4,species_multihead_no_enrichment,13,pseudomonas_aeruginosa,Pseudomonas aeruginosa,17,Imipenem,3396,1,3395,0.30633284241531666,0.832842415316642,0.5265095729013254
4,species_multihead_no_enrichment,13,pseudomonas_aeruginosa,Pseudomonas aeruginosa,18,Levofloxacin,0,0,0,,,
4,species_multihead_no_enrichment,13,pseudomonas_aeruginosa,Pseudomonas aeruginosa,19,Linezolid,1,1,0,,,
4,species_multihead_no_enrichment,13,pseudomonas_aeruginosa,Pseudomonas aeruginosa,20,Meropenem,3405,2470,935,0.4643640260668125,0.5352848080711858,0.07092078200437335
4,species_multihead_no_enrichment,13,pseudomonas_aeruginosa,Pseudomonas aeruginosa,21,Moxifloxacin,172,0,172,,,
4,species_multihead_no_enrichment,13,pseudomonas_aeruginosa,Pseudomonas aeruginosa,22,Mupirocin,0,0,0,,,
4,species_multihead_no_enrichment,13,pseudomonas_aeruginosa,Pseudomonas aeruginosa,23,Nitrofurantoin,162,0,162,,,
4,species_multihead_no_enrichment,13,pseudomonas_aeruginosa,Pseudomonas aeruginosa,24,Oxacillin,0,0,0,,,
4,species_multihead_no_enrichment,13,pseudomonas_aeruginosa,Pseudomonas aeruginosa,25,Piperacillin,3232,0,3232,,,
4,species_multihead_no_enrichment,13,pseudomonas_aeruginosa,Pseudomonas aeruginosa,26,Piperacillin-Tazobactam,3376,0,3376,,,
4,species_multihead_no_enrichment,13,pseudomonas_aeruginosa,Pseudomonas aeruginosa,27,Rifampicin,0,0,0,,,
4,species_multihead_no_enrichment,13,pseudomonas_aeruginosa,Pseudomonas aeruginosa,28,Teicoplanin,0,0,0,,,
4,species_multihead_no_enrichment,13,pseudomonas_aeruginosa,Pseudomonas aeruginosa,29,Tetracycline,0,0,0,,,
4,species_multihead_no_enrichment,13,pseudomonas_aeruginosa,Pseudomonas aeruginosa,30,Tigecycline,2,1,1,1.0,0.0,-1.0
4,species_multihead_no_enrichment,13,pseudomonas_aeruginosa,Pseudomonas aeruginosa,31,Tobramycin,3245,1211,2034,0.3676593695776264,0.935862224917931,0.5682028553403047
4,species_multihead_no_enrichment,13,pseudomonas_aeruginosa,Pseudomonas aeruginosa,32,Vancomycin,1,0,1,,,
4,species_multihead_no_enrichment,14,serratia_marcescens,Serratia marcescens,0,Amikacin,0,0,0,,,
4,species_multihead_no_enrichment,14,serratia_marcescens,Serratia marcescens,1,Ampicillin,832,6,826,0.5,0.4993946731234867,-0.0006053268765133235
4,species_multihead_no_enrichment,14,serratia_marcescens,Serratia marcescens,2,Azithromycin,0,0,0,,,
4,species_multihead_no_enrichment,14,serratia_marcescens,Serratia marcescens,3,Caspofungin,0,0,0,,,
4,species_multihead_no_enrichment,14,serratia_marcescens,Serratia marcescens,4,Cefepime,0,0,0,,,
4,species_multihead_no_enrichment,14,serratia_marcescens,Serratia marcescens,5,Ceftazidime,832,759,73,0.5724186474633169,0.6864385366469941,0.11401988918367711
4,species_multihead_no_enrichment,14,serratia_marcescens,Serratia marcescens,6,Ceftazidime-Avibactam,0,0,0,,,
4,species_multihead_no_enrichment,14,serratia_marcescens,Serratia marcescens,7,Ceftriaxone,693,634,59,0.524594984761803,0.7162754638293323,0.19168047906752927
4,species_multihead_no_enrichment,14,serratia_marcescens,Serratia marcescens,8,Ciprofloxacin,831,790,41,0.5175517134918184,0.4133683235566533,-0.10418338993516507
4,species_multihead_no_enrichment,14,serratia_marcescens,Serratia marcescens,9,Clarithromycin,0,0,0,,,
4,species_multihead_no_enrichment,14,serratia_marcescens,Serratia marcescens,10,Clindamycin,0,0,0,,,
4,species_multihead_no_enrichment,14,serratia_marcescens,Serratia marcescens,11,Cotrimoxazole,831,823,8,0.6400364520048603,0.5184538274605104,-0.12158262454434987
4,species_multihead_no_enrichment,14,serratia_marcescens,Serratia marcescens,12,Ertapenem,2,2,0,,,
4,species_multihead_no_enrichment,14,serratia_marcescens,Serratia marcescens,13,Erythromycin,0,0,0,,,
4,species_multihead_no_enrichment,14,serratia_marcescens,Serratia marcescens,14,Fosfomycin,104,85,19,0.48606811145510836,0.5659442724458204,0.07987616099071199
4,species_multihead_no_enrichment,14,serratia_marcescens,Serratia marcescens,15,Fusidic acid,0,0,0,,,
4,species_multihead_no_enrichment,14,serratia_marcescens,Serratia marcescens,16,Gentamicin,829,309,520,0.4300690814040329,0.6309092606422704,0.2008401792382375
4,species_multihead_no_enrichment,14,serratia_marcescens,Serratia marcescens,17,Imipenem,831,796,35,0.4957645369705671,0.810534816941852,0.3147702799712849
4,species_multihead_no_enrichment,14,serratia_marcescens,Serratia marcescens,18,Levofloxacin,0,0,0,,,
4,species_multihead_no_enrichment,14,serratia_marcescens,Serratia marcescens,19,Linezolid,0,0,0,,,
4,species_multihead_no_enrichment,14,serratia_marcescens,Serratia marcescens,20,Meropenem,831,830,1,0.6686746987951807,0.9903614457831326,0.32168674698795185
4,species_multihead_no_enrichment,14,serratia_marcescens,Serratia marcescens,21,Moxifloxacin,708,317,391,0.4484900804376064,0.47497317401792705,0.026483093580320638
4,species_multihead_no_enrichment,14,serratia_marcescens,Serratia marcescens,22,Mupirocin,0,0,0,,,
4,species_multihead_no_enrichment,14,serratia_marcescens,Serratia marcescens,23,Nitrofurantoin,4,0,4,,,
4,species_multihead_no_enrichment,14,serratia_marcescens,Serratia marcescens,24,Oxacillin,0,0,0,,,
4,species_multihead_no_enrichment,14,serratia_marcescens,Serratia marcescens,25,Piperacillin,0,0,0,,,
4,species_multihead_no_enrichment,14,serratia_marcescens,Serratia marcescens,26,Piperacillin-Tazobactam,831,752,79,0.5538143011042285,0.6557113520064637,0.10189705090223522
4,species_multihead_no_enrichment,14,serratia_marcescens,Serratia marcescens,27,Rifampicin,0,0,0,,,
4,species_multihead_no_enrichment,14,serratia_marcescens,Serratia marcescens,28,Teicoplanin,0,0,0,,,
4,species_multihead_no_enrichment,14,serratia_marcescens,Serratia marcescens,29,Tetracycline,0,0,0,,,
4,species_multihead_no_enrichment,14,serratia_marcescens,Serratia marcescens,30,Tigecycline,0,0,0,,,
4,species_multihead_no_enrichment,14,serratia_marcescens,Serratia marcescens,31,Tobramycin,0,0,0,,,
4,species_multihead_no_enrichment,14,serratia_marcescens,Serratia marcescens,32,Vancomycin,0,0,0,,,
4,species_multihead_no_enrichment,15,staphylococcus_aureus,Staphylococcus aureus,0,Amikacin,0,0,0,,,
4,species_multihead_no_enrichment,15,staphylococcus_aureus,Staphylococcus aureus,1,Ampicillin,0,0,0,,,
4,species_multihead_no_enrichment,15,staphylococcus_aureus,Staphylococcus aureus,2,Azithromycin,0,0,0,,,
4,species_multihead_no_enrichment,15,staphylococcus_aureus,Staphylococcus aureus,3,Caspofungin,0,0,0,,,
4,species_multihead_no_enrichment,15,staphylococcus_aureus,Staphylococcus aureus,4,Cefepime,0,0,0,,,
4,species_multihead_no_enrichment,15,staphylococcus_aureus,Staphylococcus aureus,5,Ceftazidime,0,0,0,,,
4,species_multihead_no_enrichment,15,staphylococcus_aureus,Staphylococcus aureus,6,Ceftazidime-Avibactam,0,0,0,,,
4,species_multihead_no_enrichment,15,staphylococcus_aureus,Staphylococcus aureus,7,Ceftriaxone,0,0,0,,,
4,species_multihead_no_enrichment,15,staphylococcus_aureus,Staphylococcus aureus,8,Ciprofloxacin,0,0,0,,,
4,species_multihead_no_enrichment,15,staphylococcus_aureus,Staphylococcus aureus,9,Clarithromycin,0,0,0,,,
4,species_multihead_no_enrichment,15,staphylococcus_aureus,Staphylococcus aureus,10,Clindamycin,6004,4894,1110,0.5394327306464617,0.6350367429137351,0.09560401226727344
4,species_multihead_no_enrichment,15,staphylococcus_aureus,Staphylococcus aureus,11,Cotrimoxazole,6004,5864,140,0.5120066751120638,0.6174898898850126,0.10548321477294886
4,species_multihead_no_enrichment,15,staphylococcus_aureus,Staphylococcus aureus,12,Ertapenem,0,0,0,,,
4,species_multihead_no_enrichment,15,staphylococcus_aureus,Staphylococcus aureus,13,Erythromycin,5999,4816,1183,0.5561803708685897,0.6240106765838301,0.0678303057152404
4,species_multihead_no_enrichment,15,staphylococcus_aureus,Staphylococcus aureus,14,Fosfomycin,6003,5935,68,0.6658370087714951,0.7344045790177908,0.06856757024629567
4,species_multihead_no_enrichment,15,staphylococcus_aureus,Staphylococcus aureus,15,Fusidic acid,214,192,22,0.5372869318181818,0.5336174242424242,-0.003669507575757569
4,species_multihead_no_enrichment,15,staphylococcus_aureus,Staphylococcus aureus,16,Gentamicin,6004,5911,93,0.5711085401192966,0.6087638683482408,0.03765532822894424
4,species_multihead_no_enrichment,15,staphylococcus_aureus,Staphylococcus aureus,17,Imipenem,0,0,0,,,
4,species_multihead_no_enrichment,15,staphylococcus_aureus,Staphylococcus aureus,18,Levofloxacin,6005,2934,3071,0.5582820421130718,0.887787761891539,0.3295057197784672
4,species_multihead_no_enrichment,15,staphylococcus_aureus,Staphylococcus aureus,19,Linezolid,6003,6000,3,0.41044444444444445,0.7777499999999999,0.3673055555555555
4,species_multihead_no_enrichment,15,staphylococcus_aureus,Staphylococcus aureus,20,Meropenem,0,0,0,,,
4,species_multihead_no_enrichment,15,staphylococcus_aureus,Staphylococcus aureus,21,Moxifloxacin,35,33,2,0.5454545454545454,0.7424242424242424,0.19696969696969702
4,species_multihead_no_enrichment,15,staphylococcus_aureus,Staphylococcus aureus,22,Mupirocin,835,810,25,0.70679012345679,0.5774320987654321,-0.12935802469135793
4,species_multihead_no_enrichment,15,staphylococcus_aureus,Staphylococcus aureus,23,Nitrofurantoin,0,0,0,,,
4,species_multihead_no_enrichment,15,staphylococcus_aureus,Staphylococcus aureus,24,Oxacillin,5998,4905,1093,0.7364763069220963,0.8749409876398134,0.13846468071771711
4,species_multihead_no_enrichment,15,staphylococcus_aureus,Staphylococcus aureus,25,Piperacillin,0,0,0,,,
4,species_multihead_no_enrichment,15,staphylococcus_aureus,Staphylococcus aureus,26,Piperacillin-Tazobactam,0,0,0,,,
4,species_multihead_no_enrichment,15,staphylococcus_aureus,Staphylococcus aureus,27,Rifampicin,5997,5966,31,0.53514809728245,0.5577844343754395,0.0226363370929894
4,species_multihead_no_enrichment,15,staphylococcus_aureus,Staphylococcus aureus,28,Teicoplanin,0,0,0,,,
4,species_multihead_no_enrichment,15,staphylococcus_aureus,Staphylococcus aureus,29,Tetracycline,6001,5645,356,0.5508322468924473,0.5764990396194306,0.025666792726983356
4,species_multihead_no_enrichment,15,staphylococcus_aureus,Staphylococcus aureus,30,Tigecycline,5987,5984,3,0.5159592245989304,0.6961619875222815,0.18020276292335113
4,species_multihead_no_enrichment,15,staphylococcus_aureus,Staphylococcus aureus,31,Tobramycin,0,0,0,,,
4,species_multihead_no_enrichment,15,staphylococcus_aureus,Staphylococcus aureus,32,Vancomycin,6001,5997,4,0.8131565782891446,0.9153326663331667,0.10217608804402212
4,species_multihead_no_enrichment,16,staphylococcus_capitis,Staphylococcus capitis,0,Amikacin,0,0,0,,,
4,species_multihead_no_enrichment,16,staphylococcus_capitis,Staphylococcus capitis,1,Ampicillin,0,0,0,,,
4,species_multihead_no_enrichment,16,staphylococcus_capitis,Staphylococcus capitis,2,Azithromycin,0,0,0,,,
4,species_multihead_no_enrichment,16,staphylococcus_capitis,Staphylococcus capitis,3,Caspofungin,0,0,0,,,
4,species_multihead_no_enrichment,16,staphylococcus_capitis,Staphylococcus capitis,4,Cefepime,0,0,0,,,
4,species_multihead_no_enrichment,16,staphylococcus_capitis,Staphylococcus capitis,5,Ceftazidime,0,0,0,,,
4,species_multihead_no_enrichment,16,staphylococcus_capitis,Staphylococcus capitis,6,Ceftazidime-Avibactam,0,0,0,,,
4,species_multihead_no_enrichment,16,staphylococcus_capitis,Staphylococcus capitis,7,Ceftriaxone,0,0,0,,,
4,species_multihead_no_enrichment,16,staphylococcus_capitis,Staphylococcus capitis,8,Ciprofloxacin,0,0,0,,,
4,species_multihead_no_enrichment,16,staphylococcus_capitis,Staphylococcus capitis,9,Clarithromycin,0,0,0,,,
4,species_multihead_no_enrichment,16,staphylococcus_capitis,Staphylococcus capitis,10,Clindamycin,411,329,82,0.5083771962339684,0.559177848617392,0.05080065238342357
4,species_multihead_no_enrichment,16,staphylococcus_capitis,Staphylococcus capitis,11,Cotrimoxazole,404,399,5,0.4832080200501253,0.4298245614035088,-0.05338345864661653
4,species_multihead_no_enrichment,16,staphylococcus_capitis,Staphylococcus capitis,12,Ertapenem,0,0,0,,,
4,species_multihead_no_enrichment,16,staphylococcus_capitis,Staphylococcus capitis,13,Erythromycin,414,336,78,0.47979624542124544,0.5745383089133089,0.09474206349206349
4,species_multihead_no_enrichment,16,staphylococcus_capitis,Staphylococcus capitis,14,Fosfomycin,400,0,400,,,
4,species_multihead_no_enrichment,16,staphylococcus_capitis,Staphylococcus capitis,15,Fusidic acid,1,0,1,,,
4,species_multihead_no_enrichment,16,staphylococcus_capitis,Staphylococcus capitis,16,Gentamicin,402,373,29,0.4028381251733383,0.5642044929277987,0.16136636775446045
4,species_multihead_no_enrichment,16,staphylococcus_capitis,Staphylococcus capitis,17,Imipenem,0,0,0,,,
4,species_multihead_no_enrichment,16,staphylococcus_capitis,Staphylococcus capitis,18,Levofloxacin,402,240,162,0.44389146090534976,0.6539094650205761,0.21001800411522636
4,species_multihead_no_enrichment,16,staphylococcus_capitis,Staphylococcus capitis,19,Linezolid,403,403,0,,,
4,species_multihead_no_enrichment,16,staphylococcus_capitis,Staphylococcus capitis,20,Meropenem,0,0,0,,,
4,species_multihead_no_enrichment,16,staphylococcus_capitis,Staphylococcus capitis,21,Moxifloxacin,1,1,0,,,
4,species_multihead_no_enrichment,16,staphylococcus_capitis,Staphylococcus capitis,22,Mupirocin,0,0,0,,,
4,species_multihead_no_enrichment,16,staphylococcus_capitis,Staphylococcus capitis,23,Nitrofurantoin,0,0,0,,,
4,species_multihead_no_enrichment,16,staphylococcus_capitis,Staphylococcus capitis,24,Oxacillin,413,296,117,0.4780549780549781,0.6518393393393394,0.17378436128436126
4,species_multihead_no_enrichment,16,staphylococcus_capitis,Staphylococcus capitis,25,Piperacillin,0,0,0,,,
4,species_multihead_no_enrichment,16,staphylococcus_capitis,Staphylococcus capitis,26,Piperacillin-Tazobactam,0,0,0,,,
4,species_multihead_no_enrichment,16,staphylococcus_capitis,Staphylococcus capitis,27,Rifampicin,399,397,2,0.7928211586901763,0.20780856423173802,-0.5850125944584383
4,species_multihead_no_enrichment,16,staphylococcus_capitis,Staphylococcus capitis,28,Teicoplanin,0,0,0,,,
4,species_multihead_no_enrichment,16,staphylococcus_capitis,Staphylococcus capitis,29,Tetracycline,402,349,53,0.44853219440990433,0.6415905281937613,0.19305833378385695
4,species_multihead_no_enrichment,16,staphylococcus_capitis,Staphylococcus capitis,30,Tigecycline,402,402,0,,,
4,species_multihead_no_enrichment,16,staphylococcus_capitis,Staphylococcus capitis,31,Tobramycin,0,0,0,,,
4,species_multihead_no_enrichment,16,staphylococcus_capitis,Staphylococcus capitis,32,Vancomycin,404,404,0,,,
4,species_multihead_no_enrichment,17,staphylococcus_epidermidis,Staphylococcus epidermidis,0,Amikacin,0,0,0,,,
4,species_multihead_no_enrichment,17,staphylococcus_epidermidis,Staphylococcus epidermidis,1,Ampicillin,1,0,1,,,
4,species_multihead_no_enrichment,17,staphylococcus_epidermidis,Staphylococcus epidermidis,2,Azithromycin,0,0,0,,,
4,species_multihead_no_enrichment,17,staphylococcus_epidermidis,Staphylococcus epidermidis,3,Caspofungin,0,0,0,,,
4,species_multihead_no_enrichment,17,staphylococcus_epidermidis,Staphylococcus epidermidis,4,Cefepime,0,0,0,,,
4,species_multihead_no_enrichment,17,staphylococcus_epidermidis,Staphylococcus epidermidis,5,Ceftazidime,1,1,0,,,
4,species_multihead_no_enrichment,17,staphylococcus_epidermidis,Staphylococcus epidermidis,6,Ceftazidime-Avibactam,0,0,0,,,
4,species_multihead_no_enrichment,17,staphylococcus_epidermidis,Staphylococcus epidermidis,7,Ceftriaxone,1,1,0,,,
4,species_multihead_no_enrichment,17,staphylococcus_epidermidis,Staphylococcus epidermidis,8,Ciprofloxacin,1,1,0,,,
4,species_multihead_no_enrichment,17,staphylococcus_epidermidis,Staphylococcus epidermidis,9,Clarithromycin,0,0,0,,,
4,species_multihead_no_enrichment,17,staphylococcus_epidermidis,Staphylococcus epidermidis,10,Clindamycin,2962,1453,1509,0.6519321784366068,0.7119631374405551,0.06003095900394828
4,species_multihead_no_enrichment,17,staphylococcus_epidermidis,Staphylococcus epidermidis,11,Cotrimoxazole,2956,2147,809,0.7039336228491418,0.7906752343080263,0.08674161145888448
4,species_multihead_no_enrichment,17,staphylococcus_epidermidis,Staphylococcus epidermidis,12,Ertapenem,0,0,0,,,
4,species_multihead_no_enrichment,17,staphylococcus_epidermidis,Staphylococcus epidermidis,13,Erythromycin,2964,1001,1963,0.6134512456468646,0.6550082622420881,0.041557016595223484
4,species_multihead_no_enrichment,17,staphylococcus_epidermidis,Staphylococcus epidermidis,14,Fosfomycin,2950,2421,529,0.6543274077093235,0.7718209210679396,0.11749351335861613
4,species_multihead_no_enrichment,17,staphylococcus_epidermidis,Staphylococcus epidermidis,15,Fusidic acid,1,0,1,,,
4,species_multihead_no_enrichment,17,staphylococcus_epidermidis,Staphylococcus epidermidis,16,Gentamicin,2953,2010,943,0.6784336535772886,0.7757661849817719,0.09733253140448328
4,species_multihead_no_enrichment,17,staphylococcus_epidermidis,Staphylococcus epidermidis,17,Imipenem,1,1,0,,,
4,species_multihead_no_enrichment,17,staphylococcus_epidermidis,Staphylococcus epidermidis,18,Levofloxacin,2953,889,2064,0.6262970762375634,0.7810930428754546,0.1547959666378912
4,species_multihead_no_enrichment,17,staphylococcus_epidermidis,Staphylococcus epidermidis,19,Linezolid,2959,2900,59,0.7190414962010521,0.8753272939801285,0.15628579777907647
4,species_multihead_no_enrichment,17,staphylococcus_epidermidis,Staphylococcus epidermidis,20,Meropenem,1,1,0,,,
4,species_multihead_no_enrichment,17,staphylococcus_epidermidis,Staphylococcus epidermidis,21,Moxifloxacin,9,8,1,0.0625,0.5,0.4375
4,species_multihead_no_enrichment,17,staphylococcus_epidermidis,Staphylococcus epidermidis,22,Mupirocin,0,0,0,,,
4,species_multihead_no_enrichment,17,staphylococcus_epidermidis,Staphylococcus epidermidis,23,Nitrofurantoin,0,0,0,,,
4,species_multihead_no_enrichment,17,staphylococcus_epidermidis,Staphylococcus epidermidis,24,Oxacillin,2966,1004,1962,0.6759486011103395,0.7412995825058584,0.06535098139551887
4,species_multihead_no_enrichment,17,staphylococcus_epidermidis,Staphylococcus epidermidis,25,Piperacillin,0,0,0,,,
4,species_multihead_no_enrichment,17,staphylococcus_epidermidis,Staphylococcus epidermidis,26,Piperacillin-Tazobactam,1,1,0,,,
4,species_multihead_no_enrichment,17,staphylococcus_epidermidis,Staphylococcus epidermidis,27,Rifampicin,2945,2709,236,0.5782310690667017,0.7247757005837414,0.14654463151703967
4,species_multihead_no_enrichment,17,staphylococcus_epidermidis,Staphylococcus epidermidis,28,Teicoplanin,1,1,0,,,
4,species_multihead_no_enrichment,17,staphylococcus_epidermidis,Staphylococcus epidermidis,29,Tetracycline,2952,1656,1296,0.5786319481720045,0.6881951899564622,0.10956324178445775
4,species_multihead_no_enrichment,17,staphylococcus_epidermidis,Staphylococcus epidermidis,30,Tigecycline,2949,2942,7,0.4266048363601049,0.5627609983490336,0.13615616198892871
4,species_multihead_no_enrichment,17,staphylococcus_epidermidis,Staphylococcus epidermidis,31,Tobramycin,0,0,0,,,
4,species_multihead_no_enrichment,17,staphylococcus_epidermidis,Staphylococcus epidermidis,32,Vancomycin,2956,2953,3,0.7611468563043233,0.4134213793881928,-0.34772547691613054
4,species_multihead_no_enrichment,18,staphylococcus_haemolyticus,Staphylococcus haemolyticus,0,Amikacin,0,0,0,,,
4,species_multihead_no_enrichment,18,staphylococcus_haemolyticus,Staphylococcus haemolyticus,1,Ampicillin,0,0,0,,,
4,species_multihead_no_enrichment,18,staphylococcus_haemolyticus,Staphylococcus haemolyticus,2,Azithromycin,0,0,0,,,
4,species_multihead_no_enrichment,18,staphylococcus_haemolyticus,Staphylococcus haemolyticus,3,Caspofungin,0,0,0,,,
4,species_multihead_no_enrichment,18,staphylococcus_haemolyticus,Staphylococcus haemolyticus,4,Cefepime,0,0,0,,,
4,species_multihead_no_enrichment,18,staphylococcus_haemolyticus,Staphylococcus haemolyticus,5,Ceftazidime,0,0,0,,,
4,species_multihead_no_enrichment,18,staphylococcus_haemolyticus,Staphylococcus haemolyticus,6,Ceftazidime-Avibactam,0,0,0,,,
4,species_multihead_no_enrichment,18,staphylococcus_haemolyticus,Staphylococcus haemolyticus,7,Ceftriaxone,0,0,0,,,
4,species_multihead_no_enrichment,18,staphylococcus_haemolyticus,Staphylococcus haemolyticus,8,Ciprofloxacin,0,0,0,,,
4,species_multihead_no_enrichment,18,staphylococcus_haemolyticus,Staphylococcus haemolyticus,9,Clarithromycin,0,0,0,,,
4,species_multihead_no_enrichment,18,staphylococcus_haemolyticus,Staphylococcus haemolyticus,10,Clindamycin,397,127,270,0.5711577719451736,0.6783172936716243,0.10715952172645071
4,species_multihead_no_enrichment,18,staphylococcus_haemolyticus,Staphylococcus haemolyticus,11,Cotrimoxazole,401,158,243,0.6470281814866906,0.8390373495858728,0.19200916809918223
4,species_multihead_no_enrichment,18,staphylococcus_haemolyticus,Staphylococcus haemolyticus,12,Ertapenem,0,0,0,,,
4,species_multihead_no_enrichment,18,staphylococcus_haemolyticus,Staphylococcus haemolyticus,13,Erythromycin,399,64,335,0.6486240671641791,0.8222947761194029,0.17367070895522385
4,species_multihead_no_enrichment,18,staphylococcus_haemolyticus,Staphylococcus haemolyticus,14,Fosfomycin,400,11,389,0.459920542182753,0.35428838513671423,-0.10563215704603879
4,species_multihead_no_enrichment,18,staphylococcus_haemolyticus,Staphylococcus haemolyticus,15,Fusidic acid,1,1,0,,,
4,species_multihead_no_enrichment,18,staphylococcus_haemolyticus,Staphylococcus haemolyticus,16,Gentamicin,402,123,279,0.6672203281172597,0.8847655680857884,0.2175452399685287
4,species_multihead_no_enrichment,18,staphylococcus_haemolyticus,Staphylococcus haemolyticus,17,Imipenem,0,0,0,,,
4,species_multihead_no_enrichment,18,staphylococcus_haemolyticus,Staphylococcus haemolyticus,18,Levofloxacin,402,73,329,0.6559520339759338,0.890827330640796,0.23487529666486218
4,species_multihead_no_enrichment,18,staphylococcus_haemolyticus,Staphylococcus haemolyticus,19,Linezolid,402,399,3,0.6691729323308271,0.3053467000835422,-0.3638262322472849
4,species_multihead_no_enrichment,18,staphylococcus_haemolyticus,Staphylococcus haemolyticus,20,Meropenem,0,0,0,,,
4,species_multihead_no_enrichment,18,staphylococcus_haemolyticus,Staphylococcus haemolyticus,21,Moxifloxacin,0,0,0,,,
4,species_multihead_no_enrichment,18,staphylococcus_haemolyticus,Staphylococcus haemolyticus,22,Mupirocin,0,0,0,,,
4,species_multihead_no_enrichment,18,staphylococcus_haemolyticus,Staphylococcus haemolyticus,23,Nitrofurantoin,0,0,0,,,
4,species_multihead_no_enrichment,18,staphylococcus_haemolyticus,Staphylococcus haemolyticus,24,Oxacillin,404,82,322,0.66266474776549,0.8684290259051659,0.2057642781396759
4,species_multihead_no_enrichment,18,staphylococcus_haemolyticus,Staphylococcus haemolyticus,25,Piperacillin,0,0,0,,,
4,species_multihead_no_enrichment,18,staphylococcus_haemolyticus,Staphylococcus haemolyticus,26,Piperacillin-Tazobactam,0,0,0,,,
4,species_multihead_no_enrichment,18,staphylococcus_haemolyticus,Staphylococcus haemolyticus,27,Rifampicin,398,350,48,0.7485119047619048,0.6676190476190476,-0.08089285714285721
4,species_multihead_no_enrichment,18,staphylococcus_haemolyticus,Staphylococcus haemolyticus,28,Teicoplanin,0,0,0,,,
4,species_multihead_no_enrichment,18,staphylococcus_haemolyticus,Staphylococcus haemolyticus,29,Tetracycline,401,182,219,0.6103542576145315,0.6757363640925284,0.0653821064779968
4,species_multihead_no_enrichment,18,staphylococcus_haemolyticus,Staphylococcus haemolyticus,30,Tigecycline,402,400,2,0.286875,0.2075,-0.079375
4,species_multihead_no_enrichment,18,staphylococcus_haemolyticus,Staphylococcus haemolyticus,31,Tobramycin,0,0,0,,,
4,species_multihead_no_enrichment,18,staphylococcus_haemolyticus,Staphylococcus haemolyticus,32,Vancomycin,402,402,0,,,
4,species_multihead_no_enrichment,19,staphylococcus_hominis,Staphylococcus hominis,0,Amikacin,0,0,0,,,
4,species_multihead_no_enrichment,19,staphylococcus_hominis,Staphylococcus hominis,1,Ampicillin,0,0,0,,,
4,species_multihead_no_enrichment,19,staphylococcus_hominis,Staphylococcus hominis,2,Azithromycin,0,0,0,,,
4,species_multihead_no_enrichment,19,staphylococcus_hominis,Staphylococcus hominis,3,Caspofungin,0,0,0,,,
4,species_multihead_no_enrichment,19,staphylococcus_hominis,Staphylococcus hominis,4,Cefepime,0,0,0,,,
4,species_multihead_no_enrichment,19,staphylococcus_hominis,Staphylococcus hominis,5,Ceftazidime,0,0,0,,,
4,species_multihead_no_enrichment,19,staphylococcus_hominis,Staphylococcus hominis,6,Ceftazidime-Avibactam,0,0,0,,,
4,species_multihead_no_enrichment,19,staphylococcus_hominis,Staphylococcus hominis,7,Ceftriaxone,0,0,0,,,
4,species_multihead_no_enrichment,19,staphylococcus_hominis,Staphylococcus hominis,8,Ciprofloxacin,0,0,0,,,
4,species_multihead_no_enrichment,19,staphylococcus_hominis,Staphylococcus hominis,9,Clarithromycin,0,0,0,,,
4,species_multihead_no_enrichment,19,staphylococcus_hominis,Staphylococcus hominis,10,Clindamycin,503,313,190,0.5322095174037329,0.5337649234908357,0.0015554060871028064
4,species_multihead_no_enrichment,19,staphylococcus_hominis,Staphylococcus hominis,11,Cotrimoxazole,502,389,113,0.5100894055554291,0.5160497759173738,0.0059603703619446335
4,species_multihead_no_enrichment,19,staphylococcus_hominis,Staphylococcus hominis,12,Ertapenem,0,0,0,,,
4,species_multihead_no_enrichment,19,staphylococcus_hominis,Staphylococcus hominis,13,Erythromycin,508,197,311,0.5013220820343741,0.4890152937143976,-0.012306788319976503
4,species_multihead_no_enrichment,19,staphylococcus_hominis,Staphylococcus hominis,14,Fosfomycin,501,17,484,0.5291079241614001,0.450291686922703,-0.07881623723869707
4,species_multihead_no_enrichment,19,staphylococcus_hominis,Staphylococcus hominis,15,Fusidic acid,1,1,0,,,
4,species_multihead_no_enrichment,19,staphylococcus_hominis,Staphylococcus hominis,16,Gentamicin,501,413,88,0.6081609068897206,0.44988168611049967,-0.1582792207792209
4,species_multihead_no_enrichment,19,staphylococcus_hominis,Staphylococcus hominis,17,Imipenem,0,0,0,,,
4,species_multihead_no_enrichment,19,staphylococcus_hominis,Staphylococcus hominis,18,Levofloxacin,501,228,273,0.45160979371505694,0.7047827903091062,0.25317299659404924
4,species_multihead_no_enrichment,19,staphylococcus_hominis,Staphylococcus hominis,19,Linezolid,501,496,5,0.7612903225806452,0.4,-0.3612903225806452
4,species_multihead_no_enrichment,19,staphylococcus_hominis,Staphylococcus hominis,20,Meropenem,0,0,0,,,
4,species_multihead_no_enrichment,19,staphylococcus_hominis,Staphylococcus hominis,21,Moxifloxacin,0,0,0,,,
4,species_multihead_no_enrichment,19,staphylococcus_hominis,Staphylococcus hominis,22,Mupirocin,0,0,0,,,
4,species_multihead_no_enrichment,19,staphylococcus_hominis,Staphylococcus hominis,23,Nitrofurantoin,0,0,0,,,
4,species_multihead_no_enrichment,19,staphylococcus_hominis,Staphylococcus hominis,24,Oxacillin,507,260,247,0.5424867642478979,0.5425179071940206,3.114294612271973e-05
4,species_multihead_no_enrichment,19,staphylococcus_hominis,Staphylococcus hominis,25,Piperacillin,0,0,0,,,
4,species_multihead_no_enrichment,19,staphylococcus_hominis,Staphylococcus hominis,26,Piperacillin-Tazobactam,0,0,0,,,
4,species_multihead_no_enrichment,19,staphylococcus_hominis,Staphylococcus hominis,27,Rifampicin,501,491,10,0.5837067209775967,0.504887983706721,-0.07881873727087563
4,species_multihead_no_enrichment,19,staphylococcus_hominis,Staphylococcus hominis,28,Teicoplanin,0,0,0,,,
4,species_multihead_no_enrichment,19,staphylococcus_hominis,Staphylococcus hominis,29,Tetracycline,501,314,187,0.49971899587860624,0.4984331891413195,-0.0012858067372867321
4,species_multihead_no_enrichment,19,staphylococcus_hominis,Staphylococcus hominis,30,Tigecycline,500,500,0,,,
4,species_multihead_no_enrichment,19,staphylococcus_hominis,Staphylococcus hominis,31,Tobramycin,0,0,0,,,
4,species_multihead_no_enrichment,19,staphylococcus_hominis,Staphylococcus hominis,32,Vancomycin,503,503,0,,,
4,species_multihead_no_enrichment,20,staphylococcus_lugdunensis,Staphylococcus lugdunensis,0,Amikacin,0,0,0,,,
4,species_multihead_no_enrichment,20,staphylococcus_lugdunensis,Staphylococcus lugdunensis,1,Ampicillin,0,0,0,,,
4,species_multihead_no_enrichment,20,staphylococcus_lugdunensis,Staphylococcus lugdunensis,2,Azithromycin,0,0,0,,,
4,species_multihead_no_enrichment,20,staphylococcus_lugdunensis,Staphylococcus lugdunensis,3,Caspofungin,0,0,0,,,
4,species_multihead_no_enrichment,20,staphylococcus_lugdunensis,Staphylococcus lugdunensis,4,Cefepime,0,0,0,,,
4,species_multihead_no_enrichment,20,staphylococcus_lugdunensis,Staphylococcus lugdunensis,5,Ceftazidime,0,0,0,,,
4,species_multihead_no_enrichment,20,staphylococcus_lugdunensis,Staphylococcus lugdunensis,6,Ceftazidime-Avibactam,0,0,0,,,
4,species_multihead_no_enrichment,20,staphylococcus_lugdunensis,Staphylococcus lugdunensis,7,Ceftriaxone,0,0,0,,,
4,species_multihead_no_enrichment,20,staphylococcus_lugdunensis,Staphylococcus lugdunensis,8,Ciprofloxacin,0,0,0,,,
4,species_multihead_no_enrichment,20,staphylococcus_lugdunensis,Staphylococcus lugdunensis,9,Clarithromycin,0,0,0,,,
4,species_multihead_no_enrichment,20,staphylococcus_lugdunensis,Staphylococcus lugdunensis,10,Clindamycin,257,225,32,0.4860416666666667,0.5163888888888889,0.030347222222222192
4,species_multihead_no_enrichment,20,staphylococcus_lugdunensis,Staphylococcus lugdunensis,11,Cotrimoxazole,257,255,2,0.7176470588235294,0.8705882352941178,0.15294117647058836
4,species_multihead_no_enrichment,20,staphylococcus_lugdunensis,Staphylococcus lugdunensis,12,Ertapenem,0,0,0,,,
4,species_multihead_no_enrichment,20,staphylococcus_lugdunensis,Staphylococcus lugdunensis,13,Erythromycin,258,227,31,0.4993605229501208,0.5177632513855336,0.018402728435412796
4,species_multihead_no_enrichment,20,staphylococcus_lugdunensis,Staphylococcus lugdunensis,14,Fosfomycin,257,221,36,0.5755404725992961,0.5182880844645551,-0.057252388134740984
4,species_multihead_no_enrichment,20,staphylococcus_lugdunensis,Staphylococcus lugdunensis,15,Fusidic acid,0,0,0,,,
4,species_multihead_no_enrichment,20,staphylococcus_lugdunensis,Staphylococcus lugdunensis,16,Gentamicin,257,255,2,0.538235294117647,0.43137254901960786,-0.10686274509803917
4,species_multihead_no_enrichment,20,staphylococcus_lugdunensis,Staphylococcus lugdunensis,17,Imipenem,0,0,0,,,
4,species_multihead_no_enrichment,20,staphylococcus_lugdunensis,Staphylococcus lugdunensis,18,Levofloxacin,257,142,115,0.5880281690140846,0.7581445192896509,0.17011635027556626
4,species_multihead_no_enrichment,20,staphylococcus_lugdunensis,Staphylococcus lugdunensis,19,Linezolid,257,257,0,,,
4,species_multihead_no_enrichment,20,staphylococcus_lugdunensis,Staphylococcus lugdunensis,20,Meropenem,0,0,0,,,
4,species_multihead_no_enrichment,20,staphylococcus_lugdunensis,Staphylococcus lugdunensis,21,Moxifloxacin,0,0,0,,,
4,species_multihead_no_enrichment,20,staphylococcus_lugdunensis,Staphylococcus lugdunensis,22,Mupirocin,0,0,0,,,
4,species_multihead_no_enrichment,20,staphylococcus_lugdunensis,Staphylococcus lugdunensis,23,Nitrofurantoin,0,0,0,,,
4,species_multihead_no_enrichment,20,staphylococcus_lugdunensis,Staphylococcus lugdunensis,24,Oxacillin,255,238,17,0.5553633217993081,0.555239742956006,-0.0001235788433021634
4,species_multihead_no_enrichment,20,staphylococcus_lugdunensis,Staphylococcus lugdunensis,25,Piperacillin,0,0,0,,,
4,species_multihead_no_enrichment,20,staphylococcus_lugdunensis,Staphylococcus lugdunensis,26,Piperacillin-Tazobactam,0,0,0,,,
4,species_multihead_no_enrichment,20,staphylococcus_lugdunensis,Staphylococcus lugdunensis,27,Rifampicin,255,255,0,,,
4,species_multihead_no_enrichment,20,staphylococcus_lugdunensis,Staphylococcus lugdunensis,28,Teicoplanin,0,0,0,,,
4,species_multihead_no_enrichment,20,staphylococcus_lugdunensis,Staphylococcus lugdunensis,29,Tetracycline,257,241,16,0.6016597510373444,0.5946576763485477,-0.007002074688796656
4,species_multihead_no_enrichment,20,staphylococcus_lugdunensis,Staphylococcus lugdunensis,30,Tigecycline,256,256,0,,,
4,species_multihead_no_enrichment,20,staphylococcus_lugdunensis,Staphylococcus lugdunensis,31,Tobramycin,0,0,0,,,
4,species_multihead_no_enrichment,20,staphylococcus_lugdunensis,Staphylococcus lugdunensis,32,Vancomycin,256,256,0,,,
4,species_multihead_no_enrichment,21,stenotrophomonas_maltophilia,Stenotrophomonas maltophilia,0,Amikacin,0,0,0,,,
4,species_multihead_no_enrichment,21,stenotrophomonas_maltophilia,Stenotrophomonas maltophilia,1,Ampicillin,0,0,0,,,
4,species_multihead_no_enrichment,21,stenotrophomonas_maltophilia,Stenotrophomonas maltophilia,2,Azithromycin,0,0,0,,,
4,species_multihead_no_enrichment,21,stenotrophomonas_maltophilia,Stenotrophomonas maltophilia,3,Caspofungin,0,0,0,,,
4,species_multihead_no_enrichment,21,stenotrophomonas_maltophilia,Stenotrophomonas maltophilia,4,Cefepime,0,0,0,,,
4,species_multihead_no_enrichment,21,stenotrophomonas_maltophilia,Stenotrophomonas maltophilia,5,Ceftazidime,5,1,4,0.625,0.5,-0.125
4,species_multihead_no_enrichment,21,stenotrophomonas_maltophilia,Stenotrophomonas maltophilia,6,Ceftazidime-Avibactam,1,1,0,,,
4,species_multihead_no_enrichment,21,stenotrophomonas_maltophilia,Stenotrophomonas maltophilia,7,Ceftriaxone,0,0,0,,,
4,species_multihead_no_enrichment,21,stenotrophomonas_maltophilia,Stenotrophomonas maltophilia,8,Ciprofloxacin,0,0,0,,,
4,species_multihead_no_enrichment,21,stenotrophomonas_maltophilia,Stenotrophomonas maltophilia,9,Clarithromycin,0,0,0,,,
4,species_multihead_no_enrichment,21,stenotrophomonas_maltophilia,Stenotrophomonas maltophilia,10,Clindamycin,0,0,0,,,
4,species_multihead_no_enrichment,21,stenotrophomonas_maltophilia,Stenotrophomonas maltophilia,11,Cotrimoxazole,436,0,436,,,
4,species_multihead_no_enrichment,21,stenotrophomonas_maltophilia,Stenotrophomonas maltophilia,12,Ertapenem,0,0,0,,,
4,species_multihead_no_enrichment,21,stenotrophomonas_maltophilia,Stenotrophomonas maltophilia,13,Erythromycin,0,0,0,,,
4,species_multihead_no_enrichment,21,stenotrophomonas_maltophilia,Stenotrophomonas maltophilia,14,Fosfomycin,0,0,0,,,
4,species_multihead_no_enrichment,21,stenotrophomonas_maltophilia,Stenotrophomonas maltophilia,15,Fusidic acid,0,0,0,,,
4,species_multihead_no_enrichment,21,stenotrophomonas_maltophilia,Stenotrophomonas maltophilia,16,Gentamicin,0,0,0,,,
4,species_multihead_no_enrichment,21,stenotrophomonas_maltophilia,Stenotrophomonas maltophilia,17,Imipenem,0,0,0,,,
4,species_multihead_no_enrichment,21,stenotrophomonas_maltophilia,Stenotrophomonas maltophilia,18,Levofloxacin,6,0,6,,,
4,species_multihead_no_enrichment,21,stenotrophomonas_maltophilia,Stenotrophomonas maltophilia,19,Linezolid,0,0,0,,,
4,species_multihead_no_enrichment,21,stenotrophomonas_maltophilia,Stenotrophomonas maltophilia,20,Meropenem,0,0,0,,,
4,species_multihead_no_enrichment,21,stenotrophomonas_maltophilia,Stenotrophomonas maltophilia,21,Moxifloxacin,2,0,2,,,
4,species_multihead_no_enrichment,21,stenotrophomonas_maltophilia,Stenotrophomonas maltophilia,22,Mupirocin,0,0,0,,,
4,species_multihead_no_enrichment,21,stenotrophomonas_maltophilia,Stenotrophomonas maltophilia,23,Nitrofurantoin,0,0,0,,,
4,species_multihead_no_enrichment,21,stenotrophomonas_maltophilia,Stenotrophomonas maltophilia,24,Oxacillin,0,0,0,,,
4,species_multihead_no_enrichment,21,stenotrophomonas_maltophilia,Stenotrophomonas maltophilia,25,Piperacillin,0,0,0,,,
4,species_multihead_no_enrichment,21,stenotrophomonas_maltophilia,Stenotrophomonas maltophilia,26,Piperacillin-Tazobactam,0,0,0,,,
4,species_multihead_no_enrichment,21,stenotrophomonas_maltophilia,Stenotrophomonas maltophilia,27,Rifampicin,2,0,2,,,
4,species_multihead_no_enrichment,21,stenotrophomonas_maltophilia,Stenotrophomonas maltophilia,28,Teicoplanin,0,0,0,,,
4,species_multihead_no_enrichment,21,stenotrophomonas_maltophilia,Stenotrophomonas maltophilia,29,Tetracycline,0,0,0,,,
4,species_multihead_no_enrichment,21,stenotrophomonas_maltophilia,Stenotrophomonas maltophilia,30,Tigecycline,2,0,2,,,
4,species_multihead_no_enrichment,21,stenotrophomonas_maltophilia,Stenotrophomonas maltophilia,31,Tobramycin,0,0,0,,,
4,species_multihead_no_enrichment,21,stenotrophomonas_maltophilia,Stenotrophomonas maltophilia,32,Vancomycin,0,0,0,,,
4,species_multihead_no_enrichment,22,streptococcus_pneumoniae,Streptococcus pneumoniae,0,Amikacin,0,0,0,,,
4,species_multihead_no_enrichment,22,streptococcus_pneumoniae,Streptococcus pneumoniae,1,Ampicillin,57,57,0,,,
4,species_multihead_no_enrichment,22,streptococcus_pneumoniae,Streptococcus pneumoniae,2,Azithromycin,61,57,4,0.41447368421052627,0.5504385964912282,0.1359649122807019
4,species_multihead_no_enrichment,22,streptococcus_pneumoniae,Streptococcus pneumoniae,3,Caspofungin,0,0,0,,,
4,species_multihead_no_enrichment,22,streptococcus_pneumoniae,Streptococcus pneumoniae,4,Cefepime,0,0,0,,,
4,species_multihead_no_enrichment,22,streptococcus_pneumoniae,Streptococcus pneumoniae,5,Ceftazidime,0,0,0,,,
4,species_multihead_no_enrichment,22,streptococcus_pneumoniae,Streptococcus pneumoniae,6,Ceftazidime-Avibactam,0,0,0,,,
4,species_multihead_no_enrichment,22,streptococcus_pneumoniae,Streptococcus pneumoniae,7,Ceftriaxone,4,4,0,,,
4,species_multihead_no_enrichment,22,streptococcus_pneumoniae,Streptococcus pneumoniae,8,Ciprofloxacin,0,0,0,,,
4,species_multihead_no_enrichment,22,streptococcus_pneumoniae,Streptococcus pneumoniae,9,Clarithromycin,61,57,4,0.4385964912280702,0.5504385964912282,0.11184210526315796
4,species_multihead_no_enrichment,22,streptococcus_pneumoniae,Streptococcus pneumoniae,10,Clindamycin,62,59,3,0.5084745762711864,0.5564971751412429,0.04802259887005644
4,species_multihead_no_enrichment,22,streptococcus_pneumoniae,Streptococcus pneumoniae,11,Cotrimoxazole,60,57,3,0.2865497076023392,0.7953216374269005,0.5087719298245613
4,species_multihead_no_enrichment,22,streptococcus_pneumoniae,Streptococcus pneumoniae,12,Ertapenem,0,0,0,,,
4,species_multihead_no_enrichment,22,streptococcus_pneumoniae,Streptococcus pneumoniae,13,Erythromycin,61,57,4,0.44956140350877194,0.5504385964912282,0.10087719298245623
4,species_multihead_no_enrichment,22,streptococcus_pneumoniae,Streptococcus pneumoniae,14,Fosfomycin,0,0,0,,,
4,species_multihead_no_enrichment,22,streptococcus_pneumoniae,Streptococcus pneumoniae,15,Fusidic acid,0,0,0,,,
4,species_multihead_no_enrichment,22,streptococcus_pneumoniae,Streptococcus pneumoniae,16,Gentamicin,0,0,0,,,
4,species_multihead_no_enrichment,22,streptococcus_pneumoniae,Streptococcus pneumoniae,17,Imipenem,0,0,0,,,
4,species_multihead_no_enrichment,22,streptococcus_pneumoniae,Streptococcus pneumoniae,18,Levofloxacin,1,0,1,,,
4,species_multihead_no_enrichment,22,streptococcus_pneumoniae,Streptococcus pneumoniae,19,Linezolid,61,61,0,,,
4,species_multihead_no_enrichment,22,streptococcus_pneumoniae,Streptococcus pneumoniae,20,Meropenem,0,0,0,,,
4,species_multihead_no_enrichment,22,streptococcus_pneumoniae,Streptococcus pneumoniae,21,Moxifloxacin,62,60,2,0.19166666666666665,0.475,0.2833333333333333
4,species_multihead_no_enrichment,22,streptococcus_pneumoniae,Streptococcus pneumoniae,22,Mupirocin,0,0,0,,,
4,species_multihead_no_enrichment,22,streptococcus_pneumoniae,Streptococcus pneumoniae,23,Nitrofurantoin,0,0,0,,,
4,species_multihead_no_enrichment,22,streptococcus_pneumoniae,Streptococcus pneumoniae,24,Oxacillin,0,0,0,,,
4,species_multihead_no_enrichment,22,streptococcus_pneumoniae,Streptococcus pneumoniae,25,Piperacillin,0,0,0,,,
4,species_multihead_no_enrichment,22,streptococcus_pneumoniae,Streptococcus pneumoniae,26,Piperacillin-Tazobactam,0,0,0,,,
4,species_multihead_no_enrichment,22,streptococcus_pneumoniae,Streptococcus pneumoniae,27,Rifampicin,0,0,0,,,
4,species_multihead_no_enrichment,22,streptococcus_pneumoniae,Streptococcus pneumoniae,28,Teicoplanin,0,0,0,,,
4,species_multihead_no_enrichment,22,streptococcus_pneumoniae,Streptococcus pneumoniae,29,Tetracycline,1,0,1,,,
4,species_multihead_no_enrichment,22,streptococcus_pneumoniae,Streptococcus pneumoniae,30,Tigecycline,0,0,0,,,
4,species_multihead_no_enrichment,22,streptococcus_pneumoniae,Streptococcus pneumoniae,31,Tobramycin,0,0,0,,,
4,species_multihead_no_enrichment,22,streptococcus_pneumoniae,Streptococcus pneumoniae,32,Vancomycin,61,61,0,,,
0,implicit_species_hypernetwork_no_enrichment,0,candida_albicans,Candida albicans,0,Amikacin,0,0,0,,,
0,implicit_species_hypernetwork_no_enrichment,0,candida_albicans,Candida albicans,1,Ampicillin,0,0,0,,,
0,implicit_species_hypernetwork_no_enrichment,0,candida_albicans,Candida albicans,2,Azithromycin,0,0,0,,,
0,implicit_species_hypernetwork_no_enrichment,0,candida_albicans,Candida albicans,3,Caspofungin,982,978,4,0.3311605316973415,0.2956288343558282,-0.03553169734151329
0,implicit_species_hypernetwork_no_enrichment,0,candida_albicans,Candida albicans,4,Cefepime,0,0,0,,,
0,implicit_species_hypernetwork_no_enrichment,0,candida_albicans,Candida albicans,5,Ceftazidime,0,0,0,,,
0,implicit_species_hypernetwork_no_enrichment,0,candida_albicans,Candida albicans,6,Ceftazidime-Avibactam,0,0,0,,,
0,implicit_species_hypernetwork_no_enrichment,0,candida_albicans,Candida albicans,7,Ceftolozane-Tazobactam,0,0,0,,,
0,implicit_species_hypernetwork_no_enrichment,0,candida_albicans,Candida albicans,8,Ceftriaxone,0,0,0,,,
0,implicit_species_hypernetwork_no_enrichment,0,candida_albicans,Candida albicans,9,Ciprofloxacin,0,0,0,,,
0,implicit_species_hypernetwork_no_enrichment,0,candida_albicans,Candida albicans,10,Clarithromycin,0,0,0,,,
0,implicit_species_hypernetwork_no_enrichment,0,candida_albicans,Candida albicans,11,Clindamycin,0,0,0,,,
0,implicit_species_hypernetwork_no_enrichment,0,candida_albicans,Candida albicans,12,Cotrimoxazole,0,0,0,,,
0,implicit_species_hypernetwork_no_enrichment,0,candida_albicans,Candida albicans,13,Ertapenem,0,0,0,,,
0,implicit_species_hypernetwork_no_enrichment,0,candida_albicans,Candida albicans,14,Erythromycin,0,0,0,,,
0,implicit_species_hypernetwork_no_enrichment,0,candida_albicans,Candida albicans,15,Fosfomycin,0,0,0,,,
0,implicit_species_hypernetwork_no_enrichment,0,candida_albicans,Candida albicans,16,Fusidic acid,0,0,0,,,
0,implicit_species_hypernetwork_no_enrichment,0,candida_albicans,Candida albicans,17,Gentamicin,0,0,0,,,
0,implicit_species_hypernetwork_no_enrichment,0,candida_albicans,Candida albicans,18,Imipenem,0,0,0,,,
0,implicit_species_hypernetwork_no_enrichment,0,candida_albicans,Candida albicans,19,Levofloxacin,0,0,0,,,
0,implicit_species_hypernetwork_no_enrichment,0,candida_albicans,Candida albicans,20,Linezolid,0,0,0,,,
0,implicit_species_hypernetwork_no_enrichment,0,candida_albicans,Candida albicans,21,Meropenem,0,0,0,,,
0,implicit_species_hypernetwork_no_enrichment,0,candida_albicans,Candida albicans,22,Micafungin,982,981,1,0.4133537206931702,0.7395514780835881,0.3261977573904179
0,implicit_species_hypernetwork_no_enrichment,0,candida_albicans,Candida albicans,23,Moxifloxacin,0,0,0,,,
0,implicit_species_hypernetwork_no_enrichment,0,candida_albicans,Candida albicans,24,Mupirocin,0,0,0,,,
0,implicit_species_hypernetwork_no_enrichment,0,candida_albicans,Candida albicans,25,Nitrofurantoin,0,0,0,,,
0,implicit_species_hypernetwork_no_enrichment,0,candida_albicans,Candida albicans,26,Oxacillin,0,0,0,,,
0,implicit_species_hypernetwork_no_enrichment,0,candida_albicans,Candida albicans,27,Piperacillin,0,0,0,,,
0,implicit_species_hypernetwork_no_enrichment,0,candida_albicans,Candida albicans,28,Piperacillin-Tazobactam,0,0,0,,,
0,implicit_species_hypernetwork_no_enrichment,0,candida_albicans,Candida albicans,29,Rifampicin,0,0,0,,,
0,implicit_species_hypernetwork_no_enrichment,0,candida_albicans,Candida albicans,30,Teicoplanin,0,0,0,,,
0,implicit_species_hypernetwork_no_enrichment,0,candida_albicans,Candida albicans,31,Tetracycline,0,0,0,,,
0,implicit_species_hypernetwork_no_enrichment,0,candida_albicans,Candida albicans,32,Tigecycline,0,0,0,,,
0,implicit_species_hypernetwork_no_enrichment,0,candida_albicans,Candida albicans,33,Tobramycin,0,0,0,,,
0,implicit_species_hypernetwork_no_enrichment,0,candida_albicans,Candida albicans,34,Vancomycin,0,0,0,,,
0,implicit_species_hypernetwork_no_enrichment,0,candida_albicans,Candida albicans,35,Voriconazole,1126,1119,7,0.5737903740584706,0.5959402527767139,0.022149878718243365
0,implicit_species_hypernetwork_no_enrichment,1,citrobacter_freundii,Citrobacter freundii,0,Amikacin,0,0,0,,,
0,implicit_species_hypernetwork_no_enrichment,1,citrobacter_freundii,Citrobacter freundii,1,Ampicillin,441,15,426,0.5152582159624414,0.601095461658842,0.08583724569640061
0,implicit_species_hypernetwork_no_enrichment,1,citrobacter_freundii,Citrobacter freundii,2,Azithromycin,0,0,0,,,
0,implicit_species_hypernetwork_no_enrichment,1,citrobacter_freundii,Citrobacter freundii,3,Caspofungin,0,0,0,,,
0,implicit_species_hypernetwork_no_enrichment,1,citrobacter_freundii,Citrobacter freundii,4,Cefepime,0,0,0,,,
0,implicit_species_hypernetwork_no_enrichment,1,citrobacter_freundii,Citrobacter freundii,5,Ceftazidime,440,255,185,0.44972972972972974,0.7717965023847377,0.322066772655008
0,implicit_species_hypernetwork_no_enrichment,1,citrobacter_freundii,Citrobacter freundii,6,Ceftazidime-Avibactam,0,0,0,,,
0,implicit_species_hypernetwork_no_enrichment,1,citrobacter_freundii,Citrobacter freundii,7,Ceftolozane-Tazobactam,0,0,0,,,
0,implicit_species_hypernetwork_no_enrichment,1,citrobacter_freundii,Citrobacter freundii,8,Ceftriaxone,312,178,134,0.41028006037229586,0.816199899379507,0.4059198390072111
0,implicit_species_hypernetwork_no_enrichment,1,citrobacter_freundii,Citrobacter freundii,9,Ciprofloxacin,441,396,45,0.5021604938271604,0.5948092031425365,0.09264870931537605
0,implicit_species_hypernetwork_no_enrichment,1,citrobacter_freundii,Citrobacter freundii,10,Clarithromycin,0,0,0,,,
0,implicit_species_hypernetwork_no_enrichment,1,citrobacter_freundii,Citrobacter freundii,11,Clindamycin,0,0,0,,,
0,implicit_species_hypernetwork_no_enrichment,1,citrobacter_freundii,Citrobacter freundii,12,Cotrimoxazole,441,405,36,0.3918038408779149,0.5899862825788751,0.19818244170096017
0,implicit_species_hypernetwork_no_enrichment,1,citrobacter_freundii,Citrobacter freundii,13,Ertapenem,1,0,1,,,
0,implicit_species_hypernetwork_no_enrichment,1,citrobacter_freundii,Citrobacter freundii,14,Erythromycin,0,0,0,,,
0,implicit_species_hypernetwork_no_enrichment,1,citrobacter_freundii,Citrobacter freundii,15,Fosfomycin,97,97,0,,,
0,implicit_species_hypernetwork_no_enrichment,1,citrobacter_freundii,Citrobacter freundii,16,Fusidic acid,0,0,0,,,
0,implicit_species_hypernetwork_no_enrichment,1,citrobacter_freundii,Citrobacter freundii,17,Gentamicin,441,169,272,0.5396036373129133,0.519317786286112,-0.02028585102680125
0,implicit_species_hypernetwork_no_enrichment,1,citrobacter_freundii,Citrobacter freundii,18,Imipenem,441,433,8,0.5388279445727483,0.6789838337182448,0.14015588914549648
0,implicit_species_hypernetwork_no_enrichment,1,citrobacter_freundii,Citrobacter freundii,19,Levofloxacin,0,0,0,,,
0,implicit_species_hypernetwork_no_enrichment,1,citrobacter_freundii,Citrobacter freundii,20,Linezolid,0,0,0,,,
0,implicit_species_hypernetwork_no_enrichment,1,citrobacter_freundii,Citrobacter freundii,21,Meropenem,441,434,7,0.49736668861092825,0.7748518762343647,0.27748518762343644
0,implicit_species_hypernetwork_no_enrichment,1,citrobacter_freundii,Citrobacter freundii,22,Micafungin,0,0,0,,,
0,implicit_species_hypernetwork_no_enrichment,1,citrobacter_freundii,Citrobacter freundii,23,Moxifloxacin,324,219,105,0.5095238095238095,0.5781256794955425,0.06860186997173301
0,implicit_species_hypernetwork_no_enrichment,1,citrobacter_freundii,Citrobacter freundii,24,Mupirocin,0,0,0,,,
0,implicit_species_hypernetwork_no_enrichment,1,citrobacter_freundii,Citrobacter freundii,25,Nitrofurantoin,0,0,0,,,
0,implicit_species_hypernetwork_no_enrichment,1,citrobacter_freundii,Citrobacter freundii,26,Oxacillin,0,0,0,,,
0,implicit_species_hypernetwork_no_enrichment,1,citrobacter_freundii,Citrobacter freundii,27,Piperacillin,0,0,0,,,
0,implicit_species_hypernetwork_no_enrichment,1,citrobacter_freundii,Citrobacter freundii,28,Piperacillin-Tazobactam,441,254,187,0.45219798728367516,0.7705903406459219,0.31839235336224675
0,implicit_species_hypernetwork_no_enrichment,1,citrobacter_freundii,Citrobacter freundii,29,Rifampicin,0,0,0,,,
0,implicit_species_hypernetwork_no_enrichment,1,citrobacter_freundii,Citrobacter freundii,30,Teicoplanin,0,0,0,,,
0,implicit_species_hypernetwork_no_enrichment,1,citrobacter_freundii,Citrobacter freundii,31,Tetracycline,0,0,0,,,
0,implicit_species_hypernetwork_no_enrichment,1,citrobacter_freundii,Citrobacter freundii,32,Tigecycline,0,0,0,,,
0,implicit_species_hypernetwork_no_enrichment,1,citrobacter_freundii,Citrobacter freundii,33,Tobramycin,0,0,0,,,
0,implicit_species_hypernetwork_no_enrichment,1,citrobacter_freundii,Citrobacter freundii,34,Vancomycin,0,0,0,,,
0,implicit_species_hypernetwork_no_enrichment,1,citrobacter_freundii,Citrobacter freundii,35,Voriconazole,0,0,0,,,
0,implicit_species_hypernetwork_no_enrichment,2,citrobacter_koseri,Citrobacter koseri,0,Amikacin,0,0,0,,,
0,implicit_species_hypernetwork_no_enrichment,2,citrobacter_koseri,Citrobacter koseri,1,Ampicillin,446,0,446,,,
0,implicit_species_hypernetwork_no_enrichment,2,citrobacter_koseri,Citrobacter koseri,2,Azithromycin,0,0,0,,,
0,implicit_species_hypernetwork_no_enrichment,2,citrobacter_koseri,Citrobacter koseri,3,Caspofungin,0,0,0,,,
0,implicit_species_hypernetwork_no_enrichment,2,citrobacter_koseri,Citrobacter koseri,4,Cefepime,0,0,0,,,
0,implicit_species_hypernetwork_no_enrichment,2,citrobacter_koseri,Citrobacter koseri,5,Ceftazidime,446,427,19,0.5814741772463947,0.7311105632934796,0.14963638604708485
0,implicit_species_hypernetwork_no_enrichment,2,citrobacter_koseri,Citrobacter koseri,6,Ceftazidime-Avibactam,0,0,0,,,
0,implicit_species_hypernetwork_no_enrichment,2,citrobacter_koseri,Citrobacter koseri,7,Ceftolozane-Tazobactam,0,0,0,,,
0,implicit_species_hypernetwork_no_enrichment,2,citrobacter_koseri,Citrobacter koseri,8,Ceftriaxone,269,260,9,0.5895299145299145,0.7790598290598291,0.18952991452991452
0,implicit_species_hypernetwork_no_enrichment,2,citrobacter_koseri,Citrobacter koseri,9,Ciprofloxacin,446,442,4,0.4066742081447964,0.7720588235294118,0.3653846153846154
0,implicit_species_hypernetwork_no_enrichment,2,citrobacter_koseri,Citrobacter koseri,10,Clarithromycin,0,0,0,,,
0,implicit_species_hypernetwork_no_enrichment,2,citrobacter_koseri,Citrobacter koseri,11,Clindamycin,0,0,0,,,
0,implicit_species_hypernetwork_no_enrichment,2,citrobacter_koseri,Citrobacter koseri,12,Cotrimoxazole,446,441,5,0.7024943310657596,0.6430839002267574,-0.059410430839002215
0,implicit_species_hypernetwork_no_enrichment,2,citrobacter_koseri,Citrobacter koseri,13,Ertapenem,0,0,0,,,
0,implicit_species_hypernetwork_no_enrichment,2,citrobacter_koseri,Citrobacter koseri,14,Erythromycin,0,0,0,,,
0,implicit_species_hypernetwork_no_enrichment,2,citrobacter_koseri,Citrobacter koseri,15,Fosfomycin,134,133,1,0.34210526315789475,0.5075187969924813,0.1654135338345865
0,implicit_species_hypernetwork_no_enrichment,2,citrobacter_koseri,Citrobacter koseri,16,Fusidic acid,0,0,0,,,
0,implicit_species_hypernetwork_no_enrichment,2,citrobacter_koseri,Citrobacter koseri,17,Gentamicin,440,171,269,0.45302071784169223,0.5050544577056023,0.05203373986391008
0,implicit_species_hypernetwork_no_enrichment,2,citrobacter_koseri,Citrobacter koseri,18,Imipenem,446,444,2,0.3902027027027027,0.561936936936937,0.17173423423423434
0,implicit_species_hypernetwork_no_enrichment,2,citrobacter_koseri,Citrobacter koseri,19,Levofloxacin,0,0,0,,,
0,implicit_species_hypernetwork_no_enrichment,2,citrobacter_koseri,Citrobacter koseri,20,Linezolid,0,0,0,,,
0,implicit_species_hypernetwork_no_enrichment,2,citrobacter_koseri,Citrobacter koseri,21,Meropenem,446,445,1,0.3,0.6674157303370787,0.3674157303370787
0,implicit_species_hypernetwork_no_enrichment,2,citrobacter_koseri,Citrobacter koseri,22,Micafungin,0,0,0,,,
0,implicit_species_hypernetwork_no_enrichment,2,citrobacter_koseri,Citrobacter koseri,23,Moxifloxacin,275,256,19,0.49126233552631576,0.6336348684210527,0.1423725328947369
0,implicit_species_hypernetwork_no_enrichment,2,citrobacter_koseri,Citrobacter koseri,24,Mupirocin,0,0,0,,,
0,implicit_species_hypernetwork_no_enrichment,2,citrobacter_koseri,Citrobacter koseri,25,Nitrofurantoin,0,0,0,,,
0,implicit_species_hypernetwork_no_enrichment,2,citrobacter_koseri,Citrobacter koseri,26,Oxacillin,0,0,0,,,
0,implicit_species_hypernetwork_no_enrichment,2,citrobacter_koseri,Citrobacter koseri,27,Piperacillin,0,0,0,,,
0,implicit_species_hypernetwork_no_enrichment,2,citrobacter_koseri,Citrobacter koseri,28,Piperacillin-Tazobactam,446,400,46,0.5621739130434782,0.6322282608695652,0.070054347826087
0,implicit_species_hypernetwork_no_enrichment,2,citrobacter_koseri,Citrobacter koseri,29,Rifampicin,0,0,0,,,
0,implicit_species_hypernetwork_no_enrichment,2,citrobacter_koseri,Citrobacter koseri,30,Teicoplanin,0,0,0,,,
0,implicit_species_hypernetwork_no_enrichment,2,citrobacter_koseri,Citrobacter koseri,31,Tetracycline,0,0,0,,,
0,implicit_species_hypernetwork_no_enrichment,2,citrobacter_koseri,Citrobacter koseri,32,Tigecycline,0,0,0,,,
0,implicit_species_hypernetwork_no_enrichment,2,citrobacter_koseri,Citrobacter koseri,33,Tobramycin,0,0,0,,,
0,implicit_species_hypernetwork_no_enrichment,2,citrobacter_koseri,Citrobacter koseri,34,Vancomycin,0,0,0,,,
0,implicit_species_hypernetwork_no_enrichment,2,citrobacter_koseri,Citrobacter koseri,35,Voriconazole,0,0,0,,,
0,implicit_species_hypernetwork_no_enrichment,3,enterobacter_cloacae_complex,Enterobacter cloacae complex,0,Amikacin,1,0,1,,,
0,implicit_species_hypernetwork_no_enrichment,3,enterobacter_cloacae_complex,Enterobacter cloacae complex,1,Ampicillin,1541,12,1529,0.5117724002616089,0.7468661434488773,0.2350937431872684
0,implicit_species_hypernetwork_no_enrichment,3,enterobacter_cloacae_complex,Enterobacter cloacae complex,2,Azithromycin,0,0,0,,,
0,implicit_species_hypernetwork_no_enrichment,3,enterobacter_cloacae_complex,Enterobacter cloacae complex,3,Caspofungin,0,0,0,,,
0,implicit_species_hypernetwork_no_enrichment,3,enterobacter_cloacae_complex,Enterobacter cloacae complex,4,Cefepime,1,1,0,,,
0,implicit_species_hypernetwork_no_enrichment,3,enterobacter_cloacae_complex,Enterobacter cloacae complex,5,Ceftazidime,1542,937,605,0.48064245834693103,0.7633303050883337,0.2826878467414026
0,implicit_species_hypernetwork_no_enrichment,3,enterobacter_cloacae_complex,Enterobacter cloacae complex,6,Ceftazidime-Avibactam,0,0,0,,,
0,implicit_species_hypernetwork_no_enrichment,3,enterobacter_cloacae_complex,Enterobacter cloacae complex,7,Ceftolozane-Tazobactam,0,0,0,,,
0,implicit_species_hypernetwork_no_enrichment,3,enterobacter_cloacae_complex,Enterobacter cloacae complex,8,Ceftriaxone,1156,705,451,0.4744146184208457,0.7823009545375917,0.30788633611674604
0,implicit_species_hypernetwork_no_enrichment,3,enterobacter_cloacae_complex,Enterobacter cloacae complex,9,Ciprofloxacin,1543,1480,63,0.47038824538824536,0.6474581724581725,0.17706992706992714
0,implicit_species_hypernetwork_no_enrichment,3,enterobacter_cloacae_complex,Enterobacter cloacae complex,10,Clarithromycin,0,0,0,,,
0,implicit_species_hypernetwork_no_enrichment,3,enterobacter_cloacae_complex,Enterobacter cloacae complex,11,Clindamycin,1,0,1,,,
0,implicit_species_hypernetwork_no_enrichment,3,enterobacter_cloacae_complex,Enterobacter cloacae complex,12,Cotrimoxazole,1543,1467,76,0.5499766799411616,0.6208831126896996,0.07090643274853803
0,implicit_species_hypernetwork_no_enrichment,3,enterobacter_cloacae_complex,Enterobacter cloacae complex,13,Ertapenem,3,2,1,1.0,1.0,0.0
0,implicit_species_hypernetwork_no_enrichment,3,enterobacter_cloacae_complex,Enterobacter cloacae complex,14,Erythromycin,1,0,1,,,
0,implicit_species_hypernetwork_no_enrichment,3,enterobacter_cloacae_complex,Enterobacter cloacae complex,15,Fosfomycin,270,122,148,0.5301284891448826,0.49988923349579095,-0.03023925564909169
0,implicit_species_hypernetwork_no_enrichment,3,enterobacter_cloacae_complex,Enterobacter cloacae complex,16,Fusidic acid,0,0,0,,,
0,implicit_species_hypernetwork_no_enrichment,3,enterobacter_cloacae_complex,Enterobacter cloacae complex,17,Gentamicin,1540,617,923,0.49633444602285204,0.5552730420673899,0.05893859604453788
0,implicit_species_hypernetwork_no_enrichment,3,enterobacter_cloacae_complex,Enterobacter cloacae complex,18,Imipenem,1543,1512,31,0.518721198156682,0.5736260454002389,0.05490484724355682
0,implicit_species_hypernetwork_no_enrichment,3,enterobacter_cloacae_complex,Enterobacter cloacae complex,19,Levofloxacin,0,0,0,,,
0,implicit_species_hypernetwork_no_enrichment,3,enterobacter_cloacae_complex,Enterobacter cloacae complex,20,Linezolid,1,1,0,,,
0,implicit_species_hypernetwork_no_enrichment,3,enterobacter_cloacae_complex,Enterobacter cloacae complex,21,Meropenem,1542,1527,15,0.4661427635887361,0.6146474568871425,0.14850469329840643
0,implicit_species_hypernetwork_no_enrichment,3,enterobacter_cloacae_complex,Enterobacter cloacae complex,22,Micafungin,0,0,0,,,
0,implicit_species_hypernetwork_no_enrichment,3,enterobacter_cloacae_complex,Enterobacter cloacae complex,23,Moxifloxacin,1230,1095,135,0.4984441062066633,0.5979807204464738,0.09953661423981047
0,implicit_species_hypernetwork_no_enrichment,3,enterobacter_cloacae_complex,Enterobacter cloacae complex,24,Mupirocin,0,0,0,,,
0,implicit_species_hypernetwork_no_enrichment,3,enterobacter_cloacae_complex,Enterobacter cloacae complex,25,Nitrofurantoin,0,0,0,,,
0,implicit_species_hypernetwork_no_enrichment,3,enterobacter_cloacae_complex,Enterobacter cloacae complex,26,Oxacillin,0,0,0,,,
0,implicit_species_hypernetwork_no_enrichment,3,enterobacter_cloacae_complex,Enterobacter cloacae complex,27,Piperacillin,1,1,0,,,
0,implicit_species_hypernetwork_no_enrichment,3,enterobacter_cloacae_complex,Enterobacter cloacae complex,28,Piperacillin-Tazobactam,1543,929,614,0.47861523195758815,0.7603075703972259,0.2816923384396377
0,implicit_species_hypernetwork_no_enrichment,3,enterobacter_cloacae_complex,Enterobacter cloacae complex,29,Rifampicin,0,0,0,,,
0,implicit_species_hypernetwork_no_enrichment,3,enterobacter_cloacae_complex,Enterobacter cloacae complex,30,Teicoplanin,0,0,0,,,
0,implicit_species_hypernetwork_no_enrichment,3,enterobacter_cloacae_complex,Enterobacter cloacae complex,31,Tetracycline,0,0,0,,,
0,implicit_species_hypernetwork_no_enrichment,3,enterobacter_cloacae_complex,Enterobacter cloacae complex,32,Tigecycline,1,1,0,,,
0,implicit_species_hypernetwork_no_enrichment,3,enterobacter_cloacae_complex,Enterobacter cloacae complex,33,Tobramycin,1,0,1,,,
0,implicit_species_hypernetwork_no_enrichment,3,enterobacter_cloacae_complex,Enterobacter cloacae complex,34,Vancomycin,1,1,0,,,
0,implicit_species_hypernetwork_no_enrichment,3,enterobacter_cloacae_complex,Enterobacter cloacae complex,35,Voriconazole,0,0,0,,,
0,implicit_species_hypernetwork_no_enrichment,4,enterococcus_faecalis,Enterococcus faecalis,0,Amikacin,0,0,0,,,
0,implicit_species_hypernetwork_no_enrichment,4,enterococcus_faecalis,Enterococcus faecalis,1,Ampicillin,4188,4182,6,0.4696516818109358,0.36483739837398377,-0.10481428343695204
0,implicit_species_hypernetwork_no_enrichment,4,enterococcus_faecalis,Enterococcus faecalis,2,Azithromycin,0,0,0,,,
0,implicit_species_hypernetwork_no_enrichment,4,enterococcus_faecalis,Enterococcus faecalis,3,Caspofungin,0,0,0,,,
0,implicit_species_hypernetwork_no_enrichment,4,enterococcus_faecalis,Enterococcus faecalis,4,Cefepime,0,0,0,,,
0,implicit_species_hypernetwork_no_enrichment,4,enterococcus_faecalis,Enterococcus faecalis,5,Ceftazidime,72,0,72,,,
0,implicit_species_hypernetwork_no_enrichment,4,enterococcus_faecalis,Enterococcus faecalis,6,Ceftazidime-Avibactam,0,0,0,,,
0,implicit_species_hypernetwork_no_enrichment,4,enterococcus_faecalis,Enterococcus faecalis,7,Ceftolozane-Tazobactam,0,0,0,,,
0,implicit_species_hypernetwork_no_enrichment,4,enterococcus_faecalis,Enterococcus faecalis,8,Ceftriaxone,0,0,0,,,
0,implicit_species_hypernetwork_no_enrichment,4,enterococcus_faecalis,Enterococcus faecalis,9,Ciprofloxacin,0,0,0,,,
0,implicit_species_hypernetwork_no_enrichment,4,enterococcus_faecalis,Enterococcus faecalis,10,Clarithromycin,0,0,0,,,
0,implicit_species_hypernetwork_no_enrichment,4,enterococcus_faecalis,Enterococcus faecalis,11,Clindamycin,4145,0,4145,,,
0,implicit_species_hypernetwork_no_enrichment,4,enterococcus_faecalis,Enterococcus faecalis,12,Cotrimoxazole,0,0,0,,,
0,implicit_species_hypernetwork_no_enrichment,4,enterococcus_faecalis,Enterococcus faecalis,13,Ertapenem,0,0,0,,,
0,implicit_species_hypernetwork_no_enrichment,4,enterococcus_faecalis,Enterococcus faecalis,14,Erythromycin,4100,0,4100,,,
0,implicit_species_hypernetwork_no_enrichment,4,enterococcus_faecalis,Enterococcus faecalis,15,Fosfomycin,0,0,0,,,
0,implicit_species_hypernetwork_no_enrichment,4,enterococcus_faecalis,Enterococcus faecalis,16,Fusidic acid,0,0,0,,,
0,implicit_species_hypernetwork_no_enrichment,4,enterococcus_faecalis,Enterococcus faecalis,17,Gentamicin,0,0,0,,,
0,implicit_species_hypernetwork_no_enrichment,4,enterococcus_faecalis,Enterococcus faecalis,18,Imipenem,4188,2564,1624,0.4897726574087594,0.8688626578314365,0.37909000042267704
0,implicit_species_hypernetwork_no_enrichment,4,enterococcus_faecalis,Enterococcus faecalis,19,Levofloxacin,0,0,0,,,
0,implicit_species_hypernetwork_no_enrichment,4,enterococcus_faecalis,Enterococcus faecalis,20,Linezolid,4122,4117,5,0.5922030604809327,0.5743502550400778,-0.01785280544085499
0,implicit_species_hypernetwork_no_enrichment,4,enterococcus_faecalis,Enterococcus faecalis,21,Meropenem,72,0,72,,,
0,implicit_species_hypernetwork_no_enrichment,4,enterococcus_faecalis,Enterococcus faecalis,22,Micafungin,0,0,0,,,
0,implicit_species_hypernetwork_no_enrichment,4,enterococcus_faecalis,Enterococcus faecalis,23,Moxifloxacin,0,0,0,,,
0,implicit_species_hypernetwork_no_enrichment,4,enterococcus_faecalis,Enterococcus faecalis,24,Mupirocin,0,0,0,,,
0,implicit_species_hypernetwork_no_enrichment,4,enterococcus_faecalis,Enterococcus faecalis,25,Nitrofurantoin,1908,1894,14,0.5010559662090813,0.5836098959119023,0.08255392970282094
0,implicit_species_hypernetwork_no_enrichment,4,enterococcus_faecalis,Enterococcus faecalis,26,Oxacillin,0,0,0,,,
0,implicit_species_hypernetwork_no_enrichment,4,enterococcus_faecalis,Enterococcus faecalis,27,Piperacillin,0,0,0,,,
0,implicit_species_hypernetwork_no_enrichment,4,enterococcus_faecalis,Enterococcus faecalis,28,Piperacillin-Tazobactam,69,69,0,,,
0,implicit_species_hypernetwork_no_enrichment,4,enterococcus_faecalis,Enterococcus faecalis,29,Rifampicin,0,0,0,,,
0,implicit_species_hypernetwork_no_enrichment,4,enterococcus_faecalis,Enterococcus faecalis,30,Teicoplanin,2,2,0,,,
0,implicit_species_hypernetwork_no_enrichment,4,enterococcus_faecalis,Enterococcus faecalis,31,Tetracycline,0,0,0,,,
0,implicit_species_hypernetwork_no_enrichment,4,enterococcus_faecalis,Enterococcus faecalis,32,Tigecycline,4131,4131,0,,,
0,implicit_species_hypernetwork_no_enrichment,4,enterococcus_faecalis,Enterococcus faecalis,33,Tobramycin,0,0,0,,,
0,implicit_species_hypernetwork_no_enrichment,4,enterococcus_faecalis,Enterococcus faecalis,34,Vancomycin,4185,4182,3,0.8010919815080504,0.35110792284393433,-0.44998405866411606
0,implicit_species_hypernetwork_no_enrichment,4,enterococcus_faecalis,Enterococcus faecalis,35,Voriconazole,0,0,0,,,
0,implicit_species_hypernetwork_no_enrichment,5,enterococcus_faecium,Enterococcus faecium,0,Amikacin,0,0,0,,,
0,implicit_species_hypernetwork_no_enrichment,5,enterococcus_faecium,Enterococcus faecium,1,Ampicillin,2468,160,2308,0.6164983210571924,0.7588022638648181,0.1423039428076257
0,implicit_species_hypernetwork_no_enrichment,5,enterococcus_faecium,Enterococcus faecium,2,Azithromycin,0,0,0,,,
0,implicit_species_hypernetwork_no_enrichment,5,enterococcus_faecium,Enterococcus faecium,3,Caspofungin,0,0,0,,,
0,implicit_species_hypernetwork_no_enrichment,5,enterococcus_faecium,Enterococcus faecium,4,Cefepime,0,0,0,,,
0,implicit_species_hypernetwork_no_enrichment,5,enterococcus_faecium,Enterococcus faecium,5,Ceftazidime,22,0,22,,,
0,implicit_species_hypernetwork_no_enrichment,5,enterococcus_faecium,Enterococcus faecium,6,Ceftazidime-Avibactam,0,0,0,,,
0,implicit_species_hypernetwork_no_enrichment,5,enterococcus_faecium,Enterococcus faecium,7,Ceftolozane-Tazobactam,0,0,0,,,
0,implicit_species_hypernetwork_no_enrichment,5,enterococcus_faecium,Enterococcus faecium,8,Ceftriaxone,0,0,0,,,
0,implicit_species_hypernetwork_no_enrichment,5,enterococcus_faecium,Enterococcus faecium,9,Ciprofloxacin,0,0,0,,,
0,implicit_species_hypernetwork_no_enrichment,5,enterococcus_faecium,Enterococcus faecium,10,Clarithromycin,0,0,0,,,
0,implicit_species_hypernetwork_no_enrichment,5,enterococcus_faecium,Enterococcus faecium,11,Clindamycin,2451,0,2451,,,
0,implicit_species_hypernetwork_no_enrichment,5,enterococcus_faecium,Enterococcus faecium,12,Cotrimoxazole,0,0,0,,,
0,implicit_species_hypernetwork_no_enrichment,5,enterococcus_faecium,Enterococcus faecium,13,Ertapenem,0,0,0,,,
0,implicit_species_hypernetwork_no_enrichment,5,enterococcus_faecium,Enterococcus faecium,14,Erythromycin,2431,0,2431,,,
0,implicit_species_hypernetwork_no_enrichment,5,enterococcus_faecium,Enterococcus faecium,15,Fosfomycin,2,0,2,,,
0,implicit_species_hypernetwork_no_enrichment,5,enterococcus_faecium,Enterococcus faecium,16,Fusidic acid,0,0,0,,,
0,implicit_species_hypernetwork_no_enrichment,5,enterococcus_faecium,Enterococcus faecium,17,Gentamicin,0,0,0,,,
0,implicit_species_hypernetwork_no_enrichment,5,enterococcus_faecium,Enterococcus faecium,18,Imipenem,2468,87,2381,0.4233636016934834,0.835693975775657,0.41233037408217355
0,implicit_species_hypernetwork_no_enrichment,5,enterococcus_faecium,Enterococcus faecium,19,Levofloxacin,0,0,0,,,
0,implicit_species_hypernetwork_no_enrichment,5,enterococcus_faecium,Enterococcus faecium,20,Linezolid,2447,2375,72,0.5122368421052631,0.6283859649122807,0.11614912280701761
0,implicit_species_hypernetwork_no_enrichment,5,enterococcus_faecium,Enterococcus faecium,21,Meropenem,22,0,22,,,
0,implicit_species_hypernetwork_no_enrichment,5,enterococcus_faecium,Enterococcus faecium,22,Micafungin,0,0,0,,,
0,implicit_species_hypernetwork_no_enrichment,5,enterococcus_faecium,Enterococcus faecium,23,Moxifloxacin,3,0,3,,,
0,implicit_species_hypernetwork_no_enrichment,5,enterococcus_faecium,Enterococcus faecium,24,Mupirocin,0,0,0,,,
0,implicit_species_hypernetwork_no_enrichment,5,enterococcus_faecium,Enterococcus faecium,25,Nitrofurantoin,0,0,0,,,
0,implicit_species_hypernetwork_no_enrichment,5,enterococcus_faecium,Enterococcus faecium,26,Oxacillin,0,0,0,,,
0,implicit_species_hypernetwork_no_enrichment,5,enterococcus_faecium,Enterococcus faecium,27,Piperacillin,0,0,0,,,
0,implicit_species_hypernetwork_no_enrichment,5,enterococcus_faecium,Enterococcus faecium,28,Piperacillin-Tazobactam,23,1,22,0.4090909090909091,0.5,0.09090909090909088
0,implicit_species_hypernetwork_no_enrichment,5,enterococcus_faecium,Enterococcus faecium,29,Rifampicin,0,0,0,,,
0,implicit_species_hypernetwork_no_enrichment,5,enterococcus_faecium,Enterococcus faecium,30,Teicoplanin,138,87,51,0.4818571106603561,0.30268199233716475,-0.17917511832319133
0,implicit_species_hypernetwork_no_enrichment,5,enterococcus_faecium,Enterococcus faecium,31,Tetracycline,0,0,0,,,
0,implicit_species_hypernetwork_no_enrichment,5,enterococcus_faecium,Enterococcus faecium,32,Tigecycline,2430,2429,1,0.39851790860436387,0.1414162206669411,-0.2571016879374228
0,implicit_species_hypernetwork_no_enrichment,5,enterococcus_faecium,Enterococcus faecium,33,Tobramycin,0,0,0,,,
0,implicit_species_hypernetwork_no_enrichment,5,enterococcus_faecium,Enterococcus faecium,34,Vancomycin,2469,1346,1123,0.4761084258758182,0.7761776259991346,0.30006920012331645
0,implicit_species_hypernetwork_no_enrichment,5,enterococcus_faecium,Enterococcus faecium,35,Voriconazole,0,0,0,,,
0,implicit_species_hypernetwork_no_enrichment,6,escherichia_coli,Escherichia coli,0,Amikacin,4,3,1,0.0,1.0,1.0
0,implicit_species_hypernetwork_no_enrichment,6,escherichia_coli,Escherichia coli,1,Ampicillin,9493,4402,5091,0.5184291510144626,0.6427417636900282,0.12431261267556559
0,implicit_species_hypernetwork_no_enrichment,6,escherichia_coli,Escherichia coli,2,Azithromycin,0,0,0,,,
0,implicit_species_hypernetwork_no_enrichment,6,escherichia_coli,Escherichia coli,3,Caspofungin,0,0,0,,,
0,implicit_species_hypernetwork_no_enrichment,6,escherichia_coli,Escherichia coli,4,Cefepime,4,1,3,0.0,0.6666666666666666,0.6666666666666666
0,implicit_species_hypernetwork_no_enrichment,6,escherichia_coli,Escherichia coli,5,Ceftazidime,9497,7678,1819,0.5114963667495759,0.7493203989436845,0.23782403219410864
0,implicit_species_hypernetwork_no_enrichment,6,escherichia_coli,Escherichia coli,6,Ceftazidime-Avibactam,1,1,0,,,
0,implicit_species_hypernetwork_no_enrichment,6,escherichia_coli,Escherichia coli,7,Ceftolozane-Tazobactam,0,0,0,,,
0,implicit_species_hypernetwork_no_enrichment,6,escherichia_coli,Escherichia coli,8,Ceftriaxone,4182,3235,947,0.48963814796257277,0.837194002373068,0.3475558544104952
0,implicit_species_hypernetwork_no_enrichment,6,escherichia_coli,Escherichia coli,9,Ciprofloxacin,9490,7412,2078,0.5428547053473621,0.7180276164293056,0.17517291108194344
0,implicit_species_hypernetwork_no_enrichment,6,escherichia_coli,Escherichia coli,10,Clarithromycin,0,0,0,,,
0,implicit_species_hypernetwork_no_enrichment,6,escherichia_coli,Escherichia coli,11,Clindamycin,1,1,0,,,
0,implicit_species_hypernetwork_no_enrichment,6,escherichia_coli,Escherichia coli,12,Cotrimoxazole,9492,6929,2563,0.5488212276494653,0.6134160109109581,0.06459478326149282
0,implicit_species_hypernetwork_no_enrichment,6,escherichia_coli,Escherichia coli,13,Ertapenem,600,594,6,0.8285634118967452,0.30387205387205385,-0.5246913580246914
0,implicit_species_hypernetwork_no_enrichment,6,escherichia_coli,Escherichia coli,14,Erythromycin,1,1,0,,,
0,implicit_species_hypernetwork_no_enrichment,6,escherichia_coli,Escherichia coli,15,Fosfomycin,2795,2757,38,0.5692447931580856,0.5374692171124219,-0.03177557604566372
0,implicit_species_hypernetwork_no_enrichment,6,escherichia_coli,Escherichia coli,16,Fusidic acid,0,0,0,,,
0,implicit_species_hypernetwork_no_enrichment,6,escherichia_coli,Escherichia coli,17,Gentamicin,9358,3127,6231,0.5095520057982984,0.5890970783352802,0.07954507253698184
0,implicit_species_hypernetwork_no_enrichment,6,escherichia_coli,Escherichia coli,18,Imipenem,9493,9470,23,0.5316858730085855,0.7115283963087093,0.17984252330012385
0,implicit_species_hypernetwork_no_enrichment,6,escherichia_coli,Escherichia coli,19,Levofloxacin,1,1,0,,,
0,implicit_species_hypernetwork_no_enrichment,6,escherichia_coli,Escherichia coli,20,Linezolid,1,1,0,,,
0,implicit_species_hypernetwork_no_enrichment,6,escherichia_coli,Escherichia coli,21,Meropenem,9495,9474,21,0.465934336580315,0.7569136584336078,0.2909793218532928
0,implicit_species_hypernetwork_no_enrichment,6,escherichia_coli,Escherichia coli,22,Micafungin,0,0,0,,,
0,implicit_species_hypernetwork_no_enrichment,6,escherichia_coli,Escherichia coli,23,Moxifloxacin,4342,2868,1474,0.5202148727643637,0.7458816605447468,0.22566678778038307
0,implicit_species_hypernetwork_no_enrichment,6,escherichia_coli,Escherichia coli,24,Mupirocin,0,0,0,,,
0,implicit_species_hypernetwork_no_enrichment,6,escherichia_coli,Escherichia coli,25,Nitrofurantoin,5147,5068,79,0.5389874916327816,0.5731607105391985,0.03417321890641689
0,implicit_species_hypernetwork_no_enrichment,6,escherichia_coli,Escherichia coli,26,Oxacillin,1,1,0,,,
0,implicit_species_hypernetwork_no_enrichment,6,escherichia_coli,Escherichia coli,27,Piperacillin,6,2,4,0.4375,0.625,0.1875
0,implicit_species_hypernetwork_no_enrichment,6,escherichia_coli,Escherichia coli,28,Piperacillin-Tazobactam,9442,7275,2167,0.515461538827492,0.7170867289251297,0.20162519009763769
0,implicit_species_hypernetwork_no_enrichment,6,escherichia_coli,Escherichia coli,29,Rifampicin,1,1,0,,,
0,implicit_species_hypernetwork_no_enrichment,6,escherichia_coli,Escherichia coli,30,Teicoplanin,0,0,0,,,
0,implicit_species_hypernetwork_no_enrichment,6,escherichia_coli,Escherichia coli,31,Tetracycline,1,0,1,,,
0,implicit_species_hypernetwork_no_enrichment,6,escherichia_coli,Escherichia coli,32,Tigecycline,5,4,1,0.25,0.5,0.25
0,implicit_species_hypernetwork_no_enrichment,6,escherichia_coli,Escherichia coli,33,Tobramycin,4,3,1,0.0,1.0,1.0
0,implicit_species_hypernetwork_no_enrichment,6,escherichia_coli,Escherichia coli,34,Vancomycin,1,1,0,,,
0,implicit_species_hypernetwork_no_enrichment,6,escherichia_coli,Escherichia coli,35,Voriconazole,0,0,0,,,
0,implicit_species_hypernetwork_no_enrichment,7,haemophilus_influenzae,Haemophilus influenzae,0,Amikacin,0,0,0,,,
0,implicit_species_hypernetwork_no_enrichment,7,haemophilus_influenzae,Haemophilus influenzae,1,Ampicillin,179,136,43,0.47871067031463743,0.501453488372093,0.022742818057455594
0,implicit_species_hypernetwork_no_enrichment,7,haemophilus_influenzae,Haemophilus influenzae,2,Azithromycin,0,0,0,,,
0,implicit_species_hypernetwork_no_enrichment,7,haemophilus_influenzae,Haemophilus influenzae,3,Caspofungin,0,0,0,,,
0,implicit_species_hypernetwork_no_enrichment,7,haemophilus_influenzae,Haemophilus influenzae,4,Cefepime,0,0,0,,,
0,implicit_species_hypernetwork_no_enrichment,7,haemophilus_influenzae,Haemophilus influenzae,5,Ceftazidime,0,0,0,,,
0,implicit_species_hypernetwork_no_enrichment,7,haemophilus_influenzae,Haemophilus influenzae,6,Ceftazidime-Avibactam,0,0,0,,,
0,implicit_species_hypernetwork_no_enrichment,7,haemophilus_influenzae,Haemophilus influenzae,7,Ceftolozane-Tazobactam,0,0,0,,,
0,implicit_species_hypernetwork_no_enrichment,7,haemophilus_influenzae,Haemophilus influenzae,8,Ceftriaxone,2,2,0,,,
0,implicit_species_hypernetwork_no_enrichment,7,haemophilus_influenzae,Haemophilus influenzae,9,Ciprofloxacin,180,175,5,0.3565714285714286,0.5337142857142857,0.1771428571428571
0,implicit_species_hypernetwork_no_enrichment,7,haemophilus_influenzae,Haemophilus influenzae,10,Clarithromycin,0,0,0,,,
0,implicit_species_hypernetwork_no_enrichment,7,haemophilus_influenzae,Haemophilus influenzae,11,Clindamycin,0,0,0,,,
0,implicit_species_hypernetwork_no_enrichment,7,haemophilus_influenzae,Haemophilus influenzae,12,Cotrimoxazole,178,149,29,0.6234667900948854,0.4449201573709789,-0.17854663272390647
0,implicit_species_hypernetwork_no_enrichment,7,haemophilus_influenzae,Haemophilus influenzae,13,Ertapenem,0,0,0,,,
0,implicit_species_hypernetwork_no_enrichment,7,haemophilus_influenzae,Haemophilus influenzae,14,Erythromycin,0,0,0,,,
0,implicit_species_hypernetwork_no_enrichment,7,haemophilus_influenzae,Haemophilus influenzae,15,Fosfomycin,0,0,0,,,
0,implicit_species_hypernetwork_no_enrichment,7,haemophilus_influenzae,Haemophilus influenzae,16,Fusidic acid,0,0,0,,,
0,implicit_species_hypernetwork_no_enrichment,7,haemophilus_influenzae,Haemophilus influenzae,17,Gentamicin,0,0,0,,,
0,implicit_species_hypernetwork_no_enrichment,7,haemophilus_influenzae,Haemophilus influenzae,18,Imipenem,0,0,0,,,
0,implicit_species_hypernetwork_no_enrichment,7,haemophilus_influenzae,Haemophilus influenzae,19,Levofloxacin,178,174,4,0.40876436781609193,0.8189655172413793,0.4102011494252874
0,implicit_species_hypernetwork_no_enrichment,7,haemophilus_influenzae,Haemophilus influenzae,20,Linezolid,0,0,0,,,
0,implicit_species_hypernetwork_no_enrichment,7,haemophilus_influenzae,Haemophilus influenzae,21,Meropenem,0,0,0,,,
0,implicit_species_hypernetwork_no_enrichment,7,haemophilus_influenzae,Haemophilus influenzae,22,Micafungin,0,0,0,,,
0,implicit_species_hypernetwork_no_enrichment,7,haemophilus_influenzae,Haemophilus influenzae,23,Moxifloxacin,179,175,4,0.4257142857142857,0.6607142857142857,0.235
0,implicit_species_hypernetwork_no_enrichment,7,haemophilus_influenzae,Haemophilus influenzae,24,Mupirocin,0,0,0,,,
0,implicit_species_hypernetwork_no_enrichment,7,haemophilus_influenzae,Haemophilus influenzae,25,Nitrofurantoin,0,0,0,,,
0,implicit_species_hypernetwork_no_enrichment,7,haemophilus_influenzae,Haemophilus influenzae,26,Oxacillin,0,0,0,,,
0,implicit_species_hypernetwork_no_enrichment,7,haemophilus_influenzae,Haemophilus influenzae,27,Piperacillin,0,0,0,,,
0,implicit_species_hypernetwork_no_enrichment,7,haemophilus_influenzae,Haemophilus influenzae,28,Piperacillin-Tazobactam,0,0,0,,,
0,implicit_species_hypernetwork_no_enrichment,7,haemophilus_influenzae,Haemophilus influenzae,29,Rifampicin,0,0,0,,,
0,implicit_species_hypernetwork_no_enrichment,7,haemophilus_influenzae,Haemophilus influenzae,30,Teicoplanin,0,0,0,,,
0,implicit_species_hypernetwork_no_enrichment,7,haemophilus_influenzae,Haemophilus influenzae,31,Tetracycline,0,0,0,,,
0,implicit_species_hypernetwork_no_enrichment,7,haemophilus_influenzae,Haemophilus influenzae,32,Tigecycline,0,0,0,,,
0,implicit_species_hypernetwork_no_enrichment,7,haemophilus_influenzae,Haemophilus influenzae,33,Tobramycin,0,0,0,,,
0,implicit_species_hypernetwork_no_enrichment,7,haemophilus_influenzae,Haemophilus influenzae,34,Vancomycin,0,0,0,,,
0,implicit_species_hypernetwork_no_enrichment,7,haemophilus_influenzae,Haemophilus influenzae,35,Voriconazole,0,0,0,,,
0,implicit_species_hypernetwork_no_enrichment,8,klebsiella_oxytoca,Klebsiella oxytoca,0,Amikacin,1,1,0,,,
0,implicit_species_hypernetwork_no_enrichment,8,klebsiella_oxytoca,Klebsiella oxytoca,1,Ampicillin,1273,6,1267,0.5,0.5666929755327546,0.06669297553275455
0,implicit_species_hypernetwork_no_enrichment,8,klebsiella_oxytoca,Klebsiella oxytoca,2,Azithromycin,0,0,0,,,
0,implicit_species_hypernetwork_no_enrichment,8,klebsiella_oxytoca,Klebsiella oxytoca,3,Caspofungin,0,0,0,,,
0,implicit_species_hypernetwork_no_enrichment,8,klebsiella_oxytoca,Klebsiella oxytoca,4,Cefepime,1,1,0,,,
0,implicit_species_hypernetwork_no_enrichment,8,klebsiella_oxytoca,Klebsiella oxytoca,5,Ceftazidime,1274,1244,30,0.5026527331189711,0.7043542336548767,0.20170150053590563
0,implicit_species_hypernetwork_no_enrichment,8,klebsiella_oxytoca,Klebsiella oxytoca,6,Ceftazidime-Avibactam,0,0,0,,,
0,implicit_species_hypernetwork_no_enrichment,8,klebsiella_oxytoca,Klebsiella oxytoca,7,Ceftolozane-Tazobactam,0,0,0,,,
0,implicit_species_hypernetwork_no_enrichment,8,klebsiella_oxytoca,Klebsiella oxytoca,8,Ceftriaxone,904,872,32,0.4890338302752294,0.7543900516055047,0.26535622133027525
0,implicit_species_hypernetwork_no_enrichment,8,klebsiella_oxytoca,Klebsiella oxytoca,9,Ciprofloxacin,1274,1240,34,0.565642789373814,0.6024786527514232,0.036835863377609246
0,implicit_species_hypernetwork_no_enrichment,8,klebsiella_oxytoca,Klebsiella oxytoca,10,Clarithromycin,0,0,0,,,
0,implicit_species_hypernetwork_no_enrichment,8,klebsiella_oxytoca,Klebsiella oxytoca,11,Clindamycin,0,0,0,,,
0,implicit_species_hypernetwork_no_enrichment,8,klebsiella_oxytoca,Klebsiella oxytoca,12,Cotrimoxazole,1274,1250,24,0.44925000000000004,0.5903666666666667,0.14111666666666667
0,implicit_species_hypernetwork_no_enrichment,8,klebsiella_oxytoca,Klebsiella oxytoca,13,Ertapenem,11,11,0,,,
0,implicit_species_hypernetwork_no_enrichment,8,klebsiella_oxytoca,Klebsiella oxytoca,14,Erythromycin,0,0,0,,,
0,implicit_species_hypernetwork_no_enrichment,8,klebsiella_oxytoca,Klebsiella oxytoca,15,Fosfomycin,268,195,73,0.5187917105725324,0.4593256059009484,-0.059466104671583975
0,implicit_species_hypernetwork_no_enrichment,8,klebsiella_oxytoca,Klebsiella oxytoca,16,Fusidic acid,0,0,0,,,
0,implicit_species_hypernetwork_no_enrichment,8,klebsiella_oxytoca,Klebsiella oxytoca,17,Gentamicin,1258,482,776,0.5294399944389785,0.5702640415793301,0.040824047140351594
0,implicit_species_hypernetwork_no_enrichment,8,klebsiella_oxytoca,Klebsiella oxytoca,18,Imipenem,1273,1272,1,0.02161949685534592,0.07272012578616355,0.051100628930817626
0,implicit_species_hypernetwork_no_enrichment,8,klebsiella_oxytoca,Klebsiella oxytoca,19,Levofloxacin,0,0,0,,,
0,implicit_species_hypernetwork_no_enrichment,8,klebsiella_oxytoca,Klebsiella oxytoca,20,Linezolid,0,0,0,,,
0,implicit_species_hypernetwork_no_enrichment,8,klebsiella_oxytoca,Klebsiella oxytoca,21,Meropenem,1273,1272,1,0.5184748427672956,0.9834905660377358,0.46501572327044016
0,implicit_species_hypernetwork_no_enrichment,8,klebsiella_oxytoca,Klebsiella oxytoca,22,Micafungin,0,0,0,,,
0,implicit_species_hypernetwork_no_enrichment,8,klebsiella_oxytoca,Klebsiella oxytoca,23,Moxifloxacin,940,858,82,0.5002203081471374,0.6012067201091591,0.10098641196202174
0,implicit_species_hypernetwork_no_enrichment,8,klebsiella_oxytoca,Klebsiella oxytoca,24,Mupirocin,0,0,0,,,
0,implicit_species_hypernetwork_no_enrichment,8,klebsiella_oxytoca,Klebsiella oxytoca,25,Nitrofurantoin,0,0,0,,,
0,implicit_species_hypernetwork_no_enrichment,8,klebsiella_oxytoca,Klebsiella oxytoca,26,Oxacillin,0,0,0,,,
0,implicit_species_hypernetwork_no_enrichment,8,klebsiella_oxytoca,Klebsiella oxytoca,27,Piperacillin,1,0,1,,,
0,implicit_species_hypernetwork_no_enrichment,8,klebsiella_oxytoca,Klebsiella oxytoca,28,Piperacillin-Tazobactam,1274,962,312,0.5007096593635055,0.6649058451943067,0.1641961858308012
0,implicit_species_hypernetwork_no_enrichment,8,klebsiella_oxytoca,Klebsiella oxytoca,29,Rifampicin,0,0,0,,,
0,implicit_species_hypernetwork_no_enrichment,8,klebsiella_oxytoca,Klebsiella oxytoca,30,Teicoplanin,0,0,0,,,
0,implicit_species_hypernetwork_no_enrichment,8,klebsiella_oxytoca,Klebsiella oxytoca,31,Tetracycline,0,0,0,,,
0,implicit_species_hypernetwork_no_enrichment,8,klebsiella_oxytoca,Klebsiella oxytoca,32,Tigecycline,0,0,0,,,
0,implicit_species_hypernetwork_no_enrichment,8,klebsiella_oxytoca,Klebsiella oxytoca,33,Tobramycin,1,1,0,,,
0,implicit_species_hypernetwork_no_enrichment,8,klebsiella_oxytoca,Klebsiella oxytoca,34,Vancomycin,0,0,0,,,
0,implicit_species_hypernetwork_no_enrichment,8,klebsiella_oxytoca,Klebsiella oxytoca,35,Voriconazole,0,0,0,,,
0,implicit_species_hypernetwork_no_enrichment,9,klebsiella_pneumoniae,Klebsiella pneumoniae,0,Amikacin,0,0,0,,,
0,implicit_species_hypernetwork_no_enrichment,9,klebsiella_pneumoniae,Klebsiella pneumoniae,1,Ampicillin,3241,7,3234,0.5,0.8343714109020233,0.33437141090202327
0,implicit_species_hypernetwork_no_enrichment,9,klebsiella_pneumoniae,Klebsiella pneumoniae,2,Azithromycin,0,0,0,,,
0,implicit_species_hypernetwork_no_enrichment,9,klebsiella_pneumoniae,Klebsiella pneumoniae,3,Caspofungin,0,0,0,,,
0,implicit_species_hypernetwork_no_enrichment,9,klebsiella_pneumoniae,Klebsiella pneumoniae,4,Cefepime,0,0,0,,,
0,implicit_species_hypernetwork_no_enrichment,9,klebsiella_pneumoniae,Klebsiella pneumoniae,5,Ceftazidime,3239,2440,799,0.5525880198608916,0.8339745891380619,0.2813865692771703
0,implicit_species_hypernetwork_no_enrichment,9,klebsiella_pneumoniae,Klebsiella pneumoniae,6,Ceftazidime-Avibactam,8,6,2,0.7500000000000001,0.6666666666666667,-0.08333333333333337
0,implicit_species_hypernetwork_no_enrichment,9,klebsiella_pneumoniae,Klebsiella pneumoniae,7,Ceftolozane-Tazobactam,4,0,4,,,
0,implicit_species_hypernetwork_no_enrichment,9,klebsiella_pneumoniae,Klebsiella pneumoniae,8,Ceftriaxone,2113,1546,567,0.568160765336272,0.8868400218119924,0.3186792564757204
0,implicit_species_hypernetwork_no_enrichment,9,klebsiella_pneumoniae,Klebsiella pneumoniae,9,Ciprofloxacin,3239,2645,594,0.6059530401685411,0.795775333677035,0.1898222935084939
0,implicit_species_hypernetwork_no_enrichment,9,klebsiella_pneumoniae,Klebsiella pneumoniae,10,Clarithromycin,0,0,0,,,
0,implicit_species_hypernetwork_no_enrichment,9,klebsiella_pneumoniae,Klebsiella pneumoniae,11,Clindamycin,0,0,0,,,
0,implicit_species_hypernetwork_no_enrichment,9,klebsiella_pneumoniae,Klebsiella pneumoniae,12,Cotrimoxazole,3237,2647,590,0.5780058012588604,0.7782331132782234,0.20022731201936306
0,implicit_species_hypernetwork_no_enrichment,9,klebsiella_pneumoniae,Klebsiella pneumoniae,13,Ertapenem,207,187,20,0.6959893048128342,0.8096256684491979,0.11363636363636376
0,implicit_species_hypernetwork_no_enrichment,9,klebsiella_pneumoniae,Klebsiella pneumoniae,14,Erythromycin,0,0,0,,,
0,implicit_species_hypernetwork_no_enrichment,9,klebsiella_pneumoniae,Klebsiella pneumoniae,15,Fosfomycin,862,611,251,0.4776540319898801,0.510987147971127,0.033333115981246886
0,implicit_species_hypernetwork_no_enrichment,9,klebsiella_pneumoniae,Klebsiella pneumoniae,16,Fusidic acid,0,0,0,,,
0,implicit_species_hypernetwork_no_enrichment,9,klebsiella_pneumoniae,Klebsiella pneumoniae,17,Gentamicin,3210,1207,2003,0.5181126404841785,0.5690259143182492,0.05091327383407074
0,implicit_species_hypernetwork_no_enrichment,9,klebsiella_pneumoniae,Klebsiella pneumoniae,18,Imipenem,3237,2989,248,0.7057490367908136,0.9198566787899718,0.21410764199915822
0,implicit_species_hypernetwork_no_enrichment,9,klebsiella_pneumoniae,Klebsiella pneumoniae,19,Levofloxacin,0,0,0,,,
0,implicit_species_hypernetwork_no_enrichment,9,klebsiella_pneumoniae,Klebsiella pneumoniae,20,Linezolid,0,0,0,,,
0,implicit_species_hypernetwork_no_enrichment,9,klebsiella_pneumoniae,Klebsiella pneumoniae,21,Meropenem,3239,2990,249,0.7054344468173698,0.9220661911861492,0.2166317443687794
0,implicit_species_hypernetwork_no_enrichment,9,klebsiella_pneumoniae,Klebsiella pneumoniae,22,Micafungin,0,0,0,,,
0,implicit_species_hypernetwork_no_enrichment,9,klebsiella_pneumoniae,Klebsiella pneumoniae,23,Moxifloxacin,2134,1484,650,0.568578685465478,0.7877576197387518,0.21917893427327384
0,implicit_species_hypernetwork_no_enrichment,9,klebsiella_pneumoniae,Klebsiella pneumoniae,24,Mupirocin,0,0,0,,,
0,implicit_species_hypernetwork_no_enrichment,9,klebsiella_pneumoniae,Klebsiella pneumoniae,25,Nitrofurantoin,0,0,0,,,
0,implicit_species_hypernetwork_no_enrichment,9,klebsiella_pneumoniae,Klebsiella pneumoniae,26,Oxacillin,0,0,0,,,
0,implicit_species_hypernetwork_no_enrichment,9,klebsiella_pneumoniae,Klebsiella pneumoniae,27,Piperacillin,0,0,0,,,
0,implicit_species_hypernetwork_no_enrichment,9,klebsiella_pneumoniae,Klebsiella pneumoniae,28,Piperacillin-Tazobactam,3232,2140,1092,0.5563490637088769,0.7908469840128718,0.23449792030399486
0,implicit_species_hypernetwork_no_enrichment,9,klebsiella_pneumoniae,Klebsiella pneumoniae,29,Rifampicin,0,0,0,,,
0,implicit_species_hypernetwork_no_enrichment,9,klebsiella_pneumoniae,Klebsiella pneumoniae,30,Teicoplanin,0,0,0,,,
0,implicit_species_hypernetwork_no_enrichment,9,klebsiella_pneumoniae,Klebsiella pneumoniae,31,Tetracycline,0,0,0,,,
0,implicit_species_hypernetwork_no_enrichment,9,klebsiella_pneumoniae,Klebsiella pneumoniae,32,Tigecycline,0,0,0,,,
0,implicit_species_hypernetwork_no_enrichment,9,klebsiella_pneumoniae,Klebsiella pneumoniae,33,Tobramycin,0,0,0,,,
0,implicit_species_hypernetwork_no_enrichment,9,klebsiella_pneumoniae,Klebsiella pneumoniae,34,Vancomycin,0,0,0,,,
0,implicit_species_hypernetwork_no_enrichment,9,klebsiella_pneumoniae,Klebsiella pneumoniae,35,Voriconazole,0,0,0,,,
0,implicit_species_hypernetwork_no_enrichment,10,morganella_morganii,Morganella morganii,0,Amikacin,1,0,1,,,
0,implicit_species_hypernetwork_no_enrichment,10,morganella_morganii,Morganella morganii,1,Ampicillin,421,0,421,,,
0,implicit_species_hypernetwork_no_enrichment,10,morganella_morganii,Morganella morganii,2,Azithromycin,0,0,0,,,
0,implicit_species_hypernetwork_no_enrichment,10,morganella_morganii,Morganella morganii,3,Caspofungin,0,0,0,,,
0,implicit_species_hypernetwork_no_enrichment,10,morganella_morganii,Morganella morganii,4,Cefepime,1,0,1,,,
0,implicit_species_hypernetwork_no_enrichment,10,morganella_morganii,Morganella morganii,5,Ceftazidime,423,320,103,0.5546419902912622,0.5380764563106797,-0.01656553398058247
0,implicit_species_hypernetwork_no_enrichment,10,morganella_morganii,Morganella morganii,6,Ceftazidime-Avibactam,0,0,0,,,
0,implicit_species_hypernetwork_no_enrichment,10,morganella_morganii,Morganella morganii,7,Ceftolozane-Tazobactam,0,0,0,,,
0,implicit_species_hypernetwork_no_enrichment,10,morganella_morganii,Morganella morganii,8,Ceftriaxone,273,205,68,0.6260043041606886,0.6414634146341464,0.015459110473457716
0,implicit_species_hypernetwork_no_enrichment,10,morganella_morganii,Morganella morganii,9,Ciprofloxacin,423,384,39,0.5688768696581197,0.4986979166666667,-0.07017895299145299
0,implicit_species_hypernetwork_no_enrichment,10,morganella_morganii,Morganella morganii,10,Clarithromycin,0,0,0,,,
0,implicit_species_hypernetwork_no_enrichment,10,morganella_morganii,Morganella morganii,11,Clindamycin,0,0,0,,,
0,implicit_species_hypernetwork_no_enrichment,10,morganella_morganii,Morganella morganii,12,Cotrimoxazole,423,390,33,0.5554001554001554,0.5588189588189588,0.0034188034188034067
0,implicit_species_hypernetwork_no_enrichment,10,morganella_morganii,Morganella morganii,13,Ertapenem,2,2,0,,,
0,implicit_species_hypernetwork_no_enrichment,10,morganella_morganii,Morganella morganii,14,Erythromycin,0,0,0,,,
0,implicit_species_hypernetwork_no_enrichment,10,morganella_morganii,Morganella morganii,15,Fosfomycin,115,0,115,,,
0,implicit_species_hypernetwork_no_enrichment,10,morganella_morganii,Morganella morganii,16,Fusidic acid,0,0,0,,,
0,implicit_species_hypernetwork_no_enrichment,10,morganella_morganii,Morganella morganii,17,Gentamicin,419,146,273,0.5548697877465002,0.5261302624316322,-0.02873952531486801
0,implicit_species_hypernetwork_no_enrichment,10,morganella_morganii,Morganella morganii,18,Imipenem,413,2,411,0.9622871046228711,0.7798053527980535,-0.18248175182481763
0,implicit_species_hypernetwork_no_enrichment,10,morganella_morganii,Morganella morganii,19,Levofloxacin,0,0,0,,,
0,implicit_species_hypernetwork_no_enrichment,10,morganella_morganii,Morganella morganii,20,Linezolid,0,0,0,,,
0,implicit_species_hypernetwork_no_enrichment,10,morganella_morganii,Morganella morganii,21,Meropenem,422,419,3,0.42203659506762126,0.6571201272871917,0.23508353221957046
0,implicit_species_hypernetwork_no_enrichment,10,morganella_morganii,Morganella morganii,22,Micafungin,0,0,0,,,
0,implicit_species_hypernetwork_no_enrichment,10,morganella_morganii,Morganella morganii,23,Moxifloxacin,280,207,73,0.5636622328105354,0.6168023294288929,0.0531400966183575
0,implicit_species_hypernetwork_no_enrichment,10,morganella_morganii,Morganella morganii,24,Mupirocin,0,0,0,,,
0,implicit_species_hypernetwork_no_enrichment,10,morganella_morganii,Morganella morganii,25,Nitrofurantoin,5,0,5,,,
0,implicit_species_hypernetwork_no_enrichment,10,morganella_morganii,Morganella morganii,26,Oxacillin,0,0,0,,,
0,implicit_species_hypernetwork_no_enrichment,10,morganella_morganii,Morganella morganii,27,Piperacillin,1,0,1,,,
0,implicit_species_hypernetwork_no_enrichment,10,morganella_morganii,Morganella morganii,28,Piperacillin-Tazobactam,422,319,103,0.5474632498402167,0.5512219618346166,0.0037587119943999214
0,implicit_species_hypernetwork_no_enrichment,10,morganella_morganii,Morganella morganii,29,Rifampicin,0,0,0,,,
0,implicit_species_hypernetwork_no_enrichment,10,morganella_morganii,Morganella morganii,30,Teicoplanin,0,0,0,,,
0,implicit_species_hypernetwork_no_enrichment,10,morganella_morganii,Morganella morganii,31,Tetracycline,0,0,0,,,
0,implicit_species_hypernetwork_no_enrichment,10,morganella_morganii,Morganella morganii,32,Tigecycline,0,0,0,,,
0,implicit_species_hypernetwork_no_enrichment,10,morganella_morganii,Morganella morganii,33,Tobramycin,2,0,2,,,
0,implicit_species_hypernetwork_no_enrichment,10,morganella_morganii,Morganella morganii,34,Vancomycin,0,0,0,,,
0,implicit_species_hypernetwork_no_enrichment,10,morganella_morganii,Morganella morganii,35,Voriconazole,0,0,0,,,
0,implicit_species_hypernetwork_no_enrichment,11,proteus_mirabilis,Proteus mirabilis,0,Amikacin,0,0,0,,,
0,implicit_species_hypernetwork_no_enrichment,11,proteus_mirabilis,Proteus mirabilis,1,Ampicillin,2012,1416,596,0.47976149850225613,0.4623164552762295,-0.017445043226026635
0,implicit_species_hypernetwork_no_enrichment,11,proteus_mirabilis,Proteus mirabilis,2,Azithromycin,0,0,0,,,
0,implicit_species_hypernetwork_no_enrichment,11,proteus_mirabilis,Proteus mirabilis,3,Caspofungin,0,0,0,,,
0,implicit_species_hypernetwork_no_enrichment,11,proteus_mirabilis,Proteus mirabilis,4,Cefepime,0,0,0,,,
0,implicit_species_hypernetwork_no_enrichment,11,proteus_mirabilis,Proteus mirabilis,5,Ceftazidime,2012,1985,27,0.6089187424200019,0.6746338277824424,0.06571508536244053
0,implicit_species_hypernetwork_no_enrichment,11,proteus_mirabilis,Proteus mirabilis,6,Ceftazidime-Avibactam,0,0,0,,,
0,implicit_species_hypernetwork_no_enrichment,11,proteus_mirabilis,Proteus mirabilis,7,Ceftolozane-Tazobactam,0,0,0,,,
0,implicit_species_hypernetwork_no_enrichment,11,proteus_mirabilis,Proteus mirabilis,8,Ceftriaxone,1076,1072,4,0.5571361940298507,0.7846315298507462,0.22749533582089554
0,implicit_species_hypernetwork_no_enrichment,11,proteus_mirabilis,Proteus mirabilis,9,Ciprofloxacin,2012,1742,270,0.5811189777607687,0.5475294467831782,-0.03358953097759054
0,implicit_species_hypernetwork_no_enrichment,11,proteus_mirabilis,Proteus mirabilis,10,Clarithromycin,0,0,0,,,
0,implicit_species_hypernetwork_no_enrichment,11,proteus_mirabilis,Proteus mirabilis,11,Clindamycin,0,0,0,,,
0,implicit_species_hypernetwork_no_enrichment,11,proteus_mirabilis,Proteus mirabilis,12,Cotrimoxazole,2012,1347,665,0.47725996505740964,0.4701525528743909,-0.0071074121830187464
0,implicit_species_hypernetwork_no_enrichment,11,proteus_mirabilis,Proteus mirabilis,13,Ertapenem,6,6,0,,,
0,implicit_species_hypernetwork_no_enrichment,11,proteus_mirabilis,Proteus mirabilis,14,Erythromycin,0,0,0,,,
0,implicit_species_hypernetwork_no_enrichment,11,proteus_mirabilis,Proteus mirabilis,15,Fosfomycin,711,570,141,0.506320766455145,0.49736842105263157,-0.00895234540251344
0,implicit_species_hypernetwork_no_enrichment,11,proteus_mirabilis,Proteus mirabilis,16,Fusidic acid,0,0,0,,,
0,implicit_species_hypernetwork_no_enrichment,11,proteus_mirabilis,Proteus mirabilis,17,Gentamicin,1995,702,1293,0.46495759546803633,0.5318606875064725,0.0669030920384362
0,implicit_species_hypernetwork_no_enrichment,11,proteus_mirabilis,Proteus mirabilis,18,Imipenem,1939,0,1939,,,
0,implicit_species_hypernetwork_no_enrichment,11,proteus_mirabilis,Proteus mirabilis,19,Levofloxacin,0,0,0,,,
0,implicit_species_hypernetwork_no_enrichment,11,proteus_mirabilis,Proteus mirabilis,20,Linezolid,0,0,0,,,
0,implicit_species_hypernetwork_no_enrichment,11,proteus_mirabilis,Proteus mirabilis,21,Meropenem,2011,2009,2,0.596938775510204,0.7396714783474365,0.1427327028372325
0,implicit_species_hypernetwork_no_enrichment,11,proteus_mirabilis,Proteus mirabilis,22,Micafungin,0,0,0,,,
0,implicit_species_hypernetwork_no_enrichment,11,proteus_mirabilis,Proteus mirabilis,23,Moxifloxacin,1125,469,656,0.5362327084091736,0.5292234385563472,-0.00700926985282635
0,implicit_species_hypernetwork_no_enrichment,11,proteus_mirabilis,Proteus mirabilis,24,Mupirocin,0,0,0,,,
0,implicit_species_hypernetwork_no_enrichment,11,proteus_mirabilis,Proteus mirabilis,25,Nitrofurantoin,39,0,39,,,
0,implicit_species_hypernetwork_no_enrichment,11,proteus_mirabilis,Proteus mirabilis,26,Oxacillin,0,0,0,,,
0,implicit_species_hypernetwork_no_enrichment,11,proteus_mirabilis,Proteus mirabilis,27,Piperacillin,0,0,0,,,
0,implicit_species_hypernetwork_no_enrichment,11,proteus_mirabilis,Proteus mirabilis,28,Piperacillin-Tazobactam,1997,1973,24,0.5401250211184322,0.5570725629329278,0.016947541814495648
0,implicit_species_hypernetwork_no_enrichment,11,proteus_mirabilis,Proteus mirabilis,29,Rifampicin,0,0,0,,,
0,implicit_species_hypernetwork_no_enrichment,11,proteus_mirabilis,Proteus mirabilis,30,Teicoplanin,0,0,0,,,
0,implicit_species_hypernetwork_no_enrichment,11,proteus_mirabilis,Proteus mirabilis,31,Tetracycline,0,0,0,,,
0,implicit_species_hypernetwork_no_enrichment,11,proteus_mirabilis,Proteus mirabilis,32,Tigecycline,0,0,0,,,
0,implicit_species_hypernetwork_no_enrichment,11,proteus_mirabilis,Proteus mirabilis,33,Tobramycin,0,0,0,,,
0,implicit_species_hypernetwork_no_enrichment,11,proteus_mirabilis,Proteus mirabilis,34,Vancomycin,0,0,0,,,
0,implicit_species_hypernetwork_no_enrichment,11,proteus_mirabilis,Proteus mirabilis,35,Voriconazole,0,0,0,,,
0,implicit_species_hypernetwork_no_enrichment,12,proteus_vulgaris,Proteus vulgaris,0,Amikacin,0,0,0,,,
0,implicit_species_hypernetwork_no_enrichment,12,proteus_vulgaris,Proteus vulgaris,1,Ampicillin,380,4,376,0.4920212765957447,0.4664228723404255,-0.025598404255319174
0,implicit_species_hypernetwork_no_enrichment,12,proteus_vulgaris,Proteus vulgaris,2,Azithromycin,0,0,0,,,
0,implicit_species_hypernetwork_no_enrichment,12,proteus_vulgaris,Proteus vulgaris,3,Caspofungin,0,0,0,,,
0,implicit_species_hypernetwork_no_enrichment,12,proteus_vulgaris,Proteus vulgaris,4,Cefepime,0,0,0,,,
0,implicit_species_hypernetwork_no_enrichment,12,proteus_vulgaris,Proteus vulgaris,5,Ceftazidime,379,363,16,0.3583849862258953,0.6429063360881543,0.28452134986225897
0,implicit_species_hypernetwork_no_enrichment,12,proteus_vulgaris,Proteus vulgaris,6,Ceftazidime-Avibactam,0,0,0,,,
0,implicit_species_hypernetwork_no_enrichment,12,proteus_vulgaris,Proteus vulgaris,7,Ceftolozane-Tazobactam,0,0,0,,,
0,implicit_species_hypernetwork_no_enrichment,12,proteus_vulgaris,Proteus vulgaris,8,Ceftriaxone,276,274,2,0.34124087591240876,0.718065693430657,0.3768248175182482
0,implicit_species_hypernetwork_no_enrichment,12,proteus_vulgaris,Proteus vulgaris,9,Ciprofloxacin,380,375,5,0.5645333333333333,0.5221333333333333,-0.04239999999999999
0,implicit_species_hypernetwork_no_enrichment,12,proteus_vulgaris,Proteus vulgaris,10,Clarithromycin,0,0,0,,,
0,implicit_species_hypernetwork_no_enrichment,12,proteus_vulgaris,Proteus vulgaris,11,Clindamycin,0,0,0,,,
0,implicit_species_hypernetwork_no_enrichment,12,proteus_vulgaris,Proteus vulgaris,12,Cotrimoxazole,378,336,42,0.46839569160997735,0.5454223356009069,0.07702664399092957
0,implicit_species_hypernetwork_no_enrichment,12,proteus_vulgaris,Proteus vulgaris,13,Ertapenem,6,6,0,,,
0,implicit_species_hypernetwork_no_enrichment,12,proteus_vulgaris,Proteus vulgaris,14,Erythromycin,0,0,0,,,
0,implicit_species_hypernetwork_no_enrichment,12,proteus_vulgaris,Proteus vulgaris,15,Fosfomycin,64,61,3,0.6448087431693988,0.6475409836065573,0.002732240437158473
0,implicit_species_hypernetwork_no_enrichment,12,proteus_vulgaris,Proteus vulgaris,16,Fusidic acid,0,0,0,,,
0,implicit_species_hypernetwork_no_enrichment,12,proteus_vulgaris,Proteus vulgaris,17,Gentamicin,379,145,234,0.4040524609490127,0.47826407309165936,0.07421161214264665
0,implicit_species_hypernetwork_no_enrichment,12,proteus_vulgaris,Proteus vulgaris,18,Imipenem,369,0,369,,,
0,implicit_species_hypernetwork_no_enrichment,12,proteus_vulgaris,Proteus vulgaris,19,Levofloxacin,0,0,0,,,
0,implicit_species_hypernetwork_no_enrichment,12,proteus_vulgaris,Proteus vulgaris,20,Linezolid,0,0,0,,,
0,implicit_species_hypernetwork_no_enrichment,12,proteus_vulgaris,Proteus vulgaris,21,Meropenem,379,379,0,,,
0,implicit_species_hypernetwork_no_enrichment,12,proteus_vulgaris,Proteus vulgaris,22,Micafungin,0,0,0,,,
0,implicit_species_hypernetwork_no_enrichment,12,proteus_vulgaris,Proteus vulgaris,23,Moxifloxacin,300,141,159,0.5503813729425933,0.5252241402381909,-0.0251572327044024
0,implicit_species_hypernetwork_no_enrichment,12,proteus_vulgaris,Proteus vulgaris,24,Mupirocin,0,0,0,,,
0,implicit_species_hypernetwork_no_enrichment,12,proteus_vulgaris,Proteus vulgaris,25,Nitrofurantoin,5,0,5,,,
0,implicit_species_hypernetwork_no_enrichment,12,proteus_vulgaris,Proteus vulgaris,26,Oxacillin,0,0,0,,,
0,implicit_species_hypernetwork_no_enrichment,12,proteus_vulgaris,Proteus vulgaris,27,Piperacillin,0,0,0,,,
0,implicit_species_hypernetwork_no_enrichment,12,proteus_vulgaris,Proteus vulgaris,28,Piperacillin-Tazobactam,377,369,8,0.23492547425474253,0.5157520325203252,0.28082655826558267
0,implicit_species_hypernetwork_no_enrichment,12,proteus_vulgaris,Proteus vulgaris,29,Rifampicin,0,0,0,,,
0,implicit_species_hypernetwork_no_enrichment,12,proteus_vulgaris,Proteus vulgaris,30,Teicoplanin,0,0,0,,,
0,implicit_species_hypernetwork_no_enrichment,12,proteus_vulgaris,Proteus vulgaris,31,Tetracycline,0,0,0,,,
0,implicit_species_hypernetwork_no_enrichment,12,proteus_vulgaris,Proteus vulgaris,32,Tigecycline,0,0,0,,,
0,implicit_species_hypernetwork_no_enrichment,12,proteus_vulgaris,Proteus vulgaris,33,Tobramycin,0,0,0,,,
0,implicit_species_hypernetwork_no_enrichment,12,proteus_vulgaris,Proteus vulgaris,34,Vancomycin,0,0,0,,,
0,implicit_species_hypernetwork_no_enrichment,12,proteus_vulgaris,Proteus vulgaris,35,Voriconazole,0,0,0,,,
0,implicit_species_hypernetwork_no_enrichment,13,pseudomonas_aeruginosa,Pseudomonas aeruginosa,0,Amikacin,3237,1217,2020,0.5243581034356516,0.7582311641188769,0.23387306068322533
0,implicit_species_hypernetwork_no_enrichment,13,pseudomonas_aeruginosa,Pseudomonas aeruginosa,1,Ampicillin,165,0,165,,,
0,implicit_species_hypernetwork_no_enrichment,13,pseudomonas_aeruginosa,Pseudomonas aeruginosa,2,Azithromycin,0,0,0,,,
0,implicit_species_hypernetwork_no_enrichment,13,pseudomonas_aeruginosa,Pseudomonas aeruginosa,3,Caspofungin,0,0,0,,,
0,implicit_species_hypernetwork_no_enrichment,13,pseudomonas_aeruginosa,Pseudomonas aeruginosa,4,Cefepime,3262,1,3261,0.6468874578350199,0.6387611162220177,-0.008126341613002186
0,implicit_species_hypernetwork_no_enrichment,13,pseudomonas_aeruginosa,Pseudomonas aeruginosa,5,Ceftazidime,3409,1,3408,0.6625586854460094,0.8843896713615023,0.22183098591549288
0,implicit_species_hypernetwork_no_enrichment,13,pseudomonas_aeruginosa,Pseudomonas aeruginosa,6,Ceftazidime-Avibactam,110,83,27,0.5412762159750111,0.5002231146809459,-0.04105310129406514
0,implicit_species_hypernetwork_no_enrichment,13,pseudomonas_aeruginosa,Pseudomonas aeruginosa,7,Ceftolozane-Tazobactam,68,57,11,0.47527910685805425,0.35566188197767146,-0.11961722488038279
0,implicit_species_hypernetwork_no_enrichment,13,pseudomonas_aeruginosa,Pseudomonas aeruginosa,8,Ceftriaxone,0,0,0,,,
0,implicit_species_hypernetwork_no_enrichment,13,pseudomonas_aeruginosa,Pseudomonas aeruginosa,9,Ciprofloxacin,3409,1,3408,0.21948356807511737,0.6622652582159625,0.4427816901408451
0,implicit_species_hypernetwork_no_enrichment,13,pseudomonas_aeruginosa,Pseudomonas aeruginosa,10,Clarithromycin,0,0,0,,,
0,implicit_species_hypernetwork_no_enrichment,13,pseudomonas_aeruginosa,Pseudomonas aeruginosa,11,Clindamycin,0,0,0,,,
0,implicit_species_hypernetwork_no_enrichment,13,pseudomonas_aeruginosa,Pseudomonas aeruginosa,12,Cotrimoxazole,3406,0,3406,,,
0,implicit_species_hypernetwork_no_enrichment,13,pseudomonas_aeruginosa,Pseudomonas aeruginosa,13,Ertapenem,0,0,0,,,
0,implicit_species_hypernetwork_no_enrichment,13,pseudomonas_aeruginosa,Pseudomonas aeruginosa,14,Erythromycin,0,0,0,,,
0,implicit_species_hypernetwork_no_enrichment,13,pseudomonas_aeruginosa,Pseudomonas aeruginosa,15,Fosfomycin,0,0,0,,,
0,implicit_species_hypernetwork_no_enrichment,13,pseudomonas_aeruginosa,Pseudomonas aeruginosa,16,Fusidic acid,0,0,0,,,
0,implicit_species_hypernetwork_no_enrichment,13,pseudomonas_aeruginosa,Pseudomonas aeruginosa,17,Gentamicin,2096,0,2096,,,
0,implicit_species_hypernetwork_no_enrichment,13,pseudomonas_aeruginosa,Pseudomonas aeruginosa,18,Imipenem,3395,1,3394,0.26163818503241015,0.6891573364761343,0.42751915144372415
0,implicit_species_hypernetwork_no_enrichment,13,pseudomonas_aeruginosa,Pseudomonas aeruginosa,19,Levofloxacin,0,0,0,,,
0,implicit_species_hypernetwork_no_enrichment,13,pseudomonas_aeruginosa,Pseudomonas aeruginosa,20,Linezolid,1,1,0,,,
0,implicit_species_hypernetwork_no_enrichment,13,pseudomonas_aeruginosa,Pseudomonas aeruginosa,21,Meropenem,3403,2469,934,0.4292505440047596,0.5620609909776301,0.13281044697287048
0,implicit_species_hypernetwork_no_enrichment,13,pseudomonas_aeruginosa,Pseudomonas aeruginosa,22,Micafungin,0,0,0,,,
0,implicit_species_hypernetwork_no_enrichment,13,pseudomonas_aeruginosa,Pseudomonas aeruginosa,23,Moxifloxacin,179,0,179,,,
0,implicit_species_hypernetwork_no_enrichment,13,pseudomonas_aeruginosa,Pseudomonas aeruginosa,24,Mupirocin,0,0,0,,,
0,implicit_species_hypernetwork_no_enrichment,13,pseudomonas_aeruginosa,Pseudomonas aeruginosa,25,Nitrofurantoin,159,0,159,,,
0,implicit_species_hypernetwork_no_enrichment,13,pseudomonas_aeruginosa,Pseudomonas aeruginosa,26,Oxacillin,0,0,0,,,
0,implicit_species_hypernetwork_no_enrichment,13,pseudomonas_aeruginosa,Pseudomonas aeruginosa,27,Piperacillin,3234,0,3234,,,
0,implicit_species_hypernetwork_no_enrichment,13,pseudomonas_aeruginosa,Pseudomonas aeruginosa,28,Piperacillin-Tazobactam,3379,0,3379,,,
0,implicit_species_hypernetwork_no_enrichment,13,pseudomonas_aeruginosa,Pseudomonas aeruginosa,29,Rifampicin,0,0,0,,,
0,implicit_species_hypernetwork_no_enrichment,13,pseudomonas_aeruginosa,Pseudomonas aeruginosa,30,Teicoplanin,0,0,0,,,
0,implicit_species_hypernetwork_no_enrichment,13,pseudomonas_aeruginosa,Pseudomonas aeruginosa,31,Tetracycline,0,0,0,,,
0,implicit_species_hypernetwork_no_enrichment,13,pseudomonas_aeruginosa,Pseudomonas aeruginosa,32,Tigecycline,2,1,1,0.0,0.5,0.5
0,implicit_species_hypernetwork_no_enrichment,13,pseudomonas_aeruginosa,Pseudomonas aeruginosa,33,Tobramycin,3246,1218,2028,0.5041056975738674,0.7548204448071822,0.2507147472333149
0,implicit_species_hypernetwork_no_enrichment,13,pseudomonas_aeruginosa,Pseudomonas aeruginosa,34,Vancomycin,1,0,1,,,
0,implicit_species_hypernetwork_no_enrichment,13,pseudomonas_aeruginosa,Pseudomonas aeruginosa,35,Voriconazole,0,0,0,,,
0,implicit_species_hypernetwork_no_enrichment,14,serratia_marcescens,Serratia marcescens,0,Amikacin,1,1,0,,,
0,implicit_species_hypernetwork_no_enrichment,14,serratia_marcescens,Serratia marcescens,1,Ampicillin,832,5,827,0.6875453446191052,0.3762998790810157,-0.3112454655380895
0,implicit_species_hypernetwork_no_enrichment,14,serratia_marcescens,Serratia marcescens,2,Azithromycin,0,0,0,,,
0,implicit_species_hypernetwork_no_enrichment,14,serratia_marcescens,Serratia marcescens,3,Caspofungin,0,0,0,,,
0,implicit_species_hypernetwork_no_enrichment,14,serratia_marcescens,Serratia marcescens,4,Cefepime,1,1,0,,,
0,implicit_species_hypernetwork_no_enrichment,14,serratia_marcescens,Serratia marcescens,5,Ceftazidime,832,759,73,0.535103867742343,0.6706914288808274,0.13558756113848447
0,implicit_species_hypernetwork_no_enrichment,14,serratia_marcescens,Serratia marcescens,6,Ceftazidime-Avibactam,0,0,0,,,
0,implicit_species_hypernetwork_no_enrichment,14,serratia_marcescens,Serratia marcescens,7,Ceftolozane-Tazobactam,0,0,0,,,
0,implicit_species_hypernetwork_no_enrichment,14,serratia_marcescens,Serratia marcescens,8,Ceftriaxone,687,632,55,0.48348676639815885,0.7489067894131185,0.26542002301495965
0,implicit_species_hypernetwork_no_enrichment,14,serratia_marcescens,Serratia marcescens,9,Ciprofloxacin,831,790,41,0.5524698981167027,0.467613460944736,-0.08485643717196667
0,implicit_species_hypernetwork_no_enrichment,14,serratia_marcescens,Serratia marcescens,10,Clarithromycin,0,0,0,,,
0,implicit_species_hypernetwork_no_enrichment,14,serratia_marcescens,Serratia marcescens,11,Clindamycin,0,0,0,,,
0,implicit_species_hypernetwork_no_enrichment,14,serratia_marcescens,Serratia marcescens,12,Cotrimoxazole,831,823,8,0.6152794653705954,0.6040400972053462,-0.011239368165249175
0,implicit_species_hypernetwork_no_enrichment,14,serratia_marcescens,Serratia marcescens,13,Ertapenem,4,3,1,1.0,0.33333333333333337,-0.6666666666666666
0,implicit_species_hypernetwork_no_enrichment,14,serratia_marcescens,Serratia marcescens,14,Erythromycin,0,0,0,,,
0,implicit_species_hypernetwork_no_enrichment,14,serratia_marcescens,Serratia marcescens,15,Fosfomycin,111,94,17,0.3814142678347935,0.37546933667083854,-0.005944931163954947
0,implicit_species_hypernetwork_no_enrichment,14,serratia_marcescens,Serratia marcescens,16,Fusidic acid,0,0,0,,,
0,implicit_species_hypernetwork_no_enrichment,14,serratia_marcescens,Serratia marcescens,17,Gentamicin,829,303,526,0.5289186713348141,0.5182082847067977,-0.010710386628016377
0,implicit_species_hypernetwork_no_enrichment,14,serratia_marcescens,Serratia marcescens,18,Imipenem,831,796,35,0.4590631730078966,0.7527279253409906,0.293664752333094
0,implicit_species_hypernetwork_no_enrichment,14,serratia_marcescens,Serratia marcescens,19,Levofloxacin,0,0,0,,,
0,implicit_species_hypernetwork_no_enrichment,14,serratia_marcescens,Serratia marcescens,20,Linezolid,0,0,0,,,
0,implicit_species_hypernetwork_no_enrichment,14,serratia_marcescens,Serratia marcescens,21,Meropenem,830,830,0,,,
0,implicit_species_hypernetwork_no_enrichment,14,serratia_marcescens,Serratia marcescens,22,Micafungin,0,0,0,,,
0,implicit_species_hypernetwork_no_enrichment,14,serratia_marcescens,Serratia marcescens,23,Moxifloxacin,704,329,375,0.48277203647416417,0.5821681864235055,0.09939614994934137
0,implicit_species_hypernetwork_no_enrichment,14,serratia_marcescens,Serratia marcescens,24,Mupirocin,0,0,0,,,
0,implicit_species_hypernetwork_no_enrichment,14,serratia_marcescens,Serratia marcescens,25,Nitrofurantoin,4,0,4,,,
0,implicit_species_hypernetwork_no_enrichment,14,serratia_marcescens,Serratia marcescens,26,Oxacillin,0,0,0,,,
0,implicit_species_hypernetwork_no_enrichment,14,serratia_marcescens,Serratia marcescens,27,Piperacillin,1,1,0,,,
0,implicit_species_hypernetwork_no_enrichment,14,serratia_marcescens,Serratia marcescens,28,Piperacillin-Tazobactam,831,753,78,0.5274798242925733,0.6600010215548064,0.1325211972622331
0,implicit_species_hypernetwork_no_enrichment,14,serratia_marcescens,Serratia marcescens,29,Rifampicin,0,0,0,,,
0,implicit_species_hypernetwork_no_enrichment,14,serratia_marcescens,Serratia marcescens,30,Teicoplanin,0,0,0,,,
0,implicit_species_hypernetwork_no_enrichment,14,serratia_marcescens,Serratia marcescens,31,Tetracycline,0,0,0,,,
0,implicit_species_hypernetwork_no_enrichment,14,serratia_marcescens,Serratia marcescens,32,Tigecycline,0,0,0,,,
0,implicit_species_hypernetwork_no_enrichment,14,serratia_marcescens,Serratia marcescens,33,Tobramycin,1,1,0,,,
0,implicit_species_hypernetwork_no_enrichment,14,serratia_marcescens,Serratia marcescens,34,Vancomycin,0,0,0,,,
0,implicit_species_hypernetwork_no_enrichment,14,serratia_marcescens,Serratia marcescens,35,Voriconazole,0,0,0,,,
0,implicit_species_hypernetwork_no_enrichment,15,staphylococcus_aureus,Staphylococcus aureus,0,Amikacin,0,0,0,,,
0,implicit_species_hypernetwork_no_enrichment,15,staphylococcus_aureus,Staphylococcus aureus,1,Ampicillin,0,0,0,,,
0,implicit_species_hypernetwork_no_enrichment,15,staphylococcus_aureus,Staphylococcus aureus,2,Azithromycin,0,0,0,,,
0,implicit_species_hypernetwork_no_enrichment,15,staphylococcus_aureus,Staphylococcus aureus,3,Caspofungin,0,0,0,,,
0,implicit_species_hypernetwork_no_enrichment,15,staphylococcus_aureus,Staphylococcus aureus,4,Cefepime,0,0,0,,,
0,implicit_species_hypernetwork_no_enrichment,15,staphylococcus_aureus,Staphylococcus aureus,5,Ceftazidime,0,0,0,,,
0,implicit_species_hypernetwork_no_enrichment,15,staphylococcus_aureus,Staphylococcus aureus,6,Ceftazidime-Avibactam,0,0,0,,,
0,implicit_species_hypernetwork_no_enrichment,15,staphylococcus_aureus,Staphylococcus aureus,7,Ceftolozane-Tazobactam,0,0,0,,,
0,implicit_species_hypernetwork_no_enrichment,15,staphylococcus_aureus,Staphylococcus aureus,8,Ceftriaxone,0,0,0,,,
0,implicit_species_hypernetwork_no_enrichment,15,staphylococcus_aureus,Staphylococcus aureus,9,Ciprofloxacin,0,0,0,,,
0,implicit_species_hypernetwork_no_enrichment,15,staphylococcus_aureus,Staphylococcus aureus,10,Clarithromycin,0,0,0,,,
0,implicit_species_hypernetwork_no_enrichment,15,staphylococcus_aureus,Staphylococcus aureus,11,Clindamycin,6004,4910,1094,0.5421176236237653,0.6390304270283755,0.09691280340461028
0,implicit_species_hypernetwork_no_enrichment,15,staphylococcus_aureus,Staphylococcus aureus,12,Cotrimoxazole,6004,5863,141,0.5702530474196276,0.5965962769283993,0.02634322950877177
0,implicit_species_hypernetwork_no_enrichment,15,staphylococcus_aureus,Staphylococcus aureus,13,Ertapenem,0,0,0,,,
0,implicit_species_hypernetwork_no_enrichment,15,staphylococcus_aureus,Staphylococcus aureus,14,Erythromycin,6001,4837,1164,0.5481478856779108,0.6296321951281892,0.0814843094502784
0,implicit_species_hypernetwork_no_enrichment,15,staphylococcus_aureus,Staphylococcus aureus,15,Fosfomycin,6002,5935,67,0.6083353242213533,0.7365954557457028,0.12826013152434956
0,implicit_species_hypernetwork_no_enrichment,15,staphylococcus_aureus,Staphylococcus aureus,16,Fusidic acid,204,181,23,0.36872447754023546,0.6203459043958685,0.251621426855633
0,implicit_species_hypernetwork_no_enrichment,15,staphylococcus_aureus,Staphylococcus aureus,17,Gentamicin,6004,5910,94,0.5591874572488029,0.5399044173236851,-0.019283039925117818
0,implicit_species_hypernetwork_no_enrichment,15,staphylococcus_aureus,Staphylococcus aureus,18,Imipenem,0,0,0,,,
0,implicit_species_hypernetwork_no_enrichment,15,staphylococcus_aureus,Staphylococcus aureus,19,Levofloxacin,6005,2928,3077,0.5097853299910671,0.8618031987724897,0.3520178687814226
0,implicit_species_hypernetwork_no_enrichment,15,staphylococcus_aureus,Staphylococcus aureus,20,Linezolid,6004,6001,3,0.34983058379159027,0.7715658501360885,0.4217352663444982
0,implicit_species_hypernetwork_no_enrichment,15,staphylococcus_aureus,Staphylococcus aureus,21,Meropenem,0,0,0,,,
0,implicit_species_hypernetwork_no_enrichment,15,staphylococcus_aureus,Staphylococcus aureus,22,Micafungin,0,0,0,,,
0,implicit_species_hypernetwork_no_enrichment,15,staphylococcus_aureus,Staphylococcus aureus,23,Moxifloxacin,41,37,4,0.47297297297297297,0.7635135135135135,0.2905405405405405
0,implicit_species_hypernetwork_no_enrichment,15,staphylococcus_aureus,Staphylococcus aureus,24,Mupirocin,841,817,24,0.5373572011423908,0.5894022847817217,0.052045083639330914
0,implicit_species_hypernetwork_no_enrichment,15,staphylococcus_aureus,Staphylococcus aureus,25,Nitrofurantoin,0,0,0,,,
0,implicit_species_hypernetwork_no_enrichment,15,staphylococcus_aureus,Staphylococcus aureus,26,Oxacillin,5999,4911,1088,0.6999574971253009,0.858045451687089,0.15808795456178815
0,implicit_species_hypernetwork_no_enrichment,15,staphylococcus_aureus,Staphylococcus aureus,27,Piperacillin,0,0,0,,,
0,implicit_species_hypernetwork_no_enrichment,15,staphylococcus_aureus,Staphylococcus aureus,28,Piperacillin-Tazobactam,0,0,0,,,
0,implicit_species_hypernetwork_no_enrichment,15,staphylococcus_aureus,Staphylococcus aureus,29,Rifampicin,5996,5963,33,0.5049166831826567,0.5508717901808629,0.04595510699820615
0,implicit_species_hypernetwork_no_enrichment,15,staphylococcus_aureus,Staphylococcus aureus,30,Teicoplanin,0,0,0,,,
0,implicit_species_hypernetwork_no_enrichment,15,staphylococcus_aureus,Staphylococcus aureus,31,Tetracycline,6002,5648,354,0.530310714457195,0.5756214889326354,0.04531077447544041
0,implicit_species_hypernetwork_no_enrichment,15,staphylococcus_aureus,Staphylococcus aureus,32,Tigecycline,5989,5985,4,0.5392230576441103,0.6428780284043442,0.10365497076023389
0,implicit_species_hypernetwork_no_enrichment,15,staphylococcus_aureus,Staphylococcus aureus,33,Tobramycin,0,0,0,,,
0,implicit_species_hypernetwork_no_enrichment,15,staphylococcus_aureus,Staphylococcus aureus,34,Vancomycin,6002,5997,5,0.6224278806069701,0.7276304819076205,0.1052026013006504
0,implicit_species_hypernetwork_no_enrichment,15,staphylococcus_aureus,Staphylococcus aureus,35,Voriconazole,0,0,0,,,
0,implicit_species_hypernetwork_no_enrichment,16,staphylococcus_capitis,Staphylococcus capitis,0,Amikacin,0,0,0,,,
0,implicit_species_hypernetwork_no_enrichment,16,staphylococcus_capitis,Staphylococcus capitis,1,Ampicillin,0,0,0,,,
0,implicit_species_hypernetwork_no_enrichment,16,staphylococcus_capitis,Staphylococcus capitis,2,Azithromycin,0,0,0,,,
0,implicit_species_hypernetwork_no_enrichment,16,staphylococcus_capitis,Staphylococcus capitis,3,Caspofungin,0,0,0,,,
0,implicit_species_hypernetwork_no_enrichment,16,staphylococcus_capitis,Staphylococcus capitis,4,Cefepime,0,0,0,,,
0,implicit_species_hypernetwork_no_enrichment,16,staphylococcus_capitis,Staphylococcus capitis,5,Ceftazidime,0,0,0,,,
0,implicit_species_hypernetwork_no_enrichment,16,staphylococcus_capitis,Staphylococcus capitis,6,Ceftazidime-Avibactam,0,0,0,,,
0,implicit_species_hypernetwork_no_enrichment,16,staphylococcus_capitis,Staphylococcus capitis,7,Ceftolozane-Tazobactam,0,0,0,,,
0,implicit_species_hypernetwork_no_enrichment,16,staphylococcus_capitis,Staphylococcus capitis,8,Ceftriaxone,0,0,0,,,
0,implicit_species_hypernetwork_no_enrichment,16,staphylococcus_capitis,Staphylococcus capitis,9,Ciprofloxacin,0,0,0,,,
0,implicit_species_hypernetwork_no_enrichment,16,staphylococcus_capitis,Staphylococcus capitis,10,Clarithromycin,0,0,0,,,
0,implicit_species_hypernetwork_no_enrichment,16,staphylococcus_capitis,Staphylococcus capitis,11,Clindamycin,412,324,88,0.5218329124579125,0.5390888047138047,0.01725589225589219
0,implicit_species_hypernetwork_no_enrichment,16,staphylococcus_capitis,Staphylococcus capitis,12,Cotrimoxazole,407,403,4,0.6808312655086848,0.6578784119106699,-0.02295285359801491
0,implicit_species_hypernetwork_no_enrichment,16,staphylococcus_capitis,Staphylococcus capitis,13,Ertapenem,0,0,0,,,
0,implicit_species_hypernetwork_no_enrichment,16,staphylococcus_capitis,Staphylococcus capitis,14,Erythromycin,415,334,81,0.49403045760331193,0.5589007170843499,0.06487025948103792
0,implicit_species_hypernetwork_no_enrichment,16,staphylococcus_capitis,Staphylococcus capitis,15,Fosfomycin,402,0,402,,,
0,implicit_species_hypernetwork_no_enrichment,16,staphylococcus_capitis,Staphylococcus capitis,16,Fusidic acid,1,0,1,,,
0,implicit_species_hypernetwork_no_enrichment,16,staphylococcus_capitis,Staphylococcus capitis,17,Gentamicin,405,379,26,0.42322914552466,0.5807793789324132,0.15755023340775315
0,implicit_species_hypernetwork_no_enrichment,16,staphylococcus_capitis,Staphylococcus capitis,18,Imipenem,0,0,0,,,
0,implicit_species_hypernetwork_no_enrichment,16,staphylococcus_capitis,Staphylococcus capitis,19,Levofloxacin,405,253,152,0.4714088828791346,0.5915591845225713,0.12015030164343665
0,implicit_species_hypernetwork_no_enrichment,16,staphylococcus_capitis,Staphylococcus capitis,20,Linezolid,406,406,0,,,
0,implicit_species_hypernetwork_no_enrichment,16,staphylococcus_capitis,Staphylococcus capitis,21,Meropenem,0,0,0,,,
0,implicit_species_hypernetwork_no_enrichment,16,staphylococcus_capitis,Staphylococcus capitis,22,Micafungin,0,0,0,,,
0,implicit_species_hypernetwork_no_enrichment,16,staphylococcus_capitis,Staphylococcus capitis,23,Moxifloxacin,1,1,0,,,
0,implicit_species_hypernetwork_no_enrichment,16,staphylococcus_capitis,Staphylococcus capitis,24,Mupirocin,0,0,0,,,
0,implicit_species_hypernetwork_no_enrichment,16,staphylococcus_capitis,Staphylococcus capitis,25,Nitrofurantoin,0,0,0,,,
0,implicit_species_hypernetwork_no_enrichment,16,staphylococcus_capitis,Staphylococcus capitis,26,Oxacillin,413,304,109,0.4685840173829068,0.6541676726219219,0.1855836552390151
0,implicit_species_hypernetwork_no_enrichment,16,staphylococcus_capitis,Staphylococcus capitis,27,Piperacillin,0,0,0,,,
0,implicit_species_hypernetwork_no_enrichment,16,staphylococcus_capitis,Staphylococcus capitis,28,Piperacillin-Tazobactam,0,0,0,,,
0,implicit_species_hypernetwork_no_enrichment,16,staphylococcus_capitis,Staphylococcus capitis,29,Rifampicin,402,401,1,0.8790523690773068,0.9251870324189526,0.04613466334164584
0,implicit_species_hypernetwork_no_enrichment,16,staphylococcus_capitis,Staphylococcus capitis,30,Teicoplanin,0,0,0,,,
0,implicit_species_hypernetwork_no_enrichment,16,staphylococcus_capitis,Staphylococcus capitis,31,Tetracycline,405,347,58,0.47942959356056847,0.4518533240584319,-0.02757626950213654
0,implicit_species_hypernetwork_no_enrichment,16,staphylococcus_capitis,Staphylococcus capitis,32,Tigecycline,405,405,0,,,
0,implicit_species_hypernetwork_no_enrichment,16,staphylococcus_capitis,Staphylococcus capitis,33,Tobramycin,0,0,0,,,
0,implicit_species_hypernetwork_no_enrichment,16,staphylococcus_capitis,Staphylococcus capitis,34,Vancomycin,406,406,0,,,
0,implicit_species_hypernetwork_no_enrichment,16,staphylococcus_capitis,Staphylococcus capitis,35,Voriconazole,0,0,0,,,
0,implicit_species_hypernetwork_no_enrichment,17,staphylococcus_epidermidis,Staphylococcus epidermidis,0,Amikacin,0,0,0,,,
0,implicit_species_hypernetwork_no_enrichment,17,staphylococcus_epidermidis,Staphylococcus epidermidis,1,Ampicillin,1,0,1,,,
0,implicit_species_hypernetwork_no_enrichment,17,staphylococcus_epidermidis,Staphylococcus epidermidis,2,Azithromycin,0,0,0,,,
0,implicit_species_hypernetwork_no_enrichment,17,staphylococcus_epidermidis,Staphylococcus epidermidis,3,Caspofungin,0,0,0,,,
0,implicit_species_hypernetwork_no_enrichment,17,staphylococcus_epidermidis,Staphylococcus epidermidis,4,Cefepime,0,0,0,,,
0,implicit_species_hypernetwork_no_enrichment,17,staphylococcus_epidermidis,Staphylococcus epidermidis,5,Ceftazidime,1,1,0,,,
0,implicit_species_hypernetwork_no_enrichment,17,staphylococcus_epidermidis,Staphylococcus epidermidis,6,Ceftazidime-Avibactam,0,0,0,,,
0,implicit_species_hypernetwork_no_enrichment,17,staphylococcus_epidermidis,Staphylococcus epidermidis,7,Ceftolozane-Tazobactam,0,0,0,,,
0,implicit_species_hypernetwork_no_enrichment,17,staphylococcus_epidermidis,Staphylococcus epidermidis,8,Ceftriaxone,1,1,0,,,
0,implicit_species_hypernetwork_no_enrichment,17,staphylococcus_epidermidis,Staphylococcus epidermidis,9,Ciprofloxacin,1,1,0,,,
0,implicit_species_hypernetwork_no_enrichment,17,staphylococcus_epidermidis,Staphylococcus epidermidis,10,Clarithromycin,0,0,0,,,
0,implicit_species_hypernetwork_no_enrichment,17,staphylococcus_epidermidis,Staphylococcus epidermidis,11,Clindamycin,2966,1414,1552,0.6144218711267297,0.7065961336560755,0.0921742625293458
0,implicit_species_hypernetwork_no_enrichment,17,staphylococcus_epidermidis,Staphylococcus epidermidis,12,Cotrimoxazole,2956,2133,823,0.6680230070881747,0.7814594359651806,0.11343642887700589
0,implicit_species_hypernetwork_no_enrichment,17,staphylococcus_epidermidis,Staphylococcus epidermidis,13,Ertapenem,0,0,0,,,
0,implicit_species_hypernetwork_no_enrichment,17,staphylococcus_epidermidis,Staphylococcus epidermidis,14,Erythromycin,2966,973,1993,0.5832716666606503,0.6692341489148299,0.08596248225417957
0,implicit_species_hypernetwork_no_enrichment,17,staphylococcus_epidermidis,Staphylococcus epidermidis,15,Fosfomycin,2951,2408,543,0.6740228244709165,0.7882465140752434,0.11422368960432683
0,implicit_species_hypernetwork_no_enrichment,17,staphylococcus_epidermidis,Staphylococcus epidermidis,16,Fusidic acid,1,0,1,,,
0,implicit_species_hypernetwork_no_enrichment,17,staphylococcus_epidermidis,Staphylococcus epidermidis,17,Gentamicin,2955,1977,978,0.6516879182169593,0.7676239432409313,0.11593602502397204
0,implicit_species_hypernetwork_no_enrichment,17,staphylococcus_epidermidis,Staphylococcus epidermidis,18,Imipenem,1,1,0,,,
0,implicit_species_hypernetwork_no_enrichment,17,staphylococcus_epidermidis,Staphylococcus epidermidis,19,Levofloxacin,2953,902,2051,0.6302725618675007,0.7726059215071119,0.14233335963961125
0,implicit_species_hypernetwork_no_enrichment,17,staphylococcus_epidermidis,Staphylococcus epidermidis,20,Linezolid,2959,2897,62,0.674231964100794,0.8952002627857517,0.2209682986849577
0,implicit_species_hypernetwork_no_enrichment,17,staphylococcus_epidermidis,Staphylococcus epidermidis,21,Meropenem,1,1,0,,,
0,implicit_species_hypernetwork_no_enrichment,17,staphylococcus_epidermidis,Staphylococcus epidermidis,22,Micafungin,0,0,0,,,
0,implicit_species_hypernetwork_no_enrichment,17,staphylococcus_epidermidis,Staphylococcus epidermidis,23,Moxifloxacin,10,9,1,0.2222222222222222,0.2222222222222222,0.0
0,implicit_species_hypernetwork_no_enrichment,17,staphylococcus_epidermidis,Staphylococcus epidermidis,24,Mupirocin,0,0,0,,,
0,implicit_species_hypernetwork_no_enrichment,17,staphylococcus_epidermidis,Staphylococcus epidermidis,25,Nitrofurantoin,0,0,0,,,
0,implicit_species_hypernetwork_no_enrichment,17,staphylococcus_epidermidis,Staphylococcus epidermidis,26,Oxacillin,2970,990,1980,0.6387817569635752,0.7427481889603101,0.10396643199673494
0,implicit_species_hypernetwork_no_enrichment,17,staphylococcus_epidermidis,Staphylococcus epidermidis,27,Piperacillin,0,0,0,,,
0,implicit_species_hypernetwork_no_enrichment,17,staphylococcus_epidermidis,Staphylococcus epidermidis,28,Piperacillin-Tazobactam,1,1,0,,,
0,implicit_species_hypernetwork_no_enrichment,17,staphylococcus_epidermidis,Staphylococcus epidermidis,29,Rifampicin,2947,2702,245,0.6013912596867023,0.6950943367724589,0.09370307708575665
0,implicit_species_hypernetwork_no_enrichment,17,staphylococcus_epidermidis,Staphylococcus epidermidis,30,Teicoplanin,1,1,0,,,
0,implicit_species_hypernetwork_no_enrichment,17,staphylococcus_epidermidis,Staphylococcus epidermidis,31,Tetracycline,2953,1666,1287,0.5996391563618455,0.6308549060649901,0.031215749703144557
0,implicit_species_hypernetwork_no_enrichment,17,staphylococcus_epidermidis,Staphylococcus epidermidis,32,Tigecycline,2949,2943,6,0.6496488843583645,0.6933401291199456,0.04369124476158104
0,implicit_species_hypernetwork_no_enrichment,17,staphylococcus_epidermidis,Staphylococcus epidermidis,33,Tobramycin,0,0,0,,,
0,implicit_species_hypernetwork_no_enrichment,17,staphylococcus_epidermidis,Staphylococcus epidermidis,34,Vancomycin,2956,2954,2,0.1398104265402844,0.5325829383886256,0.39277251184834117
0,implicit_species_hypernetwork_no_enrichment,17,staphylococcus_epidermidis,Staphylococcus epidermidis,35,Voriconazole,0,0,0,,,
0,implicit_species_hypernetwork_no_enrichment,18,staphylococcus_haemolyticus,Staphylococcus haemolyticus,0,Amikacin,0,0,0,,,
0,implicit_species_hypernetwork_no_enrichment,18,staphylococcus_haemolyticus,Staphylococcus haemolyticus,1,Ampicillin,0,0,0,,,
0,implicit_species_hypernetwork_no_enrichment,18,staphylococcus_haemolyticus,Staphylococcus haemolyticus,2,Azithromycin,0,0,0,,,
0,implicit_species_hypernetwork_no_enrichment,18,staphylococcus_haemolyticus,Staphylococcus haemolyticus,3,Caspofungin,0,0,0,,,
0,implicit_species_hypernetwork_no_enrichment,18,staphylococcus_haemolyticus,Staphylococcus haemolyticus,4,Cefepime,0,0,0,,,
0,implicit_species_hypernetwork_no_enrichment,18,staphylococcus_haemolyticus,Staphylococcus haemolyticus,5,Ceftazidime,0,0,0,,,
0,implicit_species_hypernetwork_no_enrichment,18,staphylococcus_haemolyticus,Staphylococcus haemolyticus,6,Ceftazidime-Avibactam,0,0,0,,,
0,implicit_species_hypernetwork_no_enrichment,18,staphylococcus_haemolyticus,Staphylococcus haemolyticus,7,Ceftolozane-Tazobactam,0,0,0,,,
0,implicit_species_hypernetwork_no_enrichment,18,staphylococcus_haemolyticus,Staphylococcus haemolyticus,8,Ceftriaxone,0,0,0,,,
0,implicit_species_hypernetwork_no_enrichment,18,staphylococcus_haemolyticus,Staphylococcus haemolyticus,9,Ciprofloxacin,0,0,0,,,
0,implicit_species_hypernetwork_no_enrichment,18,staphylococcus_haemolyticus,Staphylococcus haemolyticus,10,Clarithromycin,0,0,0,,,
0,implicit_species_hypernetwork_no_enrichment,18,staphylococcus_haemolyticus,Staphylococcus haemolyticus,11,Clindamycin,399,134,265,0.5721627710504084,0.673613066741763,0.10145029569135466
0,implicit_species_hypernetwork_no_enrichment,18,staphylococcus_haemolyticus,Staphylococcus haemolyticus,12,Cotrimoxazole,400,158,242,0.6605424207553092,0.8147949576315514,0.15425253687624219
0,implicit_species_hypernetwork_no_enrichment,18,staphylococcus_haemolyticus,Staphylococcus haemolyticus,13,Ertapenem,0,0,0,,,
0,implicit_species_hypernetwork_no_enrichment,18,staphylococcus_haemolyticus,Staphylococcus haemolyticus,14,Erythromycin,401,63,338,0.6074950690335307,0.8305860805860806,0.22309101155254996
0,implicit_species_hypernetwork_no_enrichment,18,staphylococcus_haemolyticus,Staphylococcus haemolyticus,15,Fosfomycin,399,10,389,0.4434447300771208,0.4845758354755784,0.0411311053984576
0,implicit_species_hypernetwork_no_enrichment,18,staphylococcus_haemolyticus,Staphylococcus haemolyticus,16,Fusidic acid,1,1,0,,,
0,implicit_species_hypernetwork_no_enrichment,18,staphylococcus_haemolyticus,Staphylococcus haemolyticus,17,Gentamicin,401,118,283,0.6764239084865545,0.8879888602743007,0.21156495178774615
0,implicit_species_hypernetwork_no_enrichment,18,staphylococcus_haemolyticus,Staphylococcus haemolyticus,18,Imipenem,0,0,0,,,
0,implicit_species_hypernetwork_no_enrichment,18,staphylococcus_haemolyticus,Staphylococcus haemolyticus,19,Levofloxacin,401,75,326,0.6964621676891615,0.8874233128834356,0.1909611451942741
0,implicit_species_hypernetwork_no_enrichment,18,staphylococcus_haemolyticus,Staphylococcus haemolyticus,20,Linezolid,401,398,3,0.4949748743718593,0.4300670016750419,-0.06490787269681736
0,implicit_species_hypernetwork_no_enrichment,18,staphylococcus_haemolyticus,Staphylococcus haemolyticus,21,Meropenem,0,0,0,,,
0,implicit_species_hypernetwork_no_enrichment,18,staphylococcus_haemolyticus,Staphylococcus haemolyticus,22,Micafungin,0,0,0,,,
0,implicit_species_hypernetwork_no_enrichment,18,staphylococcus_haemolyticus,Staphylococcus haemolyticus,23,Moxifloxacin,0,0,0,,,
0,implicit_species_hypernetwork_no_enrichment,18,staphylococcus_haemolyticus,Staphylococcus haemolyticus,24,Mupirocin,0,0,0,,,
0,implicit_species_hypernetwork_no_enrichment,18,staphylococcus_haemolyticus,Staphylococcus haemolyticus,25,Nitrofurantoin,0,0,0,,,
0,implicit_species_hypernetwork_no_enrichment,18,staphylococcus_haemolyticus,Staphylococcus haemolyticus,26,Oxacillin,404,80,324,0.6816358024691358,0.8571952160493826,0.17555941358024685
0,implicit_species_hypernetwork_no_enrichment,18,staphylococcus_haemolyticus,Staphylococcus haemolyticus,27,Piperacillin,0,0,0,,,
0,implicit_species_hypernetwork_no_enrichment,18,staphylococcus_haemolyticus,Staphylococcus haemolyticus,28,Piperacillin-Tazobactam,0,0,0,,,
0,implicit_species_hypernetwork_no_enrichment,18,staphylococcus_haemolyticus,Staphylococcus haemolyticus,29,Rifampicin,398,347,51,0.6125049443408487,0.7413685935469289,0.12886364920608018
0,implicit_species_hypernetwork_no_enrichment,18,staphylococcus_haemolyticus,Staphylococcus haemolyticus,30,Teicoplanin,0,0,0,,,
0,implicit_species_hypernetwork_no_enrichment,18,staphylococcus_haemolyticus,Staphylococcus haemolyticus,31,Tetracycline,400,169,231,0.645764491918338,0.719242296165373,0.0734778042470351
0,implicit_species_hypernetwork_no_enrichment,18,staphylococcus_haemolyticus,Staphylococcus haemolyticus,32,Tigecycline,401,399,2,0.33145363408521306,0.694235588972431,0.36278195488721793
0,implicit_species_hypernetwork_no_enrichment,18,staphylococcus_haemolyticus,Staphylococcus haemolyticus,33,Tobramycin,0,0,0,,,
0,implicit_species_hypernetwork_no_enrichment,18,staphylococcus_haemolyticus,Staphylococcus haemolyticus,34,Vancomycin,401,401,0,,,
0,implicit_species_hypernetwork_no_enrichment,18,staphylococcus_haemolyticus,Staphylococcus haemolyticus,35,Voriconazole,0,0,0,,,
0,implicit_species_hypernetwork_no_enrichment,19,staphylococcus_hominis,Staphylococcus hominis,0,Amikacin,0,0,0,,,
0,implicit_species_hypernetwork_no_enrichment,19,staphylococcus_hominis,Staphylococcus hominis,1,Ampicillin,0,0,0,,,
0,implicit_species_hypernetwork_no_enrichment,19,staphylococcus_hominis,Staphylococcus hominis,2,Azithromycin,0,0,0,,,
0,implicit_species_hypernetwork_no_enrichment,19,staphylococcus_hominis,Staphylococcus hominis,3,Caspofungin,0,0,0,,,
0,implicit_species_hypernetwork_no_enrichment,19,staphylococcus_hominis,Staphylococcus hominis,4,Cefepime,0,0,0,,,
0,implicit_species_hypernetwork_no_enrichment,19,staphylococcus_hominis,Staphylococcus hominis,5,Ceftazidime,0,0,0,,,
0,implicit_species_hypernetwork_no_enrichment,19,staphylococcus_hominis,Staphylococcus hominis,6,Ceftazidime-Avibactam,0,0,0,,,
0,implicit_species_hypernetwork_no_enrichment,19,staphylococcus_hominis,Staphylococcus hominis,7,Ceftolozane-Tazobactam,0,0,0,,,
0,implicit_species_hypernetwork_no_enrichment,19,staphylococcus_hominis,Staphylococcus hominis,8,Ceftriaxone,0,0,0,,,
0,implicit_species_hypernetwork_no_enrichment,19,staphylococcus_hominis,Staphylococcus hominis,9,Ciprofloxacin,0,0,0,,,
0,implicit_species_hypernetwork_no_enrichment,19,staphylococcus_hominis,Staphylococcus hominis,10,Clarithromycin,0,0,0,,,
0,implicit_species_hypernetwork_no_enrichment,19,staphylococcus_hominis,Staphylococcus hominis,11,Clindamycin,504,311,193,0.5363943821535079,0.5316878529896873,-0.0047065291638205276
0,implicit_species_hypernetwork_no_enrichment,19,staphylococcus_hominis,Staphylococcus hominis,12,Cotrimoxazole,502,388,114,0.5176003798155182,0.5290287574606619,0.011428377645143706
0,implicit_species_hypernetwork_no_enrichment,19,staphylococcus_hominis,Staphylococcus hominis,13,Ertapenem,0,0,0,,,
0,implicit_species_hypernetwork_no_enrichment,19,staphylococcus_hominis,Staphylococcus hominis,14,Erythromycin,508,192,316,0.5684253032700423,0.5275827399789029,-0.04084256329113933
0,implicit_species_hypernetwork_no_enrichment,19,staphylococcus_hominis,Staphylococcus hominis,15,Fosfomycin,500,15,485,0.4249484536082474,0.33621993127147765,-0.08872852233676976
0,implicit_species_hypernetwork_no_enrichment,19,staphylococcus_hominis,Staphylococcus hominis,16,Fusidic acid,1,1,0,,,
0,implicit_species_hypernetwork_no_enrichment,19,staphylococcus_hominis,Staphylococcus hominis,17,Gentamicin,500,419,81,0.5795250302012434,0.524043136214974,-0.05548189398626935
0,implicit_species_hypernetwork_no_enrichment,19,staphylococcus_hominis,Staphylococcus hominis,18,Imipenem,0,0,0,,,
0,implicit_species_hypernetwork_no_enrichment,19,staphylococcus_hominis,Staphylococcus hominis,19,Levofloxacin,500,225,275,0.4310141414141414,0.5731717171717172,0.14215757575757582
0,implicit_species_hypernetwork_no_enrichment,19,staphylococcus_hominis,Staphylococcus hominis,20,Linezolid,499,494,5,0.4779352226720648,0.47186234817813766,-0.006072874493927127
0,implicit_species_hypernetwork_no_enrichment,19,staphylococcus_hominis,Staphylococcus hominis,21,Meropenem,0,0,0,,,
0,implicit_species_hypernetwork_no_enrichment,19,staphylococcus_hominis,Staphylococcus hominis,22,Micafungin,0,0,0,,,
0,implicit_species_hypernetwork_no_enrichment,19,staphylococcus_hominis,Staphylococcus hominis,23,Moxifloxacin,1,1,0,,,
0,implicit_species_hypernetwork_no_enrichment,19,staphylococcus_hominis,Staphylococcus hominis,24,Mupirocin,0,0,0,,,
0,implicit_species_hypernetwork_no_enrichment,19,staphylococcus_hominis,Staphylococcus hominis,25,Nitrofurantoin,0,0,0,,,
0,implicit_species_hypernetwork_no_enrichment,19,staphylococcus_hominis,Staphylococcus hominis,26,Oxacillin,507,272,235,0.5386968085106383,0.5485763454317898,0.00987953692115151
0,implicit_species_hypernetwork_no_enrichment,19,staphylococcus_hominis,Staphylococcus hominis,27,Piperacillin,0,0,0,,,
0,implicit_species_hypernetwork_no_enrichment,19,staphylococcus_hominis,Staphylococcus hominis,28,Piperacillin-Tazobactam,0,0,0,,,
0,implicit_species_hypernetwork_no_enrichment,19,staphylococcus_hominis,Staphylococcus hominis,29,Rifampicin,502,492,10,0.45640243902439026,0.48871951219512194,0.03231707317073168
0,implicit_species_hypernetwork_no_enrichment,19,staphylococcus_hominis,Staphylococcus hominis,30,Teicoplanin,0,0,0,,,
0,implicit_species_hypernetwork_no_enrichment,19,staphylococcus_hominis,Staphylococcus hominis,31,Tetracycline,500,323,177,0.5305487047629043,0.5236833359570412,-0.006865368805863081
0,implicit_species_hypernetwork_no_enrichment,19,staphylococcus_hominis,Staphylococcus hominis,32,Tigecycline,503,503,0,,,
0,implicit_species_hypernetwork_no_enrichment,19,staphylococcus_hominis,Staphylococcus hominis,33,Tobramycin,0,0,0,,,
0,implicit_species_hypernetwork_no_enrichment,19,staphylococcus_hominis,Staphylococcus hominis,34,Vancomycin,503,503,0,,,
0,implicit_species_hypernetwork_no_enrichment,19,staphylococcus_hominis,Staphylococcus hominis,35,Voriconazole,0,0,0,,,
0,implicit_species_hypernetwork_no_enrichment,20,staphylococcus_lugdunensis,Staphylococcus lugdunensis,0,Amikacin,0,0,0,,,
0,implicit_species_hypernetwork_no_enrichment,20,staphylococcus_lugdunensis,Staphylococcus lugdunensis,1,Ampicillin,0,0,0,,,
0,implicit_species_hypernetwork_no_enrichment,20,staphylococcus_lugdunensis,Staphylococcus lugdunensis,2,Azithromycin,0,0,0,,,
0,implicit_species_hypernetwork_no_enrichment,20,staphylococcus_lugdunensis,Staphylococcus lugdunensis,3,Caspofungin,0,0,0,,,
0,implicit_species_hypernetwork_no_enrichment,20,staphylococcus_lugdunensis,Staphylococcus lugdunensis,4,Cefepime,0,0,0,,,
0,implicit_species_hypernetwork_no_enrichment,20,staphylococcus_lugdunensis,Staphylococcus lugdunensis,5,Ceftazidime,0,0,0,,,
0,implicit_species_hypernetwork_no_enrichment,20,staphylococcus_lugdunensis,Staphylococcus lugdunensis,6,Ceftazidime-Avibactam,0,0,0,,,
0,implicit_species_hypernetwork_no_enrichment,20,staphylococcus_lugdunensis,Staphylococcus lugdunensis,7,Ceftolozane-Tazobactam,0,0,0,,,
0,implicit_species_hypernetwork_no_enrichment,20,staphylococcus_lugdunensis,Staphylococcus lugdunensis,8,Ceftriaxone,0,0,0,,,
0,implicit_species_hypernetwork_no_enrichment,20,staphylococcus_lugdunensis,Staphylococcus lugdunensis,9,Ciprofloxacin,0,0,0,,,
0,implicit_species_hypernetwork_no_enrichment,20,staphylococcus_lugdunensis,Staphylococcus lugdunensis,10,Clarithromycin,0,0,0,,,
0,implicit_species_hypernetwork_no_enrichment,20,staphylococcus_lugdunensis,Staphylococcus lugdunensis,11,Clindamycin,257,227,30,0.5780469897209984,0.6279001468428781,0.049853157121879654
0,implicit_species_hypernetwork_no_enrichment,20,staphylococcus_lugdunensis,Staphylococcus lugdunensis,12,Cotrimoxazole,257,255,2,0.7313725490196078,0.9058823529411765,0.17450980392156867
0,implicit_species_hypernetwork_no_enrichment,20,staphylococcus_lugdunensis,Staphylococcus lugdunensis,13,Ertapenem,0,0,0,,,
0,implicit_species_hypernetwork_no_enrichment,20,staphylococcus_lugdunensis,Staphylococcus lugdunensis,14,Erythromycin,258,229,29,0.5618882698388797,0.624981177533504,0.06309290769462428
0,implicit_species_hypernetwork_no_enrichment,20,staphylococcus_lugdunensis,Staphylococcus lugdunensis,15,Fosfomycin,257,224,33,0.5887445887445888,0.5192099567099567,-0.06953463203463206
0,implicit_species_hypernetwork_no_enrichment,20,staphylococcus_lugdunensis,Staphylococcus lugdunensis,16,Fusidic acid,0,0,0,,,
0,implicit_species_hypernetwork_no_enrichment,20,staphylococcus_lugdunensis,Staphylococcus lugdunensis,17,Gentamicin,257,255,2,0.5352941176470588,0.4794117647058823,-0.055882352941176494
0,implicit_species_hypernetwork_no_enrichment,20,staphylococcus_lugdunensis,Staphylococcus lugdunensis,18,Imipenem,0,0,0,,,
0,implicit_species_hypernetwork_no_enrichment,20,staphylococcus_lugdunensis,Staphylococcus lugdunensis,19,Levofloxacin,257,146,111,0.5932062199185487,0.6676231025546094,0.07441688263606072
0,implicit_species_hypernetwork_no_enrichment,20,staphylococcus_lugdunensis,Staphylococcus lugdunensis,20,Linezolid,257,257,0,,,
0,implicit_species_hypernetwork_no_enrichment,20,staphylococcus_lugdunensis,Staphylococcus lugdunensis,21,Meropenem,0,0,0,,,
0,implicit_species_hypernetwork_no_enrichment,20,staphylococcus_lugdunensis,Staphylococcus lugdunensis,22,Micafungin,0,0,0,,,
0,implicit_species_hypernetwork_no_enrichment,20,staphylococcus_lugdunensis,Staphylococcus lugdunensis,23,Moxifloxacin,0,0,0,,,
0,implicit_species_hypernetwork_no_enrichment,20,staphylococcus_lugdunensis,Staphylococcus lugdunensis,24,Mupirocin,0,0,0,,,
0,implicit_species_hypernetwork_no_enrichment,20,staphylococcus_lugdunensis,Staphylococcus lugdunensis,25,Nitrofurantoin,0,0,0,,,
0,implicit_species_hypernetwork_no_enrichment,20,staphylococcus_lugdunensis,Staphylococcus lugdunensis,26,Oxacillin,255,237,18,0.5615330520393811,0.5900140646976089,0.028481012658227778
0,implicit_species_hypernetwork_no_enrichment,20,staphylococcus_lugdunensis,Staphylococcus lugdunensis,27,Piperacillin,0,0,0,,,
0,implicit_species_hypernetwork_no_enrichment,20,staphylococcus_lugdunensis,Staphylococcus lugdunensis,28,Piperacillin-Tazobactam,0,0,0,,,
0,implicit_species_hypernetwork_no_enrichment,20,staphylococcus_lugdunensis,Staphylococcus lugdunensis,29,Rifampicin,255,255,0,,,
0,implicit_species_hypernetwork_no_enrichment,20,staphylococcus_lugdunensis,Staphylococcus lugdunensis,30,Teicoplanin,0,0,0,,,
0,implicit_species_hypernetwork_no_enrichment,20,staphylococcus_lugdunensis,Staphylococcus lugdunensis,31,Tetracycline,257,233,24,0.61060443490701,0.5512339055793991,-0.05937052932761089
0,implicit_species_hypernetwork_no_enrichment,20,staphylococcus_lugdunensis,Staphylococcus lugdunensis,32,Tigecycline,256,256,0,,,
0,implicit_species_hypernetwork_no_enrichment,20,staphylococcus_lugdunensis,Staphylococcus lugdunensis,33,Tobramycin,0,0,0,,,
0,implicit_species_hypernetwork_no_enrichment,20,staphylococcus_lugdunensis,Staphylococcus lugdunensis,34,Vancomycin,256,256,0,,,
0,implicit_species_hypernetwork_no_enrichment,20,staphylococcus_lugdunensis,Staphylococcus lugdunensis,35,Voriconazole,0,0,0,,,
0,implicit_species_hypernetwork_no_enrichment,21,stenotrophomonas_maltophilia,Stenotrophomonas maltophilia,0,Amikacin,0,0,0,,,
0,implicit_species_hypernetwork_no_enrichment,21,stenotrophomonas_maltophilia,Stenotrophomonas maltophilia,1,Ampicillin,0,0,0,,,
0,implicit_species_hypernetwork_no_enrichment,21,stenotrophomonas_maltophilia,Stenotrophomonas maltophilia,2,Azithromycin,0,0,0,,,
0,implicit_species_hypernetwork_no_enrichment,21,stenotrophomonas_maltophilia,Stenotrophomonas maltophilia,3,Caspofungin,0,0,0,,,
0,implicit_species_hypernetwork_no_enrichment,21,stenotrophomonas_maltophilia,Stenotrophomonas maltophilia,4,Cefepime,0,0,0,,,
0,implicit_species_hypernetwork_no_enrichment,21,stenotrophomonas_maltophilia,Stenotrophomonas maltophilia,5,Ceftazidime,3,1,2,1.0,0.25,-0.75
0,implicit_species_hypernetwork_no_enrichment,21,stenotrophomonas_maltophilia,Stenotrophomonas maltophilia,6,Ceftazidime-Avibactam,1,1,0,,,
0,implicit_species_hypernetwork_no_enrichment,21,stenotrophomonas_maltophilia,Stenotrophomonas maltophilia,7,Ceftolozane-Tazobactam,1,0,1,,,
0,implicit_species_hypernetwork_no_enrichment,21,stenotrophomonas_maltophilia,Stenotrophomonas maltophilia,8,Ceftriaxone,0,0,0,,,
0,implicit_species_hypernetwork_no_enrichment,21,stenotrophomonas_maltophilia,Stenotrophomonas maltophilia,9,Ciprofloxacin,0,0,0,,,
0,implicit_species_hypernetwork_no_enrichment,21,stenotrophomonas_maltophilia,Stenotrophomonas maltophilia,10,Clarithromycin,0,0,0,,,
0,implicit_species_hypernetwork_no_enrichment,21,stenotrophomonas_maltophilia,Stenotrophomonas maltophilia,11,Clindamycin,0,0,0,,,
0,implicit_species_hypernetwork_no_enrichment,21,stenotrophomonas_maltophilia,Stenotrophomonas maltophilia,12,Cotrimoxazole,436,0,436,,,
0,implicit_species_hypernetwork_no_enrichment,21,stenotrophomonas_maltophilia,Stenotrophomonas maltophilia,13,Ertapenem,0,0,0,,,
0,implicit_species_hypernetwork_no_enrichment,21,stenotrophomonas_maltophilia,Stenotrophomonas maltophilia,14,Erythromycin,0,0,0,,,
0,implicit_species_hypernetwork_no_enrichment,21,stenotrophomonas_maltophilia,Stenotrophomonas maltophilia,15,Fosfomycin,0,0,0,,,
0,implicit_species_hypernetwork_no_enrichment,21,stenotrophomonas_maltophilia,Stenotrophomonas maltophilia,16,Fusidic acid,0,0,0,,,
0,implicit_species_hypernetwork_no_enrichment,21,stenotrophomonas_maltophilia,Stenotrophomonas maltophilia,17,Gentamicin,0,0,0,,,
0,implicit_species_hypernetwork_no_enrichment,21,stenotrophomonas_maltophilia,Stenotrophomonas maltophilia,18,Imipenem,0,0,0,,,
0,implicit_species_hypernetwork_no_enrichment,21,stenotrophomonas_maltophilia,Stenotrophomonas maltophilia,19,Levofloxacin,4,0,4,,,
0,implicit_species_hypernetwork_no_enrichment,21,stenotrophomonas_maltophilia,Stenotrophomonas maltophilia,20,Linezolid,0,0,0,,,
0,implicit_species_hypernetwork_no_enrichment,21,stenotrophomonas_maltophilia,Stenotrophomonas maltophilia,21,Meropenem,0,0,0,,,
0,implicit_species_hypernetwork_no_enrichment,21,stenotrophomonas_maltophilia,Stenotrophomonas maltophilia,22,Micafungin,0,0,0,,,
0,implicit_species_hypernetwork_no_enrichment,21,stenotrophomonas_maltophilia,Stenotrophomonas maltophilia,23,Moxifloxacin,1,0,1,,,
0,implicit_species_hypernetwork_no_enrichment,21,stenotrophomonas_maltophilia,Stenotrophomonas maltophilia,24,Mupirocin,0,0,0,,,
0,implicit_species_hypernetwork_no_enrichment,21,stenotrophomonas_maltophilia,Stenotrophomonas maltophilia,25,Nitrofurantoin,0,0,0,,,
0,implicit_species_hypernetwork_no_enrichment,21,stenotrophomonas_maltophilia,Stenotrophomonas maltophilia,26,Oxacillin,0,0,0,,,
0,implicit_species_hypernetwork_no_enrichment,21,stenotrophomonas_maltophilia,Stenotrophomonas maltophilia,27,Piperacillin,0,0,0,,,
0,implicit_species_hypernetwork_no_enrichment,21,stenotrophomonas_maltophilia,Stenotrophomonas maltophilia,28,Piperacillin-Tazobactam,0,0,0,,,
0,implicit_species_hypernetwork_no_enrichment,21,stenotrophomonas_maltophilia,Stenotrophomonas maltophilia,29,Rifampicin,1,0,1,,,
0,implicit_species_hypernetwork_no_enrichment,21,stenotrophomonas_maltophilia,Stenotrophomonas maltophilia,30,Teicoplanin,0,0,0,,,
0,implicit_species_hypernetwork_no_enrichment,21,stenotrophomonas_maltophilia,Stenotrophomonas maltophilia,31,Tetracycline,0,0,0,,,
0,implicit_species_hypernetwork_no_enrichment,21,stenotrophomonas_maltophilia,Stenotrophomonas maltophilia,32,Tigecycline,1,0,1,,,
0,implicit_species_hypernetwork_no_enrichment,21,stenotrophomonas_maltophilia,Stenotrophomonas maltophilia,33,Tobramycin,0,0,0,,,
0,implicit_species_hypernetwork_no_enrichment,21,stenotrophomonas_maltophilia,Stenotrophomonas maltophilia,34,Vancomycin,0,0,0,,,
0,implicit_species_hypernetwork_no_enrichment,21,stenotrophomonas_maltophilia,Stenotrophomonas maltophilia,35,Voriconazole,0,0,0,,,
0,implicit_species_hypernetwork_no_enrichment,22,streptococcus_pneumoniae,Streptococcus pneumoniae,0,Amikacin,0,0,0,,,
0,implicit_species_hypernetwork_no_enrichment,22,streptococcus_pneumoniae,Streptococcus pneumoniae,1,Ampicillin,55,55,0,,,
0,implicit_species_hypernetwork_no_enrichment,22,streptococcus_pneumoniae,Streptococcus pneumoniae,2,Azithromycin,61,57,4,0.41228070175438597,0.5416666666666667,0.12938596491228077
0,implicit_species_hypernetwork_no_enrichment,22,streptococcus_pneumoniae,Streptococcus pneumoniae,3,Caspofungin,0,0,0,,,
0,implicit_species_hypernetwork_no_enrichment,22,streptococcus_pneumoniae,Streptococcus pneumoniae,4,Cefepime,0,0,0,,,
0,implicit_species_hypernetwork_no_enrichment,22,streptococcus_pneumoniae,Streptococcus pneumoniae,5,Ceftazidime,0,0,0,,,
0,implicit_species_hypernetwork_no_enrichment,22,streptococcus_pneumoniae,Streptococcus pneumoniae,6,Ceftazidime-Avibactam,0,0,0,,,
0,implicit_species_hypernetwork_no_enrichment,22,streptococcus_pneumoniae,Streptococcus pneumoniae,7,Ceftolozane-Tazobactam,0,0,0,,,
0,implicit_species_hypernetwork_no_enrichment,22,streptococcus_pneumoniae,Streptococcus pneumoniae,8,Ceftriaxone,5,5,0,,,
0,implicit_species_hypernetwork_no_enrichment,22,streptococcus_pneumoniae,Streptococcus pneumoniae,9,Ciprofloxacin,0,0,0,,,
0,implicit_species_hypernetwork_no_enrichment,22,streptococcus_pneumoniae,Streptococcus pneumoniae,10,Clarithromycin,61,57,4,0.4385964912280702,0.5416666666666667,0.10307017543859653
0,implicit_species_hypernetwork_no_enrichment,22,streptococcus_pneumoniae,Streptococcus pneumoniae,11,Clindamycin,62,59,3,0.53954802259887,0.57909604519774,0.039548022598870025
0,implicit_species_hypernetwork_no_enrichment,22,streptococcus_pneumoniae,Streptococcus pneumoniae,12,Cotrimoxazole,61,59,2,0.5169491525423728,0.8305084745762712,0.31355932203389836
0,implicit_species_hypernetwork_no_enrichment,22,streptococcus_pneumoniae,Streptococcus pneumoniae,13,Ertapenem,0,0,0,,,
0,implicit_species_hypernetwork_no_enrichment,22,streptococcus_pneumoniae,Streptococcus pneumoniae,14,Erythromycin,61,57,4,0.4210526315789474,0.5416666666666667,0.12061403508771934
0,implicit_species_hypernetwork_no_enrichment,22,streptococcus_pneumoniae,Streptococcus pneumoniae,15,Fosfomycin,0,0,0,,,
0,implicit_species_hypernetwork_no_enrichment,22,streptococcus_pneumoniae,Streptococcus pneumoniae,16,Fusidic acid,0,0,0,,,
0,implicit_species_hypernetwork_no_enrichment,22,streptococcus_pneumoniae,Streptococcus pneumoniae,17,Gentamicin,0,0,0,,,
0,implicit_species_hypernetwork_no_enrichment,22,streptococcus_pneumoniae,Streptococcus pneumoniae,18,Imipenem,0,0,0,,,
0,implicit_species_hypernetwork_no_enrichment,22,streptococcus_pneumoniae,Streptococcus pneumoniae,19,Levofloxacin,1,0,1,,,
0,implicit_species_hypernetwork_no_enrichment,22,streptococcus_pneumoniae,Streptococcus pneumoniae,20,Linezolid,61,61,0,,,
0,implicit_species_hypernetwork_no_enrichment,22,streptococcus_pneumoniae,Streptococcus pneumoniae,21,Meropenem,0,0,0,,,
0,implicit_species_hypernetwork_no_enrichment,22,streptococcus_pneumoniae,Streptococcus pneumoniae,22,Micafungin,0,0,0,,,
0,implicit_species_hypernetwork_no_enrichment,22,streptococcus_pneumoniae,Streptococcus pneumoniae,23,Moxifloxacin,62,60,2,0.2583333333333333,0.6,0.3416666666666667
0,implicit_species_hypernetwork_no_enrichment,22,streptococcus_pneumoniae,Streptococcus pneumoniae,24,Mupirocin,0,0,0,,,
0,implicit_species_hypernetwork_no_enrichment,22,streptococcus_pneumoniae,Streptococcus pneumoniae,25,Nitrofurantoin,0,0,0,,,
0,implicit_species_hypernetwork_no_enrichment,22,streptococcus_pneumoniae,Streptococcus pneumoniae,26,Oxacillin,0,0,0,,,
0,implicit_species_hypernetwork_no_enrichment,22,streptococcus_pneumoniae,Streptococcus pneumoniae,27,Piperacillin,0,0,0,,,
0,implicit_species_hypernetwork_no_enrichment,22,streptococcus_pneumoniae,Streptococcus pneumoniae,28,Piperacillin-Tazobactam,0,0,0,,,
0,implicit_species_hypernetwork_no_enrichment,22,streptococcus_pneumoniae,Streptococcus pneumoniae,29,Rifampicin,0,0,0,,,
0,implicit_species_hypernetwork_no_enrichment,22,streptococcus_pneumoniae,Streptococcus pneumoniae,30,Teicoplanin,0,0,0,,,
0,implicit_species_hypernetwork_no_enrichment,22,streptococcus_pneumoniae,Streptococcus pneumoniae,31,Tetracycline,1,0,1,,,
0,implicit_species_hypernetwork_no_enrichment,22,streptococcus_pneumoniae,Streptococcus pneumoniae,32,Tigecycline,0,0,0,,,
0,implicit_species_hypernetwork_no_enrichment,22,streptococcus_pneumoniae,Streptococcus pneumoniae,33,Tobramycin,0,0,0,,,
0,implicit_species_hypernetwork_no_enrichment,22,streptococcus_pneumoniae,Streptococcus pneumoniae,34,Vancomycin,60,60,0,,,
0,implicit_species_hypernetwork_no_enrichment,22,streptococcus_pneumoniae,Streptococcus pneumoniae,35,Voriconazole,0,0,0,,,
1,implicit_species_hypernetwork_no_enrichment,0,candida_albicans,Candida albicans,0,Amikacin,0,0,0,,,
1,implicit_species_hypernetwork_no_enrichment,0,candida_albicans,Candida albicans,1,Ampicillin,0,0,0,,,
1,implicit_species_hypernetwork_no_enrichment,0,candida_albicans,Candida albicans,2,Azithromycin,0,0,0,,,
1,implicit_species_hypernetwork_no_enrichment,0,candida_albicans,Candida albicans,3,Cefepime,0,0,0,,,
1,implicit_species_hypernetwork_no_enrichment,0,candida_albicans,Candida albicans,4,Ceftazidime,0,0,0,,,
1,implicit_species_hypernetwork_no_enrichment,0,candida_albicans,Candida albicans,5,Ceftolozane-Tazobactam,0,0,0,,,
1,implicit_species_hypernetwork_no_enrichment,0,candida_albicans,Candida albicans,6,Ceftriaxone,0,0,0,,,
1,implicit_species_hypernetwork_no_enrichment,0,candida_albicans,Candida albicans,7,Ciprofloxacin,0,0,0,,,
1,implicit_species_hypernetwork_no_enrichment,0,candida_albicans,Candida albicans,8,Clarithromycin,0,0,0,,,
1,implicit_species_hypernetwork_no_enrichment,0,candida_albicans,Candida albicans,9,Clindamycin,0,0,0,,,
1,implicit_species_hypernetwork_no_enrichment,0,candida_albicans,Candida albicans,10,Cotrimoxazole,0,0,0,,,
1,implicit_species_hypernetwork_no_enrichment,0,candida_albicans,Candida albicans,11,Ertapenem,0,0,0,,,
1,implicit_species_hypernetwork_no_enrichment,0,candida_albicans,Candida albicans,12,Erythromycin,0,0,0,,,
1,implicit_species_hypernetwork_no_enrichment,0,candida_albicans,Candida albicans,13,Fosfomycin,0,0,0,,,
1,implicit_species_hypernetwork_no_enrichment,0,candida_albicans,Candida albicans,14,Fusidic acid,0,0,0,,,
1,implicit_species_hypernetwork_no_enrichment,0,candida_albicans,Candida albicans,15,Gentamicin,0,0,0,,,
1,implicit_species_hypernetwork_no_enrichment,0,candida_albicans,Candida albicans,16,Imipenem,0,0,0,,,
1,implicit_species_hypernetwork_no_enrichment,0,candida_albicans,Candida albicans,17,Levofloxacin,0,0,0,,,
1,implicit_species_hypernetwork_no_enrichment,0,candida_albicans,Candida albicans,18,Linezolid,0,0,0,,,
1,implicit_species_hypernetwork_no_enrichment,0,candida_albicans,Candida albicans,19,Meropenem,0,0,0,,,
1,implicit_species_hypernetwork_no_enrichment,0,candida_albicans,Candida albicans,20,Moxifloxacin,0,0,0,,,
1,implicit_species_hypernetwork_no_enrichment,0,candida_albicans,Candida albicans,21,Mupirocin,0,0,0,,,
1,implicit_species_hypernetwork_no_enrichment,0,candida_albicans,Candida albicans,22,Nitrofurantoin,0,0,0,,,
1,implicit_species_hypernetwork_no_enrichment,0,candida_albicans,Candida albicans,23,Oxacillin,0,0,0,,,
1,implicit_species_hypernetwork_no_enrichment,0,candida_albicans,Candida albicans,24,Piperacillin,0,0,0,,,
1,implicit_species_hypernetwork_no_enrichment,0,candida_albicans,Candida albicans,25,Piperacillin-Tazobactam,0,0,0,,,
1,implicit_species_hypernetwork_no_enrichment,0,candida_albicans,Candida albicans,26,Rifampicin,0,0,0,,,
1,implicit_species_hypernetwork_no_enrichment,0,candida_albicans,Candida albicans,27,Teicoplanin,0,0,0,,,
1,implicit_species_hypernetwork_no_enrichment,0,candida_albicans,Candida albicans,28,Tetracycline,0,0,0,,,
1,implicit_species_hypernetwork_no_enrichment,0,candida_albicans,Candida albicans,29,Tigecycline,0,0,0,,,
1,implicit_species_hypernetwork_no_enrichment,0,candida_albicans,Candida albicans,30,Tobramycin,0,0,0,,,
1,implicit_species_hypernetwork_no_enrichment,0,candida_albicans,Candida albicans,31,Vancomycin,0,0,0,,,
1,implicit_species_hypernetwork_no_enrichment,0,candida_albicans,Candida albicans,32,Voriconazole,1124,1119,5,0.5685433422698839,0.5193923145665773,-0.04915102770330659
1,implicit_species_hypernetwork_no_enrichment,1,citrobacter_freundii,Citrobacter freundii,0,Amikacin,0,0,0,,,
1,implicit_species_hypernetwork_no_enrichment,1,citrobacter_freundii,Citrobacter freundii,1,Ampicillin,441,13,428,0.5197699496764917,0.6285945363048167,0.10882458662832495
1,implicit_species_hypernetwork_no_enrichment,1,citrobacter_freundii,Citrobacter freundii,2,Azithromycin,0,0,0,,,
1,implicit_species_hypernetwork_no_enrichment,1,citrobacter_freundii,Citrobacter freundii,3,Cefepime,0,0,0,,,
1,implicit_species_hypernetwork_no_enrichment,1,citrobacter_freundii,Citrobacter freundii,4,Ceftazidime,441,255,186,0.5025300442757747,0.7207569049125027,0.21822686063672792
1,implicit_species_hypernetwork_no_enrichment,1,citrobacter_freundii,Citrobacter freundii,5,Ceftolozane-Tazobactam,0,0,0,,,
1,implicit_species_hypernetwork_no_enrichment,1,citrobacter_freundii,Citrobacter freundii,6,Ceftriaxone,313,178,135,0.5358302122347066,0.7651061173533084,0.22927590511860174
1,implicit_species_hypernetwork_no_enrichment,1,citrobacter_freundii,Citrobacter freundii,7,Ciprofloxacin,441,394,47,0.49775893725024306,0.6034398963170968,0.10568095906685376
1,implicit_species_hypernetwork_no_enrichment,1,citrobacter_freundii,Citrobacter freundii,8,Clarithromycin,0,0,0,,,
1,implicit_species_hypernetwork_no_enrichment,1,citrobacter_freundii,Citrobacter freundii,9,Clindamycin,0,0,0,,,
1,implicit_species_hypernetwork_no_enrichment,1,citrobacter_freundii,Citrobacter freundii,10,Cotrimoxazole,441,406,35,0.45095003518648835,0.6542575650950035,0.2033075299085152
1,implicit_species_hypernetwork_no_enrichment,1,citrobacter_freundii,Citrobacter freundii,11,Ertapenem,1,0,1,,,
1,implicit_species_hypernetwork_no_enrichment,1,citrobacter_freundii,Citrobacter freundii,12,Erythromycin,0,0,0,,,
1,implicit_species_hypernetwork_no_enrichment,1,citrobacter_freundii,Citrobacter freundii,13,Fosfomycin,98,98,0,,,
1,implicit_species_hypernetwork_no_enrichment,1,citrobacter_freundii,Citrobacter freundii,14,Fusidic acid,0,0,0,,,
1,implicit_species_hypernetwork_no_enrichment,1,citrobacter_freundii,Citrobacter freundii,15,Gentamicin,441,175,266,0.5312781954887217,0.6065198711063373,0.07524167561761563
1,implicit_species_hypernetwork_no_enrichment,1,citrobacter_freundii,Citrobacter freundii,16,Imipenem,440,432,8,0.5771122685185185,0.6316550925925927,0.05454282407407418
1,implicit_species_hypernetwork_no_enrichment,1,citrobacter_freundii,Citrobacter freundii,17,Levofloxacin,0,0,0,,,
1,implicit_species_hypernetwork_no_enrichment,1,citrobacter_freundii,Citrobacter freundii,18,Linezolid,0,0,0,,,
1,implicit_species_hypernetwork_no_enrichment,1,citrobacter_freundii,Citrobacter freundii,19,Meropenem,439,432,7,0.44229497354497355,0.7662037037037037,0.3239087301587302
1,implicit_species_hypernetwork_no_enrichment,1,citrobacter_freundii,Citrobacter freundii,20,Moxifloxacin,324,220,104,0.477381993006993,0.5458697552447552,0.0684877622377622
1,implicit_species_hypernetwork_no_enrichment,1,citrobacter_freundii,Citrobacter freundii,21,Mupirocin,0,0,0,,,
1,implicit_species_hypernetwork_no_enrichment,1,citrobacter_freundii,Citrobacter freundii,22,Nitrofurantoin,0,0,0,,,
1,implicit_species_hypernetwork_no_enrichment,1,citrobacter_freundii,Citrobacter freundii,23,Oxacillin,0,0,0,,,
1,implicit_species_hypernetwork_no_enrichment,1,citrobacter_freundii,Citrobacter freundii,24,Piperacillin,0,0,0,,,
1,implicit_species_hypernetwork_no_enrichment,1,citrobacter_freundii,Citrobacter freundii,25,Piperacillin-Tazobactam,441,254,187,0.4979262284727778,0.7183670891405953,0.22044086066781754
1,implicit_species_hypernetwork_no_enrichment,1,citrobacter_freundii,Citrobacter freundii,26,Rifampicin,0,0,0,,,
1,implicit_species_hypernetwork_no_enrichment,1,citrobacter_freundii,Citrobacter freundii,27,Teicoplanin,0,0,0,,,
1,implicit_species_hypernetwork_no_enrichment,1,citrobacter_freundii,Citrobacter freundii,28,Tetracycline,0,0,0,,,
1,implicit_species_hypernetwork_no_enrichment,1,citrobacter_freundii,Citrobacter freundii,29,Tigecycline,0,0,0,,,
1,implicit_species_hypernetwork_no_enrichment,1,citrobacter_freundii,Citrobacter freundii,30,Tobramycin,0,0,0,,,
1,implicit_species_hypernetwork_no_enrichment,1,citrobacter_freundii,Citrobacter freundii,31,Vancomycin,0,0,0,,,
1,implicit_species_hypernetwork_no_enrichment,1,citrobacter_freundii,Citrobacter freundii,32,Voriconazole,0,0,0,,,
1,implicit_species_hypernetwork_no_enrichment,2,citrobacter_koseri,Citrobacter koseri,0,Amikacin,0,0,0,,,
1,implicit_species_hypernetwork_no_enrichment,2,citrobacter_koseri,Citrobacter koseri,1,Ampicillin,446,0,446,,,
1,implicit_species_hypernetwork_no_enrichment,2,citrobacter_koseri,Citrobacter koseri,2,Azithromycin,0,0,0,,,
1,implicit_species_hypernetwork_no_enrichment,2,citrobacter_koseri,Citrobacter koseri,3,Cefepime,0,0,0,,,
1,implicit_species_hypernetwork_no_enrichment,2,citrobacter_koseri,Citrobacter koseri,4,Ceftazidime,446,427,19,0.6397756686798964,0.6397140391963515,-6.16294835449338e-05
1,implicit_species_hypernetwork_no_enrichment,2,citrobacter_koseri,Citrobacter koseri,5,Ceftolozane-Tazobactam,0,0,0,,,
1,implicit_species_hypernetwork_no_enrichment,2,citrobacter_koseri,Citrobacter koseri,6,Ceftriaxone,270,260,10,0.725576923076923,0.7063461538461538,-0.019230769230769162
1,implicit_species_hypernetwork_no_enrichment,2,citrobacter_koseri,Citrobacter koseri,7,Ciprofloxacin,446,441,5,0.6188208616780044,0.545578231292517,-0.0732426303854874
1,implicit_species_hypernetwork_no_enrichment,2,citrobacter_koseri,Citrobacter koseri,8,Clarithromycin,0,0,0,,,
1,implicit_species_hypernetwork_no_enrichment,2,citrobacter_koseri,Citrobacter koseri,9,Clindamycin,0,0,0,,,
1,implicit_species_hypernetwork_no_enrichment,2,citrobacter_koseri,Citrobacter koseri,10,Cotrimoxazole,446,442,4,0.6329185520361991,0.2811085972850679,-0.3518099547511312
1,implicit_species_hypernetwork_no_enrichment,2,citrobacter_koseri,Citrobacter koseri,11,Ertapenem,0,0,0,,,
1,implicit_species_hypernetwork_no_enrichment,2,citrobacter_koseri,Citrobacter koseri,12,Erythromycin,0,0,0,,,
1,implicit_species_hypernetwork_no_enrichment,2,citrobacter_koseri,Citrobacter koseri,13,Fosfomycin,135,134,1,0.14925373134328357,0.6492537313432836,0.5
1,implicit_species_hypernetwork_no_enrichment,2,citrobacter_koseri,Citrobacter koseri,14,Fusidic acid,0,0,0,,,
1,implicit_species_hypernetwork_no_enrichment,2,citrobacter_koseri,Citrobacter koseri,15,Gentamicin,440,175,265,0.5073530997304583,0.7849487870619947,0.2775956873315364
1,implicit_species_hypernetwork_no_enrichment,2,citrobacter_koseri,Citrobacter koseri,16,Imipenem,446,444,2,0.4802927927927928,0.7804054054054054,0.3001126126126126
1,implicit_species_hypernetwork_no_enrichment,2,citrobacter_koseri,Citrobacter koseri,17,Levofloxacin,0,0,0,,,
1,implicit_species_hypernetwork_no_enrichment,2,citrobacter_koseri,Citrobacter koseri,18,Linezolid,0,0,0,,,
1,implicit_species_hypernetwork_no_enrichment,2,citrobacter_koseri,Citrobacter koseri,19,Meropenem,446,445,1,0.6134831460674157,0.9640449438202247,0.35056179775280893
1,implicit_species_hypernetwork_no_enrichment,2,citrobacter_koseri,Citrobacter koseri,20,Moxifloxacin,275,254,21,0.5448068991376078,0.6267341582302212,0.08192725909261334
1,implicit_species_hypernetwork_no_enrichment,2,citrobacter_koseri,Citrobacter koseri,21,Mupirocin,0,0,0,,,
1,implicit_species_hypernetwork_no_enrichment,2,citrobacter_koseri,Citrobacter koseri,22,Nitrofurantoin,0,0,0,,,
1,implicit_species_hypernetwork_no_enrichment,2,citrobacter_koseri,Citrobacter koseri,23,Oxacillin,0,0,0,,,
1,implicit_species_hypernetwork_no_enrichment,2,citrobacter_koseri,Citrobacter koseri,24,Piperacillin,0,0,0,,,
1,implicit_species_hypernetwork_no_enrichment,2,citrobacter_koseri,Citrobacter koseri,25,Piperacillin-Tazobactam,446,396,50,0.5603282828282827,0.6196212121212121,0.0592929292929294
1,implicit_species_hypernetwork_no_enrichment,2,citrobacter_koseri,Citrobacter koseri,26,Rifampicin,0,0,0,,,
1,implicit_species_hypernetwork_no_enrichment,2,citrobacter_koseri,Citrobacter koseri,27,Teicoplanin,0,0,0,,,
1,implicit_species_hypernetwork_no_enrichment,2,citrobacter_koseri,Citrobacter koseri,28,Tetracycline,0,0,0,,,
1,implicit_species_hypernetwork_no_enrichment,2,citrobacter_koseri,Citrobacter koseri,29,Tigecycline,0,0,0,,,
1,implicit_species_hypernetwork_no_enrichment,2,citrobacter_koseri,Citrobacter koseri,30,Tobramycin,0,0,0,,,
1,implicit_species_hypernetwork_no_enrichment,2,citrobacter_koseri,Citrobacter koseri,31,Vancomycin,0,0,0,,,
1,implicit_species_hypernetwork_no_enrichment,2,citrobacter_koseri,Citrobacter koseri,32,Voriconazole,0,0,0,,,
1,implicit_species_hypernetwork_no_enrichment,3,enterobacter_cloacae_complex,Enterobacter cloacae complex,0,Amikacin,0,0,0,,,
1,implicit_species_hypernetwork_no_enrichment,3,enterobacter_cloacae_complex,Enterobacter cloacae complex,1,Ampicillin,1541,13,1528,0.5,0.484393878372936,-0.015606121627063985
1,implicit_species_hypernetwork_no_enrichment,3,enterobacter_cloacae_complex,Enterobacter cloacae complex,2,Azithromycin,0,0,0,,,
1,implicit_species_hypernetwork_no_enrichment,3,enterobacter_cloacae_complex,Enterobacter cloacae complex,3,Cefepime,0,0,0,,,
1,implicit_species_hypernetwork_no_enrichment,3,enterobacter_cloacae_complex,Enterobacter cloacae complex,4,Ceftazidime,1542,945,597,0.5195244299096896,0.7775748229684578,0.2580503930587682
1,implicit_species_hypernetwork_no_enrichment,3,enterobacter_cloacae_complex,Enterobacter cloacae complex,5,Ceftolozane-Tazobactam,1,1,0,,,
1,implicit_species_hypernetwork_no_enrichment,3,enterobacter_cloacae_complex,Enterobacter cloacae complex,6,Ceftriaxone,1157,709,448,0.5301292061253274,0.8095626385250857,0.27943343239975826
1,implicit_species_hypernetwork_no_enrichment,3,enterobacter_cloacae_complex,Enterobacter cloacae complex,7,Ciprofloxacin,1542,1474,68,0.4757961529252135,0.6008859446085083,0.12508979168329482
1,implicit_species_hypernetwork_no_enrichment,3,enterobacter_cloacae_complex,Enterobacter cloacae complex,8,Clarithromycin,0,0,0,,,
1,implicit_species_hypernetwork_no_enrichment,3,enterobacter_cloacae_complex,Enterobacter cloacae complex,9,Clindamycin,1,0,1,,,
1,implicit_species_hypernetwork_no_enrichment,3,enterobacter_cloacae_complex,Enterobacter cloacae complex,10,Cotrimoxazole,1542,1460,82,0.5564024390243902,0.6150684931506849,0.058666054126294664
1,implicit_species_hypernetwork_no_enrichment,3,enterobacter_cloacae_complex,Enterobacter cloacae complex,11,Ertapenem,4,3,1,1.0,0.6666666666666667,-0.33333333333333326
1,implicit_species_hypernetwork_no_enrichment,3,enterobacter_cloacae_complex,Enterobacter cloacae complex,12,Erythromycin,1,0,1,,,
1,implicit_species_hypernetwork_no_enrichment,3,enterobacter_cloacae_complex,Enterobacter cloacae complex,13,Fosfomycin,271,122,149,0.48283639564308506,0.5089943888216526,0.02615799317856754
1,implicit_species_hypernetwork_no_enrichment,3,enterobacter_cloacae_complex,Enterobacter cloacae complex,14,Fusidic acid,0,0,0,,,
1,implicit_species_hypernetwork_no_enrichment,3,enterobacter_cloacae_complex,Enterobacter cloacae complex,15,Gentamicin,1537,607,930,0.5092230429930382,0.7000956581814317,0.1908726151883935
1,implicit_species_hypernetwork_no_enrichment,3,enterobacter_cloacae_complex,Enterobacter cloacae complex,16,Imipenem,1542,1512,30,0.5418540564373897,0.5350749559082892,-0.006779100529100468
1,implicit_species_hypernetwork_no_enrichment,3,enterobacter_cloacae_complex,Enterobacter cloacae complex,17,Levofloxacin,0,0,0,,,
1,implicit_species_hypernetwork_no_enrichment,3,enterobacter_cloacae_complex,Enterobacter cloacae complex,18,Linezolid,1,1,0,,,
1,implicit_species_hypernetwork_no_enrichment,3,enterobacter_cloacae_complex,Enterobacter cloacae complex,19,Meropenem,1542,1528,14,0.4946475317875842,0.538145100972326,0.04349756918474185
1,implicit_species_hypernetwork_no_enrichment,3,enterobacter_cloacae_complex,Enterobacter cloacae complex,20,Moxifloxacin,1226,1088,138,0.5019015078857629,0.6179501012361467,0.11604859335038376
1,implicit_species_hypernetwork_no_enrichment,3,enterobacter_cloacae_complex,Enterobacter cloacae complex,21,Mupirocin,0,0,0,,,
1,implicit_species_hypernetwork_no_enrichment,3,enterobacter_cloacae_complex,Enterobacter cloacae complex,22,Nitrofurantoin,0,0,0,,,
1,implicit_species_hypernetwork_no_enrichment,3,enterobacter_cloacae_complex,Enterobacter cloacae complex,23,Oxacillin,0,0,0,,,
1,implicit_species_hypernetwork_no_enrichment,3,enterobacter_cloacae_complex,Enterobacter cloacae complex,24,Piperacillin,1,1,0,,,
1,implicit_species_hypernetwork_no_enrichment,3,enterobacter_cloacae_complex,Enterobacter cloacae complex,25,Piperacillin-Tazobactam,1543,938,605,0.516477823397769,0.772927276251564,0.25644945285379495
1,implicit_species_hypernetwork_no_enrichment,3,enterobacter_cloacae_complex,Enterobacter cloacae complex,26,Rifampicin,0,0,0,,,
1,implicit_species_hypernetwork_no_enrichment,3,enterobacter_cloacae_complex,Enterobacter cloacae complex,27,Teicoplanin,0,0,0,,,
1,implicit_species_hypernetwork_no_enrichment,3,enterobacter_cloacae_complex,Enterobacter cloacae complex,28,Tetracycline,0,0,0,,,
1,implicit_species_hypernetwork_no_enrichment,3,enterobacter_cloacae_complex,Enterobacter cloacae complex,29,Tigecycline,1,1,0,,,
1,implicit_species_hypernetwork_no_enrichment,3,enterobacter_cloacae_complex,Enterobacter cloacae complex,30,Tobramycin,0,0,0,,,
1,implicit_species_hypernetwork_no_enrichment,3,enterobacter_cloacae_complex,Enterobacter cloacae complex,31,Vancomycin,1,1,0,,,
1,implicit_species_hypernetwork_no_enrichment,3,enterobacter_cloacae_complex,Enterobacter cloacae complex,32,Voriconazole,0,0,0,,,
1,implicit_species_hypernetwork_no_enrichment,4,enterococcus_faecalis,Enterococcus faecalis,0,Amikacin,0,0,0,,,
1,implicit_species_hypernetwork_no_enrichment,4,enterococcus_faecalis,Enterococcus faecalis,1,Ampicillin,4191,4181,10,0.4491030853862712,0.40888543410667305,-0.04021765127959814
1,implicit_species_hypernetwork_no_enrichment,4,enterococcus_faecalis,Enterococcus faecalis,2,Azithromycin,0,0,0,,,
1,implicit_species_hypernetwork_no_enrichment,4,enterococcus_faecalis,Enterococcus faecalis,3,Cefepime,0,0,0,,,
1,implicit_species_hypernetwork_no_enrichment,4,enterococcus_faecalis,Enterococcus faecalis,4,Ceftazidime,62,0,62,,,
1,implicit_species_hypernetwork_no_enrichment,4,enterococcus_faecalis,Enterococcus faecalis,5,Ceftolozane-Tazobactam,0,0,0,,,
1,implicit_species_hypernetwork_no_enrichment,4,enterococcus_faecalis,Enterococcus faecalis,6,Ceftriaxone,0,0,0,,,
1,implicit_species_hypernetwork_no_enrichment,4,enterococcus_faecalis,Enterococcus faecalis,7,Ciprofloxacin,0,0,0,,,
1,implicit_species_hypernetwork_no_enrichment,4,enterococcus_faecalis,Enterococcus faecalis,8,Clarithromycin,0,0,0,,,
1,implicit_species_hypernetwork_no_enrichment,4,enterococcus_faecalis,Enterococcus faecalis,9,Clindamycin,4153,0,4153,,,
1,implicit_species_hypernetwork_no_enrichment,4,enterococcus_faecalis,Enterococcus faecalis,10,Cotrimoxazole,0,0,0,,,
1,implicit_species_hypernetwork_no_enrichment,4,enterococcus_faecalis,Enterococcus faecalis,11,Ertapenem,0,0,0,,,
1,implicit_species_hypernetwork_no_enrichment,4,enterococcus_faecalis,Enterococcus faecalis,12,Erythromycin,4107,0,4107,,,
1,implicit_species_hypernetwork_no_enrichment,4,enterococcus_faecalis,Enterococcus faecalis,13,Fosfomycin,0,0,0,,,
1,implicit_species_hypernetwork_no_enrichment,4,enterococcus_faecalis,Enterococcus faecalis,14,Fusidic acid,0,0,0,,,
1,implicit_species_hypernetwork_no_enrichment,4,enterococcus_faecalis,Enterococcus faecalis,15,Gentamicin,0,0,0,,,
1,implicit_species_hypernetwork_no_enrichment,4,enterococcus_faecalis,Enterococcus faecalis,16,Imipenem,4190,2567,1623,0.5057788303653101,0.9319163245717184,0.42613749420640823
1,implicit_species_hypernetwork_no_enrichment,4,enterococcus_faecalis,Enterococcus faecalis,17,Levofloxacin,0,0,0,,,
1,implicit_species_hypernetwork_no_enrichment,4,enterococcus_faecalis,Enterococcus faecalis,18,Linezolid,4133,4125,8,0.5564696969696971,0.5689090909090909,0.012439393939393861
1,implicit_species_hypernetwork_no_enrichment,4,enterococcus_faecalis,Enterococcus faecalis,19,Meropenem,63,0,63,,,
1,implicit_species_hypernetwork_no_enrichment,4,enterococcus_faecalis,Enterococcus faecalis,20,Moxifloxacin,1,1,0,,,
1,implicit_species_hypernetwork_no_enrichment,4,enterococcus_faecalis,Enterococcus faecalis,21,Mupirocin,0,0,0,,,
1,implicit_species_hypernetwork_no_enrichment,4,enterococcus_faecalis,Enterococcus faecalis,22,Nitrofurantoin,1910,1894,16,0.6309563093980992,0.5408031942977825,-0.09015311510031676
1,implicit_species_hypernetwork_no_enrichment,4,enterococcus_faecalis,Enterococcus faecalis,23,Oxacillin,0,0,0,,,
1,implicit_species_hypernetwork_no_enrichment,4,enterococcus_faecalis,Enterococcus faecalis,24,Piperacillin,0,0,0,,,
1,implicit_species_hypernetwork_no_enrichment,4,enterococcus_faecalis,Enterococcus faecalis,25,Piperacillin-Tazobactam,59,59,0,,,
1,implicit_species_hypernetwork_no_enrichment,4,enterococcus_faecalis,Enterococcus faecalis,26,Rifampicin,0,0,0,,,
1,implicit_species_hypernetwork_no_enrichment,4,enterococcus_faecalis,Enterococcus faecalis,27,Teicoplanin,3,3,0,,,
1,implicit_species_hypernetwork_no_enrichment,4,enterococcus_faecalis,Enterococcus faecalis,28,Tetracycline,0,0,0,,,
1,implicit_species_hypernetwork_no_enrichment,4,enterococcus_faecalis,Enterococcus faecalis,29,Tigecycline,4139,4139,0,,,
1,implicit_species_hypernetwork_no_enrichment,4,enterococcus_faecalis,Enterococcus faecalis,30,Tobramycin,0,0,0,,,
1,implicit_species_hypernetwork_no_enrichment,4,enterococcus_faecalis,Enterococcus faecalis,31,Vancomycin,4188,4185,3,0.6143369175627239,0.20868180007964954,-0.40565511748307437
1,implicit_species_hypernetwork_no_enrichment,4,enterococcus_faecalis,Enterococcus faecalis,32,Voriconazole,0,0,0,,,
1,implicit_species_hypernetwork_no_enrichment,5,enterococcus_faecium,Enterococcus faecium,0,Amikacin,0,0,0,,,
1,implicit_species_hypernetwork_no_enrichment,5,enterococcus_faecium,Enterococcus faecium,1,Ampicillin,2468,151,2317,0.4721794281827094,0.8397962654380091,0.3676168372552997
1,implicit_species_hypernetwork_no_enrichment,5,enterococcus_faecium,Enterococcus faecium,2,Azithromycin,0,0,0,,,
1,implicit_species_hypernetwork_no_enrichment,5,enterococcus_faecium,Enterococcus faecium,3,Cefepime,0,0,0,,,
1,implicit_species_hypernetwork_no_enrichment,5,enterococcus_faecium,Enterococcus faecium,4,Ceftazidime,22,0,22,,,
1,implicit_species_hypernetwork_no_enrichment,5,enterococcus_faecium,Enterococcus faecium,5,Ceftolozane-Tazobactam,0,0,0,,,
1,implicit_species_hypernetwork_no_enrichment,5,enterococcus_faecium,Enterococcus faecium,6,Ceftriaxone,0,0,0,,,
1,implicit_species_hypernetwork_no_enrichment,5,enterococcus_faecium,Enterococcus faecium,7,Ciprofloxacin,0,0,0,,,
1,implicit_species_hypernetwork_no_enrichment,5,enterococcus_faecium,Enterococcus faecium,8,Clarithromycin,0,0,0,,,
1,implicit_species_hypernetwork_no_enrichment,5,enterococcus_faecium,Enterococcus faecium,9,Clindamycin,2447,0,2447,,,
1,implicit_species_hypernetwork_no_enrichment,5,enterococcus_faecium,Enterococcus faecium,10,Cotrimoxazole,0,0,0,,,
1,implicit_species_hypernetwork_no_enrichment,5,enterococcus_faecium,Enterococcus faecium,11,Ertapenem,0,0,0,,,
1,implicit_species_hypernetwork_no_enrichment,5,enterococcus_faecium,Enterococcus faecium,12,Erythromycin,2428,0,2428,,,
1,implicit_species_hypernetwork_no_enrichment,5,enterococcus_faecium,Enterococcus faecium,13,Fosfomycin,1,0,1,,,
1,implicit_species_hypernetwork_no_enrichment,5,enterococcus_faecium,Enterococcus faecium,14,Fusidic acid,0,0,0,,,
1,implicit_species_hypernetwork_no_enrichment,5,enterococcus_faecium,Enterococcus faecium,15,Gentamicin,0,0,0,,,
1,implicit_species_hypernetwork_no_enrichment,5,enterococcus_faecium,Enterococcus faecium,16,Imipenem,2468,77,2391,0.47431385009804083,0.8857593681934961,0.41144551809545526
1,implicit_species_hypernetwork_no_enrichment,5,enterococcus_faecium,Enterococcus faecium,17,Levofloxacin,0,0,0,,,
1,implicit_species_hypernetwork_no_enrichment,5,enterococcus_faecium,Enterococcus faecium,18,Linezolid,2448,2373,75,0.5133052394999297,0.6726197499648827,0.15931451046495304
1,implicit_species_hypernetwork_no_enrichment,5,enterococcus_faecium,Enterococcus faecium,19,Meropenem,22,0,22,,,
1,implicit_species_hypernetwork_no_enrichment,5,enterococcus_faecium,Enterococcus faecium,20,Moxifloxacin,2,0,2,,,
1,implicit_species_hypernetwork_no_enrichment,5,enterococcus_faecium,Enterococcus faecium,21,Mupirocin,0,0,0,,,
1,implicit_species_hypernetwork_no_enrichment,5,enterococcus_faecium,Enterococcus faecium,22,Nitrofurantoin,0,0,0,,,
1,implicit_species_hypernetwork_no_enrichment,5,enterococcus_faecium,Enterococcus faecium,23,Oxacillin,0,0,0,,,
1,implicit_species_hypernetwork_no_enrichment,5,enterococcus_faecium,Enterococcus faecium,24,Piperacillin,0,0,0,,,
1,implicit_species_hypernetwork_no_enrichment,5,enterococcus_faecium,Enterococcus faecium,25,Piperacillin-Tazobactam,23,2,21,0.5476190476190477,0.5952380952380952,0.04761904761904756
1,implicit_species_hypernetwork_no_enrichment,5,enterococcus_faecium,Enterococcus faecium,26,Rifampicin,0,0,0,,,
1,implicit_species_hypernetwork_no_enrichment,5,enterococcus_faecium,Enterococcus faecium,27,Teicoplanin,137,87,50,0.4891954022988506,0.2181609195402299,-0.27103448275862074
1,implicit_species_hypernetwork_no_enrichment,5,enterococcus_faecium,Enterococcus faecium,28,Tetracycline,0,0,0,,,
1,implicit_species_hypernetwork_no_enrichment,5,enterococcus_faecium,Enterococcus faecium,29,Tigecycline,2434,2434,0,,,
1,implicit_species_hypernetwork_no_enrichment,5,enterococcus_faecium,Enterococcus faecium,30,Tobramycin,0,0,0,,,
1,implicit_species_hypernetwork_no_enrichment,5,enterococcus_faecium,Enterococcus faecium,31,Vancomycin,2469,1342,1127,0.5480662296668812,0.8021136790101254,0.2540474493432442
1,implicit_species_hypernetwork_no_enrichment,5,enterococcus_faecium,Enterococcus faecium,32,Voriconazole,0,0,0,,,
1,implicit_species_hypernetwork_no_enrichment,6,escherichia_coli,Escherichia coli,0,Amikacin,3,2,1,0.0,1.0,1.0
1,implicit_species_hypernetwork_no_enrichment,6,escherichia_coli,Escherichia coli,1,Ampicillin,9493,4408,5085,0.5463055015730762,0.651562145879397,0.10525664430632076
1,implicit_species_hypernetwork_no_enrichment,6,escherichia_coli,Escherichia coli,2,Azithromycin,0,0,0,,,
1,implicit_species_hypernetwork_no_enrichment,6,escherichia_coli,Escherichia coli,3,Cefepime,3,1,2,0.0,1.0,1.0
1,implicit_species_hypernetwork_no_enrichment,6,escherichia_coli,Escherichia coli,4,Ceftazidime,9497,7672,1825,0.5588326524490408,0.7559124444698389,0.19707979202079806
1,implicit_species_hypernetwork_no_enrichment,6,escherichia_coli,Escherichia coli,5,Ceftolozane-Tazobactam,0,0,0,,,
1,implicit_species_hypernetwork_no_enrichment,6,escherichia_coli,Escherichia coli,6,Ceftriaxone,4174,3217,957,0.5625901972573214,0.8347636592306611,0.2721734619733397
1,implicit_species_hypernetwork_no_enrichment,6,escherichia_coli,Escherichia coli,7,Ciprofloxacin,9488,7417,2071,0.5772356522108795,0.7217289329777137,0.1444932807668342
1,implicit_species_hypernetwork_no_enrichment,6,escherichia_coli,Escherichia coli,8,Clarithromycin,0,0,0,,,
1,implicit_species_hypernetwork_no_enrichment,6,escherichia_coli,Escherichia coli,9,Clindamycin,2,2,0,,,
1,implicit_species_hypernetwork_no_enrichment,6,escherichia_coli,Escherichia coli,10,Cotrimoxazole,9490,6921,2569,0.5740323887746317,0.6288901397290863,0.054857750954454554
1,implicit_species_hypernetwork_no_enrichment,6,escherichia_coli,Escherichia coli,11,Ertapenem,600,596,4,0.738464765100671,0.3678691275167786,-0.37059563758389247
1,implicit_species_hypernetwork_no_enrichment,6,escherichia_coli,Escherichia coli,12,Erythromycin,2,2,0,,,
1,implicit_species_hypernetwork_no_enrichment,6,escherichia_coli,Escherichia coli,13,Fosfomycin,2807,2767,40,0.5632724972894833,0.6158429707264185,0.05257047343693522
1,implicit_species_hypernetwork_no_enrichment,6,escherichia_coli,Escherichia coli,14,Fusidic acid,0,0,0,,,
1,implicit_species_hypernetwork_no_enrichment,6,escherichia_coli,Escherichia coli,15,Gentamicin,9353,3147,6206,0.5280527439388739,0.7971401283401848,0.26908738440131086
1,implicit_species_hypernetwork_no_enrichment,6,escherichia_coli,Escherichia coli,16,Imipenem,9492,9468,24,0.543316962399662,0.6503485424588085,0.10703158005914648
1,implicit_species_hypernetwork_no_enrichment,6,escherichia_coli,Escherichia coli,17,Levofloxacin,2,2,0,,,
1,implicit_species_hypernetwork_no_enrichment,6,escherichia_coli,Escherichia coli,18,Linezolid,2,2,0,,,
1,implicit_species_hypernetwork_no_enrichment,6,escherichia_coli,Escherichia coli,19,Meropenem,9494,9471,23,0.5248447204968945,0.5939412302084625,0.069096509711568
1,implicit_species_hypernetwork_no_enrichment,6,escherichia_coli,Escherichia coli,20,Moxifloxacin,4319,2867,1452,0.5626001108846654,0.7448516461184123,0.18225153523374682
1,implicit_species_hypernetwork_no_enrichment,6,escherichia_coli,Escherichia coli,21,Mupirocin,0,0,0,,,
1,implicit_species_hypernetwork_no_enrichment,6,escherichia_coli,Escherichia coli,22,Nitrofurantoin,5169,5088,81,0.5231918238993711,0.5594621088593834,0.03627028496001228
1,implicit_species_hypernetwork_no_enrichment,6,escherichia_coli,Escherichia coli,23,Oxacillin,2,2,0,,,
1,implicit_species_hypernetwork_no_enrichment,6,escherichia_coli,Escherichia coli,24,Piperacillin,5,2,3,0.5,0.6666666666666666,0.16666666666666663
1,implicit_species_hypernetwork_no_enrichment,6,escherichia_coli,Escherichia coli,25,Piperacillin-Tazobactam,9435,7256,2179,0.5505018903505599,0.7214262204171016,0.17092433006654173
1,implicit_species_hypernetwork_no_enrichment,6,escherichia_coli,Escherichia coli,26,Rifampicin,2,2,0,,,
1,implicit_species_hypernetwork_no_enrichment,6,escherichia_coli,Escherichia coli,27,Teicoplanin,0,0,0,,,
1,implicit_species_hypernetwork_no_enrichment,6,escherichia_coli,Escherichia coli,28,Tetracycline,2,0,2,,,
1,implicit_species_hypernetwork_no_enrichment,6,escherichia_coli,Escherichia coli,29,Tigecycline,6,5,1,0.6,1.0,0.4
1,implicit_species_hypernetwork_no_enrichment,6,escherichia_coli,Escherichia coli,30,Tobramycin,3,2,1,0.0,1.0,1.0
1,implicit_species_hypernetwork_no_enrichment,6,escherichia_coli,Escherichia coli,31,Vancomycin,2,2,0,,,
1,implicit_species_hypernetwork_no_enrichment,6,escherichia_coli,Escherichia coli,32,Voriconazole,0,0,0,,,
1,implicit_species_hypernetwork_no_enrichment,7,haemophilus_influenzae,Haemophilus influenzae,0,Amikacin,0,0,0,,,
1,implicit_species_hypernetwork_no_enrichment,7,haemophilus_influenzae,Haemophilus influenzae,1,Ampicillin,179,132,47,0.4083655705996132,0.5529497098646035,0.14458413926499025
1,implicit_species_hypernetwork_no_enrichment,7,haemophilus_influenzae,Haemophilus influenzae,2,Azithromycin,0,0,0,,,
1,implicit_species_hypernetwork_no_enrichment,7,haemophilus_influenzae,Haemophilus influenzae,3,Cefepime,0,0,0,,,
1,implicit_species_hypernetwork_no_enrichment,7,haemophilus_influenzae,Haemophilus influenzae,4,Ceftazidime,0,0,0,,,
1,implicit_species_hypernetwork_no_enrichment,7,haemophilus_influenzae,Haemophilus influenzae,5,Ceftolozane-Tazobactam,0,0,0,,,
1,implicit_species_hypernetwork_no_enrichment,7,haemophilus_influenzae,Haemophilus influenzae,6,Ceftriaxone,2,2,0,,,
1,implicit_species_hypernetwork_no_enrichment,7,haemophilus_influenzae,Haemophilus influenzae,7,Ciprofloxacin,180,175,5,0.38971428571428574,0.4645714285714286,0.07485714285714284
1,implicit_species_hypernetwork_no_enrichment,7,haemophilus_influenzae,Haemophilus influenzae,8,Clarithromycin,0,0,0,,,
1,implicit_species_hypernetwork_no_enrichment,7,haemophilus_influenzae,Haemophilus influenzae,9,Clindamycin,0,0,0,,,
1,implicit_species_hypernetwork_no_enrichment,7,haemophilus_influenzae,Haemophilus influenzae,10,Cotrimoxazole,178,146,32,0.5207619863013699,0.5920376712328768,0.07127568493150682
1,implicit_species_hypernetwork_no_enrichment,7,haemophilus_influenzae,Haemophilus influenzae,11,Ertapenem,0,0,0,,,
1,implicit_species_hypernetwork_no_enrichment,7,haemophilus_influenzae,Haemophilus influenzae,12,Erythromycin,0,0,0,,,
1,implicit_species_hypernetwork_no_enrichment,7,haemophilus_influenzae,Haemophilus influenzae,13,Fosfomycin,0,0,0,,,
1,implicit_species_hypernetwork_no_enrichment,7,haemophilus_influenzae,Haemophilus influenzae,14,Fusidic acid,0,0,0,,,
1,implicit_species_hypernetwork_no_enrichment,7,haemophilus_influenzae,Haemophilus influenzae,15,Gentamicin,0,0,0,,,
1,implicit_species_hypernetwork_no_enrichment,7,haemophilus_influenzae,Haemophilus influenzae,16,Imipenem,0,0,0,,,
1,implicit_species_hypernetwork_no_enrichment,7,haemophilus_influenzae,Haemophilus influenzae,17,Levofloxacin,178,174,4,0.3785919540229885,0.6206896551724137,0.2420977011494252
1,implicit_species_hypernetwork_no_enrichment,7,haemophilus_influenzae,Haemophilus influenzae,18,Linezolid,0,0,0,,,
1,implicit_species_hypernetwork_no_enrichment,7,haemophilus_influenzae,Haemophilus influenzae,19,Meropenem,0,0,0,,,
1,implicit_species_hypernetwork_no_enrichment,7,haemophilus_influenzae,Haemophilus influenzae,20,Moxifloxacin,179,175,4,0.5471428571428572,0.5871428571428572,0.040000000000000036
1,implicit_species_hypernetwork_no_enrichment,7,haemophilus_influenzae,Haemophilus influenzae,21,Mupirocin,0,0,0,,,
1,implicit_species_hypernetwork_no_enrichment,7,haemophilus_influenzae,Haemophilus influenzae,22,Nitrofurantoin,0,0,0,,,
1,implicit_species_hypernetwork_no_enrichment,7,haemophilus_influenzae,Haemophilus influenzae,23,Oxacillin,0,0,0,,,
1,implicit_species_hypernetwork_no_enrichment,7,haemophilus_influenzae,Haemophilus influenzae,24,Piperacillin,0,0,0,,,
1,implicit_species_hypernetwork_no_enrichment,7,haemophilus_influenzae,Haemophilus influenzae,25,Piperacillin-Tazobactam,0,0,0,,,
1,implicit_species_hypernetwork_no_enrichment,7,haemophilus_influenzae,Haemophilus influenzae,26,Rifampicin,0,0,0,,,
1,implicit_species_hypernetwork_no_enrichment,7,haemophilus_influenzae,Haemophilus influenzae,27,Teicoplanin,0,0,0,,,
1,implicit_species_hypernetwork_no_enrichment,7,haemophilus_influenzae,Haemophilus influenzae,28,Tetracycline,0,0,0,,,
1,implicit_species_hypernetwork_no_enrichment,7,haemophilus_influenzae,Haemophilus influenzae,29,Tigecycline,0,0,0,,,
1,implicit_species_hypernetwork_no_enrichment,7,haemophilus_influenzae,Haemophilus influenzae,30,Tobramycin,0,0,0,,,
1,implicit_species_hypernetwork_no_enrichment,7,haemophilus_influenzae,Haemophilus influenzae,31,Vancomycin,0,0,0,,,
1,implicit_species_hypernetwork_no_enrichment,7,haemophilus_influenzae,Haemophilus influenzae,32,Voriconazole,0,0,0,,,
1,implicit_species_hypernetwork_no_enrichment,8,klebsiella_oxytoca,Klebsiella oxytoca,0,Amikacin,1,1,0,,,
1,implicit_species_hypernetwork_no_enrichment,8,klebsiella_oxytoca,Klebsiella oxytoca,1,Ampicillin,1273,6,1267,0.5,0.26203630623520124,-0.23796369376479876
1,implicit_species_hypernetwork_no_enrichment,8,klebsiella_oxytoca,Klebsiella oxytoca,2,Azithromycin,0,0,0,,,
1,implicit_species_hypernetwork_no_enrichment,8,klebsiella_oxytoca,Klebsiella oxytoca,3,Cefepime,1,1,0,,,
1,implicit_species_hypernetwork_no_enrichment,8,klebsiella_oxytoca,Klebsiella oxytoca,4,Ceftazidime,1274,1248,26,0.5738104043392505,0.7847170857988166,0.21090668145956615
1,implicit_species_hypernetwork_no_enrichment,8,klebsiella_oxytoca,Klebsiella oxytoca,5,Ceftolozane-Tazobactam,0,0,0,,,
1,implicit_species_hypernetwork_no_enrichment,8,klebsiella_oxytoca,Klebsiella oxytoca,6,Ceftriaxone,907,881,26,0.6151008469396665,0.8753601676416659,0.2602593207019994
1,implicit_species_hypernetwork_no_enrichment,8,klebsiella_oxytoca,Klebsiella oxytoca,7,Ciprofloxacin,1274,1240,34,0.5890061669829222,0.6948885199240987,0.10588235294117654
1,implicit_species_hypernetwork_no_enrichment,8,klebsiella_oxytoca,Klebsiella oxytoca,8,Clarithromycin,0,0,0,,,
1,implicit_species_hypernetwork_no_enrichment,8,klebsiella_oxytoca,Klebsiella oxytoca,9,Clindamycin,0,0,0,,,
1,implicit_species_hypernetwork_no_enrichment,8,klebsiella_oxytoca,Klebsiella oxytoca,10,Cotrimoxazole,1274,1254,20,0.470933014354067,0.5786084529505583,0.10767543859649131
1,implicit_species_hypernetwork_no_enrichment,8,klebsiella_oxytoca,Klebsiella oxytoca,11,Ertapenem,5,5,0,,,
1,implicit_species_hypernetwork_no_enrichment,8,klebsiella_oxytoca,Klebsiella oxytoca,12,Erythromycin,0,0,0,,,
1,implicit_species_hypernetwork_no_enrichment,8,klebsiella_oxytoca,Klebsiella oxytoca,13,Fosfomycin,271,194,77,0.5332373811755254,0.49852724594992637,-0.03471013522559907
1,implicit_species_hypernetwork_no_enrichment,8,klebsiella_oxytoca,Klebsiella oxytoca,14,Fusidic acid,0,0,0,,,
1,implicit_species_hypernetwork_no_enrichment,8,klebsiella_oxytoca,Klebsiella oxytoca,15,Gentamicin,1259,498,761,0.5417675960082116,0.739852972995794,0.19808537698758244
1,implicit_species_hypernetwork_no_enrichment,8,klebsiella_oxytoca,Klebsiella oxytoca,16,Imipenem,1273,1272,1,0.011006289308176098,0.19339622641509435,0.18238993710691825
1,implicit_species_hypernetwork_no_enrichment,8,klebsiella_oxytoca,Klebsiella oxytoca,17,Levofloxacin,0,0,0,,,
1,implicit_species_hypernetwork_no_enrichment,8,klebsiella_oxytoca,Klebsiella oxytoca,18,Linezolid,0,0,0,,,
1,implicit_species_hypernetwork_no_enrichment,8,klebsiella_oxytoca,Klebsiella oxytoca,19,Meropenem,1272,1271,1,0.6628638867033831,0.9221085759244689,0.2592446892210858
1,implicit_species_hypernetwork_no_enrichment,8,klebsiella_oxytoca,Klebsiella oxytoca,20,Moxifloxacin,939,848,91,0.5125634978229318,0.649783589052457,0.13722009122952528
1,implicit_species_hypernetwork_no_enrichment,8,klebsiella_oxytoca,Klebsiella oxytoca,21,Mupirocin,0,0,0,,,
1,implicit_species_hypernetwork_no_enrichment,8,klebsiella_oxytoca,Klebsiella oxytoca,22,Nitrofurantoin,0,0,0,,,
1,implicit_species_hypernetwork_no_enrichment,8,klebsiella_oxytoca,Klebsiella oxytoca,23,Oxacillin,0,0,0,,,
1,implicit_species_hypernetwork_no_enrichment,8,klebsiella_oxytoca,Klebsiella oxytoca,24,Piperacillin,1,0,1,,,
1,implicit_species_hypernetwork_no_enrichment,8,klebsiella_oxytoca,Klebsiella oxytoca,25,Piperacillin-Tazobactam,1274,970,304,0.5597259902333153,0.6649637140531741,0.10523772381985885
1,implicit_species_hypernetwork_no_enrichment,8,klebsiella_oxytoca,Klebsiella oxytoca,26,Rifampicin,0,0,0,,,
1,implicit_species_hypernetwork_no_enrichment,8,klebsiella_oxytoca,Klebsiella oxytoca,27,Teicoplanin,0,0,0,,,
1,implicit_species_hypernetwork_no_enrichment,8,klebsiella_oxytoca,Klebsiella oxytoca,28,Tetracycline,0,0,0,,,
1,implicit_species_hypernetwork_no_enrichment,8,klebsiella_oxytoca,Klebsiella oxytoca,29,Tigecycline,0,0,0,,,
1,implicit_species_hypernetwork_no_enrichment,8,klebsiella_oxytoca,Klebsiella oxytoca,30,Tobramycin,1,1,0,,,
1,implicit_species_hypernetwork_no_enrichment,8,klebsiella_oxytoca,Klebsiella oxytoca,31,Vancomycin,0,0,0,,,
1,implicit_species_hypernetwork_no_enrichment,8,klebsiella_oxytoca,Klebsiella oxytoca,32,Voriconazole,0,0,0,,,
1,implicit_species_hypernetwork_no_enrichment,9,klebsiella_pneumoniae,Klebsiella pneumoniae,0,Amikacin,0,0,0,,,
1,implicit_species_hypernetwork_no_enrichment,9,klebsiella_pneumoniae,Klebsiella pneumoniae,1,Ampicillin,3241,7,3234,0.7179962894248608,0.8767338104072797,0.1587375209824189
1,implicit_species_hypernetwork_no_enrichment,9,klebsiella_pneumoniae,Klebsiella pneumoniae,2,Azithromycin,0,0,0,,,
1,implicit_species_hypernetwork_no_enrichment,9,klebsiella_pneumoniae,Klebsiella pneumoniae,3,Cefepime,0,0,0,,,
1,implicit_species_hypernetwork_no_enrichment,9,klebsiella_pneumoniae,Klebsiella pneumoniae,4,Ceftazidime,3239,2451,788,0.5529062518768886,0.811730993461697,0.2588247415848084
1,implicit_species_hypernetwork_no_enrichment,9,klebsiella_pneumoniae,Klebsiella pneumoniae,5,Ceftolozane-Tazobactam,3,0,3,,,
1,implicit_species_hypernetwork_no_enrichment,9,klebsiella_pneumoniae,Klebsiella pneumoniae,6,Ceftriaxone,2109,1553,556,0.5961952266905086,0.8650239499321342,0.26882872324162554
1,implicit_species_hypernetwork_no_enrichment,9,klebsiella_pneumoniae,Klebsiella pneumoniae,7,Ciprofloxacin,3240,2646,594,0.6186553746077555,0.7716962392888318,0.15304086468107625
1,implicit_species_hypernetwork_no_enrichment,9,klebsiella_pneumoniae,Klebsiella pneumoniae,8,Clarithromycin,0,0,0,,,
1,implicit_species_hypernetwork_no_enrichment,9,klebsiella_pneumoniae,Klebsiella pneumoniae,9,Clindamycin,0,0,0,,,
1,implicit_species_hypernetwork_no_enrichment,9,klebsiella_pneumoniae,Klebsiella pneumoniae,10,Cotrimoxazole,3238,2656,582,0.5892348388398957,0.789496581687575,0.20026174284767928
1,implicit_species_hypernetwork_no_enrichment,9,klebsiella_pneumoniae,Klebsiella pneumoniae,11,Ertapenem,211,192,19,0.7621984649122807,0.8601973684210527,0.09799890350877194
1,implicit_species_hypernetwork_no_enrichment,9,klebsiella_pneumoniae,Klebsiella pneumoniae,12,Erythromycin,0,0,0,,,
1,implicit_species_hypernetwork_no_enrichment,9,klebsiella_pneumoniae,Klebsiella pneumoniae,13,Fosfomycin,872,617,255,0.4867162424126863,0.47836145803540214,-0.008354784377284152
1,implicit_species_hypernetwork_no_enrichment,9,klebsiella_pneumoniae,Klebsiella pneumoniae,14,Fusidic acid,0,0,0,,,
1,implicit_species_hypernetwork_no_enrichment,9,klebsiella_pneumoniae,Klebsiella pneumoniae,15,Gentamicin,3208,1209,1999,0.5448001089047418,0.7694951694209387,0.2246950605161968
1,implicit_species_hypernetwork_no_enrichment,9,klebsiella_pneumoniae,Klebsiella pneumoniae,16,Imipenem,3238,2991,247,0.7332510351567523,0.9274002845242881,0.19414924936753586
1,implicit_species_hypernetwork_no_enrichment,9,klebsiella_pneumoniae,Klebsiella pneumoniae,17,Levofloxacin,0,0,0,,,
1,implicit_species_hypernetwork_no_enrichment,9,klebsiella_pneumoniae,Klebsiella pneumoniae,18,Linezolid,0,0,0,,,
1,implicit_species_hypernetwork_no_enrichment,9,klebsiella_pneumoniae,Klebsiella pneumoniae,19,Meropenem,3239,2992,247,0.7241226265994068,0.930994798545108,0.20687217194570118
1,implicit_species_hypernetwork_no_enrichment,9,klebsiella_pneumoniae,Klebsiella pneumoniae,20,Moxifloxacin,2129,1489,640,0.5903626595030221,0.7553417771994626,0.16497911769644047
1,implicit_species_hypernetwork_no_enrichment,9,klebsiella_pneumoniae,Klebsiella pneumoniae,21,Mupirocin,0,0,0,,,
1,implicit_species_hypernetwork_no_enrichment,9,klebsiella_pneumoniae,Klebsiella pneumoniae,22,Nitrofurantoin,0,0,0,,,
1,implicit_species_hypernetwork_no_enrichment,9,klebsiella_pneumoniae,Klebsiella pneumoniae,23,Oxacillin,0,0,0,,,
1,implicit_species_hypernetwork_no_enrichment,9,klebsiella_pneumoniae,Klebsiella pneumoniae,24,Piperacillin,0,0,0,,,
1,implicit_species_hypernetwork_no_enrichment,9,klebsiella_pneumoniae,Klebsiella pneumoniae,25,Piperacillin-Tazobactam,3232,2142,1090,0.5454364008600383,0.7528668654005946,0.20743046454055625
1,implicit_species_hypernetwork_no_enrichment,9,klebsiella_pneumoniae,Klebsiella pneumoniae,26,Rifampicin,0,0,0,,,
1,implicit_species_hypernetwork_no_enrichment,9,klebsiella_pneumoniae,Klebsiella pneumoniae,27,Teicoplanin,0,0,0,,,
1,implicit_species_hypernetwork_no_enrichment,9,klebsiella_pneumoniae,Klebsiella pneumoniae,28,Tetracycline,0,0,0,,,
1,implicit_species_hypernetwork_no_enrichment,9,klebsiella_pneumoniae,Klebsiella pneumoniae,29,Tigecycline,0,0,0,,,
1,implicit_species_hypernetwork_no_enrichment,9,klebsiella_pneumoniae,Klebsiella pneumoniae,30,Tobramycin,0,0,0,,,
1,implicit_species_hypernetwork_no_enrichment,9,klebsiella_pneumoniae,Klebsiella pneumoniae,31,Vancomycin,0,0,0,,,
1,implicit_species_hypernetwork_no_enrichment,9,klebsiella_pneumoniae,Klebsiella pneumoniae,32,Voriconazole,0,0,0,,,
1,implicit_species_hypernetwork_no_enrichment,10,morganella_morganii,Morganella morganii,0,Amikacin,1,1,0,,,
1,implicit_species_hypernetwork_no_enrichment,10,morganella_morganii,Morganella morganii,1,Ampicillin,421,0,421,,,
1,implicit_species_hypernetwork_no_enrichment,10,morganella_morganii,Morganella morganii,2,Azithromycin,0,0,0,,,
1,implicit_species_hypernetwork_no_enrichment,10,morganella_morganii,Morganella morganii,3,Cefepime,1,0,1,,,
1,implicit_species_hypernetwork_no_enrichment,10,morganella_morganii,Morganella morganii,4,Ceftazidime,423,321,102,0.5585791949178425,0.601688962189237,0.043109767271394484
1,implicit_species_hypernetwork_no_enrichment,10,morganella_morganii,Morganella morganii,5,Ceftolozane-Tazobactam,0,0,0,,,
1,implicit_species_hypernetwork_no_enrichment,10,morganella_morganii,Morganella morganii,6,Ceftriaxone,275,203,72,0.6127873563218391,0.6935892172961139,0.08080186097427478
1,implicit_species_hypernetwork_no_enrichment,10,morganella_morganii,Morganella morganii,7,Ciprofloxacin,423,379,44,0.5549292396258095,0.5414967618133846,-0.013432477812424959
1,implicit_species_hypernetwork_no_enrichment,10,morganella_morganii,Morganella morganii,8,Clarithromycin,0,0,0,,,
1,implicit_species_hypernetwork_no_enrichment,10,morganella_morganii,Morganella morganii,9,Clindamycin,0,0,0,,,
1,implicit_species_hypernetwork_no_enrichment,10,morganella_morganii,Morganella morganii,10,Cotrimoxazole,423,391,32,0.5662963554987211,0.5897538363171355,0.023457480818414367
1,implicit_species_hypernetwork_no_enrichment,10,morganella_morganii,Morganella morganii,11,Ertapenem,2,2,0,,,
1,implicit_species_hypernetwork_no_enrichment,10,morganella_morganii,Morganella morganii,12,Erythromycin,0,0,0,,,
1,implicit_species_hypernetwork_no_enrichment,10,morganella_morganii,Morganella morganii,13,Fosfomycin,117,0,117,,,
1,implicit_species_hypernetwork_no_enrichment,10,morganella_morganii,Morganella morganii,14,Fusidic acid,0,0,0,,,
1,implicit_species_hypernetwork_no_enrichment,10,morganella_morganii,Morganella morganii,15,Gentamicin,421,156,265,0.5555999032414127,0.7272012578616354,0.17160135462022263
1,implicit_species_hypernetwork_no_enrichment,10,morganella_morganii,Morganella morganii,16,Imipenem,412,2,410,0.9762195121951219,0.49573170731707317,-0.48048780487804876
1,implicit_species_hypernetwork_no_enrichment,10,morganella_morganii,Morganella morganii,17,Levofloxacin,0,0,0,,,
1,implicit_species_hypernetwork_no_enrichment,10,morganella_morganii,Morganella morganii,18,Linezolid,0,0,0,,,
1,implicit_species_hypernetwork_no_enrichment,10,morganella_morganii,Morganella morganii,19,Meropenem,422,420,2,0.8154761904761905,0.33333333333333337,-0.4821428571428571
1,implicit_species_hypernetwork_no_enrichment,10,morganella_morganii,Morganella morganii,20,Moxifloxacin,281,213,68,0.5772576636288319,0.6099834299917148,0.032725766362882935
1,implicit_species_hypernetwork_no_enrichment,10,morganella_morganii,Morganella morganii,21,Mupirocin,0,0,0,,,
1,implicit_species_hypernetwork_no_enrichment,10,morganella_morganii,Morganella morganii,22,Nitrofurantoin,3,0,3,,,
1,implicit_species_hypernetwork_no_enrichment,10,morganella_morganii,Morganella morganii,23,Oxacillin,0,0,0,,,
1,implicit_species_hypernetwork_no_enrichment,10,morganella_morganii,Morganella morganii,24,Piperacillin,1,0,1,,,
1,implicit_species_hypernetwork_no_enrichment,10,morganella_morganii,Morganella morganii,25,Piperacillin-Tazobactam,423,319,104,0.5514377863515795,0.5920997106341934,0.04066192428261395
1,implicit_species_hypernetwork_no_enrichment,10,morganella_morganii,Morganella morganii,26,Rifampicin,0,0,0,,,
1,implicit_species_hypernetwork_no_enrichment,10,morganella_morganii,Morganella morganii,27,Teicoplanin,0,0,0,,,
1,implicit_species_hypernetwork_no_enrichment,10,morganella_morganii,Morganella morganii,28,Tetracycline,0,0,0,,,
1,implicit_species_hypernetwork_no_enrichment,10,morganella_morganii,Morganella morganii,29,Tigecycline,0,0,0,,,
1,implicit_species_hypernetwork_no_enrichment,10,morganella_morganii,Morganella morganii,30,Tobramycin,2,0,2,,,
1,implicit_species_hypernetwork_no_enrichment,10,morganella_morganii,Morganella morganii,31,Vancomycin,0,0,0,,,
1,implicit_species_hypernetwork_no_enrichment,10,morganella_morganii,Morganella morganii,32,Voriconazole,0,0,0,,,
1,implicit_species_hypernetwork_no_enrichment,11,proteus_mirabilis,Proteus mirabilis,0,Amikacin,0,0,0,,,
1,implicit_species_hypernetwork_no_enrichment,11,proteus_mirabilis,Proteus mirabilis,1,Ampicillin,2012,1399,613,0.5101243372392538,0.5270176670122099,0.0168933297729561
1,implicit_species_hypernetwork_no_enrichment,11,proteus_mirabilis,Proteus mirabilis,2,Azithromycin,0,0,0,,,
1,implicit_species_hypernetwork_no_enrichment,11,proteus_mirabilis,Proteus mirabilis,3,Cefepime,0,0,0,,,
1,implicit_species_hypernetwork_no_enrichment,11,proteus_mirabilis,Proteus mirabilis,4,Ceftazidime,2012,1989,23,0.6372111832469889,0.6095153780575775,-0.027695805189411393
1,implicit_species_hypernetwork_no_enrichment,11,proteus_mirabilis,Proteus mirabilis,5,Ceftolozane-Tazobactam,0,0,0,,,
1,implicit_species_hypernetwork_no_enrichment,11,proteus_mirabilis,Proteus mirabilis,6,Ceftriaxone,1098,1094,4,0.49737202925045704,0.738916819012797,0.24154478976234
1,implicit_species_hypernetwork_no_enrichment,11,proteus_mirabilis,Proteus mirabilis,7,Ciprofloxacin,2012,1726,286,0.606797316241117,0.5430175270847345,-0.0637797891563825
1,implicit_species_hypernetwork_no_enrichment,11,proteus_mirabilis,Proteus mirabilis,8,Clarithromycin,0,0,0,,,
1,implicit_species_hypernetwork_no_enrichment,11,proteus_mirabilis,Proteus mirabilis,9,Clindamycin,0,0,0,,,
1,implicit_species_hypernetwork_no_enrichment,11,proteus_mirabilis,Proteus mirabilis,10,Cotrimoxazole,2012,1328,684,0.5009610811667723,0.5096020045092652,0.00864092334249289
1,implicit_species_hypernetwork_no_enrichment,11,proteus_mirabilis,Proteus mirabilis,11,Ertapenem,7,7,0,,,
1,implicit_species_hypernetwork_no_enrichment,11,proteus_mirabilis,Proteus mirabilis,12,Erythromycin,0,0,0,,,
1,implicit_species_hypernetwork_no_enrichment,11,proteus_mirabilis,Proteus mirabilis,13,Fosfomycin,696,564,132,0.5305716741886954,0.49127578981302383,-0.03929588437567161
1,implicit_species_hypernetwork_no_enrichment,11,proteus_mirabilis,Proteus mirabilis,14,Fusidic acid,0,0,0,,,
1,implicit_species_hypernetwork_no_enrichment,11,proteus_mirabilis,Proteus mirabilis,15,Gentamicin,1996,705,1291,0.45735176975350356,0.7750828155643819,0.3177310458108783
1,implicit_species_hypernetwork_no_enrichment,11,proteus_mirabilis,Proteus mirabilis,16,Imipenem,1949,0,1949,,,
1,implicit_species_hypernetwork_no_enrichment,11,proteus_mirabilis,Proteus mirabilis,17,Levofloxacin,0,0,0,,,
1,implicit_species_hypernetwork_no_enrichment,11,proteus_mirabilis,Proteus mirabilis,18,Linezolid,0,0,0,,,
1,implicit_species_hypernetwork_no_enrichment,11,proteus_mirabilis,Proteus mirabilis,19,Meropenem,2010,2008,2,0.6293575697211156,0.7288346613545817,0.09947709163346619
1,implicit_species_hypernetwork_no_enrichment,11,proteus_mirabilis,Proteus mirabilis,20,Moxifloxacin,1144,473,671,0.5125243002933364,0.5615912005368908,0.04906690024355442
1,implicit_species_hypernetwork_no_enrichment,11,proteus_mirabilis,Proteus mirabilis,21,Mupirocin,0,0,0,,,
1,implicit_species_hypernetwork_no_enrichment,11,proteus_mirabilis,Proteus mirabilis,22,Nitrofurantoin,38,1,37,0.5,0.7027027027027027,0.20270270270270274
1,implicit_species_hypernetwork_no_enrichment,11,proteus_mirabilis,Proteus mirabilis,23,Oxacillin,0,0,0,,,
1,implicit_species_hypernetwork_no_enrichment,11,proteus_mirabilis,Proteus mirabilis,24,Piperacillin,0,0,0,,,
1,implicit_species_hypernetwork_no_enrichment,11,proteus_mirabilis,Proteus mirabilis,25,Piperacillin-Tazobactam,2000,1977,23,0.5950056079699149,0.5234545094675727,-0.0715510985023422
1,implicit_species_hypernetwork_no_enrichment,11,proteus_mirabilis,Proteus mirabilis,26,Rifampicin,0,0,0,,,
1,implicit_species_hypernetwork_no_enrichment,11,proteus_mirabilis,Proteus mirabilis,27,Teicoplanin,0,0,0,,,
1,implicit_species_hypernetwork_no_enrichment,11,proteus_mirabilis,Proteus mirabilis,28,Tetracycline,0,0,0,,,
1,implicit_species_hypernetwork_no_enrichment,11,proteus_mirabilis,Proteus mirabilis,29,Tigecycline,0,0,0,,,
1,implicit_species_hypernetwork_no_enrichment,11,proteus_mirabilis,Proteus mirabilis,30,Tobramycin,0,0,0,,,
1,implicit_species_hypernetwork_no_enrichment,11,proteus_mirabilis,Proteus mirabilis,31,Vancomycin,0,0,0,,,
1,implicit_species_hypernetwork_no_enrichment,11,proteus_mirabilis,Proteus mirabilis,32,Voriconazole,0,0,0,,,
1,implicit_species_hypernetwork_no_enrichment,12,proteus_vulgaris,Proteus vulgaris,0,Amikacin,0,0,0,,,
1,implicit_species_hypernetwork_no_enrichment,12,proteus_vulgaris,Proteus vulgaris,1,Ampicillin,380,4,376,0.5,0.5990691489361702,0.09906914893617025
1,implicit_species_hypernetwork_no_enrichment,12,proteus_vulgaris,Proteus vulgaris,2,Azithromycin,0,0,0,,,
1,implicit_species_hypernetwork_no_enrichment,12,proteus_vulgaris,Proteus vulgaris,3,Cefepime,0,0,0,,,
1,implicit_species_hypernetwork_no_enrichment,12,proteus_vulgaris,Proteus vulgaris,4,Ceftazidime,379,363,16,0.4065943526170799,0.5707644628099173,0.16417011019283745
1,implicit_species_hypernetwork_no_enrichment,12,proteus_vulgaris,Proteus vulgaris,5,Ceftolozane-Tazobactam,0,0,0,,,
1,implicit_species_hypernetwork_no_enrichment,12,proteus_vulgaris,Proteus vulgaris,6,Ceftriaxone,268,266,2,0.33458646616541354,0.8627819548872181,0.5281954887218046
1,implicit_species_hypernetwork_no_enrichment,12,proteus_vulgaris,Proteus vulgaris,7,Ciprofloxacin,380,375,5,0.5682666666666667,0.6639999999999999,0.09573333333333323
1,implicit_species_hypernetwork_no_enrichment,12,proteus_vulgaris,Proteus vulgaris,8,Clarithromycin,0,0,0,,,
1,implicit_species_hypernetwork_no_enrichment,12,proteus_vulgaris,Proteus vulgaris,9,Clindamycin,0,0,0,,,
1,implicit_species_hypernetwork_no_enrichment,12,proteus_vulgaris,Proteus vulgaris,10,Cotrimoxazole,378,333,45,0.4955955955955956,0.4807807807807807,-0.014814814814814892
1,implicit_species_hypernetwork_no_enrichment,12,proteus_vulgaris,Proteus vulgaris,11,Ertapenem,6,6,0,,,
1,implicit_species_hypernetwork_no_enrichment,12,proteus_vulgaris,Proteus vulgaris,12,Erythromycin,0,0,0,,,
1,implicit_species_hypernetwork_no_enrichment,12,proteus_vulgaris,Proteus vulgaris,13,Fosfomycin,71,68,3,0.45343137254901955,0.5392156862745098,0.08578431372549022
1,implicit_species_hypernetwork_no_enrichment,12,proteus_vulgaris,Proteus vulgaris,14,Fusidic acid,0,0,0,,,
1,implicit_species_hypernetwork_no_enrichment,12,proteus_vulgaris,Proteus vulgaris,15,Gentamicin,379,147,232,0.45331925873797796,0.7383004926108374,0.28498123387285945
1,implicit_species_hypernetwork_no_enrichment,12,proteus_vulgaris,Proteus vulgaris,16,Imipenem,368,0,368,,,
1,implicit_species_hypernetwork_no_enrichment,12,proteus_vulgaris,Proteus vulgaris,17,Levofloxacin,0,0,0,,,
1,implicit_species_hypernetwork_no_enrichment,12,proteus_vulgaris,Proteus vulgaris,18,Linezolid,0,0,0,,,
1,implicit_species_hypernetwork_no_enrichment,12,proteus_vulgaris,Proteus vulgaris,19,Meropenem,379,379,0,,,
1,implicit_species_hypernetwork_no_enrichment,12,proteus_vulgaris,Proteus vulgaris,20,Moxifloxacin,292,135,157,0.5245340882283558,0.4854446803491389,-0.039089407879216886
1,implicit_species_hypernetwork_no_enrichment,12,proteus_vulgaris,Proteus vulgaris,21,Mupirocin,0,0,0,,,
1,implicit_species_hypernetwork_no_enrichment,12,proteus_vulgaris,Proteus vulgaris,22,Nitrofurantoin,3,0,3,,,
1,implicit_species_hypernetwork_no_enrichment,12,proteus_vulgaris,Proteus vulgaris,23,Oxacillin,0,0,0,,,
1,implicit_species_hypernetwork_no_enrichment,12,proteus_vulgaris,Proteus vulgaris,24,Piperacillin,0,0,0,,,
1,implicit_species_hypernetwork_no_enrichment,12,proteus_vulgaris,Proteus vulgaris,25,Piperacillin-Tazobactam,377,369,8,0.2784552845528455,0.6026422764227642,0.32418699186991873
1,implicit_species_hypernetwork_no_enrichment,12,proteus_vulgaris,Proteus vulgaris,26,Rifampicin,0,0,0,,,
1,implicit_species_hypernetwork_no_enrichment,12,proteus_vulgaris,Proteus vulgaris,27,Teicoplanin,0,0,0,,,
1,implicit_species_hypernetwork_no_enrichment,12,proteus_vulgaris,Proteus vulgaris,28,Tetracycline,0,0,0,,,
1,implicit_species_hypernetwork_no_enrichment,12,proteus_vulgaris,Proteus vulgaris,29,Tigecycline,0,0,0,,,
1,implicit_species_hypernetwork_no_enrichment,12,proteus_vulgaris,Proteus vulgaris,30,Tobramycin,0,0,0,,,
1,implicit_species_hypernetwork_no_enrichment,12,proteus_vulgaris,Proteus vulgaris,31,Vancomycin,0,0,0,,,
1,implicit_species_hypernetwork_no_enrichment,12,proteus_vulgaris,Proteus vulgaris,32,Voriconazole,0,0,0,,,
1,implicit_species_hypernetwork_no_enrichment,13,pseudomonas_aeruginosa,Pseudomonas aeruginosa,0,Amikacin,3231,1214,2017,0.486753656522524,0.9320783635637444,0.4453247070412204
1,implicit_species_hypernetwork_no_enrichment,13,pseudomonas_aeruginosa,Pseudomonas aeruginosa,1,Ampicillin,171,0,171,,,
1,implicit_species_hypernetwork_no_enrichment,13,pseudomonas_aeruginosa,Pseudomonas aeruginosa,2,Azithromycin,0,0,0,,,
1,implicit_species_hypernetwork_no_enrichment,13,pseudomonas_aeruginosa,Pseudomonas aeruginosa,3,Cefepime,3255,2,3253,0.7148017214878574,0.4234552720565632,-0.2913464494312942
1,implicit_species_hypernetwork_no_enrichment,13,pseudomonas_aeruginosa,Pseudomonas aeruginosa,4,Ceftazidime,3409,1,3408,0.724031690140845,0.49559859154929575,-0.22843309859154926
1,implicit_species_hypernetwork_no_enrichment,13,pseudomonas_aeruginosa,Pseudomonas aeruginosa,5,Ceftolozane-Tazobactam,73,60,13,0.5275641025641026,0.4871794871794872,-0.04038461538461535
1,implicit_species_hypernetwork_no_enrichment,13,pseudomonas_aeruginosa,Pseudomonas aeruginosa,6,Ceftriaxone,0,0,0,,,
1,implicit_species_hypernetwork_no_enrichment,13,pseudomonas_aeruginosa,Pseudomonas aeruginosa,7,Ciprofloxacin,3410,0,3410,,,
1,implicit_species_hypernetwork_no_enrichment,13,pseudomonas_aeruginosa,Pseudomonas aeruginosa,8,Clarithromycin,0,0,0,,,
1,implicit_species_hypernetwork_no_enrichment,13,pseudomonas_aeruginosa,Pseudomonas aeruginosa,9,Clindamycin,0,0,0,,,
1,implicit_species_hypernetwork_no_enrichment,13,pseudomonas_aeruginosa,Pseudomonas aeruginosa,10,Cotrimoxazole,3406,0,3406,,,
1,implicit_species_hypernetwork_no_enrichment,13,pseudomonas_aeruginosa,Pseudomonas aeruginosa,11,Ertapenem,0,0,0,,,
1,implicit_species_hypernetwork_no_enrichment,13,pseudomonas_aeruginosa,Pseudomonas aeruginosa,12,Erythromycin,0,0,0,,,
1,implicit_species_hypernetwork_no_enrichment,13,pseudomonas_aeruginosa,Pseudomonas aeruginosa,13,Fosfomycin,0,0,0,,,
1,implicit_species_hypernetwork_no_enrichment,13,pseudomonas_aeruginosa,Pseudomonas aeruginosa,14,Fusidic acid,0,0,0,,,
1,implicit_species_hypernetwork_no_enrichment,13,pseudomonas_aeruginosa,Pseudomonas aeruginosa,15,Gentamicin,2097,0,2097,,,
1,implicit_species_hypernetwork_no_enrichment,13,pseudomonas_aeruginosa,Pseudomonas aeruginosa,16,Imipenem,3399,0,3399,,,
1,implicit_species_hypernetwork_no_enrichment,13,pseudomonas_aeruginosa,Pseudomonas aeruginosa,17,Levofloxacin,0,0,0,,,
1,implicit_species_hypernetwork_no_enrichment,13,pseudomonas_aeruginosa,Pseudomonas aeruginosa,18,Linezolid,1,1,0,,,
1,implicit_species_hypernetwork_no_enrichment,13,pseudomonas_aeruginosa,Pseudomonas aeruginosa,19,Meropenem,3403,2458,945,0.5514568561354567,0.5280343635510437,-0.02342249258441298
1,implicit_species_hypernetwork_no_enrichment,13,pseudomonas_aeruginosa,Pseudomonas aeruginosa,20,Moxifloxacin,173,0,173,,,
1,implicit_species_hypernetwork_no_enrichment,13,pseudomonas_aeruginosa,Pseudomonas aeruginosa,21,Mupirocin,0,0,0,,,
1,implicit_species_hypernetwork_no_enrichment,13,pseudomonas_aeruginosa,Pseudomonas aeruginosa,22,Nitrofurantoin,166,0,166,,,
1,implicit_species_hypernetwork_no_enrichment,13,pseudomonas_aeruginosa,Pseudomonas aeruginosa,23,Oxacillin,0,0,0,,,
1,implicit_species_hypernetwork_no_enrichment,13,pseudomonas_aeruginosa,Pseudomonas aeruginosa,24,Piperacillin,3227,0,3227,,,
1,implicit_species_hypernetwork_no_enrichment,13,pseudomonas_aeruginosa,Pseudomonas aeruginosa,25,Piperacillin-Tazobactam,3378,0,3378,,,
1,implicit_species_hypernetwork_no_enrichment,13,pseudomonas_aeruginosa,Pseudomonas aeruginosa,26,Rifampicin,0,0,0,,,
1,implicit_species_hypernetwork_no_enrichment,13,pseudomonas_aeruginosa,Pseudomonas aeruginosa,27,Teicoplanin,0,0,0,,,
1,implicit_species_hypernetwork_no_enrichment,13,pseudomonas_aeruginosa,Pseudomonas aeruginosa,28,Tetracycline,0,0,0,,,
1,implicit_species_hypernetwork_no_enrichment,13,pseudomonas_aeruginosa,Pseudomonas aeruginosa,29,Tigecycline,1,1,0,,,
1,implicit_species_hypernetwork_no_enrichment,13,pseudomonas_aeruginosa,Pseudomonas aeruginosa,30,Tobramycin,3242,1218,2024,0.48250732588251327,0.9326292616678674,0.45012193578535414
1,implicit_species_hypernetwork_no_enrichment,13,pseudomonas_aeruginosa,Pseudomonas aeruginosa,31,Vancomycin,1,0,1,,,
1,implicit_species_hypernetwork_no_enrichment,13,pseudomonas_aeruginosa,Pseudomonas aeruginosa,32,Voriconazole,0,0,0,,,
1,implicit_species_hypernetwork_no_enrichment,14,serratia_marcescens,Serratia marcescens,0,Amikacin,1,1,0,,,
1,implicit_species_hypernetwork_no_enrichment,14,serratia_marcescens,Serratia marcescens,1,Ampicillin,832,6,826,0.5,0.34110169491525427,-0.15889830508474573
1,implicit_species_hypernetwork_no_enrichment,14,serratia_marcescens,Serratia marcescens,2,Azithromycin,0,0,0,,,
1,implicit_species_hypernetwork_no_enrichment,14,serratia_marcescens,Serratia marcescens,3,Cefepime,1,1,0,,,
1,implicit_species_hypernetwork_no_enrichment,14,serratia_marcescens,Serratia marcescens,4,Ceftazidime,832,754,78,0.5126249744950011,0.6702458681901653,0.1576208936951642
1,implicit_species_hypernetwork_no_enrichment,14,serratia_marcescens,Serratia marcescens,5,Ceftolozane-Tazobactam,0,0,0,,,
1,implicit_species_hypernetwork_no_enrichment,14,serratia_marcescens,Serratia marcescens,6,Ceftriaxone,680,620,60,0.5185618279569894,0.7704166666666666,0.2518548387096773
1,implicit_species_hypernetwork_no_enrichment,14,serratia_marcescens,Serratia marcescens,7,Ciprofloxacin,831,789,42,0.5602027883396705,0.4863148047558694,-0.07388798358380111
1,implicit_species_hypernetwork_no_enrichment,14,serratia_marcescens,Serratia marcescens,8,Clarithromycin,0,0,0,,,
1,implicit_species_hypernetwork_no_enrichment,14,serratia_marcescens,Serratia marcescens,9,Clindamycin,0,0,0,,,
1,implicit_species_hypernetwork_no_enrichment,14,serratia_marcescens,Serratia marcescens,10,Cotrimoxazole,831,821,10,0.6864190012180268,0.514068209500609,-0.17235079171741774
1,implicit_species_hypernetwork_no_enrichment,14,serratia_marcescens,Serratia marcescens,11,Ertapenem,3,2,1,1.0,0.5,-0.5
1,implicit_species_hypernetwork_no_enrichment,14,serratia_marcescens,Serratia marcescens,12,Erythromycin,0,0,0,,,
1,implicit_species_hypernetwork_no_enrichment,14,serratia_marcescens,Serratia marcescens,13,Fosfomycin,111,92,19,0.47110983981693366,0.5306064073226545,0.059496567505720854
1,implicit_species_hypernetwork_no_enrichment,14,serratia_marcescens,Serratia marcescens,14,Fusidic acid,0,0,0,,,
1,implicit_species_hypernetwork_no_enrichment,14,serratia_marcescens,Serratia marcescens,15,Gentamicin,829,323,506,0.5523287118050882,0.777007183152021,0.22467847134693275
1,implicit_species_hypernetwork_no_enrichment,14,serratia_marcescens,Serratia marcescens,16,Imipenem,831,795,36,0.5246855345911949,0.8495981830887491,0.3249126484975542
1,implicit_species_hypernetwork_no_enrichment,14,serratia_marcescens,Serratia marcescens,17,Levofloxacin,0,0,0,,,
1,implicit_species_hypernetwork_no_enrichment,14,serratia_marcescens,Serratia marcescens,18,Linezolid,0,0,0,,,
1,implicit_species_hypernetwork_no_enrichment,14,serratia_marcescens,Serratia marcescens,19,Meropenem,831,830,1,0.09457831325301208,0.9795180722891565,0.8849397590361445
1,implicit_species_hypernetwork_no_enrichment,14,serratia_marcescens,Serratia marcescens,20,Moxifloxacin,696,329,367,0.4469368824693771,0.5783647913336591,0.13142790886428207
1,implicit_species_hypernetwork_no_enrichment,14,serratia_marcescens,Serratia marcescens,21,Mupirocin,0,0,0,,,
1,implicit_species_hypernetwork_no_enrichment,14,serratia_marcescens,Serratia marcescens,22,Nitrofurantoin,6,0,6,,,
1,implicit_species_hypernetwork_no_enrichment,14,serratia_marcescens,Serratia marcescens,23,Oxacillin,0,0,0,,,
1,implicit_species_hypernetwork_no_enrichment,14,serratia_marcescens,Serratia marcescens,24,Piperacillin,1,1,0,,,
1,implicit_species_hypernetwork_no_enrichment,14,serratia_marcescens,Serratia marcescens,25,Piperacillin-Tazobactam,831,748,83,0.5104374718123833,0.6801269248115456,0.16968945299916227
1,implicit_species_hypernetwork_no_enrichment,14,serratia_marcescens,Serratia marcescens,26,Rifampicin,0,0,0,,,
1,implicit_species_hypernetwork_no_enrichment,14,serratia_marcescens,Serratia marcescens,27,Teicoplanin,0,0,0,,,
1,implicit_species_hypernetwork_no_enrichment,14,serratia_marcescens,Serratia marcescens,28,Tetracycline,0,0,0,,,
1,implicit_species_hypernetwork_no_enrichment,14,serratia_marcescens,Serratia marcescens,29,Tigecycline,0,0,0,,,
1,implicit_species_hypernetwork_no_enrichment,14,serratia_marcescens,Serratia marcescens,30,Tobramycin,1,1,0,,,
1,implicit_species_hypernetwork_no_enrichment,14,serratia_marcescens,Serratia marcescens,31,Vancomycin,0,0,0,,,
1,implicit_species_hypernetwork_no_enrichment,14,serratia_marcescens,Serratia marcescens,32,Voriconazole,0,0,0,,,
1,implicit_species_hypernetwork_no_enrichment,15,staphylococcus_aureus,Staphylococcus aureus,0,Amikacin,0,0,0,,,
1,implicit_species_hypernetwork_no_enrichment,15,staphylococcus_aureus,Staphylococcus aureus,1,Ampicillin,0,0,0,,,
1,implicit_species_hypernetwork_no_enrichment,15,staphylococcus_aureus,Staphylococcus aureus,2,Azithromycin,0,0,0,,,
1,implicit_species_hypernetwork_no_enrichment,15,staphylococcus_aureus,Staphylococcus aureus,3,Cefepime,0,0,0,,,
1,implicit_species_hypernetwork_no_enrichment,15,staphylococcus_aureus,Staphylococcus aureus,4,Ceftazidime,0,0,0,,,
1,implicit_species_hypernetwork_no_enrichment,15,staphylococcus_aureus,Staphylococcus aureus,5,Ceftolozane-Tazobactam,0,0,0,,,
1,implicit_species_hypernetwork_no_enrichment,15,staphylococcus_aureus,Staphylococcus aureus,6,Ceftriaxone,0,0,0,,,
1,implicit_species_hypernetwork_no_enrichment,15,staphylococcus_aureus,Staphylococcus aureus,7,Ciprofloxacin,0,0,0,,,
1,implicit_species_hypernetwork_no_enrichment,15,staphylococcus_aureus,Staphylococcus aureus,8,Clarithromycin,0,0,0,,,
1,implicit_species_hypernetwork_no_enrichment,15,staphylococcus_aureus,Staphylococcus aureus,9,Clindamycin,6006,4914,1092,0.5419789053030811,0.662612502813968,0.12063359751088687
1,implicit_species_hypernetwork_no_enrichment,15,staphylococcus_aureus,Staphylococcus aureus,10,Cotrimoxazole,6008,5868,140,0.5783091099425455,0.6384348524685948,0.0601257425260493
1,implicit_species_hypernetwork_no_enrichment,15,staphylococcus_aureus,Staphylococcus aureus,11,Ertapenem,0,0,0,,,
1,implicit_species_hypernetwork_no_enrichment,15,staphylococcus_aureus,Staphylococcus aureus,12,Erythromycin,6001,4846,1155,0.5614690921954644,0.6552046316594398,0.09373553946397539
1,implicit_species_hypernetwork_no_enrichment,15,staphylococcus_aureus,Staphylococcus aureus,13,Fosfomycin,6006,5939,67,0.5881549484435039,0.7349106462970549,0.14675569785355103
1,implicit_species_hypernetwork_no_enrichment,15,staphylococcus_aureus,Staphylococcus aureus,14,Fusidic acid,206,185,21,0.46718146718146714,0.3882882882882882,-0.07889317889317893
1,implicit_species_hypernetwork_no_enrichment,15,staphylococcus_aureus,Staphylococcus aureus,15,Gentamicin,6007,5907,100,0.548088708312172,0.5609429490435077,0.012854240731335675
1,implicit_species_hypernetwork_no_enrichment,15,staphylococcus_aureus,Staphylococcus aureus,16,Imipenem,0,0,0,,,
1,implicit_species_hypernetwork_no_enrichment,15,staphylococcus_aureus,Staphylococcus aureus,17,Levofloxacin,6008,2940,3068,0.5397234121810394,0.8935378584288997,0.3538144462478603
1,implicit_species_hypernetwork_no_enrichment,15,staphylococcus_aureus,Staphylococcus aureus,18,Linezolid,6007,6004,3,0.29785698423273366,0.6955918276704419,0.39773484343770826
1,implicit_species_hypernetwork_no_enrichment,15,staphylococcus_aureus,Staphylococcus aureus,19,Meropenem,0,0,0,,,
1,implicit_species_hypernetwork_no_enrichment,15,staphylococcus_aureus,Staphylococcus aureus,20,Moxifloxacin,38,33,5,0.47878787878787876,0.8242424242424242,0.34545454545454546
1,implicit_species_hypernetwork_no_enrichment,15,staphylococcus_aureus,Staphylococcus aureus,21,Mupirocin,842,817,25,0.6240391676866585,0.4740269277845777,-0.15001223990208074
1,implicit_species_hypernetwork_no_enrichment,15,staphylococcus_aureus,Staphylococcus aureus,22,Nitrofurantoin,0,0,0,,,
1,implicit_species_hypernetwork_no_enrichment,15,staphylococcus_aureus,Staphylococcus aureus,23,Oxacillin,5998,4894,1104,0.6169647986591095,0.8765522926624143,0.25958749400330483
1,implicit_species_hypernetwork_no_enrichment,15,staphylococcus_aureus,Staphylococcus aureus,24,Piperacillin,0,0,0,,,
1,implicit_species_hypernetwork_no_enrichment,15,staphylococcus_aureus,Staphylococcus aureus,25,Piperacillin-Tazobactam,0,0,0,,,
1,implicit_species_hypernetwork_no_enrichment,15,staphylococcus_aureus,Staphylococcus aureus,26,Rifampicin,6000,5970,30,0.5036571747627023,0.5840563930764936,0.08039921831379127
1,implicit_species_hypernetwork_no_enrichment,15,staphylococcus_aureus,Staphylococcus aureus,27,Teicoplanin,0,0,0,,,
1,implicit_species_hypernetwork_no_enrichment,15,staphylococcus_aureus,Staphylococcus aureus,28,Tetracycline,6005,5650,355,0.5192980181976817,0.6086693256886451,0.08937130749096334
1,implicit_species_hypernetwork_no_enrichment,15,staphylococcus_aureus,Staphylococcus aureus,29,Tigecycline,5990,5985,5,0.506015037593985,0.5617209690893902,0.05570593149540515
1,implicit_species_hypernetwork_no_enrichment,15,staphylococcus_aureus,Staphylococcus aureus,30,Tobramycin,0,0,0,,,
1,implicit_species_hypernetwork_no_enrichment,15,staphylococcus_aureus,Staphylococcus aureus,31,Vancomycin,6005,6001,4,0.7157973671054824,0.8710839860023329,0.15528661889685058
1,implicit_species_hypernetwork_no_enrichment,15,staphylococcus_aureus,Staphylococcus aureus,32,Voriconazole,0,0,0,,,
1,implicit_species_hypernetwork_no_enrichment,16,staphylococcus_capitis,Staphylococcus capitis,0,Amikacin,0,0,0,,,
1,implicit_species_hypernetwork_no_enrichment,16,staphylococcus_capitis,Staphylococcus capitis,1,Ampicillin,0,0,0,,,
1,implicit_species_hypernetwork_no_enrichment,16,staphylococcus_capitis,Staphylococcus capitis,2,Azithromycin,0,0,0,,,
1,implicit_species_hypernetwork_no_enrichment,16,staphylococcus_capitis,Staphylococcus capitis,3,Cefepime,0,0,0,,,
1,implicit_species_hypernetwork_no_enrichment,16,staphylococcus_capitis,Staphylococcus capitis,4,Ceftazidime,0,0,0,,,
1,implicit_species_hypernetwork_no_enrichment,16,staphylococcus_capitis,Staphylococcus capitis,5,Ceftolozane-Tazobactam,0,0,0,,,
1,implicit_species_hypernetwork_no_enrichment,16,staphylococcus_capitis,Staphylococcus capitis,6,Ceftriaxone,0,0,0,,,
1,implicit_species_hypernetwork_no_enrichment,16,staphylococcus_capitis,Staphylococcus capitis,7,Ciprofloxacin,0,0,0,,,
1,implicit_species_hypernetwork_no_enrichment,16,staphylococcus_capitis,Staphylococcus capitis,8,Clarithromycin,0,0,0,,,
1,implicit_species_hypernetwork_no_enrichment,16,staphylococcus_capitis,Staphylococcus capitis,9,Clindamycin,411,326,85,0.49915193071093467,0.5485384337784194,0.04938650306748471
1,implicit_species_hypernetwork_no_enrichment,16,staphylococcus_capitis,Staphylococcus capitis,10,Cotrimoxazole,404,400,4,0.5625,0.63,0.0675
1,implicit_species_hypernetwork_no_enrichment,16,staphylococcus_capitis,Staphylococcus capitis,11,Ertapenem,0,0,0,,,
1,implicit_species_hypernetwork_no_enrichment,16,staphylococcus_capitis,Staphylococcus capitis,12,Erythromycin,414,331,83,0.47612201070141597,0.5759472937065482,0.09982528300513221
1,implicit_species_hypernetwork_no_enrichment,16,staphylococcus_capitis,Staphylococcus capitis,13,Fosfomycin,398,0,398,,,
1,implicit_species_hypernetwork_no_enrichment,16,staphylococcus_capitis,Staphylococcus capitis,14,Fusidic acid,1,0,1,,,
1,implicit_species_hypernetwork_no_enrichment,16,staphylococcus_capitis,Staphylococcus capitis,15,Gentamicin,401,373,28,0.526378782075833,0.5908655687476062,0.06448678667177321
1,implicit_species_hypernetwork_no_enrichment,16,staphylococcus_capitis,Staphylococcus capitis,16,Imipenem,0,0,0,,,
1,implicit_species_hypernetwork_no_enrichment,16,staphylococcus_capitis,Staphylococcus capitis,17,Levofloxacin,401,243,158,0.5332083137990311,0.707141740897015,0.17393342709798387
1,implicit_species_hypernetwork_no_enrichment,16,staphylococcus_capitis,Staphylococcus capitis,18,Linezolid,403,403,0,,,
1,implicit_species_hypernetwork_no_enrichment,16,staphylococcus_capitis,Staphylococcus capitis,19,Meropenem,0,0,0,,,
1,implicit_species_hypernetwork_no_enrichment,16,staphylococcus_capitis,Staphylococcus capitis,20,Moxifloxacin,1,1,0,,,
1,implicit_species_hypernetwork_no_enrichment,16,staphylococcus_capitis,Staphylococcus capitis,21,Mupirocin,0,0,0,,,
1,implicit_species_hypernetwork_no_enrichment,16,staphylococcus_capitis,Staphylococcus capitis,22,Nitrofurantoin,0,0,0,,,
1,implicit_species_hypernetwork_no_enrichment,16,staphylococcus_capitis,Staphylococcus capitis,23,Oxacillin,414,300,114,0.44972222222222225,0.6610964912280701,0.21137426900584788
1,implicit_species_hypernetwork_no_enrichment,16,staphylococcus_capitis,Staphylococcus capitis,24,Piperacillin,0,0,0,,,
1,implicit_species_hypernetwork_no_enrichment,16,staphylococcus_capitis,Staphylococcus capitis,25,Piperacillin-Tazobactam,0,0,0,,,
1,implicit_species_hypernetwork_no_enrichment,16,staphylococcus_capitis,Staphylococcus capitis,26,Rifampicin,398,398,0,,,
1,implicit_species_hypernetwork_no_enrichment,16,staphylococcus_capitis,Staphylococcus capitis,27,Teicoplanin,0,0,0,,,
1,implicit_species_hypernetwork_no_enrichment,16,staphylococcus_capitis,Staphylococcus capitis,28,Tetracycline,401,347,54,0.5019212295869356,0.4659515423204184,-0.035969687266517225
1,implicit_species_hypernetwork_no_enrichment,16,staphylococcus_capitis,Staphylococcus capitis,29,Tigecycline,401,401,0,,,
1,implicit_species_hypernetwork_no_enrichment,16,staphylococcus_capitis,Staphylococcus capitis,30,Tobramycin,0,0,0,,,
1,implicit_species_hypernetwork_no_enrichment,16,staphylococcus_capitis,Staphylococcus capitis,31,Vancomycin,403,403,0,,,
1,implicit_species_hypernetwork_no_enrichment,16,staphylococcus_capitis,Staphylococcus capitis,32,Voriconazole,0,0,0,,,
1,implicit_species_hypernetwork_no_enrichment,17,staphylococcus_epidermidis,Staphylococcus epidermidis,0,Amikacin,0,0,0,,,
1,implicit_species_hypernetwork_no_enrichment,17,staphylococcus_epidermidis,Staphylococcus epidermidis,1,Ampicillin,1,0,1,,,
1,implicit_species_hypernetwork_no_enrichment,17,staphylococcus_epidermidis,Staphylococcus epidermidis,2,Azithromycin,0,0,0,,,
1,implicit_species_hypernetwork_no_enrichment,17,staphylococcus_epidermidis,Staphylococcus epidermidis,3,Cefepime,0,0,0,,,
1,implicit_species_hypernetwork_no_enrichment,17,staphylococcus_epidermidis,Staphylococcus epidermidis,4,Ceftazidime,1,1,0,,,
1,implicit_species_hypernetwork_no_enrichment,17,staphylococcus_epidermidis,Staphylococcus epidermidis,5,Ceftolozane-Tazobactam,0,0,0,,,
1,implicit_species_hypernetwork_no_enrichment,17,staphylococcus_epidermidis,Staphylococcus epidermidis,6,Ceftriaxone,1,1,0,,,
1,implicit_species_hypernetwork_no_enrichment,17,staphylococcus_epidermidis,Staphylococcus epidermidis,7,Ciprofloxacin,1,1,0,,,
1,implicit_species_hypernetwork_no_enrichment,17,staphylococcus_epidermidis,Staphylococcus epidermidis,8,Clarithromycin,0,0,0,,,
1,implicit_species_hypernetwork_no_enrichment,17,staphylococcus_epidermidis,Staphylococcus epidermidis,9,Clindamycin,2962,1423,1539,0.6058599623652453,0.7003982197235886,0.09453825735834331
1,implicit_species_hypernetwork_no_enrichment,17,staphylococcus_epidermidis,Staphylococcus epidermidis,10,Cotrimoxazole,2954,2120,834,0.7190525881181846,0.7867200579159315,0.06766746979774685
1,implicit_species_hypernetwork_no_enrichment,17,staphylococcus_epidermidis,Staphylococcus epidermidis,11,Ertapenem,0,0,0,,,
1,implicit_species_hypernetwork_no_enrichment,17,staphylococcus_epidermidis,Staphylococcus epidermidis,12,Erythromycin,2966,994,1972,0.5690366846107069,0.6403563368037841,0.07131965219307723
1,implicit_species_hypernetwork_no_enrichment,17,staphylococcus_epidermidis,Staphylococcus epidermidis,13,Fosfomycin,2949,2407,542,0.45710619549070436,0.7627261814786822,0.30561998598797785
1,implicit_species_hypernetwork_no_enrichment,17,staphylococcus_epidermidis,Staphylococcus epidermidis,14,Fusidic acid,1,0,1,,,
1,implicit_species_hypernetwork_no_enrichment,17,staphylococcus_epidermidis,Staphylococcus epidermidis,15,Gentamicin,2951,1977,974,0.6382765250067771,0.7703136895655271,0.13203716455875003
1,implicit_species_hypernetwork_no_enrichment,17,staphylococcus_epidermidis,Staphylococcus epidermidis,16,Imipenem,1,1,0,,,
1,implicit_species_hypernetwork_no_enrichment,17,staphylococcus_epidermidis,Staphylococcus epidermidis,17,Levofloxacin,2952,890,2062,0.6111019082596804,0.7103019867260978,0.09920007846641743
1,implicit_species_hypernetwork_no_enrichment,17,staphylococcus_epidermidis,Staphylococcus epidermidis,18,Linezolid,2956,2893,63,0.7236185867364575,0.870371284819954,0.14675269808349645
1,implicit_species_hypernetwork_no_enrichment,17,staphylococcus_epidermidis,Staphylococcus epidermidis,19,Meropenem,1,1,0,,,
1,implicit_species_hypernetwork_no_enrichment,17,staphylococcus_epidermidis,Staphylococcus epidermidis,20,Moxifloxacin,10,9,1,0.11111111111111116,0.33333333333333337,0.2222222222222222
1,implicit_species_hypernetwork_no_enrichment,17,staphylococcus_epidermidis,Staphylococcus epidermidis,21,Mupirocin,0,0,0,,,
1,implicit_species_hypernetwork_no_enrichment,17,staphylococcus_epidermidis,Staphylococcus epidermidis,22,Nitrofurantoin,0,0,0,,,
1,implicit_species_hypernetwork_no_enrichment,17,staphylococcus_epidermidis,Staphylococcus epidermidis,23,Oxacillin,2968,978,1990,0.6298478589265345,0.7210739279218177,0.09122606899528318
1,implicit_species_hypernetwork_no_enrichment,17,staphylococcus_epidermidis,Staphylococcus epidermidis,24,Piperacillin,0,0,0,,,
1,implicit_species_hypernetwork_no_enrichment,17,staphylococcus_epidermidis,Staphylococcus epidermidis,25,Piperacillin-Tazobactam,1,1,0,,,
1,implicit_species_hypernetwork_no_enrichment,17,staphylococcus_epidermidis,Staphylococcus epidermidis,26,Rifampicin,2943,2707,236,0.5851496121167343,0.72490185520277,0.13975224308603562
1,implicit_species_hypernetwork_no_enrichment,17,staphylococcus_epidermidis,Staphylococcus epidermidis,27,Teicoplanin,1,1,0,,,
1,implicit_species_hypernetwork_no_enrichment,17,staphylococcus_epidermidis,Staphylococcus epidermidis,28,Tetracycline,2951,1652,1299,0.6402641163718785,0.6672041913410762,0.026940074969197703
1,implicit_species_hypernetwork_no_enrichment,17,staphylococcus_epidermidis,Staphylococcus epidermidis,29,Tigecycline,2949,2942,7,0.6449694085656016,0.5859473633097019,-0.05902204525589971
1,implicit_species_hypernetwork_no_enrichment,17,staphylococcus_epidermidis,Staphylococcus epidermidis,30,Tobramycin,0,0,0,,,
1,implicit_species_hypernetwork_no_enrichment,17,staphylococcus_epidermidis,Staphylococcus epidermidis,31,Vancomycin,2953,2951,2,0.2059471365638767,0.7487292443239579,0.5427821077600812
1,implicit_species_hypernetwork_no_enrichment,17,staphylococcus_epidermidis,Staphylococcus epidermidis,32,Voriconazole,0,0,0,,,
1,implicit_species_hypernetwork_no_enrichment,18,staphylococcus_haemolyticus,Staphylococcus haemolyticus,0,Amikacin,0,0,0,,,
1,implicit_species_hypernetwork_no_enrichment,18,staphylococcus_haemolyticus,Staphylococcus haemolyticus,1,Ampicillin,0,0,0,,,
1,implicit_species_hypernetwork_no_enrichment,18,staphylococcus_haemolyticus,Staphylococcus haemolyticus,2,Azithromycin,0,0,0,,,
1,implicit_species_hypernetwork_no_enrichment,18,staphylococcus_haemolyticus,Staphylococcus haemolyticus,3,Cefepime,0,0,0,,,
1,implicit_species_hypernetwork_no_enrichment,18,staphylococcus_haemolyticus,Staphylococcus haemolyticus,4,Ceftazidime,0,0,0,,,
1,implicit_species_hypernetwork_no_enrichment,18,staphylococcus_haemolyticus,Staphylococcus haemolyticus,5,Ceftolozane-Tazobactam,0,0,0,,,
1,implicit_species_hypernetwork_no_enrichment,18,staphylococcus_haemolyticus,Staphylococcus haemolyticus,6,Ceftriaxone,0,0,0,,,
1,implicit_species_hypernetwork_no_enrichment,18,staphylococcus_haemolyticus,Staphylococcus haemolyticus,7,Ciprofloxacin,0,0,0,,,
1,implicit_species_hypernetwork_no_enrichment,18,staphylococcus_haemolyticus,Staphylococcus haemolyticus,8,Clarithromycin,0,0,0,,,
1,implicit_species_hypernetwork_no_enrichment,18,staphylococcus_haemolyticus,Staphylococcus haemolyticus,9,Clindamycin,399,128,271,0.5693323339483394,0.6482933579335793,0.07896102398523996
1,implicit_species_hypernetwork_no_enrichment,18,staphylococcus_haemolyticus,Staphylococcus haemolyticus,10,Cotrimoxazole,401,161,240,0.6716485507246376,0.8262034161490682,0.15455486542443064
1,implicit_species_hypernetwork_no_enrichment,18,staphylococcus_haemolyticus,Staphylococcus haemolyticus,11,Ertapenem,0,0,0,,,
1,implicit_species_hypernetwork_no_enrichment,18,staphylococcus_haemolyticus,Staphylococcus haemolyticus,12,Erythromycin,401,64,337,0.597018731454006,0.8098571958456974,0.2128384643916914
1,implicit_species_hypernetwork_no_enrichment,18,staphylococcus_haemolyticus,Staphylococcus haemolyticus,13,Fosfomycin,399,7,392,0.3485787172011662,0.24398688046647232,-0.10459183673469385
1,implicit_species_hypernetwork_no_enrichment,18,staphylococcus_haemolyticus,Staphylococcus haemolyticus,14,Fusidic acid,0,0,0,,,
1,implicit_species_hypernetwork_no_enrichment,18,staphylococcus_haemolyticus,Staphylococcus haemolyticus,15,Gentamicin,401,123,278,0.696818155231912,0.8733695970053227,0.17655144177341064
1,implicit_species_hypernetwork_no_enrichment,18,staphylococcus_haemolyticus,Staphylococcus haemolyticus,16,Imipenem,0,0,0,,,
1,implicit_species_hypernetwork_no_enrichment,18,staphylococcus_haemolyticus,Staphylococcus haemolyticus,17,Levofloxacin,401,76,325,0.7106477732793521,0.8390688259109312,0.1284210526315791
1,implicit_species_hypernetwork_no_enrichment,18,staphylococcus_haemolyticus,Staphylococcus haemolyticus,18,Linezolid,401,398,3,0.47487437185929643,0.2822445561139028,-0.19262981574539362
1,implicit_species_hypernetwork_no_enrichment,18,staphylococcus_haemolyticus,Staphylococcus haemolyticus,19,Meropenem,0,0,0,,,
1,implicit_species_hypernetwork_no_enrichment,18,staphylococcus_haemolyticus,Staphylococcus haemolyticus,20,Moxifloxacin,0,0,0,,,
1,implicit_species_hypernetwork_no_enrichment,18,staphylococcus_haemolyticus,Staphylococcus haemolyticus,21,Mupirocin,0,0,0,,,
1,implicit_species_hypernetwork_no_enrichment,18,staphylococcus_haemolyticus,Staphylococcus haemolyticus,22,Nitrofurantoin,0,0,0,,,
1,implicit_species_hypernetwork_no_enrichment,18,staphylococcus_haemolyticus,Staphylococcus haemolyticus,23,Oxacillin,404,80,324,0.7206211419753086,0.8732445987654323,0.15262345679012368
1,implicit_species_hypernetwork_no_enrichment,18,staphylococcus_haemolyticus,Staphylococcus haemolyticus,24,Piperacillin,0,0,0,,,
1,implicit_species_hypernetwork_no_enrichment,18,staphylococcus_haemolyticus,Staphylococcus haemolyticus,25,Piperacillin-Tazobactam,0,0,0,,,
1,implicit_species_hypernetwork_no_enrichment,18,staphylococcus_haemolyticus,Staphylococcus haemolyticus,26,Rifampicin,399,352,47,0.6084985493230174,0.6022122823984526,-0.006286266924564798
1,implicit_species_hypernetwork_no_enrichment,18,staphylococcus_haemolyticus,Staphylococcus haemolyticus,27,Teicoplanin,0,0,0,,,
1,implicit_species_hypernetwork_no_enrichment,18,staphylococcus_haemolyticus,Staphylococcus haemolyticus,28,Tetracycline,400,178,222,0.6891385767790261,0.7388652697641462,0.04972669298512011
1,implicit_species_hypernetwork_no_enrichment,18,staphylococcus_haemolyticus,Staphylococcus haemolyticus,29,Tigecycline,401,399,2,0.2330827067669173,0.7299498746867168,0.49686716791979946
1,implicit_species_hypernetwork_no_enrichment,18,staphylococcus_haemolyticus,Staphylococcus haemolyticus,30,Tobramycin,0,0,0,,,
1,implicit_species_hypernetwork_no_enrichment,18,staphylococcus_haemolyticus,Staphylococcus haemolyticus,31,Vancomycin,401,401,0,,,
1,implicit_species_hypernetwork_no_enrichment,18,staphylococcus_haemolyticus,Staphylococcus haemolyticus,32,Voriconazole,0,0,0,,,
1,implicit_species_hypernetwork_no_enrichment,19,staphylococcus_hominis,Staphylococcus hominis,0,Amikacin,0,0,0,,,
1,implicit_species_hypernetwork_no_enrichment,19,staphylococcus_hominis,Staphylococcus hominis,1,Ampicillin,0,0,0,,,
1,implicit_species_hypernetwork_no_enrichment,19,staphylococcus_hominis,Staphylococcus hominis,2,Azithromycin,0,0,0,,,
1,implicit_species_hypernetwork_no_enrichment,19,staphylococcus_hominis,Staphylococcus hominis,3,Cefepime,0,0,0,,,
1,implicit_species_hypernetwork_no_enrichment,19,staphylococcus_hominis,Staphylococcus hominis,4,Ceftazidime,0,0,0,,,
1,implicit_species_hypernetwork_no_enrichment,19,staphylococcus_hominis,Staphylococcus hominis,5,Ceftolozane-Tazobactam,0,0,0,,,
1,implicit_species_hypernetwork_no_enrichment,19,staphylococcus_hominis,Staphylococcus hominis,6,Ceftriaxone,0,0,0,,,
1,implicit_species_hypernetwork_no_enrichment,19,staphylococcus_hominis,Staphylococcus hominis,7,Ciprofloxacin,0,0,0,,,
1,implicit_species_hypernetwork_no_enrichment,19,staphylococcus_hominis,Staphylococcus hominis,8,Clarithromycin,0,0,0,,,
1,implicit_species_hypernetwork_no_enrichment,19,staphylococcus_hominis,Staphylococcus hominis,9,Clindamycin,504,322,182,0.5432479011671559,0.5538785748413078,0.010630673674151825
1,implicit_species_hypernetwork_no_enrichment,19,staphylococcus_hominis,Staphylococcus hominis,10,Cotrimoxazole,503,384,119,0.550890668767507,0.5168614320728291,-0.034029236694677945
1,implicit_species_hypernetwork_no_enrichment,19,staphylococcus_hominis,Staphylococcus hominis,11,Ertapenem,0,0,0,,,
1,implicit_species_hypernetwork_no_enrichment,19,staphylococcus_hominis,Staphylococcus hominis,12,Erythromycin,508,198,310,0.533365917236885,0.5520853698273053,0.018719452590420294
1,implicit_species_hypernetwork_no_enrichment,19,staphylococcus_hominis,Staphylococcus hominis,13,Fosfomycin,502,13,489,0.39255938335692936,0.4565832940066069,0.06402391064967755
1,implicit_species_hypernetwork_no_enrichment,19,staphylococcus_hominis,Staphylococcus hominis,14,Fusidic acid,1,1,0,,,
1,implicit_species_hypernetwork_no_enrichment,19,staphylococcus_hominis,Staphylococcus hominis,15,Gentamicin,502,414,88,0.628197738252086,0.5597551602986386,-0.06844257795344744
1,implicit_species_hypernetwork_no_enrichment,19,staphylococcus_hominis,Staphylococcus hominis,16,Imipenem,0,0,0,,,
1,implicit_species_hypernetwork_no_enrichment,19,staphylococcus_hominis,Staphylococcus hominis,17,Levofloxacin,502,236,266,0.4698770230661399,0.6763253472664712,0.20644832420033132
1,implicit_species_hypernetwork_no_enrichment,19,staphylococcus_hominis,Staphylococcus hominis,18,Linezolid,502,496,6,0.6391129032258065,0.42977150537634407,-0.20934139784946243
1,implicit_species_hypernetwork_no_enrichment,19,staphylococcus_hominis,Staphylococcus hominis,19,Meropenem,0,0,0,,,
1,implicit_species_hypernetwork_no_enrichment,19,staphylococcus_hominis,Staphylococcus hominis,20,Moxifloxacin,1,1,0,,,
1,implicit_species_hypernetwork_no_enrichment,19,staphylococcus_hominis,Staphylococcus hominis,21,Mupirocin,0,0,0,,,
1,implicit_species_hypernetwork_no_enrichment,19,staphylococcus_hominis,Staphylococcus hominis,22,Nitrofurantoin,0,0,0,,,
1,implicit_species_hypernetwork_no_enrichment,19,staphylococcus_hominis,Staphylococcus hominis,23,Oxacillin,507,262,245,0.5371786882692007,0.5560445552266708,0.018865866957470168
1,implicit_species_hypernetwork_no_enrichment,19,staphylococcus_hominis,Staphylococcus hominis,24,Piperacillin,0,0,0,,,
1,implicit_species_hypernetwork_no_enrichment,19,staphylococcus_hominis,Staphylococcus hominis,25,Piperacillin-Tazobactam,0,0,0,,,
1,implicit_species_hypernetwork_no_enrichment,19,staphylococcus_hominis,Staphylococcus hominis,26,Rifampicin,501,493,8,0.609660243407708,0.5214249492900609,-0.08823529411764708
1,implicit_species_hypernetwork_no_enrichment,19,staphylococcus_hominis,Staphylococcus hominis,27,Teicoplanin,0,0,0,,,
1,implicit_species_hypernetwork_no_enrichment,19,staphylococcus_hominis,Staphylococcus hominis,28,Tetracycline,502,313,189,0.5231418090843011,0.5168957181736735,-0.006246090910627555
1,implicit_species_hypernetwork_no_enrichment,19,staphylococcus_hominis,Staphylococcus hominis,29,Tigecycline,503,503,0,,,
1,implicit_species_hypernetwork_no_enrichment,19,staphylococcus_hominis,Staphylococcus hominis,30,Tobramycin,0,0,0,,,
1,implicit_species_hypernetwork_no_enrichment,19,staphylococcus_hominis,Staphylococcus hominis,31,Vancomycin,503,503,0,,,
1,implicit_species_hypernetwork_no_enrichment,19,staphylococcus_hominis,Staphylococcus hominis,32,Voriconazole,0,0,0,,,
1,implicit_species_hypernetwork_no_enrichment,20,staphylococcus_lugdunensis,Staphylococcus lugdunensis,0,Amikacin,0,0,0,,,
1,implicit_species_hypernetwork_no_enrichment,20,staphylococcus_lugdunensis,Staphylococcus lugdunensis,1,Ampicillin,0,0,0,,,
1,implicit_species_hypernetwork_no_enrichment,20,staphylococcus_lugdunensis,Staphylococcus lugdunensis,2,Azithromycin,0,0,0,,,
1,implicit_species_hypernetwork_no_enrichment,20,staphylococcus_lugdunensis,Staphylococcus lugdunensis,3,Cefepime,0,0,0,,,
1,implicit_species_hypernetwork_no_enrichment,20,staphylococcus_lugdunensis,Staphylococcus lugdunensis,4,Ceftazidime,0,0,0,,,
1,implicit_species_hypernetwork_no_enrichment,20,staphylococcus_lugdunensis,Staphylococcus lugdunensis,5,Ceftolozane-Tazobactam,0,0,0,,,
1,implicit_species_hypernetwork_no_enrichment,20,staphylococcus_lugdunensis,Staphylococcus lugdunensis,6,Ceftriaxone,0,0,0,,,
1,implicit_species_hypernetwork_no_enrichment,20,staphylococcus_lugdunensis,Staphylococcus lugdunensis,7,Ciprofloxacin,0,0,0,,,
1,implicit_species_hypernetwork_no_enrichment,20,staphylococcus_lugdunensis,Staphylococcus lugdunensis,8,Clarithromycin,0,0,0,,,
1,implicit_species_hypernetwork_no_enrichment,20,staphylococcus_lugdunensis,Staphylococcus lugdunensis,9,Clindamycin,257,227,30,0.49383259911894273,0.6014684287812041,0.10763582966226137
1,implicit_species_hypernetwork_no_enrichment,20,staphylococcus_lugdunensis,Staphylococcus lugdunensis,10,Cotrimoxazole,257,254,3,0.5216535433070866,0.5990813648293963,0.07742782152230976
1,implicit_species_hypernetwork_no_enrichment,20,staphylococcus_lugdunensis,Staphylococcus lugdunensis,11,Ertapenem,0,0,0,,,
1,implicit_species_hypernetwork_no_enrichment,20,staphylococcus_lugdunensis,Staphylococcus lugdunensis,12,Erythromycin,258,228,30,0.49722222222222223,0.5913011695906433,0.09407894736842104
1,implicit_species_hypernetwork_no_enrichment,20,staphylococcus_lugdunensis,Staphylococcus lugdunensis,13,Fosfomycin,257,221,36,0.5864756158873805,0.49893162393162394,-0.08754399195575657
1,implicit_species_hypernetwork_no_enrichment,20,staphylococcus_lugdunensis,Staphylococcus lugdunensis,14,Fusidic acid,0,0,0,,,
1,implicit_species_hypernetwork_no_enrichment,20,staphylococcus_lugdunensis,Staphylococcus lugdunensis,15,Gentamicin,257,257,0,,,
1,implicit_species_hypernetwork_no_enrichment,20,staphylococcus_lugdunensis,Staphylococcus lugdunensis,16,Imipenem,0,0,0,,,
1,implicit_species_hypernetwork_no_enrichment,20,staphylococcus_lugdunensis,Staphylococcus lugdunensis,17,Levofloxacin,257,149,108,0.5605269699229432,0.7269761372110366,0.16644916728809345
1,implicit_species_hypernetwork_no_enrichment,20,staphylococcus_lugdunensis,Staphylococcus lugdunensis,18,Linezolid,257,257,0,,,
1,implicit_species_hypernetwork_no_enrichment,20,staphylococcus_lugdunensis,Staphylococcus lugdunensis,19,Meropenem,0,0,0,,,
1,implicit_species_hypernetwork_no_enrichment,20,staphylococcus_lugdunensis,Staphylococcus lugdunensis,20,Moxifloxacin,0,0,0,,,
1,implicit_species_hypernetwork_no_enrichment,20,staphylococcus_lugdunensis,Staphylococcus lugdunensis,21,Mupirocin,0,0,0,,,
1,implicit_species_hypernetwork_no_enrichment,20,staphylococcus_lugdunensis,Staphylococcus lugdunensis,22,Nitrofurantoin,0,0,0,,,
1,implicit_species_hypernetwork_no_enrichment,20,staphylococcus_lugdunensis,Staphylococcus lugdunensis,23,Oxacillin,255,240,15,0.4931944444444444,0.5033333333333334,0.01013888888888903
1,implicit_species_hypernetwork_no_enrichment,20,staphylococcus_lugdunensis,Staphylococcus lugdunensis,24,Piperacillin,0,0,0,,,
1,implicit_species_hypernetwork_no_enrichment,20,staphylococcus_lugdunensis,Staphylococcus lugdunensis,25,Piperacillin-Tazobactam,0,0,0,,,
1,implicit_species_hypernetwork_no_enrichment,20,staphylococcus_lugdunensis,Staphylococcus lugdunensis,26,Rifampicin,255,255,0,,,
1,implicit_species_hypernetwork_no_enrichment,20,staphylococcus_lugdunensis,Staphylococcus lugdunensis,27,Teicoplanin,0,0,0,,,
1,implicit_species_hypernetwork_no_enrichment,20,staphylococcus_lugdunensis,Staphylococcus lugdunensis,28,Tetracycline,257,233,24,0.6210658082975679,0.6128397711015737,-0.00822603719599413
1,implicit_species_hypernetwork_no_enrichment,20,staphylococcus_lugdunensis,Staphylococcus lugdunensis,29,Tigecycline,256,256,0,,,
1,implicit_species_hypernetwork_no_enrichment,20,staphylococcus_lugdunensis,Staphylococcus lugdunensis,30,Tobramycin,0,0,0,,,
1,implicit_species_hypernetwork_no_enrichment,20,staphylococcus_lugdunensis,Staphylococcus lugdunensis,31,Vancomycin,256,256,0,,,
1,implicit_species_hypernetwork_no_enrichment,20,staphylococcus_lugdunensis,Staphylococcus lugdunensis,32,Voriconazole,0,0,0,,,
1,implicit_species_hypernetwork_no_enrichment,21,stenotrophomonas_maltophilia,Stenotrophomonas maltophilia,0,Amikacin,0,0,0,,,
1,implicit_species_hypernetwork_no_enrichment,21,stenotrophomonas_maltophilia,Stenotrophomonas maltophilia,1,Ampicillin,0,0,0,,,
1,implicit_species_hypernetwork_no_enrichment,21,stenotrophomonas_maltophilia,Stenotrophomonas maltophilia,2,Azithromycin,0,0,0,,,
1,implicit_species_hypernetwork_no_enrichment,21,stenotrophomonas_maltophilia,Stenotrophomonas maltophilia,3,Cefepime,0,0,0,,,
1,implicit_species_hypernetwork_no_enrichment,21,stenotrophomonas_maltophilia,Stenotrophomonas maltophilia,4,Ceftazidime,5,1,4,1.0,0.5,-0.5
1,implicit_species_hypernetwork_no_enrichment,21,stenotrophomonas_maltophilia,Stenotrophomonas maltophilia,5,Ceftolozane-Tazobactam,2,0,2,,,
1,implicit_species_hypernetwork_no_enrichment,21,stenotrophomonas_maltophilia,Stenotrophomonas maltophilia,6,Ceftriaxone,0,0,0,,,
1,implicit_species_hypernetwork_no_enrichment,21,stenotrophomonas_maltophilia,Stenotrophomonas maltophilia,7,Ciprofloxacin,0,0,0,,,
1,implicit_species_hypernetwork_no_enrichment,21,stenotrophomonas_maltophilia,Stenotrophomonas maltophilia,8,Clarithromycin,0,0,0,,,
1,implicit_species_hypernetwork_no_enrichment,21,stenotrophomonas_maltophilia,Stenotrophomonas maltophilia,9,Clindamycin,0,0,0,,,
1,implicit_species_hypernetwork_no_enrichment,21,stenotrophomonas_maltophilia,Stenotrophomonas maltophilia,10,Cotrimoxazole,436,0,436,,,
1,implicit_species_hypernetwork_no_enrichment,21,stenotrophomonas_maltophilia,Stenotrophomonas maltophilia,11,Ertapenem,0,0,0,,,
1,implicit_species_hypernetwork_no_enrichment,21,stenotrophomonas_maltophilia,Stenotrophomonas maltophilia,12,Erythromycin,0,0,0,,,
1,implicit_species_hypernetwork_no_enrichment,21,stenotrophomonas_maltophilia,Stenotrophomonas maltophilia,13,Fosfomycin,0,0,0,,,
1,implicit_species_hypernetwork_no_enrichment,21,stenotrophomonas_maltophilia,Stenotrophomonas maltophilia,14,Fusidic acid,0,0,0,,,
1,implicit_species_hypernetwork_no_enrichment,21,stenotrophomonas_maltophilia,Stenotrophomonas maltophilia,15,Gentamicin,0,0,0,,,
1,implicit_species_hypernetwork_no_enrichment,21,stenotrophomonas_maltophilia,Stenotrophomonas maltophilia,16,Imipenem,0,0,0,,,
1,implicit_species_hypernetwork_no_enrichment,21,stenotrophomonas_maltophilia,Stenotrophomonas maltophilia,17,Levofloxacin,6,0,6,,,
1,implicit_species_hypernetwork_no_enrichment,21,stenotrophomonas_maltophilia,Stenotrophomonas maltophilia,18,Linezolid,0,0,0,,,
1,implicit_species_hypernetwork_no_enrichment,21,stenotrophomonas_maltophilia,Stenotrophomonas maltophilia,19,Meropenem,0,0,0,,,
1,implicit_species_hypernetwork_no_enrichment,21,stenotrophomonas_maltophilia,Stenotrophomonas maltophilia,20,Moxifloxacin,2,0,2,,,
1,implicit_species_hypernetwork_no_enrichment,21,stenotrophomonas_maltophilia,Stenotrophomonas maltophilia,21,Mupirocin,0,0,0,,,
1,implicit_species_hypernetwork_no_enrichment,21,stenotrophomonas_maltophilia,Stenotrophomonas maltophilia,22,Nitrofurantoin,0,0,0,,,
1,implicit_species_hypernetwork_no_enrichment,21,stenotrophomonas_maltophilia,Stenotrophomonas maltophilia,23,Oxacillin,0,0,0,,,
1,implicit_species_hypernetwork_no_enrichment,21,stenotrophomonas_maltophilia,Stenotrophomonas maltophilia,24,Piperacillin,0,0,0,,,
1,implicit_species_hypernetwork_no_enrichment,21,stenotrophomonas_maltophilia,Stenotrophomonas maltophilia,25,Piperacillin-Tazobactam,0,0,0,,,
1,implicit_species_hypernetwork_no_enrichment,21,stenotrophomonas_maltophilia,Stenotrophomonas maltophilia,26,Rifampicin,2,0,2,,,
1,implicit_species_hypernetwork_no_enrichment,21,stenotrophomonas_maltophilia,Stenotrophomonas maltophilia,27,Teicoplanin,0,0,0,,,
1,implicit_species_hypernetwork_no_enrichment,21,stenotrophomonas_maltophilia,Stenotrophomonas maltophilia,28,Tetracycline,0,0,0,,,
1,implicit_species_hypernetwork_no_enrichment,21,stenotrophomonas_maltophilia,Stenotrophomonas maltophilia,29,Tigecycline,2,0,2,,,
1,implicit_species_hypernetwork_no_enrichment,21,stenotrophomonas_maltophilia,Stenotrophomonas maltophilia,30,Tobramycin,0,0,0,,,
1,implicit_species_hypernetwork_no_enrichment,21,stenotrophomonas_maltophilia,Stenotrophomonas maltophilia,31,Vancomycin,0,0,0,,,
1,implicit_species_hypernetwork_no_enrichment,21,stenotrophomonas_maltophilia,Stenotrophomonas maltophilia,32,Voriconazole,0,0,0,,,
1,implicit_species_hypernetwork_no_enrichment,22,streptococcus_pneumoniae,Streptococcus pneumoniae,0,Amikacin,0,0,0,,,
1,implicit_species_hypernetwork_no_enrichment,22,streptococcus_pneumoniae,Streptococcus pneumoniae,1,Ampicillin,56,56,0,,,
1,implicit_species_hypernetwork_no_enrichment,22,streptococcus_pneumoniae,Streptococcus pneumoniae,2,Azithromycin,62,58,4,0.33836206896551724,0.5905172413793103,0.25215517241379304
1,implicit_species_hypernetwork_no_enrichment,22,streptococcus_pneumoniae,Streptococcus pneumoniae,3,Cefepime,0,0,0,,,
1,implicit_species_hypernetwork_no_enrichment,22,streptococcus_pneumoniae,Streptococcus pneumoniae,4,Ceftazidime,0,0,0,,,
1,implicit_species_hypernetwork_no_enrichment,22,streptococcus_pneumoniae,Streptococcus pneumoniae,5,Ceftolozane-Tazobactam,0,0,0,,,
1,implicit_species_hypernetwork_no_enrichment,22,streptococcus_pneumoniae,Streptococcus pneumoniae,6,Ceftriaxone,5,5,0,,,
1,implicit_species_hypernetwork_no_enrichment,22,streptococcus_pneumoniae,Streptococcus pneumoniae,7,Ciprofloxacin,0,0,0,,,
1,implicit_species_hypernetwork_no_enrichment,22,streptococcus_pneumoniae,Streptococcus pneumoniae,8,Clarithromycin,62,58,4,0.3426724137931035,0.5905172413793103,0.2478448275862068
1,implicit_species_hypernetwork_no_enrichment,22,streptococcus_pneumoniae,Streptococcus pneumoniae,9,Clindamycin,62,60,2,0.525,0.575,0.04999999999999993
1,implicit_species_hypernetwork_no_enrichment,22,streptococcus_pneumoniae,Streptococcus pneumoniae,10,Cotrimoxazole,60,58,2,0.5043103448275862,0.9827586206896551,0.47844827586206895
1,implicit_species_hypernetwork_no_enrichment,22,streptococcus_pneumoniae,Streptococcus pneumoniae,11,Ertapenem,0,0,0,,,
1,implicit_species_hypernetwork_no_enrichment,22,streptococcus_pneumoniae,Streptococcus pneumoniae,12,Erythromycin,62,58,4,0.3362068965517242,0.5991379310344828,0.26293103448275856
1,implicit_species_hypernetwork_no_enrichment,22,streptococcus_pneumoniae,Streptococcus pneumoniae,13,Fosfomycin,0,0,0,,,
1,implicit_species_hypernetwork_no_enrichment,22,streptococcus_pneumoniae,Streptococcus pneumoniae,14,Fusidic acid,0,0,0,,,
1,implicit_species_hypernetwork_no_enrichment,22,streptococcus_pneumoniae,Streptococcus pneumoniae,15,Gentamicin,0,0,0,,,
1,implicit_species_hypernetwork_no_enrichment,22,streptococcus_pneumoniae,Streptococcus pneumoniae,16,Imipenem,0,0,0,,,
1,implicit_species_hypernetwork_no_enrichment,22,streptococcus_pneumoniae,Streptococcus pneumoniae,17,Levofloxacin,1,0,1,,,
1,implicit_species_hypernetwork_no_enrichment,22,streptococcus_pneumoniae,Streptococcus pneumoniae,18,Linezolid,62,62,0,,,
1,implicit_species_hypernetwork_no_enrichment,22,streptococcus_pneumoniae,Streptococcus pneumoniae,19,Meropenem,0,0,0,,,
1,implicit_species_hypernetwork_no_enrichment,22,streptococcus_pneumoniae,Streptococcus pneumoniae,20,Moxifloxacin,62,60,2,0.22083333333333333,0.5249999999999999,0.3041666666666666
1,implicit_species_hypernetwork_no_enrichment,22,streptococcus_pneumoniae,Streptococcus pneumoniae,21,Mupirocin,0,0,0,,,
1,implicit_species_hypernetwork_no_enrichment,22,streptococcus_pneumoniae,Streptococcus pneumoniae,22,Nitrofurantoin,0,0,0,,,
1,implicit_species_hypernetwork_no_enrichment,22,streptococcus_pneumoniae,Streptococcus pneumoniae,23,Oxacillin,0,0,0,,,
1,implicit_species_hypernetwork_no_enrichment,22,streptococcus_pneumoniae,Streptococcus pneumoniae,24,Piperacillin,0,0,0,,,
1,implicit_species_hypernetwork_no_enrichment,22,streptococcus_pneumoniae,Streptococcus pneumoniae,25,Piperacillin-Tazobactam,0,0,0,,,
1,implicit_species_hypernetwork_no_enrichment,22,streptococcus_pneumoniae,Streptococcus pneumoniae,26,Rifampicin,0,0,0,,,
1,implicit_species_hypernetwork_no_enrichment,22,streptococcus_pneumoniae,Streptococcus pneumoniae,27,Teicoplanin,0,0,0,,,
1,implicit_species_hypernetwork_no_enrichment,22,streptococcus_pneumoniae,Streptococcus pneumoniae,28,Tetracycline,1,0,1,,,
1,implicit_species_hypernetwork_no_enrichment,22,streptococcus_pneumoniae,Streptococcus pneumoniae,29,Tigecycline,0,0,0,,,
1,implicit_species_hypernetwork_no_enrichment,22,streptococcus_pneumoniae,Streptococcus pneumoniae,30,Tobramycin,0,0,0,,,
1,implicit_species_hypernetwork_no_enrichment,22,streptococcus_pneumoniae,Streptococcus pneumoniae,31,Vancomycin,61,61,0,,,
1,implicit_species_hypernetwork_no_enrichment,22,streptococcus_pneumoniae,Streptococcus pneumoniae,32,Voriconazole,0,0,0,,,
2,implicit_species_hypernetwork_no_enrichment,0,candida_albicans,Candida albicans,0,Amikacin,0,0,0,,,
2,implicit_species_hypernetwork_no_enrichment,0,candida_albicans,Candida albicans,1,Ampicillin,0,0,0,,,
2,implicit_species_hypernetwork_no_enrichment,0,candida_albicans,Candida albicans,2,Azithromycin,0,0,0,,,
2,implicit_species_hypernetwork_no_enrichment,0,candida_albicans,Candida albicans,3,Ceftazidime,0,0,0,,,
2,implicit_species_hypernetwork_no_enrichment,0,candida_albicans,Candida albicans,4,Ceftolozane-Tazobactam,0,0,0,,,
2,implicit_species_hypernetwork_no_enrichment,0,candida_albicans,Candida albicans,5,Ceftriaxone,0,0,0,,,
2,implicit_species_hypernetwork_no_enrichment,0,candida_albicans,Candida albicans,6,Ciprofloxacin,0,0,0,,,
2,implicit_species_hypernetwork_no_enrichment,0,candida_albicans,Candida albicans,7,Clarithromycin,0,0,0,,,
2,implicit_species_hypernetwork_no_enrichment,0,candida_albicans,Candida albicans,8,Clindamycin,0,0,0,,,
2,implicit_species_hypernetwork_no_enrichment,0,candida_albicans,Candida albicans,9,Cotrimoxazole,0,0,0,,,
2,implicit_species_hypernetwork_no_enrichment,0,candida_albicans,Candida albicans,10,Ertapenem,0,0,0,,,
2,implicit_species_hypernetwork_no_enrichment,0,candida_albicans,Candida albicans,11,Erythromycin,0,0,0,,,
2,implicit_species_hypernetwork_no_enrichment,0,candida_albicans,Candida albicans,12,Fosfomycin,0,0,0,,,
2,implicit_species_hypernetwork_no_enrichment,0,candida_albicans,Candida albicans,13,Fusidic acid,0,0,0,,,
2,implicit_species_hypernetwork_no_enrichment,0,candida_albicans,Candida albicans,14,Gentamicin,0,0,0,,,
2,implicit_species_hypernetwork_no_enrichment,0,candida_albicans,Candida albicans,15,Imipenem,0,0,0,,,
2,implicit_species_hypernetwork_no_enrichment,0,candida_albicans,Candida albicans,16,Levofloxacin,0,0,0,,,
2,implicit_species_hypernetwork_no_enrichment,0,candida_albicans,Candida albicans,17,Linezolid,0,0,0,,,
2,implicit_species_hypernetwork_no_enrichment,0,candida_albicans,Candida albicans,18,Meropenem,0,0,0,,,
2,implicit_species_hypernetwork_no_enrichment,0,candida_albicans,Candida albicans,19,Moxifloxacin,0,0,0,,,
2,implicit_species_hypernetwork_no_enrichment,0,candida_albicans,Candida albicans,20,Mupirocin,0,0,0,,,
2,implicit_species_hypernetwork_no_enrichment,0,candida_albicans,Candida albicans,21,Nitrofurantoin,0,0,0,,,
2,implicit_species_hypernetwork_no_enrichment,0,candida_albicans,Candida albicans,22,Oxacillin,0,0,0,,,
2,implicit_species_hypernetwork_no_enrichment,0,candida_albicans,Candida albicans,23,Piperacillin-Tazobactam,0,0,0,,,
2,implicit_species_hypernetwork_no_enrichment,0,candida_albicans,Candida albicans,24,Rifampicin,0,0,0,,,
2,implicit_species_hypernetwork_no_enrichment,0,candida_albicans,Candida albicans,25,Teicoplanin,0,0,0,,,
2,implicit_species_hypernetwork_no_enrichment,0,candida_albicans,Candida albicans,26,Tetracycline,0,0,0,,,
2,implicit_species_hypernetwork_no_enrichment,0,candida_albicans,Candida albicans,27,Tigecycline,0,0,0,,,
2,implicit_species_hypernetwork_no_enrichment,0,candida_albicans,Candida albicans,28,Tobramycin,0,0,0,,,
2,implicit_species_hypernetwork_no_enrichment,0,candida_albicans,Candida albicans,29,Vancomycin,0,0,0,,,
2,implicit_species_hypernetwork_no_enrichment,1,citrobacter_freundii,Citrobacter freundii,0,Amikacin,0,0,0,,,
2,implicit_species_hypernetwork_no_enrichment,1,citrobacter_freundii,Citrobacter freundii,1,Ampicillin,441,12,429,0.5,0.6767676767676768,0.1767676767676768
2,implicit_species_hypernetwork_no_enrichment,1,citrobacter_freundii,Citrobacter freundii,2,Azithromycin,0,0,0,,,
2,implicit_species_hypernetwork_no_enrichment,1,citrobacter_freundii,Citrobacter freundii,3,Ceftazidime,440,255,185,0.41103338632750397,0.747408585055644,0.33637519872814003
2,implicit_species_hypernetwork_no_enrichment,1,citrobacter_freundii,Citrobacter freundii,4,Ceftolozane-Tazobactam,0,0,0,,,
2,implicit_species_hypernetwork_no_enrichment,1,citrobacter_freundii,Citrobacter freundii,5,Ceftriaxone,312,177,135,0.4109227871939736,0.8076794308432726,0.396756643649299
2,implicit_species_hypernetwork_no_enrichment,1,citrobacter_freundii,Citrobacter freundii,6,Ciprofloxacin,441,393,48,0.4446034775233248,0.6402671755725191,0.1956636980491943
2,implicit_species_hypernetwork_no_enrichment,1,citrobacter_freundii,Citrobacter freundii,7,Clarithromycin,0,0,0,,,
2,implicit_species_hypernetwork_no_enrichment,1,citrobacter_freundii,Citrobacter freundii,8,Clindamycin,0,0,0,,,
2,implicit_species_hypernetwork_no_enrichment,1,citrobacter_freundii,Citrobacter freundii,9,Cotrimoxazole,441,407,34,0.43460037577684635,0.6164908223731753,0.18189044659632897
2,implicit_species_hypernetwork_no_enrichment,1,citrobacter_freundii,Citrobacter freundii,10,Ertapenem,1,0,1,,,
2,implicit_species_hypernetwork_no_enrichment,1,citrobacter_freundii,Citrobacter freundii,11,Erythromycin,0,0,0,,,
2,implicit_species_hypernetwork_no_enrichment,1,citrobacter_freundii,Citrobacter freundii,12,Fosfomycin,98,98,0,,,
2,implicit_species_hypernetwork_no_enrichment,1,citrobacter_freundii,Citrobacter freundii,13,Fusidic acid,0,0,0,,,
2,implicit_species_hypernetwork_no_enrichment,1,citrobacter_freundii,Citrobacter freundii,14,Gentamicin,441,171,270,0.5488087502707386,0.7229911197747455,0.1741823695040069
2,implicit_species_hypernetwork_no_enrichment,1,citrobacter_freundii,Citrobacter freundii,15,Imipenem,440,432,8,0.5335648148148148,0.6377314814814815,0.10416666666666674
2,implicit_species_hypernetwork_no_enrichment,1,citrobacter_freundii,Citrobacter freundii,16,Levofloxacin,0,0,0,,,
2,implicit_species_hypernetwork_no_enrichment,1,citrobacter_freundii,Citrobacter freundii,17,Linezolid,0,0,0,,,
2,implicit_species_hypernetwork_no_enrichment,1,citrobacter_freundii,Citrobacter freundii,18,Meropenem,439,431,8,0.4625870069605568,0.7776972157772623,0.31511020881670543
2,implicit_species_hypernetwork_no_enrichment,1,citrobacter_freundii,Citrobacter freundii,19,Moxifloxacin,324,220,104,0.44656905594405594,0.5959134615384615,0.14934440559440554
2,implicit_species_hypernetwork_no_enrichment,1,citrobacter_freundii,Citrobacter freundii,20,Mupirocin,0,0,0,,,
2,implicit_species_hypernetwork_no_enrichment,1,citrobacter_freundii,Citrobacter freundii,21,Nitrofurantoin,0,0,0,,,
2,implicit_species_hypernetwork_no_enrichment,1,citrobacter_freundii,Citrobacter freundii,22,Oxacillin,0,0,0,,,
2,implicit_species_hypernetwork_no_enrichment,1,citrobacter_freundii,Citrobacter freundii,23,Piperacillin-Tazobactam,441,255,186,0.411258697027198,0.7492936959730128,0.3380349989458148
2,implicit_species_hypernetwork_no_enrichment,1,citrobacter_freundii,Citrobacter freundii,24,Rifampicin,0,0,0,,,
2,implicit_species_hypernetwork_no_enrichment,1,citrobacter_freundii,Citrobacter freundii,25,Teicoplanin,0,0,0,,,
2,implicit_species_hypernetwork_no_enrichment,1,citrobacter_freundii,Citrobacter freundii,26,Tetracycline,0,0,0,,,
2,implicit_species_hypernetwork_no_enrichment,1,citrobacter_freundii,Citrobacter freundii,27,Tigecycline,0,0,0,,,
2,implicit_species_hypernetwork_no_enrichment,1,citrobacter_freundii,Citrobacter freundii,28,Tobramycin,0,0,0,,,
2,implicit_species_hypernetwork_no_enrichment,1,citrobacter_freundii,Citrobacter freundii,29,Vancomycin,0,0,0,,,
2,implicit_species_hypernetwork_no_enrichment,2,citrobacter_koseri,Citrobacter koseri,0,Amikacin,0,0,0,,,
2,implicit_species_hypernetwork_no_enrichment,2,citrobacter_koseri,Citrobacter koseri,1,Ampicillin,446,0,446,,,
2,implicit_species_hypernetwork_no_enrichment,2,citrobacter_koseri,Citrobacter koseri,2,Azithromycin,0,0,0,,,
2,implicit_species_hypernetwork_no_enrichment,2,citrobacter_koseri,Citrobacter koseri,3,Ceftazidime,446,430,16,0.6577761627906976,0.6762354651162791,0.01845930232558146
2,implicit_species_hypernetwork_no_enrichment,2,citrobacter_koseri,Citrobacter koseri,4,Ceftolozane-Tazobactam,0,0,0,,,
2,implicit_species_hypernetwork_no_enrichment,2,citrobacter_koseri,Citrobacter koseri,5,Ceftriaxone,270,260,10,0.6790384615384616,0.7446153846153846,0.06557692307692298
2,implicit_species_hypernetwork_no_enrichment,2,citrobacter_koseri,Citrobacter koseri,6,Ciprofloxacin,446,444,2,0.9650900900900901,0.1936936936936937,-0.7713963963963963
2,implicit_species_hypernetwork_no_enrichment,2,citrobacter_koseri,Citrobacter koseri,7,Clarithromycin,0,0,0,,,
2,implicit_species_hypernetwork_no_enrichment,2,citrobacter_koseri,Citrobacter koseri,8,Clindamycin,0,0,0,,,
2,implicit_species_hypernetwork_no_enrichment,2,citrobacter_koseri,Citrobacter koseri,9,Cotrimoxazole,446,442,4,0.7208710407239819,0.29581447963800905,-0.42505656108597284
2,implicit_species_hypernetwork_no_enrichment,2,citrobacter_koseri,Citrobacter koseri,10,Ertapenem,0,0,0,,,
2,implicit_species_hypernetwork_no_enrichment,2,citrobacter_koseri,Citrobacter koseri,11,Erythromycin,0,0,0,,,
2,implicit_species_hypernetwork_no_enrichment,2,citrobacter_koseri,Citrobacter koseri,12,Fosfomycin,134,133,1,0.12406015037593987,0.2744360902255639,0.15037593984962405
2,implicit_species_hypernetwork_no_enrichment,2,citrobacter_koseri,Citrobacter koseri,13,Fusidic acid,0,0,0,,,
2,implicit_species_hypernetwork_no_enrichment,2,citrobacter_koseri,Citrobacter koseri,14,Gentamicin,438,165,273,0.44939504939504943,0.8262182262182262,0.37682317682317673
2,implicit_species_hypernetwork_no_enrichment,2,citrobacter_koseri,Citrobacter koseri,15,Imipenem,446,444,2,0.40033783783783783,0.26463963963963966,-0.13569819819819817
2,implicit_species_hypernetwork_no_enrichment,2,citrobacter_koseri,Citrobacter koseri,16,Levofloxacin,0,0,0,,,
2,implicit_species_hypernetwork_no_enrichment,2,citrobacter_koseri,Citrobacter koseri,17,Linezolid,0,0,0,,,
2,implicit_species_hypernetwork_no_enrichment,2,citrobacter_koseri,Citrobacter koseri,18,Meropenem,446,445,1,0.5247191011235954,0.25617977528089886,-0.2685393258426966
2,implicit_species_hypernetwork_no_enrichment,2,citrobacter_koseri,Citrobacter koseri,19,Moxifloxacin,274,253,21,0.5321852060982495,0.5705815923207227,0.03839638622247321
2,implicit_species_hypernetwork_no_enrichment,2,citrobacter_koseri,Citrobacter koseri,20,Mupirocin,0,0,0,,,
2,implicit_species_hypernetwork_no_enrichment,2,citrobacter_koseri,Citrobacter koseri,21,Nitrofurantoin,0,0,0,,,
2,implicit_species_hypernetwork_no_enrichment,2,citrobacter_koseri,Citrobacter koseri,22,Oxacillin,0,0,0,,,
2,implicit_species_hypernetwork_no_enrichment,2,citrobacter_koseri,Citrobacter koseri,23,Piperacillin-Tazobactam,446,400,46,0.5824728260869565,0.6867391304347826,0.10426630434782613
2,implicit_species_hypernetwork_no_enrichment,2,citrobacter_koseri,Citrobacter koseri,24,Rifampicin,0,0,0,,,
2,implicit_species_hypernetwork_no_enrichment,2,citrobacter_koseri,Citrobacter koseri,25,Teicoplanin,0,0,0,,,
2,implicit_species_hypernetwork_no_enrichment,2,citrobacter_koseri,Citrobacter koseri,26,Tetracycline,0,0,0,,,
2,implicit_species_hypernetwork_no_enrichment,2,citrobacter_koseri,Citrobacter koseri,27,Tigecycline,0,0,0,,,
2,implicit_species_hypernetwork_no_enrichment,2,citrobacter_koseri,Citrobacter koseri,28,Tobramycin,0,0,0,,,
2,implicit_species_hypernetwork_no_enrichment,2,citrobacter_koseri,Citrobacter koseri,29,Vancomycin,0,0,0,,,
2,implicit_species_hypernetwork_no_enrichment,3,enterobacter_cloacae_complex,Enterobacter cloacae complex,0,Amikacin,1,0,1,,,
2,implicit_species_hypernetwork_no_enrichment,3,enterobacter_cloacae_complex,Enterobacter cloacae complex,1,Ampicillin,1541,11,1530,0.5,0.45980392156862737,-0.04019607843137263
2,implicit_species_hypernetwork_no_enrichment,3,enterobacter_cloacae_complex,Enterobacter cloacae complex,2,Azithromycin,0,0,0,,,
2,implicit_species_hypernetwork_no_enrichment,3,enterobacter_cloacae_complex,Enterobacter cloacae complex,3,Ceftazidime,1543,940,603,0.5383366853674888,0.7562206697011398,0.21788398433365097
2,implicit_species_hypernetwork_no_enrichment,3,enterobacter_cloacae_complex,Enterobacter cloacae complex,4,Ceftolozane-Tazobactam,1,1,0,,,
2,implicit_species_hypernetwork_no_enrichment,3,enterobacter_cloacae_complex,Enterobacter cloacae complex,5,Ceftriaxone,1156,705,451,0.5330282587158561,0.7877624192102657,0.25473416049440956
2,implicit_species_hypernetwork_no_enrichment,3,enterobacter_cloacae_complex,Enterobacter cloacae complex,6,Ciprofloxacin,1543,1478,65,0.4738107629853232,0.6007494535234725,0.12693869053814932
2,implicit_species_hypernetwork_no_enrichment,3,enterobacter_cloacae_complex,Enterobacter cloacae complex,7,Clarithromycin,0,0,0,,,
2,implicit_species_hypernetwork_no_enrichment,3,enterobacter_cloacae_complex,Enterobacter cloacae complex,8,Clindamycin,0,0,0,,,
2,implicit_species_hypernetwork_no_enrichment,3,enterobacter_cloacae_complex,Enterobacter cloacae complex,9,Cotrimoxazole,1543,1470,73,0.5275882955922093,0.5999860218059827,0.07239772621377338
2,implicit_species_hypernetwork_no_enrichment,3,enterobacter_cloacae_complex,Enterobacter cloacae complex,10,Ertapenem,3,2,1,1.0,1.0,0.0
2,implicit_species_hypernetwork_no_enrichment,3,enterobacter_cloacae_complex,Enterobacter cloacae complex,11,Erythromycin,0,0,0,,,
2,implicit_species_hypernetwork_no_enrichment,3,enterobacter_cloacae_complex,Enterobacter cloacae complex,12,Fosfomycin,272,122,150,0.47049180327868856,0.5330054644808743,0.06251366120218571
2,implicit_species_hypernetwork_no_enrichment,3,enterobacter_cloacae_complex,Enterobacter cloacae complex,13,Fusidic acid,0,0,0,,,
2,implicit_species_hypernetwork_no_enrichment,3,enterobacter_cloacae_complex,Enterobacter cloacae complex,14,Gentamicin,1538,603,935,0.4785386791532533,0.7096593680439158,0.2311206888906625
2,implicit_species_hypernetwork_no_enrichment,3,enterobacter_cloacae_complex,Enterobacter cloacae complex,15,Imipenem,1542,1509,33,0.48363355222202137,0.6637146816073258,0.18008112938530446
2,implicit_species_hypernetwork_no_enrichment,3,enterobacter_cloacae_complex,Enterobacter cloacae complex,16,Levofloxacin,0,0,0,,,
2,implicit_species_hypernetwork_no_enrichment,3,enterobacter_cloacae_complex,Enterobacter cloacae complex,17,Linezolid,0,0,0,,,
2,implicit_species_hypernetwork_no_enrichment,3,enterobacter_cloacae_complex,Enterobacter cloacae complex,18,Meropenem,1543,1527,16,0.47204485920104783,0.7400130975769482,0.2679682383759004
2,implicit_species_hypernetwork_no_enrichment,3,enterobacter_cloacae_complex,Enterobacter cloacae complex,19,Moxifloxacin,1223,1090,133,0.47456715182451537,0.6033593157204938,0.12879216389597847
2,implicit_species_hypernetwork_no_enrichment,3,enterobacter_cloacae_complex,Enterobacter cloacae complex,20,Mupirocin,0,0,0,,,
2,implicit_species_hypernetwork_no_enrichment,3,enterobacter_cloacae_complex,Enterobacter cloacae complex,21,Nitrofurantoin,0,0,0,,,
2,implicit_species_hypernetwork_no_enrichment,3,enterobacter_cloacae_complex,Enterobacter cloacae complex,22,Oxacillin,0,0,0,,,
2,implicit_species_hypernetwork_no_enrichment,3,enterobacter_cloacae_complex,Enterobacter cloacae complex,23,Piperacillin-Tazobactam,1544,933,611,0.5342479690841188,0.751197674642978,0.21694970555885928
2,implicit_species_hypernetwork_no_enrichment,3,enterobacter_cloacae_complex,Enterobacter cloacae complex,24,Rifampicin,0,0,0,,,
2,implicit_species_hypernetwork_no_enrichment,3,enterobacter_cloacae_complex,Enterobacter cloacae complex,25,Teicoplanin,0,0,0,,,
2,implicit_species_hypernetwork_no_enrichment,3,enterobacter_cloacae_complex,Enterobacter cloacae complex,26,Tetracycline,0,0,0,,,
2,implicit_species_hypernetwork_no_enrichment,3,enterobacter_cloacae_complex,Enterobacter cloacae complex,27,Tigecycline,0,0,0,,,
2,implicit_species_hypernetwork_no_enrichment,3,enterobacter_cloacae_complex,Enterobacter cloacae complex,28,Tobramycin,1,0,1,,,
2,implicit_species_hypernetwork_no_enrichment,3,enterobacter_cloacae_complex,Enterobacter cloacae complex,29,Vancomycin,0,0,0,,,
2,implicit_species_hypernetwork_no_enrichment,4,enterococcus_faecalis,Enterococcus faecalis,0,Amikacin,0,0,0,,,
2,implicit_species_hypernetwork_no_enrichment,4,enterococcus_faecalis,Enterococcus faecalis,1,Ampicillin,4189,4180,9,0.4186071238702817,0.591267942583732,0.17266081871345035
2,implicit_species_hypernetwork_no_enrichment,4,enterococcus_faecalis,Enterococcus faecalis,2,Azithromycin,0,0,0,,,
2,implicit_species_hypernetwork_no_enrichment,4,enterococcus_faecalis,Enterococcus faecalis,3,Ceftazidime,72,0,72,,,
2,implicit_species_hypernetwork_no_enrichment,4,enterococcus_faecalis,Enterococcus faecalis,4,Ceftolozane-Tazobactam,0,0,0,,,
2,implicit_species_hypernetwork_no_enrichment,4,enterococcus_faecalis,Enterococcus faecalis,5,Ceftriaxone,0,0,0,,,
2,implicit_species_hypernetwork_no_enrichment,4,enterococcus_faecalis,Enterococcus faecalis,6,Ciprofloxacin,0,0,0,,,
2,implicit_species_hypernetwork_no_enrichment,4,enterococcus_faecalis,Enterococcus faecalis,7,Clarithromycin,0,0,0,,,
2,implicit_species_hypernetwork_no_enrichment,4,enterococcus_faecalis,Enterococcus faecalis,8,Clindamycin,4147,0,4147,,,
2,implicit_species_hypernetwork_no_enrichment,4,enterococcus_faecalis,Enterococcus faecalis,9,Cotrimoxazole,0,0,0,,,
2,implicit_species_hypernetwork_no_enrichment,4,enterococcus_faecalis,Enterococcus faecalis,10,Ertapenem,0,0,0,,,
2,implicit_species_hypernetwork_no_enrichment,4,enterococcus_faecalis,Enterococcus faecalis,11,Erythromycin,4103,0,4103,,,
2,implicit_species_hypernetwork_no_enrichment,4,enterococcus_faecalis,Enterococcus faecalis,12,Fosfomycin,0,0,0,,,
2,implicit_species_hypernetwork_no_enrichment,4,enterococcus_faecalis,Enterococcus faecalis,13,Fusidic acid,0,0,0,,,
2,implicit_species_hypernetwork_no_enrichment,4,enterococcus_faecalis,Enterococcus faecalis,14,Gentamicin,0,0,0,,,
2,implicit_species_hypernetwork_no_enrichment,4,enterococcus_faecalis,Enterococcus faecalis,15,Imipenem,4188,2570,1618,0.5520381120949628,0.9565859277678644,0.40454781567290166
2,implicit_species_hypernetwork_no_enrichment,4,enterococcus_faecalis,Enterococcus faecalis,16,Levofloxacin,0,0,0,,,
2,implicit_species_hypernetwork_no_enrichment,4,enterococcus_faecalis,Enterococcus faecalis,17,Linezolid,4124,4116,8,0.7529154518950437,0.6020863702623906,-0.15082908163265307
2,implicit_species_hypernetwork_no_enrichment,4,enterococcus_faecalis,Enterococcus faecalis,18,Meropenem,71,0,71,,,
2,implicit_species_hypernetwork_no_enrichment,4,enterococcus_faecalis,Enterococcus faecalis,19,Moxifloxacin,1,1,0,,,
2,implicit_species_hypernetwork_no_enrichment,4,enterococcus_faecalis,Enterococcus faecalis,20,Mupirocin,0,0,0,,,
2,implicit_species_hypernetwork_no_enrichment,4,enterococcus_faecalis,Enterococcus faecalis,21,Nitrofurantoin,1912,1898,14,0.564729790757188,0.5826998344121632,0.017970043654975232
2,implicit_species_hypernetwork_no_enrichment,4,enterococcus_faecalis,Enterococcus faecalis,22,Oxacillin,0,0,0,,,
2,implicit_species_hypernetwork_no_enrichment,4,enterococcus_faecalis,Enterococcus faecalis,23,Piperacillin-Tazobactam,68,68,0,,,
2,implicit_species_hypernetwork_no_enrichment,4,enterococcus_faecalis,Enterococcus faecalis,24,Rifampicin,0,0,0,,,
2,implicit_species_hypernetwork_no_enrichment,4,enterococcus_faecalis,Enterococcus faecalis,25,Teicoplanin,3,3,0,,,
2,implicit_species_hypernetwork_no_enrichment,4,enterococcus_faecalis,Enterococcus faecalis,26,Tetracycline,0,0,0,,,
2,implicit_species_hypernetwork_no_enrichment,4,enterococcus_faecalis,Enterococcus faecalis,27,Tigecycline,4132,4132,0,,,
2,implicit_species_hypernetwork_no_enrichment,4,enterococcus_faecalis,Enterococcus faecalis,28,Tobramycin,0,0,0,,,
2,implicit_species_hypernetwork_no_enrichment,4,enterococcus_faecalis,Enterococcus faecalis,29,Vancomycin,4187,4183,4,0.3143975615586899,0.450364570882142,0.13596700932345207
2,implicit_species_hypernetwork_no_enrichment,5,enterococcus_faecium,Enterococcus faecium,0,Amikacin,0,0,0,,,
2,implicit_species_hypernetwork_no_enrichment,5,enterococcus_faecium,Enterococcus faecium,1,Ampicillin,2466,160,2306,0.5881667389418908,0.8497059301821336,0.26153919124024283
2,implicit_species_hypernetwork_no_enrichment,5,enterococcus_faecium,Enterococcus faecium,2,Azithromycin,0,0,0,,,
2,implicit_species_hypernetwork_no_enrichment,5,enterococcus_faecium,Enterococcus faecium,3,Ceftazidime,21,0,21,,,
2,implicit_species_hypernetwork_no_enrichment,5,enterococcus_faecium,Enterococcus faecium,4,Ceftolozane-Tazobactam,0,0,0,,,
2,implicit_species_hypernetwork_no_enrichment,5,enterococcus_faecium,Enterococcus faecium,5,Ceftriaxone,0,0,0,,,
2,implicit_species_hypernetwork_no_enrichment,5,enterococcus_faecium,Enterococcus faecium,6,Ciprofloxacin,0,0,0,,,
2,implicit_species_hypernetwork_no_enrichment,5,enterococcus_faecium,Enterococcus faecium,7,Clarithromycin,0,0,0,,,
2,implicit_species_hypernetwork_no_enrichment,5,enterococcus_faecium,Enterococcus faecium,8,Clindamycin,2450,0,2450,,,
2,implicit_species_hypernetwork_no_enrichment,5,enterococcus_faecium,Enterococcus faecium,9,Cotrimoxazole,0,0,0,,,
2,implicit_species_hypernetwork_no_enrichment,5,enterococcus_faecium,Enterococcus faecium,10,Ertapenem,0,0,0,,,
2,implicit_species_hypernetwork_no_enrichment,5,enterococcus_faecium,Enterococcus faecium,11,Erythromycin,2427,0,2427,,,
2,implicit_species_hypernetwork_no_enrichment,5,enterococcus_faecium,Enterococcus faecium,12,Fosfomycin,2,0,2,,,
2,implicit_species_hypernetwork_no_enrichment,5,enterococcus_faecium,Enterococcus faecium,13,Fusidic acid,0,0,0,,,
2,implicit_species_hypernetwork_no_enrichment,5,enterococcus_faecium,Enterococcus faecium,14,Gentamicin,0,0,0,,,
2,implicit_species_hypernetwork_no_enrichment,5,enterococcus_faecium,Enterococcus faecium,15,Imipenem,2466,83,2383,0.5634008969153997,0.8797910905055387,0.316390193590139
2,implicit_species_hypernetwork_no_enrichment,5,enterococcus_faecium,Enterococcus faecium,16,Levofloxacin,0,0,0,,,
2,implicit_species_hypernetwork_no_enrichment,5,enterococcus_faecium,Enterococcus faecium,17,Linezolid,2446,2367,79,0.4977004486798971,0.6400747621568722,0.1423743134769751
2,implicit_species_hypernetwork_no_enrichment,5,enterococcus_faecium,Enterococcus faecium,18,Meropenem,21,0,21,,,
2,implicit_species_hypernetwork_no_enrichment,5,enterococcus_faecium,Enterococcus faecium,19,Moxifloxacin,1,0,1,,,
2,implicit_species_hypernetwork_no_enrichment,5,enterococcus_faecium,Enterococcus faecium,20,Mupirocin,0,0,0,,,
2,implicit_species_hypernetwork_no_enrichment,5,enterococcus_faecium,Enterococcus faecium,21,Nitrofurantoin,0,0,0,,,
2,implicit_species_hypernetwork_no_enrichment,5,enterococcus_faecium,Enterococcus faecium,22,Oxacillin,0,0,0,,,
2,implicit_species_hypernetwork_no_enrichment,5,enterococcus_faecium,Enterococcus faecium,23,Piperacillin-Tazobactam,22,2,20,0.625,0.6,-0.025000000000000022
2,implicit_species_hypernetwork_no_enrichment,5,enterococcus_faecium,Enterococcus faecium,24,Rifampicin,0,0,0,,,
2,implicit_species_hypernetwork_no_enrichment,5,enterococcus_faecium,Enterococcus faecium,25,Teicoplanin,127,83,44,0.49904162102957283,0.29942497261774376,-0.19961664841182908
2,implicit_species_hypernetwork_no_enrichment,5,enterococcus_faecium,Enterococcus faecium,26,Tetracycline,0,0,0,,,
2,implicit_species_hypernetwork_no_enrichment,5,enterococcus_faecium,Enterococcus faecium,27,Tigecycline,2436,2436,0,,,
2,implicit_species_hypernetwork_no_enrichment,5,enterococcus_faecium,Enterococcus faecium,28,Tobramycin,0,0,0,,,
2,implicit_species_hypernetwork_no_enrichment,5,enterococcus_faecium,Enterococcus faecium,29,Vancomycin,2469,1351,1118,0.5146297250165186,0.8311209214932556,0.31649119647673696
2,implicit_species_hypernetwork_no_enrichment,6,escherichia_coli,Escherichia coli,0,Amikacin,3,3,0,,,
2,implicit_species_hypernetwork_no_enrichment,6,escherichia_coli,Escherichia coli,1,Ampicillin,9495,4397,5098,0.5254841807420142,0.6568157673394954,0.13133158659748123
2,implicit_species_hypernetwork_no_enrichment,6,escherichia_coli,Escherichia coli,2,Azithromycin,0,0,0,,,
2,implicit_species_hypernetwork_no_enrichment,6,escherichia_coli,Escherichia coli,3,Ceftazidime,9498,7680,1818,0.547025907017785,0.7622962361340301,0.2152703291162451
2,implicit_species_hypernetwork_no_enrichment,6,escherichia_coli,Escherichia coli,4,Ceftolozane-Tazobactam,0,0,0,,,
2,implicit_species_hypernetwork_no_enrichment,6,escherichia_coli,Escherichia coli,5,Ceftriaxone,4159,3213,946,0.5422209522756719,0.8444234870363461,0.30220253476067416
2,implicit_species_hypernetwork_no_enrichment,6,escherichia_coli,Escherichia coli,6,Ciprofloxacin,9494,7399,2095,0.5486202257223046,0.7247195566968508,0.17609933097454622
2,implicit_species_hypernetwork_no_enrichment,6,escherichia_coli,Escherichia coli,7,Clarithromycin,0,0,0,,,
2,implicit_species_hypernetwork_no_enrichment,6,escherichia_coli,Escherichia coli,8,Clindamycin,1,1,0,,,
2,implicit_species_hypernetwork_no_enrichment,6,escherichia_coli,Escherichia coli,9,Cotrimoxazole,9492,6928,2564,0.5515731173415528,0.6361002448181068,0.084527127476554
2,implicit_species_hypernetwork_no_enrichment,6,escherichia_coli,Escherichia coli,10,Ertapenem,606,602,4,0.7595514950166113,0.1553156146179402,-0.6042358803986712
2,implicit_species_hypernetwork_no_enrichment,6,escherichia_coli,Escherichia coli,11,Erythromycin,1,1,0,,,
2,implicit_species_hypernetwork_no_enrichment,6,escherichia_coli,Escherichia coli,12,Fosfomycin,2812,2768,44,0.5914920520231214,0.6209151668418287,0.029423114818707297
2,implicit_species_hypernetwork_no_enrichment,6,escherichia_coli,Escherichia coli,13,Fusidic acid,0,0,0,,,
2,implicit_species_hypernetwork_no_enrichment,6,escherichia_coli,Escherichia coli,14,Gentamicin,9345,3124,6221,0.4999615115544577,0.8803876362763685,0.3804261247219108
2,implicit_species_hypernetwork_no_enrichment,6,escherichia_coli,Escherichia coli,15,Imipenem,9495,9472,23,0.45671682212103404,0.69513348266745,0.23841666054641597
2,implicit_species_hypernetwork_no_enrichment,6,escherichia_coli,Escherichia coli,16,Levofloxacin,1,1,0,,,
2,implicit_species_hypernetwork_no_enrichment,6,escherichia_coli,Escherichia coli,17,Linezolid,1,1,0,,,
2,implicit_species_hypernetwork_no_enrichment,6,escherichia_coli,Escherichia coli,18,Meropenem,9498,9478,20,0.46710276429626496,0.6679890272209328,0.20088626292466782
2,implicit_species_hypernetwork_no_enrichment,6,escherichia_coli,Escherichia coli,19,Moxifloxacin,4319,2854,1465,0.5348058290740975,0.7277081923221346,0.1929023632480371
2,implicit_species_hypernetwork_no_enrichment,6,escherichia_coli,Escherichia coli,20,Mupirocin,0,0,0,,,
2,implicit_species_hypernetwork_no_enrichment,6,escherichia_coli,Escherichia coli,21,Nitrofurantoin,5172,5084,88,0.5267740594378084,0.618889027966526,0.09211496852871759
2,implicit_species_hypernetwork_no_enrichment,6,escherichia_coli,Escherichia coli,22,Oxacillin,1,1,0,,,
2,implicit_species_hypernetwork_no_enrichment,6,escherichia_coli,Escherichia coli,23,Piperacillin-Tazobactam,9436,7278,2158,0.5381004008423828,0.7312862331436214,0.19318583230123865
2,implicit_species_hypernetwork_no_enrichment,6,escherichia_coli,Escherichia coli,24,Rifampicin,1,1,0,,,
2,implicit_species_hypernetwork_no_enrichment,6,escherichia_coli,Escherichia coli,25,Teicoplanin,0,0,0,,,
2,implicit_species_hypernetwork_no_enrichment,6,escherichia_coli,Escherichia coli,26,Tetracycline,1,0,1,,,
2,implicit_species_hypernetwork_no_enrichment,6,escherichia_coli,Escherichia coli,27,Tigecycline,4,4,0,,,
2,implicit_species_hypernetwork_no_enrichment,6,escherichia_coli,Escherichia coli,28,Tobramycin,3,3,0,,,
2,implicit_species_hypernetwork_no_enrichment,6,escherichia_coli,Escherichia coli,29,Vancomycin,1,1,0,,,
2,implicit_species_hypernetwork_no_enrichment,7,haemophilus_influenzae,Haemophilus influenzae,0,Amikacin,0,0,0,,,
2,implicit_species_hypernetwork_no_enrichment,7,haemophilus_influenzae,Haemophilus influenzae,1,Ampicillin,180,134,46,0.45181700194678787,0.4332414016872161,-0.01857560025957178
2,implicit_species_hypernetwork_no_enrichment,7,haemophilus_influenzae,Haemophilus influenzae,2,Azithromycin,0,0,0,,,
2,implicit_species_hypernetwork_no_enrichment,7,haemophilus_influenzae,Haemophilus influenzae,3,Ceftazidime,0,0,0,,,
2,implicit_species_hypernetwork_no_enrichment,7,haemophilus_influenzae,Haemophilus influenzae,4,Ceftolozane-Tazobactam,0,0,0,,,
2,implicit_species_hypernetwork_no_enrichment,7,haemophilus_influenzae,Haemophilus influenzae,5,Ceftriaxone,2,2,0,,,
2,implicit_species_hypernetwork_no_enrichment,7,haemophilus_influenzae,Haemophilus influenzae,6,Ciprofloxacin,180,176,4,0.2705965909090909,0.37784090909090906,0.10724431818181818
2,implicit_species_hypernetwork_no_enrichment,7,haemophilus_influenzae,Haemophilus influenzae,7,Clarithromycin,0,0,0,,,
2,implicit_species_hypernetwork_no_enrichment,7,haemophilus_influenzae,Haemophilus influenzae,8,Clindamycin,0,0,0,,,
2,implicit_species_hypernetwork_no_enrichment,7,haemophilus_influenzae,Haemophilus influenzae,9,Cotrimoxazole,177,145,32,0.4941810344827586,0.3855603448275863,-0.1086206896551723
2,implicit_species_hypernetwork_no_enrichment,7,haemophilus_influenzae,Haemophilus influenzae,10,Ertapenem,0,0,0,,,
2,implicit_species_hypernetwork_no_enrichment,7,haemophilus_influenzae,Haemophilus influenzae,11,Erythromycin,0,0,0,,,
2,implicit_species_hypernetwork_no_enrichment,7,haemophilus_influenzae,Haemophilus influenzae,12,Fosfomycin,0,0,0,,,
2,implicit_species_hypernetwork_no_enrichment,7,haemophilus_influenzae,Haemophilus influenzae,13,Fusidic acid,0,0,0,,,
2,implicit_species_hypernetwork_no_enrichment,7,haemophilus_influenzae,Haemophilus influenzae,14,Gentamicin,0,0,0,,,
2,implicit_species_hypernetwork_no_enrichment,7,haemophilus_influenzae,Haemophilus influenzae,15,Imipenem,0,0,0,,,
2,implicit_species_hypernetwork_no_enrichment,7,haemophilus_influenzae,Haemophilus influenzae,16,Levofloxacin,178,175,3,0.2857142857142857,0.5142857142857142,0.22857142857142854
2,implicit_species_hypernetwork_no_enrichment,7,haemophilus_influenzae,Haemophilus influenzae,17,Linezolid,0,0,0,,,
2,implicit_species_hypernetwork_no_enrichment,7,haemophilus_influenzae,Haemophilus influenzae,18,Meropenem,0,0,0,,,
2,implicit_species_hypernetwork_no_enrichment,7,haemophilus_influenzae,Haemophilus influenzae,19,Moxifloxacin,179,176,3,0.3494318181818182,0.5037878787878788,0.1543560606060606
2,implicit_species_hypernetwork_no_enrichment,7,haemophilus_influenzae,Haemophilus influenzae,20,Mupirocin,0,0,0,,,
2,implicit_species_hypernetwork_no_enrichment,7,haemophilus_influenzae,Haemophilus influenzae,21,Nitrofurantoin,0,0,0,,,
2,implicit_species_hypernetwork_no_enrichment,7,haemophilus_influenzae,Haemophilus influenzae,22,Oxacillin,0,0,0,,,
2,implicit_species_hypernetwork_no_enrichment,7,haemophilus_influenzae,Haemophilus influenzae,23,Piperacillin-Tazobactam,0,0,0,,,
2,implicit_species_hypernetwork_no_enrichment,7,haemophilus_influenzae,Haemophilus influenzae,24,Rifampicin,0,0,0,,,
2,implicit_species_hypernetwork_no_enrichment,7,haemophilus_influenzae,Haemophilus influenzae,25,Teicoplanin,0,0,0,,,
2,implicit_species_hypernetwork_no_enrichment,7,haemophilus_influenzae,Haemophilus influenzae,26,Tetracycline,0,0,0,,,
2,implicit_species_hypernetwork_no_enrichment,7,haemophilus_influenzae,Haemophilus influenzae,27,Tigecycline,0,0,0,,,
2,implicit_species_hypernetwork_no_enrichment,7,haemophilus_influenzae,Haemophilus influenzae,28,Tobramycin,0,0,0,,,
2,implicit_species_hypernetwork_no_enrichment,7,haemophilus_influenzae,Haemophilus influenzae,29,Vancomycin,0,0,0,,,
2,implicit_species_hypernetwork_no_enrichment,8,klebsiella_oxytoca,Klebsiella oxytoca,0,Amikacin,1,1,0,,,
2,implicit_species_hypernetwork_no_enrichment,8,klebsiella_oxytoca,Klebsiella oxytoca,1,Ampicillin,1273,4,1269,0.5,0.4054373522458629,-0.09456264775413709
2,implicit_species_hypernetwork_no_enrichment,8,klebsiella_oxytoca,Klebsiella oxytoca,2,Azithromycin,0,0,0,,,
2,implicit_species_hypernetwork_no_enrichment,8,klebsiella_oxytoca,Klebsiella oxytoca,3,Ceftazidime,1274,1238,36,0.5306161371387542,0.6764270328486807,0.14581089570992645
2,implicit_species_hypernetwork_no_enrichment,8,klebsiella_oxytoca,Klebsiella oxytoca,4,Ceftolozane-Tazobactam,0,0,0,,,
2,implicit_species_hypernetwork_no_enrichment,8,klebsiella_oxytoca,Klebsiella oxytoca,5,Ceftriaxone,919,886,33,0.5048053902455708,0.8214652164990767,0.31665982625350586
2,implicit_species_hypernetwork_no_enrichment,8,klebsiella_oxytoca,Klebsiella oxytoca,6,Ciprofloxacin,1274,1239,35,0.5620661824051654,0.6316960682578117,0.06962988585264629
2,implicit_species_hypernetwork_no_enrichment,8,klebsiella_oxytoca,Klebsiella oxytoca,7,Clarithromycin,0,0,0,,,
2,implicit_species_hypernetwork_no_enrichment,8,klebsiella_oxytoca,Klebsiella oxytoca,8,Clindamycin,0,0,0,,,
2,implicit_species_hypernetwork_no_enrichment,8,klebsiella_oxytoca,Klebsiella oxytoca,9,Cotrimoxazole,1274,1248,26,0.48451368343195267,0.5565212031558185,0.07200751972386588
2,implicit_species_hypernetwork_no_enrichment,8,klebsiella_oxytoca,Klebsiella oxytoca,10,Ertapenem,11,11,0,,,
2,implicit_species_hypernetwork_no_enrichment,8,klebsiella_oxytoca,Klebsiella oxytoca,11,Erythromycin,0,0,0,,,
2,implicit_species_hypernetwork_no_enrichment,8,klebsiella_oxytoca,Klebsiella oxytoca,12,Fosfomycin,254,188,66,0.5152724049000644,0.5057624113475178,-0.00950999355254667
2,implicit_species_hypernetwork_no_enrichment,8,klebsiella_oxytoca,Klebsiella oxytoca,13,Fusidic acid,0,0,0,,,
2,implicit_species_hypernetwork_no_enrichment,8,klebsiella_oxytoca,Klebsiella oxytoca,14,Gentamicin,1260,455,805,0.5436761995768207,0.8385120469592521,0.2948358473824314
2,implicit_species_hypernetwork_no_enrichment,8,klebsiella_oxytoca,Klebsiella oxytoca,15,Imipenem,1273,1272,1,0.00825471698113206,0.22562893081761004,0.21737421383647798
2,implicit_species_hypernetwork_no_enrichment,8,klebsiella_oxytoca,Klebsiella oxytoca,16,Levofloxacin,0,0,0,,,
2,implicit_species_hypernetwork_no_enrichment,8,klebsiella_oxytoca,Klebsiella oxytoca,17,Linezolid,0,0,0,,,
2,implicit_species_hypernetwork_no_enrichment,8,klebsiella_oxytoca,Klebsiella oxytoca,18,Meropenem,1272,1271,1,0.35051140833988986,0.8630999213217938,0.5125885129819039
2,implicit_species_hypernetwork_no_enrichment,8,klebsiella_oxytoca,Klebsiella oxytoca,19,Moxifloxacin,950,860,90,0.48653746770025846,0.6596059431524548,0.17306847545219634
2,implicit_species_hypernetwork_no_enrichment,8,klebsiella_oxytoca,Klebsiella oxytoca,20,Mupirocin,0,0,0,,,
2,implicit_species_hypernetwork_no_enrichment,8,klebsiella_oxytoca,Klebsiella oxytoca,21,Nitrofurantoin,0,0,0,,,
2,implicit_species_hypernetwork_no_enrichment,8,klebsiella_oxytoca,Klebsiella oxytoca,22,Oxacillin,0,0,0,,,
2,implicit_species_hypernetwork_no_enrichment,8,klebsiella_oxytoca,Klebsiella oxytoca,23,Piperacillin-Tazobactam,1274,968,306,0.48464930049154653,0.6734372467995463,0.18878794630799978
2,implicit_species_hypernetwork_no_enrichment,8,klebsiella_oxytoca,Klebsiella oxytoca,24,Rifampicin,0,0,0,,,
2,implicit_species_hypernetwork_no_enrichment,8,klebsiella_oxytoca,Klebsiella oxytoca,25,Teicoplanin,0,0,0,,,
2,implicit_species_hypernetwork_no_enrichment,8,klebsiella_oxytoca,Klebsiella oxytoca,26,Tetracycline,0,0,0,,,
2,implicit_species_hypernetwork_no_enrichment,8,klebsiella_oxytoca,Klebsiella oxytoca,27,Tigecycline,0,0,0,,,
2,implicit_species_hypernetwork_no_enrichment,8,klebsiella_oxytoca,Klebsiella oxytoca,28,Tobramycin,1,1,0,,,
2,implicit_species_hypernetwork_no_enrichment,8,klebsiella_oxytoca,Klebsiella oxytoca,29,Vancomycin,0,0,0,,,
2,implicit_species_hypernetwork_no_enrichment,9,klebsiella_pneumoniae,Klebsiella pneumoniae,0,Amikacin,0,0,0,,,
2,implicit_species_hypernetwork_no_enrichment,9,klebsiella_pneumoniae,Klebsiella pneumoniae,1,Ampicillin,3241,6,3235,0.5,0.79258114374034,0.29258114374034006
2,implicit_species_hypernetwork_no_enrichment,9,klebsiella_pneumoniae,Klebsiella pneumoniae,2,Azithromycin,0,0,0,,,
2,implicit_species_hypernetwork_no_enrichment,9,klebsiella_pneumoniae,Klebsiella pneumoniae,3,Ceftazidime,3240,2449,791,0.6119951950252922,0.8296056234929606,0.21761042846766843
2,implicit_species_hypernetwork_no_enrichment,9,klebsiella_pneumoniae,Klebsiella pneumoniae,4,Ceftolozane-Tazobactam,3,0,3,,,
2,implicit_species_hypernetwork_no_enrichment,9,klebsiella_pneumoniae,Klebsiella pneumoniae,5,Ceftriaxone,2118,1556,562,0.6502209333174761,0.8813735602740855,0.23115262695660943
2,implicit_species_hypernetwork_no_enrichment,9,klebsiella_pneumoniae,Klebsiella pneumoniae,6,Ciprofloxacin,3239,2637,602,0.6630918049681443,0.7933915768069273,0.13029977183878294
2,implicit_species_hypernetwork_no_enrichment,9,klebsiella_pneumoniae,Klebsiella pneumoniae,7,Clarithromycin,0,0,0,,,
2,implicit_species_hypernetwork_no_enrichment,9,klebsiella_pneumoniae,Klebsiella pneumoniae,8,Clindamycin,0,0,0,,,
2,implicit_species_hypernetwork_no_enrichment,9,klebsiella_pneumoniae,Klebsiella pneumoniae,9,Cotrimoxazole,3237,2648,589,0.6435199195728333,0.7890402597469213,0.145520340174088
2,implicit_species_hypernetwork_no_enrichment,9,klebsiella_pneumoniae,Klebsiella pneumoniae,10,Ertapenem,203,183,20,0.8155737704918032,0.8413934426229508,0.025819672131147553
2,implicit_species_hypernetwork_no_enrichment,9,klebsiella_pneumoniae,Klebsiella pneumoniae,11,Erythromycin,0,0,0,,,
2,implicit_species_hypernetwork_no_enrichment,9,klebsiella_pneumoniae,Klebsiella pneumoniae,12,Fosfomycin,867,615,252,0.4928700477480965,0.5332429990966576,0.040372951348561115
2,implicit_species_hypernetwork_no_enrichment,9,klebsiella_pneumoniae,Klebsiella pneumoniae,13,Fusidic acid,0,0,0,,,
2,implicit_species_hypernetwork_no_enrichment,9,klebsiella_pneumoniae,Klebsiella pneumoniae,14,Gentamicin,3206,1244,1962,0.5089446673287642,0.8375812462511185,0.3286365789223543
2,implicit_species_hypernetwork_no_enrichment,9,klebsiella_pneumoniae,Klebsiella pneumoniae,15,Imipenem,3237,2985,252,0.8003276966844807,0.9472853686421526,0.14695767195767195
2,implicit_species_hypernetwork_no_enrichment,9,klebsiella_pneumoniae,Klebsiella pneumoniae,16,Levofloxacin,0,0,0,,,
2,implicit_species_hypernetwork_no_enrichment,9,klebsiella_pneumoniae,Klebsiella pneumoniae,17,Linezolid,0,0,0,,,
2,implicit_species_hypernetwork_no_enrichment,9,klebsiella_pneumoniae,Klebsiella pneumoniae,18,Meropenem,3240,2988,252,0.7966615137799876,0.9501763668430334,0.1535148530630458
2,implicit_species_hypernetwork_no_enrichment,9,klebsiella_pneumoniae,Klebsiella pneumoniae,19,Moxifloxacin,2134,1489,645,0.6235739089238393,0.7814260650454756,0.15785215612163628
2,implicit_species_hypernetwork_no_enrichment,9,klebsiella_pneumoniae,Klebsiella pneumoniae,20,Mupirocin,0,0,0,,,
2,implicit_species_hypernetwork_no_enrichment,9,klebsiella_pneumoniae,Klebsiella pneumoniae,21,Nitrofurantoin,0,0,0,,,
2,implicit_species_hypernetwork_no_enrichment,9,klebsiella_pneumoniae,Klebsiella pneumoniae,22,Oxacillin,0,0,0,,,
2,implicit_species_hypernetwork_no_enrichment,9,klebsiella_pneumoniae,Klebsiella pneumoniae,23,Piperacillin-Tazobactam,3230,2145,1085,0.6026998807643968,0.7866496943916299,0.18394981362723306
2,implicit_species_hypernetwork_no_enrichment,9,klebsiella_pneumoniae,Klebsiella pneumoniae,24,Rifampicin,0,0,0,,,
2,implicit_species_hypernetwork_no_enrichment,9,klebsiella_pneumoniae,Klebsiella pneumoniae,25,Teicoplanin,0,0,0,,,
2,implicit_species_hypernetwork_no_enrichment,9,klebsiella_pneumoniae,Klebsiella pneumoniae,26,Tetracycline,0,0,0,,,
2,implicit_species_hypernetwork_no_enrichment,9,klebsiella_pneumoniae,Klebsiella pneumoniae,27,Tigecycline,0,0,0,,,
2,implicit_species_hypernetwork_no_enrichment,9,klebsiella_pneumoniae,Klebsiella pneumoniae,28,Tobramycin,0,0,0,,,
2,implicit_species_hypernetwork_no_enrichment,9,klebsiella_pneumoniae,Klebsiella pneumoniae,29,Vancomycin,0,0,0,,,
2,implicit_species_hypernetwork_no_enrichment,10,morganella_morganii,Morganella morganii,0,Amikacin,2,1,1,0.0,1.0,1.0
2,implicit_species_hypernetwork_no_enrichment,10,morganella_morganii,Morganella morganii,1,Ampicillin,420,0,420,,,
2,implicit_species_hypernetwork_no_enrichment,10,morganella_morganii,Morganella morganii,2,Azithromycin,0,0,0,,,
2,implicit_species_hypernetwork_no_enrichment,10,morganella_morganii,Morganella morganii,3,Ceftazidime,423,321,102,0.5266171889316474,0.5966037505344817,0.06998656160283423
2,implicit_species_hypernetwork_no_enrichment,10,morganella_morganii,Morganella morganii,4,Ceftolozane-Tazobactam,0,0,0,,,
2,implicit_species_hypernetwork_no_enrichment,10,morganella_morganii,Morganella morganii,5,Ceftriaxone,274,206,68,0.5977655625356939,0.6515205596801829,0.05375499714448895
2,implicit_species_hypernetwork_no_enrichment,10,morganella_morganii,Morganella morganii,6,Ciprofloxacin,423,380,43,0.546328029375765,0.508139534883721,-0.03818849449204398
2,implicit_species_hypernetwork_no_enrichment,10,morganella_morganii,Morganella morganii,7,Clarithromycin,0,0,0,,,
2,implicit_species_hypernetwork_no_enrichment,10,morganella_morganii,Morganella morganii,8,Clindamycin,0,0,0,,,
2,implicit_species_hypernetwork_no_enrichment,10,morganella_morganii,Morganella morganii,9,Cotrimoxazole,423,388,35,0.5649852724594993,0.507621502209131,-0.05736377025036821
2,implicit_species_hypernetwork_no_enrichment,10,morganella_morganii,Morganella morganii,10,Ertapenem,1,1,0,,,
2,implicit_species_hypernetwork_no_enrichment,10,morganella_morganii,Morganella morganii,11,Erythromycin,0,0,0,,,
2,implicit_species_hypernetwork_no_enrichment,10,morganella_morganii,Morganella morganii,12,Fosfomycin,117,0,117,,,
2,implicit_species_hypernetwork_no_enrichment,10,morganella_morganii,Morganella morganii,13,Fusidic acid,0,0,0,,,
2,implicit_species_hypernetwork_no_enrichment,10,morganella_morganii,Morganella morganii,14,Gentamicin,420,151,269,0.5106723454540978,0.6601344198527782,0.14946207439868042
2,implicit_species_hypernetwork_no_enrichment,10,morganella_morganii,Morganella morganii,15,Imipenem,412,2,410,0.9646341463414634,0.37865853658536586,-0.5859756097560975
2,implicit_species_hypernetwork_no_enrichment,10,morganella_morganii,Morganella morganii,16,Levofloxacin,0,0,0,,,
2,implicit_species_hypernetwork_no_enrichment,10,morganella_morganii,Morganella morganii,17,Linezolid,0,0,0,,,
2,implicit_species_hypernetwork_no_enrichment,10,morganella_morganii,Morganella morganii,18,Meropenem,422,419,3,0.4287987271280827,0.5986475735879078,0.16984884645982506
2,implicit_species_hypernetwork_no_enrichment,10,morganella_morganii,Morganella morganii,19,Moxifloxacin,279,209,70,0.5771701982228298,0.46435406698564596,-0.11281613123718381
2,implicit_species_hypernetwork_no_enrichment,10,morganella_morganii,Morganella morganii,20,Mupirocin,0,0,0,,,
2,implicit_species_hypernetwork_no_enrichment,10,morganella_morganii,Morganella morganii,21,Nitrofurantoin,4,0,4,,,
2,implicit_species_hypernetwork_no_enrichment,10,morganella_morganii,Morganella morganii,22,Oxacillin,0,0,0,,,
2,implicit_species_hypernetwork_no_enrichment,10,morganella_morganii,Morganella morganii,23,Piperacillin-Tazobactam,422,321,101,0.5257549119397923,0.6023102310231023,0.07655531908331004
2,implicit_species_hypernetwork_no_enrichment,10,morganella_morganii,Morganella morganii,24,Rifampicin,0,0,0,,,
2,implicit_species_hypernetwork_no_enrichment,10,morganella_morganii,Morganella morganii,25,Teicoplanin,0,0,0,,,
2,implicit_species_hypernetwork_no_enrichment,10,morganella_morganii,Morganella morganii,26,Tetracycline,0,0,0,,,
2,implicit_species_hypernetwork_no_enrichment,10,morganella_morganii,Morganella morganii,27,Tigecycline,0,0,0,,,
2,implicit_species_hypernetwork_no_enrichment,10,morganella_morganii,Morganella morganii,28,Tobramycin,3,0,3,,,
2,implicit_species_hypernetwork_no_enrichment,10,morganella_morganii,Morganella morganii,29,Vancomycin,0,0,0,,,
2,implicit_species_hypernetwork_no_enrichment,11,proteus_mirabilis,Proteus mirabilis,0,Amikacin,1,1,0,,,
2,implicit_species_hypernetwork_no_enrichment,11,proteus_mirabilis,Proteus mirabilis,1,Ampicillin,2011,1398,613,0.5099822164966498,0.5256623888239316,0.015680172327281805
2,implicit_species_hypernetwork_no_enrichment,11,proteus_mirabilis,Proteus mirabilis,2,Azithromycin,0,0,0,,,
2,implicit_species_hypernetwork_no_enrichment,11,proteus_mirabilis,Proteus mirabilis,3,Ceftazidime,2012,1990,22,0.5479785290086797,0.5966879853814527,0.04870945637277302
2,implicit_species_hypernetwork_no_enrichment,11,proteus_mirabilis,Proteus mirabilis,4,Ceftolozane-Tazobactam,0,0,0,,,
2,implicit_species_hypernetwork_no_enrichment,11,proteus_mirabilis,Proteus mirabilis,5,Ceftriaxone,1071,1066,5,0.46472795497185737,0.7191369606003752,0.25440900562851787
2,implicit_species_hypernetwork_no_enrichment,11,proteus_mirabilis,Proteus mirabilis,6,Ciprofloxacin,2012,1737,275,0.5487549065787408,0.5329575548228398,-0.015797351755901023
2,implicit_species_hypernetwork_no_enrichment,11,proteus_mirabilis,Proteus mirabilis,7,Clarithromycin,0,0,0,,,
2,implicit_species_hypernetwork_no_enrichment,11,proteus_mirabilis,Proteus mirabilis,8,Clindamycin,0,0,0,,,
2,implicit_species_hypernetwork_no_enrichment,11,proteus_mirabilis,Proteus mirabilis,9,Cotrimoxazole,2012,1333,679,0.48887645328121426,0.5186850836420446,0.029808630360830313
2,implicit_species_hypernetwork_no_enrichment,11,proteus_mirabilis,Proteus mirabilis,10,Ertapenem,6,6,0,,,
2,implicit_species_hypernetwork_no_enrichment,11,proteus_mirabilis,Proteus mirabilis,11,Erythromycin,0,0,0,,,
2,implicit_species_hypernetwork_no_enrichment,11,proteus_mirabilis,Proteus mirabilis,12,Fosfomycin,706,571,135,0.5134980865278589,0.4592073684893299,-0.05429071803852897
2,implicit_species_hypernetwork_no_enrichment,11,proteus_mirabilis,Proteus mirabilis,13,Fusidic acid,0,0,0,,,
2,implicit_species_hypernetwork_no_enrichment,11,proteus_mirabilis,Proteus mirabilis,14,Gentamicin,1994,694,1300,0.4773392817557083,0.8230458878297495,0.34570660607404124
2,implicit_species_hypernetwork_no_enrichment,11,proteus_mirabilis,Proteus mirabilis,15,Imipenem,1945,0,1945,,,
2,implicit_species_hypernetwork_no_enrichment,11,proteus_mirabilis,Proteus mirabilis,16,Levofloxacin,0,0,0,,,
2,implicit_species_hypernetwork_no_enrichment,11,proteus_mirabilis,Proteus mirabilis,17,Linezolid,0,0,0,,,
2,implicit_species_hypernetwork_no_enrichment,11,proteus_mirabilis,Proteus mirabilis,18,Meropenem,2010,2009,1,0.11747137879542058,0.8471876555500248,0.7297162767546043
2,implicit_species_hypernetwork_no_enrichment,11,proteus_mirabilis,Proteus mirabilis,19,Moxifloxacin,1116,456,660,0.5265882509303562,0.5924076289207868,0.06581937799043058
2,implicit_species_hypernetwork_no_enrichment,11,proteus_mirabilis,Proteus mirabilis,20,Mupirocin,0,0,0,,,
2,implicit_species_hypernetwork_no_enrichment,11,proteus_mirabilis,Proteus mirabilis,21,Nitrofurantoin,45,1,44,0.5,0.7840909090909091,0.28409090909090906
2,implicit_species_hypernetwork_no_enrichment,11,proteus_mirabilis,Proteus mirabilis,22,Oxacillin,0,0,0,,,
2,implicit_species_hypernetwork_no_enrichment,11,proteus_mirabilis,Proteus mirabilis,23,Piperacillin-Tazobactam,1996,1973,23,0.5523259657550849,0.5041098305383548,-0.04821613521673007
2,implicit_species_hypernetwork_no_enrichment,11,proteus_mirabilis,Proteus mirabilis,24,Rifampicin,0,0,0,,,
2,implicit_species_hypernetwork_no_enrichment,11,proteus_mirabilis,Proteus mirabilis,25,Teicoplanin,0,0,0,,,
2,implicit_species_hypernetwork_no_enrichment,11,proteus_mirabilis,Proteus mirabilis,26,Tetracycline,0,0,0,,,
2,implicit_species_hypernetwork_no_enrichment,11,proteus_mirabilis,Proteus mirabilis,27,Tigecycline,0,0,0,,,
2,implicit_species_hypernetwork_no_enrichment,11,proteus_mirabilis,Proteus mirabilis,28,Tobramycin,1,1,0,,,
2,implicit_species_hypernetwork_no_enrichment,11,proteus_mirabilis,Proteus mirabilis,29,Vancomycin,0,0,0,,,
2,implicit_species_hypernetwork_no_enrichment,12,proteus_vulgaris,Proteus vulgaris,0,Amikacin,0,0,0,,,
2,implicit_species_hypernetwork_no_enrichment,12,proteus_vulgaris,Proteus vulgaris,1,Ampicillin,380,5,375,0.496,0.5,0.0040000000000000036
2,implicit_species_hypernetwork_no_enrichment,12,proteus_vulgaris,Proteus vulgaris,2,Azithromycin,0,0,0,,,
2,implicit_species_hypernetwork_no_enrichment,12,proteus_vulgaris,Proteus vulgaris,3,Ceftazidime,379,366,13,0.43915510718789413,0.5507566204287515,0.11160151324085738
2,implicit_species_hypernetwork_no_enrichment,12,proteus_vulgaris,Proteus vulgaris,4,Ceftolozane-Tazobactam,0,0,0,,,
2,implicit_species_hypernetwork_no_enrichment,12,proteus_vulgaris,Proteus vulgaris,5,Ceftriaxone,272,271,1,0.3007380073800738,0.496309963099631,0.1955719557195572
2,implicit_species_hypernetwork_no_enrichment,12,proteus_vulgaris,Proteus vulgaris,6,Ciprofloxacin,380,376,4,0.680186170212766,0.5412234042553191,-0.13896276595744683
2,implicit_species_hypernetwork_no_enrichment,12,proteus_vulgaris,Proteus vulgaris,7,Clarithromycin,0,0,0,,,
2,implicit_species_hypernetwork_no_enrichment,12,proteus_vulgaris,Proteus vulgaris,8,Clindamycin,0,0,0,,,
2,implicit_species_hypernetwork_no_enrichment,12,proteus_vulgaris,Proteus vulgaris,9,Cotrimoxazole,378,332,46,0.46241487689889993,0.439857255107386,-0.022557621791513938
2,implicit_species_hypernetwork_no_enrichment,12,proteus_vulgaris,Proteus vulgaris,10,Ertapenem,4,4,0,,,
2,implicit_species_hypernetwork_no_enrichment,12,proteus_vulgaris,Proteus vulgaris,11,Erythromycin,0,0,0,,,
2,implicit_species_hypernetwork_no_enrichment,12,proteus_vulgaris,Proteus vulgaris,12,Fosfomycin,69,66,3,0.4393939393939394,0.6818181818181819,0.2424242424242425
2,implicit_species_hypernetwork_no_enrichment,12,proteus_vulgaris,Proteus vulgaris,13,Fusidic acid,0,0,0,,,
2,implicit_species_hypernetwork_no_enrichment,12,proteus_vulgaris,Proteus vulgaris,14,Gentamicin,379,144,235,0.4255466903073286,0.6955526004728133,0.2700059101654847
2,implicit_species_hypernetwork_no_enrichment,12,proteus_vulgaris,Proteus vulgaris,15,Imipenem,370,0,370,,,
2,implicit_species_hypernetwork_no_enrichment,12,proteus_vulgaris,Proteus vulgaris,16,Levofloxacin,0,0,0,,,
2,implicit_species_hypernetwork_no_enrichment,12,proteus_vulgaris,Proteus vulgaris,17,Linezolid,0,0,0,,,
2,implicit_species_hypernetwork_no_enrichment,12,proteus_vulgaris,Proteus vulgaris,18,Meropenem,379,379,0,,,
2,implicit_species_hypernetwork_no_enrichment,12,proteus_vulgaris,Proteus vulgaris,19,Moxifloxacin,293,134,159,0.5060311649300666,0.5249225570261898,0.018891392096123227
2,implicit_species_hypernetwork_no_enrichment,12,proteus_vulgaris,Proteus vulgaris,20,Mupirocin,0,0,0,,,
2,implicit_species_hypernetwork_no_enrichment,12,proteus_vulgaris,Proteus vulgaris,21,Nitrofurantoin,5,0,5,,,
2,implicit_species_hypernetwork_no_enrichment,12,proteus_vulgaris,Proteus vulgaris,22,Oxacillin,0,0,0,,,
2,implicit_species_hypernetwork_no_enrichment,12,proteus_vulgaris,Proteus vulgaris,23,Piperacillin-Tazobactam,377,372,5,0.4559139784946237,0.5586021505376346,0.10268817204301095
2,implicit_species_hypernetwork_no_enrichment,12,proteus_vulgaris,Proteus vulgaris,24,Rifampicin,0,0,0,,,
2,implicit_species_hypernetwork_no_enrichment,12,proteus_vulgaris,Proteus vulgaris,25,Teicoplanin,0,0,0,,,
2,implicit_species_hypernetwork_no_enrichment,12,proteus_vulgaris,Proteus vulgaris,26,Tetracycline,0,0,0,,,
2,implicit_species_hypernetwork_no_enrichment,12,proteus_vulgaris,Proteus vulgaris,27,Tigecycline,0,0,0,,,
2,implicit_species_hypernetwork_no_enrichment,12,proteus_vulgaris,Proteus vulgaris,28,Tobramycin,0,0,0,,,
2,implicit_species_hypernetwork_no_enrichment,12,proteus_vulgaris,Proteus vulgaris,29,Vancomycin,0,0,0,,,
2,implicit_species_hypernetwork_no_enrichment,13,pseudomonas_aeruginosa,Pseudomonas aeruginosa,0,Amikacin,3236,1214,2022,0.41332451762083305,0.9493510022373333,0.5360264846165002
2,implicit_species_hypernetwork_no_enrichment,13,pseudomonas_aeruginosa,Pseudomonas aeruginosa,1,Ampicillin,167,0,167,,,
2,implicit_species_hypernetwork_no_enrichment,13,pseudomonas_aeruginosa,Pseudomonas aeruginosa,2,Azithromycin,0,0,0,,,
2,implicit_species_hypernetwork_no_enrichment,13,pseudomonas_aeruginosa,Pseudomonas aeruginosa,3,Ceftazidime,3409,1,3408,0.806924882629108,0.45143779342723006,-0.35548708920187794
2,implicit_species_hypernetwork_no_enrichment,13,pseudomonas_aeruginosa,Pseudomonas aeruginosa,4,Ceftolozane-Tazobactam,72,61,11,0.5268256333830104,0.5059612518628912,-0.020864381520119157
2,implicit_species_hypernetwork_no_enrichment,13,pseudomonas_aeruginosa,Pseudomonas aeruginosa,5,Ceftriaxone,1,0,1,,,
2,implicit_species_hypernetwork_no_enrichment,13,pseudomonas_aeruginosa,Pseudomonas aeruginosa,6,Ciprofloxacin,3409,1,3408,0.2153755868544601,0.7959213615023474,0.5805457746478873
2,implicit_species_hypernetwork_no_enrichment,13,pseudomonas_aeruginosa,Pseudomonas aeruginosa,7,Clarithromycin,0,0,0,,,
2,implicit_species_hypernetwork_no_enrichment,13,pseudomonas_aeruginosa,Pseudomonas aeruginosa,8,Clindamycin,0,0,0,,,
2,implicit_species_hypernetwork_no_enrichment,13,pseudomonas_aeruginosa,Pseudomonas aeruginosa,9,Cotrimoxazole,3406,0,3406,,,
2,implicit_species_hypernetwork_no_enrichment,13,pseudomonas_aeruginosa,Pseudomonas aeruginosa,10,Ertapenem,0,0,0,,,
2,implicit_species_hypernetwork_no_enrichment,13,pseudomonas_aeruginosa,Pseudomonas aeruginosa,11,Erythromycin,0,0,0,,,
2,implicit_species_hypernetwork_no_enrichment,13,pseudomonas_aeruginosa,Pseudomonas aeruginosa,12,Fosfomycin,0,0,0,,,
2,implicit_species_hypernetwork_no_enrichment,13,pseudomonas_aeruginosa,Pseudomonas aeruginosa,13,Fusidic acid,0,0,0,,,
2,implicit_species_hypernetwork_no_enrichment,13,pseudomonas_aeruginosa,Pseudomonas aeruginosa,14,Gentamicin,2095,0,2095,,,
2,implicit_species_hypernetwork_no_enrichment,13,pseudomonas_aeruginosa,Pseudomonas aeruginosa,15,Imipenem,3392,1,3391,0.2168976703037452,0.4323208493069891,0.2154231790032439
2,implicit_species_hypernetwork_no_enrichment,13,pseudomonas_aeruginosa,Pseudomonas aeruginosa,16,Levofloxacin,0,0,0,,,
2,implicit_species_hypernetwork_no_enrichment,13,pseudomonas_aeruginosa,Pseudomonas aeruginosa,17,Linezolid,1,1,0,,,
2,implicit_species_hypernetwork_no_enrichment,13,pseudomonas_aeruginosa,Pseudomonas aeruginosa,18,Meropenem,3402,2461,941,0.5213200529751909,0.5582742213169439,0.036954168341753024
2,implicit_species_hypernetwork_no_enrichment,13,pseudomonas_aeruginosa,Pseudomonas aeruginosa,19,Moxifloxacin,177,0,177,,,
2,implicit_species_hypernetwork_no_enrichment,13,pseudomonas_aeruginosa,Pseudomonas aeruginosa,20,Mupirocin,0,0,0,,,
2,implicit_species_hypernetwork_no_enrichment,13,pseudomonas_aeruginosa,Pseudomonas aeruginosa,21,Nitrofurantoin,160,0,160,,,
2,implicit_species_hypernetwork_no_enrichment,13,pseudomonas_aeruginosa,Pseudomonas aeruginosa,22,Oxacillin,0,0,0,,,
2,implicit_species_hypernetwork_no_enrichment,13,pseudomonas_aeruginosa,Pseudomonas aeruginosa,23,Piperacillin-Tazobactam,3374,0,3374,,,
2,implicit_species_hypernetwork_no_enrichment,13,pseudomonas_aeruginosa,Pseudomonas aeruginosa,24,Rifampicin,0,0,0,,,
2,implicit_species_hypernetwork_no_enrichment,13,pseudomonas_aeruginosa,Pseudomonas aeruginosa,25,Teicoplanin,0,0,0,,,
2,implicit_species_hypernetwork_no_enrichment,13,pseudomonas_aeruginosa,Pseudomonas aeruginosa,26,Tetracycline,0,0,0,,,
2,implicit_species_hypernetwork_no_enrichment,13,pseudomonas_aeruginosa,Pseudomonas aeruginosa,27,Tigecycline,2,1,1,1.0,0.0,-1.0
2,implicit_species_hypernetwork_no_enrichment,13,pseudomonas_aeruginosa,Pseudomonas aeruginosa,28,Tobramycin,3246,1217,2029,0.4284076454272539,0.9531056055316238,0.52469796010437
2,implicit_species_hypernetwork_no_enrichment,13,pseudomonas_aeruginosa,Pseudomonas aeruginosa,29,Vancomycin,1,0,1,,,
2,implicit_species_hypernetwork_no_enrichment,14,serratia_marcescens,Serratia marcescens,0,Amikacin,1,1,0,,,
2,implicit_species_hypernetwork_no_enrichment,14,serratia_marcescens,Serratia marcescens,1,Ampicillin,832,6,826,0.524818401937046,0.6098668280871671,0.08504842615012109
2,implicit_species_hypernetwork_no_enrichment,14,serratia_marcescens,Serratia marcescens,2,Azithromycin,0,0,0,,,
2,implicit_species_hypernetwork_no_enrichment,14,serratia_marcescens,Serratia marcescens,3,Ceftazidime,832,760,72,0.48520650584795316,0.6664473684210526,0.1812408625730994
2,implicit_species_hypernetwork_no_enrichment,14,serratia_marcescens,Serratia marcescens,4,Ceftolozane-Tazobactam,0,0,0,,,
2,implicit_species_hypernetwork_no_enrichment,14,serratia_marcescens,Serratia marcescens,5,Ceftriaxone,692,637,55,0.45473098330241185,0.7259597545311831,0.27122877122877126
2,implicit_species_hypernetwork_no_enrichment,14,serratia_marcescens,Serratia marcescens,6,Ciprofloxacin,831,794,37,0.5396385050037443,0.5987984205868337,0.05915991558308942
2,implicit_species_hypernetwork_no_enrichment,14,serratia_marcescens,Serratia marcescens,7,Clarithromycin,0,0,0,,,
2,implicit_species_hypernetwork_no_enrichment,14,serratia_marcescens,Serratia marcescens,8,Clindamycin,0,0,0,,,
2,implicit_species_hypernetwork_no_enrichment,14,serratia_marcescens,Serratia marcescens,9,Cotrimoxazole,831,823,8,0.5144289185905224,0.5157199270959903,0.0012910085054679277
2,implicit_species_hypernetwork_no_enrichment,14,serratia_marcescens,Serratia marcescens,10,Ertapenem,3,3,0,,,
2,implicit_species_hypernetwork_no_enrichment,14,serratia_marcescens,Serratia marcescens,11,Erythromycin,0,0,0,,,
2,implicit_species_hypernetwork_no_enrichment,14,serratia_marcescens,Serratia marcescens,12,Fosfomycin,105,89,16,0.4683988764044944,0.4318820224719101,-0.0365168539325843
2,implicit_species_hypernetwork_no_enrichment,14,serratia_marcescens,Serratia marcescens,13,Fusidic acid,0,0,0,,,
2,implicit_species_hypernetwork_no_enrichment,14,serratia_marcescens,Serratia marcescens,14,Gentamicin,829,305,524,0.5454104617694907,0.7817576023025904,0.2363471405330997
2,implicit_species_hypernetwork_no_enrichment,14,serratia_marcescens,Serratia marcescens,15,Imipenem,831,798,33,0.45517202096149467,0.7984354826460089,0.34326346168451427
2,implicit_species_hypernetwork_no_enrichment,14,serratia_marcescens,Serratia marcescens,16,Levofloxacin,0,0,0,,,
2,implicit_species_hypernetwork_no_enrichment,14,serratia_marcescens,Serratia marcescens,17,Linezolid,0,0,0,,,
2,implicit_species_hypernetwork_no_enrichment,14,serratia_marcescens,Serratia marcescens,18,Meropenem,830,830,0,,,
2,implicit_species_hypernetwork_no_enrichment,14,serratia_marcescens,Serratia marcescens,19,Moxifloxacin,708,328,380,0.4848323170731708,0.4030527920410783,-0.08177952503209251
2,implicit_species_hypernetwork_no_enrichment,14,serratia_marcescens,Serratia marcescens,20,Mupirocin,0,0,0,,,
2,implicit_species_hypernetwork_no_enrichment,14,serratia_marcescens,Serratia marcescens,21,Nitrofurantoin,4,0,4,,,
2,implicit_species_hypernetwork_no_enrichment,14,serratia_marcescens,Serratia marcescens,22,Oxacillin,0,0,0,,,
2,implicit_species_hypernetwork_no_enrichment,14,serratia_marcescens,Serratia marcescens,23,Piperacillin-Tazobactam,831,752,79,0.4705258551036897,0.6809688930783733,0.21044303797468356
2,implicit_species_hypernetwork_no_enrichment,14,serratia_marcescens,Serratia marcescens,24,Rifampicin,0,0,0,,,
2,implicit_species_hypernetwork_no_enrichment,14,serratia_marcescens,Serratia marcescens,25,Teicoplanin,0,0,0,,,
2,implicit_species_hypernetwork_no_enrichment,14,serratia_marcescens,Serratia marcescens,26,Tetracycline,0,0,0,,,
2,implicit_species_hypernetwork_no_enrichment,14,serratia_marcescens,Serratia marcescens,27,Tigecycline,0,0,0,,,
2,implicit_species_hypernetwork_no_enrichment,14,serratia_marcescens,Serratia marcescens,28,Tobramycin,1,1,0,,,
2,implicit_species_hypernetwork_no_enrichment,14,serratia_marcescens,Serratia marcescens,29,Vancomycin,0,0,0,,,
2,implicit_species_hypernetwork_no_enrichment,15,staphylococcus_aureus,Staphylococcus aureus,0,Amikacin,0,0,0,,,
2,implicit_species_hypernetwork_no_enrichment,15,staphylococcus_aureus,Staphylococcus aureus,1,Ampicillin,0,0,0,,,
2,implicit_species_hypernetwork_no_enrichment,15,staphylococcus_aureus,Staphylococcus aureus,2,Azithromycin,0,0,0,,,
2,implicit_species_hypernetwork_no_enrichment,15,staphylococcus_aureus,Staphylococcus aureus,3,Ceftazidime,0,0,0,,,
2,implicit_species_hypernetwork_no_enrichment,15,staphylococcus_aureus,Staphylococcus aureus,4,Ceftolozane-Tazobactam,0,0,0,,,
2,implicit_species_hypernetwork_no_enrichment,15,staphylococcus_aureus,Staphylococcus aureus,5,Ceftriaxone,0,0,0,,,
2,implicit_species_hypernetwork_no_enrichment,15,staphylococcus_aureus,Staphylococcus aureus,6,Ciprofloxacin,0,0,0,,,
2,implicit_species_hypernetwork_no_enrichment,15,staphylococcus_aureus,Staphylococcus aureus,7,Clarithromycin,0,0,0,,,
2,implicit_species_hypernetwork_no_enrichment,15,staphylococcus_aureus,Staphylococcus aureus,8,Clindamycin,6008,4891,1117,0.5521125989727355,0.638417593054094,0.0863049940813585
2,implicit_species_hypernetwork_no_enrichment,15,staphylococcus_aureus,Staphylococcus aureus,9,Cotrimoxazole,6006,5872,134,0.5427744621578755,0.6053011509211436,0.06252668876326806
2,implicit_species_hypernetwork_no_enrichment,15,staphylococcus_aureus,Staphylococcus aureus,10,Ertapenem,0,0,0,,,
2,implicit_species_hypernetwork_no_enrichment,15,staphylococcus_aureus,Staphylococcus aureus,11,Erythromycin,6000,4817,1183,0.5070690396140326,0.6373032358803905,0.1302341962663579
2,implicit_species_hypernetwork_no_enrichment,15,staphylococcus_aureus,Staphylococcus aureus,12,Fosfomycin,6004,5938,66,0.51029450789471,0.7490112475376873,0.23871673964297735
2,implicit_species_hypernetwork_no_enrichment,15,staphylococcus_aureus,Staphylococcus aureus,13,Fusidic acid,213,188,25,0.6145744680851064,0.5188297872340426,-0.0957446808510638
2,implicit_species_hypernetwork_no_enrichment,15,staphylococcus_aureus,Staphylococcus aureus,14,Gentamicin,6005,5909,96,0.5290217605911886,0.5238486842105263,-0.005173076380662223
2,implicit_species_hypernetwork_no_enrichment,15,staphylococcus_aureus,Staphylococcus aureus,15,Imipenem,0,0,0,,,
2,implicit_species_hypernetwork_no_enrichment,15,staphylococcus_aureus,Staphylococcus aureus,16,Levofloxacin,6006,2933,3073,0.6170731986043885,0.9021823657075488,0.28510916710316037
2,implicit_species_hypernetwork_no_enrichment,15,staphylococcus_aureus,Staphylococcus aureus,17,Linezolid,6006,6004,2,0.4617338441039307,0.5187375083277814,0.057003664223850725
2,implicit_species_hypernetwork_no_enrichment,15,staphylococcus_aureus,Staphylococcus aureus,18,Meropenem,0,0,0,,,
2,implicit_species_hypernetwork_no_enrichment,15,staphylococcus_aureus,Staphylococcus aureus,19,Moxifloxacin,42,37,5,0.6297297297297297,0.9243243243243244,0.2945945945945947
2,implicit_species_hypernetwork_no_enrichment,15,staphylococcus_aureus,Staphylococcus aureus,20,Mupirocin,831,808,23,0.6157447266465778,0.5345727507533362,-0.08117197589324154
2,implicit_species_hypernetwork_no_enrichment,15,staphylococcus_aureus,Staphylococcus aureus,21,Nitrofurantoin,0,0,0,,,
2,implicit_species_hypernetwork_no_enrichment,15,staphylococcus_aureus,Staphylococcus aureus,22,Oxacillin,6000,4917,1083,0.6614195459963182,0.8694490124243419,0.20802946642802367
2,implicit_species_hypernetwork_no_enrichment,15,staphylococcus_aureus,Staphylococcus aureus,23,Piperacillin-Tazobactam,0,0,0,,,
2,implicit_species_hypernetwork_no_enrichment,15,staphylococcus_aureus,Staphylococcus aureus,24,Rifampicin,6003,5971,32,0.5097162326243511,0.6378956623681126,0.1281794297437615
2,implicit_species_hypernetwork_no_enrichment,15,staphylococcus_aureus,Staphylococcus aureus,25,Teicoplanin,0,0,0,,,
2,implicit_species_hypernetwork_no_enrichment,15,staphylococcus_aureus,Staphylococcus aureus,26,Tetracycline,6003,5642,361,0.508060833813671,0.5968893272753517,0.08882849346168076
2,implicit_species_hypernetwork_no_enrichment,15,staphylococcus_aureus,Staphylococcus aureus,27,Tigecycline,5992,5988,4,0.4446184034736139,0.5592017368069472,0.11458333333333326
2,implicit_species_hypernetwork_no_enrichment,15,staphylococcus_aureus,Staphylococcus aureus,28,Tobramycin,0,0,0,,,
2,implicit_species_hypernetwork_no_enrichment,15,staphylococcus_aureus,Staphylococcus aureus,29,Vancomycin,6005,6002,3,0.8033988670443185,0.8887593024547373,0.08536043541041882
2,implicit_species_hypernetwork_no_enrichment,16,staphylococcus_capitis,Staphylococcus capitis,0,Amikacin,0,0,0,,,
2,implicit_species_hypernetwork_no_enrichment,16,staphylococcus_capitis,Staphylococcus capitis,1,Ampicillin,0,0,0,,,
2,implicit_species_hypernetwork_no_enrichment,16,staphylococcus_capitis,Staphylococcus capitis,2,Azithromycin,0,0,0,,,
2,implicit_species_hypernetwork_no_enrichment,16,staphylococcus_capitis,Staphylococcus capitis,3,Ceftazidime,0,0,0,,,
2,implicit_species_hypernetwork_no_enrichment,16,staphylococcus_capitis,Staphylococcus capitis,4,Ceftolozane-Tazobactam,0,0,0,,,
2,implicit_species_hypernetwork_no_enrichment,16,staphylococcus_capitis,Staphylococcus capitis,5,Ceftriaxone,0,0,0,,,
2,implicit_species_hypernetwork_no_enrichment,16,staphylococcus_capitis,Staphylococcus capitis,6,Ciprofloxacin,0,0,0,,,
2,implicit_species_hypernetwork_no_enrichment,16,staphylococcus_capitis,Staphylococcus capitis,7,Clarithromycin,0,0,0,,,
2,implicit_species_hypernetwork_no_enrichment,16,staphylococcus_capitis,Staphylococcus capitis,8,Clindamycin,410,323,87,0.5064766378420696,0.4910323476032881,-0.015444290238781522
2,implicit_species_hypernetwork_no_enrichment,16,staphylococcus_capitis,Staphylococcus capitis,9,Cotrimoxazole,405,400,5,0.5964999999999999,0.51925,-0.07724999999999993
2,implicit_species_hypernetwork_no_enrichment,16,staphylococcus_capitis,Staphylococcus capitis,10,Ertapenem,0,0,0,,,
2,implicit_species_hypernetwork_no_enrichment,16,staphylococcus_capitis,Staphylococcus capitis,11,Erythromycin,414,332,82,0.44967675580370264,0.47336908610049955,0.023692330296796904
2,implicit_species_hypernetwork_no_enrichment,16,staphylococcus_capitis,Staphylococcus capitis,12,Fosfomycin,402,0,402,,,
2,implicit_species_hypernetwork_no_enrichment,16,staphylococcus_capitis,Staphylococcus capitis,13,Fusidic acid,1,0,1,,,
2,implicit_species_hypernetwork_no_enrichment,16,staphylococcus_capitis,Staphylococcus capitis,14,Gentamicin,404,379,25,0.4773087071240105,0.6073878627968338,0.13007915567282324
2,implicit_species_hypernetwork_no_enrichment,16,staphylococcus_capitis,Staphylococcus capitis,15,Imipenem,0,0,0,,,
2,implicit_species_hypernetwork_no_enrichment,16,staphylococcus_capitis,Staphylococcus capitis,16,Levofloxacin,404,252,152,0.45859440267335005,0.5794956140350878,0.1209012113617377
2,implicit_species_hypernetwork_no_enrichment,16,staphylococcus_capitis,Staphylococcus capitis,17,Linezolid,405,405,0,,,
2,implicit_species_hypernetwork_no_enrichment,16,staphylococcus_capitis,Staphylococcus capitis,18,Meropenem,0,0,0,,,
2,implicit_species_hypernetwork_no_enrichment,16,staphylococcus_capitis,Staphylococcus capitis,19,Moxifloxacin,1,1,0,,,
2,implicit_species_hypernetwork_no_enrichment,16,staphylococcus_capitis,Staphylococcus capitis,20,Mupirocin,0,0,0,,,
2,implicit_species_hypernetwork_no_enrichment,16,staphylococcus_capitis,Staphylococcus capitis,21,Nitrofurantoin,0,0,0,,,
2,implicit_species_hypernetwork_no_enrichment,16,staphylococcus_capitis,Staphylococcus capitis,22,Oxacillin,413,305,108,0.48729508196721316,0.7128567091681846,0.2255616272009714
2,implicit_species_hypernetwork_no_enrichment,16,staphylococcus_capitis,Staphylococcus capitis,23,Piperacillin-Tazobactam,0,0,0,,,
2,implicit_species_hypernetwork_no_enrichment,16,staphylococcus_capitis,Staphylococcus capitis,24,Rifampicin,398,396,2,0.8497474747474748,0.5763888888888888,-0.27335858585858597
2,implicit_species_hypernetwork_no_enrichment,16,staphylococcus_capitis,Staphylococcus capitis,25,Teicoplanin,0,0,0,,,
2,implicit_species_hypernetwork_no_enrichment,16,staphylococcus_capitis,Staphylococcus capitis,26,Tetracycline,404,350,54,0.5081216931216932,0.5630423280423281,0.054920634920634925
2,implicit_species_hypernetwork_no_enrichment,16,staphylococcus_capitis,Staphylococcus capitis,27,Tigecycline,402,402,0,,,
2,implicit_species_hypernetwork_no_enrichment,16,staphylococcus_capitis,Staphylococcus capitis,28,Tobramycin,0,0,0,,,
2,implicit_species_hypernetwork_no_enrichment,16,staphylococcus_capitis,Staphylococcus capitis,29,Vancomycin,404,404,0,,,
2,implicit_species_hypernetwork_no_enrichment,17,staphylococcus_epidermidis,Staphylococcus epidermidis,0,Amikacin,0,0,0,,,
2,implicit_species_hypernetwork_no_enrichment,17,staphylococcus_epidermidis,Staphylococcus epidermidis,1,Ampicillin,1,0,1,,,
2,implicit_species_hypernetwork_no_enrichment,17,staphylococcus_epidermidis,Staphylococcus epidermidis,2,Azithromycin,0,0,0,,,
2,implicit_species_hypernetwork_no_enrichment,17,staphylococcus_epidermidis,Staphylococcus epidermidis,3,Ceftazidime,1,1,0,,,
2,implicit_species_hypernetwork_no_enrichment,17,staphylococcus_epidermidis,Staphylococcus epidermidis,4,Ceftolozane-Tazobactam,0,0,0,,,
2,implicit_species_hypernetwork_no_enrichment,17,staphylococcus_epidermidis,Staphylococcus epidermidis,5,Ceftriaxone,1,1,0,,,
2,implicit_species_hypernetwork_no_enrichment,17,staphylococcus_epidermidis,Staphylococcus epidermidis,6,Ciprofloxacin,1,1,0,,,
2,implicit_species_hypernetwork_no_enrichment,17,staphylococcus_epidermidis,Staphylococcus epidermidis,7,Clarithromycin,0,0,0,,,
2,implicit_species_hypernetwork_no_enrichment,17,staphylococcus_epidermidis,Staphylococcus epidermidis,8,Clindamycin,2962,1416,1546,0.5958800640983475,0.7065508949649542,0.11067083086660667
2,implicit_species_hypernetwork_no_enrichment,17,staphylococcus_epidermidis,Staphylococcus epidermidis,9,Cotrimoxazole,2958,2124,834,0.6476660479525984,0.7675602455888397,0.11989419763624132
2,implicit_species_hypernetwork_no_enrichment,17,staphylococcus_epidermidis,Staphylococcus epidermidis,10,Ertapenem,0,0,0,,,
2,implicit_species_hypernetwork_no_enrichment,17,staphylococcus_epidermidis,Staphylococcus epidermidis,11,Erythromycin,2966,1004,1962,0.5498609537385626,0.6539474111708111,0.10408645743224854
2,implicit_species_hypernetwork_no_enrichment,17,staphylococcus_epidermidis,Staphylococcus epidermidis,12,Fosfomycin,2953,2421,532,0.672332162500427,0.7877065650495507,0.11537440254912368
2,implicit_species_hypernetwork_no_enrichment,17,staphylococcus_epidermidis,Staphylococcus epidermidis,13,Fusidic acid,1,0,1,,,
2,implicit_species_hypernetwork_no_enrichment,17,staphylococcus_epidermidis,Staphylococcus epidermidis,14,Gentamicin,2955,1972,983,0.6360834490599833,0.7647453463442415,0.12866189728425825
2,implicit_species_hypernetwork_no_enrichment,17,staphylococcus_epidermidis,Staphylococcus epidermidis,15,Imipenem,1,1,0,,,
2,implicit_species_hypernetwork_no_enrichment,17,staphylococcus_epidermidis,Staphylococcus epidermidis,16,Levofloxacin,2955,888,2067,0.6149354180014556,0.7639951272026744,0.1490597092012188
2,implicit_species_hypernetwork_no_enrichment,17,staphylococcus_epidermidis,Staphylococcus epidermidis,17,Linezolid,2959,2893,66,0.6682954676387098,0.8893960343148037,0.2211005666760939
2,implicit_species_hypernetwork_no_enrichment,17,staphylococcus_epidermidis,Staphylococcus epidermidis,18,Meropenem,1,1,0,,,
2,implicit_species_hypernetwork_no_enrichment,17,staphylococcus_epidermidis,Staphylococcus epidermidis,19,Moxifloxacin,9,8,1,0.1875,0.375,0.1875
2,implicit_species_hypernetwork_no_enrichment,17,staphylococcus_epidermidis,Staphylococcus epidermidis,20,Mupirocin,0,0,0,,,
2,implicit_species_hypernetwork_no_enrichment,17,staphylococcus_epidermidis,Staphylococcus epidermidis,21,Nitrofurantoin,0,0,0,,,
2,implicit_species_hypernetwork_no_enrichment,17,staphylococcus_epidermidis,Staphylococcus epidermidis,22,Oxacillin,2967,984,1983,0.6192483672189218,0.7225855749480339,0.10333720772911204
2,implicit_species_hypernetwork_no_enrichment,17,staphylococcus_epidermidis,Staphylococcus epidermidis,23,Piperacillin-Tazobactam,1,1,0,,,
2,implicit_species_hypernetwork_no_enrichment,17,staphylococcus_epidermidis,Staphylococcus epidermidis,24,Rifampicin,2946,2684,262,0.6363103093252637,0.762858215492429,0.12654790616716538
2,implicit_species_hypernetwork_no_enrichment,17,staphylococcus_epidermidis,Staphylococcus epidermidis,25,Teicoplanin,1,1,0,,,
2,implicit_species_hypernetwork_no_enrichment,17,staphylococcus_epidermidis,Staphylococcus epidermidis,26,Tetracycline,2954,1643,1311,0.6069212566731337,0.6707382125959795,0.06381695592284586
2,implicit_species_hypernetwork_no_enrichment,17,staphylococcus_epidermidis,Staphylococcus epidermidis,27,Tigecycline,2951,2946,5,0.6843177189409368,0.5515953835709437,-0.13272233536999312
2,implicit_species_hypernetwork_no_enrichment,17,staphylococcus_epidermidis,Staphylococcus epidermidis,28,Tobramycin,0,0,0,,,
2,implicit_species_hypernetwork_no_enrichment,17,staphylococcus_epidermidis,Staphylococcus epidermidis,29,Vancomycin,2956,2954,2,0.21961746784021666,0.28986120514556535,0.07024373730534869
2,implicit_species_hypernetwork_no_enrichment,18,staphylococcus_haemolyticus,Staphylococcus haemolyticus,0,Amikacin,0,0,0,,,
2,implicit_species_hypernetwork_no_enrichment,18,staphylococcus_haemolyticus,Staphylococcus haemolyticus,1,Ampicillin,0,0,0,,,
2,implicit_species_hypernetwork_no_enrichment,18,staphylococcus_haemolyticus,Staphylococcus haemolyticus,2,Azithromycin,0,0,0,,,
2,implicit_species_hypernetwork_no_enrichment,18,staphylococcus_haemolyticus,Staphylococcus haemolyticus,3,Ceftazidime,0,0,0,,,
2,implicit_species_hypernetwork_no_enrichment,18,staphylococcus_haemolyticus,Staphylococcus haemolyticus,4,Ceftolozane-Tazobactam,0,0,0,,,
2,implicit_species_hypernetwork_no_enrichment,18,staphylococcus_haemolyticus,Staphylococcus haemolyticus,5,Ceftriaxone,0,0,0,,,
2,implicit_species_hypernetwork_no_enrichment,18,staphylococcus_haemolyticus,Staphylococcus haemolyticus,6,Ciprofloxacin,0,0,0,,,
2,implicit_species_hypernetwork_no_enrichment,18,staphylococcus_haemolyticus,Staphylococcus haemolyticus,7,Clarithromycin,0,0,0,,,
2,implicit_species_hypernetwork_no_enrichment,18,staphylococcus_haemolyticus,Staphylococcus haemolyticus,8,Clindamycin,399,124,275,0.543841642228739,0.6517302052785925,0.1078885630498535
2,implicit_species_hypernetwork_no_enrichment,18,staphylococcus_haemolyticus,Staphylococcus haemolyticus,9,Cotrimoxazole,400,156,244,0.6682823665405632,0.8556116015132409,0.18732923497267773
2,implicit_species_hypernetwork_no_enrichment,18,staphylococcus_haemolyticus,Staphylococcus haemolyticus,10,Ertapenem,0,0,0,,,
2,implicit_species_hypernetwork_no_enrichment,18,staphylococcus_haemolyticus,Staphylococcus haemolyticus,11,Erythromycin,400,60,340,0.6124264705882352,0.858186274509804,0.24575980392156882
2,implicit_species_hypernetwork_no_enrichment,18,staphylococcus_haemolyticus,Staphylococcus haemolyticus,12,Fosfomycin,398,5,393,0.38015267175572515,0.4402035623409669,0.06005089058524177
2,implicit_species_hypernetwork_no_enrichment,18,staphylococcus_haemolyticus,Staphylococcus haemolyticus,13,Fusidic acid,1,1,0,,,
2,implicit_species_hypernetwork_no_enrichment,18,staphylococcus_haemolyticus,Staphylococcus haemolyticus,14,Gentamicin,400,119,281,0.6841113669667156,0.9147552259337899,0.2306438589670743
2,implicit_species_hypernetwork_no_enrichment,18,staphylococcus_haemolyticus,Staphylococcus haemolyticus,15,Imipenem,0,0,0,,,
2,implicit_species_hypernetwork_no_enrichment,18,staphylococcus_haemolyticus,Staphylococcus haemolyticus,16,Levofloxacin,400,71,329,0.6962412774519458,0.8965709148508071,0.20032963739886134
2,implicit_species_hypernetwork_no_enrichment,18,staphylococcus_haemolyticus,Staphylococcus haemolyticus,17,Linezolid,400,399,1,0.34711779448621555,0.8446115288220551,0.4974937343358396
2,implicit_species_hypernetwork_no_enrichment,18,staphylococcus_haemolyticus,Staphylococcus haemolyticus,18,Meropenem,0,0,0,,,
2,implicit_species_hypernetwork_no_enrichment,18,staphylococcus_haemolyticus,Staphylococcus haemolyticus,19,Moxifloxacin,0,0,0,,,
2,implicit_species_hypernetwork_no_enrichment,18,staphylococcus_haemolyticus,Staphylococcus haemolyticus,20,Mupirocin,0,0,0,,,
2,implicit_species_hypernetwork_no_enrichment,18,staphylococcus_haemolyticus,Staphylococcus haemolyticus,21,Nitrofurantoin,0,0,0,,,
2,implicit_species_hypernetwork_no_enrichment,18,staphylococcus_haemolyticus,Staphylococcus haemolyticus,22,Oxacillin,404,81,323,0.696938424492604,0.9052287581699346,0.20829033367733063
2,implicit_species_hypernetwork_no_enrichment,18,staphylococcus_haemolyticus,Staphylococcus haemolyticus,23,Piperacillin-Tazobactam,0,0,0,,,
2,implicit_species_hypernetwork_no_enrichment,18,staphylococcus_haemolyticus,Staphylococcus haemolyticus,24,Rifampicin,399,352,47,0.5071324951644101,0.571083172147002,0.06395067698259194
2,implicit_species_hypernetwork_no_enrichment,18,staphylococcus_haemolyticus,Staphylococcus haemolyticus,25,Teicoplanin,0,0,0,,,
2,implicit_species_hypernetwork_no_enrichment,18,staphylococcus_haemolyticus,Staphylococcus haemolyticus,26,Tetracycline,399,175,224,0.6616071428571428,0.7274744897959184,0.0658673469387756
2,implicit_species_hypernetwork_no_enrichment,18,staphylococcus_haemolyticus,Staphylococcus haemolyticus,27,Tigecycline,401,400,1,0.013749999999999984,0.77625,0.7625
2,implicit_species_hypernetwork_no_enrichment,18,staphylococcus_haemolyticus,Staphylococcus haemolyticus,28,Tobramycin,0,0,0,,,
2,implicit_species_hypernetwork_no_enrichment,18,staphylococcus_haemolyticus,Staphylococcus haemolyticus,29,Vancomycin,401,401,0,,,
2,implicit_species_hypernetwork_no_enrichment,19,staphylococcus_hominis,Staphylococcus hominis,0,Amikacin,0,0,0,,,
2,implicit_species_hypernetwork_no_enrichment,19,staphylococcus_hominis,Staphylococcus hominis,1,Ampicillin,0,0,0,,,
2,implicit_species_hypernetwork_no_enrichment,19,staphylococcus_hominis,Staphylococcus hominis,2,Azithromycin,0,0,0,,,
2,implicit_species_hypernetwork_no_enrichment,19,staphylococcus_hominis,Staphylococcus hominis,3,Ceftazidime,0,0,0,,,
2,implicit_species_hypernetwork_no_enrichment,19,staphylococcus_hominis,Staphylococcus hominis,4,Ceftolozane-Tazobactam,0,0,0,,,
2,implicit_species_hypernetwork_no_enrichment,19,staphylococcus_hominis,Staphylococcus hominis,5,Ceftriaxone,0,0,0,,,
2,implicit_species_hypernetwork_no_enrichment,19,staphylococcus_hominis,Staphylococcus hominis,6,Ciprofloxacin,0,0,0,,,
2,implicit_species_hypernetwork_no_enrichment,19,staphylococcus_hominis,Staphylococcus hominis,7,Clarithromycin,0,0,0,,,
2,implicit_species_hypernetwork_no_enrichment,19,staphylococcus_hominis,Staphylococcus hominis,8,Clindamycin,504,321,183,0.549163304563948,0.55935175254924,0.010188447985291949
2,implicit_species_hypernetwork_no_enrichment,19,staphylococcus_hominis,Staphylococcus hominis,9,Cotrimoxazole,502,395,107,0.5192002839228677,0.5487282621554477,0.02952797823258002
2,implicit_species_hypernetwork_no_enrichment,19,staphylococcus_hominis,Staphylococcus hominis,10,Ertapenem,0,0,0,,,
2,implicit_species_hypernetwork_no_enrichment,19,staphylococcus_hominis,Staphylococcus hominis,11,Erythromycin,508,186,322,0.5375676217190944,0.5020620450143591,-0.03550557670473531
2,implicit_species_hypernetwork_no_enrichment,19,staphylococcus_hominis,Staphylococcus hominis,12,Fosfomycin,501,15,486,0.5512345679012347,0.526474622770919,-0.024759945130315653
2,implicit_species_hypernetwork_no_enrichment,19,staphylococcus_hominis,Staphylococcus hominis,13,Fusidic acid,1,1,0,,,
2,implicit_species_hypernetwork_no_enrichment,19,staphylococcus_hominis,Staphylococcus hominis,14,Gentamicin,501,419,82,0.5648175097502764,0.6215000873159089,0.05668257756563244
2,implicit_species_hypernetwork_no_enrichment,19,staphylococcus_hominis,Staphylococcus hominis,15,Imipenem,0,0,0,,,
2,implicit_species_hypernetwork_no_enrichment,19,staphylococcus_hominis,Staphylococcus hominis,16,Levofloxacin,501,230,271,0.473046686988609,0.6651451949302101,0.19209850794160105
2,implicit_species_hypernetwork_no_enrichment,19,staphylococcus_hominis,Staphylococcus hominis,17,Linezolid,500,494,6,0.652834008097166,0.5521255060728745,-0.10070850202429149
2,implicit_species_hypernetwork_no_enrichment,19,staphylococcus_hominis,Staphylococcus hominis,18,Meropenem,0,0,0,,,
2,implicit_species_hypernetwork_no_enrichment,19,staphylococcus_hominis,Staphylococcus hominis,19,Moxifloxacin,1,1,0,,,
2,implicit_species_hypernetwork_no_enrichment,19,staphylococcus_hominis,Staphylococcus hominis,20,Mupirocin,0,0,0,,,
2,implicit_species_hypernetwork_no_enrichment,19,staphylococcus_hominis,Staphylococcus hominis,21,Nitrofurantoin,0,0,0,,,
2,implicit_species_hypernetwork_no_enrichment,19,staphylococcus_hominis,Staphylococcus hominis,22,Oxacillin,507,267,240,0.5106195380774032,0.5724563046192259,0.061836766541822685
2,implicit_species_hypernetwork_no_enrichment,19,staphylococcus_hominis,Staphylococcus hominis,23,Piperacillin-Tazobactam,0,0,0,,,
2,implicit_species_hypernetwork_no_enrichment,19,staphylococcus_hominis,Staphylococcus hominis,24,Rifampicin,502,492,10,0.5998983739837398,0.7626016260162602,0.16270325203252045
2,implicit_species_hypernetwork_no_enrichment,19,staphylococcus_hominis,Staphylococcus hominis,25,Teicoplanin,0,0,0,,,
2,implicit_species_hypernetwork_no_enrichment,19,staphylococcus_hominis,Staphylococcus hominis,26,Tetracycline,501,321,180,0.5510297680858428,0.4970231914157148,-0.05400657667012798
2,implicit_species_hypernetwork_no_enrichment,19,staphylococcus_hominis,Staphylococcus hominis,27,Tigecycline,503,503,0,,,
2,implicit_species_hypernetwork_no_enrichment,19,staphylococcus_hominis,Staphylococcus hominis,28,Tobramycin,0,0,0,,,
2,implicit_species_hypernetwork_no_enrichment,19,staphylococcus_hominis,Staphylococcus hominis,29,Vancomycin,503,503,0,,,
2,implicit_species_hypernetwork_no_enrichment,20,staphylococcus_lugdunensis,Staphylococcus lugdunensis,0,Amikacin,0,0,0,,,
2,implicit_species_hypernetwork_no_enrichment,20,staphylococcus_lugdunensis,Staphylococcus lugdunensis,1,Ampicillin,0,0,0,,,
2,implicit_species_hypernetwork_no_enrichment,20,staphylococcus_lugdunensis,Staphylococcus lugdunensis,2,Azithromycin,0,0,0,,,
2,implicit_species_hypernetwork_no_enrichment,20,staphylococcus_lugdunensis,Staphylococcus lugdunensis,3,Ceftazidime,0,0,0,,,
2,implicit_species_hypernetwork_no_enrichment,20,staphylococcus_lugdunensis,Staphylococcus lugdunensis,4,Ceftolozane-Tazobactam,0,0,0,,,
2,implicit_species_hypernetwork_no_enrichment,20,staphylococcus_lugdunensis,Staphylococcus lugdunensis,5,Ceftriaxone,0,0,0,,,
2,implicit_species_hypernetwork_no_enrichment,20,staphylococcus_lugdunensis,Staphylococcus lugdunensis,6,Ciprofloxacin,0,0,0,,,
2,implicit_species_hypernetwork_no_enrichment,20,staphylococcus_lugdunensis,Staphylococcus lugdunensis,7,Clarithromycin,0,0,0,,,
2,implicit_species_hypernetwork_no_enrichment,20,staphylococcus_lugdunensis,Staphylococcus lugdunensis,8,Clindamycin,257,228,29,0.5376588021778584,0.5716878402903811,0.03402903811252267
2,implicit_species_hypernetwork_no_enrichment,20,staphylococcus_lugdunensis,Staphylococcus lugdunensis,9,Cotrimoxazole,257,256,1,0.0546875,0.94921875,0.89453125
2,implicit_species_hypernetwork_no_enrichment,20,staphylococcus_lugdunensis,Staphylococcus lugdunensis,10,Ertapenem,0,0,0,,,
2,implicit_species_hypernetwork_no_enrichment,20,staphylococcus_lugdunensis,Staphylococcus lugdunensis,11,Erythromycin,258,230,28,0.5239130434782608,0.5575310559006211,0.03361801242236029
2,implicit_species_hypernetwork_no_enrichment,20,staphylococcus_lugdunensis,Staphylococcus lugdunensis,12,Fosfomycin,257,223,34,0.5461619625428648,0.5764969664996044,0.030335003956739603
2,implicit_species_hypernetwork_no_enrichment,20,staphylococcus_lugdunensis,Staphylococcus lugdunensis,13,Fusidic acid,0,0,0,,,
2,implicit_species_hypernetwork_no_enrichment,20,staphylococcus_lugdunensis,Staphylococcus lugdunensis,14,Gentamicin,257,257,0,,,
2,implicit_species_hypernetwork_no_enrichment,20,staphylococcus_lugdunensis,Staphylococcus lugdunensis,15,Imipenem,0,0,0,,,
2,implicit_species_hypernetwork_no_enrichment,20,staphylococcus_lugdunensis,Staphylococcus lugdunensis,16,Levofloxacin,257,149,108,0.5767151379567486,0.7889013174248072,0.21218617946805862
2,implicit_species_hypernetwork_no_enrichment,20,staphylococcus_lugdunensis,Staphylococcus lugdunensis,17,Linezolid,257,257,0,,,
2,implicit_species_hypernetwork_no_enrichment,20,staphylococcus_lugdunensis,Staphylococcus lugdunensis,18,Meropenem,0,0,0,,,
2,implicit_species_hypernetwork_no_enrichment,20,staphylococcus_lugdunensis,Staphylococcus lugdunensis,19,Moxifloxacin,0,0,0,,,
2,implicit_species_hypernetwork_no_enrichment,20,staphylococcus_lugdunensis,Staphylococcus lugdunensis,20,Mupirocin,0,0,0,,,
2,implicit_species_hypernetwork_no_enrichment,20,staphylococcus_lugdunensis,Staphylococcus lugdunensis,21,Nitrofurantoin,0,0,0,,,
2,implicit_species_hypernetwork_no_enrichment,20,staphylococcus_lugdunensis,Staphylococcus lugdunensis,22,Oxacillin,255,241,14,0.5303793716656787,0.4211618257261411,-0.10921754593953764
2,implicit_species_hypernetwork_no_enrichment,20,staphylococcus_lugdunensis,Staphylococcus lugdunensis,23,Piperacillin-Tazobactam,0,0,0,,,
2,implicit_species_hypernetwork_no_enrichment,20,staphylococcus_lugdunensis,Staphylococcus lugdunensis,24,Rifampicin,255,255,0,,,
2,implicit_species_hypernetwork_no_enrichment,20,staphylococcus_lugdunensis,Staphylococcus lugdunensis,25,Teicoplanin,0,0,0,,,
2,implicit_species_hypernetwork_no_enrichment,20,staphylococcus_lugdunensis,Staphylococcus lugdunensis,26,Tetracycline,257,237,20,0.6281645569620252,0.5690928270042194,-0.05907172995780585
2,implicit_species_hypernetwork_no_enrichment,20,staphylococcus_lugdunensis,Staphylococcus lugdunensis,27,Tigecycline,256,256,0,,,
2,implicit_species_hypernetwork_no_enrichment,20,staphylococcus_lugdunensis,Staphylococcus lugdunensis,28,Tobramycin,0,0,0,,,
2,implicit_species_hypernetwork_no_enrichment,20,staphylococcus_lugdunensis,Staphylococcus lugdunensis,29,Vancomycin,256,256,0,,,
2,implicit_species_hypernetwork_no_enrichment,21,stenotrophomonas_maltophilia,Stenotrophomonas maltophilia,0,Amikacin,0,0,0,,,
2,implicit_species_hypernetwork_no_enrichment,21,stenotrophomonas_maltophilia,Stenotrophomonas maltophilia,1,Ampicillin,0,0,0,,,
2,implicit_species_hypernetwork_no_enrichment,21,stenotrophomonas_maltophilia,Stenotrophomonas maltophilia,2,Azithromycin,0,0,0,,,
2,implicit_species_hypernetwork_no_enrichment,21,stenotrophomonas_maltophilia,Stenotrophomonas maltophilia,3,Ceftazidime,3,0,3,,,
2,implicit_species_hypernetwork_no_enrichment,21,stenotrophomonas_maltophilia,Stenotrophomonas maltophilia,4,Ceftolozane-Tazobactam,2,0,2,,,
2,implicit_species_hypernetwork_no_enrichment,21,stenotrophomonas_maltophilia,Stenotrophomonas maltophilia,5,Ceftriaxone,0,0,0,,,
2,implicit_species_hypernetwork_no_enrichment,21,stenotrophomonas_maltophilia,Stenotrophomonas maltophilia,6,Ciprofloxacin,0,0,0,,,
2,implicit_species_hypernetwork_no_enrichment,21,stenotrophomonas_maltophilia,Stenotrophomonas maltophilia,7,Clarithromycin,0,0,0,,,
2,implicit_species_hypernetwork_no_enrichment,21,stenotrophomonas_maltophilia,Stenotrophomonas maltophilia,8,Clindamycin,0,0,0,,,
2,implicit_species_hypernetwork_no_enrichment,21,stenotrophomonas_maltophilia,Stenotrophomonas maltophilia,9,Cotrimoxazole,436,0,436,,,
2,implicit_species_hypernetwork_no_enrichment,21,stenotrophomonas_maltophilia,Stenotrophomonas maltophilia,10,Ertapenem,0,0,0,,,
2,implicit_species_hypernetwork_no_enrichment,21,stenotrophomonas_maltophilia,Stenotrophomonas maltophilia,11,Erythromycin,0,0,0,,,
2,implicit_species_hypernetwork_no_enrichment,21,stenotrophomonas_maltophilia,Stenotrophomonas maltophilia,12,Fosfomycin,0,0,0,,,
2,implicit_species_hypernetwork_no_enrichment,21,stenotrophomonas_maltophilia,Stenotrophomonas maltophilia,13,Fusidic acid,0,0,0,,,
2,implicit_species_hypernetwork_no_enrichment,21,stenotrophomonas_maltophilia,Stenotrophomonas maltophilia,14,Gentamicin,0,0,0,,,
2,implicit_species_hypernetwork_no_enrichment,21,stenotrophomonas_maltophilia,Stenotrophomonas maltophilia,15,Imipenem,0,0,0,,,
2,implicit_species_hypernetwork_no_enrichment,21,stenotrophomonas_maltophilia,Stenotrophomonas maltophilia,16,Levofloxacin,5,0,5,,,
2,implicit_species_hypernetwork_no_enrichment,21,stenotrophomonas_maltophilia,Stenotrophomonas maltophilia,17,Linezolid,0,0,0,,,
2,implicit_species_hypernetwork_no_enrichment,21,stenotrophomonas_maltophilia,Stenotrophomonas maltophilia,18,Meropenem,0,0,0,,,
2,implicit_species_hypernetwork_no_enrichment,21,stenotrophomonas_maltophilia,Stenotrophomonas maltophilia,19,Moxifloxacin,2,0,2,,,
2,implicit_species_hypernetwork_no_enrichment,21,stenotrophomonas_maltophilia,Stenotrophomonas maltophilia,20,Mupirocin,0,0,0,,,
2,implicit_species_hypernetwork_no_enrichment,21,stenotrophomonas_maltophilia,Stenotrophomonas maltophilia,21,Nitrofurantoin,0,0,0,,,
2,implicit_species_hypernetwork_no_enrichment,21,stenotrophomonas_maltophilia,Stenotrophomonas maltophilia,22,Oxacillin,0,0,0,,,
2,implicit_species_hypernetwork_no_enrichment,21,stenotrophomonas_maltophilia,Stenotrophomonas maltophilia,23,Piperacillin-Tazobactam,0,0,0,,,
2,implicit_species_hypernetwork_no_enrichment,21,stenotrophomonas_maltophilia,Stenotrophomonas maltophilia,24,Rifampicin,2,0,2,,,
2,implicit_species_hypernetwork_no_enrichment,21,stenotrophomonas_maltophilia,Stenotrophomonas maltophilia,25,Teicoplanin,0,0,0,,,
2,implicit_species_hypernetwork_no_enrichment,21,stenotrophomonas_maltophilia,Stenotrophomonas maltophilia,26,Tetracycline,0,0,0,,,
2,implicit_species_hypernetwork_no_enrichment,21,stenotrophomonas_maltophilia,Stenotrophomonas maltophilia,27,Tigecycline,2,0,2,,,
2,implicit_species_hypernetwork_no_enrichment,21,stenotrophomonas_maltophilia,Stenotrophomonas maltophilia,28,Tobramycin,0,0,0,,,
2,implicit_species_hypernetwork_no_enrichment,21,stenotrophomonas_maltophilia,Stenotrophomonas maltophilia,29,Vancomycin,0,0,0,,,
2,implicit_species_hypernetwork_no_enrichment,22,streptococcus_pneumoniae,Streptococcus pneumoniae,0,Amikacin,0,0,0,,,
2,implicit_species_hypernetwork_no_enrichment,22,streptococcus_pneumoniae,Streptococcus pneumoniae,1,Ampicillin,56,56,0,,,
2,implicit_species_hypernetwork_no_enrichment,22,streptococcus_pneumoniae,Streptococcus pneumoniae,2,Azithromycin,62,58,4,0.36853448275862066,0.5560344827586207,0.1875
2,implicit_species_hypernetwork_no_enrichment,22,streptococcus_pneumoniae,Streptococcus pneumoniae,3,Ceftazidime,0,0,0,,,
2,implicit_species_hypernetwork_no_enrichment,22,streptococcus_pneumoniae,Streptococcus pneumoniae,4,Ceftolozane-Tazobactam,0,0,0,,,
2,implicit_species_hypernetwork_no_enrichment,22,streptococcus_pneumoniae,Streptococcus pneumoniae,5,Ceftriaxone,5,5,0,,,
2,implicit_species_hypernetwork_no_enrichment,22,streptococcus_pneumoniae,Streptococcus pneumoniae,6,Ciprofloxacin,0,0,0,,,
2,implicit_species_hypernetwork_no_enrichment,22,streptococcus_pneumoniae,Streptococcus pneumoniae,7,Clarithromycin,62,58,4,0.41379310344827586,0.6767241379310345,0.2629310344827586
2,implicit_species_hypernetwork_no_enrichment,22,streptococcus_pneumoniae,Streptococcus pneumoniae,8,Clindamycin,62,60,2,0.4291666666666667,0.7999999999999999,0.37083333333333324
2,implicit_species_hypernetwork_no_enrichment,22,streptococcus_pneumoniae,Streptococcus pneumoniae,9,Cotrimoxazole,60,58,2,0.33620689655172414,0.603448275862069,0.2672413793103448
2,implicit_species_hypernetwork_no_enrichment,22,streptococcus_pneumoniae,Streptococcus pneumoniae,10,Ertapenem,0,0,0,,,
2,implicit_species_hypernetwork_no_enrichment,22,streptococcus_pneumoniae,Streptococcus pneumoniae,11,Erythromycin,62,58,4,0.3706896551724138,0.6637931034482759,0.2931034482758621
2,implicit_species_hypernetwork_no_enrichment,22,streptococcus_pneumoniae,Streptococcus pneumoniae,12,Fosfomycin,0,0,0,,,
2,implicit_species_hypernetwork_no_enrichment,22,streptococcus_pneumoniae,Streptococcus pneumoniae,13,Fusidic acid,0,0,0,,,
2,implicit_species_hypernetwork_no_enrichment,22,streptococcus_pneumoniae,Streptococcus pneumoniae,14,Gentamicin,0,0,0,,,
2,implicit_species_hypernetwork_no_enrichment,22,streptococcus_pneumoniae,Streptococcus pneumoniae,15,Imipenem,0,0,0,,,
2,implicit_species_hypernetwork_no_enrichment,22,streptococcus_pneumoniae,Streptococcus pneumoniae,16,Levofloxacin,1,0,1,,,
2,implicit_species_hypernetwork_no_enrichment,22,streptococcus_pneumoniae,Streptococcus pneumoniae,17,Linezolid,62,62,0,,,
2,implicit_species_hypernetwork_no_enrichment,22,streptococcus_pneumoniae,Streptococcus pneumoniae,18,Meropenem,0,0,0,,,
2,implicit_species_hypernetwork_no_enrichment,22,streptococcus_pneumoniae,Streptococcus pneumoniae,19,Moxifloxacin,62,60,2,0.29583333333333334,0.5083333333333333,0.21249999999999997
2,implicit_species_hypernetwork_no_enrichment,22,streptococcus_pneumoniae,Streptococcus pneumoniae,20,Mupirocin,0,0,0,,,
2,implicit_species_hypernetwork_no_enrichment,22,streptococcus_pneumoniae,Streptococcus pneumoniae,21,Nitrofurantoin,0,0,0,,,
2,implicit_species_hypernetwork_no_enrichment,22,streptococcus_pneumoniae,Streptococcus pneumoniae,22,Oxacillin,0,0,0,,,
2,implicit_species_hypernetwork_no_enrichment,22,streptococcus_pneumoniae,Streptococcus pneumoniae,23,Piperacillin-Tazobactam,0,0,0,,,
2,implicit_species_hypernetwork_no_enrichment,22,streptococcus_pneumoniae,Streptococcus pneumoniae,24,Rifampicin,0,0,0,,,
2,implicit_species_hypernetwork_no_enrichment,22,streptococcus_pneumoniae,Streptococcus pneumoniae,25,Teicoplanin,0,0,0,,,
2,implicit_species_hypernetwork_no_enrichment,22,streptococcus_pneumoniae,Streptococcus pneumoniae,26,Tetracycline,1,0,1,,,
2,implicit_species_hypernetwork_no_enrichment,22,streptococcus_pneumoniae,Streptococcus pneumoniae,27,Tigecycline,0,0,0,,,
2,implicit_species_hypernetwork_no_enrichment,22,streptococcus_pneumoniae,Streptococcus pneumoniae,28,Tobramycin,0,0,0,,,
2,implicit_species_hypernetwork_no_enrichment,22,streptococcus_pneumoniae,Streptococcus pneumoniae,29,Vancomycin,60,60,0,,,
3,implicit_species_hypernetwork_no_enrichment,0,candida_albicans,Candida albicans,0,Amikacin,0,0,0,,,
3,implicit_species_hypernetwork_no_enrichment,0,candida_albicans,Candida albicans,1,Ampicillin,0,0,0,,,
3,implicit_species_hypernetwork_no_enrichment,0,candida_albicans,Candida albicans,2,Azithromycin,0,0,0,,,
3,implicit_species_hypernetwork_no_enrichment,0,candida_albicans,Candida albicans,3,Caspofungin,985,980,5,0.20122448979591837,0.37959183673469393,0.17836734693877557
3,implicit_species_hypernetwork_no_enrichment,0,candida_albicans,Candida albicans,4,Cefepime,0,0,0,,,
3,implicit_species_hypernetwork_no_enrichment,0,candida_albicans,Candida albicans,5,Ceftazidime,0,0,0,,,
3,implicit_species_hypernetwork_no_enrichment,0,candida_albicans,Candida albicans,6,Ceftazidime-Avibactam,0,0,0,,,
3,implicit_species_hypernetwork_no_enrichment,0,candida_albicans,Candida albicans,7,Ceftolozane-Tazobactam,0,0,0,,,
3,implicit_species_hypernetwork_no_enrichment,0,candida_albicans,Candida albicans,8,Ceftriaxone,0,0,0,,,
3,implicit_species_hypernetwork_no_enrichment,0,candida_albicans,Candida albicans,9,Ciprofloxacin,0,0,0,,,
3,implicit_species_hypernetwork_no_enrichment,0,candida_albicans,Candida albicans,10,Clarithromycin,0,0,0,,,
3,implicit_species_hypernetwork_no_enrichment,0,candida_albicans,Candida albicans,11,Clindamycin,0,0,0,,,
3,implicit_species_hypernetwork_no_enrichment,0,candida_albicans,Candida albicans,12,Cotrimoxazole,0,0,0,,,
3,implicit_species_hypernetwork_no_enrichment,0,candida_albicans,Candida albicans,13,Ertapenem,0,0,0,,,
3,implicit_species_hypernetwork_no_enrichment,0,candida_albicans,Candida albicans,14,Erythromycin,0,0,0,,,
3,implicit_species_hypernetwork_no_enrichment,0,candida_albicans,Candida albicans,15,Fosfomycin,0,0,0,,,
3,implicit_species_hypernetwork_no_enrichment,0,candida_albicans,Candida albicans,16,Fusidic acid,0,0,0,,,
3,implicit_species_hypernetwork_no_enrichment,0,candida_albicans,Candida albicans,17,Gentamicin,0,0,0,,,
3,implicit_species_hypernetwork_no_enrichment,0,candida_albicans,Candida albicans,18,Imipenem,0,0,0,,,
3,implicit_species_hypernetwork_no_enrichment,0,candida_albicans,Candida albicans,19,Levofloxacin,0,0,0,,,
3,implicit_species_hypernetwork_no_enrichment,0,candida_albicans,Candida albicans,20,Linezolid,0,0,0,,,
3,implicit_species_hypernetwork_no_enrichment,0,candida_albicans,Candida albicans,21,Meropenem,0,0,0,,,
3,implicit_species_hypernetwork_no_enrichment,0,candida_albicans,Candida albicans,22,Moxifloxacin,0,0,0,,,
3,implicit_species_hypernetwork_no_enrichment,0,candida_albicans,Candida albicans,23,Mupirocin,0,0,0,,,
3,implicit_species_hypernetwork_no_enrichment,0,candida_albicans,Candida albicans,24,Nitrofurantoin,0,0,0,,,
3,implicit_species_hypernetwork_no_enrichment,0,candida_albicans,Candida albicans,25,Oxacillin,0,0,0,,,
3,implicit_species_hypernetwork_no_enrichment,0,candida_albicans,Candida albicans,26,Piperacillin,0,0,0,,,
3,implicit_species_hypernetwork_no_enrichment,0,candida_albicans,Candida albicans,27,Piperacillin-Tazobactam,0,0,0,,,
3,implicit_species_hypernetwork_no_enrichment,0,candida_albicans,Candida albicans,28,Rifampicin,0,0,0,,,
3,implicit_species_hypernetwork_no_enrichment,0,candida_albicans,Candida albicans,29,Teicoplanin,0,0,0,,,
3,implicit_species_hypernetwork_no_enrichment,0,candida_albicans,Candida albicans,30,Tetracycline,0,0,0,,,
3,implicit_species_hypernetwork_no_enrichment,0,candida_albicans,Candida albicans,31,Tigecycline,0,0,0,,,
3,implicit_species_hypernetwork_no_enrichment,0,candida_albicans,Candida albicans,32,Tobramycin,0,0,0,,,
3,implicit_species_hypernetwork_no_enrichment,0,candida_albicans,Candida albicans,33,Vancomycin,0,0,0,,,
3,implicit_species_hypernetwork_no_enrichment,0,candida_albicans,Candida albicans,34,Voriconazole,1122,1116,6,0.6308990442054958,0.5104540023894862,-0.12044504181600957
3,implicit_species_hypernetwork_no_enrichment,1,citrobacter_freundii,Citrobacter freundii,0,Amikacin,0,0,0,,,
3,implicit_species_hypernetwork_no_enrichment,1,citrobacter_freundii,Citrobacter freundii,1,Ampicillin,441,15,426,0.5,0.5825508607198748,0.08255086071987483
3,implicit_species_hypernetwork_no_enrichment,1,citrobacter_freundii,Citrobacter freundii,2,Azithromycin,0,0,0,,,
3,implicit_species_hypernetwork_no_enrichment,1,citrobacter_freundii,Citrobacter freundii,3,Caspofungin,0,0,0,,,
3,implicit_species_hypernetwork_no_enrichment,1,citrobacter_freundii,Citrobacter freundii,4,Cefepime,0,0,0,,,
3,implicit_species_hypernetwork_no_enrichment,1,citrobacter_freundii,Citrobacter freundii,5,Ceftazidime,440,254,186,0.4337376174752349,0.7600859368385403,0.3263483193633054
3,implicit_species_hypernetwork_no_enrichment,1,citrobacter_freundii,Citrobacter freundii,6,Ceftazidime-Avibactam,0,0,0,,,
3,implicit_species_hypernetwork_no_enrichment,1,citrobacter_freundii,Citrobacter freundii,7,Ceftolozane-Tazobactam,0,0,0,,,
3,implicit_species_hypernetwork_no_enrichment,1,citrobacter_freundii,Citrobacter freundii,8,Ceftriaxone,313,178,135,0.4108614232209738,0.798501872659176,0.38764044943820225
3,implicit_species_hypernetwork_no_enrichment,1,citrobacter_freundii,Citrobacter freundii,9,Ciprofloxacin,441,399,42,0.462764052989617,0.6497195369375821,0.18695548394796513
3,implicit_species_hypernetwork_no_enrichment,1,citrobacter_freundii,Citrobacter freundii,10,Clarithromycin,0,0,0,,,
3,implicit_species_hypernetwork_no_enrichment,1,citrobacter_freundii,Citrobacter freundii,11,Clindamycin,0,0,0,,,
3,implicit_species_hypernetwork_no_enrichment,1,citrobacter_freundii,Citrobacter freundii,12,Cotrimoxazole,441,410,31,0.383831628638867,0.5815892997639653,0.19775767112509834
3,implicit_species_hypernetwork_no_enrichment,1,citrobacter_freundii,Citrobacter freundii,13,Ertapenem,1,0,1,,,
3,implicit_species_hypernetwork_no_enrichment,1,citrobacter_freundii,Citrobacter freundii,14,Erythromycin,0,0,0,,,
3,implicit_species_hypernetwork_no_enrichment,1,citrobacter_freundii,Citrobacter freundii,15,Fosfomycin,98,98,0,,,
3,implicit_species_hypernetwork_no_enrichment,1,citrobacter_freundii,Citrobacter freundii,16,Fusidic acid,0,0,0,,,
3,implicit_species_hypernetwork_no_enrichment,1,citrobacter_freundii,Citrobacter freundii,17,Gentamicin,441,172,269,0.5478516469266016,0.5112064493818622,-0.03664519754473938
3,implicit_species_hypernetwork_no_enrichment,1,citrobacter_freundii,Citrobacter freundii,18,Imipenem,440,430,10,0.5191860465116279,0.6474418604651162,0.12825581395348828
3,implicit_species_hypernetwork_no_enrichment,1,citrobacter_freundii,Citrobacter freundii,19,Levofloxacin,0,0,0,,,
3,implicit_species_hypernetwork_no_enrichment,1,citrobacter_freundii,Citrobacter freundii,20,Linezolid,0,0,0,,,
3,implicit_species_hypernetwork_no_enrichment,1,citrobacter_freundii,Citrobacter freundii,21,Meropenem,440,431,9,0.4814385150812065,0.7126836813611757,0.23124516627996916
3,implicit_species_hypernetwork_no_enrichment,1,citrobacter_freundii,Citrobacter freundii,22,Moxifloxacin,323,221,102,0.44306184012066363,0.5757918552036199,0.13273001508295623
3,implicit_species_hypernetwork_no_enrichment,1,citrobacter_freundii,Citrobacter freundii,23,Mupirocin,0,0,0,,,
3,implicit_species_hypernetwork_no_enrichment,1,citrobacter_freundii,Citrobacter freundii,24,Nitrofurantoin,0,0,0,,,
3,implicit_species_hypernetwork_no_enrichment,1,citrobacter_freundii,Citrobacter freundii,25,Oxacillin,0,0,0,,,
3,implicit_species_hypernetwork_no_enrichment,1,citrobacter_freundii,Citrobacter freundii,26,Piperacillin,0,0,0,,,
3,implicit_species_hypernetwork_no_enrichment,1,citrobacter_freundii,Citrobacter freundii,27,Piperacillin-Tazobactam,441,253,188,0.43499285173660757,0.7584412580943571,0.3234484063577496
3,implicit_species_hypernetwork_no_enrichment,1,citrobacter_freundii,Citrobacter freundii,28,Rifampicin,0,0,0,,,
3,implicit_species_hypernetwork_no_enrichment,1,citrobacter_freundii,Citrobacter freundii,29,Teicoplanin,0,0,0,,,
3,implicit_species_hypernetwork_no_enrichment,1,citrobacter_freundii,Citrobacter freundii,30,Tetracycline,0,0,0,,,
3,implicit_species_hypernetwork_no_enrichment,1,citrobacter_freundii,Citrobacter freundii,31,Tigecycline,0,0,0,,,
3,implicit_species_hypernetwork_no_enrichment,1,citrobacter_freundii,Citrobacter freundii,32,Tobramycin,0,0,0,,,
3,implicit_species_hypernetwork_no_enrichment,1,citrobacter_freundii,Citrobacter freundii,33,Vancomycin,0,0,0,,,
3,implicit_species_hypernetwork_no_enrichment,1,citrobacter_freundii,Citrobacter freundii,34,Voriconazole,0,0,0,,,
3,implicit_species_hypernetwork_no_enrichment,2,citrobacter_koseri,Citrobacter koseri,0,Amikacin,0,0,0,,,
3,implicit_species_hypernetwork_no_enrichment,2,citrobacter_koseri,Citrobacter koseri,1,Ampicillin,446,0,446,,,
3,implicit_species_hypernetwork_no_enrichment,2,citrobacter_koseri,Citrobacter koseri,2,Azithromycin,0,0,0,,,
3,implicit_species_hypernetwork_no_enrichment,2,citrobacter_koseri,Citrobacter koseri,3,Caspofungin,0,0,0,,,
3,implicit_species_hypernetwork_no_enrichment,2,citrobacter_koseri,Citrobacter koseri,4,Cefepime,0,0,0,,,
3,implicit_species_hypernetwork_no_enrichment,2,citrobacter_koseri,Citrobacter koseri,5,Ceftazidime,446,427,19,0.5717367188462961,0.7605078269444102,0.18877110809811415
3,implicit_species_hypernetwork_no_enrichment,2,citrobacter_koseri,Citrobacter koseri,6,Ceftazidime-Avibactam,0,0,0,,,
3,implicit_species_hypernetwork_no_enrichment,2,citrobacter_koseri,Citrobacter koseri,7,Ceftolozane-Tazobactam,0,0,0,,,
3,implicit_species_hypernetwork_no_enrichment,2,citrobacter_koseri,Citrobacter koseri,8,Ceftriaxone,270,259,11,0.643032643032643,0.7734292734292734,0.1303966303966304
3,implicit_species_hypernetwork_no_enrichment,2,citrobacter_koseri,Citrobacter koseri,9,Ciprofloxacin,446,442,4,0.3964932126696832,0.5913461538461539,0.19485294117647067
3,implicit_species_hypernetwork_no_enrichment,2,citrobacter_koseri,Citrobacter koseri,10,Clarithromycin,0,0,0,,,
3,implicit_species_hypernetwork_no_enrichment,2,citrobacter_koseri,Citrobacter koseri,11,Clindamycin,0,0,0,,,
3,implicit_species_hypernetwork_no_enrichment,2,citrobacter_koseri,Citrobacter koseri,12,Cotrimoxazole,446,443,3,0.46200150489089536,0.3686982693754703,-0.09330323551542508
3,implicit_species_hypernetwork_no_enrichment,2,citrobacter_koseri,Citrobacter koseri,13,Ertapenem,0,0,0,,,
3,implicit_species_hypernetwork_no_enrichment,2,citrobacter_koseri,Citrobacter koseri,14,Erythromycin,0,0,0,,,
3,implicit_species_hypernetwork_no_enrichment,2,citrobacter_koseri,Citrobacter koseri,15,Fosfomycin,136,135,1,0.09259259259259262,0.1333333333333333,0.04074074074074069
3,implicit_species_hypernetwork_no_enrichment,2,citrobacter_koseri,Citrobacter koseri,16,Fusidic acid,0,0,0,,,
3,implicit_species_hypernetwork_no_enrichment,2,citrobacter_koseri,Citrobacter koseri,17,Gentamicin,440,167,273,0.4982891360136869,0.5553069684806211,0.057017832466934204
3,implicit_species_hypernetwork_no_enrichment,2,citrobacter_koseri,Citrobacter koseri,18,Imipenem,446,444,2,0.2725225225225225,0.2736486486486487,0.0011261261261261701
3,implicit_species_hypernetwork_no_enrichment,2,citrobacter_koseri,Citrobacter koseri,19,Levofloxacin,0,0,0,,,
3,implicit_species_hypernetwork_no_enrichment,2,citrobacter_koseri,Citrobacter koseri,20,Linezolid,0,0,0,,,
3,implicit_species_hypernetwork_no_enrichment,2,citrobacter_koseri,Citrobacter koseri,21,Meropenem,446,445,1,0.250561797752809,0.4314606741573034,0.18089887640449437
3,implicit_species_hypernetwork_no_enrichment,2,citrobacter_koseri,Citrobacter koseri,22,Moxifloxacin,275,255,20,0.37549019607843137,0.6383333333333334,0.26284313725490205
3,implicit_species_hypernetwork_no_enrichment,2,citrobacter_koseri,Citrobacter koseri,23,Mupirocin,0,0,0,,,
3,implicit_species_hypernetwork_no_enrichment,2,citrobacter_koseri,Citrobacter koseri,24,Nitrofurantoin,0,0,0,,,
3,implicit_species_hypernetwork_no_enrichment,2,citrobacter_koseri,Citrobacter koseri,25,Oxacillin,0,0,0,,,
3,implicit_species_hypernetwork_no_enrichment,2,citrobacter_koseri,Citrobacter koseri,26,Piperacillin,0,0,0,,,
3,implicit_species_hypernetwork_no_enrichment,2,citrobacter_koseri,Citrobacter koseri,27,Piperacillin-Tazobactam,446,398,48,0.5058626465661642,0.653999162479062,0.14813651591289778
3,implicit_species_hypernetwork_no_enrichment,2,citrobacter_koseri,Citrobacter koseri,28,Rifampicin,0,0,0,,,
3,implicit_species_hypernetwork_no_enrichment,2,citrobacter_koseri,Citrobacter koseri,29,Teicoplanin,0,0,0,,,
3,implicit_species_hypernetwork_no_enrichment,2,citrobacter_koseri,Citrobacter koseri,30,Tetracycline,0,0,0,,,
3,implicit_species_hypernetwork_no_enrichment,2,citrobacter_koseri,Citrobacter koseri,31,Tigecycline,0,0,0,,,
3,implicit_species_hypernetwork_no_enrichment,2,citrobacter_koseri,Citrobacter koseri,32,Tobramycin,0,0,0,,,
3,implicit_species_hypernetwork_no_enrichment,2,citrobacter_koseri,Citrobacter koseri,33,Vancomycin,0,0,0,,,
3,implicit_species_hypernetwork_no_enrichment,2,citrobacter_koseri,Citrobacter koseri,34,Voriconazole,0,0,0,,,
3,implicit_species_hypernetwork_no_enrichment,3,enterobacter_cloacae_complex,Enterobacter cloacae complex,0,Amikacin,1,0,1,,,
3,implicit_species_hypernetwork_no_enrichment,3,enterobacter_cloacae_complex,Enterobacter cloacae complex,1,Ampicillin,1540,12,1528,0.5,0.689654232111693,0.18965423211169297
3,implicit_species_hypernetwork_no_enrichment,3,enterobacter_cloacae_complex,Enterobacter cloacae complex,2,Azithromycin,0,0,0,,,
3,implicit_species_hypernetwork_no_enrichment,3,enterobacter_cloacae_complex,Enterobacter cloacae complex,3,Caspofungin,0,0,0,,,
3,implicit_species_hypernetwork_no_enrichment,3,enterobacter_cloacae_complex,Enterobacter cloacae complex,4,Cefepime,1,1,0,,,
3,implicit_species_hypernetwork_no_enrichment,3,enterobacter_cloacae_complex,Enterobacter cloacae complex,5,Ceftazidime,1542,951,591,0.4638807489133355,0.7716091886534968,0.3077284397401613
3,implicit_species_hypernetwork_no_enrichment,3,enterobacter_cloacae_complex,Enterobacter cloacae complex,6,Ceftazidime-Avibactam,1,1,0,,,
3,implicit_species_hypernetwork_no_enrichment,3,enterobacter_cloacae_complex,Enterobacter cloacae complex,7,Ceftolozane-Tazobactam,1,1,0,,,
3,implicit_species_hypernetwork_no_enrichment,3,enterobacter_cloacae_complex,Enterobacter cloacae complex,8,Ceftriaxone,1155,709,446,0.4384530729189726,0.7942690709456255,0.35581599802665287
3,implicit_species_hypernetwork_no_enrichment,3,enterobacter_cloacae_complex,Enterobacter cloacae complex,9,Ciprofloxacin,1542,1478,64,0.45698896312584575,0.6383097936400541,0.1813208305142084
3,implicit_species_hypernetwork_no_enrichment,3,enterobacter_cloacae_complex,Enterobacter cloacae complex,10,Clarithromycin,0,0,0,,,
3,implicit_species_hypernetwork_no_enrichment,3,enterobacter_cloacae_complex,Enterobacter cloacae complex,11,Clindamycin,1,0,1,,,
3,implicit_species_hypernetwork_no_enrichment,3,enterobacter_cloacae_complex,Enterobacter cloacae complex,12,Cotrimoxazole,1542,1463,79,0.509426616022219,0.6454571411266947,0.13603052510447577
3,implicit_species_hypernetwork_no_enrichment,3,enterobacter_cloacae_complex,Enterobacter cloacae complex,13,Ertapenem,2,1,1,1.0,1.0,0.0
3,implicit_species_hypernetwork_no_enrichment,3,enterobacter_cloacae_complex,Enterobacter cloacae complex,14,Erythromycin,1,0,1,,,
3,implicit_species_hypernetwork_no_enrichment,3,enterobacter_cloacae_complex,Enterobacter cloacae complex,15,Fosfomycin,278,122,156,0.5063577133249264,0.5069094157208911,0.0005517023959646927
3,implicit_species_hypernetwork_no_enrichment,3,enterobacter_cloacae_complex,Enterobacter cloacae complex,16,Fusidic acid,0,0,0,,,
3,implicit_species_hypernetwork_no_enrichment,3,enterobacter_cloacae_complex,Enterobacter cloacae complex,17,Gentamicin,1540,605,935,0.5118230432668935,0.5158827948910594,0.0040597516241658305
3,implicit_species_hypernetwork_no_enrichment,3,enterobacter_cloacae_complex,Enterobacter cloacae complex,18,Imipenem,1542,1512,30,0.5247134038800706,0.6046075837742504,0.0798941798941798
3,implicit_species_hypernetwork_no_enrichment,3,enterobacter_cloacae_complex,Enterobacter cloacae complex,19,Levofloxacin,0,0,0,,,
3,implicit_species_hypernetwork_no_enrichment,3,enterobacter_cloacae_complex,Enterobacter cloacae complex,20,Linezolid,1,1,0,,,
3,implicit_species_hypernetwork_no_enrichment,3,enterobacter_cloacae_complex,Enterobacter cloacae complex,21,Meropenem,1542,1529,13,0.487246566383257,0.7283543794335161,0.24110781305025913
3,implicit_species_hypernetwork_no_enrichment,3,enterobacter_cloacae_complex,Enterobacter cloacae complex,22,Moxifloxacin,1223,1088,135,0.47515318627450975,0.6012765522875817,0.12612336601307195
3,implicit_species_hypernetwork_no_enrichment,3,enterobacter_cloacae_complex,Enterobacter cloacae complex,23,Mupirocin,0,0,0,,,
3,implicit_species_hypernetwork_no_enrichment,3,enterobacter_cloacae_complex,Enterobacter cloacae complex,24,Nitrofurantoin,0,0,0,,,
3,implicit_species_hypernetwork_no_enrichment,3,enterobacter_cloacae_complex,Enterobacter cloacae complex,25,Oxacillin,0,0,0,,,
3,implicit_species_hypernetwork_no_enrichment,3,enterobacter_cloacae_complex,Enterobacter cloacae complex,26,Piperacillin,2,2,0,,,
3,implicit_species_hypernetwork_no_enrichment,3,enterobacter_cloacae_complex,Enterobacter cloacae complex,27,Piperacillin-Tazobactam,1543,942,601,0.4614487178128455,0.7683982110495248,0.30694949323667925
3,implicit_species_hypernetwork_no_enrichment,3,enterobacter_cloacae_complex,Enterobacter cloacae complex,28,Rifampicin,0,0,0,,,
3,implicit_species_hypernetwork_no_enrichment,3,enterobacter_cloacae_complex,Enterobacter cloacae complex,29,Teicoplanin,0,0,0,,,
3,implicit_species_hypernetwork_no_enrichment,3,enterobacter_cloacae_complex,Enterobacter cloacae complex,30,Tetracycline,0,0,0,,,
3,implicit_species_hypernetwork_no_enrichment,3,enterobacter_cloacae_complex,Enterobacter cloacae complex,31,Tigecycline,1,1,0,,,
3,implicit_species_hypernetwork_no_enrichment,3,enterobacter_cloacae_complex,Enterobacter cloacae complex,32,Tobramycin,1,0,1,,,
3,implicit_species_hypernetwork_no_enrichment,3,enterobacter_cloacae_complex,Enterobacter cloacae complex,33,Vancomycin,1,1,0,,,
3,implicit_species_hypernetwork_no_enrichment,3,enterobacter_cloacae_complex,Enterobacter cloacae complex,34,Voriconazole,0,0,0,,,
3,implicit_species_hypernetwork_no_enrichment,4,enterococcus_faecalis,Enterococcus faecalis,0,Amikacin,0,0,0,,,
3,implicit_species_hypernetwork_no_enrichment,4,enterococcus_faecalis,Enterococcus faecalis,1,Ampicillin,4189,4180,9,0.421424774056353,0.5086124401913875,0.08718766613503454
3,implicit_species_hypernetwork_no_enrichment,4,enterococcus_faecalis,Enterococcus faecalis,2,Azithromycin,0,0,0,,,
3,implicit_species_hypernetwork_no_enrichment,4,enterococcus_faecalis,Enterococcus faecalis,3,Caspofungin,0,0,0,,,
3,implicit_species_hypernetwork_no_enrichment,4,enterococcus_faecalis,Enterococcus faecalis,4,Cefepime,0,0,0,,,
3,implicit_species_hypernetwork_no_enrichment,4,enterococcus_faecalis,Enterococcus faecalis,5,Ceftazidime,71,0,71,,,
3,implicit_species_hypernetwork_no_enrichment,4,enterococcus_faecalis,Enterococcus faecalis,6,Ceftazidime-Avibactam,0,0,0,,,
3,implicit_species_hypernetwork_no_enrichment,4,enterococcus_faecalis,Enterococcus faecalis,7,Ceftolozane-Tazobactam,0,0,0,,,
3,implicit_species_hypernetwork_no_enrichment,4,enterococcus_faecalis,Enterococcus faecalis,8,Ceftriaxone,0,0,0,,,
3,implicit_species_hypernetwork_no_enrichment,4,enterococcus_faecalis,Enterococcus faecalis,9,Ciprofloxacin,0,0,0,,,
3,implicit_species_hypernetwork_no_enrichment,4,enterococcus_faecalis,Enterococcus faecalis,10,Clarithromycin,0,0,0,,,
3,implicit_species_hypernetwork_no_enrichment,4,enterococcus_faecalis,Enterococcus faecalis,11,Clindamycin,4145,0,4145,,,
3,implicit_species_hypernetwork_no_enrichment,4,enterococcus_faecalis,Enterococcus faecalis,12,Cotrimoxazole,0,0,0,,,
3,implicit_species_hypernetwork_no_enrichment,4,enterococcus_faecalis,Enterococcus faecalis,13,Ertapenem,0,0,0,,,
3,implicit_species_hypernetwork_no_enrichment,4,enterococcus_faecalis,Enterococcus faecalis,14,Erythromycin,4100,0,4100,,,
3,implicit_species_hypernetwork_no_enrichment,4,enterococcus_faecalis,Enterococcus faecalis,15,Fosfomycin,0,0,0,,,
3,implicit_species_hypernetwork_no_enrichment,4,enterococcus_faecalis,Enterococcus faecalis,16,Fusidic acid,0,0,0,,,
3,implicit_species_hypernetwork_no_enrichment,4,enterococcus_faecalis,Enterococcus faecalis,17,Gentamicin,0,0,0,,,
3,implicit_species_hypernetwork_no_enrichment,4,enterococcus_faecalis,Enterococcus faecalis,18,Imipenem,4186,2565,1621,0.5396752900827708,0.9042822458160619,0.36460695573329105
3,implicit_species_hypernetwork_no_enrichment,4,enterococcus_faecalis,Enterococcus faecalis,19,Levofloxacin,0,0,0,,,
3,implicit_species_hypernetwork_no_enrichment,4,enterococcus_faecalis,Enterococcus faecalis,20,Linezolid,4122,4113,9,0.5642137396331416,0.5527190209903557,-0.01149471864278584
3,implicit_species_hypernetwork_no_enrichment,4,enterococcus_faecalis,Enterococcus faecalis,21,Meropenem,71,0,71,,,
3,implicit_species_hypernetwork_no_enrichment,4,enterococcus_faecalis,Enterococcus faecalis,22,Moxifloxacin,1,1,0,,,
3,implicit_species_hypernetwork_no_enrichment,4,enterococcus_faecalis,Enterococcus faecalis,23,Mupirocin,0,0,0,,,
3,implicit_species_hypernetwork_no_enrichment,4,enterococcus_faecalis,Enterococcus faecalis,24,Nitrofurantoin,1903,1888,15,0.5813735875706214,0.6199152542372881,0.038541666666666696
3,implicit_species_hypernetwork_no_enrichment,4,enterococcus_faecalis,Enterococcus faecalis,25,Oxacillin,0,0,0,,,
3,implicit_species_hypernetwork_no_enrichment,4,enterococcus_faecalis,Enterococcus faecalis,26,Piperacillin,0,0,0,,,
3,implicit_species_hypernetwork_no_enrichment,4,enterococcus_faecalis,Enterococcus faecalis,27,Piperacillin-Tazobactam,67,67,0,,,
3,implicit_species_hypernetwork_no_enrichment,4,enterococcus_faecalis,Enterococcus faecalis,28,Rifampicin,0,0,0,,,
3,implicit_species_hypernetwork_no_enrichment,4,enterococcus_faecalis,Enterococcus faecalis,29,Teicoplanin,3,3,0,,,
3,implicit_species_hypernetwork_no_enrichment,4,enterococcus_faecalis,Enterococcus faecalis,30,Tetracycline,0,0,0,,,
3,implicit_species_hypernetwork_no_enrichment,4,enterococcus_faecalis,Enterococcus faecalis,31,Tigecycline,4133,4133,0,,,
3,implicit_species_hypernetwork_no_enrichment,4,enterococcus_faecalis,Enterococcus faecalis,32,Tobramycin,0,0,0,,,
3,implicit_species_hypernetwork_no_enrichment,4,enterococcus_faecalis,Enterococcus faecalis,33,Vancomycin,4185,4181,4,0.4322231523558957,0.32859961731643145,-0.10362353503946425
3,implicit_species_hypernetwork_no_enrichment,4,enterococcus_faecalis,Enterococcus faecalis,34,Voriconazole,0,0,0,,,
3,implicit_species_hypernetwork_no_enrichment,5,enterococcus_faecium,Enterococcus faecium,0,Amikacin,0,0,0,,,
3,implicit_species_hypernetwork_no_enrichment,5,enterococcus_faecium,Enterococcus faecium,1,Ampicillin,2468,155,2313,0.5765030751851388,0.8251900199433775,0.24868694475823871
3,implicit_species_hypernetwork_no_enrichment,5,enterococcus_faecium,Enterococcus faecium,2,Azithromycin,0,0,0,,,
3,implicit_species_hypernetwork_no_enrichment,5,enterococcus_faecium,Enterococcus faecium,3,Caspofungin,0,0,0,,,
3,implicit_species_hypernetwork_no_enrichment,5,enterococcus_faecium,Enterococcus faecium,4,Cefepime,0,0,0,,,
3,implicit_species_hypernetwork_no_enrichment,5,enterococcus_faecium,Enterococcus faecium,5,Ceftazidime,20,0,20,,,
3,implicit_species_hypernetwork_no_enrichment,5,enterococcus_faecium,Enterococcus faecium,6,Ceftazidime-Avibactam,0,0,0,,,
3,implicit_species_hypernetwork_no_enrichment,5,enterococcus_faecium,Enterococcus faecium,7,Ceftolozane-Tazobactam,0,0,0,,,
3,implicit_species_hypernetwork_no_enrichment,5,enterococcus_faecium,Enterococcus faecium,8,Ceftriaxone,0,0,0,,,
3,implicit_species_hypernetwork_no_enrichment,5,enterococcus_faecium,Enterococcus faecium,9,Ciprofloxacin,0,0,0,,,
3,implicit_species_hypernetwork_no_enrichment,5,enterococcus_faecium,Enterococcus faecium,10,Clarithromycin,0,0,0,,,
3,implicit_species_hypernetwork_no_enrichment,5,enterococcus_faecium,Enterococcus faecium,11,Clindamycin,2452,0,2452,,,
3,implicit_species_hypernetwork_no_enrichment,5,enterococcus_faecium,Enterococcus faecium,12,Cotrimoxazole,0,0,0,,,
3,implicit_species_hypernetwork_no_enrichment,5,enterococcus_faecium,Enterococcus faecium,13,Ertapenem,0,0,0,,,
3,implicit_species_hypernetwork_no_enrichment,5,enterococcus_faecium,Enterococcus faecium,14,Erythromycin,2431,0,2431,,,
3,implicit_species_hypernetwork_no_enrichment,5,enterococcus_faecium,Enterococcus faecium,15,Fosfomycin,2,0,2,,,
3,implicit_species_hypernetwork_no_enrichment,5,enterococcus_faecium,Enterococcus faecium,16,Fusidic acid,0,0,0,,,
3,implicit_species_hypernetwork_no_enrichment,5,enterococcus_faecium,Enterococcus faecium,17,Gentamicin,0,0,0,,,
3,implicit_species_hypernetwork_no_enrichment,5,enterococcus_faecium,Enterococcus faecium,18,Imipenem,2468,87,2381,0.5051074840572154,0.8106272357311475,0.3055197516739321
3,implicit_species_hypernetwork_no_enrichment,5,enterococcus_faecium,Enterococcus faecium,19,Levofloxacin,0,0,0,,,
3,implicit_species_hypernetwork_no_enrichment,5,enterococcus_faecium,Enterococcus faecium,20,Linezolid,2449,2369,80,0.5250527648796961,0.5886449978894048,0.06359223300970873
3,implicit_species_hypernetwork_no_enrichment,5,enterococcus_faecium,Enterococcus faecium,21,Meropenem,20,0,20,,,
3,implicit_species_hypernetwork_no_enrichment,5,enterococcus_faecium,Enterococcus faecium,22,Moxifloxacin,3,0,3,,,
3,implicit_species_hypernetwork_no_enrichment,5,enterococcus_faecium,Enterococcus faecium,23,Mupirocin,0,0,0,,,
3,implicit_species_hypernetwork_no_enrichment,5,enterococcus_faecium,Enterococcus faecium,24,Nitrofurantoin,0,0,0,,,
3,implicit_species_hypernetwork_no_enrichment,5,enterococcus_faecium,Enterococcus faecium,25,Oxacillin,0,0,0,,,
3,implicit_species_hypernetwork_no_enrichment,5,enterococcus_faecium,Enterococcus faecium,26,Piperacillin,0,0,0,,,
3,implicit_species_hypernetwork_no_enrichment,5,enterococcus_faecium,Enterococcus faecium,27,Piperacillin-Tazobactam,21,3,18,0.38888888888888895,0.46296296296296297,0.07407407407407401
3,implicit_species_hypernetwork_no_enrichment,5,enterococcus_faecium,Enterococcus faecium,28,Rifampicin,0,0,0,,,
3,implicit_species_hypernetwork_no_enrichment,5,enterococcus_faecium,Enterococcus faecium,29,Teicoplanin,133,85,48,0.5052696078431373,0.2042892156862745,-0.30098039215686284
3,implicit_species_hypernetwork_no_enrichment,5,enterococcus_faecium,Enterococcus faecium,30,Tetracycline,0,0,0,,,
3,implicit_species_hypernetwork_no_enrichment,5,enterococcus_faecium,Enterococcus faecium,31,Tigecycline,2436,2435,1,0.4634496919917864,0.15030800821355234,-0.3131416837782341
3,implicit_species_hypernetwork_no_enrichment,5,enterococcus_faecium,Enterococcus faecium,32,Tobramycin,0,0,0,,,
3,implicit_species_hypernetwork_no_enrichment,5,enterococcus_faecium,Enterococcus faecium,33,Vancomycin,2469,1342,1127,0.4669420285447166,0.7892357616927417,0.32229373314802506
3,implicit_species_hypernetwork_no_enrichment,5,enterococcus_faecium,Enterococcus faecium,34,Voriconazole,0,0,0,,,
3,implicit_species_hypernetwork_no_enrichment,6,escherichia_coli,Escherichia coli,0,Amikacin,3,3,0,,,
3,implicit_species_hypernetwork_no_enrichment,6,escherichia_coli,Escherichia coli,1,Ampicillin,9495,4383,5112,0.5092090269454076,0.646819234544336,0.1376102075989284
3,implicit_species_hypernetwork_no_enrichment,6,escherichia_coli,Escherichia coli,2,Azithromycin,0,0,0,,,
3,implicit_species_hypernetwork_no_enrichment,6,escherichia_coli,Escherichia coli,3,Caspofungin,0,0,0,,,
3,implicit_species_hypernetwork_no_enrichment,6,escherichia_coli,Escherichia coli,4,Cefepime,3,1,2,0.0,0.5,0.5
3,implicit_species_hypernetwork_no_enrichment,6,escherichia_coli,Escherichia coli,5,Ceftazidime,9497,7651,1846,0.4845258120614743,0.7528059128222782,0.26828010076080383
3,implicit_species_hypernetwork_no_enrichment,6,escherichia_coli,Escherichia coli,6,Ceftazidime-Avibactam,0,0,0,,,
3,implicit_species_hypernetwork_no_enrichment,6,escherichia_coli,Escherichia coli,7,Ceftolozane-Tazobactam,0,0,0,,,
3,implicit_species_hypernetwork_no_enrichment,6,escherichia_coli,Escherichia coli,8,Ceftriaxone,4177,3214,963,0.4640663801476018,0.8355806082035953,0.37151422805599343
3,implicit_species_hypernetwork_no_enrichment,6,escherichia_coli,Escherichia coli,9,Ciprofloxacin,9490,7448,2042,0.5263513609474925,0.7274398283206267,0.20108846737313424
3,implicit_species_hypernetwork_no_enrichment,6,escherichia_coli,Escherichia coli,10,Clarithromycin,0,0,0,,,
3,implicit_species_hypernetwork_no_enrichment,6,escherichia_coli,Escherichia coli,11,Clindamycin,1,1,0,,,
3,implicit_species_hypernetwork_no_enrichment,6,escherichia_coli,Escherichia coli,12,Cotrimoxazole,9490,6929,2561,0.5453120508460642,0.626214041692136,0.08090199084607186
3,implicit_species_hypernetwork_no_enrichment,6,escherichia_coli,Escherichia coli,13,Ertapenem,601,596,5,0.8399328859060403,0.30016778523489934,-0.539765100671141
3,implicit_species_hypernetwork_no_enrichment,6,escherichia_coli,Escherichia coli,14,Erythromycin,1,1,0,,,
3,implicit_species_hypernetwork_no_enrichment,6,escherichia_coli,Escherichia coli,15,Fosfomycin,2797,2753,44,0.5258313245054982,0.6278481326156589,0.10201680811016067
3,implicit_species_hypernetwork_no_enrichment,6,escherichia_coli,Escherichia coli,16,Fusidic acid,0,0,0,,,
3,implicit_species_hypernetwork_no_enrichment,6,escherichia_coli,Escherichia coli,17,Gentamicin,9357,3114,6243,0.5002931992887911,0.5705214245864166,0.07022822529762551
3,implicit_species_hypernetwork_no_enrichment,6,escherichia_coli,Escherichia coli,18,Imipenem,9492,9471,21,0.5441900337370721,0.7413357064925009,0.19714567275542882
3,implicit_species_hypernetwork_no_enrichment,6,escherichia_coli,Escherichia coli,19,Levofloxacin,1,1,0,,,
3,implicit_species_hypernetwork_no_enrichment,6,escherichia_coli,Escherichia coli,20,Linezolid,1,1,0,,,
3,implicit_species_hypernetwork_no_enrichment,6,escherichia_coli,Escherichia coli,21,Meropenem,9495,9474,21,0.554645797521035,0.7696100606170271,0.21496426309599204
3,implicit_species_hypernetwork_no_enrichment,6,escherichia_coli,Escherichia coli,22,Moxifloxacin,4332,2887,1445,0.5057653746720473,0.7551556134587334,0.2493902387866861
3,implicit_species_hypernetwork_no_enrichment,6,escherichia_coli,Escherichia coli,23,Mupirocin,0,0,0,,,
3,implicit_species_hypernetwork_no_enrichment,6,escherichia_coli,Escherichia coli,24,Nitrofurantoin,5157,5082,75,0.5616450216450216,0.58925357470812,0.027608553063098396
3,implicit_species_hypernetwork_no_enrichment,6,escherichia_coli,Escherichia coli,25,Oxacillin,1,1,0,,,
3,implicit_species_hypernetwork_no_enrichment,6,escherichia_coli,Escherichia coli,26,Piperacillin,4,1,3,0.0,0.3333333333333333,0.3333333333333333
3,implicit_species_hypernetwork_no_enrichment,6,escherichia_coli,Escherichia coli,27,Piperacillin-Tazobactam,9446,7276,2170,0.48420430276421694,0.7233537189370775,0.2391494161728605
3,implicit_species_hypernetwork_no_enrichment,6,escherichia_coli,Escherichia coli,28,Rifampicin,1,1,0,,,
3,implicit_species_hypernetwork_no_enrichment,6,escherichia_coli,Escherichia coli,29,Teicoplanin,0,0,0,,,
3,implicit_species_hypernetwork_no_enrichment,6,escherichia_coli,Escherichia coli,30,Tetracycline,1,0,1,,,
3,implicit_species_hypernetwork_no_enrichment,6,escherichia_coli,Escherichia coli,31,Tigecycline,5,5,0,,,
3,implicit_species_hypernetwork_no_enrichment,6,escherichia_coli,Escherichia coli,32,Tobramycin,3,3,0,,,
3,implicit_species_hypernetwork_no_enrichment,6,escherichia_coli,Escherichia coli,33,Vancomycin,1,1,0,,,
3,implicit_species_hypernetwork_no_enrichment,6,escherichia_coli,Escherichia coli,34,Voriconazole,0,0,0,,,
3,implicit_species_hypernetwork_no_enrichment,7,haemophilus_influenzae,Haemophilus influenzae,0,Amikacin,0,0,0,,,
3,implicit_species_hypernetwork_no_enrichment,7,haemophilus_influenzae,Haemophilus influenzae,1,Ampicillin,179,136,43,0.39594733242134067,0.4915355677154583,0.09558823529411764
3,implicit_species_hypernetwork_no_enrichment,7,haemophilus_influenzae,Haemophilus influenzae,2,Azithromycin,0,0,0,,,
3,implicit_species_hypernetwork_no_enrichment,7,haemophilus_influenzae,Haemophilus influenzae,3,Caspofungin,0,0,0,,,
3,implicit_species_hypernetwork_no_enrichment,7,haemophilus_influenzae,Haemophilus influenzae,4,Cefepime,0,0,0,,,
3,implicit_species_hypernetwork_no_enrichment,7,haemophilus_influenzae,Haemophilus influenzae,5,Ceftazidime,0,0,0,,,
3,implicit_species_hypernetwork_no_enrichment,7,haemophilus_influenzae,Haemophilus influenzae,6,Ceftazidime-Avibactam,0,0,0,,,
3,implicit_species_hypernetwork_no_enrichment,7,haemophilus_influenzae,Haemophilus influenzae,7,Ceftolozane-Tazobactam,0,0,0,,,
3,implicit_species_hypernetwork_no_enrichment,7,haemophilus_influenzae,Haemophilus influenzae,8,Ceftriaxone,2,2,0,,,
3,implicit_species_hypernetwork_no_enrichment,7,haemophilus_influenzae,Haemophilus influenzae,9,Ciprofloxacin,180,175,5,0.37714285714285717,0.3405714285714286,-0.03657142857142859
3,implicit_species_hypernetwork_no_enrichment,7,haemophilus_influenzae,Haemophilus influenzae,10,Clarithromycin,0,0,0,,,
3,implicit_species_hypernetwork_no_enrichment,7,haemophilus_influenzae,Haemophilus influenzae,11,Clindamycin,0,0,0,,,
3,implicit_species_hypernetwork_no_enrichment,7,haemophilus_influenzae,Haemophilus influenzae,12,Cotrimoxazole,177,145,32,0.5892241379310345,0.6466594827586206,0.057435344827586166
3,implicit_species_hypernetwork_no_enrichment,7,haemophilus_influenzae,Haemophilus influenzae,13,Ertapenem,0,0,0,,,
3,implicit_species_hypernetwork_no_enrichment,7,haemophilus_influenzae,Haemophilus influenzae,14,Erythromycin,0,0,0,,,
3,implicit_species_hypernetwork_no_enrichment,7,haemophilus_influenzae,Haemophilus influenzae,15,Fosfomycin,0,0,0,,,
3,implicit_species_hypernetwork_no_enrichment,7,haemophilus_influenzae,Haemophilus influenzae,16,Fusidic acid,0,0,0,,,
3,implicit_species_hypernetwork_no_enrichment,7,haemophilus_influenzae,Haemophilus influenzae,17,Gentamicin,0,0,0,,,
3,implicit_species_hypernetwork_no_enrichment,7,haemophilus_influenzae,Haemophilus influenzae,18,Imipenem,0,0,0,,,
3,implicit_species_hypernetwork_no_enrichment,7,haemophilus_influenzae,Haemophilus influenzae,19,Levofloxacin,178,174,4,0.43318965517241376,0.3757183908045977,-0.05747126436781608
3,implicit_species_hypernetwork_no_enrichment,7,haemophilus_influenzae,Haemophilus influenzae,20,Linezolid,0,0,0,,,
3,implicit_species_hypernetwork_no_enrichment,7,haemophilus_influenzae,Haemophilus influenzae,21,Meropenem,0,0,0,,,
3,implicit_species_hypernetwork_no_enrichment,7,haemophilus_influenzae,Haemophilus influenzae,22,Moxifloxacin,179,175,4,0.4442857142857143,0.42500000000000004,-0.01928571428571424
3,implicit_species_hypernetwork_no_enrichment,7,haemophilus_influenzae,Haemophilus influenzae,23,Mupirocin,0,0,0,,,
3,implicit_species_hypernetwork_no_enrichment,7,haemophilus_influenzae,Haemophilus influenzae,24,Nitrofurantoin,0,0,0,,,
3,implicit_species_hypernetwork_no_enrichment,7,haemophilus_influenzae,Haemophilus influenzae,25,Oxacillin,0,0,0,,,
3,implicit_species_hypernetwork_no_enrichment,7,haemophilus_influenzae,Haemophilus influenzae,26,Piperacillin,0,0,0,,,
3,implicit_species_hypernetwork_no_enrichment,7,haemophilus_influenzae,Haemophilus influenzae,27,Piperacillin-Tazobactam,0,0,0,,,
3,implicit_species_hypernetwork_no_enrichment,7,haemophilus_influenzae,Haemophilus influenzae,28,Rifampicin,0,0,0,,,
3,implicit_species_hypernetwork_no_enrichment,7,haemophilus_influenzae,Haemophilus influenzae,29,Teicoplanin,0,0,0,,,
3,implicit_species_hypernetwork_no_enrichment,7,haemophilus_influenzae,Haemophilus influenzae,30,Tetracycline,0,0,0,,,
3,implicit_species_hypernetwork_no_enrichment,7,haemophilus_influenzae,Haemophilus influenzae,31,Tigecycline,0,0,0,,,
3,implicit_species_hypernetwork_no_enrichment,7,haemophilus_influenzae,Haemophilus influenzae,32,Tobramycin,0,0,0,,,
3,implicit_species_hypernetwork_no_enrichment,7,haemophilus_influenzae,Haemophilus influenzae,33,Vancomycin,0,0,0,,,
3,implicit_species_hypernetwork_no_enrichment,7,haemophilus_influenzae,Haemophilus influenzae,34,Voriconazole,0,0,0,,,
3,implicit_species_hypernetwork_no_enrichment,8,klebsiella_oxytoca,Klebsiella oxytoca,0,Amikacin,1,1,0,,,
3,implicit_species_hypernetwork_no_enrichment,8,klebsiella_oxytoca,Klebsiella oxytoca,1,Ampicillin,1273,4,1269,0.5,0.5294523246650906,0.029452324665090623
3,implicit_species_hypernetwork_no_enrichment,8,klebsiella_oxytoca,Klebsiella oxytoca,2,Azithromycin,0,0,0,,,
3,implicit_species_hypernetwork_no_enrichment,8,klebsiella_oxytoca,Klebsiella oxytoca,3,Caspofungin,0,0,0,,,
3,implicit_species_hypernetwork_no_enrichment,8,klebsiella_oxytoca,Klebsiella oxytoca,4,Cefepime,1,1,0,,,
3,implicit_species_hypernetwork_no_enrichment,8,klebsiella_oxytoca,Klebsiella oxytoca,5,Ceftazidime,1274,1240,34,0.5084914611005692,0.6866579696394687,0.17816650853889948
3,implicit_species_hypernetwork_no_enrichment,8,klebsiella_oxytoca,Klebsiella oxytoca,6,Ceftazidime-Avibactam,0,0,0,,,
3,implicit_species_hypernetwork_no_enrichment,8,klebsiella_oxytoca,Klebsiella oxytoca,7,Ceftolozane-Tazobactam,0,0,0,,,
3,implicit_species_hypernetwork_no_enrichment,8,klebsiella_oxytoca,Klebsiella oxytoca,8,Ceftriaxone,903,873,30,0.441618938526155,0.7623902252768232,0.3207712867506682
3,implicit_species_hypernetwork_no_enrichment,8,klebsiella_oxytoca,Klebsiella oxytoca,9,Ciprofloxacin,1274,1240,34,0.523292220113852,0.562310246679317,0.039018026565464936
3,implicit_species_hypernetwork_no_enrichment,8,klebsiella_oxytoca,Klebsiella oxytoca,10,Clarithromycin,0,0,0,,,
3,implicit_species_hypernetwork_no_enrichment,8,klebsiella_oxytoca,Klebsiella oxytoca,11,Clindamycin,0,0,0,,,
3,implicit_species_hypernetwork_no_enrichment,8,klebsiella_oxytoca,Klebsiella oxytoca,12,Cotrimoxazole,1274,1246,28,0.4745327906443476,0.5845992891538638,0.11006649850951622
3,implicit_species_hypernetwork_no_enrichment,8,klebsiella_oxytoca,Klebsiella oxytoca,13,Ertapenem,10,10,0,,,
3,implicit_species_hypernetwork_no_enrichment,8,klebsiella_oxytoca,Klebsiella oxytoca,14,Erythromycin,0,0,0,,,
3,implicit_species_hypernetwork_no_enrichment,8,klebsiella_oxytoca,Klebsiella oxytoca,15,Fosfomycin,273,196,77,0.5283262655711636,0.451497482109727,-0.07682878346143657
3,implicit_species_hypernetwork_no_enrichment,8,klebsiella_oxytoca,Klebsiella oxytoca,16,Fusidic acid,0,0,0,,,
3,implicit_species_hypernetwork_no_enrichment,8,klebsiella_oxytoca,Klebsiella oxytoca,17,Gentamicin,1262,480,782,0.5140132139812448,0.5678428708439898,0.05382965686274499
3,implicit_species_hypernetwork_no_enrichment,8,klebsiella_oxytoca,Klebsiella oxytoca,18,Imipenem,1273,1272,1,0.020047169811320764,0.06092767295597484,0.04088050314465408
3,implicit_species_hypernetwork_no_enrichment,8,klebsiella_oxytoca,Klebsiella oxytoca,19,Levofloxacin,0,0,0,,,
3,implicit_species_hypernetwork_no_enrichment,8,klebsiella_oxytoca,Klebsiella oxytoca,20,Linezolid,0,0,0,,,
3,implicit_species_hypernetwork_no_enrichment,8,klebsiella_oxytoca,Klebsiella oxytoca,21,Meropenem,1271,1270,1,0.3795275590551181,0.9346456692913385,0.5551181102362204
3,implicit_species_hypernetwork_no_enrichment,8,klebsiella_oxytoca,Klebsiella oxytoca,22,Moxifloxacin,937,848,89,0.4606344074623701,0.6682345770616918,0.20760016959932165
3,implicit_species_hypernetwork_no_enrichment,8,klebsiella_oxytoca,Klebsiella oxytoca,23,Mupirocin,0,0,0,,,
3,implicit_species_hypernetwork_no_enrichment,8,klebsiella_oxytoca,Klebsiella oxytoca,24,Nitrofurantoin,0,0,0,,,
3,implicit_species_hypernetwork_no_enrichment,8,klebsiella_oxytoca,Klebsiella oxytoca,25,Oxacillin,0,0,0,,,
3,implicit_species_hypernetwork_no_enrichment,8,klebsiella_oxytoca,Klebsiella oxytoca,26,Piperacillin,1,0,1,,,
3,implicit_species_hypernetwork_no_enrichment,8,klebsiella_oxytoca,Klebsiella oxytoca,27,Piperacillin-Tazobactam,1274,947,327,0.4649916523772157,0.6813920670134885,0.21640041463627285
3,implicit_species_hypernetwork_no_enrichment,8,klebsiella_oxytoca,Klebsiella oxytoca,28,Rifampicin,0,0,0,,,
3,implicit_species_hypernetwork_no_enrichment,8,klebsiella_oxytoca,Klebsiella oxytoca,29,Teicoplanin,0,0,0,,,
3,implicit_species_hypernetwork_no_enrichment,8,klebsiella_oxytoca,Klebsiella oxytoca,30,Tetracycline,0,0,0,,,
3,implicit_species_hypernetwork_no_enrichment,8,klebsiella_oxytoca,Klebsiella oxytoca,31,Tigecycline,0,0,0,,,
3,implicit_species_hypernetwork_no_enrichment,8,klebsiella_oxytoca,Klebsiella oxytoca,32,Tobramycin,1,1,0,,,
3,implicit_species_hypernetwork_no_enrichment,8,klebsiella_oxytoca,Klebsiella oxytoca,33,Vancomycin,0,0,0,,,
3,implicit_species_hypernetwork_no_enrichment,8,klebsiella_oxytoca,Klebsiella oxytoca,34,Voriconazole,0,0,0,,,
3,implicit_species_hypernetwork_no_enrichment,9,klebsiella_pneumoniae,Klebsiella pneumoniae,0,Amikacin,0,0,0,,,
3,implicit_species_hypernetwork_no_enrichment,9,klebsiella_pneumoniae,Klebsiella pneumoniae,1,Ampicillin,3241,8,3233,0.5,0.6888725641818744,0.18887256418187437
3,implicit_species_hypernetwork_no_enrichment,9,klebsiella_pneumoniae,Klebsiella pneumoniae,2,Azithromycin,0,0,0,,,
3,implicit_species_hypernetwork_no_enrichment,9,klebsiella_pneumoniae,Klebsiella pneumoniae,3,Caspofungin,0,0,0,,,
3,implicit_species_hypernetwork_no_enrichment,9,klebsiella_pneumoniae,Klebsiella pneumoniae,4,Cefepime,0,0,0,,,
3,implicit_species_hypernetwork_no_enrichment,9,klebsiella_pneumoniae,Klebsiella pneumoniae,5,Ceftazidime,3241,2447,794,0.4816518247296077,0.8253693671065891,0.34371754237698143
3,implicit_species_hypernetwork_no_enrichment,9,klebsiella_pneumoniae,Klebsiella pneumoniae,6,Ceftazidime-Avibactam,6,4,2,0.625,0.375,-0.25
3,implicit_species_hypernetwork_no_enrichment,9,klebsiella_pneumoniae,Klebsiella pneumoniae,7,Ceftolozane-Tazobactam,2,0,2,,,
3,implicit_species_hypernetwork_no_enrichment,9,klebsiella_pneumoniae,Klebsiella pneumoniae,8,Ceftriaxone,2111,1554,557,0.4936100501630125,0.8850276924783208,0.3914176423153083
3,implicit_species_hypernetwork_no_enrichment,9,klebsiella_pneumoniae,Klebsiella pneumoniae,9,Ciprofloxacin,3239,2649,590,0.5329948621481723,0.8017995278039043,0.268804665655732
3,implicit_species_hypernetwork_no_enrichment,9,klebsiella_pneumoniae,Klebsiella pneumoniae,10,Clarithromycin,0,0,0,,,
3,implicit_species_hypernetwork_no_enrichment,9,klebsiella_pneumoniae,Klebsiella pneumoniae,11,Clindamycin,0,0,0,,,
3,implicit_species_hypernetwork_no_enrichment,9,klebsiella_pneumoniae,Klebsiella pneumoniae,12,Cotrimoxazole,3240,2653,587,0.5089407318127208,0.7798724853288779,0.27093175351615706
3,implicit_species_hypernetwork_no_enrichment,9,klebsiella_pneumoniae,Klebsiella pneumoniae,13,Ertapenem,209,187,22,0.6259115216334468,0.7820855614973262,0.15617403986387945
3,implicit_species_hypernetwork_no_enrichment,9,klebsiella_pneumoniae,Klebsiella pneumoniae,14,Erythromycin,0,0,0,,,
3,implicit_species_hypernetwork_no_enrichment,9,klebsiella_pneumoniae,Klebsiella pneumoniae,15,Fosfomycin,871,623,248,0.48098107492362663,0.4973592916688241,0.01637821674519746
3,implicit_species_hypernetwork_no_enrichment,9,klebsiella_pneumoniae,Klebsiella pneumoniae,16,Fusidic acid,0,0,0,,,
3,implicit_species_hypernetwork_no_enrichment,9,klebsiella_pneumoniae,Klebsiella pneumoniae,17,Gentamicin,3207,1238,1969,0.5312408978914697,0.5876854573842869,0.05644455949281724
3,implicit_species_hypernetwork_no_enrichment,9,klebsiella_pneumoniae,Klebsiella pneumoniae,18,Imipenem,3239,2994,245,0.6104181151418483,0.9233385137622183,0.31292039862037
3,implicit_species_hypernetwork_no_enrichment,9,klebsiella_pneumoniae,Klebsiella pneumoniae,19,Levofloxacin,0,0,0,,,
3,implicit_species_hypernetwork_no_enrichment,9,klebsiella_pneumoniae,Klebsiella pneumoniae,20,Linezolid,0,0,0,,,
3,implicit_species_hypernetwork_no_enrichment,9,klebsiella_pneumoniae,Klebsiella pneumoniae,21,Meropenem,3240,2995,245,0.599617048822868,0.9242894620285509,0.32467241320568285
3,implicit_species_hypernetwork_no_enrichment,9,klebsiella_pneumoniae,Klebsiella pneumoniae,22,Moxifloxacin,2135,1491,644,0.5159934763862679,0.7850149551553627,0.26902147876909477
3,implicit_species_hypernetwork_no_enrichment,9,klebsiella_pneumoniae,Klebsiella pneumoniae,23,Mupirocin,0,0,0,,,
3,implicit_species_hypernetwork_no_enrichment,9,klebsiella_pneumoniae,Klebsiella pneumoniae,24,Nitrofurantoin,0,0,0,,,
3,implicit_species_hypernetwork_no_enrichment,9,klebsiella_pneumoniae,Klebsiella pneumoniae,25,Oxacillin,0,0,0,,,
3,implicit_species_hypernetwork_no_enrichment,9,klebsiella_pneumoniae,Klebsiella pneumoniae,26,Piperacillin,0,0,0,,,
3,implicit_species_hypernetwork_no_enrichment,9,klebsiella_pneumoniae,Klebsiella pneumoniae,27,Piperacillin-Tazobactam,3232,2147,1085,0.504909433160406,0.7685197864773267,0.2636103533169206
3,implicit_species_hypernetwork_no_enrichment,9,klebsiella_pneumoniae,Klebsiella pneumoniae,28,Rifampicin,0,0,0,,,
3,implicit_species_hypernetwork_no_enrichment,9,klebsiella_pneumoniae,Klebsiella pneumoniae,29,Teicoplanin,0,0,0,,,
3,implicit_species_hypernetwork_no_enrichment,9,klebsiella_pneumoniae,Klebsiella pneumoniae,30,Tetracycline,0,0,0,,,
3,implicit_species_hypernetwork_no_enrichment,9,klebsiella_pneumoniae,Klebsiella pneumoniae,31,Tigecycline,0,0,0,,,
3,implicit_species_hypernetwork_no_enrichment,9,klebsiella_pneumoniae,Klebsiella pneumoniae,32,Tobramycin,0,0,0,,,
3,implicit_species_hypernetwork_no_enrichment,9,klebsiella_pneumoniae,Klebsiella pneumoniae,33,Vancomycin,0,0,0,,,
3,implicit_species_hypernetwork_no_enrichment,9,klebsiella_pneumoniae,Klebsiella pneumoniae,34,Voriconazole,0,0,0,,,
3,implicit_species_hypernetwork_no_enrichment,10,morganella_morganii,Morganella morganii,0,Amikacin,1,0,1,,,
3,implicit_species_hypernetwork_no_enrichment,10,morganella_morganii,Morganella morganii,1,Ampicillin,421,0,421,,,
3,implicit_species_hypernetwork_no_enrichment,10,morganella_morganii,Morganella morganii,2,Azithromycin,0,0,0,,,
3,implicit_species_hypernetwork_no_enrichment,10,morganella_morganii,Morganella morganii,3,Caspofungin,0,0,0,,,
3,implicit_species_hypernetwork_no_enrichment,10,morganella_morganii,Morganella morganii,4,Cefepime,1,0,1,,,
3,implicit_species_hypernetwork_no_enrichment,10,morganella_morganii,Morganella morganii,5,Ceftazidime,423,322,101,0.526382141319722,0.5602668962548428,0.033884754935120776
3,implicit_species_hypernetwork_no_enrichment,10,morganella_morganii,Morganella morganii,6,Ceftazidime-Avibactam,0,0,0,,,
3,implicit_species_hypernetwork_no_enrichment,10,morganella_morganii,Morganella morganii,7,Ceftolozane-Tazobactam,0,0,0,,,
3,implicit_species_hypernetwork_no_enrichment,10,morganella_morganii,Morganella morganii,8,Ceftriaxone,274,205,69,0.5813361611876989,0.6058677978084129,0.024531636620714004
3,implicit_species_hypernetwork_no_enrichment,10,morganella_morganii,Morganella morganii,9,Ciprofloxacin,423,380,43,0.5815483476132192,0.5925336597307221,0.010985312117502977
3,implicit_species_hypernetwork_no_enrichment,10,morganella_morganii,Morganella morganii,10,Clarithromycin,0,0,0,,,
3,implicit_species_hypernetwork_no_enrichment,10,morganella_morganii,Morganella morganii,11,Clindamycin,0,0,0,,,
3,implicit_species_hypernetwork_no_enrichment,10,morganella_morganii,Morganella morganii,12,Cotrimoxazole,423,390,33,0.5845765345765346,0.49965034965034966,-0.08492618492618492
3,implicit_species_hypernetwork_no_enrichment,10,morganella_morganii,Morganella morganii,13,Ertapenem,2,2,0,,,
3,implicit_species_hypernetwork_no_enrichment,10,morganella_morganii,Morganella morganii,14,Erythromycin,0,0,0,,,
3,implicit_species_hypernetwork_no_enrichment,10,morganella_morganii,Morganella morganii,15,Fosfomycin,112,0,112,,,
3,implicit_species_hypernetwork_no_enrichment,10,morganella_morganii,Morganella morganii,16,Fusidic acid,0,0,0,,,
3,implicit_species_hypernetwork_no_enrichment,10,morganella_morganii,Morganella morganii,17,Gentamicin,419,146,273,0.5513573184806062,0.4920342214862763,-0.059323096994329916
3,implicit_species_hypernetwork_no_enrichment,10,morganella_morganii,Morganella morganii,18,Imipenem,409,2,407,0.9969287469287469,0.3759213759213759,-0.6210073710073709
3,implicit_species_hypernetwork_no_enrichment,10,morganella_morganii,Morganella morganii,19,Levofloxacin,0,0,0,,,
3,implicit_species_hypernetwork_no_enrichment,10,morganella_morganii,Morganella morganii,20,Linezolid,0,0,0,,,
3,implicit_species_hypernetwork_no_enrichment,10,morganella_morganii,Morganella morganii,21,Meropenem,423,421,2,0.43883610451306415,0.921021377672209,0.4821852731591449
3,implicit_species_hypernetwork_no_enrichment,10,morganella_morganii,Morganella morganii,22,Moxifloxacin,281,207,74,0.5843452147799973,0.5853897375636505,0.00104452278365319
3,implicit_species_hypernetwork_no_enrichment,10,morganella_morganii,Morganella morganii,23,Mupirocin,0,0,0,,,
3,implicit_species_hypernetwork_no_enrichment,10,morganella_morganii,Morganella morganii,24,Nitrofurantoin,5,0,5,,,
3,implicit_species_hypernetwork_no_enrichment,10,morganella_morganii,Morganella morganii,25,Oxacillin,0,0,0,,,
3,implicit_species_hypernetwork_no_enrichment,10,morganella_morganii,Morganella morganii,26,Piperacillin,1,0,1,,,
3,implicit_species_hypernetwork_no_enrichment,10,morganella_morganii,Morganella morganii,27,Piperacillin-Tazobactam,422,321,101,0.5237346164522995,0.5739798278893309,0.05024521143703142
3,implicit_species_hypernetwork_no_enrichment,10,morganella_morganii,Morganella morganii,28,Rifampicin,0,0,0,,,
3,implicit_species_hypernetwork_no_enrichment,10,morganella_morganii,Morganella morganii,29,Teicoplanin,0,0,0,,,
3,implicit_species_hypernetwork_no_enrichment,10,morganella_morganii,Morganella morganii,30,Tetracycline,0,0,0,,,
3,implicit_species_hypernetwork_no_enrichment,10,morganella_morganii,Morganella morganii,31,Tigecycline,0,0,0,,,
3,implicit_species_hypernetwork_no_enrichment,10,morganella_morganii,Morganella morganii,32,Tobramycin,2,0,2,,,
3,implicit_species_hypernetwork_no_enrichment,10,morganella_morganii,Morganella morganii,33,Vancomycin,0,0,0,,,
3,implicit_species_hypernetwork_no_enrichment,10,morganella_morganii,Morganella morganii,34,Voriconazole,0,0,0,,,
3,implicit_species_hypernetwork_no_enrichment,11,proteus_mirabilis,Proteus mirabilis,0,Amikacin,1,1,0,,,
3,implicit_species_hypernetwork_no_enrichment,11,proteus_mirabilis,Proteus mirabilis,1,Ampicillin,2011,1394,617,0.49226657892472714,0.4893151710619022,-0.0029514078628249396
3,implicit_species_hypernetwork_no_enrichment,11,proteus_mirabilis,Proteus mirabilis,2,Azithromycin,0,0,0,,,
3,implicit_species_hypernetwork_no_enrichment,11,proteus_mirabilis,Proteus mirabilis,3,Caspofungin,0,0,0,,,
3,implicit_species_hypernetwork_no_enrichment,11,proteus_mirabilis,Proteus mirabilis,4,Cefepime,1,1,0,,,
3,implicit_species_hypernetwork_no_enrichment,11,proteus_mirabilis,Proteus mirabilis,5,Ceftazidime,2012,1984,28,0.5258136520737327,0.628168202764977,0.10235455069124433
3,implicit_species_hypernetwork_no_enrichment,11,proteus_mirabilis,Proteus mirabilis,6,Ceftazidime-Avibactam,0,0,0,,,
3,implicit_species_hypernetwork_no_enrichment,11,proteus_mirabilis,Proteus mirabilis,7,Ceftolozane-Tazobactam,0,0,0,,,
3,implicit_species_hypernetwork_no_enrichment,11,proteus_mirabilis,Proteus mirabilis,8,Ceftriaxone,1082,1078,4,0.40340909090909094,0.8803339517625233,0.47692486085343233
3,implicit_species_hypernetwork_no_enrichment,11,proteus_mirabilis,Proteus mirabilis,9,Ciprofloxacin,2012,1735,277,0.5928786192116023,0.565330475764417,-0.02754814344718537
3,implicit_species_hypernetwork_no_enrichment,11,proteus_mirabilis,Proteus mirabilis,10,Clarithromycin,0,0,0,,,
3,implicit_species_hypernetwork_no_enrichment,11,proteus_mirabilis,Proteus mirabilis,11,Clindamycin,0,0,0,,,
3,implicit_species_hypernetwork_no_enrichment,11,proteus_mirabilis,Proteus mirabilis,12,Cotrimoxazole,2012,1333,679,0.4871401944742445,0.49481939704366446,0.007679202569419952
3,implicit_species_hypernetwork_no_enrichment,11,proteus_mirabilis,Proteus mirabilis,13,Ertapenem,6,6,0,,,
3,implicit_species_hypernetwork_no_enrichment,11,proteus_mirabilis,Proteus mirabilis,14,Erythromycin,0,0,0,,,
3,implicit_species_hypernetwork_no_enrichment,11,proteus_mirabilis,Proteus mirabilis,15,Fosfomycin,694,557,137,0.5130980618275696,0.5058970763605866,-0.007200985466983001
3,implicit_species_hypernetwork_no_enrichment,11,proteus_mirabilis,Proteus mirabilis,16,Fusidic acid,0,0,0,,,
3,implicit_species_hypernetwork_no_enrichment,11,proteus_mirabilis,Proteus mirabilis,17,Gentamicin,1997,681,1316,0.46954516645912275,0.5561623796580213,0.08661721319889853
3,implicit_species_hypernetwork_no_enrichment,11,proteus_mirabilis,Proteus mirabilis,18,Imipenem,1947,0,1947,,,
3,implicit_species_hypernetwork_no_enrichment,11,proteus_mirabilis,Proteus mirabilis,19,Levofloxacin,0,0,0,,,
3,implicit_species_hypernetwork_no_enrichment,11,proteus_mirabilis,Proteus mirabilis,20,Linezolid,0,0,0,,,
3,implicit_species_hypernetwork_no_enrichment,11,proteus_mirabilis,Proteus mirabilis,21,Meropenem,2010,2008,2,0.5211653386454183,0.9297808764940239,0.4086155378486056
3,implicit_species_hypernetwork_no_enrichment,11,proteus_mirabilis,Proteus mirabilis,22,Moxifloxacin,1133,466,667,0.527385448906448,0.5650790484586034,0.037693599552155344
3,implicit_species_hypernetwork_no_enrichment,11,proteus_mirabilis,Proteus mirabilis,23,Mupirocin,0,0,0,,,
3,implicit_species_hypernetwork_no_enrichment,11,proteus_mirabilis,Proteus mirabilis,24,Nitrofurantoin,41,1,40,0.5,0.3625,-0.1375
3,implicit_species_hypernetwork_no_enrichment,11,proteus_mirabilis,Proteus mirabilis,25,Oxacillin,0,0,0,,,
3,implicit_species_hypernetwork_no_enrichment,11,proteus_mirabilis,Proteus mirabilis,26,Piperacillin,1,0,1,,,
3,implicit_species_hypernetwork_no_enrichment,11,proteus_mirabilis,Proteus mirabilis,27,Piperacillin-Tazobactam,2001,1975,26,0.4872151898734177,0.5173612463485882,0.030146056475170435
3,implicit_species_hypernetwork_no_enrichment,11,proteus_mirabilis,Proteus mirabilis,28,Rifampicin,0,0,0,,,
3,implicit_species_hypernetwork_no_enrichment,11,proteus_mirabilis,Proteus mirabilis,29,Teicoplanin,0,0,0,,,
3,implicit_species_hypernetwork_no_enrichment,11,proteus_mirabilis,Proteus mirabilis,30,Tetracycline,0,0,0,,,
3,implicit_species_hypernetwork_no_enrichment,11,proteus_mirabilis,Proteus mirabilis,31,Tigecycline,0,0,0,,,
3,implicit_species_hypernetwork_no_enrichment,11,proteus_mirabilis,Proteus mirabilis,32,Tobramycin,1,1,0,,,
3,implicit_species_hypernetwork_no_enrichment,11,proteus_mirabilis,Proteus mirabilis,33,Vancomycin,0,0,0,,,
3,implicit_species_hypernetwork_no_enrichment,11,proteus_mirabilis,Proteus mirabilis,34,Voriconazole,0,0,0,,,
3,implicit_species_hypernetwork_no_enrichment,12,proteus_vulgaris,Proteus vulgaris,0,Amikacin,0,0,0,,,
3,implicit_species_hypernetwork_no_enrichment,12,proteus_vulgaris,Proteus vulgaris,1,Ampicillin,380,4,376,0.5,0.4308510638297872,-0.06914893617021278
3,implicit_species_hypernetwork_no_enrichment,12,proteus_vulgaris,Proteus vulgaris,2,Azithromycin,0,0,0,,,
3,implicit_species_hypernetwork_no_enrichment,12,proteus_vulgaris,Proteus vulgaris,3,Caspofungin,0,0,0,,,
3,implicit_species_hypernetwork_no_enrichment,12,proteus_vulgaris,Proteus vulgaris,4,Cefepime,0,0,0,,,
3,implicit_species_hypernetwork_no_enrichment,12,proteus_vulgaris,Proteus vulgaris,5,Ceftazidime,379,363,16,0.2785812672176308,0.6200929752066116,0.34151170798898073
3,implicit_species_hypernetwork_no_enrichment,12,proteus_vulgaris,Proteus vulgaris,6,Ceftazidime-Avibactam,0,0,0,,,
3,implicit_species_hypernetwork_no_enrichment,12,proteus_vulgaris,Proteus vulgaris,7,Ceftolozane-Tazobactam,0,0,0,,,
3,implicit_species_hypernetwork_no_enrichment,12,proteus_vulgaris,Proteus vulgaris,8,Ceftriaxone,277,275,2,0.27090909090909093,0.6963636363636363,0.42545454545454536
3,implicit_species_hypernetwork_no_enrichment,12,proteus_vulgaris,Proteus vulgaris,9,Ciprofloxacin,380,376,4,0.5226063829787234,0.45013297872340424,-0.07247340425531917
3,implicit_species_hypernetwork_no_enrichment,12,proteus_vulgaris,Proteus vulgaris,10,Clarithromycin,0,0,0,,,
3,implicit_species_hypernetwork_no_enrichment,12,proteus_vulgaris,Proteus vulgaris,11,Clindamycin,0,0,0,,,
3,implicit_species_hypernetwork_no_enrichment,12,proteus_vulgaris,Proteus vulgaris,12,Cotrimoxazole,379,335,44,0.5381953867028494,0.45342605156037996,-0.08476933514246943
3,implicit_species_hypernetwork_no_enrichment,12,proteus_vulgaris,Proteus vulgaris,13,Ertapenem,6,6,0,,,
3,implicit_species_hypernetwork_no_enrichment,12,proteus_vulgaris,Proteus vulgaris,14,Erythromycin,0,0,0,,,
3,implicit_species_hypernetwork_no_enrichment,12,proteus_vulgaris,Proteus vulgaris,15,Fosfomycin,59,57,2,0.6622807017543859,0.46491228070175444,-0.19736842105263147
3,implicit_species_hypernetwork_no_enrichment,12,proteus_vulgaris,Proteus vulgaris,16,Fusidic acid,0,0,0,,,
3,implicit_species_hypernetwork_no_enrichment,12,proteus_vulgaris,Proteus vulgaris,17,Gentamicin,379,145,234,0.4550987326849396,0.5993663424697907,0.1442676097848511
3,implicit_species_hypernetwork_no_enrichment,12,proteus_vulgaris,Proteus vulgaris,18,Imipenem,372,0,372,,,
3,implicit_species_hypernetwork_no_enrichment,12,proteus_vulgaris,Proteus vulgaris,19,Levofloxacin,0,0,0,,,
3,implicit_species_hypernetwork_no_enrichment,12,proteus_vulgaris,Proteus vulgaris,20,Linezolid,0,0,0,,,
3,implicit_species_hypernetwork_no_enrichment,12,proteus_vulgaris,Proteus vulgaris,21,Meropenem,379,379,0,,,
3,implicit_species_hypernetwork_no_enrichment,12,proteus_vulgaris,Proteus vulgaris,22,Moxifloxacin,303,142,161,0.5473274429183799,0.5455996850669232,-0.0017277578514566239
3,implicit_species_hypernetwork_no_enrichment,12,proteus_vulgaris,Proteus vulgaris,23,Mupirocin,0,0,0,,,
3,implicit_species_hypernetwork_no_enrichment,12,proteus_vulgaris,Proteus vulgaris,24,Nitrofurantoin,4,0,4,,,
3,implicit_species_hypernetwork_no_enrichment,12,proteus_vulgaris,Proteus vulgaris,25,Oxacillin,0,0,0,,,
3,implicit_species_hypernetwork_no_enrichment,12,proteus_vulgaris,Proteus vulgaris,26,Piperacillin,0,0,0,,,
3,implicit_species_hypernetwork_no_enrichment,12,proteus_vulgaris,Proteus vulgaris,27,Piperacillin-Tazobactam,378,369,9,0.2563986750978621,0.614724480578139,0.35832580548027687
3,implicit_species_hypernetwork_no_enrichment,12,proteus_vulgaris,Proteus vulgaris,28,Rifampicin,0,0,0,,,
3,implicit_species_hypernetwork_no_enrichment,12,proteus_vulgaris,Proteus vulgaris,29,Teicoplanin,0,0,0,,,
3,implicit_species_hypernetwork_no_enrichment,12,proteus_vulgaris,Proteus vulgaris,30,Tetracycline,0,0,0,,,
3,implicit_species_hypernetwork_no_enrichment,12,proteus_vulgaris,Proteus vulgaris,31,Tigecycline,0,0,0,,,
3,implicit_species_hypernetwork_no_enrichment,12,proteus_vulgaris,Proteus vulgaris,32,Tobramycin,0,0,0,,,
3,implicit_species_hypernetwork_no_enrichment,12,proteus_vulgaris,Proteus vulgaris,33,Vancomycin,0,0,0,,,
3,implicit_species_hypernetwork_no_enrichment,12,proteus_vulgaris,Proteus vulgaris,34,Voriconazole,0,0,0,,,
3,implicit_species_hypernetwork_no_enrichment,13,pseudomonas_aeruginosa,Pseudomonas aeruginosa,0,Amikacin,3223,1201,2022,0.4934700393918354,0.8048623756497018,0.31139233625786633
3,implicit_species_hypernetwork_no_enrichment,13,pseudomonas_aeruginosa,Pseudomonas aeruginosa,1,Ampicillin,174,0,174,,,
3,implicit_species_hypernetwork_no_enrichment,13,pseudomonas_aeruginosa,Pseudomonas aeruginosa,2,Azithromycin,0,0,0,,,
3,implicit_species_hypernetwork_no_enrichment,13,pseudomonas_aeruginosa,Pseudomonas aeruginosa,3,Caspofungin,0,0,0,,,
3,implicit_species_hypernetwork_no_enrichment,13,pseudomonas_aeruginosa,Pseudomonas aeruginosa,4,Cefepime,3249,0,3249,,,
3,implicit_species_hypernetwork_no_enrichment,13,pseudomonas_aeruginosa,Pseudomonas aeruginosa,5,Ceftazidime,3410,1,3409,0.8518627163391024,0.7965679084775594,-0.05529480786154295
3,implicit_species_hypernetwork_no_enrichment,13,pseudomonas_aeruginosa,Pseudomonas aeruginosa,6,Ceftazidime-Avibactam,112,83,29,0.4939759036144578,0.5284586622351475,0.03448275862068967
3,implicit_species_hypernetwork_no_enrichment,13,pseudomonas_aeruginosa,Pseudomonas aeruginosa,7,Ceftolozane-Tazobactam,69,59,10,0.4728813559322035,0.40508474576271186,-0.06779661016949162
3,implicit_species_hypernetwork_no_enrichment,13,pseudomonas_aeruginosa,Pseudomonas aeruginosa,8,Ceftriaxone,1,0,1,,,
3,implicit_species_hypernetwork_no_enrichment,13,pseudomonas_aeruginosa,Pseudomonas aeruginosa,9,Ciprofloxacin,3410,1,3409,0.27471399237312993,0.708125550014667,0.4334115576415371
3,implicit_species_hypernetwork_no_enrichment,13,pseudomonas_aeruginosa,Pseudomonas aeruginosa,10,Clarithromycin,0,0,0,,,
3,implicit_species_hypernetwork_no_enrichment,13,pseudomonas_aeruginosa,Pseudomonas aeruginosa,11,Clindamycin,0,0,0,,,
3,implicit_species_hypernetwork_no_enrichment,13,pseudomonas_aeruginosa,Pseudomonas aeruginosa,12,Cotrimoxazole,3405,0,3405,,,
3,implicit_species_hypernetwork_no_enrichment,13,pseudomonas_aeruginosa,Pseudomonas aeruginosa,13,Ertapenem,0,0,0,,,
3,implicit_species_hypernetwork_no_enrichment,13,pseudomonas_aeruginosa,Pseudomonas aeruginosa,14,Erythromycin,0,0,0,,,
3,implicit_species_hypernetwork_no_enrichment,13,pseudomonas_aeruginosa,Pseudomonas aeruginosa,15,Fosfomycin,0,0,0,,,
3,implicit_species_hypernetwork_no_enrichment,13,pseudomonas_aeruginosa,Pseudomonas aeruginosa,16,Fusidic acid,0,0,0,,,
3,implicit_species_hypernetwork_no_enrichment,13,pseudomonas_aeruginosa,Pseudomonas aeruginosa,17,Gentamicin,2107,0,2107,,,
3,implicit_species_hypernetwork_no_enrichment,13,pseudomonas_aeruginosa,Pseudomonas aeruginosa,18,Imipenem,3397,1,3396,0.2146643109540636,0.6528268551236749,0.4381625441696113
3,implicit_species_hypernetwork_no_enrichment,13,pseudomonas_aeruginosa,Pseudomonas aeruginosa,19,Levofloxacin,0,0,0,,,
3,implicit_species_hypernetwork_no_enrichment,13,pseudomonas_aeruginosa,Pseudomonas aeruginosa,20,Linezolid,1,1,0,,,
3,implicit_species_hypernetwork_no_enrichment,13,pseudomonas_aeruginosa,Pseudomonas aeruginosa,21,Meropenem,3403,2474,929,0.5052548658905143,0.5558038258817428,0.05054895999122855
3,implicit_species_hypernetwork_no_enrichment,13,pseudomonas_aeruginosa,Pseudomonas aeruginosa,22,Moxifloxacin,179,0,179,,,
3,implicit_species_hypernetwork_no_enrichment,13,pseudomonas_aeruginosa,Pseudomonas aeruginosa,23,Mupirocin,0,0,0,,,
3,implicit_species_hypernetwork_no_enrichment,13,pseudomonas_aeruginosa,Pseudomonas aeruginosa,24,Nitrofurantoin,168,0,168,,,
3,implicit_species_hypernetwork_no_enrichment,13,pseudomonas_aeruginosa,Pseudomonas aeruginosa,25,Oxacillin,0,0,0,,,
3,implicit_species_hypernetwork_no_enrichment,13,pseudomonas_aeruginosa,Pseudomonas aeruginosa,26,Piperacillin,3223,0,3223,,,
3,implicit_species_hypernetwork_no_enrichment,13,pseudomonas_aeruginosa,Pseudomonas aeruginosa,27,Piperacillin-Tazobactam,3372,0,3372,,,
3,implicit_species_hypernetwork_no_enrichment,13,pseudomonas_aeruginosa,Pseudomonas aeruginosa,28,Rifampicin,0,0,0,,,
3,implicit_species_hypernetwork_no_enrichment,13,pseudomonas_aeruginosa,Pseudomonas aeruginosa,29,Teicoplanin,0,0,0,,,
3,implicit_species_hypernetwork_no_enrichment,13,pseudomonas_aeruginosa,Pseudomonas aeruginosa,30,Tetracycline,0,0,0,,,
3,implicit_species_hypernetwork_no_enrichment,13,pseudomonas_aeruginosa,Pseudomonas aeruginosa,31,Tigecycline,2,1,1,1.0,0.0,-1.0
3,implicit_species_hypernetwork_no_enrichment,13,pseudomonas_aeruginosa,Pseudomonas aeruginosa,32,Tobramycin,3236,1206,2030,0.47786212615085494,0.8100397029630174,0.3321775768121625
3,implicit_species_hypernetwork_no_enrichment,13,pseudomonas_aeruginosa,Pseudomonas aeruginosa,33,Vancomycin,1,0,1,,,
3,implicit_species_hypernetwork_no_enrichment,13,pseudomonas_aeruginosa,Pseudomonas aeruginosa,34,Voriconazole,0,0,0,,,
3,implicit_species_hypernetwork_no_enrichment,14,serratia_marcescens,Serratia marcescens,0,Amikacin,1,1,0,,,
3,implicit_species_hypernetwork_no_enrichment,14,serratia_marcescens,Serratia marcescens,1,Ampicillin,832,5,827,0.5,0.44135429262394194,-0.058645707376058065
3,implicit_species_hypernetwork_no_enrichment,14,serratia_marcescens,Serratia marcescens,2,Azithromycin,0,0,0,,,
3,implicit_species_hypernetwork_no_enrichment,14,serratia_marcescens,Serratia marcescens,3,Caspofungin,0,0,0,,,
3,implicit_species_hypernetwork_no_enrichment,14,serratia_marcescens,Serratia marcescens,4,Cefepime,1,1,0,,,
3,implicit_species_hypernetwork_no_enrichment,14,serratia_marcescens,Serratia marcescens,5,Ceftazidime,832,757,75,0.5294583883751652,0.6774460590048437,0.14798767062967844
3,implicit_species_hypernetwork_no_enrichment,14,serratia_marcescens,Serratia marcescens,6,Ceftazidime-Avibactam,0,0,0,,,
3,implicit_species_hypernetwork_no_enrichment,14,serratia_marcescens,Serratia marcescens,7,Ceftolozane-Tazobactam,0,0,0,,,
3,implicit_species_hypernetwork_no_enrichment,14,serratia_marcescens,Serratia marcescens,8,Ceftriaxone,684,628,56,0.502943016378526,0.757222474977252,0.254279458598726
3,implicit_species_hypernetwork_no_enrichment,14,serratia_marcescens,Serratia marcescens,9,Ciprofloxacin,831,790,41,0.5421426366162396,0.4935937017598024,-0.04854893485643724
3,implicit_species_hypernetwork_no_enrichment,14,serratia_marcescens,Serratia marcescens,10,Clarithromycin,0,0,0,,,
3,implicit_species_hypernetwork_no_enrichment,14,serratia_marcescens,Serratia marcescens,11,Clindamycin,0,0,0,,,
3,implicit_species_hypernetwork_no_enrichment,14,serratia_marcescens,Serratia marcescens,12,Cotrimoxazole,831,822,9,0.6065152743984861,0.5247364152473641,-0.08177885915112193
3,implicit_species_hypernetwork_no_enrichment,14,serratia_marcescens,Serratia marcescens,13,Ertapenem,2,1,1,1.0,0.0,-1.0
3,implicit_species_hypernetwork_no_enrichment,14,serratia_marcescens,Serratia marcescens,14,Erythromycin,0,0,0,,,
3,implicit_species_hypernetwork_no_enrichment,14,serratia_marcescens,Serratia marcescens,15,Fosfomycin,110,95,15,0.323859649122807,0.5452631578947368,0.22140350877192977
3,implicit_species_hypernetwork_no_enrichment,14,serratia_marcescens,Serratia marcescens,16,Fusidic acid,0,0,0,,,
3,implicit_species_hypernetwork_no_enrichment,14,serratia_marcescens,Serratia marcescens,17,Gentamicin,830,317,513,0.5514570688902417,0.6411810282804804,0.0897239593902387
3,implicit_species_hypernetwork_no_enrichment,14,serratia_marcescens,Serratia marcescens,18,Imipenem,831,799,32,0.5322668961201502,0.8420486545682102,0.30978175844806
3,implicit_species_hypernetwork_no_enrichment,14,serratia_marcescens,Serratia marcescens,19,Levofloxacin,0,0,0,,,
3,implicit_species_hypernetwork_no_enrichment,14,serratia_marcescens,Serratia marcescens,20,Linezolid,0,0,0,,,
3,implicit_species_hypernetwork_no_enrichment,14,serratia_marcescens,Serratia marcescens,21,Meropenem,830,829,1,0.13691194209891433,0.985524728588661,0.8486127864897467
3,implicit_species_hypernetwork_no_enrichment,14,serratia_marcescens,Serratia marcescens,22,Moxifloxacin,702,322,380,0.49727443609022554,0.4107592350441321,-0.08651520104609345
3,implicit_species_hypernetwork_no_enrichment,14,serratia_marcescens,Serratia marcescens,23,Mupirocin,0,0,0,,,
3,implicit_species_hypernetwork_no_enrichment,14,serratia_marcescens,Serratia marcescens,24,Nitrofurantoin,5,0,5,,,
3,implicit_species_hypernetwork_no_enrichment,14,serratia_marcescens,Serratia marcescens,25,Oxacillin,0,0,0,,,
3,implicit_species_hypernetwork_no_enrichment,14,serratia_marcescens,Serratia marcescens,26,Piperacillin,1,1,0,,,
3,implicit_species_hypernetwork_no_enrichment,14,serratia_marcescens,Serratia marcescens,27,Piperacillin-Tazobactam,831,747,84,0.5052989736724677,0.6691846752087717,0.163885701536304
3,implicit_species_hypernetwork_no_enrichment,14,serratia_marcescens,Serratia marcescens,28,Rifampicin,0,0,0,,,
3,implicit_species_hypernetwork_no_enrichment,14,serratia_marcescens,Serratia marcescens,29,Teicoplanin,0,0,0,,,
3,implicit_species_hypernetwork_no_enrichment,14,serratia_marcescens,Serratia marcescens,30,Tetracycline,0,0,0,,,
3,implicit_species_hypernetwork_no_enrichment,14,serratia_marcescens,Serratia marcescens,31,Tigecycline,0,0,0,,,
3,implicit_species_hypernetwork_no_enrichment,14,serratia_marcescens,Serratia marcescens,32,Tobramycin,1,1,0,,,
3,implicit_species_hypernetwork_no_enrichment,14,serratia_marcescens,Serratia marcescens,33,Vancomycin,0,0,0,,,
3,implicit_species_hypernetwork_no_enrichment,14,serratia_marcescens,Serratia marcescens,34,Voriconazole,0,0,0,,,
3,implicit_species_hypernetwork_no_enrichment,15,staphylococcus_aureus,Staphylococcus aureus,0,Amikacin,0,0,0,,,
3,implicit_species_hypernetwork_no_enrichment,15,staphylococcus_aureus,Staphylococcus aureus,1,Ampicillin,0,0,0,,,
3,implicit_species_hypernetwork_no_enrichment,15,staphylococcus_aureus,Staphylococcus aureus,2,Azithromycin,0,0,0,,,
3,implicit_species_hypernetwork_no_enrichment,15,staphylococcus_aureus,Staphylococcus aureus,3,Caspofungin,0,0,0,,,
3,implicit_species_hypernetwork_no_enrichment,15,staphylococcus_aureus,Staphylococcus aureus,4,Cefepime,0,0,0,,,
3,implicit_species_hypernetwork_no_enrichment,15,staphylococcus_aureus,Staphylococcus aureus,5,Ceftazidime,0,0,0,,,
3,implicit_species_hypernetwork_no_enrichment,15,staphylococcus_aureus,Staphylococcus aureus,6,Ceftazidime-Avibactam,0,0,0,,,
3,implicit_species_hypernetwork_no_enrichment,15,staphylococcus_aureus,Staphylococcus aureus,7,Ceftolozane-Tazobactam,0,0,0,,,
3,implicit_species_hypernetwork_no_enrichment,15,staphylococcus_aureus,Staphylococcus aureus,8,Ceftriaxone,0,0,0,,,
3,implicit_species_hypernetwork_no_enrichment,15,staphylococcus_aureus,Staphylococcus aureus,9,Ciprofloxacin,0,0,0,,,
3,implicit_species_hypernetwork_no_enrichment,15,staphylococcus_aureus,Staphylococcus aureus,10,Clarithromycin,0,0,0,,,
3,implicit_species_hypernetwork_no_enrichment,15,staphylococcus_aureus,Staphylococcus aureus,11,Clindamycin,6003,4900,1103,0.5552333154476659,0.6299302458970896,0.07469693044942372
3,implicit_species_hypernetwork_no_enrichment,15,staphylococcus_aureus,Staphylococcus aureus,12,Cotrimoxazole,6004,5870,134,0.5521771466347987,0.608234381753922,0.056057235119123305
3,implicit_species_hypernetwork_no_enrichment,15,staphylococcus_aureus,Staphylococcus aureus,13,Ertapenem,0,0,0,,,
3,implicit_species_hypernetwork_no_enrichment,15,staphylococcus_aureus,Staphylococcus aureus,14,Erythromycin,6002,4814,1188,0.5483845867622353,0.6217668479560877,0.07338226119385238
3,implicit_species_hypernetwork_no_enrichment,15,staphylococcus_aureus,Staphylococcus aureus,15,Fosfomycin,6003,5941,62,0.631015469319274,0.7456467087652237,0.11463123944594966
3,implicit_species_hypernetwork_no_enrichment,15,staphylococcus_aureus,Staphylococcus aureus,16,Fusidic acid,211,190,21,0.46954887218045116,0.5864661654135338,0.11691729323308264
3,implicit_species_hypernetwork_no_enrichment,15,staphylococcus_aureus,Staphylococcus aureus,17,Gentamicin,6004,5911,93,0.5241430684180941,0.5738917600318706,0.049748691613776486
3,implicit_species_hypernetwork_no_enrichment,15,staphylococcus_aureus,Staphylococcus aureus,18,Imipenem,0,0,0,,,
3,implicit_species_hypernetwork_no_enrichment,15,staphylococcus_aureus,Staphylococcus aureus,19,Levofloxacin,6005,2952,3053,0.5346988656588171,0.8730196297213545,0.3383207640625374
3,implicit_species_hypernetwork_no_enrichment,15,staphylococcus_aureus,Staphylococcus aureus,20,Linezolid,6003,6000,3,0.3795833333333333,0.7422777777777777,0.36269444444444443
3,implicit_species_hypernetwork_no_enrichment,15,staphylococcus_aureus,Staphylococcus aureus,21,Meropenem,0,0,0,,,
3,implicit_species_hypernetwork_no_enrichment,15,staphylococcus_aureus,Staphylococcus aureus,22,Moxifloxacin,43,39,4,0.6410256410256411,1.0,0.3589743589743589
3,implicit_species_hypernetwork_no_enrichment,15,staphylococcus_aureus,Staphylococcus aureus,23,Mupirocin,830,808,22,0.533781503150315,0.6230310531053105,0.08924954995499546
3,implicit_species_hypernetwork_no_enrichment,15,staphylococcus_aureus,Staphylococcus aureus,24,Nitrofurantoin,0,0,0,,,
3,implicit_species_hypernetwork_no_enrichment,15,staphylococcus_aureus,Staphylococcus aureus,25,Oxacillin,6000,4912,1088,0.6931226722671968,0.858536155453631,0.16541348318643423
3,implicit_species_hypernetwork_no_enrichment,15,staphylococcus_aureus,Staphylococcus aureus,26,Piperacillin,0,0,0,,,
3,implicit_species_hypernetwork_no_enrichment,15,staphylococcus_aureus,Staphylococcus aureus,27,Piperacillin-Tazobactam,0,0,0,,,
3,implicit_species_hypernetwork_no_enrichment,15,staphylococcus_aureus,Staphylococcus aureus,28,Rifampicin,5996,5965,31,0.5320363410215504,0.585036368061001,0.053000027039450615
3,implicit_species_hypernetwork_no_enrichment,15,staphylococcus_aureus,Staphylococcus aureus,29,Teicoplanin,0,0,0,,,
3,implicit_species_hypernetwork_no_enrichment,15,staphylococcus_aureus,Staphylococcus aureus,30,Tetracycline,6001,5636,365,0.5340759501054863,0.5718531553516046,0.037777205246118384
3,implicit_species_hypernetwork_no_enrichment,15,staphylococcus_aureus,Staphylococcus aureus,31,Tigecycline,5990,5985,5,0.43284878863826237,0.6946365914786967,0.26178780284043435
3,implicit_species_hypernetwork_no_enrichment,15,staphylococcus_aureus,Staphylococcus aureus,32,Tobramycin,0,0,0,,,
3,implicit_species_hypernetwork_no_enrichment,15,staphylococcus_aureus,Staphylococcus aureus,33,Vancomycin,6002,5997,5,0.6727697181924296,0.8451892612973153,0.17241954310488572
3,implicit_species_hypernetwork_no_enrichment,15,staphylococcus_aureus,Staphylococcus aureus,34,Voriconazole,0,0,0,,,
3,implicit_species_hypernetwork_no_enrichment,16,staphylococcus_capitis,Staphylococcus capitis,0,Amikacin,0,0,0,,,
3,implicit_species_hypernetwork_no_enrichment,16,staphylococcus_capitis,Staphylococcus capitis,1,Ampicillin,0,0,0,,,
3,implicit_species_hypernetwork_no_enrichment,16,staphylococcus_capitis,Staphylococcus capitis,2,Azithromycin,0,0,0,,,
3,implicit_species_hypernetwork_no_enrichment,16,staphylococcus_capitis,Staphylococcus capitis,3,Caspofungin,0,0,0,,,
3,implicit_species_hypernetwork_no_enrichment,16,staphylococcus_capitis,Staphylococcus capitis,4,Cefepime,0,0,0,,,
3,implicit_species_hypernetwork_no_enrichment,16,staphylococcus_capitis,Staphylococcus capitis,5,Ceftazidime,0,0,0,,,
3,implicit_species_hypernetwork_no_enrichment,16,staphylococcus_capitis,Staphylococcus capitis,6,Ceftazidime-Avibactam,0,0,0,,,
3,implicit_species_hypernetwork_no_enrichment,16,staphylococcus_capitis,Staphylococcus capitis,7,Ceftolozane-Tazobactam,0,0,0,,,
3,implicit_species_hypernetwork_no_enrichment,16,staphylococcus_capitis,Staphylococcus capitis,8,Ceftriaxone,0,0,0,,,
3,implicit_species_hypernetwork_no_enrichment,16,staphylococcus_capitis,Staphylococcus capitis,9,Ciprofloxacin,0,0,0,,,
3,implicit_species_hypernetwork_no_enrichment,16,staphylococcus_capitis,Staphylococcus capitis,10,Clarithromycin,0,0,0,,,
3,implicit_species_hypernetwork_no_enrichment,16,staphylococcus_capitis,Staphylococcus capitis,11,Clindamycin,412,323,89,0.5207847775420044,0.586582947785856,0.0657981702438516
3,implicit_species_hypernetwork_no_enrichment,16,staphylococcus_capitis,Staphylococcus capitis,12,Cotrimoxazole,404,398,6,0.5912897822445561,0.542713567839196,-0.048576214405360085
3,implicit_species_hypernetwork_no_enrichment,16,staphylococcus_capitis,Staphylococcus capitis,13,Ertapenem,0,0,0,,,
3,implicit_species_hypernetwork_no_enrichment,16,staphylococcus_capitis,Staphylococcus capitis,14,Erythromycin,415,332,83,0.5138989693714617,0.6077986645376687,0.093899695166207
3,implicit_species_hypernetwork_no_enrichment,16,staphylococcus_capitis,Staphylococcus capitis,15,Fosfomycin,398,0,398,,,
3,implicit_species_hypernetwork_no_enrichment,16,staphylococcus_capitis,Staphylococcus capitis,16,Fusidic acid,1,0,1,,,
3,implicit_species_hypernetwork_no_enrichment,16,staphylococcus_capitis,Staphylococcus capitis,17,Gentamicin,401,373,28,0.45188625047874376,0.5672156261968594,0.11532937571811563
3,implicit_species_hypernetwork_no_enrichment,16,staphylococcus_capitis,Staphylococcus capitis,18,Imipenem,0,0,0,,,
3,implicit_species_hypernetwork_no_enrichment,16,staphylococcus_capitis,Staphylococcus capitis,19,Levofloxacin,401,244,157,0.4973504228881696,0.5964811527618252,0.09913072987365562
3,implicit_species_hypernetwork_no_enrichment,16,staphylococcus_capitis,Staphylococcus capitis,20,Linezolid,403,403,0,,,
3,implicit_species_hypernetwork_no_enrichment,16,staphylococcus_capitis,Staphylococcus capitis,21,Meropenem,0,0,0,,,
3,implicit_species_hypernetwork_no_enrichment,16,staphylococcus_capitis,Staphylococcus capitis,22,Moxifloxacin,1,1,0,,,
3,implicit_species_hypernetwork_no_enrichment,16,staphylococcus_capitis,Staphylococcus capitis,23,Mupirocin,0,0,0,,,
3,implicit_species_hypernetwork_no_enrichment,16,staphylococcus_capitis,Staphylococcus capitis,24,Nitrofurantoin,0,0,0,,,
3,implicit_species_hypernetwork_no_enrichment,16,staphylococcus_capitis,Staphylococcus capitis,25,Oxacillin,413,306,107,0.4561572292468388,0.6581913139087411,0.20203408466190226
3,implicit_species_hypernetwork_no_enrichment,16,staphylococcus_capitis,Staphylococcus capitis,26,Piperacillin,0,0,0,,,
3,implicit_species_hypernetwork_no_enrichment,16,staphylococcus_capitis,Staphylococcus capitis,27,Piperacillin-Tazobactam,0,0,0,,,
3,implicit_species_hypernetwork_no_enrichment,16,staphylococcus_capitis,Staphylococcus capitis,28,Rifampicin,398,396,2,0.8699494949494949,0.37184343434343436,-0.49810606060606055
3,implicit_species_hypernetwork_no_enrichment,16,staphylococcus_capitis,Staphylococcus capitis,29,Teicoplanin,0,0,0,,,
3,implicit_species_hypernetwork_no_enrichment,16,staphylococcus_capitis,Staphylococcus capitis,30,Tetracycline,401,344,57,0.4914575683394532,0.43479702162382705,-0.05666054671562615
3,implicit_species_hypernetwork_no_enrichment,16,staphylococcus_capitis,Staphylococcus capitis,31,Tigecycline,401,401,0,,,
3,implicit_species_hypernetwork_no_enrichment,16,staphylococcus_capitis,Staphylococcus capitis,32,Tobramycin,0,0,0,,,
3,implicit_species_hypernetwork_no_enrichment,16,staphylococcus_capitis,Staphylococcus capitis,33,Vancomycin,403,403,0,,,
3,implicit_species_hypernetwork_no_enrichment,16,staphylococcus_capitis,Staphylococcus capitis,34,Voriconazole,0,0,0,,,
3,implicit_species_hypernetwork_no_enrichment,17,staphylococcus_epidermidis,Staphylococcus epidermidis,0,Amikacin,0,0,0,,,
3,implicit_species_hypernetwork_no_enrichment,17,staphylococcus_epidermidis,Staphylococcus epidermidis,1,Ampicillin,1,0,1,,,
3,implicit_species_hypernetwork_no_enrichment,17,staphylococcus_epidermidis,Staphylococcus epidermidis,2,Azithromycin,0,0,0,,,
3,implicit_species_hypernetwork_no_enrichment,17,staphylococcus_epidermidis,Staphylococcus epidermidis,3,Caspofungin,0,0,0,,,
3,implicit_species_hypernetwork_no_enrichment,17,staphylococcus_epidermidis,Staphylococcus epidermidis,4,Cefepime,0,0,0,,,
3,implicit_species_hypernetwork_no_enrichment,17,staphylococcus_epidermidis,Staphylococcus epidermidis,5,Ceftazidime,1,1,0,,,
3,implicit_species_hypernetwork_no_enrichment,17,staphylococcus_epidermidis,Staphylococcus epidermidis,6,Ceftazidime-Avibactam,0,0,0,,,
3,implicit_species_hypernetwork_no_enrichment,17,staphylococcus_epidermidis,Staphylococcus epidermidis,7,Ceftolozane-Tazobactam,0,0,0,,,
3,implicit_species_hypernetwork_no_enrichment,17,staphylococcus_epidermidis,Staphylococcus epidermidis,8,Ceftriaxone,1,1,0,,,
3,implicit_species_hypernetwork_no_enrichment,17,staphylococcus_epidermidis,Staphylococcus epidermidis,9,Ciprofloxacin,1,1,0,,,
3,implicit_species_hypernetwork_no_enrichment,17,staphylococcus_epidermidis,Staphylococcus epidermidis,10,Clarithromycin,0,0,0,,,
3,implicit_species_hypernetwork_no_enrichment,17,staphylococcus_epidermidis,Staphylococcus epidermidis,11,Clindamycin,2962,1419,1543,0.6128102682007037,0.6979859028269705,0.08517563462626676
3,implicit_species_hypernetwork_no_enrichment,17,staphylococcus_epidermidis,Staphylococcus epidermidis,12,Cotrimoxazole,2956,2135,821,0.6778738443721171,0.7765231753131356,0.09864933094101858
3,implicit_species_hypernetwork_no_enrichment,17,staphylococcus_epidermidis,Staphylococcus epidermidis,13,Ertapenem,0,0,0,,,
3,implicit_species_hypernetwork_no_enrichment,17,staphylococcus_epidermidis,Staphylococcus epidermidis,14,Erythromycin,2963,974,1989,0.5816394688239114,0.6511132068264572,0.06947373800254586
3,implicit_species_hypernetwork_no_enrichment,17,staphylococcus_epidermidis,Staphylococcus epidermidis,15,Fosfomycin,2951,2419,532,0.6724528870750668,0.7769047981673904,0.10445191109232366
3,implicit_species_hypernetwork_no_enrichment,17,staphylococcus_epidermidis,Staphylococcus epidermidis,16,Fusidic acid,1,0,1,,,
3,implicit_species_hypernetwork_no_enrichment,17,staphylococcus_epidermidis,Staphylococcus epidermidis,17,Gentamicin,2952,1982,970,0.6532979807962382,0.7482975646800588,0.09499958388382057
3,implicit_species_hypernetwork_no_enrichment,17,staphylococcus_epidermidis,Staphylococcus epidermidis,18,Imipenem,1,1,0,,,
3,implicit_species_hypernetwork_no_enrichment,17,staphylococcus_epidermidis,Staphylococcus epidermidis,19,Levofloxacin,2952,913,2039,0.6285529115436288,0.7593130558705463,0.13076014432691752
3,implicit_species_hypernetwork_no_enrichment,17,staphylococcus_epidermidis,Staphylococcus epidermidis,20,Linezolid,2957,2900,57,0.6329612825166364,0.8999727767695099,0.2670114942528735
3,implicit_species_hypernetwork_no_enrichment,17,staphylococcus_epidermidis,Staphylococcus epidermidis,21,Meropenem,1,1,0,,,
3,implicit_species_hypernetwork_no_enrichment,17,staphylococcus_epidermidis,Staphylococcus epidermidis,22,Moxifloxacin,11,10,1,0.25,0.8,0.55
3,implicit_species_hypernetwork_no_enrichment,17,staphylococcus_epidermidis,Staphylococcus epidermidis,23,Mupirocin,0,0,0,,,
3,implicit_species_hypernetwork_no_enrichment,17,staphylococcus_epidermidis,Staphylococcus epidermidis,24,Nitrofurantoin,0,0,0,,,
3,implicit_species_hypernetwork_no_enrichment,17,staphylococcus_epidermidis,Staphylococcus epidermidis,25,Oxacillin,2967,986,1981,0.6536106705384724,0.7242160053981384,0.07060533485966591
3,implicit_species_hypernetwork_no_enrichment,17,staphylococcus_epidermidis,Staphylococcus epidermidis,26,Piperacillin,0,0,0,,,
3,implicit_species_hypernetwork_no_enrichment,17,staphylococcus_epidermidis,Staphylococcus epidermidis,27,Piperacillin-Tazobactam,1,1,0,,,
3,implicit_species_hypernetwork_no_enrichment,17,staphylococcus_epidermidis,Staphylococcus epidermidis,28,Rifampicin,2944,2710,234,0.5941968650455736,0.6749550572428801,0.08075819219730651
3,implicit_species_hypernetwork_no_enrichment,17,staphylococcus_epidermidis,Staphylococcus epidermidis,29,Teicoplanin,1,1,0,,,
3,implicit_species_hypernetwork_no_enrichment,17,staphylococcus_epidermidis,Staphylococcus epidermidis,30,Tetracycline,2951,1652,1299,0.6088267283270611,0.6523776438198876,0.043550915492826525
3,implicit_species_hypernetwork_no_enrichment,17,staphylococcus_epidermidis,Staphylococcus epidermidis,31,Tigecycline,2949,2941,8,0.645507480448827,0.6258713022781367,-0.0196361781706903
3,implicit_species_hypernetwork_no_enrichment,17,staphylococcus_epidermidis,Staphylococcus epidermidis,32,Tobramycin,0,0,0,,,
3,implicit_species_hypernetwork_no_enrichment,17,staphylococcus_epidermidis,Staphylococcus epidermidis,33,Vancomycin,2955,2952,3,0.3464882565492321,0.5693879855465221,0.22289972899729005
3,implicit_species_hypernetwork_no_enrichment,17,staphylococcus_epidermidis,Staphylococcus epidermidis,34,Voriconazole,0,0,0,,,
3,implicit_species_hypernetwork_no_enrichment,18,staphylococcus_haemolyticus,Staphylococcus haemolyticus,0,Amikacin,0,0,0,,,
3,implicit_species_hypernetwork_no_enrichment,18,staphylococcus_haemolyticus,Staphylococcus haemolyticus,1,Ampicillin,0,0,0,,,
3,implicit_species_hypernetwork_no_enrichment,18,staphylococcus_haemolyticus,Staphylococcus haemolyticus,2,Azithromycin,0,0,0,,,
3,implicit_species_hypernetwork_no_enrichment,18,staphylococcus_haemolyticus,Staphylococcus haemolyticus,3,Caspofungin,0,0,0,,,
3,implicit_species_hypernetwork_no_enrichment,18,staphylococcus_haemolyticus,Staphylococcus haemolyticus,4,Cefepime,0,0,0,,,
3,implicit_species_hypernetwork_no_enrichment,18,staphylococcus_haemolyticus,Staphylococcus haemolyticus,5,Ceftazidime,0,0,0,,,
3,implicit_species_hypernetwork_no_enrichment,18,staphylococcus_haemolyticus,Staphylococcus haemolyticus,6,Ceftazidime-Avibactam,0,0,0,,,
3,implicit_species_hypernetwork_no_enrichment,18,staphylococcus_haemolyticus,Staphylococcus haemolyticus,7,Ceftolozane-Tazobactam,0,0,0,,,
3,implicit_species_hypernetwork_no_enrichment,18,staphylococcus_haemolyticus,Staphylococcus haemolyticus,8,Ceftriaxone,0,0,0,,,
3,implicit_species_hypernetwork_no_enrichment,18,staphylococcus_haemolyticus,Staphylococcus haemolyticus,9,Ciprofloxacin,0,0,0,,,
3,implicit_species_hypernetwork_no_enrichment,18,staphylococcus_haemolyticus,Staphylococcus haemolyticus,10,Clarithromycin,0,0,0,,,
3,implicit_species_hypernetwork_no_enrichment,18,staphylococcus_haemolyticus,Staphylococcus haemolyticus,11,Clindamycin,399,125,274,0.5576058394160583,0.5832554744525548,0.02564963503649642
3,implicit_species_hypernetwork_no_enrichment,18,staphylococcus_haemolyticus,Staphylococcus haemolyticus,12,Cotrimoxazole,400,161,239,0.6393747238753605,0.6933782062943424,0.054003482418981896
3,implicit_species_hypernetwork_no_enrichment,18,staphylococcus_haemolyticus,Staphylococcus haemolyticus,13,Ertapenem,0,0,0,,,
3,implicit_species_hypernetwork_no_enrichment,18,staphylococcus_haemolyticus,Staphylococcus haemolyticus,14,Erythromycin,399,69,330,0.585814668423364,0.6814229249011857,0.09560825647782167
3,implicit_species_hypernetwork_no_enrichment,18,staphylococcus_haemolyticus,Staphylococcus haemolyticus,15,Fosfomycin,398,10,388,0.5606958762886598,0.5359536082474227,-0.024742268041237137
3,implicit_species_hypernetwork_no_enrichment,18,staphylococcus_haemolyticus,Staphylococcus haemolyticus,16,Fusidic acid,1,1,0,,,
3,implicit_species_hypernetwork_no_enrichment,18,staphylococcus_haemolyticus,Staphylococcus haemolyticus,17,Gentamicin,400,124,276,0.6709765077138851,0.7568665264142123,0.0858900187003272
3,implicit_species_hypernetwork_no_enrichment,18,staphylococcus_haemolyticus,Staphylococcus haemolyticus,18,Imipenem,0,0,0,,,
3,implicit_species_hypernetwork_no_enrichment,18,staphylococcus_haemolyticus,Staphylococcus haemolyticus,19,Levofloxacin,400,78,322,0.6576086956521738,0.7312271062271063,0.07361841057493246
3,implicit_species_hypernetwork_no_enrichment,18,staphylococcus_haemolyticus,Staphylococcus haemolyticus,20,Linezolid,400,397,3,0.47019311502938704,0.6528127623845508,0.18261964735516373
3,implicit_species_hypernetwork_no_enrichment,18,staphylococcus_haemolyticus,Staphylococcus haemolyticus,21,Meropenem,0,0,0,,,
3,implicit_species_hypernetwork_no_enrichment,18,staphylococcus_haemolyticus,Staphylococcus haemolyticus,22,Moxifloxacin,0,0,0,,,
3,implicit_species_hypernetwork_no_enrichment,18,staphylococcus_haemolyticus,Staphylococcus haemolyticus,23,Mupirocin,0,0,0,,,
3,implicit_species_hypernetwork_no_enrichment,18,staphylococcus_haemolyticus,Staphylococcus haemolyticus,24,Nitrofurantoin,0,0,0,,,
3,implicit_species_hypernetwork_no_enrichment,18,staphylococcus_haemolyticus,Staphylococcus haemolyticus,25,Oxacillin,404,87,317,0.6690416621342326,0.7460205228615976,0.07697886072736504
3,implicit_species_hypernetwork_no_enrichment,18,staphylococcus_haemolyticus,Staphylococcus haemolyticus,26,Piperacillin,0,0,0,,,
3,implicit_species_hypernetwork_no_enrichment,18,staphylococcus_haemolyticus,Staphylococcus haemolyticus,27,Piperacillin-Tazobactam,0,0,0,,,
3,implicit_species_hypernetwork_no_enrichment,18,staphylococcus_haemolyticus,Staphylococcus haemolyticus,28,Rifampicin,398,353,45,0.6310985206169343,0.7963172804532578,0.1652187598363235
3,implicit_species_hypernetwork_no_enrichment,18,staphylococcus_haemolyticus,Staphylococcus haemolyticus,29,Teicoplanin,0,0,0,,,
3,implicit_species_hypernetwork_no_enrichment,18,staphylococcus_haemolyticus,Staphylococcus haemolyticus,30,Tetracycline,399,177,222,0.630554283096656,0.6995342800427546,0.06897999694609869
3,implicit_species_hypernetwork_no_enrichment,18,staphylococcus_haemolyticus,Staphylococcus haemolyticus,31,Tigecycline,401,400,1,0.4275,0.71375,0.28625
3,implicit_species_hypernetwork_no_enrichment,18,staphylococcus_haemolyticus,Staphylococcus haemolyticus,32,Tobramycin,0,0,0,,,
3,implicit_species_hypernetwork_no_enrichment,18,staphylococcus_haemolyticus,Staphylococcus haemolyticus,33,Vancomycin,402,402,0,,,
3,implicit_species_hypernetwork_no_enrichment,18,staphylococcus_haemolyticus,Staphylococcus haemolyticus,34,Voriconazole,0,0,0,,,
3,implicit_species_hypernetwork_no_enrichment,19,staphylococcus_hominis,Staphylococcus hominis,0,Amikacin,0,0,0,,,
3,implicit_species_hypernetwork_no_enrichment,19,staphylococcus_hominis,Staphylococcus hominis,1,Ampicillin,0,0,0,,,
3,implicit_species_hypernetwork_no_enrichment,19,staphylococcus_hominis,Staphylococcus hominis,2,Azithromycin,0,0,0,,,
3,implicit_species_hypernetwork_no_enrichment,19,staphylococcus_hominis,Staphylococcus hominis,3,Caspofungin,0,0,0,,,
3,implicit_species_hypernetwork_no_enrichment,19,staphylococcus_hominis,Staphylococcus hominis,4,Cefepime,0,0,0,,,
3,implicit_species_hypernetwork_no_enrichment,19,staphylococcus_hominis,Staphylococcus hominis,5,Ceftazidime,0,0,0,,,
3,implicit_species_hypernetwork_no_enrichment,19,staphylococcus_hominis,Staphylococcus hominis,6,Ceftazidime-Avibactam,0,0,0,,,
3,implicit_species_hypernetwork_no_enrichment,19,staphylococcus_hominis,Staphylococcus hominis,7,Ceftolozane-Tazobactam,0,0,0,,,
3,implicit_species_hypernetwork_no_enrichment,19,staphylococcus_hominis,Staphylococcus hominis,8,Ceftriaxone,0,0,0,,,
3,implicit_species_hypernetwork_no_enrichment,19,staphylococcus_hominis,Staphylococcus hominis,9,Ciprofloxacin,0,0,0,,,
3,implicit_species_hypernetwork_no_enrichment,19,staphylococcus_hominis,Staphylococcus hominis,10,Clarithromycin,0,0,0,,,
3,implicit_species_hypernetwork_no_enrichment,19,staphylococcus_hominis,Staphylococcus hominis,11,Clindamycin,503,312,191,0.5497298295073165,0.5463652839307289,-0.0033645455765876076
3,implicit_species_hypernetwork_no_enrichment,19,staphylococcus_hominis,Staphylococcus hominis,12,Cotrimoxazole,502,388,114,0.5194768493398445,0.5272314161692893,0.007754566829444753
3,implicit_species_hypernetwork_no_enrichment,19,staphylococcus_hominis,Staphylococcus hominis,13,Ertapenem,0,0,0,,,
3,implicit_species_hypernetwork_no_enrichment,19,staphylococcus_hominis,Staphylococcus hominis,14,Erythromycin,508,188,320,0.5590093085106383,0.48806515957446805,-0.07094414893617029
3,implicit_species_hypernetwork_no_enrichment,19,staphylococcus_hominis,Staphylococcus hominis,15,Fosfomycin,500,16,484,0.5238894628099173,0.56224173553719,0.03835227272727271
3,implicit_species_hypernetwork_no_enrichment,19,staphylococcus_hominis,Staphylococcus hominis,16,Fusidic acid,0,0,0,,,
3,implicit_species_hypernetwork_no_enrichment,19,staphylococcus_hominis,Staphylococcus hominis,17,Gentamicin,500,414,86,0.5942590720143804,0.5518621503201887,-0.042396921694191736
3,implicit_species_hypernetwork_no_enrichment,19,staphylococcus_hominis,Staphylococcus hominis,18,Imipenem,0,0,0,,,
3,implicit_species_hypernetwork_no_enrichment,19,staphylococcus_hominis,Staphylococcus hominis,19,Levofloxacin,500,229,271,0.4765142847935029,0.5912035321226574,0.11468924732915453
3,implicit_species_hypernetwork_no_enrichment,19,staphylococcus_hominis,Staphylococcus hominis,20,Linezolid,499,494,5,0.519838056680162,0.6477732793522268,0.1279352226720648
3,implicit_species_hypernetwork_no_enrichment,19,staphylococcus_hominis,Staphylococcus hominis,21,Meropenem,0,0,0,,,
3,implicit_species_hypernetwork_no_enrichment,19,staphylococcus_hominis,Staphylococcus hominis,22,Moxifloxacin,0,0,0,,,
3,implicit_species_hypernetwork_no_enrichment,19,staphylococcus_hominis,Staphylococcus hominis,23,Mupirocin,0,0,0,,,
3,implicit_species_hypernetwork_no_enrichment,19,staphylococcus_hominis,Staphylococcus hominis,24,Nitrofurantoin,0,0,0,,,
3,implicit_species_hypernetwork_no_enrichment,19,staphylococcus_hominis,Staphylococcus hominis,25,Oxacillin,507,258,249,0.5431337754117245,0.5680940817533701,0.02496030634164559
3,implicit_species_hypernetwork_no_enrichment,19,staphylococcus_hominis,Staphylococcus hominis,26,Piperacillin,0,0,0,,,
3,implicit_species_hypernetwork_no_enrichment,19,staphylococcus_hominis,Staphylococcus hominis,27,Piperacillin-Tazobactam,0,0,0,,,
3,implicit_species_hypernetwork_no_enrichment,19,staphylococcus_hominis,Staphylococcus hominis,28,Rifampicin,501,489,12,0.4764826175869121,0.5632242672119973,0.08674164962508513
3,implicit_species_hypernetwork_no_enrichment,19,staphylococcus_hominis,Staphylococcus hominis,29,Teicoplanin,0,0,0,,,
3,implicit_species_hypernetwork_no_enrichment,19,staphylococcus_hominis,Staphylococcus hominis,30,Tetracycline,500,311,189,0.43226322326000777,0.48815052995117303,0.05588730669116526
3,implicit_species_hypernetwork_no_enrichment,19,staphylococcus_hominis,Staphylococcus hominis,31,Tigecycline,502,502,0,,,
3,implicit_species_hypernetwork_no_enrichment,19,staphylococcus_hominis,Staphylococcus hominis,32,Tobramycin,0,0,0,,,
3,implicit_species_hypernetwork_no_enrichment,19,staphylococcus_hominis,Staphylococcus hominis,33,Vancomycin,503,503,0,,,
3,implicit_species_hypernetwork_no_enrichment,19,staphylococcus_hominis,Staphylococcus hominis,34,Voriconazole,0,0,0,,,
3,implicit_species_hypernetwork_no_enrichment,20,staphylococcus_lugdunensis,Staphylococcus lugdunensis,0,Amikacin,0,0,0,,,
3,implicit_species_hypernetwork_no_enrichment,20,staphylococcus_lugdunensis,Staphylococcus lugdunensis,1,Ampicillin,0,0,0,,,
3,implicit_species_hypernetwork_no_enrichment,20,staphylococcus_lugdunensis,Staphylococcus lugdunensis,2,Azithromycin,0,0,0,,,
3,implicit_species_hypernetwork_no_enrichment,20,staphylococcus_lugdunensis,Staphylococcus lugdunensis,3,Caspofungin,0,0,0,,,
3,implicit_species_hypernetwork_no_enrichment,20,staphylococcus_lugdunensis,Staphylococcus lugdunensis,4,Cefepime,0,0,0,,,
3,implicit_species_hypernetwork_no_enrichment,20,staphylococcus_lugdunensis,Staphylococcus lugdunensis,5,Ceftazidime,0,0,0,,,
3,implicit_species_hypernetwork_no_enrichment,20,staphylococcus_lugdunensis,Staphylococcus lugdunensis,6,Ceftazidime-Avibactam,0,0,0,,,
3,implicit_species_hypernetwork_no_enrichment,20,staphylococcus_lugdunensis,Staphylococcus lugdunensis,7,Ceftolozane-Tazobactam,0,0,0,,,
3,implicit_species_hypernetwork_no_enrichment,20,staphylococcus_lugdunensis,Staphylococcus lugdunensis,8,Ceftriaxone,0,0,0,,,
3,implicit_species_hypernetwork_no_enrichment,20,staphylococcus_lugdunensis,Staphylococcus lugdunensis,9,Ciprofloxacin,0,0,0,,,
3,implicit_species_hypernetwork_no_enrichment,20,staphylococcus_lugdunensis,Staphylococcus lugdunensis,10,Clarithromycin,0,0,0,,,
3,implicit_species_hypernetwork_no_enrichment,20,staphylococcus_lugdunensis,Staphylococcus lugdunensis,11,Clindamycin,257,226,31,0.5013559805880674,0.5762203825292607,0.07486440194119326
3,implicit_species_hypernetwork_no_enrichment,20,staphylococcus_lugdunensis,Staphylococcus lugdunensis,12,Cotrimoxazole,257,256,1,0.787109375,0.53125,-0.255859375
3,implicit_species_hypernetwork_no_enrichment,20,staphylococcus_lugdunensis,Staphylococcus lugdunensis,13,Ertapenem,0,0,0,,,
3,implicit_species_hypernetwork_no_enrichment,20,staphylococcus_lugdunensis,Staphylococcus lugdunensis,14,Erythromycin,258,228,30,0.5044590643274854,0.5841374269005848,0.07967836257309935
3,implicit_species_hypernetwork_no_enrichment,20,staphylococcus_lugdunensis,Staphylococcus lugdunensis,15,Fosfomycin,257,222,35,0.5615186615186615,0.4741312741312741,-0.08738738738738738
3,implicit_species_hypernetwork_no_enrichment,20,staphylococcus_lugdunensis,Staphylococcus lugdunensis,16,Fusidic acid,0,0,0,,,
3,implicit_species_hypernetwork_no_enrichment,20,staphylococcus_lugdunensis,Staphylococcus lugdunensis,17,Gentamicin,257,256,1,0.498046875,0.46875,-0.029296875
3,implicit_species_hypernetwork_no_enrichment,20,staphylococcus_lugdunensis,Staphylococcus lugdunensis,18,Imipenem,0,0,0,,,
3,implicit_species_hypernetwork_no_enrichment,20,staphylococcus_lugdunensis,Staphylococcus lugdunensis,19,Levofloxacin,257,145,112,0.529033251231527,0.7014470443349753,0.1724137931034483
3,implicit_species_hypernetwork_no_enrichment,20,staphylococcus_lugdunensis,Staphylococcus lugdunensis,20,Linezolid,257,257,0,,,
3,implicit_species_hypernetwork_no_enrichment,20,staphylococcus_lugdunensis,Staphylococcus lugdunensis,21,Meropenem,0,0,0,,,
3,implicit_species_hypernetwork_no_enrichment,20,staphylococcus_lugdunensis,Staphylococcus lugdunensis,22,Moxifloxacin,0,0,0,,,
3,implicit_species_hypernetwork_no_enrichment,20,staphylococcus_lugdunensis,Staphylococcus lugdunensis,23,Mupirocin,0,0,0,,,
3,implicit_species_hypernetwork_no_enrichment,20,staphylococcus_lugdunensis,Staphylococcus lugdunensis,24,Nitrofurantoin,0,0,0,,,
3,implicit_species_hypernetwork_no_enrichment,20,staphylococcus_lugdunensis,Staphylococcus lugdunensis,25,Oxacillin,255,241,14,0.4918494368701838,0.5152637818612922,0.023414344991108393
3,implicit_species_hypernetwork_no_enrichment,20,staphylococcus_lugdunensis,Staphylococcus lugdunensis,26,Piperacillin,0,0,0,,,
3,implicit_species_hypernetwork_no_enrichment,20,staphylococcus_lugdunensis,Staphylococcus lugdunensis,27,Piperacillin-Tazobactam,0,0,0,,,
3,implicit_species_hypernetwork_no_enrichment,20,staphylococcus_lugdunensis,Staphylococcus lugdunensis,28,Rifampicin,255,255,0,,,
3,implicit_species_hypernetwork_no_enrichment,20,staphylococcus_lugdunensis,Staphylococcus lugdunensis,29,Teicoplanin,0,0,0,,,
3,implicit_species_hypernetwork_no_enrichment,20,staphylococcus_lugdunensis,Staphylococcus lugdunensis,30,Tetracycline,257,235,22,0.6511605415860735,0.5125725338491296,-0.1385880077369439
3,implicit_species_hypernetwork_no_enrichment,20,staphylococcus_lugdunensis,Staphylococcus lugdunensis,31,Tigecycline,256,256,0,,,
3,implicit_species_hypernetwork_no_enrichment,20,staphylococcus_lugdunensis,Staphylococcus lugdunensis,32,Tobramycin,0,0,0,,,
3,implicit_species_hypernetwork_no_enrichment,20,staphylococcus_lugdunensis,Staphylococcus lugdunensis,33,Vancomycin,256,256,0,,,
3,implicit_species_hypernetwork_no_enrichment,20,staphylococcus_lugdunensis,Staphylococcus lugdunensis,34,Voriconazole,0,0,0,,,
3,implicit_species_hypernetwork_no_enrichment,21,stenotrophomonas_maltophilia,Stenotrophomonas maltophilia,0,Amikacin,0,0,0,,,
3,implicit_species_hypernetwork_no_enrichment,21,stenotrophomonas_maltophilia,Stenotrophomonas maltophilia,1,Ampicillin,0,0,0,,,
3,implicit_species_hypernetwork_no_enrichment,21,stenotrophomonas_maltophilia,Stenotrophomonas maltophilia,2,Azithromycin,0,0,0,,,
3,implicit_species_hypernetwork_no_enrichment,21,stenotrophomonas_maltophilia,Stenotrophomonas maltophilia,3,Caspofungin,0,0,0,,,
3,implicit_species_hypernetwork_no_enrichment,21,stenotrophomonas_maltophilia,Stenotrophomonas maltophilia,4,Cefepime,0,0,0,,,
3,implicit_species_hypernetwork_no_enrichment,21,stenotrophomonas_maltophilia,Stenotrophomonas maltophilia,5,Ceftazidime,3,0,3,,,
3,implicit_species_hypernetwork_no_enrichment,21,stenotrophomonas_maltophilia,Stenotrophomonas maltophilia,6,Ceftazidime-Avibactam,1,1,0,,,
3,implicit_species_hypernetwork_no_enrichment,21,stenotrophomonas_maltophilia,Stenotrophomonas maltophilia,7,Ceftolozane-Tazobactam,1,0,1,,,
3,implicit_species_hypernetwork_no_enrichment,21,stenotrophomonas_maltophilia,Stenotrophomonas maltophilia,8,Ceftriaxone,0,0,0,,,
3,implicit_species_hypernetwork_no_enrichment,21,stenotrophomonas_maltophilia,Stenotrophomonas maltophilia,9,Ciprofloxacin,0,0,0,,,
3,implicit_species_hypernetwork_no_enrichment,21,stenotrophomonas_maltophilia,Stenotrophomonas maltophilia,10,Clarithromycin,0,0,0,,,
3,implicit_species_hypernetwork_no_enrichment,21,stenotrophomonas_maltophilia,Stenotrophomonas maltophilia,11,Clindamycin,0,0,0,,,
3,implicit_species_hypernetwork_no_enrichment,21,stenotrophomonas_maltophilia,Stenotrophomonas maltophilia,12,Cotrimoxazole,436,0,436,,,
3,implicit_species_hypernetwork_no_enrichment,21,stenotrophomonas_maltophilia,Stenotrophomonas maltophilia,13,Ertapenem,0,0,0,,,
3,implicit_species_hypernetwork_no_enrichment,21,stenotrophomonas_maltophilia,Stenotrophomonas maltophilia,14,Erythromycin,0,0,0,,,
3,implicit_species_hypernetwork_no_enrichment,21,stenotrophomonas_maltophilia,Stenotrophomonas maltophilia,15,Fosfomycin,0,0,0,,,
3,implicit_species_hypernetwork_no_enrichment,21,stenotrophomonas_maltophilia,Stenotrophomonas maltophilia,16,Fusidic acid,0,0,0,,,
3,implicit_species_hypernetwork_no_enrichment,21,stenotrophomonas_maltophilia,Stenotrophomonas maltophilia,17,Gentamicin,0,0,0,,,
3,implicit_species_hypernetwork_no_enrichment,21,stenotrophomonas_maltophilia,Stenotrophomonas maltophilia,18,Imipenem,0,0,0,,,
3,implicit_species_hypernetwork_no_enrichment,21,stenotrophomonas_maltophilia,Stenotrophomonas maltophilia,19,Levofloxacin,3,0,3,,,
3,implicit_species_hypernetwork_no_enrichment,21,stenotrophomonas_maltophilia,Stenotrophomonas maltophilia,20,Linezolid,0,0,0,,,
3,implicit_species_hypernetwork_no_enrichment,21,stenotrophomonas_maltophilia,Stenotrophomonas maltophilia,21,Meropenem,0,0,0,,,
3,implicit_species_hypernetwork_no_enrichment,21,stenotrophomonas_maltophilia,Stenotrophomonas maltophilia,22,Moxifloxacin,1,0,1,,,
3,implicit_species_hypernetwork_no_enrichment,21,stenotrophomonas_maltophilia,Stenotrophomonas maltophilia,23,Mupirocin,0,0,0,,,
3,implicit_species_hypernetwork_no_enrichment,21,stenotrophomonas_maltophilia,Stenotrophomonas maltophilia,24,Nitrofurantoin,0,0,0,,,
3,implicit_species_hypernetwork_no_enrichment,21,stenotrophomonas_maltophilia,Stenotrophomonas maltophilia,25,Oxacillin,0,0,0,,,
3,implicit_species_hypernetwork_no_enrichment,21,stenotrophomonas_maltophilia,Stenotrophomonas maltophilia,26,Piperacillin,0,0,0,,,
3,implicit_species_hypernetwork_no_enrichment,21,stenotrophomonas_maltophilia,Stenotrophomonas maltophilia,27,Piperacillin-Tazobactam,0,0,0,,,
3,implicit_species_hypernetwork_no_enrichment,21,stenotrophomonas_maltophilia,Stenotrophomonas maltophilia,28,Rifampicin,1,0,1,,,
3,implicit_species_hypernetwork_no_enrichment,21,stenotrophomonas_maltophilia,Stenotrophomonas maltophilia,29,Teicoplanin,0,0,0,,,
3,implicit_species_hypernetwork_no_enrichment,21,stenotrophomonas_maltophilia,Stenotrophomonas maltophilia,30,Tetracycline,0,0,0,,,
3,implicit_species_hypernetwork_no_enrichment,21,stenotrophomonas_maltophilia,Stenotrophomonas maltophilia,31,Tigecycline,1,0,1,,,
3,implicit_species_hypernetwork_no_enrichment,21,stenotrophomonas_maltophilia,Stenotrophomonas maltophilia,32,Tobramycin,0,0,0,,,
3,implicit_species_hypernetwork_no_enrichment,21,stenotrophomonas_maltophilia,Stenotrophomonas maltophilia,33,Vancomycin,0,0,0,,,
3,implicit_species_hypernetwork_no_enrichment,21,stenotrophomonas_maltophilia,Stenotrophomonas maltophilia,34,Voriconazole,0,0,0,,,
3,implicit_species_hypernetwork_no_enrichment,22,streptococcus_pneumoniae,Streptococcus pneumoniae,0,Amikacin,0,0,0,,,
3,implicit_species_hypernetwork_no_enrichment,22,streptococcus_pneumoniae,Streptococcus pneumoniae,1,Ampicillin,57,56,1,0.16071428571428575,0.9107142857142857,0.75
3,implicit_species_hypernetwork_no_enrichment,22,streptococcus_pneumoniae,Streptococcus pneumoniae,2,Azithromycin,61,57,4,0.32456140350877194,0.7675438596491228,0.4429824561403508
3,implicit_species_hypernetwork_no_enrichment,22,streptococcus_pneumoniae,Streptococcus pneumoniae,3,Caspofungin,0,0,0,,,
3,implicit_species_hypernetwork_no_enrichment,22,streptococcus_pneumoniae,Streptococcus pneumoniae,4,Cefepime,0,0,0,,,
3,implicit_species_hypernetwork_no_enrichment,22,streptococcus_pneumoniae,Streptococcus pneumoniae,5,Ceftazidime,0,0,0,,,
3,implicit_species_hypernetwork_no_enrichment,22,streptococcus_pneumoniae,Streptococcus pneumoniae,6,Ceftazidime-Avibactam,0,0,0,,,
3,implicit_species_hypernetwork_no_enrichment,22,streptococcus_pneumoniae,Streptococcus pneumoniae,7,Ceftolozane-Tazobactam,0,0,0,,,
3,implicit_species_hypernetwork_no_enrichment,22,streptococcus_pneumoniae,Streptococcus pneumoniae,8,Ceftriaxone,3,3,0,,,
3,implicit_species_hypernetwork_no_enrichment,22,streptococcus_pneumoniae,Streptococcus pneumoniae,9,Ciprofloxacin,0,0,0,,,
3,implicit_species_hypernetwork_no_enrichment,22,streptococcus_pneumoniae,Streptococcus pneumoniae,10,Clarithromycin,61,57,4,0.3442982456140351,0.7675438596491229,0.42324561403508776
3,implicit_species_hypernetwork_no_enrichment,22,streptococcus_pneumoniae,Streptococcus pneumoniae,11,Clindamycin,62,59,3,0.3107344632768362,0.8192090395480226,0.5084745762711864
3,implicit_species_hypernetwork_no_enrichment,22,streptococcus_pneumoniae,Streptococcus pneumoniae,12,Cotrimoxazole,61,57,4,0.4144736842105263,0.6008771929824561,0.1864035087719298
3,implicit_species_hypernetwork_no_enrichment,22,streptococcus_pneumoniae,Streptococcus pneumoniae,13,Ertapenem,0,0,0,,,
3,implicit_species_hypernetwork_no_enrichment,22,streptococcus_pneumoniae,Streptococcus pneumoniae,14,Erythromycin,61,57,4,0.3157894736842105,0.7675438596491229,0.45175438596491235
3,implicit_species_hypernetwork_no_enrichment,22,streptococcus_pneumoniae,Streptococcus pneumoniae,15,Fosfomycin,0,0,0,,,
3,implicit_species_hypernetwork_no_enrichment,22,streptococcus_pneumoniae,Streptococcus pneumoniae,16,Fusidic acid,0,0,0,,,
3,implicit_species_hypernetwork_no_enrichment,22,streptococcus_pneumoniae,Streptococcus pneumoniae,17,Gentamicin,0,0,0,,,
3,implicit_species_hypernetwork_no_enrichment,22,streptococcus_pneumoniae,Streptococcus pneumoniae,18,Imipenem,0,0,0,,,
3,implicit_species_hypernetwork_no_enrichment,22,streptococcus_pneumoniae,Streptococcus pneumoniae,19,Levofloxacin,1,0,1,,,
3,implicit_species_hypernetwork_no_enrichment,22,streptococcus_pneumoniae,Streptococcus pneumoniae,20,Linezolid,61,61,0,,,
3,implicit_species_hypernetwork_no_enrichment,22,streptococcus_pneumoniae,Streptococcus pneumoniae,21,Meropenem,0,0,0,,,
3,implicit_species_hypernetwork_no_enrichment,22,streptococcus_pneumoniae,Streptococcus pneumoniae,22,Moxifloxacin,62,59,3,0.268361581920904,0.4463276836158192,0.17796610169491522
3,implicit_species_hypernetwork_no_enrichment,22,streptococcus_pneumoniae,Streptococcus pneumoniae,23,Mupirocin,0,0,0,,,
3,implicit_species_hypernetwork_no_enrichment,22,streptococcus_pneumoniae,Streptococcus pneumoniae,24,Nitrofurantoin,0,0,0,,,
3,implicit_species_hypernetwork_no_enrichment,22,streptococcus_pneumoniae,Streptococcus pneumoniae,25,Oxacillin,0,0,0,,,
3,implicit_species_hypernetwork_no_enrichment,22,streptococcus_pneumoniae,Streptococcus pneumoniae,26,Piperacillin,0,0,0,,,
3,implicit_species_hypernetwork_no_enrichment,22,streptococcus_pneumoniae,Streptococcus pneumoniae,27,Piperacillin-Tazobactam,0,0,0,,,
3,implicit_species_hypernetwork_no_enrichment,22,streptococcus_pneumoniae,Streptococcus pneumoniae,28,Rifampicin,0,0,0,,,
3,implicit_species_hypernetwork_no_enrichment,22,streptococcus_pneumoniae,Streptococcus pneumoniae,29,Teicoplanin,0,0,0,,,
3,implicit_species_hypernetwork_no_enrichment,22,streptococcus_pneumoniae,Streptococcus pneumoniae,30,Tetracycline,1,0,1,,,
3,implicit_species_hypernetwork_no_enrichment,22,streptococcus_pneumoniae,Streptococcus pneumoniae,31,Tigecycline,0,0,0,,,
3,implicit_species_hypernetwork_no_enrichment,22,streptococcus_pneumoniae,Streptococcus pneumoniae,32,Tobramycin,0,0,0,,,
3,implicit_species_hypernetwork_no_enrichment,22,streptococcus_pneumoniae,Streptococcus pneumoniae,33,Vancomycin,61,61,0,,,
3,implicit_species_hypernetwork_no_enrichment,22,streptococcus_pneumoniae,Streptococcus pneumoniae,34,Voriconazole,0,0,0,,,
4,implicit_species_hypernetwork_no_enrichment,0,candida_albicans,Candida albicans,0,Amikacin,0,0,0,,,
4,implicit_species_hypernetwork_no_enrichment,0,candida_albicans,Candida albicans,1,Ampicillin,0,0,0,,,
4,implicit_species_hypernetwork_no_enrichment,0,candida_albicans,Candida albicans,2,Azithromycin,0,0,0,,,
4,implicit_species_hypernetwork_no_enrichment,0,candida_albicans,Candida albicans,3,Caspofungin,986,981,5,0.2756371049949031,0.3817533129459735,0.10611620795107035
4,implicit_species_hypernetwork_no_enrichment,0,candida_albicans,Candida albicans,4,Cefepime,0,0,0,,,
4,implicit_species_hypernetwork_no_enrichment,0,candida_albicans,Candida albicans,5,Ceftazidime,0,0,0,,,
4,implicit_species_hypernetwork_no_enrichment,0,candida_albicans,Candida albicans,6,Ceftazidime-Avibactam,0,0,0,,,
4,implicit_species_hypernetwork_no_enrichment,0,candida_albicans,Candida albicans,7,Ceftriaxone,0,0,0,,,
4,implicit_species_hypernetwork_no_enrichment,0,candida_albicans,Candida albicans,8,Ciprofloxacin,0,0,0,,,
4,implicit_species_hypernetwork_no_enrichment,0,candida_albicans,Candida albicans,9,Clarithromycin,0,0,0,,,
4,implicit_species_hypernetwork_no_enrichment,0,candida_albicans,Candida albicans,10,Clindamycin,0,0,0,,,
4,implicit_species_hypernetwork_no_enrichment,0,candida_albicans,Candida albicans,11,Cotrimoxazole,0,0,0,,,
4,implicit_species_hypernetwork_no_enrichment,0,candida_albicans,Candida albicans,12,Ertapenem,0,0,0,,,
4,implicit_species_hypernetwork_no_enrichment,0,candida_albicans,Candida albicans,13,Erythromycin,0,0,0,,,
4,implicit_species_hypernetwork_no_enrichment,0,candida_albicans,Candida albicans,14,Fosfomycin,0,0,0,,,
4,implicit_species_hypernetwork_no_enrichment,0,candida_albicans,Candida albicans,15,Fusidic acid,0,0,0,,,
4,implicit_species_hypernetwork_no_enrichment,0,candida_albicans,Candida albicans,16,Gentamicin,0,0,0,,,
4,implicit_species_hypernetwork_no_enrichment,0,candida_albicans,Candida albicans,17,Imipenem,0,0,0,,,
4,implicit_species_hypernetwork_no_enrichment,0,candida_albicans,Candida albicans,18,Levofloxacin,0,0,0,,,
4,implicit_species_hypernetwork_no_enrichment,0,candida_albicans,Candida albicans,19,Linezolid,0,0,0,,,
4,implicit_species_hypernetwork_no_enrichment,0,candida_albicans,Candida albicans,20,Meropenem,0,0,0,,,
4,implicit_species_hypernetwork_no_enrichment,0,candida_albicans,Candida albicans,21,Moxifloxacin,0,0,0,,,
4,implicit_species_hypernetwork_no_enrichment,0,candida_albicans,Candida albicans,22,Mupirocin,0,0,0,,,
4,implicit_species_hypernetwork_no_enrichment,0,candida_albicans,Candida albicans,23,Nitrofurantoin,0,0,0,,,
4,implicit_species_hypernetwork_no_enrichment,0,candida_albicans,Candida albicans,24,Oxacillin,0,0,0,,,
4,implicit_species_hypernetwork_no_enrichment,0,candida_albicans,Candida albicans,25,Piperacillin,0,0,0,,,
4,implicit_species_hypernetwork_no_enrichment,0,candida_albicans,Candida albicans,26,Piperacillin-Tazobactam,0,0,0,,,
4,implicit_species_hypernetwork_no_enrichment,0,candida_albicans,Candida albicans,27,Rifampicin,0,0,0,,,
4,implicit_species_hypernetwork_no_enrichment,0,candida_albicans,Candida albicans,28,Teicoplanin,0,0,0,,,
4,implicit_species_hypernetwork_no_enrichment,0,candida_albicans,Candida albicans,29,Tetracycline,0,0,0,,,
4,implicit_species_hypernetwork_no_enrichment,0,candida_albicans,Candida albicans,30,Tigecycline,0,0,0,,,
4,implicit_species_hypernetwork_no_enrichment,0,candida_albicans,Candida albicans,31,Tobramycin,0,0,0,,,
4,implicit_species_hypernetwork_no_enrichment,0,candida_albicans,Candida albicans,32,Vancomycin,0,0,0,,,
4,implicit_species_hypernetwork_no_enrichment,1,citrobacter_freundii,Citrobacter freundii,0,Amikacin,0,0,0,,,
4,implicit_species_hypernetwork_no_enrichment,1,citrobacter_freundii,Citrobacter freundii,1,Ampicillin,441,15,426,0.5140845070422535,0.544131455399061,0.030046948356807546
4,implicit_species_hypernetwork_no_enrichment,1,citrobacter_freundii,Citrobacter freundii,2,Azithromycin,0,0,0,,,
4,implicit_species_hypernetwork_no_enrichment,1,citrobacter_freundii,Citrobacter freundii,3,Caspofungin,0,0,0,,,
4,implicit_species_hypernetwork_no_enrichment,1,citrobacter_freundii,Citrobacter freundii,4,Cefepime,0,0,0,,,
4,implicit_species_hypernetwork_no_enrichment,1,citrobacter_freundii,Citrobacter freundii,5,Ceftazidime,440,256,184,0.44875169836956524,0.6806322180706521,0.23188051970108686
4,implicit_species_hypernetwork_no_enrichment,1,citrobacter_freundii,Citrobacter freundii,6,Ceftazidime-Avibactam,0,0,0,,,
4,implicit_species_hypernetwork_no_enrichment,1,citrobacter_freundii,Citrobacter freundii,7,Ceftriaxone,313,178,135,0.4522888056595921,0.7168123179359134,0.26452351227632126
4,implicit_species_hypernetwork_no_enrichment,1,citrobacter_freundii,Citrobacter freundii,8,Ciprofloxacin,441,392,49,0.49422115785089543,0.504060807996668,0.009839650145772538
4,implicit_species_hypernetwork_no_enrichment,1,citrobacter_freundii,Citrobacter freundii,9,Clarithromycin,0,0,0,,,
4,implicit_species_hypernetwork_no_enrichment,1,citrobacter_freundii,Citrobacter freundii,10,Clindamycin,0,0,0,,,
4,implicit_species_hypernetwork_no_enrichment,1,citrobacter_freundii,Citrobacter freundii,11,Cotrimoxazole,441,410,31,0.46561762391817463,0.5432336742722267,0.07761605035405206
4,implicit_species_hypernetwork_no_enrichment,1,citrobacter_freundii,Citrobacter freundii,12,Ertapenem,1,0,1,,,
4,implicit_species_hypernetwork_no_enrichment,1,citrobacter_freundii,Citrobacter freundii,13,Erythromycin,0,0,0,,,
4,implicit_species_hypernetwork_no_enrichment,1,citrobacter_freundii,Citrobacter freundii,14,Fosfomycin,98,98,0,,,
4,implicit_species_hypernetwork_no_enrichment,1,citrobacter_freundii,Citrobacter freundii,15,Fusidic acid,0,0,0,,,
4,implicit_species_hypernetwork_no_enrichment,1,citrobacter_freundii,Citrobacter freundii,16,Gentamicin,441,169,272,0.498716498433693,0.414549251653324,-0.08416724678036897
4,implicit_species_hypernetwork_no_enrichment,1,citrobacter_freundii,Citrobacter freundii,17,Imipenem,440,434,6,0.5639400921658986,0.5773809523809523,0.013440860215053752
4,implicit_species_hypernetwork_no_enrichment,1,citrobacter_freundii,Citrobacter freundii,18,Levofloxacin,0,0,0,,,
4,implicit_species_hypernetwork_no_enrichment,1,citrobacter_freundii,Citrobacter freundii,19,Linezolid,0,0,0,,,
4,implicit_species_hypernetwork_no_enrichment,1,citrobacter_freundii,Citrobacter freundii,20,Meropenem,440,435,5,0.6788505747126437,0.5317241379310345,-0.1471264367816092
4,implicit_species_hypernetwork_no_enrichment,1,citrobacter_freundii,Citrobacter freundii,21,Moxifloxacin,322,221,101,0.47907799829756725,0.5125666412795126,0.033488642981945316
4,implicit_species_hypernetwork_no_enrichment,1,citrobacter_freundii,Citrobacter freundii,22,Mupirocin,0,0,0,,,
4,implicit_species_hypernetwork_no_enrichment,1,citrobacter_freundii,Citrobacter freundii,23,Nitrofurantoin,0,0,0,,,
4,implicit_species_hypernetwork_no_enrichment,1,citrobacter_freundii,Citrobacter freundii,24,Oxacillin,0,0,0,,,
4,implicit_species_hypernetwork_no_enrichment,1,citrobacter_freundii,Citrobacter freundii,25,Piperacillin,0,0,0,,,
4,implicit_species_hypernetwork_no_enrichment,1,citrobacter_freundii,Citrobacter freundii,26,Piperacillin-Tazobactam,441,255,186,0.44973645372127347,0.683111954459203,0.23337550073792956
4,implicit_species_hypernetwork_no_enrichment,1,citrobacter_freundii,Citrobacter freundii,27,Rifampicin,0,0,0,,,
4,implicit_species_hypernetwork_no_enrichment,1,citrobacter_freundii,Citrobacter freundii,28,Teicoplanin,0,0,0,,,
4,implicit_species_hypernetwork_no_enrichment,1,citrobacter_freundii,Citrobacter freundii,29,Tetracycline,0,0,0,,,
4,implicit_species_hypernetwork_no_enrichment,1,citrobacter_freundii,Citrobacter freundii,30,Tigecycline,0,0,0,,,
4,implicit_species_hypernetwork_no_enrichment,1,citrobacter_freundii,Citrobacter freundii,31,Tobramycin,0,0,0,,,
4,implicit_species_hypernetwork_no_enrichment,1,citrobacter_freundii,Citrobacter freundii,32,Vancomycin,0,0,0,,,
4,implicit_species_hypernetwork_no_enrichment,2,citrobacter_koseri,Citrobacter koseri,0,Amikacin,0,0,0,,,
4,implicit_species_hypernetwork_no_enrichment,2,citrobacter_koseri,Citrobacter koseri,1,Ampicillin,446,0,446,,,
4,implicit_species_hypernetwork_no_enrichment,2,citrobacter_koseri,Citrobacter koseri,2,Azithromycin,0,0,0,,,
4,implicit_species_hypernetwork_no_enrichment,2,citrobacter_koseri,Citrobacter koseri,3,Caspofungin,0,0,0,,,
4,implicit_species_hypernetwork_no_enrichment,2,citrobacter_koseri,Citrobacter koseri,4,Cefepime,0,0,0,,,
4,implicit_species_hypernetwork_no_enrichment,2,citrobacter_koseri,Citrobacter koseri,5,Ceftazidime,446,428,18,0.6664070612668743,0.7237149532710281,0.05730789200415376
4,implicit_species_hypernetwork_no_enrichment,2,citrobacter_koseri,Citrobacter koseri,6,Ceftazidime-Avibactam,0,0,0,,,
4,implicit_species_hypernetwork_no_enrichment,2,citrobacter_koseri,Citrobacter koseri,7,Ceftriaxone,270,259,11,0.7355212355212355,0.7420147420147419,0.00649350649350644
4,implicit_species_hypernetwork_no_enrichment,2,citrobacter_koseri,Citrobacter koseri,8,Ciprofloxacin,446,441,5,0.5961451247165533,0.7045351473922902,0.10839002267573683
4,implicit_species_hypernetwork_no_enrichment,2,citrobacter_koseri,Citrobacter koseri,9,Clarithromycin,0,0,0,,,
4,implicit_species_hypernetwork_no_enrichment,2,citrobacter_koseri,Citrobacter koseri,10,Clindamycin,0,0,0,,,
4,implicit_species_hypernetwork_no_enrichment,2,citrobacter_koseri,Citrobacter koseri,11,Cotrimoxazole,446,441,5,0.7027210884353742,0.5634920634920635,-0.1392290249433107
4,implicit_species_hypernetwork_no_enrichment,2,citrobacter_koseri,Citrobacter koseri,12,Ertapenem,0,0,0,,,
4,implicit_species_hypernetwork_no_enrichment,2,citrobacter_koseri,Citrobacter koseri,13,Erythromycin,0,0,0,,,
4,implicit_species_hypernetwork_no_enrichment,2,citrobacter_koseri,Citrobacter koseri,14,Fosfomycin,134,134,0,,,
4,implicit_species_hypernetwork_no_enrichment,2,citrobacter_koseri,Citrobacter koseri,15,Fusidic acid,0,0,0,,,
4,implicit_species_hypernetwork_no_enrichment,2,citrobacter_koseri,Citrobacter koseri,16,Gentamicin,439,172,267,0.4554045814824492,0.5435502133960457,0.08814563191359648
4,implicit_species_hypernetwork_no_enrichment,2,citrobacter_koseri,Citrobacter koseri,17,Imipenem,446,446,0,,,
4,implicit_species_hypernetwork_no_enrichment,2,citrobacter_koseri,Citrobacter koseri,18,Levofloxacin,0,0,0,,,
4,implicit_species_hypernetwork_no_enrichment,2,citrobacter_koseri,Citrobacter koseri,19,Linezolid,0,0,0,,,
4,implicit_species_hypernetwork_no_enrichment,2,citrobacter_koseri,Citrobacter koseri,20,Meropenem,446,446,0,,,
4,implicit_species_hypernetwork_no_enrichment,2,citrobacter_koseri,Citrobacter koseri,21,Moxifloxacin,275,255,20,0.5207843137254902,0.6911764705882353,0.17039215686274511
4,implicit_species_hypernetwork_no_enrichment,2,citrobacter_koseri,Citrobacter koseri,22,Mupirocin,0,0,0,,,
4,implicit_species_hypernetwork_no_enrichment,2,citrobacter_koseri,Citrobacter koseri,23,Nitrofurantoin,0,0,0,,,
4,implicit_species_hypernetwork_no_enrichment,2,citrobacter_koseri,Citrobacter koseri,24,Oxacillin,0,0,0,,,
4,implicit_species_hypernetwork_no_enrichment,2,citrobacter_koseri,Citrobacter koseri,25,Piperacillin,0,0,0,,,
4,implicit_species_hypernetwork_no_enrichment,2,citrobacter_koseri,Citrobacter koseri,26,Piperacillin-Tazobactam,446,398,48,0.5859505862646566,0.6538682998324958,0.06791771356783927
4,implicit_species_hypernetwork_no_enrichment,2,citrobacter_koseri,Citrobacter koseri,27,Rifampicin,0,0,0,,,
4,implicit_species_hypernetwork_no_enrichment,2,citrobacter_koseri,Citrobacter koseri,28,Teicoplanin,0,0,0,,,
4,implicit_species_hypernetwork_no_enrichment,2,citrobacter_koseri,Citrobacter koseri,29,Tetracycline,0,0,0,,,
4,implicit_species_hypernetwork_no_enrichment,2,citrobacter_koseri,Citrobacter koseri,30,Tigecycline,0,0,0,,,
4,implicit_species_hypernetwork_no_enrichment,2,citrobacter_koseri,Citrobacter koseri,31,Tobramycin,0,0,0,,,
4,implicit_species_hypernetwork_no_enrichment,2,citrobacter_koseri,Citrobacter koseri,32,Vancomycin,0,0,0,,,
4,implicit_species_hypernetwork_no_enrichment,3,enterobacter_cloacae_complex,Enterobacter cloacae complex,0,Amikacin,1,0,1,,,
4,implicit_species_hypernetwork_no_enrichment,3,enterobacter_cloacae_complex,Enterobacter cloacae complex,1,Ampicillin,1540,13,1527,0.4472066898393028,0.5977532618004131,0.15054657196111032
4,implicit_species_hypernetwork_no_enrichment,3,enterobacter_cloacae_complex,Enterobacter cloacae complex,2,Azithromycin,0,0,0,,,
4,implicit_species_hypernetwork_no_enrichment,3,enterobacter_cloacae_complex,Enterobacter cloacae complex,3,Caspofungin,0,0,0,,,
4,implicit_species_hypernetwork_no_enrichment,3,enterobacter_cloacae_complex,Enterobacter cloacae complex,4,Cefepime,1,1,0,,,
4,implicit_species_hypernetwork_no_enrichment,3,enterobacter_cloacae_complex,Enterobacter cloacae complex,5,Ceftazidime,1542,944,598,0.5055694121648433,0.7662954906184457,0.2607260784536024
4,implicit_species_hypernetwork_no_enrichment,3,enterobacter_cloacae_complex,Enterobacter cloacae complex,6,Ceftazidime-Avibactam,1,1,0,,,
4,implicit_species_hypernetwork_no_enrichment,3,enterobacter_cloacae_complex,Enterobacter cloacae complex,7,Ceftriaxone,1157,711,446,0.5016256393761076,0.8048397065965324,0.30321406722042477
4,implicit_species_hypernetwork_no_enrichment,3,enterobacter_cloacae_complex,Enterobacter cloacae complex,8,Ciprofloxacin,1542,1475,67,0.43028585884138626,0.6092486718947634,0.17896281305337713
4,implicit_species_hypernetwork_no_enrichment,3,enterobacter_cloacae_complex,Enterobacter cloacae complex,9,Clarithromycin,0,0,0,,,
4,implicit_species_hypernetwork_no_enrichment,3,enterobacter_cloacae_complex,Enterobacter cloacae complex,10,Clindamycin,1,0,1,,,
4,implicit_species_hypernetwork_no_enrichment,3,enterobacter_cloacae_complex,Enterobacter cloacae complex,11,Cotrimoxazole,1542,1464,78,0.49292857643267485,0.5985927210312456,0.10566414459857076
4,implicit_species_hypernetwork_no_enrichment,3,enterobacter_cloacae_complex,Enterobacter cloacae complex,12,Ertapenem,4,3,1,0.6666666666666667,0.33333333333333337,-0.33333333333333337
4,implicit_species_hypernetwork_no_enrichment,3,enterobacter_cloacae_complex,Enterobacter cloacae complex,13,Erythromycin,1,0,1,,,
4,implicit_species_hypernetwork_no_enrichment,3,enterobacter_cloacae_complex,Enterobacter cloacae complex,14,Fosfomycin,270,124,146,0.5284743703049051,0.5072083517454706,-0.02126601855943444
4,implicit_species_hypernetwork_no_enrichment,3,enterobacter_cloacae_complex,Enterobacter cloacae complex,15,Fusidic acid,0,0,0,,,
4,implicit_species_hypernetwork_no_enrichment,3,enterobacter_cloacae_complex,Enterobacter cloacae complex,16,Gentamicin,1537,600,937,0.47800337958022054,0.6676654215581643,0.18966204197794378
4,implicit_species_hypernetwork_no_enrichment,3,enterobacter_cloacae_complex,Enterobacter cloacae complex,17,Imipenem,1542,1513,29,0.5044214508740342,0.5858422408095357,0.0814207899355015
4,implicit_species_hypernetwork_no_enrichment,3,enterobacter_cloacae_complex,Enterobacter cloacae complex,18,Levofloxacin,0,0,0,,,
4,implicit_species_hypernetwork_no_enrichment,3,enterobacter_cloacae_complex,Enterobacter cloacae complex,19,Linezolid,1,1,0,,,
4,implicit_species_hypernetwork_no_enrichment,3,enterobacter_cloacae_complex,Enterobacter cloacae complex,20,Meropenem,1542,1530,12,0.46922657952069713,0.7507897603485839,0.2815631808278868
4,implicit_species_hypernetwork_no_enrichment,3,enterobacter_cloacae_complex,Enterobacter cloacae complex,21,Moxifloxacin,1223,1083,140,0.49761574990106844,0.5855493998153278,0.08793364991425939
4,implicit_species_hypernetwork_no_enrichment,3,enterobacter_cloacae_complex,Enterobacter cloacae complex,22,Mupirocin,0,0,0,,,
4,implicit_species_hypernetwork_no_enrichment,3,enterobacter_cloacae_complex,Enterobacter cloacae complex,23,Nitrofurantoin,0,0,0,,,
4,implicit_species_hypernetwork_no_enrichment,3,enterobacter_cloacae_complex,Enterobacter cloacae complex,24,Oxacillin,0,0,0,,,
4,implicit_species_hypernetwork_no_enrichment,3,enterobacter_cloacae_complex,Enterobacter cloacae complex,25,Piperacillin,2,2,0,,,
4,implicit_species_hypernetwork_no_enrichment,3,enterobacter_cloacae_complex,Enterobacter cloacae complex,26,Piperacillin-Tazobactam,1543,939,604,0.5037264879504052,0.7618291969052606,0.25810270895485543
4,implicit_species_hypernetwork_no_enrichment,3,enterobacter_cloacae_complex,Enterobacter cloacae complex,27,Rifampicin,0,0,0,,,
4,implicit_species_hypernetwork_no_enrichment,3,enterobacter_cloacae_complex,Enterobacter cloacae complex,28,Teicoplanin,0,0,0,,,
4,implicit_species_hypernetwork_no_enrichment,3,enterobacter_cloacae_complex,Enterobacter cloacae complex,29,Tetracycline,0,0,0,,,
4,implicit_species_hypernetwork_no_enrichment,3,enterobacter_cloacae_complex,Enterobacter cloacae complex,30,Tigecycline,1,1,0,,,
4,implicit_species_hypernetwork_no_enrichment,3,enterobacter_cloacae_complex,Enterobacter cloacae complex,31,Tobramycin,1,0,1,,,
4,implicit_species_hypernetwork_no_enrichment,3,enterobacter_cloacae_complex,Enterobacter cloacae complex,32,Vancomycin,1,1,0,,,
4,implicit_species_hypernetwork_no_enrichment,4,enterococcus_faecalis,Enterococcus faecalis,0,Amikacin,0,0,0,,,
4,implicit_species_hypernetwork_no_enrichment,4,enterococcus_faecalis,Enterococcus faecalis,1,Ampicillin,4188,4180,8,0.5601824162679426,0.5407446172248803,-0.01943779904306231
4,implicit_species_hypernetwork_no_enrichment,4,enterococcus_faecalis,Enterococcus faecalis,2,Azithromycin,0,0,0,,,
4,implicit_species_hypernetwork_no_enrichment,4,enterococcus_faecalis,Enterococcus faecalis,3,Caspofungin,0,0,0,,,
4,implicit_species_hypernetwork_no_enrichment,4,enterococcus_faecalis,Enterococcus faecalis,4,Cefepime,0,0,0,,,
4,implicit_species_hypernetwork_no_enrichment,4,enterococcus_faecalis,Enterococcus faecalis,5,Ceftazidime,70,0,70,,,
4,implicit_species_hypernetwork_no_enrichment,4,enterococcus_faecalis,Enterococcus faecalis,6,Ceftazidime-Avibactam,0,0,0,,,
4,implicit_species_hypernetwork_no_enrichment,4,enterococcus_faecalis,Enterococcus faecalis,7,Ceftriaxone,0,0,0,,,
4,implicit_species_hypernetwork_no_enrichment,4,enterococcus_faecalis,Enterococcus faecalis,8,Ciprofloxacin,0,0,0,,,
4,implicit_species_hypernetwork_no_enrichment,4,enterococcus_faecalis,Enterococcus faecalis,9,Clarithromycin,0,0,0,,,
4,implicit_species_hypernetwork_no_enrichment,4,enterococcus_faecalis,Enterococcus faecalis,10,Clindamycin,4147,0,4147,,,
4,implicit_species_hypernetwork_no_enrichment,4,enterococcus_faecalis,Enterococcus faecalis,11,Cotrimoxazole,0,0,0,,,
4,implicit_species_hypernetwork_no_enrichment,4,enterococcus_faecalis,Enterococcus faecalis,12,Ertapenem,0,0,0,,,
4,implicit_species_hypernetwork_no_enrichment,4,enterococcus_faecalis,Enterococcus faecalis,13,Erythromycin,4099,0,4099,,,
4,implicit_species_hypernetwork_no_enrichment,4,enterococcus_faecalis,Enterococcus faecalis,14,Fosfomycin,0,0,0,,,
4,implicit_species_hypernetwork_no_enrichment,4,enterococcus_faecalis,Enterococcus faecalis,15,Fusidic acid,0,0,0,,,
4,implicit_species_hypernetwork_no_enrichment,4,enterococcus_faecalis,Enterococcus faecalis,16,Gentamicin,0,0,0,,,
4,implicit_species_hypernetwork_no_enrichment,4,enterococcus_faecalis,Enterococcus faecalis,17,Imipenem,4186,2565,1621,0.5724269546991064,0.8946830885562662,0.3222561338571598
4,implicit_species_hypernetwork_no_enrichment,4,enterococcus_faecalis,Enterococcus faecalis,18,Levofloxacin,0,0,0,,,
4,implicit_species_hypernetwork_no_enrichment,4,enterococcus_faecalis,Enterococcus faecalis,19,Linezolid,4125,4117,8,0.4965539227592908,0.5886567889239738,0.092102866164683
4,implicit_species_hypernetwork_no_enrichment,4,enterococcus_faecalis,Enterococcus faecalis,20,Meropenem,70,0,70,,,
4,implicit_species_hypernetwork_no_enrichment,4,enterococcus_faecalis,Enterococcus faecalis,21,Moxifloxacin,1,1,0,,,
4,implicit_species_hypernetwork_no_enrichment,4,enterococcus_faecalis,Enterococcus faecalis,22,Mupirocin,0,0,0,,,
4,implicit_species_hypernetwork_no_enrichment,4,enterococcus_faecalis,Enterococcus faecalis,23,Nitrofurantoin,1905,1892,13,0.4958733127337779,0.5434826801105872,0.04760936737680932
4,implicit_species_hypernetwork_no_enrichment,4,enterococcus_faecalis,Enterococcus faecalis,24,Oxacillin,0,0,0,,,
4,implicit_species_hypernetwork_no_enrichment,4,enterococcus_faecalis,Enterococcus faecalis,25,Piperacillin,0,0,0,,,
4,implicit_species_hypernetwork_no_enrichment,4,enterococcus_faecalis,Enterococcus faecalis,26,Piperacillin-Tazobactam,65,65,0,,,
4,implicit_species_hypernetwork_no_enrichment,4,enterococcus_faecalis,Enterococcus faecalis,27,Rifampicin,0,0,0,,,
4,implicit_species_hypernetwork_no_enrichment,4,enterococcus_faecalis,Enterococcus faecalis,28,Teicoplanin,2,2,0,,,
4,implicit_species_hypernetwork_no_enrichment,4,enterococcus_faecalis,Enterococcus faecalis,29,Tetracycline,0,0,0,,,
4,implicit_species_hypernetwork_no_enrichment,4,enterococcus_faecalis,Enterococcus faecalis,30,Tigecycline,4135,4135,0,,,
4,implicit_species_hypernetwork_no_enrichment,4,enterococcus_faecalis,Enterococcus faecalis,31,Tobramycin,0,0,0,,,
4,implicit_species_hypernetwork_no_enrichment,4,enterococcus_faecalis,Enterococcus faecalis,32,Vancomycin,4186,4184,2,0.9534536328871892,0.19048757170172087,-0.7629660611854683
4,implicit_species_hypernetwork_no_enrichment,5,enterococcus_faecium,Enterococcus faecium,0,Amikacin,0,0,0,,,
4,implicit_species_hypernetwork_no_enrichment,5,enterococcus_faecium,Enterococcus faecium,1,Ampicillin,2467,169,2298,0.4346563257991255,0.8641383554518721,0.4294820296527466
4,implicit_species_hypernetwork_no_enrichment,5,enterococcus_faecium,Enterococcus faecium,2,Azithromycin,0,0,0,,,
4,implicit_species_hypernetwork_no_enrichment,5,enterococcus_faecium,Enterococcus faecium,3,Caspofungin,0,0,0,,,
4,implicit_species_hypernetwork_no_enrichment,5,enterococcus_faecium,Enterococcus faecium,4,Cefepime,0,0,0,,,
4,implicit_species_hypernetwork_no_enrichment,5,enterococcus_faecium,Enterococcus faecium,5,Ceftazidime,19,0,19,,,
4,implicit_species_hypernetwork_no_enrichment,5,enterococcus_faecium,Enterococcus faecium,6,Ceftazidime-Avibactam,0,0,0,,,
4,implicit_species_hypernetwork_no_enrichment,5,enterococcus_faecium,Enterococcus faecium,7,Ceftriaxone,0,0,0,,,
4,implicit_species_hypernetwork_no_enrichment,5,enterococcus_faecium,Enterococcus faecium,8,Ciprofloxacin,0,0,0,,,
4,implicit_species_hypernetwork_no_enrichment,5,enterococcus_faecium,Enterococcus faecium,9,Clarithromycin,0,0,0,,,
4,implicit_species_hypernetwork_no_enrichment,5,enterococcus_faecium,Enterococcus faecium,10,Clindamycin,2450,0,2450,,,
4,implicit_species_hypernetwork_no_enrichment,5,enterococcus_faecium,Enterococcus faecium,11,Cotrimoxazole,0,0,0,,,
4,implicit_species_hypernetwork_no_enrichment,5,enterococcus_faecium,Enterococcus faecium,12,Ertapenem,0,0,0,,,
4,implicit_species_hypernetwork_no_enrichment,5,enterococcus_faecium,Enterococcus faecium,13,Erythromycin,2428,0,2428,,,
4,implicit_species_hypernetwork_no_enrichment,5,enterococcus_faecium,Enterococcus faecium,14,Fosfomycin,2,0,2,,,
4,implicit_species_hypernetwork_no_enrichment,5,enterococcus_faecium,Enterococcus faecium,15,Fusidic acid,0,0,0,,,
4,implicit_species_hypernetwork_no_enrichment,5,enterococcus_faecium,Enterococcus faecium,16,Gentamicin,0,0,0,,,
4,implicit_species_hypernetwork_no_enrichment,5,enterococcus_faecium,Enterococcus faecium,17,Imipenem,2467,89,2378,0.432941004148515,0.8540247209911077,0.4210837168425927
4,implicit_species_hypernetwork_no_enrichment,5,enterococcus_faecium,Enterococcus faecium,18,Levofloxacin,0,0,0,,,
4,implicit_species_hypernetwork_no_enrichment,5,enterococcus_faecium,Enterococcus faecium,19,Linezolid,2451,2376,75,0.49449494949494954,0.5649102132435465,0.07041526374859697
4,implicit_species_hypernetwork_no_enrichment,5,enterococcus_faecium,Enterococcus faecium,20,Meropenem,19,0,19,,,
4,implicit_species_hypernetwork_no_enrichment,5,enterococcus_faecium,Enterococcus faecium,21,Moxifloxacin,2,0,2,,,
4,implicit_species_hypernetwork_no_enrichment,5,enterococcus_faecium,Enterococcus faecium,22,Mupirocin,0,0,0,,,
4,implicit_species_hypernetwork_no_enrichment,5,enterococcus_faecium,Enterococcus faecium,23,Nitrofurantoin,0,0,0,,,
4,implicit_species_hypernetwork_no_enrichment,5,enterococcus_faecium,Enterococcus faecium,24,Oxacillin,0,0,0,,,
4,implicit_species_hypernetwork_no_enrichment,5,enterococcus_faecium,Enterococcus faecium,25,Piperacillin,0,0,0,,,
4,implicit_species_hypernetwork_no_enrichment,5,enterococcus_faecium,Enterococcus faecium,26,Piperacillin-Tazobactam,19,1,18,0.6944444444444444,0.16666666666666666,-0.5277777777777778
4,implicit_species_hypernetwork_no_enrichment,5,enterococcus_faecium,Enterococcus faecium,27,Rifampicin,0,0,0,,,
4,implicit_species_hypernetwork_no_enrichment,5,enterococcus_faecium,Enterococcus faecium,28,Teicoplanin,128,81,47,0.4578408195429472,0.2178881008668243,-0.2399527186761229
4,implicit_species_hypernetwork_no_enrichment,5,enterococcus_faecium,Enterococcus faecium,29,Tetracycline,0,0,0,,,
4,implicit_species_hypernetwork_no_enrichment,5,enterococcus_faecium,Enterococcus faecium,30,Tigecycline,2434,2433,1,0.34854089601315247,0.6518701191944102,0.3033292231812577
4,implicit_species_hypernetwork_no_enrichment,5,enterococcus_faecium,Enterococcus faecium,31,Tobramycin,0,0,0,,,
4,implicit_species_hypernetwork_no_enrichment,5,enterococcus_faecium,Enterococcus faecium,32,Vancomycin,2470,1350,1120,0.5259556878306879,0.7420935846560845,0.21613789682539664
4,implicit_species_hypernetwork_no_enrichment,6,escherichia_coli,Escherichia coli,0,Amikacin,3,2,1,0.0,1.0,1.0
4,implicit_species_hypernetwork_no_enrichment,6,escherichia_coli,Escherichia coli,1,Ampicillin,9494,4400,5094,0.5167563443623514,0.6422387523646358,0.12548240800228438
4,implicit_species_hypernetwork_no_enrichment,6,escherichia_coli,Escherichia coli,2,Azithromycin,0,0,0,,,
4,implicit_species_hypernetwork_no_enrichment,6,escherichia_coli,Escherichia coli,3,Caspofungin,0,0,0,,,
4,implicit_species_hypernetwork_no_enrichment,6,escherichia_coli,Escherichia coli,4,Cefepime,3,0,3,,,
4,implicit_species_hypernetwork_no_enrichment,6,escherichia_coli,Escherichia coli,5,Ceftazidime,9497,7678,1819,0.5153771418907337,0.7676689472545378,0.25229180536380413
4,implicit_species_hypernetwork_no_enrichment,6,escherichia_coli,Escherichia coli,6,Ceftazidime-Avibactam,1,1,0,,,
4,implicit_species_hypernetwork_no_enrichment,6,escherichia_coli,Escherichia coli,7,Ceftriaxone,4163,3217,946,0.5115549594155256,0.8442806154671174,0.33272565605159177
4,implicit_species_hypernetwork_no_enrichment,6,escherichia_coli,Escherichia coli,8,Ciprofloxacin,9490,7427,2063,0.5478470328192305,0.7248636771638193,0.17701664434458875
4,implicit_species_hypernetwork_no_enrichment,6,escherichia_coli,Escherichia coli,9,Clarithromycin,0,0,0,,,
4,implicit_species_hypernetwork_no_enrichment,6,escherichia_coli,Escherichia coli,10,Clindamycin,2,2,0,,,
4,implicit_species_hypernetwork_no_enrichment,6,escherichia_coli,Escherichia coli,11,Cotrimoxazole,9491,6897,2594,0.5367600296420209,0.6150271049652397,0.07826707532321886
4,implicit_species_hypernetwork_no_enrichment,6,escherichia_coli,Escherichia coli,12,Ertapenem,601,597,4,0.9472361809045227,0.40431323283082077,-0.5429229480737019
4,implicit_species_hypernetwork_no_enrichment,6,escherichia_coli,Escherichia coli,13,Erythromycin,2,2,0,,,
4,implicit_species_hypernetwork_no_enrichment,6,escherichia_coli,Escherichia coli,14,Fosfomycin,2808,2763,45,0.5841154944303696,0.6753649414887201,0.09124944705835047
4,implicit_species_hypernetwork_no_enrichment,6,escherichia_coli,Escherichia coli,15,Fusidic acid,0,0,0,,,
4,implicit_species_hypernetwork_no_enrichment,6,escherichia_coli,Escherichia coli,16,Gentamicin,9354,3159,6195,0.47626855486240294,0.6594589270672133,0.18319037220481038
4,implicit_species_hypernetwork_no_enrichment,6,escherichia_coli,Escherichia coli,17,Imipenem,9492,9475,17,0.5068353251590875,0.7652087536861711,0.25837342852708367
4,implicit_species_hypernetwork_no_enrichment,6,escherichia_coli,Escherichia coli,18,Levofloxacin,2,2,0,,,
4,implicit_species_hypernetwork_no_enrichment,6,escherichia_coli,Escherichia coli,19,Linezolid,2,2,0,,,
4,implicit_species_hypernetwork_no_enrichment,6,escherichia_coli,Escherichia coli,20,Meropenem,9493,9478,15,0.5216817894070479,0.8182949989449252,0.2966132095378773
4,implicit_species_hypernetwork_no_enrichment,6,escherichia_coli,Escherichia coli,21,Moxifloxacin,4327,2886,1441,0.5249943131622522,0.7507421744062965,0.22574786124404433
4,implicit_species_hypernetwork_no_enrichment,6,escherichia_coli,Escherichia coli,22,Mupirocin,0,0,0,,,
4,implicit_species_hypernetwork_no_enrichment,6,escherichia_coli,Escherichia coli,23,Nitrofurantoin,5166,5082,84,0.5336985345102228,0.5750958096737318,0.041397275163508995
4,implicit_species_hypernetwork_no_enrichment,6,escherichia_coli,Escherichia coli,24,Oxacillin,2,2,0,,,
4,implicit_species_hypernetwork_no_enrichment,6,escherichia_coli,Escherichia coli,25,Piperacillin,3,0,3,,,
4,implicit_species_hypernetwork_no_enrichment,6,escherichia_coli,Escherichia coli,26,Piperacillin-Tazobactam,9442,7269,2173,0.5059206597407863,0.7248970073002268,0.2189763475594405
4,implicit_species_hypernetwork_no_enrichment,6,escherichia_coli,Escherichia coli,27,Rifampicin,2,2,0,,,
4,implicit_species_hypernetwork_no_enrichment,6,escherichia_coli,Escherichia coli,28,Teicoplanin,0,0,0,,,
4,implicit_species_hypernetwork_no_enrichment,6,escherichia_coli,Escherichia coli,29,Tetracycline,2,0,2,,,
4,implicit_species_hypernetwork_no_enrichment,6,escherichia_coli,Escherichia coli,30,Tigecycline,6,5,1,0.3,1.0,0.7
4,implicit_species_hypernetwork_no_enrichment,6,escherichia_coli,Escherichia coli,31,Tobramycin,3,2,1,0.0,1.0,1.0
4,implicit_species_hypernetwork_no_enrichment,6,escherichia_coli,Escherichia coli,32,Vancomycin,2,2,0,,,
4,implicit_species_hypernetwork_no_enrichment,7,haemophilus_influenzae,Haemophilus influenzae,0,Amikacin,0,0,0,,,
4,implicit_species_hypernetwork_no_enrichment,7,haemophilus_influenzae,Haemophilus influenzae,1,Ampicillin,179,135,44,0.4010101010101011,0.46296296296296297,0.06195286195286187
4,implicit_species_hypernetwork_no_enrichment,7,haemophilus_influenzae,Haemophilus influenzae,2,Azithromycin,0,0,0,,,
4,implicit_species_hypernetwork_no_enrichment,7,haemophilus_influenzae,Haemophilus influenzae,3,Caspofungin,0,0,0,,,
4,implicit_species_hypernetwork_no_enrichment,7,haemophilus_influenzae,Haemophilus influenzae,4,Cefepime,0,0,0,,,
4,implicit_species_hypernetwork_no_enrichment,7,haemophilus_influenzae,Haemophilus influenzae,5,Ceftazidime,0,0,0,,,
4,implicit_species_hypernetwork_no_enrichment,7,haemophilus_influenzae,Haemophilus influenzae,6,Ceftazidime-Avibactam,0,0,0,,,
4,implicit_species_hypernetwork_no_enrichment,7,haemophilus_influenzae,Haemophilus influenzae,7,Ceftriaxone,2,2,0,,,
4,implicit_species_hypernetwork_no_enrichment,7,haemophilus_influenzae,Haemophilus influenzae,8,Ciprofloxacin,180,175,5,0.26285714285714284,0.32342857142857145,0.06057142857142861
4,implicit_species_hypernetwork_no_enrichment,7,haemophilus_influenzae,Haemophilus influenzae,9,Clarithromycin,0,0,0,,,
4,implicit_species_hypernetwork_no_enrichment,7,haemophilus_influenzae,Haemophilus influenzae,10,Clindamycin,0,0,0,,,
4,implicit_species_hypernetwork_no_enrichment,7,haemophilus_influenzae,Haemophilus influenzae,11,Cotrimoxazole,177,145,32,0.5710129310344827,0.35765086206896557,-0.21336206896551713
4,implicit_species_hypernetwork_no_enrichment,7,haemophilus_influenzae,Haemophilus influenzae,12,Ertapenem,0,0,0,,,
4,implicit_species_hypernetwork_no_enrichment,7,haemophilus_influenzae,Haemophilus influenzae,13,Erythromycin,0,0,0,,,
4,implicit_species_hypernetwork_no_enrichment,7,haemophilus_influenzae,Haemophilus influenzae,14,Fosfomycin,0,0,0,,,
4,implicit_species_hypernetwork_no_enrichment,7,haemophilus_influenzae,Haemophilus influenzae,15,Fusidic acid,0,0,0,,,
4,implicit_species_hypernetwork_no_enrichment,7,haemophilus_influenzae,Haemophilus influenzae,16,Gentamicin,0,0,0,,,
4,implicit_species_hypernetwork_no_enrichment,7,haemophilus_influenzae,Haemophilus influenzae,17,Imipenem,0,0,0,,,
4,implicit_species_hypernetwork_no_enrichment,7,haemophilus_influenzae,Haemophilus influenzae,18,Levofloxacin,178,175,3,0.4285714285714286,0.4219047619047619,-0.00666666666666671
4,implicit_species_hypernetwork_no_enrichment,7,haemophilus_influenzae,Haemophilus influenzae,19,Linezolid,0,0,0,,,
4,implicit_species_hypernetwork_no_enrichment,7,haemophilus_influenzae,Haemophilus influenzae,20,Meropenem,0,0,0,,,
4,implicit_species_hypernetwork_no_enrichment,7,haemophilus_influenzae,Haemophilus influenzae,21,Moxifloxacin,179,175,4,0.3078571428571429,0.39928571428571424,0.09142857142857136
4,implicit_species_hypernetwork_no_enrichment,7,haemophilus_influenzae,Haemophilus influenzae,22,Mupirocin,0,0,0,,,
4,implicit_species_hypernetwork_no_enrichment,7,haemophilus_influenzae,Haemophilus influenzae,23,Nitrofurantoin,0,0,0,,,
4,implicit_species_hypernetwork_no_enrichment,7,haemophilus_influenzae,Haemophilus influenzae,24,Oxacillin,0,0,0,,,
4,implicit_species_hypernetwork_no_enrichment,7,haemophilus_influenzae,Haemophilus influenzae,25,Piperacillin,0,0,0,,,
4,implicit_species_hypernetwork_no_enrichment,7,haemophilus_influenzae,Haemophilus influenzae,26,Piperacillin-Tazobactam,0,0,0,,,
4,implicit_species_hypernetwork_no_enrichment,7,haemophilus_influenzae,Haemophilus influenzae,27,Rifampicin,0,0,0,,,
4,implicit_species_hypernetwork_no_enrichment,7,haemophilus_influenzae,Haemophilus influenzae,28,Teicoplanin,0,0,0,,,
4,implicit_species_hypernetwork_no_enrichment,7,haemophilus_influenzae,Haemophilus influenzae,29,Tetracycline,0,0,0,,,
4,implicit_species_hypernetwork_no_enrichment,7,haemophilus_influenzae,Haemophilus influenzae,30,Tigecycline,0,0,0,,,
4,implicit_species_hypernetwork_no_enrichment,7,haemophilus_influenzae,Haemophilus influenzae,31,Tobramycin,0,0,0,,,
4,implicit_species_hypernetwork_no_enrichment,7,haemophilus_influenzae,Haemophilus influenzae,32,Vancomycin,0,0,0,,,
4,implicit_species_hypernetwork_no_enrichment,8,klebsiella_oxytoca,Klebsiella oxytoca,0,Amikacin,1,1,0,,,
4,implicit_species_hypernetwork_no_enrichment,8,klebsiella_oxytoca,Klebsiella oxytoca,1,Ampicillin,1273,7,1266,0.34219137892123674,0.5438388625592417,0.201647483638005
4,implicit_species_hypernetwork_no_enrichment,8,klebsiella_oxytoca,Klebsiella oxytoca,2,Azithromycin,0,0,0,,,
4,implicit_species_hypernetwork_no_enrichment,8,klebsiella_oxytoca,Klebsiella oxytoca,3,Caspofungin,0,0,0,,,
4,implicit_species_hypernetwork_no_enrichment,8,klebsiella_oxytoca,Klebsiella oxytoca,4,Cefepime,1,1,0,,,
4,implicit_species_hypernetwork_no_enrichment,8,klebsiella_oxytoca,Klebsiella oxytoca,5,Ceftazidime,1274,1241,33,0.5484091519546799,0.6933435889922595,0.14493443703757958
4,implicit_species_hypernetwork_no_enrichment,8,klebsiella_oxytoca,Klebsiella oxytoca,6,Ceftazidime-Avibactam,0,0,0,,,
4,implicit_species_hypernetwork_no_enrichment,8,klebsiella_oxytoca,Klebsiella oxytoca,7,Ceftriaxone,889,862,27,0.5039958752255735,0.7961029474950588,0.2921070722694853
4,implicit_species_hypernetwork_no_enrichment,8,klebsiella_oxytoca,Klebsiella oxytoca,8,Ciprofloxacin,1274,1242,32,0.5846417069243157,0.5959390096618358,0.011297302737520054
4,implicit_species_hypernetwork_no_enrichment,8,klebsiella_oxytoca,Klebsiella oxytoca,9,Clarithromycin,0,0,0,,,
4,implicit_species_hypernetwork_no_enrichment,8,klebsiella_oxytoca,Klebsiella oxytoca,10,Clindamycin,0,0,0,,,
4,implicit_species_hypernetwork_no_enrichment,8,klebsiella_oxytoca,Klebsiella oxytoca,11,Cotrimoxazole,1274,1253,21,0.5116862387413066,0.4908030251206627,-0.02088321362064388
4,implicit_species_hypernetwork_no_enrichment,8,klebsiella_oxytoca,Klebsiella oxytoca,12,Ertapenem,9,9,0,,,
4,implicit_species_hypernetwork_no_enrichment,8,klebsiella_oxytoca,Klebsiella oxytoca,13,Erythromycin,0,0,0,,,
4,implicit_species_hypernetwork_no_enrichment,8,klebsiella_oxytoca,Klebsiella oxytoca,14,Fosfomycin,274,195,79,0.5576760791950666,0.4208049334631613,-0.13687114573190529
4,implicit_species_hypernetwork_no_enrichment,8,klebsiella_oxytoca,Klebsiella oxytoca,15,Fusidic acid,0,0,0,,,
4,implicit_species_hypernetwork_no_enrichment,8,klebsiella_oxytoca,Klebsiella oxytoca,16,Gentamicin,1261,495,766,0.516383152675581,0.5888374607695757,0.07245430809399467
4,implicit_species_hypernetwork_no_enrichment,8,klebsiella_oxytoca,Klebsiella oxytoca,17,Imipenem,1274,1274,0,,,
4,implicit_species_hypernetwork_no_enrichment,8,klebsiella_oxytoca,Klebsiella oxytoca,18,Levofloxacin,0,0,0,,,
4,implicit_species_hypernetwork_no_enrichment,8,klebsiella_oxytoca,Klebsiella oxytoca,19,Linezolid,0,0,0,,,
4,implicit_species_hypernetwork_no_enrichment,8,klebsiella_oxytoca,Klebsiella oxytoca,20,Meropenem,1272,1272,0,,,
4,implicit_species_hypernetwork_no_enrichment,8,klebsiella_oxytoca,Klebsiella oxytoca,21,Moxifloxacin,926,846,80,0.4925310283687943,0.5951979905437351,0.10266696217494081
4,implicit_species_hypernetwork_no_enrichment,8,klebsiella_oxytoca,Klebsiella oxytoca,22,Mupirocin,0,0,0,,,
4,implicit_species_hypernetwork_no_enrichment,8,klebsiella_oxytoca,Klebsiella oxytoca,23,Nitrofurantoin,0,0,0,,,
4,implicit_species_hypernetwork_no_enrichment,8,klebsiella_oxytoca,Klebsiella oxytoca,24,Oxacillin,0,0,0,,,
4,implicit_species_hypernetwork_no_enrichment,8,klebsiella_oxytoca,Klebsiella oxytoca,25,Piperacillin,1,0,1,,,
4,implicit_species_hypernetwork_no_enrichment,8,klebsiella_oxytoca,Klebsiella oxytoca,26,Piperacillin-Tazobactam,1274,954,320,0.517898322851153,0.6540651205450734,0.13616679769392037
4,implicit_species_hypernetwork_no_enrichment,8,klebsiella_oxytoca,Klebsiella oxytoca,27,Rifampicin,0,0,0,,,
4,implicit_species_hypernetwork_no_enrichment,8,klebsiella_oxytoca,Klebsiella oxytoca,28,Teicoplanin,0,0,0,,,
4,implicit_species_hypernetwork_no_enrichment,8,klebsiella_oxytoca,Klebsiella oxytoca,29,Tetracycline,0,0,0,,,
4,implicit_species_hypernetwork_no_enrichment,8,klebsiella_oxytoca,Klebsiella oxytoca,30,Tigecycline,0,0,0,,,
4,implicit_species_hypernetwork_no_enrichment,8,klebsiella_oxytoca,Klebsiella oxytoca,31,Tobramycin,1,1,0,,,
4,implicit_species_hypernetwork_no_enrichment,8,klebsiella_oxytoca,Klebsiella oxytoca,32,Vancomycin,0,0,0,,,
4,implicit_species_hypernetwork_no_enrichment,9,klebsiella_pneumoniae,Klebsiella pneumoniae,0,Amikacin,0,0,0,,,
4,implicit_species_hypernetwork_no_enrichment,9,klebsiella_pneumoniae,Klebsiella pneumoniae,1,Ampicillin,3241,7,3234,0.5247371675943104,0.8656904320169626,0.34095326442265217
4,implicit_species_hypernetwork_no_enrichment,9,klebsiella_pneumoniae,Klebsiella pneumoniae,2,Azithromycin,0,0,0,,,
4,implicit_species_hypernetwork_no_enrichment,9,klebsiella_pneumoniae,Klebsiella pneumoniae,3,Caspofungin,0,0,0,,,
4,implicit_species_hypernetwork_no_enrichment,9,klebsiella_pneumoniae,Klebsiella pneumoniae,4,Cefepime,0,0,0,,,
4,implicit_species_hypernetwork_no_enrichment,9,klebsiella_pneumoniae,Klebsiella pneumoniae,5,Ceftazidime,3239,2445,794,0.5421038669365847,0.8393158298692134,0.29721196293262864
4,implicit_species_hypernetwork_no_enrichment,9,klebsiella_pneumoniae,Klebsiella pneumoniae,6,Ceftazidime-Avibactam,8,7,1,0.5714285714285714,1.0,0.4285714285714286
4,implicit_species_hypernetwork_no_enrichment,9,klebsiella_pneumoniae,Klebsiella pneumoniae,7,Ceftriaxone,2113,1551,562,0.5755206720035977,0.8863355291385882,0.31081485713499046
4,implicit_species_hypernetwork_no_enrichment,9,klebsiella_pneumoniae,Klebsiella pneumoniae,8,Ciprofloxacin,3240,2629,611,0.5802147643151827,0.7990333800446859,0.21881861572950323
4,implicit_species_hypernetwork_no_enrichment,9,klebsiella_pneumoniae,Klebsiella pneumoniae,9,Clarithromycin,0,0,0,,,
4,implicit_species_hypernetwork_no_enrichment,9,klebsiella_pneumoniae,Klebsiella pneumoniae,10,Clindamycin,0,0,0,,,
4,implicit_species_hypernetwork_no_enrichment,9,klebsiella_pneumoniae,Klebsiella pneumoniae,11,Cotrimoxazole,3237,2660,577,0.5810678125122164,0.7804941296047745,0.1994263170925581
4,implicit_species_hypernetwork_no_enrichment,9,klebsiella_pneumoniae,Klebsiella pneumoniae,12,Ertapenem,204,185,19,0.7,0.7692745376955903,0.06927453769559033
4,implicit_species_hypernetwork_no_enrichment,9,klebsiella_pneumoniae,Klebsiella pneumoniae,13,Erythromycin,0,0,0,,,
4,implicit_species_hypernetwork_no_enrichment,9,klebsiella_pneumoniae,Klebsiella pneumoniae,14,Fosfomycin,863,616,247,0.45575477154424515,0.4682882906567116,0.012533519112466474
4,implicit_species_hypernetwork_no_enrichment,9,klebsiella_pneumoniae,Klebsiella pneumoniae,15,Fusidic acid,0,0,0,,,
4,implicit_species_hypernetwork_no_enrichment,9,klebsiella_pneumoniae,Klebsiella pneumoniae,16,Gentamicin,3212,1235,1977,0.48682787276350087,0.6153622939103333,0.1285344211468324
4,implicit_species_hypernetwork_no_enrichment,9,klebsiella_pneumoniae,Klebsiella pneumoniae,17,Imipenem,3238,2976,262,0.6564564864975787,0.9064257059016663,0.24996921940408756
4,implicit_species_hypernetwork_no_enrichment,9,klebsiella_pneumoniae,Klebsiella pneumoniae,18,Levofloxacin,0,0,0,,,
4,implicit_species_hypernetwork_no_enrichment,9,klebsiella_pneumoniae,Klebsiella pneumoniae,19,Linezolid,0,0,0,,,
4,implicit_species_hypernetwork_no_enrichment,9,klebsiella_pneumoniae,Klebsiella pneumoniae,20,Meropenem,3240,2977,263,0.6528556704059385,0.9087656826544701,0.2559100122485316
4,implicit_species_hypernetwork_no_enrichment,9,klebsiella_pneumoniae,Klebsiella pneumoniae,21,Moxifloxacin,2131,1476,655,0.5594416516684252,0.7929260017791018,0.2334843501106766
4,implicit_species_hypernetwork_no_enrichment,9,klebsiella_pneumoniae,Klebsiella pneumoniae,22,Mupirocin,0,0,0,,,
4,implicit_species_hypernetwork_no_enrichment,9,klebsiella_pneumoniae,Klebsiella pneumoniae,23,Nitrofurantoin,0,0,0,,,
4,implicit_species_hypernetwork_no_enrichment,9,klebsiella_pneumoniae,Klebsiella pneumoniae,24,Oxacillin,0,0,0,,,
4,implicit_species_hypernetwork_no_enrichment,9,klebsiella_pneumoniae,Klebsiella pneumoniae,25,Piperacillin,0,0,0,,,
4,implicit_species_hypernetwork_no_enrichment,9,klebsiella_pneumoniae,Klebsiella pneumoniae,26,Piperacillin-Tazobactam,3233,2142,1091,0.5449274729751357,0.7746828948505771,0.2297554218754414
4,implicit_species_hypernetwork_no_enrichment,9,klebsiella_pneumoniae,Klebsiella pneumoniae,27,Rifampicin,0,0,0,,,
4,implicit_species_hypernetwork_no_enrichment,9,klebsiella_pneumoniae,Klebsiella pneumoniae,28,Teicoplanin,0,0,0,,,
4,implicit_species_hypernetwork_no_enrichment,9,klebsiella_pneumoniae,Klebsiella pneumoniae,29,Tetracycline,0,0,0,,,
4,implicit_species_hypernetwork_no_enrichment,9,klebsiella_pneumoniae,Klebsiella pneumoniae,30,Tigecycline,0,0,0,,,
4,implicit_species_hypernetwork_no_enrichment,9,klebsiella_pneumoniae,Klebsiella pneumoniae,31,Tobramycin,0,0,0,,,
4,implicit_species_hypernetwork_no_enrichment,9,klebsiella_pneumoniae,Klebsiella pneumoniae,32,Vancomycin,0,0,0,,,
4,implicit_species_hypernetwork_no_enrichment,10,morganella_morganii,Morganella morganii,0,Amikacin,1,1,0,,,
4,implicit_species_hypernetwork_no_enrichment,10,morganella_morganii,Morganella morganii,1,Ampicillin,421,0,421,,,
4,implicit_species_hypernetwork_no_enrichment,10,morganella_morganii,Morganella morganii,2,Azithromycin,0,0,0,,,
4,implicit_species_hypernetwork_no_enrichment,10,morganella_morganii,Morganella morganii,3,Caspofungin,0,0,0,,,
4,implicit_species_hypernetwork_no_enrichment,10,morganella_morganii,Morganella morganii,4,Cefepime,1,0,1,,,
4,implicit_species_hypernetwork_no_enrichment,10,morganella_morganii,Morganella morganii,5,Ceftazidime,423,319,104,0.5086960453339764,0.5314082469254883,0.022712201591511882
4,implicit_species_hypernetwork_no_enrichment,10,morganella_morganii,Morganella morganii,6,Ceftazidime-Avibactam,0,0,0,,,
4,implicit_species_hypernetwork_no_enrichment,10,morganella_morganii,Morganella morganii,7,Ceftriaxone,275,204,71,0.5715617232808616,0.5820560618613642,0.010494338580502527
4,implicit_species_hypernetwork_no_enrichment,10,morganella_morganii,Morganella morganii,8,Ciprofloxacin,423,386,37,0.5578350371096484,0.5646268029687719,0.006791765859123444
4,implicit_species_hypernetwork_no_enrichment,10,morganella_morganii,Morganella morganii,9,Clarithromycin,0,0,0,,,
4,implicit_species_hypernetwork_no_enrichment,10,morganella_morganii,Morganella morganii,10,Clindamycin,0,0,0,,,
4,implicit_species_hypernetwork_no_enrichment,10,morganella_morganii,Morganella morganii,11,Cotrimoxazole,423,392,31,0.5456714944042133,0.5273617511520737,-0.01830974325213952
4,implicit_species_hypernetwork_no_enrichment,10,morganella_morganii,Morganella morganii,12,Ertapenem,2,2,0,,,
4,implicit_species_hypernetwork_no_enrichment,10,morganella_morganii,Morganella morganii,13,Erythromycin,0,0,0,,,
4,implicit_species_hypernetwork_no_enrichment,10,morganella_morganii,Morganella morganii,14,Fosfomycin,115,0,115,,,
4,implicit_species_hypernetwork_no_enrichment,10,morganella_morganii,Morganella morganii,15,Fusidic acid,0,0,0,,,
4,implicit_species_hypernetwork_no_enrichment,10,morganella_morganii,Morganella morganii,16,Gentamicin,420,148,272,0.4953050476947536,0.5752931240063592,0.07998807631160565
4,implicit_species_hypernetwork_no_enrichment,10,morganella_morganii,Morganella morganii,17,Imipenem,410,2,408,0.9926470588235294,0.2371323529411765,-0.7555147058823529
4,implicit_species_hypernetwork_no_enrichment,10,morganella_morganii,Morganella morganii,18,Levofloxacin,0,0,0,,,
4,implicit_species_hypernetwork_no_enrichment,10,morganella_morganii,Morganella morganii,19,Linezolid,0,0,0,,,
4,implicit_species_hypernetwork_no_enrichment,10,morganella_morganii,Morganella morganii,20,Meropenem,422,420,2,0.6077380952380953,0.46190476190476193,-0.14583333333333337
4,implicit_species_hypernetwork_no_enrichment,10,morganella_morganii,Morganella morganii,21,Moxifloxacin,281,210,71,0.6218645204560699,0.6162642521797451,-0.00560026827632476
4,implicit_species_hypernetwork_no_enrichment,10,morganella_morganii,Morganella morganii,22,Mupirocin,0,0,0,,,
4,implicit_species_hypernetwork_no_enrichment,10,morganella_morganii,Morganella morganii,23,Nitrofurantoin,5,0,5,,,
4,implicit_species_hypernetwork_no_enrichment,10,morganella_morganii,Morganella morganii,24,Oxacillin,0,0,0,,,
4,implicit_species_hypernetwork_no_enrichment,10,morganella_morganii,Morganella morganii,25,Piperacillin,1,0,1,,,
4,implicit_species_hypernetwork_no_enrichment,10,morganella_morganii,Morganella morganii,26,Piperacillin-Tazobactam,422,319,103,0.5070913351797182,0.5365066804638281,0.02941534528410994
4,implicit_species_hypernetwork_no_enrichment,10,morganella_morganii,Morganella morganii,27,Rifampicin,0,0,0,,,
4,implicit_species_hypernetwork_no_enrichment,10,morganella_morganii,Morganella morganii,28,Teicoplanin,0,0,0,,,
4,implicit_species_hypernetwork_no_enrichment,10,morganella_morganii,Morganella morganii,29,Tetracycline,0,0,0,,,
4,implicit_species_hypernetwork_no_enrichment,10,morganella_morganii,Morganella morganii,30,Tigecycline,0,0,0,,,
4,implicit_species_hypernetwork_no_enrichment,10,morganella_morganii,Morganella morganii,31,Tobramycin,2,0,2,,,
4,implicit_species_hypernetwork_no_enrichment,10,morganella_morganii,Morganella morganii,32,Vancomycin,0,0,0,,,
4,implicit_species_hypernetwork_no_enrichment,11,proteus_mirabilis,Proteus mirabilis,0,Amikacin,1,1,0,,,
4,implicit_species_hypernetwork_no_enrichment,11,proteus_mirabilis,Proteus mirabilis,1,Ampicillin,2011,1397,614,0.5071482865796647,0.5203594720189144,0.013211185439249706
4,implicit_species_hypernetwork_no_enrichment,11,proteus_mirabilis,Proteus mirabilis,2,Azithromycin,0,0,0,,,
4,implicit_species_hypernetwork_no_enrichment,11,proteus_mirabilis,Proteus mirabilis,3,Caspofungin,0,0,0,,,
4,implicit_species_hypernetwork_no_enrichment,11,proteus_mirabilis,Proteus mirabilis,4,Cefepime,1,1,0,,,
4,implicit_species_hypernetwork_no_enrichment,11,proteus_mirabilis,Proteus mirabilis,5,Ceftazidime,2012,1985,27,0.5813695307398077,0.48670584942625245,-0.09466368131355524
4,implicit_species_hypernetwork_no_enrichment,11,proteus_mirabilis,Proteus mirabilis,6,Ceftazidime-Avibactam,0,0,0,,,
4,implicit_species_hypernetwork_no_enrichment,11,proteus_mirabilis,Proteus mirabilis,7,Ceftriaxone,1065,1061,4,0.576578699340245,0.6725966069745524,0.0960179076343074
4,implicit_species_hypernetwork_no_enrichment,11,proteus_mirabilis,Proteus mirabilis,8,Ciprofloxacin,2012,1730,282,0.5660814577952691,0.5013108268765629,-0.06477063091870616
4,implicit_species_hypernetwork_no_enrichment,11,proteus_mirabilis,Proteus mirabilis,9,Clarithromycin,0,0,0,,,
4,implicit_species_hypernetwork_no_enrichment,11,proteus_mirabilis,Proteus mirabilis,10,Clindamycin,0,0,0,,,
4,implicit_species_hypernetwork_no_enrichment,11,proteus_mirabilis,Proteus mirabilis,11,Cotrimoxazole,2012,1339,673,0.48471614509064553,0.5498215052594082,0.06510536016876267
4,implicit_species_hypernetwork_no_enrichment,11,proteus_mirabilis,Proteus mirabilis,12,Ertapenem,6,6,0,,,
4,implicit_species_hypernetwork_no_enrichment,11,proteus_mirabilis,Proteus mirabilis,13,Erythromycin,0,0,0,,,
4,implicit_species_hypernetwork_no_enrichment,11,proteus_mirabilis,Proteus mirabilis,14,Fosfomycin,719,580,139,0.49483378814190027,0.49901389233440835,0.004180104192508083
4,implicit_species_hypernetwork_no_enrichment,11,proteus_mirabilis,Proteus mirabilis,15,Fusidic acid,0,0,0,,,
4,implicit_species_hypernetwork_no_enrichment,11,proteus_mirabilis,Proteus mirabilis,16,Gentamicin,1997,682,1315,0.4683223130359154,0.5315187939743318,0.06319648093841634
4,implicit_species_hypernetwork_no_enrichment,11,proteus_mirabilis,Proteus mirabilis,17,Imipenem,1948,0,1948,,,
4,implicit_species_hypernetwork_no_enrichment,11,proteus_mirabilis,Proteus mirabilis,18,Levofloxacin,0,0,0,,,
4,implicit_species_hypernetwork_no_enrichment,11,proteus_mirabilis,Proteus mirabilis,19,Linezolid,0,0,0,,,
4,implicit_species_hypernetwork_no_enrichment,11,proteus_mirabilis,Proteus mirabilis,20,Meropenem,2011,2010,1,0.9888059701492538,0.7154228855721393,-0.27338308457711447
4,implicit_species_hypernetwork_no_enrichment,11,proteus_mirabilis,Proteus mirabilis,21,Moxifloxacin,1120,450,670,0.5253432835820895,0.5248474295190713,-0.0004958540630182195
4,implicit_species_hypernetwork_no_enrichment,11,proteus_mirabilis,Proteus mirabilis,22,Mupirocin,0,0,0,,,
4,implicit_species_hypernetwork_no_enrichment,11,proteus_mirabilis,Proteus mirabilis,23,Nitrofurantoin,41,1,40,0.4,0.1375,-0.2625
4,implicit_species_hypernetwork_no_enrichment,11,proteus_mirabilis,Proteus mirabilis,24,Oxacillin,0,0,0,,,
4,implicit_species_hypernetwork_no_enrichment,11,proteus_mirabilis,Proteus mirabilis,25,Piperacillin,1,0,1,,,
4,implicit_species_hypernetwork_no_enrichment,11,proteus_mirabilis,Proteus mirabilis,26,Piperacillin-Tazobactam,1997,1970,27,0.5399793194209438,0.438663282571912,-0.10131603684903179
4,implicit_species_hypernetwork_no_enrichment,11,proteus_mirabilis,Proteus mirabilis,27,Rifampicin,0,0,0,,,
4,implicit_species_hypernetwork_no_enrichment,11,proteus_mirabilis,Proteus mirabilis,28,Teicoplanin,0,0,0,,,
4,implicit_species_hypernetwork_no_enrichment,11,proteus_mirabilis,Proteus mirabilis,29,Tetracycline,0,0,0,,,
4,implicit_species_hypernetwork_no_enrichment,11,proteus_mirabilis,Proteus mirabilis,30,Tigecycline,0,0,0,,,
4,implicit_species_hypernetwork_no_enrichment,11,proteus_mirabilis,Proteus mirabilis,31,Tobramycin,1,1,0,,,
4,implicit_species_hypernetwork_no_enrichment,11,proteus_mirabilis,Proteus mirabilis,32,Vancomycin,0,0,0,,,
4,implicit_species_hypernetwork_no_enrichment,12,proteus_vulgaris,Proteus vulgaris,0,Amikacin,0,0,0,,,
4,implicit_species_hypernetwork_no_enrichment,12,proteus_vulgaris,Proteus vulgaris,1,Ampicillin,380,5,375,0.6066666666666667,0.6986666666666667,0.09199999999999997
4,implicit_species_hypernetwork_no_enrichment,12,proteus_vulgaris,Proteus vulgaris,2,Azithromycin,0,0,0,,,
4,implicit_species_hypernetwork_no_enrichment,12,proteus_vulgaris,Proteus vulgaris,3,Caspofungin,0,0,0,,,
4,implicit_species_hypernetwork_no_enrichment,12,proteus_vulgaris,Proteus vulgaris,4,Cefepime,0,0,0,,,
4,implicit_species_hypernetwork_no_enrichment,12,proteus_vulgaris,Proteus vulgaris,5,Ceftazidime,379,365,14,0.34667318982387474,0.5720156555772995,0.22534246575342476
4,implicit_species_hypernetwork_no_enrichment,12,proteus_vulgaris,Proteus vulgaris,6,Ceftazidime-Avibactam,0,0,0,,,
4,implicit_species_hypernetwork_no_enrichment,12,proteus_vulgaris,Proteus vulgaris,7,Ceftriaxone,264,262,2,0.3520992366412214,0.7185114503816793,0.3664122137404579
4,implicit_species_hypernetwork_no_enrichment,12,proteus_vulgaris,Proteus vulgaris,8,Ciprofloxacin,380,376,4,0.40359042553191493,0.44913563829787234,0.04554521276595741
4,implicit_species_hypernetwork_no_enrichment,12,proteus_vulgaris,Proteus vulgaris,9,Clarithromycin,0,0,0,,,
4,implicit_species_hypernetwork_no_enrichment,12,proteus_vulgaris,Proteus vulgaris,10,Clindamycin,0,0,0,,,
4,implicit_species_hypernetwork_no_enrichment,12,proteus_vulgaris,Proteus vulgaris,11,Cotrimoxazole,379,334,45,0.4981370592149035,0.4644377910844977,-0.0336992681304058
4,implicit_species_hypernetwork_no_enrichment,12,proteus_vulgaris,Proteus vulgaris,12,Ertapenem,4,4,0,,,
4,implicit_species_hypernetwork_no_enrichment,12,proteus_vulgaris,Proteus vulgaris,13,Erythromycin,0,0,0,,,
4,implicit_species_hypernetwork_no_enrichment,12,proteus_vulgaris,Proteus vulgaris,14,Fosfomycin,74,71,3,0.6197183098591549,0.21596244131455397,-0.4037558685446009
4,implicit_species_hypernetwork_no_enrichment,12,proteus_vulgaris,Proteus vulgaris,15,Fusidic acid,0,0,0,,,
4,implicit_species_hypernetwork_no_enrichment,12,proteus_vulgaris,Proteus vulgaris,16,Gentamicin,380,139,241,0.41875876891847513,0.4601480641213171,0.04138929520284196
4,implicit_species_hypernetwork_no_enrichment,12,proteus_vulgaris,Proteus vulgaris,17,Imipenem,370,0,370,,,
4,implicit_species_hypernetwork_no_enrichment,12,proteus_vulgaris,Proteus vulgaris,18,Levofloxacin,0,0,0,,,
4,implicit_species_hypernetwork_no_enrichment,12,proteus_vulgaris,Proteus vulgaris,19,Linezolid,0,0,0,,,
4,implicit_species_hypernetwork_no_enrichment,12,proteus_vulgaris,Proteus vulgaris,20,Meropenem,379,379,0,,,
4,implicit_species_hypernetwork_no_enrichment,12,proteus_vulgaris,Proteus vulgaris,21,Moxifloxacin,288,135,153,0.5352941176470588,0.5212055192447349,-0.014088598402323904
4,implicit_species_hypernetwork_no_enrichment,12,proteus_vulgaris,Proteus vulgaris,22,Mupirocin,0,0,0,,,
4,implicit_species_hypernetwork_no_enrichment,12,proteus_vulgaris,Proteus vulgaris,23,Nitrofurantoin,6,0,6,,,
4,implicit_species_hypernetwork_no_enrichment,12,proteus_vulgaris,Proteus vulgaris,24,Oxacillin,0,0,0,,,
4,implicit_species_hypernetwork_no_enrichment,12,proteus_vulgaris,Proteus vulgaris,25,Piperacillin,0,0,0,,,
4,implicit_species_hypernetwork_no_enrichment,12,proteus_vulgaris,Proteus vulgaris,26,Piperacillin-Tazobactam,378,370,8,0.25929054054054057,0.5709459459459459,0.3116554054054054
4,implicit_species_hypernetwork_no_enrichment,12,proteus_vulgaris,Proteus vulgaris,27,Rifampicin,0,0,0,,,
4,implicit_species_hypernetwork_no_enrichment,12,proteus_vulgaris,Proteus vulgaris,28,Teicoplanin,0,0,0,,,
4,implicit_species_hypernetwork_no_enrichment,12,proteus_vulgaris,Proteus vulgaris,29,Tetracycline,0,0,0,,,
4,implicit_species_hypernetwork_no_enrichment,12,proteus_vulgaris,Proteus vulgaris,30,Tigecycline,0,0,0,,,
4,implicit_species_hypernetwork_no_enrichment,12,proteus_vulgaris,Proteus vulgaris,31,Tobramycin,0,0,0,,,
4,implicit_species_hypernetwork_no_enrichment,12,proteus_vulgaris,Proteus vulgaris,32,Vancomycin,0,0,0,,,
4,implicit_species_hypernetwork_no_enrichment,13,pseudomonas_aeruginosa,Pseudomonas aeruginosa,0,Amikacin,3233,1208,2025,0.5445789387621617,0.8448644836889869,0.30028554492682524
4,implicit_species_hypernetwork_no_enrichment,13,pseudomonas_aeruginosa,Pseudomonas aeruginosa,1,Ampicillin,167,0,167,,,
4,implicit_species_hypernetwork_no_enrichment,13,pseudomonas_aeruginosa,Pseudomonas aeruginosa,2,Azithromycin,0,0,0,,,
4,implicit_species_hypernetwork_no_enrichment,13,pseudomonas_aeruginosa,Pseudomonas aeruginosa,3,Caspofungin,0,0,0,,,
4,implicit_species_hypernetwork_no_enrichment,13,pseudomonas_aeruginosa,Pseudomonas aeruginosa,4,Cefepime,3258,2,3256,0.8307739557739557,0.49846437346437344,-0.3323095823095823
4,implicit_species_hypernetwork_no_enrichment,13,pseudomonas_aeruginosa,Pseudomonas aeruginosa,5,Ceftazidime,3410,0,3410,,,
4,implicit_species_hypernetwork_no_enrichment,13,pseudomonas_aeruginosa,Pseudomonas aeruginosa,6,Ceftazidime-Avibactam,114,78,36,0.49358974358974356,0.45726495726495725,-0.03632478632478631
4,implicit_species_hypernetwork_no_enrichment,13,pseudomonas_aeruginosa,Pseudomonas aeruginosa,7,Ceftriaxone,1,0,1,,,
4,implicit_species_hypernetwork_no_enrichment,13,pseudomonas_aeruginosa,Pseudomonas aeruginosa,8,Ciprofloxacin,3410,1,3409,0.46685244939865067,0.6950718685831623,0.2282194191845116
4,implicit_species_hypernetwork_no_enrichment,13,pseudomonas_aeruginosa,Pseudomonas aeruginosa,9,Clarithromycin,0,0,0,,,
4,implicit_species_hypernetwork_no_enrichment,13,pseudomonas_aeruginosa,Pseudomonas aeruginosa,10,Clindamycin,0,0,0,,,
4,implicit_species_hypernetwork_no_enrichment,13,pseudomonas_aeruginosa,Pseudomonas aeruginosa,11,Cotrimoxazole,3406,0,3406,,,
4,implicit_species_hypernetwork_no_enrichment,13,pseudomonas_aeruginosa,Pseudomonas aeruginosa,12,Ertapenem,0,0,0,,,
4,implicit_species_hypernetwork_no_enrichment,13,pseudomonas_aeruginosa,Pseudomonas aeruginosa,13,Erythromycin,0,0,0,,,
4,implicit_species_hypernetwork_no_enrichment,13,pseudomonas_aeruginosa,Pseudomonas aeruginosa,14,Fosfomycin,0,0,0,,,
4,implicit_species_hypernetwork_no_enrichment,13,pseudomonas_aeruginosa,Pseudomonas aeruginosa,15,Fusidic acid,0,0,0,,,
4,implicit_species_hypernetwork_no_enrichment,13,pseudomonas_aeruginosa,Pseudomonas aeruginosa,16,Gentamicin,2110,0,2110,,,
4,implicit_species_hypernetwork_no_enrichment,13,pseudomonas_aeruginosa,Pseudomonas aeruginosa,17,Imipenem,3396,1,3395,0.304860088365243,0.3668630338733431,0.06200294550810015
4,implicit_species_hypernetwork_no_enrichment,13,pseudomonas_aeruginosa,Pseudomonas aeruginosa,18,Levofloxacin,0,0,0,,,
4,implicit_species_hypernetwork_no_enrichment,13,pseudomonas_aeruginosa,Pseudomonas aeruginosa,19,Linezolid,1,1,0,,,
4,implicit_species_hypernetwork_no_enrichment,13,pseudomonas_aeruginosa,Pseudomonas aeruginosa,20,Meropenem,3405,2470,935,0.5361460520903245,0.5675890363506463,0.03144298426032177
4,implicit_species_hypernetwork_no_enrichment,13,pseudomonas_aeruginosa,Pseudomonas aeruginosa,21,Moxifloxacin,172,0,172,,,
4,implicit_species_hypernetwork_no_enrichment,13,pseudomonas_aeruginosa,Pseudomonas aeruginosa,22,Mupirocin,0,0,0,,,
4,implicit_species_hypernetwork_no_enrichment,13,pseudomonas_aeruginosa,Pseudomonas aeruginosa,23,Nitrofurantoin,162,0,162,,,
4,implicit_species_hypernetwork_no_enrichment,13,pseudomonas_aeruginosa,Pseudomonas aeruginosa,24,Oxacillin,0,0,0,,,
4,implicit_species_hypernetwork_no_enrichment,13,pseudomonas_aeruginosa,Pseudomonas aeruginosa,25,Piperacillin,3232,0,3232,,,
4,implicit_species_hypernetwork_no_enrichment,13,pseudomonas_aeruginosa,Pseudomonas aeruginosa,26,Piperacillin-Tazobactam,3376,0,3376,,,
4,implicit_species_hypernetwork_no_enrichment,13,pseudomonas_aeruginosa,Pseudomonas aeruginosa,27,Rifampicin,0,0,0,,,
4,implicit_species_hypernetwork_no_enrichment,13,pseudomonas_aeruginosa,Pseudomonas aeruginosa,28,Teicoplanin,0,0,0,,,
4,implicit_species_hypernetwork_no_enrichment,13,pseudomonas_aeruginosa,Pseudomonas aeruginosa,29,Tetracycline,0,0,0,,,
4,implicit_species_hypernetwork_no_enrichment,13,pseudomonas_aeruginosa,Pseudomonas aeruginosa,30,Tigecycline,2,1,1,0.5,0.5,0.0
4,implicit_species_hypernetwork_no_enrichment,13,pseudomonas_aeruginosa,Pseudomonas aeruginosa,31,Tobramycin,3245,1211,2034,0.4485428150833031,0.8529839954465255,0.40444118036322235
4,implicit_species_hypernetwork_no_enrichment,13,pseudomonas_aeruginosa,Pseudomonas aeruginosa,32,Vancomycin,1,0,1,,,
4,implicit_species_hypernetwork_no_enrichment,14,serratia_marcescens,Serratia marcescens,0,Amikacin,0,0,0,,,
4,implicit_species_hypernetwork_no_enrichment,14,serratia_marcescens,Serratia marcescens,1,Ampicillin,832,6,826,0.5,0.44430992736077485,-0.05569007263922515
4,implicit_species_hypernetwork_no_enrichment,14,serratia_marcescens,Serratia marcescens,2,Azithromycin,0,0,0,,,
4,implicit_species_hypernetwork_no_enrichment,14,serratia_marcescens,Serratia marcescens,3,Caspofungin,0,0,0,,,
4,implicit_species_hypernetwork_no_enrichment,14,serratia_marcescens,Serratia marcescens,4,Cefepime,0,0,0,,,
4,implicit_species_hypernetwork_no_enrichment,14,serratia_marcescens,Serratia marcescens,5,Ceftazidime,832,759,73,0.5504358655043586,0.6690580612557979,0.11862219575143929
4,implicit_species_hypernetwork_no_enrichment,14,serratia_marcescens,Serratia marcescens,6,Ceftazidime-Avibactam,0,0,0,,,
4,implicit_species_hypernetwork_no_enrichment,14,serratia_marcescens,Serratia marcescens,7,Ceftriaxone,693,634,59,0.5175506603218736,0.6971876169598461,0.17963695663797252
4,implicit_species_hypernetwork_no_enrichment,14,serratia_marcescens,Serratia marcescens,8,Ciprofloxacin,831,790,41,0.5094319234331584,0.46554492127199754,-0.043887002161160815
4,implicit_species_hypernetwork_no_enrichment,14,serratia_marcescens,Serratia marcescens,9,Clarithromycin,0,0,0,,,
4,implicit_species_hypernetwork_no_enrichment,14,serratia_marcescens,Serratia marcescens,10,Clindamycin,0,0,0,,,
4,implicit_species_hypernetwork_no_enrichment,14,serratia_marcescens,Serratia marcescens,11,Cotrimoxazole,831,823,8,0.5254404617253949,0.5039489671931956,-0.02149149453219934
4,implicit_species_hypernetwork_no_enrichment,14,serratia_marcescens,Serratia marcescens,12,Ertapenem,2,2,0,,,
4,implicit_species_hypernetwork_no_enrichment,14,serratia_marcescens,Serratia marcescens,13,Erythromycin,0,0,0,,,
4,implicit_species_hypernetwork_no_enrichment,14,serratia_marcescens,Serratia marcescens,14,Fosfomycin,104,85,19,0.423219814241486,0.6074303405572755,0.1842105263157895
4,implicit_species_hypernetwork_no_enrichment,14,serratia_marcescens,Serratia marcescens,15,Fusidic acid,0,0,0,,,
4,implicit_species_hypernetwork_no_enrichment,14,serratia_marcescens,Serratia marcescens,16,Gentamicin,829,309,520,0.5326611899427434,0.5564724919093851,0.023811301966641718
4,implicit_species_hypernetwork_no_enrichment,14,serratia_marcescens,Serratia marcescens,17,Imipenem,831,796,35,0.47923546302943293,0.8020997846374731,0.3228643216080402
4,implicit_species_hypernetwork_no_enrichment,14,serratia_marcescens,Serratia marcescens,18,Levofloxacin,0,0,0,,,
4,implicit_species_hypernetwork_no_enrichment,14,serratia_marcescens,Serratia marcescens,19,Linezolid,0,0,0,,,
4,implicit_species_hypernetwork_no_enrichment,14,serratia_marcescens,Serratia marcescens,20,Meropenem,831,830,1,0.3421686746987952,0.9903614457831326,0.6481927710843374
4,implicit_species_hypernetwork_no_enrichment,14,serratia_marcescens,Serratia marcescens,21,Moxifloxacin,708,317,391,0.49879383930228244,0.48569146490032034,-0.013102374401962102
4,implicit_species_hypernetwork_no_enrichment,14,serratia_marcescens,Serratia marcescens,22,Mupirocin,0,0,0,,,
4,implicit_species_hypernetwork_no_enrichment,14,serratia_marcescens,Serratia marcescens,23,Nitrofurantoin,4,0,4,,,
4,implicit_species_hypernetwork_no_enrichment,14,serratia_marcescens,Serratia marcescens,24,Oxacillin,0,0,0,,,
4,implicit_species_hypernetwork_no_enrichment,14,serratia_marcescens,Serratia marcescens,25,Piperacillin,0,0,0,,,
4,implicit_species_hypernetwork_no_enrichment,14,serratia_marcescens,Serratia marcescens,26,Piperacillin-Tazobactam,831,752,79,0.5321758012388904,0.6402252221922974,0.10804942095340697
4,implicit_species_hypernetwork_no_enrichment,14,serratia_marcescens,Serratia marcescens,27,Rifampicin,0,0,0,,,
4,implicit_species_hypernetwork_no_enrichment,14,serratia_marcescens,Serratia marcescens,28,Teicoplanin,0,0,0,,,
4,implicit_species_hypernetwork_no_enrichment,14,serratia_marcescens,Serratia marcescens,29,Tetracycline,0,0,0,,,
4,implicit_species_hypernetwork_no_enrichment,14,serratia_marcescens,Serratia marcescens,30,Tigecycline,0,0,0,,,
4,implicit_species_hypernetwork_no_enrichment,14,serratia_marcescens,Serratia marcescens,31,Tobramycin,0,0,0,,,
4,implicit_species_hypernetwork_no_enrichment,14,serratia_marcescens,Serratia marcescens,32,Vancomycin,0,0,0,,,
4,implicit_species_hypernetwork_no_enrichment,15,staphylococcus_aureus,Staphylococcus aureus,0,Amikacin,0,0,0,,,
4,implicit_species_hypernetwork_no_enrichment,15,staphylococcus_aureus,Staphylococcus aureus,1,Ampicillin,0,0,0,,,
4,implicit_species_hypernetwork_no_enrichment,15,staphylococcus_aureus,Staphylococcus aureus,2,Azithromycin,0,0,0,,,
4,implicit_species_hypernetwork_no_enrichment,15,staphylococcus_aureus,Staphylococcus aureus,3,Caspofungin,0,0,0,,,
4,implicit_species_hypernetwork_no_enrichment,15,staphylococcus_aureus,Staphylococcus aureus,4,Cefepime,0,0,0,,,
4,implicit_species_hypernetwork_no_enrichment,15,staphylococcus_aureus,Staphylococcus aureus,5,Ceftazidime,0,0,0,,,
4,implicit_species_hypernetwork_no_enrichment,15,staphylococcus_aureus,Staphylococcus aureus,6,Ceftazidime-Avibactam,0,0,0,,,
4,implicit_species_hypernetwork_no_enrichment,15,staphylococcus_aureus,Staphylococcus aureus,7,Ceftriaxone,0,0,0,,,
4,implicit_species_hypernetwork_no_enrichment,15,staphylococcus_aureus,Staphylococcus aureus,8,Ciprofloxacin,0,0,0,,,
4,implicit_species_hypernetwork_no_enrichment,15,staphylococcus_aureus,Staphylococcus aureus,9,Clarithromycin,0,0,0,,,
4,implicit_species_hypernetwork_no_enrichment,15,staphylococcus_aureus,Staphylococcus aureus,10,Clindamycin,6004,4894,1110,0.5588341304115721,0.6366692806414915,0.07783515022991938
4,implicit_species_hypernetwork_no_enrichment,15,staphylococcus_aureus,Staphylococcus aureus,11,Cotrimoxazole,6004,5864,140,0.5474931787175988,0.6119183638666926,0.06442518514909379
4,implicit_species_hypernetwork_no_enrichment,15,staphylococcus_aureus,Staphylococcus aureus,12,Ertapenem,0,0,0,,,
4,implicit_species_hypernetwork_no_enrichment,15,staphylococcus_aureus,Staphylococcus aureus,13,Erythromycin,5999,4816,1183,0.5476870034514424,0.625052217460536,0.07736521400909357
4,implicit_species_hypernetwork_no_enrichment,15,staphylococcus_aureus,Staphylococcus aureus,14,Fosfomycin,6003,5935,68,0.5996543436245602,0.7390789930125379,0.13942464938797772
4,implicit_species_hypernetwork_no_enrichment,15,staphylococcus_aureus,Staphylococcus aureus,15,Fusidic acid,214,192,22,0.42826704545454547,0.5419034090909091,0.11363636363636359
4,implicit_species_hypernetwork_no_enrichment,15,staphylococcus_aureus,Staphylococcus aureus,16,Gentamicin,6004,5911,93,0.5318842398808126,0.5926948663235848,0.06081062644277224
4,implicit_species_hypernetwork_no_enrichment,15,staphylococcus_aureus,Staphylococcus aureus,17,Imipenem,0,0,0,,,
4,implicit_species_hypernetwork_no_enrichment,15,staphylococcus_aureus,Staphylococcus aureus,18,Levofloxacin,6005,2934,3071,0.5332811375940949,0.8639561839909242,0.3306750463968293
4,implicit_species_hypernetwork_no_enrichment,15,staphylococcus_aureus,Staphylococcus aureus,19,Linezolid,6003,6000,3,0.41241666666666665,0.7668888888888888,0.3544722222222222
4,implicit_species_hypernetwork_no_enrichment,15,staphylococcus_aureus,Staphylococcus aureus,20,Meropenem,0,0,0,,,
4,implicit_species_hypernetwork_no_enrichment,15,staphylococcus_aureus,Staphylococcus aureus,21,Moxifloxacin,35,33,2,0.3560606060606061,0.6818181818181819,0.3257575757575758
4,implicit_species_hypernetwork_no_enrichment,15,staphylococcus_aureus,Staphylococcus aureus,22,Mupirocin,835,810,25,0.6343456790123456,0.6007901234567902,-0.03355555555555545
4,implicit_species_hypernetwork_no_enrichment,15,staphylococcus_aureus,Staphylococcus aureus,23,Nitrofurantoin,0,0,0,,,
4,implicit_species_hypernetwork_no_enrichment,15,staphylococcus_aureus,Staphylococcus aureus,24,Oxacillin,5998,4905,1093,0.7068074756139756,0.8664511351543926,0.15964365954041704
4,implicit_species_hypernetwork_no_enrichment,15,staphylococcus_aureus,Staphylococcus aureus,25,Piperacillin,0,0,0,,,
4,implicit_species_hypernetwork_no_enrichment,15,staphylococcus_aureus,Staphylococcus aureus,26,Piperacillin-Tazobactam,0,0,0,,,
4,implicit_species_hypernetwork_no_enrichment,15,staphylococcus_aureus,Staphylococcus aureus,27,Rifampicin,5997,5966,31,0.5651514496123192,0.5968336703686482,0.03168222075632898
4,implicit_species_hypernetwork_no_enrichment,15,staphylococcus_aureus,Staphylococcus aureus,28,Teicoplanin,0,0,0,,,
4,implicit_species_hypernetwork_no_enrichment,15,staphylococcus_aureus,Staphylococcus aureus,29,Tetracycline,6001,5645,356,0.5470444661179726,0.5784135806769438,0.03136911455897118
4,implicit_species_hypernetwork_no_enrichment,15,staphylococcus_aureus,Staphylococcus aureus,30,Tigecycline,5987,5984,3,0.5531417112299465,0.7164382798573975,0.163296568627451
4,implicit_species_hypernetwork_no_enrichment,15,staphylococcus_aureus,Staphylococcus aureus,31,Tobramycin,0,0,0,,,
4,implicit_species_hypernetwork_no_enrichment,15,staphylococcus_aureus,Staphylococcus aureus,32,Vancomycin,6001,5997,4,0.7713023178255795,0.9200016675004169,0.14869934967483744
4,implicit_species_hypernetwork_no_enrichment,16,staphylococcus_capitis,Staphylococcus capitis,0,Amikacin,0,0,0,,,
4,implicit_species_hypernetwork_no_enrichment,16,staphylococcus_capitis,Staphylococcus capitis,1,Ampicillin,0,0,0,,,
4,implicit_species_hypernetwork_no_enrichment,16,staphylococcus_capitis,Staphylococcus capitis,2,Azithromycin,0,0,0,,,
4,implicit_species_hypernetwork_no_enrichment,16,staphylococcus_capitis,Staphylococcus capitis,3,Caspofungin,0,0,0,,,
4,implicit_species_hypernetwork_no_enrichment,16,staphylococcus_capitis,Staphylococcus capitis,4,Cefepime,0,0,0,,,
4,implicit_species_hypernetwork_no_enrichment,16,staphylococcus_capitis,Staphylococcus capitis,5,Ceftazidime,0,0,0,,,
4,implicit_species_hypernetwork_no_enrichment,16,staphylococcus_capitis,Staphylococcus capitis,6,Ceftazidime-Avibactam,0,0,0,,,
4,implicit_species_hypernetwork_no_enrichment,16,staphylococcus_capitis,Staphylococcus capitis,7,Ceftriaxone,0,0,0,,,
4,implicit_species_hypernetwork_no_enrichment,16,staphylococcus_capitis,Staphylococcus capitis,8,Ciprofloxacin,0,0,0,,,
4,implicit_species_hypernetwork_no_enrichment,16,staphylococcus_capitis,Staphylococcus capitis,9,Clarithromycin,0,0,0,,,
4,implicit_species_hypernetwork_no_enrichment,16,staphylococcus_capitis,Staphylococcus capitis,10,Clindamycin,411,329,82,0.5212580621246942,0.5639965898139225,0.04273852768922837
4,implicit_species_hypernetwork_no_enrichment,16,staphylococcus_capitis,Staphylococcus capitis,11,Cotrimoxazole,404,399,5,0.5050125313283208,0.3659147869674185,-0.13909774436090228
4,implicit_species_hypernetwork_no_enrichment,16,staphylococcus_capitis,Staphylococcus capitis,12,Ertapenem,0,0,0,,,
4,implicit_species_hypernetwork_no_enrichment,16,staphylococcus_capitis,Staphylococcus capitis,13,Erythromycin,414,336,78,0.48496642246642246,0.5661820818070818,0.08121565934065939
4,implicit_species_hypernetwork_no_enrichment,16,staphylococcus_capitis,Staphylococcus capitis,14,Fosfomycin,400,0,400,,,
4,implicit_species_hypernetwork_no_enrichment,16,staphylococcus_capitis,Staphylococcus capitis,15,Fusidic acid,1,0,1,,,
4,implicit_species_hypernetwork_no_enrichment,16,staphylococcus_capitis,Staphylococcus capitis,16,Gentamicin,402,373,29,0.4046870666543404,0.5287510400295832,0.12406397337524278
4,implicit_species_hypernetwork_no_enrichment,16,staphylococcus_capitis,Staphylococcus capitis,17,Imipenem,0,0,0,,,
4,implicit_species_hypernetwork_no_enrichment,16,staphylococcus_capitis,Staphylococcus capitis,18,Levofloxacin,402,240,162,0.4582304526748971,0.6276877572016462,0.16945730452674906
4,implicit_species_hypernetwork_no_enrichment,16,staphylococcus_capitis,Staphylococcus capitis,19,Linezolid,403,403,0,,,
4,implicit_species_hypernetwork_no_enrichment,16,staphylococcus_capitis,Staphylococcus capitis,20,Meropenem,0,0,0,,,
4,implicit_species_hypernetwork_no_enrichment,16,staphylococcus_capitis,Staphylococcus capitis,21,Moxifloxacin,1,1,0,,,
4,implicit_species_hypernetwork_no_enrichment,16,staphylococcus_capitis,Staphylococcus capitis,22,Mupirocin,0,0,0,,,
4,implicit_species_hypernetwork_no_enrichment,16,staphylococcus_capitis,Staphylococcus capitis,23,Nitrofurantoin,0,0,0,,,
4,implicit_species_hypernetwork_no_enrichment,16,staphylococcus_capitis,Staphylococcus capitis,24,Oxacillin,413,296,117,0.4648446523446524,0.613016863016863,0.1481722106722106
4,implicit_species_hypernetwork_no_enrichment,16,staphylococcus_capitis,Staphylococcus capitis,25,Piperacillin,0,0,0,,,
4,implicit_species_hypernetwork_no_enrichment,16,staphylococcus_capitis,Staphylococcus capitis,26,Piperacillin-Tazobactam,0,0,0,,,
4,implicit_species_hypernetwork_no_enrichment,16,staphylococcus_capitis,Staphylococcus capitis,27,Rifampicin,399,397,2,0.8664987405541561,0.6347607052896725,-0.23173803526448356
4,implicit_species_hypernetwork_no_enrichment,16,staphylococcus_capitis,Staphylococcus capitis,28,Teicoplanin,0,0,0,,,
4,implicit_species_hypernetwork_no_enrichment,16,staphylococcus_capitis,Staphylococcus capitis,29,Tetracycline,402,349,53,0.506838946856247,0.40982321457533655,-0.09701573228091043
4,implicit_species_hypernetwork_no_enrichment,16,staphylococcus_capitis,Staphylococcus capitis,30,Tigecycline,402,402,0,,,
4,implicit_species_hypernetwork_no_enrichment,16,staphylococcus_capitis,Staphylococcus capitis,31,Tobramycin,0,0,0,,,
4,implicit_species_hypernetwork_no_enrichment,16,staphylococcus_capitis,Staphylococcus capitis,32,Vancomycin,404,404,0,,,
4,implicit_species_hypernetwork_no_enrichment,17,staphylococcus_epidermidis,Staphylococcus epidermidis,0,Amikacin,0,0,0,,,
4,implicit_species_hypernetwork_no_enrichment,17,staphylococcus_epidermidis,Staphylococcus epidermidis,1,Ampicillin,1,0,1,,,
4,implicit_species_hypernetwork_no_enrichment,17,staphylococcus_epidermidis,Staphylococcus epidermidis,2,Azithromycin,0,0,0,,,
4,implicit_species_hypernetwork_no_enrichment,17,staphylococcus_epidermidis,Staphylococcus epidermidis,3,Caspofungin,0,0,0,,,
4,implicit_species_hypernetwork_no_enrichment,17,staphylococcus_epidermidis,Staphylococcus epidermidis,4,Cefepime,0,0,0,,,
4,implicit_species_hypernetwork_no_enrichment,17,staphylococcus_epidermidis,Staphylococcus epidermidis,5,Ceftazidime,1,1,0,,,
4,implicit_species_hypernetwork_no_enrichment,17,staphylococcus_epidermidis,Staphylococcus epidermidis,6,Ceftazidime-Avibactam,0,0,0,,,
4,implicit_species_hypernetwork_no_enrichment,17,staphylococcus_epidermidis,Staphylococcus epidermidis,7,Ceftriaxone,1,1,0,,,
4,implicit_species_hypernetwork_no_enrichment,17,staphylococcus_epidermidis,Staphylococcus epidermidis,8,Ciprofloxacin,1,1,0,,,
4,implicit_species_hypernetwork_no_enrichment,17,staphylococcus_epidermidis,Staphylococcus epidermidis,9,Clarithromycin,0,0,0,,,
4,implicit_species_hypernetwork_no_enrichment,17,staphylococcus_epidermidis,Staphylococcus epidermidis,10,Clindamycin,2962,1453,1509,0.6152169342285356,0.7006116546876119,0.08539472045907626
4,implicit_species_hypernetwork_no_enrichment,17,staphylococcus_epidermidis,Staphylococcus epidermidis,11,Cotrimoxazole,2956,2147,809,0.6860407744039315,0.7771533337977561,0.09111255939382457
4,implicit_species_hypernetwork_no_enrichment,17,staphylococcus_epidermidis,Staphylococcus epidermidis,12,Ertapenem,0,0,0,,,
4,implicit_species_hypernetwork_no_enrichment,17,staphylococcus_epidermidis,Staphylococcus epidermidis,13,Erythromycin,2964,1001,1963,0.5643248753284413,0.6491608238933761,0.08483594856493482
4,implicit_species_hypernetwork_no_enrichment,17,staphylococcus_epidermidis,Staphylococcus epidermidis,14,Fosfomycin,2950,2421,529,0.6896730639044467,0.7720282281142711,0.08235516420982436
4,implicit_species_hypernetwork_no_enrichment,17,staphylococcus_epidermidis,Staphylococcus epidermidis,15,Fusidic acid,1,0,1,,,
4,implicit_species_hypernetwork_no_enrichment,17,staphylococcus_epidermidis,Staphylococcus epidermidis,16,Gentamicin,2953,2010,943,0.6529536833330696,0.7629450837013237,0.10999140036825417
4,implicit_species_hypernetwork_no_enrichment,17,staphylococcus_epidermidis,Staphylococcus epidermidis,17,Imipenem,1,1,0,,,
4,implicit_species_hypernetwork_no_enrichment,17,staphylococcus_epidermidis,Staphylococcus epidermidis,18,Levofloxacin,2953,889,2064,0.6080213810482991,0.7636530898753935,0.15563170882709443
4,implicit_species_hypernetwork_no_enrichment,17,staphylococcus_epidermidis,Staphylococcus epidermidis,19,Linezolid,2959,2900,59,0.6636236119228522,0.8663237872589129,0.20270017533606066
4,implicit_species_hypernetwork_no_enrichment,17,staphylococcus_epidermidis,Staphylococcus epidermidis,20,Meropenem,1,1,0,,,
4,implicit_species_hypernetwork_no_enrichment,17,staphylococcus_epidermidis,Staphylococcus epidermidis,21,Moxifloxacin,9,8,1,0.1875,0.625,0.4375
4,implicit_species_hypernetwork_no_enrichment,17,staphylococcus_epidermidis,Staphylococcus epidermidis,22,Mupirocin,0,0,0,,,
4,implicit_species_hypernetwork_no_enrichment,17,staphylococcus_epidermidis,Staphylococcus epidermidis,23,Nitrofurantoin,0,0,0,,,
4,implicit_species_hypernetwork_no_enrichment,17,staphylococcus_epidermidis,Staphylococcus epidermidis,24,Oxacillin,2966,1004,1962,0.6452718686924067,0.7304792044868436,0.08520733579443684
4,implicit_species_hypernetwork_no_enrichment,17,staphylococcus_epidermidis,Staphylococcus epidermidis,25,Piperacillin,0,0,0,,,
4,implicit_species_hypernetwork_no_enrichment,17,staphylococcus_epidermidis,Staphylococcus epidermidis,26,Piperacillin-Tazobactam,1,1,0,,,
4,implicit_species_hypernetwork_no_enrichment,17,staphylococcus_epidermidis,Staphylococcus epidermidis,27,Rifampicin,2945,2709,236,0.5833677446803186,0.7011476184219582,0.11777987374163956
4,implicit_species_hypernetwork_no_enrichment,17,staphylococcus_epidermidis,Staphylococcus epidermidis,28,Teicoplanin,1,1,0,,,
4,implicit_species_hypernetwork_no_enrichment,17,staphylococcus_epidermidis,Staphylococcus epidermidis,29,Tetracycline,2952,1656,1296,0.6275387013926165,0.6678368875618775,0.04029818616926106
4,implicit_species_hypernetwork_no_enrichment,17,staphylococcus_epidermidis,Staphylococcus epidermidis,30,Tigecycline,2949,2942,7,0.35808973487423523,0.5898319898999709,0.23174225502573564
4,implicit_species_hypernetwork_no_enrichment,17,staphylococcus_epidermidis,Staphylococcus epidermidis,31,Tobramycin,0,0,0,,,
4,implicit_species_hypernetwork_no_enrichment,17,staphylococcus_epidermidis,Staphylococcus epidermidis,32,Vancomycin,2956,2953,3,0.2610904165255672,0.5048538209730218,0.2437634044474546
4,implicit_species_hypernetwork_no_enrichment,18,staphylococcus_haemolyticus,Staphylococcus haemolyticus,0,Amikacin,0,0,0,,,
4,implicit_species_hypernetwork_no_enrichment,18,staphylococcus_haemolyticus,Staphylococcus haemolyticus,1,Ampicillin,0,0,0,,,
4,implicit_species_hypernetwork_no_enrichment,18,staphylococcus_haemolyticus,Staphylococcus haemolyticus,2,Azithromycin,0,0,0,,,
4,implicit_species_hypernetwork_no_enrichment,18,staphylococcus_haemolyticus,Staphylococcus haemolyticus,3,Caspofungin,0,0,0,,,
4,implicit_species_hypernetwork_no_enrichment,18,staphylococcus_haemolyticus,Staphylococcus haemolyticus,4,Cefepime,0,0,0,,,
4,implicit_species_hypernetwork_no_enrichment,18,staphylococcus_haemolyticus,Staphylococcus haemolyticus,5,Ceftazidime,0,0,0,,,
4,implicit_species_hypernetwork_no_enrichment,18,staphylococcus_haemolyticus,Staphylococcus haemolyticus,6,Ceftazidime-Avibactam,0,0,0,,,
4,implicit_species_hypernetwork_no_enrichment,18,staphylococcus_haemolyticus,Staphylococcus haemolyticus,7,Ceftriaxone,0,0,0,,,
4,implicit_species_hypernetwork_no_enrichment,18,staphylococcus_haemolyticus,Staphylococcus haemolyticus,8,Ciprofloxacin,0,0,0,,,
4,implicit_species_hypernetwork_no_enrichment,18,staphylococcus_haemolyticus,Staphylococcus haemolyticus,9,Clarithromycin,0,0,0,,,
4,implicit_species_hypernetwork_no_enrichment,18,staphylococcus_haemolyticus,Staphylococcus haemolyticus,10,Clindamycin,397,127,270,0.5650918635170604,0.6594634004082822,0.0943715368912218
4,implicit_species_hypernetwork_no_enrichment,18,staphylococcus_haemolyticus,Staphylococcus haemolyticus,11,Cotrimoxazole,401,158,243,0.560178673751107,0.8228499244673647,0.26267125071625774
4,implicit_species_hypernetwork_no_enrichment,18,staphylococcus_haemolyticus,Staphylococcus haemolyticus,12,Ertapenem,0,0,0,,,
4,implicit_species_hypernetwork_no_enrichment,18,staphylococcus_haemolyticus,Staphylococcus haemolyticus,13,Erythromycin,399,64,335,0.5970382462686568,0.809561567164179,0.21252332089552228
4,implicit_species_hypernetwork_no_enrichment,18,staphylococcus_haemolyticus,Staphylococcus haemolyticus,14,Fosfomycin,400,11,389,0.6577471371815844,0.38303341902313626,-0.27471371815844814
4,implicit_species_hypernetwork_no_enrichment,18,staphylococcus_haemolyticus,Staphylococcus haemolyticus,15,Fusidic acid,1,1,0,,,
4,implicit_species_hypernetwork_no_enrichment,18,staphylococcus_haemolyticus,Staphylococcus haemolyticus,16,Gentamicin,402,123,279,0.549567269866247,0.8500451671183379,0.30047789725209084
4,implicit_species_hypernetwork_no_enrichment,18,staphylococcus_haemolyticus,Staphylococcus haemolyticus,17,Imipenem,0,0,0,,,
4,implicit_species_hypernetwork_no_enrichment,18,staphylococcus_haemolyticus,Staphylococcus haemolyticus,18,Levofloxacin,402,73,329,0.5574176624890703,0.8110296873048257,0.2536120248157554
4,implicit_species_hypernetwork_no_enrichment,18,staphylococcus_haemolyticus,Staphylococcus haemolyticus,19,Linezolid,402,399,3,0.43609022556390975,0.3976608187134503,-0.038429406850459424
4,implicit_species_hypernetwork_no_enrichment,18,staphylococcus_haemolyticus,Staphylococcus haemolyticus,20,Meropenem,0,0,0,,,
4,implicit_species_hypernetwork_no_enrichment,18,staphylococcus_haemolyticus,Staphylococcus haemolyticus,21,Moxifloxacin,0,0,0,,,
4,implicit_species_hypernetwork_no_enrichment,18,staphylococcus_haemolyticus,Staphylococcus haemolyticus,22,Mupirocin,0,0,0,,,
4,implicit_species_hypernetwork_no_enrichment,18,staphylococcus_haemolyticus,Staphylococcus haemolyticus,23,Nitrofurantoin,0,0,0,,,
4,implicit_species_hypernetwork_no_enrichment,18,staphylococcus_haemolyticus,Staphylococcus haemolyticus,24,Oxacillin,404,82,322,0.5070443872140585,0.822451143766096,0.3154067565520374
4,implicit_species_hypernetwork_no_enrichment,18,staphylococcus_haemolyticus,Staphylococcus haemolyticus,25,Piperacillin,0,0,0,,,
4,implicit_species_hypernetwork_no_enrichment,18,staphylococcus_haemolyticus,Staphylococcus haemolyticus,26,Piperacillin-Tazobactam,0,0,0,,,
4,implicit_species_hypernetwork_no_enrichment,18,staphylococcus_haemolyticus,Staphylococcus haemolyticus,27,Rifampicin,398,350,48,0.7058035714285714,0.5493750000000001,-0.15642857142857136
4,implicit_species_hypernetwork_no_enrichment,18,staphylococcus_haemolyticus,Staphylococcus haemolyticus,28,Teicoplanin,0,0,0,,,
4,implicit_species_hypernetwork_no_enrichment,18,staphylococcus_haemolyticus,Staphylococcus haemolyticus,29,Tetracycline,401,182,219,0.512431632294646,0.6951176677204075,0.18268603542576156
4,implicit_species_hypernetwork_no_enrichment,18,staphylococcus_haemolyticus,Staphylococcus haemolyticus,30,Tigecycline,402,400,2,0.20062499999999997,0.174375,-0.026249999999999968
4,implicit_species_hypernetwork_no_enrichment,18,staphylococcus_haemolyticus,Staphylococcus haemolyticus,31,Tobramycin,0,0,0,,,
4,implicit_species_hypernetwork_no_enrichment,18,staphylococcus_haemolyticus,Staphylococcus haemolyticus,32,Vancomycin,402,402,0,,,
4,implicit_species_hypernetwork_no_enrichment,19,staphylococcus_hominis,Staphylococcus hominis,0,Amikacin,0,0,0,,,
4,implicit_species_hypernetwork_no_enrichment,19,staphylococcus_hominis,Staphylococcus hominis,1,Ampicillin,0,0,0,,,
4,implicit_species_hypernetwork_no_enrichment,19,staphylococcus_hominis,Staphylococcus hominis,2,Azithromycin,0,0,0,,,
4,implicit_species_hypernetwork_no_enrichment,19,staphylococcus_hominis,Staphylococcus hominis,3,Caspofungin,0,0,0,,,
4,implicit_species_hypernetwork_no_enrichment,19,staphylococcus_hominis,Staphylococcus hominis,4,Cefepime,0,0,0,,,
4,implicit_species_hypernetwork_no_enrichment,19,staphylococcus_hominis,Staphylococcus hominis,5,Ceftazidime,0,0,0,,,
4,implicit_species_hypernetwork_no_enrichment,19,staphylococcus_hominis,Staphylococcus hominis,6,Ceftazidime-Avibactam,0,0,0,,,
4,implicit_species_hypernetwork_no_enrichment,19,staphylococcus_hominis,Staphylococcus hominis,7,Ceftriaxone,0,0,0,,,
4,implicit_species_hypernetwork_no_enrichment,19,staphylococcus_hominis,Staphylococcus hominis,8,Ciprofloxacin,0,0,0,,,
4,implicit_species_hypernetwork_no_enrichment,19,staphylococcus_hominis,Staphylococcus hominis,9,Clarithromycin,0,0,0,,,
4,implicit_species_hypernetwork_no_enrichment,19,staphylococcus_hominis,Staphylococcus hominis,10,Clindamycin,503,313,190,0.4984698167143097,0.5235076509164285,0.025037834202118803
4,implicit_species_hypernetwork_no_enrichment,19,staphylococcus_hominis,Staphylococcus hominis,11,Cotrimoxazole,502,389,113,0.5023204495302228,0.5501399094569692,0.04781945992674641
4,implicit_species_hypernetwork_no_enrichment,19,staphylococcus_hominis,Staphylococcus hominis,12,Ertapenem,0,0,0,,,
4,implicit_species_hypernetwork_no_enrichment,19,staphylococcus_hominis,Staphylococcus hominis,13,Erythromycin,508,197,311,0.5255928966654153,0.5380629049896356,0.012470008324220294
4,implicit_species_hypernetwork_no_enrichment,19,staphylococcus_hominis,Staphylococcus hominis,14,Fosfomycin,501,17,484,0.47259358288770054,0.4848687408847837,0.012275157997083175
4,implicit_species_hypernetwork_no_enrichment,19,staphylococcus_hominis,Staphylococcus hominis,15,Fusidic acid,1,1,0,,,
4,implicit_species_hypernetwork_no_enrichment,19,staphylococcus_hominis,Staphylococcus hominis,16,Gentamicin,501,413,88,0.5646461589258199,0.5671912832929782,0.002545124367158258
4,implicit_species_hypernetwork_no_enrichment,19,staphylococcus_hominis,Staphylococcus hominis,17,Imipenem,0,0,0,,,
4,implicit_species_hypernetwork_no_enrichment,19,staphylococcus_hominis,Staphylococcus hominis,18,Levofloxacin,501,228,273,0.43858845832530047,0.577830794936058,0.13924233661075758
4,implicit_species_hypernetwork_no_enrichment,19,staphylococcus_hominis,Staphylococcus hominis,19,Linezolid,501,496,5,0.4375,0.603225806451613,0.16572580645161294
4,implicit_species_hypernetwork_no_enrichment,19,staphylococcus_hominis,Staphylococcus hominis,20,Meropenem,0,0,0,,,
4,implicit_species_hypernetwork_no_enrichment,19,staphylococcus_hominis,Staphylococcus hominis,21,Moxifloxacin,0,0,0,,,
4,implicit_species_hypernetwork_no_enrichment,19,staphylococcus_hominis,Staphylococcus hominis,22,Mupirocin,0,0,0,,,
4,implicit_species_hypernetwork_no_enrichment,19,staphylococcus_hominis,Staphylococcus hominis,23,Nitrofurantoin,0,0,0,,,
4,implicit_species_hypernetwork_no_enrichment,19,staphylococcus_hominis,Staphylococcus hominis,24,Oxacillin,507,260,247,0.5390688259109312,0.5932030520087199,0.05413422609778873
4,implicit_species_hypernetwork_no_enrichment,19,staphylococcus_hominis,Staphylococcus hominis,25,Piperacillin,0,0,0,,,
4,implicit_species_hypernetwork_no_enrichment,19,staphylococcus_hominis,Staphylococcus hominis,26,Piperacillin-Tazobactam,0,0,0,,,
4,implicit_species_hypernetwork_no_enrichment,19,staphylococcus_hominis,Staphylococcus hominis,27,Rifampicin,501,491,10,0.39195519348268837,0.569959266802444,0.17800407331975565
4,implicit_species_hypernetwork_no_enrichment,19,staphylococcus_hominis,Staphylococcus hominis,28,Teicoplanin,0,0,0,,,
4,implicit_species_hypernetwork_no_enrichment,19,staphylococcus_hominis,Staphylococcus hominis,29,Tetracycline,501,314,187,0.5402176504649342,0.5065652781089274,-0.03365237235600682
4,implicit_species_hypernetwork_no_enrichment,19,staphylococcus_hominis,Staphylococcus hominis,30,Tigecycline,500,500,0,,,
4,implicit_species_hypernetwork_no_enrichment,19,staphylococcus_hominis,Staphylococcus hominis,31,Tobramycin,0,0,0,,,
4,implicit_species_hypernetwork_no_enrichment,19,staphylococcus_hominis,Staphylococcus hominis,32,Vancomycin,503,503,0,,,
4,implicit_species_hypernetwork_no_enrichment,20,staphylococcus_lugdunensis,Staphylococcus lugdunensis,0,Amikacin,0,0,0,,,
4,implicit_species_hypernetwork_no_enrichment,20,staphylococcus_lugdunensis,Staphylococcus lugdunensis,1,Ampicillin,0,0,0,,,
4,implicit_species_hypernetwork_no_enrichment,20,staphylococcus_lugdunensis,Staphylococcus lugdunensis,2,Azithromycin,0,0,0,,,
4,implicit_species_hypernetwork_no_enrichment,20,staphylococcus_lugdunensis,Staphylococcus lugdunensis,3,Caspofungin,0,0,0,,,
4,implicit_species_hypernetwork_no_enrichment,20,staphylococcus_lugdunensis,Staphylococcus lugdunensis,4,Cefepime,0,0,0,,,
4,implicit_species_hypernetwork_no_enrichment,20,staphylococcus_lugdunensis,Staphylococcus lugdunensis,5,Ceftazidime,0,0,0,,,
4,implicit_species_hypernetwork_no_enrichment,20,staphylococcus_lugdunensis,Staphylococcus lugdunensis,6,Ceftazidime-Avibactam,0,0,0,,,
4,implicit_species_hypernetwork_no_enrichment,20,staphylococcus_lugdunensis,Staphylococcus lugdunensis,7,Ceftriaxone,0,0,0,,,
4,implicit_species_hypernetwork_no_enrichment,20,staphylococcus_lugdunensis,Staphylococcus lugdunensis,8,Ciprofloxacin,0,0,0,,,
4,implicit_species_hypernetwork_no_enrichment,20,staphylococcus_lugdunensis,Staphylococcus lugdunensis,9,Clarithromycin,0,0,0,,,
4,implicit_species_hypernetwork_no_enrichment,20,staphylococcus_lugdunensis,Staphylococcus lugdunensis,10,Clindamycin,257,225,32,0.5245833333333333,0.5555555555555556,0.03097222222222229
4,implicit_species_hypernetwork_no_enrichment,20,staphylococcus_lugdunensis,Staphylococcus lugdunensis,11,Cotrimoxazole,257,255,2,0.7686274509803922,0.7764705882352941,0.007843137254901933
4,implicit_species_hypernetwork_no_enrichment,20,staphylococcus_lugdunensis,Staphylococcus lugdunensis,12,Ertapenem,0,0,0,,,
4,implicit_species_hypernetwork_no_enrichment,20,staphylococcus_lugdunensis,Staphylococcus lugdunensis,13,Erythromycin,258,227,31,0.5147079721472217,0.5611766377717777,0.04646866562455598
4,implicit_species_hypernetwork_no_enrichment,20,staphylococcus_lugdunensis,Staphylococcus lugdunensis,14,Fosfomycin,257,221,36,0.5660507792860734,0.5025138260432378,-0.06353695324283559
4,implicit_species_hypernetwork_no_enrichment,20,staphylococcus_lugdunensis,Staphylococcus lugdunensis,15,Fusidic acid,0,0,0,,,
4,implicit_species_hypernetwork_no_enrichment,20,staphylococcus_lugdunensis,Staphylococcus lugdunensis,16,Gentamicin,257,255,2,0.6058823529411764,0.45294117647058824,-0.1529411764705882
4,implicit_species_hypernetwork_no_enrichment,20,staphylococcus_lugdunensis,Staphylococcus lugdunensis,17,Imipenem,0,0,0,,,
4,implicit_species_hypernetwork_no_enrichment,20,staphylococcus_lugdunensis,Staphylococcus lugdunensis,18,Levofloxacin,257,142,115,0.5575627679118187,0.7159216166564604,0.15835884874464168
4,implicit_species_hypernetwork_no_enrichment,20,staphylococcus_lugdunensis,Staphylococcus lugdunensis,19,Linezolid,257,257,0,,,
4,implicit_species_hypernetwork_no_enrichment,20,staphylococcus_lugdunensis,Staphylococcus lugdunensis,20,Meropenem,0,0,0,,,
4,implicit_species_hypernetwork_no_enrichment,20,staphylococcus_lugdunensis,Staphylococcus lugdunensis,21,Moxifloxacin,0,0,0,,,
4,implicit_species_hypernetwork_no_enrichment,20,staphylococcus_lugdunensis,Staphylococcus lugdunensis,22,Mupirocin,0,0,0,,,
4,implicit_species_hypernetwork_no_enrichment,20,staphylococcus_lugdunensis,Staphylococcus lugdunensis,23,Nitrofurantoin,0,0,0,,,
4,implicit_species_hypernetwork_no_enrichment,20,staphylococcus_lugdunensis,Staphylococcus lugdunensis,24,Oxacillin,255,238,17,0.5594414236282749,0.5260751359367276,-0.03336628769154726
4,implicit_species_hypernetwork_no_enrichment,20,staphylococcus_lugdunensis,Staphylococcus lugdunensis,25,Piperacillin,0,0,0,,,
4,implicit_species_hypernetwork_no_enrichment,20,staphylococcus_lugdunensis,Staphylococcus lugdunensis,26,Piperacillin-Tazobactam,0,0,0,,,
4,implicit_species_hypernetwork_no_enrichment,20,staphylococcus_lugdunensis,Staphylococcus lugdunensis,27,Rifampicin,255,255,0,,,
4,implicit_species_hypernetwork_no_enrichment,20,staphylococcus_lugdunensis,Staphylococcus lugdunensis,28,Teicoplanin,0,0,0,,,
4,implicit_species_hypernetwork_no_enrichment,20,staphylococcus_lugdunensis,Staphylococcus lugdunensis,29,Tetracycline,257,241,16,0.6629927385892116,0.5845435684647303,-0.07844917012448127
4,implicit_species_hypernetwork_no_enrichment,20,staphylococcus_lugdunensis,Staphylococcus lugdunensis,30,Tigecycline,256,256,0,,,
4,implicit_species_hypernetwork_no_enrichment,20,staphylococcus_lugdunensis,Staphylococcus lugdunensis,31,Tobramycin,0,0,0,,,
4,implicit_species_hypernetwork_no_enrichment,20,staphylococcus_lugdunensis,Staphylococcus lugdunensis,32,Vancomycin,256,256,0,,,
4,implicit_species_hypernetwork_no_enrichment,21,stenotrophomonas_maltophilia,Stenotrophomonas maltophilia,0,Amikacin,0,0,0,,,
4,implicit_species_hypernetwork_no_enrichment,21,stenotrophomonas_maltophilia,Stenotrophomonas maltophilia,1,Ampicillin,0,0,0,,,
4,implicit_species_hypernetwork_no_enrichment,21,stenotrophomonas_maltophilia,Stenotrophomonas maltophilia,2,Azithromycin,0,0,0,,,
4,implicit_species_hypernetwork_no_enrichment,21,stenotrophomonas_maltophilia,Stenotrophomonas maltophilia,3,Caspofungin,0,0,0,,,
4,implicit_species_hypernetwork_no_enrichment,21,stenotrophomonas_maltophilia,Stenotrophomonas maltophilia,4,Cefepime,0,0,0,,,
4,implicit_species_hypernetwork_no_enrichment,21,stenotrophomonas_maltophilia,Stenotrophomonas maltophilia,5,Ceftazidime,5,1,4,0.875,0.5,-0.375
4,implicit_species_hypernetwork_no_enrichment,21,stenotrophomonas_maltophilia,Stenotrophomonas maltophilia,6,Ceftazidime-Avibactam,1,1,0,,,
4,implicit_species_hypernetwork_no_enrichment,21,stenotrophomonas_maltophilia,Stenotrophomonas maltophilia,7,Ceftriaxone,0,0,0,,,
4,implicit_species_hypernetwork_no_enrichment,21,stenotrophomonas_maltophilia,Stenotrophomonas maltophilia,8,Ciprofloxacin,0,0,0,,,
4,implicit_species_hypernetwork_no_enrichment,21,stenotrophomonas_maltophilia,Stenotrophomonas maltophilia,9,Clarithromycin,0,0,0,,,
4,implicit_species_hypernetwork_no_enrichment,21,stenotrophomonas_maltophilia,Stenotrophomonas maltophilia,10,Clindamycin,0,0,0,,,
4,implicit_species_hypernetwork_no_enrichment,21,stenotrophomonas_maltophilia,Stenotrophomonas maltophilia,11,Cotrimoxazole,436,0,436,,,
4,implicit_species_hypernetwork_no_enrichment,21,stenotrophomonas_maltophilia,Stenotrophomonas maltophilia,12,Ertapenem,0,0,0,,,
4,implicit_species_hypernetwork_no_enrichment,21,stenotrophomonas_maltophilia,Stenotrophomonas maltophilia,13,Erythromycin,0,0,0,,,
4,implicit_species_hypernetwork_no_enrichment,21,stenotrophomonas_maltophilia,Stenotrophomonas maltophilia,14,Fosfomycin,0,0,0,,,
4,implicit_species_hypernetwork_no_enrichment,21,stenotrophomonas_maltophilia,Stenotrophomonas maltophilia,15,Fusidic acid,0,0,0,,,
4,implicit_species_hypernetwork_no_enrichment,21,stenotrophomonas_maltophilia,Stenotrophomonas maltophilia,16,Gentamicin,0,0,0,,,
4,implicit_species_hypernetwork_no_enrichment,21,stenotrophomonas_maltophilia,Stenotrophomonas maltophilia,17,Imipenem,0,0,0,,,
4,implicit_species_hypernetwork_no_enrichment,21,stenotrophomonas_maltophilia,Stenotrophomonas maltophilia,18,Levofloxacin,6,0,6,,,
4,implicit_species_hypernetwork_no_enrichment,21,stenotrophomonas_maltophilia,Stenotrophomonas maltophilia,19,Linezolid,0,0,0,,,
4,implicit_species_hypernetwork_no_enrichment,21,stenotrophomonas_maltophilia,Stenotrophomonas maltophilia,20,Meropenem,0,0,0,,,
4,implicit_species_hypernetwork_no_enrichment,21,stenotrophomonas_maltophilia,Stenotrophomonas maltophilia,21,Moxifloxacin,2,0,2,,,
4,implicit_species_hypernetwork_no_enrichment,21,stenotrophomonas_maltophilia,Stenotrophomonas maltophilia,22,Mupirocin,0,0,0,,,
4,implicit_species_hypernetwork_no_enrichment,21,stenotrophomonas_maltophilia,Stenotrophomonas maltophilia,23,Nitrofurantoin,0,0,0,,,
4,implicit_species_hypernetwork_no_enrichment,21,stenotrophomonas_maltophilia,Stenotrophomonas maltophilia,24,Oxacillin,0,0,0,,,
4,implicit_species_hypernetwork_no_enrichment,21,stenotrophomonas_maltophilia,Stenotrophomonas maltophilia,25,Piperacillin,0,0,0,,,
4,implicit_species_hypernetwork_no_enrichment,21,stenotrophomonas_maltophilia,Stenotrophomonas maltophilia,26,Piperacillin-Tazobactam,0,0,0,,,
4,implicit_species_hypernetwork_no_enrichment,21,stenotrophomonas_maltophilia,Stenotrophomonas maltophilia,27,Rifampicin,2,0,2,,,
4,implicit_species_hypernetwork_no_enrichment,21,stenotrophomonas_maltophilia,Stenotrophomonas maltophilia,28,Teicoplanin,0,0,0,,,
4,implicit_species_hypernetwork_no_enrichment,21,stenotrophomonas_maltophilia,Stenotrophomonas maltophilia,29,Tetracycline,0,0,0,,,
4,implicit_species_hypernetwork_no_enrichment,21,stenotrophomonas_maltophilia,Stenotrophomonas maltophilia,30,Tigecycline,2,0,2,,,
4,implicit_species_hypernetwork_no_enrichment,21,stenotrophomonas_maltophilia,Stenotrophomonas maltophilia,31,Tobramycin,0,0,0,,,
4,implicit_species_hypernetwork_no_enrichment,21,stenotrophomonas_maltophilia,Stenotrophomonas maltophilia,32,Vancomycin,0,0,0,,,
4,implicit_species_hypernetwork_no_enrichment,22,streptococcus_pneumoniae,Streptococcus pneumoniae,0,Amikacin,0,0,0,,,
4,implicit_species_hypernetwork_no_enrichment,22,streptococcus_pneumoniae,Streptococcus pneumoniae,1,Ampicillin,57,57,0,,,
4,implicit_species_hypernetwork_no_enrichment,22,streptococcus_pneumoniae,Streptococcus pneumoniae,2,Azithromycin,61,57,4,0.3925438596491228,0.3618421052631579,-0.030701754385964897
4,implicit_species_hypernetwork_no_enrichment,22,streptococcus_pneumoniae,Streptococcus pneumoniae,3,Caspofungin,0,0,0,,,
4,implicit_species_hypernetwork_no_enrichment,22,streptococcus_pneumoniae,Streptococcus pneumoniae,4,Cefepime,0,0,0,,,
4,implicit_species_hypernetwork_no_enrichment,22,streptococcus_pneumoniae,Streptococcus pneumoniae,5,Ceftazidime,0,0,0,,,
4,implicit_species_hypernetwork_no_enrichment,22,streptococcus_pneumoniae,Streptococcus pneumoniae,6,Ceftazidime-Avibactam,0,0,0,,,
4,implicit_species_hypernetwork_no_enrichment,22,streptococcus_pneumoniae,Streptococcus pneumoniae,7,Ceftriaxone,4,4,0,,,
4,implicit_species_hypernetwork_no_enrichment,22,streptococcus_pneumoniae,Streptococcus pneumoniae,8,Ciprofloxacin,0,0,0,,,
4,implicit_species_hypernetwork_no_enrichment,22,streptococcus_pneumoniae,Streptococcus pneumoniae,9,Clarithromycin,61,57,4,0.3881578947368421,0.3618421052631579,-0.02631578947368418
4,implicit_species_hypernetwork_no_enrichment,22,streptococcus_pneumoniae,Streptococcus pneumoniae,10,Clindamycin,62,59,3,0.5225988700564972,0.49435028248587565,-0.02824858757062154
4,implicit_species_hypernetwork_no_enrichment,22,streptococcus_pneumoniae,Streptococcus pneumoniae,11,Cotrimoxazole,60,57,3,0.32748538011695905,0.5672514619883041,0.23976608187134507
4,implicit_species_hypernetwork_no_enrichment,22,streptococcus_pneumoniae,Streptococcus pneumoniae,12,Ertapenem,0,0,0,,,
4,implicit_species_hypernetwork_no_enrichment,22,streptococcus_pneumoniae,Streptococcus pneumoniae,13,Erythromycin,61,57,4,0.39254385964912286,0.3574561403508772,-0.03508771929824567
4,implicit_species_hypernetwork_no_enrichment,22,streptococcus_pneumoniae,Streptococcus pneumoniae,14,Fosfomycin,0,0,0,,,
4,implicit_species_hypernetwork_no_enrichment,22,streptococcus_pneumoniae,Streptococcus pneumoniae,15,Fusidic acid,0,0,0,,,
4,implicit_species_hypernetwork_no_enrichment,22,streptococcus_pneumoniae,Streptococcus pneumoniae,16,Gentamicin,0,0,0,,,
4,implicit_species_hypernetwork_no_enrichment,22,streptococcus_pneumoniae,Streptococcus pneumoniae,17,Imipenem,0,0,0,,,
4,implicit_species_hypernetwork_no_enrichment,22,streptococcus_pneumoniae,Streptococcus pneumoniae,18,Levofloxacin,1,0,1,,,
4,implicit_species_hypernetwork_no_enrichment,22,streptococcus_pneumoniae,Streptococcus pneumoniae,19,Linezolid,61,61,0,,,
4,implicit_species_hypernetwork_no_enrichment,22,streptococcus_pneumoniae,Streptococcus pneumoniae,20,Meropenem,0,0,0,,,
4,implicit_species_hypernetwork_no_enrichment,22,streptococcus_pneumoniae,Streptococcus pneumoniae,21,Moxifloxacin,62,60,2,0.2,0.2416666666666667,0.041666666666666685
4,implicit_species_hypernetwork_no_enrichment,22,streptococcus_pneumoniae,Streptococcus pneumoniae,22,Mupirocin,0,0,0,,,
4,implicit_species_hypernetwork_no_enrichment,22,streptococcus_pneumoniae,Streptococcus pneumoniae,23,Nitrofurantoin,0,0,0,,,
4,implicit_species_hypernetwork_no_enrichment,22,streptococcus_pneumoniae,Streptococcus pneumoniae,24,Oxacillin,0,0,0,,,
4,implicit_species_hypernetwork_no_enrichment,22,streptococcus_pneumoniae,Streptococcus pneumoniae,25,Piperacillin,0,0,0,,,
4,implicit_species_hypernetwork_no_enrichment,22,streptococcus_pneumoniae,Streptococcus pneumoniae,26,Piperacillin-Tazobactam,0,0,0,,,
4,implicit_species_hypernetwork_no_enrichment,22,streptococcus_pneumoniae,Streptococcus pneumoniae,27,Rifampicin,0,0,0,,,
4,implicit_species_hypernetwork_no_enrichment,22,streptococcus_pneumoniae,Streptococcus pneumoniae,28,Teicoplanin,0,0,0,,,
4,implicit_species_hypernetwork_no_enrichment,22,streptococcus_pneumoniae,Streptococcus pneumoniae,29,Tetracycline,1,0,1,,,
4,implicit_species_hypernetwork_no_enrichment,22,streptococcus_pneumoniae,Streptococcus pneumoniae,30,Tigecycline,0,0,0,,,
4,implicit_species_hypernetwork_no_enrichment,22,streptococcus_pneumoniae,Streptococcus pneumoniae,31,Tobramycin,0,0,0,,,
4,implicit_species_hypernetwork_no_enrichment,22,streptococcus_pneumoniae,Streptococcus pneumoniae,32,Vancomycin,61,61,0,,,
