Amikacin,Amoxicillin-Clavulanic acid,Aztreonam,Cefepime,Cefixime,Cefotaxime,Cefpodoxime,Ceftazidime,Ceftriaxone,Cefuroxime,Chloramphenicol,Ciprofloxacin,Colistin,Cotrimoxazole,Ertapenem,Fosfomycin,Gentamicin,Levofloxacin,Meropenem,Nitrofurantoin,Norfloxacin,Piperacillin,Piperacillin-Tazobactam,Tigecycline,Tobramycin
0.0002545745,0.021822449,0.004396511,0.0027122097,0.00248065,0.003962869,0.12576976,0.001455119,0.0017514719,0.18095917,0.102844074,0.0017746286,0.00018496082,0.005293,0.00039697046,0.0058827386,0.0002162783,0.0007131769,0.00036653623,0.00020805362,0.0075884727,0.9999125,0.018113188,0.9981255,0.00012140602
0.0017442743,0.049233653,0.0153878955,0.010687403,0.010077664,0.0139919715,0.19008216,0.006340658,0.007616848,0.23245843,0.13245872,0.0077361492,0.0013984744,0.017229393,0.0023197655,0.018042553,0.0015802297,0.0038690346,0.0022750846,0.0014737176,0.023843568,0.9992398,0.04477362,0.9919938,0.0009939654
0.000416617,0.02693162,0.0062068813,0.0039994195,0.0036040035,0.0053982623,0.13920484,0.0021038984,0.0025828,0.19189636,0.109657325,0.0025880567,0.0003200724,0.0073029017,0.00062207936,0.007925642,0.0003584264,0.0010811083,0.0005858085,0.00034380946,0.010444397,0.9998486,0.0233333,0.99729913,0.0002050323
0.00070533593,0.033680268,0.008513701,0.0056613414,0.0052357386,0.007694734,0.1567218,0.0031767618,0.0038388188,0.2063539,0.11731342,0.003873924,0.0005425083,0.009991799,0.0010081913,0.010716786,0.00062012824,0.0017558784,0.0009688127,0.00058701093,0.014009172,0.9997253,0.029418254,0.9959449,0.0003707388
0.0018782163,0.050958548,0.016031383,0.011297407,0.010634084,0.014643035,0.19133244,0.0067511676,0.008014761,0.23364305,0.1328338,0.008138085,0.0015203325,0.018243095,0.0024799802,0.019036602,0.0017023537,0.004195419,0.002463587,0.0016066106,0.024859691,0.99917823,0.046621688,0.9914637,0.0010751407
0.0125915585,0.11387568,0.054569304,0.04158477,0.042002358,0.052399833,0.28664154,0.029582193,0.033736717,0.29714575,0.17663433,0.034267798,0.01089566,0.057489943,0.014776658,0.055657733,0.012332469,0.023255412,0.015247941,0.011158732,0.07402377,0.9928099,0.10609135,0.964355,0.008860984
0.006779826,0.08734769,0.038016908,0.028597869,0.027380576,0.03407883,0.24914818,0.018192038,0.02123444,0.2728441,0.16023214,0.021260653,0.006002048,0.040600933,0.008244312,0.040373877,0.0064605353,0.012886522,0.008389996,0.0060320524,0.053559516,0.9965064,0.083934076,0.97760254,0.0043319175
0.0014039531,0.044957913,0.013869699,0.009571954,0.00876841,0.01190532,0.17935829,0.0053243586,0.006495386,0.22412479,0.12871088,0.0064893025,0.0011627167,0.0155488225,0.0019053473,0.016335063,0.0012608081,0.003132457,0.0018519439,0.0012009209,0.021487191,0.99941313,0.041721154,0.9932185,0.00076299306
0.0016128118,0.047725253,0.014815916,0.0103817815,0.009637206,0.013146085,0.18583709,0.005972685,0.007216641,0.22866297,0.13124043,0.0072485134,0.0013187081,0.016729536,0.0021589869,0.017458575,0.0014587285,0.0035944053,0.0021315303,0.0013750985,0.023098812,0.9993075,0.043680757,0.9924349,0.00090483506
0.0040002665,0.070004925,0.026298406,0.019344807,0.018544372,0.024093395,0.22458182,0.012083269,0.014243459,0.25607225,0.1477182,0.014407096,0.0033728948,0.029057235,0.0050125713,0.029544087,0.0037371207,0.008206684,0.0050757104,0.0034842405,0.03881471,0.9980692,0.06572463,0.98491216,0.0024605913
0.0033013255,0.06433561,0.02318243,0.016796589,0.016112661,0.02132516,0.21702987,0.010438519,0.012327638,0.25077248,0.14407243,0.012513335,0.0027367624,0.025655884,0.0041985065,0.026251158,0.0030657188,0.006918676,0.0042221644,0.0028535123,0.034545608,0.99843925,0.059887707,0.98694336,0.0020095883
0.0010517015,0.039758243,0.011357318,0.0076641385,0.007040519,0.009961862,0.16951285,0.004284685,0.0051821955,0.21720414,0.12474574,0.0052216044,0.0008436421,0.012861017,0.0014580715,0.013646306,0.00093168346,0.0024466037,0.001413863,0.00089475635,0.017956993,0.9995732,0.035908252,0.9945229,0.000561566
0.000438687,0.027459623,0.006477164,0.0041250475,0.0037186267,0.0056161336,0.1401531,0.0021908663,0.0026664115,0.19372018,0.11100258,0.0026789005,0.00033883404,0.007541528,0.0006532743,0.0081968475,0.00037762334,0.0011289384,0.00061632565,0.00036638952,0.010707978,0.99984,0.023889514,0.99717665,0.00021603036
0.016222632,0.12602045,0.06708387,0.052517146,0.05136349,0.06014952,0.29630315,0.03589157,0.04101688,0.30364123,0.18511684,0.040567614,0.015062748,0.06872218,0.0188139,0.0665911,0.016174044,0.027959801,0.019350229,0.014769704,0.08864842,0.9905522,0.12225282,0.9570992,0.01141412
0.0023011083,0.05519206,0.0185082,0.013172235,0.012426617,0.01672047,0.20060834,0.007881153,0.009401166,0.23946537,0.13737728,0.0095155565,0.0018948609,0.020674966,0.0030059472,0.021455243,0.0021108296,0.004978883,0.0029879354,0.0019795254,0.028112533,0.99896455,0.051205877,0.9900892,0.0013443815
0.0038444775,0.068568505,0.02597748,0.019104011,0.018117324,0.023343017,0.22190432,0.011697362,0.013839542,0.25448483,0.1469752,0.013947734,0.0032802955,0.028556872,0.0048341467,0.029000659,0.0035842936,0.007819724,0.0048849075,0.0033551,0.038286187,0.9981629,0.0650247,0.9854096,0.0023376935
0.00078313274,0.03519612,0.00924606,0.0061607533,0.005651124,0.008206522,0.15873447,0.0034319337,0.004137786,0.20879355,0.11878487,0.004180995,0.0006162088,0.01072164,0.0011082133,0.011474301,0.0006886849,0.0019152481,0.0010702972,0.00065880234,0.014942067,0.99969256,0.031343803,0.99560463,0.00041084993
0.002185436,0.054277293,0.017629476,0.012541335,0.011909713,0.016105609,0.1973044,0.007560239,0.008918213,0.23865607,0.13578716,0.009087777,0.0017692072,0.019808663,0.002829665,0.020598048,0.0019724455,0.004752932,0.0028317538,0.0018791902,0.027159736,0.9990314,0.049634952,0.9904801,0.0012587593
0.0011584719,0.041391566,0.012206062,0.008364981,0.007647159,0.010417271,0.17103104,0.0045806016,0.0055830358,0.21863739,0.124758355,0.005565928,0.0009460715,0.01379393,0.0015825734,0.01458769,0.001021673,0.0026271634,0.0015367805,0.00098827,0.019237496,0.9995316,0.038113628,0.99416935,0.0006129147
0.0027403308,0.059992786,0.020225264,0.014433838,0.013880373,0.01900327,0.20878956,0.009088601,0.010644538,0.24630475,0.1398187,0.0108608585,0.0022127663,0.02271303,0.0035254364,0.023357568,0.0025214087,0.005936174,0.0035356847,0.0023526072,0.03067469,0.998733,0.054501764,0.98860043,0.0016492208
0.0038304636,0.06886474,0.025443561,0.018537192,0.01784791,0.023615653,0.22343084,0.011752755,0.013754896,0.25585845,0.1468537,0.013947636,0.00318428,0.0281142,0.004824069,0.028537625,0.0035751467,0.007921421,0.004882988,0.0033315162,0.03760778,0.99815565,0.063714236,0.9853892,0.0023674748
9.807041e-05,0.0145295905,0.0024085292,0.0013899892,0.0012510051,0.0021101036,0.10235109,0.0006955734,0.00084809284,0.15803505,0.09002225,0.0008512378,6.8527086e-05,0.002957893,0.00016614377,0.0033871632,8.049119e-05,0.00030571275,0.00014706937,7.8156714e-05,0.0043427097,0.9999701,0.011614604,0.99909747,4.24459e-05
0.0005223645,0.029608851,0.007206563,0.0046704775,0.0042267097,0.0062722797,0.14553855,0.002503756,0.00305074,0.19782136,0.11305076,0.0030743056,0.00040759082,0.00838611,0.000765565,0.009082466,0.00045437284,0.0013276675,0.0007264349,0.00043607908,0.01183321,0.99980503,0.026093867,0.99677473,0.00026263416
0.0027924757,0.06011792,0.02073391,0.014879131,0.01421462,0.019151011,0.20982209,0.009176336,0.010873693,0.24593729,0.1408469,0.0110549955,0.0022868032,0.023087893,0.0035919568,0.023782885,0.0025768871,0.005977627,0.0035909791,0.0024019594,0.03126605,0.998706,0.05542143,0.9884956,0.0016736144
0.0027469648,0.059933,0.020517072,0.014697355,0.013989938,0.018935636,0.20830485,0.00905894,0.010709423,0.24548082,0.14045414,0.010882539,0.0022507163,0.02290898,0.003530814,0.02357384,0.0025284148,0.0058864653,0.0035398365,0.0023692697,0.030989995,0.9987325,0.055078454,0.9886086,0.0016382431
0.001415254,0.045251723,0.013405897,0.009272945,0.008655597,0.012162412,0.18042852,0.0054251184,0.0064729345,0.22552927,0.1282109,0.006562493,0.0011332096,0.015359723,0.0019110062,0.016130336,0.0012696867,0.0032533773,0.001880235,0.0012036797,0.021076353,0.99940145,0.04093531,0.9931057,0.0007883774
0.0030424122,0.062496252,0.021884605,0.015760778,0.015075574,0.020273363,0.21301432,0.009819749,0.011552365,0.24851511,0.14217618,0.0117510725,0.00250119,0.024390548,0.003884934,0.024995137,0.002809703,0.006478208,0.0039048567,0.0026285506,0.03282412,0.9985763,0.05763558,0.9876823,0.0018361929
1.43878815e-05,0.006336141,0.00067686103,0.00033360746,0.00030430616,0.00061741774,0.06687993,0.00016355824,0.00019107971,0.11993924,0.06618012,0.00019295636,8.718398e-06,0.00088604883,2.8721492e-05,0.0010838179,1.1141567e-05,5.847499e-05,2.3686709e-05,1.1083988e-05,0.0013170996,0.99999654,0.0044970047,0.9997861,5.3127924e-06
0.012543959,0.112646766,0.058155507,0.04473384,0.043127485,0.050702024,0.28124392,0.029531123,0.03381542,0.294414,0.17707168,0.033395734,0.0116932355,0.059147876,0.014872079,0.058145773,0.012400984,0.021933295,0.015044925,0.011419431,0.07748382,0.9930056,0.11066266,0.9645447,0.008563932
0.0027686052,0.059743408,0.02133184,0.015418751,0.014382263,0.018618852,0.20639683,0.00902563,0.010837156,0.24367502,0.14033194,0.010814596,0.0023604017,0.02359323,0.0035667124,0.024257349,0.002544242,0.0057616774,0.0035540438,0.0024070286,0.03200482,0.9987406,0.05678004,0.9886419,0.001608873
0.0009009718,0.03730496,0.009998885,0.0067201783,0.006229048,0.009040578,0.16389921,0.003837991,0.0045932466,0.21308514,0.1206308,0.0046618246,0.0007051932,0.011618271,0.0012613283,0.012411231,0.0007971286,0.0021862835,0.0012233334,0.00075754983,0.016118513,0.99963963,0.033223286,0.99510807,0.00048204907
0.001385288,0.044848476,0.013332484,0.009193329,0.00854215,0.011968894,0.17940967,0.0053125755,0.0063737067,0.22480188,0.12810545,0.0064620967,0.001115893,0.015165436,0.0018720707,0.015962485,0.0012411576,0.003174612,0.0018343515,0.0011780878,0.020884056,0.9994165,0.04078553,0.99322504,0.00076466723
0.0046874383,0.07485589,0.029873796,0.02212381,0.02096475,0.026546618,0.23133074,0.013606205,0.016101537,0.26099518,0.15177873,0.01620098,0.004070304,0.032176595,0.0058062524,0.032438755,0.0044096042,0.009253965,0.005881074,0.004118993,0.043261956,0.9977017,0.071391046,0.98306656,0.0028934758
0.0001740738,0.018570475,0.0035107876,0.0021175677,0.0019056685,0.0030644557,0.11581493,0.0010774359,0.0013204217,0.17113596,0.09786545,0.0013253757,0.00012666985,0.004225773,0.00028079987,0.004738806,0.00014563923,0.0005019677,0.00025439277,0.00014055864,0.006182525,0.999943,0.015305464,0.99860364,7.918296e-05
0.0004244923,0.027185777,0.0060597244,0.0038508193,0.003571617,0.005570028,0.14096123,0.0021667897,0.002585612,0.19426478,0.109578654,0.0026308894,0.00031310855,0.00722686,0.0006337059,0.007907105,0.00036676505,0.0011337525,0.0005964351,0.00034849078,0.010203842,0.9998443,0.022944896,0.99723154,0.00021477323
0.0010939577,0.04070407,0.011216418,0.007586796,0.0071143718,0.010357834,0.1717601,0.0044833845,0.0053085783,0.21924552,0.12372768,0.005404638,0.00085128687,0.012983818,0.0015089788,0.013759134,0.00097620895,0.0026242263,0.0014764329,0.00092366454,0.017883277,0.999549,0.035909493,0.9943017,0.0006040164
0.0005460763,0.030055698,0.007261595,0.004741704,0.0043429616,0.0064506843,0.14684679,0.0025959564,0.003139966,0.19907142,0.1128288,0.0031720297,0.00041937255,0.008566743,0.00079380436,0.009297324,0.0004736802,0.0013920214,0.0007591159,0.00045328744,0.012028764,0.9997954,0.026416603,0.9966685,0.0002776487
0.003981748,0.0696479,0.026634341,0.019584436,0.018587839,0.023910636,0.22355424,0.012028838,0.014196363,0.255613,0.1479625,0.014280337,0.0034059014,0.029220898,0.005003486,0.02963677,0.0037129847,0.008051561,0.0050530224,0.0034890564,0.03908549,0.99808735,0.066064484,0.985008,0.0024237484
0.0022100275,0.05450114,0.017845228,0.012710711,0.012018804,0.01624857,0.19832212,0.0076206876,0.009081895,0.23821722,0.13601968,0.009207043,0.0018022713,0.02018176,0.0028787996,0.020900935,0.002010256,0.0048244577,0.002869986,0.0018916965,0.027440187,0.99901295,0.05026697,0.9903713,0.0012799052
0.006283423,0.084654965,0.035742193,0.026754715,0.025804648,0.032517046,0.24691595,0.017105475,0.020083478,0.2709828,0.15863553,0.02023942,0.0054566055,0.038244963,0.007653867,0.038292646,0.0059843734,0.012160727,0.007794121,0.005549404,0.05068511,0.9967757,0.08055633,0.9788752,0.004026721
0.00552488,0.08061138,0.032022633,0.02364433,0.023135796,0.030292328,0.24148835,0.015606801,0.018125072,0.26819783,0.15475284,0.018475888,0.0046187616,0.034924366,0.006784381,0.03503763,0.0052226144,0.011085154,0.0069005014,0.0048214756,0.046264466,0.99720037,0.074731655,0.98071986,0.0035441115
0.00025895247,0.021968028,0.004502306,0.0028033706,0.002536228,0.0039361995,0.124615304,0.0014557109,0.0017699508,0.18037641,0.10234626,0.0017849538,0.00019137218,0.00537949,0.0003979721,0.005979429,0.00021677975,0.0007134454,0.00037011676,0.0002122825,0.0077524404,0.999912,0.01856119,0.9981201,0.00012078571
0.0027553325,0.059903465,0.020660894,0.014809495,0.01407335,0.018931357,0.20836626,0.00906013,0.010737294,0.2453346,0.14053722,0.010902358,0.0022720874,0.02299565,0.0035423152,0.023688072,0.002536246,0.0058872188,0.0035420002,0.002376554,0.031103197,0.99872905,0.05540024,0.988598,0.0016383873
0.0029630263,0.06162064,0.021978984,0.015992464,0.015019496,0.01956581,0.20946743,0.00956234,0.011366632,0.2460627,0.14147672,0.011419399,0.0025085623,0.024492145,0.0037891564,0.025023984,0.0027287456,0.006183146,0.0038083221,0.002576804,0.033012066,0.998635,0.058072437,0.98801196,0.001748409
0.0060814843,0.083597355,0.034275647,0.025475055,0.024942044,0.0321673,0.24614793,0.01678494,0.019500855,0.2707073,0.15700847,0.01980945,0.0051501985,0.037201017,0.007429779,0.037227634,0.005776641,0.012043136,0.00757075,0.005330569,0.049037945,0.99687874,0.07830002,0.9792916,0.0039340355
0.0053704437,0.07964238,0.031272847,0.023012541,0.02261652,0.029780593,0.24059002,0.015294336,0.017689457,0.26776528,0.15385821,0.018087188,0.0044571897,0.034169145,0.006604347,0.034302287,0.005067306,0.010861539,0.0067166653,0.0046765436,0.045271564,0.99728525,0.07343582,0.9810859,0.0034557593
0.00082487264,0.03578976,0.009526714,0.0063432506,0.0058694324,0.00851741,0.16173922,0.0035758298,0.004311952,0.21058092,0.11994259,0.0043701474,0.000644448,0.01099546,0.0011678104,0.011800364,0.0007307415,0.0020086602,0.0011242229,0.0006916236,0.015312802,0.99967265,0.03189594,0.99544084,0.00043910727
0.0031744703,0.06343515,0.022880029,0.016575687,0.0156795,0.020707699,0.21387526,0.010108774,0.011957925,0.24917059,0.14347926,0.012108944,0.0026669644,0.025231024,0.0040463973,0.025843684,0.002937815,0.006631252,0.004063801,0.002763858,0.033995453,0.99851257,0.059464347,0.9873231,0.0019014243
0.001636438,0.048130345,0.014717782,0.010217259,0.009588128,0.0134328855,0.186685,0.006065454,0.007217697,0.23031028,0.13094607,0.0073445574,0.0013117241,0.016673716,0.0021827454,0.017436579,0.0014746638,0.0037033467,0.0021514753,0.0013937411,0.022881491,0.99929297,0.043615792,0.9922976,0.00092704094
0.0017656763,0.049810607,0.015282138,0.010625348,0.010077454,0.0142078325,0.19032495,0.0064654495,0.0076239156,0.2330822,0.13199008,0.00778343,0.0014013269,0.017368786,0.002345431,0.018132072,0.0015964076,0.0040013916,0.0023212503,0.0015034962,0.02375,0.99922764,0.044751562,0.99181575,0.0010175214
0.016704932,0.12722147,0.06698765,0.052262593,0.051976077,0.062047444,0.3001756,0.036583398,0.041846883,0.3057542,0.18621655,0.041922737,0.015141134,0.06904458,0.019251933,0.06652289,0.01658603,0.029166657,0.019976389,0.015054813,0.08857924,0.9901343,0.12186906,0.9562604,0.011918217
9.92779e-05,0.014564104,0.0024348754,0.0014154696,0.0012672589,0.002109993,0.10146972,0.0006989314,0.0008493205,0.15788361,0.08982286,0.00085429923,6.995811e-05,0.0029746888,0.00016607328,0.0034034534,8.0629856e-05,0.00030608661,0.0001487162,8.000541e-05,0.0043822327,0.99996996,0.01173148,0.99909043,4.2426145e-05
0.0015178786,0.04654889,0.014024097,0.009765917,0.009126283,0.012719874,0.18306315,0.005734701,0.006831654,0.22737522,0.12934199,0.006917232,0.0012212797,0.016059611,0.0020405399,0.01683529,0.001367034,0.0034643319,0.0020154275,0.0012951122,0.021973317,0.999353,0.042273965,0.99273527,0.0008522962
0.0019746695,0.05205261,0.016750773,0.011766599,0.011048204,0.015143617,0.19404583,0.0069831163,0.008349368,0.23561542,0.13456343,0.008466665,0.0016095134,0.018741615,0.0025967045,0.019487102,0.0017936297,0.0043296926,0.0025685693,0.0016874284,0.025735773,0.99912864,0.047702406,0.99115926,0.001132178
0.0003112505,0.023764083,0.0051433914,0.003193066,0.0028969115,0.0044947146,0.13077664,0.0016827679,0.0020525889,0.18543337,0.10592538,0.0020593668,0.00023402713,0.0060711307,0.000478225,0.00670782,0.00026594056,0.00083962065,0.00044433336,0.00025678184,0.008666632,0.99989057,0.020265965,0.9978175,0.00014973515
0.0012022823,0.042096764,0.012085108,0.008303994,0.0077275676,0.010835797,0.17343801,0.0047583333,0.005680868,0.22098404,0.1254633,0.0057706847,0.0009547194,0.013810807,0.0016315272,0.014643097,0.001061571,0.002782348,0.0015990919,0.0010214425,0.01918556,0.99950683,0.03796298,0.99396026,0.00065074954
0.0027789408,0.060002536,0.021233661,0.015308826,0.014338857,0.01878524,0.20736453,0.009062811,0.01085497,0.24444762,0.14095314,0.010893286,0.0023496377,0.023489878,0.003573206,0.024127735,0.0025539608,0.0058119143,0.0035647762,0.0024100214,0.031845205,0.99872833,0.056504924,0.9885766,0.0016249378
0.0011956266,0.042086303,0.012218361,0.008361304,0.0077166134,0.010829298,0.17393556,0.0047335373,0.005721557,0.220435,0.1259537,0.0057832506,0.0009655801,0.013886012,0.0016374922,0.014700579,0.0010691239,0.0027712372,0.0015952148,0.0010140216,0.019240431,0.9995055,0.038266286,0.9939498,0.00065017026
9.689571e-05,0.014377342,0.0023769825,0.0013728857,0.0012343352,0.0020897563,0.10099799,0.0006919789,0.000837143,0.15728651,0.08889799,0.0008420387,6.7805224e-05,0.00294621,0.00016327013,0.0033765368,7.941579e-05,0.0003042882,0.00014639331,7.7410215e-05,0.004275682,0.99997056,0.011596543,0.9991049,4.195641e-05
0.0010230746,0.03937449,0.010923399,0.007456086,0.0069085276,0.009689035,0.16772993,0.004187365,0.005038998,0.21616262,0.12304711,0.00509688,0.0008078569,0.012525508,0.0014041843,0.013319124,0.0008968722,0.0023956343,0.0013713234,0.0008663846,0.017567417,0.999589,0.03528031,0.9946688,0.0005434852
0.0002682055,0.022267794,0.004636773,0.0028791486,0.0026028883,0.004054525,0.12636818,0.0015023985,0.0018314185,0.18097349,0.103044964,0.0018441236,0.00020037539,0.005537312,0.00041560925,0.006140611,0.00022835577,0.00074153655,0.00038570713,0.00021959965,0.007915517,0.9999075,0.018953407,0.9980564,0.00012729707
0.0038587218,0.068975054,0.02552238,0.01867138,0.017992873,0.02365734,0.22365509,0.011806888,0.013844267,0.2556642,0.14662018,0.014047326,0.0032108114,0.028277278,0.004848121,0.0286558,0.0036006127,0.007985811,0.004914704,0.0033475873,0.03787501,0.99814165,0.06406583,0.98530096,0.0023845534
0.0045902696,0.074242674,0.029015679,0.02142363,0.020491933,0.026413383,0.23073208,0.013442153,0.015803225,0.26075548,0.15111755,0.015947811,0.003916488,0.031666663,0.0057021533,0.031954106,0.0043045124,0.009194866,0.0057823076,0.0040266924,0.0422386,0.99774545,0.07000983,0.98326623,0.002846291
0.00010596507,0.014950574,0.0025275864,0.0014599047,0.0013126738,0.0022277473,0.10338665,0.0007417108,0.00089419546,0.15973863,0.090365656,0.0009020705,7.441801e-05,0.0030955374,0.00017757183,0.0035488582,8.7307795e-05,0.00032966802,0.00015915377,8.519412e-05,0.00449873,0.99996734,0.012104524,0.99903846,4.6373283e-05
0.005715473,0.081274524,0.034043655,0.025223168,0.024171999,0.030478844,0.24142769,0.015892448,0.01863503,0.26826945,0.15702496,0.01869785,0.004967126,0.03625108,0.0070024156,0.03631074,0.0053899945,0.010950257,0.007107544,0.005057046,0.048555017,0.9971265,0.077246666,0.9803432,0.0035871526
0.004599342,0.07425595,0.02964376,0.02173188,0.020692345,0.02635728,0.23089299,0.01344226,0.015823003,0.2613035,0.15223286,0.015830422,0.00396503,0.03184884,0.0057272995,0.032086547,0.004300513,0.008982691,0.005789843,0.0040546115,0.043012448,0.9977581,0.0700516,0.98331374,0.0028218143
0.000263985,0.02213668,0.004494497,0.0027758754,0.0025431835,0.004056337,0.12643357,0.0014985073,0.0017977306,0.18148199,0.10237185,0.0018235339,0.00019176032,0.0054347655,0.0004086356,0.006025952,0.00022344236,0.0007430139,0.00037977466,0.00021528745,0.0077207913,0.9999089,0.01854147,0.99807394,0.00012667965
0.0056537557,0.0809697,0.033005666,0.024656318,0.0237951,0.030408928,0.24088986,0.015870456,0.018472033,0.26768526,0.15537088,0.0186633,0.0048454716,0.035931595,0.0069335313,0.035893716,0.005352928,0.0111359395,0.0070921564,0.0049787983,0.04755748,0.99714214,0.076324455,0.980441,0.003600606
0.004804745,0.076004975,0.029201657,0.021453463,0.020922335,0.027570046,0.23457316,0.014004582,0.016282983,0.26357272,0.15142816,0.016603881,0.0039944705,0.032087803,0.0059477696,0.032370698,0.0045106085,0.00980334,0.0060389293,0.0041803457,0.042643502,0.99760985,0.07033278,0.98261005,0.0030426523
0.005037901,0.077347375,0.030478204,0.02258935,0.021832457,0.02823217,0.23590131,0.014481887,0.016929628,0.2641348,0.15290673,0.017142627,0.0042657503,0.03334886,0.006221882,0.033550162,0.0047417646,0.0100943735,0.006331588,0.0044153086,0.04427916,0.9974872,0.07245236,0.9820301,0.003174926
0.0047918456,0.075735085,0.029288843,0.02152241,0.020995116,0.027472747,0.23536687,0.013930693,0.016354335,0.26330057,0.15206283,0.016577763,0.0039869384,0.032036956,0.0059398473,0.03234827,0.004503424,0.0097002145,0.00602123,0.0041618426,0.042754073,0.9976139,0.070132844,0.98269534,0.0030363784
0.008142724,0.09439787,0.041718695,0.03154254,0.030964745,0.038824916,0.26099464,0.020956526,0.024361983,0.2799946,0.16466807,0.024631923,0.0070561306,0.044611618,0.0097581735,0.044116393,0.007829749,0.015532132,0.010018862,0.0071978215,0.0583643,0.995652,0.089399464,0.9742896,0.0054006903
0.0028139919,0.060466893,0.021106653,0.015160651,0.014325971,0.019135593,0.20847358,0.00921876,0.0109118335,0.2457005,0.14102833,0.01103777,0.0023417685,0.023443693,0.0036180306,0.024066078,0.0025923932,0.0059533603,0.0036256262,0.0024412062,0.031700127,0.998703,0.056142733,0.98842084,0.0016675941
0.0019250051,0.05144737,0.016769538,0.011789758,0.010934223,0.014806044,0.1921237,0.00683144,0.008213844,0.23398906,0.13425407,0.008287274,0.0015986011,0.018674692,0.0025426052,0.01939423,0.0017475445,0.0041996446,0.0025083164,0.0016544934,0.025593804,0.99915683,0.04776601,0.99134433,0.0010892157
0.0075480556,0.091988504,0.039134968,0.029149495,0.02895512,0.03742446,0.25872722,0.019921377,0.022913828,0.27929232,0.16240819,0.023363024,0.0063599567,0.04206782,0.009116251,0.04162413,0.007225471,0.014745189,0.009325172,0.0066222684,0.055119827,0.99598867,0.085111186,0.9755923,0.0050442936
0.00018790382,0.019166121,0.0036907152,0.0022438583,0.0020108195,0.0032109716,0.11681499,0.0011426944,0.001397452,0.17205547,0.098049864,0.0014017614,0.00013827004,0.004463794,0.00029932114,0.0049890587,0.00015755159,0.00054180063,0.00027487864,0.0001529154,0.0064315237,0.999938,0.016041622,0.99851567,8.598377e-05
0.00039398065,0.026291838,0.005871341,0.0037567539,0.0034254033,0.005228983,0.13753714,0.0020239102,0.0024551314,0.19074869,0.108482316,0.0024808543,0.00029715305,0.006989388,0.0005891878,0.0076608127,0.0003389253,0.0010491867,0.0005564139,0.00032441854,0.009923958,0.9998573,0.022600573,0.9973894,0.00019486627
0.0033090287,0.06471759,0.02327141,0.01682151,0.016069576,0.021410573,0.21668406,0.010459064,0.012329009,0.2510821,0.14421402,0.012518356,0.00274589,0.025718827,0.00420513,0.026281578,0.0030671456,0.0069336095,0.004227944,0.002870472,0.03460916,0.9984357,0.060030498,0.9869033,0.0020055932
0.0020883826,0.05337174,0.017180258,0.012148332,0.011478666,0.01573383,0.1960598,0.0073216,0.008680408,0.23694512,0.13498914,0.008820863,0.0016952858,0.01942764,0.0027368483,0.02019606,0.0018987418,0.004610762,0.0027223544,0.0017909406,0.026414381,0.99907196,0.048863407,0.99073845,0.0012080737
0.00020616481,0.019941192,0.0038497308,0.0023360637,0.0021351033,0.0034447631,0.12083278,0.0012363808,0.0014955002,0.1759634,0.100132056,0.0015112932,0.00014791828,0.0046515474,0.00032831714,0.005192483,0.00017396711,0.00059119985,0.00029887655,0.00016669807,0.006712699,0.99993086,0.016387945,0.99841046,9.6581796e-05
0.0015318679,0.046735007,0.014194887,0.009855131,0.0091962395,0.012783193,0.18348058,0.0057483767,0.006883171,0.22760841,0.12980492,0.006979902,0.0012380548,0.016104437,0.0020555425,0.016925089,0.0013807596,0.0034788686,0.0020228645,0.0013054793,0.02210006,0.99934596,0.042630304,0.99269426,0.0008569823
0.003141759,0.06364583,0.02202934,0.015687598,0.015239179,0.020974275,0.21589915,0.010146112,0.011773227,0.2511465,0.1424875,0.012073481,0.0025280723,0.024547366,0.0040127337,0.025113638,0.0029083607,0.006764466,0.004025851,0.0027019097,0.03296378,0.99851686,0.057549093,0.9873188,0.0019285354
4.4419878e-05,0.010239431,0.001457247,0.00079701317,0.00070948544,0.0012536682,0.08607903,0.0003780619,0.00046328627,0.14019388,0.079695195,0.0004617339,2.999086e-05,0.001826222,8.041355e-05,0.0021297135,3.5390996e-05,0.00015075128,6.912559e-05,3.4792454e-05,0.002718895,0.9999877,0.007959916,0.9995074,1.7756389e-05
0.0023915456,0.05635201,0.019013973,0.013605494,0.012769973,0.017070694,0.20054266,0.008107193,0.009631201,0.24011682,0.13748541,0.0097295325,0.0019875122,0.021358559,0.0031054176,0.02202692,0.0021822439,0.0051323525,0.0031030052,0.0020656579,0.028929375,0.99892646,0.052457847,0.98978233,0.0013866527
0.0011350239,0.041111648,0.011904238,0.008095606,0.007434053,0.010440331,0.17190947,0.0045479783,0.005497947,0.21889502,0.12521546,0.005561793,0.0009174581,0.013487961,0.0015606604,0.014230771,0.0010130623,0.0026318366,0.0015172397,0.0009624495,0.01871314,0.9995345,0.037407283,0.99420047,0.00061305665
0.00085184554,0.03656158,0.009563255,0.0063682036,0.0059310836,0.008776536,0.16245149,0.0036968584,0.0043756817,0.21221033,0.11965314,0.004464002,0.00065694546,0.011160521,0.0011973788,0.011917183,0.0007513557,0.0021027925,0.0011622349,0.0007153214,0.015455751,0.99966025,0.032107342,0.99528044,0.0004569656
0.0065166624,0.08603465,0.036210384,0.027217645,0.02642331,0.033340912,0.24830785,0.017633803,0.020561295,0.27196586,0.15891628,0.020751463,0.0056307213,0.03916302,0.0079081515,0.039076556,0.006193345,0.01266086,0.008086054,0.005746567,0.05163737,0.9966425,0.08157604,0.978209,0.00419374
0.006417015,0.08533363,0.037002098,0.027761368,0.026428806,0.032668862,0.24624987,0.017408188,0.02039456,0.27093047,0.15906939,0.02036425,0.005711209,0.039355326,0.007833057,0.039223462,0.006117679,0.01221045,0.007951573,0.0057129506,0.052151013,0.99672866,0.08238614,0.97852635,0.0040735933
0.0036806013,0.067565076,0.025193172,0.018471807,0.017528737,0.022692533,0.21989886,0.011328158,0.013384957,0.2531271,0.14594951,0.013465317,0.0031235653,0.027797673,0.004636504,0.028263977,0.0034225592,0.0075498703,0.004688186,0.0032148946,0.037303317,0.9982487,0.0636982,0.98584414,0.0022299965
0.0013760627,0.04465874,0.013097365,0.009034787,0.0084793875,0.011995743,0.18041335,0.0053245835,0.006354092,0.22505164,0.1278867,0.0064500184,0.0010919357,0.015006972,0.0018662101,0.0158302,0.0012385921,0.0031960618,0.0018316713,0.0011672014,0.020612601,0.9994172,0.040162444,0.9932446,0.00077149615
5.0352213e-05,0.010874996,0.0015426169,0.0008518691,0.00076793577,0.0013698086,0.08812927,0.0004205866,0.00050649396,0.14323798,0.08099355,0.0005090417,3.3569406e-05,0.0019545737,8.993463e-05,0.002284524,4.04629e-05,0.00017199495,7.818041e-05,3.9684506e-05,0.002884373,0.99998593,0.008374773,0.9994529,2.0580474e-05
0.005032858,0.07739283,0.029982256,0.021917628,0.02156335,0.028557662,0.2375157,0.014520676,0.01679455,0.26613218,0.15253803,0.017200632,0.0041501676,0.03272568,0.0062051634,0.03301379,0.0047163027,0.010205017,0.00628599,0.004370504,0.04354861,0.99748456,0.07122181,0.9820112,0.003208297
0.0018497803,0.050658904,0.016040958,0.011264454,0.010549115,0.014490629,0.19079009,0.006663828,0.007939609,0.23314323,0.13307531,0.008028865,0.001506736,0.018133344,0.002450685,0.018877938,0.0016762569,0.0041038133,0.0024299035,0.0015882191,0.024758553,0.9991917,0.0463897,0.99156594,0.001054152
0.0003700534,0.025487592,0.0056633605,0.0036051783,0.003274397,0.0050070547,0.1350417,0.0019294848,0.0023374355,0.18898423,0.10705439,0.0023590983,0.0002795228,0.006758525,0.00055597915,0.007411403,0.000317075,0.0009898306,0.0005245636,0.00030500675,0.009560068,0.9998677,0.022047209,0.9975197,0.00018145045
0.0017334338,0.04911847,0.015467719,0.01085247,0.010124542,0.013813269,0.18835457,0.006314631,0.007590588,0.23091286,0.13218915,0.0076419176,0.0014162954,0.017489022,0.0023093557,0.018245218,0.0015686713,0.0038464626,0.0022833333,0.0014826892,0.023990506,0.99924964,0.0451766,0.99199235,0.0009792104
0.0036607469,0.06718791,0.025358358,0.018561248,0.017541824,0.022550857,0.21989772,0.0112371575,0.013362879,0.2530822,0.14647916,0.01340499,0.003130263,0.027749453,0.0046294634,0.02826262,0.0034076464,0.007420477,0.004657614,0.003199144,0.03739927,0.9982633,0.06374309,0.985957,0.0022066338
0.04568355,0.19201322,0.12481752,0.103230916,0.10451918,0.11804369,0.3573637,0.08029561,0.08783669,0.34461167,0.22671539,0.08692118,0.043949425,0.12674874,0.05025231,0.11730482,0.04719388,0.071543306,0.052715886,0.042246666,0.15468508,0.96865034,0.18339036,0.9080634,0.036195096
0.00019063367,0.019331286,0.0036379846,0.0021871252,0.0020064493,0.0032933706,0.118888445,0.0011677964,0.0014049809,0.17420234,0.09872186,0.001422456,0.0001355253,0.0044299467,0.00030568358,0.0049665887,0.00016040473,0.0005571781,0.00027768975,0.00015370097,0.0063755666,0.9999366,0.015757944,0.998492,8.902607e-05
0.0017839624,0.049859274,0.015744017,0.011042815,0.010304414,0.014122293,0.1891229,0.006458727,0.007731367,0.2317924,0.13244368,0.007817571,0.0014592529,0.017781321,0.0023677521,0.0185508,0.0016125783,0.0039663124,0.002337641,0.0015289009,0.024299834,0.9992254,0.045891654,0.99179924,0.0010069674
0.0027532643,0.059800353,0.02106115,0.0151341045,0.014198632,0.01872947,0.20744078,0.009009736,0.010770927,0.24469532,0.14089847,0.010868371,0.0023197082,0.023174267,0.0035360258,0.023823237,0.0025361641,0.005779772,0.0035289407,0.002380069,0.031542934,0.99873763,0.056046717,0.9886594,0.0016175946
0.0014472984,0.045566488,0.0135755325,0.009428711,0.0088264225,0.012255754,0.18062003,0.005497934,0.006552347,0.22631495,0.12851503,0.0066576037,0.001157708,0.015463553,0.0019389155,0.016297882,0.001292756,0.0032940987,0.0019150669,0.0012322934,0.02134802,0.99939024,0.041317604,0.9930254,0.0008024085
0.024858644,0.14982355,0.08557299,0.068652764,0.06894145,0.08032779,0.3219407,0.05018116,0.056150682,0.32013875,0.19978833,0.055892937,0.023071116,0.08851386,0.028162323,0.08341738,0.025110086,0.041879024,0.029558808,0.022704838,0.11084483,0.9844433,0.14305815,0.9411729,0.018510062
0.0054407483,0.07978551,0.03300177,0.024580391,0.023380214,0.029291747,0.23847196,0.01526006,0.018035252,0.26576766,0.15516108,0.018078806,0.0047574188,0.03536199,0.006683987,0.035425745,0.0051462543,0.010544393,0.0067707836,0.004798108,0.047232125,0.9972813,0.0763917,0.9810703,0.003400553
7.400549e-05,0.012763165,0.002058111,0.0011666357,0.0010338372,0.0017373022,0.09647194,0.00055490574,0.000688509,0.15079038,0.08656314,0.00068683486,5.209182e-05,0.0025124315,0.00012882825,0.0028788077,6.0201084e-05,0.00023268817,0.00011198919,5.856607e-05,0.0037363272,0.9999783,0.010249801,0.9992787,3.0765357e-05
0.0013148648,0.043865144,0.0133064585,0.009110231,0.00833831,0.011451278,0.17712393,0.00506348,0.0061679897,0.22300373,0.12783149,0.006196765,0.0010854702,0.014853974,0.0017900842,0.015600589,0.0011784806,0.00296386,0.0017354649,0.0011201527,0.020623757,0.9994531,0.040466383,0.9935354,0.00071251014
0.00034798234,0.024908202,0.005447691,0.0034544342,0.0031360788,0.0048066447,0.13388331,0.0018345097,0.0022369502,0.18754697,0.1066933,0.0022512516,0.00026143523,0.0064902403,0.0005257597,0.007119595,0.00029758655,0.0009315916,0.0004936015,0.0002853065,0.009270265,0.99987626,0.021292621,0.99763405,0.00016947069
0.0030366527,0.062322557,0.022469524,0.0162472,0.0152801005,0.019955264,0.2118804,0.009704085,0.011600653,0.24750963,0.14296734,0.011688673,0.0025714722,0.024630759,0.0038802095,0.025260758,0.0028077038,0.0062954216,0.0038795038,0.0026351996,0.03347161,0.99859136,0.058666307,0.9877894,0.0017972428
0.010711858,0.10577646,0.051501207,0.039546147,0.038136587,0.045928143,0.27314824,0.025957845,0.030019298,0.28880897,0.17252956,0.029901875,0.009775804,0.05347977,0.012670276,0.052508313,0.010454466,0.019287068,0.012971564,0.00963397,0.06999532,0.994125,0.10261254,0.96849835,0.00718582
0.0034419452,0.0654378,0.024183348,0.017666569,0.016710917,0.021676412,0.21687041,0.010719491,0.012726045,0.25103784,0.14480685,0.0128226625,0.0029214656,0.026681878,0.0043617752,0.027220763,0.0031934301,0.007075346,0.0043893014,0.00299478,0.03588205,0.99837875,0.061948214,0.9865763,0.0020675606
0.0012476417,0.042815473,0.012595322,0.008591149,0.007957048,0.011111487,0.1761173,0.004868168,0.0059116436,0.22220027,0.12698822,0.005973497,0.0010023831,0.014160425,0.0017013606,0.015006611,0.0011159994,0.0028490897,0.0016503015,0.0010549473,0.019739551,0.99948126,0.038937207,0.9937902,0.000680398
0.0035843842,0.06674855,0.024511736,0.017923396,0.01713461,0.022387447,0.21951331,0.011095559,0.013109551,0.25271174,0.14548926,0.013258876,0.0030067177,0.027155498,0.0045244847,0.02772088,0.0033329448,0.0074232207,0.0045679826,0.0031133962,0.036410604,0.9982948,0.06255811,0.98612845,0.0021799295
0.029498199,0.16049017,0.096705936,0.077975765,0.07758707,0.08912589,0.33077288,0.057227448,0.0637107,0.32645044,0.2070683,0.06303517,0.028081523,0.09804448,0.033148658,0.09264173,0.030026471,0.048078675,0.034515776,0.02712146,0.12275711,0.9811591,0.15502083,0.9331906,0.022205874
0.009782999,0.10162571,0.04776625,0.03664286,0.03565959,0.04338223,0.26861018,0.024169497,0.027955735,0.2852764,0.16950774,0.027959,0.008752017,0.050526638,0.011630531,0.049737703,0.009471002,0.018003618,0.011949838,0.008763591,0.065809645,0.99468863,0.098028734,0.9705654,0.0065186103
0.002149606,0.05398128,0.01837258,0.013005185,0.011996732,0.015770707,0.19587943,0.0074204872,0.008964439,0.23665282,0.13611674,0.008955233,0.0018298092,0.020244926,0.0028258464,0.020922707,0.0019615234,0.004569589,0.0027764258,0.0018603029,0.027737934,0.9990539,0.05092332,0.9906109,0.0012146692
0.003163252,0.06358279,0.022375012,0.01611641,0.015476043,0.020842832,0.21473283,0.010147463,0.011881157,0.25010282,0.1426981,0.012092726,0.0025961625,0.024938937,0.0040333206,0.025480194,0.002932186,0.0067107347,0.0040617404,0.0027327996,0.033509366,0.9985122,0.05841103,0.9873263,0.0019235408
0.013335961,0.11589431,0.05928456,0.04592873,0.044670787,0.053121418,0.2861286,0.030789852,0.035497252,0.29676557,0.17926109,0.035279796,0.012255957,0.060890242,0.015619526,0.0592856,0.013187801,0.023457013,0.016063124,0.012058193,0.079306,0.9924299,0.112271614,0.9629633,0.009206873
0.00016441653,0.018280452,0.0035779118,0.0021289364,0.0018625736,0.0028971252,0.11375842,0.0010174187,0.0012844959,0.16878489,0.097037986,0.0012680243,0.00012538319,0.004173317,0.00026612318,0.004599855,0.00013800054,0.00046071148,0.00023907244,0.00013332463,0.0061781495,0.9999472,0.015274219,0.99868196,7.312265e-05
0.0006677958,0.03262995,0.008756092,0.005768814,0.005169342,0.007217298,0.1519557,0.0030148677,0.0037075556,0.20286176,0.115917884,0.0036502017,0.00054532656,0.010079928,0.00096259953,0.0106973555,0.00058167655,0.0016023674,0.0009120505,0.00056248443,0.014044076,0.9997482,0.029804187,0.99616206,0.0003370913
0.00024561406,0.021599647,0.0045542284,0.0027577234,0.0024561395,0.0038158624,0.12533478,0.0013864085,0.0017314671,0.17975323,0.10340774,0.0017411354,0.00018546362,0.0052240565,0.00038515744,0.005738593,0.00020932908,0.0006659238,0.0003502484,0.00019954487,0.0076741963,0.9999161,0.018215096,0.998212,0.00011509963
0.00083211355,0.035774305,0.009884858,0.006635318,0.0060173664,0.008382335,0.15994246,0.0035617999,0.004353541,0.20910655,0.11954216,0.0043480587,0.0006752641,0.011355557,0.0011745543,0.012065676,0.0007294821,0.0019722118,0.0011249122,0.000700824,0.015791727,0.99967575,0.032828044,0.99545634,0.00043043643
0.0076508764,0.09144618,0.04305013,0.032329157,0.03063366,0.036432877,0.25400573,0.02028531,0.023424702,0.27680767,0.16272241,0.022836337,0.007056114,0.044684775,0.009421165,0.044275813,0.007418236,0.013968209,0.009403977,0.00693099,0.05933628,0.99604756,0.089723624,0.9754351,0.004971462
0.0014928592,0.046088304,0.014661058,0.010131985,0.009264787,0.012295504,0.1806727,0.0056095975,0.0067973672,0.22553994,0.1291886,0.0067162514,0.0012567976,0.016391782,0.0020200997,0.017038712,0.0013380795,0.0032761963,0.0019636473,0.0012869058,0.022557212,0.99937797,0.04312654,0.99289715,0.0008131907
0.00012911111,0.01620643,0.002987295,0.0017481294,0.0015435795,0.0024375764,0.10641697,0.0008362756,0.0010519836,0.16266455,0.092019394,0.0010332281,9.504569e-05,0.003602754,0.00020959192,0.0040085716,0.00010501057,0.00037066988,0.00018875966,0.000102507656,0.00523063,0.9999603,0.013531945,0.9989197,5.5347868e-05
0.0029207615,0.061024744,0.022869153,0.016383803,0.015175631,0.019204749,0.20778875,0.009476152,0.011291709,0.24503808,0.141123,0.011082169,0.0025585443,0.024962237,0.0037951283,0.025401644,0.002689636,0.005935192,0.003729335,0.0025712338,0.03358719,0.99867827,0.05870856,0.98816663,0.0016942805
0.0010545615,0.039703254,0.011399746,0.0077451044,0.0070861243,0.009891039,0.16853318,0.0043066344,0.0052012764,0.21631745,0.123431616,0.0052154157,0.0008557988,0.013028306,0.001460039,0.01375176,0.0009348997,0.0024529195,0.0014177833,0.00089452695,0.018018274,0.9995741,0.03623872,0.99453187,0.0005648599
5.639192e-07,0.0015130708,9.104456e-05,3.7008016e-05,3.1238174e-05,6.975028e-05,0.032467864,1.2781342e-05,1.6705706e-05,0.06957135,0.037209883,1.595015e-05,3.2097833e-07,0.000120838464,1.4704575e-06,0.00016255573,3.9989885e-07,3.0651802e-06,1.0435447e-06,4.110503e-07,0.00020762063,0.9999999,0.00097283267,0.99998236,1.4732619e-07
0.0007702928,0.034734283,0.009533609,0.006338372,0.005718994,0.007951302,0.15765314,0.0033564107,0.0041269013,0.20714588,0.11863995,0.0040923567,0.0006281149,0.010866792,0.0010964182,0.011523292,0.0006751106,0.0018238879,0.0010442472,0.00064844865,0.015234509,0.9997029,0.03171718,0.99571484,0.0003955903
0.00041104696,0.026693111,0.0063950163,0.0040952046,0.003632884,0.0052427594,0.1374771,0.0020608227,0.0025770834,0.18996823,0.10886898,0.0025303469,0.00032742662,0.0074494127,0.0006162502,0.008034164,0.00035309256,0.0010444128,0.000575081,0.00034185656,0.010580402,0.9998535,0.023781687,0.99734974,0.0001977625
0.0010286563,0.039389838,0.011428979,0.007775049,0.007049325,0.009634713,0.16819495,0.0041861045,0.005171505,0.21505727,0.12349833,0.0051097497,0.0008449941,0.0129667055,0.0014339868,0.013620162,0.00091546634,0.0023597605,0.0013854224,0.0008721547,0.0181027,0.99958736,0.03609587,0.99466246,0.00054440444
0.022066306,0.14220037,0.0842274,0.06611145,0.06440552,0.07371387,0.31392112,0.04658176,0.051635116,0.31656218,0.19633421,0.050488412,0.021177111,0.08319085,0.025882171,0.079995714,0.022596765,0.036157373,0.026107006,0.020439893,0.10723444,0.98654896,0.13860828,0.9458583,0.016210346
0.0046912264,0.07449231,0.030563792,0.022674995,0.021278998,0.026068233,0.22763816,0.0136452215,0.016026057,0.25958934,0.14980884,0.015796619,0.0041817753,0.03318055,0.00584183,0.033365954,0.004381769,0.00911601,0.0058600716,0.004150083,0.04417406,0.9977494,0.07269837,0.98308706,0.00284313
0.00096324907,0.038415223,0.0114809545,0.007631882,0.0068755187,0.0091254255,0.16267717,0.0040184855,0.004920806,0.21353693,0.12065893,0.0047082985,0.0008178892,0.012968934,0.0013704062,0.01354179,0.00085597445,0.0021658898,0.0012902631,0.0008282894,0.017851196,0.99962664,0.035789367,0.99491584,0.00049842824
0.0054373746,0.079406835,0.03445934,0.025497675,0.02389023,0.029158289,0.23677269,0.015511751,0.018158296,0.26541257,0.1546092,0.017726481,0.004925277,0.03636196,0.0068155834,0.036340002,0.0051766667,0.010278643,0.006788215,0.0048903297,0.048712414,0.99732,0.07728818,0.9809942,0.0033894111
5.264725e-05,0.011019176,0.0016088678,0.0008862274,0.0007925029,0.001389342,0.0881913,0.0004295656,0.0005237053,0.14398612,0.080812596,0.0005217502,3.5572226e-05,0.002015303,9.270543e-05,0.0023489692,4.1792886e-05,0.00017515053,8.0894395e-05,4.112897e-05,0.0029786641,0.99998534,0.0086354865,0.99944407,2.1305517e-05
0.0006720226,0.03295663,0.008898678,0.0058237324,0.0052109445,0.007238916,0.15128963,0.0030270116,0.0037168814,0.20308694,0.115620606,0.0036381744,0.0005543853,0.010204786,0.00096989697,0.010818316,0.0005851121,0.0016013928,0.00091323955,0.00056938827,0.014196937,0.99974865,0.030129222,0.9961389,0.00033566725
0.0002035725,0.020398784,0.004087827,0.0025009376,0.0022014126,0.0033303213,0.11879609,0.0012036999,0.0015267194,0.17436464,0.0999827,0.0014804952,0.00015394636,0.004822034,0.0003234337,0.005251834,0.00017027798,0.00053933385,0.00028746322,0.00017079116,0.0072471034,0.99993503,0.016620232,0.9984692,8.972921e-05
1.4187993e-05,0.006458822,0.0007303328,0.00036997953,0.0003172546,0.0005774706,0.06651261,0.00015255944,0.00019723353,0.11772739,0.067015104,0.00019112126,9.413182e-06,0.0009115561,2.8069664e-05,0.0010842852,1.0904783e-05,5.102074e-05,2.2433534e-05,1.1116911e-05,0.0014717255,0.9999968,0.004594492,0.99979943,4.855047e-06
8.866305e-06,0.0051377756,0.00052469084,0.00025872572,0.0002240087,0.00042603118,0.05940558,0.00010723518,0.00013432148,0.10915034,0.061428368,0.0001317365,5.6418394e-06,0.00066780974,1.808392e-05,0.0008276863,6.625414e-06,3.524405e-05,1.4576818e-05,6.8450413e-06,0.0010607353,0.9999981,0.0036988088,0.9998566,2.9289215e-06
0.19887482,0.3523504,0.30616027,0.2847179,0.27914706,0.28930864,0.4557972,0.2508068,0.2583358,0.4194919,0.33135334,0.25372258,0.20404483,0.31921488,0.21681261,0.26918688,0.22338222,0.2594203,0.20788255,0.18298127,0.34275177,0.82592124,0.30928075,0.7367334,0.17817369
6.9196807e-07,0.0016855682,0.000103585095,4.322553e-05,3.6220707e-05,7.907408e-05,0.03376972,1.483991e-05,1.9487918e-05,0.07192842,0.038710423,1.8563285e-05,4.0024568e-07,0.00013772225,1.7525558e-06,0.000182975,4.876848e-07,3.5866406e-06,1.2563228e-06,5.121246e-07,0.00023918667,0.9999999,0.0010652037,0.9999795,1.7917878e-07
1.1623522e-08,0.00026469928,6.939533e-06,2.2156908e-06,1.9333106e-06,5.453126e-06,0.013408729,6.4213555e-07,8.4915035e-07,0.036226783,0.016968384,7.879592e-07,5.100402e-09,1.0419751e-05,4.1966306e-08,1.6352687e-05,7.360791e-09,1.05672655e-07,2.5372085e-08,7.9269915e-09,1.9165693e-05,1.0,0.00014038089,0.99999905,2.1563533e-09
3.650318e-09,0.00015643396,3.203299e-06,9.568985e-07,8.4129294e-07,2.521506e-06,0.010167009,2.605256e-07,3.473378e-07,0.029790726,0.013211043,3.249165e-07,1.489307e-09,4.954048e-06,1.4287989e-08,8.13461e-06,2.2196154e-09,3.8529326e-08,8.261781e-09,2.4243794e-09,9.456588e-06,1.0,7.934691e-05,0.99999964,6.0703825e-10
2.5815902e-05,0.008128018,0.0010373173,0.0005426834,0.0004787929,0.0008722366,0.07568755,0.00024633945,0.0003048143,0.1291353,0.07335086,0.00030062036,1.709283e-05,0.0013033642,4.8646616e-05,0.0015609458,2.016445e-05,9.263881e-05,4.1084277e-05,2.0251713e-05,0.0019668215,0.99999344,0.0061858366,0.9996729,9.679559e-06
0.003563528,0.066704325,0.026745861,0.019082462,0.017963829,0.022344094,0.22067972,0.011479159,0.01332081,0.25621,0.1478339,0.013072342,0.0030965323,0.02766788,0.004746206,0.027985474,0.0034210745,0.0068114395,0.0045017335,0.0032289543,0.03895586,0.99833554,0.0625961,0.9862388,0.002162432
8.426938e-05,0.013877338,0.0023361393,0.0013375412,0.0011624929,0.0018577069,0.098434724,0.0006038124,0.00077873614,0.15343206,0.08841588,0.00075674796,6.1594714e-05,0.0027952762,0.000144774,0.0031400092,6.890295e-05,0.00024867544,0.00012382858,6.8845155e-05,0.0042397305,0.9999757,0.011025102,0.9992205,3.4138407e-05
1.0985854e-06,0.0020324218,0.0001345435,5.680105e-05,4.9438913e-05,0.000110275854,0.03765873,2.1750226e-05,2.7191863e-05,0.07836137,0.042498875,2.639424e-05,6.1583955e-07,0.00017975373,2.7171777e-06,0.00024128755,7.8712026e-07,5.758658e-06,1.988881e-06,8.104767e-07,0.0002961451,0.99999976,0.0013238089,0.9999701,3.0854204e-07
6.363857e-06,0.004411929,0.00041790874,0.00019745386,0.00017377728,0.00035066737,0.055720244,8.447575e-05,0.00010377571,0.10452902,0.058401432,0.00010226114,3.88619e-06,0.00053785567,1.3550325e-05,0.0006786156,4.7822386e-06,2.7153043e-05,1.0734063e-05,4.84137e-06,0.00084606814,0.99999857,0.0031148766,0.9998865,2.1109129e-06
0.00023106056,0.021063682,0.0043710764,0.0026620089,0.0023656886,0.0036372875,0.12206842,0.001318639,0.0016492939,0.17690167,0.10159495,0.0016308771,0.00017573602,0.0051458785,0.00036338528,0.0056999805,0.00019472938,0.00063066435,0.00033094652,0.00018994494,0.007412235,0.9999229,0.017935183,0.9982863,0.00010518535
0.0004313656,0.027634213,0.006643007,0.004214661,0.003768123,0.0054238066,0.14016023,0.002125848,0.0026852346,0.19248272,0.11095372,0.0026274433,0.00034144765,0.0076295966,0.0006499612,0.008347426,0.00037523446,0.0010867661,0.00060014706,0.00036295128,0.010875561,0.999845,0.024307132,0.9972562,0.00020887055
3.644193e-05,0.009677644,0.001331507,0.0007231209,0.0006243653,0.0010746528,0.08146233,0.00031744823,0.0004033458,0.13568008,0.07786672,0.0003940813,2.5351332e-05,0.0016241117,6.6356064e-05,0.0018940648,2.8755996e-05,0.00012004166,5.6010893e-05,2.9041483e-05,0.002533954,0.99999046,0.0073018824,0.999584,1.3716106e-05
0.0019150176,0.051717367,0.017594744,0.012204792,0.011199206,0.014606546,0.1913383,0.0068429485,0.008298514,0.23429096,0.13485236,0.008167524,0.0016443555,0.019063067,0.0025735423,0.01970352,0.001758227,0.0040278304,0.0024760044,0.0016771092,0.02636586,0.99917537,0.048528466,0.991439,0.0010693896
0.0022790183,0.0556645,0.019679995,0.013816556,0.012722175,0.01640335,0.19847977,0.007846703,0.009467526,0.23928687,0.1377805,0.009294255,0.0019739687,0.02127878,0.0030343656,0.02189309,0.002108962,0.004715687,0.0029313609,0.002008379,0.029230451,0.9989962,0.05257799,0.9902188,0.0012962586
7.327749e-08,0.00060579967,2.2662947e-05,8.079785e-06,7.179877e-06,1.8546018e-05,0.020388238,2.6978253e-06,3.4447617e-06,0.049801238,0.02491917,3.2416208e-06,3.4727513e-08,3.3137665e-05,2.2780144e-07,4.8988135e-05,4.8430877e-08,5.407948e-07,1.4799325e-07,5.1248904e-08,5.75418e-05,1.0,0.00034566337,0.9999962,1.6044485e-08
4.6393243e-06,0.003862301,0.00035350246,0.00016380812,0.00014174115,0.00027851487,0.05273609,6.50371e-05,8.359578e-05,0.098809466,0.055801682,8.085514e-05,2.8775219e-06,0.00044842844,1.0280529e-05,0.00056404324,3.5170374e-06,1.9698853e-05,7.860732e-06,3.4988718e-06,0.0007243924,0.99999905,0.0026851695,0.99991274,1.4920706e-06
5.148555e-06,0.004010274,0.00036423936,0.00017142943,0.00015048402,0.00030115363,0.052980527,7.107455e-05,8.869889e-05,0.10014046,0.055969935,8.647994e-05,3.1264399e-06,0.00047532978,1.1102427e-05,0.00060453336,3.8265425e-06,2.2430475e-05,8.7461285e-06,3.896867e-06,0.0007477767,0.9999989,0.002831292,0.9999039,1.6530195e-06
7.300337e-05,0.012766433,0.002008231,0.0011293886,0.0010096644,0.0017362721,0.09520218,0.00055167306,0.0006737604,0.15086417,0.08590641,0.0006737611,5.0813695e-05,0.0024787348,0.00012642128,0.002878771,5.9350154e-05,0.0002356918,0.000111415706,5.8473543e-05,0.003624431,0.99997854,0.010204362,0.9992749,3.0494926e-05
0.0003613974,0.025820056,0.0059136134,0.0037593925,0.003338771,0.004817665,0.13322599,0.0018665325,0.0023317304,0.18772322,0.107316986,0.0023040331,0.0002845988,0.0068078986,0.00054331764,0.007430869,0.000306501,0.00092009833,0.0004979952,0.00030429108,0.0099558495,0.9998752,0.022410695,0.99761415,0.0001681779
0.00088236877,0.037044752,0.010098425,0.006749096,0.006202447,0.008823335,0.1632839,0.0037197834,0.0045384383,0.21226574,0.12137581,0.00457404,0.0007027334,0.011522413,0.0012393473,0.012358639,0.0007797234,0.0020983797,0.0011891786,0.0007418932,0.01614226,0.99964964,0.033342496,0.99521255,0.000463979
0.0011640898,0.041515443,0.012121106,0.008260246,0.0076189423,0.010526885,0.17308573,0.00459493,0.005599133,0.21944991,0.12570639,0.0056313565,0.000942894,0.013708497,0.0015976052,0.014543477,0.0010349167,0.0026665865,0.001548733,0.0009842593,0.01912695,0.999524,0.037991997,0.9941056,0.00062561553
0.000110726214,0.015522692,0.0027391969,0.0015958194,0.0013992292,0.0022111444,0.10365293,0.0007444354,0.0009393239,0.15959513,0.091425665,0.00093600404,8.1908154e-05,0.003230915,0.00018300781,0.0036602966,9.064416e-05,0.00032525003,0.00016156398,8.9468616e-05,0.0048705223,0.9999665,0.012698426,0.99903166,4.657014e-05
0.00022416339,0.020737292,0.004220182,0.0025643457,0.0022950124,0.003577427,0.121353775,0.001292594,0.0015962175,0.17675646,0.10123402,0.001604594,0.00016828875,0.004962488,0.0003522799,0.0055451193,0.00018925543,0.0006223498,0.00032192538,0.0001833928,0.0071848263,0.9999249,0.017611245,0.99831414,0.000103107035
0.0019167007,0.05187623,0.017520363,0.012238652,0.011349359,0.014550094,0.1924417,0.00688784,0.008341105,0.23548947,0.13534723,0.008217267,0.0016158774,0.018798964,0.0025677762,0.019485466,0.0017583583,0.003959003,0.0024641238,0.0016916702,0.026842866,0.99917847,0.04782805,0.9915006,0.0010742233
4.1965453e-05,0.010008628,0.0013941481,0.00075949286,0.00067702134,0.0012032425,0.083813645,0.00036140048,0.00043834382,0.13916959,0.0784974,0.00043771102,2.8159806e-05,0.0017501293,7.550871e-05,0.0020667128,3.3132957e-05,0.00014400945,6.54159e-05,3.3199754e-05,0.002600844,0.99998856,0.0077585676,0.9995265,1.654781e-05
0.00042258942,0.02731286,0.006513005,0.004104452,0.0036771356,0.005383061,0.13942195,0.0020932248,0.0026147345,0.19298306,0.11075944,0.0026202905,0.00033251042,0.0073653725,0.0006305303,0.0080290735,0.00036588445,0.0010691779,0.00058297365,0.0003505547,0.010644362,0.99984765,0.02395752,0.9972938,0.0002049776
0.0009891787,0.03932771,0.011481356,0.007628253,0.0069402973,0.0093568275,0.16751248,0.0040410603,0.005041789,0.21625006,0.12403023,0.0050059855,0.00081802864,0.012538406,0.0013872307,0.013279534,0.00088927976,0.0022348163,0.0013039267,0.00084103754,0.01786324,0.9996068,0.03585878,0.9948657,0.0005190381
0.0015027312,0.04652052,0.0145502305,0.010035571,0.0092652375,0.0124308355,0.18288387,0.005586965,0.0068324045,0.2264742,0.13024293,0.006833168,0.0012454108,0.016160818,0.002035991,0.017042585,0.0013566833,0.0033285602,0.0019700413,0.0012893436,0.022363704,0.9993668,0.04322586,0.99286264,0.0008231793
3.1797138e-06,0.003262375,0.00026913354,0.00012271108,0.00010706486,0.00021863068,0.047938414,4.892824e-05,6.180353e-05,0.09279471,0.051695082,5.9959184e-05,1.8969895e-06,0.0003516858,7.181164e-06,0.00045188036,2.3521502e-06,1.4531111e-05,5.486856e-06,2.3812477e-06,0.0005663149,0.9999994,0.0022350491,0.9999337,9.795626e-07
0.00031678946,0.024503056,0.0053745583,0.0033944019,0.003014085,0.004454237,0.12980245,0.001695665,0.0021066112,0.18481065,0.10556245,0.0020752074,0.0002442505,0.0062610605,0.00048032036,0.0068101464,0.00026586323,0.000812808,0.00043948978,0.00026698672,0.009260359,0.9998927,0.020672519,0.99784374,0.00014552055
0.0055599557,0.08053404,0.034576982,0.025483413,0.024396326,0.029793218,0.24130744,0.015890494,0.018538892,0.26956612,0.15730166,0.01827564,0.0048223888,0.035665497,0.006924294,0.03571225,0.0053029563,0.010168986,0.0068699047,0.0050213905,0.04986519,0.99724686,0.075551115,0.9809575,0.0035115853
0.000101557176,0.014921453,0.0025670023,0.0014880082,0.0013047428,0.002114532,0.10170196,0.0006973183,0.00087625894,0.15794475,0.090510435,0.0008739779,7.3562995e-05,0.0030497944,0.00016874926,0.003449564,8.214712e-05,0.00030186164,0.00014855717,8.216929e-05,0.0045863343,0.9999696,0.012066062,0.99909115,4.2132746e-05
9.824816e-05,0.014488007,0.0024298942,0.0014012688,0.001250525,0.002110237,0.101118304,0.000697016,0.00084714347,0.15746492,0.089348,0.00084850914,6.975293e-05,0.0029860071,0.00016557855,0.0034191308,8.0735335e-05,0.00030618557,0.00014872357,7.932293e-05,0.0043350365,0.9999701,0.01176003,0.99909115,4.2444073e-05
0.0005992888,0.03138366,0.007937495,0.0051776273,0.0046979683,0.0068048174,0.14974645,0.0027510985,0.003384193,0.20137961,0.115179576,0.0033968238,0.00047220587,0.009134822,0.0008679152,0.009909585,0.0005213323,0.0014807745,0.0008217331,0.00050154416,0.012880215,0.99977404,0.02804588,0.99644417,0.0003012846
0.0011851923,0.042138573,0.012595797,0.0085471375,0.0078251455,0.01056832,0.17378695,0.0046419646,0.0057328013,0.21985887,0.12644567,0.0056958795,0.0009754155,0.01402843,0.0016391533,0.014862059,0.0010637236,0.0026654305,0.0015697089,0.0010134764,0.019563055,0.99951696,0.03877588,0.99407876,0.0006327237
0.0009731084,0.038468998,0.01082771,0.007283776,0.0066797403,0.009375789,0.16645497,0.003999655,0.0048934864,0.21473454,0.12277709,0.0049081645,0.0007806981,0.01230023,0.0013562796,0.013150664,0.00085969886,0.002274668,0.001305294,0.00082351954,0.017155278,0.9996106,0.035010885,0.9948643,0.00051396067
0.00021261246,0.020336038,0.0040392242,0.0024999292,0.002210263,0.003461574,0.11867838,0.0012525915,0.0015296923,0.17543936,0.09954866,0.0015276108,0.00015761577,0.0048084105,0.00033065453,0.0053471345,0.00017445615,0.00058702886,0.00030376413,0.00017628027,0.007082046,0.9999306,0.016922962,0.9984023,9.5070245e-05
7.67453e-07,0.0017245314,0.000104834275,4.446909e-05,3.8732367e-05,8.62629e-05,0.03428969,1.6489825e-05,2.0600954e-05,0.073366,0.039427385,1.9826824e-05,4.192895e-07,0.00014433842,1.929233e-06,0.00019718334,5.3264876e-07,4.181712e-06,1.4069474e-06,5.7131405e-07,0.00023898721,0.9999999,0.001105999,0.99997723,2.0367226e-07
0.00028002026,0.02284625,0.005010479,0.0031232033,0.0027537788,0.004083888,0.1263291,0.00153194,0.0019166918,0.18084197,0.10356496,0.0018957333,0.00021834238,0.005826361,0.00043177616,0.0064138877,0.0002366145,0.0007432431,0.0003953931,0.00023323923,0.008438047,0.99990535,0.019883074,0.99802905,0.0001286727
9.059698e-05,0.013990136,0.0022871634,0.0013033994,0.0011712924,0.0020184903,0.09974125,0.0006589819,0.00079384405,0.15622965,0.08839443,0.0007970595,6.3183026e-05,0.0028268476,0.00015421095,0.0032518436,7.439246e-05,0.00028738787,0.00013780566,7.3019735e-05,0.004092601,0.9999726,0.01121472,0.99914217,3.918222e-05
0.00702143,0.08906853,0.04037639,0.030023493,0.02868803,0.03449717,0.2526217,0.018713444,0.022036145,0.2754958,0.16247523,0.021800173,0.0063064266,0.04145058,0.00867328,0.041748118,0.006836366,0.0129500255,0.008597918,0.0063379216,0.055732068,0.996384,0.086571805,0.9771352,0.004522632
2.037043e-05,0.007365383,0.0008616495,0.00043769667,0.00039452675,0.00076600845,0.07195771,0.00021072968,0.000250802,0.12576991,0.0704476,0.0002509572,1.2846829e-05,0.0011081838,3.9366343e-05,0.0013433491,1.5920123e-05,7.80098e-05,3.3032564e-05,1.591475e-05,0.0016442084,0.9999949,0.0053917402,0.9997223,7.682068e-06
0.00013833624,0.016773516,0.0030728402,0.0018166188,0.001615756,0.0026151564,0.10929352,0.000897173,0.0011051454,0.1648647,0.094337784,0.001105771,0.00010124959,0.003698343,0.00022669078,0.0041913376,0.00011490816,0.00040884307,0.00020469927,0.00011221623,0.0053773536,0.99995625,0.013950075,0.99882954,6.114194e-05
5.6652127e-05,0.011435155,0.0017154219,0.00094447465,0.0008383096,0.0014754041,0.09007128,0.00045504648,0.00055365585,0.14561288,0.08303309,0.00055699144,3.9017043e-05,0.0021014223,0.000100207915,0.0024652388,4.5792367e-05,0.00018844585,8.734794e-05,4.529279e-05,0.0031087527,0.9999838,0.009041462,0.99940133,2.3159633e-05
0.0002811044,0.023307849,0.0051094494,0.0031799749,0.0027982553,0.0040823524,0.1270747,0.0015423336,0.0019448022,0.18169333,0.10477469,0.0019136673,0.00022104998,0.0058345925,0.00043555832,0.0063966955,0.00023996539,0.0007331616,0.00039366115,0.00023717308,0.008634753,0.99990547,0.019888878,0.9980282,0.00012881118
5.3816907e-06,0.0041067027,0.00037721603,0.00017822727,0.00015609202,0.0003085307,0.053768594,7.3561874e-05,9.2884184e-05,0.100676395,0.0566512,8.9818415e-05,3.2788062e-06,0.0004924522,1.1659987e-05,0.0006232057,4.0420728e-06,2.316604e-05,9.160897e-06,4.0816776e-06,0.0007721915,0.9999989,0.0028801223,0.99990153,1.7421725e-06
0.00027801795,0.022731753,0.0048926855,0.0030076427,0.0026916142,0.0041133696,0.12737343,0.0015198151,0.001890196,0.18204187,0.10446211,0.0018893956,0.00021204358,0.0057031238,0.0004305163,0.0063113435,0.00023649474,0.0007459273,0.00039476732,0.00022874035,0.008208272,0.9999045,0.01953845,0.99802256,0.00012999984
4.551877e-05,0.010384903,0.0014711384,0.0007989827,0.000713543,0.0012780159,0.08549273,0.00038614345,0.00046840444,0.14112033,0.07972661,0.00046649977,3.068718e-05,0.0018484057,8.184663e-05,0.0021781279,3.6366488e-05,0.00015543983,7.120887e-05,3.61184e-05,0.0027190219,0.9999875,0.008082231,0.9994931,1.8301656e-05
0.0007605764,0.035140675,0.009589382,0.006340694,0.0057050576,0.00786507,0.15755333,0.0033090897,0.0041255937,0.20729311,0.11906831,0.004065484,0.0006226408,0.0107884845,0.0010902637,0.011531693,0.00067509385,0.0017919111,0.0010260841,0.0006472437,0.015235215,0.99970776,0.031803448,0.9957696,0.00038842938
0.0003152463,0.024061926,0.0052434155,0.0033298559,0.0029650454,0.0044562547,0.1291927,0.001691142,0.0020713587,0.18445683,0.105054505,0.0020684996,0.00024093261,0.0061710444,0.00047597772,0.0067850174,0.00026349243,0.0008327207,0.00044308897,0.0002633061,0.008953825,0.99989176,0.020639192,0.9978377,0.00014620261
0.0010489308,0.03992707,0.011551521,0.0077876183,0.0071148267,0.0097978795,0.16896449,0.004228288,0.0052024187,0.21651003,0.124261215,0.005205332,0.00085656275,0.012939265,0.0014570694,0.013815522,0.0009332728,0.002415026,0.0013960833,0.00089244335,0.018067567,0.99957734,0.036657374,0.99457633,0.0005546049
2.8932836e-06,0.0031203064,0.00024355773,0.00011092403,9.863689e-05,0.0002071506,0.04624508,4.6334826e-05,5.5904962e-05,0.09193843,0.050345264,5.526681e-05,1.6594637e-06,0.00032575554,6.513442e-06,0.0004242253,2.0912464e-06,1.3676295e-05,5.045051e-06,2.1779617e-06,0.0005193227,0.9999994,0.0020876783,0.9999378,8.8684686e-07
1.2236231e-05,0.0058816066,0.0006240413,0.00031319069,0.00027814764,0.00053345005,0.063948564,0.00014004625,0.00016933614,0.11553706,0.06474483,0.0001691433,7.6271276e-06,0.00080227165,2.4375951e-05,0.0009892479,9.2435475e-06,4.8382175e-05,2.0026393e-05,9.435319e-06,0.0012440231,0.99999714,0.0042341356,0.99981505,4.28522e-06
0.00018685755,0.019410457,0.0037819005,0.0023174447,0.0020393925,0.0031505001,0.115731515,0.0011252038,0.0014000043,0.17173634,0.09827487,0.0013881491,0.00013989449,0.004466681,0.00029468615,0.004971691,0.00015355946,0.00051832123,0.00026745553,0.00015457813,0.0066457386,0.9999399,0.016119368,0.99855214,8.20786e-05
0.00244191,0.057149764,0.020347636,0.014534466,0.013380555,0.017181,0.20073076,0.008299558,0.009915692,0.24095748,0.13864763,0.0098322835,0.0020948946,0.021976892,0.0032079269,0.022771928,0.0022326333,0.0050518597,0.0031181388,0.002174787,0.030480321,0.99891937,0.054165076,0.98971224,0.0013854501
0.0007192225,0.034327086,0.00922211,0.0061342395,0.005498104,0.0076408833,0.1541062,0.003212298,0.003926848,0.20579971,0.11744298,0.0038816086,0.00058777235,0.01043513,0.0010304506,0.011164778,0.00062652613,0.0017025791,0.0009705288,0.00061982276,0.014884708,0.99972826,0.030917564,0.9959442,0.00036058298
2.075944e-06,0.002677563,0.00019920137,8.827404e-05,7.7899706e-05,0.00016649696,0.042975053,3.556232e-05,4.4074135e-05,0.08660249,0.047230013,4.27405e-05,1.1819914e-06,0.0002693176,4.8213046e-06,0.000353641,1.4943147e-06,1.0173237e-05,3.6746553e-06,1.5409263e-06,0.0004281193,0.99999964,0.0018019292,0.9999517,6.13918e-07
0.00035855197,0.025474021,0.0058551906,0.003688405,0.0032765856,0.0048166504,0.13352038,0.0018497735,0.002312348,0.1874198,0.10742703,0.0022885895,0.00028303312,0.006775685,0.00054342125,0.007424312,0.00030808008,0.0009289406,0.0005022822,0.00029915822,0.009692408,0.99987423,0.022386445,0.99760395,0.00017015365
0.0014951726,0.046266627,0.0145909395,0.01010729,0.009241911,0.012339569,0.18144198,0.0055833054,0.006814918,0.22578767,0.12976597,0.006779447,0.0012505447,0.016227458,0.0020224333,0.017037993,0.0013436665,0.0032990652,0.001959853,0.0012876194,0.022426104,0.99937385,0.043253776,0.9929114,0.00081324374
0.00034184277,0.024669593,0.0056026885,0.0035087012,0.0031375622,0.00469346,0.13280393,0.0017836153,0.0022177042,0.18654358,0.10685108,0.0022045413,0.00026463592,0.006523247,0.0005201324,0.0071691363,0.00029196375,0.000894011,0.00048197995,0.00028251365,0.00930686,0.99987996,0.021571642,0.9976903,0.00016256039
0.0002510702,0.02178359,0.0045786384,0.0028024658,0.002496024,0.0038629028,0.12424502,0.001410249,0.0017488685,0.17934106,0.10279842,0.0017494496,0.00019127804,0.005367225,0.00039150173,0.005941514,0.00021249453,0.0006837929,0.0003591022,0.0002063959,0.0077432096,0.99991465,0.018628217,0.9981633,0.00011628468
0.00065084046,0.032696072,0.008531974,0.0055644345,0.0050144554,0.00720245,0.15208541,0.002940902,0.0036234288,0.20349154,0.116508506,0.0036200474,0.0005237457,0.009725403,0.0009404518,0.010441568,0.0005696874,0.0015807399,0.0008884104,0.00054850226,0.013700117,0.9997528,0.029351054,0.99621373,0.00032843987
8.135942e-05,0.013497857,0.0021919224,0.0012705777,0.0011094825,0.0018337362,0.09608378,0.0005952771,0.00073410926,0.15248622,0.08673395,0.000729413,5.824425e-05,0.002667751,0.00013720815,0.0030625707,6.4720574e-05,0.00025082566,0.000121372555,6.603753e-05,0.004010046,0.9999764,0.010830395,0.99922955,3.2980694e-05
8.415936e-05,0.013621515,0.0022287713,0.0012603645,0.0011192689,0.001901531,0.0980899,0.00061211805,0.0007519951,0.1542828,0.088099,0.00075448654,5.9600214e-05,0.002697078,0.00014370287,0.0031131285,6.875107e-05,0.00026437064,0.00012691093,6.760372e-05,0.003971621,0.99997485,0.010966278,0.9991954,3.5497265e-05
0.0022121472,0.054733142,0.018589651,0.013413279,0.012391899,0.01624486,0.19730178,0.0077881715,0.00919269,0.2390971,0.13673641,0.009063457,0.0018252757,0.020574545,0.0028867123,0.021045579,0.001979844,0.004546381,0.0028348782,0.0019838156,0.029157672,0.99904543,0.049755678,0.99052143,0.0012454423
0.00023705934,0.021541711,0.004405633,0.0027453012,0.002423307,0.0037018396,0.12093332,0.0013653849,0.001671397,0.17744678,0.10090369,0.0016526348,0.00017995317,0.005227693,0.0003667332,0.005755761,0.00019574992,0.00063666824,0.0003361034,0.00019905459,0.0076997047,0.9999224,0.018012913,0.99826354,0.00010558189
3.0044507e-07,0.0011367113,5.561522e-05,2.1306596e-05,1.921824e-05,4.794803e-05,0.02789126,8.159946e-06,9.983846e-06,0.06362059,0.032993667,9.646448e-06,1.4874601e-07,7.959562e-05,8.2953994e-07,0.00011212873,2.0588725e-07,1.9179965e-06,5.776622e-07,2.1612672e-07,0.0001295368,1.0,0.000680482,0.9999887,7.58024e-08
0.0016605676,0.04860448,0.0155506395,0.0108070085,0.009961585,0.013279865,0.18625191,0.00604942,0.0073751155,0.22974658,0.13205996,0.0073738312,0.0013887904,0.01717324,0.0022294694,0.018041011,0.0015033731,0.003622866,0.0021673702,0.0014308854,0.023806237,0.99929225,0.045239825,0.99231064,0.00091791403
0.0005276172,0.029847605,0.0073720966,0.0047553694,0.00428943,0.0062567424,0.14568114,0.0024946458,0.0030760176,0.1981059,0.113355674,0.0030890855,0.00041663068,0.0084607145,0.0007731683,0.009204188,0.00045871787,0.0013213578,0.00072755036,0.00044077096,0.012001898,0.9998043,0.02653212,0.99677485,0.0002621893
4.6713674e-05,0.010493913,0.0015361207,0.0008401016,0.00073821854,0.0012841962,0.086190134,0.00038809367,0.00048105765,0.14086106,0.08084865,0.00047802928,3.2333093e-05,0.0018939801,8.3944156e-05,0.002216761,3.727593e-05,0.00015593684,7.251844e-05,3.7223253e-05,0.0028202543,0.9999871,0.00829627,0.9994868,1.8417773e-05
1.1314136e-05,0.005689731,0.0006109678,0.00030426413,0.00026501418,0.00050483446,0.06344749,0.00013077479,0.00016288264,0.11365576,0.06441587,0.000160311,7.167528e-06,0.00077581196,2.2941744e-05,0.0009491199,8.626603e-06,4.4077788e-05,1.852297e-05,8.732044e-06,0.0012145772,0.9999974,0.004093266,0.999828,3.911649e-06
9.292316e-05,0.014469452,0.0024272685,0.0014043126,0.0012297794,0.0019848922,0.09963284,0.0006533826,0.00081965595,0.1559319,0.08924245,0.00081162696,6.757762e-05,0.0029041213,0.00015554865,0.0032930512,7.485308e-05,0.00027650804,0.00013653874,7.532021e-05,0.00441437,0.9999727,0.011531634,0.9991524,3.8096132e-05
1.3918635e-05,0.0062389853,0.0007048639,0.00035244433,0.00030821434,0.00058188004,0.066688485,0.00015285824,0.00019151383,0.11782177,0.06703791,0.00018825602,8.989049e-06,0.0008851447,2.7856971e-05,0.0010775159,1.0741211e-05,5.314618e-05,2.2644219e-05,1.0742235e-05,0.0013777411,0.99999666,0.004575432,0.99979645,4.928286e-06
6.451243e-08,0.00057795644,2.2021028e-05,7.873516e-06,6.6780776e-06,1.6598213e-05,0.020054609,2.380101e-06,3.2053888e-06,0.048272926,0.024395134,3.0099043e-06,3.22964e-08,3.082844e-05,2.0326982e-07,4.4967856e-05,4.3674522e-08,4.547383e-07,1.3022947e-07,4.568565e-08,5.606e-05,1.0,0.00033153137,0.99999654,1.3901295e-08
1.7611812e-06,0.0025423164,0.00019124447,8.379331e-05,7.1269336e-05,0.00014651075,0.042523038,3.056215e-05,4.0270734e-05,0.0840803,0.04680684,3.8629852e-05,1.0547074e-06,0.000246444,4.2291526e-06,0.00031515193,1.3029386e-06,8.155481e-06,3.0858018e-06,1.3176274e-06,0.0004161655,0.99999964,0.0016641541,0.99995863,5.093595e-07
0.0001785268,0.018790545,0.00366693,0.0021890055,0.0019505677,0.0030847155,0.11551088,0.0010832889,0.0013440959,0.1712091,0.09799983,0.0013407308,0.00013289333,0.004335619,0.0002864477,0.0048694923,0.0001491061,0.0005057734,0.00025933053,0.00014569702,0.0063073793,0.99994195,0.015820486,0.9985813,7.9924204e-05
7.3702518e-06,0.004711801,0.00047262688,0.00022728118,0.00019627059,0.00037979818,0.05732279,9.302256e-05,0.0001174956,0.10591356,0.059630875,0.00011445859,4.7083804e-06,0.00060271967,1.5418773e-05,0.0007483659,5.5387513e-06,3.00944e-05,1.2288701e-05,5.6459303e-06,0.00094923837,0.99999845,0.00341723,0.9998745,2.4195288e-06
7.423684e-07,0.0016859864,0.000103124046,4.301528e-05,3.745306e-05,8.474612e-05,0.034067716,1.6061642e-05,2.0095344e-05,0.07309652,0.038977195,1.9348066e-05,4.0288887e-07,0.00014114515,1.8723463e-06,0.00019216447,5.163485e-07,4.0710256e-06,1.3666012e-06,5.465718e-07,0.00023183932,0.9999999,0.00108829,0.9999778,1.9778544e-07
1.1121369e-07,0.00072292454,2.9884222e-05,1.1110318e-05,9.66823e-06,2.414478e-05,0.02205059,3.6938002e-06,4.69896e-06,0.053095363,0.026679339,4.452954e-06,5.4700156e-08,4.2891737e-05,3.269559e-07,6.253153e-05,7.318237e-08,7.6818816e-07,2.2070495e-07,7.91888e-08,7.4038246e-05,1.0,0.00042958773,0.99999475,2.4746974e-08
1.9160293e-06,0.0025958787,0.00019496048,8.680323e-05,7.464694e-05,0.00015634896,0.042606566,3.2955977e-05,4.213379e-05,0.08540796,0.046867345,4.0515566e-05,1.1146157e-06,0.00025758732,4.483459e-06,0.00033513087,1.3784958e-06,9.109662e-06,3.3656768e-06,1.4338681e-06,0.00042308704,0.99999964,0.0017327465,0.9999553,5.5399016e-07
1.0235784e-06,0.0019887488,0.0001290492,5.5640627e-05,4.7686648e-05,0.000103327904,0.03688483,2.0342337e-05,2.5904264e-05,0.077171996,0.041804295,2.4922723e-05,5.796102e-07,0.00017278675,2.5145036e-06,0.00023049462,7.207265e-07,5.184385e-06,1.8303188e-06,7.612839e-07,0.00029464232,0.9999999,0.0012697212,0.9999722,2.7673812e-07
9.636395e-07,0.0019163678,0.00012308398,5.2475978e-05,4.5492867e-05,9.980766e-05,0.036284663,1.9474764e-05,2.4563968e-05,0.076418854,0.0412708,2.3698909e-05,5.389141e-07,0.00016597577,2.3803211e-06,0.00022295928,6.767339e-07,5.014055e-06,1.7439112e-06,7.114662e-07,0.0002782402,0.9999999,0.0012393562,0.99997306,2.6053354e-07
1.2989882e-06,0.0021887566,0.00014663416,6.246942e-05,5.5762055e-05,0.0001240543,0.03952872,2.502869e-05,3.0782554e-05,0.08103246,0.044203706,3.0069154e-05,7.105034e-07,0.00019874168,3.2060404e-06,0.00026440492,9.3600215e-07,6.7603096e-06,2.3415816e-06,9.5338055e-07,0.00032299492,0.99999976,0.0014018775,0.999966,3.7642943e-07
0.00015564288,0.017812012,0.0033475142,0.0019982252,0.0017699711,0.0028111513,0.11173774,0.0009766268,0.0012100593,0.16786778,0.09615289,0.0012068374,0.000115089766,0.003971904,0.0002508063,0.0044602863,0.00012849626,0.00044616073,0.0002263968,0.0001269067,0.005849439,0.9999505,0.014735874,0.9987293,6.82166e-05
5.5113815e-05,0.011388263,0.0017550396,0.000963267,0.0008422534,0.0014116276,0.0902151,0.00043616325,0.0005553068,0.14449868,0.08333378,0.0005469024,3.9205283e-05,0.002105127,9.822559e-05,0.0024335645,4.4834218e-05,0.00017532063,8.39789e-05,4.3705855e-05,0.0031871127,0.9999845,0.009002526,0.99942786,2.2113076e-05
5.377961e-09,0.0001891811,4.2803267e-06,1.3234051e-06,1.1335306e-06,3.2463263e-06,0.011248728,3.5107533e-07,4.779371e-07,0.031602185,0.014505031,4.4008806e-07,2.338544e-09,6.4682968e-06,2.0735795e-08,1.0363254e-05,3.3700156e-09,5.234609e-08,1.2064646e-08,3.6534384e-09,1.2472972e-05,1.0,9.728957e-05,0.9999995,9.292049e-10
0.00011963542,0.016081372,0.0029561901,0.0017160019,0.0015057607,0.0023178207,0.106374264,0.0007890137,0.0010153701,0.16137297,0.09298185,0.0009933435,8.995393e-05,0.0034595022,0.0002004633,0.0038568801,0.00010016272,0.00033976953,0.00017393046,9.755127e-05,0.005197705,0.99996376,0.013151202,0.99898046,5.0797855e-05
9.109783e-06,0.0051518725,0.0005318829,0.00026131936,0.00022760389,0.0004383589,0.06035334,0.00011019219,0.00013824235,0.10962002,0.06189599,0.00013486731,5.7239504e-06,0.0006822779,1.8777962e-05,0.000845558,6.8731956e-06,3.658748e-05,1.5071302e-05,7.00929e-06,0.0010630095,0.999998,0.0037171165,0.9998535,3.0598821e-06
1.9242257e-06,0.0026035295,0.00019188707,8.588346e-05,7.459072e-05,0.00015855001,0.042247705,3.3480308e-05,4.190099e-05,0.08553919,0.046891566,4.05601e-05,1.1130511e-06,0.0002571275,4.4999683e-06,0.00033841952,1.3837102e-06,9.379972e-06,3.4068867e-06,1.4485773e-06,0.00041754777,0.99999964,0.0017430834,0.99995446,5.5885187e-07
2.8730554e-07,0.0011175717,5.5855355e-05,2.1636897e-05,1.9022858e-05,4.5710563e-05,0.02795304,7.758667e-06,9.78282e-06,0.06286775,0.032945696,9.339537e-06,1.4789265e-07,7.767769e-05,8.001869e-07,0.00010943875,1.9843499e-07,1.7768132e-06,5.5023224e-07,2.069258e-07,0.00013161296,1.0,0.0006780764,0.99998915,7.180154e-08
6.5046706e-06,0.004416453,0.00041489652,0.00019691691,0.00017555164,0.00035777825,0.055930544,8.684752e-05,0.00010559114,0.10446296,0.057941847,0.000104141116,3.8836483e-06,0.000550656,1.3800972e-05,0.0006901027,4.8596326e-06,2.8120168e-05,1.1014202e-05,4.914207e-06,0.00084305264,0.99999857,0.0031154929,0.9998847,2.179096e-06
4.455246e-07,0.00134295,7.3040974e-05,2.9524244e-05,2.606275e-05,6.0548595e-05,0.030411115,1.0873816e-05,1.3499173e-05,0.06730188,0.035364904,1.3071616e-05,2.3333128e-07,0.0001018998,1.1759188e-06,0.000141812,3.0550456e-07,2.6231692e-06,8.360564e-07,3.232136e-07,0.00016994074,0.9999999,0.0008431362,0.99998486,1.1374338e-07
3.3547704e-07,0.0011956652,6.143205e-05,2.3958897e-05,2.1222782e-05,5.0995397e-05,0.029011514,8.751902e-06,1.097639e-05,0.06456312,0.03397597,1.05168065e-05,1.7246496e-07,8.597309e-05,9.233443e-07,0.00011995058,2.3141814e-07,2.04275e-06,6.3673144e-07,2.4138564e-07,0.00014422754,1.0,0.0007294175,0.9999877,8.4447144e-08
2.852504e-05,0.008476971,0.001080148,0.0005649501,0.0005058568,0.0009499196,0.07754149,0.00027202308,0.00032624567,0.13205086,0.07437834,0.00032619404,1.85072e-05,0.0013725726,5.362637e-05,0.0016438155,2.251837e-05,0.00010394774,4.5680146e-05,2.2444317e-05,0.0020327903,0.9999925,0.006376177,0.9996433,1.1079887e-05
0.00010667089,0.015187745,0.002602673,0.0015304215,0.0013471132,0.002197619,0.10235618,0.00073291606,0.0009034968,0.15904531,0.09050531,0.00089872256,7.664528e-05,0.0031507502,0.00017626146,0.003586166,8.5592306e-05,0.0003175124,0.00015661395,8.69555e-05,0.0047181854,0.99996805,0.012245773,0.9990544,4.4320823e-05
5.90366e-10,6.9250156e-05,9.657444e-07,2.6013757e-07,2.3235224e-07,7.576747e-07,0.00661864,6.394133e-08,8.837098e-08,0.021519102,0.008941305,7.9675736e-08,2.1766995e-10,1.6154544e-06,2.7020586e-09,2.8109525e-06,3.439465e-10,7.969501e-09,1.4563395e-09,3.814147e-10,3.1331974e-06,1.0,3.2293527e-05,0.9999999,8.387236e-11
8.905599e-07,0.00185709,0.00011877177,5.006264e-05,4.3120624e-05,9.4726376e-05,0.03611887,1.8306911e-05,2.3527095e-05,0.07555358,0.040974792,2.2583641e-05,4.993494e-07,0.00015851464,2.2452766e-06,0.00021255754,6.3694097e-07,4.6668856e-06,1.6177839e-06,6.554247e-07,0.00026731708,0.9999999,0.0011928027,0.99997485,2.429107e-07
0.00050040265,0.028977731,0.0070415325,0.0045319777,0.0041041155,0.0060735485,0.14442188,0.0024061506,0.002957042,0.19677348,0.11228286,0.0029557967,0.0003886811,0.00819183,0.00073683815,0.0089014415,0.00043291424,0.0012661881,0.0006960714,0.0004158286,0.011584934,0.9998149,0.025575653,0.99689376,0.00024966657
6.308621e-05,0.011947964,0.0018629637,0.0010457052,0.00091794255,0.0015505177,0.09166604,0.000487093,0.00060913106,0.14674553,0.0834486,0.00060103537,4.4659133e-05,0.0022955942,0.000109782726,0.0026517615,5.0684528e-05,0.00020238478,9.655683e-05,5.0003575e-05,0.0033997968,0.999982,0.009625858,0.99936,2.5607505e-05
0.00012155441,0.015809448,0.002786543,0.0016213398,0.001457501,0.0024223248,0.10648354,0.0008166195,0.0009946318,0.1625742,0.09230228,0.0009978518,8.6565415e-05,0.003391206,0.00020141185,0.0038686264,0.00010030609,0.0003680703,0.00018134492,9.7962366e-05,0.0049120295,0.9999621,0.01297852,0.9989348,5.3532865e-05
1.1937459e-05,0.005831755,0.0006209136,0.0003060484,0.00027153984,0.00053531886,0.06388938,0.00013831804,0.00016788613,0.11535203,0.06480507,0.00016639903,7.4560626e-06,0.00079882285,2.4141464e-05,0.0009864923,9.154434e-06,4.8115766e-05,1.9747646e-05,9.2523305e-06,0.0012191486,0.99999726,0.0042180386,0.99981576,4.2228817e-06
8.460193e-06,0.0049991617,0.0004943994,0.00023964046,0.00021246515,0.0004261591,0.058868878,0.00010688818,0.00012907208,0.109032325,0.060769007,0.00012721626,5.2040805e-06,0.0006483139,1.759222e-05,0.0008093667,6.4238943e-06,3.5576908e-05,1.43201205e-05,6.5209806e-06,0.0009883727,0.9999981,0.0035677769,0.999858,2.9116657e-06
5.2349074e-05,0.011004735,0.0016366933,0.0008994152,0.000798292,0.0013842203,0.0886774,0.000424328,0.0005239849,0.1436945,0.081938386,0.0005208421,3.5966994e-05,0.002018565,9.302291e-05,0.0023481036,4.179161e-05,0.00017157923,8.064931e-05,4.1269224e-05,0.003014703,0.99998534,0.0086580245,0.9994423,2.1034748e-05
0.00010259518,0.01494941,0.0025891229,0.001509586,0.001321386,0.0021183658,0.10122448,0.00070526067,0.0008828906,0.15750329,0.08982462,0.00087162893,7.534794e-05,0.0031088488,0.0001704149,0.0035247398,8.2981045e-05,0.0003038664,0.00015098434,8.330493e-05,0.004639003,0.9999695,0.012209351,0.99908257,4.2360814e-05
0.00029049272,0.023283076,0.005143953,0.003169757,0.002825634,0.0041847094,0.12877154,0.0015646116,0.0019702446,0.18288523,0.10523473,0.0019597355,0.00022611118,0.0059000114,0.00044903092,0.0064909817,0.0002486145,0.00076296396,0.00040794822,0.0002390565,0.008572231,0.99990046,0.020125007,0.9979728,0.0001352159
0.00012788252,0.016528534,0.0029986124,0.0017751905,0.0015569451,0.0024480473,0.10685296,0.00083479396,0.001049989,0.16285798,0.093289986,0.0010330869,9.493137e-05,0.0035588124,0.00020938499,0.004007348,0.00010434817,0.00036673917,0.0001859059,0.00010455854,0.00534,0.9999609,0.013505243,0.9989176,5.388957e-05
0.00017779057,0.018791454,0.0036940866,0.0021978668,0.0019547234,0.003054173,0.11601784,0.0010741783,0.0013492337,0.17067496,0.09819653,0.0013408841,0.00013272706,0.0043468126,0.00028639662,0.004859243,0.00014927739,0.00049900584,0.0002570807,0.00014443274,0.006323215,0.9999423,0.015794937,0.99860245,7.92895e-05
1.546068e-06,0.0023716572,0.0001703842,7.4425305e-05,6.401573e-05,0.00013576627,0.040694293,2.7893788e-05,3.57786e-05,0.082523234,0.04530869,3.4375422e-05,8.9614355e-07,0.00022451204,3.702589e-06,0.00029505696,1.1164253e-06,7.5133507e-06,2.7449419e-06,1.1541846e-06,0.00037301658,0.99999976,0.0015641752,0.99996185,4.4000367e-07
0.0065016113,0.08515345,0.038226098,0.028656783,0.027192546,0.03357735,0.2478928,0.018265959,0.020790376,0.27397683,0.16075528,0.020459192,0.005706979,0.03970622,0.008088965,0.039794933,0.006172671,0.011813499,0.008018447,0.0059948238,0.05485376,0.9967326,0.08053927,0.9783876,0.0041372576
0.00022813029,0.020882841,0.0043136147,0.0026210407,0.0023383999,0.0036054798,0.12225743,0.0013048913,0.0016294515,0.17697729,0.10155017,0.0016267287,0.00017229057,0.005050836,0.00035955542,0.0056375707,0.00019308168,0.0006265754,0.00032722284,0.00018702848,0.0073202136,0.9999236,0.017816968,0.9983015,0.000104788494
0.0018331496,0.050867174,0.016847236,0.011840316,0.010887,0.014221503,0.18930124,0.006636547,0.007996308,0.23270124,0.13345437,0.007907792,0.001544758,0.01841483,0.0024514825,0.019193737,0.001656716,0.0038779299,0.0023668592,0.0016195286,0.0259649,0.9992212,0.047228392,0.9917327,0.0010080117
0.0030231045,0.06275714,0.023907417,0.016830508,0.015881607,0.019642878,0.21434961,0.009663565,0.011805364,0.24937077,0.14433399,0.011598433,0.0026239618,0.025051473,0.0039758957,0.025449947,0.002882121,0.005985077,0.0038201534,0.00265131,0.034509357,0.9986125,0.05928841,0.9880112,0.0017934854
3.979524e-06,0.0036026428,0.0003223572,0.00014811022,0.00012684138,0.00025180256,0.050155606,5.7545967e-05,7.384702e-05,0.09590744,0.053610746,7.150495e-05,2.501194e-06,0.0004108605,8.796015e-06,0.00051783706,2.965912e-06,1.717086e-05,6.7830215e-06,3.003742e-06,0.0006661726,0.99999917,0.0025373164,0.9999218,1.2332164e-06
2.5878458e-06,0.0029597594,0.00023447494,0.000105614316,9.205085e-05,0.00019186786,0.045522753,4.192085e-05,5.2168274e-05,0.090111986,0.049669158,5.1017916e-05,1.5207867e-06,0.0003068036,5.9176386e-06,0.00039783478,1.8813926e-06,1.2039073e-05,4.507846e-06,1.938458e-06,0.00050097104,0.9999995,0.0020049012,0.999943,7.782573e-07
4.657396e-05,0.010724573,0.0015477526,0.00085477513,0.0007420675,0.0012653141,0.08589377,0.00038331666,0.00048269858,0.14116749,0.08062353,0.0004791433,3.2464155e-05,0.0018740274,8.257878e-05,0.002179322,3.672542e-05,0.00015027953,7.037322e-05,3.715417e-05,0.0029192178,0.9999875,0.0082309805,0.9994998,1.7915614e-05
0.00058948656,0.031331,0.007989747,0.0051508313,0.004676204,0.006698626,0.15020332,0.0026976075,0.003352749,0.20169504,0.115775,0.0033644037,0.00046661333,0.009021464,0.0008568701,0.009768832,0.00051449786,0.0014382628,0.0008020813,0.0004908066,0.012864716,0.99977845,0.027877783,0.99651176,0.00029531954
4.4113407e-05,0.010251055,0.0014419436,0.0007829201,0.00069879723,0.0012489579,0.08501239,0.0003759366,0.00045664096,0.14031728,0.07918523,0.00045591657,2.9671159e-05,0.0018074587,7.9363555e-05,0.0021300977,3.5085133e-05,0.00015136677,6.887536e-05,3.4846184e-05,0.00267414,0.99998784,0.00797475,0.99950516,1.7613673e-05
7.959889e-05,0.013252657,0.0021354163,0.0012075849,0.0010755007,0.0018356773,0.09676831,0.00058908947,0.0007205424,0.1528901,0.086860284,0.0007200633,5.5894994e-05,0.002614608,0.00013648836,0.0030204023,6.473533e-05,0.00025289608,0.000120929064,6.383084e-05,0.0038406209,0.9999764,0.010654119,0.9992261,3.3424414e-05
6.724347e-05,0.012312657,0.0018951613,0.001054124,0.0009453178,0.001653011,0.0937808,0.0005214772,0.0006326067,0.14983249,0.08498725,0.00063183816,4.6097797e-05,0.0023484118,0.000117553194,0.002722888,5.4619893e-05,0.00021855628,0.0001032245,5.369085e-05,0.003442721,0.99998045,0.00966997,0.9993206,2.8122717e-05
3.733353e-05,0.009627367,0.0013665596,0.00072833314,0.0006347885,0.001094006,0.0824639,0.00032253796,0.0004091437,0.13655157,0.07841509,0.00040519005,2.6190894e-05,0.0016479752,6.870047e-05,0.0019376175,2.9947072e-05,0.00012417219,5.7759786e-05,2.9430525e-05,0.0025249622,0.9999901,0.007502176,0.9995741,1.4389089e-05
2.1801126e-05,0.007583604,0.00094755046,0.00048950635,0.00042732217,0.00077533413,0.0733897,0.0002148986,0.00027018276,0.1256274,0.071888976,0.00026600825,1.45455715e-05,0.0011742773,4.190139e-05,0.0014103854,1.7083721e-05,7.88457e-05,3.48142e-05,1.7029164e-05,0.0018044353,0.9999945,0.005738691,0.9997142,8.014723e-06
0.00025020464,0.021748576,0.0046070917,0.002819195,0.002510914,0.0038091505,0.12458664,0.0013967762,0.0017526477,0.17890242,0.10280651,0.0017429073,0.00019090525,0.005378644,0.000390911,0.0059651164,0.00021230172,0.0006763996,0.0003564772,0.00020559297,0.007765685,0.9999155,0.018672504,0.9981832,0.00011527351
3.3210513e-06,0.0033324186,0.00028100368,0.00012833292,0.00011082486,0.00022313748,0.048466254,4.9976785e-05,6.396191e-05,0.093784206,0.05226521,6.2578e-05,2.0117266e-06,0.00035930067,7.455529e-06,0.00045958688,2.461649e-06,1.4698626e-05,5.6582844e-06,2.4921108e-06,0.0005899455,0.9999994,0.0022828053,0.9999325,1.01958e-06
2.9237612e-05,0.008718,0.0011824883,0.0006165924,0.00053509715,0.0009308964,0.07904006,0.00026700099,0.00034438877,0.13199723,0.07611804,0.0003385657,2.025855e-05,0.0014156684,5.5340697e-05,0.0016597322,2.3571043e-05,9.902234e-05,4.5623856e-05,2.2845332e-05,0.002205369,0.9999924,0.0066112583,0.9996494,1.1139909e-05
5.235252e-05,0.011034188,0.0016430222,0.00091491226,0.0008026536,0.001376545,0.08768741,0.00042428655,0.0005213545,0.14303839,0.08109782,0.00052130426,3.647833e-05,0.002023397,9.2031005e-05,0.0023608755,4.1303796e-05,0.00017188906,8.005441e-05,4.1602176e-05,0.003044881,0.9999856,0.008767274,0.9994462,2.0624877e-05
4.4755787e-05,0.010326797,0.0015132669,0.0008227637,0.0007196482,0.0012364091,0.085249506,0.0003720018,0.00046711403,0.13969505,0.07981923,0.00046134324,3.1289546e-05,0.0018516469,8.043081e-05,0.002172271,3.558654e-05,0.00014806815,6.8991576e-05,3.548522e-05,0.002779114,0.99998784,0.008200582,0.999508,1.7419034e-05
2.008916e-06,0.0026552947,0.00020347915,8.969601e-05,7.73273e-05,0.0001609962,0.043328285,3.412552e-05,4.3673357e-05,0.08595371,0.047636457,4.2125637e-05,1.1884409e-06,0.00026607572,4.726867e-06,0.00034625325,1.4662734e-06,9.50437e-06,3.5342828e-06,1.499823e-06,0.00043540387,0.99999964,0.0017923666,0.9999534,5.8910894e-07
3.084897e-05,0.008806629,0.0011944114,0.0006320673,0.00055085414,0.0009673176,0.078845054,0.0002787008,0.0003519152,0.13219005,0.07562642,0.00034688035,2.1204169e-05,0.0014642837,5.7304584e-05,0.0017413947,2.4355526e-05,0.000106286374,4.8262358e-05,2.4260693e-05,0.0022298235,0.999992,0.0068501593,0.9996294,1.16276615e-05
4.917015e-06,0.0039242622,0.0003578344,0.00016831266,0.00014589276,0.00029191838,0.052111465,6.836769e-05,8.579497e-05,0.099157184,0.055406693,8.340969e-05,3.028707e-06,0.0004670606,1.06040325e-05,0.00059120444,3.6301403e-06,2.1276868e-05,8.370814e-06,3.7409823e-06,0.00073605846,0.99999905,0.0027890655,0.9999075,1.544522e-06
0.0001177145,0.015671695,0.0028186897,0.0016420112,0.0014487582,0.0023317202,0.10512845,0.0007837442,0.0009822086,0.16081321,0.09187994,0.0009669956,8.645107e-05,0.00339561,0.00019518407,0.0038486104,9.6515134e-05,0.000347793,0.00017458978,9.522994e-05,0.0049608443,0.9999639,0.013017163,0.9989717,5.0315208e-05
4.7176587e-09,0.00017571289,3.700824e-06,1.115843e-06,1.0015536e-06,3.028782e-06,0.010600133,3.22289e-07,4.2338684e-07,0.03101288,0.013868466,3.9148514e-07,1.8988562e-09,5.9185923e-06,1.8060918e-08,9.615524e-06,2.8636813e-09,4.9791762e-08,1.0688665e-08,3.1562803e-09,1.0702182e-05,1.0,8.927865e-05,0.9999995,8.023535e-10
2.8390594e-05,0.008477136,0.0010973169,0.00057557947,0.00050990103,0.0009369369,0.07750239,0.0002667013,0.00032655094,0.13138431,0.07458422,0.0003251028,1.87895e-05,0.0013735625,5.3319192e-05,0.0016452959,2.2350423e-05,0.00010196172,4.508663e-05,2.2307026e-05,0.002063365,0.9999926,0.0064614415,0.9996468,1.0820047e-05
1.5040778e-08,0.00029887,8.1666185e-06,2.6562195e-06,2.3256314e-06,6.4655715e-06,0.014273465,7.847047e-07,1.0314844e-06,0.0380638,0.018065289,9.67829e-07,6.6602404e-09,1.2124335e-05,5.327153e-08,1.8920238e-05,9.6190504e-09,1.3241028e-07,3.2290792e-08,1.028052e-08,2.2484488e-05,1.0,0.00015872033,0.9999988,2.8683225e-09
4.229617e-06,0.0036674736,0.00031706956,0.00014731246,0.00013029831,0.00026673588,0.050611526,6.167054e-05,7.572647e-05,0.097455256,0.054020464,7.438189e-05,2.5149066e-06,0.0004180012,9.284718e-06,0.00053551863,3.1194647e-06,1.9006504e-05,7.259413e-06,3.1902293e-06,0.00065878476,0.99999917,0.0025494932,0.9999168,1.3393485e-06
0.0025279014,0.0577866,0.020502124,0.01458266,0.013567484,0.017604174,0.20471759,0.008417263,0.010197916,0.24198566,0.14028195,0.010133793,0.0021522148,0.02230042,0.0033140604,0.022958608,0.0023371677,0.005253299,0.0032610265,0.0022066066,0.030546697,0.99885845,0.054409813,0.9894097,0.0014647369
6.2459696e-07,0.001563202,9.041712e-05,3.7250345e-05,3.304403e-05,7.574713e-05,0.032665636,1.41874125e-05,1.738692e-05,0.07134794,0.037621148,1.6905027e-05,3.3028445e-07,0.00012562911,1.5977197e-06,0.00017318163,4.3085305e-07,3.5604096e-06,1.1581352e-06,4.5739273e-07,0.00020607281,0.9999999,0.0009926769,0.99998045,1.6484871e-07
1.796886e-05,0.0070832632,0.0008469449,0.00043499502,0.00037544395,0.0006727727,0.07002792,0.00018342324,0.00023406999,0.12212955,0.069830224,0.00022963017,1.2099812e-05,0.0010396919,3.4784465e-05,0.0012441357,1.39360745e-05,6.4251806e-05,2.8459284e-05,1.4002509e-05,0.0016598207,0.9999957,0.005203986,0.99975675,6.3745174e-06
3.936998e-05,0.009732275,0.0013764093,0.00074227224,0.0006518265,0.001136315,0.08270816,0.00033776858,0.00042206768,0.13693233,0.07777335,0.00041519266,2.7045098e-05,0.0017076739,7.120365e-05,0.0020093408,3.10391e-05,0.00013298118,6.1324004e-05,3.092883e-05,0.0025575722,0.9999894,0.0076549426,0.9995522,1.520877e-05
0.0012314791,0.043019567,0.012975527,0.008875553,0.008110055,0.010874996,0.17453572,0.0048169317,0.0059002074,0.22122847,0.12693493,0.0058594164,0.0010161191,0.014357867,0.0016887487,0.0151580665,0.0010947739,0.0027380197,0.0016169802,0.0010642695,0.020317113,0.9994998,0.039400592,0.99390596,0.0006516454
0.00016168435,0.018323831,0.003431192,0.0020784084,0.0018304581,0.002886015,0.11204356,0.0010111777,0.0012495726,0.16860242,0.09611491,0.0012385601,0.00011945462,0.0040986678,0.00025801721,0.004583331,0.00013170723,0.00045561092,0.00023249544,0.00013402237,0.006124368,0.99994934,0.014968859,0.9987012,6.966665e-05
2.679558e-07,0.0010779965,5.352149e-05,2.0775144e-05,1.814386e-05,4.334648e-05,0.027305609,7.3087335e-06,9.282327e-06,0.0617355,0.03230858,8.825558e-06,1.3895244e-07,7.484658e-05,7.4503726e-07,0.00010590515,1.8348737e-07,1.665981e-06,5.1542554e-07,1.9319785e-07,0.00012664474,1.0,0.0006632453,0.99998975,6.5690905e-08
0.0006885379,0.033573326,0.008962452,0.0058589773,0.0052890647,0.0073885745,0.15430051,0.0030514987,0.0038000185,0.20506053,0.11759523,0.0037738804,0.0005591839,0.01007674,0.000991382,0.010816571,0.0006059983,0.001638158,0.0009302554,0.00058004056,0.01431979,0.9997385,0.030272778,0.9960747,0.00034758082
5.4618642e-05,0.01129065,0.0017055357,0.00093664735,0.00082698034,0.0014193092,0.089706875,0.0004373984,0.00054275687,0.14479363,0.08296607,0.0005397021,3.8063703e-05,0.0020682889,9.718507e-05,0.0024123576,4.4043587e-05,0.0001777858,8.383647e-05,4.3370128e-05,0.00310927,0.9999846,0.008896816,0.99942505,2.2053582e-05
2.8175413e-05,0.008459451,0.0011131793,0.0005858425,0.000512985,0.0009230069,0.07766466,0.00026335582,0.00032732237,0.13089705,0.07485328,0.00032496426,1.9032566e-05,0.0013746101,5.3056352e-05,0.001633159,2.2228412e-05,9.929703e-05,4.452786e-05,2.2067845e-05,0.0020963019,0.9999927,0.006474492,0.99965215,1.065557e-05
0.00017542647,0.018571896,0.0035630977,0.0021370975,0.0019158435,0.0030607372,0.115563326,0.0010775334,0.0013247542,0.17088781,0.09773852,0.0013305695,0.00012891577,0.004257315,0.0002823206,0.004787579,0.00014711286,0.0005042725,0.00025686604,0.00014236804,0.006186654,0.99994266,0.015530988,0.9985967,7.958424e-05
2.1167418e-05,0.00747908,0.0009347252,0.00048176548,0.00041919923,0.0007551605,0.07287871,0.00020905644,0.00026454084,0.12495171,0.07176652,0.0002599583,1.4141565e-05,0.001162127,4.071698e-05,0.0013926572,1.652622e-05,7.628907e-05,3.3830558e-05,1.656867e-05,0.0017771815,0.99999475,0.005654809,0.9997218,7.717159e-06
0.00011926318,0.01620437,0.0028905566,0.0016949468,0.0014895961,0.0023269232,0.106195495,0.00079068576,0.0010067266,0.16182435,0.09328876,0.0009842297,8.786614e-05,0.0034154332,0.00019752374,0.0037944126,9.788299e-05,0.0003348026,0.00017237947,9.760504e-05,0.005250691,0.99996436,0.012816163,0.99898547,5.0078783e-05
1.8294799e-05,0.006990576,0.0008337954,0.00042627467,0.00037416874,0.0006965824,0.07042325,0.00018951383,0.00023510648,0.122402504,0.06957083,0.00023096806,1.192584e-05,0.0010558899,3.5694593e-05,0.0012784725,1.4157137e-05,6.8415815e-05,2.957525e-05,1.4238486e-05,0.0016040634,0.99999547,0.0052309353,0.9997491,6.636556e-06
1.4147733e-08,0.00029053926,7.803681e-06,2.5110721e-06,2.216999e-06,6.2614145e-06,0.014060156,7.5465175e-07,9.849404e-07,0.037788123,0.017737703,9.2144955e-07,6.196658e-09,1.168472e-05,5.0558796e-08,1.8273264e-05,9.059662e-09,1.2729402e-07,3.0591615e-08,9.594661e-09,2.1516526e-05,1.0,0.00015378908,0.9999989,2.707326e-09
0.00069467706,0.03373723,0.009142472,0.006007498,0.0053776135,0.0074155303,0.15489069,0.0030950252,0.0038636262,0.2047619,0.11804606,0.0037948396,0.0005710364,0.010241663,0.001008812,0.010987626,0.0006161204,0.0016527418,0.00094510795,0.00059375144,0.014516766,0.9997358,0.030566124,0.9960427,0.00035216575
9.267044e-05,0.014102351,0.0023472758,0.0013521294,0.0012030052,0.0020148675,0.099751085,0.00066122087,0.00081015454,0.1556779,0.088463716,0.0008093085,6.593905e-05,0.0028887843,0.0001565138,0.0033184008,7.567472e-05,0.00028899798,0.00014014778,7.441722e-05,0.004208808,0.9999721,0.011502276,0.999134,3.9534472e-05
0.0012381102,0.043001287,0.012986733,0.008804198,0.008085087,0.010893353,0.17595558,0.004798978,0.0059282216,0.22178599,0.12756675,0.005926986,0.0010194072,0.01431132,0.0017029517,0.015138553,0.0011147052,0.0027713384,0.001630531,0.0010564851,0.020070799,0.9994911,0.03953831,0.9938769,0.000666547
4.578442e-05,0.010506616,0.0015391529,0.0008372324,0.00073414564,0.0012529375,0.08620576,0.0003785464,0.00047884815,0.14025858,0.08071503,0.0004718895,3.2010066e-05,0.0018758766,8.259288e-05,0.002195766,3.6788268e-05,0.00015088143,7.05566e-05,3.6337435e-05,0.002825141,0.9999875,0.008264599,0.99950004,1.7980414e-05
7.830016e-05,0.013449528,0.0022062308,0.001247321,0.0010896313,0.0017669643,0.09736986,0.00056792866,0.0007306642,0.15262899,0.08821456,0.0007209864,5.6380115e-05,0.0026104667,0.0001349503,0.0029507983,6.404614e-05,0.00023204919,0.0001153638,6.2884465e-05,0.004033895,0.99997747,0.010504643,0.99926704,3.190562e-05
0.0022241685,0.0546553,0.018947095,0.013446795,0.012381744,0.016170707,0.1973902,0.007634783,0.009214304,0.23811336,0.13680199,0.009151146,0.0018773995,0.020669807,0.0029249305,0.021424975,0.0020163667,0.0046674414,0.0028574646,0.0019551525,0.02853592,0.99902415,0.051472355,0.990457,0.0012488782
5.3917327e-05,0.011206797,0.0016473054,0.00090443605,0.0008074675,0.0014318541,0.08905128,0.00043962937,0.00053171895,0.1446524,0.08212115,0.00053272495,3.672248e-05,0.0020450028,9.570415e-05,0.0023953447,4.3294425e-05,0.00018117383,8.354295e-05,4.3016877e-05,0.0030056832,0.99998474,0.008773451,0.99942255,2.1992257e-05
0.0002970794,0.023360156,0.004958291,0.0030682075,0.0027850326,0.0043520387,0.12934515,0.0016173298,0.0019712574,0.1842249,0.10496262,0.0019903611,0.00022173561,0.0058687786,0.0004564312,0.0065223295,0.0002531723,0.0008110424,0.00042343463,0.00024451985,0.008374856,0.9998963,0.019894995,0.99789494,0.00014216645
0.00012700052,0.016240776,0.002864673,0.0016801264,0.0015056396,0.0024976174,0.10714908,0.00084708014,0.0010271682,0.16338666,0.09280951,0.0010318864,9.1022164e-05,0.003485807,0.00020893448,0.003958267,0.00010464372,0.0003843366,0.00018895286,0.00010284819,0.0050506033,0.9999602,0.013269316,0.99889576,5.5946453e-05
0.00042139224,0.027184399,0.0064461445,0.0041124104,0.0036805754,0.0053656925,0.13864075,0.002092444,0.0026069963,0.19155638,0.10974561,0.0025883166,0.00033226132,0.0074574277,0.0006297619,0.00814591,0.0003624684,0.0010752667,0.0005867805,0.00035171412,0.01064374,0.99984896,0.024057033,0.99728537,0.00020319049
0.0002115692,0.020359507,0.0041564964,0.0025169295,0.0022254759,0.0034311574,0.12039804,0.0012330925,0.0015481632,0.17562246,0.101098746,0.0015418115,0.00016039326,0.004806672,0.00033437836,0.005306811,0.00017809919,0.0005784662,0.0003028013,0.00017315471,0.0071091997,0.9999298,0.01710975,0.9984029,9.617539e-05
2.2723265e-05,0.0077214045,0.0009666742,0.00050011603,0.00043917802,0.0007978566,0.07421957,0.00022224571,0.00027735293,0.12687355,0.072445214,0.00027489278,1.5082359e-05,0.0011962799,4.3518285e-05,0.0014343357,1.780597e-05,8.182751e-05,3.6050264e-05,1.7660534e-05,0.001843513,0.9999943,0.0058193915,0.9997054,8.427998e-06
9.786564e-05,0.014528279,0.002487927,0.0014171252,0.0012542921,0.002089156,0.102028385,0.0006836281,0.00084859075,0.15793635,0.09043263,0.0008544343,7.028744e-05,0.002948452,0.00016516747,0.0033529305,8.061309e-05,0.00029738888,0.00014571953,7.801657e-05,0.004412834,0.9999702,0.011769814,0.9991061,4.1829087e-05
0.00092477887,0.038187765,0.010983767,0.007267287,0.006753185,0.008866673,0.16695154,0.0038997708,0.0048547927,0.21504219,0.12338107,0.00471757,0.0007428288,0.012187908,0.0013249877,0.012577402,0.0008364477,0.0020140172,0.0012259744,0.000796232,0.017818213,0.9996433,0.033479005,0.9951794,0.00048713986
0.00033692564,0.024496047,0.005476983,0.0034428237,0.003091314,0.004653756,0.13220632,0.0017644007,0.0021847268,0.18621078,0.10618488,0.0021814965,0.00025829463,0.0064352145,0.00051047246,0.0070715346,0.0002864193,0.00088821695,0.00047549384,0.00027711477,0.009196704,0.99988186,0.021382215,0.99770737,0.0001602222
0.0015548986,0.047472488,0.015297078,0.010428751,0.009633152,0.012629901,0.18542662,0.0057259807,0.0071011973,0.22958143,0.13198346,0.0070583154,0.0012991546,0.016448949,0.00210213,0.017105829,0.001419068,0.003330163,0.0020088924,0.0013280432,0.023185225,0.999343,0.04372841,0.992789,0.0008574896
0.115955606,0.27882,0.22274299,0.19478971,0.19103067,0.21303134,0.41780517,0.16953953,0.17317796,0.39041033,0.28800637,0.17375803,0.11417809,0.22081062,0.1258509,0.1982049,0.1265113,0.15653014,0.124724075,0.105570376,0.2605736,0.9083127,0.24645321,0.8207809,0.09933769
0.16709098,0.3224539,0.27068838,0.24467152,0.24033438,0.26193815,0.4382817,0.21923633,0.22348243,0.40911746,0.3178408,0.22433944,0.16658826,0.27244565,0.1767595,0.24094903,0.18212518,0.21365543,0.17475489,0.15212394,0.31101072,0.85907096,0.28562763,0.7677684,0.14630994
0.0063612647,0.08454729,0.037673,0.028159918,0.026907878,0.03308405,0.25006554,0.018140752,0.020702932,0.27357244,0.16076225,0.020358218,0.005503678,0.039270084,0.007945214,0.038772445,0.006105628,0.011491644,0.00786648,0.005799705,0.054964118,0.9968131,0.078019835,0.97887236,0.0041170414
0.00028330905,0.023104267,0.005117831,0.0031448414,0.0027896105,0.0041254787,0.12854038,0.0015419011,0.0019524698,0.18242113,0.1053619,0.0019243372,0.00022188386,0.0058478955,0.0004414351,0.006389593,0.00024365923,0.0007409849,0.00039988235,0.00023387432,0.008534383,0.99990296,0.019834537,0.99801,0.00013245156
9.995872e-05,0.014630627,0.0024726419,0.001422899,0.0012722936,0.0021210103,0.101700306,0.000698445,0.00085741276,0.15786952,0.089902654,0.0008573258,7.1067574e-05,0.0030110215,0.00016796555,0.0034564836,8.1746635e-05,0.00030792298,0.00014977498,8.0439015e-05,0.0044068755,0.9999696,0.011913327,0.9990814,4.2650885e-05
0.00014965008,0.017519247,0.0032562173,0.0019560328,0.0017215122,0.0027425848,0.11032392,0.0009494106,0.0011742472,0.16655806,0.095047355,0.0011720798,0.00010992215,0.0038856503,0.0002405555,0.0043751234,0.00012205209,0.00043116085,0.00021714032,0.00012292623,0.005742359,0.99995303,0.014493317,0.9987729,6.456837e-05
0.0004037382,0.026428843,0.006000603,0.0038053996,0.003477923,0.0053143324,0.1380273,0.0020586671,0.002493521,0.19177867,0.10855987,0.0025123057,0.00030456943,0.007124818,0.0006039117,0.0078156,0.00034703966,0.0010649911,0.0005687781,0.0003327064,0.010038043,0.9998541,0.02287283,0.99735045,0.00019994425
4.6158813e-05,0.010703059,0.0015888051,0.0008662682,0.0007510071,0.0012489139,0.086483486,0.00037913417,0.00048889365,0.1406769,0.08127166,0.000476642,3.3056545e-05,0.0019038898,8.348927e-05,0.002190761,3.7264166e-05,0.0001466195,7.021964e-05,3.69307e-05,0.002943347,0.9999875,0.008266819,0.99950457,1.7873546e-05
0.0063377656,0.08468324,0.03849534,0.028510096,0.026979454,0.03286231,0.24769485,0.017895365,0.020569876,0.27377057,0.16062303,0.020061048,0.005678881,0.039240222,0.008082839,0.039494436,0.0061762375,0.0115917325,0.007874754,0.0058378656,0.053855475,0.99677724,0.08115388,0.97869486,0.004081335
4.4896834e-07,0.0013620029,7.23764e-05,2.8191296e-05,2.5438296e-05,6.296451e-05,0.0304539,1.1198845e-05,1.3494617e-05,0.068268135,0.035570327,1.3140034e-05,2.2683113e-07,0.00010244502,1.1999399e-06,0.0001425055,3.1188145e-07,2.7579304e-06,8.5004893e-07,3.2702107e-07,0.00016366762,0.9999999,0.0008321802,0.9999845,1.1745478e-07
0.00047966174,0.028889565,0.007069172,0.0044868784,0.0040215994,0.0058807423,0.14379029,0.0023149413,0.0028946425,0.19683371,0.1131553,0.0028987315,0.00037835972,0.00794137,0.00070969097,0.008586111,0.00041795176,0.0011917669,0.0006586171,0.00039857576,0.011515464,0.99982363,0.025226414,0.99702793,0.00023646858
2.2274693e-05,0.0076292353,0.0009453119,0.0004911976,0.00043140547,0.00079416984,0.073363036,0.00022102491,0.0002726348,0.12616447,0.07178559,0.00026999015,1.4803796e-05,0.0011880113,4.2663578e-05,0.0014303896,1.7431114e-05,8.17213e-05,3.5822537e-05,1.7402162e-05,0.0018061959,0.9999944,0.005782727,0.99970657,8.290786e-06
0.0110529885,0.10651761,0.054445814,0.041251916,0.040026374,0.047466353,0.2788904,0.027782438,0.03104617,0.293789,0.17548628,0.030849632,0.009910484,0.05436626,0.013478061,0.052907415,0.010991799,0.018955478,0.013378849,0.010090368,0.0744896,0.9939189,0.10062542,0.9679566,0.0076373625
3.984867e-05,0.009834814,0.0013950652,0.0007495125,0.00065591506,0.0011634523,0.08366418,0.00034398978,0.00042562216,0.13791601,0.07895314,0.00042666742,2.7387854e-05,0.0016935412,7.273855e-05,0.0019974748,3.1926807e-05,0.00013601467,6.198177e-05,3.1563555e-05,0.002560099,0.99998915,0.0076967324,0.999546,1.5634256e-05
0.0013693527,0.04473063,0.013459522,0.0091767125,0.008493784,0.011860758,0.17990944,0.0052337223,0.0063467682,0.22525713,0.12900513,0.006426599,0.0011074514,0.014981744,0.0018572342,0.015767524,0.0012305863,0.0030865096,0.0018042026,0.0011617341,0.02090297,0.9994235,0.040591016,0.9933348,0.00075354415
1.5597728e-07,0.0008511769,3.777207e-05,1.396047e-05,1.2282198e-05,3.0570984e-05,0.024448529,4.821622e-06,6.120297e-06,0.056815423,0.029213566,5.8814567e-06,7.7917534e-08,5.2657193e-05,4.592473e-07,7.5541975e-05,1.070001e-07,1.0363239e-06,3.0590894e-07,1.1075285e-07,9.1474634e-05,1.0,0.00050208875,0.9999932,3.7097063e-08
9.218586e-08,0.00067141064,2.5552936e-05,9.00945e-06,8.224416e-06,2.2097245e-05,0.021231813,3.2684973e-06,4.028911e-06,0.052178834,0.025935449,3.875764e-06,4.227932e-08,3.793629e-05,2.7965567e-07,5.5529003e-05,6.095868e-08,6.8551077e-07,1.8454715e-07,6.469837e-08,6.294104e-05,1.0,0.00037958662,0.99999535,2.0716781e-08
0.00010217701,0.014994438,0.002590266,0.001506414,0.0013194424,0.0021139928,0.10205777,0.00070186966,0.00088319014,0.15789539,0.090849996,0.0008733877,7.481832e-05,0.0030746406,0.00017044561,0.003490446,8.297378e-05,0.00030116626,0.00015004599,8.295771e-05,0.0046539456,0.9999695,0.012084117,0.9990864,4.2400505e-05
0.0005170666,0.029671347,0.0073748333,0.004733187,0.0042653778,0.0061716647,0.14589228,0.0024514534,0.0030573457,0.19781779,0.113777384,0.0030317772,0.0004090261,0.008426772,0.0007639894,0.009111471,0.00044953646,0.0012795493,0.0007127662,0.00043267786,0.011998812,0.99980885,0.026199536,0.99683064,0.00025530686
0.0001315851,0.016487278,0.0030134607,0.0017666875,0.0015631039,0.002533714,0.10807769,0.00086057134,0.0010660879,0.16377653,0.09390578,0.0010624005,9.679358e-05,0.0036018572,0.00021684817,0.0040746364,0.000109020235,0.00038843253,0.00019441232,0.000107071486,0.005256911,0.99995875,0.013689233,0.99887305,5.739832e-05
0.00050253596,0.029206006,0.007107675,0.0045476784,0.004127236,0.0060836053,0.14499635,0.0024031524,0.002952669,0.19737522,0.112998635,0.0029826418,0.0003909595,0.008130501,0.0007393661,0.008888352,0.0004358106,0.0012702388,0.0006931115,0.00041801174,0.011579447,0.99981385,0.025755137,0.9968892,0.000249833
0.00051323103,0.02958787,0.0073325876,0.004735796,0.0042475867,0.0061113625,0.14470556,0.002440223,0.0030306159,0.1967523,0.11292687,0.0030169147,0.00040947224,0.008393171,0.0007545089,0.009117044,0.00044563983,0.0012806423,0.0007067819,0.0004302947,0.011945875,0.99981123,0.026373638,0.996846,0.00025260134
0.00015088143,0.017454054,0.0031899817,0.001895543,0.0017064088,0.0027872438,0.11127463,0.00096485874,0.0011769269,0.1673041,0.09511736,0.0011796852,0.00010908783,0.003890683,0.0002449462,0.004403488,0.00012541654,0.00044670035,0.00022352971,0.0001223175,0.0056128143,0.9999517,0.014419716,0.9987411,6.783388e-05
4.1386024e-06,0.0036992375,0.00032322254,0.00015098449,0.00012967199,0.0002571974,0.05060554,5.939454e-05,7.552807e-05,0.096818484,0.05423031,7.402815e-05,2.5452869e-06,0.00041254258,9.050631e-06,0.000522423,3.060854e-06,1.782131e-05,6.989259e-06,3.1368063e-06,0.00068059325,0.99999917,0.002542124,0.9999201,1.2878019e-06
8.78271e-05,0.014238613,0.002419522,0.0013854931,0.0012040529,0.0019016875,0.09907437,0.0006261005,0.00080349884,0.15458658,0.08925172,0.00077980995,6.54184e-05,0.0028514494,0.00015013645,0.003210494,7.213517e-05,0.0002573961,0.00012950986,7.178143e-05,0.0043902416,0.9999745,0.011287542,0.99918944,3.5930963e-05
0.00034089453,0.024697237,0.005548738,0.0034913635,0.0031254473,0.0046994067,0.13257326,0.0017865831,0.0022082196,0.186282,0.10675833,0.0022061258,0.00026375861,0.006493531,0.0005178472,0.007138949,0.00029162018,0.00089884584,0.00048199095,0.00028197115,0.0092858765,0.9998801,0.021561569,0.99768066,0.00016257742
0.00082076347,0.036515433,0.010162855,0.006635868,0.0062814318,0.0080434,0.16739474,0.0036379984,0.0044942494,0.21017982,0.121407,0.004307403,0.0006331831,0.011868063,0.0012131642,0.011689885,0.0007406509,0.0018143912,0.001090898,0.00069736247,0.017017353,0.9996939,0.030603848,0.9956316,0.00043868282
0.0012043988,0.04204878,0.012425739,0.008448103,0.007794685,0.01083036,0.17487194,0.0047245515,0.005755371,0.22082223,0.12660733,0.0057885363,0.00097278296,0.013971158,0.0016565361,0.014837921,0.0010754783,0.0027499304,0.0016024208,0.0010237697,0.019430153,0.99950325,0.038508568,0.99395883,0.00065161934
0.00034913459,0.025080582,0.005728183,0.003571166,0.003199687,0.0047493703,0.13422173,0.0018065381,0.002262428,0.18743604,0.1079567,0.0022471137,0.00027051062,0.006591317,0.0005325937,0.0072469185,0.00030037598,0.0009072337,0.000490961,0.00028952913,0.009450188,0.99987686,0.021803861,0.9976532,0.00016639095
9.068168e-05,0.014176958,0.0023637905,0.0013827336,0.0012032705,0.0019763354,0.09829107,0.00064901775,0.00080195366,0.15504298,0.08807719,0.0007907253,6.539301e-05,0.002871411,0.00015165123,0.0032715006,7.232024e-05,0.00027337193,0.00013425016,7.423705e-05,0.0043325736,0.99997354,0.011349236,0.99916553,3.6917885e-05
0.000527454,0.030044423,0.007540954,0.00482127,0.0043467707,0.0062055783,0.14755788,0.0024756866,0.0031297752,0.1988669,0.114705004,0.0031125394,0.00041717693,0.008473293,0.00077582046,0.009090177,0.0004623435,0.0012890416,0.0007187322,0.0004372894,0.012197752,0.9998042,0.02640094,0.99682283,0.00026270628
0.00077681505,0.035365414,0.009661754,0.0063685174,0.0057522343,0.0080194445,0.15878114,0.003357757,0.004166254,0.20876287,0.119954415,0.004157813,0.0006322249,0.010766528,0.0011048239,0.011504819,0.0006870005,0.0018307056,0.0010447546,0.00065551855,0.015342417,0.999699,0.031902455,0.9956921,0.00039916422
0.006650147,0.08659487,0.037661206,0.028378809,0.027116297,0.033690628,0.24733664,0.018055145,0.020757308,0.27385816,0.15933529,0.02082932,0.00580873,0.039726846,0.008051485,0.03955832,0.006245218,0.012458819,0.008212093,0.0059796837,0.053712167,0.99662364,0.082274176,0.97807705,0.0041962857
0.00027766486,0.02284675,0.004962363,0.0030495103,0.002715703,0.004068671,0.12708981,0.0015100475,0.0018959481,0.18169333,0.10434901,0.0018882818,0.00021471099,0.0057241647,0.00042896916,0.006333944,0.00023649384,0.00073786546,0.00039128851,0.00022853327,0.00829869,0.9999052,0.019726476,0.9980349,0.00012883575
0.00038441483,0.026312437,0.006171697,0.0038748905,0.0034517793,0.0050365604,0.13589332,0.0019452939,0.0024369992,0.18993682,0.10889983,0.0024246455,0.00030425485,0.0070363297,0.0005784955,0.0076786317,0.00033126946,0.0009805728,0.00053181755,0.00031997505,0.010127983,0.9998641,0.023112912,0.9974831,0.00018314642
1.8865822e-09,0.00011660915,2.0807306e-06,5.8702545e-07,5.236087e-07,1.6714379e-06,0.008769549,1.5876117e-07,2.0965008e-07,0.026718158,0.011538385,1.9590259e-07,7.375037e-10,3.285987e-06,7.943474e-09,5.5130345e-06,1.1437069e-09,2.2033053e-08,4.4285264e-09,1.2412666e-09,6.271029e-06,1.0,5.666309e-05,0.99999976,3.029701e-10
0.00035440677,0.025230074,0.005728704,0.0035760968,0.0032080335,0.004829458,0.13435982,0.0018345156,0.0022742297,0.18829544,0.10810883,0.0022872635,0.00027347097,0.006579126,0.0005360804,0.0072315377,0.00030416233,0.0009264298,0.0004960636,0.000292475,0.0094909035,0.99987423,0.021907153,0.9976162,0.00016987369
0.00386696,0.06937975,0.02712405,0.019851342,0.018577611,0.023476494,0.2206714,0.0119295195,0.013957239,0.25572795,0.14752659,0.013853646,0.0033637001,0.028892625,0.004897712,0.029542195,0.003580539,0.007576022,0.004848075,0.0034766279,0.039934214,0.9981844,0.06582498,0.98538995,0.0023005796
0.00055549474,0.030944284,0.0077872537,0.0050691958,0.004545553,0.0064253323,0.14715122,0.0026024932,0.0032452864,0.20019573,0.114650935,0.0032173418,0.0004408199,0.008768264,0.0008072116,0.009391272,0.0004802187,0.0013300242,0.0007504398,0.0004714713,0.012857332,0.9997968,0.026972957,0.9967091,0.00027166877
8.1299164e-05,0.0136687495,0.002233986,0.0012806442,0.0011176771,0.0018223616,0.09724329,0.0005900338,0.00074260164,0.15290572,0.087903574,0.0007315267,5.8691527e-05,0.002670522,0.00013817567,0.0030369859,6.541222e-05,0.00024511904,0.000120436765,6.5813976e-05,0.0040854863,0.9999765,0.01075904,0.9992336,3.2989938e-05
6.808156e-05,0.012370821,0.0019190757,0.001070701,0.0009567477,0.0016696373,0.09385467,0.00052530563,0.0006382506,0.14967681,0.08509151,0.00063993083,4.7067064e-05,0.0023665167,0.00011884723,0.002755554,5.528067e-05,0.0002222508,0.000104513376,5.4557007e-05,0.0034670131,0.9999801,0.0098401,0.99931026,2.8404218e-05
2.5320885e-05,0.008098486,0.0010552156,0.00055148854,0.00047954815,0.00084943045,0.07573153,0.00024026826,0.00030460313,0.12826034,0.073751025,0.00029751903,1.7247783e-05,0.0013008397,4.8099933e-05,0.0015600149,1.995003e-05,8.934772e-05,4.014818e-05,1.9960613e-05,0.001987818,0.99999356,0.006208193,0.9996805,9.426001e-06
0.00070349086,0.03339724,0.008723222,0.0057317736,0.005244463,0.007547427,0.15493223,0.0031097,0.0038059964,0.20601666,0.116941,0.0038178728,0.0005528287,0.010061636,0.0010025253,0.0108215,0.0006119743,0.0017023626,0.00095969986,0.0005843416,0.014147191,0.99973005,0.029953528,0.9959954,0.00036011013
0.00019398495,0.019380726,0.0037336745,0.0022497452,0.0020403864,0.0032883547,0.117908835,0.0011749442,0.001425968,0.17370546,0.09840693,0.0014296448,0.00014073607,0.0045291088,0.0003087546,0.005086418,0.00016272259,0.00055821013,0.0002840699,0.00015733391,0.0065006935,0.99993587,0.016132979,0.99848,8.996722e-05
5.5042886e-09,0.0001895789,4.205556e-06,1.2613e-06,1.1262852e-06,3.4156706e-06,0.01133583,3.6523852e-07,4.7828723e-07,0.032124598,0.014595336,4.4882617e-07,2.2611668e-09,6.4863902e-06,2.1398593e-08,1.0426262e-05,3.4490846e-09,5.6599077e-08,1.2399753e-08,3.698119e-09,1.1979941e-05,1.0,9.581445e-05,0.9999994,9.727624e-10
0.00023277782,0.020973157,0.0042566396,0.0025942556,0.0023412516,0.003694283,0.12256558,0.0013372062,0.0016360267,0.17782116,0.101388775,0.001646037,0.00017253355,0.0050700232,0.00036504134,0.005675801,0.00019629176,0.00065065466,0.0003359,0.00019053556,0.007268941,0.9999213,0.017788496,0.9982541,0.00010821021
0.00028842516,0.022914585,0.0049348725,0.003077512,0.002753627,0.004215992,0.12759794,0.0015729038,0.001939699,0.18236628,0.103932865,0.0019371243,0.00021946632,0.005853292,0.00044298658,0.0064712814,0.00024425934,0.0007783281,0.00041177074,0.00023728075,0.008365139,0.9999006,0.01985614,0.99795866,0.00013586055
6.2652514e-05,0.011939321,0.001848111,0.0010402849,0.00091321085,0.0015434714,0.09138347,0.00048448227,0.0005988814,0.14684509,0.08351741,0.0005996919,4.3994052e-05,0.0022599709,0.00010843859,0.0026264475,4.970098e-05,0.00020094035,9.463753e-05,4.9896018e-05,0.0033862088,0.99998224,0.009578177,0.99936825,2.5038285e-05
6.129165e-08,0.000555485,1.9620129e-05,6.9863327e-06,6.256902e-06,1.655796e-05,0.01924824,2.3584146e-06,2.9667494e-06,0.04845079,0.023896698,2.8457612e-06,2.8104644e-08,2.9180148e-05,1.907028e-07,4.3715485e-05,3.9591285e-08,4.667739e-07,1.2422211e-07,4.280937e-08,5.060074e-05,1.0,0.00031239088,0.99999666,1.3068252e-08
9.643395e-06,0.0052842707,0.000554118,0.0002740763,0.0002369231,0.00045307018,0.06094069,0.00011535764,0.00014421021,0.11053459,0.062613204,0.00014140083,6.1464425e-06,0.000706586,1.9757928e-05,0.0008712864,7.2969224e-06,3.8165548e-05,1.5916723e-05,7.4349527e-06,0.0011081526,0.99999785,0.003821144,0.99984765,3.272605e-06
0.05006965,0.19804864,0.13885833,0.11370226,0.111589506,0.12852931,0.36801606,0.09138549,0.09482179,0.35268703,0.23617534,0.09478527,0.04787507,0.13439943,0.057414353,0.12517369,0.053533632,0.07451095,0.057106905,0.04611054,0.17023158,0.96518564,0.18046123,0.9017561,0.040531483
5.1976895e-05,0.011037931,0.0016462149,0.0008997567,0.0007942099,0.0013884354,0.0890015,0.00042251166,0.0005223274,0.14401262,0.08257274,0.0005222313,3.598281e-05,0.0019988213,9.3021044e-05,0.0023292578,4.1868276e-05,0.0001708837,7.988854e-05,4.1118612e-05,0.0030135894,0.99998534,0.008657624,0.9994438,2.0938081e-05
2.339884e-05,0.007839913,0.0010009296,0.0005146122,0.00044992552,0.00080977567,0.07487321,0.00022571249,0.00028532802,0.12789111,0.07313609,0.00028319887,1.5692409e-05,0.0012152657,4.48559e-05,0.0014555341,1.8532473e-05,8.273445e-05,3.6843427e-05,1.8170009e-05,0.001891945,0.99999404,0.005917287,0.99970144,8.72347e-06
0.00012942753,0.016346997,0.0028969815,0.0017044791,0.00152979,0.00251678,0.10743164,0.0008548207,0.0010433522,0.16377018,0.092955604,0.0010470045,9.282557e-05,0.0035277205,0.0002121692,0.004011495,0.00010648195,0.00038948873,0.00019180075,0.000104535015,0.0051235273,0.99995935,0.013450003,0.99888057,5.678204e-05
0.00068915926,0.033049457,0.008641612,0.0056855916,0.005189112,0.007461226,0.15472914,0.0030673542,0.0037553606,0.20505026,0.11702933,0.0037708397,0.0005430479,0.009956149,0.0009872786,0.010712096,0.0006008012,0.0016760405,0.0009419588,0.0005751355,0.013989287,0.99973553,0.02974334,0.99604493,0.0003529236
1.8200011e-05,0.0069851032,0.0008183226,0.00041855464,0.00036975121,0.0007008961,0.06966787,0.00019064022,0.0002320833,0.122416995,0.069015846,0.00023009961,1.1804159e-05,0.0010471027,3.5344114e-05,0.0012740119,1.413895e-05,6.953079e-05,2.9647854e-05,1.4260254e-05,0.0015736034,0.99999547,0.005231978,0.9997465,6.6609555e-06
0.00017958909,0.01898705,0.0037462339,0.0022483305,0.0019766148,0.003071517,0.11536821,0.0010862295,0.001365846,0.1707482,0.09826018,0.0013540547,0.0001369457,0.004394522,0.00028791578,0.0049100863,0.00015087078,0.0005029476,0.00025951825,0.00014695582,0.0064415745,0.9999418,0.016028073,0.9985845,7.999016e-05
0.00012263165,0.016032893,0.0029092415,0.0017011297,0.0014954046,0.002393387,0.105979174,0.0008100858,0.0010133673,0.16167003,0.09269317,0.0010059663,9.1271606e-05,0.0034644064,0.00020268005,0.0039381464,0.00010145535,0.0003616835,0.00018108143,9.960799e-05,0.005087499,0.9999621,0.013373564,0.99893814,5.278726e-05
0.00015548934,0.017997012,0.0033071782,0.002026333,0.0017811058,0.0028078463,0.11084753,0.0009862563,0.0012135525,0.16757438,0.09526526,0.0011938149,0.000113425114,0.0040168217,0.00024770218,0.004470786,0.00012555139,0.00043566583,0.00022307473,0.00012949579,0.0060383654,0.9999521,0.0144822765,0.9987488,6.653564e-05
0.00017123763,0.018504212,0.0036226648,0.0021708172,0.0019083832,0.0029705567,0.11376946,0.001047226,0.001310946,0.16929635,0.09706446,0.0013023026,0.00013026725,0.00427087,0.00027498792,0.0047932216,0.0001431737,0.00048433215,0.00024821376,0.00014000085,0.0062313597,0.99994504,0.0157311,0.9986343,7.5789176e-05
3.323178e-05,0.009066507,0.0012154012,0.0006513871,0.00057377137,0.0010312176,0.07954473,0.0003010543,0.00036961358,0.13385208,0.07590489,0.0003664919,2.248779e-05,0.0015278086,6.123179e-05,0.0018195119,2.6293772e-05,0.00011703189,5.2615982e-05,2.625759e-05,0.0022797554,0.9999912,0.007038239,0.99960226,1.2821775e-05
0.00052459986,0.030076971,0.007321402,0.0048791436,0.0043704603,0.006244401,0.14591622,0.002538194,0.0031279235,0.19886091,0.11348289,0.0030222507,0.000402486,0.008589025,0.00076430687,0.009039348,0.0004454933,0.0012384133,0.00071098265,0.00045578665,0.012747877,0.99981374,0.025216129,0.99685043,0.00025495753
1.3191511e-05,0.006102766,0.0006884578,0.00034165476,0.00029701172,0.0005576502,0.06598697,0.00014612262,0.00018408113,0.11665914,0.06659642,0.00018114809,8.57259e-06,0.00085426983,2.6592012e-05,0.0010409723,1.0224914e-05,4.999614e-05,2.1479724e-05,1.0163278e-05,0.0013444152,0.9999969,0.004455967,0.99980575,4.661339e-06
2.3859464e-05,0.007834466,0.0009783314,0.0005128366,0.00045058265,0.0008334586,0.07367524,0.00023622703,0.00028628553,0.1275314,0.07163904,0.0002834009,1.5822134e-05,0.001246489,4.5205234e-05,0.0014916266,1.8681778e-05,8.748439e-05,3.854143e-05,1.8749744e-05,0.0018652545,0.9999939,0.0059533147,0.99969125,9.008144e-06
0.0006607163,0.033311676,0.008811134,0.0058195647,0.005217214,0.0072061303,0.15173669,0.0030159815,0.0037130394,0.2035764,0.11645181,0.0036337092,0.0005394917,0.009947674,0.0009578345,0.010667382,0.0005769432,0.0015665644,0.0008927079,0.00057190686,0.014340427,0.9997538,0.029767158,0.9961916,0.00032853978
0.0030179764,0.062165305,0.023224529,0.016881643,0.015712349,0.020012472,0.21149817,0.01004983,0.011736672,0.24895419,0.1434843,0.01147522,0.0025639627,0.025019117,0.0039335294,0.025479518,0.0027814526,0.005930198,0.0038368243,0.0027442337,0.035455756,0.9986381,0.057458587,0.9879204,0.0017791644
0.00023407758,0.02142845,0.00448665,0.0027392244,0.0024429255,0.0036021033,0.122912325,0.0013260714,0.0016795682,0.17753221,0.10189486,0.0016572018,0.00017926932,0.0051997053,0.00036818965,0.0056768265,0.0001982012,0.00061669707,0.00032918534,0.00019306326,0.0077144993,0.9999232,0.017976021,0.99830073,0.00010579827
0.00032354626,0.024210522,0.005273071,0.0032759206,0.0029620416,0.0046251304,0.13170274,0.0017350905,0.0021061692,0.18655129,0.1060948,0.0021309503,0.00024355264,0.0061852587,0.00049324543,0.006809879,0.00027649695,0.0008733302,0.00045966593,0.00026696484,0.008835604,0.9998857,0.020671641,0.99775213,0.00015638566
0.00047264263,0.028768715,0.0069572832,0.00446215,0.0040054163,0.0057544135,0.14251573,0.0022819096,0.0028453844,0.19587699,0.11200806,0.0028576113,0.00037154602,0.0078652045,0.0006932965,0.008515675,0.00040639157,0.0011737775,0.00064485165,0.00039352814,0.011481048,0.9998286,0.025130065,0.99707913,0.00022959818
0.0013119676,0.043727353,0.013311563,0.009139199,0.00835867,0.011400956,0.176724,0.0050646598,0.0061643072,0.2224397,0.12748373,0.006161749,0.001086263,0.014919799,0.0017931269,0.01571406,0.0011768517,0.002955041,0.0017378133,0.0011239392,0.020656178,0.9994567,0.040491052,0.99355245,0.00071024144
2.0422052e-05,0.0073058447,0.0008951447,0.00046339183,0.00040717062,0.00074873224,0.07262516,0.0002060962,0.0002558827,0.12443908,0.07106059,0.00025326863,1.3410751e-05,0.0011245555,3.9593706e-05,0.0013518261,1.5910273e-05,7.506688e-05,3.2791642e-05,1.5822076e-05,0.0017243623,0.9999949,0.005508642,0.99972683,7.5034914e-06
2.7787584e-13,2.1825049e-06,6.4346857e-09,1.0772777e-09,9.900281e-10,5.0145896e-09,0.0010943392,1.7216319e-10,2.5937005e-10,0.005684807,0.0017037044,2.3317637e-10,6.876636e-14,1.3212238e-08,2.408392e-12,2.9203754e-08,1.3494755e-13,1.0060244e-11,9.453569e-13,1.6053901e-13,3.0153263e-08,1.0,7.379081e-07,1.0,2.0623872e-14
0.0015091031,0.04613733,0.014254376,0.009898993,0.009174229,0.012591047,0.18241447,0.0056616664,0.006822995,0.22668003,0.12950282,0.0068676113,0.0012343434,0.016137604,0.0020356684,0.016955106,0.0013563489,0.0033867175,0.001994779,0.0012888501,0.022169499,0.99936086,0.042685658,0.99281067,0.0008359337
3.1846406e-07,0.0011654379,5.9415554e-05,2.3237284e-05,2.0441363e-05,4.835763e-05,0.028422061,8.348531e-06,1.06736225e-05,0.0634375,0.03331845,1.0074009e-05,1.6351096e-07,8.374036e-05,8.730543e-07,0.00011729868,2.188156e-07,1.9441654e-06,6.079246e-07,2.2858859e-07,0.00013974716,1.0,0.0007114544,0.99998844,7.926284e-08
5.476869e-10,6.68226e-05,9.231163e-07,2.465805e-07,2.207483e-07,7.2247644e-07,0.006526329,6.044624e-08,8.365472e-08,0.021225458,0.008830966,7.536098e-08,2.0032896e-10,1.5469321e-06,2.5399038e-09,2.6853422e-06,3.1904276e-10,7.4344295e-09,1.3622172e-09,3.5436942e-10,2.992708e-06,1.0,3.0800293e-05,0.9999999,7.747314e-11
7.777203e-06,0.004821922,0.0004826353,0.00023324367,0.00020373601,0.00039316626,0.05853274,9.7316384e-05,0.00012359489,0.10674516,0.060538203,0.00011948379,4.8573206e-06,0.0006220995,1.6361219e-05,0.00077350024,5.9034905e-06,3.1716205e-05,1.3019389e-05,5.94208e-06,0.00097101904,0.99999833,0.0034364806,0.99987006,2.6001876e-06
6.878861e-07,0.001649827,9.844792e-05,4.134699e-05,3.572725e-05,7.9749014e-05,0.033341404,1.5111627e-05,1.8882549e-05,0.072054125,0.038344648,1.8257882e-05,3.8033278e-07,0.00013473775,1.7381564e-06,0.00018348114,4.7751973e-07,3.7713662e-06,1.2649789e-06,5.062692e-07,0.00022647865,0.9999999,0.0010573383,0.99997914,1.8133515e-07
0.0071861357,0.08928153,0.040524047,0.030369336,0.028947731,0.0350776,0.2524158,0.019006222,0.022265892,0.27489847,0.16184789,0.022092361,0.0064631132,0.042247612,0.008809176,0.042371187,0.0069102687,0.013363752,0.008816986,0.0064528943,0.05620305,0.9962973,0.0871939,0.97673607,0.0045997854
0.0011243541,0.04083549,0.011716242,0.0079714125,0.0073726554,0.01040992,0.17185903,0.0045204037,0.005448856,0.21875504,0.12482046,0.005507158,0.0009005943,0.013372859,0.001550909,0.014213637,0.0010032377,0.0026262752,0.0015085163,0.000954338,0.01851644,0.999539,0.03709506,0.994224,0.0006094766
1.2062849e-06,0.002101974,0.0001420353,6.1569524e-05,5.3257652e-05,0.00011524395,0.037843145,2.3236133e-05,2.8904158e-05,0.07903761,0.042523753,2.8271286e-05,6.830988e-07,0.00019081424,2.899114e-06,0.00025592296,8.4388927e-07,6.213962e-06,2.154087e-06,8.9359105e-07,0.00031510144,0.99999976,0.0013985351,0.9999683,3.322694e-07
0.00081496866,0.035613246,0.009572266,0.0063818623,0.005841364,0.008423437,0.16044332,0.0035370223,0.0042763893,0.20981798,0.119917735,0.004315833,0.0006446437,0.011007875,0.0011550274,0.011772339,0.00071876403,0.001968031,0.0011113579,0.00068907026,0.015350488,0.9996792,0.031937018,0.99548846,0.0004278769
0.0006241291,0.031883772,0.008062505,0.0052709132,0.004802151,0.007077142,0.15134043,0.0028731236,0.0034846873,0.2027907,0.11570882,0.0035181018,0.00048746177,0.00933485,0.0009018101,0.0100725265,0.0005446271,0.001556153,0.00086035166,0.00052407786,0.01309264,0.9997619,0.028255492,0.99630654,0.0003195108
0.0001978338,0.019666487,0.0039083767,0.0023384565,0.0020915023,0.0033113004,0.11902252,0.0011740667,0.0014551565,0.17461532,0.10005235,0.0014653864,0.00014652305,0.004556419,0.00031446465,0.0050779213,0.0001664579,0.0005544892,0.0002850395,0.00016052378,0.0066846805,0.9999343,0.01643775,0.99847347,9.053514e-05
8.628364e-05,0.01369754,0.0022455757,0.0012717394,0.0011366713,0.0019510123,0.0987627,0.0006316326,0.0007666409,0.15512492,0.08813088,0.0007700095,6.057672e-05,0.002743336,0.00014762646,0.0031590478,7.075057e-05,0.00027310097,0.00013088144,6.9451e-05,0.004001211,0.99997413,0.011009537,0.9991762,3.68559e-05
0.00012652982,0.016310364,0.00291967,0.0017157291,0.0015161732,0.0024566979,0.10703604,0.0008338113,0.0010302117,0.16354892,0.093304016,0.0010393977,9.206094e-05,0.003453282,0.00020687426,0.0039065247,0.000103716644,0.0003721524,0.0001850582,0.00010227606,0.0051774154,0.99996066,0.013310937,0.9989191,5.4690365e-05
6.7394656e-05,0.0126426155,0.0019866168,0.0011108641,0.0009791628,0.0015798934,0.09466913,0.00050563895,0.00065106596,0.1492292,0.08589849,0.0006416542,4.7437374e-05,0.0024008283,0.00011763821,0.0026803967,5.4677377e-05,0.00019982569,9.917315e-05,5.360449e-05,0.0037490271,0.9999813,0.009641936,0.9993538,2.7126178e-05
0.0001273187,0.016508928,0.002978167,0.0017540107,0.0015455745,0.0024284788,0.10714651,0.00082931767,0.0010436176,0.1634328,0.0934435,0.0010427749,9.390596e-05,0.003496158,0.0002077121,0.0039345287,0.00010423082,0.0003659971,0.00018399849,0.00010284877,0.005315222,0.9999609,0.013430883,0.99892646,5.426494e-05
0.0003256705,0.024678504,0.00554362,0.0034511103,0.0030960934,0.0044656615,0.1321937,0.0017084773,0.0021589755,0.18640336,0.10687194,0.002139896,0.0002529192,0.006316172,0.0004970263,0.006834994,0.0002791284,0.00082416163,0.00045055218,0.0002690884,0.009365498,0.9998884,0.020912062,0.99781907,0.00015247277
0.0018800955,0.051228456,0.017024996,0.011851657,0.010925949,0.014414648,0.19172019,0.0066598402,0.008134356,0.23398063,0.13461465,0.008147481,0.0015867779,0.018450836,0.0024952414,0.019209012,0.0017159332,0.004022826,0.002424904,0.0016199882,0.025646476,0.9991844,0.04790326,0.99157274,0.0010551653
8.102031e-05,0.01337654,0.0022043672,0.0012484014,0.0011035426,0.0018276898,0.098325804,0.00058987975,0.0007382727,0.15280017,0.08817672,0.0007337893,5.760247e-05,0.0026501275,0.00013938837,0.0030333803,6.6154265e-05,0.00025049443,0.00012171888,6.447737e-05,0.0039566136,0.99997604,0.010749908,0.99922764,3.388965e-05
6.2626505e-06,0.0043701637,0.0004038966,0.00018894313,0.00017013466,0.0003523314,0.05550251,8.481613e-05,0.00010138543,0.10465757,0.05812097,0.00010089635,3.7098102e-06,0.00053137925,1.3434433e-05,0.0006704898,4.7138974e-06,2.74069e-05,1.063912e-05,4.7602884e-06,0.00081329606,0.9999987,0.003038228,0.99988663,2.0997775e-06
1.6190342e-06,0.00242206,0.00017099649,7.504777e-05,6.545259e-05,0.00014050127,0.040852655,2.922267e-05,3.621535e-05,0.08347513,0.04555997,3.561798e-05,9.2463966e-07,0.00022683304,3.8442163e-06,0.00030044618,1.1613249e-06,8.005709e-06,2.8694265e-06,1.2012796e-06,0.00037697842,0.99999976,0.0015884663,0.9999602,4.6789307e-07
0.00036003444,0.025712421,0.0058941105,0.0036952097,0.0033082438,0.0047728815,0.13506913,0.0018404943,0.002329033,0.18920964,0.108461596,0.002330343,0.00028011773,0.0066537987,0.00054199377,0.0072157085,0.00030927194,0.000909114,0.0004947471,0.00029642927,0.009857803,0.9998741,0.02205093,0.99764806,0.00017043717
0.0014589215,0.0459982,0.014596084,0.009901687,0.009072168,0.01222866,0.18215114,0.0054658446,0.0067298543,0.22755364,0.13061425,0.0067629926,0.0012150783,0.015737953,0.0019788991,0.016437065,0.0013237465,0.0031834955,0.001902302,0.0012469931,0.02213506,0.9993855,0.042496342,0.9930836,0.0008008518
0.0028088908,0.060567062,0.022484515,0.015799094,0.014825456,0.018691268,0.21017468,0.009060983,0.011076323,0.24739043,0.14281552,0.0110739255,0.0024095273,0.023531388,0.00364946,0.024124557,0.0026321257,0.0056375447,0.0035439362,0.002439842,0.032709062,0.9987205,0.057344332,0.9887079,0.0016454557
1.680717e-06,0.002443833,0.000170477,7.498482e-05,6.681336e-05,0.00014520562,0.04099615,3.0520037e-05,3.6957015e-05,0.08422046,0.045513034,3.6290097e-05,9.298304e-07,0.00023273609,3.9607257e-06,0.0003091546,1.1884283e-06,8.499051e-06,2.9801763e-06,1.2457117e-06,0.00037475955,0.99999964,0.0015937574,0.9999589,4.880752e-07
0.0016445324,0.04800674,0.01509551,0.010495325,0.00975838,0.013377843,0.18622148,0.006053866,0.007283266,0.2295513,0.13146962,0.007335462,0.0013469748,0.01696656,0.0022064543,0.01779141,0.0014838857,0.0036599438,0.002162367,0.0014118124,0.023266517,0.99929416,0.04432698,0.99230766,0.0009195668
8.370019e-05,0.013627852,0.0022077428,0.0012591592,0.0011171044,0.0018717865,0.09800346,0.00060726656,0.000745171,0.15433978,0.08780235,0.0007555834,5.8804195e-05,0.0026520719,0.00014151238,0.003043063,6.756099e-05,0.0002595633,0.00012472185,6.665478e-05,0.0040066573,0.9999752,0.010843297,0.99921155,3.4963086e-05
0.0002624059,0.022375464,0.004726684,0.0029209172,0.002596086,0.003921795,0.1254482,0.0014534268,0.0018119903,0.18084574,0.10349824,0.0018292267,0.00019980266,0.00543699,0.00040344024,0.0060144467,0.00022111005,0.0007025891,0.0003689303,0.00021559474,0.008063524,0.9999112,0.018996947,0.99813133,0.000120883866
0.00037218255,0.02572379,0.0058512087,0.0036668621,0.0033066717,0.0050233537,0.13598882,0.0019144025,0.002356161,0.18992089,0.108511195,0.002376407,0.00028489524,0.0067606606,0.0005612995,0.0074017034,0.00032001777,0.00097533595,0.0005219103,0.00030695891,0.0096845655,0.9998666,0.022246903,0.9975224,0.00018092059
2.720161e-10,4.881326e-05,5.77088e-07,1.4646393e-07,1.3216705e-07,4.6450967e-07,0.005493433,3.5677264e-08,4.8889735e-08,0.018906169,0.007570052,4.4441403e-08,9.460884e-11,9.92195e-07,1.3352099e-09,1.7665993e-06,1.5578142e-10,4.140875e-09,6.968083e-10,1.7485036e-10,1.9186698e-06,1.0,2.1720522e-05,1.0,3.645395e-11
6.87871e-06,0.0045361593,0.00043136455,0.0002078918,0.00018409922,0.00036776377,0.056167603,9.0293644e-05,0.00010929806,0.105301686,0.058445156,0.0001082871,4.178714e-06,0.00056609174,1.4435574e-05,0.000712741,5.12401e-06,2.9405666e-05,1.1586793e-05,5.2524697e-06,0.0008756947,0.99999857,0.0032236732,0.99987996,2.2873064e-06
0.0001165829,0.015502266,0.0027649412,0.001621702,0.0014335793,0.0023196053,0.10509655,0.0007816435,0.0009689595,0.16069998,0.09160271,0.00096567173,8.455706e-05,0.0033325376,0.00019243693,0.0037834458,9.489943e-05,0.0003472028,0.00017195723,9.370167e-05,0.004898386,0.99996424,0.012841738,0.99898404,4.9871232e-05
0.0009887966,0.0385459,0.010778002,0.007288398,0.0067255627,0.00952747,0.16741289,0.0040807575,0.0049390723,0.2150798,0.12271002,0.004994755,0.00078762654,0.012353531,0.0013771874,0.0131859025,0.00087664794,0.002336823,0.0013308674,0.0008327783,0.017161211,0.9996013,0.035007667,0.9947825,0.0005281488
0.002142253,0.053703662,0.017991994,0.012741224,0.011878508,0.015816342,0.19691008,0.007394315,0.008913536,0.2369334,0.13641006,0.008974077,0.0017907694,0.019933674,0.0028162661,0.020763401,0.0019568913,0.004603878,0.0027748947,0.001846618,0.027268123,0.99905103,0.05030798,0.99063873,0.0012223462
0.000972354,0.038377393,0.010616799,0.0071491045,0.0066172727,0.009496153,0.1667972,0.0040554684,0.0048747123,0.21510853,0.12217226,0.0049262512,0.000769264,0.01221851,0.0013575235,0.013021771,0.0008629736,0.0023131643,0.0013152424,0.0008207329,0.016938591,0.99960786,0.034489557,0.99482983,0.00052273384
0.00049415557,0.028969936,0.006813402,0.004363973,0.0040130825,0.0061407983,0.14469974,0.002425655,0.0029066175,0.19762124,0.111925624,0.0029455044,0.0003745206,0.008007144,0.00072964374,0.008730024,0.00043034984,0.0012882052,0.00069267466,0.0004120611,0.0112359645,0.9998155,0.024987806,0.99688244,0.00025172404
6.3651954e-05,0.012141507,0.0018948773,0.0010636521,0.00093070447,0.0015438293,0.09209417,0.00048562427,0.0006107524,0.14768063,0.08432383,0.0006121108,4.5276334e-05,0.0022679465,0.000110133566,0.0026276445,5.088595e-05,0.00019970608,9.5198615e-05,5.0473944e-05,0.0034828037,0.999982,0.009663771,0.99936575,2.542149e-05
0.0008058563,0.03565528,0.009679025,0.0063749175,0.005815834,0.00830741,0.16056263,0.0034571965,0.004244301,0.21037519,0.120642185,0.004299206,0.00064107875,0.010847799,0.0011421884,0.011671598,0.0007121086,0.0019206208,0.0010857193,0.000679217,0.015314017,0.9996834,0.032083437,0.9955621,0.00041883203
6.2798296e-07,0.0015666874,9.198994e-05,3.8112194e-05,3.3338274e-05,7.573738e-05,0.03270592,1.416397e-05,1.7605427e-05,0.0710186,0.037694298,1.6995857e-05,3.396919e-07,0.00012755589,1.6070047e-06,0.00017464072,4.3521362e-07,3.540909e-06,1.1636841e-06,4.598043e-07,0.00020982166,0.9999999,0.0010057895,0.99998045,1.6507131e-07
0.0012693178,0.04303044,0.012894227,0.008799635,0.00811877,0.011159935,0.17620175,0.00490653,0.005975352,0.22205652,0.12723134,0.0060126283,0.0010350745,0.014463639,0.0017353623,0.01533775,0.0011345369,0.00287386,0.0016783361,0.0010786508,0.020057997,0.9994752,0.03965694,0.9937266,0.00068604265
3.166694e-05,0.008892671,0.0011863308,0.0006367186,0.0005573975,0.000994974,0.07965833,0.00028847274,0.00036072155,0.13251978,0.07591689,0.00035576578,2.1391044e-05,0.0014870989,5.907212e-05,0.0017599995,2.5081421e-05,0.00011076253,5.0152383e-05,2.479355e-05,0.0022497633,0.99999166,0.0068196645,0.99962044,1.2136852e-05
0.00084038795,0.03596424,0.009838687,0.0066345544,0.006033451,0.008515034,0.16180117,0.0035968479,0.0044133216,0.20960851,0.120104946,0.0044144997,0.0006726486,0.011324202,0.0011880911,0.012023846,0.00073987007,0.002001379,0.0011444418,0.00070533133,0.015854994,0.9996686,0.032605294,0.995414,0.000441263
1.4436346e-05,0.0062629096,0.00070489245,0.00035717778,0.00031418295,0.00059655675,0.06631655,0.00015888887,0.00019386329,0.11812419,0.06623045,0.0001924773,9.21582e-06,0.00090260094,2.8437256e-05,0.0011031402,1.0989094e-05,5.5934448e-05,2.3473956e-05,1.1156292e-05,0.0013797113,0.99999654,0.0046419385,0.99979085,5.1213274e-06
0.0015715335,0.047485895,0.015192274,0.010432585,0.009603133,0.012765947,0.18528083,0.005775173,0.0071093044,0.22893335,0.13186891,0.0071324045,0.0013101384,0.01649588,0.0021194587,0.017272593,0.0014301002,0.0034205625,0.0020414675,0.0013449565,0.023010971,0.9993327,0.044039663,0.99269074,0.00086735014
0.0056210654,0.08072414,0.034148466,0.025303366,0.024105169,0.029889459,0.24058996,0.01563997,0.01847804,0.2670068,0.15624379,0.01846578,0.0049533206,0.036081005,0.006943444,0.036468934,0.0053405934,0.010794659,0.006969116,0.004996966,0.048277736,0.9971878,0.077940814,0.9806296,0.0035200166
0.00013434312,0.01655241,0.0030345067,0.0017926645,0.0015903079,0.002563997,0.10941155,0.00087546016,0.0010854541,0.16423976,0.09445549,0.0010850308,9.8403056e-05,0.0036266772,0.00022152872,0.0040858435,0.00011159349,0.00039411586,0.00019854809,0.000108149965,0.0053402083,0.99995756,0.01369691,0.9988594,5.9017057e-05
0.0019479239,0.05158736,0.017119752,0.011973857,0.011120917,0.014843596,0.19280757,0.006857897,0.008283638,0.23435506,0.13487694,0.008315476,0.0016261581,0.018895412,0.0025850318,0.019727638,0.0017692063,0.0041941684,0.0025302735,0.0016834986,0.025919685,0.9991511,0.048275635,0.99130213,0.0010948792
1.6336897e-05,0.0066088126,0.00075850927,0.00038209642,0.0003413214,0.0006586504,0.069429606,0.00017606257,0.00021471325,0.12108687,0.06864419,0.00021348393,1.0217183e-05,0.00097487343,3.238274e-05,0.0011835113,1.2606586e-05,6.330148e-05,2.6568516e-05,1.2599807e-05,0.0014701344,0.99999607,0.004856802,0.9997677,5.9802264e-06
0.00091548986,0.037361033,0.010396372,0.00698339,0.0063848775,0.009011116,0.16399737,0.0038315973,0.0046704463,0.21262403,0.12138103,0.004687276,0.0007350375,0.011876231,0.0012834069,0.012677764,0.00080831273,0.002160733,0.0012356755,0.00077208964,0.0165515,0.9996363,0.03400612,0.9950954,0.00048143286
0.0018076263,0.049795475,0.016210726,0.011370373,0.010524874,0.014083741,0.18945631,0.0064811762,0.007844194,0.23172684,0.13293248,0.007844053,0.0015057118,0.01809597,0.0024084053,0.018882899,0.0016369559,0.0039306567,0.0023641493,0.0015519304,0.024844704,0.99921954,0.046582606,0.9917917,0.0010122996
0.00045980484,0.027995553,0.006705403,0.0042869663,0.0038654725,0.0057638003,0.14181098,0.0022601623,0.0027689897,0.19474223,0.11134858,0.0027858869,0.00035814202,0.0077516227,0.00068212603,0.008437177,0.000397725,0.0011752795,0.0006410277,0.00038254165,0.011023282,0.9998313,0.024634343,0.9970841,0.00022728335
2.2694973e-09,0.00012554649,2.2688444e-06,6.592474e-07,5.940624e-07,1.8716856e-06,0.008907607,1.8389046e-07,2.3920447e-07,0.027401106,0.0118184425,2.250966e-07,8.763186e-10,3.6833596e-06,9.191227e-09,6.1555993e-06,1.3469248e-09,2.6446223e-08,5.276689e-09,1.5033429e-09,6.815384e-06,1.0,6.1805884e-05,0.99999976,3.6090206e-10
