Amikacin,Aztreonam,Cefepime,Cefixime,Cefotaxime,Ceftazidime,Ceftriaxone,Cefuroxime,Ciprofloxacin,Colistin,Cotrimoxazol,Cotrimoxazole,Ertapenem,Fosfomycin,Gentamicin,Imipenem,Levofloxacin,Meropenem,Nitrofurantoin,Norfloxacin,Piperacillin,Piperacillin-Tazobactam,Ticarcillin,Tigecycline,Tobramycin
3.7513822e-05,0.018443381,0.0050754887,0.09932934,0.021972016,0.030688105,0.037282843,0.19112608,0.001783656,0.016493341,0.00052232016,0.0115049705,0.0044663185,0.35301325,2.8726635e-07,4.9683367e-06,0.0009615065,1.8065504e-06,0.3186361,0.004135851,0.01840142,0.0286458,0.079551086,9.9343524e-05,0.00050904125
0.0034498754,0.14135548,0.0844577,0.3397754,0.16551103,0.28328073,0.28464437,0.5404498,0.030396264,0.05456988,0.012280821,0.071363516,0.06263749,0.40556204,0.00024959494,0.0011792465,0.023074258,0.0008536323,0.5495546,0.04935533,0.17090675,0.24343038,0.33692914,0.004571505,0.015320001
0.02733398,0.43005165,0.4136729,0.6566236,0.51731443,0.7548358,0.7123158,0.79146814,0.10887054,0.057481498,0.05482461,0.160352,0.2794202,0.45498148,0.005138933,0.013226156,0.11551695,0.014811972,0.7311734,0.16003244,0.57546103,0.7056778,0.6911977,0.022997893,0.07627598
0.014299975,0.3160458,0.27675003,0.5727591,0.3910008,0.6298636,0.5993936,0.7378728,0.07477628,0.055153366,0.03522754,0.12225724,0.18590593,0.43703085,0.0020065182,0.006237759,0.07070081,0.006204931,0.6877137,0.11124819,0.4305543,0.5826872,0.5890744,0.01435556,0.047080345
0.04487827,0.49241775,0.48637688,0.6826068,0.5712805,0.79442775,0.7489561,0.8000704,0.1445105,0.06760343,0.07684434,0.20071924,0.34043968,0.4664909,0.010634941,0.023650957,0.16190769,0.027558014,0.7407531,0.20273824,0.6347519,0.7426214,0.72403413,0.03469311,0.110044815
8.510429e-06,0.009996751,0.0022914927,0.072207965,0.012532599,0.017265214,0.021887597,0.14283492,0.00069450535,0.009854345,0.0001837101,0.0060025314,0.0020232687,0.33748347,3.0570266e-08,8.3550253e-07,0.0003447633,2.518158e-07,0.27583268,0.0018511949,0.009709315,0.016666517,0.052586645,2.7448123e-05,0.00016815272
0.005489652,0.19281332,0.1378635,0.43967348,0.23593685,0.4201224,0.41167158,0.63198876,0.041517675,0.050741483,0.017492045,0.082903884,0.09606387,0.41605106,0.00048280507,0.002022287,0.034239996,0.0016452114,0.6089708,0.06485064,0.2532625,0.37670186,0.43642455,0.0067225145,0.022338169
0.055716746,0.43471372,0.40572447,0.59220755,0.48653156,0.68815184,0.6495366,0.7474084,0.15633495,0.104965724,0.09022898,0.21953405,0.29870313,0.45579043,0.01680783,0.03342981,0.1643453,0.037408944,0.6934504,0.20638174,0.5379369,0.6249627,0.64130694,0.047248114,0.12413826
0.006108785,0.1963456,0.13904756,0.4280006,0.23847419,0.41493496,0.39887387,0.6281117,0.043603122,0.055513736,0.018534357,0.08650628,0.0958472,0.4161039,0.000573448,0.0023079913,0.035101708,0.0018647717,0.6031727,0.0683905,0.24996233,0.36502302,0.42675617,0.0072485064,0.023950959
0.08925786,0.47555903,0.45444235,0.5998881,0.5173732,0.7049404,0.6647376,0.74210244,0.2021381,0.13066125,0.12507308,0.26633108,0.34735373,0.46459764,0.034528036,0.05912395,0.21722308,0.06699453,0.6880543,0.25304288,0.5703063,0.6406349,0.6542739,0.073231794,0.17184512
0.037243597,0.38758168,0.34870055,0.5679248,0.44171435,0.65028876,0.6156883,0.73725814,0.124923214,0.09159474,0.068052605,0.18705754,0.2519676,0.44713753,0.009196005,0.020611802,0.12641631,0.02233515,0.68619555,0.17035435,0.48949882,0.5875264,0.612935,0.033425465,0.09308642
0.010514451,0.2619226,0.21162191,0.5078284,0.32042232,0.5352865,0.51441604,0.6946278,0.060557596,0.0572854,0.027890224,0.109189995,0.14639184,0.42784208,0.0013097335,0.0044465847,0.054967478,0.004136336,0.6537713,0.09326546,0.35422304,0.48275757,0.52765983,0.01128818,0.03688628
0.00023773612,0.04173323,0.015583516,0.16776991,0.049001534,0.076115996,0.086639725,0.30090132,0.0057827868,0.028061608,0.0019122771,0.024336692,0.012857616,0.37510526,4.4687617e-06,4.6950016e-05,0.003585125,2.2230532e-05,0.39549196,0.011397813,0.04483414,0.068019666,0.14671195,0.00048399228,0.0020275493
0.0025662344,0.13067907,0.07904985,0.34841278,0.15778819,0.28042164,0.2861031,0.5414766,0.025628379,0.04650617,0.010137796,0.06221574,0.05779754,0.4052852,0.0001557477,0.0008305621,0.019716935,0.000590626,0.5471278,0.04282684,0.16523309,0.24590279,0.33940953,0.003593594,0.012382968
0.0050254255,0.17173694,0.1131355,0.38646024,0.20232147,0.3500919,0.34826767,0.5910164,0.03880302,0.057249412,0.016180456,0.0834022,0.08217177,0.41193354,0.00044723315,0.0018625312,0.031047797,0.0014784511,0.5807655,0.060660124,0.21654299,0.3034336,0.39206144,0.006303654,0.020722952
0.00095591083,0.0830641,0.042594656,0.27733973,0.10163293,0.17977685,0.19128008,0.44889238,0.013906622,0.036283914,0.0050596404,0.041172996,0.032073073,0.3943588,3.412178e-05,0.000251791,0.009851159,0.00015133733,0.4861463,0.025124395,0.100344814,0.159499,0.25223005,0.0015670918,0.0058217975
0.007855691,0.2247765,0.17012185,0.4692537,0.2750427,0.46974012,0.45341587,0.6614124,0.050579745,0.056301385,0.022662124,0.09664038,0.117917135,0.42416063,0.0008422405,0.003142228,0.04370713,0.0027509897,0.6294393,0.078919746,0.2984951,0.4182819,0.47736618,0.009012108,0.029302867
0.0036362095,0.15937485,0.105705485,0.39919063,0.1963157,0.3550969,0.35007793,0.5930895,0.03205647,0.04693542,0.012973024,0.069543056,0.07436692,0.411844,0.00025746948,0.0012387577,0.025329193,0.00092459965,0.57943934,0.05224554,0.20573469,0.3139612,0.38700753,0.004769142,0.016237212
0.0096778,0.242053,0.18570748,0.4743975,0.29210386,0.49144349,0.46846366,0.67153305,0.057598412,0.060750373,0.025858158,0.10486617,0.12809476,0.42313597,0.0011668885,0.004023724,0.049481925,0.0035431196,0.63361496,0.087755814,0.31350473,0.43724397,0.48431394,0.010693243,0.03404527
0.007723988,0.22690503,0.17362592,0.4744955,0.2789645,0.48016062,0.4651016,0.6670526,0.050367005,0.054099284,0.022328684,0.0958914,0.12083508,0.42243978,0.00081766164,0.0030709344,0.043849166,0.0026851222,0.63234997,0.07883649,0.30514252,0.43020302,0.48623636,0.008801873,0.029019583
0.019753681,0.38548166,0.36109444,0.63470143,0.475181,0.7202086,0.6808836,0.7793115,0.09029983,0.052388098,0.043831084,0.13927515,0.24128373,0.4484774,0.003168817,0.008997167,0.092651404,0.009676104,0.7216584,0.13601181,0.52923256,0.6732397,0.6625523,0.017760597,0.060210943
0.011561419,0.24020356,0.17643583,0.44119236,0.27578297,0.4500616,0.4367494,0.6482482,0.063418865,0.07343875,0.029145453,0.119070455,0.12845358,0.42162997,0.0016254925,0.005130975,0.055078316,0.004634438,0.62184316,0.0931435,0.30243185,0.39133283,0.46817145,0.012706923,0.03886919
0.03266663,0.40416875,0.37479138,0.60606253,0.47256607,0.69717526,0.65784097,0.76220703,0.11806164,0.07552253,0.0622386,0.17493959,0.2637517,0.4503143,0.007220924,0.017119689,0.12151594,0.018812038,0.7056755,0.16597511,0.52425754,0.63915133,0.64677286,0.0285874,0.08602173
0.042096525,0.46702844,0.45429322,0.66074145,0.5431023,0.7673265,0.7235669,0.7891858,0.13798703,0.07171398,0.07417909,0.19416295,0.3174985,0.4612665,0.009964323,0.02235293,0.15036924,0.025826478,0.73025584,0.19344567,0.60300046,0.71405035,0.7007034,0.033754054,0.103959516
1.2678104e-05,0.011845494,0.0028172452,0.07805742,0.014464815,0.019743059,0.02493582,0.15533854,0.0008996285,0.011445924,0.00024366759,0.007249361,0.0025050403,0.34406856,5.7134788e-08,1.3554322e-06,0.0004602122,4.307409e-07,0.28612646,0.0022971444,0.011655164,0.018964384,0.059379693,3.9611834e-05,0.00022576198
0.005932908,0.21554376,0.16654314,0.48751616,0.27545267,0.4857479,0.47042906,0.6713863,0.0431601,0.045501042,0.018649273,0.08419687,0.113309234,0.42239535,0.0005262077,0.0021995353,0.03748942,0.001880209,0.63588405,0.07052897,0.3004437,0.44149956,0.48857364,0.0069678556,0.023911377
0.007258028,0.23831037,0.19120984,0.5109822,0.30364338,0.5253913,0.50577515,0.6920807,0.0490282,0.046786603,0.021533826,0.091671914,0.12928724,0.42587897,0.00071768946,0.0027914813,0.04355941,0.0024859563,0.6510552,0.07884915,0.33338523,0.47941795,0.51784796,0.008174015,0.02807023
9.135808e-05,0.027929539,0.008869438,0.13311672,0.033045094,0.04968431,0.05895487,0.2459494,0.0031286208,0.02078496,0.0009835154,0.016378772,0.007631824,0.36328235,1.0570234e-06,1.4475096e-05,0.0018195248,6.091659e-06,0.35685614,0.0068456642,0.028875481,0.045876987,0.108796544,0.00021610905,0.000990464
0.23481521,0.48998982,0.46546715,0.5283976,0.4941555,0.6032212,0.57907414,0.65003026,0.33022746,0.27389973,0.25251177,0.38986745,0.40571615,0.47743395,0.16514048,0.20058842,0.34928593,0.21489127,0.6118662,0.36470267,0.532927,0.54699886,0.5877935,0.2093893,0.31516072
0.00039666746,0.052891374,0.021787534,0.19609319,0.06209602,0.100263484,0.111767516,0.3435842,0.008008864,0.03190535,0.002735758,0.029855799,0.017544553,0.38080764,9.576219e-06,8.761188e-05,0.0051666596,4.475583e-05,0.423997,0.015142969,0.058468282,0.08888826,0.17462806,0.00075047056,0.0029924407
0.014838542,0.29676524,0.247631,0.5288269,0.35609046,0.5756394,0.5491366,0.71317774,0.07427244,0.06392647,0.035657313,0.12682752,0.17297786,0.4332366,0.002233017,0.0067126104,0.06935742,0.006563282,0.6664971,0.11050365,0.3947495,0.5185957,0.5572404,0.01515722,0.04778548
0.02065855,0.365025,0.33312678,0.6008462,0.4430378,0.6794417,0.6434072,0.7599265,0.09108549,0.060242064,0.04534033,0.14315672,0.22782867,0.44419628,0.0035340488,0.009774808,0.09156757,0.0103386855,0.7040286,0.13534889,0.4932233,0.6271329,0.6337944,0.019097846,0.06173782
0.028949784,0.41270134,0.3899056,0.63022214,0.4918435,0.7255013,0.684549,0.7772223,0.11169809,0.0647306,0.056975503,0.16493067,0.26829198,0.4518825,0.00579017,0.014468154,0.1162913,0.015948065,0.7188427,0.16066478,0.5466776,0.6729064,0.6672809,0.024981871,0.0792785
0.009142399,0.25745133,0.20871128,0.51858896,0.32060787,0.54234236,0.5198513,0.6998939,0.05591967,0.05195347,0.025418373,0.101534076,0.14193977,0.4290951,0.001036928,0.0037170968,0.050733343,0.0034270852,0.6580028,0.08781989,0.3538638,0.4925201,0.5304246,0.010027014,0.033267245
0.00833071,0.2150899,0.1538788,0.42866418,0.2509588,0.4214217,0.4124618,0.63432115,0.052300844,0.06492296,0.023270272,0.10330536,0.11117418,0.4188271,0.0009760253,0.0034648983,0.04465028,0.0029911161,0.6112822,0.07935977,0.27540958,0.3671734,0.44924942,0.009679075,0.030485243
0.010404681,0.25963598,0.208691,0.50644785,0.31720287,0.53459114,0.5124827,0.69317746,0.060981568,0.056899026,0.027591366,0.10812151,0.14379029,0.42669427,0.0012768672,0.0043313806,0.05433846,0.0039977385,0.65286994,0.09204585,0.3475536,0.48429984,0.5207692,0.011244275,0.036535587
0.020531869,0.36740455,0.3364648,0.6053593,0.44673,0.6844787,0.6473128,0.76250994,0.09083444,0.05929887,0.045111228,0.14216782,0.22828713,0.44485822,0.0034763108,0.009668902,0.09133926,0.010241683,0.706777,0.13524461,0.4970068,0.6326797,0.63602376,0.01893117,0.061272793
0.054671515,0.4322313,0.40170032,0.59013224,0.4831289,0.6854467,0.64677554,0.7465038,0.15383463,0.10468487,0.08875631,0.2170706,0.29491505,0.4553715,0.016317947,0.032714285,0.16163541,0.036515687,0.6933995,0.20442133,0.5344171,0.621823,0.6375239,0.046539277,0.12181058
0.00012745388,0.03304224,0.011685584,0.15738712,0.03976936,0.06339475,0.07408136,0.27893472,0.0039295442,0.022126595,0.0012567377,0.018342447,0.00958932,0.3712343,1.7079057e-06,2.2174485e-05,0.002397066,9.79903e-06,0.37796584,0.008219137,0.0356848,0.058377534,0.12879641,0.00029085772,0.0012782814
0.02415344,0.40146816,0.3779389,0.63375384,0.48591268,0.7244436,0.6845482,0.77868986,0.100465484,0.058504503,0.050568033,0.15219688,0.25673732,0.45021054,0.0043524955,0.011584589,0.104481384,0.012681351,0.7208821,0.14858134,0.54125834,0.67420745,0.66718066,0.02118419,0.0694751
0.0058777104,0.18475313,0.123942226,0.39915705,0.2162118,0.3690448,0.36345568,0.6024446,0.042207833,0.06046818,0.017999195,0.08788098,0.0881514,0.4161617,0.000568117,0.0022649395,0.034359377,0.0018403672,0.5906885,0.06525719,0.23135146,0.3188681,0.40464702,0.0071954336,0.023156447
0.022427212,0.36557743,0.33220664,0.592517,0.43845794,0.67067605,0.63462216,0.75449234,0.09489107,0.06496237,0.048033137,0.14864416,0.22862247,0.4440113,0.0040585566,0.010905049,0.09532414,0.011564405,0.70027286,0.13940696,0.48831987,0.61589175,0.6270873,0.02068685,0.06525302
3.7731246e-05,0.018916024,0.0053854003,0.105769895,0.022832356,0.03276071,0.040135406,0.20107517,0.0018108952,0.016050272,0.0005291947,0.0114437025,0.0046384586,0.35677603,2.865e-07,5.122969e-06,0.0010049863,1.887222e-06,0.32184863,0.0041934433,0.0194978,0.030968813,0.085021965,0.00010200257,0.0005094133
0.0001439658,0.033759706,0.011862619,0.15278171,0.040557686,0.061939176,0.07169471,0.2720835,0.0041893334,0.023942603,0.0013619744,0.019479446,0.009796015,0.3726908,2.066792e-06,2.5714644e-05,0.0025430396,1.1409912e-05,0.37575868,0.00864307,0.035993114,0.056087416,0.12799099,0.00031608593,0.0013869604
0.010779863,0.2652698,0.21557416,0.51649094,0.32555535,0.5442819,0.5240161,0.69741553,0.06274105,0.05695047,0.028665219,0.109847926,0.14691454,0.4284496,0.0013414129,0.004510107,0.05591564,0.0042020925,0.6569739,0.09357076,0.35559884,0.4966591,0.52655435,0.011646719,0.037727717
0.08654272,0.52723575,0.5250402,0.6648168,0.58289856,0.78565764,0.73792404,0.778955,0.20445682,0.1018607,0.121433854,0.2662366,0.3916321,0.474284,0.030265912,0.054246824,0.23262608,0.062861994,0.7227166,0.26467377,0.6472527,0.7264863,0.71761334,0.06569355,0.17405762
0.09409245,0.47338876,0.45157057,0.5927165,0.51236916,0.6950744,0.6556866,0.7360776,0.20674385,0.13809592,0.13009636,0.27149808,0.3475353,0.4645708,0.037746266,0.063658044,0.22238293,0.071726546,0.6833156,0.25769642,0.5645198,0.63061637,0.6470386,0.07774401,0.17714627
1.3349251e-12,1.5671636e-05,4.2039179e-07,0.0013161184,2.9486766e-05,3.2888198e-05,5.790847e-05,0.0059610605,3.8455397e-08,3.8406957e-05,2.0764086e-09,7.2091193e-06,3.4736397e-07,0.17393732,2.846949e-18,6.699333e-15,5.587152e-09,2.7169431e-16,0.06282036,3.6064787e-07,1.1290424e-05,3.9842856e-05,0.0005213552,2.7061613e-11,1.4266088e-09
0.00038919682,0.05243128,0.021634938,0.19694221,0.06246454,0.10023268,0.11157951,0.34283772,0.007848861,0.03144576,0.0026949751,0.029393604,0.017405137,0.38151342,9.169716e-06,8.555853e-05,0.005094363,4.3548218e-05,0.42288265,0.015056701,0.058164243,0.08894473,0.17428885,0.0007321286,0.002932345
0.045866273,0.5295146,0.5346623,0.72017473,0.61159986,0.83779967,0.7917574,0.81550235,0.15349227,0.057324525,0.07676905,0.21092345,0.37327504,0.47721323,0.0101864515,0.02307401,0.1815019,0.026592033,0.7591968,0.2109747,0.683989,0.7915841,0.7620274,0.03452999,0.11677105
0.033987053,0.471142,0.4642164,0.6842681,0.55892,0.79077864,0.74672085,0.8036636,0.12508698,0.05809763,0.0636024,0.17784917,0.3152776,0.46308577,0.006937797,0.016839553,0.1378567,0.0193663,0.74359334,0.17945664,0.62240946,0.74272317,0.72118086,0.027033934,0.09034544
0.007408629,0.2681397,0.23058504,0.56823856,0.354609,0.60464585,0.574277,0.73253846,0.050689507,0.03933151,0.021902496,0.08958308,0.14868197,0.43238068,0.0006983681,0.0027526426,0.046032675,0.002523249,0.6801965,0.08278559,0.3869149,0.5642463,0.5689487,0.007962752,0.02873856
0.024865534,0.4720266,0.4675945,0.7126496,0.5730391,0.8156027,0.77141964,0.81896645,0.108173475,0.04372495,0.050735973,0.1568688,0.30694047,0.46631387,0.004030628,0.011003068,0.120888084,0.012479428,0.75902885,0.15946619,0.63988686,0.77448326,0.74190253,0.020064317,0.07324573
7.95292e-07,0.0037103079,0.0006022654,0.03937561,0.004881976,0.006335255,0.008620359,0.08621147,0.00015494143,0.0044569843,3.377157e-05,0.0021901233,0.00054165244,0.3121919,9.2889285e-10,4.9191023e-08,6.529692e-05,1.1084326e-08,0.22043249,0.00050021213,0.0034115885,0.006369263,0.025698712,3.5077453e-06,2.8801114e-05
0.00022595364,0.042305857,0.016058551,0.17908803,0.050377112,0.080623016,0.09182838,0.3092015,0.005542527,0.0265288,0.0018607626,0.02313169,0.013071462,0.37644538,3.962324e-06,4.3329987e-05,0.0035027894,2.1154685e-05,0.39954835,0.011098438,0.045590103,0.07309341,0.15057392,0.00046446602,0.0019686262
0.019162979,0.4155957,0.40026408,0.67556745,0.51742506,0.76721895,0.7255902,0.8011765,0.09097255,0.04463337,0.04287715,0.13754211,0.26132193,0.4556714,0.0028664905,0.008344857,0.09617342,0.00916682,0.74171877,0.13782161,0.5763766,0.72526264,0.6996806,0.016598564,0.059729625
0.004772409,0.21180272,0.16759074,0.5104295,0.2810298,0.50753826,0.4881733,0.68417436,0.03836125,0.03791646,0.01597347,0.074761465,0.10953002,0.42479566,0.0003576671,0.0016300024,0.033036154,0.0013724419,0.6460151,0.064320855,0.30427527,0.4684276,0.49879673,0.005690368,0.020424094
0.018504104,0.36871842,0.3417051,0.6201739,0.45469725,0.6991611,0.6602034,0.77020836,0.0865931,0.053976752,0.042103022,0.13538614,0.22643092,0.4460696,0.0029098256,0.008429163,0.08677997,0.008943354,0.7139326,0.13030759,0.5055631,0.6504829,0.64551026,0.017028205,0.057046205
0.00064659846,0.07799605,0.042281676,0.31243694,0.102626145,0.19994791,0.2079282,0.468117,0.011051749,0.027023302,0.0039113406,0.03260308,0.029997103,0.39810964,1.7115535e-05,0.00015027395,0.0077660163,8.751861e-05,0.4986908,0.021113185,0.09933618,0.18136485,0.26025656,0.001114607,0.004412132
0.009306815,0.28373316,0.24521646,0.5695636,0.36503646,0.61068326,0.57963264,0.7329632,0.05742035,0.044827737,0.0260092,0.10011032,0.16013403,0.43503168,0.001014442,0.0036784636,0.053245258,0.0035093164,0.685276,0.09151429,0.4040954,0.5661208,0.5761014,0.009752645,0.034154125
0.0009032071,0.08191297,0.041861493,0.2812313,0.09986292,0.17941768,0.18868564,0.44692862,0.013509107,0.035603765,0.004931226,0.039749503,0.030915074,0.39715677,3.1035815e-05,0.00023202022,0.009400401,0.00013962369,0.48956293,0.024064336,0.0977588,0.15880866,0.24749789,0.0015033646,0.0056221737
0.004127593,0.18396103,0.13611263,0.46237224,0.23680325,0.4347083,0.42274812,0.642538,0.034860667,0.041650224,0.014444185,0.071758755,0.09127135,0.4199329,0.00029551474,0.0013999076,0.028789159,0.0011277732,0.61820453,0.0578142,0.25454798,0.393969,0.4468969,0.005159677,0.018123023
0.013890368,0.35411102,0.32856607,0.63040227,0.45075083,0.7047046,0.66680825,0.7757971,0.07407494,0.044435084,0.034419633,0.11882013,0.21300176,0.44480893,0.0018190476,0.0058086696,0.07348144,0.006024883,0.7175133,0.11536244,0.5008104,0.66183585,0.64923114,0.013104745,0.04642319
0.008860217,0.26566967,0.22193272,0.5404418,0.33818227,0.5724722,0.54404205,0.7145232,0.05516979,0.047657967,0.024743939,0.09820666,0.1465412,0.43026692,0.0009519582,0.0034818817,0.049558174,0.0032357078,0.6681992,0.08798118,0.36928594,0.5255276,0.54585046,0.009436989,0.032476336
0.024616769,0.424743,0.40870747,0.6608998,0.5145813,0.75623626,0.71415186,0.79413825,0.10355702,0.053933572,0.05109529,0.15365236,0.27203453,0.4550706,0.0043494776,0.011571439,0.10863288,0.012864704,0.73212624,0.1526204,0.5729487,0.70848334,0.69195235,0.021028088,0.0710001
0.009463105,0.24816059,0.19515991,0.4918816,0.30361462,0.5116041,0.49103963,0.6843914,0.05693711,0.05689448,0.025902359,0.10401901,0.13470332,0.42611656,0.0011155322,0.003909229,0.050402313,0.0035226867,0.6429813,0.08757331,0.33128762,0.45914432,0.50790864,0.010507354,0.033837758
0.025593916,0.46453524,0.45948908,0.70287716,0.5655989,0.8048978,0.7608712,0.81416136,0.10822006,0.046964116,0.052250016,0.15736291,0.3023907,0.46311983,0.004327656,0.011573637,0.11921055,0.013311525,0.7538877,0.16082822,0.6282949,0.7620704,0.7318538,0.020428712,0.07426652
0.00044809215,0.06647117,0.03406582,0.29261467,0.08824111,0.17157516,0.180318,0.43713105,0.008828087,0.02454272,0.0030567455,0.028064523,0.024201045,0.3959646,9.806134e-06,9.673019e-05,0.0060300543,5.366203e-05,0.48030007,0.017134393,0.08339617,0.1563439,0.23468882,0.0008234249,0.0033649171
0.01232534,0.3225382,0.29115775,0.5982739,0.4111817,0.66073895,0.62604326,0.75602126,0.06844018,0.046491735,0.03160848,0.11340498,0.1899415,0.4395071,0.0015509496,0.0051340987,0.06559497,0.0051357723,0.7016745,0.10672137,0.45598638,0.61575073,0.6159429,0.012113291,0.042255666
0.051383022,0.53062904,0.533169,0.7152398,0.60903746,0.83265567,0.78730696,0.8103183,0.16038232,0.06377974,0.08423056,0.22098432,0.3776589,0.47646084,0.012194874,0.026767138,0.19156706,0.031471316,0.7565758,0.22196218,0.6801845,0.7847395,0.7550182,0.038752407,0.12636235
0.03411172,0.5022607,0.50302315,0.719356,0.5966733,0.82836884,0.7842267,0.819025,0.128498,0.05074918,0.06338682,0.18215178,0.3384836,0.47062975,0.0064530256,0.015990552,0.1478589,0.01871693,0.7606208,0.18593235,0.6637372,0.7850751,0.7521151,0.02620329,0.09267972
0.0014583896,0.1157896,0.07398135,0.38593885,0.15514582,0.30094984,0.30317208,0.554905,0.018306216,0.03147482,0.0068997783,0.045659054,0.0503391,0.40884212,5.8373647e-05,0.00039877114,0.013812729,0.00026810606,0.55629516,0.033249013,0.15791065,0.27330866,0.34475315,0.002150714,0.008171917
0.015500541,0.3630815,0.33545667,0.63013816,0.4559766,0.70872855,0.66756654,0.77935565,0.07913721,0.04670644,0.036627825,0.123984665,0.21722911,0.44671613,0.0021499495,0.006562122,0.07781254,0.006818379,0.71744514,0.12111047,0.50411093,0.66316146,0.649961,0.0144748455,0.049992323
0.0036185517,0.1902468,0.14757214,0.49928024,0.25819486,0.47987837,0.46218583,0.66789687,0.03250269,0.0344862,0.0131758675,0.06603428,0.095238306,0.4225778,0.00022928996,0.0011607573,0.026970439,0.00093470153,0.63493246,0.055828054,0.27499002,0.4436014,0.4753723,0.004458891,0.01659226
0.013242497,0.36304998,0.3421854,0.6473353,0.46727538,0.7249003,0.6857731,0.7859206,0.073128395,0.040665366,0.03319794,0.11607178,0.21833195,0.44648156,0.0016542233,0.005392272,0.072839014,0.005620388,0.72577643,0.11418597,0.5181797,0.6851523,0.6642953,0.012304634,0.045073867
0.027625948,0.4637415,0.4561725,0.6947955,0.5595938,0.7985702,0.75464404,0.810248,0.11271893,0.04989325,0.054766927,0.16261442,0.30417415,0.46243012,0.0049196645,0.012816417,0.12408666,0.014619625,0.7496306,0.16500233,0.62276185,0.7540985,0.7263016,0.022261236,0.07810122
0.00065767346,0.068821914,0.031413976,0.24138328,0.08177018,0.1388956,0.149308,0.39878687,0.01091117,0.035040077,0.0039487737,0.035541184,0.024352454,0.39255026,1.9846195e-05,0.00016044694,0.0074559944,9.0197354e-05,0.458404,0.020038966,0.07872742,0.12195339,0.21240501,0.0011716406,0.0044044745
8.052779e-08,0.0014692022,0.00017345232,0.023187274,0.0020598518,0.0026852868,0.0037773058,0.055026088,3.6567042e-05,0.0019558372,6.516318e-06,0.0007987589,0.00015783172,0.28565255,3.0834973e-11,3.1850544e-09,1.3218386e-05,5.394951e-10,0.17892441,0.00014262606,0.0012722289,0.0027372763,0.013196542,4.7306813e-07,5.3698427e-06
0.00015324762,0.035144854,0.012314333,0.15707837,0.041712668,0.06433714,0.07400784,0.27681038,0.0043225302,0.024338445,0.0014220326,0.019994663,0.010200221,0.3736051,2.2427748e-06,2.7407948e-05,0.0026414907,1.2428897e-05,0.37783694,0.008974315,0.036955316,0.058335874,0.13035597,0.00033685946,0.0014661764
0.027394798,0.47189456,0.4666875,0.7041229,0.56983644,0.8082099,0.76409817,0.81476414,0.11236931,0.047917873,0.054441653,0.16255517,0.30980614,0.46458313,0.0047815237,0.012550651,0.12525679,0.014403982,0.75415856,0.16583991,0.6347011,0.76455843,0.73509234,0.021818561,0.07791569
0.034073092,0.49553245,0.49461225,0.7104707,0.58840865,0.81960654,0.77492243,0.81575394,0.12755142,0.05220386,0.0633034,0.18019426,0.3339467,0.4689013,0.0066250735,0.01628629,0.1449499,0.018935354,0.7565426,0.18355809,0.65524244,0.77471167,0.74560297,0.026231162,0.09180444
0.012666554,0.3394707,0.31160328,0.61976844,0.43450215,0.68888676,0.652378,0.76884514,0.07008733,0.04389701,0.032218706,0.11407219,0.20242026,0.4424699,0.0015885291,0.0052266717,0.0687161,0.0053290124,0.71193236,0.10985535,0.48228174,0.6462292,0.6370507,0.012178251,0.04336921
0.0583711,0.53411037,0.5382086,0.70560616,0.6061878,0.82695335,0.7798096,0.8053348,0.17241609,0.06957924,0.091060035,0.23310728,0.38632402,0.47719055,0.015235323,0.031715002,0.20317137,0.03673469,0.74948275,0.23181383,0.67729956,0.7759112,0.75205415,0.04379337,0.13791224
0.00034946992,0.059123255,0.027107637,0.26233155,0.07562878,0.14293033,0.1506979,0.40372226,0.007666408,0.02487658,0.002618326,0.02558309,0.020063134,0.394717,7.2230273e-06,7.3079995e-05,0.0049706316,3.9234794e-05,0.45247853,0.014679116,0.06906867,0.12543352,0.20581846,0.0006775854,0.0028656062
0.019317633,0.39429733,0.37362733,0.64775044,0.48705903,0.7380813,0.69711024,0.7883713,0.09109596,0.04873943,0.04251135,0.1379268,0.2460944,0.45097968,0.0029758883,0.008534525,0.09339721,0.009123551,0.7286828,0.1355326,0.5417066,0.6932466,0.6748089,0.01728832,0.059814982
0.039492093,0.50910956,0.5084612,0.714003,0.5970367,0.8260564,0.7805475,0.8148727,0.13885269,0.05631428,0.070360966,0.19398336,0.34834236,0.47160438,0.008180599,0.01939438,0.16056629,0.02275016,0.7569111,0.1971919,0.66383874,0.7802009,0.7490851,0.03029771,0.10296618
0.010258962,0.33474937,0.31061777,0.6371762,0.4411027,0.704869,0.6673793,0.7777219,0.06322609,0.036822874,0.027716596,0.10333133,0.19668101,0.44334692,0.0011089393,0.0039411774,0.06149309,0.0039495183,0.7194442,0.10096585,0.48740467,0.6684196,0.64624095,0.009969108,0.03746939
0.017440753,0.39762565,0.37898448,0.66262853,0.49890763,0.75008065,0.70927846,0.7944993,0.08557444,0.0446017,0.040226683,0.13126607,0.24692374,0.45177233,0.0025169775,0.0075270846,0.08863924,0.008136753,0.7341603,0.13102368,0.5542834,0.70808727,0.6850284,0.015468114,0.055305623
0.00087059673,0.07956794,0.03986413,0.27033004,0.09629996,0.1693789,0.18095914,0.43748477,0.013138071,0.03606562,0.0047938265,0.039666757,0.030009773,0.3959136,2.989537e-05,0.00022634673,0.00925011,0.00013398135,0.48152336,0.023579277,0.09545724,0.14947999,0.2439227,0.0014737964,0.0054331287
9.394042e-08,0.0015586623,0.0001882065,0.023948519,0.0021876914,0.0028362428,0.0040460685,0.05710407,3.9850347e-05,0.0020446933,7.2275884e-06,0.0008515696,0.00017076771,0.28696626,3.8412606e-11,3.8037533e-09,1.4669387e-05,6.6182826e-10,0.1816597,0.00015594147,0.0013745617,0.002913307,0.013898275,5.360574e-07,5.8726237e-06
2.1727277e-05,0.015925653,0.0044705695,0.109565414,0.020199763,0.031892244,0.03893725,0.19671576,0.0012811164,0.012152144,0.00036625596,0.008475913,0.0037618275,0.35237318,1.1795304e-07,2.6148043e-06,0.00070893834,9.245532e-07,0.3175296,0.003118407,0.016481511,0.030474808,0.07876931,6.372878e-05,0.0003469217
4.4097804e-05,0.021663062,0.0065749455,0.12842517,0.02680915,0.04262188,0.050903358,0.22823963,0.002021502,0.015432158,0.0006082849,0.011550754,0.0055679367,0.36167496,3.5115406e-07,6.2311296e-06,0.0011735411,2.420048e-06,0.3426463,0.004552186,0.022999048,0.0399274,0.096943036,0.000119881406,0.0005972022
0.000110867986,0.032853574,0.011910357,0.17304103,0.041255325,0.07059755,0.08064405,0.29105222,0.0036009345,0.01913966,0.0011459177,0.01646755,0.009558099,0.37079784,1.2945286e-06,1.8192706e-05,0.0022083793,7.995439e-06,0.38429144,0.0077615054,0.036065146,0.065495774,0.13186963,0.00025850182,0.0011687848
0.00012559378,0.035432197,0.013687192,0.18863705,0.046192605,0.0810827,0.09021879,0.31047451,0.003901347,0.01911998,0.0012326983,0.01690285,0.0104045095,0.37613744,1.5021691e-06,2.1295808e-05,0.002378359,9.370925e-06,0.391502,0.008416148,0.03941136,0.07477519,0.14129761,0.00028481783,0.0012653148
9.126766e-06,0.010818443,0.0025049294,0.08041219,0.013634429,0.020027854,0.02494748,0.15570006,0.0007334474,0.009584,0.0001978553,0.005954901,0.002198561,0.33997893,3.392169e-08,9.1352484e-07,0.00037608983,2.822011e-07,0.28352937,0.0019329627,0.010581786,0.019101888,0.056919206,3.0228983e-05,0.00017963686
0.0010308165,0.092289746,0.05163742,0.32383552,0.11883294,0.2255852,0.23057997,0.48961797,0.014720021,0.032226134,0.0053355163,0.040041726,0.036664832,0.40043765,3.5328445e-05,0.00026375256,0.010459986,0.0001613606,0.51343685,0.026806634,0.115376115,0.20227468,0.2780495,0.0016355009,0.0062066983
8.2009676e-05,0.029329881,0.0105444025,0.16876546,0.03741513,0.06489986,0.07497575,0.28112406,0.0029965262,0.017144443,0.0009317674,0.0144425705,0.008326907,0.37015545,8.194511e-07,1.2915215e-05,0.0018259126,5.5206315e-06,0.37876034,0.0065806136,0.032815497,0.060875643,0.12529741,0.00020253361,0.00093719235
1.6045187e-08,0.00078864757,8.141872e-05,0.01805976,0.001233076,0.0017519288,0.0025213533,0.0458703,1.3175192e-05,0.0009782405,2.0262714e-06,0.00037409097,6.927479e-05,0.2662588,2.5936978e-12,4.6313703e-10,4.3595483e-06,6.430938e-11,0.15843174,6.31083e-05,0.0006855132,0.001829528,0.008947764,1.1565408e-07,1.5696423e-06
1.295315e-09,0.00026298471,1.7484257e-05,0.0076561705,0.00041503515,0.0004947277,0.000775884,0.02359348,2.7335936e-06,0.00045380928,3.145051e-07,0.00013752974,1.557185e-05,0.23815452,7.046119e-14,2.3346464e-11,7.020028e-07,2.3340529e-12,0.12168338,1.5225328e-05,0.00021256524,0.000541472,0.0037824523,1.2011606e-08,2.3866784e-07
0.0049212216,0.220315,0.17640634,0.5260578,0.29413116,0.5305718,0.5072752,0.6950613,0.039034657,0.03637576,0.01616975,0.075138696,0.114616886,0.4256201,0.00036660058,0.001657508,0.03396033,0.0014174248,0.6559659,0.06625729,0.3184009,0.4938695,0.5101903,0.005757522,0.020830743
0.0044011823,0.20141432,0.15557648,0.49796495,0.26932162,0.48903164,0.46439672,0.673887,0.03656274,0.03801866,0.01477105,0.071247995,0.10008006,0.42267907,0.00030945212,0.0014525314,0.029850155,0.0011682565,0.63531953,0.061767373,0.27882808,0.4506929,0.4671052,0.0052448288,0.018821916
9.970084e-05,0.031435974,0.011537477,0.17477363,0.04239437,0.07229944,0.07742958,0.28155726,0.0032505845,0.01820548,0.001039505,0.015013916,0.008795543,0.3685904,1.0059848e-06,1.5403135e-05,0.0018502875,6.6427933e-06,0.37536344,0.0075126397,0.03261802,0.065218955,0.12270356,0.00021179162,0.0010710541
0.00012943974,0.03691774,0.014749083,0.20157011,0.04793308,0.08806378,0.098862275,0.32495758,0.004045734,0.018516941,0.0012703417,0.017126005,0.011292529,0.37581718,1.5745809e-06,2.215282e-05,0.0025321117,1.0090152e-05,0.40615043,0.008605383,0.042448387,0.08194075,0.15005447,0.00029474375,0.0013245669
2.9081002e-05,0.017362392,0.0047632223,0.107190624,0.021443764,0.03196185,0.03859504,0.19280939,0.0015007406,0.014250639,0.00044666458,0.009626412,0.0041040024,0.35522792,1.8592736e-07,3.6347685e-06,0.0008295221,1.3341727e-06,0.3189816,0.0035481954,0.017379304,0.029753562,0.078848995,7.9016405e-05,0.00042850306
0.000106843036,0.03193086,0.011472386,0.16918607,0.040331114,0.06788754,0.0769438,0.28459522,0.0034983282,0.01934494,0.0011177592,0.01632526,0.009141483,0.3730312,1.2276473e-06,1.7397882e-05,0.0020938115,7.643591e-06,0.38126633,0.0075584142,0.034711964,0.06254979,0.12755737,0.00024797817,0.0011350829
0.005784819,0.2299024,0.18581931,0.5276247,0.3031705,0.53760904,0.51176983,0.69818896,0.043420874,0.03988701,0.018173099,0.080559455,0.12022627,0.4279427,0.00047775544,0.0020348616,0.03724629,0.0017497601,0.65570384,0.07110456,0.32448542,0.49769232,0.5111313,0.006589862,0.02349538
0.005741826,0.21944605,0.16996372,0.502432,0.28130454,0.5026443,0.4819737,0.6795469,0.04272327,0.04290526,0.018105892,0.081496604,0.11252984,0.4255598,0.00048321346,0.002036107,0.036481824,0.0017312784,0.6423615,0.06946368,0.30315146,0.4603756,0.49043024,0.006764132,0.023149125
1.6147796e-07,0.0019610492,0.00025854248,0.028198263,0.0027657342,0.0037260866,0.0051412596,0.06504143,5.5755892e-05,0.0024073056,1.06878615e-05,0.0010558366,0.00023278536,0.29312837,8.332576e-11,7.2473223e-09,2.1353666e-05,1.3235335e-09,0.1918023,0.00021267655,0.001749264,0.0037505804,0.016388653,8.612017e-07,8.782646e-06
0.008331452,0.26550144,0.21869218,0.5454967,0.3380723,0.57620245,0.548445,0.7172999,0.053947896,0.045614734,0.023721633,0.095487475,0.14479561,0.4319671,0.00086608785,0.003199848,0.048680127,0.0029789489,0.67056715,0.0851904,0.36858806,0.5302106,0.54733866,0.00900514,0.0313714
0.00056695053,0.07775345,0.043605432,0.33440536,0.10805541,0.2187318,0.22204542,0.4840166,0.010225556,0.023334708,0.0035108295,0.029756136,0.029613359,0.40058908,1.315607e-05,0.0001239285,0.007066602,7.0557944e-05,0.50636995,0.020141125,0.100602336,0.20059359,0.26504183,0.00097350153,0.003963857
0.0069123567,0.2406205,0.19603005,0.52432764,0.31063554,0.5442494,0.5185892,0.70305854,0.048195947,0.043194715,0.020572767,0.08854172,0.12875436,0.42780674,0.00064061757,0.0025400305,0.042123172,0.0022363702,0.65849483,0.07761084,0.3376279,0.50058043,0.52356243,0.007815456,0.026979806
0.00010599528,0.03190384,0.011240585,0.166913,0.03976067,0.06519295,0.07457604,0.27967665,0.003442621,0.019771,0.0011122328,0.01617664,0.009051449,0.37375718,1.2283101e-06,1.750558e-05,0.002126101,7.667517e-06,0.37835655,0.007419384,0.03479447,0.059947405,0.12719214,0.00024918476,0.0011248528
0.00037760768,0.057372987,0.026011236,0.24116017,0.071456224,0.12908788,0.14145483,0.38881713,0.007856889,0.026639743,0.0026843334,0.02745283,0.019819988,0.38586658,8.152596e-06,8.1335376e-05,0.00530057,4.2946664e-05,0.4499997,0.015315966,0.067981154,0.11748179,0.19877338,0.00073525676,0.0029340533
0.00018830504,0.040343914,0.015314887,0.18584971,0.049719486,0.08188799,0.09158392,0.31223512,0.004960778,0.023908498,0.0016560716,0.02076548,0.012204407,0.38167262,2.9429466e-06,3.5304973e-05,0.0031396197,1.647676e-05,0.3980329,0.01023516,0.044133388,0.07422136,0.14802346,0.00040617387,0.0017174818
2.0895138e-06,0.0056130188,0.0010508978,0.05126424,0.0072493684,0.0097735785,0.012915105,0.10795201,0.0002859241,0.006081804,6.7418114e-05,0.003306257,0.0009374611,0.32304427,3.841001e-09,1.5543853e-07,0.00012939791,3.929787e-08,0.24076036,0.00086549297,0.0053151264,0.009661571,0.034985676,8.2405495e-06,5.884565e-05
1.5556814e-05,0.014049491,0.0038187492,0.104629844,0.018094167,0.028495178,0.035326354,0.19063942,0.0010397424,0.010629836,0.00029183796,0.0074254023,0.0031904064,0.34965956,7.175554e-08,1.7656376e-06,0.0005720625,5.997629e-07,0.31375188,0.0026657637,0.014933246,0.027562134,0.07292358,4.9922288e-05,0.00026962385
0.09702792,0.5340544,0.53294235,0.6611721,0.582955,0.78680515,0.7382344,0.77511436,0.22176503,0.10808854,0.12989497,0.28322193,0.40527123,0.47781914,0.036615215,0.062891215,0.25200215,0.07143229,0.71796376,0.27653402,0.6486077,0.7258931,0.7174501,0.074904874,0.19178541
5.9861664e-05,0.025904074,0.009000153,0.16087191,0.033616222,0.05845379,0.068052545,0.26912194,0.0024653065,0.015232813,0.0007475648,0.012589193,0.0071483306,0.36740878,5.062972e-07,8.752019e-06,0.0014794631,3.5838195e-06,0.36740476,0.0056374003,0.028733002,0.055418022,0.1160724,0.0001536349,0.00074127276
1.680212e-06,0.005400808,0.0010227672,0.055319387,0.00720771,0.010369586,0.0135691175,0.11302326,0.00024923228,0.0052888514,5.931208e-05,0.0028961415,0.0009049955,0.32360497,2.7133278e-09,1.2189078e-07,0.00011669747,3.0859965e-08,0.24652264,0.00076994125,0.005265553,0.010283268,0.03547431,7.110381e-06,5.1733696e-05
9.340401e-06,0.011124059,0.0028050323,0.09130135,0.014979233,0.023322564,0.027883198,0.1638134,0.00072944944,0.0089844735,0.00020006648,0.005715281,0.002336346,0.3420225,3.1610416e-08,9.20357e-07,0.0003709325,2.8774727e-07,0.2917496,0.001992504,0.0110606225,0.022073688,0.05927722,2.9512059e-05,0.00018461373
0.0010973435,0.0948978,0.052879732,0.32161376,0.119110584,0.2236711,0.23357445,0.49418962,0.015354813,0.033600666,0.0056311544,0.042039316,0.038203776,0.40005058,4.0448005e-05,0.00029131284,0.011259239,0.00018216256,0.5158332,0.02766896,0.12060713,0.20062405,0.28680232,0.0017819802,0.006541192
0.00043584965,0.058116462,0.025557144,0.22855605,0.07188197,0.12243432,0.13165903,0.3725739,0.008353732,0.029986223,0.0029447302,0.029041726,0.019597905,0.38687107,1.0130976e-05,9.601878e-05,0.0055327555,5.0731676e-05,0.44107446,0.016160393,0.06539325,0.10890017,0.19069834,0.0008005282,0.0032145847
0.00045079124,0.06444503,0.03129214,0.27070284,0.08192875,0.15529624,0.16613069,0.4201661,0.008762402,0.026040522,0.0030015933,0.028683614,0.023081312,0.39058334,1.0212059e-05,9.78802e-05,0.0060056252,5.378499e-05,0.47047317,0.017050024,0.078724995,0.14146176,0.21984993,0.0008394391,0.0033555208
0.10574286,0.5598,0.56681365,0.6827345,0.60988617,0.81452936,0.7642666,0.7807459,0.23549296,0.10349088,0.13785052,0.3020911,0.43329966,0.4842919,0.040283293,0.06829919,0.27741528,0.07760974,0.72817266,0.2933796,0.68152523,0.7562078,0.74196196,0.07948408,0.20897584
0.019754475,0.36979413,0.33996418,0.6128008,0.45196554,0.6940588,0.6554925,0.76841134,0.08981148,0.056177296,0.043519117,0.1392266,0.22751428,0.44583023,0.0032255505,0.0090762805,0.08956262,0.009527083,0.71007615,0.13356249,0.50180894,0.64406115,0.6398583,0.018258918,0.05950866
0.027096799,0.41235885,0.38994864,0.6362827,0.49182925,0.7323147,0.68976355,0.7814269,0.10890014,0.06098266,0.053880606,0.1601159,0.26432854,0.45286107,0.0051587983,0.013179036,0.11274247,0.014374531,0.7225254,0.15637061,0.5477155,0.6806629,0.6702361,0.023661938,0.07582386
0.00081514847,0.081724115,0.042608213,0.29459542,0.10240984,0.18964146,0.19929843,0.45850843,0.012615525,0.031955823,0.0045511597,0.037167992,0.031235266,0.39614835,2.5594738e-05,0.00020268584,0.008951003,0.00012050019,0.49399966,0.023394812,0.10063491,0.17009695,0.25416183,0.0013783141,0.0051989676
0.0003995329,0.060797885,0.029444292,0.2658431,0.07854818,0.14800937,0.1601865,0.413294,0.008196797,0.024971634,0.0027882392,0.027544005,0.021578917,0.39048445,8.4941485e-06,8.525613e-05,0.0055699516,4.5946694e-05,0.46423727,0.016123103,0.07505327,0.13550343,0.21517894,0.00076660793,0.003057824
0.00212315,0.13520987,0.08918028,0.40233618,0.17573602,0.33497936,0.3361805,0.5819931,0.02323633,0.03546726,0.00894852,0.054558836,0.06134822,0.4103196,0.000106404106,0.0006286342,0.018149545,0.00044755085,0.5738949,0.040686958,0.18396035,0.3038204,0.3731429,0.0030270189,0.01091358
0.0010903499,0.093417756,0.050833583,0.31315994,0.115101874,0.21363159,0.22401239,0.4850377,0.015275173,0.034673423,0.00560751,0.042370893,0.03709965,0.399607,4.091537e-05,0.00028929295,0.011199096,0.00018206707,0.51287395,0.027259449,0.11731547,0.19118613,0.2783855,0.0017926149,0.006558804
7.9498e-05,0.02725314,0.009063534,0.14464448,0.034288984,0.053832643,0.06232235,0.2528965,0.0028510466,0.018566685,0.00089179224,0.014572098,0.007396416,0.36456752,7.966227e-07,1.2259766e-05,0.0016751399,5.068783e-06,0.356296,0.006431942,0.028457843,0.049882274,0.11095859,0.00018815571,0.00089379976
1.773143e-05,0.014778032,0.004116074,0.10738923,0.019163176,0.030270087,0.03698906,0.19463144,0.0011270505,0.011122149,0.00031688734,0.0077544367,0.003386848,0.3518432,8.596404e-08,2.0662737e-06,0.00061803096,7.0304264e-07,0.31362224,0.002842953,0.015500497,0.029230308,0.075607345,5.4659806e-05,0.00029477102
0.00024694993,0.042997554,0.016281836,0.17506847,0.05121235,0.08076649,0.09172083,0.30896732,0.005856159,0.02754723,0.001956475,0.024274928,0.013298017,0.37621325,4.5978372e-06,4.864152e-05,0.0036564555,2.3239965e-05,0.40017143,0.011697843,0.04628745,0.0724124,0.14952119,0.00049891643,0.002077718
0.0030188793,0.17597924,0.13356948,0.48602328,0.24368943,0.4577955,0.43377265,0.6562101,0.029321348,0.032950047,0.011219152,0.06020146,0.08377546,0.41769692,0.00016832422,0.0009092578,0.022746516,0.00069297873,0.62376547,0.05151059,0.2453695,0.42390248,0.43652725,0.003731015,0.014106451
0.0029405355,0.15686987,0.10832737,0.43009707,0.20362574,0.3818386,0.37419382,0.61076707,0.028367039,0.038291093,0.011249959,0.061755322,0.07374454,0.4148719,0.00017512045,0.0009246278,0.02263776,0.0006911037,0.59418505,0.048262585,0.21380043,0.34582794,0.40225968,0.0039340877,0.013938648
0.0043161325,0.20257173,0.15892006,0.5040808,0.2735337,0.49678203,0.4711202,0.67830664,0.036324568,0.0370721,0.014577591,0.070678785,0.10145531,0.4218036,0.00029985263,0.001425809,0.02966213,0.0011498639,0.63899714,0.061689854,0.2835022,0.4592572,0.47247306,0.005110989,0.018586202
0.006551596,0.24658875,0.2058481,0.5442332,0.32690322,0.5670278,0.5360233,0.7152447,0.04704365,0.040309396,0.019696167,0.084756486,0.13087477,0.42812195,0.00057664333,0.0023613293,0.040520925,0.0020719976,0.6664117,0.076965235,0.34741175,0.5269521,0.52798617,0.007213451,0.025652079
4.0883257e-09,0.00041800278,3.3447213e-05,0.010189563,0.0006406808,0.0007682527,0.0011869244,0.030030623,5.7133975e-06,0.0006876021,7.2766403e-07,0.00023136545,2.9571022e-05,0.2514459,3.8917583e-13,9.201444e-11,1.5973816e-06,1.0521691e-11,0.13477738,2.9069744e-05,0.00035057278,0.00084034546,0.005418711,3.4032894e-08,5.6052204e-07
0.03344461,0.46292824,0.45078734,0.6769128,0.5464861,0.7823696,0.73857933,0.80104804,0.124872014,0.058919143,0.06207602,0.17595749,0.30726042,0.46191433,0.006812547,0.016586294,0.13615362,0.018709643,0.7411594,0.17643188,0.6099234,0.7339108,0.7097808,0.027268538,0.08914919
0.0036857706,0.17484933,0.124634296,0.4462035,0.2240223,0.41223893,0.4052436,0.6309417,0.03241742,0.040581934,0.013194879,0.068757884,0.085281394,0.4157999,0.00025117554,0.001229273,0.026872106,0.0009635015,0.6080369,0.054781914,0.24086098,0.37419868,0.43160453,0.0047623995,0.016591039
0.004709593,0.19134346,0.14060634,0.4606025,0.24629144,0.44127113,0.42315558,0.645513,0.037214108,0.044263434,0.015452558,0.07502365,0.09399213,0.41767627,0.00035835686,0.0016270394,0.030222168,0.0013086481,0.61666584,0.06250469,0.25624016,0.39854068,0.43878254,0.0056518954,0.019566087
0.00096398254,0.08636378,0.04529289,0.29236662,0.106715776,0.1938527,0.20508459,0.46494657,0.014082947,0.034584798,0.0051028724,0.040726013,0.03363112,0.3944956,3.398389e-05,0.00025331404,0.010077087,0.00015346843,0.4963807,0.025543181,0.105836324,0.17317066,0.26155037,0.0015939418,0.0059018913
3.0360331e-07,0.0026568004,0.00041493704,0.03860549,0.0038668204,0.005749085,0.007579806,0.0822199,8.406254e-05,0.0027659973,1.7247075e-05,0.0013285354,0.00034963537,0.30196798,1.9940981e-10,1.5447261e-08,3.3964716e-05,3.0826184e-09,0.21025674,0.00031044116,0.002464778,0.00570709,0.021413634,1.5323915e-06,1.417001e-05
0.0012970614,0.11294999,0.070503004,0.38509572,0.15077953,0.29775244,0.29937333,0.55379367,0.017080514,0.029376548,0.0062517077,0.043175533,0.04857318,0.40508083,4.8189646e-05,0.00034073374,0.012925625,0.00022555394,0.5541762,0.0317321,0.1526826,0.2722168,0.33710882,0.001966859,0.0075172377
3.7133337e-05,0.02160264,0.0071481136,0.14990623,0.029602418,0.05141694,0.058108073,0.24894843,0.0017872677,0.012626025,0.0005237315,0.009872354,0.0054469206,0.36056966,2.3346796e-07,4.861223e-06,0.0010084743,1.8357975e-06,0.34742337,0.0044208625,0.022961456,0.048358634,0.100223675,9.8785335e-05,0.00051036396
3.341312e-07,0.002767122,0.00042092052,0.03710927,0.003848018,0.0054280707,0.007443189,0.082317285,9.007685e-05,0.0030025155,1.8576126e-05,0.0014443086,0.00037252155,0.30514914,2.4903726e-10,1.7874315e-08,3.802325e-05,3.6707262e-09,0.21182585,0.00032136176,0.0026138434,0.0055249613,0.022245415,1.7459712e-06,1.5403164e-05
0.0016113812,0.11746032,0.07311295,0.37398618,0.15476996,0.2937448,0.2908283,0.54713637,0.019258602,0.034175854,0.007206025,0.047380857,0.049721017,0.40523142,6.745445e-05,0.00044812998,0.01421653,0.00029628546,0.54934204,0.03497868,0.15120015,0.26523456,0.3268027,0.002325678,0.008617947
2.0834239e-07,0.0021640533,0.0002901163,0.028531665,0.0029588072,0.0038171273,0.0053399093,0.066836976,6.6353474e-05,0.0027438942,1.2886095e-05,0.0012271111,0.00026569676,0.29562154,1.2804384e-10,9.975195e-09,2.5889716e-05,1.9117865e-09,0.19600938,0.00024095557,0.0019571222,0.0039076433,0.017647803,1.1032103e-06,1.0726338e-05
1.6045107e-05,0.01430674,0.0038899952,0.1059924,0.01909627,0.029992878,0.035515606,0.18976967,0.0010324119,0.01059246,0.00029123898,0.0071859793,0.003182308,0.34673402,7.0669756e-08,1.7754768e-06,0.00054671377,5.967624e-07,0.30607942,0.0027476025,0.014322679,0.028449908,0.0710312,4.7751222e-05,0.00027188513
0.0069199586,0.24978575,0.20715488,0.5442462,0.32719332,0.5683334,0.5401381,0.7140806,0.048354145,0.040980957,0.020693513,0.08748175,0.13484299,0.42962664,0.000632133,0.0025257333,0.04283714,0.0022503638,0.6681906,0.0787317,0.3552529,0.527444,0.5366444,0.007686494,0.026987098
0.0067334,0.2690779,0.2334034,0.5824027,0.36062247,0.6216838,0.5905814,0.7407706,0.048449785,0.03485124,0.020052692,0.08615471,0.14942169,0.4324812,0.0005796291,0.0023509134,0.044435866,0.0021573082,0.68998575,0.080457166,0.39490005,0.58647394,0.5791958,0.0072564785,0.02701025
0.00095287367,0.081389196,0.040166087,0.26501742,0.09843154,0.17017518,0.17966835,0.43440917,0.013723255,0.037599012,0.0049982322,0.04091423,0.030390892,0.39179045,3.382546e-05,0.00024765258,0.009453595,0.00014594424,0.47855404,0.024863517,0.093844004,0.1496497,0.23767525,0.0015413177,0.005770455
0.0014536066,0.118099906,0.076586135,0.39653224,0.16307983,0.31798437,0.30803168,0.56384104,0.018277828,0.030283224,0.006685228,0.044381756,0.05049137,0.4076639,5.5093005e-05,0.00038359957,0.013255889,0.0002506999,0.55944115,0.03409961,0.15572079,0.28984773,0.33594477,0.002060057,0.008046128
1.08472705e-05,0.012097057,0.0030614631,0.0928895,0.015487637,0.02398017,0.030162152,0.17525382,0.0008257515,0.0095887035,0.0002246251,0.006383323,0.0026020093,0.34387168,4.248651e-08,1.1453326e-06,0.00044292046,3.6864446e-07,0.2986261,0.0021839577,0.01252658,0.023297984,0.06530401,3.649016e-05,0.00020466295
0.000580979,0.07012628,0.035187025,0.27572268,0.089393504,0.1653331,0.17704737,0.43242228,0.0102978125,0.028700497,0.0035801562,0.03247533,0.02577708,0.39138818,1.5133145e-05,0.00013497732,0.007086178,7.6211705e-05,0.47659063,0.01958862,0.085985206,0.14996013,0.23115827,0.0010345381,0.004026484
0.00045427782,0.06324197,0.030107122,0.26027462,0.0802369,0.14780268,0.15930896,0.41182855,0.00877416,0.027003525,0.0030310724,0.029235328,0.022499759,0.38859472,1.0439345e-05,0.00010033173,0.0059823287,5.4691354e-05,0.46257827,0.017128116,0.07604066,0.13460417,0.21511939,0.00084822375,0.003345526
0.009887494,0.3042179,0.27200288,0.59636384,0.3961376,0.6493198,0.612993,0.7543072,0.061003905,0.04231158,0.02649465,0.101494655,0.17095177,0.43525353,0.0010862863,0.0038616494,0.055861674,0.0037407938,0.6992481,0.09658504,0.43056118,0.6090215,0.5927768,0.009954547,0.035198875
5.6588084e-05,0.02408779,0.008061919,0.1458927,0.032017525,0.052567516,0.059332613,0.24595082,0.0022952743,0.015711185,0.0007082954,0.012189303,0.0063844724,0.3631159,4.520812e-07,8.012307e-06,0.0012991806,3.1683353e-06,0.35247257,0.005424938,0.025334409,0.048524525,0.10366655,0.00013683774,0.0006999046
0.009419315,0.30642515,0.2743571,0.60601246,0.40173072,0.661265,0.62831175,0.7579808,0.0590239,0.038903452,0.025956398,0.10040055,0.17717464,0.4386959,0.0009866317,0.0035719362,0.056171075,0.0034757191,0.7038118,0.09507447,0.44512886,0.6227099,0.6129144,0.009582678,0.034763694
0.0028644812,0.15758537,0.10848202,0.43080148,0.20264862,0.38219982,0.37640464,0.6125988,0.027791383,0.037645243,0.010953314,0.061314326,0.074069425,0.41325748,0.00016805255,0.00089513365,0.022512984,0.0006745173,0.5965032,0.047935564,0.21552852,0.34723294,0.40476012,0.003857351,0.013711173
5.9638132e-05,0.023519477,0.0073050493,0.12622891,0.028391054,0.042692944,0.051761393,0.23130926,0.0024152834,0.017924916,0.00074225635,0.0136819985,0.006166978,0.36282027,5.588503e-07,8.875365e-06,0.0014064233,3.5421042e-06,0.34745944,0.0054263696,0.025020206,0.04010488,0.100187816,0.00015480927,0.0007234524
6.5739055e-06,0.009785377,0.0023362115,0.08449181,0.012833671,0.019800512,0.024933936,0.15824096,0.00059778447,0.008045569,0.00015887932,0.005100418,0.0019844605,0.34083095,1.9989898e-08,6.249014e-07,0.00031025833,1.9085472e-07,0.28799757,0.0016466641,0.010070326,0.019332547,0.055903506,2.358379e-05,0.00014313753
0.00020223952,0.04258884,0.017298337,0.20198202,0.053422257,0.09313963,0.10473916,0.3348354,0.005306957,0.022828827,0.0017441921,0.021418238,0.013529271,0.37927654,3.2107766e-06,3.794548e-05,0.0033790797,1.8245108e-05,0.41492465,0.010841436,0.048704468,0.0854711,0.15995009,0.00043023008,0.0018368469
0.008300959,0.262883,0.21874294,0.54269224,0.33571514,0.574176,0.54794747,0.7162385,0.053480074,0.04498294,0.02349063,0.09605594,0.1454899,0.42979905,0.00085623015,0.003196534,0.048990473,0.0029506707,0.6715727,0.08577727,0.37030682,0.5300341,0.54875696,0.009066717,0.031127755
0.00012958559,0.033657372,0.011962907,0.16354093,0.041344512,0.066307105,0.07513489,0.2802102,0.003938919,0.022016438,0.0012826053,0.018008042,0.009762325,0.37618253,1.7166435e-06,2.2692295e-05,0.002404973,1.0007229e-05,0.3791815,0.00823879,0.036134172,0.06008982,0.12899949,0.00029413938,0.0013130401
1.3100929e-06,0.0046373075,0.00080639747,0.04543522,0.006021989,0.007932918,0.01059291,0.09760403,0.00021190717,0.005221344,4.8451475e-05,0.00272572,0.0007305344,0.3180327,1.9380741e-09,8.980646e-08,9.426546e-05,2.156811e-08,0.23182987,0.0006668138,0.0043659625,0.007954523,0.030570237,5.5455484e-06,4.182255e-05
0.00065776304,0.06801051,0.030430447,0.23067781,0.08024968,0.13447694,0.1455148,0.3942291,0.0109719,0.035431877,0.0038889886,0.036100805,0.023837019,0.38722548,2.020545e-05,0.00016058501,0.0073687164,8.859052e-05,0.45350406,0.020118125,0.07688675,0.118071966,0.20831433,0.0011649377,0.0043737525
0.019078821,0.40173066,0.3825313,0.6580382,0.49632093,0.7511702,0.7089149,0.7937817,0.09110407,0.04608794,0.041536566,0.1371496,0.2509757,0.4523133,0.002850404,0.008244944,0.09425292,0.008827865,0.73506635,0.13622007,0.5533118,0.7085653,0.68351805,0.016854487,0.059429932
0.0014755144,0.103704765,0.058954548,0.3255262,0.1309734,0.2390035,0.24027796,0.5010658,0.01825314,0.03832904,0.006807725,0.04722422,0.041633345,0.40160328,6.263185e-05,0.00041330035,0.012967554,0.00026199615,0.52069014,0.03211591,0.12602283,0.21073918,0.28830388,0.002193501,0.00807166
0.00015423684,0.039842296,0.016526153,0.21155237,0.05353955,0.0973656,0.10532569,0.33655003,0.004423854,0.019250773,0.0014097596,0.017917428,0.012150609,0.37867904,1.9523425e-06,2.6908134e-05,0.0027316953,1.2245615e-05,0.4077239,0.009608876,0.044939235,0.089772366,0.15513581,0.00033030857,0.0014756148
0.05008793,0.5230419,0.5242534,0.70554084,0.6011234,0.82402706,0.77737105,0.8092759,0.15800779,0.06397053,0.081646085,0.21507372,0.36983117,0.4739242,0.012034749,0.02622388,0.18323927,0.030397246,0.7513181,0.2165255,0.6702058,0.77480817,0.74911195,0.03762134,0.1219144
3.1594827e-06,0.0069430354,0.0014280207,0.06375797,0.009172958,0.013090052,0.016825143,0.12703814,0.00036659863,0.006582793,9.2942304e-05,0.0038077286,0.0012528319,0.33096302,6.718574e-09,2.5641438e-07,0.00017802347,6.9683956e-08,0.25755265,0.0011085549,0.0068185697,0.012871894,0.042429037,1.2138773e-05,8.0117024e-05
6.9225796e-05,0.025687141,0.008304269,0.13785301,0.031350523,0.048921335,0.05857689,0.2473935,0.0026635828,0.018218905,0.00083081063,0.014193866,0.006917432,0.36550754,6.855369e-07,1.0659675e-05,0.0015877186,4.3603923e-06,0.35554117,0.005909402,0.027650451,0.045717686,0.10934436,0.00017578613,0.0008131175
5.0934964e-06,0.008573041,0.0019173678,0.07339408,0.01107523,0.01623578,0.021041796,0.14390427,0.00050917815,0.0077162627,0.0001320353,0.0047203,0.0016568288,0.33662432,1.4098976e-08,4.645039e-07,0.0002583892,1.3521294e-07,0.2742055,0.0014348228,0.008696178,0.01598623,0.050472073,1.8890798e-05,0.00011601122
0.00029093397,0.051112767,0.022467937,0.23013903,0.066943765,0.12005151,0.12666345,0.36728325,0.006569961,0.024360161,0.0022000116,0.02368077,0.01647498,0.38417715,5.1943416e-06,5.7553763e-05,0.004129655,2.8305465e-05,0.43009114,0.0134188,0.05754706,0.10756776,0.17870116,0.0005565966,0.002376676
0.010218411,0.33366752,0.3075798,0.6331709,0.43445697,0.70454144,0.6660867,0.77706605,0.0633456,0.03597441,0.026611835,0.10346043,0.19453698,0.442806,0.0010679379,0.0037770264,0.06179664,0.003745883,0.7206152,0.10105821,0.48118192,0.668379,0.64435196,0.010018148,0.03738114
0.00051968393,0.06404629,0.02964393,0.24425335,0.078141525,0.1395088,0.15125647,0.40228724,0.009595426,0.030408336,0.0033103577,0.031546235,0.022518445,0.38873547,1.3467849e-05,0.00011957645,0.0064706835,6.481538e-05,0.4552523,0.017976603,0.0744143,0.1249966,0.21041238,0.0009526555,0.0036727586
0.0063220286,0.2529977,0.2150852,0.56302595,0.34059656,0.5904415,0.559332,0.72728634,0.04642849,0.0368061,0.019359024,0.08327099,0.13638295,0.43112537,0.0005347744,0.0022239687,0.04093017,0.001967623,0.6767303,0.07655249,0.36621696,0.5535685,0.54852664,0.006974784,0.025318353
0.0007890317,0.08112324,0.04293079,0.29867825,0.10650562,0.19740039,0.19939575,0.45938262,0.012297027,0.030874934,0.0043844427,0.035539813,0.030400451,0.39575386,2.310274e-05,0.00019005148,0.008318496,0.00010968426,0.4907399,0.023314705,0.096768826,0.17598787,0.2474678,0.0012682225,0.005038243
0.00090429076,0.08936801,0.05073727,0.3298154,0.11837276,0.22698514,0.23205851,0.49226755,0.013555281,0.02974626,0.004864873,0.037434287,0.0353964,0.4003262,2.83171e-05,0.00022642854,0.009682312,0.00013658548,0.5132772,0.025355216,0.11406006,0.20574215,0.27899227,0.0014636172,0.0056146453
0.0059580547,0.23282768,0.19069555,0.5298407,0.3086943,0.5441849,0.5195743,0.7024994,0.044162884,0.03960353,0.01863534,0.08198379,0.12422492,0.42698008,0.0005033181,0.0021315801,0.03853724,0.0018441236,0.65831304,0.07278189,0.33362463,0.5045201,0.52101153,0.0067980047,0.024131501
0.0009579823,0.08623313,0.04564972,0.29562464,0.10659063,0.19568536,0.20597605,0.46638927,0.014062537,0.034415912,0.005113923,0.04016884,0.033496957,0.3973709,3.3508957e-05,0.00024947096,0.010026484,0.00015056983,0.4980209,0.025297556,0.105901815,0.17413266,0.2626526,0.0015871335,0.0058745984
7.9725905e-05,0.028057717,0.009682915,0.1547814,0.03521206,0.057872884,0.067755625,0.26726362,0.0029213822,0.017976629,0.0009084542,0.0146246,0.007822785,0.3687636,8.0825146e-07,1.25578445e-05,0.0017611135,5.241446e-06,0.3672986,0.006469108,0.030687157,0.05419056,0.11831238,0.00019686884,0.0009064258
0.001261446,0.10765576,0.06573044,0.36673468,0.14114328,0.27629057,0.2805367,0.53783965,0.016845325,0.030871931,0.006160435,0.043068882,0.045541752,0.40425077,4.7287554e-05,0.00033482112,0.012576017,0.00021732446,0.5436405,0.030733194,0.1430675,0.25073618,0.3232703,0.001944011,0.00734306
0.000649432,0.07230487,0.0357826,0.26966575,0.090032995,0.16313255,0.17567192,0.43128088,0.0110206725,0.030967072,0.0038895537,0.034449264,0.026761103,0.39186358,1.8585233e-05,0.00015739394,0.00771416,8.966386e-05,0.4754443,0.020609662,0.08814994,0.14678968,0.23420028,0.0011506162,0.004373429
0.0022084562,0.12889698,0.0803022,0.36721295,0.16099943,0.29853004,0.3019123,0.554967,0.02356653,0.040371757,0.009138348,0.056482244,0.05691054,0.40507868,0.00011773596,0.00067786506,0.018082734,0.0004737349,0.55518186,0.040521063,0.16670813,0.26590574,0.34599018,0.0031472326,0.011092358
2.0930656e-05,0.015342439,0.0042162505,0.10429624,0.019781495,0.030066533,0.036112793,0.1889712,0.0012279255,0.012235408,0.00035553638,0.008351655,0.0035345675,0.3518414,1.101722e-07,2.4850854e-06,0.0006628938,8.5290895e-07,0.31267238,0.003071035,0.015661173,0.028336486,0.07414535,6.0921586e-05,0.0003333744
0.0011941737,0.09706457,0.054344803,0.32401332,0.12265295,0.22882017,0.2337018,0.49421933,0.016211197,0.035007603,0.0059760963,0.043162324,0.03890782,0.40201157,4.5852583e-05,0.00031980855,0.011654505,0.00020100053,0.5175538,0.028615473,0.12082627,0.20317169,0.2837906,0.0018805383,0.0070120874
0.0111517785,0.32650703,0.29720235,0.61481607,0.41983873,0.6818164,0.6453832,0.7664475,0.06574622,0.04069215,0.028690415,0.10812831,0.19091631,0.44065472,0.0012718714,0.0043334397,0.063468404,0.004310243,0.7114001,0.10365489,0.46587363,0.64166445,0.628485,0.011020772,0.03962206
0.00013574013,0.035555635,0.013578534,0.18163963,0.04477495,0.07616594,0.087754,0.30497,0.004109545,0.020526148,0.0013191622,0.018242989,0.010651304,0.37438512,1.7644358e-06,2.3755229e-05,0.0025627145,1.0782634e-05,0.39490005,0.008728861,0.040367167,0.07073954,0.14156197,0.0003093079,0.0013482659
0.0003991583,0.057856236,0.02666538,0.24438475,0.07457402,0.13271289,0.1412735,0.38842443,0.008003706,0.027063068,0.0027647465,0.027471328,0.019765276,0.39026263,8.511395e-06,8.582312e-05,0.0052808425,4.4566008e-05,0.4458383,0.01590531,0.06713822,0.11952105,0.19725424,0.0007447923,0.0029940628
0.00032453236,0.055151258,0.025492491,0.25057432,0.07123245,0.13238198,0.14324099,0.3926092,0.0071376986,0.023941362,0.0024056975,0.025147688,0.018934885,0.3879165,6.2138433e-06,6.619661e-05,0.004771736,3.452609e-05,0.4510774,0.014319925,0.06661796,0.121034995,0.19840635,0.00063891005,0.00262181
0.00014853649,0.03782072,0.014874112,0.19330312,0.04765761,0.083432056,0.09527776,0.31881565,0.0043667355,0.020614898,0.0014130002,0.018672276,0.011547248,0.37670922,2.0070318e-06,2.6377558e-05,0.0027678302,1.2244144e-05,0.4042137,0.009183856,0.043417774,0.07722919,0.14989045,0.0003365446,0.0014543716
3.5604025e-05,0.02004835,0.006161927,0.13008267,0.026379671,0.042489134,0.04925219,0.22501163,0.0017118418,0.013620093,0.0005107733,0.010064918,0.004964525,0.35731098,2.3042165e-07,4.6095993e-06,0.0009572369,1.7234395e-06,0.33382526,0.004228637,0.020727322,0.039798878,0.09100281,9.482633e-05,0.0004929723
0.0066657383,0.24993597,0.20885451,0.5469691,0.32883987,0.5724568,0.5472521,0.7165346,0.04734253,0.039389964,0.020155294,0.086535804,0.13640903,0.42864534,0.00059547543,0.002414655,0.04255143,0.0021603599,0.66992307,0.07790254,0.36004895,0.5332245,0.54609233,0.0074356715,0.026456978
0.0035741343,0.1625804,0.11151638,0.41639808,0.2093278,0.37807396,0.36218354,0.60461944,0.031440504,0.04424856,0.012568995,0.06702919,0.0748907,0.41185614,0.00023578126,0.0011726995,0.024002068,0.0008772559,0.5877875,0.053292595,0.20799994,0.33779266,0.38588077,0.0044555375,0.015825134
6.08076e-08,0.0013133736,0.00015193825,0.021714384,0.001862783,0.0024757052,0.0035673873,0.054217592,3.0976174e-05,0.0017218344,5.3007925e-06,0.0007124511,0.0001365239,0.27947822,2.0580796e-11,2.2898856e-09,1.1014254e-05,3.7442652e-10,0.17718032,0.00012565128,0.0011549422,0.002573693,0.012493869,3.7324475e-07,4.2482934e-06
0.008757782,0.26898804,0.22627334,0.5464294,0.34290648,0.58210546,0.55532885,0.7198051,0.055134382,0.045793418,0.024555622,0.09803639,0.14993075,0.43040425,0.00093461835,0.0034450595,0.050704412,0.0031917747,0.67253274,0.08822025,0.37840095,0.53681046,0.55645794,0.009454054,0.032282937
0.00369025,0.17608038,0.12696382,0.45137304,0.22664323,0.42074218,0.41063815,0.6353148,0.032582823,0.039905183,0.013119665,0.06797659,0.08577615,0.41645974,0.00024750008,0.0012179287,0.026737405,0.0009497518,0.6101076,0.05492411,0.24151155,0.38228112,0.4333557,0.0047126515,0.016600985
0.01211372,0.34017152,0.31273338,0.6250688,0.4376881,0.69685405,0.6601205,0.7728324,0.068953976,0.04115063,0.030680377,0.11188859,0.20204103,0.44243392,0.0014473688,0.0048407535,0.067816995,0.004892922,0.7162698,0.10848922,0.48506078,0.6572932,0.64117646,0.011702783,0.042092178
0.0017761057,0.11119313,0.063567474,0.32684082,0.13917924,0.24922049,0.24854764,0.50752014,0.020201184,0.041507453,0.007716751,0.051426195,0.045539588,0.40083957,8.3618266e-05,0.00051306764,0.014381499,0.0003358614,0.5249858,0.035556152,0.13345364,0.21800345,0.29524904,0.0025155677,0.009286482
0.011715822,0.3151453,0.27874416,0.5902705,0.40089816,0.6486746,0.609522,0.75354797,0.06702676,0.047060262,0.029768405,0.1090767,0.17689629,0.43700922,0.0014416449,0.0048112,0.061997257,0.004649453,0.69500303,0.10405216,0.4352406,0.6036054,0.59179145,0.011813754,0.03980488
0.007777128,0.26886088,0.22831075,0.56165236,0.35228544,0.5972715,0.56029516,0.7305686,0.052742384,0.041864507,0.022068711,0.09067809,0.14161369,0.430431,0.00075827294,0.0029133654,0.045855198,0.0026104418,0.67681426,0.08444535,0.37441,0.5558885,0.5455868,0.008394441,0.029042916
0.00039453706,0.057959966,0.026707852,0.24236552,0.07264189,0.13103138,0.14392702,0.3912898,0.00807308,0.027011178,0.002763666,0.027874932,0.020123832,0.38735178,8.666298e-06,8.581886e-05,0.0054318435,4.5323508e-05,0.44959706,0.015672892,0.069063306,0.11890844,0.20264426,0.00075674104,0.003000358
0.0021036912,0.1348736,0.08937795,0.4049878,0.17808421,0.33836746,0.3339788,0.5812732,0.02293636,0.035234973,0.008818666,0.05313526,0.060455438,0.41045353,0.00010253415,0.00062106666,0.01766921,0.00043408247,0.57295424,0.04046627,0.18126188,0.30719385,0.366692,0.002946314,0.010684575
0.00047826828,0.06505542,0.031529114,0.26698938,0.083050504,0.15317407,0.16501322,0.41873506,0.009061004,0.027055806,0.0031399645,0.02979246,0.023365313,0.3898201,1.1246182e-05,0.000106663254,0.0062418245,5.8785357e-05,0.4676364,0.017701285,0.079618886,0.13963532,0.22059391,0.0008864808,0.0034811208
0.0005296193,0.06689886,0.032516696,0.26399356,0.083351165,0.15363584,0.16561255,0.42046255,0.00975755,0.028876228,0.0033841527,0.03143574,0.024283689,0.38969526,1.352248e-05,0.0001215223,0.0066942237,6.7642475e-05,0.4707955,0.018517472,0.08060999,0.13879216,0.22146812,0.0009666326,0.0038012497
0.0012660687,0.09632823,0.05177106,0.30382755,0.119157396,0.21410766,0.21972732,0.47836822,0.016445467,0.038006194,0.00609208,0.04492706,0.037702348,0.39696586,5.034564e-05,0.00034429636,0.01157686,0.00021327681,0.5050126,0.029517453,0.114438355,0.18853848,0.2700414,0.0019393925,0.0071800565
0.0039763674,0.17648315,0.12038467,0.4298784,0.21892118,0.39575052,0.3882811,0.62074554,0.033462625,0.044657897,0.013724301,0.07105576,0.083274245,0.4149749,0.00028841777,0.0013548892,0.027612804,0.001061443,0.60062915,0.05571977,0.23298743,0.35461158,0.4152786,0.005136823,0.017378882
0.003487527,0.17278478,0.12472758,0.4515226,0.22337231,0.41751102,0.40808982,0.63345087,0.031408314,0.03863608,0.012548997,0.06646753,0.0834341,0.41594985,0.00022434,0.0011228241,0.025729736,0.0008754348,0.6116624,0.05347225,0.23891017,0.38092434,0.4301605,0.0045073144,0.015851535
0.00014488283,0.035903044,0.013566965,0.1778672,0.04681488,0.07836749,0.08552994,0.29760158,0.004143921,0.021087835,0.0013576645,0.018104887,0.010629449,0.37009513,1.8455222e-06,2.4487534e-05,0.0024489847,1.1031924e-05,0.38757262,0.009095101,0.037911102,0.071071856,0.13462944,0.00029829072,0.0014094261
1.3525811e-06,0.0047001545,0.00082669826,0.046400737,0.006145765,0.0081384545,0.010926985,0.09915433,0.00021491498,0.005239607,4.9848124e-05,0.0027495117,0.00074296334,0.3190583,1.9968662e-09,9.262648e-08,9.5549585e-05,2.2387196e-08,0.23296787,0.00068513997,0.004434327,0.008131421,0.030985314,5.6795525e-06,4.2237745e-05
0.045468125,0.51593506,0.51465607,0.70893437,0.59539616,0.82435507,0.77617955,0.8116581,0.15117718,0.06155193,0.07695943,0.20700765,0.356537,0.47267476,0.010301561,0.023322567,0.1739375,0.02702612,0.75170195,0.20956159,0.66361815,0.7759158,0.746869,0.03521956,0.11378748
0.00020855055,0.043525115,0.017722348,0.20393321,0.054389417,0.094362564,0.106344424,0.33663836,0.0053501683,0.023074338,0.0017704841,0.0215953,0.013746618,0.37853765,3.3425886e-06,3.9730097e-05,0.0034505608,1.924553e-05,0.41637397,0.011041585,0.05015029,0.08672812,0.1620444,0.00044547737,0.0018663496
0.013377723,0.33605868,0.30440292,0.6091852,0.42610472,0.677112,0.63761723,0.7653925,0.072657846,0.047044657,0.032882806,0.115577914,0.1953164,0.44168216,0.0017342897,0.0055558705,0.06914468,0.0055741738,0.7064007,0.11149931,0.46647137,0.632852,0.61711323,0.012955182,0.044463802
0.0037246572,0.17557709,0.12710215,0.45097482,0.23084418,0.4228907,0.40140614,0.63470316,0.032830507,0.040749326,0.0129634775,0.06710816,0.082677834,0.41574556,0.00024482756,0.0012110792,0.025427846,0.0009199458,0.6069266,0.055346455,0.23149814,0.38322073,0.41491652,0.0045916904,0.01642086
0.0047114324,0.19137526,0.14171048,0.46239346,0.24719419,0.44584075,0.4248701,0.6485236,0.038027015,0.044051558,0.015495214,0.07465181,0.09352626,0.4193858,0.0003594367,0.001627649,0.030470055,0.0012846189,0.6169653,0.06186018,0.2546705,0.40390798,0.4383328,0.0057026,0.019778032
0.00016412379,0.037998166,0.014531933,0.18068174,0.046929523,0.078371875,0.090317816,0.3092672,0.0046195993,0.022418229,0.0015004377,0.019996185,0.0115759885,0.37472457,2.396107e-06,3.007928e-05,0.0029085653,1.38686155e-05,0.39630947,0.009624466,0.0427539,0.0723784,0.14678393,0.0003635275,0.0015423651
0.00041806314,0.058284108,0.026294077,0.23422581,0.07138722,0.12556529,0.13883227,0.38489473,0.008342285,0.028695473,0.0028815304,0.029095262,0.020144595,0.38701493,9.7529e-06,9.2752045e-05,0.005638076,4.945329e-05,0.44750738,0.016002104,0.06879444,0.1133973,0.1994872,0.0008025137,0.0031385631
0.00068554067,0.0768068,0.039718106,0.29236215,0.097005054,0.18251741,0.1925912,0.45130527,0.011383904,0.029705213,0.004046782,0.034435906,0.02896888,0.39442483,1.9515628e-05,0.00016341031,0.008026169,9.5829986e-05,0.49107426,0.021499382,0.09528396,0.16454764,0.24603851,0.0011961095,0.004605275
0.0035046558,0.1960837,0.15068811,0.5102078,0.26533425,0.49635723,0.47704515,0.6773499,0.03173752,0.03183357,0.012499366,0.06442734,0.0973164,0.42149353,0.0002113003,0.0010770049,0.027029252,0.0008675114,0.64363545,0.05593857,0.28449175,0.46436003,0.48119065,0.004351446,0.015969744
9.42184e-06,0.010684092,0.0024968619,0.07671036,0.013308588,0.018693052,0.023941094,0.15224141,0.00074608164,0.010029102,0.00020035895,0.006297814,0.0021966896,0.33899632,3.5927396e-08,9.571504e-07,0.00038038625,2.9772485e-07,0.28332537,0.0019829029,0.010599384,0.01814902,0.056529995,3.1026346e-05,0.00018130567
7.1539677e-07,0.0037086501,0.0006095736,0.042618506,0.005011297,0.0068509993,0.009174372,0.09144397,0.00014347996,0.004043871,3.20021e-05,0.0020302574,0.00054625305,0.31439465,7.650315e-10,4.3744638e-08,6.304484e-05,9.7813055e-09,0.22252086,0.0004880941,0.0035091334,0.0068667918,0.026729662,3.3345839e-06,2.6698892e-05
5.083643e-05,0.022833198,0.007306875,0.13667752,0.02961011,0.047876753,0.054930743,0.2370529,0.0021586777,0.015563245,0.0006569067,0.011769398,0.005876331,0.36088645,3.9839944e-07,7.0567094e-06,0.0012160989,2.728908e-06,0.34448782,0.0050692437,0.023656277,0.04425038,0.09894663,0.00012724963,0.0006436675
3.2119588e-06,0.0067453315,0.0013374952,0.0583002,0.008643095,0.011912468,0.015400868,0.11814584,0.00037329472,0.007019253,9.289906e-05,0.003884746,0.0011873477,0.3286532,7.2123236e-09,2.5977832e-07,0.00017530576,6.9677306e-08,0.25313303,0.0010763111,0.0064044287,0.0115112355,0.03966405,1.194395e-05,8.169387e-05
9.835653e-07,0.004139887,0.0006997522,0.043622736,0.0054512285,0.0073635145,0.009900976,0.09342601,0.00017807304,0.0046680775,3.9926577e-05,0.0023613654,0.0006259254,0.315957,1.2669946e-09,6.3993056e-08,7.797908e-05,1.478541e-08,0.22741443,0.0005654888,0.0038890939,0.007294203,0.028375234,4.3283208e-06,3.39977e-05
0.0065632546,0.25488603,0.21495505,0.5587562,0.3395699,0.5856347,0.55111337,0.72520506,0.047681995,0.038770434,0.019646034,0.084133506,0.1334434,0.42904916,0.00057545083,0.0023484686,0.041029103,0.0020734575,0.6740174,0.077775985,0.35982254,0.54681545,0.53706276,0.0072024334,0.025640305
0.009020774,0.29321516,0.25783446,0.5876565,0.3832646,0.63526607,0.5986045,0.7485066,0.05789811,0.041548092,0.024761042,0.096972555,0.16104245,0.43431813,0.00094620796,0.003462216,0.052283686,0.0032624668,0.6928063,0.09198147,0.41369998,0.5952529,0.5790212,0.0093397545,0.032802265
1.9165307e-07,0.002114199,0.00028735746,0.029350903,0.0029512725,0.0038728863,0.0054124594,0.06839988,6.234814e-05,0.0025857007,1.2215825e-05,0.0011711022,0.00025954473,0.29641455,1.0939456e-10,9.033952e-09,2.4495614e-05,1.7040598e-09,0.1966726,0.00023816765,0.0019406213,0.0039676432,0.017550306,1.0391085e-06,9.893605e-06
3.2342015e-08,0.0010085477,0.000107961096,0.01845779,0.0014806215,0.0018995834,0.0027797008,0.047504973,2.0607418e-05,0.0013853441,3.3323745e-06,0.00054450927,9.630276e-05,0.2733103,7.90085e-12,1.0781904e-09,6.9600787e-06,1.6286876e-10,0.1651971,8.999082e-05,0.000879848,0.001998828,0.010335642,2.1257905e-07,2.63943e-06
5.870154e-06,0.008739842,0.00193454,0.06937308,0.011184046,0.01568586,0.020081047,0.13726908,0.00054976286,0.008455835,0.00014228132,0.0050535714,0.0016901497,0.33509582,1.7377365e-08,5.408505e-07,0.0002708957,1.5657834e-07,0.26917258,0.0015201921,0.008541734,0.015272489,0.048777483,2.0280006e-05,0.00012773591
0.0077243056,0.25897267,0.21753448,0.5462363,0.33342752,0.5784745,0.54867536,0.7192911,0.051660072,0.042552546,0.021949615,0.092273556,0.1409741,0.43095142,0.00074658904,0.0028429597,0.046195377,0.002593946,0.6731173,0.08300251,0.36544794,0.5346943,0.5478619,0.0083987685,0.02951542
0.037990622,0.4787503,0.4692382,0.6845,0.56036097,0.7919184,0.74736536,0.80236286,0.13306162,0.06198093,0.068442866,0.18653508,0.32267264,0.464539,0.008222037,0.019453926,0.14840783,0.022355186,0.74343747,0.1880072,0.6259512,0.7426542,0.71864474,0.030415654,0.09759048
0.016900124,0.397588,0.3800049,0.66595143,0.49916384,0.752982,0.71110505,0.79781127,0.08513681,0.043412607,0.03874285,0.12916827,0.24320138,0.45190564,0.002370096,0.0071308687,0.087040864,0.0076700617,0.7362052,0.12937836,0.55312943,0.7119479,0.68294734,0.014957375,0.054017063
0.00027730482,0.05062234,0.022426616,0.23287436,0.06487145,0.11765659,0.13008144,0.3730339,0.0064698714,0.023521041,0.0021580996,0.023901448,0.01693578,0.38368148,4.978059e-06,5.5575776e-05,0.004277855,2.8108183e-05,0.43710792,0.0131397275,0.06042543,0.10826611,0.18585749,0.0005639833,0.0023108446
0.00828932,0.25403938,0.20035198,0.5153959,0.31528607,0.5392413,0.515164,0.69894254,0.052497476,0.049212698,0.023083882,0.09583322,0.13491459,0.4276728,0.0008720767,0.0032231705,0.047508847,0.0029020193,0.65730983,0.083753124,0.34417957,0.49112168,0.5191977,0.009270251,0.030508801
8.078139e-05,0.026442552,0.008259437,0.13101639,0.03147712,0.046882007,0.055378012,0.23527208,0.0028773956,0.020338656,0.000907685,0.015318001,0.0070362464,0.36588308,8.742298e-07,1.259559e-05,0.0016740446,5.2350565e-06,0.35186058,0.0062466473,0.027037099,0.042872503,0.10451519,0.00019219764,0.0009105973
0.00014861781,0.03812467,0.015244433,0.19853906,0.050570175,0.08922682,0.09676561,0.32095766,0.0043006456,0.019976081,0.0013914634,0.017890934,0.0114563,0.3779712,1.8901633e-06,2.5651527e-05,0.0026118997,1.1592961e-05,0.4004127,0.009268061,0.04243149,0.08118115,0.14764528,0.0003182719,0.0014414609
0.00025323167,0.048241448,0.02090623,0.22575243,0.061366376,0.11080495,0.12190822,0.36234316,0.0060973484,0.023351096,0.0020326474,0.023013398,0.01585495,0.3845984,4.374266e-06,4.9314458e-05,0.0039681364,2.465552e-05,0.4327728,0.012348511,0.05662743,0.101294994,0.17733559,0.0005200957,0.0021755933
0.002131442,0.13860469,0.09139992,0.410262,0.1792315,0.34565803,0.34129268,0.58810514,0.023118015,0.034833644,0.008798093,0.053693827,0.062485453,0.4103867,0.000105138424,0.00061697565,0.018065812,0.00044489256,0.5791252,0.040887628,0.18669602,0.3134316,0.37376526,0.00297139,0.010984507
0.0009216452,0.08626684,0.046930935,0.30787802,0.11276995,0.20898509,0.2115385,0.4712611,0.013509228,0.03211913,0.004876947,0.03811916,0.033187512,0.3966175,2.9205397e-05,0.0002289603,0.009293288,0.00013629641,0.50044173,0.025406627,0.104198076,0.18709387,0.25844562,0.0014474445,0.005652772
3.1472133e-10,0.00014873306,8.46653e-06,0.005578865,0.00024528388,0.00029456284,0.00048360467,0.018410938,1.1515064e-06,0.00026929012,1.1436861e-07,7.4957585e-05,7.4129475e-06,0.22763355,8.9581705e-15,4.4420466e-12,2.7535572e-07,3.7397914e-13,0.10761647,6.980419e-06,0.00012190948,0.0003320935,0.0026621937,3.5665202e-09,8.562237e-08
0.010764853,0.29335353,0.25403082,0.56474525,0.37178472,0.615589,0.5843879,0.7353173,0.062853016,0.047642138,0.028132452,0.10708516,0.1675942,0.4333162,0.0012716231,0.004374496,0.05867799,0.004193075,0.6849873,0.09854781,0.40950817,0.5699347,0.57854533,0.01109194,0.0378946
0.008112367,0.2589987,0.2167122,0.5404911,0.33570778,0.5709832,0.5394799,0.71667004,0.053002328,0.04529978,0.022917474,0.093587115,0.14017554,0.42909697,0.00081891665,0.0030938073,0.046323944,0.0027866939,0.66678643,0.08499484,0.3590704,0.5267566,0.5338306,0.008725086,0.030073898
0.008557258,0.268679,0.22675271,0.5507615,0.34686103,0.58630383,0.5512779,0.724133,0.05534956,0.045523137,0.023714308,0.09532518,0.14403345,0.4300758,0.00089077995,0.0032958305,0.04826903,0.0029823396,0.671698,0.08749879,0.36973965,0.5420698,0.540274,0.009152587,0.03126096
0.1127923,0.5496376,0.55333453,0.66569406,0.59582895,0.79552734,0.7457029,0.77231574,0.24140218,0.114347905,0.1440803,0.304629,0.42711598,0.4822992,0.046048183,0.07543654,0.27847686,0.08508917,0.7168612,0.29607067,0.66295904,0.73433596,0.7248108,0.086177535,0.21481377
0.009370525,0.2948398,0.2558861,0.5816424,0.3798615,0.6323927,0.60102135,0.74371445,0.058032468,0.041831706,0.025498012,0.10020521,0.1670636,0.43481037,0.0009960557,0.0036120694,0.054946344,0.003450197,0.6933562,0.093446106,0.41957647,0.5916636,0.59018284,0.009764091,0.034162298
2.348495e-08,0.0008555659,8.4540145e-05,0.015521075,0.001236303,0.0014849133,0.0021974465,0.041409515,1.6904316e-05,0.0012997078,2.58622e-06,0.0004901339,7.640024e-05,0.27131137,5.131297e-12,7.322056e-10,5.394563e-06,1.04080834e-10,0.15739432,7.4283074e-05,0.0007332402,0.0015777258,0.008899998,1.5714141e-07,2.0569719e-06
0.00039254894,0.060081948,0.028911557,0.2616343,0.07789258,0.14584965,0.15817505,0.4094244,0.008067721,0.02495929,0.0027329389,0.027195618,0.021299781,0.38806483,8.252504e-06,8.406319e-05,0.005467773,4.4996126e-05,0.4603777,0.015970074,0.07371847,0.13356176,0.21312395,0.00074258563,0.003005243
6.763179e-08,0.0013922156,0.00016099974,0.02248406,0.0019670387,0.0025717255,0.0036956277,0.05483107,3.294511e-05,0.0018198938,5.7759944e-06,0.0007427601,0.00014734421,0.28662908,2.4528093e-11,2.6127633e-09,1.2012362e-05,4.3646003e-10,0.17654282,0.00013082381,0.0012323093,0.0026292084,0.012908572,4.1368756e-07,4.773358e-06
0.0006209432,0.07015357,0.034127165,0.26199725,0.08633425,0.15528582,0.16812754,0.42271805,0.010689536,0.031239755,0.0037780488,0.034035902,0.025655445,0.39120066,1.75086e-05,0.00014830058,0.0074025765,8.404756e-05,0.4708859,0.0200141,0.084680386,0.13950166,0.2274172,0.0011128384,0.004226939
0.0002932663,0.05269919,0.024407497,0.24772474,0.070759036,0.13170342,0.13813788,0.38430998,0.0066526392,0.022917118,0.0022202472,0.023415457,0.017633326,0.3866023,5.1012057e-06,5.8002977e-05,0.004272663,2.8960032e-05,0.4427336,0.013642281,0.061605588,0.11979668,0.18942046,0.000561883,0.0024026565
0.00010917723,0.032745752,0.01205026,0.17437655,0.042275645,0.07130907,0.07998491,0.29025376,0.0035208832,0.01911966,0.0011221899,0.016140912,0.009340492,0.37264735,1.2294388e-06,1.8011737e-05,0.002118398,7.7895465e-06,0.38048917,0.0077661416,0.03557213,0.06560453,0.13042372,0.0002503175,0.0011387109
1.31539e-06,0.004739402,0.0008540835,0.04872323,0.006273424,0.008605335,0.011579764,0.10346993,0.00021379966,0.0050173495,4.932824e-05,0.002694811,0.0007579135,0.31813943,1.9107511e-09,9.0768935e-08,9.684842e-05,2.2037382e-08,0.23690236,0.00068315753,0.0045656026,0.008661516,0.031969782,5.684218e-06,4.1890922e-05
0.0012912018,0.10717109,0.06490333,0.36114076,0.13986316,0.27032426,0.27587077,0.532468,0.016973762,0.031707395,0.0062564733,0.043840222,0.045148127,0.4034686,4.9275863e-05,0.00034604158,0.012691774,0.00022543698,0.5414656,0.031035475,0.14228964,0.24541283,0.31966183,0.0019864966,0.0074163517
5.0983093e-05,0.022888087,0.007382346,0.13746825,0.030050172,0.04829025,0.055031,0.23660342,0.0021449998,0.015555342,0.00066013564,0.011767735,0.0059362,0.36023533,3.9389917e-07,7.096899e-06,0.001209406,2.7539745e-06,0.34529427,0.005104991,0.023749197,0.04457579,0.09906174,0.00012602242,0.00064577267
0.00069998496,0.07197145,0.03492497,0.25900134,0.0914544,0.16046765,0.16579206,0.41672468,0.011165979,0.032897327,0.0040129223,0.03487356,0.025953647,0.3882696,1.9870473e-05,0.00016402834,0.0073336493,9.287054e-05,0.4664842,0.02150126,0.08138816,0.14174673,0.21776442,0.0011298395,0.004568188
0.0003831683,0.056265697,0.02537713,0.23539437,0.07345823,0.12928393,0.13441679,0.37483594,0.0076480745,0.027119556,0.0026456912,0.026684113,0.018895565,0.38290927,7.774652e-06,7.8622856e-05,0.0048141098,4.1001807e-05,0.438748,0.015617613,0.06225533,0.11518392,0.18546025,0.0006707381,0.0029241238
0.0026176723,0.14278975,0.09350372,0.39430892,0.17998345,0.3340305,0.33480993,0.58121186,0.026192626,0.040599316,0.010349093,0.06027751,0.06516629,0.41006276,0.00015193073,0.00082796277,0.020632569,0.00060325814,0.5731911,0.044709545,0.18992394,0.29881102,0.37521592,0.0036221535,0.012704274
0.002836643,0.1603469,0.11231365,0.44390547,0.20998862,0.3963996,0.38853553,0.61947435,0.027666787,0.0362264,0.010896226,0.06029466,0.0756584,0.41575232,0.00016281479,0.0008746194,0.022469655,0.00066618726,0.60307175,0.047728937,0.22259553,0.36244306,0.41284242,0.0037569248,0.013659706
0.003953867,0.17966469,0.13013634,0.45155472,0.23016553,0.42233574,0.41354376,0.6369138,0.033910885,0.04144086,0.013842412,0.07063601,0.08831261,0.4172339,0.00028036354,0.0013392244,0.028131591,0.0010617393,0.6115577,0.05673121,0.24757268,0.3824061,0.43937808,0.0050223577,0.017535415
0.00021633563,0.04336314,0.01718145,0.19515288,0.053438146,0.090792686,0.10240885,0.3304066,0.0054986877,0.02414812,0.0018130306,0.022187201,0.013684514,0.3776634,3.6236968e-06,4.165954e-05,0.003510007,2.0010757e-05,0.40971482,0.0111628985,0.048472274,0.08291436,0.15880361,0.0004540884,0.0019162174
0.0015006156,0.10187315,0.05556166,0.30620357,0.12316213,0.22067432,0.22851723,0.49011955,0.018468125,0.040631235,0.006930751,0.049093157,0.04100606,0.39966124,6.784261e-05,0.0004292365,0.013373923,0.00027303642,0.512867,0.03181928,0.12339913,0.19381814,0.2839954,0.0023129047,0.008167196
0.00035689544,0.05980348,0.02863731,0.26986527,0.07835665,0.1496701,0.15847562,0.4128404,0.0075599453,0.02342764,0.0025388398,0.02556604,0.020677643,0.39080662,6.979954e-06,7.3228235e-05,0.0050908984,3.902657e-05,0.46441132,0.015144243,0.07326723,0.13699684,0.20999373,0.00068758376,0.0028245114
5.967983e-07,0.0033895671,0.0005477909,0.040124945,0.004639685,0.00642898,0.008611643,0.08669685,0.00012877323,0.0037752253,2.775017e-05,0.0018712475,0.00048452502,0.30892658,5.8014993e-10,3.4986403e-08,5.4444226e-05,7.524087e-09,0.21848494,0.00043844743,0.0031635256,0.0064031966,0.024699096,2.7830702e-06,2.3411114e-05
0.0010950873,0.095216714,0.053656425,0.32627857,0.1257531,0.23532487,0.23071715,0.49403706,0.015083405,0.03302261,0.005442057,0.04034352,0.03680586,0.39921007,3.740473e-05,0.00027714967,0.010222034,0.00016729393,0.5110619,0.028228717,0.113990605,0.20898388,0.27177012,0.0016378813,0.0064390423
0.00016679952,0.04062964,0.016275346,0.204768,0.05200154,0.09229926,0.10229549,0.3303292,0.004629648,0.02077421,0.0015120138,0.019063892,0.012557838,0.37944248,2.3200625e-06,2.9922552e-05,0.0029557028,1.417074e-05,0.4111963,0.009698208,0.0465735,0.08521513,0.15611516,0.0003657727,0.001593793
0.02791021,0.4084043,0.38522503,0.62777925,0.48466933,0.725724,0.6824163,0.7775601,0.11103424,0.06309322,0.054330006,0.16190803,0.26206377,0.45131567,0.005394347,0.013657805,0.11398571,0.0147592435,0.719694,0.15770565,0.53853834,0.6732004,0.66268235,0.024371346,0.07738694
0.0017977384,0.12601359,0.08016371,0.38961372,0.16308151,0.31281087,0.3145483,0.56561285,0.020802341,0.03409221,0.007909978,0.050603107,0.055515576,0.40767962,8.207665e-05,0.0005102003,0.016135378,0.0003554764,0.5650626,0.03721714,0.17030388,0.28413203,0.3532841,0.0026352396,0.009593831
0.00082710513,0.08338204,0.044794936,0.30577996,0.10754962,0.20117214,0.20805629,0.46807146,0.012758413,0.030953608,0.004584493,0.036735173,0.03192224,0.3973825,2.538094e-05,0.00020539234,0.008981095,0.00012125156,0.4985824,0.023789972,0.10316285,0.18101983,0.25923553,0.0013796266,0.0052305907
0.005573019,0.24567093,0.20685506,0.5672429,0.33458808,0.58601856,0.557663,0.7234782,0.042622738,0.03438803,0.018027969,0.07878315,0.13243338,0.43328634,0.00043531338,0.0018951504,0.037795905,0.0016818614,0.6767762,0.0723113,0.36350992,0.55001163,0.55078524,0.0062143216,0.02325178
0.0014455876,0.09982399,0.05338698,0.2993614,0.11870405,0.21129966,0.22000332,0.48186287,0.018009748,0.04112614,0.006735629,0.04893363,0.03940027,0.3989702,6.4949025e-05,0.0004071605,0.012922705,0.00026242918,0.5122089,0.030862037,0.11975341,0.18522209,0.27611384,0.0022518076,0.007988838
5.057165e-05,0.021984423,0.006459501,0.11854719,0.026445184,0.0394227,0.04734867,0.21967123,0.0021628952,0.01717171,0.00065780815,0.012561021,0.005562321,0.359226,4.3915185e-07,7.2129565e-06,0.0012433917,2.7911688e-06,0.33630428,0.0049174237,0.022526266,0.03653224,0.09396784,0.00013186294,0.00064132194
0.01791738,0.3660478,0.33838424,0.6195895,0.45393196,0.6979463,0.66028833,0.7706275,0.08479857,0.052679233,0.04116322,0.13360342,0.2254572,0.44545949,0.002770847,0.008092187,0.08502243,0.008552203,0.7133689,0.1287435,0.5054716,0.6501897,0.6457545,0.016534464,0.05580075
7.601391e-07,0.0036739854,0.00060024706,0.041133713,0.0049327207,0.0066469633,0.008881444,0.08722441,0.00014862885,0.0042385873,3.3007123e-05,0.0020637675,0.00053643977,0.3122128,8.354302e-10,4.6179498e-08,6.373979e-05,1.0295886e-08,0.22036773,0.0004899547,0.0033851194,0.006554359,0.025762044,3.3398192e-06,2.7837821e-05
0.006260702,0.23097682,0.18571907,0.52025455,0.30356628,0.5293849,0.50134104,0.6952001,0.04504147,0.04270158,0.019132897,0.08339497,0.12008433,0.42737967,0.00054632046,0.0022612216,0.03823912,0.0019538046,0.65259963,0.07439116,0.32155022,0.4862853,0.50159633,0.007032713,0.02475808
0.007257214,0.26554027,0.22589925,0.56801456,0.35014176,0.6008052,0.5731752,0.72936505,0.049913414,0.03890225,0.021646148,0.08973158,0.14763102,0.4328629,0.00067261176,0.0026547809,0.04572368,0.002448845,0.6814947,0.08188669,0.38591793,0.5616333,0.56690663,0.007870374,0.028351735
0.006481228,0.24398647,0.20017028,0.53727835,0.31882447,0.55824107,0.532051,0.708864,0.04611376,0.040481843,0.019647885,0.08507375,0.13085912,0.42757118,0.0005726437,0.0023436854,0.0410516,0.0020881828,0.66462404,0.07611948,0.3473212,0.5170076,0.53290564,0.0072381655,0.025702678
0.026393065,0.43391725,0.4178983,0.666042,0.52388173,0.7653072,0.7213462,0.7967256,0.10819579,0.05462687,0.053209677,0.15785246,0.2803314,0.45616063,0.004779471,0.012466302,0.11477495,0.013965576,0.7368033,0.15863512,0.58207965,0.7179202,0.69620687,0.02212646,0.07488885
3.9638323e-10,0.00016402476,9.686069e-06,0.006026823,0.00027058003,0.00033106582,0.0005377111,0.019255202,1.3227842e-06,0.00028872862,1.3465858e-07,8.119736e-05,8.451339e-06,0.2278451,1.222262e-14,5.784411e-12,3.2161626e-07,5.034801e-13,0.11035729,7.797894e-06,0.00013304992,0.00037126208,0.0028358905,4.2971733e-09,1.0228634e-07
0.0009966185,0.09303492,0.05227204,0.32875463,0.11944371,0.22843719,0.23581073,0.495538,0.014416695,0.031192483,0.0052121137,0.03985137,0.037244488,0.39898518,3.3620734e-05,0.00025348485,0.010421475,0.00015789886,0.51866657,0.026587117,0.11893339,0.20646527,0.2838587,0.0016048395,0.0061105136
1.1736731e-05,0.012153666,0.0030812116,0.09162387,0.01566201,0.023856767,0.02932409,0.1691279,0.00085962063,0.010086501,0.00023613627,0.0065009734,0.0026032014,0.34613144,4.709389e-08,1.2456463e-06,0.0004510601,3.9914215e-07,0.2949371,0.0022193666,0.012224123,0.022811888,0.063650995,3.743799e-05,0.00021834364
5.177403e-06,0.008607032,0.0019179188,0.07366519,0.01119984,0.016713047,0.021040484,0.14278187,0.0005158323,0.007732102,0.0001333451,0.004630641,0.0016455246,0.3377428,1.4378946e-08,4.730686e-07,0.00025743488,1.3568287e-07,0.27100176,0.0014167244,0.008539423,0.016096061,0.050144557,1.8838391e-05,0.00011819737
0.000324541,0.0530705,0.023504477,0.23159362,0.06679272,0.119824715,0.13127036,0.37207943,0.0070954342,0.025704514,0.0024022805,0.025517307,0.017722704,0.38619804,6.3921166e-06,6.696722e-05,0.0046490296,3.4425484e-05,0.43757206,0.013946744,0.06161353,0.10860432,0.18773851,0.0006351776,0.0025886097
0.004874536,0.20791161,0.16096,0.49782404,0.2718035,0.49117988,0.4754699,0.6736362,0.03852299,0.03971333,0.01611322,0.076140225,0.10738659,0.42205742,0.0003730701,0.0016875337,0.03333617,0.0014175646,0.63997537,0.06483181,0.2951161,0.4527051,0.4860379,0.0058478117,0.020581575
0.00045452427,0.062896185,0.030270334,0.2615154,0.08139187,0.14954084,0.15815037,0.41109857,0.008805805,0.027003953,0.0030133517,0.028782701,0.021880992,0.39100108,1.0297131e-05,0.0001005154,0.005852965,5.3328702e-05,0.45975435,0.01706987,0.074389264,0.13487771,0.21205986,0.0008366844,0.0033120133
0.0011764583,0.10077546,0.05947156,0.34935415,0.1317486,0.25432914,0.25762296,0.516939,0.016020855,0.0316406,0.0058506317,0.04198964,0.04093663,0.40448886,4.2268533e-05,0.00030662082,0.011585147,0.0001931802,0.53043234,0.029096318,0.12973405,0.22961375,0.30107075,0.0018433866,0.006835262
0.010473256,0.31967872,0.28900576,0.6132722,0.4168592,0.67456764,0.64036876,0.7635489,0.062778175,0.040117573,0.02800807,0.105046734,0.18696041,0.4401941,0.0011684714,0.0040954496,0.060723357,0.004058451,0.7084687,0.10033514,0.4618658,0.63563013,0.6240903,0.01044376,0.037620373
0.016810454,0.33741924,0.29910988,0.582852,0.41344747,0.65002996,0.61416364,0.7489689,0.080754705,0.057753768,0.03889208,0.12997301,0.2004765,0.44059962,0.0025880248,0.007611068,0.07816956,0.0077760615,0.69500166,0.121567406,0.45652726,0.5978618,0.6060773,0.0161773,0.052574046
0.005219229,0.20591189,0.15353982,0.47854593,0.2611253,0.46743473,0.45081052,0.66138405,0.040158246,0.04434433,0.016905481,0.07914908,0.10387586,0.42241237,0.0004321437,0.0018653237,0.03430056,0.0015686459,0.63136184,0.06520297,0.28269714,0.4242008,0.46805227,0.006311592,0.021785099
0.00044179312,0.058436837,0.02587969,0.23044494,0.07282939,0.124893695,0.13381292,0.3742077,0.008424672,0.029865135,0.0029528695,0.029187376,0.019762423,0.38738674,1.023833e-05,9.679062e-05,0.0054943403,5.1271338e-05,0.4411754,0.016426953,0.065319955,0.110768154,0.19005696,0.0007958687,0.003251437
1.7023423e-08,0.0007650549,7.4021234e-05,0.014981237,0.0011304262,0.0013845005,0.0020857847,0.040642016,1.38270825e-05,0.001133664,2.0647037e-06,0.00042299915,6.6173954e-05,0.26787323,3.1625306e-12,5.0639426e-10,4.3932837e-06,6.9987814e-11,0.15450527,6.303119e-05,0.0006605797,0.001487606,0.008381175,1.209751e-07,1.624723e-06
1.761551e-07,0.0020475355,0.00027569017,0.028988969,0.0028499337,0.0038642867,0.0053620012,0.066944435,6.0576604e-05,0.0024889354,1.1448694e-05,0.0011100628,0.00024632466,0.293934,9.788929e-11,8.2826865e-09,2.3581722e-05,1.5187417e-09,0.19474319,0.0002220716,0.001846393,0.003918373,0.017218955,9.560036e-07,9.49064e-06
0.0020667778,0.1270087,0.07784647,0.37015727,0.1600724,0.29926014,0.29719943,0.55370945,0.022741828,0.038884852,0.008661111,0.053409103,0.054559615,0.4078935,0.000104658786,0.0006153587,0.0170899,0.0004166049,0.55166095,0.038828053,0.16036849,0.26616585,0.3370935,0.0029579916,0.010535934
0.00086016883,0.081746705,0.042350527,0.29136956,0.1045523,0.18744148,0.19388491,0.4537253,0.012915845,0.03322758,0.0047112536,0.03774371,0.0305636,0.3995923,2.726548e-05,0.00021479862,0.008940265,0.00012596378,0.48761597,0.024239196,0.09772995,0.16684243,0.24706785,0.0014227505,0.005329123
0.012201326,0.3468934,0.3207102,0.63634026,0.4474034,0.70616364,0.667698,0.77888286,0.06962105,0.040827096,0.03098699,0.111491,0.20352438,0.4441765,0.0014593404,0.0048674704,0.06790569,0.004958748,0.72082543,0.10890822,0.494086,0.66741484,0.6418431,0.011664219,0.041947227
0.0015230246,0.11455888,0.06945884,0.36567372,0.14681025,0.28113726,0.28386018,0.5407298,0.01871597,0.034090925,0.00698592,0.04715215,0.0486393,0.40526837,6.415287e-05,0.0004216466,0.014109672,0.00028272517,0.5479269,0.033493437,0.14984338,0.25368524,0.32615453,0.0022795713,0.008425214
0.0023718895,0.14278984,0.09598106,0.41534823,0.18760125,0.35610616,0.34903902,0.59278834,0.024768922,0.03614025,0.009563969,0.055741128,0.06482158,0.41217837,0.00012317438,0.00071089255,0.019152464,0.0005073603,0.5808137,0.043139756,0.19139914,0.32281402,0.3778587,0.0032352114,0.01173065
1.1731778e-06,0.0046256,0.00082578097,0.04938853,0.0061138067,0.008660918,0.011655433,0.104106076,0.00020124657,0.0047538416,4.6014924e-05,0.002530122,0.0007285203,0.31915563,1.6315335e-09,8.005443e-08,9.197416e-05,1.9271788e-08,0.23690133,0.00063570327,0.00446803,0.00864459,0.03193403,5.274546e-06,3.9237784e-05
0.008203956,0.27951533,0.24445431,0.5781804,0.36864948,0.61931217,0.5854344,0.74015063,0.054241642,0.040730998,0.023235848,0.0936398,0.15412128,0.43204,0.000811635,0.003079949,0.048473675,0.0028861263,0.68871236,0.08741338,0.39815983,0.5799254,0.56954056,0.008523887,0.030600524
0.00063270767,0.072885446,0.03450146,0.26601848,0.08922933,0.1603938,0.17219853,0.4278169,0.010889135,0.03124658,0.0038099813,0.033961084,0.026238566,0.39103284,1.8262741e-05,0.00015264573,0.0075774593,8.651318e-05,0.4723974,0.020029355,0.08574389,0.14311315,0.22760181,0.0011293154,0.0043377457
0.0020701657,0.1332612,0.086455405,0.39920947,0.17578217,0.33320034,0.3238912,0.5760506,0.022687646,0.03569698,0.008635935,0.05262292,0.057951402,0.4102915,9.9253295e-05,0.0006009948,0.016946334,0.00041099603,0.56738436,0.040325172,0.17375053,0.2996537,0.35387024,0.0028824306,0.010484534
0.0036186962,0.17981245,0.13335243,0.47012106,0.23785612,0.44255114,0.42913425,0.64741653,0.03244822,0.037342433,0.013038163,0.06672282,0.08878204,0.41868937,0.00023601203,0.001179674,0.026798185,0.0009251372,0.6194699,0.054934505,0.25297058,0.40603703,0.44642055,0.0046021915,0.016401403
4.7965772e-05,0.02244765,0.006977817,0.13354836,0.027675597,0.044156797,0.05283239,0.23363034,0.0021282092,0.015887184,0.0006481573,0.011889618,0.0057685324,0.36474052,3.937178e-07,6.858993e-06,0.0012455401,2.6931928e-06,0.34609193,0.0048003807,0.023866203,0.041244008,0.09964274,0.00012987097,0.00062828563
0.00045284283,0.0602498,0.027577449,0.23740754,0.07405625,0.1307871,0.14395122,0.3906138,0.008777665,0.02925316,0.0030155526,0.030050851,0.02101157,0.38629,1.0927946e-05,0.000102287166,0.0058966223,5.488148e-05,0.45007223,0.016745377,0.070970386,0.117992446,0.20327215,0.0008459198,0.0033170148
0.0034176006,0.16697845,0.11756102,0.43695414,0.21887234,0.40140352,0.38295844,0.62081504,0.030918414,0.040797565,0.0122216875,0.06504292,0.07766256,0.41363227,0.00021655519,0.001105604,0.023906525,0.00082516985,0.5972113,0.053052265,0.21925911,0.3618984,0.40148538,0.0042970064,0.0153465895
0.0125958575,0.31352958,0.27371863,0.57775664,0.39155117,0.63832325,0.6051945,0.7449265,0.06875872,0.049399815,0.031389512,0.1147046,0.18300532,0.43679565,0.0016074391,0.00523166,0.066135824,0.005164386,0.6935296,0.10641748,0.43392882,0.59147453,0.59610105,0.0127163725,0.042562727
0.0022371856,0.14200503,0.095418975,0.41713512,0.18552265,0.35579336,0.35326627,0.59373194,0.023883253,0.034817412,0.009198812,0.05462836,0.06500329,0.41096976,0.00011300764,0.000667763,0.018896075,0.00047843653,0.58257073,0.041985407,0.19395918,0.32426804,0.38413987,0.0031070316,0.0112695955
1.2852898e-30,7.508059e-13,8.970505e-17,5.5512825e-08,4.1202987e-12,4.8584925e-12,1.7353922e-11,2.0991588e-06,2.2895072e-19,8.963089e-12,1.6409662e-22,1.0109418e-13,4.3985733e-17,0.019208109,0.0,2.7124107e-36,1.356285e-21,0.0,0.0009777765,5.328186e-17,3.0589206e-13,9.615807e-12,4.3801394e-09,3.1331708e-27,4.839007e-23
7.774149e-05,0.027327806,0.009252741,0.15060318,0.034756623,0.056819264,0.06499166,0.25795436,0.0028319508,0.017874822,0.00089071295,0.014224029,0.0074669165,0.3664723,7.6090356e-07,1.1849465e-05,0.0016550196,4.893447e-06,0.36345926,0.006303994,0.028969117,0.05217574,0.11266489,0.00018550607,0.0008894569
7.3520764e-06,0.009752803,0.002213914,0.07442751,0.012189021,0.017266428,0.022270087,0.1464987,0.0006407168,0.009194484,0.00017010742,0.0056064543,0.0019430501,0.3401787,2.5178092e-08,7.195665e-07,0.0003277683,2.179912e-07,0.2787559,0.0017065817,0.009754497,0.01678731,0.05361545,2.5564417e-05,0.00015291598
1.3783032e-05,0.012893371,0.0032701215,0.09220179,0.016477197,0.02457204,0.030081341,0.17049484,0.00093902816,0.010861365,0.00026262415,0.0069741607,0.0028077955,0.34611106,6.0179694e-08,1.4961785e-06,0.0004945264,4.951177e-07,0.2976157,0.0023907176,0.01281012,0.023377482,0.064876646,4.216265e-05,0.00024645525
6.929674e-05,0.025675924,0.008304174,0.14045694,0.032215808,0.05013409,0.057833195,0.24282266,0.0026009849,0.018043585,0.0008200985,0.013640055,0.0067902952,0.36594486,6.511252e-07,1.0410116e-05,0.0015228239,4.22548e-06,0.35215536,0.0058662696,0.02661547,0.046096522,0.106149696,0.00016765705,0.00081117
0.01600992,0.3484548,0.31557357,0.60397553,0.4322181,0.67981446,0.64102936,0.76315624,0.07976797,0.051673427,0.0371446,0.12665758,0.20965882,0.44129497,0.0023079815,0.006965731,0.077944905,0.00717342,0.70645666,0.12133427,0.4769042,0.63179463,0.62629116,0.015100487,0.05113898
0.048490237,0.49883732,0.49334893,0.68453157,0.5721344,0.7972666,0.7523255,0.79934776,0.15233622,0.06999077,0.080497876,0.2092039,0.3473441,0.46820924,0.011948937,0.026166381,0.17253743,0.030340312,0.7416708,0.20971139,0.6393502,0.7458237,0.7238497,0.03794851,0.11710283
0.0006571371,0.068855956,0.03212646,0.24428035,0.08255837,0.14371529,0.1547262,0.40698993,0.011101008,0.033997864,0.0039394,0.035513643,0.024564775,0.39101234,1.9723046e-05,0.00015778237,0.0074445065,8.880096e-05,0.46230263,0.020058291,0.07921618,0.12674999,0.21632287,0.0011613795,0.0044062315
0.022875363,0.42629775,0.40856916,0.67044735,0.5198243,0.7666813,0.7233601,0.79950285,0.101072095,0.049744163,0.04776583,0.14815554,0.27067214,0.45623213,0.003778661,0.010337114,0.106334254,0.011385,0.73842305,0.14853978,0.57703763,0.72188795,0.6953255,0.019561294,0.067701496
0.024039395,0.452854,0.44379473,0.69696784,0.5512228,0.79660237,0.75363994,0.8117951,0.10546603,0.046234317,0.0494634,0.15314628,0.2914911,0.46207422,0.003932642,0.0107402485,0.114825055,0.012103351,0.75233555,0.15475386,0.6149779,0.7546646,0.7220126,0.01978614,0.07112469
0.00672184,0.2553745,0.21560916,0.5595589,0.3397321,0.58694863,0.5571795,0.72408277,0.04776167,0.03856081,0.020315109,0.08591203,0.13862203,0.4306181,0.0005943743,0.0024167541,0.04249571,0.0021599403,0.6750047,0.07862982,0.36780092,0.5484003,0.5480526,0.0073918975,0.026377667
0.0008122463,0.0840187,0.04575978,0.31359902,0.10963703,0.20903148,0.21409507,0.4737729,0.012670539,0.029877635,0.0045295088,0.036011625,0.03241134,0.39862615,2.432795e-05,0.00019790832,0.008854022,0.00011671472,0.50230944,0.023707919,0.104653984,0.18785374,0.2626732,0.0013378202,0.0051826867
0.0016499307,0.11372782,0.067697436,0.34965786,0.14275552,0.2657136,0.27207687,0.5294379,0.019707074,0.037471067,0.0074882857,0.04973988,0.048340335,0.40501598,7.567103e-05,0.00047758856,0.014847537,0.00031983657,0.53900325,0.034265764,0.146949,0.23707919,0.32153985,0.0024780014,0.008915536
0.0035073212,0.19322827,0.15193084,0.5129913,0.26720163,0.49605903,0.4735876,0.67722315,0.032004658,0.032509185,0.012742309,0.06426831,0.09678822,0.4229529,0.00021221329,0.0010956054,0.026446545,0.0008736565,0.64163893,0.05603261,0.28001767,0.46233225,0.47634342,0.0042746305,0.016062874
0.000858599,0.08459685,0.044833884,0.3008018,0.10643198,0.19881685,0.20932004,0.46930477,0.013161975,0.03178104,0.004722756,0.037936013,0.03276392,0.39556083,2.7752683e-05,0.00021758633,0.009403147,0.00013003554,0.49876037,0.024109552,0.105174,0.1787787,0.26345938,0.0014446499,0.005421433
0.009268408,0.32139564,0.293461,0.62830085,0.42496225,0.69283605,0.65671,0.7725372,0.05936964,0.035014488,0.025201786,0.09919376,0.1861628,0.44113532,0.0009263861,0.0033937113,0.057587583,0.0033375667,0.71736354,0.096247315,0.47024098,0.6588113,0.6353057,0.009248729,0.034575652
0.0053534126,0.21815424,0.17317441,0.51066065,0.29096052,0.51397365,0.48402008,0.68735206,0.04157089,0.040663183,0.01686867,0.077500455,0.10936489,0.4223099,0.00042663346,0.0018717963,0.033996705,0.001557301,0.64644384,0.069135964,0.30018044,0.4742373,0.4797527,0.0061266012,0.021783344
0.004411573,0.18505777,0.1359795,0.45743412,0.24233477,0.43494105,0.4162795,0.6416489,0.036051426,0.043133065,0.0148406755,0.07287871,0.09073297,0.4184716,0.0003233227,0.0015040841,0.028970025,0.0011875457,0.61421543,0.060694367,0.24979554,0.3939097,0.4323911,0.0053427513,0.018779172
0.014887785,0.3779924,0.35626733,0.65628296,0.47996667,0.7370442,0.6967661,0.79083306,0.07852986,0.04200704,0.035643764,0.122044206,0.22854076,0.44961268,0.0019554305,0.0061452435,0.07935023,0.006491935,0.73218435,0.12093892,0.5327933,0.6972928,0.6695365,0.01359019,0.049103823
0.017275712,0.41146493,0.3974493,0.6813013,0.5171134,0.771071,0.72999555,0.80502445,0.08685426,0.04123124,0.039440975,0.13113163,0.25470772,0.45535263,0.0024013403,0.00723918,0.09085649,0.007879495,0.7449413,0.13168463,0.5757369,0.73229593,0.6994342,0.015024461,0.05535315
3.7824384e-06,0.0074217906,0.0015291797,0.063236155,0.009519123,0.013268448,0.017156564,0.12760834,0.00041778904,0.0073154788,0.00010528761,0.004190561,0.0013586126,0.33268714,9.272684e-09,3.2272052e-07,0.0002033087,8.9629346e-08,0.25977552,0.0011882263,0.007217929,0.013012948,0.04375325,1.4204877e-05,9.3907125e-05
0.0009888004,0.09041382,0.04901125,0.31318742,0.11342205,0.21143122,0.21997344,0.48043117,0.014256151,0.033122204,0.0052192244,0.040246222,0.03547716,0.3994843,3.4342e-05,0.00025628286,0.010330312,0.00015889478,0.5094386,0.025971293,0.113525674,0.18973993,0.27282378,0.0016311172,0.0060544163
0.00030049542,0.049171563,0.020730473,0.21081147,0.061288334,0.106222615,0.11586485,0.3461187,0.0067602284,0.026543247,0.002286105,0.024964426,0.016125085,0.37964237,5.8156866e-06,6.0993145e-05,0.0042733545,3.0543357e-05,0.4250568,0.01317094,0.054406837,0.09562422,0.16997516,0.00057766924,0.0024728267
0.00989193,0.29247335,0.25465712,0.5768823,0.37727484,0.62400645,0.58799386,0.7417846,0.060528766,0.045130145,0.026507828,0.10156175,0.16243479,0.4343516,0.001101704,0.0038958776,0.05478169,0.0036961793,0.68864894,0.09512315,0.40762112,0.58108693,0.57221895,0.010171098,0.035127863
5.809626e-05,0.024071475,0.007647557,0.13490127,0.029577691,0.046588484,0.055839404,0.24112795,0.0023971936,0.01698957,0.0007321471,0.01316677,0.0063360925,0.36391363,5.2434126e-07,8.678803e-06,0.0014123571,3.4628545e-06,0.3517176,0.005370948,0.02589433,0.043657053,0.10452482,0.00015269362,0.00071570254
0.008902456,0.2666016,0.22338279,0.5411847,0.33857977,0.575767,0.55030596,0.71754336,0.056139063,0.046745926,0.02467735,0.099647254,0.14857736,0.43111935,0.00096107187,0.0034832787,0.051382918,0.0032312851,0.6715141,0.08822335,0.37325224,0.53024226,0.5521503,0.009691863,0.03303144
0.0019378518,0.13081065,0.08520994,0.40045738,0.17503579,0.33255044,0.3218561,0.57457644,0.021728393,0.03455802,0.008192465,0.05075856,0.056895364,0.40865996,8.805017e-05,0.00055051217,0.01609863,0.000375693,0.5674948,0.039129563,0.1698302,0.30097473,0.34953222,0.0026565932,0.009969098
3.2462456e-05,0.018813204,0.0055516385,0.119906925,0.0238118,0.037675958,0.044815313,0.2133586,0.0016542138,0.01393117,0.000490221,0.0100318855,0.0046129865,0.3595254,2.163179e-07,4.253661e-06,0.000925507,1.5614679e-06,0.33110982,0.00386508,0.019682521,0.035181124,0.08734554,9.122646e-05,0.00046908736
0.052453447,0.5091249,0.50587493,0.68580306,0.57953024,0.8063088,0.7594349,0.800272,0.1633999,0.06992472,0.08345704,0.21833098,0.36074916,0.4713252,0.013392811,0.028500859,0.1847827,0.032195378,0.74204606,0.21633027,0.64791065,0.7552159,0.7318985,0.04079799,0.12615517
5.6169105e-05,0.023550486,0.007328916,0.13145061,0.028495917,0.04437381,0.053196494,0.23397437,0.00236004,0.017215656,0.0007207742,0.012987239,0.0062077753,0.36526996,5.1842085e-07,8.417315e-06,0.0013970354,3.358091e-06,0.34982523,0.005137244,0.025296632,0.0414533,0.101561815,0.0001498127,0.0007180202
1.2508267e-05,0.0121446075,0.0029150085,0.0826587,0.014855447,0.020925095,0.026452411,0.16043234,0.0009026955,0.011164846,0.00024641346,0.007079445,0.0025755332,0.34639496,5.6697083e-08,1.3803374e-06,0.00047693646,4.4372715e-07,0.29195517,0.002239491,0.012198872,0.020132156,0.061846763,4.0674167e-05,0.00023075409
6.54406e-05,0.025157988,0.008117027,0.14034687,0.031760514,0.04993272,0.057583965,0.24309805,0.0025094908,0.0174907,0.0007898882,0.013327801,0.00666702,0.36727116,5.958315e-07,9.70907e-06,0.0014662022,3.8987373e-06,0.35108384,0.0057616527,0.02637899,0.04594802,0.10500277,0.000161674,0.0007769953
0.008690425,0.26110792,0.21738921,0.5372795,0.33275977,0.569372,0.539957,0.7137953,0.054922685,0.0469088,0.024120897,0.09763259,0.14310788,0.42967916,0.000914338,0.0033376,0.048493713,0.0030799462,0.6671063,0.087238446,0.36239207,0.52226764,0.5408487,0.009313378,0.031926032
0.0007070572,0.069178134,0.032111395,0.2400723,0.08357182,0.14223354,0.15161549,0.4005112,0.011431205,0.03529451,0.0040830853,0.03653496,0.024671897,0.38936839,2.1803018e-05,0.00017044951,0.007571298,9.6005606e-05,0.4614243,0.020867817,0.07833884,0.124788284,0.21011397,0.001196945,0.00461192
0.00050315046,0.06465293,0.031478193,0.26348388,0.083265804,0.15238844,0.15995215,0.411184,0.009340073,0.028276004,0.0032461146,0.030105468,0.022854546,0.39181358,1.1997846e-05,0.000112651935,0.0061971676,6.1019204e-05,0.4644281,0.017894462,0.07632605,0.13675353,0.21392861,0.0008964485,0.0035989028
0.0064819166,0.23892462,0.19488604,0.531749,0.3132371,0.54679304,0.5187744,0.70356464,0.04618173,0.041861262,0.019727565,0.0850642,0.12615265,0.42814764,0.0005744329,0.0023442963,0.039832547,0.0020605528,0.6609223,0.07577275,0.33574405,0.50500876,0.51679474,0.0072430773,0.025573483
0.0052336976,0.23358658,0.19272247,0.5488514,0.31472448,0.56131893,0.53759205,0.7100725,0.041091304,0.035173185,0.0171407,0.07738064,0.12479791,0.42920548,0.0004022781,0.0017829005,0.036462385,0.0015634134,0.6679609,0.06910029,0.34373394,0.52575547,0.53532857,0.0060117794,0.022192702
0.000118409676,0.03319595,0.011881033,0.16674443,0.04072987,0.067259304,0.0778227,0.28621358,0.0037764127,0.020616738,0.0012029186,0.017404232,0.00966076,0.37304336,1.5025703e-06,2.0437306e-05,0.0023423133,9.049292e-06,0.38217375,0.007881131,0.0366209,0.06225554,0.1319975,0.0002789257,0.0012337457
0.0024171602,0.15550387,0.11108198,0.45455205,0.21056224,0.40610904,0.399071,0.6265272,0.025327908,0.031712685,0.009735415,0.05583708,0.074101485,0.41463605,0.00012353643,0.0007118277,0.020506224,0.0005298811,0.6050387,0.045087237,0.22218987,0.37568256,0.42073485,0.0032574125,0.012135852
0.0007432398,0.07945745,0.041427758,0.2980032,0.102378085,0.19117582,0.19621252,0.45357254,0.011917727,0.030505812,0.004253496,0.03487265,0.029734327,0.39667326,2.1535923e-05,0.00017892948,0.008214055,0.0001047072,0.49215034,0.022117862,0.09587089,0.17135349,0.24710384,0.0012311524,0.004883547
0.0030134146,0.16035733,0.11257691,0.4398581,0.21109952,0.39379972,0.38114217,0.61643255,0.028774736,0.038189605,0.011382209,0.061727025,0.07497148,0.41676325,0.00017794014,0.00094655063,0.022569055,0.0007093326,0.59867746,0.049070224,0.21663493,0.35715476,0.40370777,0.0039045636,0.01416697
0.003534912,0.17225187,0.1238156,0.45274734,0.22619246,0.41625693,0.40153787,0.6307216,0.031746097,0.039775785,0.012748945,0.066037275,0.08230565,0.41927677,0.00022865814,0.0011502381,0.025320077,0.0008851459,0.6080887,0.053425513,0.23321411,0.37791288,0.42083472,0.004455709,0.01601476
6.0738903e-06,0.00882266,0.0019470184,0.07091884,0.0113506755,0.015995024,0.020157488,0.13544248,0.0005536413,0.008574254,0.00014684054,0.0049844305,0.001709591,0.33673248,1.7987178e-08,5.556701e-07,0.00027530326,1.6262034e-07,0.27100217,0.0015132331,0.008515488,0.015297237,0.048329707,2.0331903e-05,0.00013248807
0.0062614526,0.27039036,0.23498654,0.5937449,0.3660882,0.6319592,0.6012963,0.74499536,0.046676703,0.032682706,0.019246401,0.08296528,0.14922959,0.43437436,0.00051052717,0.0021254912,0.043044254,0.0019574603,0.6947809,0.077919826,0.40119642,0.59913427,0.5861825,0.006772663,0.025650052
8.830065e-05,0.029535279,0.010233503,0.15986182,0.03634032,0.06040103,0.07084227,0.2727204,0.0031568548,0.018713057,0.00099308,0.015323182,0.008310491,0.37163976,9.688523e-07,1.4264064e-05,0.0019287191,6.114195e-06,0.3732335,0.006742342,0.032462828,0.05618847,0.12295631,0.00021847422,0.0009944822
6.6012784e-05,0.027074832,0.009428934,0.16449688,0.03442097,0.060145263,0.070293196,0.2728928,0.0026480223,0.01593043,0.0008127732,0.013172769,0.0075194794,0.37023726,6.0284293e-07,9.941804e-06,0.0016064254,4.1480225e-06,0.37194157,0.0058609694,0.030255329,0.056509454,0.11960704,0.00017103758,0.0008062235
0.027341297,0.44433728,0.4318033,0.6764695,0.53362167,0.7751778,0.73208606,0.80104953,0.11174703,0.054174587,0.054262206,0.16079246,0.28647348,0.45768368,0.005006304,0.0130402,0.11987933,0.014697405,0.7418542,0.16190778,0.595057,0.7297898,0.70171374,0.022834176,0.0767549
0.0064171213,0.24745846,0.20670651,0.55097294,0.3292389,0.57302153,0.54348993,0.7171724,0.04638198,0.038836747,0.019565882,0.084151804,0.13262083,0.42977005,0.0005537717,0.0022894791,0.040842623,0.0020242878,0.67124075,0.07637877,0.35456404,0.5343561,0.53608507,0.007118345,0.02544699
0.0010745146,0.09547986,0.05299053,0.32617778,0.120396726,0.22741416,0.23482838,0.4950748,0.015006865,0.03285555,0.00552711,0.041262496,0.03815188,0.40020695,3.8479327e-05,0.0002808237,0.011004776,0.00017722625,0.5186893,0.027251463,0.121173896,0.2049267,0.28565517,0.0017426999,0.006450138
9.675286e-06,0.010688538,0.0024238636,0.07518,0.013150349,0.018417593,0.023196459,0.14786084,0.0007562533,0.010288975,0.00020501217,0.006296958,0.0021461637,0.34003437,3.7874152e-08,9.676676e-07,0.00037951896,3.0197154e-07,0.28158537,0.0019539702,0.0103033595,0.017518673,0.05498085,3.130426e-05,0.00018639346
0.0041986816,0.22233483,0.18343745,0.5541321,0.30849525,0.5617609,0.5385931,0.7117479,0.03615174,0.030290268,0.014553171,0.06969673,0.11725895,0.42881617,0.00027562946,0.0013198748,0.031683557,0.0011211273,0.6674495,0.06285606,0.33431917,0.5305978,0.5338745,0.0049380483,0.018788794
0.0015250187,0.111182645,0.06628658,0.35345528,0.14116634,0.2670196,0.2707768,0.5295459,0.018802993,0.035579085,0.0070315176,0.04780222,0.046629157,0.40492213,6.529493e-05,0.0004260809,0.013968788,0.00028255593,0.53986627,0.033268105,0.1430584,0.23904562,0.31630316,0.002305666,0.008398748
9.777982e-05,0.029115865,0.009570869,0.14279339,0.03489667,0.053311072,0.06239003,0.25191203,0.0032512748,0.021175085,0.0010451613,0.016397202,0.008039635,0.36938006,1.1485615e-06,1.5903537e-05,0.0019384568,6.849763e-06,0.36328137,0.0069651017,0.03040379,0.048717767,0.11384388,0.00022755547,0.0010553674
9.2657194e-07,0.004062635,0.00067925255,0.043410856,0.00535534,0.007168695,0.009647174,0.09268249,0.00017021011,0.0045642783,3.8212565e-05,0.0022940994,0.0006118617,0.31613448,1.1477738e-09,5.933083e-08,7.505472e-05,1.3743324e-08,0.22553276,0.0005474268,0.0038169788,0.00715709,0.028166072,4.104904e-06,3.2439955e-05
0.0003709373,0.054397084,0.023237212,0.22041665,0.06605666,0.112481155,0.12357108,0.36269253,0.007640988,0.028789159,0.0026600433,0.027784886,0.01818612,0.38653243,8.174473e-06,7.987422e-05,0.0050845384,4.169905e-05,0.435207,0.014764008,0.062364426,0.10073111,0.18471487,0.00072351896,0.00287156
0.010349532,0.33660918,0.31123197,0.6392804,0.44260064,0.7066466,0.6698656,0.7795498,0.06338369,0.03652391,0.027689664,0.103896834,0.19646144,0.44451264,0.0011131628,0.0039158147,0.061511718,0.003928861,0.7209217,0.10111417,0.48899376,0.6706982,0.6460748,0.010084235,0.037565727
0.012422498,0.3306477,0.2983999,0.60742426,0.42052156,0.6740576,0.63767844,0.76177305,0.06894084,0.044976816,0.031411063,0.112945296,0.19454265,0.43998912,0.0015424378,0.005099719,0.06684186,0.0051309387,0.70649195,0.108199716,0.46534857,0.6306261,0.6226763,0.012113207,0.042413183
0.00028557048,0.051093593,0.023107551,0.2381279,0.067692034,0.124085195,0.13101591,0.37321517,0.006532642,0.023492202,0.0021839235,0.023478648,0.016847787,0.38546655,4.9772857e-06,5.6421693e-05,0.0041425657,2.799962e-05,0.4372413,0.013352314,0.058948252,0.11218945,0.18255964,0.000550005,0.0023495338
0.00026036013,0.050215352,0.022499,0.23844446,0.06639171,0.12300159,0.13139169,0.37702292,0.0062145274,0.022373427,0.0020385853,0.022356754,0.016405765,0.38562718,4.3524733e-06,5.0694776e-05,0.0039811316,2.4768948e-05,0.4335637,0.012705511,0.05803875,0.112300605,0.18345807,0.00052058673,0.0021866476
0.00012787449,0.033384696,0.011659295,0.15966362,0.04039098,0.06363694,0.073554985,0.27775103,0.0038888077,0.022244597,0.0012653099,0.018147064,0.009609857,0.3757289,1.7091504e-06,2.2387583e-05,0.0024041634,9.869198e-06,0.37682137,0.008199794,0.035910662,0.05812097,0.12823834,0.00029382884,0.0012872547
5.6364565e-06,0.008550501,0.0018279647,0.06615205,0.010749889,0.014906706,0.019086452,0.1331995,0.0005349411,0.008483073,0.00013741935,0.0050122007,0.0016307288,0.33209592,1.669244e-08,5.097341e-07,0.00026052477,1.467591e-07,0.2665533,0.0014848044,0.008180301,0.014463741,0.047047757,1.9362853e-05,0.00012418935
1.657479e-09,0.00029895466,2.1605227e-05,0.008947687,0.0004766442,0.0006054764,0.0009498929,0.026550334,3.2396274e-06,0.00047472623,3.8900242e-07,0.0001496241,1.9102883e-05,0.24483848,1.0130825e-13,3.225584e-11,9.0544813e-07,3.3600364e-12,0.12717819,1.7219876e-05,0.00025393086,0.00066409685,0.0044575855,1.583471e-08,2.9833365e-07
0.0014179392,0.115442954,0.07255919,0.38454932,0.15307897,0.29877594,0.30159345,0.55417854,0.018035118,0.030855557,0.00670372,0.045119543,0.04988896,0.40693316,5.6011642e-05,0.0003830372,0.0137549015,0.0002570513,0.5558313,0.03293963,0.15708515,0.2727675,0.34114808,0.0021386356,0.008009402
2.952968e-05,0.018427169,0.0053920653,0.12038529,0.023245696,0.037120085,0.044829812,0.21497217,0.0015721972,0.013262626,0.00045780375,0.009696665,0.0045132963,0.35686296,1.8944769e-07,3.854653e-06,0.00089958275,1.4183703e-06,0.32993054,0.0037086569,0.01965606,0.03541929,0.08827845,8.591565e-05,0.00043825898
0.0126892235,0.34246808,0.31476602,0.62571263,0.43920794,0.69454044,0.65679944,0.7729165,0.07056562,0.043254226,0.031988442,0.113712385,0.20218,0.4425981,0.0015758415,0.005181099,0.06857033,0.005278854,0.7156461,0.11024183,0.48556674,0.65362495,0.63449484,0.012139608,0.04305218
3.8826447e-06,0.007596514,0.0015862944,0.065696664,0.009730828,0.014083218,0.018298622,0.13220064,0.0004270454,0.0071427585,0.0001071901,0.004200155,0.0014037818,0.3310696,9.564951e-09,3.320914e-07,0.00021021173,9.280172e-08,0.2639452,0.0012181556,0.007452798,0.01384579,0.04519355,1.4623391e-05,9.491291e-05
0.012464407,0.3424455,0.31383982,0.62750477,0.4396038,0.69695574,0.6587001,0.7737843,0.07015991,0.04240073,0.03145436,0.11262319,0.20184782,0.4433094,0.0015199418,0.0050190487,0.06828478,0.0050921207,0.7163579,0.10938997,0.48498437,0.65651345,0.63568,0.011972109,0.042701922
1.7572434e-05,0.013813898,0.0034804347,0.09016536,0.017154159,0.024259115,0.029776318,0.16832803,0.0010851347,0.012424305,0.00031013618,0.007958105,0.003028048,0.34848118,8.824431e-08,1.9951424e-06,0.0005746473,6.7057675e-07,0.29790983,0.0027261022,0.013534268,0.022849906,0.066045046,5.1280094e-05,0.00028995538
6.527328e-11,7.651186e-05,3.4687346e-06,0.0037017937,0.00013343566,0.00015675215,0.00025737402,0.012939685,4.2526403e-07,0.00015315806,3.60146e-08,3.6699897e-05,2.9570017e-06,0.20921186,8.384815e-16,6.7273444e-13,8.655304e-08,4.5606544e-14,0.09229257,2.901014e-06,5.885059e-05,0.00017695187,0.0015923665,8.390392e-10,2.6041127e-08
0.004577978,0.20649247,0.16200785,0.50687194,0.2753562,0.49966478,0.47824743,0.678422,0.037391424,0.03783281,0.015393979,0.07303518,0.1051788,0.42378438,0.00033111725,0.0015405165,0.03143003,0.0012713949,0.6428244,0.0629123,0.2925554,0.4618957,0.4834051,0.0054342085,0.019585758
0.0004277982,0.0587318,0.026089802,0.2328421,0.07142132,0.12553596,0.13655548,0.38061035,0.008574611,0.02947083,0.0029553245,0.029218335,0.020245224,0.38830554,1.0409362e-05,9.572359e-05,0.005699378,5.1237905e-05,0.44623664,0.015817976,0.067845106,0.11147732,0.19552158,0.00081241655,0.0032803502
0.0002412956,0.045448057,0.01802937,0.19748302,0.056793887,0.09553564,0.104187936,0.3333871,0.0057922527,0.025071565,0.0019328862,0.022780105,0.014056396,0.37787575,4.167555e-06,4.6780897e-05,0.003599236,2.2310409e-05,0.40861437,0.011943928,0.049130455,0.08559421,0.1581636,0.00048739114,0.0020583656
5.9589565e-06,0.009028458,0.0020494082,0.0769871,0.0121051,0.017749388,0.02159206,0.14310819,0.0005399063,0.008049616,0.00014552416,0.004786525,0.0017670651,0.3401318,1.6558495e-08,5.40571e-07,0.0002699868,1.5670008e-07,0.2729544,0.0015553175,0.008790607,0.016860329,0.04990075,2.0104198e-05,0.00013048704
0.0020738896,0.13799512,0.09187473,0.41499847,0.181676,0.34948352,0.34689462,0.58920574,0.022674773,0.033703275,0.008725849,0.052856345,0.0626686,0.40996665,9.961198e-05,0.0006018173,0.017855117,0.00043181507,0.5803514,0.04053011,0.1890632,0.3193617,0.37833095,0.0029101286,0.01065806
0.026546903,0.43837643,0.4213427,0.6703223,0.5273052,0.77055043,0.72712743,0.79863226,0.10962639,0.05368544,0.053048458,0.1587794,0.28371817,0.45835382,0.00477755,0.01253267,0.117709234,0.013908577,0.7393993,0.15845805,0.5872161,0.724014,0.69964814,0.022435054,0.07549663
2.646129e-06,0.006528648,0.0013145405,0.062141106,0.008665849,0.012673646,0.016074447,0.12318577,0.00033308435,0.006139698,8.10755e-05,0.0034476682,0.0011253426,0.32635522,5.1643543e-09,2.0918496e-07,0.0001568103,5.462154e-08,0.25339037,0.0009985566,0.006217476,0.012290062,0.0398728,1.0315628e-05,7.098244e-05
0.0018177866,0.133956,0.09022461,0.4257689,0.18383129,0.35749406,0.34378076,0.59249014,0.021081012,0.031054815,0.007884759,0.048564535,0.058572736,0.41325232,7.7709985e-05,0.0004994727,0.015730286,0.00034164838,0.5802426,0.038563963,0.18025847,0.3257593,0.36638463,0.0025175787,0.009568804
0.0039966265,0.15434936,0.09797724,0.37061512,0.18553276,0.32408828,0.320227,0.5706866,0.03351139,0.053014707,0.013661422,0.073945284,0.07038823,0.4099201,0.00030395042,0.0013802658,0.02572669,0.0010364694,0.5677551,0.05352281,0.19117656,0.28201053,0.36290398,0.0051468182,0.017186685
0.024077836,0.37000406,0.33561262,0.591421,0.44135925,0.67491734,0.63364047,0.75790304,0.100180216,0.066701114,0.04904185,0.15068118,0.22693768,0.44441232,0.0044629634,0.01163608,0.09768691,0.012147205,0.69995356,0.14364086,0.48615858,0.6202488,0.6181583,0.022102866,0.067621455
0.0011543933,0.09548125,0.052801248,0.31645104,0.11966098,0.22166559,0.23075883,0.49027905,0.015742946,0.034816645,0.005783472,0.04317174,0.03835358,0.39753833,4.3717486e-05,0.00031111017,0.0114584435,0.00019565715,0.5134064,0.028347054,0.11971568,0.19836389,0.28274357,0.0018345768,0.006774716
0.0008303516,0.08586405,0.04724566,0.3181567,0.11127116,0.21317598,0.22253734,0.4818703,0.012903116,0.029521292,0.004597903,0.036755808,0.0337973,0.3967697,2.547046e-05,0.00020605906,0.009291699,0.00012444991,0.5076821,0.024101738,0.10978083,0.1938129,0.27243587,0.0013884453,0.0053067505
0.00012318436,0.033181325,0.01158353,0.16112052,0.040124103,0.064989254,0.07504986,0.2808376,0.0038379964,0.021520965,0.0012426742,0.017694935,0.009426817,0.37142113,1.5969932e-06,2.0941594e-05,0.0023365193,9.300669e-06,0.37841105,0.008029267,0.035145782,0.059201982,0.1297672,0.00028209807,0.0012521418
0.0023561206,0.14627208,0.09963361,0.42461008,0.19242765,0.36674073,0.36374068,0.6023626,0.024735289,0.03475221,0.009591271,0.056009654,0.06769542,0.41212654,0.00012295542,0.00070820464,0.019692723,0.0005167821,0.587851,0.043360133,0.20198865,0.33467445,0.3946535,0.0032493302,0.011805157
0.004746722,0.21001583,0.16527113,0.50803816,0.28034163,0.50493956,0.47985983,0.6826974,0.038233984,0.03831788,0.015613895,0.07386094,0.10608084,0.42296758,0.00034863965,0.0016039717,0.03177763,0.0013135243,0.64218587,0.0646692,0.29389387,0.46604854,0.48132417,0.0055868328,0.019884357
5.2901807e-21,5.9833107e-09,1.3025357e-11,1.1870696e-05,1.8587695e-08,2.1168502e-08,5.196498e-08,0.00014457315,2.2546593e-13,3.1159956e-08,1.6087174e-15,1.5850566e-09,8.305629e-12,0.0643926,1.103543e-30,7.1693084e-25,7.2010845e-15,2.5301377e-27,0.009379011,9.442275e-12,3.3271157e-09,3.2578022e-08,2.2039249e-06,9.794866e-19,7.4988875e-16
7.015626e-05,0.025726678,0.008331211,0.1400928,0.032452,0.05023026,0.058217105,0.24537389,0.0026188327,0.018018648,0.00082919636,0.013864001,0.00683057,0.36866158,6.650195e-07,1.06340285e-05,0.0015339624,4.2866013e-06,0.3521911,0.0059702443,0.02711519,0.046374507,0.10681912,0.00017281823,0.000808186
0.0019405402,0.11836397,0.07006415,0.3451239,0.14554887,0.26444754,0.26996017,0.5272557,0.021608729,0.04146432,0.008352863,0.054096013,0.050279375,0.40570948,9.857258e-05,0.00058572245,0.016321536,0.00040068864,0.5399954,0.03697514,0.15002932,0.23287024,0.3218006,0.0028379478,0.010006086
0.001020061,0.08612466,0.044659067,0.28939754,0.10751111,0.19155344,0.19676206,0.45365918,0.0143467095,0.03636988,0.005276977,0.040784724,0.032553826,0.39799428,3.6163445e-05,0.00026397873,0.009923798,0.0001586046,0.49207285,0.02593173,0.101340584,0.16759312,0.25095835,0.0016045024,0.00611543
0.0011105171,0.095904544,0.05398436,0.32906348,0.12222164,0.23140916,0.2367869,0.49544984,0.01543226,0.033236925,0.0056505664,0.041422777,0.03831443,0.4015584,4.004486e-05,0.000290534,0.011088886,0.00018147743,0.5186297,0.027711606,0.120287314,0.2073038,0.28433403,0.0017540015,0.0065966486
0.0072301617,0.24596001,0.20181093,0.5329756,0.31858313,0.55370307,0.5252338,0.7064941,0.049588986,0.043685943,0.021296179,0.089558415,0.13121073,0.4288138,0.00068486086,0.0026805406,0.043109216,0.002378298,0.6621965,0.07953568,0.34438714,0.51022583,0.52426827,0.008050174,0.027749356
0.005573283,0.21145216,0.161536,0.48461846,0.2690941,0.4810877,0.4633473,0.6694875,0.041748624,0.044473357,0.017642595,0.080879994,0.108781874,0.42252436,0.00047221011,0.0020046618,0.03563026,0.001687805,0.6336691,0.06801616,0.29023317,0.4369375,0.4789697,0.0066000777,0.022743534
2.0307732e-06,0.0055975663,0.0010495101,0.05385911,0.0074994955,0.010231789,0.013125551,0.108755246,0.00027238356,0.0058157756,6.665388e-05,0.0031103417,0.00092414866,0.32472163,3.454358e-09,1.4775436e-07,0.00012449763,3.702454e-08,0.24185237,0.0008519182,0.005258794,0.009974615,0.034449067,7.919143e-06,5.7266996e-05
0.004615919,0.18595947,0.13061123,0.44479063,0.23328143,0.41580185,0.40456545,0.6308775,0.03679253,0.04651216,0.015360364,0.07529616,0.08969918,0.42025453,0.00036056462,0.0016147386,0.03019416,0.0012941647,0.6078217,0.06043666,0.24555539,0.37102008,0.42738453,0.0056867776,0.019485125
0.026660549,0.43908802,0.4262673,0.67329407,0.5278434,0.7701777,0.72747,0.79917884,0.11003067,0.05433521,0.053440426,0.1589101,0.28169787,0.45643467,0.004850174,0.012741349,0.11734259,0.014328907,0.74048066,0.15968105,0.5891945,0.7249478,0.6972678,0.02246455,0.07515532
0.009165606,0.29121503,0.25473443,0.5822154,0.37928444,0.6285031,0.59170526,0.7449198,0.058252156,0.042826593,0.02494484,0.097721405,0.15919279,0.43270895,0.00097566925,0.0035547009,0.052254766,0.0033537112,0.69046825,0.09258351,0.40799004,0.58763844,0.57239306,0.009452483,0.03299301
0.008720968,0.29607093,0.26250547,0.59764355,0.3899367,0.6453636,0.60815465,0.7534868,0.057100017,0.03966494,0.024174955,0.095480345,0.16200604,0.4349706,0.0008893539,0.003295458,0.051651422,0.003139084,0.699406,0.09089889,0.4216987,0.6072458,0.58589345,0.0089434,0.03207257
6.941843e-05,0.025715895,0.008300775,0.13952367,0.03158276,0.04994661,0.05866969,0.2465109,0.002656543,0.018013898,0.00082918134,0.014088006,0.0069345715,0.36641705,6.7595477e-07,1.0622494e-05,0.0015706104,4.3369523e-06,0.35544512,0.005913734,0.027255144,0.046535827,0.108265415,0.00017435553,0.0008147718
0.004746826,0.20815401,0.16162273,0.50065875,0.27316093,0.49648026,0.47973862,0.6777074,0.038327288,0.038482543,0.015737442,0.075150914,0.10780572,0.42155036,0.00035765275,0.0016216371,0.033022713,0.0013567732,0.6413899,0.0640291,0.295917,0.45828775,0.4898553,0.0057015726,0.020359969
3.571846e-05,0.019631548,0.0058372514,0.121535644,0.0247103,0.038942702,0.04644937,0.21893227,0.0017518445,0.014317831,0.00051686435,0.010423669,0.0048338324,0.35830256,2.4821506e-07,4.7507056e-06,0.0009890948,1.7562265e-06,0.33195773,0.0041180565,0.020400843,0.03660289,0.09014551,9.8550954e-05,0.0004945436
2.6132083e-08,0.0009077356,9.222436e-05,0.016615454,0.0013100329,0.0016295407,0.0024177732,0.043652713,1.8274466e-05,0.0013323773,2.8380693e-06,0.0005071324,8.294758e-05,0.2736298,6.0484517e-12,8.4129237e-10,6.019426e-06,1.2285072e-10,0.15998636,7.853407e-05,0.00078673876,0.0017156948,0.009526161,1.7515902e-07,2.2593567e-06
0.0022658587,0.14166716,0.09577592,0.4190851,0.18995424,0.36050016,0.3477803,0.59466136,0.024040766,0.035083093,0.009187311,0.054242045,0.06316895,0.41187805,0.000112129484,0.0006633122,0.01808645,0.00046504615,0.57988316,0.04286188,0.18806097,0.3266302,0.3717817,0.0030512186,0.011251163
2.8798808e-05,0.018212413,0.0054580783,0.12383233,0.023692135,0.038946107,0.045506645,0.21581508,0.0015373213,0.012828767,0.00044728408,0.009287139,0.0044016778,0.35751578,1.7299902e-07,3.626715e-06,0.00084048795,1.3105216e-06,0.33079296,0.0036852013,0.018864859,0.036269017,0.08628057,8.0508005e-05,0.00042660802
0.0002824522,0.05166969,0.023053776,0.24104758,0.068172134,0.12628913,0.13131326,0.37486348,0.0065370905,0.02348114,0.0021704135,0.02306402,0.016676242,0.38737303,4.889538e-06,5.4953536e-05,0.004030783,2.7332853e-05,0.43680078,0.013191482,0.057753824,0.11296857,0.18075274,0.0005375807,0.0023553888
0.019332724,0.39670476,0.37644458,0.6515441,0.49088016,0.7428377,0.7019899,0.789717,0.09126769,0.0478589,0.042451516,0.13823806,0.24873872,0.4507832,0.0029620077,0.008493375,0.094183475,0.009130627,0.731393,0.13645498,0.54702747,0.699586,0.6781598,0.017190585,0.059944108
2.2922084e-05,0.015933592,0.0043024654,0.10209095,0.019651242,0.029289223,0.036225263,0.19061409,0.0013166894,0.0129989125,0.00038000187,0.0089611225,0.0037028457,0.35154232,1.3349754e-07,2.8292245e-06,0.0007307185,9.961078e-07,0.31528258,0.0031842631,0.016466832,0.02800641,0.07675103,6.8257206e-05,0.00035722236
0.0008154018,0.082239896,0.0430821,0.297183,0.10254,0.19098313,0.20205489,0.46104294,0.012711309,0.031781577,0.004579391,0.03731893,0.031564362,0.3967744,2.591417e-05,0.00020309983,0.009096725,0.00012217145,0.49714088,0.02331504,0.10254727,0.1716992,0.2574862,0.0013944515,0.005245097
0.0015462972,0.11040114,0.06333325,0.33962834,0.13491781,0.25052312,0.25820306,0.51764077,0.019116595,0.03799684,0.0071825176,0.04902011,0.04602702,0.40415993,7.088239e-05,0.00044175357,0.014413049,0.00029733867,0.5351879,0.03272846,0.14051415,0.22319022,0.3085324,0.0023900284,0.008675895
0.005947406,0.24591511,0.20756303,0.5587554,0.33243713,0.58046645,0.55041707,0.7213792,0.044593778,0.036444437,0.018598428,0.081252046,0.13182062,0.43011335,0.000486509,0.0020701468,0.039063394,0.001821953,0.6742272,0.07423178,0.35703877,0.54407257,0.54080206,0.006601491,0.02417777
0.0002670005,0.048412435,0.0207563,0.22009715,0.062354576,0.11048395,0.11842078,0.35445744,0.0062516103,0.024388807,0.002098173,0.023174888,0.015544058,0.38309065,4.6712985e-06,5.2623964e-05,0.003940732,2.574642e-05,0.42604622,0.012597333,0.054373275,0.09935544,0.17266732,0.0005238538,0.0022409172
0.0028019901,0.13666555,0.085952416,0.3686633,0.16985372,0.30749923,0.3038245,0.558409,0.027064186,0.04503737,0.010616499,0.062004473,0.060038034,0.4089251,0.0001682382,0.0008794323,0.020153552,0.0006284752,0.5584067,0.044965737,0.17072898,0.27106586,0.34415022,0.0037562344,0.013095609
0.0075906417,0.26920086,0.23026064,0.5694398,0.35466778,0.6028515,0.5678109,0.7327064,0.05178514,0.040536687,0.021964096,0.09015606,0.14469482,0.43161294,0.0007243834,0.0028084833,0.045501664,0.002571247,0.68211293,0.08377698,0.38070217,0.5620724,0.5539639,0.008098225,0.028833602
0.003362054,0.17568564,0.1291741,0.4711207,0.23575224,0.43664214,0.41321364,0.6424123,0.03132197,0.03712692,0.012277814,0.06330098,0.08233031,0.42048582,0.00020713225,0.001057558,0.024140038,0.000813431,0.6149085,0.052825127,0.23808384,0.39750278,0.4247564,0.0041813646,0.01557396
2.8412458e-06,0.0066240756,0.0013429022,0.060954664,0.008625429,0.012285137,0.01615323,0.12416101,0.00035173725,0.006455597,8.631615e-05,0.0036989776,0.0011782298,0.3301667,6.0236163e-09,2.3109881e-07,0.00016959515,6.183838e-08,0.2556867,0.0010297593,0.006531473,0.012198953,0.041421406,1.1234572e-05,7.518323e-05
2.015109e-05,0.01524933,0.004032376,0.10213949,0.019393647,0.028725717,0.034538418,0.18638341,0.0011781781,0.01229269,0.00034590584,0.008231332,0.0034664792,0.3547738,1.0526529e-07,2.3675527e-06,0.0006479927,8.1768127e-07,0.3075459,0.0030144192,0.015449852,0.027062686,0.07312562,5.99764e-05,0.00032387988
1.604722e-05,0.013689149,0.0036033222,0.0965782,0.017574873,0.02658571,0.032398745,0.17796722,0.0010417268,0.011236066,0.00029338824,0.007468062,0.0030601944,0.34818974,7.517707e-08,1.819263e-06,0.0005585334,6.0220515e-07,0.30403435,0.0026248868,0.013932259,0.025308842,0.068914905,4.8684764e-05,0.0002739535
0.00061899563,0.07374431,0.03852333,0.29320806,0.09859795,0.18537134,0.18800558,0.44518822,0.010561346,0.02806187,0.0036905415,0.03187887,0.027099006,0.39367864,1.5638923e-05,0.0001411294,0.007049265,7.906684e-05,0.48305604,0.020629281,0.088296615,0.16647273,0.2357485,0.0010197451,0.004195704
0.0029970973,0.16294429,0.11617703,0.447813,0.21747167,0.40646806,0.39112338,0.6242042,0.028579602,0.036875304,0.011264003,0.061091617,0.076704666,0.41556844,0.00017293345,0.0009287043,0.022407886,0.0006939449,0.6026288,0.04980221,0.22132964,0.37059873,0.40914866,0.003831346,0.014008861
7.404729e-05,0.027539253,0.009399603,0.15535279,0.035502255,0.05908076,0.06685125,0.26536858,0.0027723534,0.017171985,0.0008606783,0.013712758,0.0074497894,0.3669834,7.0119995e-07,1.1285492e-05,0.001622095,4.5911906e-06,0.36303118,0.0062333853,0.029181454,0.05427748,0.114841536,0.00018024012,0.0008574798
0.00055317575,0.063815966,0.028375393,0.22976676,0.07486813,0.12689205,0.14010805,0.38580453,0.009879092,0.03356238,0.0034946152,0.033495214,0.02218156,0.38908374,1.5617403e-05,0.00013046751,0.006723419,7.2280185e-05,0.4510526,0.018168284,0.073028125,0.11226969,0.20347337,0.00101563,0.0038810072
2.2909562e-06,0.0060009216,0.001163802,0.056361593,0.0078562265,0.010900065,0.014294747,0.11624564,0.00030095014,0.0060592047,7.369499e-05,0.0033909339,0.0010348192,0.3272716,4.3053605e-09,1.7602545e-07,0.00014234944,4.561625e-08,0.247926,0.0009257469,0.005850302,0.0108157545,0.038025577,9.217156e-06,6.291607e-05
0.00030304678,0.052091304,0.022786068,0.23173775,0.06563368,0.11832319,0.1284243,0.3685281,0.006811785,0.025087316,0.0022899627,0.024489831,0.017259924,0.38590315,5.7335988e-06,6.112567e-05,0.0044278544,3.1586653e-05,0.43704644,0.013304768,0.059706647,0.10770829,0.18342248,0.0005922582,0.0024837272
2.178466e-09,0.00032532663,2.3768236e-05,0.00894959,0.0005113639,0.00062018493,0.0009658069,0.026520755,3.8042413e-06,0.00054013665,4.6243753e-07,0.00017165647,2.109075e-05,0.24433039,1.5070662e-13,4.3493407e-11,1.0316202e-06,4.639332e-12,0.12783335,2.0223553e-05,0.0002684859,0.0006799485,0.0045265364,1.9202403e-08,3.5493196e-07
1.9840238e-08,0.0008435666,8.417373e-05,0.017280092,0.0012477243,0.0016513002,0.0024218087,0.04417383,1.5085249e-05,0.0011440816,2.3959747e-06,0.00042975254,7.6057346e-05,0.27456835,3.890128e-12,6.1239586e-10,5.134037e-06,8.747184e-11,0.15987828,6.784552e-05,0.00073729263,0.0017218115,0.009227035,1.4232292e-07,1.8868568e-06
3.3397885e-08,0.0009901815,0.00010321761,0.01697626,0.0014108053,0.0017304106,0.0025368808,0.044564765,2.1260641e-05,0.0014712736,3.3264369e-06,0.00056992855,9.333487e-05,0.27338594,8.648801e-12,1.1090072e-09,6.906297e-06,1.640072e-10,0.16289638,8.9966285e-05,0.0008474709,0.0018216488,0.009812416,2.1409906e-07,2.7027359e-06
4.845287e-06,0.008424398,0.0018420683,0.07246449,0.010932232,0.016185354,0.020563772,0.14127472,0.0004913379,0.007595763,0.00012764594,0.0045260056,0.0016084143,0.33667928,1.314495e-08,4.2836652e-07,0.00024311992,1.2571084e-07,0.27141142,0.0013673075,0.00827652,0.015762538,0.048677962,1.7581586e-05,0.00011399569
0.01325814,0.34527007,0.3166689,0.6221456,0.44012862,0.6956217,0.6590611,0.77170444,0.07220552,0.04367626,0.032740153,0.11665246,0.20652385,0.44297993,0.0016780499,0.00544193,0.07149036,0.0055586956,0.7155471,0.11258035,0.48828277,0.6543168,0.64095736,0.012702403,0.04484964
1.2270121e-08,0.00065486575,5.9862687e-05,0.013481492,0.00097114855,0.0011999323,0.0017947226,0.03692897,1.13053575e-05,0.0010108886,1.6277596e-06,0.00036474335,5.3807405e-05,0.26253292,1.961111e-12,3.345632e-10,3.4152795e-06,4.4286314e-11,0.1488543,5.2207393e-05,0.00055270304,0.0012789919,0.007348821,8.736975e-08,1.2775023e-06
9.766054e-05,0.031553693,0.0116072865,0.17639577,0.040803898,0.071175605,0.07884415,0.28389746,0.0033522295,0.018335834,0.0010520542,0.015045893,0.009059218,0.37385133,1.0482137e-06,1.5607115e-05,0.001962641,6.8399254e-06,0.3809316,0.0070341807,0.033947468,0.064654075,0.12714873,0.00022228618,0.0010959965
5.6131357e-05,0.024968686,0.008481252,0.15617676,0.03292668,0.056912243,0.06350809,0.2532145,0.0023508363,0.015321548,0.00071267755,0.01181754,0.0066505563,0.36635828,4.516046e-07,7.988548e-06,0.0013222711,3.2335251e-06,0.35863593,0.0052421796,0.026125295,0.051916707,0.10754297,0.00013644321,0.0007227361
5.724677e-06,0.008971916,0.0020007961,0.073955916,0.011497928,0.016870702,0.021491293,0.1447188,0.0005478906,0.008119242,0.00014319758,0.0049014734,0.0017353037,0.33885825,1.6898419e-08,5.3201416e-07,0.00027720144,1.558066e-07,0.27246413,0.0015013645,0.0089215,0.016365709,0.05174086,2.0597969e-05,0.00012702377
0.008693741,0.2934175,0.26017052,0.59424436,0.3872977,0.6428805,0.60792714,0.7516213,0.05652902,0.03952879,0.024392484,0.09591104,0.16488703,0.43565616,0.0008826711,0.0032856895,0.051855985,0.0031113252,0.6961259,0.090639666,0.42163548,0.60409987,0.5901981,0.008961347,0.032315265
0.0077857436,0.25338227,0.20718534,0.53259504,0.32446304,0.5569835,0.5318831,0.7073572,0.05110324,0.045526274,0.022624502,0.092943154,0.13837482,0.42905268,0.00077946484,0.0029742278,0.0457865,0.0027088337,0.6625715,0.082214974,0.35459298,0.51174474,0.53533155,0.008529985,0.029478515
5.425629e-05,0.024209209,0.007965702,0.14649118,0.03115447,0.052117918,0.06005122,0.25129867,0.0023003488,0.015511933,0.0006969971,0.012074979,0.006347156,0.36622462,4.467086e-07,7.809585e-06,0.0013302084,3.070944e-06,0.35374737,0.0052171573,0.0259285,0.048273157,0.106745556,0.00014104196,0.00068218494
0.0020242166,0.12975396,0.07904985,0.37987036,0.16225757,0.30540577,0.30525655,0.55832374,0.02260401,0.038158964,0.008603988,0.05341808,0.055188276,0.40940368,0.00010162305,0.00059770525,0.017134193,0.00041335984,0.5568251,0.038357522,0.16483131,0.27248442,0.34356537,0.0029405444,0.010426413
3.3964585e-05,0.019527966,0.005883341,0.12605464,0.025274187,0.040828776,0.047282375,0.2194056,0.0016830427,0.013806397,0.0005020873,0.009981445,0.004783955,0.36041224,2.2207965e-07,4.417917e-06,0.0009268002,1.6289198e-06,0.33342925,0.0040227114,0.020207962,0.03775659,0.08883527,9.264287e-05,0.00048433428
5.523495e-08,0.0012870879,0.00014940412,0.022226179,0.0018626614,0.0024979666,0.0036026924,0.054758362,2.8924456e-05,0.0016341242,4.9646565e-06,0.0006719195,0.00013365711,0.2821088,1.759308e-11,2.0821747e-09,1.0545259e-05,3.3770403e-10,0.17653158,0.00011873576,0.0011550714,0.0025998582,0.012546788,3.5143174e-07,4.007788e-06
3.2305634e-05,0.018155836,0.005216692,0.11275642,0.023115601,0.03513787,0.041618958,0.20274115,0.0016067337,0.014187138,0.00047879468,0.010014403,0.0043595433,0.35423586,2.098111e-07,4.0960663e-06,0.00087693625,1.4974419e-06,0.32398614,0.0038677538,0.018263912,0.032868143,0.08210133,8.6036336e-05,0.0004579482
0.0002256475,0.046673663,0.020447247,0.23048413,0.061229434,0.1137719,0.12226991,0.36069435,0.005750538,0.021750925,0.0018669849,0.021276234,0.015121729,0.38396,3.5827088e-06,4.3258766e-05,0.0036666389,2.098732e-05,0.42947936,0.011548315,0.054216553,0.1038536,0.17515655,0.0004615293,0.0019993219
0.007175856,0.2561703,0.21321437,0.5498431,0.33655027,0.5775465,0.5440957,0.72019017,0.049614526,0.041421585,0.021041624,0.08788123,0.13563944,0.42999017,0.00066840067,0.0026388904,0.043266255,0.0023365873,0.6699275,0.0806548,0.35901058,0.5357092,0.5350469,0.007878402,0.027491184
0.0005191366,0.06563682,0.03150294,0.25856724,0.08195686,0.14883323,0.16127746,0.41340628,0.009595876,0.029006673,0.0033310065,0.03145409,0.023472875,0.38985825,1.3102381e-05,0.00011926627,0.0065510124,6.576422e-05,0.4657251,0.018200371,0.07922477,0.1347444,0.21817784,0.0009574741,0.0036968326
0.007865417,0.27429247,0.2376743,0.5722428,0.36220285,0.610138,0.5742694,0.7370546,0.053406198,0.04092812,0.022222133,0.09121929,0.14603029,0.43006638,0.0007650222,0.002933766,0.046539564,0.0026997095,0.6842514,0.085514836,0.3853845,0.5710821,0.55490553,0.008265893,0.029228082
0.0017152987,0.12231053,0.07775229,0.38556188,0.1632229,0.31065816,0.3026384,0.5580947,0.020078622,0.03406542,0.0075104744,0.048287883,0.052239697,0.40660092,7.3045296e-05,0.0004752351,0.014695374,0.00031740376,0.55708253,0.03648929,0.15722023,0.28063226,0.33354437,0.0023984497,0.009080243
5.6379395e-08,0.0012729876,0.00014365642,0.02083907,0.0018019077,0.0023031817,0.0033593182,0.052069318,2.9489129e-05,0.0017182138,4.983218e-06,0.0006978279,0.00013028551,0.28202575,1.8669176e-11,2.1088535e-09,1.0471841e-05,3.4232536e-10,0.17336646,0.00011867714,0.0011225337,0.0024013012,0.012153918,3.4988076e-07,4.0640934e-06
0.00059530686,0.07707963,0.0426535,0.32499474,0.10470934,0.2084841,0.21439666,0.47462147,0.01062241,0.024827616,0.0036466522,0.030934785,0.029434245,0.39933822,1.4639758e-05,0.00013467956,0.0074240775,7.7401215e-05,0.50333387,0.02032634,0.099504545,0.19138028,0.26045093,0.0010322896,0.0041396334
0.0091792755,0.332402,0.30614254,0.645755,0.44084933,0.7105315,0.6746069,0.7808139,0.05899747,0.03346867,0.025499932,0.09876017,0.19297297,0.44391,0.0009011878,0.0033316906,0.05777049,0.0033453542,0.7250236,0.096303806,0.48915985,0.6779596,0.6495611,0.0090549085,0.034418367
0.000134358,0.03457676,0.012458896,0.16639519,0.041950863,0.068084955,0.07897762,0.2889787,0.004051412,0.02191704,0.0013109272,0.018523244,0.010155575,0.37361944,1.8351657e-06,2.3826582e-05,0.0025337022,1.0679528e-05,0.38593075,0.008449481,0.038191374,0.06273014,0.13424893,0.00030994994,0.0013426578
1.3774312e-06,0.0047890223,0.0008415983,0.046836343,0.006168802,0.008327596,0.011212188,0.09990922,0.00022308515,0.0052915034,5.082518e-05,0.002765128,0.00076730194,0.32022107,2.1659041e-09,9.723219e-08,0.00010109292,2.3599904e-08,0.23537363,0.0006691677,0.004578063,0.00829339,0.03165264,5.9084355e-06,4.4851924e-05
0.0001686325,0.03824596,0.01434789,0.17633988,0.04626372,0.07627795,0.08772933,0.3053329,0.0046957214,0.023313869,0.0015347908,0.02029439,0.011595071,0.37541395,2.5639094e-06,3.1153744e-05,0.0029610333,1.4366944e-05,0.39511263,0.009604875,0.042426467,0.069944255,0.14481346,0.00037419226,0.0015872326
3.218754e-06,0.0070403023,0.0015019551,0.06724919,0.009495588,0.014305038,0.017906297,0.13006149,0.00037627347,0.006422803,9.3935254e-05,0.0037117433,0.001273574,0.3300292,6.7779884e-09,2.612566e-07,0.00017872095,7.044313e-08,0.26081002,0.0011090297,0.0068453597,0.013851744,0.042870548,1.2034974e-05,8.276183e-05
0.0012861767,0.10002227,0.057790328,0.3336905,0.13156386,0.24478616,0.2406317,0.50205344,0.01659513,0.034762166,0.0061006323,0.043416638,0.039522782,0.40004998,4.755264e-05,0.00033451032,0.011352152,0.00020964927,0.5203371,0.030643415,0.1205042,0.21823174,0.2804138,0.001862197,0.007240064
0.0036665571,0.17526385,0.12533362,0.4521804,0.22567892,0.41768447,0.40678906,0.63304824,0.03241172,0.040152,0.013127287,0.06801401,0.08473433,0.41875404,0.0002459818,0.0011998666,0.026528845,0.00094525603,0.6108114,0.054340247,0.24054013,0.37899628,0.43027496,0.004694226,0.016559117
0.001469615,0.11456873,0.07096478,0.3739734,0.1503989,0.2897176,0.29275194,0.5475714,0.018378798,0.032402497,0.006881056,0.046202984,0.049178537,0.40527594,5.974241e-05,0.00040472948,0.013889082,0.00026930013,0.55024505,0.033279486,0.15286176,0.2632864,0.33437943,0.0022157317,0.008176092
0.008963934,0.28509095,0.24703157,0.57519174,0.3708396,0.61976403,0.58944815,0.73827916,0.0562385,0.042109996,0.025009975,0.09836126,0.16134064,0.43377966,0.00093660224,0.0034538058,0.052334476,0.0032774233,0.6879844,0.09099977,0.40842426,0.57879126,0.58107615,0.009397938,0.032987453
0.0008846915,0.086632706,0.046406716,0.30898833,0.10974869,0.20594056,0.21434334,0.47491872,0.013319318,0.031590987,0.004817544,0.038269665,0.03370775,0.3972827,2.8606602e-05,0.00022304771,0.009535369,0.00013528025,0.5045312,0.024642529,0.10812764,0.18556727,0.2666115,0.0014748824,0.0055565108
0.0011109848,0.09445898,0.052154277,0.31639335,0.11833873,0.22017547,0.22947843,0.4888938,0.015352153,0.034242835,0.005640566,0.0425034,0.03767232,0.3978149,4.0983083e-05,0.00029576727,0.011126865,0.00018528385,0.5135763,0.027848909,0.1187136,0.1973806,0.28104898,0.0017835066,0.006563839
0.0028053736,0.15274428,0.10377115,0.41956186,0.1974566,0.36902758,0.36339444,0.60281205,0.027287683,0.03857727,0.010802153,0.060797855,0.071173914,0.4122214,0.00016261853,0.0008776928,0.021566503,0.00065250054,0.58749026,0.04694667,0.20571838,0.33377445,0.39405707,0.0037474695,0.013378
0.00092885253,0.08727332,0.046912037,0.30653757,0.11056865,0.20613821,0.21465112,0.47419864,0.013726379,0.03244506,0.004975235,0.039083824,0.034093708,0.3968016,3.0844996e-05,0.00023676908,0.009771194,0.0001437544,0.5024608,0.025203643,0.10812012,0.18533985,0.26699212,0.0015229138,0.005740759
0.016120343,0.37848788,0.3561085,0.64802974,0.47484887,0.72787046,0.68716604,0.7872724,0.08246211,0.045885365,0.037520207,0.12593694,0.22609034,0.44701317,0.0022730117,0.0069339573,0.08236164,0.007314638,0.72728544,0.12499347,0.5252018,0.68637866,0.6581578,0.014808402,0.051351734
0.0021058496,0.13740388,0.091359876,0.41406903,0.1825025,0.34962767,0.3404509,0.5878139,0.02312768,0.03445187,0.008797484,0.052515805,0.06107164,0.41305664,0.00010122092,0.00060694944,0.017494159,0.00042335512,0.57625836,0.040640075,0.18263221,0.31665307,0.36784226,0.002906167,0.010744647
0.00063140865,0.071093,0.034729343,0.27188122,0.09131496,0.16320775,0.16816889,0.42288798,0.010626095,0.030892698,0.0038095177,0.032833103,0.025409624,0.39658505,1.6998678e-05,0.00014722203,0.007142552,8.248654e-05,0.46893492,0.020324592,0.08260398,0.14437711,0.22249457,0.001078339,0.0042774994
0.00792493,0.26198414,0.22067544,0.551139,0.34248698,0.5811413,0.5490862,0.72140247,0.052139547,0.04346788,0.022631893,0.092192926,0.14156005,0.4309341,0.0007820592,0.0029887015,0.04592616,0.0027193734,0.67267466,0.08487952,0.36811975,0.5379584,0.5410436,0.008462198,0.029619202
0.0037558202,0.1711331,0.12132516,0.44002286,0.22079575,0.4054129,0.3907387,0.6244539,0.032907035,0.04206714,0.013230876,0.06830759,0.080992766,0.41746232,0.00025400764,0.0012364786,0.025859298,0.00094562536,0.60124177,0.054644816,0.22787239,0.36487052,0.4137406,0.004745107,0.01660557
6.4750405e-10,0.00020285347,1.28643005e-05,0.0071757026,0.00033760117,0.0004320139,0.00067511963,0.021797292,1.7731043e-06,0.0003345378,1.9681472e-07,9.711475e-05,1.1175821e-05,0.23193344,2.406415e-14,1.0186639e-11,4.470265e-07,9.427028e-13,0.11613857,1.03062375e-05,0.00016362299,0.00047025207,0.0032738908,6.6108683e-09,1.476366e-07
0.02256511,0.41322955,0.3971153,0.6604894,0.50304836,0.750055,0.7072875,0.7934975,0.10097844,0.052923918,0.04736754,0.14667788,0.25505048,0.45227507,0.0038210442,0.01051858,0.10425484,0.011479268,0.7331097,0.14706858,0.5589016,0.70609266,0.67508024,0.019877022,0.06635836
0.026902465,0.43823516,0.42473972,0.67256486,0.52631134,0.76837474,0.724997,0.7989117,0.11074524,0.05534949,0.0538141,0.15924491,0.27819607,0.45718312,0.0049315416,0.012872252,0.11791018,0.014388786,0.7379169,0.16071434,0.585996,0.72250426,0.6935816,0.022933543,0.07570228
5.6215668e-11,7.400394e-05,3.3672723e-06,0.003724919,0.00012925992,0.00015713496,0.00026055655,0.013290335,3.9000466e-07,0.00014157905,3.2839548e-08,3.5073655e-05,2.8949946e-06,0.20953704,6.8303683e-16,5.7177375e-13,8.1785466e-08,3.8555825e-14,0.09230469,2.742702e-06,5.862625e-05,0.00017977961,0.0016293918,7.719013e-10,2.3689651e-08
0.0003879971,0.056471698,0.025393022,0.23455025,0.06995288,0.12458605,0.13579762,0.38036838,0.00798572,0.027701123,0.0027285626,0.027944095,0.01934259,0.3873596,8.579116e-06,8.315801e-05,0.005260752,4.417697e-05,0.44683948,0.015281378,0.06569993,0.11235736,0.19287592,0.0007395444,0.0030004096
0.0013502397,0.09886476,0.051974636,0.30062816,0.119696386,0.21173964,0.21972844,0.4775175,0.01704201,0.039718043,0.0063812607,0.046647318,0.038549736,0.39733922,5.7195986e-05,0.00037704041,0.012242791,0.00023958841,0.5071357,0.030108474,0.1173805,0.18533371,0.2724379,0.002079472,0.007575366
0.015866293,0.36428702,0.3374119,0.63061035,0.45755318,0.7086374,0.6695105,0.7777249,0.08008825,0.04746628,0.03733104,0.12557264,0.22036546,0.4456272,0.0022337758,0.006800062,0.07961241,0.007103696,0.71903133,0.1225173,0.50709695,0.66475934,0.6473578,0.014725092,0.05081917
3.94681e-05,0.02083934,0.0064529674,0.13227999,0.026966246,0.04299659,0.050400533,0.23068291,0.0018427109,0.014351012,0.00056274317,0.010781185,0.0052502225,0.36466962,2.771594e-07,5.3504486e-06,0.0010616579,2.0196214e-06,0.33892548,0.004455047,0.022241943,0.040495846,0.09562919,0.00010878046,0.00053043244
1.7530391e-07,0.0021424773,0.00029709723,0.032120187,0.0029815359,0.0042710057,0.0059869527,0.072227985,6.0955233e-05,0.0023849756,1.1768573e-05,0.0010912991,0.0002656456,0.29811627,9.763942e-11,8.309603e-09,2.4829751e-05,1.5824677e-09,0.2009742,0.00022185953,0.0019826726,0.004363946,0.018621597,9.928651e-07,9.795123e-06
0.00042274033,0.055132296,0.02299578,0.20968942,0.067053184,0.109584816,0.11819417,0.34936738,0.0080642495,0.031315446,0.0028540902,0.029156426,0.018170925,0.38194716,9.802973e-06,9.092847e-05,0.0052189697,4.7661462e-05,0.42857552,0.015746893,0.05956095,0.09641002,0.17679033,0.0007559385,0.0031345782
8.095258e-05,0.029119654,0.010543547,0.17199323,0.039280243,0.06707989,0.07369194,0.27849215,0.0028680586,0.016712109,0.0009089503,0.013761444,0.008077752,0.37107167,7.465721e-07,1.2236942e-05,0.0016878945,5.121679e-06,0.37192172,0.0067169764,0.031373054,0.061656497,0.12051225,0.00018794503,0.0009113803
0.007917312,0.26873025,0.2284541,0.56102014,0.3484283,0.5948464,0.5650371,0.7258865,0.051521897,0.04168385,0.022903537,0.09310172,0.14828576,0.43157822,0.00077378814,0.0029595287,0.046906743,0.0027768668,0.6797926,0.084939055,0.38488558,0.5521007,0.56296635,0.008509718,0.029913105
0.0035097317,0.16898124,0.1191686,0.44011047,0.21671382,0.4011375,0.39251348,0.6233929,0.03165019,0.040720772,0.012764787,0.06700382,0.081300735,0.41651806,0.00023353496,0.0011619998,0.025878036,0.0008971927,0.603949,0.052698724,0.23061226,0.36290547,0.4192882,0.0045929784,0.015992668
0.0014033802,0.1012137,0.056639835,0.31878915,0.12820108,0.23289682,0.23532668,0.4962439,0.017564256,0.037610065,0.006555939,0.046340976,0.040594496,0.39964822,5.7690537e-05,0.0003843903,0.012409133,0.00024259824,0.51513916,0.031432237,0.12263295,0.206127,0.28305057,0.0020972476,0.007747388
0.0011033346,0.093427405,0.052029144,0.31842688,0.12108025,0.22417569,0.22668846,0.48646376,0.015120968,0.033854797,0.005539484,0.041288,0.036796734,0.3985788,3.889979e-05,0.00028604214,0.010587374,0.00017531878,0.50978225,0.028007697,0.11415333,0.19997932,0.27299407,0.0016929931,0.0064713242
5.0521476e-06,0.008257683,0.0017742214,0.06625116,0.010513052,0.014539691,0.01885902,0.13388717,0.000498533,0.008047734,0.0001275964,0.004803017,0.0015767306,0.33203742,1.40492595e-08,4.5074492e-07,0.00024655915,1.2979822e-07,0.26539406,0.0014125556,0.00809022,0.014347525,0.047287133,1.7978271e-05,0.00011396601
0.017081195,0.3547669,0.3249669,0.61046493,0.44057122,0.68362,0.64540625,0.765822,0.08270932,0.053475738,0.039273493,0.12978038,0.2128458,0.44287515,0.0025826367,0.0076494245,0.0803861,0.007970591,0.7094304,0.1256866,0.48650244,0.6371645,0.62513447,0.015966296,0.053166527
0.0019782118,0.121271655,0.072194725,0.35148367,0.14958227,0.27484757,0.27929315,0.53360003,0.021636227,0.040476587,0.008414744,0.053948864,0.05209372,0.40297213,9.877742e-05,0.00058307895,0.01631699,0.00040488888,0.5428275,0.037765816,0.15273832,0.2439012,0.32624695,0.0028421206,0.01016986
0.002130205,0.12277737,0.07373607,0.34842908,0.1502599,0.27528283,0.27958846,0.53737545,0.023096794,0.042152908,0.008907585,0.056525614,0.05281834,0.4051936,0.000113927425,0.0006492745,0.017374989,0.00044620773,0.54472893,0.038985584,0.15502019,0.24252999,0.32894138,0.0030980292,0.010782288
0.0003025612,0.048190504,0.01949328,0.19537172,0.05777685,0.09557096,0.10757454,0.33845437,0.006808615,0.02815101,0.0022914885,0.026295599,0.015528042,0.38012773,6.226912e-06,6.25851e-05,0.004350442,3.1261985e-05,0.41786298,0.013202375,0.053595904,0.085754804,0.16742216,0.00060638075,0.00245013
0.0033593294,0.16342297,0.11234651,0.42749256,0.20767617,0.383015,0.37551156,0.6106876,0.030364927,0.041670874,0.012324161,0.0656575,0.076921776,0.41558912,0.00021779264,0.0010949381,0.024458801,0.00084044674,0.595507,0.051026933,0.21931382,0.34487125,0.40518972,0.004379352,0.015328923
2.5407662e-06,0.006356134,0.0012611541,0.05967034,0.008325489,0.011902257,0.015497434,0.11997733,0.00032226133,0.006192007,7.877979e-05,0.003458327,0.0011162577,0.3270722,5.0144657e-09,1.9856259e-07,0.00015404768,5.3243397e-08,0.25324166,0.0009509297,0.006156819,0.011733863,0.03941987,1.0007249e-05,7.0171714e-05
0.04000351,0.4921494,0.48733768,0.6918273,0.57456386,0.8046146,0.7584539,0.80658823,0.13860881,0.060550462,0.07002292,0.19199985,0.3368761,0.4671818,0.008737774,0.020259166,0.15524322,0.023312952,0.74705654,0.19443658,0.6397546,0.75587964,0.7312109,0.031057227,0.10258887
0.000144815,0.034917295,0.012645104,0.16328223,0.04288139,0.06839044,0.078220375,0.28551358,0.0042206054,0.022745766,0.0013625025,0.019110575,0.010245217,0.3723372,2.015335e-06,2.5748088e-05,0.0025680035,1.1431914e-05,0.38090724,0.008849332,0.03758919,0.062433604,0.13287717,0.00031818906,0.001401068
0.00018754063,0.04263564,0.017688926,0.21130808,0.054814078,0.098536454,0.110262245,0.34407988,0.005072179,0.02116146,0.0016459876,0.020269211,0.013576255,0.37919015,2.779463e-06,3.4966084e-05,0.0032697422,1.6620183e-05,0.41616485,0.01055156,0.04957954,0.091245234,0.16535965,0.00040601307,0.0017255932
0.007908047,0.28001377,0.24349055,0.5831153,0.36986315,0.6238485,0.5898619,0.7428503,0.052972227,0.03883331,0.02266416,0.09181937,0.15375416,0.43474954,0.000757258,0.0029144082,0.04799466,0.0026849485,0.68879294,0.08616321,0.40178767,0.58466846,0.57451093,0.008401652,0.029823406
0.005466627,0.2149601,0.16737531,0.4996287,0.27978474,0.49962404,0.47786006,0.67868346,0.041522957,0.04187031,0.017426051,0.07925254,0.11060015,0.4241575,0.00044575476,0.0019255192,0.03515266,0.0016055538,0.6395783,0.068251304,0.2987028,0.45798203,0.48558965,0.006430326,0.022307308
0.012237955,0.35082737,0.32660702,0.639937,0.4541006,0.71375036,0.6765993,0.7808455,0.0696468,0.039684463,0.031331457,0.11242179,0.21089847,0.44475624,0.0014687799,0.0048915083,0.06901652,0.0050246767,0.721944,0.11009604,0.504374,0.6750047,0.65565914,0.011590526,0.042702664
0.005366528,0.20948975,0.16089524,0.48695278,0.2697164,0.4818094,0.4666673,0.6695809,0.040793158,0.043223083,0.017382814,0.08034499,0.1092485,0.42185625,0.00044706624,0.0019311009,0.03507021,0.0016275769,0.63387865,0.06735957,0.29332593,0.43860912,0.4843654,0.0063821226,0.02223243
4.961753e-11,6.9834e-05,3.199455e-06,0.0037123659,0.00012451912,0.0001554268,0.00025988845,0.013020098,3.5746268e-07,0.00013217374,2.989482e-08,3.2238386e-05,2.7075473e-06,0.2057234,5.4629554e-16,4.8575353e-13,7.463516e-08,3.251622e-14,0.091721416,2.518562e-06,5.5196866e-05,0.00017807525,0.0015757655,6.7486494e-10,2.1600634e-08
2.8238384e-08,0.0009312313,9.736187e-05,0.016942188,0.0013606637,0.0016882665,0.0024941652,0.04462172,1.9047819e-05,0.0013468278,2.969467e-06,0.00052601565,8.696222e-05,0.27218658,6.610606e-12,9.094665e-10,6.230024e-06,1.338067e-10,0.16086093,8.318553e-05,0.0008103576,0.0018001349,0.009703403,1.858779e-07,2.3607706e-06
0.0012388156,0.10003324,0.05685775,0.3292288,0.12588336,0.23506656,0.24398635,0.50407976,0.01650008,0.034816287,0.0061322106,0.044254653,0.040817328,0.40181398,4.8687136e-05,0.00033695603,0.012150501,0.00021554745,0.5223488,0.029458761,0.12780286,0.21026942,0.29656464,0.0019594417,0.007174647
1.6178628e-05,0.013657235,0.0034814286,0.09362163,0.017038018,0.024751103,0.030649,0.17349173,0.0010371705,0.011763637,0.00029726754,0.007637055,0.0030126441,0.35066405,7.803414e-08,1.8290259e-06,0.0005615229,6.168753e-07,0.3022457,0.0026124488,0.0138584,0.02358221,0.06771531,4.96834e-05,0.00027430765
5.425933e-06,0.008480001,0.0018279274,0.0677551,0.0107504865,0.014947415,0.019150825,0.13470185,0.0005193593,0.008299628,0.00013562563,0.0049059596,0.0016255088,0.33671793,1.566576e-08,4.940993e-07,0.00025900782,1.420001e-07,0.26808006,0.0014521007,0.008348287,0.01456211,0.047831558,1.9289922e-05,0.00012058155
6.1211435e-06,0.008842251,0.0018735888,0.06667482,0.010874206,0.014877258,0.019262591,0.13303143,0.00056596467,0.008920632,0.00014665318,0.00520506,0.001678984,0.33110493,1.9331315e-08,5.6065994e-07,0.00027858923,1.6691124e-07,0.270106,0.0015271135,0.008354692,0.014464899,0.04748915,2.0656058e-05,0.00013298258
0.00017318444,0.038025208,0.013877899,0.17146142,0.046154764,0.0734228,0.08330795,0.29448822,0.0046406034,0.024175726,0.0015462723,0.02029119,0.011313295,0.3756024,2.6214484e-06,3.1319938e-05,0.0028813193,1.4669275e-05,0.38945824,0.009563847,0.040737875,0.06663557,0.13919678,0.00036957092,0.0016154745
5.0696228e-05,0.021833884,0.0065010595,0.11842705,0.02655765,0.038969144,0.047016926,0.2193296,0.0021494708,0.017187266,0.0006570144,0.012744481,0.0055492744,0.3614456,4.3364832e-07,7.2646076e-06,0.0012351696,2.8047482e-06,0.33623782,0.0049662753,0.022804478,0.03655859,0.09414061,0.00013298626,0.0006328606
1.5959807e-06,0.005062212,0.0009260111,0.049143888,0.0066174865,0.008908828,0.011910969,0.104564264,0.00024331753,0.005499157,5.628417e-05,0.0029467593,0.0008238625,0.32153934,2.592228e-09,1.146602e-07,0.000110477726,2.8212758e-08,0.2370472,0.0007476363,0.004857281,0.008919684,0.033450775,6.6023917e-06,4.8314807e-05
0.0004399595,0.058585554,0.026666626,0.23656163,0.07499837,0.13060698,0.13786897,0.37917978,0.008352531,0.028834993,0.002929111,0.028730515,0.019992335,0.38521802,9.793741e-06,9.3950744e-05,0.00537479,4.9975115e-05,0.44447836,0.0166142,0.06585387,0.116417356,0.19170229,0.0007703119,0.0032287424
0.0008090363,0.07878742,0.038864996,0.27219194,0.09513593,0.16933922,0.18110895,0.4380843,0.01260116,0.034583017,0.0045709386,0.038097374,0.029415084,0.39463595,2.68374e-05,0.0002066846,0.008929333,0.0001220862,0.48119208,0.022598937,0.09457797,0.15073335,0.24239023,0.0014062338,0.005203256
0.0005067586,0.062169883,0.02784715,0.23281336,0.074150786,0.12804265,0.1410149,0.38744116,0.009395812,0.03172039,0.0032970398,0.03181674,0.021565724,0.38777333,1.3400356e-05,0.0001166206,0.0063494095,6.399913e-05,0.45007744,0.017441211,0.07167373,0.11415489,0.2033626,0.0009411012,0.0036299422
2.3425615e-07,0.0022903841,0.000313536,0.029984405,0.00313798,0.004095613,0.005680706,0.06865314,7.0929855e-05,0.0028303717,1.3938771e-05,0.0012720502,0.00028825004,0.29654858,1.4894255e-10,1.127018e-08,2.8022325e-05,2.217102e-09,0.19685535,0.00025571126,0.0020520603,0.0041638454,0.01836384,1.2082077e-06,1.1808966e-05
0.0005299761,0.066104025,0.031848267,0.26028016,0.08241789,0.14954452,0.16167662,0.41483167,0.009717283,0.02934314,0.0033919879,0.031658757,0.023798954,0.3916534,1.3588267e-05,0.00012231167,0.006666894,6.7784145e-05,0.46651688,0.018379826,0.07976472,0.13501973,0.21962665,0.00097454654,0.0037622312
0.008462534,0.27390578,0.23379178,0.5649837,0.356784,0.6025106,0.57113135,0.7307293,0.054656986,0.042653177,0.023905342,0.09553984,0.15204707,0.4329762,0.0008631533,0.003228557,0.04975461,0.0029905348,0.6816717,0.0878065,0.3893085,0.5607508,0.5619162,0.009015153,0.031446878
0.0028853717,0.15012245,0.100745715,0.40849984,0.19370042,0.35763642,0.3487178,0.59308594,0.027670117,0.040648486,0.010947819,0.061378323,0.06875457,0.4112956,0.00016973865,0.00091041776,0.021388803,0.0006614581,0.58040327,0.04753181,0.19665578,0.32085672,0.3787264,0.0038013675,0.013502608
0.000105049934,0.031115407,0.01107108,0.16369587,0.039577413,0.06531554,0.07319923,0.27216306,0.0033885415,0.019621918,0.0010930924,0.015922403,0.008912773,0.36919904,1.1652754e-06,1.668816e-05,0.0020104644,7.3447113e-06,0.3736613,0.0074027027,0.032823738,0.05965214,0.12285102,0.00023318634,0.0011257066
0.00031867877,0.050571237,0.021380153,0.2135069,0.06341708,0.10824319,0.117016375,0.34834978,0.0068344143,0.027073734,0.0023490675,0.025365029,0.016542824,0.3816205,6.184992e-06,6.418438e-05,0.0043517826,3.2716773e-05,0.42514253,0.013665697,0.05586958,0.097001664,0.17233601,0.000598987,0.002555634
0.001880892,0.12059204,0.07390942,0.36385438,0.15495002,0.28711402,0.28507766,0.5400856,0.020936968,0.038098276,0.008054056,0.051385738,0.051422372,0.40551555,8.746571e-05,0.0005370711,0.01542873,0.00036605907,0.5473565,0.037349623,0.15250684,0.2562707,0.3247366,0.0026366774,0.009725688
0.00010924523,0.030846044,0.010448477,0.15155753,0.037536938,0.058465913,0.067796364,0.26384234,0.0034644012,0.021111574,0.0011209773,0.016911583,0.008685234,0.36947808,1.3133368e-06,1.7718668e-05,0.002079165,7.83264e-06,0.36884382,0.0074993083,0.032288056,0.05366666,0.11929134,0.0002478808,0.0011402756
0.01603727,0.41954193,0.41038072,0.69793797,0.5317516,0.7871768,0.74696195,0.8120078,0.08430003,0.03749525,0.037958723,0.12823963,0.25953943,0.45922157,0.0021017871,0.0066131563,0.08981602,0.0072351815,0.75294083,0.12857443,0.5953784,0.7521642,0.7155358,0.01392224,0.05310758
0.00067643437,0.0794954,0.04302605,0.31322092,0.10454803,0.20248283,0.21235111,0.47270438,0.011379709,0.027059289,0.003992119,0.03353643,0.030835625,0.395521,1.8392937e-05,0.00015950883,0.008127019,9.346561e-05,0.50090915,0.021844186,0.10197691,0.18498641,0.26304623,0.0011668191,0.0045614582
0.010647547,0.26383904,0.21540028,0.51649714,0.32689497,0.5488902,0.51955366,0.702365,0.061570447,0.055606943,0.027668191,0.10724053,0.14446642,0.42985103,0.0012911274,0.0043511237,0.053892747,0.004019171,0.6578669,0.093868874,0.35350677,0.49703425,0.5235285,0.011302323,0.036713902
0.0030475059,0.1714975,0.12741682,0.4750023,0.23321036,0.4396685,0.42170125,0.6452283,0.028975591,0.0340317,0.011473484,0.06081364,0.08250822,0.4199197,0.00017294103,0.00092490716,0.023168039,0.0007110213,0.6195961,0.050846193,0.24123576,0.40576842,0.43547842,0.0038589563,0.014325801
0.008616517,0.273803,0.23022786,0.5572781,0.35046095,0.5948695,0.56440675,0.7263459,0.054502808,0.043763198,0.024031965,0.09654426,0.15072379,0.43271694,0.0008906501,0.003279931,0.050143126,0.003075219,0.67986304,0.08777423,0.38662583,0.5510188,0.56081825,0.0092351455,0.03187797
0.04790055,0.5008623,0.4956338,0.685405,0.5746745,0.80196697,0.75508386,0.80167466,0.15319306,0.06771287,0.07929925,0.2079507,0.34871194,0.46936926,0.011694305,0.025625423,0.17271148,0.02925663,0.7431017,0.20825182,0.64298004,0.7509339,0.72884274,0.03735498,0.11666415
0.0008767115,0.08163592,0.041284293,0.27789557,0.09876251,0.17720604,0.1893388,0.44877392,0.013231933,0.034992687,0.004815848,0.039393626,0.030972354,0.39447653,3.0020617e-05,0.00022517897,0.009397667,0.00013477758,0.48862293,0.023901938,0.098642826,0.1576147,0.24872221,0.0014895231,0.0054962737
0.005816986,0.20752038,0.15608422,0.47436917,0.26504645,0.46545655,0.44455513,0.6594031,0.042325616,0.04735613,0.018182032,0.08235304,0.10494296,0.4234854,0.00050541444,0.0021056642,0.03517151,0.0017685469,0.6273205,0.069212824,0.27986562,0.4196719,0.46106493,0.0068202587,0.023333723
4.6250683e-05,0.02178192,0.0066630268,0.12739223,0.02742261,0.04222498,0.05040276,0.2292035,0.0020303058,0.015722966,0.0006245566,0.011872466,0.005541912,0.3628021,3.618723e-07,6.4944434e-06,0.001173971,2.4971662e-06,0.3401862,0.004814041,0.023037957,0.03985326,0.09684034,0.00012403267,0.00059249165
0.00012361292,0.03399854,0.012595091,0.17384928,0.043262526,0.07225104,0.08160159,0.29309124,0.003821226,0.020241136,0.0012207767,0.017190803,0.009858468,0.3720208,1.5107604e-06,2.107149e-05,0.0023243786,9.24427e-06,0.38356915,0.008259488,0.036882754,0.0665552,0.13321173,0.00027820782,0.00124769
0.03110568,0.43267536,0.41270706,0.64680797,0.5098761,0.7486722,0.7050392,0.78661877,0.11816096,0.06272025,0.058926165,0.1699205,0.28235355,0.45675197,0.0062934496,0.015463763,0.124858424,0.017023506,0.7278328,0.167099,0.569419,0.6967894,0.6828746,0.026512532,0.08405096
1.3730167e-06,0.0048118434,0.00086276606,0.048713382,0.0062983185,0.0086420085,0.011586134,0.10278149,0.00021976177,0.005168979,5.107473e-05,0.0027317225,0.00076871226,0.32011145,2.0701603e-09,9.559174e-08,9.969485e-05,2.3353492e-08,0.23818919,0.00068321516,0.0046104454,0.008621558,0.031959973,5.911214e-06,4.385762e-05
0.17539532,0.58065194,0.59279704,0.6610188,0.6099618,0.80237997,0.7481081,0.74675477,0.31248578,0.14752218,0.19834626,0.38385755,0.48482046,0.49579662,0.095280536,0.13330252,0.36795148,0.14467543,0.6996125,0.358378,0.6827309,0.73761684,0.7321903,0.1392664,0.30414224
1.820588e-05,0.014565704,0.003821391,0.097789645,0.018175058,0.027040089,0.033364795,0.1831294,0.0011403022,0.012030304,0.00032372863,0.008069827,0.0033034552,0.35164955,9.5018585e-08,2.1545306e-06,0.00062522787,7.3537973e-07,0.30800295,0.0027911111,0.015017097,0.025935028,0.07233304,5.629593e-05,0.00030477278
0.010646813,0.33674496,0.31105012,0.6357498,0.44153887,0.7048748,0.6676349,0.77820903,0.06435412,0.03719988,0.028119592,0.10551701,0.19869596,0.4432065,0.00117036,0.004082145,0.063031115,0.0041107354,0.7201409,0.103080094,0.48872563,0.6682377,0.64655864,0.010311361,0.038448438
0.020800954,0.38057265,0.35251057,0.622363,0.46413434,0.7082959,0.6676683,0.7750414,0.093316175,0.05560391,0.04465386,0.1415972,0.23510493,0.44759038,0.003445634,0.009539113,0.09355728,0.010059779,0.71585095,0.13763891,0.5147799,0.6589513,0.64706594,0.018911112,0.06193391
0.016164055,0.38426635,0.362482,0.6544645,0.48253098,0.7401072,0.6990637,0.7926924,0.08313851,0.043280806,0.037161183,0.12663467,0.23424129,0.45109794,0.0022142523,0.006711879,0.08386173,0.00703492,0.7315936,0.12521148,0.5357007,0.69834197,0.67193294,0.014726011,0.052579198
0.0042413273,0.1713115,0.11747232,0.41631436,0.21420166,0.38225338,0.37095484,0.60869443,0.034444302,0.04786303,0.014264289,0.073109716,0.08075163,0.41296974,0.00031307276,0.0014417857,0.027051218,0.0011252622,0.59132016,0.057460513,0.2201588,0.33968136,0.39927348,0.0052409717,0.01796377
0.00024987114,0.04680483,0.019393992,0.21075769,0.06006044,0.10378066,0.11217145,0.34331107,0.0058716396,0.02423472,0.0019670604,0.022553511,0.014767582,0.37780285,4.1714356e-06,4.7472036e-05,0.0036574826,2.3338933e-05,0.41597742,0.012296343,0.051065058,0.09386021,0.16390818,0.00048326066,0.0021046565
0.0006345329,0.077804275,0.041553445,0.31187597,0.104083106,0.2006705,0.20495889,0.4652537,0.010767955,0.026627742,0.0037610806,0.03186398,0.028818918,0.39723182,1.6014654e-05,0.00014373945,0.007368095,8.174936e-05,0.49422434,0.021083955,0.095970966,0.18217595,0.2503012,0.001077303,0.0042579416
0.0006890269,0.0787833,0.042342387,0.3072628,0.104144484,0.19886306,0.20540994,0.46600467,0.011434799,0.028016152,0.004011962,0.03348534,0.029751735,0.39726546,1.8727014e-05,0.0001632636,0.007952306,9.335703e-05,0.49406773,0.021816708,0.09814198,0.18056569,0.2544913,0.001175523,0.004535451
0.0058322446,0.2502906,0.21384105,0.5679001,0.34016934,0.59119296,0.5587253,0.7281249,0.04469179,0.03543654,0.0181177,0.07998559,0.13116944,0.428659,0.0004700365,0.0019996113,0.03813121,0.0017780411,0.67940015,0.07399658,0.3613542,0.5564453,0.5416615,0.006372973,0.023592379
0.017652383,0.378689,0.3538759,0.6363784,0.47050062,0.72110367,0.6796482,0.7816069,0.08473105,0.04868821,0.03990905,0.13176702,0.231697,0.44699392,0.0026072704,0.007704234,0.08566305,0.008203336,0.7239501,0.12992933,0.522713,0.67573833,0.65947455,0.015955348,0.055072274
0.0006943445,0.07556483,0.038000852,0.2790321,0.09369916,0.17186303,0.18389595,0.44204643,0.011510498,0.031135991,0.0040981793,0.03525802,0.028291197,0.39333618,2.0529174e-05,0.00016919088,0.008119472,9.802815e-05,0.4832947,0.021380553,0.09265522,0.15454431,0.24153797,0.0012276314,0.004629529
0.0014731103,0.11051959,0.066108204,0.35494006,0.14269815,0.26960555,0.2732176,0.5301414,0.018259902,0.03451408,0.006838299,0.046397727,0.04620322,0.40480492,6.069931e-05,0.00040547948,0.013491871,0.00026410437,0.5365984,0.032786015,0.14230607,0.24266459,0.31651926,0.0022181608,0.008092915
0.00019782287,0.042089175,0.016804678,0.19750698,0.052665755,0.09087428,0.101313084,0.32884482,0.0052216463,0.023143101,0.0017164422,0.021047853,0.012916192,0.37984288,3.1117158e-06,3.7374637e-05,0.0032806795,1.7605362e-05,0.4087111,0.010570658,0.047020346,0.0824915,0.15706478,0.0004253182,0.0017891115
0.008992403,0.29787076,0.26277253,0.5982317,0.39021406,0.6450428,0.6106364,0.7514228,0.057230014,0.040004045,0.02528267,0.097476594,0.16728254,0.43872073,0.00093779917,0.0034407417,0.053015623,0.0033151316,0.6990225,0.09264009,0.42959896,0.60608244,0.5942769,0.0092875175,0.033661034
0.00010427993,0.032091055,0.011664308,0.17103241,0.040708415,0.06882965,0.079360284,0.28964686,0.0034588098,0.01882532,0.0010918821,0.016167702,0.009306622,0.3702274,1.1791047e-06,1.7291855e-05,0.0021373222,7.5596595e-06,0.38029942,0.007555167,0.035640083,0.06433555,0.13196537,0.00024621218,0.0011054603
0.010170426,0.31309375,0.28106862,0.6052803,0.4065277,0.6653341,0.63022625,0.7593998,0.061530966,0.0403531,0.0271275,0.10356833,0.18141939,0.4375846,0.0011137765,0.003939669,0.05889481,0.0038735007,0.7054999,0.09893077,0.44988173,0.6256835,0.615087,0.010210843,0.036651395
0.0025109965,0.14215808,0.09317174,0.40115383,0.1812841,0.33779386,0.3348901,0.5808214,0.025123455,0.03923904,0.009970166,0.05823393,0.06424194,0.41154617,0.00013784878,0.0007682798,0.019663647,0.00056323037,0.5745413,0.0438029,0.18875645,0.3028798,0.3722939,0.0034389012,0.012226962
0.0014230527,0.104268186,0.059115134,0.32915628,0.12913051,0.23859878,0.2451501,0.5048326,0.018093146,0.03754681,0.0067694527,0.0471237,0.04275228,0.40273255,6.157892e-05,0.00040108224,0.0133316,0.0002610805,0.5253588,0.031255674,0.13088375,0.21149407,0.29679382,0.0022042706,0.0080349995
1.7029068e-05,0.013970856,0.0036327196,0.095801465,0.017814048,0.026584197,0.03225309,0.17710073,0.0010676724,0.011572752,0.0003027401,0.007655667,0.0031001745,0.34505218,8.120118e-08,1.8888983e-06,0.0005618428,6.3752253e-07,0.30125296,0.0027563388,0.013730323,0.025218554,0.06765211,4.9895254e-05,0.00028379407
0.040538996,0.49960864,0.49588212,0.697953,0.5804658,0.81332767,0.76753646,0.80923456,0.14243643,0.05842068,0.069912955,0.1951436,0.34397072,0.47016865,0.008795643,0.020406393,0.161272,0.023085963,0.75064313,0.19534567,0.6495379,0.76634157,0.73851806,0.031694558,0.10505775
0.0003561762,0.059514243,0.028943142,0.2724396,0.07882547,0.15206437,0.16265471,0.41568008,0.007596557,0.02296868,0.002560525,0.025647074,0.021072285,0.38897535,6.890614e-06,7.3228024e-05,0.0051399986,3.9034683e-05,0.46494615,0.015303099,0.07362932,0.13989456,0.21522266,0.0006814412,0.0028086198
0.0053596725,0.16983798,0.10905107,0.36912563,0.1956462,0.33374727,0.33185443,0.5801611,0.040281665,0.06130849,0.016835164,0.08665903,0.07989309,0.41239697,0.00050390564,0.0019986245,0.031700682,0.0015698518,0.5761922,0.061167266,0.20977898,0.28660384,0.3800163,0.006782601,0.021549862
0.0038502482,0.18058603,0.13026756,0.45665023,0.23102151,0.42544872,0.4167238,0.63839513,0.0332972,0.04049686,0.013655295,0.06962255,0.08855891,0.41823155,0.00026772977,0.0012868826,0.02789987,0.0010279798,0.6151336,0.055867523,0.24997717,0.38672957,0.44087833,0.004936971,0.017223056
0.00066456,0.07412779,0.036828585,0.27627,0.09247866,0.16898999,0.18000084,0.4360948,0.011065187,0.030677026,0.003931736,0.03448119,0.027422717,0.39147294,1.8848294e-05,0.00015915999,0.0077352966,9.200714e-05,0.48018715,0.020949919,0.08989629,0.15221952,0.2356952,0.0011641552,0.004457027
0.0071316618,0.25226846,0.21028756,0.54622525,0.3338058,0.5704771,0.5391953,0.7168876,0.04936925,0.041701846,0.020995371,0.08787459,0.13378133,0.42995015,0.0006640725,0.0026238733,0.04282686,0.0023323915,0.66891026,0.080858335,0.35532084,0.53023756,0.52962476,0.007817157,0.027422871
1.1797923e-05,0.012061556,0.0029876642,0.08789224,0.015233485,0.02234659,0.02798721,0.16641551,0.00086257653,0.010438273,0.00023843847,0.0066972966,0.0025780431,0.34689307,4.9422272e-08,1.2704775e-06,0.00045897547,4.0941381e-07,0.29384494,0.0022183806,0.012251831,0.021567753,0.063266076,3.8398757e-05,0.00021865405
0.00014941851,0.035569325,0.012909149,0.16440545,0.04293218,0.06882326,0.07974124,0.28989646,0.0043570194,0.023128435,0.0014040185,0.019582948,0.010494368,0.3741503,2.1684489e-06,2.7068965e-05,0.0026841317,1.213287e-05,0.38442212,0.008927371,0.038840342,0.0631216,0.13640872,0.0003358963,0.0014409772
0.0002128979,0.044050775,0.01828015,0.20958388,0.055367693,0.09835095,0.11060962,0.3409038,0.0054609836,0.022803565,0.0017976954,0.021620356,0.014279249,0.37963238,3.4120271e-06,4.02816e-05,0.003528099,1.9680263e-05,0.41916004,0.011184722,0.05058757,0.09066872,0.16579112,0.0004415106,0.0019065755
0.0004645178,0.062607676,0.029640494,0.2548615,0.07847166,0.14333801,0.15574692,0.40462634,0.008876035,0.027923126,0.0030774903,0.029742453,0.022494057,0.38843685,1.092432e-05,0.000102450096,0.006040224,5.6295874e-05,0.4603797,0.017203873,0.0747714,0.13031614,0.21258217,0.00084696873,0.0034045645
0.0029053367,0.14360572,0.09232091,0.38582385,0.18383548,0.32966065,0.3201925,0.5715883,0.027407294,0.043952342,0.010916544,0.06181917,0.06351141,0.41046935,0.0001732457,0.00091233815,0.020495031,0.00065758155,0.564975,0.047209043,0.18011801,0.29136932,0.35358778,0.0037903374,0.013550703
0.0044410327,0.18878724,0.13460928,0.45152643,0.23738606,0.42756373,0.41849023,0.6387473,0.03589278,0.04409907,0.014945878,0.07432522,0.09253294,0.41654226,0.0003374266,0.0015527819,0.03018746,0.0012482808,0.6132889,0.06005934,0.2547207,0.3859921,0.44026622,0.0055574835,0.018950554
0.013951774,0.34527966,0.31492648,0.61613935,0.43641034,0.6882873,0.65257454,0.76763135,0.0737513,0.0461795,0.034223277,0.119509436,0.20748301,0.44260025,0.001845755,0.005876175,0.07318778,0.006015547,0.7114067,0.11473112,0.4848018,0.64478314,0.63670045,0.013403866,0.04638699
0.0148291895,0.3051471,0.26052678,0.5452345,0.37014362,0.6001302,0.5692943,0.7254811,0.074885465,0.060090996,0.03532107,0.12518403,0.17735237,0.43572694,0.002162578,0.006565515,0.07009042,0.006435986,0.6767994,0.111514576,0.4089184,0.54577696,0.57018626,0.015065925,0.04769737
0.01387553,0.36053252,0.33615753,0.64076,0.45887402,0.7150418,0.6759247,0.78219837,0.07497624,0.04322263,0.03393714,0.11809379,0.21359225,0.4451905,0.0017927387,0.0057293773,0.07375358,0.0059662103,0.7241612,0.11606341,0.50834984,0.67483354,0.6496406,0.012979362,0.04604436
0.0039439457,0.19001958,0.14349696,0.48692673,0.25357947,0.4662485,0.44510168,0.6610744,0.03434844,0.03744959,0.01381536,0.068502896,0.09332252,0.4227499,0.00026557568,0.0012877544,0.028113257,0.0010224788,0.62939256,0.05780212,0.26520947,0.42765322,0.45522368,0.004867646,0.017561655
0.00041290317,0.057851736,0.025014598,0.22515573,0.06954358,0.11941142,0.13149498,0.37421638,0.00828403,0.029751455,0.0028566262,0.029075548,0.019563947,0.38738698,9.86329e-06,9.218128e-05,0.005539502,4.8902115e-05,0.44016156,0.015450883,0.06625157,0.10712294,0.19274308,0.0007990128,0.0031566655
0.0008417579,0.08418603,0.04568943,0.30857638,0.10884867,0.20495367,0.2123015,0.4713217,0.012913402,0.030788934,0.004634788,0.037074506,0.032603998,0.39757973,2.597246e-05,0.00020897134,0.009089562,0.0001238124,0.5003635,0.024116425,0.10484332,0.18457632,0.26317805,0.0013885173,0.0053013116
0.009028083,0.29149076,0.25772056,0.5866741,0.38218713,0.6345003,0.598404,0.74820536,0.05803275,0.04135064,0.024631439,0.097029656,0.16005741,0.4337426,0.0009401212,0.003431074,0.051886607,0.0032475686,0.6939379,0.091945216,0.4127775,0.59567654,0.5774229,0.009268224,0.0327604
0.009725968,0.2973512,0.26328945,0.58633447,0.3865616,0.63728034,0.6002145,0.74928045,0.060740873,0.04312026,0.025855508,0.10015709,0.16315001,0.43400696,0.0010625552,0.0037818053,0.0545224,0.0035918735,0.69391304,0.09515638,0.41697955,0.597613,0.57833374,0.00993217,0.034488495
4.1891003e-06,0.0076600956,0.0016136519,0.06488174,0.00981185,0.013904569,0.017944004,0.12984039,0.00044571736,0.0075067827,0.00011320695,0.004357342,0.0014156265,0.33270338,1.068255e-08,3.6288557e-07,0.00021681635,1.01462675e-07,0.26380867,0.001255396,0.0074790586,0.013567426,0.04474461,1.544572e-05,0.00010009063
0.021792,0.4519586,0.4440482,0.7030081,0.5559223,0.80269927,0.7604131,0.8151357,0.10018056,0.042124394,0.046109755,0.14725283,0.29018933,0.46245325,0.0033319104,0.009372801,0.10954025,0.010487919,0.7548777,0.14920644,0.6201918,0.7632822,0.729877,0.017966319,0.066475965
0.0017772812,0.12288248,0.07699236,0.3792911,0.15874733,0.3016014,0.30402446,0.55546004,0.020521732,0.03509361,0.00781166,0.050303414,0.05386811,0.40586317,8.069339e-05,0.000508336,0.015721519,0.00034972373,0.5561908,0.03671466,0.16273615,0.2728258,0.3438913,0.0025758801,0.009430532
0.0015124162,0.116067685,0.07169914,0.3753188,0.14975424,0.28970912,0.29411456,0.54876465,0.018845482,0.033024717,0.0070409924,0.046952903,0.050087117,0.406569,6.366234e-05,0.00041722745,0.014380754,0.0002821766,0.5527519,0.033582147,0.15515706,0.26279333,0.3362077,0.0022936293,0.008457555
0.0040853214,0.21341053,0.17449102,0.53957,0.29503906,0.5403852,0.5185722,0.69974697,0.03525396,0.031525925,0.014330859,0.06897989,0.1118803,0.42586562,0.00026798056,0.0013030706,0.030498385,0.0010948338,0.6592246,0.06149403,0.31955764,0.5083121,0.51868755,0.0048440485,0.01831271
0.0007131259,0.07384362,0.03638757,0.26711836,0.09122002,0.16401961,0.17525946,0.4309549,0.011647829,0.0325018,0.0041491115,0.036003035,0.027466724,0.39264473,2.1432783e-05,0.0001719979,0.007986775,9.879757e-05,0.47465855,0.021519987,0.0881785,0.1464556,0.23266636,0.0012277254,0.0046810717
0.011720942,0.3235191,0.29233304,0.6054086,0.4148774,0.66740584,0.6294509,0.7619673,0.0674625,0.0445393,0.029794563,0.109256424,0.18491521,0.43840528,0.0014127763,0.0047355844,0.063076794,0.004686344,0.7048628,0.105099015,0.45339787,0.62560236,0.6077905,0.0115159135,0.040124062
0.0025812453,0.1598768,0.11657632,0.46342972,0.22031601,0.42033488,0.40326333,0.63365513,0.02634104,0.03232611,0.010148589,0.056550562,0.075350896,0.4172449,0.00013292058,0.0007576679,0.020623386,0.0005574203,0.60889703,0.046925023,0.22383201,0.38794723,0.41697368,0.0033578132,0.012601426
0.0033648738,0.17388979,0.12863497,0.4684519,0.2371775,0.43688336,0.41651222,0.6437762,0.030949434,0.036378853,0.012229058,0.06364774,0.083229266,0.419166,0.00020411963,0.0010494906,0.024198718,0.00080172985,0.61412,0.054090388,0.239836,0.40082237,0.4262478,0.004181553,0.015386696
0.012891983,0.3206003,0.28363782,0.5883901,0.40345535,0.6494108,0.6148349,0.7502764,0.06912505,0.048792694,0.032277487,0.11549649,0.18756974,0.43826157,0.001666446,0.0054102107,0.06670979,0.0054173926,0.6982252,0.108618125,0.4479518,0.6030333,0.6051974,0.012793314,0.043204334
0.015383077,0.39131787,0.37361357,0.66709685,0.49533924,0.7551514,0.714002,0.79806024,0.08102831,0.03996685,0.035952844,0.1248674,0.24023862,0.45170948,0.0020161606,0.006250879,0.08336098,0.006649832,0.73869646,0.124658965,0.5516608,0.71682394,0.6877528,0.013780692,0.0510523
0.00080075976,0.07774712,0.038341694,0.26897398,0.09511347,0.16778867,0.17937313,0.4345699,0.012328416,0.034298178,0.004469186,0.03788536,0.029008804,0.39175078,2.5615811e-05,0.00020054606,0.008641256,0.000118004355,0.4778887,0.02285182,0.0924086,0.14977483,0.23822935,0.0013568553,0.005086307
0.0022955101,0.12892044,0.079525575,0.3655184,0.16177697,0.2940279,0.2942231,0.5493563,0.023739392,0.041801106,0.009434373,0.057216592,0.056461014,0.40853,0.00012330695,0.0007026239,0.018081196,0.00049347256,0.5505999,0.041283704,0.16462184,0.26085418,0.34094968,0.003255795,0.011338908
0.0005937882,0.067954324,0.031396095,0.24873067,0.08241705,0.14393774,0.15509191,0.40497088,0.010174104,0.032191515,0.0036366002,0.03335585,0.024105087,0.39005786,1.6446353e-05,0.00013902865,0.0069665397,7.863328e-05,0.46070227,0.01911264,0.07900284,0.12843068,0.21453223,0.0010618955,0.004087637
3.755542e-05,0.019332739,0.0055019977,0.11221466,0.02334469,0.034334593,0.041850258,0.20416026,0.0017813643,0.015793215,0.0005377672,0.011039414,0.004740484,0.35936737,2.8012468e-07,5.071718e-06,0.0010164139,1.9201489e-06,0.32877085,0.004090035,0.019941472,0.032193422,0.08607541,0.00010234864,0.0005174845
0.0017884371,0.11560556,0.06887052,0.3464084,0.1438986,0.26615077,0.27087024,0.5281383,0.020670125,0.039280664,0.007863519,0.051737245,0.049094222,0.4041021,8.543892e-05,0.00052725244,0.015408456,0.00035147043,0.5383585,0.03578388,0.14640872,0.23667766,0.31857815,0.0026390322,0.009398066
8.296228e-06,0.010720502,0.0026340266,0.08713462,0.013903176,0.021410145,0.027076349,0.16529948,0.0007017918,0.008779478,0.00018729814,0.0056911283,0.0022393952,0.34305897,2.8607785e-08,8.352875e-07,0.00037093094,2.5861777e-07,0.28858018,0.0018810926,0.011048407,0.02094851,0.06089506,2.866693e-05,0.00016802306
1.7764703e-05,0.014620692,0.00396275,0.10296425,0.018700562,0.028828911,0.035727803,0.19056101,0.0011249261,0.011336322,0.00031688128,0.007908593,0.0033339807,0.34967345,8.7699e-08,2.066437e-06,0.0006153713,7.0585617e-07,0.309796,0.0028556176,0.015300311,0.02781526,0.07424825,5.4818756e-05,0.0002929533
0.0048874044,0.22290261,0.17960143,0.5319579,0.29799873,0.53800756,0.51435596,0.69918394,0.038979463,0.03543983,0.01603065,0.07490661,0.11620308,0.42615408,0.00036028336,0.001633372,0.03414039,0.0013988747,0.6592421,0.06642694,0.32369944,0.50200045,0.5157771,0.005722854,0.020760778
0.00175302,0.120710954,0.073247686,0.36789134,0.15191501,0.28634033,0.29101434,0.54568946,0.020499103,0.036527123,0.0078071523,0.050741646,0.05184366,0.40665263,8.194433e-05,0.00050749653,0.015740043,0.0003476403,0.5512081,0.03577984,0.15798926,0.25760058,0.33502218,0.002629003,0.009388858
0.0037929025,0.18590619,0.1362233,0.4716607,0.2415486,0.44712582,0.4358828,0.6494042,0.033071045,0.037960853,0.013410263,0.06844937,0.09175114,0.41767648,0.000254451,0.0012497659,0.02781544,0.0009950849,0.6224163,0.056427076,0.25967667,0.4106178,0.45193073,0.0048066177,0.01693304
0.0020880946,0.12684081,0.07765185,0.36748376,0.15844278,0.29415506,0.29541647,0.548546,0.022375826,0.039588097,0.008706913,0.054370224,0.055059385,0.40652362,0.00010536705,0.0006146049,0.01699814,0.00043207573,0.55198807,0.038957447,0.16194354,0.26259243,0.33855867,0.0029608335,0.010568518
0.035697557,0.48639774,0.4818555,0.69590056,0.57364345,0.80630195,0.7610709,0.80974716,0.1304176,0.056103397,0.06494457,0.18274453,0.32870728,0.46649063,0.0072954665,0.017573705,0.14587934,0.020191668,0.750155,0.18521,0.63988334,0.75968343,0.733446,0.027889805,0.09450262
2.2046407e-07,0.0021658125,0.0002889189,0.027427534,0.002922463,0.0036355774,0.005130941,0.064886846,6.8764515e-05,0.002874121,1.3147014e-05,0.0012825949,0.00026505964,0.29504248,1.4032159e-10,1.0471096e-08,2.6212003e-05,2.0036726e-09,0.19334972,0.00025013118,0.0019304107,0.0037406196,0.01727418,1.1258567e-06,1.1032482e-05
0.024768766,0.4385047,0.4245839,0.67738414,0.5326729,0.77457964,0.73236376,0.80152816,0.10396618,0.050944164,0.051512565,0.15399037,0.28211936,0.45818567,0.00428602,0.011518741,0.11178652,0.013003509,0.74234104,0.15495713,0.5958682,0.7297316,0.7066003,0.020689197,0.071416125
0.053981084,0.52497715,0.5264582,0.70173633,0.59947765,0.8205211,0.7737029,0.8063993,0.16393276,0.06796709,0.0865487,0.22200848,0.37275764,0.4745761,0.013670754,0.029152617,0.19016303,0.03385027,0.7491077,0.22289583,0.669889,0.77002615,0.7469853,0.04059154,0.1281404
0.00023917003,0.043281812,0.017257685,0.1904807,0.054289766,0.09052596,0.09887226,0.3179811,0.005728307,0.025566177,0.0019278739,0.022716444,0.013521954,0.37435114,4.0616915e-06,4.5172917e-05,0.0034846128,2.1931666e-05,0.40638065,0.011623117,0.045919497,0.08161767,0.15156808,0.00045781204,0.0020556601
0.022675028,0.4220934,0.40679154,0.66808844,0.51543605,0.76147485,0.71957505,0.7974156,0.10015422,0.05066941,0.047785174,0.14771326,0.26633456,0.45401338,0.0037687188,0.010381708,0.104888774,0.011537054,0.7384383,0.14805344,0.5739863,0.7177448,0.6900909,0.019403175,0.06670829
5.819956e-09,0.00047158555,3.856386e-05,0.010502422,0.00070247764,0.00081289205,0.0012481767,0.030233746,7.0791825e-06,0.00080929545,9.225125e-07,0.00027170166,3.4672194e-05,0.2553735,6.6468125e-13,1.3702374e-10,1.9721354e-06,1.6370147e-11,0.13721733,3.449249e-05,0.000388422,0.0008838649,0.005666014,4.464666e-08,7.286758e-07
4.67831e-10,0.0001696076,1.0080169e-05,0.005917814,0.0002775783,0.00032709402,0.00052398694,0.018803477,1.4599692e-06,0.00031508013,1.4997342e-07,8.82908e-05,8.841657e-06,0.2270938,1.555605e-14,6.886278e-12,3.4486524e-07,6.0630374e-13,0.109703824,8.556433e-06,0.00013501375,0.00036700533,0.0028257002,4.7893556e-09,1.1325717e-07
0.14751694,0.5653849,0.5744947,0.66031826,0.60301864,0.79631126,0.7444863,0.75834054,0.28157848,0.13388595,0.17434403,0.3472715,0.45883933,0.48916703,0.07158553,0.10617189,0.32690823,0.11721063,0.7048383,0.3307609,0.6713358,0.73294085,0.72640276,0.11467354,0.26316857
0.002803736,0.14769152,0.099728,0.4109139,0.19455294,0.35777375,0.34476945,0.5919635,0.02711168,0.040015783,0.010704518,0.06006652,0.067152314,0.41282138,0.00015931927,0.0008587905,0.020403696,0.0006267892,0.5796233,0.047314312,0.19233987,0.32094657,0.3721972,0.00362346,0.013285752
0.00826597,0.2791766,0.24104793,0.5747599,0.364545,0.61753064,0.5879636,0.737393,0.054202102,0.040043548,0.02338769,0.09504202,0.15727746,0.43361282,0.0008210928,0.003087754,0.05054184,0.0028961913,0.6879465,0.087818876,0.40249357,0.57812524,0.5793629,0.008809864,0.031362027
0.00046931257,0.05793295,0.024597485,0.21219358,0.06856813,0.1122122,0.12411719,0.36037225,0.00873917,0.032738015,0.0030590862,0.03127125,0.019487396,0.38438255,1.1873799e-05,0.00010482768,0.005759457,5.6487752e-05,0.433042,0.016531782,0.06407847,0.09963835,0.1862353,0.0008548085,0.0033823042
0.00039272557,0.05572254,0.02450843,0.22919549,0.07081774,0.120803244,0.1283607,0.36972958,0.007819991,0.028522013,0.0027512752,0.027596869,0.018616503,0.3894771,8.463624e-06,8.370507e-05,0.0050819917,4.3386677e-05,0.43589148,0.015554546,0.06277448,0.10752409,0.18558824,0.0007278062,0.0029657881
0.00020556591,0.04317245,0.01756099,0.20276928,0.05388847,0.09372936,0.10611251,0.33710906,0.0053537046,0.022940598,0.0017643279,0.021533275,0.013707297,0.37894234,3.3052593e-06,3.9411007e-05,0.003471466,1.890828e-05,0.41443005,0.010948625,0.049828585,0.08645311,0.16322473,0.00044505842,0.0018456444
0.009105881,0.30318528,0.26827696,0.5995371,0.39515898,0.65601796,0.6196383,0.7558248,0.05757959,0.03881185,0.024781,0.09794048,0.17176576,0.43628433,0.00092941284,0.0034055128,0.05443984,0.0032893412,0.7019914,0.093641795,0.4345154,0.6164336,0.6047799,0.009263089,0.033538062
0.0011088179,0.09759533,0.055041324,0.33401865,0.12405745,0.23580948,0.2422365,0.50297636,0.015391247,0.03254547,0.005640737,0.041606605,0.039263986,0.40145144,4.019028e-05,0.00029113292,0.011314628,0.00018433898,0.52309954,0.027918233,0.12484781,0.2124021,0.2912187,0.0017834242,0.0066240346
0.004792853,0.19970815,0.150451,0.4765242,0.25747547,0.46452263,0.4502419,0.66105175,0.038089436,0.041970845,0.015899392,0.076307185,0.1015354,0.41913855,0.00037238607,0.0016794556,0.032333538,0.0013826329,0.62775517,0.06349187,0.27720353,0.42368615,0.46829444,0.005852823,0.020293314
1.1110498e-05,0.011590241,0.002814103,0.08390517,0.014604419,0.020893617,0.026433222,0.16068958,0.0008224353,0.010355278,0.00022618883,0.0066409865,0.002455211,0.3435698,4.487179e-08,1.1577222e-06,0.0004300601,3.7239957e-07,0.29020217,0.0021695697,0.011582062,0.020256568,0.060306236,3.5717643e-05,0.00020655773
7.375443e-18,1.15895105e-07,6.661406e-10,7.314805e-05,3.0335616e-07,3.4867793e-07,7.690502e-07,0.0006066308,2.0456341e-11,4.3654086e-07,3.1811018e-13,3.6904613e-08,4.6680776e-10,0.096156776,4.8753524e-26,3.9650196e-21,1.2345356e-12,3.5382816e-23,0.019834986,4.8715626e-10,7.4430304e-08,4.9336614e-07,1.8165038e-05,6.1956786e-16,1.7128547e-13
0.0005783392,0.07015598,0.035568442,0.280726,0.09448719,0.17476656,0.17427471,0.4305808,0.009979386,0.02819557,0.0034894447,0.03090871,0.024766823,0.3911728,1.3886668e-05,0.00012664594,0.00636789,6.9688176e-05,0.47182956,0.020051315,0.08088218,0.15525977,0.21973446,0.0009368454,0.003969243
1.9953628e-05,0.015914023,0.004835971,0.12498373,0.022454953,0.03804304,0.043072507,0.20898099,0.00119199,0.010583448,0.0003414073,0.007599552,0.0037234311,0.35307968,9.096288e-08,2.2435686e-06,0.0006218425,7.806642e-07,0.32281348,0.003125572,0.016445361,0.035559826,0.079513945,5.509358e-05,0.00032310854
2.1273236e-05,0.016056614,0.0047463146,0.119350746,0.022420177,0.036644604,0.041304294,0.20283775,0.0012189994,0.011230022,0.0003542909,0.007849116,0.00371401,0.3503844,1.0031713e-07,2.3845018e-06,0.00062522455,8.345684e-07,0.31747738,0.0032345315,0.016081523,0.03399229,0.076828584,5.665985e-05,0.0003366516
0.0030286543,0.15910794,0.110805854,0.43194607,0.20655262,0.3851441,0.3796891,0.6141923,0.02874114,0.03879213,0.011575529,0.06295917,0.07562367,0.4161398,0.00018431789,0.00096463674,0.02304676,0.0007291071,0.59395415,0.049096107,0.21836646,0.34767252,0.4113923,0.004022039,0.014283183
0.0073008556,0.2535279,0.21125606,0.54393816,0.3303837,0.56946033,0.54457724,0.71472615,0.049566016,0.04218523,0.021739123,0.09055423,0.13918348,0.43057218,0.000696369,0.0027203527,0.044496007,0.002468106,0.667571,0.080847524,0.36270627,0.5265903,0.54622936,0.008064901,0.028292658
0.00059644366,0.06958404,0.03424614,0.26828533,0.088905096,0.16057746,0.16822627,0.42212942,0.010334101,0.030146204,0.0036295264,0.032408368,0.02482349,0.39173457,1.5645712e-05,0.00013935528,0.0069442354,7.70997e-05,0.46918234,0.019686842,0.08148327,0.14379041,0.22210789,0.0010339391,0.0040642
0.0032867186,0.1722292,0.12527575,0.45966068,0.22964592,0.42654985,0.40805218,0.6372188,0.030260889,0.037245933,0.011931211,0.06321131,0.08152597,0.41604644,0.00019809182,0.0010339977,0.023810538,0.00078411656,0.6096163,0.052550312,0.23354447,0.3897158,0.420852,0.0041256333,0.014899854
0.0018686543,0.12058311,0.072167195,0.35669082,0.1531161,0.2819977,0.27910835,0.53771603,0.020964323,0.03879443,0.007940638,0.051339086,0.050157957,0.40380058,8.7631175e-05,0.00053872966,0.015275704,0.00035766588,0.5405979,0.037259437,0.14868994,0.25048718,0.31763074,0.002657196,0.0095951855
0.00012631608,0.035535097,0.014267441,0.1992168,0.04914114,0.08766222,0.092280045,0.31317005,0.003847285,0.01850965,0.0012459856,0.016377049,0.010610015,0.37845233,1.4202545e-06,2.0753518e-05,0.0022795268,9.139727e-06,0.395696,0.0086638015,0.039356526,0.07923222,0.14066912,0.00026623614,0.0012828362
0.0001310038,0.033604845,0.011798846,0.158328,0.040131927,0.06449995,0.07526934,0.28097534,0.0040048193,0.022119993,0.0012797852,0.018513,0.009807696,0.3698532,1.7885728e-06,2.2745378e-05,0.002460308,1.0058467e-05,0.38070783,0.008327631,0.036220063,0.05929347,0.12943298,0.00029965088,0.0013127489
0.00125721,0.105550595,0.06265234,0.35587338,0.13602713,0.26205608,0.26766622,0.5267653,0.016791834,0.032261293,0.006199961,0.043536052,0.043929245,0.40439522,4.8159513e-05,0.00033565622,0.012521875,0.00021871056,0.53785455,0.030219834,0.13825935,0.23668829,0.31396532,0.00197116,0.007328847
0.0013251473,0.10024327,0.055116113,0.3159349,0.12304879,0.22414191,0.23252456,0.4918726,0.016940616,0.03756721,0.0063850163,0.04608041,0.040429406,0.39979178,5.4656786e-05,0.00036714113,0.012456508,0.00023625021,0.51577985,0.030120814,0.124311976,0.1991914,0.2870825,0.0020824128,0.0075046974
0.0035549032,0.15426907,0.09898375,0.38604334,0.18653648,0.33277926,0.3286649,0.5766323,0.030990176,0.049155775,0.012804483,0.069132484,0.07043402,0.41297096,0.00024946005,0.0012020395,0.0244899,0.00090915174,0.572875,0.050679103,0.19570728,0.2913603,0.37339205,0.00471018,0.015929531
1.3106775e-07,0.0017946723,0.0002337388,0.026182743,0.0025166327,0.0032742834,0.0046702623,0.063063666,5.0138802e-05,0.0022810977,9.207553e-06,0.0010076943,0.00020812843,0.29075435,6.362564e-11,5.766784e-09,1.893569e-05,1.0354686e-09,0.18813181,0.00019270959,0.0016262069,0.0034055612,0.015839882,7.416735e-07,7.4797854e-06
0.0020106253,0.119820304,0.07188735,0.34956768,0.15193799,0.27749607,0.27452728,0.5320516,0.022039076,0.040696062,0.008366952,0.053381193,0.05041604,0.40342873,9.87245e-05,0.00058605726,0.015787348,0.0003930428,0.5405457,0.038197845,0.1460301,0.24593833,0.31264937,0.002771834,0.010218001
0.00088183087,0.08319496,0.043491893,0.29069722,0.10283651,0.188381,0.20050347,0.4600545,0.013372859,0.03341636,0.0048343623,0.039274763,0.032085996,0.39532343,2.9561348e-05,0.00022555779,0.009541776,0.00013542235,0.49522248,0.024371337,0.10288958,0.16861016,0.25747934,0.0014962523,0.005530628
0.00012743942,0.03606231,0.014143741,0.19446522,0.0479055,0.084464334,0.092527024,0.31375426,0.0038888166,0.018852374,0.0012374723,0.01669891,0.010631113,0.3739338,1.488428e-06,2.1499007e-05,0.0023759222,9.59495e-06,0.39477,0.008582,0.03967954,0.0777369,0.1421802,0.00027967902,0.0012792222
0.0006604639,0.07410558,0.037484508,0.2802209,0.09549901,0.1746437,0.18146406,0.43853652,0.010994582,0.030140162,0.0038656944,0.033412594,0.0270514,0.39208534,1.800351e-05,0.00015639699,0.007466755,8.812711e-05,0.47709918,0.02102133,0.087316446,0.15667826,0.23278256,0.0011166417,0.004382145
0.0002589584,0.049187478,0.021658197,0.2301434,0.06443369,0.11634546,0.12532108,0.36613908,0.006135571,0.023059178,0.0020319936,0.022589492,0.015980087,0.383092,4.3611653e-06,5.0946208e-05,0.0039530653,2.499875e-05,0.42955896,0.01261533,0.05648341,0.1062627,0.17856273,0.0005165698,0.0021719176
0.011115255,0.32681444,0.298049,0.6162386,0.4239557,0.68195796,0.64607775,0.7667759,0.06517823,0.040905315,0.029049272,0.107749656,0.192639,0.43994844,0.0012826266,0.004416839,0.06307633,0.0044133323,0.71071863,0.10381766,0.46906078,0.64214116,0.6291588,0.01087418,0.03942462
0.002184995,0.12845036,0.07926578,0.3713607,0.16185418,0.29928955,0.29624775,0.5501847,0.023181211,0.04037918,0.009017314,0.0547953,0.05543812,0.40853986,0.00011280965,0.00064746523,0.017281655,0.00045496144,0.5543704,0.039602254,0.16189927,0.26529264,0.33654118,0.0030278969,0.011024795
3.3605473e-05,0.018409349,0.0052107247,0.10933934,0.022912754,0.033402693,0.04051849,0.20189627,0.0016444088,0.014851128,0.00049286685,0.0105744945,0.0044668866,0.35596183,2.2792423e-07,4.388606e-06,0.0009182823,1.6154327e-06,0.32186237,0.004001025,0.018865159,0.031593904,0.08354862,9.198679e-05,0.00046535963
0.019555708,0.4096941,0.3935097,0.6682515,0.5070732,0.7570385,0.71556467,0.79769737,0.092316136,0.04709393,0.043129224,0.1379964,0.2531231,0.4525867,0.0029954098,0.008642045,0.09551222,0.009478776,0.7379778,0.13825977,0.5641275,0.7150111,0.68532467,0.017080354,0.059732128
0.0035616457,0.1685149,0.11819586,0.43376803,0.21346879,0.39445692,0.38794068,0.61978424,0.031701628,0.04187237,0.012917871,0.06765534,0.081043415,0.4160136,0.00023952856,0.0011826556,0.02584463,0.0009100799,0.59911704,0.05311414,0.22795765,0.35509744,0.41810545,0.004646058,0.016092928
0.008146487,0.27470738,0.23411173,0.56854963,0.35883734,0.607267,0.5732558,0.735269,0.05376162,0.041282203,0.023156652,0.09314972,0.14977576,0.4340332,0.00080915046,0.0030495392,0.048325952,0.002778847,0.680656,0.08638756,0.3883319,0.5650715,0.56288207,0.008795294,0.030577047
0.015387823,0.31104213,0.26680687,0.55167615,0.37906307,0.6126322,0.5786485,0.7324173,0.07692604,0.059218235,0.035906494,0.12549452,0.18065822,0.43723404,0.0022662806,0.006734631,0.07159214,0.0065836436,0.6796666,0.113605596,0.41657296,0.5589022,0.57398146,0.015474563,0.048850548
0.0006663453,0.075455286,0.03850057,0.28534186,0.09517977,0.17679466,0.1888112,0.44694257,0.011234418,0.029773204,0.00397177,0.034347326,0.028304905,0.393483,1.891488e-05,0.00016036589,0.007926095,9.2648705e-05,0.48570314,0.021070443,0.09367068,0.16012932,0.24461783,0.0011785267,0.004483751
0.0028470382,0.15393616,0.104485735,0.41863617,0.19729957,0.36815152,0.36548814,0.6037081,0.027641386,0.038839255,0.010939582,0.061582003,0.07200511,0.41149625,0.00016888657,0.00090459676,0.022198575,0.0006736321,0.5882045,0.0473755,0.20879395,0.33310708,0.39784873,0.0038470894,0.013562532
0.0028188576,0.15631597,0.107873686,0.42952853,0.20234896,0.38048327,0.3763718,0.61162233,0.027570399,0.03737319,0.010874899,0.060949042,0.07362236,0.41288924,0.00016410986,0.0008835281,0.022278115,0.0006623814,0.59476215,0.047500774,0.21481231,0.3461069,0.4056763,0.0038007982,0.013527331
0.0021104426,0.12867033,0.080007315,0.37363744,0.16125788,0.29997966,0.30336475,0.5558946,0.022905322,0.039206866,0.008938503,0.055259313,0.056724813,0.4078587,0.0001098532,0.00063907995,0.017722845,0.00044917004,0.55807596,0.03939876,0.16876344,0.26817146,0.34806773,0.0030557443,0.010783083
2.8739812e-06,0.0066872044,0.001359617,0.061504763,0.008759747,0.012457065,0.016277926,0.12528954,0.0003523101,0.0064050714,8.687768e-05,0.0037018338,0.0011918794,0.32787448,6.020515e-09,2.3230481e-07,0.00017064027,6.2143435e-08,0.25537255,0.0010507636,0.006583815,0.01237606,0.04179134,1.13227825e-05,7.512008e-05
0.0033599746,0.18132026,0.13544029,0.4825414,0.24184872,0.45544282,0.44089854,0.6555875,0.030921413,0.034336522,0.012259553,0.06431751,0.089518905,0.41946882,0.00020544502,0.0010459312,0.025860108,0.000829777,0.6266765,0.053751133,0.25939748,0.420603,0.45667985,0.004274436,0.015639273
0.006381131,0.25541836,0.21705383,0.566926,0.34326687,0.5932587,0.5603153,0.72835493,0.04667108,0.03701406,0.019462274,0.083528064,0.13598305,0.43081042,0.00054301973,0.0022435223,0.040710516,0.002001414,0.67861855,0.077240705,0.36792406,0.555823,0.5467456,0.0069911517,0.025316153
0.007079438,0.27146673,0.2353408,0.5824299,0.36358675,0.618336,0.5837159,0.7408709,0.05009009,0.037089992,0.020976502,0.08733441,0.14679247,0.43292788,0.0006385722,0.0025451581,0.0443249,0.0023151294,0.6865232,0.08185214,0.39154342,0.5805764,0.5666748,0.007598056,0.02744128
0.014247384,0.3477957,0.31814274,0.6176964,0.43889132,0.6913822,0.6541273,0.7689623,0.074825376,0.04638641,0.034529395,0.12043172,0.20914657,0.4425078,0.001902148,0.006007393,0.074167974,0.006170173,0.7129413,0.11633843,0.48724586,0.6475219,0.63742477,0.013561524,0.04715335
0.027221901,0.46700475,0.45820135,0.69935703,0.56131846,0.80409825,0.7601479,0.8120824,0.11310609,0.048157293,0.053839713,0.16284604,0.30673987,0.4648855,0.004728564,0.01246841,0.12569275,0.01404617,0.75311923,0.16404498,0.6273934,0.7608018,0.7309666,0.022225397,0.07818169
0.005227428,0.22247697,0.1784453,0.52384037,0.2952304,0.5283885,0.5077744,0.6941564,0.040477965,0.037844095,0.017074319,0.07787478,0.11741251,0.42627752,0.0004099286,0.0018031098,0.035435416,0.0015510678,0.6539853,0.06810142,0.32202214,0.4897819,0.51380086,0.006112431,0.021897031
3.901701e-10,0.00015842263,9.229797e-06,0.0055448688,0.00025880415,0.0003000042,0.0004853915,0.018540185,1.3162156e-06,0.00029744956,1.2992219e-07,8.400108e-05,8.023295e-06,0.22693409,1.2172274e-14,5.6480233e-12,3.0506231e-07,4.7630823e-13,0.10773259,8.03846e-06,0.00012716593,0.00033971592,0.0027075743,4.202709e-09,9.706598e-08
0.0048324936,0.20750868,0.15724498,0.49225083,0.2680911,0.48338127,0.4655128,0.66843957,0.037663564,0.040496413,0.015892724,0.075255774,0.104672894,0.4214234,0.00036610916,0.0016523988,0.03209818,0.00138619,0.6356867,0.06417491,0.28873175,0.44269603,0.47645935,0.0058075357,0.02024108
0.0011849581,0.11066156,0.070496455,0.39126647,0.15596783,0.30712128,0.29177132,0.55398464,0.016245598,0.028063307,0.0056790696,0.04009662,0.044719964,0.4042424,3.9407623e-05,0.0002955694,0.011189559,0.00018525984,0.5516054,0.030915672,0.14184251,0.27981257,0.31471416,0.0016986583,0.0068426435
0.0040435297,0.20322491,0.1592084,0.5119526,0.27660054,0.5046542,0.47437304,0.683133,0.035422932,0.03519376,0.013759575,0.06783783,0.09819238,0.4218901,0.00026825513,0.0013040266,0.02834181,0.001028894,0.6412059,0.060055234,0.28244296,0.4683207,0.46913895,0.004858093,0.017574579
0.009301999,0.2834659,0.24449022,0.56887764,0.36588293,0.6111842,0.58153796,0.73341477,0.057197742,0.04420859,0.025764443,0.10042252,0.16115181,0.4333993,0.0010071746,0.0036551028,0.053217422,0.003486309,0.68432796,0.09213898,0.404255,0.56796443,0.5764142,0.009744586,0.03402937
0.0033054212,0.17946884,0.13523094,0.48146853,0.2423825,0.4546526,0.44256672,0.65518343,0.030725095,0.034058187,0.012219684,0.06382709,0.08944408,0.41885522,0.00020118344,0.0010462677,0.025625227,0.0008193689,0.62460274,0.053383306,0.25893828,0.42092505,0.45815325,0.0042086015,0.015399611
0.0077306903,0.2814793,0.24633501,0.5894559,0.3748043,0.63178694,0.597566,0.7466175,0.05263669,0.037505098,0.02235676,0.09097331,0.15579233,0.43526405,0.00072556623,0.00281026,0.047986776,0.0026045884,0.69302124,0.085577525,0.4074503,0.5945432,0.5802881,0.008177925,0.029593121
0.0029835068,0.17566338,0.13270117,0.4879491,0.24302734,0.4585321,0.43696266,0.6567029,0.028988305,0.032253686,0.011245525,0.05989032,0.084721245,0.4197358,0.00016515942,0.000896982,0.023129238,0.000680723,0.6243534,0.051188376,0.24895327,0.42548427,0.442962,0.0037635807,0.014064692
0.010856526,0.3175391,0.28486502,0.60426235,0.4091675,0.666164,0.63138646,0.7596248,0.06403979,0.041874766,0.02841006,0.106816016,0.18524525,0.4390086,0.0012428878,0.0042800307,0.061684735,0.0042230044,0.70483446,0.10165418,0.45328468,0.6251108,0.6170705,0.010866485,0.038589906
0.0010720728,0.09377446,0.051910654,0.32475042,0.11883217,0.2218907,0.22786194,0.48835593,0.01491313,0.033525374,0.005535372,0.041019615,0.03712284,0.40302923,3.8073722e-05,0.00027854092,0.010860531,0.00017483249,0.51473206,0.027143104,0.11812556,0.19783346,0.28105956,0.0017215951,0.0064093303
0.00036177778,0.053337984,0.022417981,0.21503358,0.06429646,0.10834492,0.118902855,0.3547729,0.007489388,0.029262656,0.0026100285,0.027435832,0.01757582,0.38693038,7.905681e-06,7.727783e-05,0.0049351417,4.0163417e-05,0.43005693,0.014395543,0.05995807,0.09654723,0.18007816,0.00070234376,0.0028209651
0.002023737,0.1386435,0.09438206,0.42585176,0.18864489,0.3642537,0.35367206,0.5984285,0.022551961,0.032202963,0.008558237,0.051299095,0.06254271,0.4134643,9.326797e-05,0.0005738329,0.017225688,0.00039867876,0.5820849,0.040589202,0.18928233,0.3328533,0.37854582,0.0027963147,0.010401175
0.0005134644,0.069956936,0.036398374,0.29702327,0.094061054,0.18231745,0.1871411,0.44578063,0.009520219,0.025230795,0.0032802348,0.029287528,0.02553958,0.3952858,1.17226355e-05,0.00011224181,0.0064316974,6.163385e-05,0.4835191,0.01869139,0.08641623,0.16557236,0.23545219,0.000906143,0.0036659616
0.008560406,0.28809103,0.2532086,0.58618224,0.37849525,0.63526696,0.6048258,0.74643284,0.055940427,0.03897713,0.023974959,0.096486986,0.16426663,0.43531722,0.00085828005,0.0031960283,0.052351896,0.0030190514,0.693708,0.08988607,0.41696534,0.59726256,0.59340054,0.009001608,0.03244169
0.021376686,0.45050457,0.44406724,0.7037802,0.55640817,0.80243814,0.76042026,0.81524414,0.098897696,0.04197456,0.04585918,0.14595743,0.28925976,0.46221212,0.003252383,0.0091722915,0.10768875,0.010335916,0.75451696,0.14807764,0.6203101,0.76274866,0.7300664,0.01752946,0.06566557
4.066253e-06,0.0074807294,0.0015630465,0.06280519,0.009614014,0.013244341,0.017143399,0.12617347,0.00043513646,0.007515448,0.00010921971,0.0043249507,0.0013688006,0.33073923,1.0120075e-08,3.4886222e-07,0.00020994172,9.648324e-08,0.25984907,0.0012368414,0.0072216685,0.013010671,0.043539207,1.4795553e-05,9.70867e-05
1.4582116e-07,0.0018398392,0.00023860268,0.026011115,0.00256683,0.0032796063,0.0046257055,0.061469615,5.2907406e-05,0.0024062695,9.792929e-06,0.0010426979,0.0002135623,0.29040954,7.358424e-11,6.443726e-09,1.9719453e-05,1.1596831e-09,0.1882752,0.0002007211,0.0016272663,0.0033726962,0.015487689,7.846246e-07,8.095071e-06
4.5390595e-07,0.0030045458,0.00045504735,0.03562532,0.0040655225,0.0053730085,0.007336726,0.07915991,0.00010857878,0.0035666735,2.2581551e-05,0.0016859375,0.00040992978,0.3055441,3.981935e-10,2.5307944e-08,4.4815024e-05,5.3142926e-09,0.21037127,0.00036755434,0.0027496351,0.0054147774,0.02238004,2.1709318e-06,1.9233934e-05
5.847556e-11,7.2807394e-05,3.3076874e-06,0.0035056567,0.00012610163,0.00014618017,0.0002447501,0.012745807,4.0007853e-07,0.00014872284,3.2791167e-08,3.6317862e-05,2.8128031e-06,0.2081524,7.320427e-16,5.918104e-13,8.009841e-08,3.9499294e-14,0.09121372,2.8011505e-06,5.6735054e-05,0.0001688291,0.001555716,7.780429e-10,2.3770124e-08
0.0015398191,0.11247825,0.069001496,0.3613842,0.14930551,0.28140903,0.27571356,0.53541464,0.018764403,0.034741294,0.0069517144,0.046653356,0.046976987,0.40389338,6.270284e-05,0.00041996903,0.013345732,0.00027213412,0.5409767,0.034071695,0.1409372,0.25260088,0.31169942,0.002183804,0.008366698
0.00043563536,0.05917751,0.02653478,0.23555687,0.073592365,0.12939376,0.13859667,0.3817807,0.00850403,0.029121911,0.0029458727,0.029104533,0.020315861,0.38730168,1.0186634e-05,9.657092e-05,0.005592796,5.106065e-05,0.44688687,0.016203554,0.06767201,0.115380965,0.19539161,0.0008033496,0.0032629722
0.0005792389,0.06917582,0.033867914,0.26718825,0.087009266,0.15877242,0.17058823,0.42417514,0.010223693,0.029488562,0.0035808163,0.03258733,0.025345137,0.38939556,1.5278809e-05,0.00013539652,0.0070675486,7.623991e-05,0.4710784,0.019444756,0.083392754,0.14347194,0.22743064,0.001030351,0.0040129875
9.8540986e-05,0.031549674,0.011763753,0.17573255,0.04167317,0.07185599,0.0796981,0.2898952,0.003321204,0.01802242,0.001045243,0.015193444,0.009008045,0.37192982,1.0353754e-06,1.5812315e-05,0.001975935,6.7312058e-06,0.38024697,0.007350386,0.034443796,0.06602344,0.12919061,0.00022499247,0.001060701
0.0018785328,0.12963957,0.08599712,0.40412623,0.17617305,0.33694005,0.32530037,0.5776228,0.021455148,0.033570047,0.008012547,0.049953327,0.056706905,0.40929902,8.345624e-05,0.0005294671,0.01571628,0.00035851385,0.5682006,0.038794074,0.17031403,0.3052524,0.3518365,0.0025651166,0.009780148
0.062507056,0.5248169,0.5237668,0.6888795,0.5908482,0.81081945,0.763506,0.7984692,0.17871216,0.076374896,0.094676,0.23650742,0.3797769,0.47552967,0.017547052,0.03544466,0.20605743,0.04023785,0.74066883,0.23394728,0.6604865,0.75727254,0.73587495,0.048024397,0.14289756
0.010386642,0.30737343,0.27282453,0.5963609,0.39796892,0.6533008,0.61715055,0.7551493,0.0625273,0.042197924,0.027413554,0.10406797,0.17581606,0.43888494,0.0011592733,0.004036952,0.058731027,0.0039051382,0.7008296,0.09844729,0.43711266,0.6115237,0.60112345,0.010529662,0.037162486
0.00029164102,0.049521536,0.02108277,0.21645348,0.06242834,0.10881601,0.118227445,0.35322097,0.0065921037,0.025690794,0.0022319357,0.024502411,0.016105149,0.38281107,5.4661064e-06,5.895293e-05,0.0042259875,2.9304774e-05,0.42715436,0.013118734,0.05600634,0.09797166,0.17391273,0.00057398883,0.0023925344
0.0120537225,0.31839675,0.28366715,0.59446454,0.40583903,0.6558798,0.61715704,0.7562446,0.06822693,0.0466721,0.030530727,0.110530116,0.18256105,0.43923917,0.0014854854,0.004907396,0.06376935,0.004808593,0.6985709,0.10502281,0.44242102,0.6113605,0.600327,0.011985942,0.04107663
0.0052818977,0.22547905,0.18338479,0.530219,0.30341533,0.54003733,0.5119802,0.7024483,0.04138367,0.037389375,0.0169637,0.07704269,0.117265455,0.427179,0.0004090912,0.0018085971,0.035186887,0.0015199749,0.6564443,0.06871231,0.32072303,0.5021758,0.50873303,0.0061043487,0.021936553
0.003161729,0.17655087,0.13142389,0.47791508,0.23692667,0.44720492,0.4356958,0.65126735,0.029867234,0.033793326,0.011810277,0.06270347,0.08710877,0.41845557,0.00018758714,0.0009835178,0.02488927,0.00076867116,0.6226501,0.052089587,0.25350982,0.41374382,0.45218408,0.0040760064,0.014904416
1.609689e-07,0.0019436143,0.00025325752,0.02683487,0.0026976152,0.0034498086,0.0048614684,0.063133486,5.6201367e-05,0.0025128531,1.0647778e-05,0.0010905904,0.00023192534,0.2933982,8.6679455e-11,7.2680586e-09,2.1443067e-05,1.3490821e-09,0.19035143,0.00020864145,0.0017365935,0.0035319235,0.016225783,8.669089e-07,8.950386e-06
0.00078211364,0.08189354,0.043561593,0.30422118,0.10453759,0.19770555,0.20617566,0.4651665,0.0124000665,0.030373793,0.0044118785,0.035956856,0.03135179,0.39717227,2.3608209e-05,0.00019060823,0.008724592,0.00011346774,0.49789312,0.022959623,0.101901785,0.17807089,0.25761724,0.0013113094,0.0050730356
0.0014306859,0.10732181,0.063056014,0.3479252,0.13791627,0.25750047,0.26100704,0.5214794,0.017988265,0.03524076,0.0068095564,0.046566,0.044687424,0.40619257,5.893112e-05,0.0003957885,0.013223998,0.0002576323,0.5319073,0.032307543,0.13749039,0.23014443,0.309568,0.002200312,0.007956701
0.0025048878,0.1461533,0.09740764,0.41510004,0.1930427,0.3616319,0.34414718,0.5941492,0.025634546,0.037415005,0.009718642,0.056352124,0.063380666,0.41207123,0.00013170233,0.00074693025,0.018921098,0.0005172303,0.57662547,0.04492899,0.18744417,0.32523924,0.3648827,0.0033428685,0.012068893
0.01487971,0.37967083,0.35986328,0.65921354,0.48250556,0.7402253,0.70034736,0.79219013,0.078824796,0.04169872,0.03571879,0.12238514,0.22980618,0.4492012,0.0019502327,0.0061075515,0.07922154,0.006498966,0.73385656,0.121291086,0.5362294,0.7012128,0.6718611,0.013481093,0.049093157
0.021596242,0.44993597,0.44246253,0.70356286,0.55363894,0.8017329,0.7596221,0.8152017,0.10026669,0.04253589,0.045890924,0.1467286,0.28743336,0.46294388,0.003276735,0.009270487,0.10884423,0.0104052005,0.7555302,0.14822847,0.61677486,0.7624178,0.7266013,0.017846908,0.06638114
2.4451026e-06,0.005970199,0.0011463505,0.05389231,0.007765065,0.010526161,0.01372086,0.111145735,0.00031542787,0.0063791955,7.6002536e-05,0.0034997098,0.0010189489,0.32406083,4.815856e-09,1.8813768e-07,0.00014508232,4.8558615e-08,0.24524419,0.0009365808,0.0056299255,0.010365721,0.036594555,9.33253e-06,6.664073e-05
0.0013724706,0.11434894,0.07188791,0.3858276,0.15714934,0.30432114,0.29100493,0.5517991,0.017634952,0.030674461,0.006340838,0.04306616,0.046516143,0.40615478,5.0261497e-05,0.00035588382,0.012359134,0.00022587372,0.54980254,0.032996155,0.14505745,0.27542338,0.3171889,0.0019618024,0.0076571233
3.3317618e-05,0.018755937,0.005427208,0.11385383,0.023023162,0.035416942,0.043398462,0.21081951,0.001678741,0.01442141,0.00049160706,0.010480522,0.004615417,0.35488704,2.3053352e-07,4.3848413e-06,0.00094687764,1.6194927e-06,0.32925907,0.003989132,0.01954316,0.033619065,0.08644194,9.368986e-05,0.00046999953
0.0020069228,0.12950946,0.08218017,0.38595164,0.16571237,0.3138182,0.31502804,0.5645569,0.022153476,0.03643266,0.008482355,0.053122327,0.0575054,0.40625358,9.7931355e-05,0.00058866234,0.017127732,0.00041387972,0.5633408,0.039221905,0.17135423,0.2830429,0.35333928,0.0028467812,0.010384398
0.0003506194,0.05324416,0.022981731,0.22415309,0.06716365,0.11499112,0.12248267,0.36123306,0.0073436676,0.027793555,0.002557633,0.026331972,0.017532697,0.38928688,7.22692e-06,7.376656e-05,0.004739137,3.7592326e-05,0.43109602,0.014549719,0.059633117,0.1020089,0.1800621,0.00066763,0.002750234
0.036673233,0.4842223,0.47705644,0.69149333,0.5673962,0.80120224,0.75641996,0.8071535,0.13290124,0.058130734,0.06581155,0.18484174,0.3268333,0.46685618,0.0076529975,0.018295389,0.14813769,0.020785678,0.74696046,0.18588153,0.6335472,0.7532884,0.7269382,0.029171633,0.096425995
0.028973948,0.45177305,0.44004002,0.677797,0.5400772,0.7796769,0.7364015,0.8020463,0.11511197,0.054855056,0.056412455,0.16523014,0.29485333,0.4598299,0.005442526,0.013903136,0.12424487,0.015692126,0.7423106,0.16604993,0.6029058,0.7331528,0.70787126,0.023830863,0.08029485
0.002219035,0.1435453,0.09856969,0.43002033,0.19171906,0.36897117,0.3623907,0.6015121,0.023681907,0.033393495,0.009186321,0.053810123,0.065899126,0.41385412,0.000108823726,0.00064766855,0.01863708,0.00046785732,0.5893006,0.042106465,0.19894099,0.33812824,0.3899361,0.003057369,0.011183862
0.00032530335,0.055376165,0.025607327,0.2505956,0.07075429,0.13333528,0.14455631,0.3928986,0.00720857,0.02403901,0.00240072,0.024962813,0.019026468,0.38769183,6.276313e-06,6.686888e-05,0.004825683,3.446178e-05,0.45129082,0.014254237,0.06611804,0.12179585,0.19859028,0.0006388997,0.0026238917
0.0023728544,0.14097038,0.09201101,0.4048339,0.18418987,0.345678,0.33486184,0.5850418,0.024658095,0.037406497,0.009481466,0.055524226,0.061805993,0.4121339,0.00012303446,0.00070641766,0.018575976,0.0004899561,0.57105577,0.04310678,0.18256265,0.31036177,0.36307493,0.0032464804,0.01160639
3.3736906e-05,0.018435355,0.005213214,0.10900456,0.022740819,0.0332942,0.04049773,0.20213954,0.0016579207,0.014952683,0.00049561815,0.01064354,0.0044806143,0.3575018,2.3373484e-07,4.435809e-06,0.00092909764,1.6251555e-06,0.322621,0.0039851023,0.019058075,0.0314312,0.08371632,9.361521e-05,0.00046846937
0.0044054114,0.18873781,0.14053278,0.4687884,0.2500349,0.44856805,0.42795098,0.6502043,0.03618683,0.04166241,0.014814942,0.072325036,0.092532285,0.42013177,0.00031876657,0.001485452,0.029076273,0.0011772889,0.6193144,0.061280586,0.2565399,0.4083001,0.43953574,0.0053130314,0.01878335
0.005780802,0.23571339,0.19499397,0.54223645,0.31540865,0.5569831,0.53131616,0.7090921,0.043517362,0.03765438,0.018279735,0.080723874,0.12614672,0.4283918,0.00047271492,0.0020314849,0.0382633,0.0017673436,0.6655437,0.072229825,0.34142852,0.5195117,0.52812564,0.00658872,0.023631938
0.0021160154,0.123237774,0.07227521,0.34309164,0.14957689,0.2706836,0.27568185,0.53141296,0.022636414,0.04267164,0.008775632,0.056209892,0.051922407,0.40162462,0.00011174287,0.0006428604,0.016887192,0.00044168593,0.5419547,0.03899752,0.15261649,0.23923607,0.32135746,0.0030421996,0.010622842
4.025866e-07,0.0030045817,0.00046541775,0.038710102,0.0041540535,0.005875125,0.00797612,0.085144036,0.00010074608,0.0032070074,2.11862e-05,0.001562917,0.00041389038,0.3063296,3.248021e-10,2.2083414e-08,4.2767693e-05,4.6710635e-09,0.21434686,0.00035587754,0.002830191,0.0059373025,0.023430023,2.0482903e-06,1.770892e-05
7.178095e-05,0.028942471,0.010635513,0.18041974,0.038108636,0.06981721,0.07873305,0.2903338,0.0027685896,0.015327131,0.00084175874,0.013170265,0.00824089,0.37009895,6.474083e-07,1.0759747e-05,0.0016751065,4.592386e-06,0.384813,0.006217709,0.032663085,0.06528847,0.1261019,0.0001774229,0.0008619973
0.0009757664,0.09387728,0.05424502,0.3401573,0.12505189,0.24095139,0.24369334,0.50496566,0.014198412,0.029749315,0.005097046,0.03830444,0.037341952,0.40173548,3.1324238e-05,0.00024526703,0.010130757,0.000148448,0.5192387,0.026610246,0.11966067,0.21854202,0.28693375,0.00155433,0.0059068454
0.012953402,0.35367918,0.32882354,0.6394492,0.4531411,0.7108458,0.6697549,0.78178954,0.07339992,0.042573206,0.03202892,0.11377975,0.20224851,0.44460717,0.0016098033,0.00523558,0.070629,0.0053317547,0.7204872,0.11220198,0.49547625,0.67215365,0.6384757,0.01239776,0.043520816
0.0016806744,0.11770991,0.07250536,0.36578527,0.15062304,0.28583136,0.28986436,0.54462194,0.019934768,0.035511572,0.007501125,0.04948311,0.050504725,0.40440637,7.512574e-05,0.00048090515,0.015059325,0.00032346792,0.5496397,0.035425738,0.15446971,0.25758675,0.33231872,0.002485026,0.009013402
2.0905024e-06,0.005645529,0.0010363183,0.051719677,0.007261255,0.009803608,0.012877396,0.10668846,0.0002835309,0.006141147,6.783303e-05,0.0032514017,0.0009393512,0.3247084,3.865673e-09,1.573035e-07,0.00013052276,4.0270482e-08,0.24273138,0.00084175635,0.0052906354,0.009604371,0.034661,8.158959e-06,5.9841746e-05
0.001992469,0.12894419,0.08264198,0.3871688,0.16696565,0.31506038,0.31727028,0.56740713,0.022175644,0.036164466,0.008567102,0.0531713,0.057644762,0.4088297,9.785873e-05,0.00059053424,0.017173046,0.00041253946,0.5623884,0.03904976,0.17348886,0.2839933,0.3592519,0.0028648898,0.010312344
0.00015374759,0.04139521,0.018200591,0.23438266,0.057396848,0.11110172,0.11731897,0.35536468,0.0044940216,0.017733473,0.0014233536,0.01746872,0.013002461,0.3820606,1.8783682e-06,2.638538e-05,0.0027941228,1.2216654e-05,0.4255334,0.009640483,0.048658736,0.10228697,0.1662277,0.00032696495,0.0015038935
0.0004056494,0.06524358,0.033740558,0.29789048,0.091387294,0.18106708,0.18120289,0.44362646,0.008250689,0.02237355,0.0027414593,0.02570536,0.02311745,0.3946843,7.8915355e-06,8.301785e-05,0.0053887162,4.3154647e-05,0.4758177,0.016780784,0.079070404,0.16438651,0.22504593,0.00072190457,0.0030816363
0.0025254858,0.17172903,0.13157217,0.4992929,0.24480656,0.46847308,0.4439613,0.66357243,0.026659084,0.028704844,0.009951713,0.054925717,0.08155297,0.4197851,0.00012493719,0.00072276435,0.020799764,0.00053492095,0.627506,0.047484364,0.24610515,0.4383443,0.4440711,0.0032159984,0.012471992
0.016200675,0.40631238,0.3922662,0.6793052,0.51407105,0.77026516,0.7289998,0.80444926,0.083993986,0.039363414,0.03742013,0.12768771,0.25218704,0.45402738,0.0021629836,0.0066290293,0.08744314,0.007138536,0.7432731,0.12889886,0.5703969,0.7324833,0.70089763,0.01416534,0.05322904
0.010041456,0.3299796,0.30188894,0.6300487,0.43143934,0.6984342,0.6612844,0.7746549,0.062209208,0.036244106,0.026543342,0.10266034,0.19218582,0.442145,0.0010498702,0.003739067,0.060789227,0.0037066787,0.71874356,0.0999059,0.47802848,0.6626249,0.64011264,0.009907878,0.036653847
0.009394325,0.32004562,0.29033405,0.6230665,0.4200753,0.6871007,0.6499066,0.77024806,0.059557647,0.036017783,0.025312157,0.09950876,0.18428306,0.4408606,0.00095175504,0.0034555902,0.057552155,0.0033915008,0.71439326,0.09647706,0.46467486,0.65080154,0.63062507,0.009386345,0.03478355
0.010122616,0.304984,0.27036685,0.5940339,0.395022,0.64772624,0.61533016,0.7506189,0.06081424,0.04242879,0.027471907,0.10370082,0.1767296,0.43722215,0.001129011,0.0039933627,0.057794474,0.003901438,0.6978,0.0975293,0.43756357,0.6063524,0.60378313,0.010270565,0.03646348
0.017998958,0.3738544,0.3472654,0.6301509,0.46362826,0.7091011,0.6697843,0.77647156,0.08514498,0.0513985,0.04131417,0.13322075,0.22790867,0.44789135,0.002766272,0.00807392,0.08519038,0.008619956,0.71921927,0.1301948,0.5165725,0.66364664,0.65029496,0.016527055,0.05599559
0.003015338,0.14552596,0.09135316,0.38159308,0.1790017,0.32159582,0.31575784,0.56750613,0.028156327,0.046015956,0.011405487,0.06387054,0.064408526,0.41284823,0.00019085065,0.00096913637,0.021553885,0.0007105908,0.5630897,0.0468634,0.18236373,0.28204522,0.35781223,0.004098874,0.0141230235
0.0052567865,0.2013424,0.14992765,0.46876344,0.2544884,0.45387194,0.44050467,0.6526898,0.039647426,0.045854453,0.017075736,0.08014118,0.10281754,0.42037886,0.00043526816,0.001888467,0.033726413,0.0015822509,0.62412894,0.06560849,0.2756775,0.40986842,0.46344703,0.0063339025,0.021717671
0.02584735,0.43601927,0.4221357,0.6703741,0.52733743,0.7676022,0.7245513,0.79819983,0.10579595,0.05347301,0.052935675,0.15674298,0.2810524,0.45690277,0.004626746,0.012221872,0.11300085,0.013829412,0.73917264,0.1576202,0.5892059,0.7210454,0.7011461,0.021564255,0.07329792
0.0064520626,0.24163482,0.19885425,0.5371773,0.31855705,0.55561036,0.5267247,0.7085938,0.04608349,0.040614642,0.019551229,0.08462419,0.12793303,0.42802,0.0005626729,0.0023121014,0.040033367,0.0020287046,0.66360885,0.07586846,0.34173122,0.5149936,0.5232256,0.0072034355,0.025321282
0.0068373894,0.24019663,0.19395092,0.5271666,0.31157023,0.54053295,0.5146547,0.6998593,0.047314927,0.043654546,0.020750225,0.08782159,0.12827629,0.42974365,0.00063291035,0.0025276875,0.04154345,0.002246503,0.65765715,0.07751479,0.33843023,0.49713415,0.51923096,0.0077425763,0.026745005
0.0067061563,0.25056127,0.20813818,0.55102503,0.33091462,0.5750445,0.54614806,0.7171412,0.048096124,0.039767507,0.02025523,0.085643776,0.1333659,0.4320968,0.000592649,0.0024084088,0.042262834,0.0021093031,0.6695335,0.07702679,0.35399565,0.53696,0.5364319,0.007522231,0.026364489
0.00013271706,0.03531443,0.013306014,0.1815151,0.04495725,0.07756921,0.08663825,0.29966065,0.0040596016,0.02025715,0.0012930817,0.017457873,0.010267623,0.36984298,1.6628351e-06,2.259497e-05,0.002425086,1.0159848e-05,0.390976,0.008480434,0.037572064,0.07148495,0.1361929,0.00028848706,0.0013334106
0.0018272401,0.123084724,0.077589,0.37644818,0.15906088,0.30004445,0.3029901,0.5553997,0.020986058,0.036113393,0.00808748,0.051329587,0.05425581,0.40773192,8.618011e-05,0.00053721416,0.01606519,0.0003690689,0.5553787,0.03695471,0.16427898,0.2695304,0.34836575,0.0026508763,0.0096813105
0.0022197035,0.13088304,0.083160274,0.3770964,0.16510543,0.30675328,0.3099994,0.56165797,0.023745634,0.03958662,0.009247492,0.056713328,0.058412418,0.4081598,0.00011830923,0.00068251364,0.018332586,0.00048102552,0.5610689,0.04067214,0.17253025,0.2740657,0.3545515,0.0031709594,0.011194793
0.00071585225,0.07934481,0.04106906,0.29782075,0.100641534,0.18842478,0.1970787,0.45630297,0.011699463,0.03007835,0.004179933,0.034752417,0.029804746,0.3973259,2.0846532e-05,0.00017342174,0.008264466,0.000102269034,0.493051,0.021671638,0.09823181,0.1699907,0.25083542,0.001239992,0.0047718855
0.00015557595,0.03812576,0.014595733,0.18716419,0.047614504,0.08091349,0.09129174,0.31212392,0.004452719,0.02170374,0.001454121,0.01904321,0.011516662,0.37805814,2.1837498e-06,2.7995373e-05,0.002803648,1.2974942e-05,0.39872974,0.009213273,0.042749897,0.07453928,0.14649574,0.00034834447,0.001509448
0.0022692052,0.13804618,0.0890551,0.39869553,0.1762105,0.33124185,0.32932872,0.5775839,0.023872536,0.03759628,0.009376423,0.055822328,0.061744668,0.4109365,0.00011914542,0.00068486086,0.018772442,0.00049207354,0.5732211,0.041531622,0.18439554,0.29831076,0.3676458,0.0032138985,0.011407782
7.128715e-05,0.026548,0.008809264,0.14610352,0.032778423,0.05263392,0.062053774,0.25548425,0.0027169562,0.017889986,0.00084890745,0.014092125,0.007222547,0.36743215,7.0303594e-07,1.1079929e-05,0.0016329599,4.5671068e-06,0.36202416,0.0059892912,0.028897911,0.04916902,0.1124443,0.00018170426,0.0008387707
0.0021380424,0.124834634,0.07545574,0.3617329,0.15738632,0.28510886,0.28334713,0.5416222,0.022678418,0.04121807,0.008941893,0.055169594,0.053284917,0.40953633,0.00010970612,0.0006358718,0.016946604,0.00044121026,0.5454497,0.039692253,0.15713494,0.25218815,0.3287892,0.0030495974,0.010724321
0.006786331,0.23190239,0.18304585,0.5094188,0.29787195,0.5168091,0.49281025,0.6869366,0.04658231,0.046036538,0.02051804,0.087768696,0.1217979,0.42776078,0.000632506,0.0025090124,0.040218916,0.002211958,0.6475322,0.07625455,0.32082936,0.4720416,0.5012465,0.0077285836,0.02646058
0.009692156,0.3025417,0.26915666,0.5954057,0.39352983,0.6494119,0.61647725,0.75148815,0.059663486,0.041071232,0.026485728,0.10184866,0.17505132,0.43644178,0.0010512127,0.0037696662,0.05651052,0.003665265,0.69881165,0.09589169,0.4357343,0.6090541,0.6046083,0.009866952,0.035460755
0.019628247,0.38519153,0.36142695,0.6348234,0.47485286,0.7217568,0.68097246,0.77987486,0.09083341,0.05221109,0.043353505,0.13860738,0.24080344,0.44757786,0.003128429,0.008901766,0.09219732,0.009536465,0.7214403,0.13593888,0.52579194,0.6750029,0.6609105,0.017570997,0.060204066
0.011038555,0.32620516,0.297699,0.61660564,0.4224396,0.68234885,0.64492947,0.76680773,0.06551422,0.04103841,0.028875208,0.107405685,0.19189672,0.4400438,0.0012691214,0.004352421,0.0626292,0.0043529007,0.71035874,0.103451245,0.46551272,0.64214474,0.6273328,0.010761704,0.03954405
1.7791339e-05,0.014209609,0.0036897876,0.09502506,0.017610427,0.025971383,0.03215816,0.17853938,0.0011295258,0.012157525,0.00032026926,0.008064306,0.0031899575,0.35133848,9.297872e-08,2.0827335e-06,0.0006078575,7.073926e-07,0.30626577,0.002744788,0.014444077,0.024743613,0.070122585,5.448469e-05,0.0002992344
0.011737861,0.31643772,0.2818486,0.59381706,0.40326318,0.653462,0.6199638,0.7529609,0.06641392,0.045692947,0.030363219,0.11103025,0.18537535,0.43887758,0.0014355424,0.004805915,0.06399315,0.0047636568,0.6995885,0.10413748,0.4476846,0.60933614,0.60972184,0.011770636,0.040748656
3.5191279e-06,0.0068632485,0.0013306247,0.054884616,0.00848406,0.011070933,0.014547742,0.11473005,0.00039605572,0.0075806016,9.7167e-05,0.0042484887,0.0012057964,0.3281531,8.607655e-09,2.8667247e-07,0.00018334646,7.7977745e-08,0.2520908,0.0011306232,0.0064383135,0.010888895,0.039118875,1.2859345e-05,8.688115e-05
0.01695157,0.36123872,0.33343923,0.619383,0.4500614,0.6958539,0.6578802,0.77091163,0.082333334,0.051302996,0.0394303,0.1297409,0.2200148,0.44461146,0.0025315278,0.0075239684,0.08171401,0.007873301,0.7132291,0.12530357,0.49997973,0.6491628,0.6405237,0.015752703,0.053299446
0.0008551629,0.07807265,0.03841564,0.2607669,0.093762346,0.16252558,0.17494068,0.42996666,0.01297642,0.03652332,0.0046896283,0.039891135,0.029246775,0.39171034,2.9355431e-05,0.00022174978,0.009035317,0.00013037027,0.47637537,0.023412572,0.092499115,0.14386432,0.23761888,0.0014384018,0.0053486084
0.0047845906,0.21156064,0.16685978,0.51061785,0.28022194,0.5067114,0.4880296,0.6822503,0.038270377,0.03790418,0.016028795,0.07525264,0.11015218,0.42337278,0.00035873696,0.0016375842,0.033155795,0.0013811088,0.6464078,0.06474555,0.30473217,0.46901855,0.49745396,0.0057170014,0.020435607
0.053482234,0.4997373,0.49325782,0.67568934,0.5712089,0.7906353,0.7444616,0.79426265,0.15936533,0.07590931,0.08669281,0.21656165,0.35098615,0.4683182,0.014100747,0.029666144,0.17902528,0.03438224,0.7363646,0.21710372,0.6355638,0.7369666,0.71966404,0.04137269,0.12450575
1.1549223e-06,0.0043736175,0.0007563943,0.044037957,0.0057570497,0.0075444845,0.010152712,0.09550538,0.00019607083,0.0049791927,4.4086908e-05,0.002573699,0.0006774405,0.31732923,1.5896798e-09,7.678331e-08,8.575424e-05,1.806912e-08,0.22669306,0.0006261727,0.00412883,0.0075931456,0.029703366,4.904538e-06,3.750653e-05
0.008654694,0.25935715,0.21454825,0.5305021,0.32895547,0.558397,0.5348073,0.70818555,0.054534838,0.04832912,0.024562802,0.09847918,0.14403531,0.42990062,0.00093842845,0.0034600527,0.049564205,0.0031732363,0.66326165,0.086329326,0.36299515,0.5111553,0.5425408,0.009454429,0.032087766
1.1887134e-05,0.012196069,0.0031020418,0.09151953,0.01577814,0.02379002,0.029301694,0.1705762,0.0008653528,0.010113145,0.00023850486,0.0066106506,0.002606685,0.34589067,4.8043358e-08,1.2740252e-06,0.00045546461,4.0763996e-07,0.29612315,0.0022561743,0.012383767,0.022864828,0.06408944,3.831532e-05,0.00021772142
0.004663104,0.22152683,0.18209404,0.5389769,0.3029467,0.5460955,0.5234798,0.70347625,0.038293913,0.0336753,0.015706848,0.07334715,0.11746563,0.42633408,0.00033401354,0.001552417,0.03336824,0.0013167546,0.6605323,0.06550143,0.32802647,0.5121878,0.52392906,0.005443458,0.020229995
0.0013831306,0.0982111,0.053202175,0.29953855,0.118172854,0.21000381,0.22063375,0.48144338,0.017576184,0.04038029,0.0066043218,0.048366383,0.039651312,0.39867932,6.0958664e-05,0.00039603873,0.012800747,0.0002521622,0.5085459,0.030591566,0.12060566,0.18442625,0.2818711,0.0021674423,0.0077306177
1.5323348e-14,2.584913e-06,3.9976154e-08,0.000471282,5.5573914e-06,6.3939706e-06,1.2331198e-05,0.00261617,2.371844e-09,7.2567277e-06,8.234257e-11,1.0182235e-06,3.085072e-08,0.1422756,3.8439087e-21,3.3630348e-17,2.5480104e-10,7.9831516e-19,0.04169976,3.100339e-08,1.8092986e-06,8.16633e-06,0.0001541282,5.311667e-13,5.206998e-11
0.0012490203,0.092219345,0.048462164,0.28494304,0.11010577,0.19326194,0.20451747,0.46465355,0.01651554,0.040402636,0.006124868,0.046695076,0.036311902,0.39749187,5.2772815e-05,0.00035001288,0.011809125,0.00021852963,0.49858114,0.028674575,0.11119648,0.16880262,0.26688236,0.0019843972,0.0071475585
0.002960449,0.1559754,0.1069429,0.4228389,0.19962317,0.37162468,0.36787328,0.6050293,0.02819819,0.039644103,0.01138398,0.06277999,0.07361509,0.41368523,0.00017967421,0.00094838766,0.022720743,0.0007153824,0.5908566,0.048278626,0.21265343,0.33508566,0.40247616,0.0039772685,0.0140111605
0.00029438094,0.047996383,0.019652335,0.19880518,0.05791282,0.096017316,0.10789626,0.33925003,0.0066567464,0.027773095,0.002263329,0.02594825,0.015577636,0.38256112,5.881608e-06,6.1301434e-05,0.0043059145,3.0434965e-05,0.41859335,0.01307367,0.054006558,0.08694942,0.16972849,0.0005961683,0.0023857357
0.013618889,0.34347457,0.31392294,0.6209324,0.43688044,0.6902921,0.6521788,0.7693447,0.07413627,0.04598479,0.033675294,0.11708297,0.20163094,0.44447196,0.001759601,0.005635834,0.071591005,0.0056923265,0.7112198,0.11265395,0.47849104,0.64851886,0.628122,0.013166386,0.045382917
3.4366014e-05,0.0185249,0.0052507087,0.10862636,0.02258211,0.033042654,0.0403399,0.2012464,0.0016924419,0.015233034,0.00050283544,0.010799111,0.004496595,0.35648438,2.4261274e-07,4.542335e-06,0.0009428505,1.678343e-06,0.3241542,0.0039848923,0.018952627,0.031310268,0.08384173,9.4485324e-05,0.00047785978
0.018563833,0.4035941,0.3868072,0.6645673,0.50381523,0.7544993,0.71361387,0.7961968,0.08908391,0.045318548,0.04175946,0.13561812,0.25284228,0.45240384,0.0027665603,0.008079559,0.092419475,0.008796703,0.73638207,0.13520372,0.5614491,0.7128122,0.68891996,0.016245164,0.058197882
0.00013824605,0.035186708,0.012997194,0.17423058,0.04455041,0.07322576,0.08228081,0.29273626,0.004064928,0.02136643,0.0013169653,0.017985823,0.010191314,0.37358195,1.7877475e-06,2.3898609e-05,0.0024720505,1.0696345e-05,0.38393813,0.0087024085,0.03755548,0.06681858,0.13440506,0.0003005894,0.0013563979
0.0062163444,0.22520186,0.17777035,0.50315607,0.28867677,0.5080033,0.49039724,0.6836231,0.044724714,0.044392496,0.019336019,0.08562086,0.11942786,0.4248548,0.0005601427,0.0023013381,0.03930419,0.002000521,0.64612025,0.0726727,0.3164304,0.4643952,0.5042706,0.007246905,0.024927177
0.001674428,0.11789009,0.07274254,0.36785024,0.1514241,0.28590018,0.28983968,0.54457235,0.0198752,0.03560462,0.0075741718,0.049450915,0.05097592,0.40580013,7.514552e-05,0.00048188627,0.01510505,0.00032598546,0.54965305,0.035190888,0.15545905,0.2573161,0.33533755,0.002479389,0.009031154
0.0013555107,0.09838304,0.05327797,0.30428228,0.1188669,0.21229991,0.22202086,0.4831682,0.017322637,0.039697785,0.0065206364,0.047225967,0.039391443,0.40022764,5.8824495e-05,0.0003847754,0.012687025,0.00024624623,0.51087785,0.030100156,0.120735236,0.18662567,0.28141737,0.002136386,0.007636759
0.014055108,0.3311856,0.29627743,0.5949896,0.41429898,0.66071063,0.6261755,0.755233,0.07370747,0.05017409,0.034472216,0.12063799,0.19680528,0.44061452,0.0019116629,0.006011682,0.071380675,0.006074193,0.7007755,0.11305599,0.45956987,0.61363196,0.61512834,0.01377624,0.04661345
0.0009600258,0.0855175,0.04426137,0.28760782,0.10441777,0.1874223,0.1988945,0.4587075,0.013974384,0.03546437,0.005126335,0.041005496,0.033060778,0.39594457,3.4165703e-05,0.00025272806,0.010026489,0.00015318434,0.49428794,0.02529217,0.1045593,0.16691095,0.25832942,0.0016049586,0.005881743
0.00031698914,0.049402703,0.020160234,0.19755703,0.059146,0.09693068,0.10932734,0.34093645,0.006941178,0.028720459,0.0023581234,0.026871346,0.016106086,0.3804989,6.64503e-06,6.686626e-05,0.0045082364,3.3680328e-05,0.41902578,0.013583557,0.05554412,0.08753876,0.1710445,0.00062880496,0.0025230162
5.944498e-09,0.0005012822,4.2141102e-05,0.011745823,0.00075806986,0.0009403184,0.0014439959,0.03288235,7.2084526e-06,0.0007765338,9.728939e-07,0.00026515394,3.8104343e-05,0.2578931,6.762955e-13,1.440402e-10,2.1580759e-06,1.7673632e-11,0.14070946,3.422133e-05,0.00042587728,0.0010126545,0.0062659467,4.7976144e-08,7.7650026e-07
0.0015970288,0.112414606,0.066704296,0.34855327,0.14197919,0.2640399,0.27039567,0.5285667,0.019230787,0.036860757,0.0073202243,0.049241364,0.04786554,0.40367505,7.152541e-05,0.0004589422,0.014484959,0.00030572762,0.5366825,0.03405483,0.1452708,0.23608585,0.32087997,0.0024070756,0.008678902
0.0011317644,0.09013966,0.047354065,0.2891333,0.1096686,0.19459628,0.2052299,0.46338457,0.015411632,0.03795163,0.005704349,0.044137057,0.035321403,0.395662,4.391986e-05,0.00030768322,0.011001144,0.00019036686,0.49789107,0.027527278,0.109179534,0.17217551,0.26406783,0.0018035809,0.0066225636
0.0009909077,0.08378006,0.04237285,0.27573803,0.100624576,0.17908338,0.18954262,0.44738933,0.014293061,0.03708066,0.005206717,0.04161194,0.031980723,0.3951456,3.6352096e-05,0.00025782397,0.010013438,0.00015563203,0.48880953,0.025111802,0.09948004,0.15783325,0.24866553,0.0016270633,0.0060118306
0.00030838363,0.0507043,0.021551944,0.21611835,0.0640818,0.10966975,0.11917307,0.35517168,0.0067568035,0.026346367,0.0022966834,0.025064068,0.016510298,0.3818549,5.9201616e-06,6.319731e-05,0.0043487013,3.1611242e-05,0.42525676,0.013647897,0.056711733,0.098884426,0.17502584,0.0005958226,0.0024662684
0.00047458574,0.05946262,0.026325917,0.2248931,0.07142443,0.121908784,0.13337712,0.3770524,0.008983875,0.03161046,0.003130736,0.031082144,0.020246658,0.38694867,1.2037247e-05,0.00010752753,0.0059200367,5.7711444e-05,0.44421935,0.016783295,0.06741991,0.10854905,0.19488956,0.00087577227,0.0034260107
0.012061334,0.30341265,0.26359424,0.57247156,0.38379,0.62184566,0.58979815,0.7382158,0.0663082,0.05052687,0.031307116,0.11284116,0.17508759,0.43808493,0.0015365389,0.00506903,0.062350698,0.004976125,0.68674934,0.104247116,0.42365706,0.5750433,0.58405274,0.012351349,0.04125049
0.004261809,0.18881579,0.14004996,0.46931875,0.24653953,0.4481099,0.4302175,0.6500217,0.035311732,0.04095425,0.014529761,0.07155037,0.09272945,0.41918194,0.00030358264,0.0014349574,0.02891887,0.0011419915,0.62068814,0.05963305,0.25853395,0.408047,0.44510692,0.00523744,0.018276658
0.015488875,0.35619503,0.327339,0.6213714,0.4459242,0.69506365,0.65558535,0.7722558,0.07814359,0.04873698,0.03655168,0.123815686,0.21192546,0.4432627,0.0021718103,0.0066664587,0.07648247,0.006934624,0.71482235,0.12047116,0.49363303,0.6494588,0.6351492,0.0144486595,0.049207743
1.9772757e-09,0.00030917994,2.1666569e-05,0.008109708,0.00047308416,0.00055705354,0.00086176454,0.025000323,3.6440774e-06,0.00054335216,4.2626496e-07,0.00017110625,1.9482974e-05,0.2427622,1.3661981e-13,3.8756654e-11,9.40103e-07,4.0120064e-12,0.12547703,1.9134428e-05,0.00024957993,0.0006077254,0.0042479984,1.7630494e-08,3.312993e-07
0.008477159,0.24005671,0.18876122,0.4915615,0.29614624,0.50471914,0.48717976,0.68078655,0.053441837,0.054210503,0.024054425,0.099842556,0.1298527,0.42583507,0.0009426241,0.0034408628,0.047419656,0.003089607,0.64331526,0.08327269,0.32587782,0.45376876,0.50593305,0.0095461225,0.03140617
0.00010832831,0.031588916,0.010734732,0.15390302,0.038276047,0.060502455,0.07030621,0.27182862,0.0035208797,0.02095881,0.0011249813,0.017027639,0.008874785,0.37117836,1.3374594e-06,1.8305236e-05,0.0021339455,7.905598e-06,0.37215233,0.0074904584,0.033893403,0.055429205,0.123209506,0.00025843922,0.0011439873
7.4194977e-06,0.009767273,0.0021955392,0.07274408,0.01222975,0.016997168,0.021820495,0.14523925,0.0006390647,0.009282715,0.0001691012,0.005689785,0.0019371344,0.33821973,2.5238002e-08,7.230327e-07,0.00032300752,2.1697181e-07,0.27702212,0.0017302994,0.00968661,0.016562905,0.052902494,2.5687732e-05,0.00015243657
0.00049734104,0.06452313,0.03054699,0.2567148,0.080225945,0.14514402,0.1568449,0.40858206,0.0093262065,0.02897808,0.003260687,0.030563261,0.022951854,0.39123666,1.2413662e-05,0.00011286732,0.0063863206,6.2338804e-05,0.46270478,0.017582886,0.077437595,0.13078743,0.21570137,0.0009221833,0.0036054098
0.00014588343,0.034866482,0.012514295,0.15990514,0.04188421,0.0658552,0.07694702,0.28433296,0.004261287,0.023271302,0.0013793134,0.019655,0.010282981,0.37190872,2.093449e-06,2.6245272e-05,0.0026211815,1.178271e-05,0.3818806,0.008876459,0.038004234,0.060537703,0.13358293,0.00032705473,0.0014088255
9.7185e-06,0.010894895,0.002595281,0.07908113,0.013710411,0.019359441,0.02469064,0.15537435,0.0007615779,0.010027425,0.00020510155,0.0063598603,0.0022624936,0.3414861,3.7153292e-08,1.00178e-06,0.00039235532,3.1162193e-07,0.2839617,0.0020248254,0.010940041,0.018882565,0.05820934,3.201822e-05,0.00018526902
0.00022446495,0.04499938,0.018525247,0.20775951,0.056412913,0.09824,0.10989276,0.34218177,0.0056076483,0.023539292,0.0018675126,0.022173932,0.014374816,0.38028497,3.7147063e-06,4.3503427e-05,0.0036338936,2.1166772e-05,0.41766068,0.011460237,0.051664256,0.09030815,0.16688493,0.0004724748,0.0019658932
0.00097632577,0.085054114,0.044214312,0.28790212,0.10505775,0.18792683,0.19725919,0.4566712,0.0141105885,0.03572569,0.005204228,0.041077852,0.0328603,0.39802328,3.4527933e-05,0.0002568171,0.009977926,0.00015427788,0.49242988,0.025556132,0.102928214,0.16665116,0.2564196,0.0016145963,0.005921948
0.00082159915,0.07991145,0.040957924,0.282503,0.098618835,0.17903845,0.19067404,0.4485868,0.01273121,0.033334594,0.004603913,0.038148105,0.030311733,0.3949786,2.649236e-05,0.00020699462,0.008955712,0.00012241797,0.48829043,0.023258151,0.0975821,0.16009176,0.24846487,0.0014052638,0.005222585
0.011283349,0.3184175,0.2851573,0.60130525,0.4086628,0.66242,0.6262904,0.7578189,0.06495206,0.043680463,0.029276185,0.10825242,0.18516909,0.43902808,0.0013308002,0.0045189727,0.06207333,0.004488491,0.7024796,0.10330438,0.45126072,0.6191094,0.6132357,0.011164583,0.03946962
0.00035887188,0.052922897,0.022292063,0.210101,0.063342676,0.1061909,0.11861843,0.35598588,0.007562117,0.029417418,0.0026076362,0.02798432,0.017552223,0.38520318,8.027183e-06,7.8133606e-05,0.0049930396,4.018315e-05,0.42915535,0.0144249145,0.060291637,0.09524137,0.1820415,0.00070995727,0.002793614
0.00027507893,0.048996672,0.02082259,0.21727583,0.06052469,0.106213845,0.117849454,0.35518068,0.0064201984,0.025377562,0.00216687,0.024157831,0.016030623,0.38440558,5.162814e-06,5.5954883e-05,0.0042185374,2.8165205e-05,0.42947918,0.012641698,0.056761723,0.096451715,0.17631546,0.0005654252,0.0023164593
0.0037296398,0.17251918,0.12271895,0.44031978,0.22029473,0.40386084,0.39718607,0.6258883,0.032715436,0.041909724,0.013359144,0.06967851,0.083991535,0.4160301,0.0002579892,0.0012531625,0.026795998,0.0009836167,0.6046885,0.05466539,0.23627329,0.36459714,0.42656156,0.0048093647,0.016781949
2.0943216e-06,0.005739012,0.0010751489,0.05262196,0.007375583,0.010009965,0.013272057,0.1103711,0.0002893255,0.0060972273,6.9101465e-05,0.003310125,0.0009752287,0.32619154,3.9692662e-09,1.5855024e-07,0.00013441117,4.0811834e-08,0.24413629,0.0008518902,0.005520323,0.009915192,0.03618886,8.508182e-06,6.095767e-05
0.002113356,0.12360661,0.07381421,0.35274845,0.15258135,0.27924174,0.28144783,0.53775775,0.022854,0.04152849,0.008802917,0.05511936,0.052693617,0.4057398,0.00011045761,0.00063637714,0.01715043,0.0004338874,0.5445118,0.038726974,0.15440321,0.24712236,0.326027,0.0030323023,0.010665147
0.000956221,0.08394077,0.04269469,0.2805789,0.10220032,0.18202062,0.19202459,0.4481815,0.013957298,0.03634133,0.005090155,0.040493146,0.03179111,0.39606068,3.4236382e-05,0.0002516343,0.0098206205,0.00015122365,0.48903972,0.024614422,0.09997485,0.16064933,0.24969377,0.0015721066,0.0058799842
0.004097045,0.17809466,0.12657276,0.4410335,0.22434193,0.40783998,0.40087256,0.6280541,0.034588188,0.044271518,0.014359999,0.07269766,0.08712763,0.41776744,0.00030284576,0.0014133642,0.028525826,0.0011270483,0.6058761,0.056837015,0.24120477,0.36611682,0.43139568,0.0052393386,0.018050676
0.00017294318,0.038394272,0.014393791,0.17563987,0.046364043,0.07563233,0.08704685,0.3039899,0.004781996,0.023867423,0.0015724143,0.020607471,0.011575845,0.37731144,2.6837165e-06,3.224783e-05,0.0029999,1.49241705e-05,0.39398092,0.009664752,0.04243801,0.06896452,0.14530787,0.00038313452,0.0016156136
5.169647e-06,0.0082459925,0.0017554322,0.06583014,0.010410711,0.014205669,0.018332023,0.1310488,0.00050447806,0.008311828,0.00013098794,0.004821412,0.0015547356,0.33569977,1.4630948e-08,4.6437944e-07,0.00024857518,1.3329908e-07,0.2653613,0.001397804,0.008054011,0.01386164,0.046680734,1.8337018e-05,0.00011592211
0.010217316,0.3093647,0.2752847,0.5995613,0.40072724,0.65546316,0.6227507,0.75466573,0.061408952,0.041716624,0.02762386,0.10416337,0.17958368,0.43852073,0.0011393294,0.004015528,0.05891438,0.003938975,0.7013244,0.09808035,0.4443225,0.61469465,0.6105255,0.010387746,0.036814917
0.007196312,0.24606223,0.20051986,0.5284648,0.3163305,0.5476761,0.52562755,0.7035769,0.048851516,0.044170354,0.021545138,0.09056609,0.13406095,0.42847604,0.0006918269,0.0027165455,0.043922964,0.0024439506,0.66076446,0.079123855,0.347971,0.5039133,0.5323802,0.008095483,0.027891485
0.00044476494,0.058135394,0.025497455,0.22246437,0.069910474,0.11869181,0.13141279,0.37432277,0.008638492,0.030747786,0.0030015707,0.030577619,0.019910324,0.38619336,1.0942358e-05,0.000100344834,0.0057507856,5.322556e-05,0.44098133,0.016397318,0.06685708,0.106417626,0.19329174,0.0008441866,0.0032696924
0.006779097,0.2244971,0.17601365,0.49207425,0.28553355,0.49839523,0.47793603,0.6778325,0.04696497,0.047904614,0.020323051,0.08861931,0.11791195,0.42372692,0.0006423377,0.0025711237,0.040313896,0.0022075821,0.6403269,0.07502504,0.3077795,0.45261124,0.49028766,0.0077882004,0.026204167
0.0003040623,0.046936113,0.018333238,0.18327431,0.05491817,0.08701946,0.09850728,0.32301992,0.0067173997,0.029875427,0.0022888975,0.026722852,0.014895381,0.37953568,6.451719e-06,6.260623e-05,0.004252212,3.1478936e-05,0.41317022,0.012961421,0.051034078,0.07769669,0.15909268,0.000599671,0.0024497537
0.004820805,0.20127088,0.15234512,0.48140207,0.2597622,0.46884698,0.4550939,0.6631209,0.038240414,0.04166748,0.01607352,0.07659448,0.10311118,0.42071864,0.00037564355,0.0016853933,0.032638256,0.001397659,0.63008183,0.063672565,0.2816467,0.42815238,0.4731146,0.005884362,0.020448169
0.0036758257,0.17021182,0.11944211,0.43429357,0.21647538,0.3956353,0.3900348,0.6210533,0.032257117,0.042374786,0.013266382,0.0692542,0.082554325,0.41575545,0.00025379896,0.001237681,0.02647877,0.0009638119,0.6002473,0.05407168,0.23201212,0.35626394,0.42195934,0.0047857123,0.01651819
0.0001904066,0.040351283,0.015340264,0.18187569,0.048874103,0.080240496,0.091424,0.3121252,0.0050596357,0.024281813,0.0016761601,0.021380542,0.0123430155,0.37814334,3.0765282e-06,3.624489e-05,0.003217619,1.702207e-05,0.40038937,0.010210119,0.044987958,0.07334216,0.14966339,0.00041776497,0.0017437397
1.6401367e-05,0.014019259,0.0037197906,0.099596284,0.018230006,0.02765224,0.033191457,0.18133777,0.0010456095,0.011182285,0.00029630944,0.0074508507,0.0031080656,0.34777355,7.551911e-08,1.8408994e-06,0.0005544643,6.125705e-07,0.30327728,0.0027237104,0.014050569,0.026189327,0.06911061,4.910984e-05,0.0002763386
0.013913594,0.3537943,0.3271255,0.6294327,0.44967574,0.7041324,0.6663308,0.77536154,0.07409622,0.044269063,0.03420886,0.11892856,0.21297486,0.44447675,0.0018191169,0.0058030053,0.07376076,0.0060027763,0.71763706,0.115715116,0.49969506,0.6616421,0.64832664,0.013137286,0.046443198
0.007530605,0.25798357,0.21601164,0.547159,0.33417287,0.5751073,0.5496226,0.7167077,0.05060353,0.042539738,0.022168415,0.09155897,0.14242114,0.4303352,0.00073226256,0.0028501507,0.046022333,0.002594416,0.6705167,0.0820515,0.36824042,0.5324982,0.550567,0.0082804505,0.028937515
0.007796725,0.25427553,0.21048366,0.5358747,0.3280254,0.5620169,0.53581226,0.71098316,0.051346492,0.044804193,0.02259376,0.092851825,0.13899393,0.42876363,0.00077561015,0.0029821084,0.04591534,0.0026885555,0.6644078,0.082747,0.35739547,0.518293,0.5366298,0.008585765,0.029316664
0.0036485374,0.17129639,0.122187786,0.44215873,0.22095436,0.40537217,0.39611349,0.6252971,0.032062266,0.041319117,0.013139499,0.06796059,0.08298736,0.4162717,0.00024531147,0.0012177954,0.026125733,0.00094183633,0.60372204,0.054042775,0.23390093,0.36676532,0.4230635,0.004687572,0.016315421
0.0016029228,0.112754665,0.067418754,0.35204878,0.14390811,0.26880294,0.27153343,0.52991545,0.019259034,0.036478143,0.007294269,0.048521455,0.047451545,0.40420574,7.027866e-05,0.0004563677,0.014335527,0.0003003734,0.5385609,0.034034844,0.1441378,0.24080105,0.31750664,0.0023979726,0.008639202
0.00019347422,0.041760355,0.016496938,0.19561654,0.051309068,0.08844219,0.099443175,0.32545775,0.005182635,0.023537366,0.0017182981,0.021201473,0.013014877,0.38216934,3.1092952e-06,3.677582e-05,0.00327508,1.7585124e-05,0.4081513,0.010384261,0.046876743,0.08004563,0.15628718,0.00042224914,0.0017998796
0.0137169445,0.33276096,0.29795733,0.6006889,0.4186619,0.66669273,0.62863004,0.7596316,0.072920576,0.04899288,0.03361528,0.11709998,0.19399406,0.44171208,0.0018257535,0.0058023096,0.069982395,0.0057881083,0.7012395,0.11215578,0.45998266,0.6203946,0.61236733,0.013435818,0.04513125
