Amoxicillin,Amoxicillin-Clavulanic acid,Ampicillin,Chloramphenicol,Ciprofloxacin,Clindamycin,Cotrimoxazole,Daptomycin,Fosfomycin,Gentamicin,Gentamicin_high_level,Imipenem,Levofloxacin,Linezolid,Minocycline,Mupirocin,Nitrofurantoin,Norfloxacin,Oxacillin,Penicillin,Piperacillin-Tazobactam,Pristinamycin,Strepomycin_high_level,Teicoplanin,Tetracycline,Vancomycin
0.7236441,0.010598403,0.004602653,0.1500761,0.5005375,0.99928916,0.940055,0.00044816156,0.11220583,0.9993248,0.42844835,0.96256727,0.42268702,0.004933067,0.66086304,0.6478278,0.008257442,0.98945785,0.88011134,0.009590148,0.010104614,0.92918617,0.4666806,0.0032298397,0.8060666,0.003474519
0.5000757,0.0025501978,0.002350889,0.100047946,0.18390396,0.99969196,0.96539557,0.00019949712,0.08514216,0.999233,0.3705546,0.9507985,0.080700316,0.0024341424,0.35407153,0.96725386,0.005644924,0.98548466,0.98993134,0.0035659263,0.0013965945,0.8190257,0.38262868,0.00062146364,0.58431095,0.00075947586
0.7700762,0.004065557,0.0015366678,0.13415183,0.43751112,0.9998148,0.96255696,9.141515e-05,0.103414565,0.99978095,0.41669765,0.9690911,0.44487017,0.0019401449,0.8336647,0.58785135,0.0068436675,0.9953009,0.89067644,0.0037127554,0.0039175004,0.9690323,0.37698343,0.0009894699,0.93084806,0.0013153307
0.58943003,0.00011297079,7.699221e-05,0.059714194,0.007704161,0.9999958,0.9944412,1.3194606e-06,0.049770035,0.9999609,0.30535713,0.9695758,0.008010982,8.256327e-05,0.9675886,0.98525745,0.007870419,0.9963242,0.9990314,5.4381082e-05,2.7848206e-05,0.97468466,0.07315321,4.202633e-06,0.9897942,1.18219805e-05
0.55651134,0.005354083,0.004086486,0.1183391,0.330048,0.99938715,0.9476367,0.00041876812,0.09538216,0.99893636,0.3900232,0.94579697,0.18794683,0.004348889,0.3700446,0.9224207,0.0067159715,0.98376185,0.9722821,0.008135972,0.0037301553,0.8380029,0.46863145,0.0018195638,0.5647778,0.0018302996
0.623941,0.01668695,0.010945047,0.16278508,0.53332555,0.9977285,0.9087356,0.0017287921,0.13122344,0.9971825,0.42860025,0.92599756,0.40253872,0.011866096,0.42501235,0.7890664,0.013006324,0.97641855,0.89683366,0.02612217,0.01516298,0.84849334,0.54248506,0.008941769,0.59170914,0.007927352
0.6401624,0.0037234346,0.0019652066,0.122625984,0.11723223,0.99970835,0.96980023,0.00015557656,0.087167434,0.9995503,0.3923215,0.9638871,0.09664984,0.0020026984,0.81627804,0.86990815,0.012439116,0.9877963,0.9791352,0.0018922853,0.0020733727,0.9356029,0.26604375,0.00044299607,0.90873116,0.0007014003
0.5950548,0.0031949102,0.0019786393,0.11689699,0.07959798,0.9997049,0.9727289,0.00016345442,0.086314656,0.9994282,0.39333016,0.96080637,0.05680359,0.0018435426,0.8011737,0.9216148,0.014102829,0.98524666,0.9874028,0.0015109349,0.0014728359,0.91889477,0.23391491,0.00033801503,0.901578,0.0005745693
0.7962665,0.0029523154,0.001033244,0.13482124,0.47572288,0.9998853,0.96706086,5.1409603e-05,0.10578959,0.9998554,0.41523573,0.971199,0.5177444,0.0013979764,0.87249696,0.5243679,0.0061201993,0.99677485,0.86984736,0.0030491957,0.0030537187,0.97896016,0.34982088,0.0007524258,0.95461786,0.0010586003
0.5737834,0.0043043243,0.0028568385,0.12000768,0.108038805,0.99954116,0.9670629,0.0002759655,0.09151732,0.9991621,0.40055612,0.9568899,0.06672804,0.0026653316,0.70293576,0.92612755,0.013270484,0.9825218,0.9853344,0.002353008,0.0020952655,0.8906042,0.27700308,0.00056963175,0.8400721,0.0008737022
0.75168127,0.003995558,0.0015706979,0.13443045,0.33276334,0.99979347,0.9644804,9.994737e-05,0.0990537,0.99975985,0.4051075,0.96916294,0.34476024,0.0019388361,0.84348136,0.6491358,0.007967786,0.99433076,0.92141014,0.003140696,0.003527918,0.9669658,0.34203666,0.0008036084,0.9326089,0.0011221055
0.8358551,0.00876635,0.0031350476,0.1585738,0.9051492,0.9996642,0.93168443,0.00021743204,0.15259692,0.99955314,0.5173002,0.95518005,0.88900965,0.003926313,0.71853393,0.28419647,0.005653619,0.9966545,0.47891247,0.020324694,0.012902569,0.96703,0.5944314,0.007829238,0.8893041,0.0077602747
0.6120443,0.0071449503,0.0042105946,0.13570504,0.18581241,0.9992918,0.95588285,0.00045581924,0.099941775,0.9990752,0.40631005,0.95953095,0.12106425,0.0039555854,0.6530053,0.8741681,0.012032096,0.9818299,0.97140616,0.0042881183,0.0043300255,0.8904775,0.3415561,0.0011914166,0.79574007,0.0015980523
0.60171795,7.296259e-05,4.8877773e-05,0.054969743,0.006284459,0.99999774,0.9953517,6.596329e-07,0.04620954,0.9999745,0.2888773,0.9704883,0.0072684805,5.6345827e-05,0.9746651,0.98671514,0.0068727126,0.99710363,0.9992353,3.810623e-05,1.772174e-05,0.97961044,0.065671064,2.4813817e-06,0.9924344,7.235644e-06
0.6316234,0.004047774,0.0022197794,0.12501189,0.114252366,0.9996605,0.9687326,0.00018596777,0.0889568,0.99947876,0.39301583,0.9626104,0.09207835,0.0021957564,0.8079488,0.8751927,0.013309428,0.98651916,0.9794581,0.002036296,0.002215423,0.93056387,0.26678157,0.00048854144,0.903299,0.00077357993
0.61636525,0.00029219125,0.00018052442,0.076503806,0.016189234,0.9999865,0.9910597,4.817361e-06,0.057800107,0.9999304,0.32506108,0.96920043,0.01783557,0.00019860583,0.9542619,0.9670331,0.009604579,0.9951108,0.99753964,0.00014242805,9.49378e-05,0.972358,0.10420883,1.4553884e-05,0.98431605,3.621117e-05
0.5382559,0.0016144312,0.0012165207,0.09561008,0.051492102,0.9998442,0.9800125,8.0984784e-05,0.07852814,0.9994998,0.38279834,0.95609444,0.029193822,0.0011561959,0.7689179,0.9669784,0.011393005,0.98696727,0.99441755,0.0008420315,0.000609246,0.89997154,0.20297308,0.00016018601,0.89346397,0.00028750242
0.74064416,0.011150169,0.0048613166,0.15045998,0.6525676,0.9992902,0.9320061,0.0004690979,0.11915815,0.9992716,0.4481184,0.95803326,0.5724605,0.005402978,0.6187804,0.58735234,0.0073309145,0.9910149,0.82069427,0.0140749905,0.011931144,0.9310155,0.52870524,0.004895753,0.7831754,0.0048067747
0.7239746,0.011679147,0.0050950395,0.15254305,0.53478,0.9991937,0.9356848,0.0005194415,0.11533629,0.9992391,0.4325938,0.9605863,0.45197958,0.0055154846,0.6387443,0.6397318,0.00832632,0.989066,0.86716455,0.011319997,0.0114486115,0.9257488,0.4856107,0.003942522,0.78824943,0.0040828665
0.7052565,0.0023044245,0.0010225397,0.121766105,0.13436949,0.9998683,0.9745833,5.883089e-05,0.0833969,0.9998085,0.37328193,0.97070235,0.14561726,0.0012072903,0.88392574,0.8035429,0.0094109755,0.99336725,0.97276974,0.001357316,0.0015220953,0.9665571,0.24855688,0.000276273,0.9509096,0.00046424646
0.58452916,0.0031701925,0.0019886058,0.114778526,0.08225755,0.9997054,0.9728608,0.00016397268,0.08601607,0.99941194,0.39444378,0.95988226,0.05581197,0.0018726029,0.78136116,0.92787707,0.013397922,0.9852195,0.9878848,0.0015297995,0.0014414459,0.91302866,0.24027903,0.00034267656,0.8907308,0.0005709945
0.41576898,8.493018e-07,1.0660403e-06,0.013868394,0.00021131037,1.0,0.9993519,1.8719828e-09,0.023098532,0.99999607,0.20989071,0.94687283,0.0001494339,1.6003428e-06,0.99228466,0.9998313,0.0024111564,0.9990073,0.9999913,6.461475e-07,8.441365e-08,0.9765203,0.013670864,1.4740387e-08,0.9983432,6.903085e-08
0.5669892,4.837534e-05,3.5667064e-05,0.04711164,0.0040533235,0.99999857,0.9963599,3.9417276e-07,0.043720398,0.99997604,0.2862642,0.96837974,0.0040481696,3.8719252e-05,0.9762092,0.9928731,0.0065149735,0.9971861,0.9995666,2.3787714e-05,9.5200185e-06,0.9762393,0.053654395,1.4344179e-06,0.99299,4.3945784e-06
0.6214837,0.0018061805,0.001054582,0.110534035,0.052557398,0.9998599,0.979231,6.7154906e-05,0.0782078,0.9996908,0.37298918,0.964525,0.048716906,0.0010475003,0.88886094,0.91942245,0.0142458975,0.9893393,0.99020326,0.00083703094,0.00080059725,0.9498693,0.18462412,0.00015380903,0.9518717,0.00029874212
0.5711554,8.811534e-05,6.409349e-05,0.05434335,0.005870607,0.9999968,0.99514896,9.761709e-07,0.0481956,0.99996114,0.30182394,0.9674046,0.0057454254,6.755519e-05,0.969636,0.98976517,0.007843281,0.9963695,0.999305,4.2401636e-05,1.9324096e-05,0.9725999,0.06470042,3.078286e-06,0.9905066,8.920245e-06
0.5447271,0.0036916793,0.0027574152,0.113313854,0.11841491,0.99957806,0.96729803,0.00026071287,0.08999659,0.9991301,0.39396194,0.9552934,0.062389627,0.0026148811,0.597943,0.9468284,0.010486958,0.9828099,0.9879403,0.0025017895,0.0018019429,0.86488575,0.2973688,0.00056163204,0.776412,0.0008221642
0.806528,0.009857104,0.0038346944,0.15563439,0.8585914,0.9995409,0.92887944,0.00030790947,0.14165284,0.9994286,0.49895802,0.95362717,0.8288169,0.0046310457,0.6784158,0.37108883,0.006301778,0.99525464,0.5958781,0.020079536,0.01316799,0.95691055,0.5867465,0.007506253,0.8535424,0.007222722
0.50193924,0.00021813576,0.000177837,0.059709154,0.010060909,0.999987,0.9926278,4.6052805e-06,0.05975624,0.99985206,0.33604607,0.9490849,0.006437804,0.00019623466,0.92135954,0.9915524,0.009526277,0.9933466,0.99900997,0.00010611512,5.1311006e-05,0.9356898,0.09372259,1.1739093e-05,0.9714925,2.8665561e-05
0.68958116,0.006230834,0.002848796,0.13976297,0.2295857,0.99954444,0.959426,0.0002549335,0.09781706,0.99950194,0.40238336,0.96581954,0.20207393,0.0030074813,0.7840461,0.76280975,0.010998011,0.98863274,0.9518362,0.003722964,0.0045255544,0.94040674,0.3330954,0.0010303059,0.88827896,0.0014252253
0.58869857,0.004759781,0.002997994,0.123084925,0.1289021,0.9995265,0.96488035,0.0002890382,0.09228276,0.9992248,0.4007388,0.95936096,0.08094273,0.002806716,0.69033444,0.91175866,0.012119889,0.98318624,0.98229134,0.00267585,0.0024932483,0.8933871,0.29602554,0.00066210615,0.82912487,0.00097404246
0.7473475,0.005456373,0.0021429923,0.14002633,0.36814556,0.99969256,0.9591226,0.00015834816,0.10276804,0.9996773,0.41240743,0.9680435,0.3639337,0.0025682675,0.81240046,0.6383313,0.0083650565,0.993166,0.9103425,0.0042416938,0.0049490565,0.9604234,0.36838892,0.0011834754,0.91261107,0.0015567235
0.5131834,0.0004986899,0.00042537088,0.07399376,0.01935333,0.99995995,0.9888742,1.6731728e-05,0.06711027,0.99973947,0.3577467,0.9551756,0.010959597,0.00040939535,0.863883,0.9864352,0.010178993,0.99095446,0.99809366,0.000248804,0.00014025405,0.9184473,0.12887007,3.4919933e-05,0.94715446,7.828045e-05
0.6302034,0.0010188629,0.0005637887,0.09814561,0.041775648,0.9999391,0.9840835,2.5876388e-05,0.07042581,0.9998317,0.35605365,0.9670844,0.041876033,0.0006145926,0.9153373,0.9302191,0.011464007,0.99247617,0.99278307,0.00048641718,0.0004302174,0.96082526,0.16511248,7.3940806e-05,0.96569264,0.00015150062
0.60717964,0.0007731152,0.0004789579,0.09191041,0.028160797,0.9999509,0.9862292,2.0849633e-05,0.06805377,0.9998307,0.353422,0.9660125,0.026808193,0.00048361227,0.9233804,0.9531349,0.012340999,0.99211895,0.99532473,0.00035337862,0.00027956252,0.95865995,0.13941038,5.00342e-05,0.97002214,0.00011035117
0.62297034,0.0029022829,0.001634907,0.11743687,0.08360167,0.99976736,0.97389865,0.00012156681,0.08357219,0.9995834,0.38637817,0.9642824,0.06833906,0.0015976196,0.8379458,0.9002262,0.013218435,0.9877037,0.9853079,0.0013827764,0.0014261296,0.93683016,0.23187894,0.00029587868,0.922691,0.0005099691
0.6291303,0.0009046282,0.0005085153,0.09624889,0.037626103,0.9999465,0.9849221,2.2381926e-05,0.06916557,0.99984396,0.3530692,0.9674268,0.038171787,0.0005513516,0.9206184,0.9353415,0.011420163,0.9927303,0.99354774,0.00043168932,0.00037087774,0.9622827,0.15692505,6.303727e-05,0.96836287,0.0001325405
0.7114738,0.0032127805,0.0013882621,0.12908748,0.17624016,0.99980634,0.9701479,9.119975e-05,0.08899834,0.99975365,0.38518986,0.9697721,0.18362428,0.0016174891,0.862555,0.7676011,0.009713681,0.99267584,0.96246225,0.0019508455,0.0022911658,0.96302205,0.277456,0.0004437479,0.93916553,0.0006952874
0.84827083,0.006744258,0.002305972,0.15115893,0.9197096,0.9997886,0.9377259,0.00013337919,0.15048985,0.99969506,0.5214053,0.9587048,0.90663993,0.002940828,0.7347332,0.2636261,0.0045356946,0.9975172,0.4569524,0.017223734,0.010255598,0.9722233,0.59715724,0.006295067,0.9031078,0.0062579284
0.57708335,6.9260323e-06,5.379597e-06,0.030217072,0.001225016,0.9999999,0.99847645,2.2596804e-08,0.030106412,0.99999535,0.234211,0.97297215,0.0016595551,6.678467e-06,0.99147075,0.9972217,0.0038229777,0.99884975,0.99989235,4.249363e-06,1.0514826e-06,0.9887926,0.028045632,1.2995801e-07,0.99803334,4.880356e-07
0.6253025,0.0026603078,0.0014749813,0.116617896,0.07714527,0.99979144,0.9750959,0.00010746724,0.0827284,0.99961746,0.384145,0.9647218,0.064731084,0.0014578841,0.8500297,0.9017347,0.013250282,0.9881936,0.98638165,0.0012390817,0.0012908987,0.9401404,0.22155581,0.00025924374,0.9297085,0.00045687586
0.4780175,7.4863015e-06,8.0426535e-06,0.026053572,0.0010764315,0.9999999,0.99824095,3.684863e-08,0.034547485,0.9999856,0.25184104,0.95006573,0.0007297251,1.01559435e-05,0.9817203,0.9990439,0.0041963696,0.99782073,0.9999331,5.0007466e-06,1.0905987e-06,0.9669038,0.030302582,2.0100973e-07,0.995033,6.929296e-07
0.52408564,0.0033291958,0.0026958978,0.107094735,0.16294448,0.99961424,0.96489733,0.00024763984,0.08785316,0.99916744,0.38412905,0.9532538,0.07827109,0.0027078653,0.45645353,0.955493,0.0074441503,0.98425734,0.9880333,0.0032789814,0.0017635251,0.8400482,0.35212088,0.00066592667,0.66985935,0.00086311175
0.6247565,0.0066815843,0.0037050731,0.1334488,0.19254506,0.9993942,0.9576628,0.0003790267,0.097044334,0.99923,0.4062407,0.9616408,0.13133521,0.0035833588,0.67725414,0.8612289,0.011317194,0.983817,0.9696275,0.0039494415,0.004134211,0.90218323,0.34190965,0.0010878542,0.81379646,0.0014594509
0.592538,5.157139e-05,3.6032114e-05,0.050474804,0.004807466,0.99999857,0.99609095,4.0835474e-07,0.0436149,0.99997973,0.28261545,0.9710715,0.005520001,4.057449e-05,0.97802985,0.98990613,0.0063748783,0.9974184,0.99944764,2.7018521e-05,1.1375481e-05,0.98074794,0.057355262,1.5748527e-06,0.99368495,4.8189413e-06
0.6347245,0.009173874,0.004990138,0.14284192,0.2648019,0.9991497,0.94824517,0.00056021987,0.10432248,0.9990441,0.41118777,0.9599318,0.18015254,0.0048267613,0.6167768,0.83178926,0.01086871,0.98260397,0.9562777,0.0061625848,0.006348844,0.89237124,0.38986775,0.0018489582,0.7637073,0.0022451037
0.650822,0.00844968,0.004355987,0.14096881,0.25890955,0.99927145,0.9512355,0.0004618169,0.101813644,0.9991974,0.4105982,0.9617752,0.18820702,0.0043192976,0.6659976,0.8123262,0.010817198,0.9844541,0.9543839,0.0054355566,0.005949501,0.9071269,0.379023,0.0016205049,0.80231935,0.0020179073
0.5632453,0.0061376905,0.0045331437,0.124698445,0.30974683,0.9993031,0.9468651,0.0004799922,0.0990322,0.99887556,0.39204746,0.94876724,0.17365131,0.004658379,0.39011687,0.91671604,0.0073908553,0.98252976,0.97116727,0.007935133,0.00421576,0.8385096,0.4536416,0.0018797161,0.58320016,0.0019735282
0.8971143,0.0035767474,0.0011785772,0.14886805,0.98108155,0.999936,0.94427216,3.7980597e-05,0.18727778,0.9998474,0.5846362,0.95436794,0.977829,0.0015934175,0.78085,0.1376399,0.002909182,0.99910045,0.20353743,0.018860208,0.006959184,0.9844446,0.65091276,0.006803094,0.9472829,0.006699302
0.7965347,0.0035711336,0.0012845435,0.13731009,0.5467088,0.99985635,0.9630938,6.8831236e-05,0.11225166,0.9998165,0.43215093,0.96789426,0.5767118,0.0017306892,0.8566049,0.49644858,0.0064852363,0.9965893,0.838336,0.004033905,0.0038272187,0.9767371,0.38605472,0.0010711704,0.9479227,0.0014377602
0.5089947,0.0029442052,0.0026771622,0.10662589,0.18993379,0.9996464,0.9632541,0.0002313361,0.08913156,0.9991792,0.37307462,0.9522429,0.08268752,0.0026611872,0.35827315,0.9632854,0.005919655,0.98436755,0.98852485,0.0038572208,0.0016610412,0.81777656,0.38342875,0.00070473633,0.58351344,0.0008683247
0.5606629,1.7631355e-05,1.348426e-05,0.036883436,0.0021057534,0.99999964,0.99772054,8.924655e-08,0.036414426,0.99998915,0.26170376,0.9697992,0.002284961,1.5547024e-05,0.9851112,0.9960747,0.004925141,0.99815124,0.9998035,9.318142e-06,2.9439989e-06,0.98214173,0.037960786,4.0347524e-07,0.99607444,1.3678609e-06
0.75930685,0.011272337,0.004666088,0.15287808,0.70031637,0.9993388,0.9309329,0.0004336226,0.12300709,0.9993273,0.4557792,0.95867187,0.6323492,0.005267269,0.6363745,0.53402764,0.007020599,0.9920953,0.781429,0.0149992695,0.012781877,0.9383627,0.53821325,0.0053744414,0.80064505,0.005248166
0.7636899,0.015183452,0.008119331,0.17433634,0.8912851,0.99868864,0.89894587,0.0010258426,0.16598003,0.99800926,0.52696514,0.9129346,0.86269146,0.009753378,0.57455677,0.41753373,0.011406321,0.9911506,0.54824144,0.049010187,0.020617051,0.93195915,0.648918,0.019963674,0.77770346,0.016985962
0.8758122,0.0047281445,0.0014191355,0.14909223,0.94409055,0.99989235,0.9471942,6.2116866e-05,0.15745111,0.9998264,0.53071034,0.9643827,0.9380622,0.001910907,0.7862354,0.19975877,0.0034933712,0.9985613,0.3667186,0.013480211,0.0077289855,0.9813333,0.579609,0.004744943,0.9379737,0.0050094523
0.564905,0.004473875,0.0030427391,0.11819226,0.14594188,0.9995338,0.9640982,0.0002934159,0.09143288,0.99917895,0.39746872,0.9578334,0.08114707,0.0028987592,0.59831876,0.9295065,0.010034301,0.983254,0.9839802,0.0029886556,0.0023560592,0.87226,0.32049766,0.0007082647,0.7695097,0.0009848131
0.8675508,0.005741252,0.0018186147,0.14993869,0.9421914,0.9998534,0.9412145,8.868164e-05,0.1545182,0.9997743,0.5307236,0.96241385,0.93206215,0.0023294573,0.7513762,0.21971652,0.0037192218,0.99819595,0.38460767,0.01630881,0.009186392,0.9771488,0.6014039,0.0059054955,0.9192367,0.00596562
0.77548563,0.004629487,0.0017324908,0.14206702,0.45077872,0.9997731,0.9606335,0.00011234513,0.10786632,0.9997464,0.41780406,0.96826196,0.46924666,0.002179883,0.83845866,0.5550445,0.007633738,0.9950074,0.87630796,0.0042612785,0.0046315114,0.96990436,0.36957824,0.0011719129,0.9342348,0.0015644089
0.7606027,0.0017041537,0.0007063228,0.12233499,0.23620534,0.99992406,0.9752652,3.0124434e-05,0.09200308,0.99987733,0.3841822,0.9691227,0.29293516,0.000967549,0.91275686,0.6861041,0.007800598,0.99638015,0.94636804,0.0014504774,0.0014136368,0.98017246,0.26812726,0.0002873306,0.9697826,0.0004781439
0.81432176,0.007610604,0.002680755,0.14797841,0.8135323,0.99970144,0.9411297,0.00018228663,0.13030131,0.9996524,0.47926342,0.96316385,0.7866822,0.0033065963,0.72944057,0.3785877,0.005332357,0.9960854,0.6568396,0.012486589,0.0098892925,0.9645087,0.54022163,0.004328482,0.8835832,0.0044911853
0.52910155,0.000965112,0.00077159354,0.08622289,0.03225567,0.9999131,0.98463815,4.1162046e-05,0.07353717,0.99962497,0.3739235,0.9568256,0.018244624,0.00072170614,0.82105964,0.9776449,0.011183061,0.9888099,0.9965706,0.0004745009,0.00031509966,0.9100433,0.16322133,7.972758e-05,0.9244727,0.0001612125
0.60494304,1.6912154e-05,1.1912223e-05,0.03956575,0.0024939175,0.99999964,0.9976114,7.762087e-08,0.035285786,0.9999925,0.25182667,0.97398394,0.0034900645,1.4748866e-05,0.98821926,0.99365556,0.004654321,0.99850994,0.99974257,9.997223e-06,3.320953e-06,0.9881314,0.039965115,3.9874425e-07,0.9970772,1.3789611e-06
0.657625,0.00019045817,0.00010769776,0.073869534,0.016362937,0.99999297,0.99219114,2.1591031e-06,0.05416268,0.9999634,0.30442974,0.9722695,0.022976788,0.00013802358,0.96831334,0.95802873,0.0077827713,0.9968143,0.9974101,0.000107788794,7.039322e-05,0.9826063,0.09945468,9.329816e-06,0.9900359,2.3888197e-05
0.5934763,0.010308836,0.0074420483,0.1421629,0.4822628,0.998638,0.9237788,0.0010001576,0.11500144,0.99800056,0.41329005,0.92999184,0.33578172,0.008185335,0.37972152,0.8569617,0.009703746,0.9797963,0.9349355,0.018616304,0.008695426,0.8425618,0.53339195,0.0052434504,0.5571677,0.004662143
0.8208526,0.014031656,0.005903833,0.1784643,0.9246091,0.99923146,0.9098278,0.0005603881,0.17335099,0.9989274,0.5395423,0.9365645,0.9068752,0.0068920557,0.66005856,0.28441182,0.008614069,0.9947842,0.4101056,0.039054126,0.020820344,0.9548113,0.6344452,0.017268727,0.8540135,0.015839348
0.7548765,0.02454852,0.015182381,0.20670125,0.91639143,0.9968381,0.87191266,0.002748053,0.20410466,0.99474406,0.56140316,0.8679646,0.89853734,0.017922355,0.58636236,0.35200155,0.022107825,0.98666245,0.42739746,0.08911139,0.03454576,0.92170703,0.6636261,0.04348738,0.78766704,0.0369861
0.5408935,0.001541703,0.0011715736,0.09595444,0.04676076,0.99985147,0.98070854,7.6190845e-05,0.07826696,0.99951637,0.38279387,0.95770097,0.026956163,0.0010834535,0.7862624,0.9677499,0.011825016,0.98707473,0.9946761,0.0007731569,0.000564594,0.9040765,0.19311902,0.00014491501,0.90325874,0.0002712865
0.8815353,0.00538728,0.0017357813,0.15483259,0.9659308,0.9998741,0.9391666,7.716811e-05,0.17299457,0.99977356,0.5586761,0.95747006,0.95985436,0.0022452776,0.7584205,0.17360552,0.0036477628,0.9985643,0.27696034,0.019896956,0.009465577,0.97988176,0.6289006,0.0076004514,0.93053424,0.0075316164
0.44051126,6.329409e-07,6.925147e-07,0.013188721,0.00016277924,1.0,0.99953127,9.410981e-10,0.019836085,0.9999981,0.20190348,0.96576256,0.00014068038,9.068611e-07,0.9948408,0.9998171,0.002030614,0.9993173,0.9999924,3.9538202e-07,5.207165e-08,0.98472273,0.011018028,7.1832873e-09,0.9989532,3.695519e-08
0.73110765,0.01133729,0.0052742115,0.14928307,0.6816544,0.9991922,0.928354,0.00054885395,0.12232791,0.9990889,0.4553027,0.95046026,0.60611135,0.0061333813,0.5945027,0.59776276,0.007958368,0.9904946,0.81045055,0.017038144,0.012284656,0.92628354,0.55033517,0.0059437477,0.76644933,0.005579791
0.5784402,1.133003e-05,8.596389e-06,0.03448243,0.001700291,0.99999976,0.9980914,4.576876e-08,0.033195406,0.99999344,0.24721876,0.9728822,0.0021710796,1.0235431e-05,0.9891199,0.99622786,0.0043234667,0.99859756,0.9998419,6.5360914e-06,1.8676667e-06,0.98703206,0.03330356,2.3550673e-07,0.9973562,8.4713145e-07
0.75944626,0.0076943543,0.003059041,0.14173241,0.58369017,0.9995902,0.94661856,0.00024171652,0.112725995,0.9995684,0.43976352,0.9636687,0.5385292,0.003623124,0.7265097,0.5635927,0.006922049,0.9933564,0.8425538,0.00824287,0.008063112,0.95106065,0.47324476,0.0026524577,0.862659,0.0029324049
0.8859532,0.002440304,0.0006435369,0.13680483,0.9343049,0.9999591,0.962408,2.0327541e-05,0.14798371,0.99992347,0.51550895,0.9707553,0.9355961,0.0009788377,0.85089844,0.1934165,0.0027132933,0.99914646,0.41178456,0.006795104,0.0038797173,0.988272,0.5115341,0.0019834833,0.96492285,0.0023481904
0.6022946,8.1774546e-05,5.4032105e-05,0.056217954,0.006763204,0.9999974,0.99507785,7.585315e-07,0.04718359,0.9999716,0.29126495,0.9691124,0.007886681,6.382543e-05,0.9738332,0.9857245,0.0071930964,0.99696034,0.99915123,4.2805477e-05,2.045825e-05,0.9789483,0.06868516,2.8807835e-06,0.99205947,8.195307e-06
0.55540454,3.2679597e-07,2.9488467e-07,0.01348427,0.00016101186,1.0,0.99964845,2.7084143e-10,0.015820812,0.99999964,0.17766076,0.98111695,0.00027695153,3.954601e-07,0.99792886,0.9995845,0.001501173,0.99970055,0.9999907,2.3142302e-07,2.8855155e-08,0.99555063,0.009512201,2.8332945e-09,0.9996669,1.4861919e-08
0.5838088,3.0418194e-05,2.1449183e-05,0.043346852,0.0032949725,0.9999993,0.9969675,1.8661608e-07,0.040008947,0.99998534,0.270538,0.96903473,0.0038609493,2.6004827e-05,0.98257565,0.9932116,0.0057141534,0.99785244,0.99965143,1.6265061e-05,6.0804277e-06,0.9821806,0.047598746,8.1642526e-07,0.9952122,2.56466e-06
0.856227,0.004575221,0.0013978208,0.14623378,0.8843312,0.99987805,0.95224553,6.6908426e-05,0.14122641,0.99982786,0.49687693,0.9670826,0.88056034,0.0018866666,0.8065674,0.2629977,0.0040973327,0.99812263,0.5237253,0.009475665,0.0066781454,0.98016924,0.51947796,0.0030736115,0.93916976,0.0034485857
0.5961802,0.0027781639,0.001692582,0.11054722,0.0832956,0.9997671,0.97402364,0.00012470508,0.083199106,0.99951994,0.3880501,0.9601222,0.0592627,0.0016639363,0.8003048,0.92362124,0.012338121,0.9868644,0.98777276,0.001384807,0.0013037588,0.92075527,0.24301706,0.00030156304,0.9015234,0.00049489306
0.00597414,3.885973e-09,1.2163868e-07,0.004006669,0.00013763572,1.0,0.9992205,2.6181062e-09,0.031693276,0.98377454,0.061616685,0.0013663989,3.775817e-05,1.4005769e-05,0.32409057,1.0,0.0018009114,0.99216676,1.0,2.0800777e-05,8.865452e-10,0.28803906,0.044769246,3.9950766e-08,0.7478152,1.0896552e-07
0.71528095,0.0057533793,0.0024382272,0.13583806,0.29928252,0.99964,0.95927024,0.00019363606,0.09819963,0.9996075,0.4076633,0.9668664,0.27375165,0.0027745664,0.7866075,0.7164854,0.008995803,0.991239,0.9363059,0.0039581717,0.0046516294,0.94878846,0.36233342,0.0010992017,0.89235425,0.0014449499
0.7365621,0.0060176034,0.002438958,0.14147426,0.35341597,0.9996455,0.9575927,0.00018952577,0.10190157,0.99964,0.4104388,0.96824753,0.3353274,0.002777642,0.79405695,0.65763754,0.008530213,0.99220216,0.9167037,0.0044354512,0.0053239036,0.95503044,0.37149414,0.0012693771,0.8998436,0.0016463214
0.55844206,0.0011687853,0.00083175045,0.09168933,0.037340786,0.99990606,0.98340285,4.4800625e-05,0.07404245,0.999663,0.37367913,0.9590749,0.024516126,0.0007902278,0.8497135,0.9660446,0.011889114,0.988962,0.9952838,0.0005439421,0.000414783,0.9237229,0.17169493,9.406998e-05,0.93426096,0.00018420896
0.57534784,0.006703723,0.004585533,0.12864843,0.24840586,0.99926347,0.9506051,0.00049941964,0.099734895,0.99890375,0.39882663,0.9535015,0.14063884,0.0045154714,0.47963154,0.9075568,0.009008582,0.98147696,0.9726952,0.0061395233,0.0042901547,0.85267264,0.40566158,0.001569478,0.6628639,0.0018258101
0.43634832,0.00035655175,0.00035122674,0.06420863,0.014671512,0.9999629,0.9889852,1.4617604e-05,0.071440876,0.99951315,0.3390993,0.900062,0.008711236,0.00048787665,0.8564902,0.99269885,0.01274199,0.98909634,0.9988381,0.0002748637,0.00010157103,0.8901358,0.1246008,3.5075896e-05,0.94251764,7.213028e-05
0.5987659,0.0041360375,0.0025175894,0.12211749,0.10215942,0.9996037,0.9685069,0.00022958813,0.09004751,0.9993259,0.39877966,0.9603182,0.070719235,0.0023613777,0.7636321,0.90950686,0.013790805,0.9840933,0.983931,0.0020585165,0.0020490882,0.9108581,0.2633743,0.00049651274,0.8770014,0.00079226354
0.55698884,3.6017602e-06,2.9868543e-06,0.024695043,0.0007248243,1.0,0.9988972,9.092883e-09,0.026735494,0.99999666,0.22210643,0.97186184,0.0009772866,3.7993861e-06,0.9934011,0.9984731,0.0033452222,0.99905664,0.99994254,2.2728118e-06,4.6156475e-07,0.9893784,0.021616513,5.829135e-08,0.99856347,2.3033134e-07
0.61283743,0.00492029,0.0029595317,0.11623583,0.32369095,0.99961406,0.9554232,0.00024426123,0.089027464,0.99943954,0.3944508,0.9615677,0.19560882,0.003075013,0.48302782,0.88872004,0.0054848874,0.9883183,0.96755475,0.005258243,0.0034872566,0.88158476,0.44304505,0.0012528057,0.67265296,0.0013468574
0.6598806,0.0022112539,0.0011314643,0.11749178,0.08328526,0.9998474,0.97623706,7.208717e-05,0.08085819,0.9997352,0.3734138,0.96720785,0.08304255,0.0012183627,0.88209105,0.8728264,0.012129771,0.99085355,0.9838568,0.0011217239,0.0011947961,0.95671576,0.21773897,0.00022095707,0.9482624,0.00039558593
0.6164135,0.012201998,0.0076385224,0.1447315,0.4199545,0.9984957,0.9292948,0.0010848494,0.1151408,0.99806315,0.42151046,0.93665206,0.30719,0.008504079,0.4950105,0.81826574,0.012131524,0.97963446,0.93122697,0.014795371,0.009873188,0.8641141,0.4907896,0.004691716,0.66129255,0.004594483
0.5829913,0.00018674765,0.00012699264,0.06560646,0.01007286,0.9999919,0.99310994,2.8015936e-06,0.0543783,0.999936,0.3183078,0.96693724,0.009886524,0.0001329211,0.9585389,0.9822457,0.0092389295,0.9952885,0.99865985,8.7298555e-05,4.840271e-05,0.96871614,0.08483571,7.920668e-06,0.9860221,2.1026666e-05
0.6958927,0.002522966,0.001167227,0.1223719,0.13352333,0.99984574,0.97348267,7.002699e-05,0.08486644,0.9997708,0.37823203,0.96860415,0.14170605,0.0013580343,0.87873113,0.8118826,0.01031784,0.9926473,0.97259575,0.0014889423,0.0016370465,0.96342134,0.25370586,0.0003094465,0.9475427,0.000512916
0.64220524,0.0018672985,0.0010228256,0.11333665,0.062600836,0.9998646,0.97841805,6.349651e-05,0.0785449,0.9997323,0.36962998,0.9663389,0.061741013,0.0010624891,0.8916154,0.89975834,0.013079282,0.99041533,0.9880249,0.00090617366,0.0009094809,0.955408,0.19546455,0.0001680096,0.95339197,0.00031897848
0.78343934,0.008385947,0.0035101469,0.14359543,0.83146656,0.99959856,0.93066597,0.00026476264,0.12571791,0.99949,0.47964433,0.9559395,0.77733636,0.0041150833,0.6066071,0.47894058,0.005061861,0.9948403,0.69635963,0.017763918,0.010522803,0.9472794,0.5991185,0.006009953,0.8000975,0.0054828096
0.7803173,0.0058773034,0.002160371,0.14249599,0.55590296,0.99972695,0.9544131,0.00014658469,0.11110108,0.99971265,0.43106195,0.96817636,0.5425002,0.0026243748,0.7912884,0.52357364,0.0065850755,0.99485457,0.8414946,0.0059322,0.006270618,0.96445537,0.42711315,0.0017865788,0.9075548,0.0021558877
0.67779386,0.009318633,0.0046673818,0.1376508,0.50408703,0.9992938,0.93830603,0.0004697221,0.10572095,0.9992054,0.42484084,0.95737326,0.3855844,0.0050785453,0.5406688,0.7545528,0.007107962,0.98828703,0.9119248,0.010675798,0.008298286,0.90445375,0.50125784,0.003279418,0.7108017,0.0032237775
0.6629127,0.00594947,0.0029255939,0.13656455,0.18545109,0.9995276,0.96122986,0.00027051268,0.095560655,0.9994442,0.4016326,0.9649357,0.15253262,0.0029541967,0.7730904,0.8126997,0.011859824,0.9868795,0.96398133,0.0032795582,0.0039028944,0.93168175,0.3166922,0.0008839382,0.87969583,0.001260962
0.86179703,0.006043379,0.0019645016,0.1504741,0.93708354,0.99983585,0.94010913,0.000101006575,0.1540598,0.9997514,0.52932227,0.9611757,0.9262153,0.0025212085,0.7458971,0.23165181,0.003952693,0.99801826,0.40273115,0.01676487,0.009570113,0.9756933,0.6015794,0.006107158,0.9145532,0.0061112694
0.7360121,0.01030956,0.004506775,0.14649186,0.6292593,0.9993419,0.93519944,0.00042721155,0.11628265,0.99930966,0.4453727,0.95798683,0.5511557,0.005124249,0.6268334,0.6055041,0.007270689,0.9911504,0.83575153,0.012784933,0.010802615,0.9317218,0.5212462,0.0043514706,0.78858,0.004296064
0.7181811,0.009401068,0.004110312,0.14431079,0.47052774,0.99936575,0.9437775,0.00039349715,0.10892706,0.9993648,0.4282225,0.9619272,0.40131834,0.0045611165,0.6794607,0.66454613,0.008413606,0.9898437,0.8930885,0.008406059,0.008702256,0.9319378,0.4552102,0.0027347992,0.81948763,0.003008515
0.57924014,0.0041737035,0.0026413791,0.114442624,0.13800901,0.99959666,0.966284,0.0002410268,0.08798755,0.9992836,0.39772508,0.9574359,0.085264675,0.002655521,0.6645507,0.92043275,0.010606642,0.9847814,0.98324454,0.0026373146,0.0021891731,0.89020044,0.31176233,0.00062472245,0.8139042,0.0008777919
0.7904504,0.012303324,0.0051039304,0.16186117,0.839388,0.99932253,0.92057997,0.00046481215,0.14094774,0.9992173,0.48900825,0.9514135,0.7952573,0.0058178464,0.6265463,0.4202247,0.0069575696,0.9936352,0.62969756,0.023859788,0.01597024,0.9453391,0.59514594,0.009235464,0.8111259,0.008542336
0.7049902,0.009804052,0.0044395295,0.14443466,0.46673617,0.9993231,0.9418851,0.0004309519,0.10757894,0.9993272,0.42393857,0.96241355,0.37548438,0.0047330367,0.633064,0.69886315,0.007881393,0.9888671,0.9028727,0.0088002505,0.008867172,0.9215678,0.46460584,0.0028521246,0.78331935,0.0030456625
0.62675595,0.0057246774,0.0031630052,0.13084832,0.158488,0.99949086,0.9620028,0.00030481056,0.094338626,0.9993156,0.40240806,0.96204984,0.11418283,0.003049164,0.7314523,0.8656056,0.012221612,0.9845766,0.97367483,0.003116725,0.003373642,0.9126765,0.3122113,0.000825368,0.85232323,0.0011807902
0.7983004,0.004640128,0.0016720997,0.14257774,0.59781575,0.9998074,0.95826566,9.772361e-05,0.11465503,0.99977773,0.4354458,0.9686354,0.6055955,0.002103329,0.82541764,0.4733268,0.0062735463,0.99611735,0.81383926,0.0052726683,0.00516479,0.9725537,0.41431883,0.0015085211,0.93245035,0.0019046374
0.6099416,2.1586322e-05,1.4910713e-05,0.042393297,0.0030074068,0.9999995,0.99730897,1.0974267e-07,0.036864564,0.9999913,0.25792304,0.97453976,0.004153689,1.8210134e-05,0.98685545,0.99230206,0.004871019,0.99838984,0.99967957,1.250488e-05,4.4894105e-06,0.98767394,0.04387508,5.39559e-07,0.9966618,1.8297305e-06
0.5372369,0.0005246236,0.0004032105,0.076607496,0.01899867,0.9999629,0.9889848,1.5497317e-05,0.066523544,0.99978536,0.35839176,0.9595428,0.012221809,0.00038131012,0.89393973,0.98223406,0.010870858,0.9914255,0.9977926,0.0002316842,0.00014781844,0.93339413,0.123819344,3.2592645e-05,0.95869696,7.4105206e-05
0.66163915,0.01144737,0.0064126262,0.14584704,0.5298927,0.998928,0.92777866,0.000749043,0.1135788,0.9987507,0.42682636,0.9476716,0.40568843,0.0069158566,0.49263597,0.7635931,0.008589841,0.98517877,0.90324503,0.015298624,0.010450371,0.88692224,0.52332914,0.004898976,0.66609704,0.0045660334
0.6900712,0.014616604,0.008756652,0.16027693,0.7546845,0.9983871,0.9049955,0.0012478669,0.13926083,0.9977424,0.4737353,0.91824573,0.6772375,0.010333194,0.48486233,0.63934255,0.011331343,0.98592573,0.78067315,0.03591316,0.016123278,0.89745873,0.608864,0.012757513,0.6744664,0.01067658
0.53505486,0.0033150245,0.00261645,0.11127397,0.11027207,0.9996061,0.96851987,0.00024227325,0.089659184,0.9991283,0.3916852,0.9546683,0.055614326,0.002453603,0.58418983,0.9542074,0.010265138,0.9827963,0.98953956,0.0023258408,0.0015774748,0.8589807,0.29042992,0.000504168,0.7701883,0.0007525578
0.6522433,0.006786894,0.0034530049,0.13531655,0.21545428,0.99943763,0.95752656,0.00033719445,0.096795924,0.9993344,0.4066241,0.9629916,0.16448848,0.0034916871,0.7217535,0.82187736,0.0112326015,0.98582006,0.96125984,0.0040738834,0.0045176903,0.9192402,0.34662804,0.001135318,0.8443934,0.0015141375
0.55942667,0.0045364266,0.0031166938,0.1135662,0.18297833,0.99951744,0.9615529,0.00030596406,0.08987051,0.99913764,0.39474717,0.9533354,0.10340407,0.0032313648,0.54256874,0.9288752,0.008908895,0.9840009,0.9819327,0.0037858875,0.0025627154,0.8644224,0.3606223,0.0008842996,0.7262762,0.0011090481
0.5947605,0.005156611,0.0031801942,0.12403406,0.15655154,0.99950707,0.9624316,0.00030459615,0.09253485,0.99924576,0.40065888,0.9602131,0.09668041,0.003013221,0.6564085,0.9027065,0.010699929,0.98372364,0.9793336,0.0031186815,0.0028922667,0.8903351,0.32148677,0.0007878806,0.8046596,0.001094631
0.9090558,0.001029851,0.00023908885,0.12275182,0.9556139,0.99998987,0.9731217,4.220627e-06,0.15109387,0.99997365,0.523645,0.9752607,0.95953244,0.000405925,0.8979908,0.15643369,0.0016964999,0.99965405,0.35566524,0.0037165496,0.0016680261,0.9936551,0.47987828,0.00090090226,0.98281974,0.0011775627
0.7400162,0.0013134361,0.0005855134,0.11106372,0.16183953,0.99994445,0.97846574,2.1528449e-05,0.081839025,0.9998983,0.36420548,0.9711939,0.1890692,0.0007575853,0.9103685,0.7752019,0.007103881,0.99602926,0.96878606,0.0009816263,0.00094302784,0.9767413,0.24780023,0.00017594393,0.96736354,0.00030180608
0.7278338,0.004810686,0.0020455322,0.13424252,0.30079255,0.9997148,0.96182966,0.00014621488,0.09803755,0.9996724,0.4053729,0.96696544,0.29134974,0.0023876545,0.8161645,0.6969203,0.008888767,0.9925228,0.9333571,0.0034958422,0.0039974274,0.9569029,0.35168415,0.00093457155,0.9136317,0.0012728749
0.7311805,0.0063084164,0.0026259366,0.13982807,0.35877144,0.9996166,0.9562083,0.0002093834,0.10223597,0.99960154,0.41303325,0.9667264,0.3325755,0.0029916838,0.78054726,0.6691965,0.008650607,0.991742,0.9175827,0.004730755,0.0055404035,0.95106345,0.38246533,0.001378887,0.89080745,0.0017538111
0.5932076,0.0071359514,0.004503029,0.13246562,0.20817244,0.9992495,0.9535565,0.0004968484,0.10011593,0.99896526,0.404989,0.9568647,0.12576069,0.0042901854,0.57779187,0.89144975,0.010882241,0.9812345,0.9723874,0.0050020018,0.004355923,0.872435,0.36757037,0.0013570484,0.74054056,0.0017225475
0.52654773,0.003760693,0.0030195853,0.1079297,0.23227593,0.99956495,0.95905167,0.0002874967,0.088538244,0.9991141,0.3810137,0.9495203,0.11714344,0.0032169186,0.38298857,0.948758,0.006440137,0.98466265,0.98402876,0.004919237,0.0022485584,0.83242005,0.41195744,0.0009894355,0.59589285,0.0011227984
0.6247167,0.0012876906,0.00074312865,0.10118762,0.047583215,0.9999156,0.9818464,3.753211e-05,0.07398728,0.9997768,0.36234692,0.96402156,0.044623327,0.0007946248,0.9012994,0.9282302,0.012306036,0.99115354,0.9917327,0.00062028546,0.0005606055,0.95402086,0.17974216,0.000104495746,0.95841295,0.00020301947
0.723544,0.009837145,0.00420676,0.14849705,0.45765188,0.9993338,0.9437352,0.0004094966,0.11043552,0.9993649,0.426754,0.96302307,0.39515966,0.004620875,0.6952944,0.65153074,0.00881697,0.9896366,0.8902868,0.008265017,0.009160282,0.9345317,0.44392508,0.002740611,0.8301986,0.0030768246
0.8860323,0.0041021886,0.0012578598,0.14441217,0.96613663,0.9999206,0.9458725,4.6710196e-05,0.16473551,0.99984896,0.55249983,0.96232146,0.9602603,0.0016919094,0.77111197,0.17576998,0.002884476,0.9988681,0.295103,0.015468643,0.007163358,0.98226917,0.6223054,0.0054268967,0.9366577,0.0054483362
0.82000726,0.005578362,0.0019008685,0.1462507,0.7576289,0.99979585,0.9515187,0.000111516994,0.12610511,0.99975914,0.46313855,0.96714324,0.7491545,0.0024138947,0.7943921,0.37940562,0.005394966,0.99671507,0.70013285,0.008050346,0.007024007,0.9725419,0.4789669,0.0025536728,0.92199934,0.0029367118
0.55643463,0.0048693973,0.003617144,0.121568546,0.16138862,0.99944204,0.9603163,0.00036463837,0.09582552,0.99901617,0.395772,0.95559895,0.08356653,0.0033541655,0.5335207,0.93501025,0.009783414,0.9813355,0.98336685,0.0036843366,0.002655824,0.8540384,0.34058586,0.00087539514,0.719259,0.0011780574
0.6693235,0.0058963574,0.0027455622,0.13262293,0.22321992,0.9995803,0.9607532,0.00024229358,0.093880914,0.9995152,0.40383926,0.9668181,0.17687024,0.0028612767,0.74480873,0.8039221,0.009693131,0.9883631,0.9600489,0.0034582152,0.0040243086,0.93054414,0.3421605,0.00093457114,0.86189973,0.0012650943
0.7466573,0.01740786,0.011778414,0.19336803,0.9309236,0.9977843,0.8774457,0.0019075839,0.19993937,0.9954509,0.5667233,0.8519551,0.9147868,0.014636934,0.558814,0.38716343,0.018962352,0.98862237,0.4439005,0.08895346,0.024763042,0.9229258,0.6876574,0.038213167,0.7746802,0.031235248
0.7416886,0.013603671,0.00661267,0.15950899,0.7770742,0.99896324,0.915408,0.0007488439,0.13636817,0.99875104,0.4762077,0.94065714,0.7121664,0.0076095914,0.5646679,0.540929,0.008743376,0.9903633,0.7324633,0.026518278,0.015941175,0.9242879,0.59278834,0.009895382,0.75029045,0.008810408
0.6363276,0.00019891173,0.00011881641,0.072701775,0.014644211,0.99999225,0.9922592,2.5338989e-06,0.054135602,0.9999571,0.30925244,0.9719573,0.01816068,0.00013977101,0.96386856,0.96621275,0.008070511,0.9963037,0.9978174,0.00010465729,6.676566e-05,0.97898054,0.09730035,9.278327e-06,0.9883029,2.399942e-05
0.6360874,0.0036520667,0.0019704434,0.12184934,0.11470239,0.99971074,0.96992916,0.00015498443,0.087003134,0.99954504,0.3919438,0.9636664,0.092771925,0.0019896557,0.812287,0.8761374,0.012363838,0.9876067,0.97996396,0.0018630773,0.0020075515,0.93382585,0.26617506,0.00043477965,0.9065276,0.00068982126
0.64560443,0.009648185,0.0055275895,0.13886008,0.4712279,0.99910897,0.9351544,0.0006106462,0.107928,0.9989096,0.41652852,0.9506204,0.3394049,0.005958295,0.48203233,0.8065851,0.007948982,0.98535514,0.9261875,0.012183873,0.0081992205,0.8818041,0.5055744,0.003632088,0.65949273,0.003502891
0.76269406,0.00771635,0.002940719,0.14852157,0.5138268,0.9995796,0.94962806,0.00023728165,0.11206991,0.99959606,0.42845276,0.9668715,0.48674792,0.0034142986,0.7641187,0.5591952,0.007696503,0.9930419,0.8569155,0.0069638574,0.007890723,0.9556989,0.42837635,0.0022201608,0.88554245,0.002623424
0.57912016,0.00016371366,0.00011490893,0.06338313,0.009083865,0.99999297,0.9934629,2.381595e-06,0.05361384,0.9999393,0.31638616,0.96654844,0.008687312,0.00011932393,0.95984405,0.9844788,0.009047587,0.9953902,0.9988232,7.67405e-05,4.1133284e-05,0.96842635,0.08103031,6.8235267e-06,0.9866252,1.833338e-05
0.6549071,0.0031412467,0.0016422684,0.12072997,0.1117207,0.9997688,0.9715379,0.000116481904,0.085928634,0.9996258,0.38360468,0.9636807,0.10171841,0.0017539622,0.8475639,0.86045736,0.012400662,0.9892882,0.9787677,0.001668961,0.0017994369,0.94574046,0.25684804,0.0003744624,0.92831975,0.0006090016
0.61278564,0.00039171474,0.00023840413,0.07949254,0.01968564,0.9999809,0.9898414,7.18827e-06,0.06072304,0.99990726,0.33101898,0.96679246,0.020585157,0.00026596288,0.9453947,0.96366227,0.0101602115,0.9943482,0.9969784,0.00019053355,0.00013245056,0.96774834,0.11681754,2.1309033e-05,0.9801657,5.0182618e-05
0.623104,0.00014110787,8.5370106e-05,0.06554392,0.0108245015,0.999995,0.9934562,1.5131915e-06,0.051640898,0.99996233,0.3003736,0.9682168,0.013973674,0.000108256856,0.9703221,0.9749849,0.008110752,0.9966158,0.9984249,7.601363e-05,4.318021e-05,0.97961694,0.08543451,5.9731015e-06,0.9906578,1.5803134e-05
0.8234111,0.006730945,0.0023376802,0.14631695,0.8332674,0.9997601,0.9435143,0.0001431236,0.13036098,0.9997118,0.4812062,0.96502376,0.80827564,0.002864029,0.7382664,0.35730225,0.0047884993,0.99664885,0.6347729,0.0116862,0.008956707,0.96769005,0.5424813,0.003960812,0.8928957,0.004136898
0.8324901,0.010517423,0.0038700637,0.16508119,0.9089867,0.99955124,0.92519236,0.00029968607,0.15692997,0.99942183,0.52148354,0.95170826,0.8918664,0.004737792,0.6976265,0.28461686,0.0062971488,0.9960796,0.46237925,0.024969649,0.015790705,0.96336424,0.60587806,0.010106737,0.8749608,0.009702152
0.6564609,0.00071023166,0.00038193364,0.095558204,0.038435165,0.99996245,0.9858645,1.44989e-05,0.066979006,0.99989295,0.34191677,0.9698942,0.04469664,0.00044402003,0.93554246,0.92333007,0.01013926,0.99430484,0.9931792,0.00036877452,0.00031847495,0.97162074,0.15122046,4.985407e-05,0.9759464,0.00010697464
0.6053236,0.0052432516,0.0030601043,0.12612057,0.14605816,0.99951315,0.96344805,0.0002968968,0.092557415,0.99927956,0.40266678,0.9616473,0.095705576,0.0029198423,0.69824183,0.8936544,0.01169518,0.98389727,0.97837025,0.0028952963,0.0028874672,0.9016877,0.30639666,0.0007363941,0.83285576,0.0010630469
0.2044039,2.6995829e-06,6.6460825e-06,0.018051768,0.0007162931,0.99999964,0.99799573,5.8256006e-08,0.040918056,0.99986756,0.22723044,0.66610724,0.00032664437,2.0564014e-05,0.9226676,0.9999162,0.0047367443,0.9962321,0.9999888,9.59269e-06,4.5887867e-07,0.8746165,0.034515433,3.2601187e-07,0.98223877,1.0914539e-06
0.6502086,0.010173167,0.005423107,0.14480273,0.33440772,0.9990854,0.94277346,0.0006077448,0.106918015,0.99901354,0.41339526,0.95849067,0.23611663,0.0054139253,0.5899699,0.80265874,0.0099664675,0.98360425,0.94217795,0.007977852,0.0077755754,0.89271367,0.42863387,0.002478165,0.7425681,0.0027911472
0.6035784,0.00013032577,8.606489e-05,0.06274876,0.00912065,0.99999523,0.9938824,1.5307672e-06,0.05113922,0.99995935,0.30379042,0.96905065,0.010081507,9.664251e-05,0.9668872,0.98154193,0.008034396,0.9962818,0.99879336,6.571564e-05,3.5263245e-05,0.9756659,0.080099545,5.224035e-06,0.98942995,1.4194138e-05
0.65066576,0.003340739,0.0017128615,0.12159756,0.11641919,0.9997547,0.97115344,0.00012660633,0.08555422,0.9996226,0.3887822,0.96553624,0.10024535,0.0017797253,0.8318399,0.86246294,0.011788376,0.98899776,0.9789283,0.0017124009,0.0018990898,0.94244653,0.2603822,0.00038755778,0.9185859,0.00062397175
0.5563383,6.8853944e-05,4.983591e-05,0.04947885,0.004975948,0.99999774,0.99577975,6.5691086e-07,0.046980083,0.99996495,0.2967062,0.965156,0.004430306,5.4646414e-05,0.9696233,0.99247193,0.007010345,0.9965843,0.9994727,3.2130134e-05,1.3886311e-05,0.97008216,0.060834836,2.2260517e-06,0.9904145,6.4561564e-06
0.48884034,0.0017635479,0.0016716191,0.09249475,0.14971513,0.9998023,0.97188944,0.0001224203,0.07980207,0.999433,0.36392027,0.9554113,0.059769295,0.0017069734,0.35935128,0.9757218,0.004728692,0.9876066,0.99299484,0.0023470402,0.0008862675,0.8234144,0.349763,0.00036803907,0.6057467,0.00048301934
0.6271233,0.0034893437,0.0019410767,0.122450635,0.098353125,0.9997116,0.971107,0.00015567435,0.08665579,0.99953234,0.39134848,0.9640878,0.079351395,0.0018873169,0.82163346,0.8873428,0.013322846,0.9870077,0.982592,0.0016871641,0.0018087856,0.9336745,0.24847054,0.00038429795,0.91238916,0.0006390736
0.87059397,0.0012986895,0.00038324905,0.13627814,0.8482276,0.9999751,0.9741682,1.0123897e-05,0.14205196,0.99994373,0.4953312,0.96765983,0.88346964,0.00063300744,0.92605394,0.24806243,0.004228898,0.9992261,0.5824111,0.0029116536,0.0017567204,0.9924556,0.37882727,0.0006892906,0.9861659,0.0010552891
0.7554833,0.006932562,0.0026406706,0.14424339,0.46284652,0.999624,0.9529911,0.00020765112,0.10740318,0.9996326,0.42242467,0.9679921,0.4361493,0.003093269,0.77165,0.59338975,0.0075774384,0.9930184,0.8811851,0.0058199433,0.006781573,0.9557201,0.41142562,0.0017850854,0.8884221,0.0021610176
0.64738655,0.008645526,0.0046730028,0.13485803,0.35258642,0.9992424,0.94521946,0.00049475767,0.10231288,0.9991054,0.4135445,0.95627797,0.25355405,0.0049454207,0.58448577,0.8113682,0.009014736,0.9854313,0.944302,0.007689896,0.0066739433,0.89570844,0.4419363,0.0022877096,0.74170244,0.002499249
0.7505452,0.0021591657,0.00086966937,0.12492339,0.22399426,0.99989724,0.97356546,4.3400705e-05,0.089550875,0.9998553,0.38165328,0.97107893,0.2620631,0.0011335836,0.89442086,0.70209706,0.007748568,0.995523,0.9509123,0.001619073,0.0017626631,0.9758529,0.27446198,0.00034017192,0.9595971,0.0005424819
0.8564672,0.0054576797,0.0016667864,0.14873919,0.89624876,0.9998497,0.94764054,8.512452e-05,0.14260934,0.9997981,0.5003281,0.9667242,0.88747036,0.0021885796,0.7819051,0.2590489,0.004053589,0.99793065,0.49937055,0.011521415,0.008124878,0.97771853,0.54247564,0.0039313417,0.9270987,0.0042309486
0.4691969,0.0014724468,0.0015777122,0.08810342,0.17181706,0.9998204,0.9709935,0.0001136035,0.07898079,0.9994137,0.3515957,0.95012134,0.06574972,0.0017085269,0.28139862,0.9804357,0.0039681667,0.9878634,0.99358976,0.0028308143,0.00078953605,0.8025764,0.38405398,0.0003919067,0.5275922,0.0004816784
0.5938882,0.0060679927,0.0039720247,0.12163303,0.342333,0.9994142,0.9484362,0.00038902933,0.09509697,0.9991335,0.3981535,0.95323664,0.20963809,0.004186122,0.44326714,0.89194626,0.0067393854,0.985508,0.9648188,0.007378883,0.004371284,0.8638379,0.46164447,0.0018225142,0.6316245,0.0018801392
0.8356271,0.0058139013,0.0018999478,0.14712787,0.8417501,0.9998105,0.94810903,0.000108626125,0.13518836,0.9997608,0.48618832,0.96552706,0.8316288,0.002480491,0.7808127,0.32022324,0.0048032883,0.99728787,0.60111326,0.010344615,0.007973732,0.9741858,0.52199066,0.0034553045,0.91964006,0.0037816437
0.49836764,2.581319e-06,2.3926796e-06,0.020273114,0.000485144,1.0,0.9991111,6.121498e-09,0.02573031,0.9999963,0.22368075,0.96880585,0.00045837474,2.8881254e-06,0.9920243,0.9993305,0.002904102,0.9989868,0.99996984,1.4595738e-06,2.7021534e-07,0.9837982,0.018511523,3.7625387e-08,0.99816847,1.5797654e-07
0.6081026,0.001188387,0.0007240024,0.097809814,0.040692795,0.9999192,0.982852,3.6148034e-05,0.07337917,0.99975854,0.3625636,0.9622374,0.03586037,0.00075114024,0.8989321,0.942273,0.012689581,0.990646,0.99328,0.0005544009,0.00047989958,0.94903374,0.1710552,9.2434e-05,0.95718503,0.00018296698
0.52055365,0.0010561222,0.0007830252,0.084148034,0.039346777,0.9999081,0.98394644,4.402293e-05,0.07339199,0.9995989,0.37096736,0.95114917,0.022962779,0.0008393839,0.7985348,0.97584754,0.010525474,0.9890392,0.9961279,0.0005744203,0.00036088185,0.9044605,0.1826213,9.649921e-05,0.91049784,0.00017903905
0.71668583,0.0070047607,0.0030180155,0.1411462,0.34764078,0.99953794,0.95462555,0.0002612887,0.102861114,0.9995202,0.41538426,0.96516955,0.3123612,0.0033690054,0.76205087,0.69044137,0.009368751,0.9905566,0.92204624,0.005116787,0.0059373025,0.944517,0.3864758,0.0015157755,0.87754875,0.0019074114
0.48584548,8.985679e-05,7.7752906e-05,0.04762936,0.0054138945,0.9999957,0.99510914,1.3099831e-06,0.052494798,0.99991417,0.31232446,0.9470812,0.0034413845,9.1122994e-05,0.9448892,0.99560744,0.00774627,0.9950824,0.99954224,4.6439312e-05,1.781584e-05,0.943438,0.06915445,3.9467595e-06,0.98141676,1.0688198e-05
0.52689946,0.0008326941,0.0006288706,0.081914455,0.028559955,0.99993074,0.9860663,3.151778e-05,0.07107376,0.9996654,0.3696641,0.95485085,0.017109325,0.00063290703,0.84384876,0.9788043,0.01120304,0.9896807,0.9968844,0.00040207835,0.0002604848,0.9161435,0.15385993,6.4278036e-05,0.93485385,0.0001314157
0.8170265,0.009302789,0.0032419101,0.15778106,0.8100318,0.99960476,0.93686616,0.00024058599,0.13548808,0.99957913,0.47692287,0.96293473,0.78478897,0.0038716688,0.72819674,0.36300933,0.006008896,0.99554944,0.6353921,0.01428615,0.012284037,0.96293443,0.5330133,0.0052545248,0.8816867,0.0054410705
0.89077425,0.002572135,0.000680662,0.13748598,0.94944257,0.9999591,0.9602651,2.1011952e-05,0.1534137,0.9999212,0.5273978,0.9699479,0.9484423,0.0010206564,0.83899856,0.17753287,0.0025266367,0.99920374,0.3607662,0.007937566,0.0042668097,0.9880101,0.54020524,0.0024165453,0.9623514,0.0027664814
0.5514178,0.0054639834,0.0041859215,0.12441459,0.2197909,0.99935883,0.9539527,0.00043653077,0.09880212,0.9989073,0.3911535,0.952568,0.11233456,0.00403167,0.43782333,0.9321756,0.008390949,0.98114866,0.979673,0.00539393,0.0033100592,0.8365185,0.39332193,0.0012627858,0.63463396,0.0015196741
0.75215715,0.012815657,0.0054391455,0.15722403,0.68078476,0.9991497,0.92799306,0.0005679549,0.12754884,0.99914217,0.45935616,0.95450073,0.621183,0.006261037,0.64738685,0.5343059,0.00855198,0.9909238,0.7801396,0.016554823,0.014325148,0.9359683,0.53098863,0.00614649,0.8050191,0.0060598594
0.58899665,3.5082273e-06,2.7268761e-06,0.026404211,0.00085656805,1.0,0.9988734,8.0825515e-09,0.025926404,0.99999774,0.22115618,0.9771111,0.0013160143,3.4514176e-06,0.99428743,0.9977049,0.0030069824,0.99921906,0.99992895,2.2265338e-06,5.079987e-07,0.992292,0.022655716,5.489078e-08,0.9988279,2.2489662e-07
0.6061087,0.00070905255,0.0004384717,0.089486964,0.026769955,0.99995637,0.9867595,1.8330635e-05,0.067034364,0.9998393,0.3507791,0.9655118,0.025383675,0.00045283895,0.92554647,0.9555199,0.011960393,0.9923645,0.9956786,0.00032519514,0.0002547729,0.9587479,0.13623883,4.505624e-05,0.97098136,9.9811754e-05
0.7856951,0.010412661,0.0039407453,0.15424486,0.7451852,0.9994764,0.9341782,0.0003332222,0.12698759,0.99946576,0.46418086,0.96140957,0.6977049,0.004564378,0.6825587,0.45770952,0.0065340223,0.99382305,0.72873,0.014250651,0.0125325,0.95087975,0.5337625,0.0051604775,0.8410384,0.005198669
0.80837387,0.008725202,0.003135998,0.14906995,0.8283976,0.99963987,0.93528265,0.00022773303,0.12978984,0.9995896,0.48166364,0.9618665,0.7909602,0.0037791743,0.6841582,0.3958341,0.005186575,0.99559,0.65202993,0.015104261,0.011426567,0.95864075,0.56586725,0.005389368,0.853318,0.0052939993
0.74356073,0.009593351,0.0058329445,0.15539877,0.9021093,0.9991597,0.9061089,0.0006469264,0.1542149,0.99835384,0.5248071,0.90138775,0.87175953,0.007450583,0.52334714,0.49876067,0.0090502,0.99243116,0.6104372,0.045795344,0.012718492,0.9296566,0.67395276,0.015435615,0.7453657,0.012487553
0.63133,0.003597781,0.0019392762,0.12296081,0.10383705,0.99971,0.97085315,0.0001559724,0.08678919,0.99954396,0.39125073,0.96454394,0.084255055,0.0019172253,0.81967187,0.8812541,0.012903912,0.98729485,0.9814311,0.0017473465,0.001901253,0.9344537,0.2533364,0.00040130928,0.9112832,0.00065857224
0.5873321,0.004035905,0.0025125113,0.11871912,0.10795987,0.9996118,0.96867865,0.00022651903,0.08875364,0.9993093,0.3980881,0.9593936,0.0710079,0.002381264,0.7351232,0.9170971,0.012741187,0.9842502,0.98461515,0.0021246013,0.0019914422,0.9034739,0.27230188,0.00050411414,0.8603415,0.0007801277
0.8155076,0.0026047,0.0008694196,0.13443959,0.58869565,0.9999131,0.9675406,3.867674e-05,0.11344117,0.9998776,0.43474498,0.9700205,0.63520885,0.0012479466,0.88227063,0.45115888,0.0055922763,0.997615,0.8168428,0.0032643836,0.002895368,0.98283595,0.3678889,0.00080746127,0.9626223,0.0011321396
0.6886229,0.00077431556,0.00038219496,0.10006597,0.05719534,0.9999621,0.9844179,1.3550299e-05,0.070980035,0.999905,0.34247693,0.96932274,0.07501132,0.0004995948,0.93994945,0.8866237,0.009364066,0.99540544,0.9890188,0.0004648139,0.00041324281,0.9771153,0.17083518,6.5422326e-05,0.978387,0.00013350528
0.7440518,0.011569005,0.005137956,0.1517862,0.7073486,0.99926347,0.9266195,0.00049796264,0.122334786,0.9992107,0.45470613,0.9551505,0.6248544,0.005718601,0.58537257,0.5769919,0.006967888,0.99118257,0.7952157,0.017111273,0.012835515,0.92855215,0.55632305,0.006024827,0.7597795,0.0056290585
0.58582795,0.00658273,0.004378192,0.12471025,0.32029217,0.9993142,0.9474969,0.00046401905,0.09771729,0.99898463,0.39931217,0.951258,0.19291313,0.004594027,0.44294766,0.89646304,0.0076292176,0.9838139,0.96635133,0.0075797224,0.004607809,0.85727876,0.4513078,0.0019131976,0.62936693,0.0020078
0.46704102,1.7009981e-05,1.6127333e-05,0.031279203,0.0016393454,0.9999995,0.9977192,1.1462402e-07,0.039093908,0.99997425,0.27368867,0.9503456,0.001107597,1.9829471e-05,0.9753357,0.998519,0.0051902565,0.99730825,0.9998858,9.3734e-06,2.5060363e-06,0.96117824,0.037158538,4.7601702e-07,0.9928611,1.6086915e-06
0.6048415,3.8405018e-05,2.6193415e-05,0.047927156,0.0042061047,0.99999905,0.99653614,2.5654356e-07,0.04107928,0.99998534,0.273684,0.9725667,0.0052948277,3.087793e-05,0.9819758,0.9901872,0.0058194823,0.9978562,0.9995227,2.0898025e-05,8.509318e-06,0.98418266,0.05270747,1.0979288e-06,0.9950689,3.460065e-06
0.79927856,0.008759417,0.004319644,0.1561669,0.9311387,0.9995098,0.91454536,0.00035760656,0.15738499,0.9991228,0.53744024,0.9283496,0.9088694,0.0052297716,0.5904001,0.37502667,0.006575718,0.99533325,0.49557993,0.03693473,0.012623606,0.9500548,0.67068756,0.013192413,0.8114696,0.011288595
0.60830575,0.0004963876,0.00030406867,0.08358943,0.021618824,0.9999732,0.9887511,1.05234085e-05,0.06333358,0.9998828,0.3403246,0.96604043,0.021836862,0.00032718197,0.9394564,0.9610951,0.011192644,0.9935774,0.9965689,0.00023210784,0.00016908364,0.9644741,0.12221436,2.8453476e-05,0.97752464,6.554447e-05
0.616652,0.0045891344,0.002597347,0.12596478,0.12241161,0.99959594,0.9667683,0.00023465676,0.09077976,0.9993957,0.39923117,0.9631296,0.087888725,0.0024524026,0.7621915,0.8876136,0.012693819,0.98508865,0.97998846,0.0023041759,0.002448717,0.9170829,0.27938092,0.0005693959,0.87469316,0.0008794947
0.61306053,0.0021275927,0.0012359028,0.110384256,0.06065917,0.99983287,0.97780573,8.3646664e-05,0.07982858,0.9996414,0.38045883,0.9637915,0.050334334,0.0012174218,0.8635496,0.92132014,0.013552323,0.98847765,0.98953044,0.0009665323,0.000947101,0.9406089,0.20145045,0.00019002246,0.9380627,0.00035186272
0.60227996,0.00034955188,0.00022652312,0.078076825,0.016097233,0.99998176,0.990498,6.8821423e-06,0.0598561,0.99990654,0.33245534,0.96768993,0.016570209,0.00023408358,0.9486239,0.96992415,0.01073456,0.9942386,0.99753904,0.00016491755,0.00010805554,0.9676675,0.1054367,1.7983348e-05,0.98177737,4.449356e-05
0.76863045,0.012843933,0.0055203387,0.16007468,0.77842253,0.9991922,0.9233204,0.0005604719,0.13712864,0.9990877,0.47927716,0.94933707,0.7300042,0.0064235027,0.64058423,0.46862513,0.008334458,0.9922578,0.70001584,0.021255089,0.015416762,0.94055694,0.56753993,0.0081029385,0.8120161,0.0077439873
0.5794252,0.00047777937,0.0003204412,0.0797503,0.018448047,0.9999722,0.9893589,1.1107617e-05,0.06377851,0.99985814,0.3458015,0.96380913,0.01600684,0.00031950744,0.9315866,0.97252965,0.011509271,0.99281925,0.9973133,0.00021150245,0.00014397527,0.9558031,0.11695468,2.6552103e-05,0.9740384,6.213025e-05
0.61373,0.005610254,0.0032684526,0.13149075,0.13222347,0.99945205,0.9630401,0.00032954486,0.09535197,0.9992093,0.40191695,0.9599354,0.09444123,0.003074408,0.7439826,0.88198483,0.014059178,0.9829085,0.9774818,0.002912699,0.003096382,0.90879166,0.2905298,0.0007600044,0.8609391,0.0011393739
0.61903167,0.00026857885,0.00015997354,0.07451999,0.015968598,0.99998856,0.9914908,4.022496e-06,0.056797344,0.9999373,0.3205218,0.9692141,0.017945215,0.00018321733,0.95600575,0.96729493,0.0090948045,0.9954484,0.997644,0.00013218384,8.6788416e-05,0.97335815,0.103226416,1.2905538e-05,0.98489237,3.2258897e-05
0.5830056,0.0028121048,0.0018017653,0.11307788,0.067949235,0.9997354,0.9747387,0.00014451279,0.08489287,0.9994324,0.39239642,0.96017265,0.047428444,0.0016616534,0.8077579,0.9341409,0.014487538,0.9853137,0.9895148,0.001300065,0.001202292,0.91747844,0.21967196,0.00028094286,0.9068669,0.0004967336
0.59602135,0.0030393805,0.0018336603,0.11490811,0.07920226,0.9997298,0.9735556,0.00014750264,0.08496407,0.9994685,0.3923741,0.9611168,0.05695697,0.0017534755,0.8051821,0.92159474,0.01365051,0.9859418,0.9875453,0.0014302615,0.0013918967,0.92102104,0.2335845,0.0003162689,0.90429485,0.0005379661
0.87346697,0.0046815025,0.0013648357,0.14722228,0.9329023,0.99989283,0.9490553,6.015254e-05,0.15051144,0.9998374,0.51855046,0.96705765,0.9263041,0.001838205,0.7889598,0.21321695,0.003422151,0.99849844,0.40598106,0.012072436,0.0074543045,0.98123586,0.56284446,0.004123173,0.93706554,0.0044112797
0.58731014,4.21997e-05,2.9302597e-05,0.046902098,0.004126511,0.9999989,0.99643385,2.9996923e-07,0.04242272,0.99998116,0.27793142,0.9684909,0.004701564,3.5139175e-05,0.979677,0.9916114,0.0061966153,0.9975358,0.9995436,2.22014e-05,9.0142275e-06,0.98047894,0.053436458,1.2431767e-06,0.99421895,3.7663056e-06
0.8269255,0.009343267,0.0035508366,0.15868755,0.9047721,0.9996099,0.927875,0.00026077253,0.15196231,0.9994697,0.5179404,0.95201975,0.88425004,0.004326978,0.6908876,0.3068881,0.0059206933,0.9962142,0.49450997,0.02268688,0.013465577,0.96254927,0.6079173,0.008776898,0.8717547,0.0084120305
0.609549,0.007667602,0.0045148926,0.13200457,0.24931628,0.9992348,0.9513002,0.00050097227,0.09934021,0.9990038,0.4078237,0.955995,0.16254954,0.0045764027,0.5848159,0.8682599,0.010449084,0.98274475,0.9648833,0.005777882,0.00504254,0.88200986,0.3919986,0.0016178256,0.7446983,0.0019352001
0.794013,0.010828092,0.004324489,0.1566523,0.8302359,0.99944574,0.926579,0.0003717838,0.13690606,0.99935776,0.48748887,0.9540162,0.79062134,0.0050873132,0.6555838,0.41255802,0.006587721,0.9942674,0.6441691,0.020142026,0.014004002,0.9507952,0.581709,0.0075332285,0.8311231,0.007149575
0.49106765,0.0017711391,0.0016013104,0.09295049,0.09168019,0.9997824,0.975321,0.0001273069,0.08103768,0.99930704,0.37429366,0.95039344,0.040222377,0.0016692431,0.5127538,0.9760168,0.0074941744,0.9860956,0.99427587,0.0016276854,0.00077860407,0.84174824,0.2790709,0.00028626778,0.7392872,0.00043209773
0.58233446,0.0051620714,0.0033455056,0.12340933,0.15682863,0.99947304,0.96175027,0.00033332134,0.09356574,0.99915695,0.4000354,0.95846945,0.09281481,0.0031721233,0.62303627,0.913655,0.010742285,0.98281926,0.9806089,0.0033201738,0.0028434573,0.8800792,0.32624277,0.000825796,0.78215086,0.0011356237
0.6488744,0.0067760823,0.0035132759,0.13640918,0.19995224,0.9994234,0.95780295,0.00034824354,0.09736666,0.99931526,0.4051669,0.962887,0.15084127,0.0034702932,0.72510225,0.828748,0.011676153,0.9851607,0.9641613,0.0038942047,0.004431707,0.91745234,0.3374723,0.0010939607,0.84615076,0.0014848652
0.7421896,0.008992595,0.0036951855,0.14531867,0.5299486,0.9994578,0.9439887,0.00032828868,0.11160646,0.99946314,0.43422434,0.9631542,0.4738019,0.004226742,0.70486546,0.6055115,0.0077619934,0.99159664,0.86520016,0.008646409,0.008965782,0.9425181,0.46434742,0.002844343,0.84170574,0.0031251265
0.66894615,0.0083493525,0.004145279,0.1364138,0.33867186,0.9993363,0.9485226,0.00041651493,0.10169773,0.9992625,0.41548336,0.9601906,0.25835893,0.004405478,0.64905065,0.7801303,0.009301985,0.98690856,0.9400924,0.0065416065,0.006479021,0.9126815,0.42085078,0.0019707107,0.7919937,0.0022617131
0.62961394,0.0039719245,0.0021793002,0.12263414,0.1184531,0.9996729,0.9687519,0.00018060431,0.08808243,0.99949336,0.3945842,0.9631804,0.09168863,0.0021620875,0.7939335,0.88036036,0.012445574,0.9867422,0.9798574,0.0020306748,0.0021667567,0.927655,0.27330384,0.00048574305,0.8948111,0.00075836136
0.7563928,0.0031858587,0.0012831814,0.12836632,0.34202054,0.99984825,0.966882,7.115871e-05,0.0984994,0.9997962,0.404952,0.9674878,0.3610461,0.0016538893,0.85834515,0.64773196,0.0075836726,0.9951658,0.9220578,0.0027256967,0.0028219165,0.9701469,0.34106746,0.0006638181,0.9425371,0.00094751065
0.7352211,0.007787718,0.0032580427,0.14315861,0.45303452,0.99952924,0.94977754,0.0002752009,0.107383564,0.99952257,0.42330945,0.9648527,0.40590852,0.0036478562,0.73598325,0.6361373,0.008162604,0.99148834,0.89181745,0.0066493656,0.0072603435,0.94500715,0.4287213,0.0020740426,0.86302775,0.0024323992
0.5609768,0.0074576107,0.0065750764,0.13100077,0.56519735,0.9987866,0.9213274,0.000916332,0.112627596,0.9976047,0.41819498,0.9032208,0.4192321,0.007941953,0.31730762,0.88228697,0.009270706,0.98077786,0.9365826,0.02472138,0.0065436587,0.8337613,0.5816794,0.0059287725,0.50041705,0.0047431104
0.47809538,9.803749e-06,9.160093e-06,0.027082304,0.0010315321,0.99999976,0.9982141,4.9664653e-08,0.035541438,0.9999819,0.2554029,0.9458851,0.0008754189,1.2390765e-05,0.9852974,0.99882,0.005373597,0.9977805,0.999923,5.8405476e-06,1.3375984e-06,0.97041994,0.028926697,2.416648e-07,0.99593264,8.3189207e-07
0.61075485,4.941859e-05,3.2991262e-05,0.05144504,0.0051203123,0.9999987,0.9960615,3.6703818e-07,0.042863745,0.9999831,0.2780715,0.97279793,0.0065059,3.8910923e-05,0.9801446,0.98784864,0.006095159,0.99768066,0.99939334,2.6955931e-05,1.1761224e-05,0.9837826,0.058054835,1.5241204e-06,0.9944246,4.698857e-06
0.529441,0.0050161756,0.0043167924,0.117232226,0.32188824,0.99933064,0.9465188,0.00046679153,0.09739518,0.99869484,0.3826334,0.9381217,0.17587544,0.0046945964,0.32093284,0.9381588,0.006957546,0.9820916,0.9758991,0.009129686,0.0034612105,0.81620467,0.4760841,0.0019220655,0.5191307,0.0019066309
0.671583,0.0022788208,0.0011115246,0.11798358,0.097254805,0.9998522,0.97565585,6.9005335e-05,0.081116036,0.9997577,0.37473622,0.96845937,0.09767097,0.0012331735,0.8789186,0.8563608,0.011093116,0.99161583,0.98125595,0.0011926465,0.0013024323,0.9587762,0.22956584,0.00023800827,0.94684017,0.00041606554
0.598056,5.1503474e-05,3.5396803e-05,0.050687492,0.004930147,0.99999857,0.99606246,4.0311104e-07,0.0434623,0.99998057,0.28154027,0.9715888,0.00577568,4.040814e-05,0.97836155,0.9893895,0.0062823067,0.99748105,0.9994312,2.7093554e-05,1.1591568e-05,0.98146707,0.0577872,1.5837495e-06,0.9938135,4.8386605e-06
0.5307575,0.004226192,0.0033960456,0.11272613,0.20474675,0.9994843,0.9585381,0.0003425361,0.09209588,0.99898,0.38564426,0.94926757,0.10284929,0.0035041661,0.42113903,0.9465096,0.0077211307,0.9827145,0.98391265,0.004740558,0.0024584585,0.8325988,0.3895939,0.0010134416,0.6293096,0.0012116913
0.5921549,0.0015022999,0.0009429987,0.10131872,0.04235425,0.9998827,0.9814979,5.640184e-05,0.07601134,0.9996668,0.3730261,0.96145904,0.03479019,0.0009218551,0.88192093,0.94486713,0.014139141,0.9888994,0.99302727,0.0006776293,0.00058121077,0.9405578,0.17315446,0.000119590935,0.9485921,0.00023699764
0.4646142,1.1049982e-05,1.1834795e-05,0.028213048,0.0014349875,0.99999964,0.9978981,6.972996e-08,0.03741415,0.99997866,0.26408887,0.94582736,0.0008767704,1.5278954e-05,0.9748617,0.99890804,0.0044486793,0.9974431,0.999915,7.254714e-06,1.727112e-06,0.9594091,0.035363544,3.412534e-07,0.9930102,1.1196175e-06
0.6323083,0.00021324144,0.00012738937,0.07279851,0.014891373,0.99999154,0.9920167,2.7775284e-06,0.054936893,0.9999521,0.3112266,0.9703883,0.018046921,0.00015144574,0.9624089,0.96687526,0.008401438,0.9960757,0.9977608,0.00011114024,7.1241615e-05,0.9774909,0.099203534,1.0175789e-05,0.9876288,2.5788268e-05
0.7413515,0.008240403,0.0032768145,0.1440051,0.48643047,0.99951816,0.9481222,0.00028213652,0.108206965,0.9995315,0.42875576,0.9656944,0.43636462,0.0037685633,0.7249074,0.6191239,0.0076432955,0.99185926,0.8803867,0.0072035925,0.007987844,0.94563156,0.44161022,0.002303289,0.8546234,0.002612445
0.6995204,0.003676061,0.0016428485,0.12811247,0.18480825,0.9997683,0.96826315,0.00011374659,0.089885876,0.9997018,0.3916986,0.968037,0.18012574,0.0018705364,0.84228086,0.7803647,0.010008472,0.99173963,0.96215534,0.0022198986,0.0025645324,0.9563082,0.29461935,0.00052578,0.92661995,0.00079569314
0.5059425,0.0011521506,0.0008865998,0.08424305,0.042344745,0.99988914,0.98230594,5.4029784e-05,0.07621692,0.9994824,0.36881274,0.9400551,0.025060512,0.0010307688,0.7812406,0.9763238,0.011438843,0.987711,0.99597603,0.00071311573,0.00041550348,0.8939348,0.19479358,0.00012275614,0.8994533,0.00021494244
0.5833585,0.0069240755,0.0047188504,0.12759943,0.3275365,0.99926025,0.94543636,0.0005068373,0.10020252,0.9989134,0.3974423,0.9507572,0.1943379,0.00489583,0.42619056,0.8971821,0.007705455,0.9831114,0.9652075,0.008201579,0.004902378,0.85113364,0.45737836,0.0020796827,0.61480796,0.0021855016
0.80170995,0.0037309846,0.0012977695,0.13889486,0.56667185,0.9998534,0.96250397,7.0603644e-05,0.11328468,0.9998186,0.43371534,0.96893185,0.5961372,0.0017522648,0.8541301,0.47879833,0.0062724343,0.9966799,0.8267613,0.0042426083,0.0040853894,0.97719544,0.38828987,0.0011424337,0.94709814,0.0015178974
0.58532435,1.4521871e-05,1.0616529e-05,0.036533844,0.002019843,0.99999976,0.9978288,6.4400545e-08,0.034818128,0.9999918,0.25181475,0.9707803,0.0026317742,1.3241991e-05,0.98827296,0.9954478,0.0047921594,0.99844956,0.9998012,8.382197e-06,2.566642e-06,0.9864119,0.036489792,3.273362e-07,0.9970794,1.1198429e-06
0.6160813,0.0052878335,0.003015256,0.12910402,0.13798675,0.9995109,0.9639568,0.0002914926,0.09323213,0.9992944,0.40171355,0.96134514,0.098247565,0.0028702344,0.74110055,0.88054055,0.013012452,0.9840679,0.97736424,0.0027790135,0.0029408853,0.91163903,0.2940459,0.0007132578,0.85996354,0.0010586139
0.6672416,0.0003342824,0.0001802941,0.08398397,0.025663253,0.99998593,0.98980355,4.6535574e-06,0.05956168,0.9999473,0.3189229,0.97244656,0.034558848,0.00022639788,0.95829874,0.9387487,0.008357173,0.99620396,0.995644,0.0001869062,0.00014078425,0.98033535,0.12200575,1.9572455e-05,0.9860707,4.6403722e-05
0.69181406,0.013939898,0.007681353,0.15588184,0.6873331,0.99865687,0.9146615,0.0009909814,0.12910327,0.9983399,0.45578668,0.9352861,0.5918675,0.008770217,0.5009029,0.66568327,0.009801483,0.9864335,0.82352805,0.025601022,0.014567401,0.89909476,0.5770755,0.008993759,0.682831,0.007867165
0.6589964,0.000578046,0.00030659483,0.09163138,0.035333578,0.999972,0.98711735,1.0301974e-05,0.06515844,0.99991107,0.33515832,0.96957606,0.042935934,0.00037549838,0.94263864,0.9270324,0.009621971,0.99495405,0.9937854,0.0003088441,0.0002566658,0.9740622,0.14489107,3.9071478e-05,0.97922647,8.4992884e-05
0.76798385,0.009304551,0.0037928033,0.148239,0.6940561,0.9994863,0.93796,0.0003232475,0.122105986,0.9994481,0.45806226,0.9590943,0.6455251,0.0044853473,0.6872549,0.51120216,0.0070080715,0.9933124,0.77851164,0.012472286,0.010664986,0.94815403,0.52293026,0.004305003,0.8412238,0.004395196
0.6488706,0.008279738,0.0042709303,0.13703944,0.30096734,0.999311,0.9498155,0.00044149088,0.10025311,0.9992244,0.4120542,0.96137774,0.21402013,0.004343458,0.62280786,0.8143074,0.009336746,0.9854693,0.95130897,0.006050085,0.0060535558,0.90267825,0.40576902,0.0017793034,0.77118343,0.002078452
0.5356585,0.0032812762,0.0025589997,0.110108174,0.11332309,0.9996197,0.96868235,0.000234325,0.08896368,0.9991648,0.39166486,0.95549786,0.056764748,0.002414099,0.57647115,0.95451075,0.009823482,0.9832982,0.9894811,0.0023183962,0.0015586228,0.8596593,0.29439855,0.0004998423,0.76509947,0.0007389575
0.5391247,0.004749676,0.0038422244,0.119425274,0.23921135,0.99944025,0.9541949,0.00038015953,0.09626741,0.9989736,0.3847929,0.9509797,0.11858627,0.0037764178,0.38640106,0.9408139,0.0071805455,0.9822943,0.9809154,0.005674945,0.0029307643,0.8280388,0.41327256,0.001229033,0.589952,0.001413233
0.5430927,1.7890428e-05,1.4399509e-05,0.035626367,0.0019579504,0.99999964,0.9977617,9.630711e-08,0.03684828,0.99998724,0.26415673,0.96902263,0.0018863337,1.5772752e-05,0.98347837,0.99686414,0.004967916,0.998004,0.9998265,9.148246e-06,2.7651965e-06,0.9789039,0.037265964,4.099651e-07,0.99551743,1.4090582e-06
0.8035821,0.009732101,0.0037428897,0.15264408,0.85127026,0.9995565,0.9291305,0.00029289213,0.13630855,0.99946743,0.49152848,0.9564602,0.8138822,0.0044673365,0.656809,0.3966518,0.005699502,0.99518776,0.62159985,0.019279765,0.012848275,0.9544532,0.58988845,0.0070892717,0.83753914,0.0067379843
0.58120555,3.2193004e-06,2.523854e-06,0.025158158,0.00074405025,1.0,0.9989249,7.35348e-09,0.025705926,0.9999975,0.21843386,0.9744597,0.0011710599,3.3451906e-06,0.99463415,0.998089,0.0031996078,0.9992029,0.999938,2.1006829e-06,4.4009894e-07,0.99194956,0.021248706,5.0590625e-08,0.99889034,2.038732e-07
0.5934769,2.1924658e-05,1.5831492e-05,0.0412446,0.0027899805,0.9999995,0.9973374,1.1693684e-07,0.037518527,0.9999896,0.26021272,0.972146,0.003517637,1.8853074e-05,0.98556155,0.9936935,0.0050937394,0.99821186,0.99971205,1.2371612e-05,4.28071e-06,0.98532355,0.043132186,5.5162826e-07,0.9962508,1.8314938e-06
0.5715222,0.0026707707,0.001809273,0.110699825,0.0665552,0.9997383,0.97499394,0.00014390855,0.084804654,0.99939716,0.39166605,0.9586929,0.043408412,0.0016570543,0.78880113,0.9428429,0.013919811,0.98493665,0.99054366,0.0012840624,0.0011283589,0.9091986,0.22102281,0.00027534578,0.8972735,0.00048221453
0.6863611,0.009698359,0.0045330944,0.1456362,0.36389276,0.99926335,0.94565815,0.00046422347,0.105936766,0.9992706,0.41652513,0.9628082,0.2847368,0.004690069,0.6601817,0.7409008,0.009361407,0.98690027,0.92695266,0.0072033633,0.007933489,0.91765136,0.42298833,0.0022898004,0.79920506,0.0026325353
0.52683467,2.0528857e-06,1.8353336e-06,0.020287693,0.00046630634,1.0,0.99919194,4.137915e-09,0.024133448,0.9999976,0.21474074,0.9733401,0.00052951026,2.2233064e-06,0.9937211,0.99920183,0.0026424394,0.99919325,0.9999697,1.22222e-06,2.1945068e-07,0.9882862,0.017578118,2.7855526e-08,0.9986551,1.1849547e-07
0.58602285,0.0072996602,0.0048624007,0.1313072,0.2833384,0.9992275,0.94742584,0.0005286623,0.10135852,0.9989116,0.39981896,0.9537991,0.16492656,0.004800438,0.46687463,0.8957078,0.008580113,0.98196125,0.9677815,0.0070636347,0.00492394,0.85469085,0.42661458,0.0018512689,0.64890957,0.002068973
0.5838083,0.0001427002,9.744193e-05,0.061445978,0.008796787,0.9999944,0.9938105,1.8486119e-06,0.052162375,0.99994886,0.31268975,0.9669015,0.008541632,0.00010558521,0.96221304,0.984646,0.00841287,0.99576867,0.9988858,6.739003e-05,3.625938e-05,0.9703537,0.07955718,5.726151e-06,0.98756486,1.5313017e-05
0.5840721,0.00820745,0.005880346,0.13403764,0.40448976,0.9990281,0.9352669,0.00068946305,0.10671148,0.99855524,0.4016009,0.94172007,0.25536427,0.0062212395,0.38282233,0.8851703,0.008174739,0.98159707,0.9541805,0.012477384,0.006366616,0.84216374,0.49984044,0.0032557205,0.5666285,0.0031091238
0.70391315,0.009082136,0.004017192,0.14216633,0.42292815,0.999358,0.9463863,0.00039885327,0.105827026,0.9993405,0.4255226,0.961783,0.3531137,0.004478186,0.678164,0.7010938,0.008779233,0.98900026,0.91106975,0.0075954497,0.0079647675,0.9282353,0.43847457,0.0023959638,0.8152347,0.0026731102
0.55268073,2.7155791e-05,2.1142201e-05,0.03988022,0.0026427058,0.9999993,0.9972391,1.7513447e-07,0.03980426,0.99998295,0.2726622,0.96809006,0.0025626046,2.325114e-05,0.9806033,0.99568814,0.0055943723,0.99766386,0.9997477,1.3765914e-05,4.6255586e-06,0.97736037,0.043565877,7.0250644e-07,0.99451834,2.2873435e-06
0.626284,0.0007047662,0.00041090944,0.09245582,0.029972292,0.999959,0.9865078,1.6765653e-05,0.06660718,0.9998666,0.34633243,0.9680714,0.031393483,0.00043915142,0.93134165,0.9443875,0.011357441,0.99318707,0.9949174,0.00033589758,0.00027353904,0.9653629,0.13966289,4.556863e-05,0.9738563,0.00010096026
0.7645318,0.014091013,0.0067275185,0.16559607,0.84705216,0.9990012,0.90996826,0.000735719,0.14745383,0.9987098,0.49632776,0.93669254,0.79910773,0.0077299983,0.5700108,0.46847075,0.008612379,0.99172103,0.636817,0.03325775,0.017749222,0.93156195,0.61983943,0.013022053,0.7667013,0.011371001
0.561178,3.165405e-05,2.3623159e-05,0.04191581,0.0030639179,0.99999917,0.99702793,2.1180017e-07,0.040641796,0.9999821,0.27541977,0.9683229,0.0030593218,2.658091e-05,0.97974133,0.99475443,0.0057224575,0.9976018,0.99969745,1.5986836e-05,5.7277457e-06,0.9778488,0.04662104,8.4329065e-07,0.9942268,2.6832174e-06
0.58457893,6.486695e-05,4.4842043e-05,0.051970463,0.0052467426,0.999998,0.9957515,5.8006253e-07,0.045373816,0.99997365,0.29083896,0.96955216,0.0056881285,4.9997325e-05,0.97507364,0.98970884,0.0069581135,0.9970522,0.9993874,3.2444103e-05,1.4164944e-05,0.97794276,0.06013862,2.061298e-06,0.9925701,6.154742e-06
0.73087543,0.0067253616,0.002784777,0.14416474,0.34792796,0.9995776,0.9556715,0.00023179711,0.103500634,0.99957544,0.41073233,0.96683204,0.32463193,0.003105143,0.7833788,0.66481715,0.009175672,0.9912685,0.9178541,0.004848066,0.0058709295,0.9506535,0.37348056,0.0014273,0.8923684,0.0018320542
0.8264119,0.004576776,0.0015823353,0.13684578,0.7981277,0.999858,0.95350575,7.802513e-05,0.12326808,0.9998135,0.46764266,0.9682276,0.781622,0.0020062325,0.78416127,0.37758887,0.0042726505,0.9973309,0.6862806,0.0075874026,0.005820346,0.9737627,0.5051571,0.0022925604,0.9191886,0.0025752736
0.74751884,0.014965287,0.0068534687,0.1636855,0.74351156,0.99888116,0.9181826,0.0007987966,0.13742925,0.9987638,0.4735167,0.9446904,0.6848496,0.007884767,0.6120148,0.5148151,0.009769496,0.98999107,0.733431,0.023631943,0.01722007,0.9291206,0.5648153,0.009193094,0.78337914,0.008630842
0.71639645,0.0004934744,0.00024192494,0.096121795,0.055714946,0.9999795,0.98669434,6.51256e-06,0.068511926,0.999944,0.3301993,0.97182006,0.084347375,0.00033547115,0.95699286,0.873294,0.007960424,0.99684995,0.989023,0.00033863346,0.00028102778,0.98450315,0.15503374,4.1833715e-05,0.98621655,9.001081e-05
0.7068487,0.0010570916,0.0004961975,0.107985675,0.082445316,0.9999471,0.98183215,1.978097e-05,0.075090185,0.9998933,0.3517694,0.97081786,0.105703704,0.0006382281,0.92937636,0.8464992,0.009007416,0.99530715,0.9834796,0.00065620895,0.0006387258,0.9768752,0.19430575,0.000104097126,0.97410446,0.00019996733
0.5916198,7.942332e-06,5.9783215e-06,0.03234034,0.0014609902,0.9999999,0.99834406,2.651486e-08,0.030772712,0.9999956,0.23761533,0.975031,0.0020386297,7.341616e-06,0.9912327,0.9964019,0.0037869106,0.9988714,0.9998677,4.7881435e-06,1.3118271e-06,0.9896227,0.030405048,1.5339367e-07,0.9979943,5.7342595e-07
0.5907753,0.0008236144,0.00050891825,0.08897545,0.028698077,0.999948,0.9863251,2.2468754e-05,0.06845587,0.99980384,0.35689092,0.9635066,0.02500507,0.00051981444,0.9130906,0.95843977,0.012207863,0.9916345,0.9955929,0.0003657847,0.00028344497,0.95137787,0.14316788,5.3077405e-05,0.9647347,0.00011487278
0.7203139,0.011056112,0.0051918207,0.14749514,0.64879125,0.99921834,0.9295804,0.0005282306,0.11756657,0.9991424,0.44589722,0.95373136,0.5549226,0.005844126,0.5676722,0.6401868,0.0073167635,0.99000835,0.8395335,0.015566372,0.011541786,0.91988873,0.5436092,0.0052808197,0.7416614,0.0049491385
0.6029753,0.006570835,0.003982663,0.13001151,0.20261903,0.99936,0.9561417,0.00041346307,0.097411186,0.99912184,0.40338647,0.9591434,0.12534945,0.0038314625,0.6063483,0.88639855,0.0103333695,0.98283005,0.9725624,0.0044274824,0.0040239072,0.8822337,0.3610001,0.0011870814,0.7641772,0.0015284388
0.569193,0.0034121852,0.0022524698,0.11356979,0.092948064,0.99966,0.9712247,0.00019684857,0.08687504,0.9993106,0.3954522,0.95842654,0.057550512,0.0021241775,0.7258877,0.9351993,0.012467888,0.98434687,0.9879254,0.0018116229,0.0015632899,0.8972285,0.25827655,0.00040967116,0.85839504,0.0006550889
0.55460936,2.0425182e-06,1.7257191e-06,0.021306355,0.00050610985,1.0,0.9991602,3.9473265e-09,0.02374483,0.999998,0.21015568,0.9739159,0.0007080187,2.2330983e-06,0.9948585,0.99891055,0.0027381564,0.99927,0.9999635,1.3223303e-06,2.398681e-07,0.99107176,0.017799828,2.8527792e-08,0.99894506,1.1991708e-07
0.6352975,0.0076178964,0.0040933653,0.13645855,0.23637083,0.9993303,0.95371854,0.0004260194,0.099186145,0.99920696,0.40838692,0.9615573,0.16352801,0.004012692,0.651256,0.83996516,0.010508763,0.98418105,0.9622156,0.004880846,0.0050982046,0.90104324,0.3697905,0.0013954837,0.7928659,0.001758309
0.65142095,0.0006532229,0.0003560932,0.09312032,0.03589476,0.99996626,0.9865022,1.3022506e-05,0.06569381,0.99989736,0.34003156,0.96997637,0.041041486,0.0004114396,0.936325,0.929995,0.009942078,0.99437827,0.9938095,0.00033953539,0.00028202197,0.9713586,0.14718413,4.400597e-05,0.9762731,9.5931755e-05
0.59440607,0.0018153838,0.0011184157,0.10574782,0.049897272,0.99985445,0.97981024,7.214411e-05,0.07830873,0.99963534,0.3786305,0.96231604,0.039759334,0.0010748467,0.8668183,0.93799853,0.013962326,0.98832697,0.99183923,0.0008093259,0.00073477207,0.93710405,0.18676645,0.0001519591,0.9403882,0.00029154567
0.72401655,0.0060269656,0.0025942766,0.13921069,0.3357349,0.9996203,0.9574255,0.00020696876,0.10169962,0.9995869,0.4115952,0.96555614,0.3137714,0.0029461079,0.78946203,0.6829272,0.009285306,0.9915069,0.92373335,0.0044771065,0.005111961,0.9509483,0.37319526,0.0012750541,0.89679724,0.0016600894
0.6173689,0.0080623,0.0049191318,0.1313677,0.37857494,0.9992131,0.94186544,0.00053406635,0.101381384,0.99896693,0.40884084,0.9520895,0.25168973,0.0052107815,0.4785043,0.85480773,0.008010763,0.9843778,0.95113367,0.009208875,0.0061651724,0.87312955,0.4712898,0.0025425123,0.6548983,0.0025832925
0.7791614,0.0061856457,0.0022720865,0.14708972,0.52919227,0.9996946,0.95424527,0.00016202494,0.1126713,0.99968994,0.4272819,0.96806246,0.5260584,0.0027558748,0.801694,0.52286065,0.007283542,0.9945135,0.8445492,0.005956448,0.0065493155,0.9650298,0.4109764,0.0018008967,0.9131613,0.0022280419
0.5310561,0.003803338,0.0030079342,0.108823046,0.22975306,0.99957246,0.9593345,0.00028251446,0.08876553,0.99914813,0.38163382,0.951386,0.115592234,0.0031587204,0.39110407,0.947382,0.0063998364,0.98484045,0.9838843,0.0047569512,0.002266797,0.83530414,0.4084708,0.00096740114,0.6035209,0.0011091664
0.50473255,0.0023095896,0.0020410207,0.094230376,0.232734,0.9997477,0.9648341,0.0001609939,0.08013179,0.9993728,0.36562002,0.95031613,0.108597785,0.0022632375,0.32193753,0.96512324,0.004445483,0.98785096,0.9886177,0.0040136618,0.0013574031,0.82673645,0.42370415,0.0006639843,0.54915655,0.00073035364
0.599722,9.495464e-05,6.199336e-05,0.05801722,0.0074380725,0.9999969,0.99480975,9.420425e-07,0.04815798,0.9999685,0.29566333,0.96950364,0.008444584,7.203515e-05,0.97139335,0.98465204,0.007315018,0.9967816,0.99905986,4.8518195e-05,2.398528e-05,0.97774416,0.07210562,3.4064967e-06,0.99114496,9.616789e-06
0.8066659,0.008715993,0.0031394495,0.15031487,0.8079942,0.9996363,0.93682545,0.0002243109,0.12833616,0.99960333,0.4726841,0.96370834,0.76662594,0.0037056014,0.6894386,0.408901,0.005222907,0.99542964,0.67267716,0.013882474,0.011167885,0.9580393,0.55347496,0.0049333433,0.8558136,0.004909089
0.55196005,1.76803e-05,1.4068859e-05,0.035980098,0.0020125571,0.99999964,0.9977234,9.353136e-08,0.036862236,0.99998784,0.2622229,0.96876734,0.0020170347,1.5803827e-05,0.9840127,0.996633,0.004983563,0.9980406,0.99981874,9.274638e-06,2.8303875e-06,0.9799272,0.03773647,4.144564e-07,0.995698,1.4044767e-06
0.76993966,0.0050819386,0.0019391986,0.14014846,0.4809973,0.9997528,0.958446,0.00012827665,0.10778035,0.9997241,0.4240127,0.96768636,0.48097256,0.0023849336,0.8161746,0.5608444,0.0072892224,0.9947249,0.87166196,0.0047915545,0.0050861137,0.966033,0.39535785,0.0013545615,0.92109436,0.0017336798
0.7162002,0.007988634,0.0033749214,0.1447568,0.363756,0.9994722,0.9517573,0.00030714014,0.10417185,0.99948585,0.4163653,0.9660089,0.31725165,0.003670618,0.7401176,0.68512416,0.009130058,0.98989713,0.91821736,0.005703338,0.006855147,0.9403627,0.39559948,0.0017536859,0.860805,0.0021443223
0.6327188,0.0077556423,0.004252016,0.13929519,0.20772627,0.9992792,0.9543334,0.00045752042,0.10082764,0.9991386,0.40765905,0.96076035,0.14530377,0.004061927,0.6767767,0.8444196,0.011950783,0.98290306,0.9648443,0.004618869,0.0050087012,0.9014357,0.3497287,0.0013281058,0.8104856,0.0017441871
0.8045951,0.009003063,0.0031872005,0.15512711,0.7539401,0.99959654,0.93980455,0.00024151955,0.12881652,0.9995882,0.46345267,0.96432054,0.72491175,0.0037895672,0.7330499,0.4080781,0.006238527,0.995023,0.70147395,0.012115261,0.011238338,0.96089375,0.5111155,0.004316073,0.8794178,0.00456651
0.64178836,5.9539936e-05,3.7235357e-05,0.056245554,0.006844501,0.99999833,0.9954283,4.21741e-07,0.044274792,0.9999839,0.2765075,0.972937,0.010297122,4.8578982e-05,0.98189044,0.98061955,0.006245452,0.99786407,0.999064,3.519169e-05,1.7211534e-05,0.9868346,0.06612053,2.089259e-06,0.99500483,6.180776e-06
0.5212022,0.0011207728,0.0008886864,0.086597405,0.045108907,0.99989665,0.982916,5.1551036e-05,0.07406992,0.99959654,0.37443337,0.95607287,0.023500616,0.00087517704,0.7524997,0.9763582,0.009323118,0.9887453,0.99599874,0.0006319869,0.00040070314,0.89613205,0.19415924,0.00010822888,0.88954675,0.00019787908
0.72422016,0.008333985,0.0035953955,0.14302777,0.43585008,0.99945337,0.94798785,0.0003250321,0.10766825,0.9994443,0.4253839,0.9628928,0.38542745,0.0040469146,0.7230098,0.65919733,0.008770532,0.9905371,0.89866835,0.0070720506,0.0076216618,0.93999624,0.4324276,0.0022335344,0.85106033,0.0025820753
0.8875668,0.0030511578,0.00083718286,0.13983634,0.94908357,0.99994695,0.9567453,2.8116738e-05,0.15373284,0.9999033,0.52773535,0.96890223,0.94630015,0.0012086148,0.82228315,0.18289667,0.0026862896,0.999067,0.36071527,0.009259181,0.005063764,0.9862949,0.55577135,0.0029350647,0.95554227,0.0032672584
0.62869596,7.5756594e-05,4.8154416e-05,0.058380246,0.007497158,0.99999774,0.9950464,6.434806e-07,0.046057213,0.99997926,0.2866738,0.97326374,0.009864931,5.7925598e-05,0.9770245,0.98123574,0.0065383324,0.9974395,0.9990219,4.141988e-05,2.114585e-05,0.9837795,0.06983481,2.7002575e-06,0.99334866,7.836974e-06
0.7435492,0.012732775,0.0070742043,0.1622988,0.86423355,0.99889165,0.9052051,0.0008521398,0.15096705,0.9982834,0.5082602,0.91754365,0.8226112,0.008534851,0.53737015,0.5004155,0.00978602,0.99096733,0.64199644,0.041054484,0.016247429,0.9253444,0.6442702,0.015145125,0.7439983,0.012670908
0.6343013,0.010941827,0.006292296,0.14136995,0.38018578,0.9988487,0.9365185,0.00079293875,0.10988071,0.99861205,0.41926295,0.9469469,0.27725428,0.006830289,0.54992366,0.80970585,0.010994333,0.9821729,0.93666285,0.010891868,0.008615352,0.8809382,0.46288466,0.0034322012,0.7087064,0.0035685147
0.63117373,0.00022222304,0.00013304701,0.072957575,0.015285195,0.9999912,0.99183345,2.9128907e-06,0.05558888,0.99994946,0.31242976,0.9693741,0.018387312,0.00015970484,0.96154475,0.9666536,0.008567759,0.99597484,0.99769056,0.00011604188,7.47955e-05,0.9767501,0.10124928,1.0796565e-05,0.98722166,2.7002809e-05
0.8014789,0.009703344,0.0035100938,0.15391544,0.7876847,0.99956626,0.93496627,0.00027051734,0.12903808,0.99954826,0.4697049,0.96302485,0.7458534,0.004105595,0.6899035,0.41728398,0.0057664244,0.9948369,0.6862931,0.01438769,0.012274865,0.9559027,0.54440814,0.0052243294,0.8516102,0.0052227434
0.6620396,0.010937359,0.005882496,0.14423506,0.4801246,0.999035,0.9328814,0.00066056673,0.11047123,0.9989195,0.42169452,0.9529703,0.35720292,0.006255133,0.51306033,0.7745452,0.008329871,0.985393,0.9152902,0.012552767,0.009573631,0.8898906,0.50075644,0.003978117,0.6820745,0.0038609493
0.5668119,5.894821e-06,4.730718e-06,0.028834578,0.0010845104,0.9999999,0.9986172,1.8142849e-08,0.02933733,0.9999958,0.23392175,0.97458005,0.0013642559,5.5516125e-06,0.99140066,0.9976978,0.0035211155,0.998906,0.99991107,3.4659402e-06,8.3567227e-07,0.98841804,0.02637193,1.0322415e-07,0.99804014,3.989249e-07
0.72643006,0.0071147964,0.002891758,0.14267075,0.36372286,0.9995615,0.9544142,0.0002478314,0.10279448,0.99956614,0.41441244,0.96723235,0.32840067,0.003243271,0.7623396,0.6703814,0.008663605,0.99109966,0.9176242,0.005093314,0.006219919,0.9470804,0.3874293,0.0015320283,0.8769855,0.0019058698
0.6916504,0.009226503,0.0044711274,0.138399,0.5041881,0.9993327,0.93952763,0.00043421265,0.105756275,0.99927264,0.4260059,0.95861536,0.397851,0.0048691914,0.57978064,0.7275324,0.007240599,0.9888981,0.9051829,0.010035357,0.008397458,0.91315204,0.49333158,0.0031421413,0.7436224,0.0031481301
0.7458532,0.0030453554,0.0012354538,0.13064735,0.27423915,0.9998431,0.96909314,7.120148e-05,0.095038965,0.99979585,0.39594066,0.96893185,0.30117247,0.0015702402,0.8711546,0.6786348,0.008358802,0.99473757,0.9366105,0.0023518607,0.0025490448,0.97091216,0.30783522,0.00054697465,0.9482608,0.00081967196
0.7375818,0.007497211,0.0031205867,0.13722995,0.53203267,0.9995795,0.94780344,0.00025094335,0.10633151,0.9995552,0.4310907,0.96453786,0.46501565,0.0035882061,0.68946636,0.63478684,0.0066254376,0.99245113,0.87815213,0.007577944,0.007324689,0.94202125,0.4712878,0.0023630226,0.8341248,0.002555708
0.62069285,0.011353157,0.0074913655,0.14412406,0.5344839,0.99861157,0.9219129,0.0010219499,0.11674587,0.99808747,0.42635283,0.9314802,0.4026925,0.008459482,0.42278695,0.8124364,0.01001559,0.9817976,0.9143581,0.02002392,0.0100723365,0.86235946,0.5438166,0.006041512,0.60085183,0.005339033
0.61477864,0.008047906,0.0050350837,0.12804286,0.4368094,0.9991178,0.9394181,0.00060601014,0.10322994,0.9987017,0.4160741,0.93963253,0.31983668,0.0059861043,0.4797054,0.8409531,0.008953753,0.9845895,0.94158983,0.011734355,0.0065044085,0.8754585,0.500062,0.0032518436,0.6592367,0.003109836
0.7123402,0.006122932,0.0025886588,0.13257045,0.3554063,0.9996371,0.9568348,0.00020556866,0.09712838,0.999605,0.41104838,0.9673808,0.3002169,0.0029164625,0.7323672,0.7191477,0.0074594393,0.9912999,0.9306987,0.004581728,0.005106202,0.94083965,0.39918068,0.0013065328,0.8578952,0.0015845636
0.61421144,0.007541964,0.0044341017,0.13380483,0.24051878,0.9992737,0.9520641,0.0004741403,0.09979022,0.9990748,0.40642118,0.9584598,0.15432876,0.004326444,0.59272873,0.86690557,0.010188558,0.9828714,0.96574324,0.0054114093,0.004943037,0.883626,0.38458577,0.001510445,0.75024503,0.0018431216
0.8556021,0.0033809654,0.0010316652,0.1408455,0.86521345,0.9999137,0.95918936,4.429653e-05,0.13880894,0.99986374,0.4939464,0.96636546,0.87246275,0.0015189984,0.8467072,0.2688654,0.004285617,0.9984188,0.5601008,0.006910923,0.0047848267,0.9839701,0.48388103,0.002045573,0.9566539,0.0025190497
0.783809,0.008639141,0.0032446831,0.15109865,0.6735371,0.9995683,0.9427098,0.00025992387,0.12236851,0.99955636,0.45223922,0.9634242,0.6413095,0.0038427191,0.7371036,0.47334117,0.006984984,0.9941012,0.7732285,0.010301244,0.009933783,0.95705366,0.48840934,0.0035161865,0.876283,0.0038311624
0.5716124,0.000639846,0.0004209015,0.082951844,0.022480361,0.9999597,0.9880675,1.695917e-05,0.066393346,0.99981517,0.35510048,0.96280247,0.01808724,0.00041801928,0.9153645,0.9702628,0.011786482,0.99188095,0.9967878,0.00027637492,0.00019707714,0.94843274,0.12930658,3.8109505e-05,0.9665323,8.585849e-05
0.69530445,0.009271486,0.0041892203,0.14792983,0.33532447,0.999303,0.94856703,0.0004258322,0.105917975,0.99932337,0.41592157,0.9637823,0.2777276,0.004367125,0.71071434,0.72126675,0.010283199,0.98735446,0.9274464,0.0063402974,0.007560833,0.9280671,0.39639315,0.0019968753,0.8361608,0.0024201793
0.63390297,0.002912544,0.0015581353,0.11628547,0.095872864,0.9997824,0.9733366,0.00011149732,0.08329257,0.99962056,0.38617927,0.96435946,0.07976302,0.0016116904,0.8360363,0.88874525,0.012096949,0.98870623,0.9833889,0.0014425863,0.0015158254,0.9393089,0.245378,0.0003128424,0.92133343,0.00052112516
0.63349617,0.003729579,0.0019971908,0.12308341,0.110413425,0.9996989,0.9702134,0.0001618145,0.08716246,0.9995271,0.39289573,0.9636438,0.09070685,0.002004571,0.8174763,0.87621886,0.013035328,0.98733574,0.980265,0.0018595514,0.002009403,0.9344752,0.25925168,0.00042943703,0.9094127,0.0006928493
0.8477456,0.006540796,0.002095127,0.14973336,0.8968743,0.99980134,0.9421966,0.000119118165,0.14266561,0.9997398,0.5044319,0.9641538,0.8827175,0.00269094,0.7511658,0.27746025,0.0043362407,0.99750644,0.5052331,0.01393967,0.009626586,0.97336787,0.5666674,0.0049663438,0.90898913,0.0051226597
0.7395302,0.009483769,0.0041195685,0.14548722,0.5952048,0.9994087,0.93999296,0.00037373806,0.11622328,0.9993624,0.4414773,0.9585439,0.5306379,0.004724686,0.6725061,0.5983192,0.0077769444,0.991559,0.84308684,0.01085137,0.009650563,0.93783563,0.49829695,0.0036334274,0.8237365,0.0037981474
0.6742771,0.0031332406,0.0014915322,0.1246644,0.12374196,0.9997875,0.97182584,0.000105598505,0.08549462,0.9996971,0.38401523,0.9683055,0.118057705,0.0016087659,0.8541786,0.834746,0.0112040285,0.99060446,0.9758228,0.0016482726,0.0018936474,0.9535655,0.25475666,0.00036281446,0.93250346,0.000596201
0.8815142,0.0026191042,0.0007326992,0.14050111,0.9286126,0.9999521,0.96103626,2.4118222e-05,0.15017813,0.9999124,0.5145552,0.969343,0.9300738,0.0010798882,0.8497962,0.20091781,0.0030010242,0.9990484,0.42140794,0.007110166,0.004141094,0.98753136,0.51138705,0.0021226893,0.9641048,0.0025057932
0.67137086,0.009788705,0.0050061042,0.14023474,0.45137128,0.9992085,0.9391093,0.0005262077,0.10649674,0.99912876,0.42135185,0.9569925,0.34083495,0.005328875,0.5634486,0.76302695,0.008142708,0.98683006,0.92034394,0.009974229,0.008386915,0.9018082,0.47951254,0.003102648,0.7261266,0.0031764582
0.6182509,0.0057412735,0.0032508236,0.12628087,0.18949705,0.9994993,0.96030456,0.00030744512,0.09326777,0.99931014,0.4012308,0.9612944,0.12613516,0.0031934362,0.66973925,0.8751053,0.010183938,0.9850553,0.9727796,0.0035685091,0.0034713652,0.900958,0.3441172,0.00093973073,0.811736,0.0012495999
0.6510071,0.009083882,0.0048869937,0.13847429,0.3920581,0.9992362,0.941906,0.0005080734,0.10373084,0.99913293,0.4131294,0.9583396,0.27263758,0.0050205644,0.5378301,0.8093411,0.007929091,0.98559475,0.9393563,0.00861857,0.0072834725,0.89076334,0.4614135,0.0025719162,0.70303667,0.0026954622
0.49975133,0.0027374458,0.002599736,0.10637137,0.14295329,0.999637,0.9666008,0.00023346284,0.090217,0.9990835,0.3759022,0.9506882,0.060474608,0.0025314726,0.40574393,0.96830875,0.007177402,0.98313004,0.990921,0.0030397999,0.0014158997,0.8172396,0.33876503,0.00056603615,0.63704926,0.00076932926
0.73281235,0.008869733,0.0037768,0.14350769,0.5129642,0.99944586,0.94433403,0.00033855988,0.11018104,0.999438,0.43179443,0.9623973,0.45046598,0.004263335,0.693592,0.6300971,0.007861745,0.9911532,0.8765566,0.008505116,0.008597947,0.93865776,0.46453333,0.0027605928,0.83335805,0.0030293497
0.2296214,1.4702192e-06,3.5124956e-06,0.014670118,0.00080690905,0.9999999,0.9982615,2.1824512e-08,0.036445964,0.99991727,0.21746917,0.62848693,0.00036681155,1.3639237e-05,0.9361125,0.99992,0.0033696631,0.99712664,0.99999046,7.224109e-06,2.6859007e-07,0.893275,0.037805177,1.7037605e-07,0.9835302,5.3334867e-07
0.5601775,0.00023215011,0.00016252551,0.065374,0.010887606,0.9999889,0.9925126,3.9140637e-06,0.0575518,0.99990594,0.3287664,0.9612054,0.0091698,0.00017184136,0.9476385,0.98469293,0.009921812,0.9943256,0.9986141,0.00010429077,5.8441325e-05,0.95814794,0.09201725,1.0677735e-05,0.9812263,2.6784322e-05
0.6569515,0.0028242923,0.0014566649,0.12309946,0.094432704,0.9997894,0.97347564,0.00010417985,0.08428091,0.9996686,0.38038734,0.96655947,0.09056287,0.0015146191,0.86590445,0.8636686,0.012845118,0.9895948,0.98120797,0.00142229,0.0015670463,0.9518843,0.23127763,0.00030040948,0.9388899,0.00052018295
0.6626408,0.004090713,0.0019980634,0.12417281,0.15667537,0.9997063,0.967528,0.00015517135,0.08878973,0.9995871,0.3948708,0.96468186,0.13484344,0.0021636125,0.80977,0.83430874,0.011108344,0.98921764,0.9713212,0.0022823776,0.002538946,0.9404733,0.29519993,0.0005541352,0.90492,0.0008277864
0.55575454,9.372953e-06,7.475165e-06,0.03129755,0.001296468,0.9999999,0.99826306,3.641314e-08,0.03270409,0.9999924,0.24404047,0.96660453,0.001611214,9.401995e-06,0.9898713,0.99741423,0.0046642837,0.9985134,0.9998809,5.5248347e-06,1.4190184e-06,0.9852761,0.02965278,1.9423942e-07,0.9975356,6.813603e-07
0.73039985,0.008929769,0.0038233686,0.1451793,0.48599273,0.99942976,0.945235,0.00034716656,0.110147856,0.9994287,0.42910826,0.9627335,0.427036,0.004249033,0.7048802,0.6354178,0.008316734,0.99077713,0.88303816,0.008080102,0.008476365,0.9388932,0.45140427,0.0026206893,0.8406069,0.0029390093
0.7841193,0.0022429128,0.0009089486,0.12949915,0.40066436,0.9999076,0.9703043,3.9134873e-05,0.10286241,0.99986124,0.408752,0.9678927,0.4526535,0.0012079387,0.8917109,0.5819846,0.0069513787,0.9967354,0.8987386,0.0023639638,0.002166635,0.979763,0.32787204,0.00053280796,0.9634477,0.00080323435
0.552625,0.0012129627,0.00084504805,0.09110715,0.03801955,0.9999012,0.9833323,4.751035e-05,0.07421754,0.9996449,0.37621185,0.9582427,0.0246656,0.0008254628,0.8431841,0.96670514,0.01196683,0.9888558,0.99524045,0.0005597728,0.0004247147,0.92158353,0.17322934,9.7936216e-05,0.93144864,0.00019107807
0.9121767,0.0015571357,0.00037879532,0.13352178,0.9751006,0.9999832,0.9662234,8.105771e-06,0.17107058,0.9999558,0.557079,0.9697305,0.9753959,0.00063235505,0.8689976,0.12417169,0.0018463456,0.9996037,0.24386618,0.0068053524,0.0029426222,0.9922009,0.5494814,0.00199852,0.97686213,0.0023486074
0.82066375,0.0074693165,0.0026331325,0.15089247,0.8251324,0.9997093,0.9415055,0.00017556922,0.13509713,0.99965405,0.4836234,0.962375,0.80492204,0.0032679944,0.7459425,0.35397997,0.00555956,0.9963329,0.6274989,0.012633089,0.009904889,0.96710694,0.53684735,0.004438731,0.8964995,0.0046870694
0.5424594,0.0001840013,0.00013384229,0.059971306,0.009232314,0.99999154,0.9932153,2.9325188e-06,0.056848712,0.9999058,0.3257625,0.9559106,0.0071400027,0.0001492199,0.94692427,0.9887947,0.0094117895,0.9943909,0.99893814,8.4313346e-05,4.4144337e-05,0.9537948,0.08636346,8.393917e-06,0.98102367,2.0769497e-05
0.4062177,0.00015217705,0.00018350965,0.052478407,0.012107661,0.99998415,0.99195427,5.7187995e-06,0.06296681,0.9997291,0.3211847,0.9132445,0.0053105624,0.00025195073,0.78782266,0.99676573,0.007063504,0.9924446,0.99944776,0.00015183122,4.020776e-05,0.87744975,0.11608959,1.5064548e-05,0.9259205,3.32346e-05
0.5979064,0.0010176522,0.0006419732,0.094871484,0.033407982,0.9999299,0.9844118,3.1267802e-05,0.07159421,0.9997706,0.36255464,0.963216,0.028959187,0.00063783163,0.90537304,0.9517552,0.012983352,0.99076945,0.9946024,0.00045747223,0.00037700645,0.9495994,0.15483834,7.241299e-05,0.96088886,0.00015072181
0.6014423,0.000800272,0.0004886598,0.0911344,0.028836338,0.99995005,0.9863093,2.1348353e-05,0.06830541,0.99982363,0.35524154,0.96530205,0.0266032,0.00049722556,0.91929394,0.95432234,0.012227186,0.9920123,0.99537295,0.00035866155,0.0002846813,0.9561332,0.14182356,5.1232775e-05,0.96784455,0.00011190825
0.68541926,0.012215622,0.0075784707,0.15381403,0.7616715,0.998706,0.9084858,0.0009841997,0.13359225,0.9980709,0.46801034,0.9201101,0.67610043,0.008882599,0.45467183,0.67233866,0.009574956,0.9871559,0.7987975,0.033713758,0.013407203,0.89614874,0.61720777,0.011167068,0.65219796,0.009158248
0.6112042,0.0048999367,0.0028854196,0.1260139,0.1316507,0.99954456,0.96493787,0.00026941032,0.09191037,0.99931383,0.40023932,0.9611659,0.09170362,0.002734569,0.7379414,0.890715,0.012670735,0.98422205,0.9791727,0.0026182972,0.002670879,0.90991724,0.29286215,0.0006587206,0.85839844,0.0009829791
0.684549,0.010305265,0.00514541,0.14159189,0.49278268,0.9991602,0.93674713,0.0005592902,0.11017136,0.99905854,0.43075043,0.95310414,0.39798927,0.0057590175,0.59367144,0.72310376,0.008889094,0.9874184,0.90231884,0.01126257,0.009265636,0.9101844,0.49031442,0.0036347467,0.7510037,0.0036723763
0.570208,8.0842865e-06,6.199809e-06,0.030852107,0.0013289712,0.9999999,0.9983956,2.8043651e-08,0.031269163,0.9999945,0.23998278,0.9718132,0.0016688624,7.675799e-06,0.9902444,0.997221,0.003945892,0.9987418,0.99988556,4.6871937e-06,1.2327778e-06,0.9871797,0.029534444,1.5474603e-07,0.99767727,5.6363154e-07
0.8020321,0.010778494,0.0050594024,0.16379306,0.92134553,0.99937683,0.9122786,0.00045521546,0.16065608,0.99901557,0.5329908,0.9318114,0.89830995,0.006053154,0.60937107,0.35515156,0.007404805,0.99478537,0.48658213,0.03724001,0.015595158,0.94944674,0.6558718,0.014443079,0.8195681,0.012607592
0.53783935,0.0036729209,0.00294094,0.114874095,0.12259046,0.99955565,0.96608037,0.0002793736,0.09228603,0.9990706,0.39210105,0.9547882,0.06065531,0.002712791,0.55625427,0.951415,0.0100167245,0.9819812,0.9883929,0.002691471,0.0018317455,0.8524457,0.30484906,0.0005946686,0.7470587,0.0008655437
0.6091853,0.00026157385,0.000162071,0.07340577,0.014763849,0.9999883,0.99166745,4.1368266e-06,0.056756333,0.9999342,0.32317218,0.9692509,0.015619883,0.00017751851,0.9542984,0.9714172,0.009190684,0.9952319,0.9978738,0.00012481846,8.054647e-05,0.9714206,0.10049892,1.2378823e-05,0.9842768,3.1194177e-05
0.631231,0.00268495,0.0014514917,0.11722592,0.082331456,0.9997974,0.9748843,0.00010335431,0.08244251,0.9996445,0.3834452,0.9659641,0.06986297,0.0014444352,0.84977245,0.89473516,0.012614813,0.98869425,0.98532516,0.0012647712,0.0013329725,0.942338,0.22692327,0.00026425676,0.92973197,0.0004631997
0.67264444,0.012544536,0.006733438,0.14995651,0.5462217,0.9988612,0.9259378,0.0008023156,0.116875224,0.99872786,0.4307937,0.94876325,0.4255376,0.007271784,0.50623214,0.7391348,0.00888125,0.98527825,0.8909074,0.016108504,0.011671554,0.8913532,0.52482134,0.005350138,0.67717975,0.0050314115
0.5249575,0.0002523207,0.00020182769,0.06409723,0.010691769,0.9999852,0.9922512,5.374982e-06,0.05972052,0.99986327,0.33841467,0.9574984,0.0072383676,0.0001999641,0.92857313,0.98920655,0.009943829,0.99332327,0.9988165,0.0001141496,6.015724e-05,0.94288933,0.09375302,1.2837951e-05,0.97420776,3.2364005e-05
0.7754888,0.011035686,0.004527327,0.1543159,0.77472097,0.9993824,0.92864436,0.00041099286,0.1301977,0.9993229,0.47336894,0.9553761,0.7231815,0.0052917246,0.64471024,0.47372273,0.0068965442,0.9932547,0.7151669,0.017857626,0.013418903,0.94476235,0.5635119,0.006523139,0.8154501,0.006254048
0.52190137,0.0021152736,0.0016985105,0.099294424,0.08428713,0.99976856,0.9753337,0.00013393855,0.082261056,0.9993647,0.38436508,0.9566652,0.04029621,0.0016422363,0.60830957,0.9675858,0.008798196,0.98587066,0.99306893,0.0014398086,0.0009014952,0.86733514,0.25867733,0.0002784886,0.79938143,0.00044523945
0.5628517,0.0046332176,0.0032880954,0.119815126,0.14983718,0.9994929,0.9625779,0.00032438856,0.09321407,0.9991085,0.3971217,0.9569955,0.08146832,0.003089635,0.5774068,0.93139976,0.010144039,0.9823659,0.9837616,0.003239361,0.0024739949,0.8660986,0.32707715,0.0007709868,0.75368655,0.0010645443
0.60400105,8.190212e-06,6.0039297e-06,0.033433985,0.0015892439,0.9999999,0.99828726,2.6790136e-08,0.030709388,0.99999595,0.23765664,0.9761271,0.0023645363,7.516132e-06,0.9917006,0.99570316,0.0037533217,0.99892753,0.9998503,5.01805e-06,1.4408645e-06,0.99072003,0.031455595,1.6010891e-07,0.99812824,6.007373e-07
0.5810132,0.0018671172,0.0012056781,0.10383685,0.049459692,0.99984133,0.9794923,7.991993e-05,0.07909028,0.9995795,0.38215855,0.9603099,0.03645947,0.0011449319,0.8505477,0.9461811,0.014043937,0.98749673,0.9923764,0.0008423031,0.00073347107,0.9285558,0.19045112,0.0001618662,0.9318406,0.00030572468
0.8240084,0.013951518,0.0071649933,0.19138917,0.9576031,0.999065,0.89854723,0.000707099,0.20376045,0.9982961,0.5801819,0.90486395,0.9491192,0.008498685,0.661948,0.2330575,0.011632747,0.9946615,0.29367504,0.05989511,0.023568982,0.9553405,0.6747852,0.027999805,0.8669966,0.024860824
0.5404534,0.00319367,0.0023234342,0.107981496,0.10791211,0.99965227,0.9702267,0.00020888587,0.086564474,0.9992329,0.39271683,0.95522255,0.057885185,0.0022755654,0.62037694,0.9508352,0.010240978,0.9842672,0.9894126,0.002104299,0.0014876655,0.871327,0.28580013,0.0004572096,0.79483235,0.00068201585
0.53682494,0.00020779432,0.00015582968,0.061421677,0.010179243,0.99998975,0.9927995,3.6260228e-06,0.057935454,0.9998952,0.33070105,0.9568086,0.0074103517,0.00016683388,0.9391074,0.988655,0.009345033,0.99408346,0.99887174,9.48096e-05,5.009798e-05,0.94950813,0.09131332,9.9459e-06,0.9779001,2.4549752e-05
0.655435,0.0013093681,0.0006906833,0.10681349,0.057885196,0.9999198,0.9813681,3.4328117e-05,0.074068934,0.99982363,0.35732618,0.9680872,0.061911594,0.00077180273,0.9110203,0.899971,0.011253509,0.99258035,0.98913705,0.0006717927,0.0006455126,0.9640782,0.18509738,0.0001110232,0.963867,0.00021629932
0.5614575,0.0028590097,0.0019285961,0.10811322,0.0845524,0.99971825,0.97338754,0.00015875182,0.083956346,0.9993761,0.39382374,0.9585563,0.050156802,0.0018641407,0.72341114,0.9449212,0.011530698,0.9852051,0.9897029,0.0015407358,0.0012729567,0.89627355,0.2503346,0.00033334614,0.8596884,0.0005429154
0.54600984,0.0021786678,0.0016884104,0.10554132,0.05607215,0.9997619,0.976862,0.00012954915,0.08437518,0.999343,0.3894936,0.95690244,0.032102626,0.0014949747,0.7604911,0.9613201,0.013305282,0.98450875,0.9931197,0.0011040685,0.00085518695,0.89536256,0.2087155,0.00022672255,0.886375,0.00041313152
0.6673842,0.014604856,0.008129933,0.15403147,0.5509905,0.9984515,0.92061883,0.0011251174,0.12331295,0.9982242,0.44012314,0.9392768,0.44918004,0.0091251675,0.5282032,0.7198077,0.011539387,0.9831941,0.8784471,0.019485872,0.013666839,0.88932097,0.5273556,0.006829868,0.6939419,0.006397298
0.59797794,0.0047443034,0.0028926283,0.12447117,0.12048649,0.99953914,0.9657886,0.00027573854,0.092104845,0.9992613,0.40050647,0.96002674,0.08032056,0.0027119736,0.7284605,0.9044375,0.013025014,0.98348826,0.9817711,0.0024905258,0.002462625,0.9032646,0.28485745,0.0006223729,0.8538047,0.00094566675
0.66164076,5.9960903e-06,3.6151775e-06,0.03238368,0.0020882685,0.9999999,0.9984536,1.2373104e-08,0.027498068,0.9999981,0.21757595,0.9795446,0.0037244677,5.804726e-06,0.99332196,0.9932006,0.0024559936,0.9993237,0.9997992,3.897447e-06,1.3661855e-06,0.99414486,0.03474913,1.1645473e-07,0.9985885,4.178429e-07
0.6449035,0.009953063,0.005390577,0.14247456,0.3551578,0.99910897,0.9418206,0.0005978098,0.10613477,0.99901617,0.41356692,0.95788324,0.24673857,0.005432691,0.5597558,0.81083095,0.009272975,0.983959,0.94215626,0.008439687,0.007669089,0.88846374,0.44285947,0.0025815365,0.71911764,0.0028202315
0.54022485,1.071923e-05,8.489112e-06,0.030965038,0.0014056372,0.99999976,0.9982494,4.4626997e-08,0.033385765,0.99999106,0.25010008,0.96731347,0.0014681687,1.0306848e-05,0.98725814,0.9976654,0.0044010067,0.99838316,0.99988234,5.816735e-06,1.5411173e-06,0.9817516,0.0313093,2.1730457e-07,0.9967064,7.6736814e-07
0.7472397,0.009802247,0.003976936,0.1497565,0.55797154,0.99941564,0.94149864,0.00035892628,0.114312515,0.99944204,0.4354266,0.9636467,0.49727362,0.0044419053,0.69409126,0.58599645,0.007669895,0.9915036,0.8500991,0.009550645,0.010000121,0.9416703,0.47302604,0.0032394566,0.83566046,0.0035014064
0.6476621,0.004850464,0.0025060927,0.1284522,0.15067017,0.9996092,0.9651424,0.00021815594,0.09138746,0.99947065,0.39790973,0.96368563,0.12169067,0.0025452576,0.7858773,0.84782106,0.012150404,0.9870091,0.9726346,0.0026029723,0.0029131297,0.9303755,0.29733425,0.0006599224,0.8884332,0.0009805771
0.77839833,0.009006271,0.003538298,0.1493914,0.7034394,0.999527,0.93931323,0.00029412087,0.12487978,0.99948657,0.4615392,0.95930815,0.66757345,0.0042842254,0.71583194,0.47856402,0.0071420344,0.9939176,0.7606336,0.012014305,0.010513607,0.9537435,0.5148549,0.004172669,0.8622701,0.004378057
0.7007064,0.0066636326,0.0029375553,0.13768238,0.29775795,0.9995579,0.9563766,0.00025211292,0.09806815,0.99953985,0.40846843,0.96711314,0.250219,0.003137762,0.7448946,0.7403791,0.008892759,0.98964185,0.94049984,0.0044009252,0.0052667647,0.93797386,0.37401208,0.00127162,0.86234087,0.0016134637
0.7947563,0.0075080823,0.0026845618,0.14769985,0.69008404,0.9996642,0.94606364,0.00019456216,0.12107376,0.99965,0.45304102,0.9657409,0.66422045,0.0032684465,0.75365657,0.45317304,0.006186106,0.9950932,0.7634006,0.009181327,0.008841652,0.96232384,0.4846406,0.003062,0.88887393,0.0033837508
0.6430342,0.0002074912,0.000120642864,0.07435142,0.015527195,0.9999919,0.99209553,2.6542925e-06,0.054284275,0.99995816,0.30951807,0.9728415,0.019981291,0.00014332573,0.96454144,0.9625945,0.008028287,0.99638414,0.9976307,0.00011059409,7.185985e-05,0.9802018,0.098079,9.817727e-06,0.98855746,2.5383675e-05
0.83980846,0.004541664,0.0014526449,0.14510037,0.81094044,0.9998599,0.95487344,7.335061e-05,0.13101074,0.9998196,0.4725627,0.9684452,0.8113533,0.0019236323,0.8165955,0.32421118,0.004667315,0.99764144,0.6380286,0.0075753694,0.006093399,0.978454,0.47881132,0.0023340832,0.93846065,0.002732983
0.6738335,0.0029587396,0.0014353879,0.1244742,0.11414968,0.9997948,0.97255707,0.000100390585,0.085180044,0.9996989,0.38086632,0.967644,0.112226695,0.0015498314,0.86370724,0.83847785,0.011707103,0.99060565,0.9772276,0.0015564191,0.0017769025,0.95502704,0.24541573,0.0003369777,0.9380389,0.0005630152
0.6534792,0.010037807,0.0060967505,0.14127186,0.59216213,0.99902,0.92534214,0.00069957715,0.11407604,0.99869484,0.42995852,0.9407662,0.4607048,0.0067639146,0.4413575,0.7793536,0.007820546,0.9861367,0.89820606,0.018190267,0.009444458,0.8827629,0.5575596,0.0054507996,0.626775,0.004792269
0.58475024,0.00024083295,0.00016021686,0.06929067,0.012370717,0.9999889,0.9922083,3.9559127e-06,0.056790706,0.9999236,0.32599142,0.9662209,0.0115853585,0.00016879705,0.9514817,0.9793594,0.009463504,0.99478394,0.9983339,0.00010996126,6.67101e-05,0.9656055,0.09473805,1.1010147e-05,0.9830257,2.7836735e-05
0.741461,0.013057223,0.006148235,0.15670079,0.7477842,0.99904364,0.91996175,0.00068035163,0.13228013,0.99889,0.47170195,0.94467974,0.68301684,0.007123337,0.5882159,0.54569024,0.008658373,0.9905082,0.75437623,0.022729311,0.014964142,0.92752165,0.57526934,0.008354372,0.7652594,0.007640988
0.88123035,0.004284083,0.0012589757,0.1466003,0.95247614,0.99991167,0.9487497,5.0530627e-05,0.15992518,0.99984753,0.5372821,0.96470505,0.94713455,0.0017289171,0.7909601,0.18806644,0.0031892525,0.99876994,0.33937556,0.013155065,0.007112789,0.98273695,0.58649653,0.0045976704,0.942396,0.0048717386
0.54371023,0.004987674,0.0039163562,0.11793295,0.24897136,0.99940896,0.9532626,0.00040058015,0.09539237,0.9989446,0.38793433,0.9494488,0.12987408,0.0039763185,0.39977714,0.9357312,0.0074628573,0.9825394,0.9794536,0.006015596,0.0031202768,0.83293515,0.42066732,0.0013353819,0.59975404,0.0015042394
0.63231367,0.0036642742,0.0019956375,0.123942286,0.10259232,0.9996971,0.9704541,0.00016384281,0.08732994,0.99952364,0.39131063,0.96405435,0.08428795,0.0019653086,0.8225385,0.88030624,0.013412269,0.9869484,0.98128694,0.0017845749,0.0019451216,0.93490887,0.25054458,0.00041087106,0.9127859,0.0006777663
0.81133467,0.010001468,0.0034935924,0.15893675,0.7998624,0.99955815,0.93519,0.00027311922,0.13462666,0.9995442,0.4745231,0.9629542,0.76919293,0.0041544735,0.7154424,0.37850964,0.006164947,0.9951272,0.64992636,0.014760951,0.012994661,0.96007407,0.53499556,0.0054822215,0.8711136,0.005620841
0.79447675,0.0060902177,0.0021576898,0.14757079,0.6146391,0.9997234,0.9531712,0.00014863141,0.1179285,0.9997043,0.441523,0.9670715,0.6136291,0.0027138842,0.8031189,0.46502256,0.0068096435,0.99536693,0.79930645,0.0067020697,0.0069201477,0.9684027,0.43079326,0.0020771024,0.9181993,0.0025075625
0.5848265,0.0064686607,0.0042514587,0.12666498,0.25886425,0.9993393,0.9515698,0.00044209475,0.09737158,0.9990396,0.39913282,0.9558149,0.14971232,0.004219942,0.49030462,0.90150094,0.0083649615,0.98297447,0.97135127,0.005900355,0.0042006415,0.86119485,0.4097609,0.0015054459,0.67274845,0.0017352484
0.8837113,0.004668773,0.001367077,0.1483534,0.9567192,0.9999019,0.9458635,5.6611785e-05,0.16048579,0.99983466,0.5400238,0.9644241,0.9506291,0.0018218906,0.7780067,0.18211894,0.0031703084,0.9987112,0.32210928,0.01486777,0.007898905,0.98193055,0.5974506,0.0052885907,0.9371655,0.005461056
0.6492002,0.00093535415,0.000503546,0.09966313,0.043085836,0.999946,0.98433083,2.2317347e-05,0.069347516,0.99986315,0.3526505,0.9701663,0.04610898,0.0005506064,0.9224807,0.9209182,0.010748767,0.99327976,0.99232626,0.00046092694,0.00041505377,0.9668317,0.16067539,6.750374e-05,0.9697398,0.00014099073
0.7771196,0.0037134169,0.0013788996,0.13465253,0.43022174,0.9998344,0.96404916,7.904045e-05,0.10369725,0.99980253,0.41402686,0.9696614,0.4506495,0.0017759993,0.8485925,0.57578456,0.006818573,0.9956713,0.8900941,0.0034112628,0.0036398342,0.9723299,0.36249435,0.0008911824,0.9395003,0.0012153387
0.7793711,0.010598743,0.0042673186,0.15307043,0.7732134,0.99943334,0.93028206,0.00037446563,0.12932454,0.9993767,0.47212598,0.9568088,0.722809,0.004977601,0.6543079,0.46679056,0.006674215,0.99359965,0.71598256,0.016784946,0.012865055,0.9468671,0.558624,0.006089641,0.8236853,0.0059002633
0.74938965,0.010061095,0.004264821,0.1485437,0.63058347,0.9993794,0.93724006,0.00039628628,0.1197133,0.99934787,0.44938728,0.95812327,0.57284087,0.0049463823,0.6768149,0.56266046,0.007867325,0.99188143,0.8185952,0.01205496,0.010708437,0.9409001,0.50688946,0.004152677,0.8278334,0.004292076
0.91238874,0.0017783551,0.00043153274,0.13346268,0.9748455,0.9999801,0.96401846,9.684202e-06,0.16694082,0.99995196,0.5513587,0.97114414,0.9739974,0.0006846149,0.8533657,0.12859087,0.001777458,0.9995635,0.24623321,0.0075393775,0.00331533,0.99132323,0.5624599,0.0022496872,0.9724391,0.0025754306
0.64476234,0.0098041035,0.005377858,0.14149933,0.39389306,0.999134,0.9393252,0.000586948,0.10606608,0.9990195,0.41300568,0.95698804,0.27077672,0.00551298,0.51828027,0.81455284,0.008297451,0.98450446,0.93873805,0.009452139,0.007839471,0.8844511,0.46524075,0.0028577745,0.68535084,0.0029641446
0.81974924,0.00706197,0.0024135113,0.1471137,0.81406707,0.99973947,0.9434614,0.00015563723,0.12897888,0.99969804,0.4769472,0.9651375,0.7897891,0.0029798225,0.7416994,0.36784717,0.0050428677,0.9963942,0.65512943,0.011445304,0.009244478,0.96706074,0.5314052,0.0038932317,0.8919479,0.0040929667
0.6157507,0.00094073097,0.00053891196,0.09478214,0.035668988,0.9999422,0.98500144,2.4945075e-05,0.06929378,0.9998216,0.35673872,0.96617717,0.034081686,0.0005728291,0.91548854,0.9421347,0.011872763,0.99210525,0.9940566,0.00043321357,0.00036577618,0.9580256,0.15399207,6.416736e-05,0.96596485,0.00013539394
0.58573556,0.0055656,0.0035295845,0.12501626,0.17542984,0.9994456,0.9599136,0.00035437843,0.094400674,0.99916136,0.40168747,0.9592315,0.103573106,0.0033569753,0.6036428,0.90707695,0.01020038,0.983012,0.9783985,0.0036720831,0.0031738048,0.87898505,0.34147355,0.00093331654,0.76618814,0.0012447259
0.90417206,0.0021987997,0.00056600483,0.13728255,0.9697002,0.9999709,0.9608939,1.479908e-05,0.16669054,0.9999348,0.5489491,0.96881527,0.9686234,0.00087972614,0.843948,0.14183147,0.0021431851,0.9994293,0.26960957,0.008539255,0.0039902464,0.98981184,0.56613475,0.0026664978,0.96790624,0.0030228528
0.745334,0.010971973,0.0048874994,0.14965351,0.7258518,0.9993222,0.92687756,0.00045657612,0.121538825,0.9992499,0.45515516,0.95508057,0.6410514,0.005472284,0.56926733,0.5821736,0.0064237854,0.9916973,0.7905816,0.017438032,0.012307966,0.9284074,0.56706,0.0060682343,0.7512123,0.0055633816
0.59098506,0.00058836595,0.0003742713,0.084183656,0.02212558,0.99996495,0.9882129,1.4423848e-05,0.0651265,0.999848,0.3488038,0.9649514,0.020075746,0.00038057397,0.92850846,0.9652546,0.0117716,0.99260783,0.9966041,0.000262516,0.00019009206,0.9572123,0.1257621,3.4391654e-05,0.9724963,7.884029e-05
0.38327956,3.1222835e-06,5.1455563e-06,0.020121425,0.0011644335,0.9999999,0.99862194,2.3939291e-08,0.031948987,0.99998593,0.23708576,0.9468596,0.00039143383,7.761761e-06,0.92058986,0.9997681,0.0016055485,0.9983425,0.99997294,3.893023e-06,4.842072e-07,0.9393922,0.036346387,1.1855605e-07,0.9829937,4.4341832e-07
0.4630434,2.5956144e-05,2.9686302e-05,0.03524355,0.0043039895,0.9999989,0.9967583,3.1167005e-07,0.04359392,0.9999622,0.28300554,0.95529675,0.0018045477,3.7889073e-05,0.90296054,0.9984861,0.003140787,0.99683917,0.9998062,2.0912517e-05,5.1937473e-06,0.9373081,0.066621386,1.1909653e-06,0.97239953,3.3782535e-06
0.68976283,0.01033025,0.0048047337,0.1467998,0.39991263,0.9992142,0.94305044,0.00050259347,0.1078814,0.99922717,0.42081428,0.96174,0.31589293,0.0050287885,0.6459463,0.7262104,0.009253912,0.9870489,0.9181182,0.008172589,0.008737265,0.9166559,0.43873367,0.0026441528,0.7890439,0.0029504828
0.5305528,0.0037281835,0.0030518798,0.11035966,0.23491211,0.99958175,0.9584743,0.00027757618,0.09014641,0.9991604,0.37931913,0.9521524,0.113494925,0.0031181122,0.36855718,0.94962746,0.0060360963,0.9845509,0.98389935,0.0048976745,0.0022634603,0.8296365,0.41409907,0.0009743608,0.5809532,0.001111197
0.67663693,0.0065547097,0.003075772,0.13664196,0.2403157,0.9995055,0.9582587,0.0002856813,0.09736083,0.99944013,0.40751353,0.9641054,0.19948289,0.0032647778,0.75388193,0.7800151,0.010843353,0.9878521,0.9527687,0.004019507,0.0046961517,0.9324594,0.34840187,0.0011295349,0.8683621,0.0015039522
0.4953052,0.0012437548,0.0011241967,0.085676804,0.087355785,0.9998721,0.9790487,7.2028015e-05,0.07459313,0.99956673,0.3679149,0.9588952,0.035410143,0.001132726,0.5040264,0.9796331,0.0054429187,0.9889585,0.9953471,0.0011520265,0.0005316546,0.8526826,0.2706859,0.0001797551,0.74071753,0.00027869336
0.76364017,0.00464325,0.0017980746,0.14107169,0.3837717,0.99975413,0.96130896,0.000120776705,0.10439009,0.9997303,0.4100658,0.9683727,0.40029082,0.0022063323,0.8394315,0.59997797,0.008235206,0.9942866,0.90035534,0.003868439,0.0043931394,0.96763825,0.35242972,0.001049989,0.9322308,0.0014345127
0.61714244,0.00079489057,0.00047022116,0.09188789,0.032823402,0.9999535,0.98575944,1.9336005e-05,0.06829309,0.9998448,0.35112005,0.9657674,0.031459246,0.0005021524,0.92084754,0.946893,0.011342528,0.9925661,0.9946451,0.00037332712,0.00030858302,0.9595958,0.15060155,5.369412e-05,0.9685431,0.00011318926
0.8872758,0.0044895583,0.0017082992,0.15921783,0.9820855,0.9998963,0.9357972,6.5548906e-05,0.20097527,0.99974066,0.59806246,0.94111747,0.9787557,0.0022316128,0.7622803,0.14224176,0.0039896304,0.9987734,0.19197027,0.026200522,0.008807066,0.9811458,0.66944885,0.010036049,0.9393047,0.00951963
0.5594907,0.0015225788,0.0010555012,0.096773624,0.04410826,0.9998696,0.98145616,6.5022214e-05,0.07678813,0.99959296,0.38058135,0.95959294,0.02900247,0.0009877901,0.83227324,0.9608319,0.012658846,0.98796,0.99419856,0.00070411403,0.0005521389,0.919953,0.1844284,0.00012960202,0.9246776,0.00024869893
0.5934756,0.0007721673,0.00048368998,0.08943855,0.026800979,0.9999503,0.9866518,2.1499522e-05,0.06784476,0.99981576,0.35686305,0.9652504,0.023690203,0.0004824867,0.9178529,0.9593218,0.012302199,0.9918147,0.99578637,0.00034002095,0.00026285587,0.9541577,0.13688475,4.8285376e-05,0.9674699,0.000107343
0.5712775,0.00030513998,0.00021271122,0.07133647,0.01313872,0.9999839,0.9914507,6.049628e-06,0.05944194,0.99989235,0.33453542,0.96410984,0.011394234,0.00021344748,0.94344425,0.9803007,0.010516406,0.9938366,0.9982236,0.00013647172,8.253697e-05,0.958933,0.09866941,1.4940946e-05,0.97955704,3.7264166e-05
0.90197843,0.002635004,0.00069863873,0.141779,0.9676353,0.9999608,0.9578357,2.0268812e-05,0.16654187,0.9999188,0.5462404,0.9684665,0.96576816,0.0010183627,0.83173335,0.14645019,0.0023751084,0.9993206,0.27268553,0.009801576,0.0046974244,0.98863727,0.56811047,0.0031577444,0.96379226,0.0035266362
0.7486457,0.0066501503,0.0026541245,0.14176825,0.45035377,0.999627,0.95351857,0.00020757114,0.10678503,0.9996137,0.42282408,0.9661632,0.42401862,0.003103222,0.77320415,0.6103189,0.0079247905,0.99281293,0.8880424,0.0057202196,0.0063650357,0.954433,0.41218832,0.0017268452,0.88951534,0.0020977156
0.6045456,6.368601e-05,4.262494e-05,0.053564988,0.0057927854,0.9999981,0.9956163,5.3920195e-07,0.044845942,0.9999776,0.28435794,0.97121406,0.0069931317,4.972549e-05,0.9769817,0.9871913,0.006633514,0.99731135,0.99929583,3.413769e-05,1.5251064e-05,0.98127764,0.062640205,2.0915434e-06,0.9932682,6.245563e-06
0.54215354,0.00084191875,0.0006185159,0.081178054,0.039482754,0.99993896,0.98467815,2.7234631e-05,0.06988183,0.9997172,0.35832283,0.9507677,0.024907881,0.0006927899,0.8326169,0.97205913,0.009532304,0.9902677,0.9958853,0.0004931848,0.0003093359,0.91775995,0.18585072,7.612824e-05,0.92673194,0.0001377606
0.7944042,0.0075466693,0.0026895376,0.1480698,0.6876836,0.99966073,0.94608444,0.00019704443,0.12067473,0.99964774,0.45287573,0.9659014,0.6623154,0.0032788664,0.75438577,0.45191014,0.0062427535,0.9950346,0.76460636,0.009154403,0.0088867005,0.9623532,0.48190108,0.0030373428,0.88896084,0.003367633
0.6661051,0.0054244394,0.0026259942,0.13114157,0.19793248,0.9995981,0.96227276,0.00022739542,0.09283078,0.99951017,0.40197492,0.9654537,0.16020676,0.0027223856,0.76580966,0.81345314,0.010528614,0.98805296,0.96416074,0.0031139853,0.003632245,0.9326018,0.32538962,0.00082594116,0.8755377,0.0011489197
0.6354822,0.008968748,0.0050052735,0.1361889,0.3297756,0.9991597,0.9443451,0.00055835245,0.10313211,0.9989982,0.4128038,0.9553392,0.22905505,0.005216274,0.56715417,0.82902956,0.0095829535,0.9839034,0.949445,0.0077664205,0.0066774683,0.88765925,0.43452793,0.0023086744,0.72600496,0.0025391683
0.56633955,0.000102485465,7.377656e-05,0.05574507,0.0065296283,0.99999607,0.99487656,1.2355944e-06,0.04930591,0.9999566,0.31008786,0.9680609,0.005924045,7.6286015e-05,0.9653176,0.98943245,0.0078123994,0.9961234,0.9992435,4.6724457e-05,2.2710654e-05,0.97007364,0.06800319,3.6511112e-06,0.9889571,1.0430717e-05
0.58351344,1.0235293e-05,7.759252e-06,0.033640265,0.001621137,0.99999976,0.998154,3.943069e-08,0.03250069,0.9999939,0.24323934,0.97304755,0.002131499,9.424195e-06,0.98980075,0.9963154,0.004205605,0.9986696,0.9998499,6.0634156e-06,1.6941154e-06,0.9877796,0.03247066,2.1213168e-07,0.9975604,7.661521e-07
0.79779124,0.0013445056,0.0004920405,0.12183893,0.34011286,0.9999534,0.9767407,1.712517e-05,0.09762332,0.9999225,0.3952154,0.971323,0.42878503,0.0007321767,0.927313,0.58644545,0.0061428533,0.9977851,0.91715264,0.0013924656,0.0012673567,0.9866431,0.27434495,0.0002700656,0.9783271,0.000451973
0.7601402,0.011928087,0.0048834425,0.15578169,0.69167423,0.9992926,0.93021387,0.0004630721,0.1242098,0.99930394,0.4538176,0.95931643,0.6239647,0.005461491,0.64033335,0.53055376,0.0072698947,0.9917915,0.77980775,0.015136144,0.0134530915,0.9379207,0.532598,0.0055118483,0.8022896,0.0054263226
0.52830225,0.0014167884,0.0010900482,0.09127483,0.054763522,0.9998665,0.98089385,6.929514e-05,0.07606107,0.9995505,0.37885442,0.9570993,0.028810421,0.001063671,0.730887,0.97129077,0.009461537,0.98798394,0.9949287,0.0008055212,0.00053916994,0.89378875,0.2111839,0.00014541276,0.87565076,0.00025528838
0.6742356,0.010541602,0.0057976684,0.14345248,0.5843109,0.99909306,0.9282085,0.000631011,0.11349057,0.99891245,0.4308238,0.94880706,0.45889828,0.006336075,0.48378593,0.7476359,0.0075224303,0.987288,0.8902197,0.015916307,0.010042579,0.89426994,0.54339325,0.0049978313,0.665347,0.004562972
0.6408667,0.001151053,0.0006336234,0.10274498,0.04738143,0.9999286,0.98281306,3.073577e-05,0.072063416,0.9998246,0.35724783,0.9679262,0.048902147,0.00068341376,0.9133106,0.9185776,0.011586768,0.9923672,0.9914944,0.0005651154,0.0005179565,0.9622882,0.17183906,8.895122e-05,0.96486723,0.00018024184
0.60699904,0.0072893086,0.004469693,0.12888436,0.29364341,0.99928373,0.9487183,0.00047513863,0.09891993,0.9990398,0.40418628,0.9548484,0.18535781,0.004609874,0.52049345,0.8746553,0.008637598,0.9837272,0.96318233,0.0067060827,0.005085713,0.8731463,0.42744055,0.0018234886,0.6933673,0.002028027
0.63104665,0.00036616987,0.00021295006,0.08124702,0.020893062,0.99998295,0.98981386,6.030044e-06,0.060171474,0.9999237,0.32661715,0.9681254,0.024710208,0.0002514626,0.9526896,0.956127,0.009891397,0.99506575,0.9965702,0.00018873446,0.0001329415,0.97357416,0.11709288,2.0255073e-05,0.9834358,4.791475e-05
0.61883646,0.0013112306,0.00074846146,0.10119251,0.04720991,0.9999136,0.98225325,3.936304e-05,0.07346753,0.99977726,0.36631188,0.9657539,0.042251196,0.00077440264,0.89487255,0.9308372,0.011943832,0.99104816,0.9921937,0.0005998211,0.00055785617,0.9519732,0.17735301,0.0001018019,0.9553409,0.00020017946
0.6822924,0.00068997475,0.00034874651,0.097969264,0.047186483,0.99996614,0.98555577,1.2318317e-05,0.06774409,0.99991286,0.33872792,0.97157335,0.060220752,0.0004326049,0.94072866,0.90120924,0.009162754,0.99528116,0.9912294,0.00039079532,0.0003460165,0.97679895,0.15819226,5.2369996e-05,0.9786355,0.00011065306
0.78096944,0.010351501,0.004288823,0.15208863,0.80969644,0.99944454,0.927609,0.0003758228,0.13234746,0.9993425,0.4824094,0.9530732,0.7633889,0.0050714593,0.6384488,0.45550865,0.006534558,0.9939028,0.68752575,0.019286592,0.012921751,0.9468301,0.5811496,0.0069703837,0.81602365,0.0065505374
0.72619337,0.0025584176,0.0011235168,0.12335895,0.19757222,0.9998628,0.9717632,6.0788752e-05,0.0889394,0.9998037,0.3826986,0.96853495,0.21402039,0.0013831267,0.8767019,0.7505107,0.008682649,0.99414474,0.95862687,0.0017745525,0.0019319408,0.9680348,0.2853754,0.00038914583,0.94894934,0.00061117485
0.5811048,0.0012805546,0.0008298382,0.09744834,0.03670907,0.9999012,0.9830526,4.6352856e-05,0.07447331,0.9996917,0.37332055,0.9616418,0.02871303,0.0007941615,0.8834477,0.9543937,0.013686496,0.9892607,0.99428,0.00056000846,0.0004643615,0.93888986,0.16364647,9.597146e-05,0.9499109,0.00019519783
0.535548,0.0033887413,0.0026577674,0.111875765,0.11456632,0.9996014,0.9681523,0.00024653424,0.08984999,0.9991346,0.39193967,0.95538926,0.05711121,0.0024823807,0.57399654,0.95365524,0.009984188,0.9828401,0.9891958,0.0023806933,0.0016212974,0.85864484,0.29418483,0.000517412,0.7631947,0.00076641986
0.72720075,0.012740028,0.0057697357,0.15439045,0.6319179,0.99910235,0.9274701,0.00060819584,0.1209582,0.99909425,0.44425952,0.9556911,0.54073125,0.006312977,0.58835125,0.6177816,0.007990806,0.989297,0.83212006,0.01569399,0.013283571,0.9208986,0.5308946,0.005596736,0.754102,0.005394692
0.5339163,7.068336e-07,6.459017e-07,0.015530695,0.00023303318,1.0,0.9994993,8.778057e-10,0.019140724,0.99999905,0.19258146,0.97485787,0.0003333204,8.669833e-07,0.99665904,0.9995276,0.002056979,0.9995079,0.99998605,4.7078547e-07,6.581042e-08,0.99258363,0.011932476,7.6132e-09,0.9993794,3.5155974e-08
0.6006794,0.00029587193,0.00018901324,0.07363871,0.015154416,0.99998605,0.99119383,5.0653325e-06,0.058357444,0.9999175,0.32631898,0.9663107,0.015261601,0.00020610033,0.9501319,0.9728933,0.00990553,0.99462974,0.99780923,0.00014166332,8.981259e-05,0.9672737,0.1039369,1.4703154e-05,0.9822704,3.6130456e-05
0.59159726,0.00017955399,0.000106535685,0.05964181,0.012061039,0.9999939,0.99303085,2.1348728e-06,0.055212248,0.999931,0.30442342,0.9553022,0.0114699425,0.00015406412,0.9540686,0.9826026,0.008019061,0.9952366,0.99849284,9.122915e-05,5.2549793e-05,0.964664,0.098900504,8.314936e-06,0.98297864,1.87077e-05
0.46595994,1.1820786e-05,1.2023148e-05,0.026860703,0.0016402774,0.99999964,0.9976835,7.9538026e-08,0.039785,0.9999664,0.25295246,0.9124126,0.0011429046,2.1333331e-05,0.975625,0.99884975,0.005038501,0.99708134,0.999902,1.0090393e-05,2.070633e-06,0.957009,0.040417887,4.3751987e-07,0.9924124,1.2696065e-06
0.61783856,0.0046015475,0.0025566027,0.119422734,0.16392533,0.9996182,0.9649,0.00022282304,0.088707484,0.9994217,0.3989125,0.9612505,0.11367308,0.0026405877,0.7104273,0.8831326,0.010140707,0.98654306,0.9767045,0.0027743645,0.0026956415,0.91033524,0.32342556,0.0006915728,0.8413238,0.0009551907
0.71044433,0.0029399418,0.0012747475,0.12642929,0.17214128,0.9998275,0.9713198,7.936862e-05,0.08784957,0.99976903,0.38412732,0.9694342,0.18139523,0.0015163812,0.86853886,0.7728426,0.009561869,0.9930294,0.96358734,0.001815917,0.0020750999,0.9641827,0.2743677,0.00040222346,0.9430035,0.0006357045
0.6719823,0.009072227,0.0044372478,0.1412771,0.34721127,0.9992878,0.94671553,0.00045399685,0.10330091,0.999255,0.4152163,0.96200055,0.2607709,0.0045809033,0.6365725,0.77257866,0.009095362,0.9864662,0.9372749,0.006873172,0.0071798763,0.91100293,0.42300096,0.0021194345,0.7811742,0.0024192778
0.5620173,0.0021313538,0.0015096061,0.10255743,0.066421755,0.99980134,0.9768191,0.000106689804,0.08085219,0.99948776,0.3862098,0.958604,0.0398516,0.0014159819,0.7643592,0.9530699,0.01146377,0.9863908,0.99204034,0.001117187,0.0008927512,0.90376663,0.22682188,0.0002265024,0.8857207,0.00038775124
0.55939674,5.7554094e-05,4.1871113e-05,0.04772976,0.004482148,0.9999982,0.99606967,5.0063494e-07,0.045400534,0.9999695,0.29015186,0.9645353,0.0042477744,4.7784797e-05,0.9730556,0.99281067,0.006857365,0.9968374,0.9995185,2.8283286e-05,1.1600381e-05,0.9724802,0.05779764,1.8137939e-06,0.9916869,5.3109434e-06
0.56203943,0.0006207976,0.00040502555,0.080283105,0.022793176,0.99996233,0.98799115,1.554701e-05,0.067056894,0.9998022,0.3532052,0.9561117,0.018439204,0.00044554254,0.9148287,0.9714845,0.011922827,0.9916991,0.9968284,0.00028261062,0.00019831577,0.94515127,0.13424802,3.9001377e-05,0.9653057,8.333082e-05
0.43333238,0.00032188243,0.0003578509,0.060679067,0.030440101,0.99996495,0.9880114,1.4723697e-05,0.06448159,0.99966645,0.33319587,0.9244408,0.0132745495,0.00049014203,0.6695554,0.9931357,0.0061132363,0.99119836,0.9986571,0.00038527348,0.00011072007,0.86136484,0.18131325,4.276125e-05,0.86214197,7.526478e-05
0.5672214,0.000980628,0.0006313208,0.08882743,0.032253753,0.9999317,0.98530734,3.0725307e-05,0.071016096,0.9997358,0.36648715,0.95960087,0.024247883,0.0006445334,0.8850492,0.96372294,0.012190618,0.9903796,0.9955195,0.00043605975,0.0003332956,0.9370348,0.15678985,6.9230024e-05,0.95113444,0.00014193429
0.67518544,0.01637182,0.009416862,0.16083279,0.6415388,0.99816185,0.9108645,0.0013908665,0.13271743,0.9977763,0.45389777,0.9294155,0.54645425,0.010704043,0.50844574,0.67998457,0.012359379,0.9831199,0.8372988,0.02719073,0.01647118,0.88882333,0.5622901,0.009922023,0.68142223,0.008826689
0.6339962,0.0066411784,0.0035700444,0.13143034,0.2142319,0.9994273,0.9572476,0.00035401166,0.09599521,0.9992853,0.406536,0.9618997,0.15019144,0.0035518915,0.6755126,0.8493675,0.010535422,0.98509306,0.9663671,0.0041477634,0.0042765085,0.9060152,0.3562306,0.0011421024,0.8123497,0.0014864482
0.55125225,0.005093824,0.0039931126,0.11854344,0.32625997,0.99942136,0.94836116,0.0003948695,0.09551354,0.99897647,0.38572672,0.9473572,0.17921498,0.0041790637,0.34940928,0.9285458,0.0063123032,0.9839557,0.97389835,0.007953412,0.0035291035,0.83302313,0.46909624,0.0017245379,0.54811424,0.0017507192
0.5661669,1.1756121e-05,9.051632e-06,0.033385895,0.0016413906,0.99999976,0.99808913,4.9330826e-08,0.033737935,0.99999213,0.24961035,0.9702247,0.001914358,1.0908726e-05,0.9880242,0.996802,0.0044694766,0.9984652,0.99985254,6.592885e-06,1.861555e-06,0.98475546,0.03329678,2.4853057e-07,0.99700075,8.6860945e-07
0.6885721,0.00010864756,5.6899884e-05,0.06687524,0.014905167,0.999997,0.99391264,8.142372e-07,0.049345087,0.999982,0.28229976,0.9758814,0.023480577,8.07445e-05,0.9761703,0.9580932,0.0057263086,0.9979639,0.9977456,6.4115986e-05,4.134447e-05,0.98784965,0.09121939,4.8980273e-06,0.99314886,1.2806134e-05
0.65559375,0.0051323576,0.0026097104,0.13014881,0.16794941,0.9995952,0.9636408,0.00022737244,0.092546195,0.9994766,0.39870325,0.9640429,0.1360748,0.002660548,0.77866167,0.83446354,0.011648909,0.9872808,0.96928835,0.0028381436,0.003218015,0.93099433,0.3097279,0.0007380472,0.88381827,0.0010696821
0.63995445,0.0004898046,0.0002792221,0.08639036,0.027498534,0.99997616,0.98816943,8.787791e-06,0.063255616,0.99991083,0.3327633,0.9685125,0.030979434,0.00032540574,0.94317734,0.9459791,0.009765294,0.9946291,0.99545825,0.00024981872,0.00019501423,0.97111064,0.13424808,3.0404533e-05,0.9792492,6.809104e-05
0.48092172,0.001150167,0.0011463572,0.087156296,0.054444097,0.9998517,0.98082674,7.8989135e-05,0.07856613,0.9993814,0.37128282,0.9509869,0.022610573,0.0011424485,0.5890051,0.9842374,0.008145389,0.98693776,0.99654573,0.0009182045,0.0004390206,0.8509073,0.21974342,0.000150337,0.8070557,0.00026711557
0.5389705,8.675845e-05,6.678521e-05,0.051072497,0.0054357527,0.99999666,0.9953212,9.922007e-07,0.04901937,0.99995124,0.30803275,0.9631782,0.004316073,6.991863e-05,0.96290666,0.99280244,0.0075687477,0.9959533,0.99942696,3.9504586e-05,1.7509203e-05,0.96322566,0.0646872,3.0487347e-06,0.9879026,8.751317e-06
0.64068866,0.0019113555,0.0010342607,0.11129197,0.06795563,0.9998673,0.9781918,6.252229e-05,0.07832996,0.9997316,0.37216672,0.9659206,0.06445609,0.0010936685,0.8838392,0.89993566,0.012448915,0.99052,0.9875003,0.0009383846,0.00093422655,0.9531455,0.20561229,0.00017553188,0.94902366,0.00032335045
0.60645634,0.0044636987,0.0026005544,0.121612296,0.12948984,0.99959916,0.966745,0.00023380143,0.0890636,0.9993591,0.3984046,0.96108574,0.09001088,0.0025290945,0.7388027,0.8959356,0.012087914,0.9850883,0.98046196,0.0024253041,0.0023810803,0.91082036,0.2895099,0.0005882829,0.86055946,0.0008794997
0.87367374,0.005988283,0.0019046603,0.15485953,0.95442444,0.99984705,0.9389469,9.331956e-05,0.16466445,0.9997515,0.54483664,0.9592982,0.9466087,0.0024541589,0.7541879,0.19499625,0.0039005284,0.9982862,0.32605693,0.01888823,0.010016805,0.97805417,0.6130553,0.0071918294,0.9240271,0.0071798894
0.7102881,0.013452363,0.006581046,0.15434064,0.61129814,0.9988708,0.9250635,0.00077751494,0.1231369,0.99878913,0.44643193,0.94749725,0.52670485,0.007436498,0.5848224,0.6404434,0.009654297,0.9875092,0.8420193,0.017470947,0.013718649,0.91370386,0.53180265,0.0062810862,0.74816215,0.005991642
0.6311693,0.011193844,0.008106089,0.14855193,0.6855859,0.9984894,0.9092553,0.0011602765,0.12762675,0.99753904,0.44738457,0.90902203,0.5723444,0.009568378,0.39012185,0.7765933,0.010403384,0.9831685,0.86867493,0.03279458,0.01115924,0.8670785,0.60618526,0.009863124,0.58043814,0.007921826
0.5780532,2.688933e-05,1.9336318e-05,0.041720655,0.0029134841,0.9999994,0.9971323,1.5769928e-07,0.039213855,0.99998546,0.26560608,0.96728843,0.0034958872,2.401398e-05,0.98382264,0.9939977,0.0057403864,0.99789244,0.99969053,1.4890805e-05,5.199432e-06,0.9822336,0.045115095,7.106816e-07,0.9955915,2.253538e-06
0.86264557,0.0064316187,0.002087703,0.15279624,0.9393598,0.99982136,0.93834895,0.000110255554,0.15596609,0.9997321,0.5306769,0.9605598,0.9282755,0.00265976,0.7419138,0.22736244,0.004064662,0.9979522,0.3901331,0.017889569,0.01020549,0.97517425,0.6049884,0.0066522835,0.91294205,0.0066568884
0.55656075,3.643706e-05,2.7241435e-05,0.04284573,0.0032841314,0.99999905,0.9968759,2.6254713e-07,0.041563425,0.9999794,0.27968773,0.9679576,0.003166858,3.0157202e-05,0.97793144,0.99460864,0.0059502986,0.9974252,0.99967253,1.8080851e-05,6.5633185e-06,0.9761212,0.048480768,9.945236e-07,0.9935675,3.1382247e-06
0.78885007,0.0079678465,0.0028922681,0.14906637,0.6744501,0.9996257,0.9451756,0.00021930064,0.12060684,0.99961746,0.45152596,0.96543616,0.64511466,0.0034821548,0.7470689,0.4664386,0.0064985165,0.994643,0.7735981,0.009384425,0.009231053,0.96001554,0.4820702,0.003146872,0.8831955,0.0034736423
0.59221536,0.0033531296,0.0020408342,0.11276034,0.10376594,0.99970466,0.97096217,0.00016601614,0.08507139,0.99944216,0.3937904,0.9600086,0.06896403,0.002028218,0.74961305,0.9202501,0.011426523,0.986033,0.98574036,0.0017940139,0.001664169,0.9096464,0.27045304,0.00040979596,0.87054896,0.0006340832
0.5045948,0.0002513684,0.00022094505,0.062187187,0.01443729,0.99998355,0.9915139,6.1839896e-06,0.06051871,0.99984527,0.34151575,0.95290226,0.00777492,0.00023555229,0.88084376,0.9908433,0.007806004,0.9929636,0.99883145,0.00013710157,6.8263194e-05,0.92426175,0.1131714,1.6072765e-05,0.9558825,3.608686e-05
0.5517542,0.0048910766,0.0036799684,0.11887354,0.22060965,0.9994543,0.9565531,0.00036393787,0.09480899,0.99904615,0.38863468,0.9535518,0.11367079,0.0036415898,0.440724,0.933966,0.0076594176,0.9828554,0.98049897,0.0049813925,0.0029642517,0.8411711,0.395681,0.0011291648,0.64097327,0.0013469735
0.62828934,0.0056531257,0.0031126474,0.12930317,0.16683298,0.9995086,0.9617015,0.00029439662,0.09356283,0.9993401,0.40227818,0.9625208,0.11797512,0.0030173482,0.7187675,0.8662409,0.011429227,0.98493654,0.9731032,0.003172918,0.0033822188,0.9114539,0.31991765,0.00083816104,0.8437372,0.0011745297
0.67461616,0.013154551,0.007125412,0.15291204,0.56064343,0.99879265,0.9234484,0.0008536092,0.11947599,0.99865866,0.4307334,0.94770545,0.43851313,0.007608206,0.4982052,0.73378384,0.0089730425,0.9849856,0.88434386,0.01738433,0.012437705,0.8889141,0.53220826,0.0058634346,0.6701461,0.005455384
0.8950283,0.003949338,0.001189868,0.150057,0.97360593,0.9999273,0.9464747,4.2108608e-05,0.17719895,0.99985313,0.5651153,0.9607146,0.9697583,0.0016140676,0.7883061,0.14752106,0.0029352573,0.99903214,0.23886293,0.016229467,0.0072924667,0.9844876,0.62179816,0.0059407395,0.947638,0.0060849176
0.7498364,0.008434026,0.003322998,0.1461989,0.5155033,0.99951863,0.9469352,0.00028409724,0.11071589,0.9995332,0.43084446,0.9654619,0.46853256,0.0038036774,0.7286593,0.59065306,0.0076075112,0.99218905,0.8663901,0.0076435194,0.008446097,0.9477817,0.44690454,0.0024887058,0.85937214,0.002814962
0.4969129,0.0019220619,0.0017183005,0.09245566,0.15296866,0.9997893,0.97126377,0.0001305535,0.07941138,0.9994204,0.3673242,0.95419836,0.06519596,0.0018133526,0.38724354,0.9722763,0.0050566243,0.98760194,0.9922639,0.0024364707,0.0009776931,0.831097,0.35248798,0.00040198083,0.6269033,0.00051587576
0.79595435,0.0054363348,0.001936679,0.14450699,0.6144501,0.9997657,0.95515895,0.00012358958,0.11661276,0.99974066,0.44029075,0.96771705,0.6160589,0.0024447818,0.81088936,0.4687026,0.00644755,0.9957638,0.80291927,0.0061579365,0.00613196,0.97014487,0.4296114,0.0018495462,0.92337245,0.002262583
0.5440198,1.9615152e-05,1.5619442e-05,0.03602743,0.002065016,0.9999995,0.9976351,1.09719444e-07,0.037998296,0.99998546,0.2656869,0.966611,0.0019552945,1.76714e-05,0.98263884,0.99681705,0.005227639,0.9978746,0.9998153,1.0005731e-05,3.0856106e-06,0.9774965,0.038772345,4.7187953e-07,0.9951959,1.5622127e-06
0.60333323,0.00553759,0.0033783314,0.12680428,0.15456264,0.9994617,0.96140546,0.00033205075,0.09398273,0.9992099,0.40236074,0.9600163,0.10023733,0.0031838801,0.68076134,0.89423126,0.011800791,0.9832114,0.977436,0.0032455223,0.0031120407,0.89630497,0.319607,0.00084150815,0.81970656,0.0011832933
0.6766272,0.008330427,0.005298579,0.13873538,0.74437344,0.99922085,0.9198605,0.00056394,0.11914453,0.99875474,0.45493174,0.92922115,0.6415806,0.0061753155,0.4248522,0.7309147,0.0068415776,0.9894574,0.84555507,0.025077056,0.008885311,0.8986571,0.61594546,0.0071931886,0.6302743,0.0058392882
0.84765136,0.006050659,0.0019528628,0.14678061,0.8938825,0.9998216,0.9442469,0.000105190265,0.13910669,0.999764,0.50106066,0.9656624,0.8770828,0.0024852054,0.7497824,0.2859134,0.004068157,0.9975969,0.5243841,0.012719019,0.008827807,0.97337633,0.5648508,0.004398244,0.90867877,0.0045301667
0.718164,0.010025036,0.0045119706,0.14496349,0.5822448,0.9993474,0.9361781,0.0004261839,0.11077543,0.99932444,0.43378416,0.96051395,0.4780431,0.0049100863,0.5841235,0.6681637,0.0066911043,0.9901689,0.87129086,0.011555355,0.009926901,0.921535,0.51357895,0.003788395,0.75074935,0.0037091135
0.70473576,0.007522419,0.003463379,0.13320401,0.510606,0.999524,0.9463211,0.00029788632,0.10222405,0.99946254,0.42613262,0.96211946,0.41189528,0.0038719429,0.61384904,0.7130108,0.006388061,0.9909881,0.9045595,0.008112014,0.0068927407,0.92518336,0.48545069,0.0024205407,0.7767411,0.002500639
0.6427465,0.0078014554,0.0044002845,0.13030663,0.43464804,0.99933547,0.94254565,0.00044160345,0.10073517,0.9991611,0.41200507,0.9549679,0.30628714,0.0047873952,0.49699467,0.82411385,0.0070011164,0.98707426,0.939525,0.009301225,0.0063807108,0.8881253,0.48892912,0.0026159326,0.6764949,0.0025996715
0.88370335,0.003210152,0.0008918572,0.14095858,0.94552404,0.99994135,0.9561464,3.165972e-05,0.15413363,0.9998946,0.5284971,0.9678005,0.94315124,0.00129811,0.8219282,0.18905565,0.002882894,0.99899775,0.371984,0.009492749,0.005264025,0.9858315,0.5540663,0.003041154,0.9543839,0.0033909916
0.8295961,0.0073345103,0.00247363,0.15124063,0.85335076,0.9997354,0.9414487,0.00016034066,0.13748121,0.99968064,0.49174124,0.96306014,0.83563644,0.003133693,0.74587035,0.32604456,0.005128636,0.99671775,0.58537394,0.013383238,0.010162096,0.969171,0.547624,0.0047472133,0.8987963,0.004926415
0.72922903,0.0030105624,0.0012783458,0.12745306,0.21609533,0.999833,0.9697148,7.5880875e-05,0.091450065,0.99977964,0.38867134,0.9687159,0.23244657,0.0015721791,0.868695,0.7328031,0.008957943,0.99386156,0.9528966,0.0020740358,0.0023218088,0.9670701,0.2944647,0.0004757362,0.9444006,0.00072879036
0.7202762,0.010282278,0.004386006,0.15139501,0.44095844,0.9992913,0.94359654,0.00043709186,0.111042276,0.9993411,0.42500034,0.96353114,0.3780768,0.0047223167,0.6969514,0.6549113,0.009196913,0.989032,0.8938115,0.008185238,0.009424997,0.9330564,0.43496555,0.0027247714,0.83032054,0.0030944485
0.5998307,0.00019447407,0.00012636597,0.0681081,0.011381179,0.9999918,0.99277765,2.810631e-06,0.054407287,0.9999429,0.31642416,0.9687139,0.0119979195,0.00013684988,0.95985734,0.9781058,0.008961771,0.99555993,0.99842477,9.386379e-05,5.438647e-05,0.97218925,0.08910763,8.463373e-06,0.98658854,2.2266857e-05
0.55972826,1.2767843e-05,9.963397e-06,0.033714976,0.0016795867,0.99999976,0.99804914,5.692073e-08,0.03421287,0.9999913,0.25241822,0.97097486,0.0018622528,1.1514808e-05,0.98706853,0.9968923,0.0045048096,0.9983871,0.99985063,7.020837e-06,1.965395e-06,0.98365223,0.033733383,2.7177376e-07,0.99669385,9.642803e-07
0.6229176,0.000775309,0.00045181622,0.092194445,0.03323611,0.9999554,0.985871,1.8321914e-05,0.06766617,0.99985325,0.34800386,0.96648675,0.032932162,0.0004896286,0.9236665,0.9439535,0.011138576,0.9928717,0.99450016,0.0003707706,0.0003050341,0.9615847,0.15021034,5.2271902e-05,0.9699423,0.00011160455
0.56316316,0.00035930512,0.0002506937,0.071288876,0.016406426,0.99998105,0.9904619,7.3125407e-06,0.06170719,0.9998729,0.34094304,0.95979387,0.012352197,0.00026606154,0.92631215,0.98010385,0.0098249605,0.99316883,0.9979571,0.00016272742,0.000104755236,0.9496183,0.11469439,1.987887e-05,0.9720353,4.493416e-05
0.8987656,0.002777794,0.0007408437,0.13929643,0.96584177,0.9999579,0.95665145,2.2134807e-05,0.16230074,0.9999149,0.5440155,0.96841085,0.9631044,0.0010823157,0.82206947,0.15483351,0.0023536773,0.99926215,0.2891494,0.010061921,0.0048877383,0.9876742,0.57712007,0.0032464867,0.9592443,0.0035547514
0.8187615,0.0058509177,0.0020095464,0.1438819,0.7779418,0.9997875,0.9494952,0.000118991244,0.12586686,0.99974626,0.46808466,0.9663834,0.7611812,0.0025452867,0.7758661,0.38115907,0.0051507093,0.99666107,0.6914597,0.00879632,0.007409727,0.9703718,0.50034416,0.0028305815,0.9118104,0.0031552883
0.6427328,8.737926e-05,5.2553354e-05,0.061130743,0.00884738,0.9999974,0.994574,7.218897e-07,0.04758482,0.99997807,0.28491393,0.97139156,0.013271939,6.9917296e-05,0.97877425,0.9756918,0.0069077914,0.99754333,0.9987186,5.0695693e-05,2.7248296e-05,0.98547167,0.07470959,3.3991562e-06,0.9938704,9.541442e-06
0.8197037,0.008700467,0.003060024,0.15429178,0.8353268,0.99965,0.93674004,0.0002164398,0.13581844,0.99960357,0.4839272,0.96223533,0.80894536,0.0036790245,0.7192623,0.3549579,0.0055419984,0.99593276,0.6156288,0.014800431,0.011657982,0.9634675,0.55176216,0.0053834748,0.8789281,0.0054775104
0.55986273,0.00012303317,9.0248715e-05,0.056961313,0.0071249832,0.9999951,0.9944079,1.5976406e-06,0.05175264,0.9999435,0.31248966,0.96435535,0.0061260317,9.400281e-05,0.96066046,0.9895023,0.008380577,0.9955914,0.99917006,5.6218298e-05,2.75835e-05,0.96498877,0.07331308,4.762486e-06,0.9869071,1.3004201e-05
0.9030914,0.0016804088,0.0004098149,0.13406508,0.95888317,0.99997914,0.967001,9.794189e-06,0.15875372,0.9999523,0.5325383,0.9719225,0.96044034,0.0006648971,0.872794,0.15213309,0.002093395,0.9994966,0.32162485,0.0058467006,0.0028819551,0.9915222,0.5153999,0.0016484838,0.97568613,0.0019976196
0.65094227,0.00081846846,0.00044405114,0.09656828,0.042105448,0.99995565,0.9849104,1.7428854e-05,0.068692446,0.999877,0.34605762,0.96860194,0.046378702,0.0005112036,0.9279373,0.92294407,0.010296271,0.9938182,0.99257636,0.00042035253,0.0003701453,0.9681952,0.16184624,6.019144e-05,0.97220355,0.00012493992
0.58490276,1.23964255e-05,9.074363e-06,0.035170175,0.0018451543,0.99999976,0.99798656,5.0628657e-08,0.03374124,0.99999285,0.24781837,0.97108084,0.002444512,1.15058065e-05,0.989066,0.9958055,0.0045066252,0.99856,0.9998228,7.2255143e-06,2.1619196e-06,0.9870861,0.034865633,2.6859954e-07,0.9973164,9.295928e-07
0.8690196,0.0039384793,0.0011474583,0.14178059,0.9201724,0.99991333,0.9534379,4.771417e-05,0.14491124,0.9998635,0.5120071,0.967772,0.9152671,0.0016028268,0.80606025,0.22875777,0.0033357446,0.99858105,0.4532942,0.009701759,0.0060573183,0.9824217,0.54457825,0.0031267283,0.94308585,0.0034410018
0.76035994,0.011337573,0.004677687,0.15414701,0.6878578,0.99934226,0.93209076,0.0004241782,0.122877255,0.9993425,0.45045397,0.96009374,0.61650807,0.005190567,0.6373203,0.54058063,0.006936704,0.9920541,0.78581375,0.014370666,0.012668939,0.9376047,0.5324642,0.005169911,0.802461,0.0051022186
0.58443385,0.00049097504,0.00030784225,0.07936624,0.020387277,0.9999734,0.989361,1.0602869e-05,0.06331254,0.9998685,0.34601295,0.9644814,0.017619554,0.00032262623,0.9288967,0.9698934,0.010705962,0.99317604,0.9971143,0.00021382555,0.00015270994,0.9562689,0.121839575,2.6896152e-05,0.9727411,6.17862e-05
0.67711926,0.008718972,0.0041753086,0.14209776,0.3151425,0.9993174,0.9493292,0.00042441356,0.10296496,0.99929094,0.41393566,0.9626772,0.24446978,0.004307297,0.67900133,0.76557964,0.009891366,0.9865708,0.9397084,0.0060504377,0.0067476286,0.9182609,0.40030718,0.001861045,0.81247425,0.0022293674
0.64725834,0.0009748851,0.00052361796,0.10031571,0.044272978,0.9999434,0.98398787,2.3429384e-05,0.07022376,0.99985456,0.35224396,0.9687525,0.048087496,0.00058599777,0.9226533,0.91893744,0.011055658,0.9931852,0.9920357,0.00048544657,0.00043889717,0.96635544,0.1641879,7.24487e-05,0.9696389,0.00014957317
0.5974807,0.0015120858,0.00093753124,0.1027885,0.043325283,0.9998833,0.98138165,5.590155e-05,0.076084055,0.9996861,0.37331748,0.9629753,0.03598942,0.0009067601,0.88377327,0.94165653,0.013870684,0.98916143,0.9927832,0.00067315105,0.00059529813,0.9428432,0.17367464,0.00011916872,0.9496943,0.00023705506
0.6026802,3.1471554e-05,2.1768674e-05,0.045802735,0.0037389798,0.9999993,0.9968442,1.9347681e-07,0.039617732,0.9999877,0.26937762,0.9735238,0.0047028298,2.5480907e-05,0.98327005,0.991223,0.0053813155,0.998035,0.9995939,1.7135118e-05,6.7539618e-06,0.98499274,0.049442142,8.5324007e-07,0.9955395,2.759135e-06
0.5562253,0.004566851,0.0034296268,0.11359006,0.29083392,0.99951184,0.9534687,0.00032505288,0.09130291,0.9991372,0.38656923,0.95122653,0.15875304,0.0036350023,0.38820475,0.92974216,0.006218605,0.98515284,0.9768918,0.00623296,0.0030292992,0.84408575,0.4468881,0.0013494889,0.5906246,0.0014363027
0.55899966,0.0050002555,0.0035959715,0.119195536,0.21582748,0.99946195,0.9571017,0.000356699,0.09373279,0.99908996,0.39259854,0.95520127,0.1139986,0.003537333,0.46832263,0.92932737,0.00794269,0.9831613,0.980037,0.004665736,0.002965171,0.8509862,0.3865646,0.0010787756,0.66306305,0.001308298
0.65804017,0.005357225,0.0026852537,0.13315111,0.1658606,0.9995732,0.96325696,0.00024213239,0.09350346,0.9994649,0.39924437,0.96465635,0.13557382,0.0027075098,0.78176767,0.82878304,0.01198436,0.9869442,0.9688111,0.0028807276,0.0033900554,0.9317901,0.30369148,0.0007551835,0.88556004,0.0011013031
0.60516524,3.0607713e-05,2.120328e-05,0.045381606,0.0036066072,0.9999993,0.9968316,1.8380314e-07,0.03964986,0.99998736,0.26553386,0.97164816,0.004771358,2.6027406e-05,0.9842725,0.99137115,0.0056090895,0.99803525,0.9995938,1.7519693e-05,6.6188713e-06,0.98525816,0.049236845,8.504787e-07,0.99579453,2.7222927e-06
0.5970621,9.208464e-05,6.168471e-05,0.05791822,0.007052086,0.9999969,0.99489707,9.433326e-07,0.04801413,0.99996877,0.29713988,0.970205,0.007914259,6.881791e-05,0.9718051,0.9853461,0.0074111056,0.9967602,0.9991179,4.6312558e-05,2.2812372e-05,0.97782123,0.0694873,3.2670607e-06,0.99137306,9.366913e-06
0.5113095,0.0020472452,0.001771092,0.099609144,0.08410513,0.99975723,0.9750792,0.00014040605,0.083113,0.99930537,0.38198474,0.955749,0.03814482,0.0016747501,0.57497877,0.9713045,0.00864636,0.9852432,0.9934797,0.0015079158,0.0008732662,0.8568743,0.25943398,0.00028322398,0.7801591,0.00045425116
0.71998596,0.0094372565,0.0041798754,0.14301893,0.51824373,0.9993729,0.9415331,0.00039565892,0.109686874,0.9993555,0.43208188,0.9606139,0.4412067,0.0046671135,0.65467334,0.6577792,0.007825428,0.9902174,0.88241726,0.009482264,0.009036188,0.9300895,0.47908747,0.003090071,0.80295885,0.003251785
0.7493426,0.013455591,0.00596892,0.1585279,0.72877485,0.9990767,0.9220493,0.0006402163,0.13067761,0.9990138,0.4654796,0.9504692,0.6617556,0.006807177,0.60547704,0.5345048,0.008329077,0.99071056,0.7583138,0.020381084,0.01538379,0.9303848,0.5602085,0.00762424,0.77665794,0.007172752
0.86602277,0.0048886035,0.0014450509,0.14681561,0.9172857,0.9998801,0.9491977,6.7617904e-05,0.14626612,0.999826,0.5105607,0.9670149,0.9103701,0.001940576,0.788987,0.23345143,0.003673371,0.9983016,0.45106164,0.011490023,0.007510165,0.98011976,0.551223,0.00388975,0.9341429,0.0041999836
0.77484614,0.010070041,0.003907786,0.15148336,0.70460266,0.99947184,0.9360851,0.0003333808,0.12231912,0.99946874,0.4565886,0.96198815,0.65115666,0.0045053526,0.6791064,0.49644354,0.0066167437,0.9933374,0.767573,0.012901629,0.011679621,0.94817805,0.5230292,0.0045591295,0.83481497,0.004617709
0.93543535,0.0008972534,0.00022862785,0.13822868,0.99300814,0.99999344,0.9692152,3.0698372e-06,0.2172785,0.9999708,0.6183348,0.96167725,0.9930173,0.00039029456,0.89262104,0.06668537,0.0014874884,0.9998192,0.105170585,0.007692621,0.0021780336,0.9951402,0.5907229,0.0022638633,0.98735446,0.0026460637
0.62744266,0.0020213048,0.0011375849,0.111196324,0.06553516,0.99985254,0.97789943,7.1242095e-05,0.079184525,0.9996965,0.37493256,0.9647901,0.058141712,0.0011542883,0.8734784,0.9095929,0.012797572,0.98958135,0.9884062,0.00095647847,0.000955573,0.9471072,0.206764,0.00018511292,0.94329274,0.00033868288
0.6771018,0.014732074,0.007504236,0.1577859,0.49721566,0.9986285,0.92531705,0.0009597634,0.120060846,0.99862206,0.43013227,0.9507664,0.38841406,0.007964696,0.54865545,0.722332,0.010423088,0.98337376,0.8917174,0.015306081,0.013479532,0.8931135,0.49820095,0.005402678,0.7047545,0.0052908063
0.62029624,0.0058117737,0.0031666472,0.12409285,0.22242454,0.99951136,0.95907223,0.000302464,0.09227892,0.9993344,0.40428087,0.9610404,0.14921995,0.0032965199,0.64147145,0.8677572,0.009202963,0.9860307,0.969558,0.003978553,0.0036894036,0.9004659,0.3663021,0.0010466495,0.79144555,0.0013210865
0.59879214,0.00018295599,0.000118922384,0.066865526,0.010987932,0.9999925,0.9929889,2.5722707e-06,0.053786185,0.9999453,0.31494346,0.9686022,0.011482959,0.0001295578,0.96052164,0.97891176,0.008745715,0.99565226,0.9985127,8.7642205e-05,5.0935516e-05,0.9722534,0.0873025,7.8345965e-06,0.9869011,2.0621004e-05
0.7739534,0.0060231276,0.0021394396,0.14109518,0.53148246,0.99972135,0.9552878,0.00014991057,0.10842215,0.99971396,0.4284658,0.9695078,0.51231843,0.0026281793,0.78390235,0.545166,0.0064247996,0.9946818,0.8555372,0.0056357323,0.006209876,0.9625344,0.42235735,0.0016875104,0.9014191,0.0020392712
0.9035408,0.0014310817,0.00034144262,0.13362035,0.95638525,0.99998295,0.9698225,7.733109e-06,0.15903094,0.9999585,0.53272814,0.971899,0.9600028,0.00057398196,0.8896931,0.14976344,0.0021460403,0.9995473,0.33035737,0.0049558054,0.0024203118,0.9926145,0.49109963,0.0013395267,0.9803914,0.0016985541
0.6005811,0.0038561749,0.002312648,0.117317095,0.123667866,0.9996674,0.9685254,0.0001949934,0.0871368,0.9994418,0.3964309,0.96329147,0.07856766,0.0021935073,0.7145147,0.91171473,0.0103887115,0.98576087,0.9835375,0.0021001727,0.00201985,0.9057959,0.2875033,0.00049390853,0.8466576,0.00073706993
0.84505343,0.00937773,0.0036925685,0.1665323,0.9497658,0.9996252,0.92102426,0.0002613475,0.1732105,0.9993874,0.5553034,0.9422698,0.93809074,0.004488329,0.6897278,0.23917751,0.00612857,0.99686134,0.34934255,0.03230696,0.014932188,0.9661046,0.6466353,0.013269766,0.8843636,0.012331807
0.60530686,0.00014092043,8.73536e-05,0.06331497,0.009823774,0.999995,0.9937338,1.588169e-06,0.0514799,0.9999573,0.30365098,0.96707433,0.011406913,0.00010654178,0.9672764,0.97958297,0.008210489,0.99629396,0.9986577,7.178602e-05,3.9523085e-05,0.97592306,0.082896724,5.6913236e-06,0.98939764,1.5130229e-05
0.8723712,0.0038621288,0.0011029117,0.14377898,0.92112684,0.99991584,0.9543102,4.5445082e-05,0.146922,0.9998679,0.5111481,0.96831805,0.9179711,0.0015424958,0.8140128,0.22036217,0.0033658126,0.9986443,0.4416006,0.009487635,0.005977595,0.9834187,0.5352215,0.0030557648,0.94737643,0.00342259
0.5533505,5.2875343e-06,4.3232467e-06,0.026956107,0.0009377885,0.9999999,0.99871194,1.5886046e-08,0.028804628,0.9999957,0.23297322,0.9730122,0.0011145035,5.137784e-06,0.99138206,0.998195,0.0034946098,0.9988882,0.99992645,3.0891292e-06,6.9875205e-07,0.9873498,0.024661535,8.99201e-08,0.9980076,3.5018655e-07
0.67035806,0.0041869213,0.0020275067,0.13080299,0.14496085,0.9996896,0.9676275,0.00016257138,0.090212874,0.99959534,0.39144477,0.96634144,0.13227391,0.0021268032,0.82966125,0.8217601,0.012014033,0.98901623,0.9708363,0.0022308102,0.0026283718,0.94612724,0.2772102,0.0005391989,0.91716117,0.0008395607
0.5931208,2.6857397e-05,1.911389e-05,0.04321066,0.003152299,0.9999994,0.99710363,1.5802733e-07,0.0386797,0.99998796,0.26527166,0.9724147,0.0039129555,2.2332846e-05,0.9842068,0.9929261,0.0053721424,0.9980634,0.99966586,1.4905921e-05,5.3277904e-06,0.98458993,0.045669343,6.988186e-07,0.9958022,2.3057273e-06
0.92288756,0.0011031161,0.00024383425,0.12897444,0.9796484,0.9999907,0.97086114,4.140478e-06,0.17201383,0.9999727,0.5560927,0.9733233,0.9801363,0.00042169046,0.8867175,0.108981356,0.0014340489,0.9997358,0.21826054,0.0052794,0.002121936,0.9940415,0.53502667,0.0014420954,0.9828318,0.0017608613
0.7087541,0.006964706,0.0030996026,0.13335082,0.39885977,0.99955875,0.95177406,0.00026061496,0.10070902,0.99951446,0.4184003,0.96384037,0.33551985,0.0034776325,0.70592767,0.71204627,0.007781909,0.9907098,0.92182493,0.005859719,0.0059796497,0.93535304,0.42749432,0.0017333274,0.83856463,0.002009883
0.57190615,0.0005213313,0.000361878,0.08017667,0.018817894,0.9999676,0.98895407,1.3314348e-05,0.06502341,0.9998331,0.3491896,0.9625524,0.015476474,0.00035256596,0.92523295,0.9739726,0.011878449,0.99222374,0.9973132,0.00023002239,0.00015603457,0.9511685,0.1188645,3.0106685e-05,0.9712659,6.984845e-05
0.6605721,0.0026761068,0.0013616035,0.11621106,0.112453565,0.99982256,0.9733815,8.6388856e-05,0.08310944,0.9997029,0.38058844,0.9656444,0.10184587,0.0014820152,0.8514612,0.86240196,0.010841799,0.99060285,0.97988635,0.0014407384,0.0015418321,0.94896656,0.25658372,0.00030962948,0.93072295,0.00050466723
0.6954589,0.002697473,0.0012893068,0.1255222,0.13209333,0.99982363,0.9726226,8.151334e-05,0.0863429,0.99974114,0.37685084,0.96747357,0.14247306,0.0014745774,0.8795026,0.807251,0.011207728,0.99209666,0.97161645,0.0016067887,0.001766115,0.9628577,0.2515245,0.00034066814,0.94838786,0.0005669489
0.63305366,0.012000716,0.007680474,0.14629649,0.56061006,0.99857306,0.9199668,0.0010531603,0.11898478,0.9980787,0.4323883,0.9310155,0.43616474,0.008716496,0.44179058,0.78810656,0.010281958,0.9823627,0.90183264,0.021170642,0.010947511,0.8695241,0.54953897,0.0066002905,0.6186856,0.005815983
0.38019553,0.00081871223,0.000981191,0.07599572,0.03333037,0.9998186,0.9792102,8.180707e-05,0.08787036,0.99785006,0.33920112,0.7934963,0.020436838,0.0018439833,0.71493965,0.99068904,0.018609993,0.97935414,0.9978764,0.0012901864,0.0003298466,0.8172796,0.20656805,0.000190246,0.8597338,0.00029467238
0.5548799,0.005178718,0.0038070811,0.12166476,0.17851861,0.9993979,0.9584238,0.00039737314,0.09607313,0.9989599,0.39570698,0.9535943,0.09470666,0.003656155,0.51494986,0.9313438,0.009677534,0.9813287,0.98190385,0.0042166207,0.0029266386,0.85041887,0.35728905,0.0010111068,0.70237726,0.0013058542
0.7245217,0.014511535,0.007252969,0.15940538,0.7260595,0.9987546,0.91628224,0.0009052662,0.13521701,0.9985123,0.4708695,0.9370366,0.6601389,0.008526345,0.57939386,0.5701597,0.010402143,0.9885867,0.7689363,0.025177004,0.016112842,0.9190461,0.5727927,0.009447902,0.75370336,0.0086090015
0.50921553,0.003227704,0.0029236958,0.10878825,0.1747961,0.9995883,0.9627678,0.00027168923,0.09137359,0.9990557,0.3776435,0.9502102,0.07740919,0.0028981913,0.38541752,0.96212256,0.006946768,0.9830216,0.98854095,0.003831046,0.0017711839,0.8183176,0.36980778,0.00073942984,0.6087668,0.0009365183
0.6581421,0.008902228,0.0047038295,0.13571176,0.39574802,0.99924797,0.9426861,0.0004944955,0.10342433,0.9991322,0.41749722,0.9564221,0.29193515,0.005046549,0.57511234,0.7924195,0.008548222,0.9862599,0.9354087,0.008555511,0.0071985023,0.8993882,0.46026134,0.0025771616,0.7341493,0.0027226252
0.69529617,0.00890825,0.004127677,0.14207508,0.37082812,0.9993327,0.94733256,0.00041024247,0.1054304,0.9993099,0.41960385,0.96127987,0.30569905,0.0044716857,0.69073725,0.7243962,0.0096302405,0.98807806,0.923169,0.0069076642,0.0074323188,0.9258205,0.42172217,0.0021744375,0.8236172,0.0025243834
0.57579327,0.0022748683,0.0014989246,0.10710968,0.06021912,0.99979454,0.9771822,0.00010857009,0.081592545,0.999503,0.38738462,0.9601411,0.040969536,0.0013958339,0.8140941,0.9439909,0.01342555,0.98641974,0.9912804,0.0010608789,0.0009339307,0.9182787,0.21014646,0.00021713784,0.9121869,0.00039102245
0.6727924,0.00049378007,0.00026082102,0.090744056,0.035983738,0.9999777,0.987716,7.742259e-06,0.063833006,0.999931,0.3272634,0.97172886,0.04567662,0.00032222047,0.9473323,0.9227983,0.008567139,0.9956553,0.9936805,0.00027667047,0.00022872334,0.97745717,0.14405148,3.349129e-05,0.9815072,7.4136726e-05
0.76274407,0.009189668,0.0038018005,0.14847676,0.6566498,0.9994752,0.93975157,0.00033069233,0.122693695,0.999418,0.45537394,0.957622,0.6157573,0.00453309,0.7118458,0.52125496,0.007856279,0.9930031,0.7954576,0.011517569,0.010101257,0.94925994,0.5028836,0.003938601,0.8564071,0.004184928
0.6034934,2.1047348e-05,1.47991095e-05,0.041477695,0.0028308842,0.9999995,0.99734807,1.0646308e-07,0.03698292,0.9999907,0.2584625,0.97274935,0.003823223,1.823787e-05,0.9867582,0.9930628,0.005043119,0.9983316,0.99969923,1.2147366e-05,4.2552147e-06,0.9868535,0.043085374,5.255337e-07,0.9966247,1.7569721e-06
0.84521496,0.008580417,0.0032418328,0.1609535,0.94083834,0.9996803,0.9264168,0.00021466636,0.16461632,0.9995055,0.5419242,0.9486772,0.9277717,0.003992009,0.69958746,0.2499565,0.0055201342,0.99703336,0.38598254,0.026503248,0.013440427,0.9675286,0.6329846,0.010513419,0.8878619,0.0099951895
0.5661209,0.0046943,0.003195729,0.116573766,0.1688128,0.9995049,0.9617735,0.00031326382,0.091088235,0.9991412,0.3964899,0.95551807,0.095285386,0.0031793553,0.56962824,0.92619866,0.00950691,0.9834035,0.9820848,0.003531321,0.0026069998,0.8682357,0.3454014,0.0008429832,0.7452301,0.0011018803
0.69181734,0.00017095018,9.337823e-05,0.07588909,0.020506615,0.99999416,0.99205256,1.5989926e-06,0.055282954,0.9999728,0.29821622,0.9731339,0.0342348,0.00013063071,0.974856,0.94114816,0.0070444904,0.99761295,0.9964445,0.00011119494,7.467449e-05,0.9875951,0.10329111,9.497338e-06,0.99260277,2.4166296e-05
0.6397968,0.0071999375,0.0038439152,0.13813558,0.19488443,0.9993511,0.95667136,0.00039836968,0.09912603,0.99922633,0.40645167,0.9617356,0.14250818,0.0037175068,0.7108715,0.8386653,0.012251791,0.9838848,0.9653283,0.0041043456,0.004600021,0.91080385,0.33763573,0.0011644296,0.8353396,0.0015832003
0.805759,0.012810928,0.0051216898,0.16622972,0.871405,0.9993106,0.91892254,0.00047599518,0.14988455,0.99917644,0.5061238,0.94802386,0.843096,0.006097811,0.6567188,0.3559019,0.0074873324,0.9942252,0.5557971,0.026921084,0.017834751,0.95188624,0.6018588,0.010872052,0.8361236,0.010190963
0.71817833,0.007927899,0.0033627048,0.14265017,0.38563943,0.99948823,0.95085186,0.0003004516,0.10402723,0.9994948,0.41809085,0.9658166,0.33336365,0.0036985627,0.72786933,0.6840696,0.008578275,0.9902526,0.91487235,0.0059656417,0.0069168685,0.9394555,0.41010222,0.0018421602,0.8527285,0.0021991597
0.7647899,0.009560532,0.0037702287,0.14721614,0.6788953,0.9994955,0.93776953,0.00031694595,0.11757784,0.99948895,0.4504084,0.9629824,0.61347383,0.004333577,0.66261995,0.53583735,0.006267253,0.99311805,0.798239,0.011838653,0.0106680505,0.94450057,0.5208317,0.00405595,0.8209484,0.004104139
0.41778415,0.00027263895,0.0003077457,0.060044117,0.01812949,0.99996877,0.9897922,1.2520834e-05,0.0674679,0.999622,0.333989,0.91798496,0.008094051,0.00040555853,0.7448684,0.9950806,0.007873808,0.99100715,0.9990932,0.00026079195,7.814866e-05,0.8682889,0.13974477,2.991265e-05,0.9034499,6.1437735e-05
0.5985238,0.0004487102,0.0002760921,0.08068385,0.020170182,0.9999769,0.9894354,8.856274e-06,0.06235084,0.999889,0.33902577,0.9650703,0.019730786,0.00030065503,0.9396537,0.96537495,0.010738758,0.99371606,0.9969117,0.00020746212,0.00014750334,0.9632727,0.119819425,2.461659e-05,0.9775349,5.7033354e-05
0.5660404,1.6940361e-06,1.4139957e-06,0.020827787,0.00047197836,1.0,0.9992198,2.9375136e-09,0.022675619,0.99999845,0.20703903,0.97610587,0.0007072068,1.8345356e-06,0.9955499,0.99888223,0.0025583934,0.99936694,0.9999658,1.1141703e-06,1.9972546e-07,0.99247336,0.016929874,2.2580734e-08,0.9991278,9.779725e-08
0.81785375,0.003021277,0.0010299811,0.13788036,0.64581865,0.9998977,0.96465343,4.8274465e-05,0.11752368,0.9998567,0.44544813,0.96864253,0.67993236,0.0014368431,0.86929727,0.4206645,0.0056373333,0.9975062,0.78352547,0.004065177,0.003508226,0.98159385,0.39190716,0.0010605262,0.95808566,0.0014295174
0.529344,0.003319265,0.0026910487,0.10850271,0.17626475,0.9996326,0.9641049,0.00023777783,0.08833402,0.9992285,0.38196954,0.95569736,0.082074545,0.0026357647,0.43183392,0.9548687,0.0067202128,0.9845807,0.9873789,0.00338949,0.0018002129,0.83914125,0.362688,0.0006772455,0.6474494,0.0008648455
0.5988416,0.0043786075,0.002616236,0.11580158,0.16385806,0.9996182,0.96482676,0.00022781578,0.088231236,0.99937904,0.395845,0.95968854,0.10407711,0.002667718,0.66370946,0.9035734,0.009434181,0.98601276,0.9795553,0.0028533628,0.0024892443,0.89684767,0.33230546,0.0006937258,0.8121648,0.00093692663
0.8583681,0.0031835882,0.00092454016,0.14031066,0.85409397,0.99992335,0.96073747,3.7974074e-05,0.13436326,0.9998852,0.48272285,0.97016484,0.8616398,0.00133222,0.84733886,0.27545887,0.0038289097,0.9984792,0.57977855,0.0062204967,0.0044776634,0.98451346,0.46815798,0.0018007621,0.956566,0.002190121
0.7227354,0.013143971,0.0059761503,0.15580076,0.61957127,0.9990528,0.9268593,0.00064155273,0.12097975,0.9990565,0.44150704,0.95576674,0.5231063,0.006500863,0.57813907,0.6306243,0.008069374,0.9887294,0.83863956,0.015765771,0.013584405,0.91722524,0.5282157,0.0056459038,0.7441821,0.0054180296
0.7829735,0.0091015445,0.0034718518,0.15288974,0.68880606,0.99953794,0.9406842,0.00028119583,0.12363388,0.9995308,0.45476264,0.9632104,0.65140784,0.0040434217,0.7243955,0.46987307,0.0069814855,0.993947,0.76361156,0.011107044,0.010561954,0.95519453,0.49834877,0.0038311076,0.8684945,0.004122576
0.78827965,0.0101505285,0.0039678575,0.15302174,0.78885365,0.9995016,0.9313102,0.0003223025,0.12864451,0.99946004,0.4709011,0.95981014,0.73718774,0.004554933,0.6533478,0.4527707,0.0059955083,0.9941782,0.70095646,0.016186683,0.012556443,0.94922715,0.5629023,0.005850812,0.8258044,0.0056605474
0.56812143,0.005202545,0.0035612092,0.119173564,0.22179936,0.9994611,0.9570492,0.00035384638,0.093254104,0.99912757,0.39526546,0.9556016,0.12227246,0.0035718833,0.49205276,0.9211182,0.008050083,0.9837468,0.97840095,0.0046737213,0.0031484654,0.85836405,0.38877577,0.0011161616,0.68127096,0.0013382203
0.6045299,0.0033436806,0.0019891283,0.11854778,0.08556735,0.9997025,0.97224605,0.00016338164,0.086190134,0.9994579,0.3926161,0.96192604,0.0638057,0.001877766,0.8078371,0.911414,0.013938561,0.98579013,0.98586035,0.0015882228,0.0015867673,0.923833,0.23926981,0.00035592943,0.9048171,0.000601291
0.7985859,0.007862898,0.0035401897,0.14735505,0.90828806,0.9996166,0.92393214,0.0002689204,0.14397772,0.99937856,0.5194014,0.9412771,0.88077337,0.00438066,0.61158264,0.39681843,0.0055798963,0.99568874,0.5646348,0.026539037,0.010926202,0.95305985,0.64612675,0.00906043,0.81882703,0.007967232
0.58032954,0.00056209264,0.0003774589,0.0823749,0.020550614,0.9999654,0.9884807,1.4218118e-05,0.065377004,0.99983764,0.3504197,0.9635871,0.017489135,0.0003715069,0.925417,0.97016823,0.011894247,0.9922841,0.99696606,0.00024785122,0.00017512664,0.95339936,0.12338248,3.2927266e-05,0.9711736,7.530757e-05
0.65673125,0.010918269,0.006095242,0.1448261,0.49355844,0.99901175,0.93100405,0.0006847611,0.11140851,0.99886453,0.42062423,0.9514712,0.3626477,0.006403442,0.4894521,0.7825758,0.008183314,0.9850915,0.9155006,0.0133655565,0.009616902,0.88431907,0.5104673,0.004185989,0.66194427,0.0040053157
0.6926067,0.008678959,0.0039382754,0.14715582,0.3032424,0.99934024,0.9509796,0.00039663058,0.10449995,0.9993486,0.41270402,0.96408737,0.25386626,0.0041087507,0.72944933,0.73189557,0.010727655,0.9872651,0.93449956,0.0056404965,0.0068833595,0.930336,0.37891185,0.0017399704,0.8495725,0.0021802606
0.5844923,0.00036050085,0.00022187222,0.07386229,0.017306956,0.99998283,0.99077773,6.377971e-06,0.059844628,0.99990046,0.33623192,0.9645144,0.015728131,0.0002469537,0.9394918,0.97330916,0.009722368,0.9941301,0.99759966,0.0001619678,0.00010870621,0.96078986,0.11336013,1.8110153e-05,0.9772619,4.2621614e-05
0.6863215,0.0018283494,0.0008758627,0.1155764,0.09719675,0.9998913,0.9774801,4.680812e-05,0.079785824,0.99981254,0.36794284,0.968983,0.10731534,0.0010280346,0.89835817,0.8461951,0.010432826,0.9931363,0.9806393,0.0010350745,0.0010858327,0.96633255,0.22273509,0.00019245913,0.9578522,0.000342688
0.8420919,0.0046748817,0.0014897251,0.14526567,0.83551896,0.999859,0.9534382,7.654178e-05,0.13426179,0.9998115,0.48310816,0.96699977,0.83397746,0.0019999803,0.8121313,0.30787653,0.0046513514,0.9977164,0.6061372,0.008338735,0.00638895,0.97852534,0.4939566,0.0026332163,0.93747175,0.003039099
0.7237117,0.011989968,0.005135553,0.1554024,0.50152093,0.99916637,0.9369971,0.000533375,0.1154181,0.99923956,0.42981148,0.96189296,0.4235715,0.0054736156,0.65685916,0.63942754,0.008830565,0.9885925,0.87453747,0.010490096,0.011516652,0.92682236,0.46601173,0.0036657196,0.8002744,0.0039197225
0.663407,0.004042775,0.0020390423,0.12732077,0.14411713,0.99969923,0.9677569,0.00015813904,0.089482844,0.99958307,0.3903198,0.9648595,0.12690957,0.002134692,0.821946,0.8341009,0.011811685,0.9887898,0.9723049,0.0022055737,0.0025029238,0.9423463,0.28369814,0.00053395994,0.91275793,0.00082107517
0.5922148,4.6427842e-05,3.242916e-05,0.04881802,0.004429814,0.9999987,0.9962799,3.5657166e-07,0.04267383,0.99998105,0.28043693,0.9713282,0.005113489,3.6875343e-05,0.9791418,0.9906811,0.006212281,0.99752337,0.99950254,2.4445908e-05,1.00254165e-05,0.98128176,0.054635804,1.383375e-06,0.99406403,4.306014e-06
0.5784936,2.3382176e-05,1.7194114e-05,0.04079165,0.0026625153,0.9999994,0.9973162,1.3118306e-07,0.038263164,0.9999876,0.26484564,0.9694998,0.0031873006,2.0392528e-05,0.9847547,0.99442625,0.005500344,0.99803036,0.9997241,1.2844723e-05,4.3609953e-06,0.9833167,0.042631414,5.89914e-07,0.9959545,1.928348e-06
0.5322161,0.003236997,0.002560234,0.1088717,0.13359024,0.9996313,0.967337,0.00023151087,0.0881199,0.9991967,0.38731298,0.95575464,0.064755104,0.002471406,0.52054286,0.95502824,0.0084188385,0.98389417,0.988918,0.0026406301,0.0016176177,0.85124576,0.31805414,0.0005485943,0.7235906,0.00076910167
0.66563505,0.010954384,0.0056861765,0.14486863,0.46007457,0.9990683,0.93506384,0.0006326441,0.109312154,0.9989911,0.42208302,0.9554999,0.34233415,0.0059683714,0.53811044,0.7666085,0.008460591,0.9855962,0.91796976,0.011301135,0.00945359,0.89419425,0.48557222,0.003610592,0.70200706,0.0036051152
0.8857213,0.0038598124,0.0011292256,0.14540601,0.95656234,0.9999243,0.9508588,4.2114632e-05,0.16107254,0.9998652,0.5391107,0.9650343,0.95253533,0.0015914086,0.8005949,0.1760829,0.0030180728,0.9988977,0.3236371,0.012413796,0.0067100166,0.9841576,0.58589566,0.0042812647,0.94718015,0.0045947162
0.599961,0.00043217273,0.00026743818,0.07948718,0.019687295,0.99997795,0.9895321,8.429292e-06,0.06211687,0.9998903,0.33780313,0.96478814,0.019204782,0.00029269618,0.9404502,0.96641165,0.010738034,0.99379855,0.99701715,0.00020068283,0.00014109146,0.9632127,0.119004495,2.3749113e-05,0.97784525,5.4969154e-05
0.65920585,0.007871789,0.00432929,0.13086814,0.5155539,0.9993591,0.9392115,0.00042579343,0.10290432,0.99917346,0.4185089,0.9525747,0.38332003,0.0048708227,0.48365048,0.79733306,0.0064333007,0.98836374,0.9222345,0.01120285,0.0069401627,0.89397967,0.52039176,0.00320229,0.66863734,0.0030029065
0.49858874,5.8752958e-06,5.198708e-06,0.02496016,0.00078480766,0.9999999,0.9986864,2.0837808e-08,0.03067057,0.9999918,0.24155806,0.9610869,0.0007526876,6.5525487e-06,0.9893413,0.9989047,0.0041627223,0.99849343,0.9999418,3.2947826e-06,7.1379594e-07,0.97959316,0.023888012,1.0887163e-07,0.9973247,4.0994047e-07
0.5639494,9.548536e-05,6.633999e-05,0.054666635,0.0062075695,0.99999666,0.99508375,1.0303075e-06,0.049008027,0.9999583,0.3047417,0.9653104,0.005954232,7.326483e-05,0.968016,0.9895265,0.007866402,0.99625766,0.9992649,4.443068e-05,2.1039401e-05,0.97093886,0.06706783,3.3065237e-06,0.9897912,9.350946e-06
0.89345646,0.0061026183,0.0023003663,0.18034686,0.9854342,0.9998385,0.92989004,0.00010515757,0.22637787,0.99961096,0.61808896,0.9349668,0.98302275,0.0028351396,0.77607125,0.11292472,0.0054156585,0.99865925,0.13830206,0.034194317,0.0123497145,0.98175347,0.65950286,0.015289045,0.94887173,0.015116381
0.4458245,0.00023648933,0.00023606626,0.05902332,0.012437208,0.9999795,0.99142754,7.632709e-06,0.06446609,0.9997392,0.33580163,0.9307808,0.006368638,0.000284346,0.8516829,0.9944179,0.008820096,0.99198884,0.99915147,0.00015917153,5.9969763e-05,0.90129244,0.11111992,1.8459132e-05,0.94647425,4.2076375e-05
0.5762601,1.2218772e-05,9.33602e-06,0.034611467,0.0017734339,0.99999976,0.99802005,5.1678253e-08,0.033866055,0.9999926,0.24845527,0.97175694,0.0021641457,1.1141333e-05,0.9882103,0.9962972,0.0044171787,0.9985044,0.9998368,7.0101523e-06,2.0222292e-06,0.9858564,0.03436171,2.634164e-07,0.997077,9.2588465e-07
0.87822974,0.006191338,0.0020501104,0.15935034,0.9655753,0.9998404,0.93554854,9.992288e-05,0.17625804,0.9997185,0.56153286,0.9548969,0.95911306,0.0026032683,0.7503705,0.17549601,0.00411146,0.9983584,0.2725779,0.022612605,0.010729244,0.9782437,0.6318571,0.008931414,0.9262865,0.008830106
0.871891,0.00776137,0.0027971712,0.1682998,0.9676147,0.99976,0.9268345,0.0001577562,0.18513261,0.9995764,0.56972957,0.9473638,0.96056837,0.0034106018,0.72739834,0.17905065,0.0050798752,0.997908,0.25565416,0.029990457,0.013450015,0.97440934,0.6494338,0.012645848,0.9148158,0.012096646
0.6287062,0.008216742,0.0061478447,0.13691105,0.703562,0.99897015,0.9170057,0.0007748518,0.119535044,0.9981243,0.44710895,0.9103733,0.5898009,0.0074328994,0.37746233,0.79600245,0.008398244,0.98615116,0.8808934,0.028711412,0.008197615,0.87510514,0.6155057,0.0077327536,0.5762099,0.0060968776
0.54219556,0.0048693833,0.004352766,0.11694175,0.45260143,0.9993325,0.93869346,0.00047071246,0.09811792,0.9986266,0.39153713,0.9268361,0.28533968,0.00501471,0.2915968,0.92425776,0.006383402,0.98389626,0.9647768,0.013699048,0.003844439,0.82768834,0.54173917,0.0027891728,0.48267347,0.0024137718
0.7695514,0.009811442,0.0037049972,0.15187931,0.6356637,0.99948454,0.9401382,0.00031336927,0.11813103,0.99951446,0.44255874,0.9652942,0.580256,0.004227904,0.69715065,0.5252824,0.0067433156,0.9929333,0.80660856,0.0104799,0.010830513,0.94806594,0.4915812,0.0036365723,0.84314585,0.0038449615
0.7561847,0.010035287,0.004250494,0.14712659,0.7183751,0.9994295,0.93216085,0.00037507495,0.120020784,0.9993781,0.4569293,0.9578942,0.6453593,0.00484897,0.61629736,0.5516406,0.006317684,0.99263,0.7875415,0.014820985,0.011336979,0.93759847,0.55165625,0.0050995885,0.7885474,0.0048624724
0.5729742,0.0025584737,0.0016839547,0.10808222,0.06866198,0.999762,0.9756267,0.00012883527,0.082903124,0.99944633,0.3901459,0.95896053,0.045462552,0.0015894657,0.7902599,0.9419028,0.013199269,0.98586524,0.99047416,0.001245431,0.001082968,0.911885,0.22447315,0.00026254478,0.898005,0.00045418125
0.62633544,0.0010414455,0.00057026785,0.096149504,0.04411593,0.9999393,0.98384815,2.5759682e-05,0.07128677,0.9998215,0.35742593,0.9643561,0.043241158,0.00065078185,0.9113524,0.9317913,0.01132188,0.9923598,0.99264985,0.00050219597,0.0004460944,0.95817953,0.17149553,7.786413e-05,0.9631662,0.00015397102
0.43921,0.00017194905,0.00018656113,0.05324872,0.01298458,0.9999851,0.991336,5.359738e-06,0.06268953,0.99975044,0.32137,0.90928227,0.0066488683,0.0002661412,0.8426642,0.9951762,0.008086578,0.99217564,0.9992675,0.00016104596,4.805221e-05,0.8942028,0.11986224,1.644833e-05,0.94154114,3.371677e-05
0.6927102,0.010888494,0.0052162274,0.14611651,0.49782607,0.9991799,0.93597084,0.00054388266,0.11031496,0.99916124,0.42633477,0.9587922,0.38994357,0.0055421637,0.5764737,0.7184783,0.007956028,0.9876096,0.89969754,0.011034506,0.0099349795,0.90948176,0.4897845,0.0036204262,0.7367468,0.0036565426
0.49741232,0.0027513679,0.0025546993,0.09562688,0.29180214,0.999629,0.9580117,0.00024188064,0.083621316,0.9990375,0.37074694,0.9314261,0.15762034,0.0031919475,0.3099333,0.95874584,0.0055095744,0.9860794,0.9848342,0.0064455736,0.0017825967,0.81982595,0.47131777,0.0011193036,0.52295667,0.0010890949
0.60427105,0.00024081986,0.00015219387,0.07113461,0.013563693,0.9999895,0.99198264,3.6706097e-06,0.05636967,0.99993336,0.31994855,0.96734434,0.014285654,0.00016925171,0.9558514,0.9742143,0.00932105,0.9952223,0.9980762,0.00011646801,7.1968e-05,0.970562,0.097546585,1.1242087e-05,0.98478127,2.8371891e-05
0.57252914,1.0439455e-05,8.0641275e-06,0.033022244,0.0015664988,0.99999976,0.998171,4.13357e-08,0.032777924,0.9999932,0.24420993,0.9716834,0.0019416617,9.696475e-06,0.9890994,0.99673295,0.0042765634,0.9985844,0.99985826,6.1230116e-06,1.6531454e-06,0.98635304,0.03224516,2.1571613e-07,0.9973258,7.7475096e-07
0.617287,0.004085857,0.0022222204,0.11665434,0.15081657,0.9996737,0.96748155,0.00018426763,0.08693631,0.99947375,0.3975743,0.9608778,0.10845262,0.0023634587,0.7384463,0.88563967,0.01040445,0.9873466,0.9782809,0.0024042514,0.0023179473,0.91672677,0.3097188,0.0005778334,0.86058736,0.00082082953
0.55008936,0.0016815235,0.0012104893,0.09858401,0.045057,0.9998416,0.980507,8.057029e-05,0.07894063,0.9995065,0.38359702,0.95756334,0.028549396,0.0011194374,0.8167553,0.9626714,0.013384949,0.9868269,0.9941315,0.00079215213,0.0006087509,0.9123043,0.1869334,0.00015053999,0.9170322,0.0002869471
0.69248545,0.012040057,0.0063290233,0.14901306,0.6140496,0.998961,0.9251829,0.0007285345,0.11947436,0.9988035,0.441243,0.9465418,0.5103323,0.0070795487,0.5288459,0.6910573,0.008639288,0.987404,0.86125386,0.017735101,0.012030996,0.9037521,0.5463593,0.0059921676,0.7049207,0.0055262554
0.6000067,0.0015719644,0.00095541374,0.103134945,0.046094663,0.9998809,0.9810579,5.709082e-05,0.07612305,0.9996897,0.37405613,0.96332043,0.0383612,0.0009365313,0.88043755,0.93893504,0.013555586,0.9892763,0.99233013,0.0007047776,0.0006295762,0.9427391,0.17969579,0.00012597976,0.9476631,0.00024691742
0.89581007,0.0027188524,0.00073594484,0.13913107,0.96294427,0.99995863,0.9573882,2.2011496e-05,0.16173224,0.9999161,0.5423567,0.9681271,0.96054316,0.0010853823,0.8257555,0.16037087,0.0023949393,0.999252,0.30420434,0.0096077835,0.0047706948,0.98767006,0.57219493,0.0030808938,0.9596117,0.0033712953
0.7261849,0.0033375174,0.0014562892,0.13163336,0.21802373,0.99980253,0.96841496,9.259968e-05,0.09311759,0.99974674,0.38927278,0.9679768,0.23407067,0.0017423317,0.8650231,0.72658956,0.009674021,0.9932696,0.9507633,0.0022962813,0.002585911,0.9656281,0.29494953,0.0005399313,0.94272655,0.00082433247
0.5478526,0.004396559,0.0032386451,0.11588427,0.17486773,0.9995129,0.9614998,0.0003151393,0.09178844,0.9991098,0.39247698,0.95516753,0.090730555,0.003153813,0.503876,0.93854433,0.008556223,0.983165,0.98404306,0.003709263,0.0024268841,0.85209805,0.35458976,0.0008399572,0.6985009,0.0010839672
0.58288956,0.0063429447,0.0041285707,0.1255296,0.2268994,0.9993325,0.95405143,0.0004410744,0.09686711,0.99901164,0.40104637,0.95497864,0.13325939,0.0041370946,0.5301825,0.90333116,0.009396876,0.9825117,0.97383296,0.0052140453,0.0039449646,0.8652114,0.3876336,0.0013449654,0.70677054,0.0016213855
0.5884802,0.009639851,0.006783333,0.13734537,0.41859755,0.99876475,0.9309728,0.0008908632,0.110348985,0.9982151,0.4093695,0.93568337,0.2806043,0.007433764,0.40682447,0.86810493,0.00975045,0.98006284,0.94672173,0.014522335,0.0076320153,0.8443874,0.50474757,0.0040632915,0.58561033,0.0038267006
0.6513027,1.2357191e-05,7.4150835e-06,0.038425058,0.0029862344,0.99999976,0.99784756,3.845386e-08,0.03240655,0.9999962,0.23542742,0.9776676,0.004787291,1.115628e-05,0.99019986,0.99114734,0.0032414312,0.99900717,0.9996879,7.423461e-06,2.947665e-06,0.99199295,0.042277247,2.8229454e-07,0.99776006,9.4155564e-07
0.5095956,0.0029852379,0.0028674002,0.10386782,0.3153758,0.99962914,0.95448536,0.0002469817,0.08782877,0.9991284,0.36701757,0.9417695,0.15813914,0.003129058,0.26957768,0.9579536,0.004732749,0.9858203,0.9831578,0.0070865345,0.002025877,0.81272966,0.48251343,0.0012015554,0.47569558,0.0011824617
0.6357945,0.0024311775,0.0012481011,0.11334116,0.08526745,0.9998317,0.9761654,8.2857696e-05,0.08034868,0.9996891,0.38203433,0.96568674,0.07466134,0.0013275215,0.8568598,0.8912553,0.0118186325,0.98988485,0.9851001,0.0011687719,0.0012243137,0.9460534,0.22786887,0.00023683773,0.9338664,0.00041145878
0.78202075,0.01035262,0.0039831363,0.15493903,0.72406894,0.9994592,0.9352132,0.00034131066,0.12671807,0.99945265,0.4611369,0.9610975,0.678922,0.0046140198,0.69311213,0.4655145,0.0069261575,0.99357384,0.74121875,0.013630321,0.012275189,0.9508544,0.52365303,0.0049070097,0.8472743,0.005025144
0.71952504,0.012420936,0.0059374915,0.15184589,0.65769947,0.99905556,0.92554003,0.0006544633,0.12263407,0.9989611,0.45141548,0.9497702,0.57105625,0.006707913,0.57478386,0.62303317,0.0084295655,0.9891747,0.82571393,0.01775565,0.013008106,0.91854817,0.5462773,0.0062348684,0.7459112,0.005858808
0.6501242,0.004991031,0.002582057,0.12881942,0.16040911,0.99960095,0.9641422,0.00022224337,0.09190261,0.9994721,0.39809784,0.9637933,0.12745348,0.0026173026,0.77679116,0.84492815,0.011645616,0.9870658,0.97098935,0.002742745,0.0030613597,0.92919797,0.3068152,0.0007060431,0.88271683,0.001028817
0.57803214,8.6200496e-05,6.0488863e-05,0.054574523,0.006189446,0.999997,0.99516594,8.989769e-07,0.048043333,0.9999647,0.29896006,0.96795714,0.0061593023,6.580864e-05,0.96975344,0.9890035,0.0074243443,0.99653673,0.9992748,4.1701358e-05,1.946201e-05,0.9737302,0.06644982,2.9918833e-06,0.99055964,8.566362e-06
0.48742628,8.235514e-06,8.32935e-06,0.026566569,0.0011254847,0.99999976,0.9982339,3.9877534e-08,0.034599975,0.9999864,0.25464135,0.9542924,0.0007751882,1.0342125e-05,0.98216116,0.99892646,0.0041686567,0.9979128,0.9999286,4.953911e-06,1.1824671e-06,0.9687168,0.030333653,2.0856643e-07,0.9952016,7.141554e-07
0.6252011,0.00027877523,0.00016241134,0.07570878,0.01709869,0.9999882,0.9912942,4.146306e-06,0.056943756,0.99993896,0.3205872,0.9700238,0.019543475,0.00018857383,0.9556619,0.9644608,0.008904745,0.9955415,0.997442,0.00013863163,9.2955954e-05,0.97426933,0.10595217,1.3615236e-05,0.984774,3.380924e-05
0.8962255,0.0041562715,0.0014525731,0.15873933,0.98368734,0.9999163,0.93972623,5.130558e-05,0.2029914,0.9997912,0.5987008,0.94675744,0.98085964,0.0019207268,0.7801919,0.12745762,0.003579869,0.9989932,0.17426203,0.02341658,0.008208537,0.9836234,0.6589961,0.009058328,0.9484385,0.008866275
0.71295434,0.009707657,0.0046263374,0.14178024,0.60935533,0.99933285,0.93438995,0.00044465726,0.111930825,0.99925345,0.43862075,0.95602185,0.508878,0.0051414305,0.57274264,0.6698669,0.0069167153,0.9902208,0.86614996,0.012888228,0.009701026,0.9199307,0.52954024,0.004162568,0.7448699,0.0039971597
0.6525487,0.004854979,0.002469049,0.1289609,0.15726405,0.9996195,0.965015,0.00021073793,0.091359064,0.9994962,0.39754802,0.96436566,0.12833953,0.0025182231,0.7874401,0.8404102,0.011762896,0.9874691,0.9712025,0.0026287856,0.0029786995,0.9324039,0.30097553,0.00066861475,0.8897816,0.0009865293
0.7013653,0.015757753,0.008375046,0.16061194,0.68634933,0.99845636,0.9129309,0.0011537623,0.13398622,0.9981622,0.46425983,0.9334826,0.60781044,0.009684977,0.5482495,0.6199033,0.011532535,0.9859905,0.8022314,0.026476564,0.016648348,0.90597886,0.5667824,0.009826176,0.7210173,0.008866304
0.74385965,0.009557657,0.0039712735,0.1470531,0.5692354,0.9994166,0.94107217,0.0003624131,0.114464365,0.9994149,0.43932912,0.9615059,0.50906396,0.004535903,0.6882875,0.5916581,0.007763154,0.99155456,0.8494322,0.009936709,0.0097731175,0.94066817,0.48190606,0.003344742,0.8321696,0.0035597542
0.62449706,0.0002288202,0.00013649226,0.07279367,0.014929305,0.9999907,0.9917979,3.0429107e-06,0.056042075,0.9999448,0.3132928,0.967475,0.018195577,0.00016777171,0.9620546,0.967651,0.009054751,0.9958418,0.9976968,0.00012010075,7.57082e-05,0.97606987,0.10087699,1.1147889e-05,0.9873307,2.7747654e-05
0.6426594,0.0046194964,0.0023989903,0.12071415,0.18236104,0.99965036,0.96449816,0.00019690076,0.089522064,0.99949443,0.39842564,0.9619501,0.13843483,0.002571186,0.74481696,0.8548287,0.009987464,0.98805386,0.9715792,0.0028279636,0.0028835367,0.92311937,0.33011425,0.0007174254,0.8632478,0.0009825868
0.8497308,0.007862526,0.0026170872,0.15776403,0.91386986,0.9997404,0.9355407,0.00016064582,0.15188488,0.99965894,0.5148813,0.96036714,0.89940524,0.003248808,0.73482645,0.25924996,0.0048471363,0.9972494,0.45059058,0.018078284,0.011892935,0.9712461,0.58661765,0.0068994756,0.90242046,0.0069344863
0.62445176,0.00853429,0.0054985858,0.13280681,0.53360707,0.9990773,0.9311287,0.0006512065,0.10762064,0.99864763,0.42090487,0.93748724,0.39788264,0.006389217,0.42183018,0.8270737,0.0078879045,0.98532885,0.92498094,0.015846834,0.0074844654,0.8720303,0.54333264,0.0044082417,0.6092616,0.003918148
0.6459808,0.0012990284,0.0007021416,0.10328856,0.05709986,0.9999213,0.98141104,3.3855347e-05,0.07406069,0.99981326,0.36008757,0.96632427,0.057133216,0.0007845681,0.904551,0.91032296,0.011137952,0.9922626,0.9898986,0.00065457594,0.0006232951,0.95993996,0.18946724,0.00011007812,0.96020013,0.00021002503
0.7159938,0.013319124,0.0063095763,0.15419033,0.6115183,0.9989373,0.926295,0.0007334446,0.12339969,0.99888223,0.44929397,0.9498368,0.5317377,0.0071446896,0.60307854,0.6251901,0.009625726,0.98812556,0.8371674,0.016674498,0.013586616,0.9187391,0.52588385,0.0060018348,0.76310813,0.005823343
0.5900012,0.000107795575,7.155986e-05,0.058258034,0.0076709185,0.9999963,0.9945702,1.1582467e-06,0.049515877,0.99996185,0.30077118,0.96787995,0.008092601,8.1456616e-05,0.9680684,0.9856431,0.007654479,0.9964109,0.9990426,5.3510408e-05,2.6624824e-05,0.97453463,0.07407911,3.9703996e-06,0.98977333,1.097887e-05
0.75307804,0.014832332,0.0071277125,0.1654093,0.8129139,0.9988595,0.9106691,0.00084105483,0.14421839,0.9986052,0.48932293,0.93677515,0.7610338,0.008297168,0.57596207,0.49280062,0.009428212,0.9905624,0.6778841,0.031354845,0.018232482,0.9282231,0.6037664,0.012233188,0.7628766,0.010790226
0.6409121,0.008953994,0.0050940053,0.13488275,0.40300405,0.99916756,0.94084615,0.0005587536,0.10437872,0.99897987,0.41508853,0.952298,0.28918883,0.005497056,0.5314945,0.81520796,0.008672041,0.9852234,0.9386228,0.009625785,0.0071816198,0.8869049,0.4737804,0.002845084,0.7008152,0.0029185626
0.9000635,0.0033831962,0.0009527058,0.14619781,0.9735694,0.99994457,0.9509591,3.0823623e-05,0.17375454,0.99988604,0.5607928,0.96433526,0.9703031,0.0013291542,0.8036061,0.142812,0.0026056343,0.9991905,0.24063309,0.013658518,0.006187994,0.9864044,0.60668945,0.004785222,0.95439523,0.0050622863
0.606526,3.6707177e-05,2.5134937e-05,0.04769005,0.0041514053,0.99999905,0.9965743,2.4122986e-07,0.04085085,0.99998605,0.27083588,0.97276455,0.0052949283,2.9850074e-05,0.9823741,0.99022806,0.0056839148,0.9979073,0.9995307,2.0361125e-05,8.172259e-06,0.9845541,0.052436955,1.0541895e-06,0.9952034,3.3393226e-06
0.5948823,0.0047401423,0.0027956245,0.12153387,0.13793148,0.9995622,0.9654656,0.0002643467,0.09054414,0.9993056,0.401327,0.96049005,0.08942402,0.0027229243,0.69712263,0.90399736,0.011447737,0.9844855,0.9810481,0.002633383,0.0025192448,0.89962006,0.30168456,0.0006550623,0.83350146,0.0009513494
0.5247458,0.0029800946,0.002287762,0.10100801,0.16745028,0.99967515,0.966674,0.00020393776,0.083880104,0.99927,0.38159835,0.9517145,0.083989844,0.0024960604,0.46846777,0.95515764,0.006914783,0.98586035,0.98821914,0.0030750188,0.0015903194,0.848271,0.35812622,0.00061230914,0.6805691,0.00076959067
0.54167724,0.0027183793,0.0018592965,0.101614565,0.10121799,0.9997316,0.9727841,0.00015459109,0.082546234,0.99935514,0.3886655,0.95356005,0.05758289,0.0019747794,0.6595618,0.95106226,0.0098666595,0.98593986,0.9901272,0.0017765953,0.0012457287,0.88218844,0.27889407,0.0003741295,0.8199319,0.00055642374
0.79230183,0.003392118,0.0012435641,0.13302137,0.5243544,0.99986947,0.9643168,6.178061e-05,0.10597708,0.9998348,0.4218466,0.97040266,0.5370766,0.0015949345,0.8441673,0.52720004,0.0057378584,0.99648464,0.8599325,0.0036360642,0.003528946,0.9744315,0.38767406,0.00093309104,0.9411718,0.0012371087
0.7329662,0.010029599,0.0041689416,0.1514745,0.47450486,0.9993413,0.9433828,0.00040200094,0.112522416,0.999385,0.4274646,0.9635049,0.4191187,0.0046012416,0.70927316,0.6236385,0.008861089,0.99007225,0.8790288,0.008453017,0.009598114,0.9385964,0.44268668,0.002840194,0.8416502,0.003210538
0.55804104,0.0034474176,0.0023865905,0.11267063,0.09978469,0.99963796,0.9702478,0.00021465593,0.08754624,0.9992501,0.39557567,0.9574502,0.05732074,0.0022510288,0.6797452,0.94155073,0.0116385,0.9838033,0.9882923,0.00197911,0.0015983355,0.88514245,0.26961294,0.00044551157,0.8308571,0.00069211377
0.69108546,0.011587751,0.005776855,0.14674099,0.54488087,0.99905306,0.9312112,0.0006453392,0.11439114,0.99897456,0.43466496,0.9524914,0.4423252,0.0063658357,0.5646689,0.7037367,0.008664702,0.9872918,0.8841478,0.013739347,0.010913414,0.9074586,0.5124302,0.004581195,0.728869,0.004462612
0.69483984,0.00046280006,0.00023067996,0.092257,0.04091253,0.9999802,0.9876924,6.5271715e-06,0.06457361,0.9999416,0.32629222,0.97255015,0.058111288,0.00030653723,0.95481396,0.90496635,0.008214622,0.99638855,0.99241626,0.00028109504,0.00023148682,0.98200446,0.14302202,3.3253746e-05,0.9848873,7.368712e-05
0.5900851,0.0056468006,0.003585169,0.122978136,0.21277966,0.99945706,0.9574281,0.000350772,0.09382547,0.9991954,0.3991717,0.95892954,0.12459039,0.003511393,0.5575237,0.9031952,0.008730949,0.98402774,0.9755965,0.004337013,0.0034438104,0.87425303,0.37519002,0.0010914312,0.730357,0.0013608703
0.50749636,0.00062943785,0.00053943746,0.07611252,0.027613167,0.9999455,0.98701185,2.436891e-05,0.06892124,0.9996971,0.3647165,0.9546031,0.014236157,0.0005380959,0.8055963,0.98496604,0.009086188,0.9903819,0.9976681,0.00035018745,0.00019570549,0.9043156,0.1558091,5.2136795e-05,0.9205582,0.0001066357
0.7328542,0.009530084,0.0044727135,0.14230406,0.714283,0.99938285,0.92985326,0.00041831666,0.117585965,0.99925977,0.4568423,0.95214623,0.6309395,0.005171395,0.5672567,0.61054534,0.006462418,0.99176735,0.8140008,0.016434012,0.01044978,0.9279075,0.5672734,0.005361521,0.7491739,0.0049045887
0.64519423,0.0023189732,0.0012332909,0.1166322,0.0784654,0.9998319,0.97609293,8.180917e-05,0.08088187,0.99969995,0.37714517,0.96654487,0.07332027,0.0012747615,0.8726319,0.8868282,0.012578835,0.98989445,0.98526347,0.0011306335,0.001192814,0.9514097,0.21639648,0.00022506456,0.94286215,0.00040425794
0.6748702,0.006602373,0.003204058,0.12965693,0.3140398,0.9995171,0.9545374,0.0002876919,0.09727351,0.99942136,0.4124846,0.961408,0.24943937,0.0035446486,0.6932663,0.7827553,0.008919756,0.98878723,0.94553334,0.0051050466,0.00501475,0.92395735,0.40328217,0.0014488996,0.82737184,0.0017283107
0.6836102,0.018909419,0.010674182,0.16782303,0.67050135,0.99777645,0.9048744,0.0017237564,0.14020349,0.9973252,0.46569765,0.9229587,0.5919133,0.012389454,0.5322969,0.63565826,0.014464571,0.9822844,0.80488247,0.032041986,0.019502627,0.89312094,0.56733257,0.012396096,0.700065,0.011004958
0.9084959,0.0020957554,0.00053098967,0.13561776,0.9734118,0.99997425,0.96110135,1.3011596e-05,0.16652583,0.9999411,0.55056584,0.9701801,0.9717943,0.00081151794,0.83996576,0.13573483,0.001927362,0.9994804,0.25360084,0.008595325,0.0038598087,0.9900808,0.5737102,0.0026564924,0.96769094,0.0029750352
0.8820783,0.0059664766,0.0021643376,0.1637793,0.9769415,0.99984336,0.9316301,0.00010164708,0.19357744,0.9996724,0.5874907,0.9452502,0.97229284,0.0027180752,0.7470745,0.15454994,0.0044538015,0.99846315,0.21404114,0.028308539,0.010968397,0.97861016,0.65910894,0.011467348,0.92991203,0.011041392
0.6319307,0.0014749742,0.0008164591,0.10620217,0.051330794,0.9998994,0.9810316,4.6209283e-05,0.07501746,0.9997677,0.36622775,0.9665096,0.0495068,0.0008524935,0.8992803,0.91803014,0.012585879,0.9909949,0.9907927,0.0006936937,0.00065965013,0.9558603,0.17982602,0.00011909852,0.95746976,0.00023398318
0.6482392,0.009585553,0.005274046,0.14010186,0.40945765,0.99916685,0.9393841,0.00056178175,0.10577677,0.9990491,0.41310444,0.9566807,0.2855709,0.0054181633,0.5194128,0.80909884,0.008065244,0.98515874,0.9360609,0.0096318275,0.007777371,0.88609266,0.4727617,0.0028996868,0.68843013,0.0029856565
0.8549492,0.0055100243,0.0017835831,0.14565715,0.9188971,0.99985063,0.94416887,8.990316e-05,0.14607781,0.99977976,0.516752,0.9631102,0.90728617,0.0023380972,0.7569529,0.25663078,0.0038913665,0.99797136,0.4659949,0.013765839,0.008387919,0.97595686,0.5824376,0.004756297,0.91624933,0.0048801373
0.62413824,0.00014198032,8.9513844e-05,0.066351496,0.0107489405,0.9999949,0.9933021,1.5879615e-06,0.052019563,0.999961,0.29971856,0.9679596,0.013893909,0.00011082688,0.9703563,0.97474444,0.008365898,0.9964935,0.99839824,7.864986e-05,4.406417e-05,0.9794977,0.08568461,6.2486606e-06,0.99074113,1.6421638e-05
0.59512633,0.00039057818,0.0002546121,0.07841999,0.017291715,0.99997926,0.9900412,7.952617e-06,0.061268575,0.99989367,0.3370054,0.9660145,0.01652944,0.00026267272,0.9425419,0.9703663,0.010787436,0.9937837,0.99742585,0.00017889793,0.00012135253,0.96341425,0.11096432,2.0773043e-05,0.97910553,4.972933e-05
0.54784584,0.00037133106,0.0002656965,0.071159914,0.01442823,0.99997854,0.99085695,8.323005e-06,0.0620307,0.99984944,0.34276298,0.9595385,0.011012443,0.00026967062,0.92796326,0.9826873,0.010856936,0.9928792,0.99816424,0.0001645456,9.771699e-05,0.9476731,0.10666848,1.9746458e-05,0.972839,4.752168e-05
0.74782467,0.016828788,0.008402682,0.17121707,0.81970215,0.9985581,0.9047868,0.0011027965,0.1519685,0.99818254,0.4977652,0.9283258,0.7737849,0.009849052,0.5801256,0.47816205,0.011317077,0.9894683,0.6555668,0.036841206,0.020670313,0.92530346,0.60746986,0.014958295,0.7653587,0.013211
0.5531953,0.005804802,0.0043942635,0.12358904,0.25008562,0.999315,0.9512495,0.0004681259,0.098684,0.9988557,0.3912039,0.94981515,0.13356225,0.0043825326,0.42174172,0.92665905,0.008184263,0.981457,0.97680753,0.006370032,0.003683404,0.8354563,0.41725877,0.00150773,0.61680233,0.0017117147
0.47440523,9.3297115e-07,9.451704e-07,0.015206606,0.00022611764,1.0,0.99944836,1.4901735e-09,0.021093572,0.9999981,0.2048651,0.96887994,0.00022345045,1.1998862e-06,0.9947966,0.9996948,0.0022766644,0.9992907,0.99998784,5.6622946e-07,8.1582776e-08,0.9865622,0.012615917,1.0984064e-08,0.9989304,5.1831154e-08
0.64040506,0.0024157923,0.0012928213,0.11674484,0.07892628,0.99982184,0.9758296,8.785759e-05,0.0814014,0.9996778,0.37891185,0.96564794,0.07257352,0.0013331991,0.8685753,0.88874555,0.012881677,0.98949593,0.98530954,0.0011701165,0.0012349555,0.9492251,0.2179921,0.00023596702,0.9404865,0.00041943934
0.679371,0.0085175745,0.0045176623,0.13498294,0.5673081,0.9993493,0.93586516,0.00043588397,0.10637547,0.999204,0.4268832,0.95381063,0.44254816,0.005001098,0.5040604,0.7548037,0.00643334,0.9891394,0.90191346,0.012430614,0.007972812,0.9030501,0.53318393,0.0036828965,0.68665,0.0034379945
0.6473094,0.0011790156,0.0006074431,0.102534465,0.054709304,0.9999311,0.9825456,2.845106e-05,0.07300688,0.9998274,0.35834098,0.9655078,0.059746798,0.0007291774,0.91673094,0.9077277,0.011436001,0.99292916,0.9898455,0.00061362976,0.00056111685,0.9645599,0.18045184,9.661329e-05,0.96644866,0.00018915132
0.6767257,0.001075238,0.000535573,0.1053598,0.05951885,0.99994075,0.9825958,2.3962373e-05,0.071995676,0.9998728,0.35157907,0.9710606,0.06899031,0.00062735786,0.92216283,0.888829,0.009907751,0.9940316,0.9888438,0.00057607394,0.00055810454,0.97116065,0.17893362,8.967695e-05,0.96979964,0.00017848374
0.5775565,0.0055778967,0.0036548406,0.12177633,0.21663666,0.9994344,0.95698667,0.00036973148,0.09366234,0.99912316,0.39855838,0.9569352,0.124097295,0.0036404238,0.52698964,0.91182494,0.008708099,0.98355526,0.9767001,0.0045909295,0.0033626375,0.86657935,0.37965333,0.0011298266,0.7081129,0.0013836813
0.34184042,1.2342926e-07,2.0743991e-07,0.008062083,7.00145e-05,1.0,0.9996989,1.7378674e-10,0.016130684,0.99999845,0.18327822,0.9367998,4.0128238e-05,3.7773233e-07,0.99387556,0.99996567,0.0012253993,0.9994407,0.99999845,1.3756666e-07,1.044913e-08,0.97750956,0.0081820795,1.9003563e-09,0.9989372,1.1262895e-08
0.8308853,0.00836406,0.0030741931,0.15268047,0.9074216,0.99968565,0.93040574,0.00020535865,0.14546132,0.9995752,0.51321304,0.95651656,0.8840769,0.003736973,0.6800584,0.31565928,0.004911114,0.99660945,0.50666475,0.020687217,0.012120124,0.963503,0.6123942,0.007687586,0.86642045,0.0073068924
0.54702127,0.0032475838,0.0023090357,0.10866456,0.107583664,0.9996555,0.9701598,0.00020598443,0.08636629,0.99925715,0.39327082,0.9558227,0.059292823,0.002264766,0.6392634,0.9472336,0.010435622,0.9843575,0.98895454,0.0020739974,0.0015271759,0.8762539,0.28416502,0.000456461,0.80554134,0.000682958
0.62364227,0.00038551103,0.00022702475,0.08115874,0.020567195,0.9999815,0.9897906,6.800179e-06,0.06043545,0.9999181,0.33044693,0.96873504,0.022728309,0.00025679727,0.9484156,0.9590317,0.009879935,0.99475986,0.99675673,0.00018873176,0.00013548462,0.9710618,0.11713774,2.0921614e-05,0.9816275,4.967989e-05
0.8906795,0.0046775644,0.0017429778,0.16429985,0.98384595,0.9998933,0.9353699,6.7525565e-05,0.21051118,0.9997274,0.6058818,0.939085,0.98112994,0.0022944554,0.77239674,0.12996559,0.00423038,0.99882215,0.17020084,0.027421815,0.009313184,0.98206466,0.6659211,0.011004334,0.94479764,0.0105586955
0.66805136,0.0020922779,0.0010408389,0.112670705,0.10123421,0.9998728,0.9762862,5.785057e-05,0.08026132,0.99977106,0.37226337,0.96678,0.09775515,0.0011857655,0.8742386,0.8647531,0.01019563,0.9919869,0.9816342,0.0011371278,0.0011986181,0.9564314,0.24045712,0.00022620779,0.94444174,0.0003848066
0.6228774,0.0096579995,0.005699913,0.13741377,0.36143422,0.9990012,0.9398521,0.0006829675,0.10612891,0.99875605,0.41359288,0.9494506,0.25044274,0.0060927034,0.52290606,0.8353104,0.009910718,0.98262113,0.9462191,0.009720651,0.0073756143,0.87546843,0.4584707,0.002897712,0.68876785,0.0030292314
0.8647723,0.0035125965,0.0010119413,0.14210564,0.89597005,0.99992025,0.9576568,4.21313e-05,0.14209147,0.99987483,0.5021256,0.9684591,0.89709365,0.0014564978,0.83233345,0.24358846,0.003649609,0.99858487,0.5026202,0.007834347,0.0051862085,0.9840809,0.50521344,0.002407166,0.9527138,0.002801837
0.76596767,0.013553049,0.005503887,0.16271642,0.7117602,0.9991627,0.9261195,0.00055496424,0.13073042,0.99919266,0.45926884,0.9571569,0.65144634,0.006181356,0.6468706,0.4983897,0.008058053,0.9914287,0.7489154,0.017371124,0.01575171,0.9382344,0.5367948,0.0066488143,0.808163,0.0065443227
0.4871783,4.904342e-06,4.5650386e-06,0.023465183,0.0007183535,0.9999999,0.99878365,1.6290496e-08,0.029632239,0.99999297,0.2410103,0.96424913,0.0005885847,5.4377956e-06,0.988347,0.9991399,0.0035334642,0.99856734,0.99995315,2.6814575e-06,5.6899444e-07,0.9777689,0.023215126,8.68035e-08,0.9970696,3.447015e-07
0.58443826,0.003091925,0.0019441323,0.110597275,0.09550892,0.9997254,0.9722181,0.00015369526,0.0842198,0.99945,0.39189494,0.959813,0.061860338,0.0018912228,0.7502433,0.9287368,0.011406686,0.9860385,0.98736584,0.0016388413,0.0014717872,0.90793437,0.26152265,0.0003659059,0.8722459,0.0005744379
0.49174783,1.706398e-06,1.6253258e-06,0.018028319,0.00036912906,1.0,0.9992648,3.4140286e-09,0.023785945,0.99999714,0.21531612,0.968808,0.00034672796,2.036681e-06,0.99306905,0.9995079,0.002539104,0.9991253,0.9999789,9.902807e-07,1.6919245e-07,0.9847215,0.016233107,2.2880924e-08,0.99846077,9.954918e-08
0.59429806,0.003226219,0.0020145273,0.11821925,0.0759801,0.9996952,0.97279286,0.00016819843,0.08686306,0.99941397,0.39412177,0.9609588,0.0550079,0.0018454618,0.8085565,0.92192626,0.014854309,0.9849194,0.9874565,0.0014976982,0.0014597386,0.92026275,0.22875066,0.00033435063,0.9059404,0.00058009673
0.7020955,0.006152858,0.002715911,0.13890989,0.2582225,0.9995747,0.9588419,0.00023438643,0.098341554,0.9995433,0.4053347,0.9662655,0.23187573,0.0029660577,0.78506047,0.74202347,0.010183346,0.9896936,0.94519603,0.003895433,0.004721514,0.944424,0.34546918,0.0010863194,0.8890625,0.0014638759
0.5686373,0.003469843,0.002207748,0.11017088,0.114952296,0.9996724,0.97000647,0.00019188669,0.08533931,0.9993531,0.3953671,0.9580232,0.06944779,0.0022265117,0.68324614,0.932405,0.010516986,0.98542935,0.9867111,0.002058199,0.0016962641,0.8920958,0.2868151,0.00046567668,0.8299063,0.000688241
0.6011123,0.0010639512,0.0006500927,0.09689982,0.033805948,0.9999261,0.98432827,3.2999444e-05,0.071506225,0.9997727,0.36312357,0.96469426,0.03053448,0.00064551545,0.9086537,0.9480562,0.013250631,0.99088025,0.99431473,0.00047406935,0.00039440845,0.95224285,0.15264471,7.383702e-05,0.9624875,0.00015685233
0.5813894,0.006227997,0.0040980214,0.1240922,0.23684011,0.99934477,0.95358163,0.0004327094,0.09615135,0.9990212,0.40007722,0.9543369,0.13920742,0.004141004,0.5176763,0.90468544,0.009040484,0.98284894,0.97350377,0.005399151,0.0039018888,0.86416787,0.39660385,0.0013813693,0.6965942,0.0016312475
0.8291241,0.012193679,0.004859861,0.17345484,0.92352647,0.9994086,0.91723514,0.00041812495,0.16894601,0.99918514,0.536859,0.94310427,0.9074383,0.0057923403,0.6841117,0.27123597,0.0075919856,0.99559516,0.413151,0.032522693,0.01843011,0.9602294,0.6225833,0.013940057,0.8708538,0.013115579
0.67700624,0.007649363,0.0035793246,0.14187771,0.253036,0.99940884,0.9548117,0.0003528385,0.1005006,0.9993759,0.40818328,0.96462417,0.20429008,0.0036745926,0.73338443,0.77443105,0.010841846,0.98685986,0.9496437,0.004625308,0.0055538737,0.9270646,0.35806254,0.0013561156,0.85220635,0.0017727442
0.55796033,0.00028118805,0.00018972809,0.06746214,0.012483291,0.99998605,0.99201864,5.135085e-06,0.058603622,0.99989223,0.33360302,0.96152604,0.010279686,0.00020195646,0.94128174,0.9830709,0.009981534,0.99397826,0.9984158,0.00012377168,7.1936374e-05,0.95560735,0.09750387,1.3261706e-05,0.9784199,3.2878663e-05
0.57854575,1.5359145e-05,1.1438762e-05,0.036732193,0.0021013282,0.99999964,0.99780816,7.112655e-08,0.035193823,0.9999914,0.25385976,0.9717382,0.0025277643,1.3661357e-05,0.9868766,0.99562293,0.0046109157,0.9983814,0.9998012,8.629828e-06,2.667679e-06,0.98512113,0.03749653,3.4618827e-07,0.99666154,1.1896656e-06
0.6780774,0.010496622,0.0051079174,0.14617045,0.3932322,0.9991627,0.9414553,0.00054697413,0.10762167,0.9991549,0.41867143,0.9604821,0.29857472,0.005253279,0.6146974,0.75134677,0.009163205,0.9860016,0.9246022,0.008545114,0.008723058,0.9077842,0.44474813,0.0027502913,0.7627882,0.0030114155
0.5739229,0.00017263163,0.00011959584,0.063203186,0.009425933,0.9999926,0.993396,2.5031363e-06,0.054215565,0.99993527,0.31826523,0.96531147,0.008687879,0.00012610151,0.9572741,0.9847387,0.009009191,0.99524754,0.9988004,7.955488e-05,4.3148433e-05,0.96615434,0.08343071,7.2339744e-06,0.98547596,1.9071722e-05
0.6059393,0.00012284573,7.971154e-05,0.062001377,0.008918166,0.9999956,0.994069,1.3765265e-06,0.050490554,0.9999621,0.3016257,0.9692072,0.010082098,9.136592e-05,0.9682177,0.9815492,0.007852913,0.9964399,0.9988281,6.237799e-05,3.3211978e-05,0.9766609,0.07864763,4.8093325e-06,0.9899198,1.3141387e-05
0.53231406,0.0038500216,0.003092694,0.11277172,0.19347256,0.9995621,0.9609687,0.00028846972,0.091251224,0.99913245,0.38395002,0.95418483,0.09265785,0.0030397868,0.42195377,0.9494734,0.0070517245,0.98367923,0.98541844,0.004050145,0.00218462,0.83515537,0.3770798,0.0008412816,0.63360864,0.0010415006
0.8463244,0.006567565,0.002178393,0.14960316,0.9057124,0.99979824,0.94057846,0.00012456924,0.14484379,0.99972385,0.5114278,0.9621293,0.89092463,0.0027663114,0.7416976,0.27681386,0.004388468,0.9974922,0.49323416,0.015110504,0.009691428,0.97260296,0.5798465,0.0053823614,0.90482724,0.0054574287
0.4223166,0.007352335,0.013805962,0.148528,0.7503956,0.9944062,0.87919223,0.0049946266,0.16023688,0.9695034,0.48031107,0.53554535,0.6797516,0.025667828,0.28976846,0.89547956,0.039835647,0.9556276,0.912781,0.10952251,0.006841639,0.7587102,0.69776034,0.022857377,0.46798903,0.0168514
0.56974125,0.006185115,0.004319974,0.124218844,0.25882125,0.99931407,0.9510909,0.0004637058,0.09759969,0.99892896,0.39614284,0.9520078,0.14583734,0.0044059446,0.456339,0.9137775,0.008357505,0.982304,0.9735729,0.0063043674,0.0039962507,0.84953064,0.41718224,0.0015574931,0.6457994,0.0017659654
0.5225405,0.00219457,0.0018284982,0.100838326,0.08202424,0.9997472,0.9745059,0.00014660272,0.08391483,0.9993038,0.38526085,0.9553629,0.039201967,0.0017353427,0.6124799,0.9675415,0.009408886,0.98497075,0.9930609,0.0015156608,0.0009472981,0.86344934,0.25753593,0.00029625694,0.8006177,0.0004775046
0.64869237,0.00066385197,0.00037196832,0.093780614,0.034851145,0.9999646,0.98630387,1.3508625e-05,0.06640619,0.99989176,0.33971277,0.96872777,0.040458515,0.00042779042,0.9377595,0.93024564,0.010494541,0.9941796,0.9937388,0.00034649466,0.00028795778,0.971,0.14743355,4.5982506e-05,0.97703177,9.9448254e-05
0.60721016,0.0021501163,0.0012698076,0.10816392,0.06440885,0.99983263,0.97737145,8.410962e-05,0.08021281,0.99961734,0.3794773,0.960761,0.052042942,0.0012925079,0.8543917,0.9237832,0.01336406,0.9882619,0.98942167,0.0010215469,0.000966681,0.93592155,0.21199724,0.00020403558,0.93255466,0.00036202843
0.683227,0.013128387,0.008973895,0.16126652,0.8195535,0.9983688,0.8977517,0.0013103362,0.14729753,0.9971992,0.48992035,0.8960821,0.75470984,0.010692335,0.4467634,0.64173466,0.011811623,0.9863131,0.74487567,0.048300385,0.015020998,0.8940653,0.64487416,0.016407505,0.6520318,0.012973127
0.6025227,0.0001778126,0.00011555988,0.06700857,0.010889762,0.9999927,0.9930298,2.4521803e-06,0.05351943,0.9999478,0.31298926,0.96906114,0.011746792,0.0001261927,0.96197826,0.9784493,0.008737686,0.9957676,0.998502,8.710912e-05,4.9699414e-05,0.97354215,0.08676036,7.6007996e-06,0.9874794,2.0208341e-05
0.710811,0.011054188,0.0053203795,0.147749,0.6250339,0.9992052,0.9296922,0.0005362958,0.11602817,0.9991379,0.43722612,0.9551571,0.51488245,0.005831805,0.54002047,0.67451876,0.0070519955,0.9893852,0.8569787,0.015020568,0.0112004485,0.912725,0.54120564,0.005018325,0.7180177,0.004713271
0.44978163,0.00056393223,0.0005931618,0.07133492,0.035454128,0.9999323,0.98594695,3.1995234e-05,0.070829816,0.9995473,0.35247833,0.9402089,0.014879654,0.0006867969,0.6391417,0.9909623,0.007205769,0.9897064,0.9981692,0.00051788596,0.00019029227,0.8571956,0.18705043,6.98336e-05,0.8459897,0.00013013204
0.7456641,0.014619,0.0082447445,0.17022792,0.87770194,0.99865866,0.89855224,0.0010604534,0.15953988,0.9978988,0.51674247,0.9112309,0.8389763,0.009691309,0.5354184,0.47942474,0.011052759,0.9902858,0.60455114,0.048470497,0.018664762,0.9228748,0.6496845,0.018772982,0.74349886,0.015636865
0.5347279,0.00068449025,0.00052813673,0.07702397,0.03343607,0.9999497,0.9859913,2.2106033e-05,0.06785582,0.99973756,0.35524866,0.9510321,0.020001423,0.00058909674,0.83523214,0.9774459,0.009116341,0.9904428,0.99670225,0.00040812773,0.00024220604,0.916443,0.16985667,5.955198e-05,0.9300721,0.00011117723
0.6150051,0.00040434598,0.0002495602,0.081953466,0.01951137,0.99997914,0.9896688,7.8912935e-06,0.060931582,0.9999076,0.33344132,0.9685952,0.02084622,0.00026629958,0.94656855,0.9619193,0.010463327,0.99431664,0.9969091,0.0001939095,0.00013691605,0.969202,0.11455808,2.1969807e-05,0.98094475,5.2819792e-05
0.6634252,0.0015315252,0.0008134008,0.10903321,0.07105077,0.9999049,0.97953916,4.1809828e-05,0.07632277,0.9998036,0.3598042,0.96712834,0.07439842,0.0009203754,0.90128225,0.8859016,0.011018521,0.99229276,0.9864696,0.00083337,0.00081506616,0.96218556,0.20223626,0.0001462969,0.9593769,0.00027131
0.618236,0.010019424,0.0066111227,0.13967134,0.49664006,0.9988481,0.9280499,0.00082120975,0.11149897,0.9984189,0.41843978,0.93743396,0.36105266,0.007277907,0.43069014,0.8277029,0.009082899,0.98282766,0.9269936,0.01621849,0.0086109545,0.8629736,0.5293915,0.0047262064,0.61099917,0.0043026754
0.52047503,0.0029854958,0.002477562,0.10582909,0.15398948,0.9996617,0.96666807,0.00021530324,0.086662136,0.9992403,0.38186726,0.95529634,0.07097618,0.002417004,0.4527859,0.9591461,0.006991996,0.9846809,0.98916024,0.0029226383,0.0015558471,0.8396987,0.34215474,0.0005704095,0.6700043,0.00075494143
0.87464815,0.0024810478,0.0007029099,0.13914077,0.90358496,0.9999515,0.9630692,2.3649172e-05,0.14377846,0.9999137,0.5019272,0.9698009,0.9091304,0.0010414519,0.8607405,0.22543578,0.003267872,0.99895835,0.4875467,0.0060267,0.00372388,0.9876288,0.48205322,0.0017188771,0.96615815,0.0021055778
0.88422424,0.0036164601,0.0010207638,0.14274798,0.9482475,0.99993086,0.9531797,3.769805e-05,0.15444303,0.9998801,0.5292147,0.96757466,0.94414973,0.0014270099,0.80717224,0.18782023,0.0029199936,0.99890864,0.36033082,0.010771939,0.005977145,0.9845956,0.5661637,0.0035478785,0.94891006,0.003862806
0.4682694,3.5545227e-07,3.824671e-07,0.011529491,0.000120903926,1.0,0.9996419,3.8033882e-10,0.01728286,0.99999905,0.18656766,0.9705888,0.00012311227,5.196499e-07,0.9964238,0.9998436,0.0016804095,0.9995165,0.9999945,2.3149407e-07,2.7023743e-08,0.9891544,0.009240098,3.476063e-09,0.99932766,1.7753562e-08
0.62633634,7.503503e-05,4.73636e-05,0.0581534,0.007335305,0.99999774,0.99513996,6.4387893e-07,0.045709822,0.9999795,0.28680578,0.97393024,0.009611023,5.6284283e-05,0.9770732,0.9815797,0.0064848308,0.9974597,0.99905497,4.058095e-05,2.0474665e-05,0.9838484,0.06844301,2.6109622e-06,0.99337417,7.7178875e-06
0.7797058,0.011551521,0.005067174,0.15809062,0.84674597,0.99931383,0.9198351,0.00048212404,0.14009282,0.99913675,0.4946505,0.94586927,0.8030283,0.005969534,0.60690516,0.4436975,0.0071361605,0.9934007,0.6416058,0.025702683,0.014889478,0.942506,0.6073669,0.009597484,0.7973962,0.0086628925
0.9007781,0.0034090653,0.000951969,0.14815572,0.9728184,0.99994314,0.95151633,3.126151e-05,0.17455126,0.9998847,0.55975664,0.96464115,0.9699524,0.001326141,0.8092452,0.14065379,0.0026875685,0.99919206,0.23877925,0.013487169,0.00624393,0.9867863,0.5972979,0.0047297403,0.95670265,0.0050627617
0.88384527,0.0042561246,0.0012457377,0.14563908,0.9561717,0.9999149,0.9480096,4.8769853e-05,0.15897846,0.99985313,0.53828603,0.9653945,0.95002556,0.001682172,0.78307295,0.18450874,0.003000214,0.998796,0.329803,0.013580304,0.007187654,0.98256093,0.5958354,0.0047355103,0.9395333,0.0049086586
0.68036157,0.006962463,0.0032904088,0.13582595,0.27983767,0.9994898,0.9555403,0.00029957405,0.09803989,0.99944013,0.40976375,0.96450007,0.2256005,0.0034580622,0.7234157,0.77299625,0.009645574,0.9882478,0.94718236,0.0046409694,0.00520831,0.92857116,0.3769925,0.0013342153,0.8467367,0.001683525
0.72581214,0.004030971,0.0017040515,0.13249378,0.25509238,0.9997645,0.9655107,0.000115676085,0.09512847,0.9997168,0.39801225,0.9679794,0.25749752,0.002019723,0.84009165,0.7153485,0.00913074,0.9929143,0.94378495,0.0027844128,0.0032047841,0.9610712,0.3227464,0.00069912494,0.9278122,0.0010042364
0.5592033,0.0002469224,0.00018420035,0.06699823,0.010527864,0.99998677,0.9922488,4.788422e-06,0.0579601,0.99989486,0.33274913,0.9629559,0.008728506,0.00017995077,0.946688,0.98517126,0.010532092,0.993923,0.9986253,0.00011096974,6.1574334e-05,0.9574408,0.0892374,1.16475285e-05,0.9810306,3.0161516e-05
0.5907834,0.0005311876,0.00034609652,0.08277196,0.020729186,0.999969,0.98866,1.2590906e-05,0.06446989,0.99985695,0.34466663,0.9645109,0.018970387,0.00035165914,0.93171746,0.9670536,0.011572617,0.99280626,0.99686843,0.00024137454,0.00017143434,0.958013,0.122398704,3.0704745e-05,0.97395056,7.0751244e-05
0.57259464,0.00013299882,8.934567e-05,0.05939966,0.007860696,0.999995,0.9941508,1.6148906e-06,0.05187696,0.999946,0.30893254,0.96297973,0.00794414,0.000102819846,0.9648922,0.98623973,0.008823606,0.99576795,0.9989858,6.418952e-05,3.2180364e-05,0.96966344,0.07639005,5.157214e-06,0.9883138,1.3868787e-05
0.89542085,0.0025333262,0.0006547871,0.1379469,0.954869,0.99996114,0.960243,1.9621531e-05,0.1555878,0.99992466,0.52986753,0.9704807,0.95375204,0.0009784111,0.8384362,0.1676622,0.0024063853,0.9992576,0.33668238,0.008171415,0.0042864205,0.9884821,0.54361296,0.002497627,0.9632509,0.002849354
0.79426783,0.010359916,0.004447018,0.15559344,0.87508684,0.99945897,0.9208719,0.00037478204,0.14131643,0.99928635,0.5008362,0.9481449,0.8360598,0.0051928796,0.60854787,0.4142461,0.0061438023,0.99457955,0.6008662,0.0255583,0.013908904,0.9476156,0.6211254,0.009453782,0.8070895,0.0084701395
0.70315844,0.014126471,0.007480242,0.15717202,0.6979616,0.9987218,0.9152675,0.0009366406,0.12999864,0.998466,0.45827407,0.93814296,0.6071272,0.008480599,0.5194669,0.6405494,0.00960444,0.9872061,0.81032246,0.024965515,0.0149872415,0.9048939,0.5755094,0.008922664,0.70020694,0.007898027
0.6311459,0.0027998579,0.0015381266,0.11678616,0.08675023,0.9997836,0.9739362,0.00011105644,0.08352302,0.99960977,0.38439313,0.9635069,0.0734626,0.0015686608,0.844981,0.89362365,0.012961964,0.9883243,0.9846978,0.0013649227,0.0014257779,0.93985116,0.23494622,0.00029376385,0.9263617,0.00049945863
0.84097326,0.004991876,0.0015872509,0.14582819,0.8383799,0.99984884,0.9521302,8.3494604e-05,0.13473226,0.9998035,0.4840627,0.9672451,0.8336366,0.0021180543,0.8017979,0.313132,0.004563379,0.9976406,0.6013182,0.008860938,0.0068756132,0.9773356,0.5049298,0.0028684717,0.9319638,0.0032179353
0.56219345,6.4824753e-06,5.2376836e-06,0.028955214,0.0011082619,0.9999999,0.9985368,2.108911e-08,0.030228842,0.999995,0.23613173,0.971574,0.0013627321,6.3818775e-06,0.99091774,0.9977824,0.0037954762,0.99879706,0.9999076,3.838026e-06,9.3411967e-07,0.9871941,0.02710081,1.204405e-07,0.99787986,4.4733397e-07
0.74186766,0.01182359,0.005399205,0.15238471,0.7263898,0.9992071,0.9247878,0.0005465379,0.12547672,0.9991123,0.4615134,0.9512676,0.6498073,0.0061371676,0.58194757,0.56967986,0.0074328706,0.99108386,0.7811707,0.019025452,0.013266832,0.927985,0.56617534,0.006746743,0.7599248,0.006239358
0.46673462,6.7969445e-06,7.2924217e-06,0.02463369,0.0010664002,0.9999999,0.9982906,3.2908023e-08,0.034070145,0.999985,0.2503047,0.94311404,0.00070658297,1.0198463e-05,0.98096246,0.99913245,0.003977471,0.99786747,0.99993944,4.813609e-06,9.973463e-07,0.9647553,0.03046713,1.8920323e-07,0.99484384,6.3646735e-07
0.87787664,0.0032802955,0.00090178224,0.1408336,0.9271508,0.9999356,0.9575087,3.386878e-05,0.14715844,0.9998921,0.51398253,0.9693504,0.92596525,0.0013106482,0.82839876,0.20894316,0.003094921,0.99886644,0.42741147,0.008453118,0.0051385947,0.98548037,0.5272149,0.0026312396,0.95466304,0.0030052685
0.68864095,0.0036461342,0.0017150807,0.12769662,0.16622983,0.9997564,0.96857667,0.00012171098,0.089691885,0.9996669,0.3884395,0.96592003,0.1610269,0.0019312577,0.8443906,0.79724014,0.01092997,0.99092156,0.96609217,0.0021623734,0.0024521495,0.9534619,0.28664,0.0005120087,0.9278724,0.0007849775
0.46021062,0.0001767694,0.00017602515,0.055789072,0.010836461,0.99998677,0.9926801,4.702672e-06,0.059812743,0.9998246,0.33159506,0.9429888,0.005352001,0.00020022086,0.86668545,0.9949332,0.007461085,0.9933136,0.9992797,0.00011125167,4.260576e-05,0.91201013,0.102139734,1.1913735e-05,0.95407814,2.858487e-05
0.52666265,4.5735025e-05,3.6015077e-05,0.04278376,0.0033485705,0.99999857,0.9964547,3.9240615e-07,0.045164373,0.9999639,0.28892705,0.9557553,0.002881358,4.3027747e-05,0.9738261,0.99545693,0.007112116,0.99661523,0.9996668,2.288969e-05,8.39318e-06,0.9669744,0.050984684,1.4476188e-06,0.9918834,4.2461584e-06
0.6346412,0.00058583834,0.0003340591,0.08978718,0.028823081,0.999969,0.98747224,1.2099362e-05,0.06464391,0.9998939,0.33969098,0.96902037,0.03156331,0.00037199064,0.9378493,0.943955,0.010421982,0.99404955,0.995194,0.0002868869,0.00023128584,0.9690101,0.13625452,3.667803e-05,0.9769155,8.207868e-05
0.5586921,0.0052915793,0.0038804011,0.119817756,0.24005061,0.99941206,0.95413274,0.0003940798,0.09495465,0.9990146,0.39208448,0.9526117,0.12939341,0.0038848566,0.4444273,0.9263794,0.007830297,0.982856,0.9780031,0.0055248667,0.0032909375,0.8457679,0.407667,0.001285475,0.6385286,0.0014833941
0.5631828,0.00029988127,0.00021040844,0.06998131,0.012888234,0.99998415,0.9916214,5.9285685e-06,0.05933354,0.9998896,0.3367135,0.96358955,0.010598524,0.00021093372,0.9404679,0.98208976,0.010281031,0.9937785,0.998314,0.0001315605,7.867138e-05,0.9563963,0.098647594,1.4544866e-05,0.9783507,3.625243e-05
0.46386778,0.001125624,0.0010908585,0.08160407,0.06524856,0.999856,0.9800166,7.807462e-05,0.07649803,0.99935347,0.36333787,0.9410183,0.028465312,0.0012582672,0.5466516,0.9845673,0.0074880407,0.98748416,0.99645066,0.001124931,0.00044479722,0.8416558,0.24666399,0.0001756871,0.774409,0.00028003738
0.557072,0.0046378598,0.0032614358,0.11711654,0.1850582,0.9995085,0.96080977,0.00031859463,0.0918683,0.9991497,0.39459312,0.95627886,0.09857662,0.003203718,0.5137965,0.9317573,0.008457067,0.9835649,0.98244077,0.003797936,0.0026128315,0.85852355,0.35995254,0.0008824184,0.704134,0.0011257833
0.8481321,0.011047798,0.004090571,0.17420578,0.9403433,0.9995511,0.9207683,0.0003057174,0.17403293,0.9993647,0.5442872,0.9478157,0.9279823,0.00484295,0.7045596,0.23179246,0.006601851,0.9965947,0.35130486,0.030906785,0.01730379,0.96639866,0.62419885,0.013407304,0.8901413,0.012889204
0.7046299,0.011625517,0.0054306425,0.15043129,0.5176012,0.99913895,0.9344865,0.00056929985,0.11371418,0.99914813,0.42901748,0.95882416,0.41769522,0.005769123,0.5966289,0.68586653,0.008295453,0.98785895,0.8845723,0.011681091,0.010969184,0.9142001,0.4917977,0.0039553563,0.75461483,0.0040297303
0.6919515,0.0169642,0.009267264,0.16384628,0.6657803,0.9982254,0.90947014,0.001327213,0.13483208,0.99795663,0.45786062,0.932568,0.5777927,0.010499955,0.52350885,0.6465993,0.011900536,0.98422134,0.815412,0.027872188,0.017711096,0.8966749,0.5665623,0.010459986,0.69440037,0.009273054
0.6212055,0.004397526,0.002452363,0.12428649,0.12039775,0.99961686,0.9674709,0.00021655623,0.089782596,0.99941206,0.397778,0.96192163,0.090779796,0.0024008113,0.7799294,0.88385916,0.0130705945,0.9856678,0.9796311,0.0022396552,0.0023638874,0.9217373,0.27746385,0.0005474597,0.8855068,0.000845386
0.75970227,0.011447452,0.0047638803,0.15405919,0.7035689,0.9993235,0.9303236,0.00044414593,0.12398412,0.9993113,0.45570686,0.9584403,0.6352406,0.0053501357,0.63447106,0.53204024,0.007107884,0.99201137,0.7772103,0.015316138,0.012974696,0.93783945,0.53977525,0.0055104448,0.7999246,0.0053834924
0.6303918,0.008004997,0.00442586,0.1366567,0.26481026,0.99928844,0.9506569,0.00046469472,0.10077868,0.99915624,0.4071958,0.9608242,0.17418121,0.004336547,0.597987,0.84734046,0.009539099,0.98387605,0.9603327,0.005678242,0.0054920968,0.89020556,0.39480224,0.001630641,0.7530086,0.0019621984
0.5955253,0.0016172341,0.00095101714,0.10216541,0.049907014,0.99988294,0.9811054,5.651367e-05,0.075739555,0.99969995,0.3767931,0.963979,0.039645247,0.0009438009,0.8694919,0.9385852,0.012492217,0.9895075,0.99221194,0.00071097084,0.0006508032,0.9399605,0.18628426,0.00012885344,0.9419512,0.0002479323
0.67386204,0.0014133272,0.0007160832,0.10928528,0.073976554,0.99991715,0.98003805,3.4452285e-05,0.07645142,0.99982953,0.35926467,0.9674616,0.08312421,0.00084875536,0.91106766,0.8746471,0.01079045,0.99324304,0.98551995,0.00078796095,0.0007745284,0.96691674,0.2017373,0.00013564502,0.9644354,0.0002537755
0.75341386,0.011277005,0.0045201676,0.15353169,0.6283262,0.9993304,0.9351772,0.0004283197,0.1191594,0.999363,0.44506103,0.96192133,0.56026936,0.005069309,0.66162014,0.55702496,0.0074298885,0.991462,0.8173764,0.012290183,0.012159737,0.9387524,0.5030985,0.0043616924,0.8133393,0.004459791
0.477622,0.0012631839,0.0013326558,0.08811545,0.100773424,0.99984586,0.9768325,9.0682894e-05,0.07862403,0.9994567,0.36120728,0.9552609,0.036889665,0.0013260955,0.4022594,0.98280346,0.005089966,0.98766565,0.9954406,0.0015256455,0.0005772829,0.8230016,0.2961513,0.00022560856,0.66305405,0.00033816524
0.5994556,0.0025030202,0.0015210471,0.11199105,0.06501799,0.9997845,0.9760434,0.00011240997,0.08253567,0.9995359,0.3865847,0.961148,0.050208643,0.0014624406,0.84044135,0.9259721,0.014361965,0.98684907,0.9891963,0.0011522279,0.0010999481,0.9301922,0.21203214,0.00023902004,0.9247501,0.00042846487
0.7157807,0.012135862,0.005917172,0.15038615,0.6562029,0.9990397,0.92592365,0.0006668586,0.12243668,0.9989122,0.45248058,0.94752514,0.5737662,0.006821596,0.5744804,0.6291922,0.008694402,0.9890456,0.827832,0.018075943,0.012719593,0.918104,0.54779303,0.0063024117,0.74604356,0.0058642044
0.6534374,0.00072608225,0.00038712996,0.094924405,0.0394909,0.99996233,0.98585457,1.45611175e-05,0.067132585,0.9998909,0.34284058,0.96944314,0.04526427,0.00045433067,0.9337068,0.9241409,0.010078734,0.99428433,0.9930608,0.00037660127,0.00032311285,0.9706981,0.15461142,5.0933966e-05,0.97496563,0.000108160486
0.61470956,0.0062794643,0.004895203,0.12663881,0.677327,0.99923706,0.92505676,0.000558245,0.11041908,0.99850625,0.43622696,0.9146827,0.5511665,0.006014755,0.35629922,0.83267766,0.006995244,0.9874419,0.9070409,0.02348036,0.006084641,0.8738073,0.6112832,0.0056775017,0.5587402,0.00447293
0.76154274,0.008909273,0.0042056153,0.1446357,0.8342315,0.99948174,0.923767,0.00035918714,0.12780982,0.99928385,0.48269907,0.9469792,0.7742472,0.0049040257,0.5521356,0.5314661,0.0057023186,0.9937271,0.7147189,0.02253158,0.010916883,0.93679786,0.61767316,0.0074412655,0.75670433,0.0064660753
0.69344795,0.004821334,0.0022135887,0.13070029,0.22247484,0.99967813,0.9633222,0.00017058903,0.09354946,0.9996105,0.3996661,0.96617657,0.19903705,0.0024376125,0.80071735,0.77422047,0.009919743,0.9904157,0.95590967,0.0030031577,0.0034784093,0.94606394,0.32963476,0.00078643666,0.9008473,0.0011022562
0.84836024,0.0069320733,0.002309563,0.15233703,0.9109893,0.99978,0.9393075,0.00013516717,0.14837648,0.99969983,0.5150438,0.96066064,0.8981927,0.002976075,0.7445189,0.26411843,0.0046239933,0.99744606,0.47033796,0.016158277,0.010519478,0.9727447,0.5833018,0.0059066014,0.9066808,0.006034861
0.7065806,0.011990217,0.005730803,0.15023875,0.5919218,0.9990984,0.92906904,0.0006148217,0.11662533,0.99905914,0.43756092,0.95512545,0.48608366,0.0062334742,0.55727226,0.6744949,0.007861536,0.98832536,0.8640557,0.014746567,0.011874401,0.91178876,0.5256218,0.0050216573,0.725548,0.004804303
0.89258885,0.003491951,0.0010050616,0.1442288,0.96656793,0.99993896,0.95126224,3.413766e-05,0.16694443,0.999881,0.5506935,0.9645487,0.9629541,0.001424612,0.80134296,0.16001931,0.0027187024,0.9990746,0.2824005,0.012854807,0.006266252,0.98534656,0.5998254,0.004439222,0.95024717,0.004660774
0.7979665,0.012835785,0.005527653,0.16666287,0.8852072,0.9992661,0.9146101,0.00052651146,0.15340248,0.99904627,0.5123249,0.94246936,0.8539855,0.006440766,0.62696344,0.3718848,0.007710117,0.99397063,0.54433686,0.031185633,0.017540952,0.9475702,0.6209798,0.012549604,0.82027787,0.011378475
0.57572126,0.0013309397,0.0009069061,0.09703552,0.037179843,0.9998919,0.9824917,5.1858417e-05,0.07563798,0.9996549,0.37487066,0.9605377,0.027419468,0.0008434569,0.8724879,0.9580002,0.013756746,0.9885923,0.9944248,0.0005922198,0.0004796391,0.9330895,0.16774179,0.00010459563,0.94450045,0.00020925586
0.7916527,0.01057437,0.0039545977,0.1555925,0.76982695,0.999485,0.93270737,0.00032814848,0.12896281,0.99947363,0.46766144,0.9615258,0.7228184,0.004561662,0.6768299,0.4405316,0.0062661306,0.994099,0.70528877,0.015185512,0.013037413,0.9516224,0.5439691,0.0055697267,0.83926994,0.005541833
0.9070239,0.0026501352,0.00072494627,0.14228405,0.97756827,0.99996305,0.9552987,1.975663e-05,0.17607571,0.9999161,0.5641857,0.9658455,0.97516316,0.0010478981,0.82044405,0.1303423,0.0022203245,0.9993813,0.22185126,0.011701532,0.005025318,0.9884957,0.6029164,0.003937651,0.96218073,0.0042287395
0.65762544,0.00033051992,0.00018294815,0.082349814,0.02395732,0.99998593,0.98986965,4.651849e-06,0.059745498,0.9999422,0.3189831,0.9701808,0.031651407,0.00023115311,0.95816,0.9448045,0.008831742,0.995974,0.9959409,0.00018424427,0.00013445603,0.97885805,0.120841414,1.927365e-05,0.9859028,4.539436e-05
0.68336046,0.0043594586,0.0020100742,0.1286556,0.1865723,0.9997068,0.9661213,0.00015422817,0.09065597,0.9996295,0.39569646,0.9669189,0.16641793,0.0021885692,0.8113192,0.79828906,0.010243786,0.9901911,0.9642913,0.0025109616,0.002955898,0.94609934,0.3074073,0.0006295129,0.9064966,0.00091863377
0.86567813,0.0051149447,0.0015813593,0.14647445,0.93283707,0.99987435,0.9456653,7.448972e-05,0.14993075,0.9998074,0.52374685,0.96418434,0.9239143,0.002097617,0.7690496,0.22730514,0.0036099846,0.99828655,0.41781586,0.01360305,0.008094151,0.9786613,0.5827895,0.0047384375,0.9261408,0.0049041905
0.9106714,0.0017600282,0.00043576263,0.13414448,0.97275645,0.99997973,0.9642619,9.847058e-06,0.16607085,0.99995124,0.54818475,0.9710301,0.9720926,0.00068322587,0.8562911,0.13229135,0.0018509105,0.99954766,0.25737393,0.0072870073,0.0032361522,0.9913119,0.5556368,0.002157306,0.97298515,0.0024999694
0.6943835,0.011741209,0.0058149323,0.14922638,0.5289604,0.99906474,0.93195564,0.00063198956,0.11447922,0.99903166,0.43039775,0.95549446,0.42287678,0.006201389,0.56865567,0.7040941,0.008505084,0.98718446,0.88655406,0.012973945,0.01103255,0.9075445,0.5051984,0.0043516383,0.7321015,0.0043149353
0.8715994,0.005651603,0.0018191707,0.15191601,0.95421106,0.9998592,0.9399103,8.679718e-05,0.16380157,0.999764,0.54538786,0.958869,0.94646657,0.002386879,0.7535262,0.20077516,0.0037905877,0.99833655,0.335444,0.018293144,0.009414857,0.97809815,0.616829,0.006812301,0.9232043,0.006786508
0.7248436,0.0019785499,0.000875874,0.122927286,0.14875741,0.99989116,0.9753666,4.5479894e-05,0.08552785,0.9998343,0.37280005,0.96968496,0.17944475,0.0011010467,0.90403175,0.7695626,0.00947763,0.9945509,0.9673982,0.0013270393,0.0014143148,0.9736491,0.24203669,0.0002600069,0.96292114,0.00044434454
0.6426881,0.009723778,0.005672866,0.13812129,0.47881374,0.99905795,0.9341633,0.0006505536,0.10833483,0.99882334,0.41933128,0.9478092,0.35164034,0.0062634675,0.48210752,0.80415756,0.008320042,0.9851859,0.9247795,0.012868065,0.008365519,0.88156396,0.5102063,0.0038503655,0.66014314,0.0036845885
0.8041014,0.009682957,0.0035114118,0.15514174,0.78636396,0.9995433,0.9359267,0.00028415874,0.13379817,0.99950445,0.47610936,0.9593992,0.76043975,0.0043528713,0.7229051,0.39291337,0.006690014,0.9949064,0.6698655,0.014530724,0.012429953,0.9595354,0.5360039,0.005329287,0.87324136,0.0055315434
0.9033306,0.0016201964,0.00039116637,0.13358326,0.9582068,0.9999801,0.96765065,9.245584e-06,0.15820764,0.9999541,0.5320663,0.9720272,0.9601281,0.00064001227,0.87621313,0.15178965,0.0020886848,0.9995078,0.32530788,0.0056207776,0.0027699263,0.9917636,0.5098823,0.0015691979,0.97662944,0.0019142813
0.5835955,6.145906e-05,4.330421e-05,0.050900918,0.005238101,0.9999981,0.9957592,5.3261215e-07,0.045148417,0.99997413,0.2895766,0.96825075,0.0054993397,4.928305e-05,0.97464687,0.99000543,0.0067280475,0.9970278,0.99940586,3.113352e-05,1.3801999e-05,0.9770364,0.060482588,1.9870363e-06,0.9924238,5.817506e-06
0.59082395,0.0043837163,0.002757718,0.12051518,0.11856496,0.99956876,0.9664923,0.000255039,0.09045193,0.99926907,0.39925137,0.9590398,0.076450914,0.0026173699,0.7159512,0.9143697,0.012425149,0.98371416,0.9830617,0.0024066656,0.0022424955,0.89958227,0.28705448,0.000587941,0.84689015,0.00088425574
0.49894816,0.0025034654,0.0023973112,0.10455636,0.12455938,0.9996649,0.968814,0.00021102946,0.089030564,0.99911016,0.37645414,0.95123374,0.052428536,0.0023207897,0.43372035,0.97061586,0.007491075,0.98337436,0.9919703,0.002592196,0.0012431773,0.8219187,0.31841567,0.00047925816,0.6662383,0.00068192714
0.6323803,0.008391873,0.004627449,0.13794462,0.25888494,0.9992231,0.950228,0.00050502195,0.10162599,0.99908674,0.4099236,0.95918316,0.17799792,0.0045729005,0.6237049,0.83789897,0.010700843,0.98335546,0.95881784,0.0058006835,0.0057514273,0.8939652,0.38888878,0.0016993531,0.77105683,0.0020684975
0.65902364,0.016282799,0.009940721,0.16082633,0.6330822,0.9979699,0.9080168,0.0015394437,0.13265799,0.99745125,0.44920737,0.923345,0.5311745,0.011417839,0.4731017,0.71332276,0.012683041,0.98130804,0.8506045,0.029461773,0.01625836,0.8773049,0.56964046,0.010529181,0.6466573,0.009112439
0.6073336,0.0102196075,0.006762342,0.1430601,0.42395228,0.9988519,0.9309773,0.0008182902,0.11208524,0.9984869,0.40748695,0.94436795,0.27929395,0.0070032785,0.41689476,0.8547141,0.008896677,0.98109037,0.94204676,0.013627372,0.008244484,0.8508706,0.5000892,0.003928132,0.5946222,0.0037774765
0.6083029,6.884542e-05,4.6200163e-05,0.05503687,0.006226569,0.999998,0.9953507,5.922314e-07,0.04581304,0.9999765,0.28582993,0.97038764,0.007567728,5.4472166e-05,0.9765147,0.98605937,0.006798958,0.9972282,0.9992238,3.6969002e-05,1.7350398e-05,0.9811546,0.06529349,2.370761e-06,0.99311453,6.896392e-06
0.56199646,0.0032950477,0.0023529888,0.115050636,0.08241142,0.9996427,0.97135276,0.00020816772,0.08905424,0.9992397,0.39642334,0.95783675,0.048422445,0.0021117707,0.7221501,0.94340086,0.013199007,0.9830723,0.98931646,0.0017239099,0.0014736427,0.89096916,0.24689944,0.00039059605,0.85767776,0.0006473693
0.6942987,0.0050646816,0.0022729782,0.13577315,0.20478912,0.9996518,0.9635119,0.0001855126,0.094194725,0.9996006,0.39652961,0.9674086,0.18783192,0.0024480927,0.8109214,0.76974803,0.010574859,0.98988414,0.95744234,0.0029586272,0.0036126391,0.9476306,0.31182852,0.0007683826,0.90626633,0.0011062518
0.64847517,0.0090306895,0.004997042,0.13494591,0.42075375,0.99919397,0.9403528,0.00054203486,0.10446222,0.99902105,0.41808882,0.952657,0.30884066,0.005413848,0.54217213,0.80119646,0.008545296,0.9858212,0.93404764,0.009763782,0.007353431,0.8920411,0.47699285,0.002910206,0.70888495,0.002963967
0.60227394,0.010101223,0.0069365622,0.13825904,0.49162602,0.99871767,0.9260802,0.00093718374,0.11219416,0.99812955,0.4207377,0.93067753,0.3567447,0.007885293,0.4132864,0.8410982,0.009874899,0.9812719,0.9312509,0.017678415,0.008502233,0.8552768,0.530954,0.005043468,0.5908549,0.004515255
0.8290364,0.009183818,0.0031756083,0.15730637,0.8703592,0.9996458,0.9330758,0.00022155367,0.14115834,0.99959,0.49469474,0.9614136,0.84501684,0.003800118,0.70623714,0.32544672,0.0052884156,0.9961857,0.55638224,0.01739511,0.012878978,0.9639114,0.5725808,0.006544053,0.87520903,0.0064575276
0.8278733,0.007644124,0.0028057978,0.14795685,0.9008776,0.9997217,0.93258214,0.0001800486,0.13925377,0.99962175,0.508055,0.9581769,0.8745237,0.0033964298,0.6745142,0.33512712,0.004528277,0.99666697,0.54083663,0.018826013,0.010869498,0.9632872,0.609819,0.0066878158,0.8610477,0.0062936884
0.81674755,0.00847415,0.0030276207,0.15200056,0.8395253,0.99965835,0.93653095,0.00021463321,0.13498181,0.99960214,0.48644778,0.9614611,0.8107698,0.0036672014,0.71030873,0.36352536,0.005438349,0.9959359,0.6195843,0.015007366,0.011304871,0.9625084,0.55985695,0.0054096933,0.87378186,0.0054296767
0.5761996,0.003158408,0.0020339622,0.11043372,0.09249844,0.9997018,0.9719063,0.00016790758,0.08515345,0.99937916,0.3934396,0.95751214,0.059574958,0.0020025535,0.744892,0.9330083,0.012168446,0.9853676,0.9878955,0.0017057281,0.0014697642,0.90300715,0.2608136,0.00038183117,0.86862046,0.0006022712
0.7112916,0.0017662351,0.00080920133,0.11531651,0.14099553,0.9999114,0.97705245,3.7062688e-05,0.08103561,0.9998522,0.36787745,0.9704533,0.15358478,0.0009788699,0.8922485,0.804294,0.008221753,0.99447966,0.97296846,0.001143972,0.0011877206,0.96942466,0.2502151,0.00021551459,0.9566925,0.0003643875
0.6591704,0.0020528145,0.001036604,0.11451934,0.082958914,0.99986494,0.97719324,6.274112e-05,0.07927309,0.99975675,0.37366948,0.9676712,0.08155477,0.0011298335,0.88248706,0.8764615,0.011509912,0.99135053,0.9845196,0.0010360132,0.0010983909,0.9572175,0.21676987,0.00019885997,0.9485662,0.00035658714
0.7231532,0.0058677103,0.0024959953,0.14050612,0.29776344,0.9996227,0.9587674,0.00020179438,0.10028659,0.9996019,0.40620065,0.9669375,0.28190657,0.0028053736,0.8009156,0.6949894,0.0096271355,0.99120563,0.9319168,0.004029017,0.004858026,0.95226324,0.35136455,0.0011307418,0.90266746,0.0015207307
0.77394867,0.009496351,0.0037929292,0.1499449,0.71080863,0.99948835,0.93723893,0.0003243539,0.124643065,0.999448,0.46179405,0.9588075,0.66729695,0.0045155957,0.69463617,0.4887196,0.0070630424,0.9935721,0.7606953,0.012950172,0.011057081,0.950217,0.5246596,0.0045396187,0.84781086,0.004645597
0.6834384,0.0027910408,0.0013370609,0.11813277,0.15218315,0.9998368,0.97242343,7.8374935e-05,0.083464116,0.99975544,0.38012695,0.9689812,0.13753816,0.0014654673,0.8398083,0.82731926,0.008822719,0.9919956,0.9728951,0.0016330689,0.0017811785,0.9527836,0.28245556,0.00035476594,0.9261508,0.0005547109
0.50764894,8.2258396e-08,8.52666e-08,0.0085714655,5.439633e-05,1.0,0.9998274,3.9672335e-11,0.011815776,0.9999999,0.15785319,0.9816203,8.6384905e-05,1.1756269e-07,0.99865425,0.99988604,0.0010106099,0.99980897,0.9999976,5.922025e-08,5.13867e-09,0.9958514,0.0056140036,5.0664833e-10,0.99980575,3.0409746e-09
0.58043593,5.1899682e-05,3.6994996e-05,0.048635043,0.004529049,0.99999857,0.9960985,4.1538706e-07,0.044276934,0.99997616,0.28369153,0.96717685,0.0048720897,4.291023e-05,0.97685117,0.99143547,0.0066475673,0.99719536,0.9994911,2.6842392e-05,1.1112289e-05,0.97774124,0.05701054,1.6217322e-06,0.9931706,4.802549e-06
0.8964517,0.0014614912,0.00035948638,0.13330305,0.940004,0.99998057,0.97022647,8.635624e-06,0.15225615,0.99995553,0.5197339,0.9719999,0.94652635,0.0005928673,0.8932149,0.17143397,0.0024072644,0.9994678,0.39272362,0.0044998066,0.002336336,0.9922361,0.4686346,0.0011757123,0.9800205,0.0015241564
0.5570306,0.004215746,0.0030862733,0.111611694,0.25626853,0.9995772,0.95725363,0.00027623717,0.08893613,0.99924904,0.38619685,0.9551729,0.13519299,0.0031612692,0.41681266,0.93328166,0.0060724462,0.9856505,0.9798869,0.0049857483,0.002655036,0.8490598,0.42002675,0.0010676114,0.61930674,0.0011919229
0.47732648,3.4557154e-06,3.3203833e-06,0.021127164,0.00055667857,1.0,0.9989612,1.0189705e-08,0.02796763,0.99999416,0.23399384,0.96377057,0.00044768848,4.049906e-06,0.9895689,0.999371,0.0032139842,0.9987191,0.9999664,1.9296117e-06,3.761086e-07,0.9784697,0.020529024,5.7532183e-08,0.9974527,2.3707784e-07
0.753032,0.009665719,0.0059360443,0.15907724,0.9179057,0.9991659,0.903727,0.0006503853,0.16021635,0.9983109,0.5359568,0.8980296,0.89172095,0.007418254,0.5294153,0.4675453,0.009256352,0.9928188,0.5661136,0.04995282,0.013166522,0.93255806,0.68249404,0.017082851,0.75643605,0.013868473
0.72204065,0.0097009335,0.004203932,0.14783446,0.44416106,0.9993273,0.9439516,0.00041007967,0.110614896,0.9993482,0.4261113,0.9618722,0.38724446,0.004662093,0.70415825,0.65779954,0.009185818,0.98945504,0.89380294,0.008147821,0.008957561,0.9349277,0.44098324,0.0026952557,0.8351029,0.0030429417
0.54292434,0.0034316175,0.0025828015,0.11223369,0.107513264,0.99960965,0.96896243,0.0002378005,0.08924141,0.999166,0.39378482,0.9556631,0.056506593,0.0024133448,0.6170783,0.94994533,0.010728591,0.98306894,0.9889825,0.0022139202,0.0016135568,0.8685055,0.28422803,0.00049214344,0.79177207,0.0007421559
0.6418716,0.0028167176,0.0014717621,0.12000408,0.08843638,0.9997887,0.9741183,0.000106496984,0.08350713,0.99964607,0.38301682,0.9656097,0.08006098,0.0015185276,0.85790336,0.8797965,0.012962935,0.9890276,0.983327,0.001362544,0.0014691799,0.94654316,0.22973125,0.00028751118,0.93414885,0.0004992956
0.7266175,0.010927774,0.0046759774,0.15121192,0.5178414,0.99927336,0.9388629,0.00046043072,0.113513604,0.9993162,0.43072692,0.96234244,0.4401285,0.005067467,0.6578939,0.6369813,0.008204504,0.98959434,0.87239516,0.0100911055,0.0105962325,0.92981887,0.4730809,0.0034524733,0.804057,0.0036728303
0.63281953,0.0005099599,0.00029764444,0.08801332,0.025588637,0.9999733,0.98822826,1.0186343e-05,0.063185476,0.99990296,0.33528718,0.96920156,0.028936228,0.00032979503,0.9434516,0.9476697,0.010433968,0.9943007,0.99570256,0.00025342972,0.00019600523,0.97080785,0.12810007,3.0695872e-05,0.97955394,7.053897e-05
0.64257795,0.0031290567,0.0016538838,0.12135285,0.097129576,0.9997578,0.97243655,0.00012355742,0.08526306,0.9996019,0.38559315,0.9640344,0.087179795,0.0017179953,0.84959984,0.87447464,0.013315201,0.98853815,0.9814773,0.0015632326,0.0016776802,0.94389826,0.2425056,0.00034298576,0.9289897,0.0005765145
0.68042386,0.01009851,0.004802281,0.1473869,0.33885184,0.99918133,0.94517416,0.00051919546,0.1068486,0.9991867,0.4172639,0.961447,0.26570356,0.004968359,0.668058,0.750268,0.010383007,0.98571336,0.93121654,0.0072071706,0.008082403,0.9158909,0.4122495,0.0023054485,0.8020407,0.002683432
0.8064901,0.011057994,0.0046693957,0.16173433,0.89681315,0.999428,0.918953,0.00040356215,0.15196264,0.99922335,0.5165393,0.9447457,0.86911476,0.005528565,0.6377702,0.3568163,0.0068303985,0.99492633,0.5293513,0.02873591,0.015508095,0.95250005,0.6250938,0.011212061,0.83253205,0.010187895
0.705215,0.010421825,0.004998927,0.14365059,0.55862296,0.99921834,0.9350593,0.00051846355,0.113149576,0.9991468,0.43713298,0.9544851,0.46814182,0.005637133,0.59749234,0.67878056,0.008149216,0.98906285,0.8761582,0.012460756,0.010069522,0.918332,0.5108719,0.0041171415,0.75951517,0.004065237
0.6815595,0.001785869,0.00089689234,0.115175985,0.09188468,0.9998902,0.9774508,4.7815884e-05,0.08015117,0.999798,0.36474696,0.9669962,0.10209642,0.0010521479,0.9010842,0.85258883,0.011069639,0.9927658,0.98145926,0.0010349635,0.0010473322,0.9654468,0.21929848,0.00019165229,0.9594329,0.000342598
0.5559152,3.875904e-05,2.8683882e-05,0.043712344,0.003350538,0.9999989,0.9968088,2.8392284e-07,0.04202504,0.9999783,0.28126672,0.9674091,0.0033220348,3.1830434e-05,0.97809964,0.9943252,0.006225445,0.9973801,0.99965596,1.9120016e-05,7.0307133e-06,0.97625023,0.04906388,1.0623664e-06,0.9935981,3.3445046e-06
0.57625693,0.0054784874,0.003657818,0.12341308,0.18684003,0.9994286,0.95858073,0.00037018413,0.09458934,0.9991015,0.3989213,0.9573848,0.10591245,0.003520386,0.5590518,0.9155694,0.009578737,0.98263663,0.9788031,0.0040575196,0.003175791,0.86824787,0.35629162,0.0010074937,0.7336283,0.0012997239
0.6906782,0.007061976,0.0032746103,0.13839562,0.28808218,0.9994894,0.9551485,0.0002969098,0.09990579,0.9994474,0.40958077,0.9641899,0.24096139,0.003478713,0.74106264,0.75118625,0.009975815,0.9885867,0.942224,0.004710972,0.0054384237,0.9332695,0.37422252,0.0013795681,0.86007774,0.0017590682
0.6287049,0.0016359875,0.00092025753,0.106474556,0.05683573,0.9998871,0.97991097,5.218644e-05,0.076533206,0.99974173,0.36922327,0.9647861,0.052297384,0.0009633441,0.8885837,0.9170952,0.012547715,0.9905191,0.9899564,0.0007796038,0.00074621674,0.9512809,0.19400622,0.00014141647,0.95158553,0.00026638567
0.8334309,0.009551831,0.0038215239,0.162856,0.93496895,0.9995937,0.9214812,0.00028206123,0.16316433,0.9993807,0.5394212,0.94466347,0.91871595,0.004620825,0.6717141,0.2778619,0.006055544,0.9964049,0.41492245,0.029888794,0.014627631,0.9624048,0.64042306,0.011894992,0.86774224,0.01097231
0.60766137,0.030763157,0.021041835,0.18708694,0.5104318,0.9937715,0.88591814,0.005156386,0.15409082,0.9927048,0.4474179,0.89715844,0.41273874,0.02377366,0.47202218,0.74403214,0.026819633,0.9609827,0.8675762,0.04203444,0.027632637,0.82853365,0.5304142,0.017718025,0.6186698,0.015944997
0.79094666,0.009087072,0.0036327406,0.14894529,0.8117638,0.99955827,0.93255997,0.00028944606,0.13060048,0.99947256,0.48161963,0.9561066,0.77137953,0.0043562786,0.6671503,0.43424478,0.0060343975,0.9947378,0.6824534,0.016589537,0.011534008,0.95286304,0.572316,0.005853908,0.8388136,0.0056529813
0.5893944,1.0716327e-05,8.005814e-06,0.0342724,0.0016978913,0.99999976,0.99807125,4.1060755e-08,0.032887112,0.9999938,0.24398647,0.97159404,0.0023295395,1.0131894e-05,0.99009794,0.9959853,0.004395587,0.99865687,0.9998363,6.416412e-06,1.858933e-06,0.98812044,0.033326916,2.2964572e-07,0.9976463,8.05774e-07
0.6582532,0.012341354,0.008053694,0.15077272,0.7127483,0.998486,0.90934384,0.0011616993,0.13026898,0.9976883,0.46134022,0.9128874,0.6217152,0.009766789,0.44774833,0.71473926,0.010926418,0.98472196,0.8361702,0.032734543,0.012782322,0.88532925,0.60393775,0.0106201405,0.63617116,0.008685875
0.5959095,0.005083622,0.003112557,0.119797334,0.21608628,0.99955314,0.959691,0.00028308443,0.090748705,0.9993363,0.39727643,0.9616379,0.12560901,0.0030766097,0.5604913,0.90305716,0.0077037713,0.9855804,0.9760631,0.0038834417,0.0031233726,0.88068384,0.37427098,0.00095053617,0.73445374,0.0011788927
0.6238371,0.0058803326,0.0032582749,0.1282805,0.18352534,0.9994825,0.96028453,0.00031507565,0.0937276,0.9993036,0.40433675,0.9615382,0.12705198,0.003212031,0.6921737,0.86694396,0.010977015,0.9849087,0.9720266,0.00350554,0.0035768682,0.90628606,0.33500364,0.00093089376,0.8254351,0.0012603728
0.86683506,0.0067545096,0.0026796192,0.16463633,0.97156864,0.999785,0.92657655,0.00014423538,0.18987896,0.99956113,0.58047867,0.9387921,0.96555805,0.0033706964,0.72269875,0.18360628,0.0051986445,0.9979578,0.2526966,0.031613935,0.012013507,0.9739749,0.6664435,0.012755475,0.9137385,0.0118764825
0.51066774,5.6434055e-06,5.0158205e-06,0.025034934,0.0007723719,0.9999999,0.99863833,1.9806436e-08,0.030779505,0.99999154,0.23622121,0.9565062,0.00083044777,6.840617e-06,0.9905744,0.99883217,0.004491526,0.99848443,0.9999391,3.4450936e-06,7.23909e-07,0.9811292,0.023744475,1.1321461e-07,0.9976751,4.0287813e-07
0.6528864,0.0075238785,0.003814115,0.13449104,0.27048093,0.9993845,0.95344585,0.00038000572,0.09827568,0.99928975,0.4108287,0.96170574,0.19992852,0.0039391364,0.6689904,0.81305254,0.009904113,0.9861377,0.95440584,0.0051529696,0.005338048,0.91122687,0.3859329,0.0014854684,0.80637485,0.0018158063
0.51962817,0.0044985185,0.003850779,0.11010618,0.23969348,0.9992085,0.9530475,0.00048851693,0.10148505,0.997514,0.39445567,0.871905,0.17751919,0.00593432,0.5871886,0.9217501,0.016474124,0.9785476,0.976582,0.0076835775,0.0029431232,0.85078794,0.4240935,0.0017550355,0.7453374,0.0018717411
0.78042156,0.007157081,0.003220745,0.15017326,0.74240524,0.99961215,0.9439008,0.00023772048,0.13522518,0.9994331,0.47833866,0.94801784,0.7259585,0.0040294626,0.7652725,0.44492468,0.008935619,0.9945201,0.7272964,0.011784337,0.008359371,0.96006286,0.5067995,0.0037819366,0.9018472,0.004208562
0.5829479,0.00024027629,0.00016324491,0.06882019,0.011795767,0.9999887,0.9922116,4.1024423e-06,0.05679655,0.99991906,0.32541347,0.9657877,0.011152583,0.00016964384,0.95253956,0.9802469,0.009882608,0.9946732,0.99838984,0.00011128892,6.4779604e-05,0.96538335,0.09227948,1.1056665e-05,0.9834652,2.8328364e-05
0.59491664,1.8782224e-05,1.3159421e-05,0.0395976,0.0024712544,0.99999964,0.9974922,8.9681336e-08,0.036360987,0.99999046,0.25498825,0.9691648,0.0034825404,1.7382128e-05,0.9880298,0.9939492,0.0052672117,0.9983424,0.99973196,1.1103021e-05,3.7123057e-06,0.9868015,0.040565006,4.640102e-07,0.9969754,1.5289144e-06
0.6321464,0.0011131931,0.0006155417,0.09885412,0.047069192,0.99993384,0.9831594,2.814461e-05,0.0716208,0.9998222,0.35716388,0.96638453,0.046254583,0.0006772078,0.9089199,0.9269039,0.011155264,0.99232703,0.9919125,0.0005474947,0.00048448387,0.959044,0.17662944,8.541277e-05,0.96219075,0.00016985992
0.5381482,0.003674282,0.0027554452,0.11012569,0.15227997,0.9995902,0.965143,0.00026037477,0.0886095,0.99916327,0.38968498,0.95467436,0.077049546,0.0027591018,0.5151249,0.94802237,0.008445651,0.9838734,0.9869081,0.0030696003,0.001915611,0.85289294,0.33575276,0.0006616625,0.7146214,0.00088615523
0.55010194,0.002661376,0.0019947384,0.10898197,0.07152527,0.99971086,0.97409385,0.00016376127,0.086112425,0.99929667,0.39241013,0.9572002,0.04044974,0.001793477,0.72428054,0.9544196,0.012553725,0.9840171,0.991501,0.0014200953,0.0011239258,0.88926065,0.23381904,0.00030398837,0.8627685,0.00051835633
0.6714847,0.0026844353,0.0013139202,0.12171523,0.10943234,0.9998203,0.9738018,8.617222e-05,0.08355231,0.99972266,0.37739795,0.96762633,0.10773829,0.0014272837,0.86832356,0.84491,0.01132772,0.99096745,0.97852534,0.001425659,0.0015851024,0.9558502,0.24210903,0.00029903502,0.9409509,0.0005038773
0.59007543,0.003520587,0.002200488,0.11843417,0.08486271,0.9996624,0.9714751,0.00019091253,0.08779159,0.9993618,0.39537007,0.96015257,0.05899802,0.0020390626,0.7838826,0.9216144,0.0142441755,0.9844854,0.9867531,0.0016897137,0.0016265947,0.9134761,0.24166974,0.00038704847,0.89131844,0.0006493172
0.72613955,0.01337077,0.0061569703,0.15561062,0.63583827,0.99898666,0.9261056,0.00069474225,0.124355085,0.9989537,0.45109487,0.95160246,0.55767334,0.0069411094,0.60638636,0.60212696,0.00912966,0.98890394,0.8218186,0.016946945,0.014036307,0.92243344,0.5302757,0.0061600176,0.7684866,0.005971068
0.52493405,0.001472446,0.0011078872,0.09066259,0.05251343,0.99985945,0.9808996,7.2657924e-05,0.0766717,0.9995115,0.37946224,0.954759,0.028653566,0.0011129206,0.74391514,0.9713368,0.010235749,0.9877884,0.99500656,0.00082287786,0.00054229866,0.89330715,0.20716435,0.00015002211,0.88114834,0.00026647787
0.58897376,0.0075479625,0.0053196205,0.12897004,0.42492175,0.9991379,0.93677676,0.00060388376,0.103129946,0.998689,0.40459368,0.9412446,0.27834907,0.0057850573,0.3921187,0.8804197,0.0076903002,0.98327005,0.95268667,0.012226847,0.00592963,0.8509269,0.5072136,0.0031379128,0.5773487,0.0029251736
0.8609639,0.0053963275,0.0016419876,0.14769854,0.91347677,0.99985874,0.9465124,8.1532075e-05,0.14505963,0.9998016,0.5095718,0.9660787,0.9039876,0.0021561433,0.77457464,0.24502148,0.0038348492,0.99807787,0.46470422,0.012452602,0.008210368,0.9780067,0.5595585,0.0042905803,0.9256053,0.0045387764
0.62873214,0.004738563,0.0025955266,0.1182805,0.22442313,0.99964917,0.9619588,0.00021004706,0.08826411,0.99951553,0.39691427,0.9653496,0.14369257,0.002616705,0.63034844,0.87750435,0.007217332,0.988079,0.9719954,0.0033466155,0.0030283232,0.9044572,0.37199104,0.0008327807,0.78656465,0.0010409579
0.849005,0.005580153,0.0018853005,0.14594361,0.8974432,0.9998385,0.945112,9.3468116e-05,0.14056799,0.9997745,0.5000649,0.9649009,0.88221115,0.0023482812,0.7565866,0.28581092,0.004046134,0.9977155,0.51502585,0.012408793,0.008049981,0.9743255,0.5665022,0.004224603,0.9143445,0.004409567
0.68239886,0.0041083507,0.0019298731,0.12906346,0.16778849,0.9997174,0.9671044,0.00014512561,0.090100855,0.9996388,0.39159805,0.9670993,0.1530523,0.0020887575,0.82478,0.8063699,0.010659483,0.9901114,0.9666708,0.002320952,0.0027283512,0.94825757,0.2944352,0.00056883204,0.9150219,0.0008577486
0.63308305,0.0007408864,0.00042829802,0.09468114,0.032299872,0.9999566,0.9860415,1.7694403e-05,0.06713299,0.9998677,0.3461802,0.9687529,0.03474513,0.00045858562,0.9311603,0.9387829,0.011297104,0.9932666,0.99438226,0.00036197095,0.00029881133,0.9667344,0.14351639,4.9271726e-05,0.9737691,0.00010839712
0.8334136,0.0045376625,0.0014466288,0.1443565,0.78810865,0.9998554,0.9555598,7.671058e-05,0.12939051,0.999814,0.47090134,0.9677299,0.7918901,0.001961894,0.82166934,0.34190652,0.0049574138,0.99750817,0.6638785,0.0072055226,0.0059146397,0.978237,0.46993718,0.0022126196,0.93902045,0.0026191154
0.86518216,0.003269009,0.0009560867,0.14224537,0.8870268,0.99992514,0.9589997,3.812724e-05,0.14093783,0.99988306,0.4950335,0.96918577,0.8901825,0.001357506,0.8399816,0.2483359,0.0036643264,0.9986066,0.5194548,0.0071367314,0.0048014973,0.9846809,0.49217048,0.002139012,0.9559043,0.0025410748
0.79266864,0.009524415,0.004039566,0.15126646,0.86772096,0.99952376,0.9243043,0.00032747185,0.13720535,0.99936825,0.49779758,0.9501166,0.82736784,0.0047357464,0.6146144,0.42460313,0.005822546,0.9948147,0.6241528,0.022964021,0.012499366,0.94902086,0.61534876,0.008189594,0.8098569,0.0074195773
0.52146304,1.4048692e-06,1.4016975e-06,0.017884199,0.0003562224,1.0,0.99926215,2.6885023e-09,0.023296535,0.9999976,0.2032627,0.9686604,0.0003926054,1.8342995e-06,0.99406517,0.9994609,0.0025343362,0.9991872,0.99997795,9.55392e-07,1.4986846e-07,0.98735005,0.016101265,2.0526139e-08,0.99872833,8.5472905e-08
0.5908164,2.8982466e-05,2.0829679e-05,0.043761685,0.0033041132,0.9999993,0.9969825,1.7593969e-07,0.039540537,0.99998677,0.26692492,0.97106373,0.003985498,2.453648e-05,0.98316205,0.9928913,0.005494366,0.99795073,0.99964845,1.6001251e-05,5.8660635e-06,0.9834288,0.047571912,7.8224116e-07,0.99544924,2.5112543e-06
0.6129487,0.00012705055,8.020662e-05,0.06339608,0.009406002,0.99999547,0.9938958,1.3917248e-06,0.05063388,0.99996316,0.30083153,0.9692351,0.011263859,9.499004e-05,0.96959126,0.9792819,0.007960786,0.99653935,0.99871063,6.589216e-05,3.5725345e-05,0.9781706,0.08013701,5.0648205e-06,0.99043614,1.38076075e-05
0.82279974,0.0041386136,0.0013949894,0.14353198,0.7159751,0.9998553,0.95848787,7.350753e-05,0.123715706,0.99981564,0.45549345,0.9680838,0.7294824,0.0018587789,0.8375055,0.38569236,0.0055215503,0.9972277,0.7308062,0.0058545214,0.005078056,0.97822326,0.43469137,0.0016933928,0.94439334,0.00211774
0.5928619,9.516966e-05,6.5574284e-05,0.05728583,0.0069345287,0.9999968,0.9945943,9.741342e-07,0.0494428,0.9999633,0.29656824,0.9652442,0.007701567,7.6820084e-05,0.97180724,0.9863312,0.008047167,0.99647456,0.9991073,4.9379207e-05,2.3789915e-05,0.9757774,0.071003154,3.6196589e-06,0.9912076,9.910273e-06
0.5423431,0.00018181223,0.00014016942,0.06087087,0.008593067,0.99999094,0.9933913,3.1360378e-06,0.055656895,0.99990964,0.32822108,0.9622263,0.006491347,0.00013836382,0.94732517,0.9893555,0.00933829,0.9944596,0.999008,8.045689e-05,4.1573938e-05,0.954983,0.08168881,7.947916e-06,0.9816689,2.1159829e-05
0.74383706,0.010625834,0.0042980327,0.15293953,0.545178,0.9993476,0.93997186,0.000403677,0.11517014,0.99939966,0.43347117,0.9639571,0.4806453,0.0047274646,0.6863397,0.5927283,0.007938351,0.9908161,0.8532957,0.0098846285,0.010742933,0.9386378,0.46959087,0.003400939,0.8276702,0.0036673045
0.61533123,0.00025535142,0.00015586759,0.07375987,0.014802123,0.9999888,0.99165756,3.9161655e-06,0.056560818,0.9999367,0.32002684,0.9689904,0.016507959,0.00017559399,0.95710224,0.9696453,0.009262393,0.9953904,0.99782026,0.0001250851,8.04674e-05,0.97322154,0.0995917,1.2159059e-05,0.9854313,3.0680534e-05
0.6691613,0.009242133,0.0047797887,0.1388378,0.45762587,0.9992793,0.9400712,0.0004759235,0.10501399,0.9991948,0.41718155,0.9584802,0.33583635,0.0050170845,0.5395112,0.77679026,0.007311622,0.98728454,0.9231021,0.009713506,0.0079253195,0.89884806,0.4855363,0.0029531717,0.7087552,0.0029828332
0.805088,0.011154039,0.004503223,0.1602063,0.87791586,0.9994424,0.9218694,0.00038476626,0.14625762,0.99929774,0.50523484,0.95004463,0.84549665,0.0053195725,0.6440404,0.37119475,0.0065325126,0.9948213,0.56509703,0.02513587,0.015229129,0.9523185,0.60914505,0.009740707,0.83259326,0.009026841
0.8261495,0.004855339,0.0015994293,0.14496824,0.7602204,0.99983287,0.95467573,8.837107e-05,0.12679528,0.9997955,0.46499154,0.9678678,0.7620779,0.0021190585,0.81579953,0.3660115,0.005226319,0.9971674,0.69249344,0.007212902,0.00621022,0.9762731,0.46546662,0.0022262968,0.9343068,0.0026269248
0.6914781,0.008954929,0.004332701,0.13799979,0.50864726,0.9993716,0.9402479,0.000408659,0.10508197,0.9993148,0.42419913,0.9601406,0.3951255,0.0046646004,0.5670164,0.7339518,0.0067860647,0.9892046,0.9068316,0.009816178,0.008141283,0.9122666,0.49572507,0.0030268724,0.73500216,0.0030289146
0.5531058,0.0049106753,0.0036184813,0.117802225,0.2104544,0.999451,0.9573229,0.00036320914,0.09351518,0.9990465,0.39255822,0.95360285,0.11127555,0.0035849018,0.46713603,0.93226904,0.008168084,0.9829034,0.9809012,0.0046982453,0.0028905894,0.8475939,0.3854957,0.001077574,0.6621363,0.0013056092
0.6509804,0.007523939,0.0038223588,0.13508064,0.2686985,0.99939036,0.95349795,0.00037846772,0.098005585,0.9993038,0.41007614,0.9628355,0.19421229,0.0038771916,0.6596543,0.81760377,0.009622476,0.9860115,0.9554681,0.005078085,0.0053025307,0.90960795,0.3846615,0.0014583693,0.79990584,0.0017860245
0.60681295,4.2645595e-05,2.8973927e-05,0.04916785,0.0045507667,0.9999989,0.99626595,2.8922193e-07,0.04225713,0.9999838,0.2738259,0.97046226,0.005831548,3.557043e-05,0.9815669,0.98940593,0.0060986634,0.9977411,0.9994617,2.3720368e-05,9.956672e-06,0.98366886,0.05586475,1.3028839e-06,0.99487275,3.959238e-06
0.69552636,0.0044071414,0.0020060886,0.13248457,0.1915453,0.9997011,0.9654884,0.00015459154,0.09230986,0.99963796,0.39447075,0.9671912,0.18003732,0.0022071807,0.8255287,0.7766693,0.010594909,0.9904863,0.9604048,0.0025907352,0.0031167015,0.9511425,0.3021989,0.0006543283,0.9160247,0.0009672523
0.66476727,0.009181639,0.004877079,0.13637988,0.4670324,0.9992355,0.939212,0.00051038584,0.105741665,0.99909866,0.42174885,0.95399773,0.3542611,0.0053324327,0.5479998,0.77311444,0.007991018,0.98714244,0.92131907,0.010393129,0.007880483,0.899425,0.4912778,0.003153011,0.7166053,0.003163936
0.62280905,7.7965175e-05,4.962705e-05,0.058156874,0.0073372014,0.9999976,0.99506027,6.7771236e-07,0.046237048,0.9999777,0.28796893,0.9725749,0.009498535,5.9315636e-05,0.97651917,0.98200536,0.006742657,0.9973501,0.9990477,4.2175077e-05,2.1136677e-05,0.98297924,0.06915257,2.7413448e-06,0.99314404,8.006274e-06
0.5368447,2.1981436e-05,1.7755627e-05,0.036654867,0.0021919874,0.9999994,0.9975253,1.3186728e-07,0.038753785,0.9999833,0.26913816,0.96566176,0.001978356,1.988579e-05,0.9809449,0.99680126,0.005346967,0.99770606,0.99980456,1.11972e-05,3.488856e-06,0.9753743,0.04028725,5.471173e-07,0.99461526,1.8067639e-06
0.6257977,0.00044050315,0.00026045126,0.08400611,0.022652224,0.99997795,0.98909175,8.299773e-06,0.0617587,0.99991,0.33260068,0.96881807,0.024899798,0.00028934728,0.9451289,0.95517665,0.010083483,0.9944674,0.996372,0.00021634654,0.00016049178,0.9702535,0.12229683,2.5109806e-05,0.98019224,5.8676083e-05
0.82353055,0.00877093,0.0031910643,0.15378062,0.8701318,0.9996413,0.93394625,0.0002282221,0.14118743,0.9995548,0.50073767,0.95728683,0.8488557,0.0039682873,0.7132507,0.327327,0.0057500307,0.99611557,0.5656321,0.017425943,0.012415036,0.96405923,0.57711947,0.006417745,0.87835616,0.0064673955
0.56491154,0.0002606177,0.0001866784,0.06840437,0.011601276,0.99998665,0.9920453,4.9024898e-06,0.058355488,0.9998994,0.33201787,0.96322995,0.009829104,0.00018755566,0.9459386,0.98304486,0.010246629,0.99403656,0.9984894,0.00011640496,6.812377e-05,0.9584989,0.09333077,1.235242e-05,0.98069704,3.1220694e-05
0.5786741,0.0048293,0.0031197357,0.12272754,0.13074453,0.9994993,0.96456784,0.00030963155,0.092669174,0.99916124,0.40102157,0.95840144,0.07912195,0.0029331606,0.66633916,0.91809916,0.0120281,0.98264426,0.9828203,0.0027804424,0.0024976947,0.8866485,0.2992596,0.0006882433,0.8148102,0.0010070624
0.4907433,0.0015622572,0.0012842311,0.08750057,0.068518326,0.9998166,0.9778677,9.794349e-05,0.07864026,0.99928683,0.37308758,0.93720007,0.036274765,0.0015421279,0.6501705,0.9749254,0.009951365,0.986244,0.99474454,0.0012763372,0.00064147107,0.86409086,0.24797985,0.00022748172,0.8244537,0.00035079225
0.6462799,0.0003155536,0.00017801923,0.080475345,0.02143675,0.9999865,0.9903016,4.5299753e-06,0.05874691,0.99994135,0.3196965,0.9704305,0.026939334,0.00021746125,0.95704824,0.9522325,0.008841857,0.9958144,0.99649066,0.00016882975,0.0001200831,0.97740513,0.11659073,1.7273644e-05,0.9854005,4.1424657e-05
0.62493324,0.0091991555,0.0057654674,0.13643736,0.46469143,0.99905485,0.933489,0.00066119916,0.10763907,0.9987534,0.414438,0.9457429,0.3266269,0.0062365937,0.44388828,0.83345294,0.008112755,0.98419446,0.9347392,0.013098173,0.0077059628,0.8695829,0.51280284,0.0037388057,0.62378436,0.003526351
0.6664814,0.0073810522,0.0036569526,0.13088074,0.36808416,0.99946016,0.9494471,0.00033961635,0.09730378,0.99938333,0.41426894,0.96246904,0.26918915,0.0038839227,0.6069681,0.7938232,0.007454505,0.9881826,0.9427225,0.006348907,0.0058287014,0.91036004,0.4372918,0.0018239147,0.76204175,0.0020061114
0.5575949,0.0049707214,0.0036532762,0.11819951,0.24779348,0.999464,0.9547915,0.000358424,0.093520895,0.999089,0.39000914,0.9536277,0.13202007,0.0036752443,0.4291129,0.92857593,0.0072010388,0.98367244,0.97844976,0.0054362575,0.0031184338,0.8457196,0.41340703,0.00123141,0.6266253,0.0014046216
0.7542096,0.008006331,0.0031358805,0.14866295,0.49424064,0.9995396,0.9491726,0.0002632993,0.11166209,0.9995523,0.42759,0.9655613,0.4636423,0.0036131265,0.75885296,0.576697,0.008174595,0.9923988,0.8664373,0.007041149,0.008003463,0.9525275,0.42617545,0.002250381,0.88100225,0.0026608862
0.8923356,0.003990183,0.0012203627,0.14935878,0.9711207,0.99992347,0.9469081,4.379351e-05,0.17549278,0.9998468,0.56133914,0.960129,0.96752095,0.001692528,0.79209465,0.15128268,0.0030790505,0.9989795,0.25196,0.01574582,0.0073776785,0.9842598,0.6158363,0.005739801,0.947782,0.0059403707
0.5410218,3.3356873e-06,2.9124324e-06,0.023393529,0.0006372793,1.0,0.99892753,8.520153e-09,0.026994782,0.9999963,0.22205836,0.96927845,0.0007710085,3.684477e-06,0.99294287,0.9988526,0.0033783652,0.9989869,0.99995184,2.061074e-06,4.044673e-07,0.9875702,0.02079694,5.5028625e-08,0.99843603,2.139821e-07
0.6555365,0.0010532024,0.0005501002,0.101874985,0.05104018,0.9999398,0.9831645,2.4617506e-05,0.07134939,0.99985397,0.35367006,0.96866614,0.05573766,0.0006322978,0.91971695,0.90914667,0.010709989,0.99334925,0.9907116,0.00053857645,0.00050015206,0.9667395,0.1740838,8.2966406e-05,0.96820116,0.00016662687
0.38466346,3.8560024e-06,5.041261e-06,0.020367868,0.0006312425,0.9999999,0.99860555,2.1239439e-08,0.032873586,0.99998236,0.24668227,0.9248131,0.0003556459,7.5744233e-06,0.97815084,0.9996637,0.0036853186,0.99799585,0.999974,3.1887905e-06,5.0037767e-07,0.9551463,0.024844872,1.18566575e-07,0.9946461,4.6093436e-07
0.57753843,0.00078728807,0.00053036265,0.08762093,0.02585019,0.99994624,0.98638606,2.3468496e-05,0.069510095,0.9997769,0.3603925,0.9610889,0.020791385,0.0005193036,0.90844566,0.96589845,0.012819543,0.9909196,0.99616647,0.00034736865,0.00026064404,0.9454927,0.13946629,5.2119693e-05,0.9628462,0.00011212114
0.7131578,0.011341282,0.0055253305,0.14735705,0.660951,0.99916184,0.92653286,0.00057979434,0.1187291,0.9990453,0.4474859,0.9507487,0.56245935,0.0062061045,0.544253,0.65259314,0.0074718697,0.98952496,0.8395999,0.01720539,0.011728986,0.9150844,0.5538397,0.005788841,0.72213244,0.0053312164
0.58789915,9.320546e-05,6.2155086e-05,0.057163537,0.0069426084,0.9999969,0.9950021,9.573247e-07,0.047994483,0.99996793,0.30026382,0.9703728,0.0073546353,6.811435e-05,0.9703208,0.98640335,0.0072557298,0.99670345,0.99915755,4.483392e-05,2.2171609e-05,0.97639227,0.06899087,3.196515e-06,0.99084985,9.221561e-06
0.13637613,2.030955e-06,7.761043e-06,0.017843481,0.0013183143,0.9999993,0.9971814,1.1310595e-07,0.045804046,0.9995708,0.20560612,0.37825587,0.00051432673,4.2011823e-05,0.7753072,0.9999546,0.004579806,0.9944319,0.9999914,2.698484e-05,4.8986254e-07,0.76576674,0.056920264,7.009638e-07,0.94418246,1.8843481e-06
0.61263406,0.00025171757,0.00015717586,0.0733732,0.014561708,0.9999889,0.99170697,3.9336383e-06,0.05645009,0.9999366,0.32091996,0.9693662,0.015772853,0.00017287114,0.95600116,0.9709557,0.009164251,0.9953342,0.9978847,0.00012254913,7.832428e-05,0.9725195,0.09924479,1.1955802e-05,0.98504966,3.0340345e-05
0.61870193,0.012464095,0.0081950575,0.14737682,0.52068394,0.99839145,0.92005247,0.0011920796,0.11910983,0.9978231,0.42619818,0.9292084,0.39160442,0.009270596,0.42684057,0.8118645,0.010972874,0.98029625,0.9142596,0.02085875,0.010938421,0.8577446,0.5389623,0.006523812,0.601918,0.0057939775
0.92766774,0.0014450825,0.00039084637,0.1434202,0.9913852,0.9999864,0.9623084,6.887598e-06,0.21318223,0.9999504,0.6119313,0.95952433,0.99090636,0.00061744184,0.86383843,0.07892625,0.0018204594,0.99971336,0.117831245,0.010718151,0.003300886,0.99310946,0.6133383,0.0034793082,0.98049116,0.0038477052
0.5544405,0.0048582307,0.0037109656,0.115883216,0.28912136,0.9994616,0.9518177,0.00036239426,0.09310853,0.9990553,0.3875851,0.95000803,0.15735878,0.0038569332,0.38630491,0.92937505,0.0065718717,0.98416,0.9765054,0.0065995934,0.003218437,0.8400664,0.4453947,0.0014440418,0.58499515,0.00153401
0.5831856,0.00017460175,0.00011391136,0.058498662,0.011228699,0.9999937,0.99276555,2.1836165e-06,0.056045774,0.9999169,0.30273652,0.9479856,0.010449769,0.00016351974,0.9543255,0.98501694,0.008586285,0.99465334,0.99864644,9.763735e-05,5.0827504e-05,0.96100724,0.09771352,8.656625e-06,0.98241687,1.9291634e-05
0.7187229,0.008604863,0.004762061,0.14101316,0.7985802,0.99934787,0.9212968,0.0004660686,0.124156795,0.99900657,0.4721902,0.9355003,0.72299516,0.0056612506,0.49049395,0.6336963,0.006478981,0.9918024,0.78411764,0.02473844,0.009834047,0.9197897,0.6223512,0.0076227863,0.6977748,0.006359746
0.68319815,0.0027532356,0.001303628,0.121156886,0.13099682,0.9998252,0.9727668,8.238812e-05,0.08491645,0.9997352,0.3817487,0.96733195,0.13000512,0.0014815835,0.86468256,0.82696056,0.0106184175,0.9917604,0.9743323,0.0015557368,0.0017238682,0.95746887,0.2599494,0.00033517848,0.93919647,0.0005454378
0.59923804,0.006438786,0.0045043905,0.1248382,0.47165358,0.99933463,0.9381374,0.00045978933,0.099938825,0.99895275,0.4041252,0.94407713,0.31349912,0.004946284,0.3723659,0.87900627,0.006267565,0.9858555,0.9500656,0.012082716,0.0052629807,0.8598469,0.527436,0.002926971,0.5632895,0.0026540565
0.87777805,0.005511205,0.0018394155,0.15472785,0.9660247,0.99986553,0.93778825,8.405582e-05,0.17410536,0.99975055,0.56137526,0.9549554,0.95971745,0.00238881,0.7529504,0.17902084,0.0038385068,0.99847466,0.28110477,0.020963533,0.009564521,0.9788346,0.6347009,0.007992685,0.9275388,0.007869481
0.65354264,0.0066083553,0.0033478625,0.13410819,0.21425146,0.9994585,0.95800096,0.0003217827,0.09640331,0.9993529,0.40604305,0.9626666,0.16504624,0.0034107699,0.7272323,0.8204968,0.011147604,0.9861434,0.9617316,0.0039690696,0.0044210325,0.92027366,0.34633884,0.0011070769,0.84779423,0.0014737071
0.72373784,0.0013068278,0.00058504735,0.11484176,0.1091838,0.9999343,0.9797004,2.5439896e-05,0.07852568,0.9998883,0.35804144,0.9725357,0.13851407,0.00074130844,0.92165285,0.8075649,0.008527305,0.9953635,0.9774169,0.000846999,0.00087060506,0.9775662,0.21031354,0.00014421187,0.970983,0.0002652948
0.6531308,0.0017284564,0.0009133531,0.11025763,0.07093276,0.9998882,0.97874725,5.0287963e-05,0.07761178,0.9997739,0.36702752,0.9665087,0.0709782,0.0010039844,0.89279425,0.89146423,0.011649552,0.9916025,0.98679554,0.0008858336,0.00088434794,0.95799875,0.20775342,0.00016220208,0.95399934,0.00029795445
0.6429713,0.0082654115,0.004414841,0.13715455,0.27725407,0.9992737,0.9501761,0.00046600623,0.101051405,0.99916303,0.41050094,0.9599494,0.19545834,0.004440238,0.6309297,0.8243966,0.010131766,0.9845243,0.95497626,0.0058556013,0.005865094,0.8997565,0.39666194,0.0017259332,0.7771508,0.0020666528
0.71812546,0.010967235,0.004775678,0.15040444,0.48888412,0.999236,0.93958455,0.00048569604,0.112648375,0.9992749,0.42962053,0.9616635,0.41236842,0.0051785163,0.6601104,0.65497154,0.008722423,0.98894686,0.8832124,0.009754584,0.010281564,0.927471,0.46407044,0.0033006256,0.8036684,0.003564422
0.5490991,0.00022896816,0.00017486734,0.06469199,0.010303597,0.99998796,0.99253196,4.33977e-06,0.057615828,0.99989593,0.3335797,0.9621989,0.0077944044,0.00017094659,0.9419928,0.98712057,0.009787124,0.9939678,0.99876815,0.00010142624,5.5934026e-05,0.9533546,0.08952501,1.0732957e-05,0.97929,2.760771e-05
0.511016,0.0029384687,0.0025662126,0.102290764,0.19206798,0.99964714,0.9635145,0.00022954654,0.08611505,0.9991798,0.3756438,0.94977987,0.089498,0.0027017503,0.37938938,0.96121657,0.0061679687,0.98498255,0.98830485,0.0038880426,0.001649227,0.8255323,0.38708383,0.00072241976,0.6016206,0.0008653232
0.75056934,0.009154364,0.003606441,0.15008548,0.51486135,0.99945873,0.94511145,0.00032028486,0.11300776,0.9994937,0.430699,0.9651092,0.46976206,0.004085995,0.7287155,0.58419317,0.008030042,0.991747,0.8607493,0.008175319,0.009209136,0.94708,0.4463391,0.0027235888,0.8583437,0.0030813403
0.83946,0.00811566,0.003964772,0.16951396,0.9686517,0.9996182,0.9135365,0.00027773765,0.19210854,0.99916553,0.5853491,0.91689867,0.96078485,0.0048518195,0.6650413,0.23232399,0.0071611027,0.99681526,0.2904349,0.045489114,0.013842569,0.96396625,0.69149107,0.01796081,0.8790293,0.015820114
0.6590117,0.000665775,0.00035794202,0.095015876,0.037296638,0.9999653,0.9861951,1.3204248e-05,0.06638622,0.99989986,0.33916238,0.97024477,0.044569485,0.00042006173,0.9387874,0.9234293,0.010018578,0.994531,0.9933183,0.00035207593,0.00029876118,0.9730873,0.1482321,4.636329e-05,0.97748417,0.00010047343
0.603913,0.007752712,0.004932316,0.13093787,0.3547526,0.99921966,0.94293797,0.000532451,0.10115822,0.9989436,0.4042443,0.9522082,0.22415629,0.005101217,0.45700538,0.8729086,0.007897434,0.9836393,0.9575078,0.0087725185,0.005737135,0.86373186,0.463343,0.002353234,0.6370096,0.0024248979
0.617069,0.0030270147,0.0017295806,0.11588252,0.08970539,0.9997557,0.9732122,0.00013043555,0.08388317,0.999556,0.38716853,0.9630766,0.06913141,0.0017125908,0.81810355,0.9035721,0.012535874,0.9872766,0.9850915,0.001484612,0.0015106214,0.9301869,0.24287835,0.00032505195,0.9114533,0.00054120884
0.7327972,0.013672407,0.006903492,0.15967755,0.77596503,0.99891806,0.9130277,0.0007891069,0.13553706,0.99867225,0.47234845,0.9395601,0.70142204,0.007822828,0.53092295,0.5721831,0.008530466,0.9897405,0.74522924,0.028008519,0.015814487,0.91762406,0.59960645,0.010259669,0.7220269,0.008949002
0.78205603,0.016655995,0.0075120246,0.17624979,0.8622029,0.99881434,0.907186,0.0008813697,0.15932323,0.9985495,0.51044536,0.9353209,0.8293662,0.008778951,0.62316394,0.38818586,0.010302659,0.9918355,0.561254,0.036461856,0.022116682,0.9395294,0.61038584,0.015637953,0.8091208,0.014209282
0.51805335,0.0025193612,0.002115483,0.10340564,0.101246215,0.9996997,0.97185826,0.00018059812,0.08552279,0.9992273,0.38431993,0.95445645,0.047565456,0.0020385357,0.5543271,0.9652893,0.008829281,0.98437345,0.991903,0.0019512827,0.001153592,0.8525956,0.28361687,0.00038487793,0.75842303,0.00058203755
0.6459784,0.00045490378,0.00025405682,0.086237915,0.027172359,0.9999784,0.9885141,7.695163e-06,0.06247837,0.9999193,0.32999244,0.9690055,0.03273439,0.0003053853,0.9483652,0.9431328,0.009695058,0.9950529,0.995378,0.00023983135,0.00018379911,0.97410077,0.13106999,2.7845548e-05,0.9816135,6.327799e-05
0.5527346,0.004140593,0.0030377053,0.114056095,0.16549891,0.9995472,0.9628502,0.00028923558,0.0904699,0.9991559,0.39114726,0.95537007,0.08670935,0.0030040746,0.524796,0.93851054,0.00859889,0.98347306,0.9844513,0.0034335195,0.0022850698,0.8566743,0.34781685,0.000771169,0.7167772,0.00101457
0.64802694,0.006999061,0.0036333685,0.13258767,0.244945,0.9994168,0.9553466,0.00035674695,0.0971463,0.9992975,0.40822464,0.9611628,0.18088686,0.0037410194,0.68420607,0.8244437,0.010352009,0.98594075,0.95921606,0.0046366584,0.004803382,0.9117536,0.37258816,0.0013133849,0.8182048,0.0016533755
0.49946818,0.0018615589,0.0017367558,0.096682675,0.09514745,0.99977154,0.97445065,0.00013553823,0.08285725,0.99931645,0.3763681,0.9542282,0.039988566,0.0016787171,0.5007281,0.9750346,0.0073240474,0.985598,0.9939247,0.0016658002,0.00083333306,0.84109914,0.28089774,0.00029566494,0.7297784,0.000451923
0.71290076,0.005669962,0.002449642,0.13725396,0.2724774,0.9996332,0.95970064,0.00019681368,0.09766556,0.9996062,0.40378276,0.96732783,0.2490752,0.0027221628,0.79278016,0.72751397,0.009389317,0.99079555,0.94168353,0.0037175438,0.0044952333,0.9487991,0.34958,0.0010300836,0.89545894,0.0013872564
0.5677074,5.7113255e-05,4.095765e-05,0.04852237,0.004502533,0.9999982,0.99610245,4.980078e-07,0.04474132,0.9999727,0.28953022,0.9679251,0.0044823377,4.5131623e-05,0.9745129,0.9921802,0.0067573762,0.99701226,0.9995079,2.7937713e-05,1.1463584e-05,0.97525567,0.056592938,1.7512276e-06,0.9923137,5.2837186e-06
0.85131866,0.006841853,0.0021788087,0.15511827,0.89452964,0.99978524,0.9419853,0.00012583377,0.14646043,0.9997265,0.50270045,0.9642094,0.8833437,0.002750545,0.76353794,0.26473096,0.0046802694,0.99746895,0.4915491,0.014102716,0.010127495,0.97440886,0.55207366,0.0050988747,0.9164858,0.0053675887
0.76931727,0.0091806585,0.0034900845,0.14923008,0.6335829,0.9995209,0.9419209,0.00028991778,0.117325865,0.9995333,0.44476297,0.9647106,0.5841369,0.0040394757,0.7086309,0.5244591,0.0067912177,0.99325424,0.8086685,0.010015627,0.010077901,0.95028836,0.4886265,0.003420647,0.85192835,0.0036536756
0.58176744,0.0066848737,0.004615139,0.12579559,0.33956617,0.9992818,0.9449457,0.0004911862,0.098956585,0.99892163,0.3981766,0.94960666,0.20363899,0.0048134676,0.41703922,0.8983188,0.0074705756,0.983411,0.96507597,0.008477479,0.0047862893,0.8513083,0.46430707,0.0021063685,0.6043144,0.0021593855
0.8685022,0.0062806546,0.002196651,0.15480286,0.9607951,0.9998258,0.93312293,0.00011153911,0.16793887,0.9996964,0.55542046,0.95340735,0.95202917,0.0027565002,0.7240576,0.20379542,0.0040921154,0.9981073,0.31476948,0.023237767,0.010638142,0.975048,0.64410746,0.008870457,0.9100376,0.008473309
0.6232003,0.007128583,0.0039595934,0.13470039,0.20172594,0.9993432,0.9560384,0.00041626985,0.09849898,0.9991743,0.406936,0.9609515,0.13617244,0.0038198826,0.66246533,0.859977,0.0113091525,0.9833503,0.96829885,0.004311911,0.0044508954,0.89791095,0.34889162,0.0012010529,0.8025022,0.0015838434
0.8326718,0.003242807,0.0010295337,0.13848324,0.7315826,0.9999019,0.9626512,4.7341335e-05,0.122052856,0.9998652,0.45581764,0.9698009,0.75233567,0.0014478967,0.8555404,0.3672354,0.0048047383,0.99782807,0.7244868,0.004846764,0.0040611904,0.9819717,0.4226128,0.0013261163,0.9539909,0.001698994
0.7059046,0.011968916,0.0056405473,0.15097158,0.5476588,0.99910647,0.9321417,0.0005985604,0.11543958,0.9991025,0.43248996,0.9572518,0.4454152,0.0060251295,0.5831172,0.6786602,0.008238957,0.9879534,0.8754034,0.012902934,0.011495474,0.9131509,0.5054261,0.0044131917,0.7447575,0.0043910914
0.66741675,0.0068373377,0.0034260382,0.13809888,0.2170107,0.99943656,0.95730346,0.0003305861,0.09888594,0.9993462,0.40391248,0.9622636,0.17798834,0.003514563,0.7540972,0.79832065,0.01201859,0.98633134,0.95683306,0.004111739,0.004717852,0.92727387,0.3418165,0.0011676119,0.86698115,0.0015840997
0.5643422,0.0010613081,0.0007480732,0.09037664,0.035917077,0.99991834,0.9841223,3.87793e-05,0.072081596,0.999706,0.37132454,0.9614306,0.023624167,0.0007101156,0.8572228,0.9656047,0.011299708,0.98937094,0.99541026,0.0004917385,0.00038113527,0.92830414,0.16457161,8.1635386e-05,0.9387665,0.00016319293
0.78182787,0.008036493,0.0041026287,0.14947018,0.9144763,0.99951935,0.9177848,0.00034876878,0.14893587,0.99913055,0.5259973,0.92698365,0.88782936,0.005187183,0.5746136,0.42867154,0.006461671,0.99494934,0.5671039,0.033475075,0.011237088,0.9463528,0.6647163,0.011271843,0.7937917,0.009509496
0.5128594,0.0022487554,0.001982251,0.10177735,0.100832276,0.99973124,0.9727284,0.00016139307,0.084815025,0.999281,0.3814264,0.9559922,0.044456735,0.0018642055,0.524796,0.9694876,0.007975735,0.984884,0.9926783,0.0018319478,0.0010196863,0.84806544,0.28357193,0.00034586084,0.74106294,0.0005265217
0.48721483,0.0021252756,0.0019439019,0.09139291,0.17775609,0.9997378,0.967872,0.00016546193,0.08051872,0.9992607,0.3661642,0.9444203,0.08123044,0.0022609506,0.3605133,0.970849,0.00549929,0.98660827,0.9911766,0.0033231133,0.0011471574,0.82055086,0.38393512,0.0005523752,0.593791,0.0006534953
0.5533376,0.005435884,0.0040518413,0.12088499,0.25129673,0.9993799,0.9527663,0.00042076988,0.09648104,0.9989519,0.39043286,0.9511136,0.13391697,0.004105488,0.4193971,0.92824566,0.00771439,0.982518,0.97755456,0.006033757,0.003430238,0.83865047,0.41764313,0.0014003016,0.6174781,0.0015885676
0.73416173,0.0106288325,0.0046122884,0.14805588,0.6032238,0.9993036,0.93571246,0.00045276905,0.116358235,0.9992853,0.4440098,0.9581824,0.52978295,0.0052520535,0.64152473,0.6064235,0.007784682,0.99069655,0.84265864,0.012313265,0.011013617,0.9321525,0.50849056,0.004222652,0.7969339,0.004242121
0.55985034,0.0028421476,0.0019446312,0.108629115,0.08144542,0.99971825,0.973605,0.00015932291,0.08466805,0.9993643,0.39356655,0.9580387,0.04872505,0.0018356851,0.7306942,0.9455896,0.012015494,0.9850464,0.9901045,0.0015073186,0.0012443501,0.89641535,0.24596195,0.00032712612,0.8638392,0.00053502474
0.63226867,0.008528232,0.00473465,0.1372758,0.30088297,0.99923325,0.9473179,0.0005069052,0.101725444,0.9991026,0.40958995,0.9592264,0.20100404,0.0047162785,0.57370013,0.8382292,0.00925647,0.9839305,0.9551608,0.006663396,0.006131344,0.887901,0.4162048,0.0019420718,0.7320577,0.0022221897
0.5864064,0.004818836,0.003024388,0.12072805,0.14479195,0.9995245,0.9640079,0.00029208596,0.09105137,0.9992238,0.40032873,0.9588654,0.0897184,0.0029247024,0.661593,0.9116962,0.011195135,0.98369294,0.98123646,0.002928508,0.0025808231,0.8899159,0.3135134,0.00072049047,0.8101506,0.0010208499
0.60457784,0.0055561815,0.0033147864,0.12798196,0.15167789,0.99946564,0.96191835,0.00032968438,0.094312824,0.99922013,0.40297398,0.96033096,0.09924535,0.0031379042,0.68882006,0.89147806,0.011984371,0.98324883,0.9776289,0.0031463816,0.0031258455,0.89795995,0.31338283,0.0008179285,0.8251188,0.0011627012
0.6830969,0.01237856,0.006135655,0.15223256,0.4450157,0.99895525,0.9343728,0.00070107984,0.11361052,0.99896383,0.42288613,0.95695925,0.3440766,0.006348528,0.59025437,0.7296027,0.009607451,0.9851243,0.9075113,0.011179549,0.010889094,0.9026981,0.47036922,0.003792587,0.7428077,0.003961128
0.6194375,0.005799801,0.0033049893,0.13148828,0.1502501,0.99946004,0.9617848,0.00032864002,0.0952759,0.9992575,0.40320235,0.96140856,0.105488166,0.0031226212,0.72456133,0.8747505,0.0127569605,0.983633,0.97545195,0.0031221462,0.0033306868,0.907988,0.30661875,0.0008250394,0.84767187,0.0011927959
0.65441793,0.006329699,0.0044058613,0.12813842,0.7336361,0.99937564,0.9254182,0.00044929702,0.11223388,0.99885166,0.44940796,0.9242672,0.62490946,0.0053460137,0.39528814,0.7796737,0.0061924765,0.98997986,0.875853,0.022948362,0.0065365084,0.8950074,0.6213565,0.0058272895,0.605174,0.0046337894
0.6281522,0.0007538085,0.000430857,0.09249706,0.03384203,0.9999577,0.9859643,1.6929936e-05,0.067429714,0.9998636,0.3471033,0.9669735,0.03498888,0.00047760387,0.927464,0.94103307,0.011001705,0.99324435,0.9942725,0.00036873866,0.00030300632,0.96409947,0.15070459,5.0869112e-05,0.9716158,0.00010863109
0.61840373,0.0041468223,0.0022962212,0.12380224,0.11108048,0.9996408,0.96895164,0.00020141684,0.08868678,0.9994318,0.39665127,0.96235377,0.085000955,0.002250016,0.7922152,0.8871775,0.013419994,0.98581994,0.98096645,0.0020470172,0.0021686358,0.92449534,0.26412076,0.00048727824,0.8940756,0.00077463145
0.7991197,0.011097888,0.0045653856,0.158475,0.8717681,0.99943227,0.9205876,0.0003912234,0.1425122,0.99928904,0.5003078,0.95017743,0.83362055,0.00532624,0.62139297,0.39849922,0.0062756836,0.9945365,0.5910935,0.025264926,0.014980161,0.94889325,0.6133521,0.0096185645,0.8144354,0.008729545
0.57759917,0.0058760387,0.004837229,0.12245776,0.5580706,0.99923253,0.93125683,0.0005521536,0.10374362,0.99851245,0.41161567,0.92157584,0.40357944,0.005761803,0.32402238,0.88579816,0.0068664635,0.9851879,0.94279075,0.018169835,0.005118763,0.85027826,0.575457,0.0041209008,0.51766,0.0033818989
0.74562365,0.008415002,0.0033861734,0.14738275,0.4915234,0.9995042,0.94766563,0.0002909778,0.1103815,0.99952066,0.4275209,0.9654837,0.44693163,0.0038150414,0.7352011,0.6001277,0.008002082,0.9918138,0.87344486,0.007376048,0.00825088,0.9472813,0.4370261,0.0023693757,0.86346287,0.0027364811
0.63285404,0.009069737,0.0050469036,0.13937728,0.3039919,0.99915755,0.945736,0.0005595024,0.10340502,0.9990231,0.41104057,0.95789844,0.20586564,0.005049789,0.57622236,0.8342228,0.0098079685,0.9832333,0.9528752,0.007127055,0.0065664696,0.88724166,0.4180454,0.0021139213,0.73248273,0.0024017435
0.7210464,0.0059301103,0.0024574471,0.13860393,0.30979687,0.9996315,0.95892173,0.00019795928,0.0994548,0.99961215,0.40882403,0.96750265,0.28799865,0.002799485,0.7911423,0.6986152,0.009043796,0.9914424,0.9311639,0.004095086,0.004894037,0.95103437,0.3609969,0.0011456728,0.8958001,0.001507409
0.67995936,0.014646137,0.00893964,0.15903267,0.7332223,0.9983006,0.9055253,0.001313635,0.13709885,0.9976222,0.46918598,0.91689956,0.6516514,0.010619815,0.47895548,0.6603828,0.011703903,0.9849576,0.79934746,0.03506951,0.015769493,0.89288574,0.60311776,0.0123375,0.6653975,0.010322676
0.7605581,0.012773588,0.006549964,0.16296728,0.87145996,0.99904233,0.9070613,0.00071783137,0.14966308,0.99860567,0.5067993,0.92786825,0.8293153,0.00765854,0.5496989,0.4730254,0.008590288,0.99200106,0.62046754,0.037968986,0.016495887,0.9308237,0.6402199,0.014289636,0.75641215,0.012115415
0.78564584,0.009267925,0.0036019613,0.15046513,0.7442143,0.99953246,0.93712115,0.00029396865,0.1274033,0.9994886,0.46734172,0.95944816,0.7054677,0.0043177,0.70325357,0.45555365,0.0067130458,0.9942644,0.7303171,0.013326841,0.011115947,0.9540603,0.530727,0.0047012116,0.8571985,0.0048335968
0.5249369,0.0037054585,0.003134398,0.108065404,0.2515436,0.99956137,0.9567506,0.00029249923,0.089525804,0.9990921,0.37837237,0.9478863,0.12539726,0.0032997613,0.35274982,0.9504034,0.0060465597,0.98441875,0.98345655,0.0055468944,0.0022956335,0.82565975,0.42991385,0.0010830532,0.5617412,0.0011836304
0.6647989,0.011807666,0.006063304,0.14891723,0.40438107,0.99893886,0.9364172,0.00071260903,0.11111608,0.99890447,0.42159986,0.9558251,0.3030953,0.0063105244,0.5820743,0.76488936,0.010081732,0.9839811,0.92261016,0.010378975,0.0098174345,0.8967867,0.45823073,0.0034059563,0.73384345,0.0036003992
0.53535,0.00011675803,8.704942e-05,0.053360816,0.006465312,0.99999523,0.9944646,1.5149965e-06,0.053264163,0.99992585,0.31102225,0.9516635,0.005382936,0.00010447691,0.95975435,0.9916387,0.0090470305,0.9951113,0.99927527,5.711674e-05,2.6052561e-05,0.9581074,0.07282466,4.839579e-06,0.9860284,1.2504642e-05
0.66393566,0.01407724,0.0073380945,0.15589197,0.41896978,0.99862146,0.9304568,0.0009527726,0.117217325,0.99861276,0.42475635,0.9518866,0.3187001,0.007651176,0.57333696,0.7522942,0.011480306,0.9819147,0.9137292,0.012600767,0.011983891,0.8908007,0.46694297,0.0043586204,0.72295624,0.0045190114
0.6362015,0.0026685188,0.0014299258,0.11710495,0.08518337,0.9998005,0.9747858,9.975218e-05,0.08239112,0.99964595,0.38243467,0.9650491,0.07582522,0.001470301,0.85691714,0.88867134,0.012892462,0.989082,0.98431593,0.0013052517,0.0013558555,0.94518983,0.22986254,0.00026933532,0.9334104,0.00046829748
0.6717536,0.022250986,0.015797397,0.1840364,0.8053236,0.99609524,0.87715197,0.003315475,0.16812298,0.9938253,0.5014555,0.8674062,0.7542127,0.019487739,0.47629616,0.59315217,0.02092505,0.97881716,0.69851285,0.070762284,0.02601865,0.8795858,0.6381523,0.029053098,0.664629,0.023271654
0.6113445,0.0061822548,0.003598901,0.13025886,0.17162539,0.9994106,0.95945007,0.0003676185,0.09595488,0.99918896,0.40508547,0.95998013,0.1142567,0.0034507643,0.67794174,0.87930036,0.011835474,0.98322207,0.9741241,0.0036239543,0.0036364705,0.8976576,0.33001065,0.0009731714,0.8154792,0.0013348351
0.5969891,0.0002846669,0.00018040535,0.0729994,0.014448069,0.99998677,0.9915486,4.801418e-06,0.05778867,0.9999211,0.3269307,0.9672049,0.0144926235,0.00019373359,0.95100373,0.97389877,0.009764682,0.9947635,0.9979473,0.00013237959,8.3963525e-05,0.9676244,0.10069048,1.352599e-05,0.98273176,3.3826655e-05
0.55787396,0.005519509,0.0044035194,0.11971636,0.39279312,0.99932957,0.94244707,0.00046394672,0.097815625,0.99880624,0.3910119,0.93951404,0.23688218,0.004850641,0.33674416,0.91723466,0.0065758703,0.98391163,0.96652913,0.010677527,0.004152127,0.83549386,0.5064916,0.0023700069,0.53075457,0.0022202895
0.52592963,0.0042669293,0.003613128,0.11577426,0.2213261,0.99946994,0.9565186,0.00035769012,0.09505731,0.9989471,0.3811945,0.9490158,0.10653847,0.0036290574,0.3762229,0.949107,0.0071628187,0.9822365,0.98354834,0.0053165006,0.0025686864,0.82068443,0.4050608,0.0011048344,0.58689547,0.0012942594
0.65020955,0.009647092,0.005252781,0.13875425,0.4083581,0.9991405,0.93976295,0.0005780204,0.10572443,0.99900573,0.41688722,0.9545354,0.29566061,0.005562701,0.54442483,0.7988951,0.008732938,0.9851791,0.9340107,0.00967535,0.007839972,0.8906597,0.46977127,0.0029464932,0.70877874,0.0030443
0.60885143,0.007955538,0.0056573246,0.13186844,0.55946153,0.99905246,0.92828584,0.0006829157,0.108864576,0.99847394,0.42157307,0.9293728,0.41755763,0.0065877396,0.38287517,0.8438011,0.007910887,0.98470783,0.92646533,0.018254925,0.0070531103,0.8632766,0.56187135,0.004810437,0.5725957,0.0041038617
0.7070234,0.0063714543,0.002775077,0.13951273,0.27875167,0.9995679,0.95775783,0.00023922157,0.099558584,0.99954104,0.40760124,0.96615535,0.25120893,0.0030548512,0.78115994,0.7294259,0.009965126,0.9899635,0.93991524,0.004168607,0.004993866,0.94504523,0.35527438,0.0011777141,0.8868257,0.001561292
0.56512284,0.0054068305,0.0040657236,0.120440654,0.3479042,0.9994178,0.9468069,0.0003975497,0.096224725,0.9990212,0.38877955,0.9488127,0.1967643,0.0042265775,0.36038443,0.91905534,0.006198319,0.9844328,0.9702993,0.008298204,0.0038557062,0.8404847,0.47681704,0.0018557786,0.55586666,0.0018559792
0.6923024,0.012202809,0.0062470967,0.14906129,0.58493716,0.9989569,0.92706305,0.0007237652,0.11804109,0.99884355,0.43963534,0.94874394,0.48350653,0.0069678654,0.5471184,0.69243735,0.008881595,0.98711336,0.8692335,0.01628273,0.011946938,0.90538114,0.5315403,0.0055177584,0.71622396,0.0051989676
0.74284565,0.0013614789,0.0005839761,0.11690182,0.15264304,0.99993694,0.9786017,2.3920407e-05,0.08380152,0.999892,0.367116,0.97094077,0.1980688,0.0007862014,0.9230779,0.7565446,0.00814651,0.99609095,0.96696776,0.0010098596,0.001003612,0.98000336,0.23044163,0.00017946465,0.9729335,0.00031820303
0.6546121,0.0067639314,0.0034222794,0.13454817,0.2272151,0.9994523,0.9572623,0.00032756274,0.09700353,0.9993548,0.40695298,0.96277916,0.17348415,0.0034823206,0.7169721,0.81667566,0.010815995,0.98633647,0.9597588,0.004151786,0.0045731217,0.91926396,0.35535145,0.0011684368,0.8419002,0.001534593
0.8296797,0.0041206265,0.0013452217,0.1421984,0.75869215,0.9998671,0.9577846,6.8865374e-05,0.12609233,0.9998253,0.46397486,0.96797633,0.76715386,0.0018168973,0.831807,0.36162063,0.005066008,0.99750143,0.69767606,0.006292114,0.005197064,0.9788134,0.4529306,0.0018498895,0.94318974,0.0022606044
0.93054414,0.0009171854,0.00020921219,0.13051857,0.9876072,0.9999932,0.9713866,3.0074998e-06,0.18861109,0.99997604,0.5813708,0.97043085,0.98782897,0.00036669057,0.8923604,0.08678439,0.0013101415,0.999801,0.15900412,0.0056971917,0.0019652224,0.9949083,0.5573618,0.001586422,0.9857761,0.0019251965
0.68446124,0.009898989,0.0048817047,0.14281826,0.43277097,0.9992269,0.9412624,0.00050134724,0.1074186,0.9991856,0.4204006,0.9589114,0.3369511,0.0051636924,0.61056423,0.73990697,0.008634401,0.98721004,0.9161009,0.009101575,0.00853081,0.91086614,0.46353748,0.002901262,0.76389205,0.0031014155
0.61770874,0.0074999006,0.004307123,0.1308473,0.28874665,0.9993154,0.95018536,0.00044938715,0.09834733,0.99913293,0.40707597,0.95841324,0.18688591,0.0043672123,0.55326116,0.86104536,0.008740484,0.98447186,0.96153057,0.006162293,0.0051745796,0.88286275,0.41477373,0.0017028748,0.7198992,0.0019478283
0.50418425,0.0032849794,0.003070425,0.10688862,0.2308828,0.9995745,0.95825726,0.000285574,0.09046703,0.99902534,0.3719006,0.9451942,0.10731574,0.0031958916,0.3216233,0.96064055,0.006001186,0.9836811,0.986447,0.0053255023,0.001976519,0.8094934,0.42189392,0.00097636535,0.5372101,0.0010942676
0.5193825,0.0040416345,0.0035640867,0.1135035,0.24422713,0.99949074,0.9550038,0.0003462262,0.09422814,0.9989491,0.37733003,0.94672155,0.11744377,0.0036337676,0.34012246,0.9519534,0.006543755,0.98271906,0.9834062,0.005925236,0.0024985478,0.814722,0.42614383,0.001180187,0.5501584,0.0013184512
0.81227344,0.009506394,0.0035131006,0.15545195,0.8467064,0.9995827,0.9322512,0.00027117427,0.13928598,0.99950933,0.49284384,0.9576757,0.8188558,0.0042649927,0.6979955,0.36347443,0.006009951,0.99552417,0.6039122,0.017682945,0.01279588,0.9599771,0.5715263,0.0065920632,0.86501175,0.006483068
0.668728,0.005944165,0.0029151915,0.13819404,0.18482286,0.99952364,0.96103805,0.0002690422,0.0961601,0.99944764,0.40051162,0.96480113,0.15677828,0.0029537093,0.7846719,0.803792,0.012239061,0.98699063,0.96243,0.0032919496,0.0039649243,0.93500066,0.31277844,0.0008887211,0.8874078,0.0012794135
0.6851986,0.010707614,0.005142567,0.147332,0.42163834,0.99917054,0.9399076,0.000539903,0.108587794,0.99918133,0.42056963,0.96101373,0.32323426,0.0052963346,0.60818064,0.738087,0.008729727,0.9865541,0.9164852,0.009112719,0.009193181,0.9097857,0.45630834,0.0029605827,0.7582509,0.003173479
0.6672379,0.010500277,0.0070236777,0.14799267,0.7467304,0.99881727,0.91154474,0.0008917048,0.1292957,0.99809664,0.45980406,0.9163059,0.6514739,0.008321049,0.42255652,0.72026736,0.009026636,0.9870063,0.82910323,0.032228738,0.011262983,0.8886352,0.6216669,0.009970524,0.62371624,0.008026825
0.5666524,0.0008063898,0.0005394146,0.08631144,0.02697244,0.9999449,0.98654175,2.4276824e-05,0.0692615,0.99977034,0.3632641,0.9613364,0.020132506,0.0005299756,0.8967346,0.96821916,0.011958297,0.9908749,0.99628,0.00034901727,0.00026193148,0.9404787,0.14327975,5.30646e-05,0.95763284,0.00011356365
0.7173781,0.0027779196,0.001224319,0.1247711,0.1899744,0.9998423,0.971274,7.108058e-05,0.08922997,0.999778,0.3857548,0.9679377,0.20365587,0.0014924841,0.87199384,0.76026595,0.009331085,0.99358106,0.9598812,0.0018571262,0.002041073,0.965817,0.28433576,0.0004104827,0.9456673,0.00064246624
0.62347895,0.0009297007,0.000536002,0.0955714,0.037575986,0.99994373,0.98473305,2.4047691e-05,0.06916837,0.9998336,0.35392976,0.96666807,0.036487825,0.0005756717,0.91624373,0.93771994,0.01135099,0.9923171,0.99362576,0.0004418719,0.00038144752,0.959708,0.15733965,6.595641e-05,0.9666131,0.00013718069
0.64270496,0.011502471,0.0067578694,0.14486362,0.49072763,0.99882454,0.9280758,0.0008354732,0.1136455,0.99857676,0.4229047,0.9449618,0.36259824,0.007306432,0.47602513,0.7936568,0.009278795,0.9833819,0.91722023,0.0151211945,0.009978929,0.8762147,0.51466596,0.004741483,0.6482398,0.004477251
0.6375927,0.0010774425,0.0005847901,0.10031626,0.045052033,0.9999355,0.98359674,2.738049e-05,0.07091281,0.99983454,0.35764718,0.9680693,0.04612756,0.0006374658,0.91489637,0.9231927,0.011362186,0.9925855,0.9920101,0.0005192249,0.00047037023,0.96238416,0.16852023,7.975366e-05,0.9656573,0.00016242295
0.63348114,0.00054468366,0.0003142051,0.08827609,0.027615294,0.9999715,0.9878022,1.0953843e-05,0.063787736,0.999899,0.33829194,0.9689775,0.030151533,0.00034957335,0.9394959,0.94610846,0.010240107,0.99415165,0.99544865,0.00026796115,0.00021449164,0.9694941,0.13267471,3.3570468e-05,0.97771955,7.554566e-05
0.7313641,0.002639926,0.0011478257,0.12670052,0.21077734,0.999858,0.97127616,6.309127e-05,0.09060237,0.99980396,0.38468432,0.969014,0.23266064,0.0014087235,0.87910646,0.73187834,0.008810285,0.99429697,0.95382404,0.0018905792,0.0020355298,0.96974427,0.2862592,0.00041501637,0.95085484,0.0006505939
0.5945452,0.00031203163,0.00020342699,0.07491806,0.014934425,0.9999845,0.99111253,5.7263146e-06,0.058890566,0.9999125,0.3312225,0.96710145,0.014673717,0.00021134279,0.94872046,0.97336763,0.010197108,0.9944194,0.9978358,0.00014362794,9.3105526e-05,0.96640915,0.10235659,1.5342808e-05,0.9819056,3.810427e-05
0.6407916,0.008816779,0.0047963,0.13821995,0.29454315,0.99919623,0.9476625,0.0005231378,0.10280466,0.99907434,0.4116448,0.95798093,0.20761986,0.004854767,0.6131879,0.8228608,0.010272213,0.98398966,0.9519397,0.006636682,0.0063557993,0.89526355,0.41027695,0.001985356,0.76277095,0.0023129487
0.53381974,0.0028319615,0.002187862,0.10617439,0.102752954,0.9996846,0.9713452,0.00018869613,0.08562143,0.9992581,0.3888853,0.9560345,0.05179461,0.0020915035,0.6006673,0.95754635,0.0095395995,0.9844013,0.9905646,0.0019437679,0.0012970374,0.86651164,0.28072855,0.00040450678,0.7857345,0.0006128986
0.5658393,0.0009696055,0.000670616,0.090001315,0.029287161,0.9999269,0.98520005,3.339861e-05,0.07189427,0.9997136,0.36664158,0.9598885,0.02176057,0.0006415924,0.88860047,0.96626985,0.013023212,0.98979187,0.99581486,0.0004299849,0.00032443277,0.9364399,0.14943743,6.888685e-05,0.95348203,0.00014454089
0.660087,0.008749146,0.0046464396,0.13466968,0.4591379,0.9992914,0.940403,0.00047098086,0.10346775,0.99916756,0.4187404,0.9563339,0.337004,0.0050075133,0.5260858,0.7907276,0.0073047625,0.98738885,0.92774326,0.009841596,0.0073917364,0.8964974,0.49013916,0.0029155947,0.69874054,0.0029062252
0.82417774,0.010042603,0.0037567555,0.15948537,0.8947854,0.9995778,0.92593884,0.00028018508,0.147221,0.9994685,0.50854135,0.9551113,0.86838144,0.0044200504,0.6716896,0.32669178,0.005652504,0.99588156,0.5203077,0.022691686,0.014245314,0.95958185,0.60552144,0.008784156,0.85647076,0.008288623
0.71751326,0.002777605,0.0012098771,0.12700798,0.16965301,0.99983716,0.9716955,7.4182055e-05,0.08793968,0.9997806,0.3818409,0.96953917,0.18474558,0.0014473378,0.87628245,0.7649367,0.009606961,0.99332607,0.9637298,0.0017411294,0.0020059987,0.9666675,0.26713914,0.0003820216,0.94755685,0.0006126475
0.5510763,0.015201636,0.012866152,0.15614606,0.4747546,0.9967719,0.9069347,0.002576163,0.13237444,0.99476635,0.41935536,0.8912468,0.34332004,0.015178176,0.35770383,0.86333436,0.01725627,0.96756524,0.9290203,0.03150638,0.012747325,0.8010963,0.54350954,0.009872032,0.52665997,0.008511126
0.64212,0.00014358659,8.660471e-05,0.068593495,0.012145866,0.9999949,0.9932116,1.5503247e-06,0.051478412,0.99996734,0.29896986,0.971981,0.016377434,0.00010656433,0.97091323,0.9693382,0.0076358523,0.99684674,0.9981851,7.984467e-05,4.7325673e-05,0.98212457,0.08796125,6.334364e-06,0.99104416,1.688302e-05
0.69960046,0.005278697,0.0023287616,0.1351783,0.23295544,0.9996474,0.9621788,0.0001897822,0.09499477,0.99960166,0.4014965,0.96726304,0.21073404,0.002552944,0.79919964,0.7554978,0.00998144,0.9902918,0.9522397,0.003212727,0.0039210245,0.94725275,0.32888117,0.0008593742,0.89918584,0.001198996
0.6337496,0.009462646,0.0052444707,0.14001894,0.33771667,0.9991285,0.94322485,0.0005867274,0.10466136,0.99899894,0.4120194,0.9573044,0.22766902,0.0053097517,0.54598296,0.82938534,0.009235456,0.98357624,0.9486384,0.008025534,0.007067355,0.88338566,0.43721938,0.0023971517,0.70857614,0.0026362713
0.5875645,0.002116768,0.0013291979,0.107147,0.05617099,0.99982005,0.97817445,9.257134e-05,0.080357864,0.99956626,0.3843762,0.9611727,0.0416941,0.0012625246,0.84266925,0.9386835,0.013923719,0.9872881,0.99123,0.0009571375,0.00086858904,0.92839974,0.20015281,0.00019018905,0.9272138,0.0003516945
0.680003,0.0060884836,0.0028625994,0.13582829,0.22441381,0.9995467,0.9596601,0.00025589904,0.09640153,0.99948347,0.4044738,0.964898,0.19021548,0.0030270577,0.77070355,0.7826969,0.0108875185,0.98829067,0.95559126,0.0036441598,0.0043160403,0.936,0.3380808,0.0010076957,0.87904334,0.0013793211
0.5944112,0.006971671,0.0044665243,0.12949191,0.28423065,0.9993062,0.9491173,0.00046739753,0.0987767,0.9990388,0.40094107,0.95617515,0.16874325,0.0044337143,0.48677516,0.8902014,0.008223312,0.98316807,0.96720135,0.0065225833,0.0047128727,0.86431855,0.42285177,0.001701069,0.6664637,0.0019119268
0.7009531,0.011344929,0.005409888,0.1479791,0.5248819,0.99913615,0.93436795,0.00057561044,0.11333825,0.99911505,0.43179724,0.9569615,0.4272079,0.005832626,0.59372795,0.6897063,0.008447025,0.98791367,0.8850766,0.012024294,0.010674917,0.91383475,0.49694255,0.004028246,0.75250244,0.004065104
0.59736264,4.2875992e-05,2.9669969e-05,0.04806463,0.0042779343,0.9999988,0.9962896,3.0081546e-07,0.04267789,0.99998164,0.27564627,0.9683473,0.005213612,3.6386504e-05,0.98087937,0.99071676,0.0063715144,0.9975853,0.9995018,2.3462677e-05,9.5587375e-06,0.98196214,0.054554913,1.3124602e-06,0.99461836,3.9407832e-06
0.82187027,0.009072005,0.003403932,0.15424751,0.89283854,0.9996306,0.9284521,0.0002444124,0.14305863,0.99952173,0.506953,0.9558398,0.86510587,0.0040627355,0.6682834,0.3400339,0.0052611143,0.9960712,0.5419951,0.021086395,0.012762402,0.9600656,0.6072077,0.007848084,0.85399914,0.0073968917
0.68365395,0.009809886,0.0047968556,0.14140566,0.4258429,0.99922276,0.94168043,0.00050365546,0.10743282,0.999166,0.42373496,0.95757926,0.33811057,0.0052042133,0.6258173,0.7367108,0.009122895,0.9872537,0.9169955,0.008963333,0.00839252,0.9132597,0.4588152,0.0028566197,0.77506113,0.0030689088
0.59523,0.00033014608,0.00020531342,0.074631386,0.01640651,0.9999845,0.9908693,5.7057905e-06,0.0593792,0.99991083,0.3322206,0.96520555,0.015980605,0.00022789378,0.9464358,0.9717615,0.009988827,0.99439704,0.99762446,0.00015222377,0.000102164646,0.9652075,0.10863423,1.6595144e-05,0.98062193,3.949724e-05
0.59089154,3.9605828e-05,2.7793816e-05,0.046948478,0.004037552,0.9999989,0.9965507,2.7827042e-07,0.041651234,0.9999832,0.27510664,0.97103596,0.0046922415,3.2102358e-05,0.98033464,0.99152714,0.005912167,0.9976749,0.99955815,2.1118323e-05,8.3330515e-06,0.9817539,0.052419607,1.137876e-06,0.99448377,3.5621383e-06
0.69582033,0.010299659,0.0049267774,0.14304803,0.50434077,0.9992231,0.9373684,0.0005111432,0.10974423,0.99917644,0.4299434,0.95721084,0.40694556,0.005406067,0.59719634,0.70781267,0.008179398,0.98826027,0.8967432,0.0108349435,0.00944893,0.9145307,0.4898298,0.0035227756,0.755338,0.0035756156
0.6604138,0.003546072,0.0017750433,0.12323902,0.13175976,0.99974436,0.969807,0.00013125138,0.08716453,0.9996221,0.39008,0.96513677,0.1166063,0.0018948357,0.8310663,0.8469848,0.01163199,0.9894103,0.9754543,0.0018997797,0.0021072759,0.94439846,0.2733217,0.0004407014,0.918248,0.0006931954
0.6211751,0.00044549204,0.00025970486,0.08252902,0.022468345,0.99997795,0.9892442,8.359525e-06,0.061406627,0.9999063,0.3342479,0.9684452,0.02399211,0.0002908264,0.94334143,0.9574635,0.0100916065,0.9943896,0.9964707,0.00021566876,0.00015680582,0.9688381,0.1222468,2.4756739e-05,0.9793041,5.796831e-05
0.66137236,0.008963994,0.004493635,0.14263557,0.2916298,0.9992506,0.94918805,0.00047580808,0.10318215,0.9992017,0.41248065,0.96159965,0.2179482,0.0045204833,0.662872,0.7898335,0.010443307,0.98508203,0.9467305,0.0060756532,0.006658922,0.9097238,0.3937416,0.0018491817,0.7995149,0.0022286335
0.6000553,0.006615434,0.0043239547,0.12497842,0.3895045,0.99935573,0.9440829,0.00043727085,0.097861044,0.99905914,0.40029842,0.95152336,0.2450576,0.0046155206,0.41598976,0.88316894,0.0065907235,0.9854757,0.9584251,0.009014949,0.0050156857,0.8625996,0.48515493,0.00226557,0.6057304,0.0022316766
0.659367,0.009215969,0.0048706615,0.13678266,0.41102085,0.99921656,0.94167656,0.0005184722,0.10483989,0.9990922,0.4185039,0.9551844,0.30624405,0.0052417647,0.57363766,0.7849555,0.008675735,0.98623866,0.9315005,0.009066867,0.0075404537,0.89894867,0.46589044,0.0027662206,0.7342022,0.0028983373
0.6929251,0.009648089,0.0044145794,0.14536028,0.38328284,0.9992895,0.94536227,0.00044649318,0.10585945,0.99930143,0.41868836,0.9630703,0.30480188,0.0046319556,0.66301155,0.7262417,0.009061534,0.98754245,0.92215145,0.0073396815,0.008120071,0.9207852,0.42794314,0.0023466295,0.8017223,0.002664181
0.90932524,0.0026356245,0.0007615479,0.1444157,0.98295206,0.9999635,0.9531528,1.9976856e-05,0.18737102,0.99990845,0.58074516,0.96149695,0.9808688,0.0010918322,0.8164911,0.11875333,0.002297597,0.9994029,0.18706922,0.013714273,0.0052324617,0.98848605,0.6241625,0.0047261254,0.962415,0.0049286503
0.7887388,0.011163331,0.004866207,0.15796253,0.86849976,0.99937576,0.91916335,0.00044146032,0.14359608,0.99918014,0.5024283,0.94520175,0.8305444,0.0057150857,0.6131634,0.41542077,0.006870412,0.99407816,0.604843,0.026888309,0.014778061,0.9459896,0.6171713,0.010098887,0.8073732,0.009100327
0.7722028,0.010718247,0.004513793,0.15255915,0.7748202,0.99938893,0.92878956,0.0004113274,0.13036606,0.9993011,0.47496352,0.9534703,0.72431266,0.0053047775,0.6443626,0.4789873,0.007059749,0.9932533,0.7195759,0.017935922,0.012941983,0.94431275,0.56562006,0.006476658,0.81637824,0.006207181
0.8827621,0.0041092187,0.0012138365,0.14600447,0.9530161,0.99991655,0.9493368,4.7148413e-05,0.15856732,0.99985635,0.53544927,0.9655966,0.9473806,0.0016436215,0.79126644,0.18610258,0.0030698762,0.9987992,0.34054926,0.012768369,0.0069058626,0.98299134,0.58600736,0.0044063693,0.94270664,0.0046502296
0.6114536,0.0002426281,0.00014615354,0.07175699,0.014551257,0.99999,0.99196637,3.4957097e-06,0.05593199,0.99993956,0.31908137,0.9686863,0.01585841,0.0001682273,0.95649874,0.97153354,0.008864246,0.99550784,0.99791676,0.00011809576,7.47781e-05,0.9724769,0.099914126,1.119515e-05,0.9850403,2.8221584e-05
0.888683,0.0037013558,0.0010210887,0.14548971,0.9541485,0.99993074,0.95269054,3.758874e-05,0.15927637,0.99987864,0.533367,0.9674617,0.9503152,0.0014390225,0.80867445,0.17497814,0.0028961997,0.99895906,0.32914618,0.011404725,0.00627459,0.98502827,0.5694691,0.0038531427,0.95098597,0.0041615283
0.62607193,0.0010204804,0.00056981365,0.09865415,0.03984337,0.9999373,0.98413545,2.6682295e-05,0.070627406,0.99982256,0.35699698,0.9659395,0.040705364,0.00062276394,0.9183188,0.9312958,0.012151937,0.9922231,0.9929134,0.00048799365,0.00042558688,0.96109384,0.15997736,7.343298e-05,0.96729034,0.00015156854
0.72582954,0.0111649735,0.0047512366,0.15070423,0.5358477,0.9992592,0.9376206,0.0004747237,0.11377479,0.99929726,0.43275028,0.96194273,0.4528804,0.0052118986,0.6423363,0.6376572,0.007963336,0.989632,0.86874413,0.010668121,0.010913769,0.9278703,0.48202866,0.0036609713,0.79273456,0.0038248287
0.54629046,0.005007568,0.0040609976,0.11822787,0.3282,0.99940765,0.9475664,0.0004072145,0.09612069,0.998923,0.38463938,0.94512975,0.17943077,0.004273016,0.33816487,0.93159926,0.0063737216,0.983521,0.9744421,0.008294626,0.003487525,0.8287812,0.47361797,0.0017715152,0.5354282,0.0017820471
0.6727633,0.0011353992,0.00058384525,0.10521772,0.061930925,0.9999361,0.9819234,2.5717072e-05,0.07355738,0.9998574,0.35323483,0.968907,0.07106185,0.00068659236,0.92004836,0.8912058,0.010377667,0.99377006,0.9882762,0.00063110155,0.000586835,0.9694112,0.18645014,9.907504e-05,0.96846217,0.00019346943
0.83870935,0.010128179,0.0039371424,0.16834003,0.9377109,0.9995702,0.9216479,0.0002981676,0.17090894,0.9993494,0.54577893,0.94331586,0.9255087,0.004868401,0.69790494,0.25026953,0.0066651762,0.99648464,0.38065425,0.030542826,0.01581468,0.9650986,0.63113296,0.012718115,0.8840185,0.012002056
0.49426726,0.0025543007,0.0024093126,0.09943215,0.18169144,0.9996716,0.9649491,0.00021334374,0.08558131,0.999159,0.37013534,0.94722754,0.08066753,0.0025636493,0.35151356,0.9682891,0.005944841,0.98494303,0.990168,0.0037315341,0.0014047374,0.814527,0.38372633,0.00065095426,0.5808361,0.0007884841
0.6105205,0.008354178,0.006983251,0.13937841,0.7268932,0.9987219,0.9110358,0.001000565,0.12561724,0.99737644,0.45534822,0.8876932,0.62440515,0.008788284,0.36215565,0.8019715,0.010145998,0.9843002,0.8747101,0.036344897,0.008448383,0.86633736,0.632327,0.009661393,0.56053394,0.0073749586
0.6984964,0.00050307583,0.00024868967,0.09408558,0.04506982,0.9999782,0.9871818,7.2725793e-06,0.06550106,0.99993956,0.32839876,0.9728003,0.063380904,0.0003278508,0.95222783,0.89758044,0.008118255,0.99632794,0.99162537,0.00030684803,0.00026172528,0.9817872,0.14847161,3.758985e-05,0.98384005,8.168195e-05
0.58727044,0.0042239972,0.0026240791,0.11984687,0.1166735,0.99959594,0.96754855,0.00024037734,0.08966446,0.9993062,0.39920363,0.9599527,0.0742539,0.0024770317,0.714032,0.9160029,0.012018188,0.984074,0.983949,0.0022583855,0.002139954,0.89997184,0.28164104,0.0005446489,0.84651536,0.0008230813
0.7473136,0.010544831,0.0044250325,0.14962676,0.6305049,0.9993455,0.93596536,0.00042009816,0.11887328,0.9993351,0.4485901,0.9588267,0.5672214,0.0050876536,0.66186154,0.5692429,0.007680067,0.99153805,0.82097405,0.0124686565,0.01130759,0.93837607,0.51051044,0.0043335524,0.81463695,0.004402069
0.6031345,0.003392731,0.0019631688,0.11550026,0.09699716,0.9997074,0.97163624,0.00015947125,0.08526129,0.99946076,0.39353395,0.96037394,0.07119964,0.0019771052,0.79133755,0.9098448,0.012855999,0.9863219,0.984703,0.0017076259,0.0016669052,0.9210819,0.25644875,0.00038683912,0.8949609,0.00062144053
0.64692014,0.0043804455,0.0022553029,0.12676667,0.13889474,0.999655,0.967136,0.00018904495,0.08942781,0.99951446,0.39549989,0.96441853,0.114229515,0.0023034336,0.8004513,0.85337985,0.012170634,0.98748034,0.9746075,0.0023109196,0.0025667385,0.9342457,0.28407314,0.00056210125,0.8986414,0.00085956254
0.8416942,0.006154045,0.0019862943,0.14424063,0.8832428,0.999816,0.9436083,0.00010943332,0.13463074,0.99976176,0.49583045,0.9660028,0.8629315,0.0025186902,0.73926413,0.30713066,0.004008852,0.9974113,0.557035,0.012530575,0.008744446,0.97169566,0.5640413,0.0042716647,0.90009373,0.00434131
0.9215524,0.0016695068,0.00042570374,0.13806696,0.9856009,0.9999831,0.96228635,8.367661e-06,0.18801259,0.9999517,0.57824624,0.9672044,0.9846049,0.0006633451,0.85225415,0.101795696,0.0016925175,0.99964654,0.16896205,0.009260249,0.0034501608,0.9920225,0.59639555,0.0029388852,0.97536224,0.0032629534
0.55118114,3.580461e-05,2.6742644e-05,0.042270273,0.0031652385,0.99999905,0.99690175,2.5407127e-07,0.041864216,0.99997807,0.27912474,0.9654378,0.003048723,3.0478153e-05,0.9781553,0.9948901,0.0061155404,0.99736917,0.9996848,1.7779941e-05,6.3992347e-06,0.97522134,0.04796079,9.806702e-07,0.993586,3.0544677e-06
0.8503247,0.0067234575,0.0025694512,0.15178238,0.9514804,0.9997794,0.9292451,0.00014627485,0.15949593,0.9996214,0.5474526,0.94992113,0.93853647,0.0031801353,0.68512356,0.25331727,0.0044002547,0.9975688,0.38145655,0.025074251,0.01082052,0.9692356,0.6521047,0.009194163,0.8840358,0.008482749
0.9140502,0.0014483084,0.00034349397,0.13271326,0.9748975,0.999985,0.96746105,7.0657607e-06,0.16978784,0.9999604,0.55389744,0.97102237,0.9753421,0.000574177,0.87385994,0.12311831,0.0017620543,0.99963117,0.2449093,0.0062924447,0.0027073734,0.9926467,0.5413894,0.0018077821,0.97841454,0.0021621822
0.8331499,0.0065602674,0.0022043127,0.14642447,0.8598026,0.9997842,0.94330215,0.00012780304,0.13340877,0.9997341,0.4878694,0.96559805,0.8376912,0.0027273952,0.7396665,0.32956806,0.0044411994,0.997044,0.5918486,0.012206695,0.009038421,0.96973765,0.55343103,0.0041900296,0.8973832,0.004339649
0.71055406,0.012859625,0.006373224,0.15348595,0.6535941,0.998987,0.92268425,0.00070962304,0.12263869,0.99888843,0.44585645,0.94946784,0.5525222,0.007006253,0.5365165,0.6522023,0.008170189,0.98829657,0.83537877,0.018872261,0.013353966,0.90990156,0.55372345,0.006587468,0.71259105,0.0060575646
0.8237082,0.008256411,0.0029155696,0.1517591,0.86342424,0.9996841,0.9359528,0.00020012526,0.13774858,0.99961734,0.4949537,0.96094316,0.8381987,0.0035512536,0.7099027,0.34070605,0.005190493,0.9963069,0.5832891,0.01597347,0.011360734,0.964402,0.57133436,0.005775535,0.87677383,0.0057478207
0.636739,0.007789814,0.004184089,0.138422,0.21531487,0.99928695,0.95425105,0.0004489678,0.100300826,0.9991542,0.4081038,0.96054024,0.15395457,0.004099032,0.6819401,0.83723336,0.011885104,0.9834222,0.9628452,0.004694474,0.005094907,0.904529,0.354575,0.0013579581,0.8144229,0.0017769649
0.60416806,0.008294512,0.0053891763,0.13234663,0.39957336,0.9991239,0.93824065,0.00060897117,0.10380389,0.9987929,0.4067095,0.94753224,0.26134244,0.0057297824,0.43231076,0.8663043,0.008011107,0.98334163,0.95100015,0.010877412,0.006411985,0.86020505,0.4882166,0.0029532725,0.6135146,0.0028883982
0.5385147,0.0015524892,0.001118116,0.09305076,0.05334398,0.99985874,0.9803955,7.250662e-05,0.07690143,0.9995389,0.38134813,0.95562446,0.030991256,0.0011244934,0.7705146,0.966131,0.010869786,0.9876857,0.9943388,0.0008313484,0.0005878208,0.90180016,0.2075567,0.00015480912,0.8929663,0.00027349862
0.63585895,0.005586846,0.0029501293,0.1294866,0.16487308,0.9995214,0.96240383,0.00027984253,0.09337408,0.99935764,0.40307802,0.9618419,0.12500203,0.0029799626,0.7483764,0.85452867,0.0122103235,0.98560256,0.97150266,0.0030993416,0.0033544286,0.9194053,0.3144094,0.00081508164,0.8633449,0.0011600063
0.6352749,0.004375437,0.002290844,0.12462968,0.1374977,0.9996542,0.96739095,0.00019274543,0.08880108,0.99950516,0.39706358,0.96464276,0.10557393,0.0022916954,0.77920157,0.8671902,0.011542242,0.9871406,0.9767602,0.002270311,0.0024910907,0.92736375,0.2882559,0.00055573124,0.88540614,0.00083916634
0.6083627,0.005504933,0.0032463444,0.12965843,0.1375536,0.9994691,0.96293914,0.0003236379,0.094807096,0.9992268,0.40285283,0.96061116,0.09339332,0.0030340727,0.7202393,0.88887167,0.013028317,0.98306966,0.9782266,0.0029268486,0.003026442,0.90363663,0.2980144,0.0007598878,0.84589636,0.0011196684
0.6856995,0.0059543788,0.0036123795,0.12477198,0.7266556,0.99952817,0.93394095,0.00031917833,0.108983755,0.99918646,0.45264527,0.93529516,0.63103,0.0044819866,0.48599938,0.7227197,0.0058710603,0.9918691,0.8648407,0.016855989,0.0062128548,0.9141718,0.59888566,0.0044195782,0.6921851,0.003820137
0.6037528,0.004777344,0.002828714,0.12417675,0.12836096,0.9995517,0.96559775,0.00026566559,0.091220856,0.9992982,0.40085217,0.960359,0.087996006,0.002701663,0.7325406,0.896975,0.012703035,0.98414236,0.98036605,0.0025534749,0.0025459416,0.9072989,0.29002753,0.0006364183,0.85584974,0.00094914925
0.6083321,2.3691204e-05,1.6352204e-05,0.043034818,0.0030791468,0.9999995,0.99717736,1.2601296e-07,0.037598092,0.99998987,0.2578549,0.97242546,0.004376768,2.0661062e-05,0.9868007,0.99215806,0.0052548246,0.9982792,0.9996563,1.4104676e-05,4.965774e-06,0.9871913,0.0448026,6.1636194e-07,0.99658537,2.0371976e-06
0.6621222,0.010063531,0.0052641397,0.14068165,0.41712755,0.9991253,0.9393903,0.0005833505,0.10693424,0.99902594,0.42061615,0.95520777,0.3128929,0.0056404746,0.57115537,0.7759992,0.009061911,0.98562825,0.9269062,0.009763902,0.008356316,0.89819694,0.4678735,0.0030530773,0.7299143,0.0031812903
0.65616775,0.005334297,0.0026752173,0.13268153,0.16559051,0.9995752,0.96341914,0.00024098245,0.093217276,0.99946445,0.3998252,0.96455306,0.13488285,0.0027004094,0.7807342,0.83004624,0.011982751,0.98694175,0.9691292,0.0028641038,0.0033627157,0.9313769,0.30351326,0.000749314,0.8849549,0.0010913574
0.90997547,0.002283343,0.0006141356,0.13812985,0.9797117,0.9999714,0.9574471,1.5119254e-05,0.17596713,0.9999304,0.5671796,0.9664751,0.97771066,0.00091328006,0.8263282,0.12594864,0.0019947535,0.9994661,0.21555081,0.010817638,0.004404414,0.9894015,0.60458434,0.003511732,0.96463877,0.0037708122
0.8572531,0.0047255466,0.0014718286,0.14641292,0.8879558,0.99987257,0.95094484,6.973856e-05,0.1409474,0.9998222,0.49639007,0.96720415,0.8820629,0.00193456,0.7986367,0.26284578,0.0040251687,0.9980819,0.51887053,0.0099300975,0.0069579324,0.9793971,0.52692914,0.0032501472,0.9357605,0.0035968018
0.68258,0.011473155,0.00596322,0.14722435,0.5390204,0.99904734,0.9305105,0.00065264705,0.11397818,0.9989538,0.42849022,0.95284736,0.4216945,0.0063444683,0.53018326,0.73065513,0.008180226,0.98673046,0.8925711,0.013938463,0.0106726065,0.89875984,0.51696354,0.0045688148,0.70035243,0.004383065
0.74963826,0.004709852,0.0019355133,0.13454886,0.39924186,0.99975556,0.9601963,0.0001261234,0.10210449,0.9997161,0.41459113,0.96726483,0.38834926,0.002312415,0.8113354,0.635566,0.0075993864,0.9939493,0.90640706,0.0040474506,0.004323128,0.96135217,0.3840553,0.0011072251,0.91525364,0.0014370107
0.7970555,0.012601865,0.0050499756,0.16475405,0.83860844,0.99932325,0.92205465,0.0004566823,0.14361261,0.99924374,0.48919943,0.9527981,0.7991334,0.0058064973,0.64949447,0.39667022,0.007187902,0.9938262,0.6106961,0.02302057,0.016516339,0.94869834,0.5860962,0.009136345,0.82857686,0.008675108
0.5736836,0.004719397,0.0032101704,0.12173273,0.1346063,0.99949455,0.9636847,0.00031621524,0.09339837,0.9991327,0.39967075,0.9576251,0.0775932,0.0029837862,0.63606244,0.92460454,0.011394895,0.9822349,0.9834895,0.00291608,0.0024737336,0.87814945,0.30830422,0.00071363547,0.7935915,0.0010257668
0.6030391,0.00011726938,7.687615e-05,0.06117777,0.008464735,0.9999958,0.99420667,1.3002871e-06,0.050098155,0.99996245,0.30069688,0.96903056,0.009579149,8.774055e-05,0.9690166,0.9825258,0.00788799,0.9964616,0.9988858,5.9912603e-05,3.0941188e-05,0.97673076,0.07683746,4.5197958e-06,0.99022675,1.2470463e-05
0.6154172,3.0276933e-05,2.0425947e-05,0.04637747,0.0038369067,0.9999993,0.9968279,1.7748472e-07,0.03917526,0.99998903,0.2651422,0.9741843,0.0052447566,2.482987e-05,0.9847755,0.99014866,0.005313798,0.9981706,0.9995666,1.7262033e-05,6.7802794e-06,0.9867577,0.04961521,8.3045967e-07,0.9960064,2.7055726e-06
0.5960904,1.3568326e-05,9.874687e-06,0.036995463,0.0020885705,0.99999976,0.99785966,5.68102e-08,0.034190234,0.9999932,0.24866818,0.9730767,0.0028504475,1.2245195e-05,0.9889087,0.99493587,0.004464163,0.99858284,0.99979395,7.995705e-06,2.5068105e-06,0.9879034,0.03699326,3.02781e-07,0.9972938,1.0532459e-06
0.7589797,0.010322588,0.0042193667,0.15077622,0.6555929,0.9993906,0.936421,0.000388567,0.12159051,0.99937445,0.45277095,0.9590402,0.6017535,0.0049060923,0.68212736,0.5341839,0.0076511363,0.9923062,0.79962045,0.012513688,0.011342047,0.9438133,0.51070666,0.004387206,0.8327687,0.0045240163
0.45413512,0.0011527049,0.0011101479,0.07956262,0.07054477,0.99984396,0.9788043,8.42996e-05,0.076782145,0.9992482,0.3597623,0.9272699,0.033059485,0.0014427203,0.54479665,0.98393977,0.008048165,0.9868209,0.9961994,0.0013342795,0.0004792849,0.8358199,0.2624465,0.00020654887,0.7649476,0.00030522377
0.63967746,0.010462049,0.009166076,0.15640992,0.8447843,0.9980988,0.89174587,0.0015803681,0.15267943,0.99546033,0.5023755,0.8379664,0.7949035,0.012377231,0.40604553,0.694187,0.014818493,0.9841928,0.7595838,0.0654704,0.012113903,0.88106364,0.6772115,0.019805228,0.61737156,0.014730916
0.8967248,0.0022074978,0.0005527362,0.1345804,0.9524436,0.99996865,0.96294403,1.53842e-05,0.15285991,0.99993765,0.52443403,0.9720408,0.95187956,0.0008547185,0.84861064,0.16999705,0.002246998,0.9993286,0.35254076,0.0069625457,0.0036768422,0.9892818,0.5322747,0.002050404,0.9665119,0.002370838
0.60729593,0.00046788852,0.0002817368,0.08230717,0.021363894,0.9999757,0.98923033,9.511071e-06,0.062383503,0.99989426,0.33934972,0.9677884,0.021062315,0.00030007228,0.9385279,0.96250296,0.010412397,0.9938896,0.99675804,0.00021377846,0.00015613444,0.9647892,0.121345095,2.5687901e-05,0.97717285,6.0069127e-05
0.6157581,0.0075693396,0.0044824076,0.131629,0.28082868,0.99928206,0.9494444,0.0004736651,0.09936797,0.9990798,0.4059584,0.95721966,0.18025489,0.0044952524,0.5536206,0.86406595,0.009081981,0.9836866,0.9623588,0.0062531596,0.0052235634,0.8798383,0.4130148,0.001735621,0.71860707,0.001994892
0.54397666,0.0023484945,0.0017585065,0.10415525,0.078317955,0.99975806,0.9750626,0.00013803858,0.08324466,0.9993998,0.39056972,0.9595091,0.04065588,0.0016317695,0.6785222,0.9590238,0.010107247,0.98544365,0.99209785,0.001345007,0.0010093254,0.883759,0.24465033,0.00027602998,0.83821815,0.00045750014
0.571105,0.00435541,0.0029013418,0.11991162,0.11700051,0.99954224,0.9665139,0.00027834313,0.09147631,0.99917954,0.3997822,0.95746803,0.07001044,0.002699291,0.6777807,0.9267521,0.0122393435,0.9827513,0.9850048,0.0024627738,0.0021639452,0.88673896,0.28690243,0.0005955453,0.8240399,0.00089015043
0.58895224,0.0061148126,0.0038460298,0.12665427,0.2004641,0.99938273,0.95690125,0.00040044577,0.09617125,0.9991003,0.4020215,0.9575963,0.11934966,0.0037717905,0.5773902,0.90022355,0.009918155,0.9827511,0.97523445,0.0043770177,0.0036864306,0.87463915,0.3633842,0.001140695,0.74478835,0.0014508456
0.7540508,0.0071284417,0.0028106277,0.1421054,0.50480866,0.99961394,0.95084655,0.00022009287,0.10881495,0.9996056,0.4290007,0.96604806,0.4683951,0.0032774017,0.7529563,0.58999705,0.007365431,0.99306667,0.8708463,0.006588966,0.0070653306,0.95310014,0.4366303,0.0020451585,0.8775945,0.0023927074
0.9002209,0.0025763381,0.0006714234,0.13797393,0.9652866,0.9999629,0.95843726,1.9242465e-05,0.1607456,0.99992454,0.54086035,0.9697641,0.962929,0.0009916155,0.82813555,0.15439056,0.0022214993,0.99931467,0.29313338,0.009281473,0.0045373244,0.98833805,0.56996924,0.002932016,0.9613984,0.0032374233
0.5376241,0.004864603,0.004370371,0.11606852,0.43136707,0.9993224,0.93978834,0.00047746435,0.097918436,0.9986016,0.3883209,0.92707247,0.26737294,0.005051917,0.2921248,0.9278465,0.0064863795,0.9835697,0.9671485,0.013134522,0.0037792372,0.82386035,0.534891,0.0026863932,0.4847209,0.0023591937
0.61833286,0.00038130005,0.00023459124,0.081177235,0.019395137,0.9999809,0.98986024,7.086937e-06,0.060438916,0.9999145,0.3308321,0.96882915,0.020970112,0.0002532749,0.94799566,0.9617176,0.010133832,0.9945404,0.99695194,0.00018521196,0.00013068765,0.97016954,0.11439051,2.063196e-05,0.98154056,4.9529277e-05
0.56623197,0.005501664,0.0042740623,0.1192967,0.41890836,0.99936396,0.94166076,0.00044009814,0.09713478,0.99887675,0.3936645,0.9403801,0.25919545,0.0047229016,0.33790544,0.9112111,0.0062510534,0.98478067,0.9635143,0.011052088,0.0042201662,0.8419741,0.5151692,0.0024530934,0.5318134,0.0022555755
0.6499256,0.0050113467,0.002622532,0.12841794,0.16270456,0.9995989,0.9639283,0.00022659657,0.09191383,0.99946564,0.39819932,0.9636074,0.12903658,0.002645042,0.7730517,0.8447739,0.011621858,0.98700094,0.97107667,0.002788421,0.003096953,0.9283398,0.30948234,0.00072005636,0.88032824,0.001040723
0.57979876,2.2696711e-05,1.6721455e-05,0.04057237,0.0026997766,0.9999995,0.9973814,1.2687674e-07,0.037778337,0.99998856,0.26441145,0.9720775,0.0031104393,1.9047491e-05,0.98420227,0.9944559,0.00510364,0.99810433,0.99973315,1.2173727e-05,4.1725734e-06,0.9834503,0.042523008,5.563918e-07,0.9958188,1.8606162e-06
0.75168765,0.01127886,0.0058266874,0.15583564,0.85302544,0.9991672,0.91286314,0.00061710714,0.14208561,0.9987791,0.4988039,0.9308719,0.80547404,0.0069320495,0.547925,0.50661093,0.008036023,0.9921434,0.6684155,0.03251399,0.014131692,0.930553,0.6326797,0.011542699,0.75217605,0.009855448
0.55326855,4.899841e-07,4.379649e-07,0.014910754,0.00020692713,1.0,0.99957293,4.906214e-10,0.017386902,0.9999994,0.18444395,0.9788593,0.00034017192,5.893107e-07,0.99745506,0.9994929,0.001741893,0.999629,0.9999875,3.4266677e-07,4.6272337e-08,0.99470645,0.010920663,4.7694106e-09,0.99956805,2.3524358e-08
0.60318065,0.005065609,0.0030409198,0.12681141,0.13020188,0.99951136,0.96441436,0.00029477663,0.09312821,0.9992562,0.4022669,0.96066904,0.08696944,0.0028371492,0.7210554,0.89703995,0.012842385,0.98336005,0.9800285,0.0026856854,0.0027143734,0.9035061,0.29222968,0.0006820776,0.8478541,0.0010183558
0.8779888,0.0032155227,0.0009105397,0.14176485,0.9303785,0.99993694,0.9571807,3.3431363e-05,0.15001012,0.9998914,0.51738,0.9683564,0.92908293,0.0013093898,0.8292765,0.2061145,0.0031249258,0.99888724,0.4174184,0.008588635,0.005066746,0.98553246,0.53207636,0.0026866512,0.95562226,0.0030607008
0.63932973,0.00018944826,0.00011189823,0.07204099,0.014184148,0.9999927,0.99240667,2.3641142e-06,0.053634252,0.999959,0.3075835,0.97207695,0.018029768,0.00013352018,0.9655595,0.96632785,0.008051035,0.9964056,0.9978782,0.00010047573,6.348452e-05,0.97985715,0.094861805,8.775019e-06,0.98895746,2.28381e-05
0.7144287,0.0093217315,0.0042345203,0.14155489,0.51160926,0.99936646,0.9413962,0.00040301585,0.109495275,0.99933064,0.43158206,0.9594877,0.4320977,0.004722025,0.6492733,0.66979223,0.00795937,0.9899788,0.8874515,0.009503506,0.00877239,0.927828,0.47978538,0.0030645428,0.7989634,0.003233777
0.5272844,0.0014300334,0.0010978642,0.08753085,0.074724436,0.99987185,0.9790508,6.777574e-05,0.07439694,0.99958855,0.37467465,0.9556843,0.038090706,0.0011570707,0.66731346,0.9695812,0.0074724006,0.9888115,0.99422765,0.0010127056,0.0006038049,0.8844492,0.25122002,0.0001783762,0.83541363,0.00028019067
0.50172454,4.2176525e-05,3.7681588e-05,0.040759236,0.0032503912,0.99999845,0.9965591,4.1257059e-07,0.044683803,0.99996185,0.2984925,0.9597885,0.0020982907,4.028279e-05,0.96420914,0.99683493,0.006082142,0.9964804,0.99973565,2.027811e-05,7.447556e-06,0.95814157,0.050910857,1.3795293e-06,0.98902714,4.2332563e-06
0.85066015,0.0060893893,0.0020129995,0.14769064,0.9151707,0.99982363,0.9416462,0.00010821072,0.146605,0.99974304,0.5155189,0.9615808,0.90223837,0.0025858139,0.7473396,0.26591867,0.0042070313,0.9977196,0.47538438,0.014896733,0.009039493,0.9740292,0.5841639,0.0052278196,0.9099016,0.0053019426
0.53827846,0.0039566755,0.0030294864,0.113012806,0.15883712,0.9995474,0.963512,0.00029015227,0.090577975,0.999111,0.39041865,0.95426166,0.07997616,0.0029453097,0.5043993,0.9464362,0.00859978,0.983135,0.986128,0.0033365074,0.002096664,0.8497317,0.3421333,0.00073291076,0.70353836,0.0009698679
0.5707272,2.0090858e-05,1.5058976e-05,0.0384113,0.0023713908,0.9999995,0.99754924,1.06418604e-07,0.037227616,0.99998844,0.26118937,0.96996105,0.0026739724,1.7522949e-05,0.9847103,0.9953963,0.0050849435,0.9981073,0.99977225,1.0890421e-05,3.5122341e-06,0.98256654,0.04031687,4.805692e-07,0.9959254,1.6068069e-06
0.55213,0.0013862883,0.0009849337,0.094405055,0.04033285,0.99987984,0.9822604,5.8833695e-05,0.07617384,0.99959046,0.37821835,0.957748,0.026275927,0.00093413185,0.8363841,0.9648828,0.012749671,0.9880505,0.9948059,0.0006473757,0.0004904748,0.9186361,0.17782544,0.00011677984,0.9275391,0.0002263258
0.61565393,0.00031320768,0.0001929098,0.07755609,0.01691014,0.9999852,0.9908193,5.3485355e-06,0.058486614,0.9999261,0.32610807,0.96918106,0.01844035,0.00021030956,0.9523053,0.9661579,0.009707244,0.9949567,0.99743795,0.00015224773,0.000102250124,0.9715758,0.10650177,1.5805093e-05,0.98341644,3.9088587e-05
0.5290514,0.0027631444,0.0022009276,0.101195864,0.19527695,0.9997236,0.9659575,0.00017535037,0.08296612,0.9993979,0.3762972,0.9574653,0.09081627,0.0022514015,0.40383825,0.9573157,0.0052963574,0.9870595,0.9878501,0.0032313864,0.0015348523,0.843056,0.38210815,0.0006010019,0.625801,0.0007319747
0.7294623,0.009078146,0.003873361,0.14532246,0.4799743,0.99941087,0.94497144,0.0003577948,0.11043675,0.999411,0.42940724,0.96224475,0.42320278,0.0043592327,0.70656675,0.63760036,0.0085188355,0.9906052,0.8838064,0.008136441,0.008610702,0.93860704,0.4499798,0.0026520728,0.84085673,0.002978786
0.73485225,0.010467047,0.005192813,0.14843936,0.77077365,0.99928194,0.9216476,0.00050288095,0.124973156,0.9990884,0.46458602,0.94647086,0.68819755,0.0058661615,0.52328736,0.60090035,0.0065556564,0.99152535,0.77684337,0.022072947,0.01195025,0.92253065,0.5981397,0.007411653,0.7197998,0.006450431
0.84173936,0.011419792,0.005371666,0.1869441,0.9680473,0.99940276,0.90613234,0.00045048603,0.20816953,0.998809,0.59362817,0.91242826,0.96131414,0.0064392374,0.6855884,0.20213033,0.009477057,0.9962016,0.25029448,0.053943053,0.019530961,0.9632121,0.6773702,0.024645254,0.88874584,0.022275513
0.6603153,0.014292288,0.008533104,0.15448631,0.60990953,0.998382,0.91505986,0.0012073944,0.12625054,0.99797267,0.44401643,0.9313134,0.5016182,0.009683656,0.48107994,0.7260389,0.011208404,0.983062,0.8669541,0.024186624,0.013876816,0.88199633,0.55809104,0.008255774,0.65613323,0.007325566
0.6176631,0.0005966219,0.00035425343,0.08788244,0.025846912,0.9999665,0.98766696,1.3416238e-05,0.06481978,0.9998758,0.3440718,0.9675253,0.026390199,0.0003800084,0.9345522,0.9531667,0.011138534,0.99343055,0.99579763,0.00028045123,0.00021711443,0.9648171,0.13160929,3.6105106e-05,0.97531337,8.180699e-05
0.6337095,0.001798345,0.00096998806,0.10955226,0.06281621,0.9998764,0.97926694,5.7917092e-05,0.07732198,0.9997383,0.3712149,0.965687,0.05903494,0.0010271085,0.88593704,0.9063534,0.0123967435,0.9905973,0.9888216,0.0008539626,0.00085599854,0.9523109,0.19851038,0.00015723718,0.9500475,0.00029378035
0.6300885,0.0011837155,0.00066579366,0.10235836,0.044234395,0.9999236,0.9828966,3.3724165e-05,0.072409995,0.9998062,0.36038604,0.96720713,0.043900643,0.0006992552,0.910137,0.926011,0.012174718,0.99179196,0.99213165,0.0005606838,0.0005079267,0.95929444,0.16854675,8.926127e-05,0.9632511,0.00018203167
0.8525926,0.0077563254,0.002713718,0.15734415,0.9352258,0.9997445,0.9320464,0.00016367696,0.15749037,0.9996306,0.5304634,0.9567197,0.9208555,0.0033483382,0.7134184,0.24817967,0.004692957,0.99739045,0.40481168,0.021521926,0.012166496,0.9702102,0.61762214,0.008326209,0.8951152,0.008022281
0.7380253,0.0011163837,0.00049984414,0.11294605,0.1318645,0.9999491,0.9801563,1.8495131e-05,0.08214989,0.9999025,0.36191976,0.96980953,0.17743115,0.00068393996,0.93238735,0.7796957,0.008330589,0.9963025,0.97181255,0.00084117294,0.00079089444,0.98119193,0.2179881,0.00014082721,0.9769573,0.00025907325
0.60525405,0.00030786925,0.00019607045,0.075955465,0.015727889,0.99998534,0.99096644,5.346001e-06,0.058745734,0.9999198,0.32763407,0.96735114,0.016388522,0.00021119333,0.9511574,0.97025293,0.010025731,0.99468,0.997647,0.00014684627,9.654864e-05,0.9689734,0.105039045,1.549055e-05,0.9828485,3.8029884e-05
0.76622677,0.010984804,0.004672134,0.15254419,0.7549739,0.99935097,0.92882216,0.00043554752,0.12920275,0.9992719,0.47062257,0.9535771,0.700378,0.005457807,0.64153945,0.49747095,0.007287735,0.99280834,0.7384854,0.0174997,0.012951963,0.9418687,0.5592368,0.0063057956,0.81145656,0.0060825995
0.5833312,1.4804445e-05,1.1204185e-05,0.036942262,0.0020784272,0.99999964,0.997797,6.782258e-08,0.035046753,0.9999919,0.25332013,0.9726486,0.0025500827,1.3113695e-05,0.98739773,0.9955245,0.004603946,0.99842334,0.9998011,8.404265e-06,2.6002026e-06,0.98590326,0.037213348,3.3638497e-07,0.9968419,1.1679023e-06
0.6577334,0.000975898,0.0005432783,0.100294694,0.050760362,0.9999447,0.98333275,2.2565642e-05,0.07083489,0.99985814,0.34665152,0.9676895,0.05537509,0.0006209476,0.9208626,0.9101412,0.010463481,0.993327,0.990677,0.0005352173,0.00047623256,0.96672684,0.17426038,8.085067e-05,0.9693244,0.00016088602
0.5686005,5.5187525e-06,4.3507516e-06,0.028110733,0.0010339593,0.9999999,0.9986523,1.6234075e-08,0.028987402,0.99999595,0.23117769,0.97269565,0.0013541888,5.449398e-06,0.99189806,0.99777836,0.0035514692,0.9989298,0.99991465,3.322778e-06,7.923199e-07,0.9886374,0.025895799,9.7138205e-08,0.99815995,3.681653e-07
0.59796435,0.00027758995,0.00018019784,0.07313916,0.013944345,0.99998677,0.9915097,4.8249935e-06,0.05762483,0.9999206,0.32563686,0.96732605,0.014233849,0.0001911526,0.9526372,0.9742706,0.009958622,0.9947324,0.9979836,0.00013212535,8.171156e-05,0.9684626,0.09843231,1.3330814e-05,0.98348385,3.3795124e-05
0.53250813,0.00067853276,0.0005225749,0.07997575,0.023344778,0.9999474,0.98732144,2.2808892e-05,0.06908303,0.9997224,0.36419183,0.95638674,0.01465904,0.00050920283,0.872536,0.9801016,0.011312634,0.9903133,0.99732345,0.0003183153,0.00020441158,0.9245459,0.13878454,4.759474e-05,0.948068,0.00010301259
0.8147757,0.006629735,0.0022991374,0.14432094,0.79383767,0.99975306,0.9455202,0.00014573413,0.12584062,0.9997131,0.47248092,0.9655086,0.76906925,0.0028622195,0.7461511,0.38911167,0.0050157905,0.9963636,0.6838383,0.010403766,0.008500111,0.9670027,0.52459437,0.0034554324,0.8927058,0.0036682142
0.8610419,0.0062063164,0.002024915,0.15477149,0.93335485,0.9998234,0.9407617,0.000107765256,0.15803304,0.999736,0.529746,0.9598207,0.92516744,0.002635108,0.76250863,0.22492841,0.00439649,0.9979621,0.39754364,0.016595691,0.009874913,0.97672963,0.5887345,0.00614681,0.92251533,0.006325984
0.5199694,0.0040682824,0.0038996038,0.1103198,0.41544873,0.9993949,0.9429045,0.00042491558,0.094427735,0.9986143,0.38460898,0.92260164,0.25169685,0.0046699145,0.2760296,0.93965906,0.0062761125,0.9837661,0.9725406,0.01234466,0.0030912668,0.81809133,0.5342171,0.002336875,0.46937048,0.0020419173
0.740608,0.0136800995,0.0058968044,0.15868971,0.6430443,0.99904615,0.9269309,0.0006400119,0.12516345,0.9990772,0.45007706,0.9556018,0.5694604,0.0066111516,0.6265846,0.57036185,0.0086999275,0.9896526,0.80734646,0.01616156,0.014728018,0.9284573,0.523469,0.0060167704,0.784387,0.005931471
0.62317884,0.00040313823,0.00023972116,0.082123406,0.021004796,0.99998033,0.98956317,7.2930334e-06,0.060976837,0.99991417,0.33180058,0.9684817,0.023115613,0.00026788143,0.94745445,0.958269,0.01010294,0.9946127,0.99665487,0.00019727867,0.00014242425,0.97056335,0.11844625,2.2219892e-05,0.98122036,5.2506268e-05
0.6410963,0.0003600482,0.00020458667,0.08210386,0.022069566,0.99998355,0.98987514,5.8488863e-06,0.05947843,0.9999324,0.325454,0.9709908,0.026074832,0.0002375646,0.9520454,0.95266503,0.009116259,0.995359,0.99648297,0.00018369014,0.00013458841,0.9751314,0.11752035,1.972711e-05,0.98333263,4.7255682e-05
0.7022702,0.0027274003,0.0012702122,0.12602444,0.14117578,0.999828,0.9722792,7.9227066e-05,0.08628747,0.9997613,0.3773073,0.96908367,0.15024328,0.0014404819,0.87530947,0.79821867,0.010400228,0.9924083,0.9701983,0.0016190122,0.0018388561,0.963479,0.25692058,0.00034885676,0.94609606,0.00057388184
0.6398511,0.009188822,0.004934924,0.14229718,0.27529925,0.9991627,0.94794756,0.0005469082,0.10395067,0.99906653,0.41117632,0.95981514,0.1907759,0.0048289513,0.6211833,0.82353204,0.010665565,0.9831328,0.9538399,0.0063046184,0.0065047718,0.89471376,0.39443395,0.001898704,0.7672877,0.002277464
0.63130444,0.0064963675,0.0034960085,0.12778623,0.24320956,0.99945337,0.9563981,0.00033793593,0.09436759,0.9993056,0.4071975,0.96137035,0.16778609,0.003575828,0.64290464,0.8513717,0.009350575,0.9858915,0.9644058,0.004531268,0.004308614,0.9025421,0.37818706,0.0012283084,0.7890515,0.0015158802
0.7859519,0.009888073,0.003876766,0.15183266,0.7762071,0.9995086,0.93314016,0.00031799317,0.12829627,0.9994618,0.4704117,0.95929766,0.72748226,0.004503456,0.66746086,0.45518965,0.00624399,0.9941718,0.7117522,0.015349435,0.012021648,0.95033145,0.553567,0.005501186,0.83501416,0.0054190424
0.82695234,0.00653527,0.0021484902,0.14851406,0.8102309,0.9997682,0.9466849,0.00013318624,0.13060884,0.999731,0.4753373,0.9664189,0.7951805,0.0027284198,0.76906365,0.34796008,0.005080738,0.99674714,0.6445373,0.010301673,0.00865755,0.9710278,0.51177144,0.0034683426,0.909342,0.0037917043
0.75848883,0.010826213,0.004409963,0.15144059,0.6801461,0.9993862,0.9332586,0.0003961029,0.119838245,0.9993888,0.449902,0.96108276,0.60720414,0.0049188286,0.6377414,0.54781413,0.0066571087,0.9921651,0.79792017,0.0135555165,0.01205496,0.9383845,0.52882516,0.004780507,0.80022436,0.004707946
0.70929533,0.008060303,0.006290454,0.15497068,0.91931444,0.99904114,0.8984423,0.0007784676,0.1616276,0.997486,0.5385776,0.8572395,0.8921779,0.008178559,0.46704063,0.5635731,0.010859881,0.99125403,0.623437,0.06240408,0.010490625,0.91765565,0.7032322,0.01873874,0.704842,0.0143615035
0.8016643,0.008743297,0.0031013608,0.1509336,0.76392984,0.9996208,0.9394526,0.00023071078,0.12567931,0.99960655,0.46537212,0.96473163,0.7269542,0.0036862623,0.7130743,0.42276284,0.005689021,0.9951067,0.7087534,0.012235798,0.010891848,0.95919704,0.5256653,0.0043028924,0.8657961,0.004433557
0.6797249,0.012094328,0.005966474,0.15114611,0.44930428,0.9990056,0.93463886,0.0006701391,0.11252184,0.9990085,0.42239067,0.95805043,0.34033212,0.0061456338,0.5725816,0.7397967,0.009032713,0.9853536,0.9105181,0.01104071,0.010564277,0.900571,0.4732486,0.0036877424,0.72850865,0.003812773
0.5501737,0.0050167926,0.0038373051,0.117703475,0.26520786,0.99942756,0.952688,0.00038664683,0.09456556,0.9990013,0.38860053,0.9501537,0.14143808,0.003942264,0.39942753,0.93137246,0.007129508,0.9832617,0.97790897,0.0062050577,0.0032232474,0.83760893,0.43003356,0.00138454,0.59815127,0.0015251915
0.61087555,0.006748789,0.004398956,0.12689553,0.44286612,0.9993648,0.9404269,0.0004313226,0.09932116,0.99908364,0.40354878,0.9506986,0.28818035,0.0046663824,0.40263727,0.87116075,0.0061601726,0.98613495,0.9507943,0.01037379,0.005425481,0.8660469,0.5077345,0.0026055945,0.5905747,0.002455872
0.6106566,0.00016384452,0.000106337466,0.06710039,0.010798199,0.99999344,0.99311185,2.1522696e-06,0.052834645,0.9999535,0.30983388,0.96978766,0.012171982,0.00011802687,0.9645563,0.97741425,0.008496078,0.9960233,0.9984925,8.2628634e-05,4.705086e-05,0.9758026,0.085718244,7.0041056e-06,0.98857844,1.8763481e-05
0.6126632,5.375119e-05,3.5315174e-05,0.052514583,0.0054645096,0.99999857,0.9959037,4.063769e-07,0.04352366,0.999982,0.28040904,0.97231144,0.006962803,4.2209722e-05,0.97955334,0.98693013,0.006252126,0.997623,0.9993414,2.9037603e-05,1.3090404e-05,0.9835143,0.059935424,1.6916356e-06,0.9942298,5.128796e-06
0.5895725,0.0010137829,0.00061127794,0.089760385,0.03895989,0.9999366,0.98443025,2.8396984e-05,0.07065816,0.99977535,0.36318427,0.96090716,0.030890303,0.0006623722,0.8879799,0.95362085,0.011175786,0.9910925,0.99443746,0.0004714907,0.0003835705,0.94311374,0.170865,7.5458534e-05,0.9518753,0.00014627347
0.5712349,0.0049088285,0.0033088806,0.12155785,0.14582469,0.99947447,0.96265846,0.00033263594,0.093465,0.9991115,0.40051782,0.95708984,0.08367384,0.0031310013,0.6154695,0.92318803,0.011034428,0.9823285,0.9826737,0.0031651785,0.0026159175,0.8748963,0.31938034,0.00077791436,0.7788067,0.0010871285
0.8504684,0.007085074,0.0023101475,0.15469916,0.9084963,0.9997774,0.9392135,0.00013581432,0.1490961,0.9997048,0.5120869,0.96206397,0.8953355,0.0029186516,0.74776536,0.26101944,0.0046155006,0.9974584,0.46762016,0.015935602,0.010667775,0.9730621,0.57543314,0.005896005,0.909169,0.0060059438
0.61679244,0.00023960233,0.00014908052,0.07322925,0.014334658,0.9999895,0.9918257,3.63967e-06,0.05608381,0.9999404,0.31832358,0.9696073,0.016013285,0.00016598764,0.9579474,0.97040504,0.009061766,0.99550134,0.9979069,0.000118419506,7.5614844e-05,0.97379124,0.09832301,1.1381211e-05,0.9858298,2.8947965e-05
0.7679634,0.005433683,0.0020624404,0.14058955,0.46911126,0.9997216,0.95712686,0.0001443533,0.1089107,0.9996953,0.42516425,0.966301,0.47223166,0.0025914304,0.8151984,0.5694659,0.007759104,0.994392,0.8743548,0.0050251293,0.0054202355,0.9650212,0.39680934,0.0014463506,0.91844505,0.0018479526
0.64701074,0.004984793,0.002572343,0.13191721,0.13912658,0.99958676,0.9652303,0.0002333718,0.092559054,0.99945134,0.3972099,0.9641964,0.113441125,0.0025527524,0.7944082,0.8481157,0.012948654,0.98633635,0.97371495,0.0025414675,0.002946909,0.93104154,0.2839015,0.00064583356,0.8939423,0.0009846546
0.6334999,0.0012356532,0.00068734394,0.10243,0.04746531,0.9999211,0.9824353,3.4870347e-05,0.07285955,0.9998029,0.36118835,0.9668287,0.04683841,0.00073378574,0.9071614,0.9225494,0.011977925,0.99181104,0.9916265,0.00059144024,0.0005444781,0.95863867,0.17465647,9.61345e-05,0.9615987,0.0001922825
0.5898546,0.00016020495,0.00010234299,0.06311569,0.009947049,0.9999939,0.99336857,1.972553e-06,0.05340451,0.9999447,0.31016743,0.96284246,0.010557824,0.00012492074,0.96325207,0.98160595,0.008841081,0.99571335,0.9986512,7.901068e-05,4.4184013e-05,0.97108465,0.085546985,6.78985e-06,0.9876539,1.7335842e-05
0.75834197,0.007991717,0.0030896142,0.14278392,0.5703946,0.9995907,0.94644177,0.00024182831,0.10906796,0.9995999,0.4314131,0.9672993,0.5085878,0.003505918,0.70326257,0.58062965,0.0062197507,0.99305636,0.85397756,0.00788614,0.008298086,0.94768304,0.4716126,0.0025480324,0.84488356,0.002761605
0.5549343,6.209572e-05,4.5407916e-05,0.047793627,0.0045490903,0.9999981,0.9958668,5.600721e-07,0.04674747,0.999964,0.292805,0.9599482,0.004280165,5.4278808e-05,0.9724926,0.9929114,0.007385176,0.99656653,0.99950147,3.0744795e-05,1.2860301e-05,0.97031814,0.059089977,2.0784162e-06,0.99131995,5.8186765e-06
0.6002895,0.000120029996,8.037085e-05,0.06120509,0.008607293,0.9999957,0.9941095,1.35198e-06,0.05053983,0.9999609,0.301481,0.968566,0.009403102,9.026327e-05,0.96753836,0.98289526,0.007865402,0.99634236,0.99887925,6.0949827e-05,3.1880194e-05,0.97548836,0.07835538,4.7232347e-06,0.98966634,1.2872473e-05
0.05539225,1.6886908e-06,1.0721766e-05,0.01759355,0.0015372306,0.999997,0.9955974,4.2273567e-07,0.061635975,0.9924366,0.16836233,0.04720588,0.00071014505,0.00016662512,0.6450342,0.99998677,0.009030221,0.9855619,0.9999962,0.00013956577,5.1896154e-07,0.5590363,0.08492101,2.8016873e-06,0.8681243,5.98131e-06
0.57700366,3.4370012e-05,2.5232637e-05,0.04406101,0.0034286117,0.99999917,0.9967744,2.3001985e-07,0.04125635,0.9999825,0.27372825,0.9679124,0.0037809124,2.9519826e-05,0.98073524,0.9934569,0.005983015,0.99761873,0.9996357,1.8306997e-05,6.7849496e-06,0.97996247,0.04949989,9.678733e-07,0.9945551,2.9962891e-06
0.6106393,6.524557e-05,4.3147364e-05,0.054864828,0.006130891,0.9999981,0.99553585,5.5421475e-07,0.044889737,0.99997914,0.28635848,0.9728708,0.007487505,4.9556253e-05,0.9770447,0.98584646,0.006495457,0.9973928,0.99925023,3.4277775e-05,1.6160988e-05,0.98228043,0.06361741,2.149802e-06,0.9933876,6.4396827e-06
0.5999668,0.009314174,0.006025372,0.13887264,0.35275272,0.99898094,0.93825114,0.00071165274,0.10764599,0.99866533,0.40532032,0.9490259,0.22105412,0.00613872,0.44997165,0.8697723,0.009087759,0.9809771,0.95425886,0.010189462,0.0069322013,0.85391814,0.4638909,0.002879398,0.62601167,0.0029711484
0.85384095,0.0053706677,0.0016844992,0.14823066,0.89194083,0.9998491,0.9478286,8.5817395e-05,0.14199613,0.9997961,0.49981403,0.96626854,0.8828137,0.0021877778,0.7818604,0.26650843,0.004136032,0.99788886,0.5113323,0.011299052,0.007913603,0.977426,0.5422302,0.003836629,0.92671055,0.0041442635
0.73754245,0.0097264405,0.00394018,0.14989841,0.48420972,0.9993812,0.94405484,0.00037133094,0.11196209,0.9994252,0.42944357,0.96411663,0.4313197,0.0044364133,0.712987,0.618953,0.008467837,0.99063325,0.87625724,0.008324174,0.009422229,0.94107,0.44496837,0.0027740123,0.84306085,0.0031126237
0.62006456,0.008135564,0.004668538,0.13742137,0.22150742,0.99918836,0.95195127,0.0005252486,0.101800054,0.9989931,0.40876004,0.9572367,0.15019976,0.004571898,0.63933665,0.85519415,0.012034057,0.98185194,0.9644549,0.0053049587,0.005266145,0.89035046,0.36816812,0.0015377773,0.7829254,0.0019474725
0.63045377,0.007423445,0.004044851,0.1349067,0.22870333,0.99933714,0.9544391,0.00041961588,0.09848818,0.9991986,0.40827918,0.96119213,0.15710641,0.003965399,0.65129226,0.8473688,0.010649803,0.98412687,0.96404815,0.004745587,0.0048573203,0.89979327,0.36709538,0.0013427212,0.7936417,0.0017059628
0.59926367,0.0066913194,0.0041019176,0.13142698,0.1989118,0.9993318,0.955792,0.00043595745,0.098101616,0.9990804,0.40434235,0.95903945,0.12184606,0.0038893246,0.60215336,0.889088,0.010666334,0.98219854,0.97322434,0.0044354955,0.0040393393,0.88066566,0.3560887,0.0011892465,0.7603357,0.0015457894
0.62690854,0.007588139,0.0043274667,0.12951577,0.33502534,0.9993137,0.9476277,0.00044997723,0.098575026,0.99912816,0.4090859,0.9560788,0.22699319,0.0045846626,0.5437031,0.8461069,0.008307818,0.9853909,0.9545984,0.007138962,0.00560224,0.88595545,0.44086447,0.0019973712,0.71194565,0.0021628644
0.6304754,0.00815471,0.005200509,0.13326111,0.51277155,0.999204,0.9336447,0.00055105,0.106159285,0.998896,0.4134972,0.9456111,0.36596906,0.005685082,0.41859648,0.8334694,0.0069470047,0.9860881,0.93014,0.013716466,0.0071146823,0.8728179,0.53544855,0.0037606587,0.60731405,0.0034285253
0.58863086,0.00014690119,0.00010004263,0.062816925,0.008884059,0.99999404,0.9937448,1.9743202e-06,0.051985305,0.9999496,0.3119137,0.96850944,0.009068915,0.00010632702,0.96353424,0.9835163,0.008572823,0.9958332,0.9988424,7.068448e-05,3.751168e-05,0.97225285,0.078788586,5.8732453e-06,0.98810136,1.614546e-05
0.59862316,0.00048388363,0.00030840744,0.0817991,0.020528052,0.99997365,0.9889447,1.0349525e-05,0.063334115,0.99987686,0.3405343,0.9650213,0.019819938,0.00032463882,0.9372247,0.9655766,0.011209211,0.99336445,0.99682045,0.00022615885,0.0001587992,0.96180785,0.122237995,2.7555392e-05,0.9763613,6.3542306e-05
0.83099073,0.01149697,0.0059895925,0.18972744,0.9688307,0.99930656,0.90158606,0.00053425477,0.2146883,0.99849355,0.59931,0.8965028,0.9625519,0.0073051387,0.67469823,0.21318461,0.010985979,0.9956709,0.25295788,0.06127364,0.019845232,0.9600217,0.68711853,0.027694926,0.8820512,0.02454759
0.7035651,0.0029077136,0.0013016694,0.12613873,0.15392803,0.99982244,0.9716277,8.291618e-05,0.0867085,0.9997603,0.3813776,0.9694687,0.15985096,0.001498209,0.86779726,0.78995174,0.009923354,0.9924966,0.9681084,0.0017151795,0.0019914347,0.9625111,0.2656385,0.0003780053,0.9418643,0.00060717366
0.5535577,0.003045234,0.0021227733,0.10802569,0.10174705,0.9996946,0.9714976,0.0001793249,0.0850361,0.99934155,0.39306265,0.9580803,0.056651242,0.002046578,0.66278994,0.946303,0.0102489265,0.98507786,0.98921025,0.0018427969,0.0014133191,0.883711,0.27573434,0.0004010324,0.8216011,0.00061218167
0.6434332,0.009130317,0.0057278536,0.13611706,0.5788439,0.99907,0.9283224,0.000658096,0.1113268,0.9986878,0.42877838,0.93786836,0.45048514,0.0065521146,0.4431243,0.79347515,0.007899324,0.9863093,0.9071611,0.017238503,0.00843427,0.88155836,0.5557198,0.005013111,0.6307655,0.0044102916
0.6523797,0.010741104,0.0065127667,0.14385656,0.5887822,0.9989225,0.9232358,0.00077239063,0.11581952,0.9985886,0.4307936,0.9397481,0.4578576,0.0072079287,0.4426166,0.77637786,0.008245447,0.98535085,0.8963633,0.018995464,0.010112587,0.8801473,0.555319,0.0057967277,0.6243484,0.005101841
0.6234192,0.010046481,0.006436633,0.13980843,0.48115873,0.99890864,0.93103755,0.000775142,0.11168031,0.9985226,0.41411552,0.94148606,0.34427607,0.0070362766,0.43953282,0.8288003,0.008813053,0.98332787,0.92808473,0.0149775855,0.008469523,0.8648021,0.52152234,0.0044020913,0.62179667,0.004115271
0.5919167,0.005084435,0.0031491795,0.12382437,0.1457804,0.9995024,0.963262,0.00030659072,0.092639975,0.9992231,0.40148062,0.95946246,0.09126605,0.0029938065,0.6713852,0.90582293,0.011466137,0.98339844,0.9802373,0.0029667544,0.002758795,0.89249665,0.31229147,0.00074908906,0.81567866,0.0010657219
0.52767736,0.003352161,0.002713345,0.10753288,0.1778305,0.9996207,0.9637263,0.00024470247,0.088073164,0.99919623,0.38238132,0.95390105,0.08455325,0.0027277714,0.4348932,0.95410895,0.0068774624,0.98453194,0.9872246,0.0035238888,0.0018434698,0.8375681,0.36578834,0.0007092441,0.649743,0.0008952087
0.568755,0.0058357683,0.0039746026,0.12332947,0.21444583,0.9993679,0.9556096,0.00041840662,0.09586552,0.99900526,0.39875773,0.95466596,0.120164156,0.003924059,0.50902313,0.916482,0.009146361,0.9823307,0.9772717,0.00491796,0.00349706,0.8576381,0.3811162,0.0012166637,0.69278127,0.0014866395
0.8078098,0.010782009,0.004188514,0.15923649,0.8620362,0.99948764,0.9256295,0.0003439852,0.14275531,0.9993894,0.49734896,0.95431465,0.8289672,0.004920789,0.6626867,0.3704975,0.006298157,0.99498874,0.58547765,0.021711694,0.014598579,0.9546494,0.59273607,0.00833745,0.8431025,0.007910295
0.59032685,0.00015947277,0.00010005914,0.063375205,0.009967592,0.99999404,0.9936041,1.9676495e-06,0.05250159,0.99994874,0.3118042,0.96634,0.010488785,0.00011702475,0.9626851,0.98132217,0.008456403,0.9958631,0.9986779,7.6721626e-05,4.256093e-05,0.97196925,0.084223375,6.3875154e-06,0.98747766,1.6801521e-05
0.5898196,0.00591013,0.0037024005,0.1262547,0.18423025,0.9994066,0.95853263,0.00038192127,0.09530318,0.9991227,0.4028083,0.958274,0.111413814,0.0035681296,0.6045712,0.9009593,0.010478263,0.9828195,0.9767983,0.0039596967,0.0034484202,0.87958646,0.3479531,0.0010255064,0.76546955,0.0013466297
0.8161303,0.008747273,0.0030281532,0.15298264,0.82190037,0.99964714,0.93754154,0.00021833011,0.13274118,0.9996105,0.48006052,0.96339625,0.7924542,0.0036621408,0.7162303,0.36912128,0.005482765,0.99578685,0.6378634,0.014116824,0.011543167,0.96263814,0.5456581,0.0050899736,0.8747252,0.00518734
0.8909787,0.0033362424,0.0009230953,0.14257503,0.9588048,0.9999422,0.9537593,3.154e-05,0.16000396,0.9998927,0.5387169,0.9673822,0.95521224,0.0013066075,0.8103342,0.17029439,0.002684914,0.9990728,0.3177553,0.011017301,0.005702451,0.98582447,0.57679534,0.0036566886,0.95269024,0.00395898
0.54949284,0.0017888577,0.0012032194,0.09378997,0.071440205,0.9998497,0.9783069,7.852762e-05,0.077552885,0.99955446,0.37810534,0.95373774,0.04326045,0.0012973438,0.75171465,0.9569899,0.009791293,0.98819786,0.9926319,0.0010458909,0.0007575253,0.90225893,0.23934588,0.00020065185,0.8790654,0.00032052645
0.525298,0.00022921848,0.00017631154,0.06211867,0.0102244755,0.9999876,0.9926984,4.45106e-06,0.05858195,0.999876,0.33346906,0.9565221,0.0071469294,0.00018335923,0.9331234,0.98940617,0.0096015185,0.99371403,0.998882,0.00010409831,5.388607e-05,0.94528824,0.091555566,1.1199528e-05,0.97582686,2.8202216e-05
0.6428825,0.0012765962,0.0006909934,0.10364164,0.05292603,0.99992085,0.98181087,3.42292e-05,0.07357943,0.99981064,0.36030525,0.96673435,0.053346135,0.00076109695,0.90721923,0.91360146,0.011552142,0.9921461,0.99051136,0.0006288763,0.0005926391,0.9602019,0.18225636,0.00010426403,0.9616413,0.00020368959
0.8877672,0.0041701454,0.0012006743,0.14572796,0.96058905,0.9999194,0.948105,4.5672434e-05,0.16131449,0.9998578,0.5423585,0.9654935,0.95494854,0.0016304494,0.78476244,0.17518586,0.0029140008,0.9988728,0.30925065,0.013877044,0.0071313474,0.9832265,0.59880656,0.004850558,0.9417959,0.005049037
0.7239384,0.0067188377,0.0037115507,0.13294573,0.8125749,0.99954516,0.9278321,0.0003166889,0.118642695,0.9992568,0.47352484,0.93912065,0.73818994,0.0044873706,0.49186397,0.63976437,0.005393835,0.9932683,0.7910587,0.021175446,0.0077033415,0.9265366,0.6267729,0.0060362793,0.70725447,0.005049171
0.82297134,0.008883635,0.0031621198,0.15301126,0.87249714,0.99965656,0.93218064,0.00021810393,0.13738373,0.9995925,0.49394163,0.9612052,0.84018445,0.0037584477,0.67859465,0.35234934,0.004915182,0.9961063,0.5773334,0.017690293,0.012252801,0.96087635,0.5879703,0.0065112435,0.8573533,0.006255412
0.614272,0.00024387284,0.00014886245,0.072670214,0.014656133,0.9999896,0.9918818,3.6064102e-06,0.055839024,0.9999403,0.31918585,0.9695439,0.0161377,0.00016803172,0.9568622,0.97064006,0.008898224,0.9955136,0.997875,0.000120108634,7.6061195e-05,0.9732623,0.099566296,1.1364399e-05,0.9853044,2.8884237e-05
0.7543777,0.004223544,0.001640091,0.13622741,0.35471147,0.9997807,0.96347183,0.00010712163,0.10080739,0.99974865,0.40943506,0.9687373,0.3669624,0.0020405953,0.8406669,0.632467,0.008050971,0.9943381,0.9137213,0.003398406,0.003810993,0.96702874,0.34803954,0.00088600756,0.9316777,0.0012206266
0.59360826,2.5550866e-05,1.8148034e-05,0.0425549,0.0030700092,0.9999994,0.99713045,1.4296526e-07,0.0386368,0.9999881,0.26425198,0.97073144,0.0038422812,2.2078644e-05,0.98466116,0.993155,0.0053987904,0.99808156,0.9996728,1.4265588e-05,5.14912e-06,0.9845018,0.045665156,6.704776e-07,0.9959353,2.1585597e-06
0.5734276,2.1889937e-05,1.643572e-05,0.03957949,0.002531859,0.9999995,0.997436,1.2288851e-07,0.037726033,0.99998796,0.263943,0.97101825,0.0028362507,1.871557e-05,0.98409665,0.9950486,0.0051592095,0.99805933,0.99975294,1.1770402e-05,3.8969415e-06,0.98255277,0.041486774,5.3737597e-07,0.9957611,1.7985429e-06
0.5684036,0.005979976,0.0042088376,0.12334102,0.2660429,0.9993523,0.95128715,0.00043828553,0.09681216,0.99898297,0.39495382,0.9528915,0.1484938,0.004237221,0.4433803,0.9154488,0.0078878375,0.9828402,0.9739551,0.006281735,0.0038640243,0.8488294,0.42170084,0.0015204374,0.63446087,0.0017094022
0.71786803,0.011818499,0.0056864703,0.15096368,0.6430786,0.9991297,0.9271344,0.00059532764,0.119569555,0.9990639,0.4448152,0.9532046,0.54645765,0.0062476387,0.56205785,0.6415993,0.007757008,0.98927885,0.8386493,0.016356904,0.012307966,0.916848,0.54374474,0.0056135086,0.7351973,0.0052878954
0.633999,0.0013120988,0.00073429255,0.10385123,0.05058024,0.99991536,0.98182136,3.771553e-05,0.07360386,0.9997974,0.36238095,0.9669834,0.048832487,0.00077120686,0.90215546,0.91946054,0.011770148,0.9915916,0.9911246,0.0006283269,0.0005934722,0.9574058,0.18004373,0.00010525509,0.9591512,0.0002070414
0.67346793,0.020472618,0.013419041,0.17692323,0.76899004,0.99700814,0.8873087,0.0024930325,0.15658967,0.995669,0.48707363,0.8927668,0.70122623,0.015849393,0.4772201,0.62059015,0.01718746,0.9804059,0.74516284,0.053736057,0.022581642,0.8819191,0.6178387,0.021019153,0.66031927,0.01728896
0.52388537,0.0014298918,0.0010173095,0.089112416,0.048143126,0.9998654,0.9808075,6.633076e-05,0.077704534,0.99944884,0.37328172,0.94100344,0.031048834,0.001202694,0.7978653,0.96829736,0.01258832,0.98719656,0.99471706,0.00084148964,0.00054367824,0.9007556,0.20357624,0.00015218662,0.90460193,0.00026099017
0.37031177,0.00010249436,0.00014482246,0.047296,0.011411033,0.99998724,0.9921395,4.2873903e-06,0.06101158,0.9996848,0.30571675,0.8749527,0.004965538,0.00024211437,0.76424104,0.9977043,0.0068041408,0.99217117,0.9995871,0.00015744857,2.9448602e-05,0.8591081,0.11900998,1.3277006e-05,0.91821104,2.776796e-05
0.6562907,0.002493821,0.0012759907,0.119399205,0.088317335,0.9998223,0.97502,8.594851e-05,0.082296066,0.99970335,0.37748218,0.9667386,0.08552414,0.0013547816,0.8730157,0.87074125,0.012416305,0.9902174,0.982788,0.0012538992,0.0013523916,0.9536959,0.22517379,0.00025582855,0.9429568,0.0004487271
0.39725003,0.0007098767,0.0009495744,0.06843749,0.12772049,0.99988604,0.97703093,6.701954e-05,0.07123854,0.9993406,0.32766774,0.9194439,0.049010325,0.0013489499,0.25491768,0.99089783,0.0038214547,0.9889417,0.996965,0.0022673209,0.00035738677,0.77307785,0.36711437,0.00024200384,0.5146022,0.00028742186
0.66309667,0.0014836533,0.0007667128,0.10913892,0.06917621,0.99990904,0.97989136,3.8780967e-05,0.07627115,0.9998116,0.36290038,0.96730924,0.07445628,0.00087768986,0.9062502,0.88624924,0.011306006,0.99261194,0.9866889,0.000793647,0.0007747551,0.9640151,0.19967285,0.00013684036,0.9614358,0.0002565929
0.7951494,0.0066996887,0.002424868,0.14731386,0.6629363,0.99969983,0.9494478,0.00016833657,0.12013723,0.99967873,0.44910723,0.9660629,0.64721674,0.0029771323,0.7779141,0.45588714,0.006451106,0.9953011,0.77642375,0.007959886,0.007787924,0.9653787,0.46330434,0.0025667592,0.9046882,0.0029525722
0.9304283,0.0010179247,0.00023786016,0.13122113,0.9888615,0.99999225,0.96949244,3.5557914e-06,0.19229844,0.99997246,0.58880013,0.9687755,0.988846,0.0004115608,0.88357127,0.08516734,0.0013537232,0.9997882,0.1487982,0.0066402885,0.0022143521,0.9945009,0.57431185,0.0019027167,0.9841398,0.0022429554
0.8139927,0.010044158,0.0038243257,0.15754552,0.87119985,0.9995504,0.9278238,0.00029878283,0.14309257,0.99945205,0.5006907,0.9553255,0.8415606,0.0045499327,0.67392874,0.35490954,0.0059669064,0.9954796,0.5700214,0.020836877,0.013833823,0.9577413,0.59299916,0.007926451,0.85314417,0.0075651025
0.7628719,0.009943383,0.0039927997,0.15284021,0.61580503,0.9994343,0.9400374,0.00034519678,0.119061954,0.9994536,0.44160786,0.96328306,0.5626086,0.004453928,0.70133525,0.53926873,0.007479738,0.9923672,0.814333,0.010634174,0.010711913,0.9461588,0.48628765,0.003672106,0.8461485,0.0039504827
0.78419226,0.009521136,0.0034941982,0.15494837,0.6656849,0.99951696,0.9409243,0.00028830775,0.12265527,0.9995382,0.44860888,0.9648125,0.6289733,0.004061194,0.7286977,0.4738292,0.0069924495,0.99371535,0.7740878,0.010666742,0.010989643,0.95516384,0.48509613,0.0037354645,0.8686648,0.0040431567
0.78137904,0.0032377432,0.0012162002,0.13702527,0.4191087,0.99985504,0.96613073,6.665967e-05,0.10528485,0.99981743,0.41225177,0.96899647,0.46149656,0.0016032952,0.87173223,0.5616199,0.007310439,0.99603313,0.88773423,0.0031270478,0.0031915165,0.9764578,0.3401399,0.000776754,0.95278794,0.0011094729
0.71190387,0.0076642325,0.003434668,0.13818516,0.4202983,0.9995073,0.95007336,0.00029579038,0.10382367,0.99947435,0.41858616,0.9638711,0.35185036,0.0037492125,0.69738835,0.69708514,0.00798787,0.9904113,0.91277784,0.00648649,0.0066667236,0.9337795,0.43413588,0.0019715955,0.83484626,0.002268686
0.8049466,0.010745645,0.0046126978,0.16025022,0.9029148,0.99944204,0.91794163,0.00039615502,0.15175723,0.9992106,0.5189704,0.9429712,0.8748858,0.0054848637,0.62498605,0.36338368,0.006652948,0.99497664,0.5272176,0.029992525,0.01508974,0.9514925,0.63347703,0.011532628,0.8254617,0.0103629725
0.8702296,0.005163974,0.0016814001,0.15037362,0.94988024,0.99987364,0.94282126,7.6828e-05,0.16254747,0.9997857,0.54106253,0.9594762,0.94281346,0.0022320556,0.7673401,0.2045164,0.0037815808,0.9983912,0.3528576,0.01619838,0.008569152,0.97902393,0.6056276,0.0058979397,0.92904025,0.0059412746
0.810253,0.011599358,0.0045082495,0.16391529,0.86778545,0.99942493,0.92398524,0.00039158724,0.14906305,0.9993098,0.5048367,0.9514102,0.8414178,0.005384662,0.6798868,0.34614214,0.007090736,0.99488765,0.555449,0.02350538,0.015965983,0.9562176,0.5893271,0.009347324,0.85522074,0.008975278
0.602037,0.005913277,0.0035785323,0.12067296,0.24774471,0.9994392,0.95544595,0.0003571323,0.09349671,0.99917185,0.40171677,0.954882,0.15911007,0.0038152514,0.5715146,0.8860333,0.008828896,0.98500013,0.97021604,0.005029562,0.0038552498,0.8820441,0.39856276,0.0013052119,0.7381864,0.0015240678
0.5118865,0.002532377,0.0019588505,0.09716351,0.11696536,0.99970895,0.971235,0.00017304528,0.0826403,0.99922013,0.38145483,0.94581455,0.061240006,0.0022161324,0.55730426,0.96197,0.00870746,0.98539007,0.99107915,0.002234556,0.0012083229,0.85626113,0.30867538,0.0004423243,0.75328654,0.0006060538
0.7405169,0.008101428,0.0032220278,0.14732508,0.42729545,0.99949837,0.95019776,0.00028545642,0.10872483,0.9995215,0.42247012,0.96563816,0.39556894,0.0037108017,0.75764036,0.625738,0.008757227,0.9913517,0.8924493,0.006414349,0.0076321354,0.94885063,0.4103823,0.0020230368,0.8746488,0.002422703
0.6936032,0.002188539,0.0010159453,0.11995348,0.11391362,0.9998684,0.9754456,5.9230002e-05,0.081847675,0.9997981,0.3720872,0.97004896,0.12163552,0.0011693587,0.8858878,0.82757485,0.010045609,0.992815,0.9773391,0.0012279383,0.0013715285,0.9647961,0.23604949,0.00024525207,0.95138943,0.0004217413
0.5475066,2.1718824e-05,1.6772929e-05,0.037366375,0.0021302495,0.9999995,0.9974498,1.2600299e-07,0.03871453,0.99998283,0.26509118,0.9605215,0.0023480733,2.1229826e-05,0.9845105,0.99623567,0.006105477,0.9977373,0.99978477,1.1988079e-05,3.7100292e-06,0.97887474,0.039171956,5.6161514e-07,0.99575424,1.7775046e-06
0.64677584,8.593163e-05,5.187889e-05,0.061420057,0.008956677,0.9999974,0.99456525,6.99216e-07,0.047397897,0.9999788,0.28420433,0.97171795,0.013666011,6.90877e-05,0.9793761,0.97476494,0.0069072978,0.9975962,0.9986827,5.0878818e-05,2.714846e-05,0.98601216,0.07496267,3.3823153e-06,0.99411327,9.54652e-06
0.66116047,0.011537929,0.0068209753,0.14647539,0.6108437,0.99884015,0.9214422,0.00083725946,0.118782386,0.99850994,0.43658936,0.938482,0.48951197,0.00766811,0.45802057,0.75209373,0.008731109,0.9855332,0.88183516,0.020485276,0.011128838,0.88500535,0.5607665,0.0065003885,0.64070785,0.0057135765
0.79299396,0.0034134344,0.0011811183,0.13543424,0.47998062,0.9998627,0.96510726,6.311576e-05,0.10602026,0.9998369,0.41755608,0.97117716,0.5123762,0.0015867248,0.8598175,0.5311606,0.0061697518,0.9964592,0.86857575,0.0034030408,0.0035199164,0.97673744,0.3623593,0.00087299955,0.9472149,0.0011969558
0.8056855,0.005703281,0.0019482754,0.14631411,0.6635963,0.99976736,0.9536173,0.00012380461,0.1192226,0.9997477,0.4456737,0.9684503,0.6611767,0.0024606346,0.8030096,0.43493813,0.0059997695,0.9960471,0.7718544,0.0068036313,0.0067123245,0.9709174,0.44259167,0.0020983855,0.9207845,0.0025091209
0.8746593,0.005149812,0.001577694,0.14816171,0.9485886,0.99988055,0.94365853,7.055168e-05,0.15585862,0.9998086,0.5337139,0.96376926,0.9400781,0.0020532932,0.76264304,0.2043895,0.0033987048,0.9984548,0.36143774,0.015328642,0.008424274,0.97934455,0.6001953,0.0054715704,0.92710394,0.005571851
0.59112155,3.4333814e-05,2.4365307e-05,0.045444105,0.0036420503,0.99999917,0.9967495,2.2614122e-07,0.04066482,0.9999846,0.2707603,0.9707818,0.0043661343,2.8552475e-05,0.98197776,0.99222285,0.005802301,0.99779874,0.9996024,1.8844716e-05,7.056104e-06,0.98267555,0.04990672,9.604091e-07,0.9950153,3.0518213e-06
0.80652744,0.008168204,0.0028447756,0.1510617,0.7597269,0.99965847,0.9421442,0.00020194335,0.12593025,0.9996438,0.4627123,0.96593064,0.7281426,0.0034154933,0.733025,0.41103244,0.0056440327,0.9954457,0.7058316,0.01117588,0.010174651,0.96220976,0.51317275,0.003871345,0.88079715,0.0040936586
0.91314375,0.00195908,0.00050840335,0.13842657,0.98034453,0.99997723,0.96080303,1.1581347e-05,0.17985857,0.99994135,0.56880593,0.96686894,0.9792206,0.00079222687,0.8455787,0.11817938,0.0019294654,0.99954814,0.20687893,0.009378403,0.003846576,0.99083966,0.58831286,0.0030009227,0.9712753,0.0033225324
0.86510766,0.0049436116,0.0014870705,0.145695,0.9223941,0.9998796,0.94791424,6.942591e-05,0.14643288,0.9998222,0.51464546,0.9662669,0.91389465,0.0019797527,0.7792199,0.23507847,0.003587149,0.998292,0.44516513,0.012126165,0.0076204385,0.9793683,0.5647531,0.004133189,0.9296761,0.0043719835
0.8169101,0.0099156555,0.0036949397,0.15677914,0.8735982,0.9995746,0.9280975,0.00027941677,0.14143458,0.99948883,0.49814203,0.95729,0.8418856,0.0043679504,0.6685859,0.35538632,0.0055816085,0.9956163,0.569215,0.020371417,0.013668877,0.9578696,0.59465003,0.0077244486,0.8499878,0.0073423367
0.61966175,0.009961947,0.0064357207,0.14081559,0.4754734,0.99892765,0.92988276,0.00076241774,0.11130677,0.9985752,0.41298908,0.9431742,0.33079872,0.0068508014,0.42076486,0.83723456,0.008404862,0.98300016,0.93221265,0.014792285,0.008395128,0.8609001,0.5200537,0.0042785536,0.6013345,0.0039735506
0.67185086,0.013970935,0.0072915377,0.1544209,0.47135338,0.99866426,0.92801166,0.0009235074,0.11819005,0.99862695,0.42818624,0.950102,0.36739883,0.007753386,0.5595877,0.7364569,0.010752764,0.9832871,0.9004502,0.014206723,0.012408151,0.8931139,0.4906476,0.004945413,0.7152208,0.0049279346
0.7492579,0.011934152,0.005589292,0.15441528,0.7747043,0.9991904,0.9209345,0.0005697262,0.13123497,0.99903655,0.4728159,0.94687265,0.7085892,0.00641458,0.57548267,0.53911054,0.007568608,0.9915672,0.7407793,0.022569923,0.014044967,0.92996603,0.5878722,0.008126773,0.76127976,0.0073304945
0.58715963,7.992846e-06,6.093396e-06,0.032013956,0.001413379,0.9999999,0.9983431,2.7286234e-08,0.030922389,0.99999523,0.2378172,0.9741746,0.0019422807,7.470026e-06,0.9911143,0.9966292,0.0038967188,0.99883014,0.99987197,4.837475e-06,1.2912883e-06,0.989134,0.030046718,1.5582145e-07,0.99795014,5.7926036e-07
0.5860263,8.2861254e-05,5.5707365e-05,0.054687325,0.0063629043,0.9999974,0.9952554,7.96606e-07,0.047495686,0.9999684,0.2954885,0.9681846,0.0067148614,6.34818e-05,0.9713117,0.9880128,0.0071887868,0.9967579,0.9992483,4.0814437e-05,1.932522e-05,0.97574246,0.0671839,2.814762e-06,0.9910652,8.037984e-06
0.8788622,0.0049045254,0.0014337532,0.1502089,0.9468693,0.99988997,0.94660854,6.254161e-05,0.1584784,0.9998253,0.53096116,0.9650849,0.940849,0.001916866,0.7840634,0.1939981,0.0034416036,0.9985827,0.35173932,0.013979806,0.008052901,0.9815089,0.5802176,0.004981601,0.93791056,0.005254899
0.59479177,1.7967166e-05,1.286911e-05,0.039470784,0.0024861265,0.99999964,0.99758863,8.617236e-08,0.035954025,0.99999154,0.2551278,0.97321284,0.0032440387,1.5518168e-05,0.987071,0.99419665,0.004747211,0.9983997,0.99974984,1.02934e-05,3.4031489e-06,0.9866562,0.040360264,4.2356814e-07,0.9967159,1.450337e-06
0.58582,2.077651e-06,1.6652107e-06,0.022687403,0.0005738261,1.0,0.9991059,3.8285153e-09,0.023470636,0.99999833,0.20864834,0.97563714,0.0009692416,2.257737e-06,0.99579144,0.99842936,0.0028122398,0.9993543,0.99995375,1.4193486e-06,2.7355443e-07,0.9933323,0.01853996,3.005272e-08,0.9991817,1.2630076e-07
0.7015998,0.006388475,0.0028341317,0.13692462,0.29032552,0.99956924,0.9572508,0.0002423192,0.09865936,0.99953425,0.4089421,0.96579295,0.25185978,0.0031039035,0.76203126,0.73736495,0.0094774505,0.98989177,0.9403222,0.004274718,0.0049911393,0.9407756,0.36778224,0.0012203802,0.875306,0.0015829781
0.58374655,0.0059805596,0.0039004653,0.12785141,0.17990308,0.9993741,0.9578654,0.00040747153,0.0968359,0.9990596,0.40203393,0.95773137,0.105193906,0.0036584625,0.59002125,0.9069271,0.0106243,0.9818646,0.9777525,0.004048558,0.003458529,0.87305486,0.34592524,0.0010444243,0.75437236,0.0013764774
0.7787701,0.009035697,0.0033947611,0.15277715,0.6374789,0.9995315,0.94273716,0.00027677917,0.12006493,0.9995468,0.44416845,0.9648041,0.6008567,0.0039316798,0.7333777,0.49475566,0.007094091,0.993555,0.7947078,0.009817727,0.010189116,0.9546509,0.476725,0.0033672012,0.8704588,0.003695461
0.67089486,0.0029890635,0.0014710256,0.12069905,0.12684536,0.9997999,0.97174746,9.760309e-05,0.085108146,0.999696,0.38396096,0.9665794,0.11797134,0.0016137004,0.8502528,0.84310627,0.010869468,0.99072987,0.9760502,0.0016394578,0.0018051912,0.9513562,0.26487008,0.00036206574,0.93010676,0.00058263756
0.59648305,0.006178553,0.0038231958,0.12860623,0.18356824,0.9993826,0.9579186,0.00039556087,0.09653611,0.9991185,0.40347618,0.9587981,0.11240554,0.0036440317,0.61731803,0.8951228,0.010780738,0.9825331,0.975496,0.004015485,0.0036420466,0.881998,0.3469914,0.0010598996,0.77287436,0.0014003144
0.7366458,0.010136396,0.0043914192,0.14613634,0.6136783,0.99936515,0.93620527,0.0004108609,0.114782624,0.99934584,0.44316214,0.95950985,0.53474593,0.0049306126,0.63378257,0.60867167,0.007193233,0.99115807,0.84327495,0.012001214,0.0105052125,0.9328246,0.51318365,0.004051845,0.7921976,0.00405152
0.617395,0.00054907944,0.00032996738,0.086188555,0.02501218,0.99997044,0.9880518,1.1642897e-05,0.064098336,0.99988353,0.3400956,0.96705955,0.025685733,0.00035724504,0.93652374,0.95477206,0.010799488,0.9936293,0.9959798,0.00026324083,0.0001998019,0.965345,0.13054149,3.300668e-05,0.976143,7.4716445e-05
0.8146333,0.0035388276,0.0012324385,0.14081019,0.647384,0.99987257,0.96200424,6.1893006e-05,0.118755735,0.9998323,0.44450858,0.9683906,0.6725721,0.0016481463,0.85498774,0.42610276,0.005841686,0.99717253,0.78074,0.0046402686,0.0040977434,0.9791813,0.40427455,0.0012627736,0.95119166,0.0016564485
0.6016319,0.0072621247,0.0047330544,0.12833846,0.3881967,0.9992692,0.9423274,0.00049879233,0.10044072,0.9989679,0.40213683,0.95043516,0.24681707,0.0050229705,0.42569026,0.8768893,0.007169832,0.9846334,0.95605737,0.009510026,0.0055354405,0.8613022,0.48394892,0.002476332,0.612774,0.0024564702
0.59212786,0.00010691173,7.1410985e-05,0.058822818,0.0076277656,0.9999963,0.99452025,1.1525007e-06,0.04973449,0.99996233,0.30135572,0.9676092,0.008122234,8.12329e-05,0.96886796,0.98524725,0.0077725193,0.9964173,0.9990397,5.2541527e-05,2.701337e-05,0.9750621,0.073428586,3.991356e-06,0.99018455,1.0961672e-05
0.84493965,0.005582169,0.001707084,0.14738317,0.858457,0.9998324,0.949391,9.4541654e-05,0.13584593,0.99978644,0.4885662,0.9670769,0.8505351,0.0022827305,0.7880597,0.2933595,0.004465146,0.99758255,0.5714945,0.010141492,0.007897082,0.9764815,0.5175592,0.0033841094,0.92542636,0.003721806
0.61758083,0.00687077,0.0045762532,0.12604716,0.51373166,0.9993197,0.9362,0.0004682636,0.1016042,0.99897015,0.4119445,0.9436082,0.36405456,0.0051224115,0.39744705,0.85350525,0.0063692536,0.9868029,0.9385176,0.013120228,0.005893873,0.87109923,0.54015404,0.0033382631,0.589001,0.0029782804
0.7182308,0.0011010373,0.0004997855,0.10993023,0.096058235,0.99994683,0.9812594,1.9760322e-05,0.076707035,0.9998989,0.35347632,0.971628,0.124339834,0.000652236,0.9283084,0.82653207,0.008519479,0.9956316,0.9805258,0.00071258825,0.0007019667,0.97814834,0.20310648,0.00011537909,0.97386575,0.00021755291
0.76044905,0.0022315353,0.0008783922,0.12734437,0.26015595,0.9998965,0.972554,4.3444266e-05,0.093905166,0.9998542,0.38978884,0.9703389,0.3087772,0.0011797453,0.89781666,0.6682296,0.007815416,0.9959319,0.93919426,0.001813766,0.0018861289,0.9777234,0.2829031,0.0003872917,0.96255213,0.0006135836
0.60632795,0.00011885562,7.782471e-05,0.06197063,0.008678291,0.9999957,0.9941332,1.3383399e-06,0.050166707,0.9999634,0.30168736,0.9699305,0.009865016,8.784519e-05,0.9689451,0.9817485,0.007833002,0.9964887,0.9988557,6.030088e-05,3.1915693e-05,0.97725904,0.07715386,4.622507e-06,0.99026805,1.2775785e-05
0.55334634,7.778212e-05,5.8815574e-05,0.05079153,0.0052073374,0.99999726,0.99548644,8.252152e-07,0.04816477,0.9999585,0.29992607,0.9640136,0.004564651,6.2788466e-05,0.96766627,0.9922925,0.0075415075,0.9962597,0.99943036,3.7164515e-05,1.5960833e-05,0.9680008,0.06276634,2.6932184e-06,0.98969203,7.727174e-06
0.7371649,0.00078011915,0.00039173584,0.104065225,0.12136696,0.99996674,0.98272693,1.1866293e-05,0.0807109,0.999912,0.35407215,0.9646177,0.1694051,0.0005584882,0.94091594,0.80900085,0.008486314,0.9966537,0.97613746,0.0006657416,0.00053594273,0.98241377,0.20974803,0.000100166726,0.9808925,0.00018938865
0.6586725,0.0056539564,0.0028226273,0.1292503,0.21296436,0.99957436,0.96066415,0.00024621477,0.09339277,0.99947184,0.40287808,0.9640704,0.16440265,0.002914217,0.7376363,0.82240885,0.010070868,0.98766994,0.9637539,0.0034213345,0.0037770225,0.9254309,0.34315085,0.0009215798,0.85722196,0.0012380347
0.71708566,0.010518758,0.004836547,0.14534399,0.5984389,0.99928063,0.9332467,0.0004762886,0.11290475,0.99924433,0.4389002,0.95767844,0.5004928,0.0053510517,0.58213943,0.65927213,0.007140429,0.9898437,0.86285704,0.012957782,0.010582255,0.9209358,0.52188104,0.004299165,0.7479434,0.0041515594
0.60124874,0.0029874071,0.0017921398,0.11404825,0.08284939,0.9997429,0.97344005,0.00013872354,0.08412408,0.9995016,0.39044502,0.9617485,0.060129527,0.0017282399,0.80570763,0.91880953,0.013003337,0.98648167,0.98698735,0.0014425685,0.0013990133,0.9229673,0.23939465,0.00031696048,0.90447474,0.0005328638
0.8239872,0.008339654,0.0029516346,0.15309922,0.86219895,0.9996768,0.93618405,0.00020445039,0.13956077,0.99960595,0.49557546,0.960317,0.8385407,0.003623353,0.71759367,0.33570376,0.0054001883,0.99630475,0.57796156,0.015922872,0.011439074,0.96492344,0.56752396,0.005813438,0.88211364,0.005855665
0.53810394,1.673404e-05,1.3473719e-05,0.034546252,0.0018297326,0.99999964,0.9978229,8.7558924e-08,0.036638837,0.999987,0.263517,0.96716654,0.0017338959,1.5247064e-05,0.9837753,0.9971673,0.004986976,0.99799263,0.99984,8.603376e-06,2.5432828e-06,0.97821885,0.036162842,3.8096476e-07,0.9955786,1.3022267e-06
0.5689892,7.99149e-06,6.2458425e-06,0.031057913,0.0012825467,0.9999999,0.99838793,2.8073945e-08,0.031255573,0.9999944,0.2398381,0.9716243,0.001660475,7.652512e-06,0.99068516,0.99722654,0.0040868875,0.9987349,0.99988604,4.723712e-06,1.2137857e-06,0.98752546,0.028949857,1.5410936e-07,0.99780566,5.669416e-07
0.09304664,0.0004738198,0.0029943243,0.08338026,0.15066524,0.99515045,0.9233984,0.002083609,0.15222971,0.60145473,0.23483385,0.03486973,0.095818795,0.03239718,0.14313927,0.9989256,0.057650138,0.86521685,0.99916327,0.0770029,0.0003759719,0.40522584,0.5208749,0.0045757466,0.26458934,0.0039562155
0.74224055,0.0077550705,0.003113913,0.1397465,0.5364646,0.99958104,0.94788074,0.00024994428,0.106358014,0.99957544,0.4307898,0.96648526,0.46817,0.003521581,0.6949584,0.61799234,0.0064947614,0.9925332,0.8741724,0.007457113,0.0076379874,0.9435789,0.46477172,0.0023367528,0.83793235,0.00256105
0.5503469,0.004805459,0.0035541637,0.11979802,0.16803612,0.9994461,0.96038604,0.00036213803,0.09454209,0.9990107,0.39494336,0.9546646,0.08782281,0.0033886107,0.51913625,0.93603575,0.009527654,0.98183364,0.98349124,0.003818631,0.0026270049,0.85176945,0.34689334,0.0008930966,0.70882523,0.0011805107
0.64912796,9.516938e-05,5.7569792e-05,0.063107066,0.009874307,0.999997,0.99428093,8.1016066e-07,0.048185147,0.99997807,0.28571588,0.9730641,0.01427111,7.407815e-05,0.97683436,0.9734938,0.0066607264,0.9974922,0.99857724,5.527287e-05,3.057606e-05,0.9851656,0.079289205,3.8455437e-06,0.9932243,1.0726961e-05
0.89870983,0.0035208582,0.0010146725,0.14750655,0.97208065,0.99993944,0.9502379,3.3589233e-05,0.1728957,0.99987805,0.5581227,0.96425337,0.9684917,0.0013874129,0.8018794,0.14536577,0.0027056797,0.99914,0.24734874,0.013873065,0.006419277,0.9858974,0.6042647,0.004888949,0.9534035,0.0051419814
0.7441654,0.0025148047,0.0010332188,0.12590864,0.23249893,0.99987483,0.97161,5.4436077e-05,0.09092629,0.99983084,0.38612372,0.9703973,0.25998327,0.0013104279,0.8817641,0.7092139,0.007994821,0.99500954,0.9490131,0.0018586789,0.0020234324,0.9724869,0.29011926,0.0004073729,0.95269,0.00063447305
0.65106493,0.030855833,0.019763784,0.19139713,0.65812916,0.9944999,0.8794639,0.004628686,0.16135994,0.9934232,0.47221842,0.89378303,0.5820289,0.022862071,0.49751604,0.6443769,0.024772435,0.9699135,0.7851804,0.05370767,0.031436574,0.8603179,0.57394916,0.023607012,0.65474135,0.020308048
0.76793724,0.00906434,0.0048137484,0.15194736,0.8993807,0.9993918,0.91319126,0.00044607185,0.14523682,0.998966,0.5162138,0.92656654,0.8638885,0.005782705,0.5419676,0.47269362,0.0068445266,0.9939043,0.6076553,0.03535834,0.012145613,0.9382166,0.66115385,0.011996026,0.7630535,0.009993888
0.6063636,0.0029897047,0.001762216,0.11674019,0.07868052,0.9997429,0.97372264,0.00013829983,0.084776126,0.9995105,0.3890882,0.962134,0.06000641,0.0016917242,0.8230596,0.9134736,0.013748396,0.9864705,0.98690563,0.001397241,0.0014085344,0.9278866,0.2297871,0.00030584334,0.91437024,0.0005263971
0.48660845,0.001770015,0.0017035868,0.093559496,0.10404276,0.99977535,0.9741034,0.00013477463,0.08177865,0.9992964,0.37154007,0.9516501,0.043000486,0.0017279653,0.4526851,0.9772086,0.0066962913,0.9859666,0.9941485,0.0018560066,0.00080885744,0.8298637,0.29680768,0.00031302738,0.69358164,0.00045968452
0.56754345,1.3929336e-05,1.0684407e-05,0.035037454,0.0018414028,0.99999976,0.9979395,6.346285e-08,0.034772325,0.9999912,0.25277305,0.9710707,0.0021246264,1.2501696e-05,0.9870194,0.9964154,0.0046006083,0.99837214,0.9998311,7.765396e-06,2.2534714e-06,0.9842554,0.03532291,3.051572e-07,0.9966786,1.0672702e-06
0.60969174,2.3615952e-05,1.6340731e-05,0.043094557,0.0031119997,0.9999995,0.9971718,1.25414e-07,0.037655994,0.9999901,0.2584616,0.9727571,0.0043516876,2.0427293e-05,0.9865645,0.992101,0.005211545,0.9982843,0.99965596,1.3949902e-05,4.9845294e-06,0.9871191,0.045052115,6.173314e-07,0.9965402,2.0430716e-06
0.6143855,0.0092303865,0.005699567,0.137471,0.3665451,0.99904984,0.93937296,0.00065702724,0.10584362,0.99879956,0.40879655,0.9511462,0.24081877,0.0058741393,0.47860673,0.8524834,0.008915667,0.98260295,0.9500233,0.009862258,0.007008968,0.86635786,0.46603957,0.0028343701,0.6528582,0.0029287739
0.6875259,0.00415431,0.0019055242,0.13176756,0.16600667,0.9997137,0.9671853,0.00014719857,0.09061463,0.9996464,0.39103115,0.9678734,0.15594968,0.0020558224,0.832331,0.796149,0.010931057,0.9902082,0.9661341,0.0023054148,0.0027893055,0.9509704,0.28590164,0.0005628129,0.9193775,0.0008584113
0.84559983,0.007486064,0.0029924717,0.15639609,0.9522995,0.9997266,0.9249782,0.00018613914,0.16461037,0.99952614,0.55178154,0.9448599,0.93956506,0.0036705835,0.6758501,0.25533542,0.00500387,0.9972644,0.3721709,0.028857104,0.012038321,0.96694994,0.65828127,0.010919798,0.8782006,0.009963531
0.60169,0.00016213545,0.0001056677,0.06541433,0.010387383,0.9999937,0.99326754,2.090018e-06,0.05303616,0.99995077,0.30979034,0.96796674,0.011201361,0.00011853599,0.9632302,0.9796325,0.008512533,0.9958823,0.998591,8.023302e-05,4.532204e-05,0.9736119,0.08558543,6.8661784e-06,0.98790306,1.8081524e-05
0.6680777,0.0098906085,0.0049770693,0.14161228,0.4032976,0.9991942,0.94160473,0.0005293155,0.105920106,0.9991393,0.41835582,0.9588563,0.29998815,0.0052291215,0.58628595,0.7710214,0.00868482,0.9861755,0.9283469,0.008775209,0.008151462,0.9022864,0.45641956,0.0027470747,0.74273205,0.002939373
0.5965745,0.00217921,0.001222281,0.103569515,0.07250194,0.9998355,0.9774491,8.150479e-05,0.07947835,0.9995846,0.38070488,0.9560164,0.058928523,0.0014083016,0.8436629,0.9243694,0.012747907,0.9885661,0.98878366,0.001120539,0.0009986527,0.93190086,0.22539361,0.00021865008,0.9249687,0.00037164966
0.68440795,0.002422478,0.001148093,0.12130665,0.11060681,0.9998449,0.9745925,7.1847935e-05,0.08282832,0.99976355,0.37523028,0.96904266,0.114523485,0.0012880162,0.87905514,0.8357384,0.0108138155,0.99198043,0.9778656,0.0013175011,0.0014708247,0.96129024,0.2372593,0.0002694057,0.9472008,0.00046167188
0.5226605,6.945233e-05,5.5882574e-05,0.047264528,0.004417204,0.9999974,0.9958318,7.5910094e-07,0.048116084,0.9999527,0.30410117,0.9608939,0.0033242032,5.8657566e-05,0.96407396,0.99472106,0.0073612947,0.9960985,0.99956506,3.1835018e-05,1.2935357e-05,0.9612485,0.058920156,2.371177e-06,0.9885316,6.962887e-06
0.5979664,0.0049052285,0.002964018,0.12401059,0.13341084,0.99953043,0.9647052,0.00028440592,0.09209354,0.99926394,0.4014687,0.9601534,0.08711419,0.0028201484,0.7058543,0.9024027,0.0121884765,0.9837241,0.9807099,0.00269249,0.0026185813,0.89992225,0.29870364,0.00067773426,0.83881164,0.0009963799
0.6305041,0.0102310935,0.0060576946,0.1396942,0.41335848,0.99894947,0.9353219,0.0007270967,0.1084945,0.99871886,0.41620705,0.94849485,0.2921214,0.006488503,0.49606267,0.8221733,0.0093766665,0.98307955,0.93660027,0.011631207,0.008263657,0.87482303,0.48444787,0.0035088132,0.66565275,0.003502493
0.829157,0.009027925,0.0032409239,0.1586275,0.88593775,0.99963903,0.93259186,0.00023399769,0.14906041,0.9995408,0.50921345,0.9562564,0.86806774,0.004021882,0.72080773,0.30407625,0.0059126243,0.9963515,0.51790106,0.019035673,0.0128715,0.96578705,0.5802511,0.0072804666,0.8873172,0.0072724447
0.61943245,0.00017486334,0.00010856978,0.06854507,0.012133937,0.9999932,0.9928947,2.206863e-06,0.052964117,0.99995565,0.30873728,0.97068554,0.014082847,0.00012421967,0.9639698,0.974032,0.0081620915,0.996163,0.99828374,8.9464855e-05,5.2806045e-05,0.97684777,0.09031161,7.585759e-06,0.98826236,2.0060646e-05
0.56117165,0.0015295409,0.0010358149,0.09640177,0.044719763,0.9998709,0.98135686,6.366446e-05,0.07656006,0.9995871,0.37786794,0.9574599,0.030669307,0.0010127607,0.8399021,0.95844615,0.012999959,0.98798776,0.9939422,0.0007226194,0.00056547613,0.9217907,0.1852027,0.0001320858,0.92801756,0.00025003674
0.8622158,0.004564482,0.0013868007,0.14412795,0.91231245,0.9998889,0.95031625,6.317001e-05,0.14479092,0.99983335,0.51033676,0.96636903,0.90540653,0.001873331,0.7919087,0.24494492,0.0036587652,0.9983187,0.47203222,0.010778734,0.006891289,0.9801293,0.55086356,0.003574532,0.93488216,0.0038657205
0.6170141,0.0010786164,0.000629984,0.098418064,0.0380954,0.9999294,0.9838755,3.1315638e-05,0.07136366,0.9997967,0.35949317,0.9657435,0.03640356,0.0006498286,0.9112851,0.9384236,0.012587022,0.9914852,0.99348104,0.0004997558,0.00042927536,0.9565702,0.15890576,7.743546e-05,0.9637326,0.00016135459
0.6302528,0.00014265176,8.725694e-05,0.06716492,0.011356515,0.9999949,0.99339783,1.5980901e-06,0.05129646,0.9999658,0.3030744,0.9719293,0.01421349,0.00010322656,0.96890223,0.9731521,0.0076528275,0.99667704,0.9983883,7.487642e-05,4.4592747e-05,0.980338,0.085969225,6.02282e-06,0.99030757,1.6196553e-05
0.5910531,0.00598449,0.0038312133,0.12894793,0.16901883,0.99938226,0.9587006,0.00039734208,0.09701885,0.9990865,0.4024262,0.95856947,0.10144453,0.0035671229,0.6208585,0.9026624,0.011173398,0.9818627,0.9775955,0.0038003128,0.003433575,0.8795479,0.3356442,0.0009923617,0.77685314,0.0013447258
0.58489,3.0905258e-06,2.4467518e-06,0.025119577,0.0007482682,1.0,0.9989348,6.824011e-09,0.025527727,0.99999774,0.21706413,0.97535264,0.0011713197,3.1933646e-06,0.99464273,0.99806017,0.0030690883,0.99922824,0.99993825,2.027468e-06,4.2941934e-07,0.9921543,0.02142927,4.8407884e-08,0.9988997,1.9671695e-07
0.6180084,0.0019775832,0.001145701,0.11093703,0.058153037,0.9998481,0.97850937,7.4387215e-05,0.07896359,0.99967563,0.37714946,0.96481574,0.050657082,0.0011214836,0.8750714,0.9184197,0.013581524,0.98903745,0.9896913,0.00090217235,0.0008855786,0.94557315,0.19475053,0.00017155631,0.94444895,0.000324072
0.64968187,0.009432841,0.005213571,0.13902666,0.44472232,0.9991886,0.9375294,0.0005501172,0.1057126,0.9990552,0.41528025,0.95558065,0.31377774,0.0054298677,0.49856788,0.8061054,0.007593078,0.9857324,0.9314822,0.010532276,0.007870046,0.88601965,0.48922193,0.00313043,0.67089766,0.003111486
0.7590687,0.0068256357,0.0025951664,0.14680617,0.45905292,0.99962616,0.95368886,0.00020420198,0.10902735,0.9996333,0.42193186,0.96781075,0.4438589,0.0030538582,0.7868737,0.57949746,0.007973766,0.99316263,0.87742585,0.005755998,0.0067243744,0.95846945,0.40029502,0.0017444745,0.89939535,0.0021550665
0.56942636,0.010684692,0.0079852175,0.14101978,0.39091232,0.9984274,0.9278836,0.0011671865,0.11480369,0.99765706,0.40870988,0.92878586,0.25548857,0.008711409,0.39466947,0.8799929,0.011550623,0.9762641,0.9506438,0.015861655,0.008186563,0.8279476,0.49584192,0.0045046383,0.5704268,0.004288872
0.48680985,0.00025652783,0.00022056219,0.060698215,0.012949598,0.9999825,0.9915638,6.5533927e-06,0.062071774,0.9998061,0.33835736,0.9423543,0.0075064027,0.00026010457,0.88990486,0.9916892,0.009019444,0.9926024,0.9989064,0.00014389689,6.58453e-05,0.9211262,0.109293416,1.6805689e-05,0.9587911,3.7965747e-05
0.5170621,3.9733098e-07,3.8563817e-07,0.01317045,0.00015702622,1.0,0.9996295,3.8690054e-10,0.016884444,0.9999994,0.18491612,0.9785447,0.00020650712,4.896851e-07,0.9970824,0.99970573,0.0015946863,0.99961334,0.9999918,2.5873842e-07,3.2158336e-08,0.9930825,0.009793716,3.567017e-09,0.9994899,1.8294076e-08
0.6558111,0.00034647944,0.00019283938,0.08298267,0.024158582,0.999985,0.9896909,5.0838585e-06,0.059909426,0.99993956,0.32102165,0.970656,0.031146184,0.00023816376,0.9562964,0.94496506,0.008885895,0.9958241,0.9959313,0.00018981096,0.00013977889,0.9780952,0.12165314,2.0153147e-05,0.98514104,4.7483627e-05
0.6538484,0.006576098,0.0032401446,0.13451365,0.2187131,0.9994867,0.95846826,0.0003090317,0.09585646,0.99940276,0.40587136,0.9649718,0.16339862,0.0032630868,0.71383005,0.8223999,0.010283903,0.9865183,0.96234167,0.0038486086,0.004374419,0.91943544,0.3471734,0.0010678107,0.8394528,0.0014208076
0.83056855,0.0036041443,0.0011464576,0.14077078,0.7296628,0.9998863,0.96108884,5.557355e-05,0.12292629,0.99985015,0.4548743,0.96969575,0.74633396,0.0015949786,0.8476023,0.37093824,0.004945028,0.99764425,0.72290176,0.0052353786,0.0045088637,0.98055285,0.42858884,0.0014719758,0.950071,0.0018494398
0.621934,0.00022286363,0.0001389058,0.07234386,0.014284083,0.9999908,0.99182934,3.0769154e-06,0.056019384,0.9999424,0.31120065,0.9664776,0.017159248,0.00016727971,0.96188164,0.96921813,0.009237441,0.9956364,0.99780875,0.00011933484,7.349344e-05,0.9752143,0.09902147,1.105617e-05,0.9872901,2.7280355e-05
0.7685981,0.01297811,0.0057719187,0.16077195,0.8122266,0.9991641,0.9184817,0.000592995,0.13968241,0.99901104,0.4865927,0.94557214,0.76300853,0.006690746,0.61002827,0.4666642,0.008076964,0.9922695,0.6752205,0.025116185,0.016030757,0.9380365,0.5920796,0.009593749,0.792212,0.008781611
0.81277305,0.009331208,0.0036553857,0.15368395,0.88790023,0.99958974,0.92672724,0.0002763702,0.14207025,0.9994611,0.5061422,0.953468,0.8569636,0.00437541,0.64963776,0.36486092,0.00548941,0.9956866,0.56275564,0.022263385,0.0129461745,0.95650566,0.61227274,0.008236943,0.84020656,0.007620298
0.7063752,0.009294452,0.004052484,0.14577866,0.3946543,0.99935,0.94686824,0.00039924812,0.10608464,0.9993672,0.42068484,0.9637201,0.3288181,0.0043621627,0.69391245,0.69596606,0.009068962,0.98868585,0.9149195,0.0070107393,0.008072309,0.9297675,0.42170945,0.0022516844,0.82596403,0.0025895897
0.675237,0.010385745,0.0052308305,0.1434264,0.44353634,0.99916303,0.93850404,0.000556438,0.10803638,0.9991141,0.4210859,0.9579678,0.33600354,0.005492967,0.5747003,0.7541246,0.008451599,0.9864879,0.9182631,0.009965244,0.008930093,0.9028627,0.47401524,0.003171626,0.7337723,0.0032935506
0.7240153,0.0016083753,0.0007222452,0.11787566,0.13586113,0.9999176,0.97743666,3.33515e-05,0.08289895,0.9998617,0.36611134,0.96991974,0.16612183,0.00092273526,0.9117516,0.78609896,0.008904012,0.99503326,0.97149163,0.0010960725,0.0011197836,0.97516733,0.23373227,0.00020214698,0.9666154,0.00035258124
0.7115505,0.003001993,0.0013238038,0.12665768,0.17261623,0.99982136,0.9707054,8.2445884e-05,0.08843377,0.9997631,0.3835866,0.9692523,0.1806191,0.0015532981,0.86610645,0.7753359,0.009584357,0.9928804,0.9636478,0.0018668409,0.0021281748,0.96345353,0.27804613,0.00041728158,0.94117755,0.0006566087
0.67028743,0.0058720373,0.002835458,0.13277516,0.21613011,0.9995608,0.96028864,0.00025176222,0.09469222,0.99947935,0.40353516,0.9648206,0.17497532,0.002957274,0.7555523,0.80328155,0.010489087,0.9879501,0.96017796,0.0034967326,0.0040361523,0.9310766,0.33909604,0.0009561304,0.86888665,0.0013005133
0.2273421,0.0005838706,0.0014415255,0.07120809,0.067728154,0.9994955,0.9672666,0.00024890978,0.100216284,0.98746115,0.28884488,0.45694643,0.03487214,0.00489807,0.30069065,0.9968901,0.01839794,0.96317333,0.99874556,0.0061306637,0.00033486195,0.6143555,0.34480596,0.0006303849,0.53226656,0.0007007779
0.8112037,0.009738196,0.003956116,0.15595719,0.8959138,0.9995479,0.92296773,0.00030885174,0.14491767,0.9993919,0.5110023,0.94993716,0.86607265,0.0046796296,0.63819206,0.36198223,0.0057749543,0.99547017,0.54669863,0.024963135,0.013688789,0.9547961,0.6233149,0.009350032,0.8331856,0.00852298
0.6121863,2.104719e-05,1.44967435e-05,0.04227065,0.0029419914,0.9999995,0.9973183,1.0542021e-07,0.036619127,0.9999913,0.25554422,0.9736328,0.00427579,1.8306842e-05,0.9876889,0.9921949,0.0049979617,0.9984137,0.9996761,1.2615726e-05,4.4016165e-06,0.9881904,0.043343175,5.295288e-07,0.99689937,1.7927089e-06
0.57178885,0.0058081243,0.0039777486,0.123656504,0.20929539,0.9993717,0.9557392,0.000415392,0.096013315,0.9990134,0.39815247,0.9550765,0.117604665,0.0038873449,0.51914793,0.915919,0.009255818,0.9822134,0.9773856,0.00480755,0.0034735897,0.8593807,0.3777705,0.0011954193,0.7000443,0.0014741401
0.70598507,0.0112153925,0.005351857,0.1469879,0.5638741,0.9991528,0.9327382,0.0005672343,0.114347555,0.9991079,0.4368767,0.95513034,0.468861,0.0059186136,0.5863849,0.67566067,0.008168509,0.9885666,0.8727551,0.01318764,0.01095599,0.915944,0.51311475,0.004434677,0.7488382,0.0043400982
0.6313861,0.0103508895,0.0062638205,0.14260669,0.44264248,0.9989629,0.9326061,0.00072614383,0.11046335,0.998733,0.41345474,0.9492475,0.3061153,0.006513863,0.46114382,0.8243266,0.008577704,0.98323417,0.93315876,0.0126802055,0.008580486,0.8694979,0.499167,0.0037852686,0.6358454,0.0036939546
0.70396054,0.0044282246,0.001975584,0.13037822,0.22451241,0.9997181,0.96458614,0.00014482038,0.09315923,0.99965644,0.39764354,0.9668987,0.21047689,0.002235595,0.8185221,0.75986165,0.009678865,0.99132407,0.95412457,0.0028181793,0.003269961,0.9519526,0.32343602,0.0007190826,0.9122929,0.0010246851
0.5881912,0.007589356,0.0050869896,0.13046475,0.3079607,0.99917126,0.9447652,0.0005694797,0.101834185,0.9988292,0.40148768,0.9506315,0.18612245,0.005180848,0.45993367,0.88990647,0.00870898,0.9819456,0.9644996,0.008056414,0.0052983877,0.8544409,0.44351274,0.0021347336,0.6401336,0.002294317
0.8791738,0.0051376442,0.0019356839,0.15642671,0.9765678,0.99987006,0.9335432,8.3154686e-05,0.18733941,0.99971336,0.58262235,0.9452465,0.97149223,0.0024655038,0.73992085,0.16729738,0.0040280274,0.9985196,0.23478831,0.026251638,0.009397631,0.9782307,0.6672503,0.009932789,0.92594725,0.0093698
0.5888639,0.00011611117,7.762407e-05,0.05917099,0.007779888,0.9999958,0.9944289,1.3413157e-06,0.050009858,0.99995863,0.3037193,0.96823615,0.008152561,8.589116e-05,0.9672984,0.9853147,0.007981419,0.9962716,0.99902296,5.6855944e-05,2.8464385e-05,0.97402,0.0738079,4.3324176e-06,0.98953843,1.2098381e-05
0.5482035,0.003752177,0.002848395,0.115426004,0.11803458,0.99956745,0.966734,0.00026831395,0.09131609,0.99912316,0.3943192,0.95606565,0.06138068,0.0026276158,0.59704655,0.9461682,0.01054314,0.98233354,0.98779255,0.002520513,0.0018556479,0.8639889,0.29614633,0.0005688277,0.7744195,0.000839136
0.7530124,0.008738616,0.0034973675,0.14771764,0.5430363,0.9994985,0.9452451,0.00029891275,0.113065064,0.99951243,0.4338163,0.9647807,0.49539155,0.0039721397,0.72335976,0.57616276,0.007647202,0.9922625,0.85330635,0.008359153,0.0089153005,0.94765157,0.45799124,0.0027450689,0.85752,0.003080271
0.54459053,0.0054543237,0.004335882,0.12259496,0.26770592,0.99934334,0.9501123,0.00045138548,0.09867374,0.9988508,0.38724536,0.94833946,0.13921188,0.0043314076,0.3795597,0.9330091,0.007489196,0.98165935,0.9773611,0.006887211,0.0035210636,0.8268925,0.4321237,0.001549368,0.5773475,0.0017059523
0.62793523,0.010163616,0.006717683,0.14005645,0.57541096,0.9988105,0.9234334,0.0008704022,0.11522996,0.9982724,0.43021032,0.9301588,0.44612694,0.007760491,0.42203996,0.80412793,0.009156462,0.98396945,0.90768975,0.020283662,0.00928064,0.8699533,0.5594267,0.0059621395,0.6069856,0.0051708035
0.7240533,0.011393429,0.0050995303,0.15030853,0.6018296,0.9992428,0.93213767,0.00050053647,0.11559772,0.99924266,0.4365478,0.95948035,0.50133157,0.0054976577,0.58547896,0.644474,0.0071580117,0.98974824,0.85416937,0.01318277,0.01155732,0.920926,0.5195844,0.0045209317,0.7516202,0.0044100652
0.676327,0.009083338,0.004938341,0.13683075,0.59445375,0.9992644,0.93183726,0.00050355535,0.109075904,0.99907637,0.43151018,0.94968057,0.47098276,0.0055307257,0.4883731,0.7503879,0.0067872703,0.9886564,0.8938966,0.014527392,0.00863665,0.90006226,0.5458593,0.0043648966,0.6729107,0.0039663976
0.7021357,0.010286122,0.0055078506,0.14441876,0.6977528,0.9991573,0.92468965,0.0005939215,0.119951576,0.99891174,0.45284757,0.94265395,0.6020523,0.006384684,0.509197,0.6715807,0.0075310357,0.9895495,0.83510137,0.020016551,0.010883421,0.9107704,0.57908964,0.0064657168,0.6989867,0.00568388
0.57453674,6.3416446e-05,4.4510834e-05,0.050507676,0.0050424086,0.9999981,0.99583274,5.639784e-07,0.045780472,0.9999716,0.29282922,0.96741384,0.0050854813,5.0126942e-05,0.9736545,0.99096316,0.0069270525,0.99692565,0.99943465,3.083729e-05,1.3575872e-05,0.9754152,0.059793815,2.0177965e-06,0.9920163,5.8949954e-06
0.88618463,0.0031488726,0.00086103077,0.14099799,0.9470009,0.999944,0.95655286,2.9798422e-05,0.15485965,0.99989843,0.5280686,0.9683643,0.9446747,0.001255912,0.82426083,0.18537667,0.0028107476,0.9990402,0.3631808,0.00933825,0.0051667746,0.98621815,0.5521586,0.002988518,0.9560492,0.0033506893
0.73133814,0.0012904746,0.00057406817,0.114255875,0.12817848,0.9999385,0.9792477,2.3390092e-05,0.08118577,0.9998902,0.3612794,0.9708085,0.16434905,0.0007594607,0.92328596,0.78902984,0.00834139,0.99577445,0.973117,0.00090792455,0.00089863344,0.9785968,0.2227835,0.000157612,0.97233236,0.00028428636
0.5937486,0.00169684,0.0010561465,0.10460785,0.047616463,0.99986625,0.9804684,6.563304e-05,0.077455856,0.9996592,0.37746388,0.96321416,0.037729047,0.0010002676,0.8698747,0.94061315,0.013612176,0.9886564,0.9923011,0.0007497171,0.00067660975,0.938331,0.18312259,0.00013811652,0.94230425,0.00026850664
0.6357549,0.007615222,0.004280781,0.12871398,0.38560948,0.9993286,0.94562423,0.00044083502,0.09901641,0.99914396,0.41262823,0.9548005,0.2711612,0.0046771094,0.52932066,0.8321373,0.0077706105,0.98639965,0.9467549,0.008156642,0.005943119,0.889522,0.46485603,0.0022784101,0.7010364,0.0023524505
0.8963182,0.0025742732,0.00067806314,0.13778096,0.95998234,0.9999614,0.9591025,2.003604e-05,0.15822197,0.999923,0.53657234,0.96966904,0.9580607,0.0010074851,0.8323317,0.16271597,0.0023493886,0.999273,0.3184913,0.00876681,0.004433826,0.988203,0.55867463,0.0027281514,0.96170604,0.0030547525
0.5816742,0.0088273855,0.0066836867,0.13774209,0.46360883,0.99885345,0.92805135,0.0008293892,0.11159087,0.99822026,0.40495083,0.932491,0.30777094,0.0072246064,0.3547597,0.87878996,0.008594342,0.98073155,0.94498277,0.016663212,0.0072744144,0.83575314,0.5300071,0.004385244,0.5374084,0.0039304327
0.5979445,0.00080271444,0.00051267334,0.0906907,0.028806427,0.9999484,0.98604494,2.2211036e-05,0.0685576,0.9998141,0.3556376,0.96453476,0.025244156,0.00051031605,0.9148043,0.95663774,0.01207623,0.99164987,0.99546176,0.00036223608,0.00028775746,0.9530606,0.14400738,5.3058022e-05,0.96590936,0.000114532726
0.6064354,0.004755631,0.0044821505,0.123695776,0.794877,0.9992987,0.9191695,0.0005366643,0.119376354,0.9980325,0.46738932,0.8689145,0.7117918,0.006137539,0.34486294,0.81861484,0.007850606,0.9886981,0.8756789,0.03527598,0.004985698,0.88177013,0.6667187,0.0076356786,0.56083995,0.0055551566
0.5505078,0.006561678,0.00506354,0.1298948,0.24411364,0.9991715,0.9486417,0.000577144,0.10377417,0.99864465,0.39280123,0.94807464,0.12886088,0.004967289,0.4194291,0.9253586,0.009190945,0.9792438,0.9759486,0.006936825,0.004172976,0.8277254,0.4125886,0.0016996308,0.6126782,0.0019633044
0.8301614,0.0036645648,0.0012071927,0.14002919,0.74722517,0.9998845,0.9596996,5.81999e-05,0.12551609,0.9998412,0.4630184,0.96777904,0.7608438,0.0016644574,0.8436216,0.36864063,0.0050444854,0.99766016,0.7086492,0.005629243,0.0045960923,0.9801369,0.44379425,0.0016175776,0.94893575,0.0020107909
0.60402626,0.00016179013,0.000100750214,0.06549859,0.010900785,0.9999939,0.99340314,1.9925014e-06,0.052422494,0.99995506,0.3098418,0.9696726,0.011736357,0.00011464024,0.9625973,0.9786147,0.007982366,0.9960951,0.99854857,7.855901e-05,4.5275818e-05,0.97439605,0.087099366,6.6013213e-06,0.9876753,1.7542798e-05
0.5922248,0.00011156071,7.432673e-05,0.05915501,0.007768839,0.99999607,0.9944924,1.2374104e-06,0.049730998,0.99996114,0.3013737,0.9684056,0.008319389,8.311275e-05,0.9682123,0.98494303,0.0078355,0.996384,0.9990195,5.5314944e-05,2.7730961e-05,0.9748888,0.07401687,4.1525304e-06,0.9898867,1.1562056e-05
0.53987014,0.0011623312,0.0008964182,0.09109389,0.03257878,0.9998925,0.98360693,5.1413965e-05,0.07549856,0.99958056,0.3775031,0.95708275,0.02014509,0.0008191403,0.84077847,0.9729584,0.013058641,0.98793125,0.9959448,0.0005415025,0.00038369998,0.9153107,0.16178639,9.453029e-05,0.9316988,0.00019365342
0.7431286,0.011599773,0.0047445106,0.1538986,0.59326464,0.99928504,0.93509203,0.00045749926,0.1173338,0.9993357,0.43798804,0.9625392,0.51484525,0.005207127,0.64655155,0.591271,0.0075024,0.99060714,0.8387554,0.011867332,0.012053268,0.93309397,0.49715725,0.004185027,0.7988009,0.004286987
0.53999907,0.0011421584,0.00081005186,0.088754706,0.035465196,0.9999045,0.9839102,4.514096e-05,0.07411174,0.9996203,0.37429968,0.9550701,0.022826318,0.0008123442,0.84141195,0.9707537,0.012250476,0.9887841,0.9957147,0.00054208055,0.00038335443,0.9177364,0.16909526,9.294346e-05,0.9308729,0.00018272341
0.8189657,0.0053277235,0.0017862668,0.14555995,0.7348254,0.999803,0.953379,0.00010551426,0.124411814,0.9997677,0.45937598,0.9673391,0.7325704,0.0023204032,0.80595124,0.38644412,0.005540611,0.99671835,0.71835726,0.0073407763,0.0066572353,0.973651,0.46284908,0.002298218,0.92703027,0.0026955365
0.6043617,4.8237653e-05,3.246035e-05,0.050155133,0.0048420145,0.9999987,0.99607986,3.460932e-07,0.04316159,0.99998164,0.27737063,0.9695192,0.0061117215,3.9997536e-05,0.98045385,0.98894966,0.006383707,0.9975942,0.999419,2.6448692e-05,1.1331543e-05,0.98271906,0.05774649,1.5084929e-06,0.99447834,4.511437e-06
0.57829326,0.009522548,0.0074863327,0.13772397,0.52591455,0.99855834,0.92014694,0.0010841293,0.11519699,0.9975924,0.41994333,0.9146658,0.3848577,0.008753167,0.35856947,0.8624474,0.010280342,0.9793627,0.93243486,0.02271743,0.008226467,0.8385544,0.557012,0.0060987156,0.53642356,0.005122193
0.70609784,0.0052003213,0.0022634368,0.13624717,0.24223258,0.99965596,0.9623083,0.00018162042,0.09634717,0.99960953,0.40269408,0.9667695,0.22873467,0.0025453167,0.8119017,0.7396087,0.0102441,0.9908359,0.9476163,0.003293529,0.003935282,0.9511891,0.32878336,0.00087428855,0.9083092,0.0012255243
0.68543875,0.00082464557,0.00041464978,0.101899035,0.05458542,0.9999577,0.984195,1.5745054e-05,0.070354484,0.9998995,0.34368357,0.97077876,0.06942377,0.00051302876,0.93636775,0.8891871,0.009580126,0.995,0.98949593,0.0004755213,0.0004325601,0.975901,0.1688387,6.783154e-05,0.9767394,0.00013914655
0.632866,0.00066706876,0.00037500396,0.091023244,0.031831585,0.99996424,0.98680055,1.4256652e-05,0.06566133,0.99988174,0.34296098,0.9685573,0.033908654,0.00041906282,0.93238944,0.94143295,0.010523489,0.993735,0.99467564,0.0003271146,0.00026523255,0.9669926,0.14353466,4.2945725e-05,0.9742632,9.420139e-05
0.55065334,0.0044568046,0.003273709,0.11607799,0.16871943,0.99950147,0.96157575,0.00032199905,0.0918447,0.99908876,0.3934829,0.9549913,0.08879665,0.0031864555,0.5208806,0.93749785,0.009006841,0.9828289,0.9838882,0.0036526655,0.002434807,0.85519814,0.34921318,0.000834782,0.7115411,0.0010908891
0.7045109,0.009603895,0.004229456,0.14696227,0.3983831,0.9993274,0.94574916,0.0004170024,0.10682244,0.99935645,0.41909218,0.9643186,0.32523975,0.0044831336,0.67844474,0.70308906,0.0088318335,0.9883851,0.91451555,0.007290046,0.008302223,0.92661107,0.4279946,0.0023440223,0.81471926,0.0026803878
0.8149312,0.009797231,0.0039078547,0.15670535,0.8995403,0.9995573,0.9234788,0.000302187,0.14687662,0.99940324,0.5124982,0.95046884,0.8715428,0.004651541,0.6461465,0.3500752,0.005772409,0.9956306,0.5321119,0.02500882,0.013807663,0.9561987,0.6220333,0.009457989,0.8399143,0.008689333
0.7748994,0.0028835188,0.0010966302,0.1322541,0.3741862,0.9998728,0.9682721,5.7212354e-05,0.10070191,0.9998343,0.40571445,0.96980053,0.4146726,0.0014474412,0.8758977,0.5971935,0.0071252664,0.9960402,0.9068844,0.0026447338,0.0027206773,0.9763266,0.32883045,0.00062718574,0.9536084,0.0009149689
0.6006943,0.007063872,0.004524792,0.1277629,0.34600902,0.99930656,0.9453858,0.00046926472,0.09879755,0.999032,0.4016647,0.95343095,0.21408415,0.0046782373,0.4517266,0.8812748,0.007396178,0.9843529,0.9609225,0.008048442,0.005136036,0.86385185,0.4596963,0.0020936283,0.63501006,0.0021716263
0.52282834,0.0055954494,0.0049313214,0.124653645,0.2764266,0.99920803,0.94652444,0.00056033034,0.10323114,0.9984909,0.3822083,0.9391524,0.14119369,0.005098843,0.33281744,0.94127154,0.008088139,0.9791646,0.977944,0.008511681,0.0037044326,0.80450547,0.4473825,0.0018650449,0.5317009,0.0019933253
0.48055664,0.0010795076,0.000989668,0.07948492,0.08202329,0.9998832,0.9796576,6.369227e-05,0.07254416,0.9995333,0.3616038,0.94876885,0.03546756,0.0011434272,0.5196087,0.98171383,0.0057794433,0.9890534,0.9958079,0.0011569837,0.00046367833,0.84930867,0.2730171,0.00017329809,0.75037116,0.000256966
0.54859537,0.0038370267,0.002796534,0.111903965,0.16138266,0.9995946,0.96454006,0.0002570275,0.088749155,0.99922407,0.3907214,0.9568768,0.082693726,0.0027358513,0.5210557,0.94270927,0.008135779,0.9842874,0.9856252,0.0031167935,0.0020424596,0.8585941,0.34210107,0.0006834642,0.716324,0.0009058715
0.5964039,0.0012357509,0.00076579704,0.09813282,0.03852198,0.9999107,0.98316956,4.187646e-05,0.07307129,0.9997396,0.37007335,0.96448505,0.031601988,0.00074524054,0.8906788,0.9476217,0.012801849,0.9900602,0.9938566,0.00054372434,0.00047125548,0.9455168,0.16340533,9.063163e-05,0.9537679,0.00018521267
0.71284705,0.0014363362,0.00066592987,0.11361647,0.114217095,0.9999256,0.9787497,2.9261182e-05,0.08039821,0.9998653,0.36322904,0.96929693,0.13930129,0.00084870926,0.9154888,0.8158832,0.009175083,0.9949266,0.9766005,0.0009408991,0.0009410743,0.97440624,0.22433968,0.00016658177,0.9678735,0.00029824208
0.8418134,0.010459631,0.003976028,0.16890235,0.93818796,0.9995685,0.9207875,0.00029803117,0.16929406,0.99936885,0.5429213,0.9463461,0.92419577,0.004777117,0.69059515,0.25012654,0.0063499995,0.99650997,0.37823242,0.03068088,0.016232999,0.9646276,0.63179296,0.012854789,0.88045007,0.012099969
0.5788948,8.5311505e-05,6.005704e-05,0.05410031,0.006169615,0.99999714,0.9950487,8.535803e-07,0.048808165,0.9999627,0.29642028,0.9639781,0.006266626,6.964453e-05,0.9705174,0.9890751,0.0077155065,0.99643326,0.9992606,4.2571886e-05,2.0033498e-05,0.9730656,0.0677794,3.1074458e-06,0.99070436,8.484951e-06
0.6823349,0.010578446,0.0053975047,0.14263798,0.5244463,0.9991431,0.93420535,0.00058107474,0.111203544,0.9990421,0.43031186,0.9534504,0.41475686,0.0058922754,0.5537407,0.7307597,0.008193062,0.98747826,0.89812994,0.012489864,0.009656627,0.9047138,0.50814414,0.004015708,0.7216581,0.003929309
0.6325742,0.012460633,0.007733928,0.14701135,0.50735575,0.9985447,0.9236467,0.0010593539,0.11783058,0.9981522,0.42742714,0.936247,0.38438952,0.008613532,0.46541974,0.79355276,0.010719976,0.98168933,0.91182303,0.018182844,0.0109510515,0.8692276,0.5263766,0.005805366,0.6385062,0.005344941
0.6385763,0.0014575898,0.0007894415,0.105598,0.05629286,0.99990606,0.98095095,4.2034506e-05,0.074726574,0.99978644,0.36500615,0.9668667,0.05480525,0.0008467197,0.89847267,0.9124793,0.011800564,0.99156886,0.9899692,0.0007062662,0.0006755438,0.9571762,0.18871191,0.00012099481,0.95686644,0.00023293967
0.7069146,0.020070724,0.011458647,0.1763609,0.77563095,0.9976642,0.8950402,0.0018571333,0.15338516,0.9970181,0.48662314,0.9142678,0.7131226,0.01333387,0.5213474,0.56498766,0.014490439,0.984271,0.7173683,0.044320308,0.023045171,0.9004552,0.6073102,0.01796531,0.7042798,0.01535991
0.39238903,7.4971394e-06,8.905599e-06,0.024221389,0.0008052276,0.99999976,0.9981856,5.2111787e-08,0.03705576,0.9999671,0.25737864,0.910687,0.00054973795,1.3933708e-05,0.98010397,0.99944085,0.005567913,0.99724954,0.99995553,5.9290383e-06,1.0592596e-06,0.95423007,0.027986616,2.514038e-07,0.9945808,9.141435e-07
0.72627974,0.0024353005,0.0010414525,0.124940366,0.18348809,0.99986887,0.97294295,5.7664573e-05,0.08787113,0.9998147,0.3812086,0.9697902,0.20562999,0.0012947134,0.8851834,0.75012785,0.008907636,0.9942781,0.9605987,0.0016403055,0.0018104453,0.97034174,0.26877242,0.00034730174,0.9534909,0.00055883965
0.5947492,0.0038345943,0.002300064,0.11833317,0.105062485,0.9996505,0.9697075,0.00020129244,0.08776414,0.99938476,0.39770532,0.9608362,0.07105408,0.0022021227,0.7533286,0.91326296,0.012576496,0.985107,0.9846868,0.0019433367,0.0018925782,0.91001236,0.2665044,0.0004580875,0.87190443,0.0007198972
0.64440084,0.006392399,0.003430313,0.12532997,0.31187987,0.9995012,0.9538342,0.00031004747,0.094961196,0.99936396,0.4059844,0.9604111,0.21926658,0.003625211,0.6123369,0.83309454,0.007876278,0.9876637,0.95576465,0.005381769,0.004606552,0.9040372,0.41965207,0.001463744,0.77075404,0.0016810544
0.67877036,0.0034053463,0.001615872,0.119107775,0.17587453,0.999782,0.96922874,0.00010984556,0.088411115,0.99966025,0.39444295,0.96292305,0.16266638,0.0019022541,0.8292619,0.8174865,0.010179344,0.99110776,0.9684143,0.0021295678,0.0022567722,0.94868064,0.30085698,0.00049112836,0.9173037,0.0007247335
0.8090234,0.0034587642,0.0011943937,0.13854703,0.60377747,0.9998697,0.96303624,6.215864e-05,0.11625653,0.99982893,0.44006118,0.9678352,0.6369108,0.0016608197,0.86199504,0.4510856,0.0061945897,0.997033,0.8061294,0.0042512226,0.0038799145,0.9791946,0.39134204,0.0011353386,0.95266545,0.0015278726
0.8177048,0.008802772,0.0030874882,0.15452774,0.8291802,0.9996331,0.9370327,0.00022703537,0.13694903,0.9995846,0.4856263,0.96096176,0.8068799,0.003835281,0.7273074,0.3560259,0.0058704927,0.9958438,0.6174685,0.014881527,0.011844556,0.9639338,0.5479946,0.005452746,0.88248736,0.0055699064
0.5907842,0.0071116677,0.004564844,0.13002586,0.24498838,0.9992549,0.95098615,0.0005003979,0.09965983,0.9989556,0.40232977,0.95490396,0.14650096,0.004519496,0.5271927,0.8924091,0.009589754,0.98193353,0.97014457,0.0058836844,0.004586421,0.8650487,0.39832363,0.0015750463,0.700507,0.0018626384
0.6407814,0.01154473,0.006661316,0.14443956,0.42589194,0.9987968,0.9328082,0.0008397319,0.11232249,0.9985898,0.4211163,0.9469504,0.31319097,0.0071780602,0.5230362,0.79669136,0.010444736,0.9825798,0.92679286,0.012610977,0.009562303,0.87972814,0.48487237,0.004020207,0.68808514,0.0040320526
0.5849109,4.441789e-05,3.150107e-05,0.048060305,0.004194652,0.9999988,0.9963834,3.3284348e-07,0.042519893,0.9999809,0.2815291,0.9703728,0.004716701,3.5637247e-05,0.9791429,0.9914083,0.006233719,0.9974941,0.9995333,2.2918042e-05,9.3764575e-06,0.9805054,0.05349964,1.3025422e-06,0.99406874,4.033151e-06
0.7147862,0.02011726,0.011863032,0.18043551,0.8215762,0.99761045,0.8881847,0.0019296418,0.1606305,0.99671847,0.4984494,0.9047239,0.76877594,0.013800355,0.5104989,0.53700155,0.014716295,0.98487157,0.66995966,0.05359986,0.024172885,0.9021263,0.6294401,0.021954622,0.70132446,0.018283842
0.7735834,0.009038003,0.005095593,0.15755376,0.92617613,0.9993475,0.90909797,0.0004968563,0.16118482,0.9987111,0.54103327,0.9084724,0.9048642,0.006465165,0.56626844,0.41728365,0.008259516,0.9941109,0.52731216,0.044415783,0.012845341,0.94219947,0.6794173,0.015433599,0.7883755,0.012775115
0.5881674,0.0066698473,0.0043258355,0.12768085,0.25708213,0.9993193,0.9513335,0.00045535565,0.097909465,0.9990283,0.40055925,0.9558481,0.15059109,0.0042858934,0.50171155,0.897472,0.008646009,0.9828098,0.97068,0.005900996,0.004335761,0.8632906,0.40716282,0.0015266053,0.6807767,0.0017696114
0.58788,2.0074081e-05,1.5006778e-05,0.03969631,0.0025443616,0.9999995,0.99737346,1.0341866e-07,0.03747074,0.99998903,0.25642478,0.9687913,0.0031941542,1.8624516e-05,0.98605263,0.9945109,0.005244814,0.9981558,0.9997359,1.1799172e-05,3.889642e-06,0.9845057,0.042085603,5.202698e-07,0.9963559,1.6777415e-06
0.8361096,0.0063746516,0.0020497183,0.15078032,0.8374454,0.99978405,0.94663244,0.00012330577,0.13576765,0.99974054,0.4829995,0.965892,0.8269984,0.0026383935,0.77814364,0.3154654,0.0050292728,0.99708384,0.5989474,0.01082771,0.008748977,0.9734702,0.5154353,0.0036875603,0.9177447,0.004043539
0.54890335,0.0015579744,0.0010949303,0.096030906,0.0435573,0.99985826,0.9813276,7.12353e-05,0.07733301,0.9995339,0.38093337,0.95692235,0.02792072,0.0010563507,0.8225903,0.96373415,0.01302963,0.9874019,0.99437535,0.0007371619,0.0005570942,0.9142135,0.18390413,0.00013656582,0.9205754,0.0002608812
0.6155516,0.0019816358,0.0011297184,0.10749905,0.06339066,0.9998553,0.9783634,7.062539e-05,0.07837244,0.9996784,0.37724492,0.9637773,0.05322246,0.001151879,0.86472434,0.9209486,0.012591889,0.9893092,0.9893596,0.00093453325,0.00089057797,0.94234836,0.20724566,0.00017803433,0.93832386,0.00032382985
0.5588746,4.5685665e-06,3.694262e-06,0.026294485,0.00087364484,0.9999999,0.99878794,1.2715638e-08,0.027947346,0.9999963,0.2288753,0.9736666,0.0010921083,4.498282e-06,0.9921984,0.99823487,0.00333284,0.99898523,0.9999318,2.708392e-06,6.035827e-07,0.9885252,0.02367528,7.542813e-08,0.9982445,2.9648749e-07
0.6277197,2.8037133e-05,1.8458815e-05,0.046426732,0.0038888224,0.9999994,0.9968784,1.5082512e-07,0.038461246,0.9999906,0.26111573,0.97481346,0.005775992,2.345044e-05,0.9863972,0.98905396,0.0051384843,0.9983467,0.9995467,1.657618e-05,6.611383e-06,0.9884371,0.049565848,7.6804236e-07,0.9965024,2.525354e-06
0.7228596,0.0053792307,0.0022172674,0.13647692,0.3016036,0.9996768,0.9607732,0.00017029731,0.09803968,0.99965,0.40669978,0.96800137,0.28461507,0.0025590202,0.80176055,0.69918317,0.008829898,0.99200106,0.933781,0.003705689,0.0044122264,0.9535861,0.3536242,0.0010144947,0.9037791,0.0013649948
0.60407436,0.0006850502,0.00042097608,0.08764319,0.02726336,0.99995995,0.98704565,1.6594082e-05,0.06634622,0.9998448,0.34876317,0.9649294,0.025633479,0.00044299904,0.9246704,0.9563617,0.011592149,0.9925735,0.9956731,0.00031920878,0.00024395726,0.95827246,0.13913849,4.3240536e-05,0.97041726,9.471896e-05
0.58369964,0.016193938,0.012585405,0.15820833,0.5387143,0.99694985,0.90353006,0.0024336108,0.13340223,0.99540955,0.43331656,0.89750427,0.41789755,0.014868377,0.39138287,0.8197884,0.016591808,0.97164536,0.9050744,0.033829756,0.014499285,0.82759017,0.5589719,0.011126908,0.56000376,0.009404937
0.6920613,0.012613962,0.0065688873,0.15119448,0.6150135,0.99892163,0.92352843,0.00076198846,0.12010652,0.9987759,0.44108975,0.9470579,0.506435,0.007204803,0.5224181,0.6923511,0.008650199,0.98694545,0.86104226,0.018158551,0.012460498,0.90165514,0.54463995,0.00616351,0.695903,0.0056617823
0.41709188,1.7606419e-05,2.0144136e-05,0.030482303,0.0017938107,0.9999993,0.9972257,1.7636503e-07,0.043604694,0.99994767,0.27341866,0.91467124,0.0010785727,3.0009198e-05,0.96443796,0.99893504,0.005992165,0.9964462,0.99989927,1.3688246e-05,2.9240848e-06,0.9426027,0.042292267,7.60815e-07,0.9895902,2.3486755e-06
0.62891734,0.0028784233,0.0016041175,0.119811736,0.08036226,0.99976605,0.97393066,0.00012102839,0.08423029,0.9995902,0.38514155,0.96441454,0.06926935,0.0015742097,0.85111517,0.89496404,0.013951885,0.9877972,0.9850808,0.0013624551,0.0014245727,0.94112134,0.22475186,0.0002894091,0.9300451,0.0005093395
0.6416626,0.00063032453,0.00035328296,0.09114914,0.032406386,0.999967,0.98684186,1.2827646e-05,0.06544361,0.99989235,0.33987582,0.96896714,0.035868894,0.00040250673,0.9358675,0.93817466,0.010234575,0.99410135,0.99449676,0.00031893194,0.00025982945,0.9693244,0.14396973,4.143094e-05,0.97593766,9.063422e-05
0.58363163,0.005405728,0.0035425355,0.12669764,0.14576331,0.99942917,0.96138,0.00036226475,0.095851,0.9991001,0.40203685,0.95844084,0.08614307,0.0032641944,0.6394562,0.91340744,0.011746277,0.98167646,0.98081404,0.0032453989,0.0029295161,0.8807745,0.31515104,0.0008282188,0.79294163,0.0011739313
0.9088901,0.0022649642,0.0005886082,0.13817148,0.97592926,0.99997115,0.9590124,1.4863762e-05,0.17082351,0.9999337,0.5567214,0.96859866,0.9740104,0.0008800824,0.8329868,0.13143589,0.002008361,0.99945706,0.23581785,0.0097199995,0.004234685,0.9896445,0.5863694,0.0031033354,0.9660967,0.003420844
0.54651695,0.0048648245,0.0037313374,0.1181658,0.25058138,0.9994562,0.95419264,0.000366458,0.094588555,0.9990363,0.38642114,0.9520764,0.12822156,0.0037437342,0.396726,0.9359878,0.00695419,0.98313934,0.97941875,0.0057168663,0.0030442453,0.83553004,0.41860536,0.0012569329,0.5990509,0.0014233942
0.5085688,0.0009848698,0.00082080835,0.08427973,0.034134563,0.99990225,0.98426855,4.6718753e-05,0.07429519,0.99954814,0.37294763,0.95189434,0.018299256,0.0008108721,0.78547007,0.9807767,0.01093067,0.9883355,0.99676204,0.00054182875,0.00032163272,0.89648145,0.17129809,9.0612535e-05,0.90841514,0.00017838473
0.6164088,0.010454026,0.006542413,0.14055108,0.42447588,0.9988533,0.93253475,0.0008144916,0.110219724,0.9985317,0.41535226,0.944536,0.2933168,0.006954575,0.4606326,0.836049,0.009547731,0.981887,0.9383748,0.0129520735,0.008371613,0.86376184,0.4933553,0.0038424109,0.6343175,0.0037507426
0.81463706,0.00599965,0.0020531719,0.14622931,0.7449962,0.9997712,0.95024836,0.00012751539,0.12489133,0.999739,0.46177858,0.96686435,0.73439103,0.0025989003,0.7855433,0.39473844,0.0055186586,0.99643207,0.7135317,0.008405789,0.0074819056,0.97070843,0.48259872,0.0026960531,0.91464317,0.0030656545
0.72003806,0.0033649392,0.0014464621,0.1284304,0.21181233,0.9998067,0.96863043,9.153885e-05,0.09069155,0.9997564,0.3901592,0.96930647,0.21648924,0.0017020537,0.8539569,0.7458875,0.008989396,0.9930911,0.95541275,0.002202301,0.0025410105,0.96287197,0.29931304,0.0005157293,0.9348879,0.0007763666
0.5616909,2.536377e-06,2.0923612e-06,0.022808842,0.00059878634,1.0,0.99906963,5.310432e-09,0.024787957,0.99999774,0.21542911,0.97419083,0.0008408937,2.6707514e-06,0.99443996,0.9986687,0.0029094117,0.9992262,0.9999553,1.6006114e-06,3.125371e-07,0.9909334,0.019306073,3.6855933e-08,0.9988488,1.5219764e-07
0.8427426,0.0057510426,0.001830548,0.14598837,0.86622,0.999824,0.9473557,0.000101139485,0.137467,0.9997701,0.49281856,0.9651077,0.8562006,0.0024344816,0.7779963,0.29827312,0.004497596,0.9975259,0.56636363,0.011021961,0.0081251385,0.97517776,0.5358752,0.0037022738,0.91991526,0.0040244004
0.5701231,0.006309307,0.004547955,0.12523617,0.30859593,0.99930143,0.94695514,0.00048008256,0.09897611,0.9989029,0.3935616,0.9497042,0.17554031,0.0046530734,0.40763944,0.9115027,0.0074953022,0.98268616,0.9701166,0.0077562993,0.004355282,0.84306324,0.45027557,0.0018801052,0.59792143,0.0019817876
0.55666584,0.0025280698,0.0017686826,0.10760285,0.06531826,0.9997452,0.9757289,0.0001399855,0.08405751,0.99937207,0.39127168,0.9576217,0.04025565,0.0016303167,0.7676888,0.95091707,0.01331405,0.98499554,0.9915018,0.001253683,0.0010310193,0.9017979,0.22138892,0.00026437745,0.88732713,0.00046274712
0.70839345,0.0053806715,0.0023625102,0.13861682,0.24208002,0.9996382,0.96153367,0.00019199084,0.09706808,0.9996026,0.40007257,0.9671027,0.22871646,0.0026097875,0.8109536,0.7345398,0.01029513,0.99055636,0.9468873,0.0033878216,0.004137829,0.95095843,0.32841027,0.00091187924,0.9073028,0.0012788274
0.63151145,8.432203e-05,5.265162e-05,0.06010098,0.008112836,0.9999974,0.9947978,7.3781734e-07,0.046801135,0.9999777,0.28871095,0.97293186,0.010949668,6.42933e-05,0.97666365,0.97918177,0.0067943875,0.99737906,0.9989034,4.658422e-05,2.422763e-05,0.9838373,0.072152846,3.0897834e-06,0.99319226,8.906016e-06
0.60476035,6.8450405e-05,4.5472476e-05,0.054710206,0.0061388398,0.999998,0.9954775,5.927913e-07,0.04557746,0.9999769,0.28711128,0.971332,0.00730765,5.2701605e-05,0.97597176,0.98650646,0.0066788,0.99725205,0.99925286,3.597073e-05,1.6699605e-05,0.9808507,0.06456894,2.2782672e-06,0.99292314,6.7251035e-06
0.70262593,0.011888,0.006070133,0.14893124,0.635657,0.9990237,0.92558986,0.0006811581,0.12004928,0.998882,0.4457858,0.9475562,0.5378562,0.0068291016,0.5431823,0.6684667,0.008411466,0.98830634,0.8492219,0.017727263,0.012129776,0.9098599,0.5489616,0.0060286545,0.7190273,0.0055658114
0.8855215,0.004621198,0.0014131321,0.15051165,0.9633968,0.99990284,0.94461304,5.696704e-05,0.16772199,0.999826,0.549994,0.9620322,0.9576167,0.0018727784,0.77610624,0.17231818,0.0032280108,0.9987613,0.29113403,0.016113047,0.008066432,0.9819634,0.6119774,0.0058996896,0.93855935,0.0060095284
0.60082746,5.8687947e-05,3.9888975e-05,0.052495826,0.0054255323,0.99999833,0.9957961,4.8455735e-07,0.0444232,0.9999788,0.28415686,0.9713657,0.006403703,4.570442e-05,0.97734636,0.9881611,0.0065080635,0.9973636,0.9993574,3.0856852e-05,1.3735084e-05,0.98115677,0.060571134,1.8794469e-06,0.9934495,5.654492e-06
0.57881415,0.0027379275,0.0016343513,0.10555715,0.09135151,0.9997696,0.9744694,0.00012536978,0.08123777,0.99949265,0.38938192,0.95877606,0.06082274,0.0017247061,0.761066,0.9323226,0.011030307,0.98717576,0.9882274,0.0014697311,0.0012574944,0.91096723,0.25544217,0.0003103426,0.87942684,0.00049290725
0.9027739,0.0015077873,0.00037478024,0.13698256,0.96150684,0.9999809,0.96869576,8.861512e-06,0.16722675,0.99995136,0.5470728,0.96841955,0.9652411,0.0006422731,0.8908711,0.14073983,0.002405886,0.99954045,0.3029488,0.0055725747,0.002634911,0.9925943,0.5002766,0.0015681889,0.98115575,0.0020012704
0.7323223,0.0074798944,0.0031641286,0.14380725,0.42466322,0.999521,0.95157796,0.00027546656,0.10801296,0.99949753,0.42536294,0.9630122,0.39493212,0.0036684286,0.76094085,0.6388191,0.009275551,0.991323,0.89519805,0.006302047,0.00692198,0.9482468,0.4128447,0.0019355604,0.87977433,0.0023283118
0.63178366,0.0020826566,0.0011358177,0.11292301,0.066516735,0.99984837,0.977805,7.3669486e-05,0.07931556,0.9997008,0.37638068,0.96595806,0.060620327,0.0011562555,0.87626946,0.90431875,0.012970489,0.98973656,0.98795533,0.0009751869,0.0009851285,0.94935864,0.20383596,0.00018705166,0.9448396,0.00034691955
0.5929545,0.007934138,0.005243436,0.13260004,0.32456776,0.9991449,0.94313395,0.00059105904,0.10279448,0.99881375,0.402202,0.950598,0.19868144,0.0053490065,0.45513698,0.8836757,0.008617902,0.9819717,0.9615548,0.008576528,0.005669846,0.85558,0.4502446,0.0023083636,0.6352451,0.0024369308
0.62733984,0.0039570024,0.0021505828,0.1205349,0.12741165,0.99968433,0.9686285,0.0001761865,0.08703944,0.9995117,0.3959812,0.9640649,0.09450847,0.0021350656,0.7743844,0.88235545,0.01135515,0.9870809,0.9798149,0.0020669843,0.0021777153,0.9243513,0.28223366,0.000492325,0.8828642,0.0007493982
0.56152785,0.0041383575,0.0029101935,0.11157499,0.22489218,0.9995989,0.96006364,0.00025804798,0.0877647,0.99929905,0.3896212,0.9578675,0.1190646,0.002931294,0.46428826,0.9316446,0.006547792,0.98573226,0.98123014,0.0041326843,0.0024818552,0.85842067,0.39321935,0.0009011265,0.66252285,0.0010667853
0.577144,9.140485e-06,6.9541406e-06,0.032215636,0.0014512041,0.9999999,0.99825853,3.3349572e-08,0.03196607,0.9999939,0.24093105,0.97063667,0.001938133,8.836768e-06,0.99040353,0.9967706,0.004255787,0.99868804,0.99986637,5.4668362e-06,1.4730304e-06,0.9875831,0.030958997,1.8557486e-07,0.9977137,6.600797e-07
0.8874249,0.0047299177,0.0016179234,0.15378535,0.97649765,0.99989617,0.93821687,6.418885e-05,0.18278489,0.9997805,0.5791879,0.95257175,0.9719088,0.002090211,0.75634015,0.1562043,0.0034646136,0.9987691,0.22905865,0.02240023,0.008788699,0.9809874,0.65246993,0.008424501,0.9343587,0.008163658
0.46789673,8.417437e-05,7.67536e-05,0.046654377,0.0046648504,0.9999957,0.99507326,1.291914e-06,0.0535363,0.9998981,0.31103128,0.93678886,0.0030581146,9.3424096e-05,0.94861263,0.99618775,0.0086916825,0.99465597,0.9996001,4.6314413e-05,1.6616601e-05,0.9405178,0.06493863,3.887795e-06,0.98274523,1.0638978e-05
0.6690719,0.0053774905,0.0026283767,0.12986171,0.20617406,0.9996025,0.96180034,0.00022231459,0.09328124,0.99950755,0.40159592,0.9644801,0.16952077,0.002771502,0.7675065,0.810629,0.010488739,0.98841256,0.9622436,0.0032442391,0.0036325369,0.9333102,0.33479652,0.00086130144,0.8766833,0.0011861767
0.5864901,0.0060187043,0.003908414,0.12335988,0.27594063,0.9994124,0.9523263,0.0003898678,0.09504236,0.9991359,0.3980247,0.9565145,0.16044644,0.0039545847,0.47635695,0.90166503,0.0075279432,0.98434424,0.97113705,0.0058745267,0.003981621,0.8633777,0.42085677,0.0014580034,0.6619916,0.0016384546
0.65964025,0.0037688264,0.0018851176,0.12601335,0.13000606,0.999721,0.96934927,0.00014676817,0.08785255,0.9996038,0.3907065,0.96597,0.11439728,0.0019594922,0.82801586,0.8450518,0.011923406,0.98889405,0.97554964,0.001961765,0.0022393249,0.9435422,0.26971215,0.0004597551,0.9160654,0.00072758674
0.87158895,0.004101201,0.0012106639,0.1442645,0.9235243,0.9999076,0.9522504,5.0354854e-05,0.14703539,0.99985707,0.51234424,0.96771115,0.91856253,0.0016419509,0.80321467,0.222699,0.0033889245,0.9985663,0.43746144,0.010273653,0.0064015733,0.9823647,0.5465215,0.003365157,0.94276434,0.0036939776
0.79110557,0.01034119,0.00441468,0.15443297,0.8658384,0.9994517,0.9223593,0.00037964943,0.14038947,0.9992836,0.49970824,0.9479389,0.8278307,0.0052556894,0.61818826,0.41826904,0.0063513587,0.9944727,0.61380905,0.024540672,0.013744246,0.9480264,0.614523,0.009046732,0.81148916,0.00819114
0.9501506,0.00027983187,5.246117e-05,0.11698406,0.9935555,0.9999989,0.9828378,3.68564e-07,0.19616012,0.9999939,0.6031119,0.9754714,0.9943104,0.00010851751,0.94220656,0.054026965,0.0007428207,0.9999418,0.109137796,0.002531516,0.0006725252,0.99795747,0.50896776,0.0005571603,0.995357,0.0007826709
0.59725106,0.0002113023,0.00014014696,0.0691131,0.011661554,0.9999906,0.99246794,3.2635824e-06,0.05517891,0.99993634,0.31931525,0.96798116,0.012127856,0.00014915118,0.9584531,0.977808,0.009393446,0.9952865,0.9983639,0.00010144538,5.9679947e-05,0.9709334,0.09030003,9.4865945e-06,0.9860139,2.473984e-05
0.57467747,0.006318588,0.004580588,0.12288048,0.37680313,0.9992894,0.9426511,0.00048998324,0.09840438,0.998858,0.3970989,0.94460815,0.23108596,0.004950952,0.38210586,0.9025419,0.0070661367,0.983779,0.9636014,0.009855984,0.0046805516,0.84664017,0.4888042,0.0023569176,0.5722163,0.0022837222
0.6374595,0.011540028,0.0073537417,0.14535038,0.5785564,0.9986663,0.92026657,0.0009794119,0.11855048,0.9981888,0.4334508,0.93171227,0.45379242,0.0083756,0.43795782,0.7842453,0.009743228,0.98327935,0.89809173,0.021346452,0.010710125,0.872548,0.55633223,0.0065815453,0.61740464,0.005750126
0.042317837,1.587758e-10,1.4238387e-09,0.001105207,2.8981992e-06,1.0,0.9999529,5.129494e-13,0.00717157,0.9999974,0.091072805,0.22090566,1.0463369e-06,2.2649965e-08,0.9871623,1.0,0.00028607406,0.99979657,1.0,6.793092e-09,9.928712e-12,0.92763644,0.0031711194,1.6262592e-11,0.99885297,1.3651141e-10
0.63794714,0.008914248,0.0048924694,0.13911965,0.3152482,0.99920636,0.94582295,0.0005253287,0.10292211,0.9990926,0.41040432,0.95925444,0.21280932,0.004856689,0.571768,0.8293572,0.009189095,0.98396087,0.9515178,0.0070706583,0.0065562627,0.88878727,0.4225261,0.0020907084,0.7292576,0.0023611158
0.5615655,7.4576215e-05,5.5540753e-05,0.05142286,0.0051436354,0.9999974,0.9955591,7.7493706e-07,0.047305148,0.99996364,0.29903027,0.9668524,0.0047526145,5.8223486e-05,0.9700361,0.9917094,0.00739859,0.99649614,0.999428,3.5216868e-05,1.5405574e-05,0.9713131,0.061114274,2.4941983e-06,0.99067533,7.3207675e-06
0.6924561,0.013861777,0.007672922,0.15652747,0.68809736,0.99868304,0.91397065,0.0009691391,0.12885155,0.9983907,0.45285612,0.9370446,0.5870328,0.008625781,0.4887048,0.67228436,0.00936607,0.98648703,0.825704,0.025606774,0.01459238,0.8974111,0.57917005,0.008940282,0.672307,0.007788042
0.5695803,0.0034457354,0.0021974957,0.111007914,0.11164274,0.9996779,0.9703199,0.00018902602,0.08563265,0.9993722,0.39517954,0.95935315,0.0667997,0.0021642242,0.68675846,0.9330426,0.0104933735,0.9854477,0.987025,0.001977234,0.001661451,0.89304495,0.28203085,0.00044838164,0.83316064,0.000675255
0.71420264,0.0059879688,0.002558026,0.1383925,0.29439422,0.9996123,0.95879173,0.00021010074,0.099353775,0.9995832,0.4081948,0.9665028,0.27216178,0.002885299,0.7903328,0.7120163,0.009566702,0.99092495,0.935027,0.004076359,0.0048278975,0.94898224,0.35828212,0.0011422244,0.89487183,0.0015140949
0.7566836,0.011705132,0.0046733664,0.15750891,0.60933536,0.99928564,0.9355384,0.00044982092,0.12148713,0.9993425,0.44249192,0.9619932,0.5511424,0.005198474,0.684614,0.54424804,0.008111305,0.99122435,0.8147301,0.012035837,0.012578527,0.9409328,0.4896043,0.0043354463,0.8297068,0.004569776
0.6328106,0.008694735,0.0049784486,0.13397801,0.37519056,0.99918765,0.9424861,0.00054381735,0.10288857,0.9990036,0.4125835,0.95385486,0.26021898,0.005292365,0.524581,0.8312299,0.008564255,0.98479074,0.9456533,0.008871585,0.0067381375,0.8831739,0.4627555,0.002575449,0.6935916,0.0026864186
0.5940948,0.0007504935,0.0004759727,0.088310495,0.027192695,0.9999529,0.9865807,1.999416e-05,0.06789113,0.99981457,0.35296977,0.9630988,0.024288012,0.0004890183,0.9185922,0.95931125,0.012270403,0.99181974,0.99572927,0.00034487472,0.00026046069,0.95356745,0.14019626,4.858505e-05,0.96747273,0.00010554706
0.57195383,0.0033162395,0.0022191352,0.11437003,0.08638737,0.9996674,0.9715486,0.00019196502,0.08742335,0.9993224,0.39720342,0.9589996,0.05353412,0.002037177,0.7400858,0.93600076,0.012928234,0.9840859,0.9884227,0.0016930752,0.0015081959,0.899765,0.24937719,0.0003839927,0.8666633,0.00062846736
0.584603,0.0025573787,0.0016352417,0.110068545,0.06856774,0.99977225,0.97560096,0.00012219416,0.0829447,0.9994954,0.38891742,0.9604225,0.04749728,0.0015363642,0.8079226,0.93511677,0.013267239,0.986233,0.9898949,0.0012122379,0.0011135845,0.91850924,0.22253802,0.0002565156,0.9071515,0.0004465049
0.9070511,0.0029038785,0.00082935084,0.14497396,0.9803373,0.9999577,0.9521394,2.3253091e-05,0.18165188,0.9999019,0.5726481,0.96323097,0.97766167,0.0011643858,0.80962986,0.1265794,0.0023442786,0.9993393,0.20320705,0.013757103,0.0056035607,0.98769104,0.62010884,0.004788845,0.9592904,0.005004226
0.6205356,0.009865802,0.006234331,0.14063244,0.4547585,0.99896455,0.9319833,0.0007302294,0.11014348,0.9986559,0.41095853,0.9460523,0.31133255,0.0066225473,0.42928138,0.8392689,0.008311941,0.9831224,0.935631,0.013553477,0.008197751,0.8623199,0.50973594,0.0039284914,0.61033154,0.0037358708
0.75465995,0.014178464,0.007401735,0.1673278,0.8593412,0.99884677,0.9045794,0.000879204,0.15199743,0.9983917,0.5053041,0.92599976,0.81577265,0.008586735,0.55309534,0.47522655,0.009734482,0.9909279,0.6277676,0.0394359,0.01820221,0.9276978,0.63385385,0.015198326,0.7543623,0.0129448455
0.57765996,0.00043076585,0.00028924883,0.07495227,0.020336168,0.9999776,0.98914415,8.701328e-06,0.0641045,0.99986327,0.33886614,0.95706457,0.016444892,0.000328009,0.9247186,0.9741276,0.010200655,0.9929062,0.99732876,0.00020755414,0.00014044985,0.9502802,0.12975945,2.658547e-05,0.9703005,5.6392913e-05
0.6451221,0.00013024613,7.771451e-05,0.06688093,0.011695588,0.9999956,0.99346936,1.3075829e-06,0.050727956,0.99997044,0.2959053,0.97207344,0.015977787,9.776033e-05,0.9723031,0.97030276,0.0073489603,0.9970408,0.9982798,7.2899515e-05,4.2701144e-05,0.9828362,0.08637875,5.626993e-06,0.991549,1.5125094e-05
0.40969658,4.577715e-08,5.841311e-08,0.0062890234,2.5825258e-05,1.0,0.9998667,2.3346687e-11,0.010972505,0.99999976,0.15810187,0.97243744,2.7534117e-05,8.6186986e-08,0.9984168,0.9999684,0.000980386,0.99977165,0.99999917,3.3367325e-08,2.422729e-09,0.99254966,0.0042333985,2.8127567e-10,0.999765,1.9672544e-09
0.444467,1.5836378e-07,1.8446622e-07,0.009134533,6.062446e-05,1.0,0.9997584,1.2988151e-10,0.01434934,0.9999994,0.17347112,0.9701157,7.08068e-05,2.601832e-07,0.99774075,0.9999149,0.0015311438,0.99963534,0.9999974,1.12696895e-07,1.0122024e-08,0.9913947,0.0064097894,1.2993906e-09,0.99962294,7.468639e-09
0.5934123,4.229744e-05,2.935403e-05,0.04742949,0.0043694708,0.9999989,0.996391,2.9826626e-07,0.042083055,0.9999827,0.27969763,0.97068137,0.0048648934,3.4353136e-05,0.9790582,0.9910836,0.0058867666,0.99759287,0.99951994,2.1984308e-05,9.220621e-06,0.9810595,0.054434747,1.2428069e-06,0.99409604,3.7701002e-06
0.69333506,0.010963129,0.0052348124,0.14660965,0.4654105,0.9991326,0.9381628,0.00056785886,0.11123659,0.9991147,0.42795536,0.9575222,0.37568787,0.005695118,0.6174725,0.7100289,0.009176647,0.98729324,0.9012607,0.010357389,0.009830803,0.9142312,0.4723085,0.0034351987,0.7696924,0.0036090089
0.5820363,0.00010918941,7.342549e-05,0.05831902,0.0073259166,0.99999607,0.9946457,1.2323253e-06,0.049531274,0.9999604,0.30673233,0.96846336,0.0074602584,8.031959e-05,0.96765465,0.9864009,0.0078827,0.99632984,0.999091,5.1470084e-05,2.6023334e-05,0.9737768,0.071444474,3.9237393e-06,0.9897658,1.1045706e-05
0.6649478,0.000656655,0.00034541683,0.09583716,0.03911745,0.9999665,0.9862432,1.2420744e-05,0.06658682,0.99990463,0.3385218,0.97006094,0.049220897,0.0004188929,0.9421734,0.9166547,0.009963183,0.994843,0.99281836,0.00035924706,0.00030465046,0.97500366,0.14845772,4.6519715e-05,0.97906315,0.000100624144
0.46361965,2.337307e-06,2.4056985e-06,0.0187016,0.00043165084,1.0,0.99907494,6.2171512e-09,0.026741933,0.99999464,0.22648178,0.9569326,0.00034025215,3.2404432e-06,0.99059767,0.9995517,0.0030260966,0.9987857,0.9999763,1.4433233e-06,2.5427633e-07,0.97769403,0.01856818,4.0305217e-08,0.99777704,1.6581446e-07
0.5502757,0.0027489432,0.0019697384,0.10749945,0.0795646,0.999713,0.9736935,0.00016327496,0.08514854,0.9993224,0.393218,0.95680577,0.045280263,0.001850868,0.7107599,0.95187116,0.011837839,0.9846197,0.9908922,0.0015074478,0.001186189,0.8890849,0.24584699,0.00032494566,0.85341406,0.0005316396
0.66446936,0.005246946,0.0025510108,0.13145912,0.18307231,0.9996045,0.9635194,0.00022074774,0.09305922,0.99949956,0.39947215,0.9643235,0.15418765,0.0026726236,0.7864155,0.81403106,0.011441032,0.9880437,0.96538305,0.0029561706,0.003425109,0.9353644,0.3135146,0.0007728913,0.88963765,0.0011068227
0.44481558,0.0009916088,0.0010044618,0.07799744,0.0649531,0.9998648,0.9803156,7.252023e-05,0.07587574,0.99931157,0.35604003,0.9313346,0.028385274,0.0012613042,0.52225673,0.9866795,0.007291204,0.9875196,0.9968375,0.0011622815,0.00039924565,0.8314811,0.25229645,0.00017188642,0.75854945,0.00026448787
0.56698185,4.7407837e-05,3.485835e-05,0.04687177,0.0039768247,0.99999857,0.99642205,3.8502301e-07,0.043373585,0.99997675,0.2852295,0.9691843,0.004013025,3.7552447e-05,0.97657555,0.99296653,0.006444383,0.9972415,0.99957484,2.3460372e-05,9.151885e-06,0.97678876,0.052922316,1.3794873e-06,0.99311745,4.296268e-06
0.52198464,0.0027264173,0.0022101959,0.10394156,0.11751579,0.999689,0.9703752,0.00019009062,0.08531231,0.99925226,0.38473845,0.9550107,0.05566866,0.0021555247,0.53187275,0.9616579,0.008212035,0.9846907,0.9907766,0.0021974402,0.0012986393,0.85253185,0.3023856,0.0004392379,0.7383779,0.00063130696
0.6505393,0.006251344,0.0031854226,0.13057165,0.22501495,0.9995054,0.9583614,0.00029639562,0.09448925,0.9993962,0.40575728,0.96349007,0.1659457,0.0032473614,0.7026608,0.82978576,0.009946616,0.9866666,0.9630996,0.0039043133,0.0041952715,0.9169204,0.3557544,0.0010713051,0.83167684,0.0013939448
0.57227755,0.0059039197,0.004097609,0.123407066,0.27978417,0.99938357,0.95094883,0.00041714474,0.09633258,0.9990435,0.39435297,0.95400065,0.15657777,0.0041400758,0.4351089,0.91308075,0.0073990664,0.9835187,0.9730042,0.006374715,0.0039025096,0.8507992,0.42906716,0.001535554,0.6270552,0.0016999332
0.63313335,0.0061190045,0.003385789,0.12380458,0.2709644,0.9994935,0.9558176,0.00031301874,0.09416581,0.9993173,0.40303773,0.95872664,0.18847936,0.0035996516,0.6267374,0.8498214,0.008650256,0.98677295,0.9620226,0.0048872745,0.0042111827,0.90101737,0.40034506,0.0013131703,0.780872,0.0015572195
0.897099,0.0042511076,0.001317845,0.15397102,0.9776815,0.99991894,0.9435642,4.7761423e-05,0.18454781,0.9998306,0.5759133,0.9580256,0.97396857,0.0017386342,0.7821391,0.13896298,0.003113682,0.9990126,0.21127623,0.018943029,0.007961527,0.9840933,0.633226,0.0071519827,0.9471919,0.0072411406
0.75291455,0.01649475,0.0087117255,0.17455952,0.862811,0.9985114,0.8999556,0.0011653434,0.16098309,0.997903,0.5145789,0.9171596,0.8267373,0.010383688,0.57193565,0.4480021,0.011972582,0.9899419,0.596272,0.045241635,0.021337835,0.9268613,0.63228774,0.018593384,0.7680213,0.01598701
0.54192233,0.0008862815,0.00066061685,0.085556455,0.028146641,0.9999286,0.9857777,3.2539756e-05,0.07165769,0.999684,0.36918688,0.9579607,0.018062403,0.0006263198,0.8633739,0.9751728,0.01198064,0.9896088,0.9965675,0.00040570777,0.00027959584,0.9241524,0.15044722,6.531903e-05,0.9431732,0.00013695053
0.65207094,0.0001284567,7.54504e-05,0.067727566,0.012254555,0.9999957,0.9934929,1.2500244e-06,0.05044099,0.99997306,0.29462454,0.9734654,0.017291002,9.549738e-05,0.97315425,0.96776706,0.007038975,0.9972209,0.99817467,7.296363e-05,4.3549837e-05,0.9841302,0.08722436,5.5581922e-06,0.99190056,1.5035656e-05
0.63721067,0.0105401045,0.0058677215,0.14544746,0.33673194,0.99899596,0.9406451,0.0006811084,0.10835087,0.998885,0.41239122,0.9564654,0.22893149,0.0058229403,0.5531723,0.82019585,0.009992449,0.9823533,0.94492525,0.008676059,0.0079756705,0.88132423,0.43575853,0.0026845208,0.71207935,0.002961236
0.604527,0.004909457,0.002858663,0.124941155,0.13354024,0.9995505,0.9651672,0.00026930525,0.091613404,0.99932075,0.4020217,0.9619768,0.089430846,0.0026998841,0.72066003,0.89582574,0.01211408,0.9843082,0.97999567,0.0025979658,0.0026196162,0.9056503,0.29448298,0.000651199,0.8479602,0.0009700648
0.66838026,0.005937294,0.0028979063,0.13313207,0.21588187,0.9995432,0.96017253,0.00026090012,0.0957556,0.99944097,0.40412298,0.96282023,0.17958383,0.0030900799,0.7650523,0.7999774,0.011240479,0.98780745,0.9589032,0.0036210453,0.0040685837,0.9317573,0.33860186,0.0009889512,0.8759732,0.0013500198
0.533931,0.0026073584,0.002056013,0.1033863,0.119201034,0.9997255,0.9709272,0.00016625106,0.08405819,0.99936324,0.38489345,0.958507,0.056461293,0.0019784782,0.5434904,0.95920014,0.0075992174,0.9856048,0.9905635,0.002047553,0.0012651918,0.8593059,0.30374232,0.00040593196,0.74540895,0.000587711
0.6379899,0.0054813847,0.0028708377,0.12513605,0.1976606,0.9995579,0.9614806,0.0002588962,0.09186446,0.9994049,0.40336066,0.96199036,0.14543955,0.00298919,0.7150553,0.8511876,0.010305071,0.98683524,0.9689021,0.0033947967,0.003458943,0.9160829,0.34265885,0.0008916864,0.84177184,0.0011902433
0.7510348,0.011049993,0.0050155525,0.15078488,0.7669158,0.99930024,0.92367494,0.00048189404,0.12588745,0.99918205,0.46777123,0.9506667,0.6955951,0.0057433587,0.572799,0.55031824,0.006717225,0.992029,0.757339,0.020224,0.012933262,0.9314468,0.58324236,0.0071026767,0.75761354,0.0063896044
0.601087,4.0057694e-05,2.7566535e-05,0.047943715,0.004244861,0.9999989,0.99643135,2.709017e-07,0.041784465,0.999984,0.2742677,0.9704582,0.0052997223,3.3244487e-05,0.98158884,0.9903694,0.0060600806,0.99774724,0.99951196,2.1952736e-05,8.969029e-06,0.9832556,0.053759873,1.1828698e-06,0.99490595,3.6377373e-06
0.5881086,0.00036312034,0.00023900409,0.07594129,0.016032133,0.9999809,0.9905324,7.291163e-06,0.0605269,0.9998934,0.33538494,0.9654209,0.0149627505,0.0002473564,0.9427906,0.9735391,0.010641771,0.9938344,0.997689,0.00016594572,0.000108297536,0.96217936,0.10730645,1.871989e-05,0.979185,4.540709e-05
0.71735936,0.0039915885,0.0017479531,0.1348381,0.21562223,0.99974793,0.96628344,0.00012359924,0.09405153,0.9996984,0.39126867,0.9678889,0.22254822,0.0020164626,0.84975415,0.7341943,0.0101466,0.99215394,0.95136666,0.00260099,0.0030478393,0.96087897,0.30076525,0.0006377286,0.9326035,0.00095430017
0.55063736,0.0040231827,0.0030384432,0.1176605,0.12299289,0.99953234,0.96551025,0.0002933015,0.09276255,0.99908435,0.39513534,0.95606434,0.064247414,0.0027944776,0.59160584,0.9434844,0.010700328,0.9818632,0.9869927,0.0027050748,0.0020236415,0.86266047,0.3012064,0.0006217969,0.76916903,0.00091120653
0.82026345,0.0075172307,0.0035864369,0.15571174,0.9510485,0.9996427,0.9179913,0.0002561881,0.16605593,0.9992939,0.5551572,0.9281282,0.9366736,0.0044400943,0.62565684,0.31304216,0.006010933,0.99643755,0.4159613,0.03656222,0.011584841,0.9586473,0.6800383,0.0130392555,0.8449016,0.011264798
0.5937915,0.0015551695,0.0009671471,0.10271013,0.04308754,0.9998783,0.9812547,5.8918704e-05,0.07650745,0.99966884,0.37442276,0.9623627,0.03532373,0.0009323108,0.8811997,0.9430951,0.01406251,0.9888754,0.99289167,0.0006879715,0.0006064516,0.9408117,0.17381349,0.00012286412,0.9482162,0.00024339596
0.5397428,0.013846885,0.016103026,0.16761065,0.7702018,0.99500775,0.87089574,0.00452482,0.16240017,0.986285,0.48726714,0.748847,0.70214653,0.022908058,0.3357989,0.8010427,0.027615279,0.966014,0.8369599,0.09640678,0.014228711,0.81510013,0.6651982,0.02857326,0.51549333,0.020545825
0.577049,0.0064787082,0.004388447,0.12684913,0.25799394,0.999308,0.9509388,0.0004682812,0.09834735,0.9989672,0.39828882,0.9540803,0.14677036,0.0043694065,0.4724952,0.9069333,0.008501783,0.98234266,0.9724682,0.0061350153,0.0041879793,0.85447645,0.411662,0.0015480409,0.6576726,0.001777761
0.66095614,0.0050274143,0.00250835,0.13292164,0.16019267,0.99960595,0.9644136,0.00021834862,0.09254396,0.99950516,0.3976357,0.96537024,0.13474457,0.0025391695,0.7961468,0.8264856,0.012031818,0.98749024,0.9690525,0.0026919765,0.003171507,0.93641365,0.29643232,0.00068968127,0.89537114,0.001027037
0.6988222,0.010547,0.004821386,0.14809442,0.40968797,0.999199,0.94221425,0.0005062386,0.10941599,0.99922013,0.42238566,0.9608431,0.33395928,0.0051460667,0.66363657,0.7073221,0.009559305,0.98732996,0.91064125,0.0084470045,0.0091361385,0.92119795,0.44022292,0.0027931107,0.80183786,0.0031109245
0.88268477,0.003275801,0.0009116226,0.1410294,0.9406229,0.9999386,0.95611197,3.267954e-05,0.15105346,0.9998938,0.5217437,0.96889,0.93775547,0.0012997878,0.8203031,0.19489546,0.0028959324,0.9989459,0.38849264,0.009257467,0.0053052506,0.98548466,0.5473647,0.0029359271,0.95327085,0.0032791311
0.59765285,7.0597984e-05,4.7946472e-05,0.054159965,0.0059324917,0.99999785,0.9954465,6.421631e-07,0.045915004,0.999974,0.28883412,0.97025394,0.006808647,5.4645112e-05,0.97506565,0.98760635,0.006951928,0.99707806,0.99928087,3.6861453e-05,1.6642278e-05,0.9793497,0.06383105,2.370874e-06,0.9925621,6.9896123e-06
0.62002647,0.0033442478,0.0019061819,0.11708931,0.10142682,0.99972624,0.9712361,0.00014620791,0.08550018,0.9995216,0.39064983,0.96184313,0.07865131,0.0019066944,0.80838156,0.89709115,0.012606274,0.98714966,0.98324573,0.0017052807,0.0017258042,0.9284754,0.2596247,0.00038789285,0.90425086,0.00062203157
0.6394853,0.0007448753,0.0004143791,0.09457813,0.034572903,0.99995816,0.9859664,1.6869837e-05,0.067018785,0.9998753,0.34577253,0.9690976,0.037593994,0.0004581775,0.93108296,0.9343685,0.010818974,0.99357325,0.9940357,0.00036535884,0.0003097287,0.9677375,0.14676233,5.0014638e-05,0.97372085,0.00010856367
0.5399871,1.6476745e-06,1.4394498e-06,0.01967991,0.00042271896,1.0,0.9992624,2.9483076e-09,0.022876423,0.9999982,0.20864265,0.9747608,0.0005430223,1.7988896e-06,0.99484104,0.99917656,0.0024981925,0.9993106,0.9999721,1.0269781e-06,1.7644192e-07,0.9905083,0.016322685,2.116313e-08,0.9989489,9.204266e-08
0.74565727,0.015228814,0.0069270856,0.1641375,0.73522145,0.9989022,0.91746056,0.0007750342,0.13504227,0.99883634,0.46429658,0.9486361,0.6626122,0.0076841237,0.5827386,0.5422895,0.008815895,0.98976165,0.7484353,0.0232634,0.017271169,0.9238796,0.56796426,0.008985662,0.7583759,0.008293575
0.59156877,0.0002692521,0.00018016537,0.071661614,0.013451521,0.99998724,0.9915583,4.5832335e-06,0.058178544,0.9999168,0.3260303,0.965107,0.01304392,0.00019159164,0.9510412,0.9769671,0.010004064,0.99453676,0.9980925,0.00012714823,7.821695e-05,0.965822,0.099676885,1.3154528e-05,0.9826705,3.241055e-05
0.5813682,0.0067159017,0.004536243,0.1272633,0.3045697,0.99929905,0.9476108,0.00047880565,0.099201195,0.9989692,0.39734742,0.9530324,0.17658913,0.0046084695,0.4369014,0.9012669,0.00768864,0.9831529,0.96820384,0.00732841,0.004606733,0.85211444,0.44183013,0.0018468413,0.62511927,0.001995911
0.6108995,0.009306719,0.005915175,0.13882937,0.39355826,0.9990269,0.9362155,0.00068058737,0.10739487,0.9987387,0.40712738,0.9492435,0.25541985,0.006093795,0.44232935,0.8573127,0.008442525,0.98231125,0.9479207,0.011118295,0.0072635277,0.85957485,0.48202574,0.0031555032,0.6192781,0.003136003
0.60608846,0.0023376236,0.001388838,0.112272896,0.062069274,0.99980646,0.9769604,9.8955425e-05,0.08148713,0.99958855,0.38380072,0.96267575,0.05037653,0.0013367649,0.85522693,0.92258656,0.014321945,0.987611,0.98934245,0.0010591329,0.0010270972,0.93635416,0.2046907,0.00021334577,0.93312055,0.0003920261
0.8008083,0.005121301,0.0017626901,0.14350577,0.6134279,0.9997888,0.9565402,0.000108922344,0.11508298,0.9997683,0.4370579,0.96913815,0.6180423,0.0022532619,0.8162365,0.462084,0.006074939,0.9960234,0.8048771,0.005744707,0.0058452147,0.9717424,0.4219783,0.0016980681,0.9263654,0.0020874883
0.6241244,0.008639607,0.004975941,0.13708553,0.3029318,0.999185,0.9461219,0.0005448457,0.102565885,0.9990194,0.4084314,0.95744854,0.19833387,0.0049625607,0.55070865,0.84845597,0.009321873,0.98322797,0.95628834,0.007096811,0.0061773527,0.880681,0.42244604,0.0020595992,0.71401316,0.0023248186
0.619497,2.6121972e-05,1.7549657e-05,0.04465049,0.003490098,0.9999994,0.9969934,1.401966e-07,0.038162183,0.9999901,0.25981236,0.97322875,0.0050493367,2.2450891e-05,0.9865154,0.99068797,0.0052631134,0.9982982,0.9996008,1.545568e-05,5.8470064e-06,0.98771024,0.047466584,7.0669273e-07,0.9965283,2.3113678e-06
0.6530871,0.005945943,0.003046382,0.12874131,0.22682554,0.9995394,0.9591431,0.0002713708,0.09401315,0.9994223,0.4034854,0.9626702,0.17175259,0.0031530303,0.71599364,0.82577556,0.00992238,0.9872866,0.96250606,0.0038176335,0.0040126326,0.9198861,0.35781008,0.0010400529,0.8425709,0.0013577982
0.5423223,0.0024230669,0.0017170142,0.09556381,0.13949174,0.99977237,0.9711573,0.00013169467,0.07954062,0.9994524,0.38104278,0.95259273,0.07673329,0.001941426,0.5766644,0.9515255,0.007204657,0.98767823,0.9890575,0.0021585822,0.0012471398,0.8747081,0.3296544,0.00042338416,0.7620658,0.00055330683
0.7763312,0.0074976645,0.0027891702,0.1472061,0.59120893,0.99962723,0.9484142,0.00021152665,0.11503308,0.9996296,0.4375149,0.96663207,0.5621368,0.0033007057,0.75777656,0.5182258,0.006869836,0.99404895,0.8233346,0.007717533,0.0081175035,0.9584657,0.45437476,0.0024956022,0.8856019,0.0028560979
0.7846586,0.007975705,0.004779244,0.15983433,0.9502827,0.99943584,0.9065287,0.00043374492,0.1733087,0.9986695,0.5626338,0.8948998,0.93536824,0.0060501625,0.56867987,0.38045952,0.008318791,0.9949215,0.4518611,0.052249204,0.011853272,0.94611186,0.7020386,0.017794551,0.80356216,0.014611496
0.5825115,0.0018283668,0.0011971354,0.09235156,0.1240105,0.9998646,0.97496015,6.6627385e-05,0.07756114,0.99960893,0.36843333,0.9473732,0.084988266,0.0015256157,0.7447217,0.9328476,0.008143344,0.9897261,0.98718345,0.0015559188,0.0009782391,0.91151106,0.30257636,0.00028884536,0.87215424,0.0004052623
0.5678386,6.075102e-05,4.2784133e-05,0.049230516,0.0047738287,0.9999981,0.995939,5.2903266e-07,0.04547769,0.9999707,0.2912139,0.9657381,0.004772338,4.933831e-05,0.97393984,0.99175406,0.0069756634,0.9969001,0.9994667,2.9862285e-05,1.2620226e-05,0.9745531,0.058797635,1.910029e-06,0.9920352,5.586469e-06
0.8231348,0.008912681,0.0032953154,0.15379035,0.88872033,0.9996449,0.9298605,0.00023243272,0.14178509,0.9995486,0.50419194,0.9573473,0.86046666,0.0039193127,0.6739615,0.33968168,0.005157709,0.9961438,0.5489265,0.019933749,0.012497631,0.9608588,0.60176617,0.0073892986,0.85723007,0.0070337416
0.74312353,0.009436437,0.0045118094,0.14446005,0.76832783,0.9994148,0.9262477,0.00039610406,0.12107823,0.99926966,0.45951378,0.9517556,0.6829463,0.0050957506,0.53273773,0.6000286,0.005721915,0.9924942,0.7817457,0.019126967,0.010802203,0.92710745,0.59410524,0.0062971693,0.73083746,0.005549246
0.77091974,0.011869507,0.006629041,0.16744764,0.91756374,0.9990607,0.9012501,0.0007238138,0.16425787,0.99834955,0.53555965,0.9100638,0.891024,0.007872966,0.5530786,0.42103133,0.009415742,0.9928149,0.52361864,0.049716007,0.01641985,0.93538976,0.67258394,0.018839575,0.77372706,0.015693983
0.8496532,0.0075022075,0.0025880728,0.15533291,0.928806,0.9997557,0.9340493,0.0001562448,0.15480955,0.99964845,0.5274373,0.9571556,0.9149593,0.0032500299,0.7221651,0.25470626,0.004713045,0.9973907,0.42597872,0.020020487,0.011544375,0.9709093,0.6084936,0.007581664,0.8978525,0.007439902
0.8043004,0.013415796,0.0060283598,0.17321226,0.91457826,0.9991855,0.90879965,0.000602066,0.1671672,0.99883443,0.534413,0.93182755,0.8935913,0.0071546477,0.633191,0.32852158,0.008814658,0.99411374,0.46675238,0.03947925,0.019432815,0.9496272,0.6409047,0.016518544,0.83083194,0.0147899585
0.66962755,0.009957029,0.005253329,0.13992181,0.47182193,0.9991523,0.9372337,0.0005700888,0.10829062,0.9990256,0.4245276,0.9530039,0.364126,0.005722311,0.56030804,0.75840795,0.008609974,0.98666024,0.9151285,0.011039544,0.0086413175,0.90080523,0.4909669,0.0034567742,0.7250183,0.003476788
0.8055181,0.010250319,0.0039244317,0.15744612,0.8381544,0.99951494,0.9299899,0.00031883406,0.13911268,0.99944085,0.48982283,0.95673734,0.8052188,0.004666642,0.68269265,0.3810849,0.0063494486,0.994997,0.61720175,0.018632071,0.013586693,0.95622534,0.57322973,0.0070434404,0.8539767,0.0068593365
0.622364,0.0082300585,0.0048613213,0.13321571,0.36234304,0.99922967,0.9431503,0.0005209752,0.10149493,0.9990277,0.40842944,0.9549452,0.23833437,0.005041483,0.49525106,0.8504896,0.0080423765,0.9844284,0.95197904,0.008461551,0.006213255,0.8761599,0.45884818,0.0023723058,0.6692813,0.0024789658
0.6399006,0.000978828,0.0005367343,0.09826184,0.043091685,0.99994266,0.9839669,2.3826036e-05,0.07051557,0.9998419,0.3534831,0.96684873,0.044849038,0.0006024098,0.9194305,0.92571497,0.011336622,0.99283904,0.9924425,0.00048268685,0.00042837052,0.96325266,0.16585603,7.31615e-05,0.9677605,0.00014913369
0.5936167,0.007251836,0.0046662055,0.12968835,0.28827253,0.9992514,0.9477529,0.0005067934,0.0996916,0.99896157,0.4024839,0.9539615,0.17389706,0.004709593,0.48747137,0.8878277,0.008648968,0.9826623,0.96625763,0.006925561,0.004950177,0.86256105,0.42694497,0.0018316904,0.6652801,0.0020370744
0.68731254,0.0067569246,0.0031229702,0.13759722,0.2659463,0.9995091,0.95671314,0.00028255404,0.09855073,0.999464,0.40796122,0.96472675,0.22385833,0.0033187731,0.7514159,0.76148576,0.010214949,0.9885294,0.9467195,0.0043427963,0.0050578476,0.93452495,0.3625329,0.0012447544,0.8661202,0.0016204385
0.6285209,6.892503e-05,4.380951e-05,0.05700805,0.006955188,0.999998,0.99526584,5.628956e-07,0.045276623,0.9999801,0.28186196,0.9728631,0.009431949,5.3797652e-05,0.9785113,0.9823527,0.006494614,0.99753845,0.99909604,3.8839407e-05,1.873346e-05,0.9843089,0.06720348,2.4028966e-06,0.99381715,7.098443e-06
0.51855683,0.0030404285,0.0028294525,0.099161,0.41702598,0.99958795,0.9503462,0.00027463632,0.08666176,0.99894804,0.38216624,0.92269534,0.25782603,0.0036506925,0.29167894,0.9437578,0.005333222,0.986899,0.9758093,0.00986563,0.002239669,0.8321004,0.5340592,0.0017496503,0.49691036,0.0015196726
0.55922127,0.0037254745,0.0026345227,0.114521645,0.1186059,0.9996076,0.96768224,0.00024059427,0.08928682,0.9992384,0.39563978,0.9583664,0.0648936,0.0024634125,0.62917185,0.93979067,0.0104113845,0.9836157,0.9871221,0.002343344,0.0018319085,0.8762519,0.2941931,0.00053439353,0.7956729,0.00079203554
0.65066284,0.003927697,0.0020056723,0.12638575,0.12513237,0.99969697,0.96905744,0.00016161652,0.08821339,0.99956626,0.3926108,0.9653327,0.10692662,0.002044776,0.8211309,0.853632,0.012373811,0.9881179,0.9766768,0.0019973456,0.0022770467,0.939672,0.26776403,0.00047216646,0.9116775,0.00074833166
0.7054964,0.0065960702,0.0028955895,0.13823488,0.30614015,0.99955624,0.95651674,0.00024979943,0.100089036,0.99952304,0.41109818,0.9651694,0.2711423,0.0032068596,0.7650389,0.7232226,0.009593142,0.990085,0.93503517,0.004557723,0.0052870307,0.942317,0.37375706,0.0013142144,0.87728673,0.0016826966
0.5502519,0.0067819967,0.005327008,0.1244025,0.3390796,0.9990852,0.94121945,0.0006459653,0.10210237,0.9984365,0.39536977,0.93591416,0.2025873,0.0058422205,0.3725959,0.9156414,0.008637442,0.9804761,0.968055,0.010583757,0.0048168995,0.8278304,0.47750962,0.0025624316,0.5612877,0.002519929
0.51781785,0.0024258706,0.002083185,0.094443895,0.24914066,0.9997383,0.9630524,0.00016757187,0.08014214,0.99937004,0.37005037,0.9493217,0.12240822,0.0023759615,0.3393628,0.95968384,0.004593251,0.9878549,0.98695356,0.0043284306,0.0014873105,0.8337867,0.435168,0.0007327023,0.55969733,0.0007891132
0.65855056,0.0078580035,0.0039513744,0.1428941,0.22053982,0.9993228,0.9546476,0.0004147166,0.101269014,0.9992563,0.40815678,0.96268135,0.17149237,0.003907946,0.7248031,0.8041248,0.012230815,0.98469895,0.9573393,0.004545773,0.0053878655,0.91894996,0.34620467,0.0013330709,0.844463,0.0017798886
0.6252213,0.0039189463,0.002174839,0.12362676,0.10838842,0.9996679,0.9694168,0.00018448317,0.088276185,0.9994734,0.39410365,0.96294737,0.08446847,0.0021219824,0.80221814,0.88475287,0.013202375,0.9862686,0.9813262,0.0019341828,0.002084825,0.927808,0.26036558,0.0004570388,0.9000609,0.00073059107
0.72386295,0.0114691965,0.0054979576,0.15001535,0.6815402,0.9991824,0.9259341,0.0005614546,0.12087398,0.99908733,0.4495347,0.95194674,0.5872227,0.006118903,0.5528938,0.6278598,0.007314876,0.99004704,0.82245284,0.017589338,0.012283002,0.9188353,0.5587671,0.0060306005,0.732231,0.0055564344
0.8412432,0.006578428,0.0021447313,0.1501383,0.8764806,0.99978787,0.9434067,0.00012666224,0.14064528,0.99972826,0.4979542,0.96395487,0.86253375,0.0027538536,0.7594014,0.2949412,0.004696299,0.99729544,0.5433421,0.012928831,0.009359554,0.97282445,0.5503075,0.0045468216,0.9109638,0.0047871433
0.7020117,0.014142545,0.007170752,0.1558132,0.63568884,0.99874413,0.920014,0.00088981463,0.1251949,0.9986229,0.4488998,0.94436467,0.54357177,0.008092456,0.5448542,0.6548886,0.009655309,0.9867214,0.8373555,0.02051401,0.014574976,0.90634644,0.54918325,0.007357967,0.71417123,0.006732
0.60237026,4.6632667e-05,3.1413143e-05,0.050032347,0.004722937,0.9999987,0.99619734,3.3717956e-07,0.042585004,0.9999826,0.2776651,0.97123295,0.005878596,3.753326e-05,0.9804277,0.98912454,0.0061568017,0.99764156,0.99944633,2.5185325e-05,1.0734933e-05,0.98298335,0.056208156,1.4111588e-06,0.9945074,4.326909e-06
0.57729137,3.4295128e-06,2.7345793e-06,0.025414132,0.0007863546,1.0,0.9988966,8.026003e-09,0.026206423,0.9999974,0.22036134,0.9745929,0.0011497622,3.5124353e-06,0.99398875,0.998104,0.0031250876,0.99916625,0.9999366,2.1837207e-06,4.7215863e-07,0.9911776,0.02212421,5.4548043e-08,0.9987405,2.1787483e-07
0.7118339,0.012577781,0.0061896015,0.1525708,0.6601282,0.9990299,0.92292434,0.00067787286,0.12186855,0.99892944,0.44617075,0.9501193,0.55786854,0.0068209916,0.53188926,0.6532735,0.007857134,0.98862225,0.8348324,0.018793173,0.013111236,0.9105963,0.5557468,0.0065127946,0.70936227,0.0059446977
0.9143035,0.0011154185,0.00025943908,0.1305581,0.97028637,0.99998903,0.97170466,4.7991475e-06,0.16690287,0.999969,0.5485287,0.97189426,0.97276443,0.00044877053,0.8970053,0.12594774,0.0017837723,0.99968183,0.27102798,0.004683427,0.0020106693,0.9939061,0.5039384,0.0012355273,0.9839473,0.0015853809
0.58274406,0.00027690642,0.00017445697,0.06979814,0.013891093,0.9999875,0.99182147,4.520692e-06,0.057998188,0.9999136,0.32886016,0.96365523,0.012955024,0.00019625842,0.9477755,0.97768253,0.009667481,0.99455833,0.99812526,0.00012584061,7.853609e-05,0.9631268,0.10120977,1.300925e-05,0.9810238,3.1732598e-05
0.59562767,8.668271e-05,5.870205e-05,0.05668281,0.006771392,0.99999714,0.9949936,8.6266976e-07,0.047754966,0.9999695,0.2955351,0.9695593,0.007455807,6.600731e-05,0.9720624,0.9862874,0.0072828517,0.9967892,0.9991684,4.3540786e-05,2.1290427e-05,0.977472,0.06856651,3.0704082e-06,0.9914848,8.772994e-06
0.71709675,0.015633497,0.008849128,0.16660635,0.8062882,0.9984206,0.90131336,0.0012238935,0.14703892,0.9978179,0.4879156,0.9187661,0.74509716,0.010392619,0.5108486,0.56709456,0.011293248,0.9875687,0.71355605,0.040323205,0.018378131,0.9088929,0.621725,0.015210647,0.7050832,0.012786414
0.5790065,5.024951e-05,3.6106212e-05,0.048767425,0.004378009,0.99999857,0.99624074,4.1401907e-07,0.043522697,0.99997795,0.28564635,0.970604,0.004653049,3.9178783e-05,0.9770155,0.9916013,0.0064458027,0.9973035,0.9995171,2.5131632e-05,1.0324457e-05,0.97867775,0.054803334,1.5001204e-06,0.9933414,4.6415944e-06
0.6617519,0.00086024957,0.0004668585,0.09916941,0.048159447,0.9999534,0.98411894,1.8280236e-05,0.07062429,0.9998716,0.34350732,0.9666503,0.056388807,0.0005629771,0.93037707,0.9094032,0.010586864,0.99394363,0.99112505,0.00047940508,0.00042060387,0.9699043,0.16874903,6.9963644e-05,0.97357315,0.00014104653
0.5428521,0.00062774844,0.00044613477,0.077006035,0.02569617,0.9999584,0.9873749,1.7771721e-05,0.068488725,0.9997638,0.35486463,0.9512481,0.0173669,0.0004965125,0.8820499,0.9772718,0.01060424,0.99113,0.9970937,0.0003109803,0.00020335466,0.9296041,0.1481864,4.560763e-05,0.95093185,9.0385736e-05
0.5145947,0.0016587409,0.0013746794,0.094124205,0.060366984,0.99981505,0.9786856,0.00010047304,0.08013187,0.99939084,0.3827805,0.95409876,0.029691067,0.0013411057,0.67374486,0.97368985,0.009917733,0.98628354,0.99478215,0.0010455612,0.00064361695,0.8749515,0.22401655,0.00019490956,0.8435338,0.00033696098
0.6792306,0.011517298,0.0063843816,0.14679603,0.6344992,0.9989507,0.9222718,0.0007487194,0.11867739,0.99870217,0.4420487,0.9421968,0.52141607,0.0071992218,0.48462048,0.7192657,0.008271849,0.9869751,0.866772,0.019826327,0.011443599,0.89602304,0.56145793,0.0064138807,0.6659064,0.0056676315
0.6963362,0.008333926,0.00515757,0.14037344,0.7955038,0.9992567,0.91856,0.0005449067,0.12515275,0.9987534,0.47076264,0.9249892,0.71580034,0.0062061045,0.4542995,0.6764117,0.0070907557,0.99072427,0.80227286,0.027990585,0.00931998,0.90972304,0.6320109,0.008281445,0.6658455,0.006720385
0.8812814,0.005801941,0.0019324953,0.15756881,0.9695705,0.999858,0.9357897,8.883416e-05,0.17743094,0.9997371,0.5659982,0.95473707,0.9633544,0.002445054,0.7479509,0.17131221,0.0038608464,0.9984805,0.25865218,0.022920458,0.010161021,0.9787698,0.6407942,0.008941364,0.9269329,0.008733412
0.7234062,0.012141638,0.005890614,0.15153618,0.7012609,0.99909675,0.9228747,0.0006340496,0.12397939,0.9989648,0.45617092,0.9483734,0.6129543,0.0066535124,0.550253,0.61620533,0.007822543,0.9897803,0.80861956,0.019806847,0.013147378,0.91836596,0.56642246,0.006903325,0.7305779,0.006283399
0.5158176,5.593712e-05,4.4745204e-05,0.044097155,0.0039138347,0.9999981,0.99619484,5.4447054e-07,0.046541583,0.9999566,0.2977017,0.95723253,0.0029519827,5.092041e-05,0.96646833,0.99547595,0.006924711,0.99631894,0.999634,2.6893613e-05,1.0242364e-05,0.96109664,0.055945173,1.8516238e-06,0.98923,5.425147e-06
0.5515554,0.0028061487,0.002011724,0.10858057,0.07726676,0.99970394,0.97362953,0.00016851563,0.085602894,0.9993048,0.3934634,0.95695806,0.04470714,0.0018714168,0.7204663,0.9509488,0.012392787,0.9843316,0.99079365,0.0015102192,0.0011985011,0.8905731,0.24200705,0.00032663564,0.8592187,0.00054402085
0.59143364,0.0051515694,0.003173158,0.12427086,0.14356603,0.99949193,0.9633968,0.00031229382,0.09269303,0.99920493,0.40227675,0.95920026,0.09124365,0.0030164015,0.6783499,0.90453875,0.011889266,0.9832879,0.9802177,0.0029690487,0.0027796216,0.89331573,0.3089325,0.0007505092,0.8201827,0.0010735594
0.6739314,0.011870714,0.006236455,0.14695324,0.50610495,0.9989416,0.9309984,0.00072946993,0.11411422,0.99883217,0.42955044,0.95063484,0.39732853,0.006770383,0.54768205,0.73694754,0.009299011,0.9856451,0.89957345,0.013620804,0.010696911,0.89757043,0.5045106,0.004506655,0.71260905,0.0044249166
0.5894081,2.905037e-05,2.0510877e-05,0.043457203,0.0032797703,0.9999993,0.9970251,1.7566741e-07,0.03948892,0.99998665,0.26746303,0.97103214,0.0039286786,2.4282357e-05,0.98307174,0.9930084,0.0054857717,0.99795663,0.9996568,1.577582e-05,5.788921e-06,0.9832591,0.047074195,7.6817867e-07,0.9953941,2.4720518e-06
0.8910367,0.0033438932,0.00093379454,0.14249735,0.9601323,0.9999423,0.9534394,3.1726064e-05,0.16084231,0.99989176,0.5406556,0.9670405,0.9564242,0.0013203563,0.80861306,0.16930108,0.0026738057,0.99907637,0.31313884,0.011240151,0.0057516065,0.9857158,0.58114374,0.003745264,0.9521867,0.0040337304
0.9249365,0.0016616517,0.00045105303,0.14410216,0.99006796,0.9999831,0.9605282,8.628988e-06,0.20747784,0.999944,0.6040951,0.9607006,0.98933744,0.00069583167,0.8547669,0.08560513,0.0018808453,0.9996698,0.12860188,0.01125777,0.0036770552,0.99235886,0.6145779,0.0037313586,0.97778314,0.004094312
0.8691412,0.005787156,0.0017997717,0.15147914,0.9412784,0.999853,0.94181323,8.802255e-05,0.1558942,0.99977714,0.52945197,0.96294194,0.93201214,0.002322051,0.7588245,0.21471985,0.003772674,0.99822,0.379315,0.01602141,0.009308562,0.97780585,0.59472686,0.0058521377,0.923019,0.005957738
0.75277805,0.003151923,0.0013204325,0.13199678,0.30736586,0.9998375,0.9673614,7.467591e-05,0.09872731,0.9997851,0.40083992,0.9673333,0.33592203,0.0016649077,0.86952406,0.65597445,0.008452286,0.99487007,0.92684406,0.0026273394,0.0027513197,0.97124827,0.32211366,0.00062986393,0.94838387,0.00092990755
0.6028332,4.5220975e-05,3.0661526e-05,0.049474448,0.0046250597,0.9999988,0.9962528,3.228384e-07,0.04261754,0.9999827,0.27614686,0.97097206,0.0057198834,3.6589016e-05,0.9803874,0.98961604,0.006129935,0.9976591,0.99946684,2.4542474e-05,1.0264677e-05,0.98280644,0.055971965,1.3623993e-06,0.9944581,4.177196e-06
0.6525459,0.0045546107,0.0023440688,0.13219498,0.1312935,0.9996258,0.96661645,0.00020410173,0.09154705,0.9994998,0.39412293,0.96464515,0.11340096,0.0023470481,0.8167893,0.8434942,0.013311757,0.98705393,0.9739213,0.0023272862,0.00270247,0.9382271,0.27272227,0.0005728949,0.9084057,0.00090088474
0.67493623,0.009619237,0.004668261,0.14388818,0.35513133,0.9992379,0.94516724,0.00048803055,0.10496641,0.9992224,0.41628835,0.96187025,0.26802346,0.004799139,0.635472,0.7646138,0.009297965,0.9861522,0.93355554,0.007284793,0.007711003,0.9107015,0.42571285,0.0022873373,0.77907723,0.0025920367
0.648412,0.0060816193,0.0031294732,0.13464947,0.1802903,0.99949455,0.9607125,0.00029883525,0.09538864,0.9993808,0.4033878,0.96387565,0.1386705,0.0030780698,0.7472896,0.834412,0.011846392,0.98577464,0.9677336,0.0033434199,0.0038527916,0.9223729,0.31976527,0.00090459595,0.86198306,0.0012730719
0.56043386,4.618316e-05,3.4352255e-05,0.045958374,0.0038464626,0.9999987,0.99647456,3.7083564e-07,0.04356168,0.9999757,0.2867037,0.96764475,0.0036912865,3.728969e-05,0.97585344,0.9935907,0.0064379107,0.997171,0.99959964,2.2339853e-05,8.813766e-06,0.97506446,0.05258259,1.3479133e-06,0.9928411,4.1323788e-06
0.70210373,0.006987743,0.003122421,0.13723582,0.32852626,0.9995259,0.9544846,0.00027376995,0.10045105,0.99949,0.41306755,0.9644864,0.2809969,0.0034303798,0.7390816,0.72689074,0.00917941,0.9897522,0.9326444,0.0050452775,0.005655546,0.9370738,0.39095548,0.0014803507,0.8599252,0.0018338417
0.642935,0.0076154424,0.004293307,0.1279234,0.44612345,0.99935824,0.94259435,0.00042666556,0.10027116,0.9991702,0.41576794,0.9535357,0.32073924,0.0047048857,0.5058716,0.82008094,0.0070401286,0.98748815,0.9382859,0.009391791,0.00620774,0.8908641,0.49271032,0.0026222926,0.68338346,0.0025779782
0.84020007,0.006085725,0.0019730586,0.14783502,0.863861,0.999808,0.9458826,0.00011220574,0.13654949,0.9997569,0.49103776,0.9656254,0.8504257,0.0025203018,0.76723826,0.3041249,0.004548881,0.9973476,0.571002,0.011486818,0.008534842,0.97366726,0.5377367,0.0038985612,0.9141369,0.004170351
0.61915165,4.2351727e-05,2.820119e-05,0.05015845,0.004765264,0.9999989,0.9962308,2.85956e-07,0.04181849,0.9999852,0.27123597,0.972392,0.006500404,3.4854656e-05,0.98260075,0.987975,0.005964627,0.99787474,0.99942386,2.4342895e-05,1.0192047e-05,0.98541325,0.056017205,1.299785e-06,0.99523085,4.0297105e-06
0.5648511,8.6164175e-05,6.218342e-05,0.053068712,0.0058371904,0.999997,0.9952691,9.233557e-07,0.048334934,0.99996006,0.3004012,0.96600384,0.005438171,6.6943205e-05,0.96803063,0.99055743,0.0075438954,0.99633884,0.99933845,4.110195e-05,1.8552048e-05,0.9704921,0.0653777,2.9864755e-06,0.98982507,8.544521e-06
0.6125344,8.939698e-05,5.831128e-05,0.058521654,0.0075730113,0.99999714,0.9947542,8.515338e-07,0.0477251,0.9999722,0.29276317,0.9704206,0.009107761,6.877744e-05,0.9735893,0.9831194,0.00718025,0.9969862,0.9990208,4.7197227e-05,2.3819883e-05,0.9801399,0.071795,3.281609e-06,0.99205387,9.2906785e-06
0.6046137,1.6610691e-05,1.1838848e-05,0.039362334,0.002394928,0.99999964,0.99758554,7.5313984e-08,0.03536383,0.99999225,0.2512176,0.97227085,0.003451732,1.5068299e-05,0.98882335,0.9937843,0.0048841704,0.9984856,0.9997435,9.994697e-06,3.2922824e-06,0.9881848,0.039461855,4.015383e-07,0.99725384,1.3658013e-06
0.9098218,0.002072336,0.00052182004,0.13667513,0.9744012,0.9999746,0.9612365,1.2725649e-05,0.16830541,0.99994147,0.5524693,0.9699111,0.97299826,0.00079564843,0.8422162,0.13205533,0.001936302,0.9994941,0.24454527,0.0086679915,0.0038474896,0.9903715,0.5727681,0.0026882205,0.96888274,0.0030189927
0.6362665,0.008745608,0.0048862933,0.13627194,0.31119674,0.9991867,0.9461635,0.0005366131,0.10251778,0.9990345,0.41148528,0.95649487,0.21706632,0.005016154,0.5871513,0.82894725,0.009847922,0.98397094,0.95153004,0.007184932,0.0063995537,0.89041966,0.42422104,0.0021265806,0.7426499,0.0024009529
0.68958217,0.005471324,0.0024369229,0.12922874,0.2679955,0.9996331,0.96106744,0.00020412255,0.09539941,0.99954104,0.40964064,0.9633072,0.23513548,0.0028326323,0.7717037,0.7648606,0.009673993,0.99015313,0.9490001,0.003715478,0.0040721213,0.94072694,0.3558763,0.0009977758,0.8811984,0.0013095526
0.7496024,0.011778081,0.0049840854,0.15378863,0.65982765,0.9992488,0.9310403,0.00049115694,0.12266744,0.99925,0.4520516,0.95718867,0.59311944,0.005655619,0.6440277,0.55686873,0.00784599,0.99112403,0.80239874,0.014624841,0.01290834,0.93564236,0.52533984,0.005262392,0.8009415,0.00520328
0.7741961,0.0112184435,0.004920836,0.15492588,0.82639194,0.99933904,0.9216611,0.0004592943,0.13562897,0.9991886,0.4865791,0.9478636,0.7773834,0.0057613417,0.60610574,0.46615875,0.0069196504,0.9932586,0.6752611,0.023333568,0.014116062,0.9412379,0.5993386,0.008558646,0.7930707,0.007762225
0.7585243,0.0069668987,0.0027463876,0.14104867,0.53626335,0.99963534,0.9505405,0.00020880603,0.10977514,0.99961793,0.43279386,0.965703,0.49900374,0.003228276,0.75055325,0.5752325,0.0070538656,0.9934907,0.86016434,0.0068499516,0.0070621064,0.9541759,0.44733757,0.002122555,0.8781179,0.0024528913
0.63053656,5.0402177e-05,3.223006e-05,0.05323655,0.005770141,0.9999987,0.9958496,3.4309448e-07,0.043035053,0.99998486,0.274298,0.9727171,0.008298593,4.1215306e-05,0.98228616,0.98454475,0.0060648243,0.9978915,0.99925655,2.9158673e-05,1.3395093e-05,0.9862629,0.061358206,1.6434107e-06,0.99512815,4.9529285e-06
0.57026654,0.0043116347,0.0029603308,0.11917497,0.12985535,0.9995492,0.9652604,0.00027982172,0.09164942,0.99919814,0.3978464,0.9586503,0.07323461,0.0027358439,0.6335137,0.92960143,0.010777992,0.9829646,0.98479617,0.0026776625,0.0022172092,0.878035,0.30373734,0.0006361988,0.79437524,0.00092323957
0.63289726,0.0005137843,0.00029774065,0.086714655,0.026555344,0.9999739,0.9880581,9.835834e-06,0.06365471,0.9999,0.33521247,0.9675992,0.029686745,0.0003412784,0.94234437,0.9484956,0.01042209,0.9942973,0.9955804,0.00026069846,0.00019754257,0.96978664,0.13252969,3.152e-05,0.9787658,7.113775e-05
0.47448176,0.00038569776,0.0003738334,0.06493321,0.02786883,0.9999658,0.9880967,1.4345122e-05,0.064706676,0.9997274,0.34326774,0.93932056,0.0131939845,0.0004524532,0.75789815,0.99022967,0.0069539365,0.99128073,0.9983438,0.00032257792,0.00012766139,0.88804406,0.16570523,4.0007413e-05,0.90118515,7.436168e-05
0.59297764,0.008149112,0.0056253714,0.13166107,0.41502827,0.99906164,0.93602204,0.0006602835,0.10496569,0.99862874,0.40592292,0.9420764,0.27260453,0.006113471,0.40480137,0.8745443,0.0081880605,0.982608,0.9512686,0.012284841,0.006407855,0.851846,0.5019016,0.0032539696,0.5877345,0.0030923046
0.6940358,0.0028928362,0.0013410833,0.12497201,0.138385,0.99981433,0.9718526,8.718641e-05,0.0862138,0.99973947,0.38107845,0.9683344,0.14273041,0.0015289518,0.8687475,0.80799687,0.010632955,0.99193853,0.9714262,0.0016637928,0.0018978158,0.960404,0.25977793,0.00036371645,0.9417732,0.0005931386
0.5694412,0.004943841,0.0034583432,0.11661208,0.2816343,0.9995116,0.9540838,0.00032301646,0.09164925,0.9991985,0.39052814,0.95537674,0.15501988,0.0035418305,0.422616,0.92111284,0.0063952953,0.98525167,0.9754378,0.0057280413,0.0032274965,0.8537773,0.43254483,0.0012937166,0.6200314,0.0014178866
0.56598365,0.0049125147,0.0033556803,0.12077024,0.1555766,0.9994716,0.9620696,0.00033737163,0.09319992,0.9991008,0.39860246,0.9570169,0.08696799,0.0031982425,0.585329,0.9260575,0.010339457,0.9824469,0.98250854,0.003367107,0.0026445827,0.8693515,0.3293472,0.00081384997,0.75791013,0.0011128824
0.6442238,0.0032223666,0.001684054,0.12095058,0.106404476,0.99975854,0.97201794,0.00012470389,0.08495418,0.9996164,0.38764635,0.9654367,0.091095544,0.0017195172,0.8354472,0.87217164,0.012206062,0.9887185,0.9807375,0.001612203,0.001762159,0.94180804,0.25163096,0.0003581473,0.9207929,0.0005886506
0.59182775,8.6413165e-06,6.447739e-06,0.032838244,0.0015157582,0.9999999,0.9982811,3.016672e-08,0.031192387,0.9999951,0.2390314,0.9745054,0.002121851,7.9614265e-06,0.99102485,0.99627244,0.003958006,0.9988205,0.9998599,5.228241e-06,1.4314784e-06,0.9893811,0.030906115,1.7045197e-07,0.99792236,6.3186127e-07
0.58363664,7.102868e-05,4.8303613e-05,0.052780423,0.005560462,0.99999774,0.99554056,6.4380527e-07,0.046418916,0.99997056,0.29123998,0.96701115,0.006087035,5.6427238e-05,0.97429174,0.9891657,0.0072461325,0.99689543,0.99933535,3.5919315e-05,1.6079419e-05,0.97684973,0.06270554,2.3530206e-06,0.9921802,6.8141817e-06
0.65762985,0.007692621,0.0040404773,0.13194008,0.3779317,0.9993925,0.94698274,0.0003908572,0.09932996,0.9992853,0.41112444,0.95984024,0.2696397,0.004299596,0.5708503,0.80790526,0.0075019593,0.9873044,0.94275993,0.007230737,0.0061255354,0.9008171,0.45285788,0.0020817935,0.7346746,0.002227175
0.6804292,6.429955e-05,3.767494e-05,0.060751572,0.009475709,0.99999833,0.99499315,4.0901105e-07,0.045597553,0.9999869,0.27340195,0.97482127,0.017274028,5.3553344e-05,0.98488855,0.9678238,0.0058925347,0.998293,0.99852306,4.2650194e-05,2.2870401e-05,0.9905194,0.07233577,2.6104617e-06,0.9960057,7.6110055e-06
0.3641787,8.8338544e-05,0.00011084356,0.045112815,0.0053048576,0.99999034,0.9930432,2.9593823e-06,0.06441712,0.99954164,0.30126193,0.80688024,0.0033869587,0.0002186428,0.9139716,0.9978358,0.013000492,0.99061567,0.9996824,0.000111170244,2.1819656e-05,0.88721734,0.08170081,9.453549e-06,0.96807826,2.1693324e-05
0.6522794,0.0044549666,0.0022631353,0.12999278,0.13581797,0.999647,0.967077,0.0001920117,0.090489164,0.99952435,0.39506963,0.96512645,0.115304135,0.0022842546,0.81138134,0.8446235,0.012603794,0.9875252,0.9740691,0.0022865704,0.0026458232,0.9375641,0.2773626,0.00056033226,0.90513146,0.00086917734
0.6471459,0.00032354967,0.00018134476,0.08082732,0.02173922,0.99998605,0.9902146,4.7188587e-06,0.059003986,0.99993944,0.32064146,0.97008944,0.027554076,0.00022299986,0.95701253,0.95120746,0.009024991,0.99576724,0.9964318,0.0001734391,0.00012357922,0.9773621,0.11653367,1.7804272e-05,0.9853528,4.2551022e-05
0.70683044,0.012954591,0.007131452,0.15503094,0.7467618,0.9988164,0.9131213,0.00087803946,0.13197803,0.9984475,0.46785885,0.9325024,0.6655508,0.008267847,0.5059486,0.62805784,0.009224549,0.988277,0.7878353,0.02830294,0.014342833,0.90807474,0.59815353,0.009859116,0.69576806,0.008448119
0.65298444,0.0036091756,0.0018694176,0.12713245,0.110225156,0.9997167,0.9702556,0.00014787469,0.08778563,0.9995882,0.38727078,0.9655905,0.09904783,0.0018912983,0.84104973,0.856465,0.013088376,0.9882451,0.97829676,0.0018105332,0.0020512335,0.94421214,0.25182423,0.0004156895,0.92392755,0.0006866833
0.6035323,0.007206321,0.00462272,0.12785822,0.38848883,0.9992924,0.94283354,0.0004818256,0.099796854,0.9990055,0.40269694,0.95149356,0.24757554,0.004908109,0.42974493,0.87515426,0.007048805,0.9849454,0.9559027,0.009300706,0.0054846928,0.8634835,0.48242402,0.0024164729,0.6166762,0.0024056355
0.7109015,0.0018871976,0.00084878044,0.11799704,0.12923227,0.99989665,0.9763654,4.3406166e-05,0.08251244,0.9998332,0.37060812,0.96951014,0.14836611,0.0010527731,0.8994257,0.8035406,0.009391897,0.9941796,0.97344065,0.0011772296,0.001258477,0.9705185,0.23927821,0.00022765463,0.9596836,0.00039124393
0.57301927,0.0022047404,0.001455205,0.10630272,0.059460476,0.999803,0.9775704,0.000104027364,0.08121303,0.99951565,0.38722712,0.96042955,0.039829273,0.0013538109,0.81175953,0.9456413,0.013096196,0.9865965,0.9916108,0.0010230449,0.00089978287,0.91747344,0.20888925,0.00020812306,0.9114233,0.00037556997
0.80988765,0.0011514819,0.00044326813,0.118834294,0.4391872,0.99996674,0.97693753,1.243314e-05,0.10080347,0.9999366,0.40640008,0.9710153,0.51596624,0.00064308406,0.9227283,0.55094296,0.005083229,0.9982047,0.8926655,0.0014612594,0.0011415869,0.9873318,0.3031651,0.00027969555,0.9784814,0.0004528105
0.47263896,0.00107471,0.0011077136,0.08480766,0.05463296,0.99985623,0.9809924,7.6114666e-05,0.07776058,0.9993612,0.36774468,0.94795465,0.022532992,0.0011380543,0.57154953,0.9856213,0.007961622,0.9870661,0.99676347,0.0009460962,0.00040943827,0.84530693,0.22330432,0.00014925688,0.7976174,0.00026198715
0.7208688,0.011233301,0.004894643,0.14998026,0.5504943,0.9992424,0.9361847,0.0004934594,0.113846906,0.9992624,0.4337095,0.96078336,0.45932257,0.005353593,0.61904126,0.6490391,0.007774005,0.9894231,0.86869067,0.011351259,0.010996025,0.923948,0.49331892,0.0038783867,0.7756168,0.00395614
0.6396243,0.0065436806,0.0034008182,0.12817138,0.25695112,0.99946386,0.9564751,0.00032910216,0.09496888,0.99932516,0.40814272,0.96085596,0.18401521,0.0036040565,0.6562718,0.8371975,0.009384949,0.98657995,0.96080565,0.004614931,0.0044661406,0.9080321,0.38198993,0.0012699298,0.80098355,0.0015625942
0.5871067,0.0070034866,0.0048205787,0.12564489,0.38841665,0.99923575,0.9414495,0.0005267203,0.10009157,0.9988432,0.40188923,0.94536024,0.24700785,0.0052182144,0.407249,0.88803965,0.00743778,0.9838964,0.95863223,0.010165824,0.005281755,0.8540245,0.48973265,0.002574267,0.59481514,0.0024944989
0.6993417,0.01462968,0.007259385,0.15849361,0.593022,0.9987565,0.9214089,0.0008697954,0.12350696,0.99872774,0.43872505,0.9499333,0.48635066,0.007811512,0.53984666,0.67528665,0.009246156,0.98596686,0.85524374,0.018211547,0.01457099,0.90200007,0.5322685,0.0065608327,0.7056919,0.0061373156
0.58229417,0.00034055315,0.00022863767,0.074873194,0.014937961,0.9999821,0.9908861,6.7489077e-06,0.060150564,0.99989605,0.33605826,0.9655557,0.013626141,0.00023114208,0.9433911,0.9758725,0.010587053,0.9938788,0.9978771,0.0001527446,9.8008335e-05,0.96172357,0.10413479,1.7075348e-05,0.9795304,4.1964053e-05
0.5732088,0.0057658856,0.00396307,0.12418057,0.24613662,0.9994036,0.9535554,0.000399844,0.09607103,0.99907684,0.39534232,0.95609933,0.13527142,0.003885342,0.46757445,0.9150538,0.007884159,0.98312587,0.9753882,0.0054355385,0.003639993,0.8547818,0.40397686,0.0013170638,0.65656453,0.0015386158
0.50655484,0.00046318537,0.0004043647,0.07207596,0.019589726,0.99996233,0.9889818,1.568711e-05,0.066455096,0.9997458,0.35812774,0.9543152,0.010538852,0.00039715972,0.85177696,0.9875966,0.009546212,0.9911176,0.9982175,0.0002404711,0.00013119807,0.9148762,0.13082787,3.3329306e-05,0.9428413,7.388872e-05
0.917251,0.002082631,0.0005738001,0.14365625,0.986087,0.99997556,0.9575946,1.2834853e-05,0.19439718,0.9999312,0.5876511,0.96253455,0.984757,0.0008571554,0.83805335,0.10346148,0.0020299843,0.99955815,0.16208923,0.011812458,0.0043092994,0.9906605,0.61416847,0.0039821467,0.97128,0.0042899777
0.6297446,3.3996566e-05,2.2100618e-05,0.04849663,0.00436973,0.99999917,0.99656147,1.9996655e-07,0.039848797,0.9999888,0.2653892,0.97408366,0.0064773853,2.8256947e-05,0.98542154,0.9877967,0.005502342,0.9982016,0.9994711,2.0065794e-05,8.250537e-06,0.98787993,0.052500717,9.85915e-07,0.99617285,3.1609502e-06
0.83333766,0.007617396,0.0032908139,0.15641506,0.9506272,0.9996871,0.9220908,0.00022020958,0.16663602,0.99942327,0.5537694,0.9370723,0.9377347,0.004087664,0.6590363,0.27901217,0.0055942656,0.9968887,0.3918668,0.032058377,0.011949449,0.96356887,0.6665658,0.011883402,0.8659475,0.010610901
0.79471624,0.009800387,0.003546089,0.1549336,0.7440366,0.9995369,0.93728,0.0002849425,0.12730221,0.9995357,0.46231574,0.9635879,0.7045357,0.0041741394,0.70858335,0.43480548,0.0063578477,0.99439704,0.7187483,0.0129033355,0.011962467,0.9558615,0.52023476,0.0046506072,0.8607493,0.004808422
0.819745,0.0027286264,0.00089226733,0.1356246,0.60676795,0.99991107,0.9669709,3.998636e-05,0.11371132,0.9998783,0.433469,0.9709491,0.64930445,0.001262247,0.87665665,0.43694353,0.005290728,0.99764025,0.808331,0.0034408562,0.0031127157,0.9825832,0.37276787,0.0008634474,0.9605314,0.0011857745
0.3623693,3.024147e-06,4.492576e-06,0.018777378,0.0006985472,0.9999999,0.9984231,2.0545997e-08,0.03488501,0.9999716,0.23198825,0.8605954,0.0004131485,9.416972e-06,0.9758656,0.9997198,0.004086967,0.99761677,0.99997723,4.2397373e-06,4.6323603e-07,0.94576466,0.028511615,1.4209546e-07,0.9937239,4.7441318e-07
0.6136121,0.00033601737,0.0002044151,0.07780983,0.017680021,0.99998415,0.99054015,5.8001333e-06,0.059202682,0.99992085,0.329198,0.96825,0.018860256,0.00022627228,0.95014954,0.9658075,0.009847099,0.99478513,0.9973182,0.0001608667,0.000110183355,0.9701774,0.10955562,1.7199984e-05,0.9824123,4.1809188e-05
0.60883015,0.004335825,0.002458876,0.11994956,0.13050774,0.9996208,0.967233,0.00021775422,0.0885777,0.9993905,0.39918926,0.96067125,0.09202268,0.0024727206,0.7439264,0.8949287,0.011884561,0.98573166,0.9803535,0.0023579977,0.0023193052,0.91267705,0.29277307,0.0005735685,0.86348045,0.0008500454
0.64384174,0.01014639,0.005810716,0.14199798,0.46495828,0.99906844,0.93359905,0.000645092,0.10910054,0.99889106,0.41529834,0.95211345,0.3277705,0.0060969847,0.4706383,0.8096325,0.007883976,0.9847788,0.92774445,0.0123180095,0.008612661,0.8779529,0.502504,0.0037065113,0.6466184,0.0035873333
0.5993537,0.00041656021,0.00026286134,0.07895618,0.018718243,0.9999783,0.98973936,8.413151e-06,0.06175044,0.9998907,0.33738837,0.96562487,0.01796451,0.00027988042,0.94055784,0.968211,0.0107080685,0.99377704,0.9972198,0.00019178008,0.00013304384,0.9630296,0.11534266,2.2586762e-05,0.9780397,5.3096643e-05
0.6657041,0.00751891,0.0036844923,0.13932818,0.24646913,0.9993955,0.9548666,0.0003644071,0.09945377,0.9993364,0.40893024,0.9634925,0.19285469,0.0037392126,0.7179453,0.79427344,0.010893907,0.98625875,0.95346826,0.0046381727,0.0053331945,0.9218366,0.36204672,0.0013486776,0.8406512,0.0017436801
0.58832234,0.005975981,0.0038504899,0.120879665,0.28327858,0.99940693,0.95211035,0.00039245162,0.09422233,0.9991124,0.39933348,0.95428944,0.17083997,0.004053227,0.48532227,0.898132,0.0077212844,0.9846422,0.9701451,0.0060901428,0.0040055234,0.86600256,0.42670903,0.0015159603,0.6693253,0.0016776546
0.6557222,0.0006250309,0.00032871586,0.09244656,0.036686126,0.9999691,0.9867359,1.1402753e-05,0.0656495,0.9999056,0.33876196,0.9697481,0.043450337,0.00039749,0.93967056,0.9272887,0.009702331,0.9947754,0.9935754,0.00032887227,0.00027420803,0.97296786,0.14817761,4.2180025e-05,0.9777272,9.148771e-05
0.62282306,0.00016037017,9.910244e-05,0.06752482,0.011551619,0.9999939,0.99311584,1.94388e-06,0.05231024,0.99995875,0.30558082,0.97047764,0.0138946865,0.00011604542,0.9664336,0.97428256,0.008128076,0.99633455,0.9983576,8.348179e-05,4.8625654e-05,0.97813064,0.08767366,6.904447e-06,0.98926044,1.8332821e-05
0.5542694,0.0040523917,0.0028749686,0.112524696,0.18816696,0.9995908,0.9626353,0.00026130414,0.088341795,0.99926096,0.39048442,0.9580247,0.09782775,0.0028415865,0.4968049,0.936956,0.0074166604,0.9849347,0.9835685,0.0035266997,0.0022647078,0.859231,0.36362383,0.0007744783,0.69407415,0.0009826036
0.6324477,0.00061575614,0.00035281782,0.09019626,0.029493967,0.99996686,0.98720735,1.3034359e-05,0.06507915,0.9998872,0.34111154,0.9687067,0.031851362,0.00038976045,0.93579555,0.944205,0.01060975,0.99385935,0.99507105,0.00030242078,0.00024066973,0.96795917,0.13837777,3.880231e-05,0.97586924,8.664395e-05
0.586837,0.00012788679,8.751259e-05,0.060730346,0.008060672,0.999995,0.9941493,1.5961772e-06,0.050927047,0.999954,0.30719665,0.9681114,0.008360537,9.402846e-05,0.96600527,0.9848738,0.0083889775,0.9960439,0.9989618,6.2451676e-05,3.1580086e-05,0.9731329,0.075208396,4.9304676e-06,0.98907685,1.3722936e-05
0.572471,0.004995854,0.0033481012,0.11628108,0.24956344,0.99950457,0.9566773,0.00032293334,0.09110285,0.9991992,0.39400828,0.955715,0.1408991,0.0034875982,0.47413644,0.9176875,0.0072072553,0.985104,0.976626,0.004981622,0.0031480824,0.861431,0.4083096,0.0011657036,0.66674423,0.0013377112
0.6438021,0.010625875,0.006198513,0.14345711,0.48455465,0.9989849,0.93095154,0.00071024994,0.11132056,0.99878234,0.41793868,0.94942665,0.3478724,0.0065448745,0.46493647,0.8037155,0.0082399435,0.9844087,0.9223474,0.013683864,0.009176422,0.87655395,0.51258296,0.0041676513,0.6410112,0.0039709625
0.81952584,0.00890015,0.0041927607,0.16239102,0.94829446,0.9995479,0.9146047,0.00032942268,0.17112565,0.9991542,0.5558527,0.9263565,0.9341477,0.0051803812,0.6336514,0.30089206,0.0068643535,0.9960353,0.40188864,0.039403155,0.013754179,0.9573606,0.67408556,0.015019559,0.84776247,0.013095068
0.8408093,0.0063932408,0.0020248946,0.1499345,0.8563081,0.99978894,0.9462162,0.000121522186,0.1379396,0.99973935,0.4900669,0.9649071,0.8475484,0.0026841036,0.7769087,0.30022237,0.0048957043,0.9972487,0.5713653,0.011572475,0.009073913,0.97423065,0.52815396,0.0039764415,0.9177886,0.004325692
0.731452,0.0024200238,0.0010337534,0.12546605,0.18922438,0.99987113,0.9727562,5.615775e-05,0.08834264,0.99982184,0.37906307,0.9702645,0.21354522,0.0012738239,0.88572073,0.7432885,0.008693129,0.99442947,0.95902205,0.0016657074,0.001827261,0.97113144,0.27158496,0.00035359449,0.95368147,0.0005678981
0.52492553,0.0026782064,0.002123931,0.09780506,0.21909666,0.99972826,0.9650581,0.00017217694,0.08131198,0.9993881,0.3743083,0.95380217,0.106070235,0.0023214733,0.3814846,0.956986,0.005025871,0.987578,0.9871405,0.0036514318,0.0015456341,0.8413894,0.40439117,0.0006627726,0.60332084,0.0007576744
0.779732,0.011112619,0.0043805414,0.15516837,0.7621251,0.99940133,0.93028843,0.0003933886,0.12947616,0.9993679,0.469997,0.9578869,0.71202904,0.005105604,0.6598966,0.4651045,0.0068472857,0.99338174,0.7187013,0.016566703,0.013452288,0.9468983,0.55077296,0.0060942024,0.8253932,0.0059492835
0.6573449,0.0027868145,0.0014240688,0.12182341,0.096934,0.9997979,0.97369397,9.944039e-05,0.08380866,0.9996791,0.38064525,0.9666823,0.0922696,0.0014943186,0.86439866,0.8631864,0.012447156,0.9898865,0.9810519,0.0014088302,0.0015488549,0.95174253,0.23487666,0.00029717202,0.9381109,0.00051055494
0.59445024,2.8341037e-05,2.0080017e-05,0.044012915,0.0033234607,0.9999993,0.9970318,1.6983942e-07,0.039091505,0.99998784,0.2670764,0.97291565,0.0040812767,2.3242093e-05,0.9836406,0.99255204,0.0053393925,0.99804354,0.9996486,1.5479842e-05,5.721991e-06,0.9844356,0.04695976,7.443896e-07,0.9956316,2.4370827e-06
0.71072435,0.0033465489,0.0014758375,0.12891157,0.18296391,0.9997937,0.969145,9.7963115e-05,0.090354495,0.99973136,0.38841435,0.96818864,0.18989795,0.0017269719,0.86021346,0.7677365,0.010048943,0.9924664,0.9609698,0.002095126,0.0023952173,0.9619614,0.2843574,0.00048156825,0.93760157,0.00074480224
0.7225764,0.008381888,0.003650469,0.1403108,0.47593254,0.9994685,0.9460853,0.00032407138,0.10689602,0.99945134,0.4269407,0.9629153,0.40723374,0.0040786667,0.68683815,0.6646997,0.0077402536,0.9907769,0.8947119,0.007714999,0.0077880863,0.9354493,0.45599508,0.0024439225,0.82678676,0.002701563
0.5502548,0.0044187307,0.0032351452,0.11698867,0.16562493,0.9995091,0.9620261,0.00031807684,0.09229994,0.9991027,0.39340177,0.9557404,0.08616398,0.0031176615,0.520774,0.93810564,0.008989629,0.9828266,0.9843014,0.0035280068,0.0023980115,0.85498416,0.34453,0.00080611015,0.7125698,0.0010663809
0.7921234,0.013290992,0.0054445346,0.16599171,0.8399201,0.99922776,0.9198383,0.0005371863,0.1474199,0.9991025,0.49768028,0.94740015,0.8072233,0.0064638355,0.6593866,0.388955,0.008242148,0.99343586,0.60357803,0.025194649,0.017411035,0.94851685,0.5857009,0.010156055,0.83357483,0.009603985
0.63704425,0.002292257,0.0012605399,0.1163476,0.07065967,0.9998252,0.97637004,8.603871e-05,0.081196785,0.9996736,0.37703893,0.96535724,0.06560526,0.0012794976,0.8746953,0.8965236,0.013501598,0.9892525,0.986636,0.0010972264,0.0011308957,0.9494463,0.20877421,0.00021786119,0.94382083,0.00039821005
0.49313435,0.0024768019,0.0023898135,0.101279676,0.16498183,0.99968135,0.9662239,0.00020643782,0.08697497,0.99917114,0.37038225,0.94983095,0.06960838,0.00242395,0.35789353,0.970294,0.006049134,0.9845893,0.9909706,0.0033297183,0.0013178831,0.81295305,0.3658992,0.00057883357,0.5916854,0.00073796563
0.72751296,0.010504212,0.0044464157,0.14797379,0.537936,0.9993309,0.9388437,0.00042508857,0.11171983,0.99936014,0.43164366,0.96298915,0.4535125,0.0048774863,0.6411081,0.64166653,0.0074341195,0.9901826,0.87167674,0.010172178,0.01028366,0.9293364,0.48426127,0.0034387198,0.7919766,0.0035773371
0.68247783,0.009812509,0.004697556,0.14489058,0.37257487,0.99923885,0.9446857,0.00048628415,0.106392965,0.99922776,0.4157787,0.96176803,0.28607807,0.004874779,0.6400341,0.74966294,0.00921528,0.9866214,0.92699105,0.0076118107,0.008030912,0.91282076,0.4319361,0.002411044,0.78569937,0.0027334613
0.6754349,0.011168216,0.0061480864,0.14515878,0.5799093,0.99900347,0.92701954,0.0006960247,0.11510865,0.9988154,0.43390217,0.94657606,0.46346372,0.0067376457,0.5041876,0.73412496,0.008284704,0.9866947,0.8857735,0.01640864,0.010654596,0.89530724,0.53956026,0.0052850223,0.6806631,0.0048537836
0.61770916,0.0017642194,0.0010084588,0.10713089,0.05568462,0.9998721,0.9797101,6.166748e-05,0.07726878,0.99970466,0.37358615,0.964435,0.048940707,0.0010204556,0.8798987,0.92264146,0.013095948,0.9897154,0.9904822,0.0008118439,0.00077337946,0.9467589,0.1919478,0.00014924309,0.9469152,0.00028323804
0.6948971,0.0125214625,0.007636687,0.15509124,0.7900821,0.99866915,0.9070803,0.0010272376,0.13837048,0.99794453,0.4819211,0.91395617,0.7228012,0.00930196,0.48475188,0.6286363,0.010445713,0.9877287,0.7652803,0.036690712,0.0141388895,0.9042835,0.6240648,0.0124815395,0.68205523,0.010280307
0.46297005,8.708873e-07,8.933551e-07,0.014406278,0.00019453917,1.0,0.9994386,1.4798155e-09,0.021005634,0.99999726,0.20227556,0.9560041,0.00022573637,1.3711991e-06,0.9956874,0.999726,0.0028541528,0.9992142,0.99998856,6.102225e-07,7.813467e-08,0.9865471,0.011770752,1.1615698e-08,0.9991167,5.1433588e-08
0.5546645,0.004749503,0.0035201886,0.11500071,0.27081206,0.9994929,0.95430326,0.0003375624,0.091942266,0.99911743,0.38797244,0.95209825,0.1459134,0.0036347692,0.40531534,0.9302578,0.0065850755,0.98456675,0.97784096,0.005831725,0.0030523138,0.84424573,0.43116754,0.001289265,0.6061402,0.0014076828
0.7254534,0.013663883,0.0059987945,0.15937747,0.5578019,0.9990089,0.93024313,0.00065587915,0.120719545,0.9990878,0.4359826,0.9587134,0.4727476,0.0064147566,0.6245568,0.6234976,0.008987191,0.9880931,0.85155326,0.013493476,0.013705171,0.92153513,0.4949509,0.0049079317,0.77623516,0.0049887723
0.5812641,0.0054770894,0.0035699017,0.12469112,0.15484707,0.999421,0.96091884,0.00036622802,0.09491965,0.9990858,0.40222484,0.95699704,0.09273579,0.003377659,0.6306183,0.9121825,0.011537635,0.982061,0.9800956,0.0034478828,0.0029996193,0.8796739,0.32567534,0.0008796326,0.78632605,0.001212373
0.78205496,0.0121530425,0.004690258,0.16119699,0.7308166,0.9993315,0.93032146,0.0004278604,0.13064064,0.9993518,0.46085176,0.96010035,0.6815089,0.0053211777,0.67649084,0.46181074,0.0073583503,0.99284995,0.72629845,0.015733322,0.014538392,0.9468422,0.5304706,0.005937401,0.8344891,0.0059640645
0.48515144,2.364732e-06,2.261575e-06,0.01944477,0.00042461877,1.0,0.9991321,5.8027863e-09,0.025708362,0.9999958,0.22276714,0.96505576,0.00039544623,2.8507511e-06,0.9922774,0.9994466,0.0030528812,0.9989384,0.9999738,1.3649353e-06,2.425311e-07,0.98289007,0.017441938,3.540725e-08,0.9982394,1.4837806e-07
0.87450016,0.0033147486,0.0009451642,0.14444207,0.92448086,0.99992967,0.9575488,3.7223464e-05,0.15264665,0.99987864,0.5198026,0.9663236,0.9259494,0.0014130594,0.83899724,0.20805274,0.0035607812,0.9988174,0.4240806,0.008565474,0.0052217203,0.9856801,0.5215548,0.0027123978,0.9586436,0.0031640446
0.5868927,0.0047444724,0.0030142271,0.12371139,0.120833814,0.9995165,0.9654641,0.00029338233,0.09250006,0.99919766,0.40124166,0.9591572,0.0763952,0.0027800258,0.7024347,0.9137106,0.012862573,0.98271656,0.98281246,0.0025710992,0.0024203807,0.89503384,0.28640068,0.0006355479,0.83719885,0.000957688
0.60801345,0.006136847,0.0036310633,0.12610504,0.18932237,0.9994067,0.95811236,0.0003693709,0.09504752,0.9991578,0.40420496,0.9574468,0.12531582,0.0036448683,0.65260607,0.8825202,0.011138408,0.98359793,0.97301877,0.0040245056,0.0036967322,0.89267075,0.35064676,0.0010768115,0.7973554,0.0014073445
0.64453167,0.008726692,0.0048319404,0.13446356,0.40792552,0.99923074,0.94160664,0.00051220466,0.102733985,0.9990778,0.4153998,0.9549686,0.2907612,0.0051614097,0.5287523,0.8135342,0.008072508,0.98585993,0.9386606,0.009235425,0.007020882,0.88964105,0.47275937,0.002699363,0.69772816,0.0027592594
0.11365546,6.115185e-05,0.00024690144,0.045087047,0.013259724,0.9998932,0.9831025,3.0711362e-05,0.09611887,0.9777796,0.22774372,0.12847045,0.0066002626,0.0018439202,0.42192042,0.9997272,0.019968648,0.9653197,0.9998971,0.0018418096,2.875246e-05,0.5304638,0.1988694,0.000100180965,0.681605,0.00014900051
0.71459144,0.011377467,0.005293482,0.14887561,0.60176486,0.99920195,0.9307463,0.00053488225,0.11538681,0.9991714,0.43619674,0.9569418,0.4962054,0.0057447962,0.56437075,0.6647174,0.007247275,0.98921585,0.8607258,0.013951912,0.01142912,0.9155962,0.52710754,0.0047434797,0.73381037,0.0045425007
0.7244535,0.012148486,0.0053356104,0.15508278,0.51013327,0.9990876,0.9360159,0.0005844497,0.11792383,0.99913317,0.435517,0.9574341,0.44770733,0.005968086,0.67426705,0.6252608,0.0099464385,0.9883796,0.86646956,0.011329452,0.011957515,0.9292649,0.47064906,0.0040044696,0.8131566,0.00428045
0.6574878,0.00026263116,0.00014763913,0.07895206,0.02058597,0.9999895,0.9908599,3.3441283e-06,0.05741366,0.9999527,0.31296167,0.9711029,0.028037313,0.00018703543,0.963036,0.9501943,0.008376416,0.9963697,0.99657047,0.00014837513,0.000103284365,0.980721,0.11210474,1.4304876e-05,0.9879389,3.4916506e-05
0.6440921,0.012646718,0.0075775175,0.14931977,0.5303734,0.99863654,0.922479,0.0009886893,0.11848399,0.9983297,0.4279578,0.9399922,0.40275684,0.00825088,0.46385583,0.7797255,0.009927683,0.9826218,0.9040969,0.018346617,0.011342486,0.87346333,0.5316372,0.005893674,0.63627744,0.005406233
0.81563437,0.009477111,0.0043048277,0.16094683,0.93584734,0.99952066,0.91542274,0.00034440274,0.16222431,0.99919873,0.54116184,0.9344016,0.91672045,0.005169055,0.6229885,0.32541668,0.0065185116,0.99573624,0.4467453,0.035758056,0.0141252475,0.9550614,0.6628463,0.013635155,0.8356096,0.011981758
0.6418617,0.014316062,0.009036358,0.15432669,0.5838132,0.99824715,0.9137364,0.0013195731,0.12595628,0.9977448,0.43750486,0.9285028,0.46423215,0.010140554,0.44891492,0.76205814,0.011452546,0.98117816,0.88372517,0.024765467,0.01347318,0.86895823,0.5558001,0.00825779,0.6238551,0.0072476245
0.5563642,0.008791491,0.0069376887,0.13454188,0.3932656,0.998697,0.9314383,0.00095443113,0.110388055,0.9978695,0.40200105,0.9274097,0.25083452,0.0077083944,0.36262316,0.8977464,0.010129021,0.97784424,0.95683545,0.015084368,0.0066987937,0.8226825,0.5035627,0.003941528,0.5443345,0.0036840513
0.77710783,0.013527141,0.005846656,0.16403452,0.8177303,0.9991623,0.9187411,0.00058960094,0.14236435,0.99903476,0.48749837,0.9475852,0.7716408,0.0066831666,0.6257474,0.4419916,0.008162801,0.992547,0.6529658,0.024975296,0.016848767,0.9407011,0.5874628,0.009803071,0.80604804,0.009109534
0.6609917,0.008942729,0.004494672,0.14198206,0.28792125,0.9992405,0.9493508,0.0004798035,0.10333384,0.99917847,0.41204143,0.9605965,0.21700646,0.004580321,0.66935766,0.7902661,0.010790857,0.9849978,0.94650483,0.0060642753,0.006579282,0.91018087,0.3927305,0.0018545832,0.80517983,0.0022550335
0.91937983,0.0014106473,0.00032605103,0.13029796,0.9786106,0.9999863,0.9673768,6.2673525e-06,0.1707441,0.99996364,0.55534804,0.9717624,0.9784962,0.0005538279,0.8699568,0.11502077,0.0015765303,0.9996669,0.22408716,0.0064257034,0.0027664274,0.9928173,0.5556347,0.0018783209,0.9780045,0.0021914043
0.84555405,0.0007602884,0.00025582174,0.12773459,0.62111795,0.9999833,0.9804791,5.7206435e-06,0.12047197,0.9999598,0.44846013,0.968964,0.72625536,0.00041182846,0.95414174,0.3801362,0.0050560916,0.999116,0.7957173,0.0013067506,0.00084526185,0.99361926,0.27938017,0.00024073056,0.9911911,0.00043196554
0.57894737,0.001570798,0.0010430183,0.10154981,0.041630592,0.99986804,0.981181,6.502947e-05,0.0774254,0.99961984,0.3779178,0.9610715,0.031132331,0.0009691008,0.86653614,0.9518129,0.014148204,0.98802465,0.9935382,0.0006943114,0.00058784324,0.93245244,0.17430304,0.00012669366,0.94118947,0.00025115037
0.5657921,2.0298039e-05,1.5359761e-05,0.038148537,0.002358417,0.9999995,0.99755836,1.09368635e-07,0.037323453,0.99998796,0.26237646,0.9696454,0.0025628593,1.777345e-05,0.9840769,0.99563485,0.005071154,0.9980585,0.99977535,1.088443e-05,3.4928507e-06,0.9816824,0.040485993,4.866153e-07,0.99572384,1.6187655e-06
0.589523,0.00021620015,0.00014451236,0.06870517,0.011428855,0.9999902,0.9925236,3.4583165e-06,0.055564176,0.99993217,0.32209986,0.9678009,0.011329104,0.00015094044,0.9563299,0.9794399,0.009402493,0.99512094,0.9984339,0.00010075435,5.8960348e-05,0.96896553,0.08971024,9.58064e-06,0.9851702,2.508331e-05
0.6691751,0.0044585504,0.0021597154,0.12911262,0.16211165,0.99967504,0.9661749,0.00017394853,0.09046915,0.9995802,0.39494962,0.9660687,0.14035016,0.0022710327,0.8082568,0.82163906,0.011179216,0.98890734,0.96917456,0.0024403157,0.0028572485,0.94133383,0.29591927,0.00060950243,0.90367305,0.00091029797
0.6133702,0.0030713037,0.0017903714,0.118643634,0.08159096,0.99973816,0.97325665,0.00014035666,0.085034505,0.999526,0.38974413,0.9633907,0.06382729,0.0016953722,0.82693034,0.90740144,0.013852733,0.9866468,0.9859395,0.0014435002,0.0014624379,0.93126357,0.23125397,0.00031420542,0.9161149,0.00054341555
0.5974886,6.860457e-05,4.687526e-05,0.05413178,0.0058347783,0.99999785,0.99552166,6.2556927e-07,0.045563847,0.9999753,0.2895995,0.9712772,0.0067080995,5.2435807e-05,0.97550744,0.98757124,0.006844607,0.99714774,0.99930084,3.5416353e-05,1.6160404e-05,0.97992295,0.062677845,2.2614802e-06,0.9927826,6.7592264e-06
0.70637155,0.008031299,0.0036458294,0.13901137,0.4124919,0.9994431,0.94894433,0.00033708967,0.105399735,0.9993925,0.42289945,0.9607126,0.35306612,0.004120793,0.70364,0.6985924,0.008928485,0.9898018,0.91253537,0.0068918695,0.007015475,0.9328891,0.43380272,0.0021304656,0.8376882,0.002439863
0.8600069,0.004164923,0.0012662985,0.14296508,0.8965438,0.9998969,0.9532779,5.6496265e-05,0.1423345,0.9998449,0.5030911,0.9668492,0.89277685,0.001748926,0.80962145,0.25483474,0.0038083673,0.99833727,0.50537664,0.00922628,0.0061435425,0.98118585,0.5284848,0.002960066,0.9419984,0.0033198565
0.018777503,7.909897e-07,1.1326443e-05,0.016255638,0.002641414,0.9999908,0.9934395,1.2103885e-06,0.07312992,0.8985621,0.1051558,0.0046553044,0.0009788815,0.0005104442,0.20834392,0.9999982,0.00884945,0.96798855,0.9999989,0.0009350681,3.0887648e-07,0.26768443,0.13987072,7.77816e-06,0.49007645,1.2763839e-05
0.018325293,1.9134261e-07,2.9176085e-06,0.010861063,0.0009905471,0.9999987,0.9970264,1.3623276e-07,0.053619698,0.97916174,0.10639559,0.0076775234,0.00033051992,0.0001152478,0.28830612,0.99999917,0.004733349,0.98464346,0.99999964,0.00015867085,6.502597e-08,0.33364752,0.09025288,1.1161773e-06,0.66088223,2.2932363e-06
0.018343959,5.179183e-07,7.5823014e-06,0.014153138,0.0021478278,0.99999475,0.99472284,6.353915e-07,0.06657482,0.9343917,0.10768034,0.004887263,0.00079471414,0.0003437423,0.23320799,0.99999845,0.00741936,0.9748614,0.9999993,0.0005770395,1.9998772e-07,0.28503406,0.13056844,4.540334e-06,0.53810734,7.720515e-06
0.14377715,0.0015329126,0.011496768,0.14619711,0.74486375,0.9804064,0.83909154,0.013599658,0.2314865,0.44379652,0.46065265,0.031299755,0.6498718,0.0642967,0.15776314,0.98726314,0.15684325,0.8597715,0.9838357,0.33504513,0.0012109615,0.53295577,0.76947415,0.023550969,0.3048713,0.025420787
0.007823477,1.33044145e-08,3.6659145e-07,0.0056119733,0.00029268334,0.9999999,0.99872094,1.1307516e-08,0.038515985,0.97894615,0.06998222,0.0021113097,8.181979e-05,3.149212e-05,0.23961276,1.0,0.0023482621,0.98947,1.0,5.0616472e-05,3.72588e-09,0.2689848,0.060041744,1.3487153e-07,0.6557237,3.2341836e-07
0.006193363,1.0935921e-08,3.393302e-07,0.0053602573,0.00030332222,0.99999976,0.99864477,1.2707589e-08,0.039554086,0.96246785,0.062699586,0.0012412185,8.32156e-05,3.811419e-05,0.19919023,1.0,0.0024177951,0.98781025,1.0,7.0517046e-05,3.0436322e-09,0.22978199,0.06372199,1.530561e-07,0.59136456,3.5569914e-07
0.006836392,2.8097945e-08,7.9426275e-07,0.006935945,0.00055301527,0.9999994,0.99780124,4.6237403e-08,0.04780565,0.9152272,0.064385355,0.0010552392,0.0001630786,8.912358e-05,0.173748,0.9999999,0.00361399,0.9817426,1.0,0.0001912082,8.267282e-09,0.20892721,0.08247959,4.799669e-07,0.5078741,9.864023e-07
0.004132957,1.9707806e-09,8.32717e-08,0.0034349423,0.00012720098,1.0,0.9992951,1.953256e-09,0.03021861,0.9780175,0.05104563,0.00081268256,3.0898813e-05,1.27611975e-05,0.19710603,1.0,0.001389307,0.99206525,1.0,2.3356455e-05,4.7759896e-10,0.22400883,0.045617238,3.0244152e-08,0.63806117,8.153424e-08
0.025613444,1.5049925e-06,1.7405418e-05,0.018836014,0.0030272275,0.9999883,0.99294126,1.7470788e-06,0.07579796,0.93461347,0.12365225,0.009231067,0.001150167,0.00054679584,0.2453799,0.99999607,0.009644896,0.9695714,0.999998,0.00084921974,6.059306e-07,0.3100414,0.13941608,1.0046789e-05,0.5445676,1.6867827e-05
0.03765522,2.5537956e-05,0.0002549313,0.039672434,0.026979053,0.9995962,0.9699528,9.3234e-05,0.123276316,0.6224975,0.14645234,0.008022938,0.012846478,0.007004694,0.1359136,0.99995756,0.02706957,0.91350037,0.999966,0.01702483,1.4765966e-05,0.2845631,0.32385343,0.00033633402,0.2899835,0.00037753227
0.00064627104,8.98819e-11,1.2599994e-08,0.001560378,9.270535e-05,1.0,0.9993199,7.136837e-10,0.026737329,0.47797024,0.017925125,1.1564362e-05,1.9359604e-05,1.7631066e-05,0.05126062,1.0,0.0011914445,0.9863631,1.0,9.4978364e-05,1.8190985e-11,0.07201409,0.05765441,1.449725e-08,0.2608758,3.5932608e-08
0.051246688,2.679209e-05,0.00020197225,0.038764328,0.016318973,0.99981636,0.9789701,4.4821307e-05,0.107682265,0.8671678,0.16906966,0.021816123,0.007572166,0.003507631,0.2076354,0.9999399,0.021159336,0.9423872,0.99996495,0.0058370964,1.4591156e-05,0.34153172,0.2547142,0.0001636378,0.42588857,0.00020805543
0.13259055,0.00033254718,0.006005451,0.16600375,0.970768,0.9927408,0.8065429,0.005138604,0.3806509,0.2992212,0.67260313,0.0059955623,0.94955605,0.032649294,0.17295821,0.9821983,0.28687963,0.92110217,0.949961,0.52463126,0.00022480077,0.6007757,0.89303666,0.017284099,0.4247645,0.029501332
0.031639162,6.903894e-06,7.0701004e-05,0.028058538,0.008673414,0.99992883,0.9851863,1.3561909e-05,0.09782196,0.83109367,0.13411684,0.009096802,0.0036745474,0.0020120293,0.18669175,0.99998665,0.016261792,0.94794273,0.99999166,0.0038180253,3.284834e-06,0.28735334,0.21269695,6.115652e-05,0.4095684,8.369014e-05
0.01788073,1.6696663e-06,2.4822364e-05,0.019866249,0.0053854943,0.999967,0.9887742,4.6284576e-06,0.088648014,0.71844304,0.10089398,0.0027726975,0.0021342693,0.0013600133,0.15468395,0.99999726,0.01322839,0.94949424,0.9999981,0.0032104251,7.0386307e-07,0.23052382,0.1914557,2.584726e-05,0.36397064,3.696918e-05
0.015607009,1.0413626e-06,1.6672871e-05,0.01750066,0.0041173603,0.9999784,0.99061275,2.7812077e-06,0.083311334,0.7362635,0.09514928,0.0023430053,0.0015714084,0.0010196355,0.1554266,0.99999833,0.011533247,0.954481,0.9999988,0.0023968585,4.1585835e-07,0.22337629,0.17482562,1.6594526e-05,0.3748271,2.4797782e-05
0.020375216,5.019817e-07,6.976407e-06,0.01431827,0.0016747238,0.99999595,0.9953831,5.055662e-07,0.06463067,0.9564219,0.11024333,0.007388886,0.0005857889,0.00026105563,0.2513981,0.99999845,0.006760683,0.9770693,0.9999993,0.00039536142,1.8466723e-07,0.30728397,0.111499205,3.4417374e-06,0.5857839,6.3726447e-06
0.004166302,5.2542126e-09,2.0613773e-07,0.0043885494,0.00025789326,0.9999999,0.99876827,8.444421e-09,0.037727825,0.93488497,0.051828906,0.00054919097,6.764925e-05,3.5095338e-05,0.15742381,1.0,0.0021779453,0.98736167,1.0,7.853728e-05,1.3731919e-09,0.18867268,0.06378145,1.1264232e-07,0.5221148,2.5916813e-07
0.004454899,8.698258e-10,3.4556113e-08,0.002666508,6.375802e-05,1.0,0.99958783,4.5898627e-10,0.024028134,0.9929461,0.05308597,0.0012658047,1.5351457e-05,4.7639082e-06,0.31058726,1.0,0.0009896882,0.99528104,1.0,6.5558806e-06,1.8549709e-10,0.28693718,0.032208595,8.4060945e-09,0.78516406,2.6161505e-08
0.01942087,1.5368346e-06,2.2068392e-05,0.019094631,0.004903246,0.9999763,0.99021494,3.3414537e-06,0.08366021,0.8212216,0.108677045,0.003814309,0.0019144772,0.0010191969,0.1642426,0.9999969,0.011442494,0.9577681,0.999998,0.002194472,6.626435e-07,0.2495401,0.18162398,1.9533467e-05,0.39789483,2.8625785e-05
0.014275585,1.1237965e-07,1.9719002e-06,0.00958223,0.0007836407,0.99999905,0.99738723,9.388723e-08,0.051506214,0.9723723,0.09523101,0.0048490693,0.00025442042,0.00010076934,0.27118003,0.9999995,0.0043863766,0.9843529,0.99999976,0.00014812929,3.693715e-08,0.30342507,0.08450341,8.1891983e-07,0.64382845,1.7108122e-06
0.011704791,1.7648365e-07,3.404032e-06,0.011100783,0.0012050001,0.99999726,0.99607265,2.8002745e-07,0.061274238,0.9037969,0.08481282,0.0024171774,0.00039512405,0.00022893128,0.19186726,0.99999964,0.0059905658,0.9746646,0.99999976,0.00044106896,5.9378262e-08,0.23789386,0.10518856,2.1591136e-06,0.502841,4.057131e-06
0.00050553126,8.271639e-12,1.3235866e-09,0.00081354455,1.5723055e-05,1.0,0.99983156,2.2049963e-11,0.015589121,0.9173271,0.017005585,2.0883681e-05,2.7154108e-06,1.636651e-06,0.084525414,1.0,0.0003960361,0.9953172,1.0,5.808874e-06,1.3005391e-12,0.09970385,0.02479327,7.142952e-10,0.4876668,2.4266091e-09
0.11322546,0.00030244124,0.0014035598,0.06822597,0.06290717,0.9987841,0.95655537,0.0004809998,0.12301914,0.8834039,0.23622765,0.0829921,0.035469193,0.011453092,0.22054794,0.99915683,0.034120984,0.92298937,0.9995247,0.017946022,0.0002069753,0.44476727,0.38363355,0.0012222758,0.40316138,0.001238763
0.04085116,5.8528035e-06,5.072476e-05,0.026542755,0.0058496,0.99996793,0.98926467,6.209163e-06,0.08659423,0.9399743,0.14986104,0.019437952,0.002440087,0.0010383199,0.26504758,0.9999831,0.013137594,0.9640101,0.9999918,0.0014979395,2.643927e-06,0.35250196,0.1727669,2.946029e-05,0.54535615,4.505551e-05
0.022707174,1.0151103e-06,1.2751501e-05,0.016786026,0.0027801173,0.9999914,0.99364823,1.1925099e-06,0.072044656,0.93694746,0.11793606,0.007339848,0.0010425255,0.00046168905,0.23804617,0.99999714,0.008560479,0.9723389,0.99999857,0.000740748,4.074006e-07,0.3006798,0.13978133,7.524487e-06,0.5379782,1.258494e-05
0.038219467,2.6137573e-06,2.323436e-05,0.020909265,0.003546923,0.9999883,0.9927543,1.9106246e-06,0.07433298,0.9689043,0.14916138,0.019897107,0.0014563648,0.00050346967,0.32914838,0.9999896,0.010125025,0.97499096,0.9999957,0.0006354943,1.0835254e-06,0.38670313,0.14055115,1.0716266e-05,0.6412613,1.8165054e-05
0.005424707,4.2459516e-09,1.4292205e-07,0.0040793526,0.00018079142,0.9999999,0.9991215,3.633674e-09,0.03285665,0.9790036,0.05993722,0.0011190802,4.8858714e-05,1.8145367e-05,0.24985209,1.0,0.0017911036,0.99157774,1.0,3.0252428e-05,1.0741694e-09,0.25226825,0.052525826,5.3042598e-08,0.67439014,1.335588e-07
0.028395716,4.2876236e-06,4.758335e-05,0.02502721,0.006350161,0.99995637,0.9878357,7.829645e-06,0.09207617,0.8593842,0.12801789,0.008707317,0.0025221535,0.0014212948,0.18202847,0.99999166,0.013627866,0.9534274,0.9999949,0.0026518435,1.9594681e-06,0.2805734,0.18827905,3.725649e-05,0.42213333,5.4764994e-05
0.09849171,0.0005082318,0.0031340017,0.084333286,0.16970308,0.9952087,0.92557955,0.0021531887,0.14699627,0.6513555,0.25040394,0.040271748,0.10820899,0.030795878,0.14881241,0.9986528,0.055201225,0.8748846,0.9989483,0.074414656,0.00041146448,0.42086866,0.5319847,0.004664029,0.2737918,0.003973041
0.017128758,2.198123e-06,3.5612073e-05,0.02178517,0.008511532,0.9999361,0.98490995,8.908955e-06,0.09818542,0.55335283,0.097830035,0.0018686507,0.0035306867,0.002286862,0.12859258,0.99999666,0.016590945,0.93524843,0.99999714,0.0063956734,9.870043e-07,0.21774489,0.233102,4.7943e-05,0.30230328,6.299226e-05
0.045083664,5.5741325e-06,4.427723e-05,0.02576081,0.005197049,0.9999757,0.9903419,4.650829e-06,0.08283513,0.95793617,0.15667176,0.02418995,0.0022268877,0.0008374633,0.3167918,0.9999807,0.012653583,0.9688581,0.9999914,0.001082952,2.436346e-06,0.38505176,0.16223504,2.2747656e-05,0.6061471,3.5846697e-05
0.020022659,8.2275085e-07,1.12804255e-05,0.016322555,0.0025213547,0.99999166,0.99372053,1.1289187e-06,0.07218388,0.9160253,0.108555466,0.0055566584,0.00093259243,0.0004681846,0.22248773,0.999998,0.008635731,0.969862,0.9999989,0.0008112635,3.1842546e-07,0.28020766,0.13580476,7.18024e-06,0.51425076,1.200255e-05
0.007987416,1.8520693e-07,4.840608e-06,0.0112700835,0.0027261036,0.9999914,0.99315226,7.7565574e-07,0.072100095,0.5800873,0.067606196,0.0005761102,0.00094766106,0.00063953485,0.112094335,0.99999976,0.008471974,0.95842683,0.99999976,0.0020020276,6.659392e-08,0.171296,0.16693456,5.9969593e-06,0.3054441,9.224763e-06
0.17278855,0.00071062904,0.0024101795,0.078569785,0.108406805,0.99852127,0.95202637,0.00073059555,0.11476824,0.9514685,0.2795997,0.23124523,0.062282946,0.011569099,0.22037843,0.997168,0.027923657,0.9384616,0.9985245,0.018185524,0.0005063265,0.530485,0.43313706,0.0017765801,0.407182,0.0016766662
0.09916266,1.1220353e-05,5.1476367e-05,0.028838435,0.0046699583,0.999987,0.99214476,2.9355297e-06,0.07326298,0.9940597,0.20676063,0.14796837,0.002031775,0.00040850104,0.511127,0.9999198,0.010648251,0.98257405,0.99997556,0.00035525687,4.17444e-06,0.57909644,0.12483608,1.2805437e-05,0.7993507,2.3841561e-05
0.010344098,6.126758e-08,1.3218549e-06,0.008174746,0.0007354828,0.99999917,0.99754685,6.8088035e-08,0.04954252,0.9560775,0.08199776,0.002341266,0.00023499686,9.826747e-05,0.22742972,0.99999976,0.003983882,0.98396724,0.9999999,0.0001700706,1.9824538e-08,0.26023215,0.08947897,6.667004e-07,0.5822884,1.3386652e-06
0.016733387,4.824289e-08,7.656496e-07,0.007358331,0.00039330588,0.99999976,0.9984901,1.8667494e-08,0.04043848,0.9926958,0.09956611,0.0083174575,0.0001301977,3.3562494e-05,0.43757287,0.99999964,0.0030821096,0.9913932,0.9999999,3.7021007e-05,1.3323155e-08,0.40176678,0.059475243,2.0155835e-07,0.80621725,4.858039e-07
0.020764278,2.781465e-06,3.855812e-05,0.022437038,0.008125677,0.99994624,0.98605645,8.217086e-06,0.09448908,0.6928294,0.10892609,0.0030682425,0.003425247,0.0019444504,0.1559747,0.9999951,0.0154330265,0.9446732,0.9999964,0.00465682,1.264113e-06,0.24179067,0.22452548,4.4131706e-05,0.34865022,5.791571e-05
0.31919256,0.0020374786,0.0039963075,0.09140893,0.32339093,0.99874157,0.9408258,0.00084793323,0.10218071,0.9902074,0.35134172,0.6372916,0.20947778,0.009343917,0.21720086,0.98235303,0.0155307595,0.9653365,0.9903156,0.022912204,0.0014919234,0.6903617,0.55644214,0.0032020817,0.39164534,0.0024699243
0.007545345,1.6088212e-08,4.4337727e-07,0.0058556683,0.0003486272,0.99999976,0.9985379,1.594731e-08,0.040765647,0.97059184,0.069215246,0.0017422023,9.8954464e-05,4.1072566e-05,0.22554232,1.0,0.0025883866,0.98814887,1.0,7.0359725e-05,4.527255e-09,0.25422364,0.06642303,1.8611523e-07,0.6215183,4.2793167e-07
0.035969265,9.247484e-08,8.5341907e-07,0.007962583,0.00033712373,0.9999999,0.99865556,1.1574563e-08,0.0365174,0.99862266,0.12981978,0.0404437,0.00012400819,1.7997176e-05,0.69392526,0.9999987,0.0030740805,0.9948369,0.99999976,1.3482048e-05,2.0874486e-08,0.5965847,0.04391836,1.2401378e-07,0.92616665,3.4551707e-07
0.0077333422,1.1029683e-08,2.8863695e-07,0.0052637476,0.00025224613,0.9999999,0.99886477,8.201381e-09,0.03667878,0.9806625,0.0701812,0.0019707642,7.356426e-05,2.6734815e-05,0.2956613,1.0,0.002348425,0.9903915,1.0,4.0162424e-05,2.9253024e-09,0.28504443,0.056842558,1.0372485e-07,0.70514596,2.5124132e-07
0.0073131104,2.1209926e-08,5.808469e-07,0.0063214833,0.00045044222,0.99999964,0.9982267,2.5594156e-08,0.043540277,0.9524387,0.068475604,0.0013290858,0.0001348101,5.9172136e-05,0.21186604,0.9999999,0.0031113974,0.98582816,1.0,0.00011144705,6.178754e-09,0.23743223,0.07545249,2.9190898e-07,0.57988673,6.192879e-07
0.006816194,7.1510016e-08,1.9885986e-06,0.00879998,0.0011689044,0.9999974,0.9960329,2.047209e-07,0.059798717,0.7605672,0.06386839,0.0006856312,0.00036969976,0.00025384835,0.12703073,0.9999999,0.0056378576,0.9707219,0.9999999,0.0006843523,2.2846518e-08,0.17610541,0.11555298,1.7897995e-06,0.37833956,3.2116036e-06
0.35103515,0.0010396938,0.0014706238,0.0766567,0.079068504,0.99968183,0.9715782,0.00016634366,0.08771338,0.9969997,0.33037916,0.7705841,0.042359896,0.0030557925,0.45638,0.990185,0.0131901475,0.97781384,0.99700445,0.0032166159,0.0005204783,0.7518446,0.3175528,0.00044701557,0.6813923,0.00053642184
0.00017846399,1.5350135e-15,5.4163477e-13,6.760398e-05,7.100388e-08,1.0,0.9999975,2.051623e-16,0.0024642597,0.9998379,0.010278056,3.340896e-05,8.240079e-09,1.1366803e-09,0.48158652,1.0,1.5490905e-05,0.9998518,1.0,1.3040309e-09,9.765662e-17,0.26769143,0.002140299,2.9944034e-14,0.96649665,2.84964e-13
0.050495863,2.0280315e-05,0.0001534535,0.03563313,0.014420575,0.99987316,0.9813632,2.9950215e-05,0.102223635,0.891489,0.16713928,0.021218477,0.0066632573,0.0028059739,0.22784764,0.9999484,0.019065201,0.94941086,0.9999714,0.0044901487,1.0754843e-05,0.34913868,0.24768999,0.000119168384,0.45368388,0.00015318947
0.12626453,0.00026998884,0.0011315688,0.06445811,0.055672362,0.99923146,0.9638017,0.0002995275,0.11347867,0.938615,0.24692264,0.122024834,0.030365782,0.00779595,0.2432255,0.99905115,0.027491163,0.9411457,0.9995197,0.011066115,0.0001771433,0.4796628,0.35936517,0.0007968689,0.45117566,0.00084719673
0.0778305,0.0003318786,0.004086206,0.11161967,0.56598437,0.98967814,0.87348515,0.0045113126,0.21929568,0.2670121,0.34938866,0.008422717,0.41975516,0.049439732,0.1178899,0.9979188,0.13148372,0.8380617,0.9972959,0.2808363,0.00025605696,0.44023937,0.73730946,0.008563231,0.2463958,0.010695987
0.0074010347,1.4999324e-08,4.0820638e-07,0.0057128696,0.0003397546,0.99999976,0.99857795,1.4250187e-08,0.040005825,0.97020006,0.06990936,0.00158817,0.00010015356,3.961588e-05,0.24520585,1.0,0.0026780127,0.9884367,1.0,6.6630055e-05,4.234863e-09,0.25823173,0.06613695,1.7297923e-07,0.6399503,3.936513e-07
0.025769403,4.3149248e-07,5.250196e-06,0.013511103,0.0012111253,0.999998,0.9964401,2.6273202e-07,0.05820377,0.98285586,0.12002461,0.014653523,0.00041361112,0.0001483696,0.3277834,0.9999982,0.0056109754,0.98340833,0.9999993,0.00018078228,1.4813672e-07,0.37353513,0.09067729,1.8272301e-06,0.6959562,3.7743232e-06
0.020068778,1.362195e-07,2.0341304e-06,0.010017258,0.0006959945,0.9999993,0.99768424,7.245404e-08,0.0488469,0.98889714,0.10654281,0.011399553,0.00021839484,6.992275e-05,0.3226947,0.9999993,0.0038122789,0.9878654,0.99999976,8.478678e-05,4.3218012e-08,0.3691907,0.073614836,6.0107766e-07,0.72055566,1.3680421e-06
0.040139306,5.035015e-06,4.347195e-05,0.02522352,0.005075014,0.99997413,0.9903522,4.888172e-06,0.08423146,0.95019907,0.15118995,0.020944633,0.002044601,0.00086458685,0.26817098,0.99998534,0.012075428,0.96717817,0.9999931,0.0011904758,2.198538e-06,0.3581843,0.16150537,2.3050168e-05,0.560932,3.703333e-05
0.30469227,0.0008181932,0.0014456847,0.07209466,0.093588896,0.99966276,0.97030705,0.00018261473,0.08763063,0.99617624,0.3150069,0.723382,0.045461062,0.0033200553,0.31137305,0.9936202,0.010952173,0.9767716,0.9976768,0.0043490953,0.00044452504,0.69682616,0.35612833,0.00051142287,0.55307007,0.0005696844
0.0038717955,2.8211722e-09,1.1845039e-07,0.003737662,0.0001763793,0.9999999,0.99907994,3.7503067e-09,0.033509046,0.9561997,0.049671847,0.0005436945,4.4743967e-05,2.11177e-05,0.17757231,1.0,0.0017396144,0.9898783,1.0,4.436074e-05,6.8953665e-10,0.20097154,0.054586258,5.579955e-08,0.5759477,1.388556e-07
0.04718522,3.1432653e-05,0.0002555153,0.04086696,0.021739403,0.9997055,0.97427875,7.2594135e-05,0.11509427,0.78252554,0.16246375,0.015290773,0.010413532,0.005183589,0.17975126,0.99993837,0.024510862,0.9295527,0.99995947,0.009895251,1.787769e-05,0.31938434,0.28900656,0.00025896807,0.36695692,0.00030453433
0.09252818,3.3204535e-05,0.00015724332,0.038858574,0.010074058,0.9999324,0.98583335,1.8007597e-05,0.09195261,0.97762066,0.21048443,0.09745377,0.0046797786,0.0013987615,0.38790318,0.99985933,0.016896717,0.96800303,0.9999454,0.0014558032,1.525713e-05,0.49634853,0.18399301,6.3459825e-05,0.6685189,9.877545e-05
0.031611636,7.374956e-06,7.5691816e-05,0.028689679,0.009324643,0.9999194,0.9843151,1.551657e-05,0.09950608,0.80824393,0.13256198,0.008480149,0.004000789,0.0022412934,0.18511824,0.9999862,0.017043952,0.94515276,0.99999106,0.004373001,3.5379314e-06,0.28423294,0.2195646,6.917782e-05,0.4010847,9.372963e-05
0.026746329,3.5569547e-06,4.08438e-05,0.023807252,0.006285073,0.99996054,0.98812187,6.707521e-06,0.09031151,0.8449128,0.12302653,0.0069016744,0.0025783817,0.0013853625,0.19153576,0.9999927,0.013715017,0.9542227,0.9999956,0.0026628205,1.6007854e-06,0.27776983,0.19196127,3.417538e-05,0.42765498,4.881517e-05
0.032473292,1.3987384e-06,1.385422e-05,0.018200524,0.0023197818,0.99999344,0.9943433,9.852411e-07,0.069361664,0.9718446,0.13600086,0.016955066,0.00089179387,0.00033549243,0.33542642,0.99999475,0.008542493,0.97727966,0.99999785,0.00041846145,5.2813226e-07,0.37656888,0.11826585,5.9053377e-06,0.66195595,1.0715407e-05
0.22413583,0.0009702524,0.0024531318,0.08103172,0.103764206,0.99886227,0.9564372,0.00058436,0.10797323,0.976926,0.30214143,0.38820013,0.059798285,0.008798591,0.28657493,0.9951639,0.024482919,0.951964,0.99784124,0.011878452,0.00063540164,0.60039246,0.40285742,0.0014063155,0.49520394,0.0014073156
0.025153281,3.0238093e-06,3.659198e-05,0.022819217,0.0058054104,0.9999652,0.9887947,5.7266802e-06,0.088763565,0.8546408,0.12246665,0.0067916918,0.0022872887,0.0012379192,0.17624478,0.9999939,0.012762629,0.9554266,0.9999962,0.0024050362,1.3660058e-06,0.27158448,0.18465309,2.9156477e-05,0.41716424,4.3216754e-05
0.013782928,1.4857375e-07,2.7531082e-06,0.010560299,0.0010005783,0.99999845,0.99681216,1.6317013e-07,0.05612793,0.95762837,0.09135762,0.004162519,0.00031652712,0.00014407524,0.21496314,0.9999995,0.0047680596,0.980809,0.99999976,0.00024047178,5.0384262e-08,0.27428418,0.094893746,1.3221562e-06,0.5656633,2.630346e-06
0.046853505,7.858373e-05,0.0010321125,0.066018105,0.17316568,0.99707794,0.9290962,0.00081097515,0.16283627,0.27526948,0.19258821,0.004814383,0.09953358,0.027221302,0.1082942,0.99977535,0.061923448,0.8468179,0.9997538,0.111813605,5.9204645e-05,0.34219494,0.5757551,0.0022299804,0.21403857,0.0022751833
0.03534532,2.8170925e-06,2.6753383e-05,0.021671437,0.0039666155,0.999985,0.99203944,2.5914367e-06,0.07788329,0.95706,0.14163052,0.016917735,0.0015735301,0.0006230598,0.27968818,0.9999908,0.010272431,0.97160745,0.9999957,0.0008582363,1.196933e-06,0.35431856,0.15044983,1.383943e-05,0.58325803,2.2719276e-05
0.029505197,8.591664e-07,9.281681e-06,0.015713368,0.0020904965,0.99999595,0.99516773,5.5723024e-07,0.06353244,0.97808164,0.1331516,0.014487804,0.00080299325,0.00024960778,0.32939368,0.99999607,0.007190336,0.98115325,0.99999845,0.000316417,3.2863773e-07,0.3773608,0.11728144,3.7983575e-06,0.6675545,6.9104285e-06
0.014593292,3.0172944e-07,5.119311e-06,0.012493035,0.0017459573,0.99999607,0.9952643,4.3576722e-07,0.06404865,0.9129807,0.09458739,0.0030409214,0.0006259307,0.00029902678,0.2161061,0.99999917,0.006869338,0.97443306,0.9999995,0.0005552949,1.0961777e-07,0.2603881,0.12358291,3.3510626e-06,0.515909,5.7544753e-06
0.005201881,7.0450485e-09,2.4803353e-07,0.004768614,0.00026620412,0.9999999,0.9987741,8.925502e-09,0.037699036,0.95908093,0.057765435,0.0009157015,7.069628e-05,3.25346e-05,0.17806801,1.0,0.0021527,0.98833084,1.0,6.482694e-05,1.9111885e-09,0.21523914,0.062057447,1.1510007e-07,0.5675088,2.7192306e-07
0.022031981,2.5271197e-06,3.2967204e-05,0.02166195,0.0062304,0.99996305,0.98830974,5.684647e-06,0.089302234,0.8001975,0.11506768,0.004423268,0.0025266332,0.0013840516,0.16920972,0.9999951,0.013310767,0.9530053,0.9999968,0.0029389397,1.1269793e-06,0.25628716,0.19760075,3.0828764e-05,0.39060557,4.3411506e-05
0.3630858,1.0120518e-08,1.548945e-08,0.0040022144,9.7617585e-06,1.0,0.9999261,3.3645192e-12,0.008257418,0.9999999,0.14098746,0.9660637,9.501832e-06,2.7899288e-08,0.9989396,0.9999907,0.0006465948,0.9998498,0.99999976,9.1321635e-09,4.807787e-10,0.99315506,0.0027814421,5.572417e-11,0.99986315,4.6641263e-10
0.007428819,1.2765308e-08,3.540057e-07,0.0055258754,0.00027457898,0.9999999,0.9987429,1.1322969e-08,0.03886816,0.97637856,0.06882577,0.0019229605,7.582684e-05,3.180962e-05,0.23864278,1.0,0.0023787313,0.9891861,1.0,5.1067127e-05,3.4548981e-09,0.26301673,0.058164295,1.3302768e-07,0.65390116,3.2445263e-07
0.00092823105,7.2709214e-11,7.769726e-09,0.0014360299,4.6776928e-05,1.0,0.999635,2.0283344e-10,0.021850979,0.893279,0.023481378,4.7524718e-05,9.153718e-06,5.5932337e-06,0.08456703,1.0,0.0007234528,0.99277,1.0,1.905118e-05,1.3802331e-11,0.11055362,0.0375372,4.775336e-09,0.43578896,1.3674792e-08
0.0008153073,2.5517408e-10,3.1524493e-08,0.0020922767,0.0001684493,0.9999999,0.9988601,2.5163869e-09,0.033098593,0.3167594,0.01987149,1.2256364e-05,3.897952e-05,4.001127e-05,0.05329987,1.0,0.0019224361,0.98008233,1.0,0.000223827,5.5906214e-11,0.074319266,0.0740486,4.316866e-08,0.2397144,1.0096114e-07
3.8930924e-05,2.5027945e-15,2.2241803e-12,9.064355e-05,4.7339535e-07,1.0,0.9999863,1.1276167e-14,0.0047211577,0.8978639,0.0044106157,3.3437857e-07,5.3701942e-08,3.370435e-08,0.05284443,1.0,4.8734793e-05,0.9988141,1.0,1.9896976e-07,2.170263e-16,0.049019035,0.007865554,1.200478e-12,0.5087966,6.479766e-12
0.0035353051,6.969349e-09,2.980905e-07,0.0048019188,0.00037543467,0.99999964,0.9982255,1.8919486e-08,0.042723194,0.808107,0.04602208,0.00026513473,0.00010322981,6.885841e-05,0.12573937,1.0,0.003004907,0.98136765,1.0,0.000198291,1.8021337e-09,0.15469578,0.07791644,2.3626707e-07,0.42123556,4.981237e-07
5.1356827e-05,4.5179873e-14,3.8565443e-11,0.00020674038,4.351735e-06,1.0,0.9999157,8.944759e-13,0.009828366,0.27147108,0.0045827585,1.5698774e-07,6.02648e-07,6.748031e-07,0.023651833,1.0,0.00019208221,0.9951255,1.0,6.8022546e-06,5.6963753e-15,0.030325873,0.023228459,4.9512783e-11,0.21060695,1.891687e-10
0.0054244804,1.759625e-07,9.908789e-06,0.015313824,0.0140774865,0.999941,0.9814088,3.953827e-06,0.109973766,0.07478111,0.05486854,8.123035e-05,0.005266534,0.0030611723,0.049085867,0.99999964,0.01963672,0.89059645,0.9999995,0.02059448,8.421168e-08,0.14565317,0.36799133,2.6277956e-05,0.13887732,3.89974e-05
0.0010698957,2.2757032e-10,2.1442471e-08,0.0019599285,9.246053e-05,1.0,0.9993199,9.681793e-10,0.027799187,0.7074418,0.024263807,3.5273268e-05,2.0667958e-05,1.6278826e-05,0.08528034,1.0,0.0013419406,0.98779917,1.0,6.455138e-05,4.519934e-11,0.10154263,0.05084735,1.869133e-08,0.37412006,4.7583175e-08
0.002350437,5.8863474e-09,3.6563756e-07,0.0046984367,0.0007686104,0.99999905,0.99705565,4.3730957e-08,0.049483035,0.3783146,0.03519008,6.22779e-05,0.0002164588,0.00017293329,0.07101669,1.0,0.004159403,0.96961087,1.0,0.0007953429,1.647843e-09,0.107910454,0.12220332,5.230717e-07,0.24809471,9.64146e-07
2.923569e-06,7.165617e-25,3.8915495e-21,1.3010036e-07,5.435452e-13,1.0,1.0,1.7301166e-27,3.5936617e-05,1.0,0.0009881585,8.144314e-07,2.5241389e-14,2.957686e-16,0.951981,1.0,1.3218163e-08,0.9999999,1.0,1.5235437e-16,4.8623302e-27,0.53290856,1.2673113e-05,8.91072e-24,0.9998066,5.827482e-22
0.00045903123,8.994896e-11,1.9410345e-08,0.0017205873,0.00022275677,0.9999999,0.99865806,2.1258355e-09,0.035946455,0.10091835,0.014427817,2.6846024e-06,4.8612023e-05,5.436972e-05,0.029472595,1.0,0.002065722,0.97372335,1.0,0.00043605498,2.124982e-11,0.052868783,0.10136267,3.8857e-08,0.1486498,9.086334e-08
0.00019663059,2.5670375e-12,8.6663304e-10,0.0006094255,2.3704875e-05,1.0,0.9997179,3.3860487e-11,0.016938161,0.3084594,0.009272634,1.2690001e-06,4.2654615e-06,4.387673e-06,0.038996704,1.0,0.00055994757,0.9908845,1.0,3.2183987e-05,4.222965e-13,0.048428915,0.039927844,1.112034e-09,0.23994371,3.4437402e-09
0.004565104,9.1706035e-08,5.4661377e-06,0.011903492,0.009296653,0.9999709,0.98649967,1.8570618e-06,0.09453369,0.09459487,0.04974931,6.9333546e-05,0.0033366217,0.0019296189,0.048998605,0.9999999,0.014725964,0.91257554,0.99999976,0.01291998,4.0149e-08,0.135483,0.32260302,1.3993753e-05,0.14527538,2.0306907e-05
0.0024768254,4.1697988e-15,2.7858857e-13,6.0381266e-05,3.5079818e-08,1.0,0.9999987,1.1079878e-17,0.0012731779,0.99999976,0.02412309,0.0068218997,5.2930687e-09,6.130443e-11,0.9666572,1.0,8.633524e-06,0.99998486,1.0,2.2071126e-11,1.3743346e-16,0.8392708,0.0007125774,1.7048576e-15,0.99903166,2.6882288e-14
0.008840604,6.59962e-07,2.9023235e-05,0.022205617,0.029112555,0.99984336,0.97288495,1.3629967e-05,0.12524569,0.08793398,0.07256824,0.00017452321,0.011827752,0.005547518,0.057052948,0.99999857,0.02722416,0.8715781,0.99999785,0.035445273,3.6119587e-07,0.18180367,0.43603188,7.6301e-05,0.14710484,0.00010511757
0.059596237,5.4648847e-08,3.8882223e-07,0.0064400434,0.00017981046,1.0,0.99919564,2.2106625e-09,0.027480107,0.9998141,0.1394733,0.14833103,6.243881e-05,4.7141043e-06,0.8310303,0.9999982,0.0018701749,0.9976017,0.99999976,2.7828473e-06,9.230757e-09,0.74995357,0.02651474,2.5922539e-08,0.97048014,9.2305136e-08
0.001840002,6.164746e-09,5.3248164e-07,0.0053977016,0.0015041621,0.99999726,0.9950465,1.0612268e-07,0.06372303,0.11077959,0.03030748,2.1961403e-05,0.00043769728,0.00040800383,0.047372352,1.0,0.0065957084,0.9482601,1.0,0.002551996,1.9578885e-09,0.0900419,0.17955855,1.1276372e-06,0.1655294,2.0631467e-06
0.008127195,5.2230354e-07,1.8468236e-05,0.01813166,0.012617508,0.9999192,0.98057,7.1574123e-06,0.10930321,0.1320328,0.06517144,0.00022359622,0.0050202683,0.0034614885,0.06823967,0.9999993,0.020614581,0.8982684,0.9999989,0.017399993,2.453949e-07,0.1607509,0.32277873,4.2050782e-05,0.17376344,5.767232e-05
0.08650488,0.00048641418,0.004374361,0.10185743,0.38065666,0.99012965,0.890605,0.004496386,0.18476857,0.37122762,0.29387158,0.016378393,0.2675817,0.050029248,0.12475984,0.9981534,0.09544279,0.8394057,0.99806637,0.1929772,0.00039344653,0.43199947,0.6635755,0.008738616,0.2392152,0.008504022
0.06853681,0.00017497757,0.0013344161,0.06729907,0.11047331,0.9976549,0.94184434,0.0007995531,0.14337113,0.56099695,0.20759745,0.016591007,0.06629276,0.021818312,0.15856493,0.9995684,0.04954797,0.88172287,0.9996542,0.053931065,0.00012924834,0.37205398,0.48763204,0.0021517724,0.2841471,0.0019342472
0.038562533,2.8565955e-05,0.0002873172,0.041752413,0.035364665,0.99948525,0.96608824,0.0001177364,0.12561485,0.54206115,0.14678957,0.006352861,0.018139947,0.0088645695,0.15207492,0.99994767,0.031674296,0.90599513,0.9999571,0.022140846,1.6913913e-05,0.29320633,0.36168662,0.00043751727,0.29245198,0.00045677592
0.010027757,1.4750138e-09,3.6031917e-08,0.0027583777,5.5066896e-05,1.0,0.9996451,2.4536811e-10,0.020991476,0.99890554,0.07187724,0.0067020818,1.458459e-05,2.3387606e-06,0.5585989,1.0,0.0009027227,0.99736434,1.0,2.1355756e-06,2.7262537e-10,0.467869,0.024629522,4.6411177e-09,0.9146756,1.6437157e-08
0.12862988,0.0011613552,0.0059453654,0.10316535,0.25402308,0.9912322,0.9062811,0.004717666,0.15414329,0.6721571,0.29080632,0.06739692,0.17593555,0.042724483,0.15506189,0.9965904,0.06670373,0.86593175,0.99733305,0.10333006,0.0009818756,0.46300423,0.57852525,0.008941051,0.27643672,0.007336743
0.096670836,0.00010555269,0.00052978215,0.05266135,0.028050883,0.9996562,0.97374684,0.000114088325,0.10910824,0.9405433,0.21849963,0.086631276,0.013455458,0.004514164,0.2367172,0.99968374,0.022896199,0.9470592,0.9998423,0.00623681,6.1910236e-05,0.43688864,0.28505337,0.0003235361,0.47092777,0.00040264678
0.0191841,5.32903e-06,8.762683e-05,0.029206594,0.018683556,0.9997596,0.97345793,3.5498313e-05,0.12127411,0.30485454,0.102149814,0.001488162,0.008484465,0.005919461,0.11075184,0.9999927,0.02718828,0.8992212,0.9999924,0.01942545,2.7175092e-06,0.2194404,0.31432137,0.00015832191,0.2413169,0.00019244134
0.674528,0.0055074533,0.0029820404,0.119471684,0.5704742,0.99961865,0.9465397,0.00024237351,0.09785113,0.99943286,0.4246568,0.9524756,0.45001575,0.0035735148,0.52155674,0.7781568,0.0053539556,0.9916197,0.91696286,0.009314653,0.0049878275,0.9130066,0.5326701,0.00241226,0.7136113,0.0022704706
0.0033278498,5.4637765e-09,2.456789e-07,0.0044503775,0.0003884429,0.99999964,0.9982291,1.5993304e-08,0.0405754,0.76790226,0.043605108,0.0001918505,0.00011104786,7.014401e-05,0.13629176,1.0,0.0029993397,0.98172057,1.0,0.00021049977,1.4170871e-09,0.15208982,0.08307435,2.1374387e-07,0.41967252,4.4108893e-07
0.0147905415,1.4320123e-06,2.6210557e-05,0.01949495,0.008661463,0.9999473,0.9854768,6.646095e-06,0.094346754,0.477543,0.090215534,0.0011806767,0.0036216544,0.002197938,0.13185462,0.99999774,0.016179841,0.936248,0.999998,0.0066027264,6.2430223e-07,0.21029279,0.24686782,3.917684e-05,0.29373008,5.05459e-05
0.023333127,6.3469533e-06,8.816048e-05,0.028697459,0.018078327,0.9998222,0.97663486,2.9428504e-05,0.11208157,0.46571037,0.113283366,0.0024137672,0.008415341,0.004784023,0.14114605,0.9999895,0.023780217,0.91825104,0.9999908,0.013382004,3.2078997e-06,0.24528965,0.30597293,0.00013947213,0.2868582,0.0001619332
0.02098325,8.315833e-06,0.00023748036,0.045649115,0.10241527,0.99894756,0.94337827,0.0001582745,0.16498958,0.11791469,0.12270516,0.0007798947,0.04898045,0.01656658,0.06581604,0.99997807,0.050322004,0.83089954,0.9999684,0.09893266,5.65474e-06,0.25966913,0.5598049,0.00057567743,0.15553571,0.0007458829
0.010428928,4.032673e-09,8.737792e-08,0.0036938377,9.4256466e-05,1.0,0.9994485,9.481066e-10,0.0261968,0.99722594,0.077787064,0.005192377,2.819993e-05,5.8165074e-06,0.556997,1.0,0.0014782975,0.9957962,1.0,5.702527e-06,8.2415685e-10,0.44011152,0.032228243,1.5696028e-08,0.8940227,4.8900368e-08
0.011783083,9.053478e-09,1.9145212e-07,0.004711956,0.00017875044,1.0,0.9991698,2.8489608e-09,0.030776303,0.99583673,0.08367093,0.005362093,5.4565648e-05,1.1512579e-05,0.4616526,0.9999999,0.0018464458,0.9944606,1.0,1.2641185e-05,2.2027244e-09,0.40502545,0.04392087,4.1524086e-08,0.84407055,1.136159e-07
0.00716936,1.738102e-07,4.948637e-06,0.011374748,0.002870786,0.99998915,0.99239314,9.048792e-07,0.075249754,0.44938824,0.062864244,0.00040817933,0.0010128759,0.0007693842,0.103312366,0.99999976,0.009645484,0.9515512,0.99999976,0.0026657195,6.0566954e-08,0.16047585,0.1748109,6.8910535e-06,0.28133982,1.0595036e-05
0.021172546,8.65869e-06,0.00017899313,0.03852076,0.05202155,0.9993228,0.95648795,0.00010360603,0.14283192,0.16833277,0.11118621,0.0011035984,0.025106022,0.012341383,0.08527059,0.9999839,0.039997987,0.85679036,0.9999795,0.055330306,5.285407e-06,0.24113904,0.45363453,0.00041400146,0.18489228,0.0004768226
0.038646072,3.6218412e-06,3.160259e-05,0.022859257,0.004716408,0.9999814,0.9911935,3.1462046e-06,0.07966461,0.95270395,0.14936185,0.016130708,0.0020770342,0.0007454455,0.33059296,0.99998665,0.012070593,0.97056085,0.99999404,0.0009864066,1.5526817e-06,0.37578654,0.16223578,1.7395063e-05,0.61275005,2.7031356e-05
0.13205819,3.486879e-05,0.000121180936,0.03797398,0.008658017,0.99996424,0.98802865,8.757956e-06,0.08328519,0.99162865,0.2408289,0.17355247,0.004556432,0.00082972244,0.58752096,0.9997278,0.016383648,0.97734135,0.9999188,0.0006795164,1.42144845e-05,0.62016046,0.15828319,3.4839868e-05,0.8048617,5.884099e-05
0.0046524485,5.6839355e-08,2.2091099e-06,0.008747956,0.0019395965,0.99999404,0.99400264,3.9458496e-07,0.06836241,0.34861645,0.049372986,0.00018326066,0.00063351804,0.0005465689,0.08302356,0.9999999,0.007847446,0.9537168,0.9999999,0.0022009108,1.8756507e-08,0.13168319,0.15949719,3.304232e-06,0.24821693,5.4601724e-06
0.35194078,0.00018957873,0.0002565611,0.054739792,0.011431916,0.9999653,0.9875058,1.1157068e-05,0.0781788,0.9986675,0.31852147,0.68827915,0.007860948,0.0006312125,0.86812717,0.9964844,0.018988347,0.9843992,0.9993561,0.0003529068,6.321153e-05,0.8488915,0.12958325,3.6043664e-05,0.9398474,6.706014e-05
0.026143128,8.724603e-06,0.00010270196,0.030795025,0.013531977,0.99982184,0.97811514,3.210845e-05,0.11331445,0.56372905,0.11990586,0.004132292,0.006047651,0.0042422703,0.1460071,0.99998784,0.023028444,0.9211952,0.9999901,0.010391177,4.2826173e-06,0.24811532,0.26089147,0.0001342092,0.3130367,0.00016932757
0.05427884,0.00011049689,0.0010665867,0.06284406,0.102241054,0.9976503,0.9387981,0.0007171739,0.14970525,0.41324276,0.1804813,0.0092898775,0.05903994,0.02320606,0.12370724,0.99977356,0.05070439,0.86357546,0.99978906,0.06905259,7.962197e-05,0.33561003,0.49132973,0.0019888359,0.23632252,0.0018293755
0.0010502703,5.790621e-10,5.961635e-08,0.0026359654,0.0002266629,0.99999976,0.99856734,5.3883626e-09,0.0372191,0.32233223,0.02270095,1.8988168e-05,5.4890163e-05,5.8133388e-05,0.05622293,1.0,0.0023739587,0.9771474,1.0,0.00030505387,1.3382023e-10,0.079829164,0.07971164,8.121017e-08,0.2421045,1.82258e-07
0.0017802352,5.310878e-09,4.4234721e-07,0.005086698,0.0010554222,0.99999785,0.9956792,8.002313e-08,0.05964574,0.1339615,0.029155765,2.541618e-05,0.00030009233,0.0003269606,0.049045775,1.0,0.005729141,0.9525338,1.0,0.0018929663,1.6109021e-09,0.086884804,0.15258738,8.5556144e-07,0.1768365,1.651965e-06
0.0037701784,3.5606835e-08,1.6447951e-06,0.007941461,0.0017756053,0.99999464,0.99406517,3.06035e-07,0.066716716,0.25986928,0.043529857,0.000112260524,0.0005711143,0.00053522136,0.07604753,1.0,0.007688255,0.950826,1.0,0.0023502132,1.1552771e-08,0.12031954,0.16192305,2.6794917e-06,0.22986272,4.6403243e-06
0.008783587,5.943622e-07,1.77695e-05,0.01745635,0.00941705,0.9999348,0.9830966,6.1244423e-06,0.103889,0.18802653,0.06804927,0.00032144357,0.0037317078,0.0028373285,0.078607336,0.99999917,0.018552085,0.91129863,0.99999905,0.012352564,2.62997e-07,0.16324309,0.27995735,3.620468e-05,0.19957072,4.9959628e-05
0.11372617,0.0010576729,0.008040387,0.12462723,0.5055755,0.9830715,0.8659484,0.009521055,0.19963999,0.40413868,0.35181394,0.02714483,0.38903302,0.06418495,0.13171212,0.99538994,0.11919719,0.8348645,0.9950281,0.24880353,0.0008644555,0.47291875,0.6996096,0.015658613,0.25299573,0.015414142
0.026873952,1.9364108e-05,0.00043391305,0.055359047,0.12877603,0.998164,0.93278915,0.00032228898,0.17071174,0.13547477,0.14226878,0.0013315552,0.065115914,0.021535354,0.07655764,0.9999504,0.05887741,0.8230211,0.999931,0.117885716,1.3364202e-05,0.28592962,0.57012796,0.0010294444,0.1710146,0.0012934634
0.0061123096,6.759826e-08,2.0413654e-06,0.008794833,0.0013717886,0.99999666,0.995462,2.542094e-07,0.06178776,0.6357347,0.058249965,0.00044051054,0.0004449293,0.00032844456,0.11718625,0.9999999,0.0063505825,0.96601206,0.9999999,0.0010078768,2.1563997e-08,0.16088766,0.12789461,2.2223971e-06,0.33971405,3.8108353e-06
0.06986218,0.00024715037,0.0019175657,0.074830264,0.1178072,0.99604475,0.9290209,0.0014190794,0.15432768,0.46952307,0.20285203,0.017792502,0.07074844,0.029685032,0.12686923,0.999529,0.05642935,0.8549867,0.99958485,0.07879852,0.00018754386,0.36169526,0.49537203,0.003291111,0.2420264,0.0029820902
0.012351232,2.25311e-06,9.2485396e-05,0.03645618,0.06445211,0.9994362,0.95380074,5.741458e-05,0.15925139,0.072626345,0.09162767,0.00028243524,0.027583983,0.011399074,0.051117383,0.99999464,0.042558707,0.824164,0.9999913,0.07921342,1.4194312e-06,0.21297766,0.5263754,0.0002400276,0.13436581,0.00035804595
0.029391048,1.6613194e-05,0.0002056671,0.037789337,0.02950945,0.9995301,0.96596557,9.166044e-05,0.12900211,0.3906637,0.12587109,0.0033660606,0.014478445,0.00884641,0.1288402,0.9999751,0.03229792,0.8935539,0.9999764,0.025402311,9.357681e-06,0.25848672,0.35196888,0.00035270213,0.25804535,0.000392513
0.023450179,2.9187106e-06,3.6308204e-05,0.022736778,0.0067381663,0.9999571,0.9873948,6.769832e-06,0.09054172,0.7693071,0.11460353,0.004235911,0.0028649783,0.001603596,0.19059035,0.9999944,0.014833843,0.94976807,0.9999963,0.00334852,1.2987962e-06,0.26038703,0.20501326,3.596219e-05,0.4036547,4.979862e-05
0.024011133,1.133391e-05,0.00018502682,0.0369897,0.03803756,0.99944144,0.9614857,9.63872e-05,0.13636748,0.24941929,0.11480848,0.0017794856,0.018485736,0.010641898,0.10040044,0.9999821,0.035546456,0.874815,0.9999801,0.038363036,6.6332914e-06,0.24338238,0.3997989,0.00037901584,0.21099277,0.00042414948
0.0018388447,4.0877468e-10,2.7250296e-08,0.0022445077,9.356264e-05,1.0,0.99939847,8.1665213e-10,0.026074206,0.90322596,0.033177003,0.00011119144,2.2958511e-05,1.1980101e-05,0.15746638,1.0,0.0012867526,0.9910392,1.0,3.292686e-05,8.559383e-11,0.15349661,0.047912147,1.6520545e-08,0.534341,4.2699035e-08
0.23119272,0.0019458514,0.005617135,0.098372675,0.29195306,0.99677104,0.926372,0.0021346787,0.12134503,0.9543457,0.3338277,0.3475717,0.19686344,0.019207751,0.18702058,0.98976654,0.030879095,0.93445563,0.99349797,0.04423606,0.0015277796,0.59403557,0.56887245,0.005672861,0.33819017,0.0042936634
0.020563988,8.0893386e-07,1.0375714e-05,0.01614245,0.0022365046,0.999992,0.99394506,9.854384e-07,0.071456656,0.9136091,0.11167625,0.0052747442,0.0008778053,0.00044398254,0.28413364,0.99999785,0.009539631,0.9701387,0.9999989,0.000712591,2.9493785e-07,0.3011099,0.12766035,6.488438e-06,0.575856,1.12776825e-05
0.007666183,2.7978155e-08,7.152085e-07,0.006846844,0.00048279655,0.9999995,0.9980142,3.523021e-08,0.045729578,0.9382815,0.06951177,0.0012992808,0.00014933149,7.263811e-05,0.23028085,0.9999999,0.0036880476,0.9837144,1.0,0.00013762878,7.959626e-09,0.23853755,0.07611718,3.8171646e-07,0.5872499,8.1518203e-07
0.0009746756,1.2875873e-10,1.3026395e-08,0.0016772649,7.037718e-05,1.0,0.9994679,4.843018e-10,0.024649221,0.7685078,0.022991452,3.2696968e-05,1.5368185e-05,1.0751501e-05,0.09038559,1.0,0.0010875175,0.9899116,1.0,4.1859894e-05,2.4792198e-11,0.10394798,0.045829207,1.0484765e-08,0.40165085,2.7351005e-08
0.05515694,6.002876e-05,0.0004410187,0.048406813,0.030485505,0.99943775,0.9670854,0.00015565446,0.1238809,0.73258287,0.17190774,0.018137505,0.01548172,0.008032396,0.1804335,0.9998908,0.030498195,0.9164413,0.9999248,0.015488714,3.5868103e-05,0.33099696,0.32263938,0.000489923,0.35042435,0.00054375385
0.0008877148,2.8061015e-10,3.3134125e-08,0.0021023082,0.00018011522,0.9999999,0.99886394,2.5354652e-09,0.03274583,0.352779,0.02079656,1.3772414e-05,4.2244472e-05,3.9524934e-05,0.05777676,1.0,0.0019163559,0.9810574,1.0,0.00021241349,6.213374e-11,0.07864912,0.07590371,4.413594e-08,0.25040644,1.0057308e-07
0.0012270082,4.3328738e-10,3.9148915e-08,0.0023101643,0.0001629266,0.9999999,0.999005,2.3240259e-09,0.03126386,0.58707875,0.025139261,3.198126e-05,3.9190778e-05,3.0315328e-05,0.08031105,1.0,0.001765041,0.9846239,1.0,0.00013147059,9.4577624e-11,0.09915544,0.0667793,4.1209592e-08,0.32671413,9.3897974e-08
0.045227155,7.957582e-05,0.0011560996,0.07058551,0.17925069,0.9962882,0.9193513,0.0009878004,0.17675887,0.21513146,0.18474495,0.0041001607,0.10265788,0.032056667,0.09351879,0.99979395,0.069517866,0.8252066,0.99975556,0.13843517,6.0257717e-05,0.33382627,0.5874172,0.002569284,0.19333066,0.0027611258
0.07186215,0.00029297455,0.0037892484,0.106210746,0.47986543,0.9897287,0.87564784,0.004284321,0.21293175,0.25121665,0.3085568,0.008152971,0.33974597,0.050905045,0.097795814,0.9986253,0.11778664,0.8249604,0.99820447,0.27116263,0.00022573078,0.42615318,0.71598744,0.008082663,0.2166495,0.009482999
0.03347166,3.2055246e-05,0.0007265675,0.06605247,0.23120186,0.9972682,0.9190141,0.0006044147,0.1873766,0.15159956,0.18233941,0.0017509952,0.12534875,0.026659483,0.07325724,0.99988484,0.071626864,0.8241175,0.9998362,0.1682846,2.3400802e-05,0.32478285,0.64370835,0.0017193012,0.17151773,0.0021869286
0.019598998,6.8545464e-06,0.00016314953,0.0374605,0.056458727,0.99935025,0.95592,9.7321674e-05,0.14607443,0.1494047,0.107608385,0.00088050676,0.026885064,0.012433874,0.075083345,0.9999865,0.039845854,0.8526039,0.99998224,0.06043709,4.279714e-06,0.23779535,0.47355393,0.00038894464,0.16980547,0.00045557812
0.05834289,0.00016509047,0.0028146985,0.11020486,0.5595373,0.99081624,0.8671826,0.0031360965,0.23803777,0.17446773,0.3250777,0.0039302106,0.3869591,0.04542382,0.08963967,0.9990382,0.13768907,0.8195138,0.99843305,0.31944916,0.00011539461,0.41633603,0.74846745,0.006179241,0.21407735,0.009196044
0.038421597,5.1352323e-05,0.001049555,0.07715698,0.29750097,0.99604946,0.9063432,0.0009399143,0.19747362,0.15394817,0.21126291,0.0021878318,0.16803205,0.031093122,0.079958946,0.9997987,0.08469957,0.82025486,0.99970526,0.20025453,3.6858044e-05,0.34809113,0.6686139,0.00243924,0.18379702,0.0032742287
0.0069577936,4.6695693e-08,1.2398189e-06,0.0077837096,0.00079756597,0.9999987,0.99696594,9.8631595e-08,0.052613966,0.82898617,0.06473256,0.00073443423,0.00025958926,0.0001621775,0.18421462,0.9999999,0.005020071,0.97640616,1.0,0.00037773547,1.3760241e-08,0.19955017,0.099161215,9.640623e-07,0.47521418,1.8581336e-06
0.021783533,1.5935763e-06,1.9729085e-05,0.019213643,0.003619377,0.99998105,0.99129945,2.6378245e-06,0.08098535,0.85042006,0.11343965,0.0047431146,0.0014791017,0.00085104065,0.24068429,0.99999666,0.012155945,0.960703,0.9999981,0.0015308792,6.2600253e-07,0.2793488,0.15703014,1.5381544e-05,0.4969024,2.4374649e-05
0.015360602,1.6289167e-06,2.6929312e-05,0.020041218,0.0064008394,0.9999497,0.9863427,6.4469273e-06,0.09445694,0.52659,0.09199537,0.0015765626,0.0026053467,0.001956732,0.1396785,0.99999785,0.015950505,0.93689305,0.9999982,0.005319961,6.7734857e-07,0.2092359,0.21259354,3.5308203e-05,0.31695846,4.99321e-05
0.0015627049,2.544452e-09,2.1523384e-07,0.0039294697,0.00060177024,0.99999917,0.99721706,2.8410996e-08,0.04814883,0.22239572,0.02766587,2.6658996e-05,0.0001630912,0.00016373223,0.056468178,1.0,0.0039701746,0.96642894,1.0,0.00087925507,6.892447e-10,0.08772984,0.119905256,3.5142975e-07,0.20987551,7.04673e-07
0.030548891,2.433448e-06,2.5695057e-05,0.02138377,0.0038922315,0.99998343,0.991787,2.7559608e-06,0.079526566,0.9383537,0.13222842,0.012326959,0.0015195438,0.0006800726,0.2450023,0.9999932,0.010609094,0.96777344,0.99999666,0.0010414078,1.0282472e-06,0.32388335,0.15116371,1.4754706e-05,0.53854495,2.3781e-05
0.012891989,2.1460921e-06,9.005813e-05,0.035325322,0.07525539,0.99949324,0.95541185,5.4623593e-05,0.15418413,0.081204616,0.09696704,0.00028540226,0.032236744,0.010808278,0.05350985,0.9999939,0.041150708,0.8362543,0.99999034,0.07903285,1.357594e-06,0.22241586,0.5462312,0.00023604826,0.13706562,0.00033810234
0.006967615,1.9551682e-09,5.4938123e-08,0.0031501332,7.396478e-05,1.0,0.9995314,6.397627e-10,0.025222566,0.99559623,0.0661441,0.0026015616,2.054071e-05,5.1904694e-06,0.47472277,1.0,0.0012869807,0.9955485,1.0,5.7829006e-06,3.9804696e-10,0.37501857,0.031238515,1.127433e-08,0.8655363,3.5830155e-08
0.0045742095,4.3599954e-08,1.6461478e-06,0.007975119,0.0014194564,0.99999607,0.99497485,2.4844076e-07,0.062733136,0.42070466,0.049240083,0.0001996206,0.00045744475,0.00040153446,0.09764175,1.0,0.0068861637,0.9595599,1.0,0.0014701876,1.3549494e-08,0.13672002,0.13969731,2.2277634e-06,0.2846619,3.9058114e-06
0.003363414,9.4381845e-09,4.2540805e-07,0.0052149477,0.0005752065,0.9999993,0.9975694,3.7765588e-08,0.046606563,0.6525387,0.042864494,0.00017525611,0.0001648946,0.00012146124,0.104446165,1.0,0.0036901191,0.97608167,1.0,0.00041272864,2.5934643e-09,0.13569437,0.097928524,4.4158855e-07,0.3433714,8.5518946e-07
0.0007016781,9.246955e-12,1.1714255e-09,0.0008207662,1.2758946e-05,1.0,0.99986315,1.3153557e-11,0.014099541,0.9633907,0.02065828,3.799603e-05,2.5141007e-06,1.1072186e-06,0.1770367,1.0,0.00040649288,0.9964354,1.0,2.9151417e-06,1.3932403e-12,0.14561248,0.022116996,4.73622e-10,0.66626805,1.7021172e-09
0.061302274,0.00015900738,0.0013223718,0.06648879,0.09554149,0.9972691,0.9367129,0.00087417784,0.15077488,0.455467,0.18792272,0.013059269,0.056021802,0.024667822,0.13536033,0.9997044,0.05217244,0.86353225,0.99973816,0.06483233,0.000114513285,0.34604898,0.47393754,0.0022798283,0.2521407,0.0021293294
0.012030379,1.8629454e-06,7.970934e-05,0.033672787,0.068700574,0.99954635,0.95714015,4.657418e-05,0.14999314,0.080156185,0.09340319,0.00026481287,0.0292493,0.010066675,0.052953392,0.999995,0.038931444,0.84027565,0.9999919,0.07420367,1.1486459e-06,0.21651687,0.5372844,0.00021063245,0.13598469,0.00030114158
0.006624747,7.868218e-08,2.208202e-06,0.009040847,0.0013478377,0.99999666,0.9955355,2.6106906e-07,0.06169916,0.6833734,0.061817776,0.0005477567,0.0004390135,0.00031780888,0.12743609,0.9999999,0.0063324585,0.96750927,0.9999999,0.0009070332,2.512398e-08,0.1692683,0.12506115,2.2525e-06,0.3612836,3.908934e-06
0.12129225,0.00033953946,0.0014864187,0.06953443,0.06639722,0.99880326,0.9572514,0.0004915199,0.12115425,0.90409595,0.24281484,0.10144448,0.037270043,0.010972619,0.2215885,0.998987,0.032546364,0.92792076,0.99944454,0.016711308,0.00023132442,0.45863077,0.38614237,0.0012238637,0.40806663,0.0012307075
0.08199169,0.00017701634,0.0010572391,0.06234193,0.063432574,0.99876297,0.9558532,0.0004303827,0.12866025,0.780952,0.2109254,0.034923162,0.036180634,0.013044839,0.19407815,0.9995665,0.037127774,0.91142243,0.99971753,0.023877762,0.000121471094,0.39248353,0.4025736,0.0011975135,0.35281825,0.0011588654
0.012636409,1.9611205e-06,4.985473e-05,0.02457451,0.019055756,0.99980897,0.9735737,2.2030628e-05,0.1229452,0.16804376,0.082799315,0.00053904735,0.008175868,0.005671871,0.07786003,0.99999726,0.026295999,0.8864371,0.9999964,0.024693051,9.961999e-07,0.18945189,0.34695008,0.000108069136,0.18670818,0.00014028777
0.0798034,0.00024661323,0.0048148474,0.1462311,0.88323647,0.98856354,0.8262721,0.0056275185,0.3198531,0.182128,0.526849,0.0038591486,0.79376733,0.045325205,0.10981737,0.9957313,0.24833019,0.8575727,0.99023014,0.47777325,0.00015960756,0.4900019,0.8509981,0.011063027,0.2900878,0.020452457
3.7623922e-06,1.0168007e-18,4.367712e-15,1.0680852e-05,1.4057006e-08,1.0,0.99999905,5.559806e-18,0.0014043688,0.9472289,0.0012805613,1.2604369e-08,9.799246e-10,5.570507e-10,0.030519655,1.0,4.6784853e-06,0.9997656,1.0,4.4628514e-09,4.952521e-20,0.026215449,0.0023618708,1.8112705e-15,0.547232,1.5675636e-14
0.031050745,2.816198e-05,0.0008908712,0.08670605,0.48567334,0.9961845,0.89121485,0.0008516268,0.24362984,0.10342018,0.25744793,0.0009550232,0.28376395,0.028290253,0.05961089,0.99981815,0.11327294,0.81606555,0.99963546,0.29560336,1.8504446e-05,0.35355285,0.75222445,0.0021437134,0.17063609,0.0039039017
0.035541102,3.258568e-05,0.00096977595,0.0849161,0.6214566,0.99666315,0.8951735,0.00090646424,0.24015477,0.13319835,0.31809345,0.0011128876,0.41551945,0.025524123,0.07407844,0.999668,0.12389905,0.8503154,0.9993437,0.30233067,2.1492408e-05,0.37750214,0.7866113,0.0024129923,0.19958653,0.0042451434
0.106317446,3.491269e-06,1.4755099e-05,0.020662352,0.0015918436,0.99999785,0.99611557,3.805348e-07,0.056160003,0.9985293,0.20145673,0.23853299,0.00065727736,9.750727e-05,0.7090074,0.99995947,0.0070476294,0.9907686,0.9999907,6.583256e-05,9.146074e-07,0.691643,0.06775609,1.978863e-06,0.91639274,4.8946135e-06
0.0039354973,6.6312884e-09,2.6172816e-07,0.0047200443,0.00032579812,0.99999976,0.99845755,1.4024306e-08,0.040160764,0.869745,0.04864484,0.0003595306,9.125481e-05,5.4181477e-05,0.15373124,1.0,0.0027693296,0.9839408,1.0,0.00013836447,1.7152741e-09,0.17238958,0.072340876,1.8112256e-07,0.47995195,3.9314898e-07
0.004766508,6.052674e-09,2.1157123e-07,0.0045882193,0.00024011164,0.9999999,0.99880314,8.059091e-09,0.037001666,0.9422457,0.054923266,0.0006485976,6.74511e-05,3.3393673e-05,0.2107704,1.0,0.0024057466,0.98764193,1.0,6.7780464e-05,1.5236539e-09,0.2125383,0.060492758,1.0878818e-07,0.5923457,2.560039e-07
0.088775985,0.0003227022,0.0019735452,0.07356178,0.10015993,0.99722445,0.9403926,0.0011041189,0.13913938,0.701508,0.22312036,0.0394469,0.058813486,0.021699043,0.15148796,0.9992855,0.044792682,0.8881164,0.9994772,0.04613541,0.00024440332,0.39453784,0.4591294,0.0025545536,0.28775242,0.0023361272
0.106609754,0.00089190825,0.0056379163,0.10364195,0.26850018,0.9889864,0.8957619,0.0053796237,0.16764936,0.50349313,0.27688462,0.03701729,0.18696178,0.051319443,0.13715279,0.99766517,0.08013954,0.84104896,0.99791104,0.14419122,0.0007377498,0.4430324,0.59762293,0.009900724,0.25042844,0.008483963
0.02642398,1.761369e-05,0.00039626268,0.05238674,0.122329324,0.99838364,0.93650615,0.0002864409,0.16679381,0.14314163,0.14008133,0.0013282335,0.061885923,0.02031774,0.07553373,0.9999548,0.05530502,0.83082545,0.99993825,0.109550975,1.2120936e-05,0.2827122,0.56480885,0.0009512854,0.16926612,0.0011537337
0.06859434,6.80632e-09,4.4766043e-08,0.0034348967,3.2229844e-05,1.0,0.99978036,6.102164e-11,0.01505473,0.99998724,0.12792532,0.38571665,9.456993e-06,3.6552845e-07,0.9365657,0.9999995,0.00066109234,0.99933904,1.0,1.4813715e-07,6.624838e-10,0.8711428,0.009321978,8.989052e-10,0.9930462,5.201872e-09
0.006260883,2.6936885e-07,1.2055295e-05,0.015788933,0.011267572,0.99993825,0.9821192,4.6562964e-06,0.10847504,0.100454114,0.05791199,0.00013062984,0.004279413,0.0029972957,0.055839125,0.99999964,0.019111097,0.8973441,0.9999994,0.017163754,1.2409978e-07,0.14700007,0.3258442,2.9357529e-05,0.15480377,4.2550986e-05
0.0021861785,3.643989e-12,2.2399689e-10,0.00051318354,2.031573e-06,1.0,0.99996626,3.089652e-13,0.007555292,0.99974924,0.03446901,0.0011776126,4.036781e-07,5.3034093e-08,0.6932787,1.0,0.00015421024,0.9994112,1.0,4.2585977e-08,3.6191343e-13,0.46667644,0.006262408,1.5296507e-11,0.97120684,9.2950925e-11
0.18041536,0.0017141805,0.006184359,0.101222895,0.23122296,0.9945496,0.9192006,0.0033696906,0.13685252,0.87877023,0.3083795,0.1889114,0.15534014,0.028822063,0.17596813,0.9940637,0.046313178,0.903033,0.9960742,0.05975139,0.0013855861,0.5245143,0.5478792,0.006978511,0.3160745,0.0055040303
0.017763585,5.640133e-07,8.442438e-06,0.014930679,0.0020934797,0.99999356,0.9943672,7.9325133e-07,0.06941273,0.9138902,0.10285392,0.004535059,0.0007560768,0.00038768194,0.21740887,0.9999987,0.008021868,0.9708303,0.9999993,0.0006932387,2.1036267e-07,0.27202988,0.12628865,5.329554e-06,0.516,9.170756e-06
0.098073795,0.0006399924,0.0048362417,0.1028744,0.36512372,0.9904759,0.89603966,0.0046845563,0.17518467,0.46125123,0.30281448,0.024197498,0.25931266,0.047815435,0.14244217,0.99752766,0.08824081,0.85080695,0.9976422,0.16447262,0.00052792183,0.44509482,0.64893687,0.009068598,0.25968823,0.008315448
0.00251435,1.6986965e-08,1.1168672e-06,0.006949335,0.0017979771,0.99999464,0.99386096,2.4193804e-07,0.071203895,0.13454805,0.035905182,4.440078e-05,0.0005520484,0.00057856605,0.05187678,1.0,0.007896537,0.94327384,1.0,0.0031468049,5.5432916e-09,0.09902384,0.18001328,2.2121435e-06,0.17542197,3.9428733e-06
0.004409812,3.3726116e-10,1.3195366e-08,0.0019732784,3.668363e-05,1.0,0.9997352,1.0553714e-10,0.018931905,0.99646866,0.053131565,0.0011675929,9.813103e-06,2.0793777e-06,0.49934497,1.0,0.00079952116,0.99694,1.0,2.4691374e-06,6.121445e-11,0.36238033,0.025516784,2.5730218e-09,0.88188857,8.7433065e-09
0.42222926,0.001512566,0.0015529025,0.0850993,0.06509086,0.99971324,0.9741485,0.00015193694,0.08736143,0.9982058,0.35563436,0.86525935,0.0373005,0.0024852185,0.610543,0.98299706,0.014556242,0.9802715,0.99580586,0.0020804547,0.00066543464,0.8176336,0.2673626,0.00035632003,0.7888686,0.0004907381
0.056878008,0.000113059374,0.0009395146,0.059349015,0.073395185,0.99824667,0.94706506,0.00053193007,0.1426016,0.5210857,0.18069036,0.012841231,0.041344963,0.018378433,0.14010726,0.9997899,0.044304445,0.8801824,0.99982184,0.04638468,7.742735e-05,0.3379564,0.44019186,0.0015130941,0.26591003,0.0014299565
0.0061382083,1.4360746e-08,4.3414983e-07,0.0057462594,0.00038775566,0.99999964,0.9983429,1.9817318e-08,0.042003453,0.9380578,0.06188559,0.00090999703,0.00011402731,5.518881e-05,0.20584664,1.0,0.002979596,0.9855122,1.0,0.000110669826,3.982841e-09,0.21940964,0.07297191,2.3768952e-07,0.5665468,5.1418294e-07
0.023312494,4.2042966e-06,5.293324e-05,0.025128704,0.009237502,0.9999242,0.98416024,1.2358665e-05,0.0988876,0.67335683,0.11427765,0.0036732312,0.004009461,0.0024196578,0.16693398,0.99999297,0.017665468,0.93921506,0.99999475,0.0055876784,1.9316833e-06,0.25021288,0.23139918,6.1428305e-05,0.35577393,8.006937e-05
0.0030049086,1.2725101e-08,6.5535465e-07,0.0058202795,0.0009323188,0.99999833,0.9964605,8.652432e-08,0.054744862,0.40063992,0.039518595,0.00010115599,0.0002742509,0.0002357208,0.07625744,1.0,0.004971639,0.96605575,1.0,0.0009948057,3.7119203e-09,0.11606192,0.1251363,9.056e-07,0.25777495,1.6339202e-06
0.19313106,1.8666019e-06,4.7332e-06,0.016302815,0.0005999488,0.99999976,0.998019,4.009933e-08,0.04064821,0.9998173,0.21547599,0.51392806,0.00034512143,2.0655605e-05,0.95148236,0.99992144,0.0059570493,0.99587315,0.9999908,9.473097e-06,3.4689918e-07,0.8799244,0.034170717,2.839854e-07,0.98750985,8.806673e-07
0.04106121,4.2763208e-05,0.00049303484,0.049569722,0.0752421,0.99890256,0.95304114,0.0002757472,0.13755697,0.407163,0.15878956,0.0052193603,0.040901374,0.015094986,0.12548721,0.99990547,0.04093956,0.88206095,0.9999105,0.04784857,2.8573693e-05,0.30915064,0.46308434,0.00094340893,0.24210648,0.00089110003
0.53218853,0.0019220939,0.001453518,0.08635503,0.19163753,0.99982905,0.9704735,9.861055e-05,0.07467579,0.99955386,0.37198684,0.9511586,0.10131836,0.0017514185,0.47577488,0.9565642,0.0049048006,0.9898893,0.9889003,0.002562974,0.0010755043,0.86451876,0.38492894,0.00043815706,0.68730396,0.0005078856
0.027264064,2.1442986e-05,0.00037963982,0.05013119,0.07606658,0.99849844,0.940982,0.00026098944,0.16102882,0.1616329,0.129499,0.0017394214,0.038527977,0.019230116,0.08833121,0.99996126,0.05197259,0.83161974,0.9999502,0.08179523,1.4056322e-05,0.26933396,0.49319634,0.000863649,0.18578859,0.00101972
0.20851387,0.0006718981,0.0018754695,0.074461475,0.086611405,0.9992138,0.96161026,0.00040638907,0.10485184,0.9807057,0.2853734,0.39725715,0.044755466,0.0068222648,0.23655894,0.9969344,0.019716354,0.95613617,0.9985977,0.009725078,0.00042353335,0.57776994,0.3850197,0.0009911606,0.45149976,0.0010223541
0.11732705,0.00111383,0.008576006,0.12590733,0.54542434,0.98273855,0.8615945,0.01005626,0.20048764,0.4169235,0.36648318,0.028344098,0.4305344,0.06378156,0.1316114,0.9947001,0.12196138,0.8385616,0.9941193,0.264079,0.0008993003,0.48818877,0.711875,0.016885323,0.25819987,0.016594352
0.031643912,1.8399183e-05,0.00021205471,0.038376737,0.027810005,0.9995683,0.96778595,8.880417e-05,0.12620565,0.46304384,0.13084519,0.0043625208,0.013599845,0.007999096,0.13262323,0.9999713,0.030735975,0.89963645,0.999974,0.022192577,1.0335066e-05,0.266098,0.33766773,0.00033991417,0.27212608,0.00037507835
0.012327435,5.483177e-07,1.0362927e-05,0.015008458,0.0032584497,0.99998546,0.9918534,1.6687303e-06,0.07870032,0.6948091,0.08360891,0.0014856545,0.0011985605,0.0008181628,0.14151847,0.99999917,0.010246755,0.9559285,0.9999994,0.0021053506,2.072236e-07,0.20365809,0.16447589,1.0892093e-05,0.3581308,1.6654518e-05
0.029597871,1.199653e-05,0.00012962046,0.03315331,0.015216713,0.9997818,0.9762078,4.1109633e-05,0.1149469,0.5779455,0.12716621,0.0049707047,0.007089658,0.0048021236,0.16250202,0.9999827,0.025056966,0.9190705,0.9999863,0.01117352,5.980534e-06,0.26362342,0.26963672,0.00016741344,0.32972744,0.00020882793
0.00978394,9.950818e-08,2.1663034e-06,0.009595594,0.0009858547,0.9999981,0.99660134,1.651576e-07,0.056880753,0.8949586,0.07679404,0.0016407758,0.0003231258,0.00018200025,0.19528444,0.99999976,0.005401981,0.97641957,0.9999999,0.00037129407,3.182214e-08,0.2279627,0.10060065,1.4341442e-06,0.50686884,2.707204e-06
0.13444266,0.00018149975,0.00066532526,0.05840211,0.027322648,0.99965715,0.9741843,0.00012476194,0.10752709,0.9662429,0.24563217,0.1671404,0.013823457,0.00406671,0.3305512,0.9993505,0.024264451,0.9538927,0.99972254,0.0045509697,9.8024044e-05,0.51670426,0.26242203,0.00032378387,0.5776139,0.00042384877
0.02521749,1.254621e-05,0.00020790688,0.03890758,0.047332037,0.9993687,0.95996124,0.00011368304,0.13774526,0.24807297,0.11972063,0.0018252757,0.023284772,0.011543199,0.098110005,0.99997735,0.03686835,0.8731697,0.9999747,0.043973126,7.650199e-06,0.2516092,0.42517528,0.0004464941,0.20689617,0.00047832026
0.008305706,1.3333284e-10,3.3582603e-09,0.0012647894,1.0281303e-05,1.0,0.99988914,7.357341e-12,0.012019384,0.99980205,0.062355436,0.007601098,2.746644e-06,2.5928009e-07,0.8093472,1.0,0.00042642627,0.99908257,1.0,1.7267695e-07,1.5630846e-11,0.6166564,0.010402717,2.2787872e-10,0.977508,1.1295095e-09
0.016117,1.4443808e-07,2.2929564e-06,0.010191546,0.00096528954,0.9999988,0.9969651,1.1446375e-07,0.05284652,0.9656001,0.1005876,0.0041689198,0.00036012148,0.00012646685,0.35254547,0.9999994,0.005489352,0.9831488,0.99999976,0.00018329194,4.755505e-08,0.32784683,0.09536493,1.0640546e-06,0.6805653,2.103696e-06
0.0022543834,1.8553585e-08,1.7785916e-06,0.009158024,0.0050121243,0.99998486,0.98864007,5.822528e-07,0.09537752,0.041534193,0.03427043,1.7926774e-05,0.0015989878,0.0013189123,0.034923267,1.0,0.013123352,0.9019419,1.0,0.010676896,7.599099e-09,0.099686146,0.29681596,4.9872065e-06,0.11855097,9.2704195e-06
0.006050068,2.3994364e-09,7.6132324e-08,0.0034575365,0.00010334357,1.0,0.9993961,1.205268e-09,0.027883807,0.9909005,0.06256651,0.0016073106,2.8571732e-05,8.512565e-06,0.38014978,1.0,0.001497687,0.9940148,1.0,1.1442198e-05,5.2971266e-10,0.3182673,0.038857896,2.0418756e-08,0.8007369,5.903316e-08
0.016321415,4.835215e-06,0.00016259789,0.043059245,0.08611507,0.99911946,0.94613916,0.000108242086,0.16506301,0.08913614,0.10814068,0.0004801041,0.038827248,0.014525829,0.05841977,0.99998784,0.048447028,0.8211735,0.9999813,0.09473984,3.157362e-06,0.23825398,0.54814297,0.0004098575,0.14482293,0.00058137253
0.0016746194,2.2902396e-09,1.7531495e-07,0.00365274,0.00046277183,0.9999995,0.9978587,1.8481076e-08,0.044442486,0.38072795,0.029716834,4.0535895e-05,0.00011964876,0.000107529464,0.05991313,1.0,0.0031444351,0.974007,1.0,0.00051592843,5.8975264e-10,0.093736984,0.102894224,2.4124526e-07,0.23720649,4.7790377e-07
6.560751e-08,1.0551234e-22,9.156819e-18,1.0483675e-06,1.1710346e-09,1.0,0.99999976,1.961159e-20,0.0006734992,0.077949926,0.00012908342,3.84573e-12,5.0243018e-11,9.463952e-11,0.0021563165,1.0,1.0765316e-06,0.9997414,1.0,4.32025e-09,3.6772925e-24,0.0026955185,0.0017463464,1.3742238e-17,0.10104337,1.5980312e-16
0.001970421,8.4052445e-09,7.334131e-07,0.0060075405,0.0019566538,0.9999958,0.99419963,1.6380095e-07,0.0689368,0.09798998,0.031723846,2.3324983e-05,0.00057973515,0.0005278149,0.04196844,1.0,0.0073844837,0.9425359,1.0,0.0034571276,2.8198217e-09,0.091093786,0.1982451,1.6262252e-06,0.15046157,2.9267549e-06
0.011900116,1.6697127e-06,4.9450366e-05,0.025612015,0.024987062,0.9997763,0.97091526,2.3668961e-05,0.12841386,0.12484232,0.08139456,0.0003754939,0.010772071,0.006466954,0.07355335,0.99999726,0.029376604,0.87489194,0.9999962,0.03206485,8.862778e-07,0.19199751,0.38849327,0.000117722026,0.17436181,0.00015370654
0.085046485,0.00045103347,0.0056806444,0.12771575,0.6538915,0.9852025,0.85003364,0.007022182,0.23915444,0.24529557,0.3889746,0.009159378,0.51413727,0.05778357,0.10625641,0.9970974,0.15796384,0.8287206,0.99563074,0.34976503,0.00032899017,0.46466595,0.76489264,0.011959401,0.24162368,0.015858812
0.0205556,6.7308397e-06,0.000149733,0.036020923,0.057211924,0.9994529,0.9598633,8.2931925e-05,0.13827594,0.17757033,0.11305798,0.000955583,0.02727437,0.011128676,0.08757953,0.999985,0.037974425,0.8660949,0.9999814,0.051429514,4.1777857e-06,0.24707875,0.47048625,0.0003511588,0.19040063,0.000400349
0.05176364,0.000115772316,0.0011133432,0.06500505,0.09477693,0.9971591,0.9337718,0.00079934247,0.15751159,0.3398193,0.17446756,0.008070931,0.054484013,0.026134366,0.12468892,0.99979824,0.056431886,0.8482934,0.9998,0.076951176,8.1734084e-05,0.326818,0.48088804,0.002127143,0.23325777,0.0020819758
0.05023173,0.000120722485,0.0014856346,0.075795226,0.17109098,0.9951658,0.91344863,0.0013147409,0.17688553,0.2274757,0.18987232,0.00556172,0.10023187,0.035767123,0.102420665,0.99972814,0.07290153,0.8193757,0.99968386,0.13891654,9.0659465e-05,0.3440153,0.5704605,0.0031998754,0.20381886,0.0034353717
0.025876269,1.160192e-05,0.0001515395,0.034770157,0.02245889,0.9996489,0.9698288,6.337806e-05,0.12553018,0.3862362,0.11752091,0.0028709401,0.010608928,0.00719404,0.123906985,0.9999839,0.029823171,0.8968573,0.9999845,0.021243652,6.1769574e-06,0.2436973,0.32104844,0.00025352446,0.25926808,0.00029472352
0.0003107266,6.9922124e-12,1.5358648e-09,0.0007653517,2.2543747e-05,1.0,0.9997391,4.8446882e-11,0.01798115,0.58426493,0.012839556,4.5336533e-06,4.0611685e-06,3.840651e-06,0.054106675,1.0,0.0005711412,0.9922915,1.0,2.0477497e-05,1.0760954e-12,0.064852566,0.033640932,1.4544437e-09,0.3214418,4.5337876e-09
0.010321395,9.72546e-07,2.4092635e-05,0.019160265,0.008905102,0.9999211,0.9826127,8.132003e-06,0.10637114,0.23566587,0.074925445,0.0005154686,0.0035704756,0.0029948074,0.08686944,0.9999988,0.019180344,0.91331583,0.9999987,0.011451742,4.2363277e-07,0.17198491,0.2631242,4.4555087e-05,0.21834125,6.210744e-05
0.021511558,9.376689e-06,0.00020080263,0.040009376,0.059922572,0.9992131,0.95336217,0.000121619334,0.14775516,0.15819047,0.114048645,0.0010829928,0.02906154,0.013594358,0.08222946,0.9999819,0.042130377,0.85165244,0.9999764,0.06269156,5.851235e-06,0.2470632,0.47382408,0.00047066982,0.17960076,0.00055134244
0.00010838286,2.3967065e-12,1.6585795e-09,0.0007904997,0.000105574545,1.0,0.9991596,1.7960487e-10,0.030557448,0.02111467,0.0064386185,1.4358588e-07,1.8750477e-05,2.4037374e-05,0.011537575,1.0,0.0012378608,0.9731459,1.0,0.0003541877,5.2560864e-13,0.028470892,0.107912265,4.965867e-09,0.079861,1.4823786e-08
0.014813559,2.5436148e-06,5.3021555e-05,0.024770765,0.017142402,0.9998324,0.9759203,2.106267e-05,0.11789901,0.23867415,0.09015966,0.000782731,0.0075134183,0.005038042,0.10037604,0.9999963,0.025338896,0.8999285,0.9999958,0.018608822,1.2509237e-06,0.20314512,0.32224557,0.00010468044,0.22346714,0.00013086174
0.055008523,6.157622e-05,0.0004629457,0.048896205,0.03184139,0.999406,0.96657825,0.00016777203,0.12539332,0.7332025,0.17252149,0.01894816,0.015751734,0.008172246,0.16264082,0.99988997,0.029902766,0.9147578,0.99992263,0.0163865,3.7363803e-05,0.32678193,0.32474917,0.00051381835,0.33159515,0.0005700709
0.04714945,6.418554e-05,0.0005861891,0.052392147,0.05105642,0.99885726,0.955246,0.0003046978,0.13901463,0.5001927,0.16175959,0.0094028395,0.02689129,0.014097028,0.13339092,0.999892,0.03931804,0.88452417,0.99990654,0.03622748,4.1710864e-05,0.30710924,0.39307562,0.00092591974,0.26634166,0.0009405033
0.00846556,2.7172916e-07,7.084403e-06,0.012740245,0.0038292063,0.9999846,0.9910994,1.4239652e-06,0.07929012,0.44676232,0.06762097,0.0004888887,0.001400643,0.0009996793,0.10948471,0.99999964,0.010794888,0.9483102,0.99999964,0.0033632237,1.0173766e-07,0.16940153,0.19329499,1.0304773e-05,0.28100044,1.5103517e-05
0.016810637,3.854238e-06,7.4847376e-05,0.027824042,0.021081697,0.9997601,0.9719311,3.1947242e-05,0.123142764,0.22817442,0.095387995,0.00094902905,0.009539708,0.006350014,0.10379885,0.9999944,0.028614763,0.8907588,0.9999937,0.023128727,1.9787576e-06,0.21322744,0.34224963,0.00014952468,0.22272302,0.00018524304
0.023085762,1.9432127e-08,2.4090428e-07,0.00521518,0.00014174034,1.0,0.99924016,2.3428834e-09,0.029215638,0.9988752,0.10679343,0.023177927,4.798307e-05,7.394217e-06,0.70364565,0.99999976,0.002018931,0.99618524,0.9999999,5.488332e-06,3.8222474e-09,0.577397,0.031170541,3.1198134e-08,0.9384117,1.0022934e-07
0.004096325,7.441852e-08,4.369888e-06,0.011250584,0.0066681826,0.9999757,0.9874445,1.407899e-06,0.09403346,0.08836275,0.04648386,6.14542e-05,0.0023339996,0.0016991419,0.051859096,0.9999999,0.014363753,0.91278917,0.9999999,0.010504177,3.1052213e-08,0.12573387,0.28901747,1.0681056e-05,0.15302655,1.678938e-05
0.0011613049,1.4558258e-09,1.7153083e-07,0.003649375,0.00076515996,0.99999905,0.99681324,2.7679583e-08,0.0518623,0.10949965,0.023246901,1.1191927e-05,0.00020173687,0.00020331782,0.039991718,1.0,0.004336846,0.9588291,1.0,0.0013850287,4.1851483e-10,0.0747499,0.1471606,3.5207754e-07,0.15830086,7.050757e-07
0.0076075825,5.1489985e-07,2.1741891e-05,0.0198997,0.017329415,0.9998796,0.9763614,9.807966e-06,0.12243727,0.08666766,0.06438955,0.00016103828,0.0068826526,0.0045722015,0.055265788,0.99999917,0.02448303,0.8774937,0.9999987,0.026671013,2.601817e-07,0.16005743,0.36978027,5.4835593e-05,0.14861158,7.88812e-05
0.02784654,8.809632e-06,9.609664e-05,0.030528879,0.012180407,0.99984336,0.9791773,2.7272707e-05,0.10977958,0.6018082,0.124360956,0.004453865,0.005627529,0.0038226927,0.18322429,0.9999869,0.023692066,0.9250175,0.99998987,0.008530277,4.1653293e-06,0.264814,0.24875215,0.000118668875,0.35992524,0.00015343887
0.05457971,0.00011976953,0.0019120651,0.086354,0.43140185,0.9946314,0.898365,0.0018614852,0.19896296,0.23092517,0.27778077,0.004356907,0.28329822,0.03626316,0.09767295,0.99936837,0.097428754,0.8423982,0.99914956,0.2244274,8.9035406e-05,0.39643458,0.7084371,0.004345156,0.21159343,0.005210789
0.0014781998,1.923058e-09,1.6486239e-07,0.0036027522,0.0004832906,0.9999994,0.99753237,1.9693502e-08,0.045321357,0.23809715,0.026842965,2.4706738e-05,0.00013063669,0.00013317559,0.063491985,1.0,0.0036972223,0.96896946,1.0,0.0006872257,4.9817644e-10,0.089430735,0.10978647,2.5871964e-07,0.23092309,5.420733e-07
0.003067764,2.2325068e-08,1.36013e-06,0.007152582,0.0025476736,0.99999464,0.9937551,2.827291e-07,0.06809673,0.18368118,0.040507127,5.9163955e-05,0.00080861547,0.000592584,0.05702207,1.0,0.0076708817,0.9492309,1.0,0.0032664603,7.617819e-09,0.11296488,0.20201223,2.6900843e-06,0.18386447,4.3003097e-06
0.006465285,6.309326e-09,1.8802234e-07,0.004586682,0.0001924138,0.9999999,0.99903286,4.821886e-09,0.034205105,0.97944725,0.06427914,0.0014394522,5.4908174e-05,2.0539868e-05,0.29796442,1.0,0.0021094459,0.99088013,1.0,3.218239e-05,1.568743e-09,0.2759308,0.05156166,6.7406674e-08,0.7125397,1.7102104e-07
0.0012382211,3.5333327e-11,3.1846599e-09,0.0011533914,2.2805216e-05,1.0,0.9997993,3.7107133e-11,0.01639348,0.97339225,0.028528491,8.316262e-05,5.2700607e-06,1.8778487e-06,0.25851306,1.0,0.0005954204,0.99601835,1.0,4.137423e-06,5.889112e-12,0.19448623,0.02727797,1.1775008e-09,0.7262846,3.9575263e-09
0.005100822,1.2578664e-07,6.2506097e-06,0.012358372,0.007938302,0.99997044,0.9868569,2.0186299e-06,0.09351142,0.11837776,0.052219894,9.730116e-05,0.0028800732,0.0018831993,0.05787599,0.99999976,0.014605558,0.9174394,0.99999976,0.010891309,5.332917e-08,0.13754104,0.29460877,1.4717802e-05,0.16347581,2.135617e-05
0.0029988505,2.3936643e-08,1.3672294e-06,0.007429142,0.0019493129,0.99999404,0.9934411,2.8507813e-07,0.07084779,0.15402697,0.039121564,5.7335303e-05,0.0006230441,0.0006174313,0.066708356,1.0,0.008642335,0.94303685,1.0,0.0030861574,7.832429e-09,0.11069749,0.17917684,2.589364e-06,0.20403892,4.682623e-06
0.0010763392,2.2593736e-09,5.9588376e-07,0.008111424,0.009415245,0.9999907,0.98908395,2.0817835e-07,0.09634607,0.014838918,0.026663275,2.4769558e-06,0.0025877133,0.0010322339,0.016985038,1.0,0.012039779,0.88365114,1.0,0.017391581,1.0149296e-09,0.088546045,0.43216974,2.146962e-06,0.07146066,4.8120664e-06
0.0028071203,9.023516e-09,4.6014028e-07,0.005214772,0.0006307564,0.9999989,0.99719906,5.0619e-08,0.051041104,0.4884034,0.039364677,0.00010948071,0.00017791521,0.0001600129,0.08356023,1.0,0.004259624,0.97096246,1.0,0.0006151476,2.4323643e-09,0.1185149,0.104363814,5.5370595e-07,0.29156998,1.0759456e-06
0.18387778,0.0017848704,0.014987248,0.18030725,0.8953016,0.98042655,0.8025923,0.0157409,0.29518503,0.4372706,0.5709041,0.030031145,0.8496641,0.061615642,0.17474121,0.97411793,0.22297755,0.8834739,0.9530373,0.44202933,0.001292066,0.60203594,0.8269085,0.034402158,0.36645558,0.04185978
0.0067312187,2.0650333e-07,6.4616315e-06,0.0124573065,0.003603632,0.99998176,0.9905731,1.5030661e-06,0.08398447,0.31343487,0.060281858,0.00031041185,0.0012759623,0.0011266936,0.083354436,0.99999976,0.011527166,0.9392106,0.99999976,0.0043316707,7.672797e-08,0.14719325,0.19248766,1.0323393e-05,0.23691964,1.5951826e-05
0.0014182262,1.6885492e-09,1.4752555e-07,0.0034519942,0.00043841588,0.9999995,0.9977884,1.6712765e-08,0.044789836,0.27914864,0.026908051,2.627357e-05,0.00011313259,0.000114608985,0.05685415,1.0,0.0032992235,0.9713657,1.0,0.0005870471,4.3366027e-10,0.08615167,0.10449948,2.2161146e-07,0.22300643,4.5685954e-07
0.015518947,3.4763964e-08,6.3772626e-07,0.0068996777,0.00038336305,0.99999976,0.9985494,1.4978198e-08,0.038827147,0.9929408,0.09319608,0.007363633,0.0001205489,2.9944162e-05,0.37783888,0.99999976,0.002648972,0.9916339,0.9999999,3.600869e-05,9.985132e-09,0.3801508,0.060640592,1.6890822e-07,0.7769907,4.0759838e-07
0.040208858,4.8975435e-05,0.00052320963,0.05079571,0.055453025,0.9987413,0.9510645,0.00030065732,0.14407316,0.3685468,0.14988872,0.005582985,0.029615065,0.016083289,0.12493989,0.99992156,0.043174658,0.8709472,0.99992394,0.04647204,3.1473086e-05,0.29257238,0.4183032,0.00094962545,0.24266703,0.0009778944
0.022338595,6.29866e-06,9.187835e-05,0.0293135,0.01869432,0.9997993,0.9753659,3.3151668e-05,0.11530558,0.41850713,0.109980114,0.0021736927,0.008603687,0.0052013355,0.1267165,0.9999902,0.024712548,0.9117538,0.99999094,0.015512166,3.2240443e-06,0.23570685,0.30993104,0.00015207985,0.26710054,0.00017767616
0.050797332,0.000109485096,0.0024192757,0.114906825,0.6371871,0.9915733,0.86042476,0.0027521008,0.2667371,0.1383771,0.34529352,0.0024111255,0.45282555,0.042265035,0.074375026,0.9992101,0.15921941,0.81626755,0.9984555,0.37130508,7.2344104e-05,0.40959984,0.7820541,0.005419235,0.20404738,0.009291194
0.021544138,3.167562e-06,4.3165597e-05,0.023465252,0.008446481,0.99993956,0.9853585,9.561682e-06,0.09624764,0.68398714,0.109037586,0.0032650384,0.0035766314,0.002091772,0.15387757,0.9999945,0.016064512,0.94192636,0.99999595,0.005071111,1.4419174e-06,0.24250203,0.22597091,5.0266724e-05,0.3455774,6.520365e-05
0.0066362205,6.622254e-08,1.8907492e-06,0.008538895,0.001333304,0.9999974,0.9958769,2.0392453e-07,0.059191205,0.73105866,0.06196721,0.0005574166,0.00043055916,0.00027146502,0.12784834,0.9999999,0.005698664,0.97071326,0.9999999,0.0007738763,2.130846e-08,0.17347136,0.12595575,1.87712e-06,0.36645052,3.1786708e-06
0.06957307,0.00028490202,0.0031891116,0.09617452,0.33314854,0.99111724,0.8899124,0.0033427954,0.19219455,0.27129978,0.25987047,0.0094545,0.22020307,0.04841594,0.105290495,0.9990637,0.095214166,0.82205206,0.99890995,0.20694987,0.00022336865,0.40434214,0.6556283,0.006746974,0.21377644,0.0071357284
0.0014429209,2.8724285e-09,2.8241624e-07,0.004373591,0.00092056836,0.99999845,0.99617505,4.86208e-08,0.056446996,0.11403237,0.026218297,1.6340107e-05,0.00025548122,0.00026746345,0.045895584,1.0,0.0052750222,0.954289,1.0,0.0016965533,8.455005e-10,0.08198978,0.15138152,5.739156e-07,0.1719422,1.1393897e-06
0.023216506,1.2861772e-05,0.00037479366,0.05720678,0.16430816,0.9981741,0.9293122,0.0002901473,0.18341632,0.10518437,0.14524944,0.00084357103,0.07943105,0.021104807,0.0625501,0.999959,0.06319604,0.81340164,0.99993646,0.14442639,8.985647e-06,0.2821558,0.6143479,0.0009173344,0.15395856,0.0013115946
0.0043440745,9.977802e-09,3.6133054e-07,0.0052292906,0.00038079737,0.99999964,0.9982058,2.1309436e-08,0.042964276,0.84738505,0.05163365,0.00038332047,0.00011123015,7.02035e-05,0.16889146,1.0,0.0033000798,0.9820802,1.0,0.00017379253,2.5881075e-09,0.17863184,0.07591365,2.6055196e-07,0.48994827,5.595131e-07
0.013859652,2.8303634e-06,0.0001327477,0.04325642,0.13733926,0.99923146,0.9447302,8.7210945e-05,0.17057315,0.07545164,0.11946194,0.00028194266,0.058851037,0.012810765,0.049298108,0.9999893,0.05026914,0.82788026,0.9999813,0.11929211,1.816839e-06,0.24803159,0.62078977,0.00034615427,0.13357884,0.00055446324
0.0029433877,1.2137582e-12,6.593521e-11,0.00034622816,1.0931489e-06,1.0,0.9999813,4.1239737e-14,0.00513693,0.99995863,0.035182383,0.002449869,2.1731039e-07,1.3175171e-08,0.819528,1.0,8.531574e-05,0.9997578,1.0,8.512876e-09,9.860422e-14,0.6000617,0.0043193013,2.6110854e-12,0.9872838,1.811419e-11
0.011954872,4.2379156e-07,7.97652e-06,0.013857907,0.0024952735,0.99999,0.9931594,1.0985791e-06,0.07473561,0.75483197,0.08411928,0.0016251936,0.0008894052,0.0006108141,0.15487662,0.9999993,0.0091036735,0.9612579,0.9999995,0.0014424545,1.5206561e-07,0.20938969,0.14693946,7.459085e-06,0.39315617,1.2106079e-05
0.008546432,1.0006465e-06,0.00010093455,0.05884399,0.4585727,0.9992149,0.9242344,7.787037e-05,0.25549626,0.030818695,0.19512682,5.1655166e-05,0.19975808,0.01093595,0.030588822,0.9999902,0.096162505,0.8168779,0.99996865,0.27536315,5.287572e-07,0.25311738,0.7914732,0.00029703043,0.121188365,0.00085563527
0.029367445,2.2260721e-05,0.0010538413,0.115401484,0.838858,0.99567467,0.8538789,0.0010592197,0.34320146,0.06811746,0.4256625,0.00040184823,0.6649787,0.026415233,0.056122497,0.9996294,0.22240256,0.8323328,0.99871397,0.4895674,1.1502109e-05,0.37882915,0.8627992,0.0026907786,0.20038703,0.0071504656
0.0022104145,2.1951568e-10,1.3823719e-08,0.0018956522,4.9902963e-05,1.0,0.9996375,2.1957348e-10,0.021535795,0.9752523,0.03763817,0.0002237088,1.2159397e-05,4.548143e-06,0.2509589,1.0,0.0009113581,0.99450004,1.0,9.066966e-06,4.3308225e-11,0.21166265,0.034748513,5.2298064e-09,0.7041241,1.563406e-08
0.00016783236,8.031166e-12,3.725617e-09,0.0010245811,0.00011048214,1.0,0.9990181,4.0845205e-10,0.033261932,0.033117365,0.0081309015,3.7286262e-07,2.0979896e-05,3.1790514e-05,0.015853781,1.0,0.0014871131,0.97234714,1.0,0.00036044072,1.7498698e-12,0.03333522,0.096718125,9.666759e-09,0.10071849,2.7677368e-08
0.0021379436,5.80853e-10,3.4647062e-08,0.0024834175,9.3735e-05,1.0,0.9993826,9.99595e-10,0.027292784,0.9234439,0.0362011,0.0001638653,2.3102433e-05,1.22289375e-05,0.1729005,1.0,0.0013682891,0.99093467,1.0,3.0512849e-05,1.2156337e-10,0.16658017,0.04564678,1.9152509e-08,0.5687493,5.0632327e-08
0.01045153,1.1975632e-06,5.4617183e-05,0.029050225,0.052374028,0.999683,0.9627801,2.9874222e-05,0.14244018,0.077344,0.083980024,0.00020803856,0.021821726,0.0082803685,0.05222833,0.999997,0.034554537,0.8489764,0.9999951,0.059878577,7.0962375e-07,0.20302612,0.509387,0.00014472804,0.13535126,0.00020733871
0.020073032,6.0681937e-06,0.000105058236,0.031023514,0.02560398,0.99969995,0.97025853,4.7024034e-05,0.124395505,0.2785331,0.10413209,0.0014149566,0.011898635,0.007125546,0.10265604,0.9999907,0.02896303,0.8921413,0.99998987,0.02537078,3.2822381e-06,0.22510986,0.35497484,0.00020685888,0.2218741,0.00023591932
0.00025450534,2.421844e-11,9.192613e-09,0.0014133521,0.00024208713,0.9999999,0.9985551,1.2108488e-09,0.03810216,0.03294357,0.010161909,6.0818616e-07,5.0045837e-05,5.6763416e-05,0.017993871,1.0,0.0021167798,0.966406,1.0,0.0006605828,6.009561e-12,0.04066084,0.12754838,2.4909502e-08,0.1009157,6.441099e-08
0.11492797,2.9200664e-06,1.160327e-05,0.019270593,0.0013897219,0.99999857,0.99638015,2.4854336e-07,0.05364403,0.9988514,0.20205942,0.2398512,0.00063095236,7.8307916e-05,0.7849237,0.99995565,0.007168899,0.99177176,0.99999106,5.011815e-05,7.348056e-07,0.72709596,0.06363684,1.4911885e-06,0.93854624,3.6589258e-06
2.5182539e-05,1.492474e-14,2.3799442e-11,0.00017109353,5.970772e-06,1.0,0.9998838,8.952678e-13,0.011186209,0.05039025,0.002864725,2.4509893e-08,7.9202147e-07,1.1640815e-06,0.011273289,1.0,0.00021826557,0.99247605,1.0,1.7746468e-05,2.0586327e-15,0.01810894,0.034916803,5.0019183e-11,0.10997044,1.9705955e-10
0.0004302389,5.5472838e-11,1.1648244e-08,0.0014337697,0.00013158483,1.0,0.99907136,9.7185e-10,0.030288182,0.17545925,0.014209114,3.2957444e-06,2.7462735e-05,3.00652e-05,0.032494243,1.0,0.0015077242,0.9804765,1.0,0.00022178212,1.1925254e-11,0.053867456,0.07807396,1.945345e-08,0.17271815,4.689491e-08
0.008329486,3.7997887e-07,9.978326e-06,0.014525016,0.0045172484,0.99997246,0.98879445,2.4838416e-06,0.08823992,0.31545186,0.06674733,0.00042777412,0.0016922606,0.0014652021,0.100554734,0.9999995,0.013807717,0.9340802,0.9999995,0.005297551,1.4434677e-07,0.16210514,0.20509504,1.59479e-05,0.25647393,2.4077684e-05
0.00032069703,9.949451e-12,2.272538e-09,0.00085926533,3.5258166e-05,1.0,0.9996418,9.395193e-11,0.019793484,0.43495038,0.012388539,3.5022472e-06,6.6216116e-06,6.4218116e-06,0.04665943,1.0,0.0007080049,0.99019474,1.0,3.9198923e-05,1.7165805e-12,0.05922517,0.042398427,2.6281977e-09,0.26888213,7.4907955e-09
0.00090206106,3.579064e-10,4.2854786e-08,0.0022911897,0.00022444654,0.9999999,0.9986267,3.7590007e-09,0.035018086,0.27690372,0.020718077,1.2394889e-05,5.417321e-05,5.3316293e-05,0.055283416,1.0,0.002218352,0.9779413,1.0,0.0003000889,8.284243e-11,0.0765681,0.08473779,6.285199e-08,0.23317063,1.4149506e-07
0.005107743,4.711276e-08,1.6483802e-06,0.007983997,0.0014668349,0.9999968,0.99537116,2.2298966e-07,0.06089518,0.52847874,0.05278706,0.00026230383,0.00047412247,0.00034894623,0.10540855,0.9999999,0.0063666264,0.9645689,1.0,0.0012022416,1.4911352e-08,0.14759536,0.13863531,2.056148e-06,0.30662945,3.460306e-06
0.00056921656,2.0849476e-10,4.1657994e-08,0.0023021388,0.00040273336,0.99999964,0.9979138,5.893155e-09,0.043115348,0.06875412,0.01571426,3.0912156e-06,9.478474e-05,0.00010296055,0.02850021,1.0,0.0029603294,0.96401304,1.0,0.0008905665,5.4943602e-11,0.05615424,0.12952518,9.450509e-08,0.13342458,2.1283121e-07
0.025269149,4.2772826e-06,5.0417948e-05,0.025022268,0.0075405682,0.9999409,0.9861394,1.0038553e-05,0.09612238,0.7754944,0.1206847,0.00552286,0.0031335533,0.0018717617,0.17154694,0.9999925,0.015649943,0.9464482,0.999995,0.0038958276,1.9526442e-06,0.26217932,0.20682706,4.85256e-05,0.3866276,6.710517e-05
0.11537301,0.000867139,0.0052328883,0.10166964,0.31109446,0.9915513,0.9042944,0.004406131,0.1624205,0.59751266,0.29990116,0.04204654,0.22056428,0.043445818,0.15923311,0.99686986,0.07542522,0.86481166,0.99736905,0.12258548,0.0007228769,0.46118215,0.6156531,0.008785855,0.28003255,0.007416558
0.004200951,7.551047e-08,6.225421e-06,0.013383358,0.017834274,0.9999573,0.9828494,2.4665414e-06,0.104100846,0.058432918,0.05015435,4.1610147e-05,0.0063752434,0.0025867226,0.038295195,0.99999976,0.017536007,0.8932616,0.99999964,0.023071889,3.7155488e-08,0.14252312,0.42001867,1.825407e-05,0.11739605,2.731258e-05
0.0014395815,1.9663728e-09,1.7456568e-07,0.0036355373,0.0005377936,0.9999994,0.9974663,2.1919044e-08,0.047069896,0.22628336,0.026916694,2.338949e-05,0.00014273191,0.00014280855,0.055715945,1.0,0.003726423,0.9682947,1.0,0.00076549617,5.197257e-10,0.085918665,0.115580924,2.827725e-07,0.21192363,5.725544e-07
0.008620057,8.338087e-07,5.3226122e-05,0.03461699,0.078102075,0.99959344,0.9557892,3.1967906e-05,0.16363578,0.04886517,0.08639851,0.00011594643,0.030163463,0.009122589,0.039620712,0.9999974,0.0418958,0.8180028,0.9999951,0.088565305,5.140491e-07,0.20184918,0.57691544,0.00014440135,0.11637748,0.00025711942
0.0032506553,4.649517e-09,2.0937217e-07,0.0043364363,0.00031317785,0.99999976,0.99847335,1.2091831e-08,0.03940014,0.81819516,0.0432988,0.00022798701,8.622533e-05,5.45258e-05,0.13520928,1.0,0.0027048613,0.98308057,1.0,0.00015736242,1.1652683e-09,0.15495658,0.07370455,1.6291823e-07,0.4392832,3.471874e-07
0.00070692954,4.0494116e-10,7.0108165e-08,0.0027059498,0.0005455834,0.9999995,0.9974917,1.0791683e-08,0.04718274,0.073952794,0.01801137,4.444362e-06,0.00013217046,0.00013909985,0.029496344,1.0,0.0034443357,0.96106416,1.0,0.0011391037,1.1157963e-10,0.060682964,0.14219297,1.593678e-07,0.13311863,3.4245605e-07
0.0009292367,2.6335956e-10,2.8298665e-08,0.002077216,0.00013331154,0.9999999,0.99905866,1.8523697e-09,0.030730622,0.46322203,0.021491097,1.9136509e-05,3.084082e-05,2.928491e-05,0.06666755,1.0,0.0016878229,0.98349243,1.0,0.00014110169,5.5772657e-11,0.08400461,0.063689,3.284525e-08,0.29053354,7.870559e-08
0.00030769437,6.2926105e-12,1.4203397e-09,0.0007576391,2.4302766e-05,1.0,0.99973804,4.5906483e-11,0.017418172,0.5697589,0.0122717265,4.0762466e-06,4.424815e-06,3.835395e-06,0.05326427,1.0,0.00056645443,0.99225426,1.0,2.1932103e-05,1.006544e-12,0.06381137,0.035277408,1.4124969e-09,0.31380635,4.208107e-09
0.047229767,8.737134e-05,0.0021107893,0.1112067,0.6857702,0.99264115,0.8618658,0.0023103883,0.2684355,0.13266774,0.36487114,0.0019138923,0.4985655,0.037907902,0.07565809,0.9992465,0.1614359,0.8267777,0.99841166,0.38051325,5.584039e-05,0.4114938,0.7964406,0.0048428555,0.20986602,0.008835542
0.044206493,7.38623e-05,0.0008330945,0.060161695,0.08925752,0.9976745,0.9366445,0.0005893826,0.1573107,0.28963852,0.16065942,0.0054900213,0.04985853,0.023912407,0.11259376,0.9998691,0.054395344,0.8454383,0.9998628,0.07797173,5.1500134e-05,0.30938077,0.48261693,0.0016856132,0.2189205,0.0016898521
0.005405164,1.5348995e-07,7.124921e-06,0.012883018,0.0077906437,0.9999666,0.98641044,2.3205448e-06,0.095945634,0.122986875,0.053999417,0.000112095055,0.0028611638,0.0019944299,0.059768926,0.99999976,0.015248872,0.91628814,0.99999964,0.010929836,6.507646e-08,0.13943265,0.28864187,1.642491e-05,0.16849011,2.3961684e-05
0.014687002,1.608426e-06,2.8068433e-05,0.02032202,0.007138719,0.9999436,0.985593,7.1918216e-06,0.09650891,0.4835141,0.08981949,0.0013853203,0.0029018715,0.002153333,0.12627864,0.99999785,0.016422454,0.9333584,0.9999981,0.006252884,6.809725e-07,0.20273386,0.22347459,3.8924096e-05,0.29402906,5.3766373e-05
0.00018534996,9.523203e-14,2.9890496e-11,0.00024137176,1.5229928e-06,1.0,0.9999716,1.3784849e-13,0.0069773616,0.97916883,0.010327689,6.339978e-06,2.2221523e-07,9.0077336e-08,0.13842975,1.0,0.000105040715,0.9985989,1.0,2.7552542e-07,1.02516076e-14,0.108679555,0.010172803,9.627809e-12,0.7085729,4.6827896e-11
0.09466208,0.0005484745,0.007024772,0.14221604,0.74971706,0.9832497,0.8331235,0.008859464,0.26746702,0.24557534,0.44305035,0.009489163,0.62928516,0.060376428,0.11055207,0.9955367,0.1934881,0.83507496,0.9925833,0.40059292,0.00038378433,0.48931676,0.7953979,0.014712333,0.2614846,0.020805739
0.0032728922,3.8710244e-08,2.6065857e-06,0.009456212,0.0048830993,0.999985,0.98967534,7.6884777e-07,0.08707546,0.08463525,0.04119188,4.350496e-05,0.0016316281,0.0012535229,0.04818405,1.0,0.012132577,0.92031676,0.9999999,0.008088827,1.5315885e-08,0.11454086,0.26639798,6.3417197e-06,0.1499503,1.0386941e-05
0.0074773105,4.996319e-07,2.9786688e-05,0.026151393,0.04394247,0.99978536,0.96626997,1.529934e-05,0.14026523,0.054489296,0.07234932,0.00010099733,0.016932145,0.006510842,0.046131667,0.9999987,0.032402065,0.8432437,0.99999774,0.054506168,2.843686e-07,0.18196714,0.50952244,8.1775324e-05,0.12514569,0.00013327353
0.05939655,0.00016562418,0.0030273444,0.11270767,0.6366293,0.9906613,0.86127824,0.0034438025,0.24990419,0.17669968,0.3583171,0.0037675141,0.46687716,0.04503162,0.08565932,0.99884206,0.15055431,0.8276515,0.99796426,0.3512545,0.000113173606,0.42906216,0.7747721,0.0066889497,0.21577558,0.01028467
0.025439559,2.9591115e-06,3.4026245e-05,0.022355925,0.0055343304,0.999967,0.98907393,5.297205e-06,0.0881043,0.8481451,0.1224943,0.0062582227,0.0022793412,0.0012290985,0.2082352,0.9999939,0.0134644685,0.9566994,0.9999963,0.0022681768,1.279685e-06,0.28041306,0.18319471,2.789315e-05,0.45100877,4.0811323e-05
0.0084081935,4.4137172e-07,1.2827402e-05,0.01532234,0.0070100497,0.9999604,0.98645836,3.727901e-06,0.094417095,0.25790656,0.06734649,0.0003602679,0.0026698653,0.0019927279,0.08270096,0.9999994,0.0149923945,0.9265124,0.9999994,0.008149339,1.8284592e-07,0.16106895,0.25039327,2.3680203e-05,0.21509172,3.2979275e-05
0.0052034943,8.08163e-08,2.9627345e-06,0.009669605,0.00243632,0.9999918,0.99303013,5.7754266e-07,0.072213344,0.3210287,0.051881835,0.00019920249,0.00082320604,0.00069917226,0.08728569,0.9999999,0.008978175,0.9490683,0.9999999,0.0027708258,2.7780922e-08,0.1371374,0.17369017,4.6539785e-06,0.24863546,7.533922e-06
0.014341566,2.5468237e-06,5.7247616e-05,0.0260226,0.019158011,0.9997991,0.9735873,2.4779201e-05,0.12253937,0.19445181,0.08681238,0.0006914489,0.0084109055,0.005810217,0.08844469,0.9999963,0.027121501,0.88870656,0.9999957,0.023248293,1.3041991e-06,0.19700226,0.3390946,0.00011938574,0.20301545,0.00015066851
0.04060624,5.664883e-05,0.0006638944,0.056824442,0.08334309,0.998063,0.93969643,0.00044484634,0.15532455,0.27420652,0.15725029,0.0044045122,0.045542367,0.021478577,0.1201773,0.9998956,0.053215627,0.84773105,0.99988866,0.07151333,3.821927e-05,0.30431703,0.47672188,0.0013630352,0.22575305,0.0014122616
0.00083165785,1.4323349e-12,1.7651641e-10,0.00047207714,2.7519952e-06,1.0,0.9999602,4.916088e-13,0.008433109,0.9979235,0.02292991,0.00013185074,4.9473914e-07,1.1018333e-07,0.38907933,1.0,0.00016109234,0.9988919,1.0,1.5924914e-07,1.7171856e-13,0.25849432,0.009922884,2.5590799e-11,0.8966488,1.296308e-10
0.0005983063,2.6829122e-10,5.4203092e-08,0.0025601098,0.000518641,0.9999995,0.99742174,8.601288e-09,0.048426345,0.051642556,0.016076695,2.768426e-06,0.00012497127,0.00013870807,0.027926898,1.0,0.003602189,0.95718485,1.0,0.001223461,7.481078e-11,0.057287358,0.14694053,1.3246422e-07,0.12694812,3.0292654e-07
0.0342731,3.5388366e-05,0.0006845669,0.06285557,0.18286498,0.9974948,0.92481065,0.00053365267,0.17592289,0.16690347,0.17181824,0.0020387676,0.09836064,0.025513314,0.086728856,0.999892,0.06633448,0.8308504,0.99985707,0.13650405,2.5157362e-05,0.31709182,0.60614526,0.0015863932,0.18535493,0.0019118387
0.0066296877,1.3104588e-07,3.877398e-06,0.010513251,0.00238454,0.9999918,0.99326974,6.6402265e-07,0.07222482,0.47249418,0.06057549,0.0003785033,0.0008189381,0.00064044,0.104075745,0.9999999,0.008711603,0.9549881,0.9999999,0.0021677394,4.4921887e-08,0.1561268,0.16255914,5.204398e-06,0.28836825,8.254401e-06
0.06657394,0.0002424625,0.0021118564,0.07830104,0.15314233,0.9948586,0.91904914,0.0017579299,0.16394493,0.37257302,0.20864373,0.0130356345,0.09414575,0.035678837,0.12241791,0.9994993,0.06591874,0.8406861,0.99951327,0.10693867,0.00018668587,0.3676592,0.53697884,0.004010794,0.23083024,0.0037529597
4.7823592e-05,2.1865374e-13,2.5192576e-10,0.0004015566,3.298255e-05,1.0,0.99961424,1.9741871e-11,0.021935167,0.020215346,0.004174958,4.3452673e-08,4.954053e-06,7.5966177e-06,0.008386819,1.0,0.00061408087,0.9825027,1.0,0.00012514429,3.9289132e-14,0.020036953,0.07389932,7.322489e-10,0.0724468,2.4574105e-09
0.010012223,3.305173e-07,7.19587e-06,0.013148009,0.0028322039,0.9999887,0.99259263,1.1456407e-06,0.075705856,0.64229155,0.07573202,0.0009603964,0.0010155888,0.0007165085,0.13003953,0.9999995,0.0094563905,0.95707923,0.99999964,0.0019813878,1.1969303e-07,0.18755549,0.16142839,8.037271e-06,0.33890748,1.2459003e-05
0.0055403165,1.8358189e-07,1.0046829e-05,0.015126201,0.013438896,0.99994254,0.98187673,3.9901875e-06,0.10819232,0.081135474,0.055147633,8.875042e-05,0.005030743,0.0029702273,0.048966452,0.99999964,0.019066615,0.8932188,0.9999995,0.019752286,8.7259004e-08,0.14571522,0.3590111,2.6264499e-05,0.13976562,3.8284677e-05
0.003928982,8.0293134e-08,7.0088495e-06,0.015761495,0.017542267,0.99994004,0.9793155,3.0688711e-06,0.11987326,0.0393994,0.047776192,3.3734876e-05,0.006145427,0.0031855302,0.0340847,0.9999999,0.021386689,0.8640841,0.99999964,0.029119363,4.1258428e-08,0.13494931,0.4261752,2.0601998e-05,0.10785634,3.549842e-05
0.0031596574,2.999906e-08,1.7549057e-06,0.008164068,0.0025424298,0.999992,0.9925418,4.0820214e-07,0.07444737,0.14122182,0.039817903,6.111547e-05,0.00081832416,0.0007636397,0.056918874,1.0,0.009083166,0.93755454,1.0,0.004085277,1.0633152e-08,0.10931079,0.1990025,3.520816e-06,0.18108396,6.057069e-06
0.01499074,3.5920932e-06,0.00016095814,0.047416717,0.15038526,0.99906737,0.93957484,0.00010999849,0.17984438,0.07383116,0.12557615,0.00031225866,0.065063946,0.014403623,0.050997782,0.9999863,0.055805188,0.81716174,0.99997616,0.13084869,2.3564767e-06,0.25643408,0.62905496,0.00041146803,0.1376583,0.00068569876
0.0063846386,4.1511217e-10,1.41861305e-08,0.0020661443,4.6081892e-05,1.0,0.99972504,9.218396e-11,0.017500216,0.99855095,0.060177688,0.0024468817,1.228863e-05,1.663157e-06,0.50142246,1.0,0.00068595435,0.99766964,1.0,1.8369586e-06,8.339699e-11,0.41077086,0.026593687,2.2052888e-09,0.89375204,7.4097257e-09
0.0015137483,7.519908e-10,5.7025808e-08,0.002672907,0.00017697213,0.9999999,0.9989247,3.3180656e-09,0.0332166,0.6588085,0.028881235,5.2589603e-05,4.3170327e-05,3.348232e-05,0.09000803,1.0,0.0019315464,0.98427653,1.0,0.0001297848,1.673961e-10,0.10919837,0.06541913,5.4957507e-08,0.35493845,1.2701462e-07
0.032784957,3.290426e-05,0.00044323556,0.049417384,0.06211601,0.998637,0.9471705,0.0002823911,0.15085974,0.25177705,0.13801521,0.003179177,0.032406054,0.017532565,0.10346411,0.99994695,0.046386898,0.85335875,0.99994075,0.061076827,2.1240821e-05,0.27629894,0.4470306,0.0009140574,0.20963989,0.0009826272
3.5262572e-05,1.5996213e-18,1.672278e-15,9.692934e-06,2.0210562e-09,1.0,0.99999976,1.0116968e-19,0.0007109857,0.9999752,0.0044028377,4.760234e-06,1.7372077e-10,1.4721006e-11,0.6318397,1.0,1.9432573e-06,0.9999752,1.0,1.567829e-11,5.1989164e-20,0.278878,0.00050684606,4.5139584e-17,0.98975396,7.365638e-16
0.014681406,9.547981e-07,1.6056878e-05,0.017169738,0.0042247837,0.99997747,0.9903562,2.7994756e-06,0.083774984,0.6988231,0.09233812,0.0019442295,0.0016250142,0.00107363,0.14951569,0.99999845,0.011838084,0.95273393,0.9999989,0.0026349076,3.7996006e-07,0.21680741,0.1786291,1.6961772e-05,0.36239675,2.5146279e-05
0.001017376,5.9164965e-11,5.893481e-09,0.0013510861,3.7393213e-05,1.0,0.9996878,1.2306767e-10,0.019962732,0.9204569,0.024548292,5.127882e-05,7.887021e-06,4.1804283e-06,0.13390687,1.0,0.0007237638,0.9937861,1.0,1.2477647e-05,1.0598048e-11,0.1323917,0.034254804,3.2853007e-09,0.5447508,9.740589e-09
0.0046465695,8.592289e-08,3.7651919e-06,0.01050497,0.0035924842,0.9999851,0.9905501,9.577375e-07,0.082170136,0.17149717,0.048493594,0.00011692602,0.0012455621,0.0011096759,0.07046124,0.9999999,0.011597996,0.93195665,0.9999999,0.005309485,3.1562575e-08,0.12851003,0.21322033,7.278088e-06,0.20092031,1.1683417e-05
0.0081088,5.36617e-07,2.1154321e-05,0.019052994,0.016958358,0.99989724,0.9781676,8.91238e-06,0.11541101,0.10880595,0.06661814,0.00019063294,0.0067956,0.0041307257,0.061282545,0.99999905,0.022616573,0.88939613,0.9999987,0.023043914,2.656098e-07,0.16569509,0.3621287,5.1834784e-05,0.15960632,7.09164e-05
3.0428782e-05,8.676596e-15,1.0571801e-11,0.0001311319,2.1895157e-06,1.0,0.9999505,1.8782235e-13,0.007546809,0.2856122,0.003512967,7.400408e-08,2.7506988e-07,2.9772997e-07,0.02034469,1.0,0.00011730954,0.9965004,1.0,3.3070662e-06,9.813619e-16,0.025567394,0.018700043,1.2924386e-11,0.20497988,5.4410275e-11
0.0029243033,1.0975331e-08,5.607642e-07,0.0055244262,0.00077813456,0.99999857,0.99665016,6.9160926e-08,0.052575745,0.40022048,0.039264172,9.554438e-05,0.0002308005,0.00021194617,0.08907213,1.0,0.004902704,0.9671345,1.0,0.00083903334,3.074345e-09,0.118727244,0.11683993,7.470821e-07,0.2822226,1.4339199e-06
0.005798707,1.981449e-07,8.525864e-06,0.013848961,0.007789074,0.99996054,0.98564506,2.8567547e-06,0.09915025,0.12632398,0.055730022,0.00013329234,0.0028976125,0.0021667215,0.061864488,0.99999976,0.01619933,0.9123051,0.99999964,0.011463234,8.405601e-08,0.14209206,0.2837611,1.9387779e-05,0.17309949,2.8375382e-05
0.0047437786,1.2884574e-07,7.880179e-06,0.014899391,0.0119101,0.9999467,0.9816409,3.167731e-06,0.11287835,0.059881154,0.05027381,5.9617323e-05,0.0043300707,0.002895634,0.047292385,0.99999976,0.020134423,0.8823803,0.99999964,0.019787893,6.1374244e-08,0.1367343,0.35635057,2.1090227e-05,0.13604231,3.3943084e-05
0.007689048,4.7812804e-08,1.2093997e-06,0.00789322,0.0007368852,0.9999989,0.99723345,8.3139184e-08,0.051639475,0.88476723,0.068585165,0.0010287027,0.00023546336,0.00013268329,0.194292,0.9999999,0.004633763,0.9787541,0.9999999,0.00028547356,1.4249777e-08,0.21471325,0.0932885,8.2043556e-07,0.507741,1.6032986e-06
0.008114359,4.1542074e-07,1.2376888e-05,0.015352376,0.0066864695,0.99995947,0.98631674,3.6673453e-06,0.09579938,0.23218204,0.065494485,0.00032452928,0.0025538672,0.0020341896,0.08294841,0.9999995,0.015582784,0.9232301,0.9999994,0.008365005,1.7130981e-07,0.15880716,0.24580292,2.3228822e-05,0.2168335,3.324772e-05
0.025167966,1.2216059e-05,0.00020361034,0.03826376,0.04731703,0.99938405,0.95990103,0.00010895082,0.13729201,0.24848156,0.11999778,0.0017722836,0.023452953,0.0114425365,0.10206111,0.9999776,0.036858294,0.8749244,0.99997497,0.042991214,7.3905007e-06,0.25457335,0.4275132,0.00043647707,0.2117844,0.0004695388
0.012416737,9.5050177e-07,1.9032548e-05,0.017919896,0.0063181953,0.9999596,0.9870825,4.6793198e-06,0.092289954,0.4483073,0.08184136,0.00094156363,0.0025134806,0.0018044973,0.119778164,0.9999987,0.01504737,0.93580204,0.9999988,0.0056770337,3.8973545e-07,0.19204232,0.21998014,2.7919521e-05,0.28501004,3.832139e-05
0.012386964,1.597659e-06,4.334664e-05,0.023284234,0.02112934,0.9998398,0.97540015,1.8509494e-05,0.11739099,0.17884743,0.08241023,0.000481158,0.009109534,0.00517271,0.07802258,0.9999974,0.024572665,0.89456767,0.99999666,0.023826482,8.1706713e-07,0.19359726,0.36125106,9.741517e-05,0.1871971,0.00011950213
0.00049677223,1.6810704e-10,4.2389463e-08,0.0023394902,0.00068476296,0.99999964,0.9974606,7.0043833e-09,0.0477515,0.040074382,0.015267336,1.687406e-06,0.00016088618,0.00013672766,0.023002662,1.0,0.003464735,0.9580919,1.0,0.0014522232,4.7847035e-11,0.055202905,0.17642717,1.1584661e-07,0.10696478,2.5646085e-07
0.015297819,3.9472e-06,0.000111739464,0.035245154,0.046781126,0.9994479,0.9573805,6.5936474e-05,0.14927188,0.1052771,0.09480358,0.0005148003,0.021141069,0.011257891,0.068958595,0.9999926,0.04016074,0.8421552,0.9999894,0.058978472,2.3867588e-06,0.2162427,0.46213603,0.0002743911,0.16117784,0.00036238963
0.004702044,4.08602e-08,1.5395058e-06,0.0076160654,0.0015344394,0.9999968,0.99537635,2.1265225e-07,0.06116751,0.50343525,0.051089868,0.00022279713,0.00048794528,0.00035063594,0.09392373,1.0,0.0061448384,0.9647876,1.0,0.0012809181,1.2824562e-08,0.141806,0.14497945,2.0050288e-06,0.28460288,3.3081292e-06
0.24318767,0.00714379,0.024315733,0.16749974,0.6187585,0.9705645,0.837912,0.024419118,0.19606161,0.7094381,0.43808842,0.16696322,0.5394559,0.0792955,0.20359513,0.96588236,0.11984194,0.8595107,0.9671327,0.23982236,0.0060196714,0.5941015,0.6973502,0.04147103,0.33753806,0.03387706
0.0035130454,4.6634543e-08,2.5640659e-06,0.009310712,0.0031700705,0.9999876,0.9909518,6.7169486e-07,0.08206043,0.12040922,0.041985046,6.6615e-05,0.0010490777,0.0010283157,0.05777515,1.0,0.010928532,0.9288484,0.9999999,0.005467226,1.7009432e-08,0.11283382,0.2158617,5.346455e-06,0.17548321,9.1234415e-06
0.026675727,1.0074134e-06,1.1816559e-05,0.016988335,0.002212697,0.9999938,0.9945188,8.9688916e-07,0.06908779,0.9642299,0.124694325,0.012443997,0.0007906819,0.00032982018,0.2629584,0.9999968,0.0076736812,0.976069,0.99999857,0.00046612258,3.853845e-07,0.33562925,0.11925912,5.3883514e-06,0.59675103,9.889069e-06
0.020387663,6.47361e-06,0.00012139027,0.032013047,0.03516459,0.999629,0.9667117,5.812485e-05,0.12834835,0.24499616,0.10755993,0.0012577598,0.016665807,0.008453081,0.09741628,0.9999887,0.03120168,0.8867265,0.9999871,0.032866273,3.6506096e-06,0.23485807,0.4003554,0.00025837024,0.20780423,0.00028660533
0.0047922027,1.154101e-08,3.9955273e-07,0.005377567,0.00042810966,0.9999995,0.9980819,2.3435195e-08,0.04295236,0.8504648,0.054276377,0.0003986345,0.00013176903,7.61395e-05,0.19021548,1.0,0.0035144312,0.9821577,1.0,0.00018489013,3.0726335e-09,0.19006078,0.08124128,2.9102895e-07,0.5058844,6.1267565e-07
0.012011232,1.822952e-06,8.362337e-05,0.0357156,0.080342904,0.9994998,0.95456266,5.0244915e-05,0.1556499,0.07286902,0.09639989,0.00023665423,0.033732574,0.010517824,0.051926933,0.9999945,0.042106457,0.8321359,0.99999094,0.08349549,1.143015e-06,0.2217164,0.55826247,0.00022018253,0.13551493,0.00033348598
0.029568726,1.2314653e-05,0.00014048575,0.03349214,0.01915975,0.99975926,0.97485775,4.717234e-05,0.1165954,0.5691534,0.1279953,0.0046754032,0.008956016,0.005296008,0.14326227,0.99998057,0.02476627,0.9183412,0.999984,0.013242521,6.507729e-06,0.26140684,0.29693833,0.00019470097,0.30054346,0.00022667264
0.020973826,9.359743e-06,0.00027242952,0.049204558,0.11974789,0.9987035,0.9380155,0.00019248741,0.17064707,0.10984844,0.12846756,0.0007707198,0.057128392,0.01787894,0.06350571,0.99997425,0.053935736,0.8224183,0.99996126,0.11397219,6.343728e-06,0.26840246,0.5783874,0.00067020586,0.15308498,0.0009103696
0.00011053864,5.2219806e-17,2.4947128e-14,2.4622695e-05,1.199025e-08,1.0,0.9999994,2.8628163e-18,0.0011635975,0.99996805,0.007718238,1.9860207e-05,1.4232712e-09,9.1790776e-11,0.73336685,1.0,5.6929907e-06,0.9999541,1.0,9.220559e-11,2.2855815e-18,0.36980978,0.00097488216,8.2286006e-16,0.99012405,1.0151324e-14
0.00837024,4.3010218e-07,1.1871159e-05,0.015090881,0.005762355,0.999964,0.9870797,3.2533771e-06,0.0932443,0.26604995,0.06715768,0.00037452628,0.0021926402,0.0018311798,0.093910225,0.9999995,0.015085877,0.9275586,0.9999994,0.006917337,1.7117182e-07,0.1617922,0.22996053,2.07841e-05,0.23642026,3.051477e-05
0.001736087,6.9021993e-09,6.8872555e-07,0.006097949,0.0021381564,0.99999535,0.99352866,1.680959e-07,0.07307847,0.06667464,0.02949272,1.6213568e-05,0.000629885,0.0005954065,0.036893774,1.0,0.008077858,0.93328947,1.0,0.0043621934,2.387471e-09,0.08649324,0.2145752,1.6860082e-06,0.13483088,3.1541329e-06
0.041544225,4.4285458e-05,0.0004164683,0.047150727,0.040279783,0.99915755,0.95878834,0.00019589723,0.13631459,0.47095156,0.15343128,0.0069066565,0.021133846,0.011994336,0.15294462,0.9999293,0.038703397,0.887662,0.9999378,0.030020285,2.6469987e-05,0.2979669,0.37193885,0.00066435325,0.28508168,0.0007056453
0.0065955897,2.8034836e-07,1.0959916e-05,0.015136656,0.008860863,0.9999509,0.9841962,3.7832929e-06,0.10197833,0.13096614,0.059218884,0.00016270275,0.0033710918,0.0024999625,0.06765343,0.99999964,0.017660754,0.908234,0.9999995,0.012636533,1.2251687e-07,0.14893536,0.29089516,2.4476722e-05,0.1793423,3.5699974e-05
0.016585967,2.5810627e-06,4.171675e-05,0.023185,0.008904454,0.9999101,0.9826272,1.2181076e-05,0.10376668,0.43815988,0.09454477,0.0015806977,0.0037565972,0.002920499,0.1285404,0.99999666,0.019531969,0.9238955,0.999997,0.008475892,1.1342746e-06,0.20994122,0.23898019,6.090764e-05,0.2889381,8.215315e-05
0.16026601,0.0019752656,0.014023609,0.15892594,0.7676589,0.9774326,0.8269966,0.016599722,0.24213488,0.45176488,0.4777633,0.037752707,0.6827367,0.06987131,0.15593676,0.98422563,0.16992462,0.85733217,0.9788287,0.35428828,0.0015330133,0.5479479,0.775869,0.028657645,0.30827215,0.03075083
0.124178566,0.00127257,0.0076991804,0.116016164,0.3855306,0.9861558,0.8827586,0.007828168,0.17731445,0.5250761,0.32151482,0.04375978,0.2860482,0.05780379,0.14694421,0.99554837,0.0932123,0.84554636,0.9959086,0.17613046,0.0010669022,0.47236004,0.64732516,0.013771847,0.2636828,0.011953402
0.007604718,3.948831e-07,1.4147205e-05,0.016251964,0.010187539,0.99994135,0.983124,5.0391122e-06,0.104479685,0.14659216,0.06328083,0.00020735098,0.0039501074,0.0028076395,0.070337854,0.9999994,0.018542213,0.9075352,0.9999993,0.013695041,1.7643114e-07,0.15705703,0.30044222,3.131519e-05,0.1819608,4.3476844e-05
0.0688304,0.00024638267,0.0040314705,0.121254645,0.6697362,0.9885408,0.85309714,0.0047713085,0.25333524,0.19533187,0.382604,0.0050667794,0.5140272,0.050094426,0.09378245,0.99821424,0.16286983,0.8274576,0.9969555,0.3650599,0.00017121738,0.44592997,0.7798683,0.0087252185,0.23157945,0.012974531
0.02452903,1.0504327e-05,0.00014677769,0.03395657,0.024191853,0.99964154,0.969585,6.2829975e-05,0.1263358,0.36531883,0.11640608,0.0025171586,0.011407315,0.0073793726,0.11520289,0.9999851,0.02951201,0.89718944,0.9999851,0.02259239,5.6786753e-06,0.2407867,0.33301473,0.00025436122,0.24729131,0.00029482075
0.0074051903,1.2770415e-07,3.4272896e-06,0.010264968,0.0020321356,0.9999943,0.99425817,4.836963e-07,0.066942096,0.61586154,0.06471622,0.00054152106,0.0006985179,0.00047910653,0.12430975,0.99999976,0.0076737027,0.9624045,0.9999999,0.001448289,4.319247e-08,0.17195675,0.14902395,3.933398e-06,0.33489576,6.333361e-06
0.031027269,2.3392255e-05,0.00038279808,0.04745353,0.088067904,0.9988152,0.94815063,0.0002456993,0.14778447,0.23654974,0.14176232,0.0022862963,0.04603465,0.016918195,0.097238705,0.9999471,0.045684505,0.8601159,0.99993885,0.07025493,1.5658175e-05,0.28448272,0.5044083,0.00086354074,0.19838297,0.00088858267
0.00031307695,1.2045889e-11,2.9037723e-09,0.00090901484,4.8435217e-05,1.0,0.99954814,1.4633418e-10,0.021273458,0.3069374,0.0119677605,2.6229316e-06,9.42958e-06,9.404659e-06,0.041996382,1.0,0.0008564338,0.988199,1.0,6.404113e-05,2.1688233e-12,0.05550138,0.05109055,3.916944e-09,0.23496233,1.06798e-08
0.026193155,1.135493e-05,0.00015290313,0.03425266,0.02624806,0.9996493,0.9697462,6.36803e-05,0.12414296,0.39665982,0.12039175,0.0027443317,0.012618548,0.007342955,0.12417245,0.99998224,0.029375758,0.9011692,0.99998295,0.021871548,6.2325503e-06,0.2503769,0.3418558,0.00026359444,0.25806037,0.00029526718
0.003501741,5.4847558e-08,4.26573e-06,0.012025211,0.009517647,0.9999689,0.9850524,1.5950753e-06,0.10357617,0.05241797,0.043294106,3.5201825e-05,0.0032926835,0.00210215,0.039308265,0.9999999,0.016424626,0.8938894,0.9999999,0.016438939,2.4998885e-08,0.121909894,0.34675595,1.1948882e-05,0.12291035,1.9593466e-05
0.00039333288,2.079103e-13,4.136687e-11,0.00028332608,1.3750412e-06,1.0,0.9999764,1.0220297e-13,0.0065910113,0.9966324,0.016001163,3.3539203e-05,2.2712592e-07,5.634477e-08,0.33057877,1.0,0.000102674254,0.9991019,1.0,9.8209966e-08,2.2277998e-14,0.20292355,0.008591653,7.094999e-12,0.87768674,3.8236584e-11
0.03896884,1.0984788e-05,9.769304e-05,0.031094281,0.010891191,0.9999082,0.9835122,1.9020154e-05,0.09966942,0.8539506,0.14771895,0.0123450495,0.0049283835,0.0023738907,0.21728745,0.99997556,0.018112581,0.94836706,0.9999856,0.0041462434,5.4590164e-06,0.31645155,0.22972843,8.2351595e-05,0.43890175,0.00010864569
0.014234597,2.3410682e-06,4.7632657e-05,0.024048215,0.013546051,0.99985564,0.97777176,1.8067974e-05,0.11485077,0.2584691,0.08702237,0.0008685079,0.0057704253,0.0044333017,0.09572545,0.999997,0.02328096,0.9033211,0.99999666,0.015942767,1.1223522e-06,0.19298296,0.2938725,8.8474946e-05,0.22370571,0.000115484436
0.011023293,8.7178876e-07,1.9782761e-05,0.01791585,0.0073003685,0.999949,0.9855912,5.634543e-06,0.097135596,0.34215185,0.07701934,0.00067489984,0.0028710002,0.0022055025,0.098972775,0.9999989,0.016070632,0.9276702,0.9999988,0.007733697,3.6895682e-07,0.17749958,0.23889454,3.269628e-05,0.24458146,4.4816563e-05
0.04369933,6.7469955e-05,0.00070301135,0.0557827,0.06741256,0.99825627,0.94472283,0.00044652045,0.15004258,0.35238898,0.15665455,0.0064257616,0.03677599,0.0195851,0.11822603,0.999892,0.047379363,0.8603357,0.99989367,0.05756425,4.523857e-05,0.30179682,0.4418442,0.0013100734,0.23165071,0.0013172978
0.011780091,1.3408076e-07,2.589322e-06,0.010190136,0.0010890783,0.9999981,0.99654406,1.8187984e-07,0.05709846,0.92572993,0.08531248,0.0023879248,0.0003680929,0.00018088953,0.22367594,0.99999964,0.0054727383,0.97838116,0.99999976,0.0003306526,4.4494413e-08,0.25301203,0.10332761,1.5522908e-06,0.54579276,2.8983704e-06
0.025295964,4.6322185e-07,5.5313776e-06,0.013441237,0.0015968515,0.9999975,0.99585116,3.0456465e-07,0.059335884,0.9746532,0.12209579,0.0091014635,0.00064761087,0.00019882942,0.39332554,0.9999976,0.0068443413,0.9821555,0.99999905,0.0002538118,1.6440738e-07,0.38024226,0.11004991,2.3825924e-06,0.70094955,4.402133e-06
0.015647784,1.023469e-06,1.6443153e-05,0.01764706,0.004020435,0.99997866,0.99059063,2.7619758e-06,0.08328364,0.7300653,0.0939851,0.0022904072,0.0015424107,0.0010186445,0.15863241,0.99999833,0.011682174,0.953621,0.9999988,0.0023975768,4.053458e-07,0.22325788,0.1728028,1.6534199e-05,0.37840617,2.4631689e-05
0.04126734,6.791167e-05,0.0009565158,0.06578671,0.13324563,0.9967968,0.92512655,0.0007903437,0.16986337,0.21233797,0.1656473,0.003925642,0.07454444,0.029159326,0.09136518,0.9998565,0.0631283,0.8237296,0.99983084,0.11828732,4.9878698e-05,0.3148376,0.54674107,0.002129885,0.18992257,0.0022490977
0.045063604,1.1056023e-05,8.959258e-05,0.031308148,0.008101911,0.99993515,0.98622525,1.4021564e-05,0.09557019,0.91770786,0.15774411,0.022133797,0.0033931322,0.0016309571,0.23460989,0.9999738,0.015813826,0.9557026,0.9999862,0.0024746647,5.238582e-06,0.34550413,0.19156633,5.6602068e-05,0.4969571,8.378429e-05
0.06006713,0.00017841024,0.0023596415,0.08741996,0.3220147,0.99338704,0.8981645,0.0023305558,0.18936262,0.25487408,0.24515194,0.0067858878,0.20798253,0.041916963,0.09572724,0.999373,0.08846787,0.82743526,0.9992442,0.19916554,0.00013869921,0.3901714,0.65864056,0.005137488,0.20435902,0.0054914695
0.08583231,0.0004905286,0.005350851,0.115219496,0.5209369,0.9868674,0.86652774,0.006221493,0.21219732,0.29574686,0.334622,0.012632095,0.39023504,0.05688765,0.10646684,0.9976699,0.12516195,0.8279784,0.99707055,0.28137332,0.00037896546,0.45292816,0.72067124,0.011132586,0.23072177,0.012395909
0.0063507603,3.4345714e-08,9.853604e-07,0.00721701,0.00073607004,0.9999989,0.99726045,7.361243e-08,0.05098148,0.8440903,0.06166131,0.00067560293,0.00022971314,0.0001359063,0.1668308,0.9999999,0.004429316,0.97799486,1.0,0.0003282067,1.0116523e-08,0.19221257,0.09658835,7.529933e-07,0.46170697,1.4410485e-06
0.59917283,0.0091204895,0.009895359,0.15431723,0.8400443,0.99774337,0.89461565,0.001971952,0.15997455,0.9928405,0.5103504,0.76938,0.7953553,0.014396584,0.426562,0.7200547,0.021722855,0.9807772,0.7914577,0.07001632,0.009932657,0.8678609,0.6869438,0.018658457,0.63483137,0.014686042
0.21549618,0.0035015228,0.018395009,0.16947472,0.8115305,0.9782274,0.8227991,0.018630845,0.2361617,0.6095062,0.5115554,0.07605856,0.7482405,0.06586195,0.19118376,0.96647894,0.15312415,0.8812988,0.95669544,0.33367535,0.00281134,0.6020343,0.7747616,0.038488712,0.35345694,0.036867663
0.20447753,0.0017522732,0.015688665,0.19528851,0.93461,0.9822321,0.790071,0.0150398025,0.33391795,0.4248688,0.6208083,0.026647214,0.903636,0.057920817,0.2019639,0.9624908,0.25746664,0.89535177,0.92495495,0.4756657,0.0013036235,0.623024,0.8454153,0.037932273,0.41916832,0.050054785
0.02151201,7.0456413e-06,0.00010052556,0.030480627,0.016091289,0.9997552,0.97389424,3.873728e-05,0.121066965,0.36379418,0.107143246,0.0021537247,0.007307297,0.005709114,0.12278082,0.9999913,0.026991675,0.90207547,0.9999914,0.01664205,3.5055116e-06,0.22662611,0.29044855,0.00016415257,0.26460057,0.00020710973
0.044622898,6.0703078e-05,0.00062710675,0.053209726,0.07069504,0.99859744,0.94948405,0.00036175674,0.14223446,0.41225356,0.1625125,0.0067117326,0.03898664,0.017029624,0.12935205,0.999884,0.04359199,0.8765154,0.99989164,0.04966801,4.0696985e-05,0.31252697,0.44748446,0.0011425932,0.24772689,0.0011132822
0.026884153,4.0963864e-06,4.389599e-05,0.024244102,0.006490963,0.9999496,0.98686856,7.7667155e-06,0.092384525,0.78718215,0.12724458,0.005333346,0.00291235,0.0016931744,0.2478841,0.999992,0.01704403,0.94937754,0.999995,0.0030853213,1.7578953e-06,0.29065323,0.19728066,3.9832335e-05,0.4643302,5.8564336e-05
0.0040709106,2.9627572e-08,1.2181182e-06,0.0072505563,0.0012520285,0.99999714,0.9955605,1.729192e-07,0.059297476,0.4270305,0.04620189,0.00016695482,0.00039523747,0.00033288056,0.09361331,1.0,0.0061414354,0.9624259,1.0,0.0012604197,9.086226e-09,0.13185346,0.13506718,1.6343923e-06,0.28109938,2.8810884e-06
0.0034871222,3.369259e-08,1.6885813e-06,0.008066927,0.001894834,0.9999937,0.9936046,3.4810847e-07,0.07075724,0.2023336,0.041680515,8.8092325e-05,0.0006072185,0.00061046664,0.06737807,1.0,0.008387434,0.9453203,1.0,0.0028954726,1.1123487e-08,0.11409147,0.16864729,2.9728615e-06,0.21093406,5.156727e-06
0.024545757,8.64651e-06,0.00012865664,0.032219384,0.029124655,0.9997017,0.9709563,5.2697684e-05,0.120453954,0.38665795,0.11719639,0.0022081933,0.014011115,0.006906176,0.11974244,0.9999844,0.027736299,0.90502244,0.999985,0.022188842,4.784501e-06,0.2504322,0.36164024,0.0002351587,0.2486575,0.0002531588
0.027142093,1.9006013e-05,0.00028810278,0.043739896,0.049056314,0.9990435,0.9524574,0.00016925203,0.14714123,0.2174174,0.123672254,0.0020978553,0.024811825,0.014563842,0.1042993,0.9999703,0.043761462,0.8558192,0.9999658,0.051940225,1.161824e-05,0.2568614,0.4268744,0.0006019108,0.21004249,0.00068287604
0.0070775747,7.952176e-09,2.1371312e-07,0.0048152697,0.0001895236,0.9999999,0.99899846,5.3671503e-09,0.03495263,0.9792229,0.06867697,0.0015966987,5.7237732e-05,2.189668e-05,0.360603,1.0,0.002393765,0.99066156,1.0,3.1559404e-05,1.902877e-09,0.30009255,0.049906652,7.4513125e-08,0.7535502,1.9511091e-07
0.081299156,0.00040749155,0.0032949864,0.090112574,0.23090218,0.9927148,0.9074853,0.0029733684,0.16845877,0.40935653,0.2444876,0.018103195,0.1523121,0.043132905,0.13000561,0.99892443,0.07576039,0.841748,0.9989844,0.1331911,0.0003269269,0.4034371,0.5887821,0.0062506474,0.24054185,0.005648046
0.14562389,0.0002696534,0.0009397643,0.06378398,0.041501217,0.99946827,0.96784633,0.00020263735,0.1105612,0.957906,0.25487933,0.15792856,0.023434732,0.0059520113,0.33822164,0.9989151,0.02824985,0.9477398,0.99953294,0.0069476734,0.00016028639,0.5227492,0.31352654,0.00054617366,0.55443484,0.00063649326
0.012628724,7.2265084e-07,1.4175997e-05,0.016191939,0.0051592463,0.9999738,0.9889979,2.8380964e-06,0.083190955,0.5373605,0.08375305,0.0010269211,0.0020746044,0.0013452556,0.14941117,0.9999988,0.013134089,0.94584227,0.99999905,0.0038204906,2.8762352e-07,0.20623377,0.20478192,1.8251145e-05,0.33048037,2.684895e-05
0.011793376,1.5658969e-06,4.281781e-05,0.023495473,0.019287312,0.99982846,0.9741511,1.868732e-05,0.12154896,0.15437584,0.07980057,0.0004406806,0.008228506,0.0054515256,0.077022396,0.9999976,0.02584239,0.88665694,0.999997,0.024442414,7.971311e-07,0.18682283,0.3547398,9.5715906e-05,0.18347535,0.00012422228
0.021750657,6.102666e-06,0.000106641695,0.030334234,0.032430626,0.99972254,0.9707351,4.586426e-05,0.119910315,0.31905767,0.11084593,0.0014889104,0.015404144,0.0069518103,0.10784659,0.9999883,0.027901726,0.9006993,0.9999877,0.025335638,3.395534e-06,0.24284492,0.3863589,0.00021532788,0.22746201,0.00022698406
0.023506252,5.271569e-09,6.294916e-08,0.0033942417,5.1676947e-05,1.0,0.9996253,2.9107078e-10,0.020811081,0.99968624,0.10012162,0.034054123,1.7224475e-05,1.8733733e-06,0.8333376,0.9999999,0.0012386687,0.9980751,1.0,1.1070159e-06,7.735034e-10,0.6770418,0.017932832,4.9325064e-09,0.9740626,1.9773218e-08
0.0774859,0.00032786894,0.002990496,0.09271361,0.3222639,0.9930622,0.90432656,0.0027787702,0.17796044,0.35993278,0.27339473,0.012275097,0.2157084,0.041991893,0.14385106,0.99873203,0.08946285,0.8452354,0.9987275,0.15660042,0.00025957616,0.41648337,0.64006776,0.0059657693,0.26040187,0.0059319297
0.12837577,0.0013442572,0.009862635,0.1352922,0.60488725,0.9812929,0.85396165,0.011568209,0.210285,0.42868048,0.39431053,0.03139839,0.49281648,0.06642126,0.13910149,0.9927999,0.1348139,0.8419184,0.9917726,0.28075784,0.0010649688,0.50216746,0.72956127,0.019363748,0.26960722,0.019379662
0.008447948,3.9194651e-07,1.1170046e-05,0.014745729,0.0064148777,0.99996805,0.98764217,3.0196684e-06,0.09022043,0.289917,0.06711164,0.00037358367,0.0024431066,0.0017264098,0.08893652,0.9999994,0.014033504,0.93188316,0.9999994,0.006881326,1.594733e-07,0.16353376,0.24083927,1.9946074e-05,0.22805049,2.7521857e-05
0.019707428,3.8622297e-06,5.8162776e-05,0.025448458,0.013023555,0.9998872,0.9805823,1.7169845e-05,0.10466804,0.50083256,0.105339505,0.0021429432,0.0057121925,0.0034465098,0.13078536,0.9999939,0.019807873,0.9253096,0.99999475,0.009835966,1.8573293e-06,0.22767164,0.27430874,8.368687e-05,0.28311253,0.000106194995
0.102032185,0.0005386986,0.0032235796,0.085337244,0.17326798,0.9952657,0.92456114,0.002143908,0.14722055,0.66195214,0.2506835,0.042650238,0.11216148,0.031079335,0.15323317,0.99855214,0.055883035,0.8757433,0.99889237,0.073733225,0.00043131894,0.42689627,0.5363477,0.0047722976,0.27793434,0.004025878
0.28147697,0.0011329553,0.0021743856,0.08007193,0.10205405,0.99930394,0.9624945,0.00038051954,0.099064104,0.991146,0.3165946,0.60489845,0.05564353,0.0057810326,0.3210512,0.9929797,0.017579403,0.9659284,0.99722373,0.007368308,0.0006618,0.6666337,0.37903634,0.00096189545,0.5412664,0.0010119549
0.14381884,9.415298e-05,0.00030820494,0.04910052,0.013187511,0.999884,0.98246217,3.4899225e-05,0.09650627,0.98335475,0.24874185,0.19254111,0.0072257277,0.001821634,0.5287518,0.99950314,0.023077844,0.9664638,0.99983156,0.0016152277,4.2157586e-05,0.5933506,0.18583508,0.00010899851,0.7582684,0.00016822488
0.07557939,9.325899e-08,5.495249e-07,0.007430282,0.00022253495,1.0,0.99907696,3.1232832e-09,0.028446155,0.9998405,0.15398283,0.2040441,8.107248e-05,5.5160217e-06,0.86284405,0.99999666,0.0021137623,0.99755293,0.9999995,3.0660249e-06,1.570648e-08,0.78010714,0.02723213,3.4394944e-08,0.9753027,1.2197394e-07
0.011149186,1.6614686e-06,6.508575e-05,0.031465095,0.04446903,0.99961334,0.96081096,3.723227e-05,0.14766897,0.07583672,0.082781605,0.00025448008,0.018840145,0.00922584,0.055821974,0.99999654,0.037255418,0.83738256,0.9999945,0.058794655,9.905244e-07,0.19734181,0.4782826,0.00016844767,0.14162764,0.00024425212
0.086882226,8.5245476e-05,0.00043633772,0.0503553,0.022837719,0.9996886,0.9747191,9.58702e-05,0.11079552,0.9230181,0.20877509,0.062119003,0.011483591,0.0044529852,0.27545005,0.9997634,0.025278958,0.94441015,0.9998815,0.0059139724,4.7742935e-05,0.42628083,0.2682156,0.00028778598,0.5046554,0.00036304834
0.007503813,3.3855153e-07,9.912919e-06,0.014254806,0.0050118295,0.9999683,0.9878099,2.6809846e-06,0.09049825,0.25174326,0.06355082,0.00032495405,0.0018662739,0.0016600941,0.08891907,0.99999964,0.014214867,0.9284771,0.9999995,0.0064791534,1.308477e-07,0.15465824,0.22093955,1.7237933e-05,0.22989741,2.6249454e-05
0.038711,1.3777288e-05,0.00011797768,0.03332785,0.011280327,0.9998697,0.9813983,2.657442e-05,0.10513968,0.7958331,0.1467536,0.010857324,0.005264347,0.0030111605,0.22863708,0.99997413,0.021576568,0.9392793,0.9999838,0.0053397645,6.668233e-06,0.3122533,0.22943257,0.00010889587,0.4377811,0.00014449886
0.0014088845,3.9677066e-09,5.3805394e-07,0.005864215,0.002861825,0.99999535,0.99292505,1.4585217e-07,0.0769415,0.040409606,0.026395705,8.184091e-06,0.0008316395,0.0006530091,0.028753085,1.0,0.008594155,0.923683,1.0,0.0059990073,1.4836874e-09,0.08338253,0.26076412,1.5455536e-06,0.11043501,2.9442742e-06
0.015169789,3.3429037e-06,0.00013931742,0.0421901,0.13565849,0.99927956,0.9475527,8.707689e-05,0.15934879,0.09037358,0.12255948,0.00035228088,0.060313623,0.012340877,0.058079544,0.9999869,0.048019174,0.8427333,0.99997854,0.10781147,2.1397527e-06,0.25056437,0.61133224,0.00036312468,0.14730088,0.00053257006
0.011151073,1.5216121e-06,0.00010334564,0.04588122,0.24837272,0.9993637,0.94205904,6.708143e-05,0.18702152,0.058370326,0.14605112,0.00013795067,0.10306354,0.010495567,0.042709406,0.99999,0.059561625,0.8392781,0.9999788,0.15931357,9.2540273e-07,0.2525776,0.70319283,0.00028355795,0.1323669,0.0005581508
0.009649994,7.464212e-07,2.1386782e-05,0.018710177,0.011461874,0.99992335,0.98176414,7.4971467e-06,0.10512543,0.19339158,0.07237461,0.00036517793,0.004633292,0.0031278476,0.079976745,0.9999989,0.019872772,0.9074567,0.9999987,0.014192894,3.389521e-07,0.17182209,0.29785225,4.4579563e-05,0.19895048,5.890146e-05
0.0018890881,8.716482e-09,9.619876e-07,0.007204404,0.0040127053,0.9999924,0.99152994,2.75115e-07,0.080804646,0.047793705,0.031147938,1.3547742e-05,0.0012291892,0.00085710036,0.03296736,1.0,0.01017128,0.9183991,1.0,0.0077011506,3.3779117e-09,0.09470527,0.2794847,2.714968e-06,0.11716246,4.81641e-06
0.105975546,0.0004721633,0.007561388,0.16586874,0.90450907,0.98499554,0.80820185,0.008701379,0.3325998,0.22061054,0.5652253,0.0065680193,0.83855826,0.05272108,0.12806655,0.99168843,0.27222654,0.8629224,0.9810415,0.49595678,0.00030732877,0.53047204,0.85416293,0.016952626,0.32508,0.029402405
0.005235547,1.8407555e-07,1.666572e-05,0.023287302,0.045907788,0.9998541,0.9694621,8.3574205e-06,0.14108899,0.038776457,0.06454215,4.5491128e-05,0.016244661,0.0051604556,0.033755172,0.9999994,0.029725492,0.8408632,0.9999989,0.056106623,1.04437945e-07,0.168361,0.5402381,4.7872913e-05,0.10510561,8.806503e-05
0.014677573,2.5655063e-06,5.451379e-05,0.025268396,0.016861135,0.99982494,0.9755657,2.2254564e-05,0.118540704,0.23027563,0.08794238,0.0007936002,0.0073714126,0.00515111,0.093031146,0.9999964,0.0252823,0.8966476,0.9999958,0.019737385,1.2778484e-06,0.19867772,0.31872043,0.00010863223,0.21532121,0.00013624145
0.077418365,8.977637e-05,0.00048442936,0.051548537,0.02464662,0.9995472,0.9704213,0.00012976688,0.11838848,0.8575181,0.20119135,0.037677385,0.013480947,0.006219969,0.29162788,0.99978894,0.03193355,0.9306885,0.99988365,0.008792547,5.0671817e-05,0.40597722,0.2828558,0.00039954454,0.49045667,0.0004882684
0.025765197,1.6107842e-05,0.00028226862,0.044642977,0.06012955,0.998976,0.9500433,0.00017726209,0.1515275,0.18184792,0.12172532,0.0016287001,0.030157443,0.015695898,0.09255291,0.9999715,0.045781773,0.8479005,0.9999654,0.06312758,1.0243594e-05,0.2553338,0.46110275,0.00063031644,0.19249023,0.0007142043
0.0010961577,2.441833e-09,8.3827837e-07,0.010558557,0.019606411,0.99998474,0.98611987,3.31372e-07,0.11114874,0.0116624,0.031798586,2.0119166e-06,0.005077348,0.0013409135,0.013567081,1.0,0.015002742,0.8607084,1.0,0.029705178,1.2029598e-09,0.10014056,0.5323173,3.0392243e-06,0.0616499,7.659711e-06
0.119483344,0.000349927,0.0014781005,0.07029053,0.06347911,0.99874616,0.95520866,0.00048593915,0.12480131,0.88790286,0.24816945,0.08750096,0.0374526,0.011780241,0.2612545,0.99896336,0.03713762,0.9222196,0.99945,0.016915388,0.00023419589,0.46463677,0.38215384,0.0012256918,0.4350259,0.0013006205
0.1656286,0.0021400983,0.010512408,0.12556186,0.49549222,0.9862889,0.87583065,0.009500725,0.17162253,0.6899875,0.36881056,0.090074785,0.39482647,0.05326568,0.1531895,0.9900727,0.08582672,0.8702443,0.9908528,0.17790361,0.0017937587,0.5312163,0.6779629,0.018162642,0.27931795,0.014526198
0.0020136673,1.1807263e-08,1.6115937e-06,0.009372252,0.008437281,0.9999838,0.98742247,5.8507715e-07,0.099317156,0.029747438,0.03333946,1.0558885e-05,0.002639386,0.0014742791,0.025386142,1.0,0.013714345,0.89059037,1.0,0.016020155,5.376187e-09,0.103398055,0.3742463,5.0978697e-06,0.0934977,9.458247e-06
0.023990495,5.547906e-07,6.3841844e-06,0.014248033,0.0013967861,0.99999666,0.995691,3.8778865e-07,0.06274461,0.96511036,0.121417575,0.008732455,0.00055594236,0.00022443093,0.40265673,0.99999785,0.007944549,0.9790701,0.99999917,0.00028285565,1.8505509e-07,0.37116393,0.09987509,2.839328e-06,0.71244293,5.558908e-06
0.07780631,0.00039425318,0.0040606447,0.10313839,0.36390504,0.9892616,0.88332963,0.0044306787,0.1952229,0.28969705,0.2765367,0.011937047,0.24931727,0.05327254,0.1104403,0.9986671,0.10211435,0.8207629,0.9984816,0.21912569,0.00031339316,0.41939613,0.6631429,0.008403917,0.22328454,0.008784447
0.082171105,0.00013899285,0.0007834634,0.057741784,0.040603437,0.99922824,0.96400726,0.00025955462,0.1228116,0.8450208,0.20641305,0.045476727,0.021366065,0.008859699,0.20489408,0.99968386,0.03134727,0.9238267,0.99981076,0.014436945,8.838245e-05,0.3919662,0.33965033,0.00071017543,0.39034152,0.00077412004
0.7262147,0.008873791,0.0044451053,0.1401278,0.6860988,0.99935764,0.93424094,0.00042381708,0.11730387,0.99916005,0.4550644,0.9467861,0.61411005,0.0053230072,0.6043141,0.61397254,0.0077097267,0.99135053,0.82568395,0.015046813,0.009496633,0.92910504,0.55161333,0.0047533885,0.7812532,0.0046409382
0.12475531,0.00086767087,0.010093545,0.16327257,0.8579246,0.9810424,0.8121956,0.012002804,0.29456794,0.29042774,0.52789587,0.013172074,0.78243315,0.061408576,0.13621143,0.9894923,0.23205133,0.8575976,0.98056865,0.44972602,0.00060027424,0.5406198,0.8253067,0.021686759,0.3154533,0.031107342
0.034323372,7.073831e-06,7.159536e-05,0.028044714,0.011432443,0.999928,0.984377,1.3494257e-05,0.09469503,0.8312051,0.13961181,0.0079514105,0.005356481,0.0022266791,0.22206193,0.9999819,0.017110487,0.9501462,0.99998903,0.0041425675,3.5132393e-06,0.31057578,0.24484992,6.663228e-05,0.4283895,8.376128e-05
0.0026748665,3.764832e-10,2.1903121e-08,0.0022103272,6.74675e-05,1.0,0.9995714,3.7373799e-10,0.023165626,0.9800402,0.04061805,0.00035286104,1.6045811e-05,5.6263657e-06,0.21288542,1.0,0.00093357963,0.9942247,1.0,1.1249678e-05,8.1969e-11,0.21189758,0.038372952,7.959353e-09,0.67063695,2.2733154e-08
0.039708503,4.177535e-05,0.0004514737,0.048134368,0.05358624,0.9989926,0.95509106,0.00024079664,0.13860773,0.40729374,0.1492924,0.0055408105,0.028520916,0.014074852,0.12909412,0.9999269,0.039739486,0.88146406,0.9999318,0.04051051,2.65558e-05,0.29449454,0.41521937,0.0008083601,0.25019902,0.00081164937
0.09938184,0.00064986973,0.004606381,0.09791363,0.28814903,0.99135053,0.90189564,0.004173408,0.1660267,0.50241584,0.27606234,0.029367227,0.20015848,0.045782823,0.13496156,0.99798125,0.07718632,0.8506525,0.9981724,0.13980916,0.00053520553,0.43649387,0.61401194,0.008331494,0.24958985,0.007151045
0.0057808715,1.9605658e-07,8.073624e-06,0.013889076,0.006730852,0.9999621,0.98530525,2.5581699e-06,0.097931005,0.122051634,0.05473725,0.00013608097,0.0024932437,0.0021222944,0.07053129,0.99999976,0.016625298,0.9085406,0.99999964,0.010486103,8.2190176e-08,0.14186391,0.2707864,1.7334833e-05,0.18568024,2.7491586e-05
0.009528059,8.329051e-07,2.3342427e-05,0.019260285,0.010526478,0.9999119,0.9807725,8.552437e-06,0.10902704,0.17740072,0.070847176,0.000375201,0.0042298357,0.003426193,0.07990408,0.9999989,0.020505803,0.90324324,0.9999987,0.014498073,3.7847082e-07,0.16687658,0.2889868,4.742145e-05,0.19803202,6.651267e-05
0.015241478,3.7452446e-06,9.567878e-05,0.032136377,0.03481376,0.9995751,0.96283305,5.2704214e-05,0.14100567,0.12697981,0.09182138,0.0005898676,0.015712792,0.009532349,0.07362067,0.9999939,0.035845544,0.8563361,0.99999166,0.045298714,2.15525e-06,0.20879193,0.41788757,0.00022625524,0.17124808,0.00028776648
0.017289488,4.8043357e-06,9.213453e-05,0.03008962,0.02262612,0.99969006,0.9692751,4.3127086e-05,0.12928474,0.21172652,0.09590043,0.0010424923,0.010257327,0.0073687336,0.092892714,0.99999356,0.030350763,0.8817389,0.9999924,0.027563458,2.5409383e-06,0.2103181,0.34792572,0.00018714034,0.20757633,0.0002319198
0.03798708,1.1764208e-05,0.00010486108,0.032072257,0.011985071,0.99988914,0.98211986,2.243886e-05,0.10206199,0.8144634,0.14565468,0.010368078,0.0055808225,0.002790445,0.22231145,0.99997497,0.019919373,0.94311285,0.9999846,0.0050316714,5.847135e-06,0.31159216,0.23947735,9.703903e-05,0.4280711,0.00012483678
0.020779103,3.6965664e-06,5.0825573e-05,0.02471635,0.0096599925,0.9999151,0.98322934,1.3229457e-05,0.10128616,0.58539474,0.106681846,0.0027129927,0.004164298,0.0027107873,0.1493242,0.9999944,0.018447995,0.93310124,0.99999547,0.006913378,1.686505e-06,0.23440158,0.23981903,6.553691e-05,0.32315224,8.4814514e-05
0.055665154,0.000105199084,0.000847139,0.05885599,0.060809173,0.9983821,0.9489661,0.00047002462,0.14281595,0.5065127,0.1744851,0.012228631,0.033907387,0.017487094,0.15034525,0.99982136,0.045058865,0.8781004,0.99985015,0.041618712,7.0235714e-05,0.32701838,0.41207087,0.0013245398,0.2789963,0.001307929
0.1023155,0.0004195221,0.007222352,0.16880688,0.91003984,0.98546845,0.80493754,0.008118371,0.34654734,0.20562068,0.57117116,0.0056213215,0.8463917,0.051650185,0.125469,0.99232715,0.28737354,0.86201835,0.9813385,0.5100973,0.00026381318,0.52989566,0.86054605,0.01601887,0.3262463,0.029281667
0.06164754,0.00019331157,0.0019139552,0.07682919,0.17095271,0.99508333,0.91806996,0.0016378353,0.1670546,0.33356726,0.20629102,0.010059688,0.10446666,0.035689972,0.11228063,0.9995615,0.0672263,0.83785933,0.99955267,0.118706115,0.00014960555,0.36216304,0.55958456,0.0038410786,0.2175816,0.003639936
0.004082975,2.3930161e-08,9.540591e-07,0.0068193544,0.00089309923,0.9999982,0.99645066,1.12643285e-07,0.05614621,0.5534242,0.047070067,0.00021672685,0.00026948017,0.00022853697,0.09711364,1.0,0.0051939464,0.9678705,1.0,0.0007938936,7.0289423e-09,0.13614558,0.11286941,1.0964073e-06,0.31259894,2.018366e-06
0.016009402,2.3932296e-06,4.0224786e-05,0.02279743,0.008811808,0.9999131,0.9827855,1.1832177e-05,0.10422241,0.43337288,0.09255126,0.001514813,0.0036644673,0.002890352,0.119570404,0.999997,0.018898036,0.92388123,0.99999726,0.008564321,1.0560611e-06,0.20480588,0.23940665,5.918896e-05,0.278397,8.027909e-05
0.0067928396,1.4591757e-07,4.2050424e-06,0.010960047,0.0024092384,0.99999046,0.9928653,7.586971e-07,0.07310584,0.4346748,0.060230672,0.00037293922,0.0008445869,0.0007024318,0.11001576,0.99999976,0.009486515,0.9517074,0.9999999,0.0023895316,4.9699338e-08,0.15733245,0.16222508,5.7453285e-06,0.29341888,9.267573e-06
0.1536496,0.0017221343,0.012595613,0.15157835,0.75492644,0.980184,0.83189404,0.01429841,0.23429455,0.46847212,0.46503466,0.037158735,0.67098063,0.06489117,0.14519334,0.9867208,0.15866661,0.86143655,0.9818621,0.34677082,0.0012979975,0.5560596,0.77357376,0.026467297,0.297975,0.02733656
0.06381239,0.00021358207,0.0026794013,0.09229854,0.3313384,0.99243486,0.89366746,0.00275071,0.19125657,0.25451112,0.2505368,0.007554906,0.21606424,0.04475473,0.09682643,0.99926895,0.09317227,0.8211448,0.9991198,0.20811358,0.00016589256,0.3951822,0.6613639,0.0058050384,0.20394439,0.006150394
0.015040686,3.2624062e-06,7.978645e-05,0.029408073,0.029654067,0.99967957,0.9671359,4.0091018e-05,0.1323298,0.15187049,0.09094249,0.0006251629,0.013352441,0.007980411,0.07972572,0.99999475,0.032038216,0.87117505,0.9999932,0.035959385,1.8040333e-06,0.20681813,0.39643794,0.00018278982,0.18186735,0.00022600428
0.105502374,0.00041555756,0.0021158615,0.0753753,0.09357557,0.99758565,0.9439215,0.0010116281,0.13442282,0.7957981,0.23753782,0.06254803,0.055287622,0.018850246,0.17983302,0.9989945,0.04225898,0.9014564,0.9993431,0.03457629,0.00030645632,0.4244556,0.4422385,0.0023451988,0.32996947,0.0021758832
0.04024773,4.2804986e-05,0.00045080582,0.0480884,0.052155573,0.99902475,0.95616263,0.00023466394,0.13688385,0.432621,0.1514186,0.0060253926,0.02773504,0.013478107,0.13021779,0.9999249,0.03873884,0.88498443,0.99993074,0.03821502,2.7067159e-05,0.297129,0.41030803,0.0007862876,0.25452855,0.0007903693
0.002345472,6.879563e-10,3.836089e-08,0.00258302,9.515632e-05,1.0,0.9993875,1.0598663e-09,0.027654346,0.9381905,0.038395718,0.00021165152,2.3373213e-05,1.1962737e-05,0.18275583,1.0,0.0013665194,0.9912573,1.0,2.7917475e-05,1.4538161e-10,0.17612295,0.04482013,1.9594324e-08,0.58952266,5.240243e-08
0.005609707,4.52873e-10,1.49368e-08,0.0020642262,3.467401e-05,1.0,0.999744,1.0365806e-10,0.018806754,0.99795675,0.058106914,0.0021854576,9.203172e-06,1.7726917e-06,0.5518942,1.0,0.00078276487,0.9973471,1.0,1.8236403e-06,7.911878e-11,0.4090854,0.022715937,2.3773152e-09,0.9084348,8.518609e-09
0.014221203,8.3360935e-10,1.3381756e-08,0.0020198652,2.0138717e-05,1.0,0.9998109,4.1363954e-11,0.0155056,0.9997677,0.08007822,0.017310863,6.2052386e-06,6.470719e-07,0.8508692,1.0,0.0007395317,0.9987404,1.0,3.7469343e-07,1.0413167e-10,0.66531044,0.012469297,9.369626e-10,0.9802744,4.329671e-09
0.0032258376,4.900653e-08,4.0398645e-06,0.0120518375,0.009338678,0.9999677,0.9843056,1.5234926e-06,0.10728946,0.045268163,0.042083696,3.013817e-05,0.0031898303,0.0021570052,0.03714585,0.9999999,0.016844306,0.8877558,0.9999999,0.017121993,2.2332651e-08,0.11941457,0.35349372,1.14592885e-05,0.11823206,1.9863388e-05
0.020062769,1.513089e-07,2.0449272e-06,0.010051895,0.00069952384,0.9999993,0.9975769,7.553179e-08,0.04970892,0.98593545,0.11010836,0.008957228,0.00024937134,7.857122e-05,0.4208478,0.99999917,0.0047213505,0.9872362,0.99999976,9.048025e-05,4.5391115e-08,0.39034343,0.07482832,6.731769e-07,0.76857245,1.4792031e-06
0.024357542,7.635743e-07,9.020772e-06,0.015674261,0.0019391885,0.9999949,0.9948861,6.626435e-07,0.066713616,0.95879954,0.12077444,0.008971699,0.0007407745,0.00030459499,0.31642285,0.9999974,0.00805022,0.97670627,0.9999988,0.00042114948,2.783957e-07,0.34063923,0.11643562,4.421373e-06,0.63604575,8.00748e-06
0.069170944,0.00026524902,0.0026466663,0.086493865,0.24818851,0.99327314,0.906852,0.002511769,0.17478265,0.32979763,0.2363432,0.011200527,0.15936399,0.04198303,0.11278221,0.99924916,0.0783844,0.8346726,0.9992143,0.153277,0.00021044175,0.38753787,0.6100482,0.0054207747,0.21880162,0.0051730485
0.030302837,1.2758349e-05,0.00014073821,0.034045953,0.017982312,0.99976295,0.9751247,4.6767072e-05,0.11569784,0.5758517,0.12736268,0.0049849437,0.008445778,0.005189863,0.15026489,0.99998033,0.025010686,0.9177781,0.99998426,0.0126178665,6.6359994e-06,0.26375383,0.28885219,0.0001900442,0.31127813,0.00022550469
0.0077348426,5.8069236e-07,4.4454075e-05,0.034212988,0.091804534,0.9996426,0.9562627,2.640814e-05,0.16759136,0.043344893,0.08857868,8.398996e-05,0.0340691,0.008402228,0.035980072,0.99999774,0.042443298,0.81912524,0.9999957,0.09500925,3.586948e-07,0.20300801,0.6062994,0.00012214978,0.11164829,0.00023437546
0.03996046,5.8908983e-05,0.001089854,0.07443821,0.23303206,0.9959757,0.9097568,0.0009687892,0.19074817,0.16363554,0.19175321,0.0026695684,0.13093412,0.032517977,0.081262246,0.999816,0.07843114,0.8130013,0.999749,0.17810269,4.371219e-05,0.3390837,0.6323432,0.0024898967,0.18203047,0.0031038416
0.004841275,1.2345875e-08,4.2351886e-07,0.005510306,0.00043614124,0.9999995,0.9980696,2.5306061e-08,0.043457333,0.8552034,0.054087367,0.00043523227,0.00013178034,7.763577e-05,0.17994183,1.0,0.0034525176,0.9819664,1.0,0.00018851162,3.3067313e-09,0.18685429,0.081073515,3.0576922e-07,0.49541843,6.412635e-07
0.02939446,8.306591e-06,8.7447355e-05,0.029815009,0.011570926,0.99987197,0.98048234,2.1972823e-05,0.105331086,0.66091615,0.12889235,0.004999603,0.0054865656,0.0033657597,0.2083592,0.9999858,0.022483759,0.93121827,0.99998987,0.0069760424,3.949463e-06,0.27977714,0.24553265,9.992717e-05,0.39049444,0.00013203519
0.024122765,1.431522e-05,0.0002771103,0.045717467,0.065148115,0.99889576,0.9462639,0.00017841482,0.15589586,0.15518865,0.11942035,0.0013850894,0.032385826,0.016550576,0.086079165,0.9999739,0.04752756,0.83555675,0.9999666,0.071525194,9.273603e-06,0.2559717,0.4785931,0.0006262226,0.18356717,0.00075872644
0.0048289425,1.5938664e-07,1.2265742e-05,0.020452728,0.024315586,0.99989223,0.973175,5.7422562e-06,0.13369256,0.038433224,0.05460161,4.6682144e-05,0.008779864,0.0044775167,0.038961973,0.99999964,0.026823873,0.84186304,0.9999993,0.03874317,8.6984656e-08,0.1495461,0.45851174,3.4347042e-05,0.11541759,6.3394014e-05
0.058601443,0.00014872725,0.0032291661,0.12695591,0.7437956,0.9900967,0.84463364,0.0037197922,0.2887754,0.14788964,0.4078929,0.0027987065,0.58600277,0.044680674,0.081053354,0.99861765,0.19315329,0.8265175,0.9970577,0.42253226,9.5002455e-05,0.4374513,0.81191486,0.0070800483,0.2267684,0.012722708
0.031612195,2.5201927e-05,0.00032867637,0.044624303,0.04666771,0.99911183,0.95511925,0.00018103361,0.14186953,0.30177563,0.13099231,0.003290981,0.02401817,0.0136805065,0.11192639,0.9999604,0.039965715,0.8685626,0.99995935,0.043591086,1.5645772e-05,0.26782456,0.40949887,0.00062895875,0.22622223,0.00068358314
0.0024974442,1.4765315e-08,1.0109734e-06,0.006742555,0.0018655822,0.99999523,0.9938619,2.1606077e-07,0.06869715,0.12981445,0.034903407,3.9924937e-05,0.0005754939,0.00055840355,0.054290026,1.0,0.007824054,0.9428642,1.0,0.0031602115,4.893291e-09,0.10040964,0.18407509,2.0379653e-06,0.17793328,3.6404683e-06
0.056156047,0.00012417432,0.0011632103,0.064047225,0.10836912,0.9974738,0.9377627,0.00078192033,0.14935564,0.43035778,0.1867032,0.010332443,0.06315904,0.023807634,0.12435096,0.99974006,0.050872695,0.8657138,0.999759,0.070043184,9.027962e-05,0.34308004,0.49733377,0.0021324514,0.23754326,0.0019670846
0.004309242,2.18298e-08,8.2665423e-07,0.0066071097,0.00074490655,0.9999987,0.9969097,8.3414285e-08,0.05331404,0.64897704,0.04880955,0.0002733967,0.00022293015,0.00017753222,0.11010976,1.0,0.004717635,0.9715917,1.0,0.0005685353,6.236676e-09,0.14617492,0.10236901,8.4416206e-07,0.35093433,1.6019981e-06
0.013387161,8.3855184e-07,1.5068686e-05,0.017115654,0.003947986,0.99997616,0.99011034,2.8492018e-06,0.08527533,0.6246849,0.08575986,0.0015396718,0.001500622,0.0011308856,0.13947323,0.9999988,0.012428162,0.9474759,0.99999905,0.0029975122,3.235893e-07,0.20434107,0.17382075,1.7032218e-05,0.34454715,2.5606992e-05
0.009941604,9.325143e-10,2.4013147e-08,0.0024663636,5.4541873e-05,1.0,0.99967587,1.4212034e-10,0.018644203,0.99913895,0.07080331,0.0057907156,1.5060914e-05,1.8087845e-06,0.57921493,1.0,0.0007891693,0.9977748,1.0,1.7190598e-06,1.8149926e-10,0.48196298,0.025247717,3.0450664e-09,0.9203472,1.0605989e-08
0.01321904,2.566417e-06,8.3398874e-05,0.032512292,0.043690432,0.99956304,0.9604342,4.7852238e-05,0.14565027,0.09429639,0.088353425,0.00037596797,0.019206386,0.00985797,0.06353062,0.999995,0.037742298,0.843883,0.9999926,0.05597685,1.5263997e-06,0.20609409,0.46240848,0.00021018588,0.15347892,0.0002830415
0.023902677,1.1314417e-05,0.00020134676,0.039002065,0.049745448,0.9993405,0.95823556,0.0001130431,0.138801,0.21547945,0.11658832,0.0015150302,0.024582673,0.011994782,0.09625585,0.9999794,0.03848971,0.8671534,0.9999758,0.048159394,6.8728286e-06,0.24888928,0.43761817,0.00044584973,0.20048848,0.00048347126
0.05029961,9.139972e-05,0.0008360983,0.05860851,0.069437064,0.9981694,0.9452633,0.0005113354,0.1466904,0.4258328,0.16808845,0.009171117,0.038547393,0.019446647,0.13048993,0.9998461,0.04676161,0.867978,0.999859,0.052758675,6.2120955e-05,0.31720218,0.4365618,0.001448498,0.24895221,0.0014178219
0.01466606,2.5967581e-06,5.3643045e-05,0.025219018,0.01590496,0.9998274,0.9755971,2.1610997e-05,0.11791838,0.23020546,0.08769341,0.00080783456,0.0069462713,0.005075339,0.097029984,0.99999654,0.025469912,0.8964078,0.99999607,0.018922782,1.2731749e-06,0.1977396,0.31278569,0.000104812476,0.21925609,0.00013361812
0.009071782,4.4253878e-07,1.103926e-05,0.014861994,0.0048368317,0.9999708,0.98829824,2.6572102e-06,0.0870424,0.3376064,0.069715425,0.00048553356,0.0018591718,0.0015276319,0.11297093,0.9999994,0.013981758,0.9349324,0.9999994,0.0052258535,1.7053489e-07,0.17157926,0.21059245,1.7212553e-05,0.27021632,2.6192663e-05
0.0055150376,3.4924335e-07,4.5464676e-05,0.048620548,0.26254812,0.9995048,0.9401414,3.3678818e-05,0.23936607,0.019520923,0.1292659,2.521092e-05,0.09031784,0.00895374,0.024341924,0.9999975,0.0759364,0.7875185,0.9999926,0.20238575,1.9800153e-07,0.20545207,0.7436775,0.00013657365,0.099839024,0.00041078174
0.007067368,3.5979724e-08,9.417973e-07,0.0072869756,0.00063259853,0.99999917,0.9975044,6.1148846e-08,0.049322404,0.883445,0.06639671,0.0008799482,0.00020331684,0.00011485242,0.2099298,0.9999999,0.0044363695,0.9799203,1.0,0.00024343377,1.0365875e-08,0.21585573,0.0885575,6.317462e-07,0.5286073,1.272301e-06
0.0902658,0.00017172587,0.00087525,0.060810577,0.043656338,0.9991578,0.96170264,0.00028133875,0.12409487,0.8479696,0.21836922,0.04833923,0.024853837,0.009634485,0.25441873,0.99956375,0.035504658,0.9213404,0.99975616,0.01438957,0.00010841056,0.41770914,0.34748548,0.0007786679,0.4303739,0.000860621
0.046239994,1.098528e-05,8.639511e-05,0.030468427,0.009263167,0.99993765,0.98600113,1.298908e-05,0.09367762,0.92190385,0.16172385,0.01979132,0.0042253872,0.0016997624,0.26609483,0.9999682,0.01629218,0.95878386,0.9999839,0.0024694074,5.3834515e-06,0.3592258,0.2085311,5.7839814e-05,0.52033055,8.049902e-05
0.06684224,6.8127534e-05,0.00041620992,0.048563927,0.025650304,0.9995864,0.9714282,0.00011585668,0.11752323,0.8410902,0.18960705,0.029232781,0.013326076,0.0060960823,0.24381831,0.99984646,0.028875515,0.93131113,0.99991035,0.0094091045,3.906965e-05,0.37642938,0.29441002,0.00036989345,0.4391329,0.00043321605
0.055081133,8.210898e-05,0.00065536675,0.055310044,0.061362296,0.9988166,0.9549389,0.00032161895,0.13635616,0.54949707,0.17983398,0.010805586,0.034713697,0.014612622,0.18368106,0.9998215,0.043118354,0.89148694,0.9998599,0.032959316,5.4015618e-05,0.34332275,0.41380647,0.0010149615,0.32112798,0.0009929495
0.019010525,5.5552878e-06,9.5515046e-05,0.030145327,0.02233729,0.9997199,0.9708817,4.109227e-05,0.12265031,0.27102572,0.101786114,0.0013550776,0.010298118,0.006702761,0.10661586,0.999992,0.028720459,0.89222,0.9999913,0.023567501,2.897837e-06,0.22088882,0.34031025,0.00018124588,0.22621205,0.00021831489
0.014449502,3.0413992e-06,0.00012716145,0.040369947,0.10878314,0.9993094,0.9482888,7.9719364e-05,0.16320436,0.084543705,0.112102255,0.00033489676,0.047475863,0.012508198,0.05425695,0.99999,0.04669517,0.8335403,0.9999838,0.09961819,1.951784e-06,0.2433826,0.5894113,0.00032664713,0.13966833,0.00048617477
0.028731586,2.1883508e-05,0.00041240343,0.051036764,0.09259026,0.99846566,0.93933916,0.00028366692,0.16323087,0.16695727,0.1355579,0.0017680941,0.047547117,0.02023438,0.08468388,0.9999542,0.052962307,0.83298427,0.99994195,0.09032357,1.5045051e-05,0.2762125,0.5210059,0.0009361173,0.18022723,0.0010873253
0.0064850952,1.3726709e-09,4.4037055e-08,0.0029898924,9.920749e-05,1.0,0.9995189,5.68714e-10,0.024982579,0.99445677,0.06082563,0.0019779603,2.4516623e-05,5.083257e-06,0.36268815,1.0,0.0011021747,0.9954111,1.0,7.4705754e-06,3.206668e-10,0.3377027,0.03988951,9.113076e-09,0.7929195,2.9399255e-08
0.002072117,1.1499065e-08,9.922744e-07,0.0069702845,0.0023909349,0.99999344,0.99256104,2.5304598e-07,0.07761026,0.06968693,0.03160978,2.1964253e-05,0.0007313657,0.000735344,0.04180209,1.0,0.00918472,0.92810774,1.0,0.004885202,4.119629e-09,0.09201,0.21789199,2.365226e-06,0.1441953,4.4043245e-06
0.03028386,2.5345189e-05,0.00041069603,0.050700843,0.07801205,0.99856406,0.94288975,0.00027734393,0.15732639,0.19290796,0.13453254,0.0021493973,0.040553212,0.019096207,0.09615552,0.9999515,0.050831143,0.83937216,0.9999424,0.076088674,1.6953978e-05,0.27575323,0.48835325,0.00091172423,0.19633766,0.0010176838
0.119965285,1.40973325e-05,5.3442076e-05,0.029890474,0.0045257434,0.99998784,0.991981,2.6979023e-06,0.072689116,0.99518085,0.22108825,0.1756538,0.0022765475,0.00039044436,0.64939934,0.9998672,0.012565381,0.98328894,0.9999647,0.00030167206,4.992403e-06,0.6420432,0.117561854,1.2512418e-05,0.86032796,2.3245419e-05
0.012947653,2.1472242e-06,5.4363656e-05,0.025564644,0.020357078,0.9997837,0.9719948,2.4777122e-05,0.12633412,0.15583281,0.08347841,0.00053121697,0.008805122,0.0061959196,0.07919171,0.9999969,0.028011305,0.8807417,0.99999607,0.026788805,1.1136074e-06,0.19139947,0.35457554,0.000119191,0.18683067,0.00015618984
0.05325334,0.00012748888,0.0019130099,0.08448278,0.33492863,0.99415237,0.90022874,0.0018573208,0.19090942,0.22204114,0.24324903,0.0048540947,0.210354,0.038474094,0.092818044,0.9995122,0.08842287,0.82931817,0.9993674,0.20486282,9.6363954e-05,0.38164654,0.66925347,0.004275384,0.20057474,0.004917034
0.0001270389,8.175189e-13,3.8423612e-10,0.00044977374,1.8408977e-05,1.0,0.99977964,1.4455368e-11,0.014727257,0.24741408,0.007267015,5.8892806e-07,3.0748329e-06,3.0849662e-06,0.028639166,1.0,0.0004166114,0.99201256,1.0,2.698811e-05,1.3118917e-13,0.03914657,0.039617464,5.3035665e-10,0.19793914,1.6828711e-09
0.018047774,1.8158709e-06,2.6324682e-05,0.020344,0.0055246465,0.9999622,0.98810846,5.1948673e-06,0.08945897,0.67812705,0.10065668,0.0025437365,0.0022548737,0.0015090189,0.16836055,0.99999714,0.014466856,0.94634163,0.999998,0.00354449,7.47432e-07,0.2328435,0.19434309,2.8705444e-05,0.37172085,4.1195544e-05
0.0297251,2.3779277e-05,0.00044385582,0.052588426,0.11108135,0.9983429,0.93722373,0.00031470758,0.16112542,0.17131557,0.14397776,0.0018159774,0.057227824,0.020665951,0.08588308,0.99994445,0.054101963,0.8347656,0.9999279,0.099439055,1.6120015e-05,0.28895855,0.54529333,0.0010509554,0.18031271,0.001190673
0.0028858806,3.430427e-08,2.7431622e-06,0.010323875,0.006312364,0.999979,0.9870574,9.243812e-07,0.09863254,0.050327864,0.039590012,2.804954e-05,0.0020897733,0.0016129385,0.03996108,1.0,0.014732094,0.8983857,0.9999999,0.012173988,1.4354366e-08,0.11243574,0.31171998,7.6111346e-06,0.12767234,1.3357461e-05
0.018992735,4.9922983e-06,8.169138e-05,0.028279807,0.017305423,0.99978775,0.9745095,3.192382e-05,0.11833725,0.32704318,0.100836076,0.0015604545,0.007759251,0.0054749707,0.11031949,0.9999933,0.025495045,0.9030142,0.9999932,0.017760033,2.5011464e-06,0.21725103,0.3083963,0.00014316605,0.24108072,0.00017630549
0.12838136,1.958728e-05,7.100735e-05,0.03274744,0.0050110025,0.9999838,0.9913043,3.8575804e-06,0.07556472,0.9949962,0.22698258,0.20776537,0.0024825658,0.0004554142,0.63615453,0.9998331,0.013289042,0.9821591,0.99995446,0.00034969038,6.9745774e-06,0.64415175,0.1201624,1.6216365e-05,0.8551089,3.0363099e-05
0.011784755,1.157295e-06,2.516396e-05,0.019558936,0.008115346,0.99993145,0.9838193,7.751915e-06,0.10228334,0.31163907,0.07899886,0.0007284022,0.0032656423,0.0026630256,0.10009778,0.99999857,0.01809916,0.9204867,0.99999857,0.009267637,4.995061e-07,0.18075229,0.24561968,4.2328993e-05,0.24380521,5.8459267e-05
0.0220947,8.226064e-06,0.00052610185,0.09185677,0.86023134,0.9978801,0.8807201,0.0004788682,0.32818347,0.0650015,0.420105,0.00021491047,0.6875555,0.017513823,0.05086911,0.9997962,0.19600539,0.8611388,0.99925214,0.45795813,4.2698243e-06,0.3588704,0.8756488,0.0015076968,0.1905369,0.0041210945
0.022677705,9.251431e-06,0.00015841718,0.03611481,0.036476817,0.9995022,0.963519,8.180013e-05,0.13592282,0.2347768,0.11136348,0.0015171473,0.01748925,0.010001354,0.0997236,0.99998474,0.035320926,0.87502277,0.99998283,0.03703215,5.3961066e-06,0.23760273,0.39520887,0.00033294215,0.21236561,0.0003743414
0.044601012,8.3553234e-05,0.0011734059,0.070607044,0.16188297,0.9960412,0.91767764,0.0010066504,0.17693739,0.2069557,0.1787626,0.0042140307,0.09224345,0.03266081,0.093085594,0.9998087,0.069639385,0.81947875,0.9997696,0.13597988,6.21552e-05,0.3317246,0.5722201,0.0026017856,0.19298117,0.002836318
0.09687573,2.5135418e-05,0.00011121911,0.036009885,0.0067413202,0.9999596,0.98861676,1.0060856e-05,0.086921446,0.98477453,0.2130393,0.116268516,0.0031465027,0.0009134859,0.48033518,0.99988115,0.015997546,0.9728286,0.99995804,0.0008401529,1.0105868e-05,0.54010236,0.14811514,3.6812555e-05,0.75265175,6.3513406e-05
0.007581118,4.5616468e-07,1.8041872e-05,0.018050222,0.014031635,0.999913,0.9795232,7.3350584e-06,0.11294074,0.10983347,0.06365206,0.00018092747,0.00553841,0.00370363,0.060935725,0.9999993,0.021354184,0.8919213,0.99999905,0.020156354,2.1836135e-07,0.15894671,0.34196922,4.336384e-05,0.16091582,6.05985e-05
0.15493521,0.0001618486,0.00053864904,0.055228714,0.030470792,0.99977654,0.97648084,7.9815436e-05,0.096613735,0.98166096,0.25465417,0.21794493,0.01577779,0.003036924,0.36122268,0.99913776,0.019856798,0.96396065,0.99967,0.0033657358,8.754949e-05,0.559532,0.27057272,0.00023781207,0.6117011,0.00030224983
0.44329032,6.9414724e-05,7.5380565e-05,0.043864634,0.004630259,0.9999957,0.99432725,1.2610486e-06,0.05651459,0.99984133,0.2982181,0.8940929,0.0030486407,0.000113780006,0.9444092,0.99708635,0.009955967,0.9935855,0.99965525,5.805212e-05,1.5215979e-05,0.9260242,0.07093754,4.722185e-06,0.98072046,1.15595985e-05
0.1672712,0.00015484351,0.00046232538,0.05417307,0.025290376,0.9998318,0.9788399,5.7969748e-05,0.09462963,0.98656297,0.26249355,0.25440323,0.013477218,0.0024416754,0.43935055,0.99905056,0.019768156,0.9678527,0.99967325,0.0023788116,7.8279176e-05,0.59741896,0.24465096,0.00017539268,0.6791008,0.00023889904
0.3092277,0.00025382487,0.0003949657,0.057925105,0.01771404,0.99992704,0.98366594,2.5484456e-05,0.08477076,0.99735945,0.31515062,0.60188085,0.01120341,0.0011466187,0.77201706,0.99668556,0.019678188,0.9799596,0.9992686,0.0007274664,9.8346114e-05,0.79307127,0.16957283,7.7212644e-05,0.89007586,0.00012827468
0.015960021,4.153066e-08,6.883612e-07,0.0071461205,0.00048678712,0.99999976,0.9983693,1.7782437e-08,0.03950279,0.9903439,0.09927267,0.0053044604,0.00017897198,3.9143455e-05,0.46370423,0.99999964,0.0032860534,0.99117094,0.9999999,4.6230572e-05,1.2398428e-08,0.39680454,0.07114931,2.1251765e-07,0.7960751,4.7371734e-07
0.110601574,1.5465707e-07,6.982577e-07,0.00853335,0.0002753022,1.0,0.9989171,3.4146213e-09,0.028368192,0.999876,0.17247169,0.26378298,0.00012411407,5.909946e-06,0.92966264,0.9999912,0.00279767,0.9974765,0.9999989,3.2463545e-06,2.6739952e-08,0.8430003,0.027606357,4.1324036e-08,0.9858226,1.4007685e-07
0.11591773,6.485603e-08,2.8820892e-07,0.006671737,0.00015015506,1.0,0.99928313,8.704067e-10,0.023048094,0.9999397,0.1620387,0.28004035,7.298987e-05,2.5745703e-06,0.96199733,0.99999404,0.0022515869,0.9982468,0.9999994,1.3087467e-06,9.973749e-09,0.8819192,0.020174647,1.3326865e-08,0.9928196,4.992918e-08
0.3521639,6.62549e-05,9.450856e-05,0.041619726,0.0060432213,0.9999919,0.99231863,2.3491214e-06,0.06404367,0.99949753,0.29113293,0.7369955,0.0038883716,0.00022740063,0.9039791,0.9981001,0.012435883,0.99018925,0.99971527,0.0001254535,1.8656317e-05,0.87626004,0.09306883,9.636215e-06,0.96338487,1.9724455e-05
0.19213748,0.0026795885,0.010800659,0.123275734,0.44987112,0.9887777,0.8853339,0.008009674,0.15843047,0.8004072,0.36519444,0.15108971,0.35220048,0.045598954,0.16607422,0.98768985,0.06929556,0.88604975,0.9898449,0.13482922,0.002273415,0.5517392,0.6523384,0.016358234,0.29785487,0.012445017
0.049344454,4.2862785e-06,3.286628e-05,0.023668233,0.0048453636,0.99998474,0.99136657,2.730631e-06,0.07587796,0.9729327,0.164393,0.027019855,0.002203131,0.00062118703,0.3791346,0.99997854,0.011682219,0.9743627,0.99999154,0.00074499985,1.8792498e-06,0.4238934,0.15811193,1.5069491e-05,0.6643116,2.4180772e-05
0.2873433,0.00035689524,0.00062510325,0.061184783,0.035470862,0.99986494,0.9799422,5.6784804e-05,0.08396459,0.9968251,0.30482242,0.63910174,0.018377826,0.0017367243,0.53004456,0.9965544,0.013979017,0.9794334,0.9990439,0.0015372487,0.00015800564,0.7300352,0.23844409,0.0001594112,0.7558319,0.00022272578
0.36091426,0.0004017069,0.00055923924,0.063347265,0.025152855,0.99990606,0.9814789,3.7770777e-05,0.08120372,0.9979863,0.3243733,0.7141675,0.015524783,0.001311584,0.7543907,0.99439573,0.018110378,0.9806115,0.998741,0.00093507173,0.0001577532,0.8146331,0.18797316,0.000109970904,0.88588965,0.00016961683
0.12909462,5.6058457e-07,2.207004e-06,0.012243917,0.0005992294,0.9999999,0.99818027,1.7785963e-08,0.035972457,0.9997627,0.19191767,0.29072964,0.00028070455,1.6006212e-05,0.90210766,0.9999764,0.0040339143,0.99615884,0.99999666,9.420511e-06,1.1481602e-07,0.8214023,0.03965064,1.7143272e-07,0.97706884,4.9457924e-07
0.3224216,2.5216972e-08,4.6837872e-08,0.0051436014,2.4261411e-05,1.0,0.99984586,1.9207134e-11,0.011655373,0.9999994,0.15449554,0.9267767,1.700518e-05,1.0661486e-07,0.9973447,0.999987,0.00089182623,0.9996773,0.9999995,3.4847808e-08,1.7952618e-09,0.9850181,0.0050896164,3.1301758e-10,0.99959034,2.1313897e-09
0.55145985,0.0036051613,0.0027807055,0.10745403,0.16896415,0.999534,0.962208,0.0002658232,0.09197988,0.9987702,0.3914248,0.91849846,0.1203026,0.003605185,0.6665171,0.92428213,0.013677353,0.98272794,0.98131025,0.0039993683,0.0021296132,0.8789301,0.36106542,0.0008874049,0.8095517,0.0010825946
0.58819526,0.00792138,0.006795951,0.13464276,0.42345983,0.99857867,0.93562156,0.0009919306,0.12241231,0.99654716,0.43420526,0.8673492,0.36201122,0.009376954,0.6192123,0.8221215,0.021065235,0.97836465,0.9337599,0.01589323,0.006511838,0.8770536,0.49759182,0.004309919,0.7725072,0.0043937126
0.30249086,5.4072003e-05,9.814938e-05,0.040362816,0.006142562,0.99998975,0.99155504,2.8847587e-06,0.06554326,0.9992111,0.28034815,0.66006535,0.003494125,0.00026518982,0.8559875,0.9988709,0.01238133,0.9886425,0.9997894,0.00016884036,1.612206e-05,0.839348,0.09936156,1.1892997e-05,0.94909793,2.4350371e-05
0.39907452,0.00026032614,0.00030403532,0.058730617,0.015106296,0.9999664,0.98893553,1.284732e-05,0.07118866,0.99941313,0.3245242,0.86560816,0.008190121,0.0004938749,0.8080157,0.9951154,0.011419689,0.98890823,0.9991296,0.00029949925,7.841815e-05,0.86415726,0.13414066,3.4255227e-05,0.9240412,6.578047e-05
0.447918,0.0001094542,0.00011620255,0.049284298,0.0080572795,0.9999925,0.993565,2.4755507e-06,0.058012452,0.9998516,0.31659317,0.92813814,0.0041271383,0.00014772503,0.89205503,0.9962913,0.0073635317,0.9938008,0.9995072,7.9869045e-05,2.5831318e-05,0.9143311,0.09077889,7.5769667e-06,0.9634388,1.7927321e-05
0.06368811,1.6419146e-07,1.0792569e-06,0.008846,0.00037774144,0.9999999,0.99863726,1.04228945e-08,0.034881335,0.9995421,0.15312806,0.12082774,0.0001455812,1.3222697e-05,0.79406184,0.99999595,0.0029643883,0.99613625,0.9999993,8.596094e-06,3.415209e-08,0.71291316,0.039068267,1.052099e-07,0.95519274,3.12668e-07
0.11549253,5.7799316e-09,2.6242619e-08,0.0032199812,2.192539e-05,1.0,0.9998265,1.9848005e-11,0.012639705,0.9999951,0.13620959,0.5055117,1.00459465e-05,1.8304186e-07,0.9879325,0.9999987,0.0008296963,0.99950695,0.9999999,6.4232e-08,5.2229454e-10,0.9427136,0.006983363,4.0214562e-10,0.9983485,2.4205211e-09
0.029385086,8.987312e-08,1.0266589e-06,0.008287729,0.00051989226,0.99999976,0.99829274,1.8877456e-08,0.039164823,0.99706405,0.12318947,0.020491973,0.00019566574,2.9448887e-05,0.5824767,0.9999988,0.003377129,0.9931846,0.99999964,2.7803255e-05,2.4964244e-08,0.51866394,0.0607819,2.1018901e-07,0.87438387,5.0785144e-07
0.2672519,9.1855305e-05,0.00017629843,0.0460388,0.009492907,0.999974,0.9893198,8.163481e-06,0.07488601,0.99841654,0.28363383,0.59532356,0.0052127745,0.00051991356,0.7626683,0.9987092,0.013825818,0.98563355,0.9997253,0.00034117745,3.0660005e-05,0.78702277,0.12889522,2.7420705e-05,0.90773374,5.0508992e-05
0.027896699,2.7898071e-11,3.5343858e-10,0.00069992396,2.337318e-06,1.0,0.9999659,8.9310144e-14,0.005250489,0.9999976,0.07784359,0.099251226,6.937177e-07,1.1201773e-08,0.98394495,1.0,0.00017182251,0.99984896,1.0,4.2977804e-09,1.8348834e-12,0.9100114,0.00336548,4.4308095e-12,0.9987563,3.8267955e-11
0.35910806,8.2468374e-05,0.00010826181,0.043582976,0.0059939343,0.9999895,0.9913902,3.0741792e-06,0.068554275,0.99926084,0.29799953,0.68164665,0.0045726486,0.0003006083,0.92860126,0.9976603,0.016920393,0.98829263,0.9996617,0.0001500437,2.4268558e-05,0.8814226,0.09334203,1.2263181e-05,0.9691657,2.4514145e-05
0.051508695,2.916543e-05,0.00021772037,0.04006732,0.019939758,0.9997762,0.9761955,5.317072e-05,0.10907289,0.82374,0.17074102,0.016648022,0.010193147,0.0044166357,0.23803367,0.9999292,0.024946876,0.93561417,0.9999585,0.007419381,1.6284477e-05,0.34635022,0.2816296,0.00020034042,0.43007538,0.00024426306
0.026959939,2.609386e-07,3.0958004e-06,0.0114741875,0.00106099,0.9999989,0.9969785,1.1342763e-07,0.05126073,0.98901504,0.12355728,0.013161417,0.00041256365,9.812879e-05,0.44298506,0.9999981,0.0052653155,0.9872498,0.9999994,0.00011277016,8.760571e-08,0.4252214,0.088595025,1.0069253e-06,0.77301747,2.0612213e-06
0.25504518,0.00023900524,0.0004601723,0.057944994,0.018488811,0.9998939,0.98242366,3.9120245e-05,0.08980169,0.99532473,0.29323092,0.50852555,0.010831218,0.0015070883,0.6623307,0.99787104,0.020143833,0.9762546,0.99944574,0.001104765,9.7327335e-05,0.7307885,0.18483518,0.00010938919,0.836018,0.00017052641
0.24081972,0.00081958604,0.001806705,0.07570833,0.08442728,0.9993112,0.9620107,0.00034281332,0.10333583,0.9851436,0.30457088,0.4404571,0.04858183,0.006337528,0.34911528,0.9952194,0.022275014,0.9594404,0.9981591,0.007675929,0.0004868551,0.6312539,0.36924103,0.0008932715,0.5587205,0.00095549785
0.041059524,5.26388e-07,4.796242e-06,0.013521637,0.0011652779,0.9999988,0.99684614,1.5017592e-07,0.052339986,0.9948442,0.14233649,0.036414053,0.00044052646,8.999494e-05,0.49073568,0.99999547,0.005268026,0.9889065,0.9999987,8.7906454e-05,1.6889307e-07,0.49833128,0.08132321,1.1442463e-06,0.81834835,2.493737e-06
0.058994208,8.479162e-11,6.686508e-10,0.0009253651,1.9077697e-06,1.0,0.9999715,1.1484875e-13,0.005373312,0.9999995,0.09282182,0.45319173,6.2878235e-07,7.1297386e-09,0.9920427,1.0,0.00016408139,0.9998952,1.0,1.950114e-09,4.3857006e-12,0.95537084,0.0022288677,4.0097647e-12,0.99938536,3.8940642e-11
0.35252473,3.5678495e-05,5.580797e-05,0.03649883,0.0037722278,0.9999962,0.9937418,1.0271955e-06,0.05866581,0.9996345,0.2726852,0.7302553,0.0024911526,0.00013723981,0.9309688,0.99876785,0.011636898,0.99140936,0.9998241,7.69368e-05,9.2984255e-06,0.8901722,0.074232444,5.057513e-06,0.9761704,1.11241225e-05
0.10008629,1.3400963e-08,6.856436e-08,0.0041824225,5.9678932e-05,1.0,0.9996494,1.0423441e-10,0.01652979,0.99998033,0.14053011,0.309077,2.5896803e-05,6.6762357e-07,0.9726051,0.9999982,0.0011846607,0.9990885,0.9999999,3.119814e-07,1.6377002e-09,0.9042266,0.012919549,2.0841417e-09,0.99580514,9.5785335e-09
0.11271935,3.2523452e-08,1.4954638e-07,0.0054876218,9.486613e-05,1.0,0.9994733,3.2966413e-10,0.01987506,0.9999614,0.15340939,0.2795265,4.679357e-05,1.418446e-06,0.97257465,0.9999962,0.0018716404,0.99863917,0.99999964,6.8117515e-07,4.566489e-09,0.8981797,0.016044889,5.7624736e-09,0.9951391,2.3785272e-08
0.145564,2.6944338e-06,9.250038e-06,0.018752461,0.0011598946,0.99999917,0.99717486,1.3643272e-07,0.04753186,0.99958843,0.21037531,0.4316268,0.00047626067,4.3378648e-05,0.81450397,0.9999466,0.005203959,0.99436706,0.99999046,2.5417805e-05,5.917814e-07,0.78484577,0.051751994,7.8060765e-07,0.95471203,2.1616477e-06
0.14480075,6.588766e-08,2.504669e-07,0.0064800126,0.000119977005,1.0,0.9993893,5.5253546e-10,0.021321405,0.9999702,0.16315776,0.43277976,5.852604e-05,1.7190913e-06,0.9742966,0.9999925,0.0019713794,0.99858105,0.9999994,8.308479e-07,9.338925e-09,0.91242784,0.016826564,8.732957e-09,0.99537057,3.6762913e-08
0.18693674,1.9099569e-05,5.293203e-05,0.031631704,0.0043236185,0.99999297,0.99334043,1.6864891e-06,0.0652131,0.99876416,0.24548812,0.4390364,0.0020636537,0.00021416528,0.7398533,0.99971825,0.009670599,0.98912734,0.99993956,0.00014646229,5.728707e-06,0.75435024,0.09766929,7.378276e-06,0.91361713,1.5365973e-05
0.12961051,5.0157487e-06,1.8897734e-05,0.022677302,0.0021162282,0.9999976,0.9957638,4.7495368e-07,0.05673997,0.9989379,0.21149954,0.3242328,0.00085833896,0.00010355092,0.6986436,0.99993277,0.0066374047,0.99145144,0.9999851,7.055841e-05,1.3533618e-06,0.71388626,0.074872695,2.3647297e-06,0.9126231,5.6246595e-06
0.22771744,4.929076e-06,1.2302067e-05,0.021865608,0.0014695283,0.99999917,0.99628437,1.5139435e-07,0.04769094,0.99966276,0.2321318,0.50405115,0.00083839503,5.06608e-05,0.925212,0.9998198,0.00787709,0.9936226,0.99997354,3.0199131e-05,1.1694636e-06,0.8599766,0.053817015,1.0677874e-06,0.9785881,2.759967e-06
0.3643307,7.4596624e-05,0.00011303048,0.044029064,0.006100273,0.9999901,0.9914199,2.9317246e-06,0.06557559,0.9994454,0.28939438,0.75251895,0.003832928,0.00024651823,0.90145284,0.99809223,0.013543413,0.98916596,0.9996871,0.00014813535,2.1246537e-05,0.87541234,0.0932411,1.1953842e-05,0.9643109,2.4899726e-05
0.027157228,1.4064967e-06,1.5085625e-05,0.018164817,0.002746987,0.99998975,0.9930368,1.3876985e-06,0.07408759,0.9311673,0.12784924,0.007836031,0.0011846517,0.00052551896,0.35335946,0.9999956,0.011101662,0.97045624,0.999998,0.0007499255,5.3038343e-07,0.34660152,0.13607405,8.86376e-06,0.6287491,1.5127749e-05
0.33533597,7.5728574e-05,0.00011202827,0.044274602,0.0057827705,0.9999895,0.9920833,3.0903107e-06,0.06754108,0.9993624,0.28981936,0.71957046,0.003789819,0.0002632466,0.9010218,0.99815696,0.014007388,0.9892218,0.99971396,0.00014420871,2.1275264e-05,0.8687919,0.09244414,1.1621055e-05,0.96303004,2.40075e-05
0.10295581,2.4511893e-09,1.2854242e-08,0.0025610707,1.7243803e-05,1.0,0.9998404,8.168771e-12,0.011090628,0.9999945,0.12208664,0.34968898,8.258479e-06,1.3803304e-07,0.9906324,0.9999993,0.0007782736,0.99952173,1.0,5.657652e-08,2.4148386e-10,0.9432148,0.006893035,2.3562102e-10,0.9987531,1.4388403e-09
0.24779096,0.0003659598,0.000761056,0.06660721,0.02807821,0.9997665,0.9765637,8.4371975e-05,0.09550889,0.99159604,0.30398518,0.4417766,0.017177813,0.0026132578,0.6120679,0.99706525,0.02509541,0.96866524,0.9991153,0.0021189759,0.00017351766,0.705169,0.22681232,0.00023226633,0.80003303,0.0003322325
0.32142055,0.003762319,0.008051408,0.115171164,0.49129012,0.99635977,0.91271687,0.002717561,0.12685776,0.9725953,0.39639726,0.502959,0.38000777,0.019588716,0.23154123,0.9675509,0.029891305,0.9491771,0.9778374,0.05712387,0.0030522647,0.6876821,0.6287681,0.009379059,0.39132556,0.0068353433
0.41708338,7.304051e-06,8.854906e-06,0.024428278,0.0009908336,0.99999976,0.9980724,4.879192e-08,0.03736552,0.9999722,0.25338778,0.9159928,0.00063124346,1.3767543e-05,0.9775264,0.9993642,0.004930126,0.9973573,0.9999486,6.1933615e-06,1.0948045e-06,0.95406926,0.031231169,2.661702e-07,0.993911,8.9366443e-07
0.05305275,4.8455595e-10,3.8715986e-09,0.0015964137,9.199058e-06,1.0,0.99989367,2.3072696e-12,0.00893923,0.99999213,0.10436094,0.14744231,3.7272825e-06,7.8767464e-08,0.98590106,0.9999999,0.0005319605,0.9996158,1.0,3.287891e-08,4.3518134e-11,0.9151454,0.0059580714,7.9165424e-11,0.9984092,5.232548e-10
0.096956104,3.8120564e-08,1.9196916e-07,0.0056031724,0.00011243183,1.0,0.99937326,5.365039e-10,0.021244952,0.9999378,0.15348952,0.23704398,5.1177893e-05,2.024869e-06,0.9597147,0.9999968,0.001977234,0.99837494,0.99999964,1.0623766e-06,5.660499e-09,0.87269384,0.018471677,8.7656975e-09,0.9929382,3.5893358e-08
0.4239677,5.8742985e-06,7.4832533e-06,0.023249852,0.00081736094,0.99999976,0.9978865,3.7372125e-08,0.037274115,0.999961,0.23533003,0.8635836,0.0007295165,1.5420714e-05,0.9862693,0.9993548,0.0068286974,0.996917,0.9999498,6.957219e-06,9.618279e-07,0.959427,0.030566234,2.7053508e-07,0.9959473,8.166823e-07
0.2988239,0.0053224545,0.013168089,0.13328864,0.5374575,0.9916372,0.8902145,0.00663976,0.14780033,0.9329681,0.41994676,0.37947235,0.43761048,0.03371139,0.23674646,0.9625787,0.051229786,0.9254772,0.97189325,0.096385606,0.0045190053,0.6557682,0.6493704,0.016819276,0.38776988,0.012691948
0.31214255,3.6281602e-07,6.9119767e-07,0.010803008,0.0001713492,1.0,0.99932075,1.2299967e-09,0.02331318,0.99999106,0.19413666,0.8435199,0.000106168154,1.7543015e-06,0.989319,0.99993825,0.002469634,0.99875474,0.9999962,7.0243544e-07,4.3448118e-08,0.96108276,0.014964662,1.3548667e-08,0.9977307,5.9421435e-08
0.5539523,0.00045733273,0.0003204064,0.074059255,0.020032452,0.9999732,0.9895253,1.08729655e-05,0.06350398,0.99984217,0.35133478,0.96033114,0.013830485,0.00033156964,0.9061098,0.97905,0.009720343,0.9925011,0.997661,0.00020598834,0.00013565188,0.94169754,0.12570465,2.701324e-05,0.96314645,5.9396014e-05
0.53036064,8.2568156e-05,6.720533e-05,0.048744176,0.0052716434,0.9999968,0.9949473,9.723856e-07,0.051809005,0.9999348,0.301298,0.94702786,0.004176211,8.241326e-05,0.96275204,0.9937884,0.008478365,0.99536633,0.9994578,4.3633474e-05,1.783675e-05,0.9572578,0.06700352,3.5150122e-06,0.9875145,8.969816e-06
0.0878011,6.7098784e-09,3.7999552e-08,0.003408667,3.9041683e-05,1.0,0.9997234,4.6916044e-11,0.014638287,0.99998355,0.13178869,0.27113625,1.6555892e-05,4.290391e-07,0.9762897,0.99999905,0.0010146433,0.9992213,0.9999999,1.9744526e-07,7.716526e-10,0.9063395,0.010852818,1.0557545e-09,0.996624,5.3789972e-09
0.25703862,0.00018445696,0.00037261035,0.05470501,0.018921321,0.99992657,0.98508596,2.7669887e-05,0.0823572,0.9972485,0.2881397,0.6076271,0.00911312,0.0010542495,0.5668869,0.9983115,0.013384377,0.98155266,0.99954563,0.0008468997,7.1934104e-05,0.72722965,0.18214037,7.5546806e-05,0.8027377,0.00012281
0.22303793,2.9314476e-06,7.1201316e-06,0.018702716,0.00095081195,0.99999964,0.99773836,6.1078794e-08,0.041697673,0.9998758,0.22776546,0.6627556,0.0004436822,2.2324455e-05,0.91988075,0.99988604,0.0047233584,0.99618644,0.99998534,1.1439841e-05,5.444472e-07,0.8764036,0.04043739,3.8470517e-07,0.98068124,1.1747239e-06
0.32320163,6.519271e-05,0.00010642734,0.04208002,0.006685507,0.9999895,0.9915344,3.0118567e-06,0.06525265,0.99933463,0.2881555,0.70373565,0.003942698,0.00026530388,0.86938787,0.998464,0.012296788,0.9891775,0.99973935,0.00016094679,1.9173956e-05,0.85258055,0.10094471,1.2060976e-05,0.9519543,2.4512228e-05
0.7415626,0.004024299,0.0017650342,0.12947196,0.38687786,0.9997867,0.9623178,0.00010758722,0.102818556,0.9996991,0.41704124,0.96190125,0.3809784,0.0022113917,0.82591116,0.6570859,0.0082753375,0.9941385,0.91277105,0.0037018852,0.0035418991,0.9615264,0.37908986,0.0009706204,0.9251055,0.0012930606
0.08501508,2.3488647e-10,1.473397e-09,0.0012817786,4.2028137e-06,1.0,0.9999478,3.2659755e-13,0.006469206,0.99999905,0.09953133,0.4110469,1.7451257e-06,1.7351034e-08,0.99481356,0.9999999,0.00029399697,0.9998242,1.0,6.011599e-09,1.6389735e-11,0.9617705,0.0033737638,1.3568999e-11,0.99948335,1.1203171e-10
0.30140826,1.8796795e-08,3.847462e-08,0.004728818,2.1994563e-05,1.0,0.9998636,1.4166777e-11,0.01130308,0.9999995,0.15413702,0.9344121,1.2186491e-05,8.069323e-08,0.99643,0.99999154,0.0006721888,0.9997217,0.99999976,2.6227854e-08,1.2616653e-09,0.9829245,0.004916691,2.2854209e-10,0.99948335,1.6712309e-09
0.46278575,6.9643747e-06,7.155256e-06,0.024813853,0.0008467827,0.9999999,0.9983541,3.3261333e-08,0.03464036,0.9999838,0.24843787,0.94148135,0.00065377133,9.8794435e-06,0.9854602,0.9991725,0.004851168,0.99788624,0.9999443,4.476884e-06,9.24309e-07,0.9685213,0.026934724,1.80643e-07,0.9961474,6.323701e-07
0.43555236,2.1379645e-05,2.5093459e-05,0.032543153,0.0020804864,0.99999905,0.99657875,2.3008327e-07,0.046657007,0.9999312,0.27031186,0.896896,0.0014072532,3.977267e-05,0.9676638,0.9986237,0.0074507804,0.99571794,0.99986696,1.9341593e-05,3.9799643e-06,0.942512,0.047254886,1.1298816e-06,0.9900007,3.1423845e-06
0.5580849,0.0015522462,0.0010720622,0.095076,0.056082316,0.9998722,0.980398,6.4684486e-05,0.07569137,0.99962354,0.3796197,0.9600154,0.034016334,0.0010490488,0.791335,0.95871407,0.0102478815,0.9883535,0.99360055,0.0007963625,0.00062535773,0.9125084,0.20825136,0.00014761338,0.9030905,0.00026067634
0.1489731,9.827505e-07,3.527632e-06,0.014044216,0.0007793126,0.99999976,0.9979698,2.9800148e-08,0.038629804,0.9997979,0.20115697,0.39551935,0.00035182512,1.9267016e-05,0.8867815,0.99996173,0.004080513,0.99610955,0.9999945,1.1562796e-05,2.03667e-07,0.82922834,0.043615762,2.5282088e-07,0.97348887,7.228176e-07
0.14068201,6.1642227e-06,2.2410013e-05,0.02376061,0.0025975434,0.99999714,0.9951722,5.699248e-07,0.057769366,0.9988821,0.21935178,0.3202247,0.0011404532,0.000121608195,0.71669674,0.9999043,0.0073560593,0.99093175,0.99997926,8.627212e-05,1.7803225e-06,0.7245017,0.08264984,3.0133594e-06,0.91366434,6.774514e-06
0.14586732,1.6583122e-07,6.3050635e-07,0.008480775,0.00022808113,1.0,0.9991788,2.0406055e-09,0.025771858,0.99996126,0.17763202,0.51909435,9.1972055e-05,3.1780253e-06,0.9400655,0.9999883,0.0019842812,0.99831414,0.9999988,1.602247e-06,2.4258142e-08,0.8847402,0.022278098,2.2855886e-08,0.98926896,8.76612e-08
0.13791966,1.043999e-07,4.1276382e-07,0.0074797706,0.00017901583,1.0,0.99921477,1.2224025e-09,0.024175338,0.99995303,0.16780232,0.39792356,8.306529e-05,2.8262257e-06,0.9607064,0.9999908,0.0022090455,0.99824905,0.99999905,1.4580629e-06,1.5832022e-08,0.8922036,0.020974746,1.7314735e-08,0.99262214,6.657424e-08
0.45041808,7.8275315e-07,9.376819e-07,0.01396446,0.00024092295,1.0,0.99939525,1.3956416e-09,0.02196683,0.9999976,0.2065974,0.9611423,0.00016330439,1.2564761e-06,0.9921531,0.9997979,0.001916409,0.99915934,0.99999034,5.556727e-07,7.770886e-08,0.97965324,0.014252694,1.1799136e-08,0.9983052,5.4499264e-08
0.39641902,0.0011805778,0.0014315794,0.07734058,0.09121692,0.9997414,0.9725997,0.00013856054,0.08293982,0.9982541,0.3436095,0.8476373,0.047865868,0.0024856557,0.47139734,0.9864095,0.010547697,0.9819967,0.9960865,0.0027217695,0.00057532004,0.78609496,0.32169256,0.00039679758,0.69309306,0.00048082543
0.25331524,5.2753626e-07,1.1737475e-06,0.011623288,0.00025166597,1.0,0.9991128,3.2903549e-09,0.026922096,0.99998033,0.20358762,0.782587,0.00012934794,3.311358e-06,0.9772016,0.999948,0.0026739393,0.99836975,0.99999595,1.3801215e-06,6.9238666e-08,0.9378715,0.01906361,3.0158898e-08,0.995259,1.2334489e-07
0.71741176,0.0056296783,0.0025879312,0.12759396,0.47901422,0.99967396,0.9541542,0.00018839519,0.10158553,0.9995751,0.42525154,0.96033984,0.41086158,0.0030581383,0.70701355,0.6900018,0.006889315,0.9925525,0.9067662,0.005948663,0.0050677606,0.9406795,0.45353898,0.0016687583,0.85015494,0.0018782092
0.44001204,0.0031601859,0.0043372517,0.10352787,0.51794314,0.999017,0.93521166,0.0007067894,0.102582045,0.99580824,0.40180475,0.79050434,0.3819568,0.0074641434,0.26851955,0.9486729,0.011360097,0.9781569,0.97096235,0.024269108,0.0025088405,0.78942037,0.60317135,0.0040664957,0.4557941,0.003065666
0.17813876,0.0007909114,0.0023725766,0.08136619,0.082200654,0.99847144,0.9515648,0.000703262,0.12132536,0.94284064,0.28647286,0.21039324,0.050278332,0.0120170275,0.31101188,0.99706215,0.036255527,0.93231845,0.9986267,0.015133023,0.0005237792,0.54665196,0.39025915,0.0016218934,0.49366748,0.0016965386
0.28688765,0.0010623721,0.001970962,0.0794951,0.08342447,0.9993498,0.963871,0.00032863376,0.09888032,0.9906695,0.32343003,0.5716996,0.04824981,0.005483715,0.40927187,0.9928461,0.020785283,0.96549505,0.9974241,0.0060648536,0.0006021653,0.68231875,0.3465872,0.00080825423,0.6264296,0.00090579037
0.10905415,7.6332944e-05,0.00033037816,0.04758206,0.019392362,0.999833,0.97920185,5.0221155e-05,0.10031686,0.9672627,0.22572647,0.10208911,0.010021254,0.0027537711,0.36270332,0.99967563,0.021541081,0.95972097,0.9998659,0.0030705126,4.0330953e-05,0.49599823,0.24302526,0.00016658366,0.611271,0.00022124016
0.037813574,1.6329374e-06,1.492111e-05,0.01859008,0.0027568487,0.99999344,0.99389404,1.0001371e-06,0.068244256,0.97631186,0.14569649,0.018674953,0.0011745907,0.0003519855,0.38773227,0.9999919,0.009170078,0.97857386,0.9999969,0.00042186552,6.476701e-07,0.40749556,0.12824164,6.3958055e-06,0.6936306,1.1109895e-05
0.12704505,0.0002678863,0.0010520437,0.06455526,0.04914371,0.99928135,0.9635508,0.00027121173,0.11499337,0.93306696,0.24937156,0.11346812,0.027897026,0.0077408655,0.28968602,0.9990633,0.030882675,0.937682,0.9995573,0.010155714,0.00016991467,0.4845588,0.34368998,0.0007267936,0.48824343,0.0008094037
0.044960923,5.5535302e-11,5.274422e-10,0.00085239933,2.7530818e-06,1.0,0.99996114,1.1987339e-13,0.005523002,0.99999845,0.08563176,0.17197683,9.981494e-07,1.1981312e-08,0.991625,1.0,0.00021778599,0.9998492,1.0,4.3919433e-09,3.7287035e-12,0.94024676,0.0032870045,6.050079e-12,0.9992636,5.028175e-11
0.083573595,2.271425e-05,0.00011634214,0.035560243,0.009248724,0.9999466,0.98619324,1.2543614e-05,0.089675225,0.97334427,0.20275737,0.06475413,0.0046148347,0.0013029476,0.4271988,0.99989176,0.017611325,0.96758413,0.9999585,0.0013829791,1.0531591e-05,0.48650503,0.18584654,5.2300624e-05,0.68353224,7.904151e-05
0.64341086,0.0060273996,0.0035018376,0.12512147,0.3172953,0.9994338,0.95358455,0.00034161078,0.100699045,0.9990841,0.41659808,0.9422414,0.2583183,0.004264845,0.6872293,0.8116135,0.01156863,0.9867764,0.94953984,0.0060511865,0.0045580515,0.91314554,0.41495338,0.0016161937,0.8245776,0.0019178434
0.082504205,5.7989044e-05,0.00030688784,0.04567189,0.020296585,0.9997856,0.97696483,5.8741647e-05,0.10520022,0.92875284,0.2081359,0.049564015,0.010771928,0.0036638286,0.31876546,0.99980265,0.024693292,0.9487781,0.9999064,0.0047216197,3.2661625e-05,0.4309635,0.261557,0.00020281228,0.54370445,0.00025947051
0.24098921,3.8379483e-08,1.0489271e-07,0.0059057004,5.189874e-05,1.0,0.9996648,9.26131e-11,0.015950423,0.999995,0.15541701,0.71330696,3.38599e-05,4.5344348e-07,0.9941499,0.9999883,0.0015760388,0.99923337,0.9999994,1.6978322e-07,4.266295e-09,0.96643096,0.00936154,1.755907e-09,0.9989717,8.936421e-09
0.08099002,0.00027430136,0.001741986,0.072002746,0.08760095,0.99730396,0.9405693,0.0010145627,0.14279716,0.6394728,0.21025656,0.030282399,0.05110346,0.022037808,0.15360636,0.9994648,0.047332663,0.880218,0.9995952,0.047515523,0.00020150271,0.37529597,0.44398996,0.0023995806,0.28692755,0.0022155799
0.06138898,6.5559536e-05,0.00045700264,0.048707694,0.032058924,0.99950147,0.96879095,0.00014165347,0.11959023,0.80733687,0.18408893,0.024194373,0.016416071,0.0070623476,0.18971553,0.9998559,0.028445197,0.9255333,0.9999081,0.012848014,4.0193423e-05,0.35350904,0.32439435,0.0004564027,0.37330273,0.0005031471
0.020487621,1.7278897e-07,2.443098e-06,0.010705588,0.0007701185,0.99999905,0.99742365,9.391248e-08,0.05107733,0.9857897,0.10880323,0.01045187,0.0002585595,8.500496e-05,0.35593888,0.99999917,0.0045281565,0.9863274,0.99999964,0.0001042525,5.4735736e-08,0.37340337,0.07675179,7.8499585e-07,0.73221946,1.7477755e-06
0.22505632,4.549285e-09,1.2175539e-08,0.0030756153,9.272197e-06,1.0,0.99991584,3.2577836e-12,0.008900755,0.9999995,0.13756002,0.8797339,5.1954667e-06,3.8312855e-08,0.99735105,0.9999976,0.0005402443,0.99978346,0.9999999,1.0658758e-08,2.814055e-10,0.9821878,0.0034651668,6.5598034e-11,0.99966097,5.4098614e-10
0.14360212,9.3190884e-08,3.4050046e-07,0.007024609,0.000119570184,1.0,0.99945134,8.055536e-10,0.022138951,0.9999789,0.17157064,0.5876143,4.8058442e-05,1.6065159e-06,0.9596652,0.9999927,0.0015987296,0.9987889,0.9999994,6.7072006e-07,1.1211263e-08,0.90515304,0.015332558,8.957461e-09,0.99345475,4.039287e-08
0.47179937,0.0008405681,0.0007611448,0.07553255,0.041640814,0.9999043,0.9822182,4.446862e-05,0.07559705,0.9993748,0.35468823,0.91399276,0.023464892,0.0010447054,0.742427,0.98399353,0.010819617,0.9874796,0.99697757,0.0007609288,0.00031367326,0.87182903,0.20700876,0.00011709976,0.8798342,0.00018939372
0.387714,0.0014295949,0.0017935162,0.08086216,0.100073256,0.99961096,0.9674961,0.00020739014,0.08847599,0.99705255,0.35195854,0.7891661,0.058630835,0.0035863246,0.510865,0.98409086,0.014652725,0.9774049,0.99530655,0.0038177625,0.00074682035,0.7781331,0.33775383,0.0005793532,0.70997036,0.0006867298
0.7531652,0.0077676293,0.0032936977,0.14082126,0.5828573,0.9995448,0.9455931,0.00027250356,0.114272065,0.9994785,0.44358328,0.9587521,0.54034483,0.0039595203,0.72553337,0.57230324,0.007838311,0.9928583,0.8448684,0.008793702,0.008031851,0.948435,0.4764853,0.0028070775,0.86349064,0.0031182338
0.38308558,2.1768612e-05,3.0320592e-05,0.032008577,0.002601095,0.99999857,0.99616265,3.4521634e-07,0.049215186,0.99989533,0.27240464,0.86821765,0.0014413807,5.2401618e-05,0.94095665,0.9990068,0.006795887,0.9951656,0.99988365,2.7123437e-05,4.3889286e-06,0.91825634,0.056049664,1.6017444e-06,0.98212266,4.3027017e-06
0.04809961,7.400259e-10,6.060668e-09,0.0017889668,1.2884485e-05,1.0,0.99986935,4.832209e-12,0.010024576,0.99998724,0.10788428,0.12915407,4.8912075e-06,1.2815568e-07,0.9786082,0.9999999,0.0005857808,0.99952316,1.0,5.574126e-08,7.155999e-11,0.894213,0.007188368,1.4526132e-10,0.99752086,9.02735e-10
0.20263293,3.0449039e-09,1.0313831e-08,0.0028851891,1.0384435e-05,1.0,0.99989617,2.965742e-12,0.009269332,0.99999917,0.12397718,0.74776006,6.33411e-06,5.096466e-08,0.9973047,0.9999981,0.00064225966,0.99972063,0.9999999,1.6173313e-08,2.36726e-10,0.9785736,0.0043317834,8.553427e-11,0.99964213,6.123153e-10
0.21770972,3.1854624e-06,7.549147e-06,0.01895589,0.0010091153,0.9999995,0.997414,7.376099e-08,0.04364882,0.99980694,0.22857088,0.5622452,0.00054822,2.9546045e-05,0.93464804,0.99986815,0.0060738046,0.99539477,0.99998367,1.4954204e-05,6.461099e-07,0.87242043,0.043326885,5.0731126e-07,0.98217577,1.4304303e-06
0.03726064,1.2385086e-10,1.2554265e-09,0.0010743876,5.0471153e-06,1.0,0.9999373,5.3058957e-13,0.0069993464,0.999995,0.09091021,0.110704936,1.7557811e-06,3.3485716e-08,0.9837826,1.0,0.00031149216,0.99974877,1.0,1.3530254e-08,9.773439e-12,0.90793,0.004719406,2.1573137e-11,0.9984586,1.5779189e-10
0.039211918,1.04221486e-10,1.0428438e-09,0.0010256018,4.4825615e-06,1.0,0.999944,3.800301e-13,0.0066385744,0.9999963,0.089673534,0.1262474,1.5534888e-06,2.6222056e-08,0.9855677,1.0,0.00027975556,0.9997801,1.0,1.0321801e-08,7.874088e-12,0.91604793,0.0043602698,1.6176529e-11,0.99865913,1.207953e-10
0.021044541,2.1816777e-07,2.9064227e-06,0.011127422,0.0009441633,0.9999988,0.9970342,1.2544164e-07,0.053127747,0.98169875,0.11291616,0.008514043,0.00034465204,0.00011077542,0.38941708,0.9999989,0.0053412695,0.98527503,0.99999964,0.00013558334,7.0125004e-08,0.37457,0.086577974,1.0786291e-06,0.73370755,2.2130023e-06
0.044962905,3.7207823e-08,3.1314872e-07,0.005906739,0.00015515197,1.0,0.99924445,1.9353443e-09,0.027348042,0.99972075,0.13044494,0.09332557,5.2218795e-05,4.77635e-06,0.8034987,0.99999905,0.0018505835,0.9974062,0.9999999,2.9253372e-06,6.41355e-09,0.70868516,0.026369903,2.3743889e-08,0.96552646,8.448066e-08
0.14549127,1.3539578e-07,5.126935e-07,0.008078699,0.0002029262,1.0,0.99915063,1.6093912e-09,0.025192937,0.9999515,0.17182837,0.42426437,9.473108e-05,3.2523938e-06,0.9593162,0.9999887,0.0023300194,0.99816006,0.9999989,1.6699371e-06,2.0760687e-08,0.89252293,0.021973725,2.1729644e-08,0.9922391,8.156597e-08
0.120500825,1.084455e-05,4.1480478e-05,0.027820025,0.0034849904,0.99999166,0.99310315,1.7779286e-06,0.06983477,0.99644226,0.21857037,0.19692968,0.0016817725,0.0002803002,0.6750255,0.99989367,0.011467196,0.98526394,0.99997294,0.00020790492,3.5208427e-06,0.66216505,0.101215914,8.3341e-06,0.8814878,1.670303e-05
0.17642975,8.8585715e-05,0.00025577587,0.04710695,0.01503914,0.99993145,0.98489225,2.1168307e-05,0.08573623,0.99365956,0.25962466,0.31166568,0.007756751,0.0011976594,0.5327406,0.9992975,0.016149675,0.9769602,0.999788,0.0010442075,3.849823e-05,0.6503848,0.1882734,7.1169365e-05,0.7784014,0.000109008906
0.6037159,0.00018356564,0.00011834816,0.06602422,0.011349359,0.9999927,0.9925257,2.3881157e-06,0.05597423,0.999938,0.30712974,0.95983255,0.012899631,0.00015025461,0.96322876,0.97824734,0.009594489,0.9954856,0.9983676,9.566463e-05,5.5606364e-05,0.97166574,0.09215909,8.792903e-06,0.98751336,2.1298185e-05
0.58467287,7.629008e-05,5.639942e-05,0.052389,0.0056230673,0.9999975,0.9949132,7.4767723e-07,0.0490085,0.9999604,0.28426772,0.95843005,0.006208181,7.0445865e-05,0.9738193,0.9897376,0.008290505,0.99635005,0.99929523,4.335706e-05,1.839843e-05,0.9736211,0.066633426,3.0525168e-06,0.99172616,8.067035e-06
0.2682977,1.4537599e-05,2.9386463e-05,0.028779227,0.0028750354,0.99999785,0.99502206,4.8955013e-07,0.054430895,0.99961674,0.25669315,0.61049783,0.0016273151,9.517864e-05,0.9014805,0.99953365,0.008730507,0.99261075,0.9999304,5.517329e-05,3.7141785e-06,0.8577921,0.07079898,2.7064036e-06,0.9682226,6.196008e-06
0.40328124,0.003123938,0.004224635,0.09818352,0.32722744,0.9989318,0.9436015,0.0007334921,0.09951578,0.9950051,0.37323543,0.78643245,0.21587662,0.007804445,0.29697222,0.9663045,0.013364451,0.97345257,0.9845708,0.016272673,0.0022006042,0.7556728,0.5262976,0.0028439818,0.48657605,0.0023900182
0.47273955,0.0024802536,0.002480005,0.09068165,0.28880885,0.9995943,0.95777905,0.00025969004,0.0846072,0.9986828,0.36949795,0.90340453,0.16834567,0.003636754,0.328537,0.96202976,0.006746874,0.98476404,0.985761,0.0072499793,0.0016131549,0.8115514,0.47919756,0.0012311665,0.53774196,0.0011417934
0.037616547,1.6101465e-06,1.4468719e-05,0.018425956,0.002935175,0.9999933,0.9937676,9.771843e-07,0.0677481,0.9740336,0.14748973,0.01641165,0.0013138572,0.00037206334,0.41639242,0.9999914,0.009628085,0.97841084,0.9999968,0.00044331647,6.4240817e-07,0.41308114,0.13458066,6.415243e-06,0.69903606,1.0990153e-05
0.19480294,1.2212611e-06,3.4504071e-06,0.015023149,0.00063632854,0.99999976,0.99780136,2.6267607e-08,0.037952047,0.99979395,0.20980474,0.39720398,0.00038840921,1.9363499e-05,0.9556366,0.9999318,0.0062083406,0.9955369,0.9999919,1.047249e-05,2.5576253e-07,0.8792364,0.036952432,2.501208e-07,0.98836666,7.174882e-07
0.18243015,3.3698635e-07,1.0519631e-06,0.01042293,0.00030495587,1.0,0.9988368,4.1963086e-09,0.028771859,0.99993587,0.18674543,0.4813753,0.00016174957,5.6838176e-06,0.9648243,0.99997234,0.0032738477,0.9976041,0.99999726,2.9139298e-06,5.701352e-08,0.90136087,0.025285672,4.97001e-08,0.9924251,1.710796e-07
0.43714547,0.000851949,0.0008816675,0.0729683,0.055579077,0.9998728,0.97883683,6.010133e-05,0.07776724,0.99899656,0.34764618,0.8679283,0.03176654,0.0014945939,0.67481065,0.98536956,0.011409021,0.9851446,0.99678886,0.0012479471,0.0003638751,0.84248525,0.24919572,0.00017863458,0.8369986,0.00025422158
0.049585246,5.1536064e-10,4.228495e-09,0.0016019654,1.03583925e-05,1.0,0.9998927,2.6610565e-12,0.009102267,0.9999919,0.1045527,0.15032507,3.856547e-06,8.567595e-08,0.9814053,0.9999999,0.0004815678,0.99961555,1.0,3.6177145e-08,4.673563e-11,0.9056562,0.0063605867,8.720996e-11,0.99795204,5.663153e-10
0.5718666,0.0006630306,0.00043404402,0.081610344,0.026391214,0.99996006,0.9871579,1.6795979e-05,0.06771495,0.9998067,0.35409054,0.9576511,0.020447131,0.00047166107,0.90565413,0.9688996,0.011143694,0.9917082,0.99647313,0.00030596263,0.00022175252,0.94345355,0.14476436,4.4269374e-05,0.96127415,9.140217e-05
0.25658,8.816639e-09,2.4350902e-08,0.0039182873,1.6791173e-05,1.0,0.99985325,8.83553e-12,0.010866147,0.99999905,0.13590135,0.82774484,1.1108347e-05,8.8982915e-08,0.99725693,0.9999951,0.0008657339,0.9996444,0.9999999,2.9866666e-08,7.230791e-10,0.98054147,0.0050957096,2.0988729e-10,0.9996026,1.4176089e-09
0.42716944,2.9803994e-05,3.4125456e-05,0.035488047,0.0031001496,0.99999857,0.9965611,3.8187775e-07,0.04658322,0.9999405,0.28933832,0.9335849,0.0015541606,4.4462726e-05,0.9377461,0.99852836,0.0053003933,0.99614197,0.99983954,2.1773429e-05,5.4777797e-06,0.93309426,0.05516346,1.4267313e-06,0.9817702,4.1663147e-06
0.58919495,0.0005732431,0.00036071453,0.0833521,0.02235277,0.9999672,0.9884173,1.33576405e-05,0.06475746,0.999853,0.3485088,0.96446943,0.020109043,0.00037165213,0.9280262,0.9654258,0.011488329,0.9927538,0.9966131,0.0002550925,0.00018539307,0.9570886,0.12665862,3.29678e-05,0.9722601,7.4977885e-05
0.29138842,0.00037107593,0.0006513424,0.063283496,0.03150349,0.99986196,0.9804498,5.7356952e-05,0.08576702,0.9968893,0.3059457,0.65150774,0.0165132,0.0016788802,0.55797464,0.9964934,0.014974232,0.9791647,0.99903893,0.0014177387,0.0001603341,0.73939043,0.22474666,0.00015369277,0.78022784,0.00022221393
0.10172698,7.9380854e-08,3.7427168e-07,0.0068308027,0.0001759295,1.0,0.9991825,1.374649e-09,0.024372311,0.99991345,0.1635535,0.26507965,7.5856646e-05,3.4819388e-06,0.9432605,0.9999949,0.0022506777,0.997954,0.9999994,1.8926561e-06,1.2780048e-08,0.856244,0.022491897,1.8878032e-08,0.98953396,7.294254e-08
0.25494865,4.064847e-07,8.729685e-07,0.010808391,0.00017791605,1.0,0.9992592,2.0945785e-09,0.02523487,0.99998415,0.20255,0.7914131,9.799591e-05,2.4479093e-06,0.9836541,0.9999565,0.0026774704,0.99854976,0.9999969,9.232448e-07,4.8679443e-08,0.9461954,0.015701998,1.945898e-08,0.9966581,8.561763e-08
0.42090005,0.0007576957,0.0008170716,0.07352149,0.039895147,0.99987936,0.9811693,5.592005e-05,0.07941987,0.99895597,0.34446827,0.87182784,0.021885905,0.0012963872,0.6864357,0.988996,0.012269518,0.9849664,0.997626,0.00097484875,0.0002924772,0.8376632,0.21428423,0.00014156691,0.85045826,0.00021915662
0.1038441,0.00011437034,0.00053760863,0.05340925,0.029335048,0.9996643,0.9735339,0.00011198523,0.107969604,0.9458985,0.22209151,0.0900543,0.014964402,0.004536754,0.2714988,0.99961,0.023732144,0.94914615,0.99981433,0.0059460416,6.696402e-05,0.4564025,0.29023418,0.0003331844,0.5042115,0.00039861797
0.53843504,0.004873158,0.003877641,0.10790187,0.33326167,0.9992828,0.9486538,0.00047911386,0.09592259,0.99830025,0.3990972,0.91027933,0.22958286,0.0053639063,0.45515034,0.9154728,0.010123333,0.9828683,0.9714063,0.009302284,0.0033868076,0.8459021,0.47723186,0.0021083902,0.64244044,0.0020603822
0.6595119,0.0027684947,0.0014538061,0.1108305,0.15570053,0.99982244,0.9706222,8.917527e-05,0.08701103,0.9996567,0.38601637,0.95747423,0.13550493,0.0017439811,0.8246049,0.8545046,0.009968401,0.9909087,0.97554433,0.0018464538,0.0017229257,0.9421148,0.30183232,0.00041193585,0.91461205,0.00060039334
0.6981483,0.0074549606,0.004004551,0.13013725,0.6700662,0.9994374,0.9357607,0.0003732259,0.11155477,0.99918467,0.44562638,0.94366586,0.5759088,0.004919961,0.5382156,0.6986262,0.006584688,0.9913679,0.8649387,0.014691315,0.007499407,0.9173199,0.566149,0.004320003,0.72889775,0.003914768
0.49114314,3.2622659e-06,3.1205002e-06,0.020855399,0.000525649,1.0,0.99890614,9.467735e-09,0.028239371,0.9999932,0.2255944,0.9521141,0.0005328125,4.5550623e-06,0.9918675,0.99930155,0.0038570396,0.9986621,0.9999641,2.1190313e-06,3.8665272e-07,0.98076504,0.020054609,6.201354e-08,0.99804664,2.2715497e-07
0.51027566,0.0020019524,0.00165324,0.08592326,0.19675317,0.99978477,0.9682585,0.00012680642,0.077508174,0.9993722,0.36893275,0.9378226,0.105367325,0.0021396037,0.44630483,0.9614618,0.0055757225,0.98848754,0.9892889,0.0031936576,0.0011310407,0.8473661,0.3978388,0.00054478366,0.66149336,0.0006051072
0.28838947,0.0030495392,0.007061649,0.10683647,0.3747018,0.996601,0.920564,0.0024611591,0.12140017,0.96922374,0.36868346,0.47248667,0.2701864,0.01884023,0.22207773,0.979253,0.029662278,0.94428504,0.98733985,0.04594248,0.0023900627,0.6522464,0.58996034,0.0070555327,0.38158473,0.0053360634
0.16231754,0.00018078246,0.0005744283,0.056677096,0.028457766,0.9997749,0.9770892,8.2426e-05,0.098188095,0.9837606,0.2577027,0.25124562,0.014549685,0.00292805,0.37589768,0.9990625,0.01991662,0.96505094,0.99964845,0.0030663074,9.468013e-05,0.57366574,0.2584364,0.00023223802,0.6322217,0.0003053719
0.35596353,0.0002429751,0.0003381209,0.05740822,0.014943211,0.99994946,0.98487246,1.7662267e-05,0.07950739,0.9982716,0.3175618,0.6707185,0.010135261,0.0008796963,0.8419947,0.99579525,0.02023214,0.9819363,0.999171,0.0005339666,8.8314955e-05,0.8359777,0.14850697,5.7419562e-05,0.9285829,9.79788e-05
0.21800381,4.051965e-08,1.036762e-07,0.005552244,4.3504297e-05,1.0,0.99974245,9.228688e-11,0.015250712,0.9999968,0.16758038,0.80941087,2.245027e-05,3.433043e-07,0.9916823,0.9999914,0.0011568145,0.9994166,0.9999995,1.11117004e-07,3.595638e-09,0.96339124,0.007763,1.2392439e-09,0.9986576,7.274577e-09
0.32317907,3.673358e-05,6.1497936e-05,0.03662689,0.004174316,0.999995,0.9931037,1.3285188e-06,0.060962174,0.999463,0.27393404,0.6601756,0.002731063,0.00017506003,0.9175585,0.9989042,0.012562577,0.99019355,0.99983084,9.934182e-05,1.0232981e-05,0.8721354,0.080958985,6.4684696e-06,0.97072834,1.3656731e-05
0.25071642,0.0002466572,0.000507668,0.058869448,0.021778524,0.9998728,0.98076725,4.6035027e-05,0.08880177,0.9947306,0.29656476,0.4920285,0.01241136,0.0016936257,0.61762947,0.99780875,0.01993033,0.9748344,0.99939406,0.0013381426,0.00010796686,0.71507776,0.19959697,0.00013028961,0.812926,0.0001999332
0.10174826,1.1519831e-08,5.8185595e-08,0.003978075,5.254363e-05,1.0,0.99968517,7.87304e-11,0.015696531,0.9999846,0.1393222,0.34095052,2.1835833e-05,5.3723915e-07,0.97388315,0.99999833,0.0010608728,0.999178,0.9999999,2.4432836e-07,1.3388668e-09,0.9094452,0.011797356,1.5866022e-09,0.9961803,7.666372e-09
0.047772985,9.00883e-09,7.6368075e-08,0.0038633249,7.028268e-05,1.0,0.99961543,2.1702368e-10,0.019129386,0.9999323,0.120988965,0.12872733,2.2935597e-05,1.1665976e-06,0.8819753,0.9999995,0.0010298045,0.99874604,1.0,6.366349e-07,1.2590402e-09,0.7856546,0.01713891,3.555334e-09,0.9832412,1.5075388e-08
0.06677096,4.0245127e-09,2.6830941e-08,0.0029398731,3.4395456e-05,1.0,0.9997453,3.5806667e-11,0.013944305,0.999977,0.12543312,0.1763122,1.3901044e-05,4.0991978e-07,0.9705696,0.9999995,0.0009401337,0.9992207,1.0,1.94371e-07,4.6660925e-10,0.8858966,0.011036156,8.4254814e-10,0.9959125,4.285052e-09
0.56806535,3.2337317e-05,2.5533083e-05,0.041937076,0.0029554847,0.99999917,0.996606,2.23268e-07,0.042604644,0.99997663,0.2674229,0.9569388,0.0033213925,3.291769e-05,0.9820455,0.994739,0.006990311,0.9972531,0.9996735,1.9127714e-05,6.4237774e-06,0.97720134,0.047674917,1.0440942e-06,0.99482536,3.0025567e-06
0.5095434,3.1287575e-06,3.2999526e-06,0.021274436,0.00050072087,1.0,0.9987306,9.491366e-09,0.028784432,0.9999918,0.2124088,0.9387217,0.0006403997,5.3423114e-06,0.9934883,0.9992493,0.0047830148,0.99852306,0.99995995,2.641044e-06,4.0598957e-07,0.9826545,0.02050664,7.6224445e-08,0.99845445,2.5368482e-07
0.17258723,1.6338828e-06,4.8773504e-06,0.015881376,0.0007874306,0.99999976,0.9978933,4.4432163e-08,0.040741824,0.9998196,0.21222071,0.50365174,0.00036386054,2.1512318e-05,0.9046759,0.9999417,0.0045548314,0.9960407,0.99999213,1.1326227e-05,3.183344e-07,0.84734803,0.04047778,3.1396598e-07,0.97730005,9.41385e-07
0.0938182,1.5612395e-08,8.1503295e-08,0.004302132,6.543674e-05,1.0,0.9996006,1.4620556e-10,0.017353607,0.9999714,0.14255917,0.26808268,2.8315615e-05,8.713234e-07,0.969464,0.9999982,0.0013441036,0.99892896,0.9999999,4.2270054e-07,2.0088153e-09,0.8935297,0.013893413,2.8015947e-09,0.99520844,1.2894243e-08
0.17592935,5.937826e-07,1.8670861e-06,0.012266809,0.00045272286,0.9999999,0.9983912,1.0734572e-08,0.033231832,0.999874,0.19574383,0.4116241,0.0002485761,1.0879002e-05,0.9544153,0.99996245,0.004321238,0.99671316,0.9999957,5.868414e-06,1.1275365e-07,0.881393,0.03173098,1.14531574e-07,0.98929846,3.5480198e-07
0.096944205,2.3709164e-07,1.155082e-06,0.009505941,0.0003454175,0.9999999,0.9987704,7.811303e-09,0.03237445,0.99982685,0.17069356,0.27874824,0.00013516923,8.829229e-06,0.8682734,0.9999918,0.0027526137,0.99707234,0.9999988,4.9983196e-06,4.2810754e-08,0.79754776,0.031777054,7.492184e-08,0.9740293,2.477024e-07
0.1136685,7.442307e-08,3.3066738e-07,0.00670858,0.00015818187,1.0,0.9992399,1.0591409e-09,0.023494728,0.9999354,0.16302486,0.3030622,7.129089e-05,2.8551613e-06,0.9556893,0.9999943,0.0021997457,0.9981529,0.9999994,1.5126388e-06,1.1504175e-08,0.8758659,0.020730197,1.5333951e-08,0.99186206,6.030057e-08
0.14397784,1.362338e-07,5.1741574e-07,0.0080637345,0.00020158016,1.0,0.9991391,1.6615908e-09,0.025306994,0.9999484,0.17173722,0.41600055,9.440985e-05,3.347833e-06,0.959523,0.9999888,0.002388768,0.9981141,0.9999989,1.7208675e-06,2.1026734e-08,0.8916074,0.02194433,2.231366e-08,0.99227226,8.431871e-08
0.439325,0.0013304023,0.0013476233,0.08082352,0.082927465,0.99978346,0.97436464,0.00011303555,0.0819743,0.9987657,0.35178673,0.880275,0.046630345,0.0021398,0.58381236,0.9806039,0.010955644,0.98376966,0.9952154,0.0020499562,0.0006230067,0.8271731,0.2963051,0.00032950495,0.77472883,0.0004267388
0.21809861,1.4229272e-08,4.3340602e-08,0.004383835,3.0265875e-05,1.0,0.9997812,2.6173643e-11,0.013068675,0.99999714,0.14289337,0.71089286,1.8268282e-05,2.0747848e-07,0.9950112,0.9999945,0.0010946895,0.9994598,0.99999976,7.7707675e-08,1.4444551e-09,0.9693415,0.0073025324,5.849355e-10,0.9992107,3.3824765e-09
0.26581466,8.636373e-06,1.8588229e-05,0.025263172,0.0019439952,0.9999988,0.9958702,2.4493752e-07,0.05014407,0.99970573,0.2428672,0.6066241,0.0011187497,6.220887e-05,0.92424077,0.9996803,0.00815107,0.99346596,0.9999536,3.6616104e-05,2.0702382e-06,0.8719062,0.058567505,1.5568288e-06,0.97756267,3.854679e-06
0.58512247,0.0011966771,0.0007366089,0.09174097,0.045296766,0.9999201,0.98271596,3.670532e-05,0.07338659,0.9997316,0.36716467,0.9582404,0.03414928,0.00080426637,0.86961454,0.95184356,0.011199369,0.99035954,0.9938007,0.00057401124,0.00047441857,0.9358543,0.18650378,9.937821e-05,0.9423331,0.00018352715
0.5156683,0.002420824,0.0019777054,0.08922746,0.24432905,0.9997203,0.9637079,0.00016794873,0.08087727,0.999226,0.37482142,0.93033165,0.14103879,0.0026864351,0.430117,0.9530914,0.0060031456,0.987862,0.98588353,0.0044221533,0.0014764224,0.84601516,0.4323909,0.0007967679,0.6392782,0.00082515646
0.11772763,1.166056e-08,5.3955127e-08,0.003939314,4.494188e-05,1.0,0.99970514,6.130232e-11,0.015038554,0.9999889,0.14003219,0.41580763,1.9640438e-05,4.377603e-07,0.9812336,0.9999981,0.0010654681,0.99923396,0.9999999,1.9560238e-07,1.311629e-09,0.92594695,0.010518802,1.2781137e-09,0.99725634,6.5950623e-09
0.21131225,1.7069843e-07,4.9778276e-07,0.008683732,0.0001621407,1.0,0.9992472,1.1147843e-09,0.023675486,0.9999771,0.17625767,0.61471,8.899517e-05,2.2267143e-06,0.9812491,0.99997807,0.0024861738,0.998425,0.99999833,1.038849e-06,2.4263466e-08,0.9339101,0.017500741,1.5365014e-08,0.996307,6.272492e-08
0.5283073,0.0015126042,0.0011162333,0.08942759,0.05848582,0.9998543,0.9786632,7.1913935e-05,0.079257116,0.9994066,0.36895707,0.9336049,0.038546883,0.0013988408,0.7850896,0.9645523,0.012335189,0.98687917,0.9938112,0.0010444894,0.00063276466,0.89693224,0.22843553,0.00019103216,0.89586717,0.00030214986
0.404411,0.0023899057,0.0028953059,0.08964969,0.19689249,0.9993449,0.95692563,0.0004109047,0.0928968,0.9966697,0.3582995,0.82015616,0.11794517,0.0053316364,0.3678129,0.97513664,0.012303203,0.97653174,0.99106807,0.007994527,0.0014554495,0.7649779,0.43706596,0.0013545951,0.57125324,0.0013303965
0.11599785,2.4030565e-05,9.176145e-05,0.034223713,0.007462939,0.99997187,0.988766,6.6183156e-06,0.08138584,0.9901301,0.2286444,0.12849374,0.0040784827,0.0007742119,0.60412127,0.9998056,0.016428849,0.9771829,0.999943,0.00064748526,9.932441e-06,0.60333073,0.15397549,2.8626739e-05,0.81053096,4.7424437e-05
0.44460368,0.0002112598,0.00022157795,0.056142423,0.012273969,0.9999808,0.9902948,6.96545e-06,0.06666872,0.9996474,0.32171467,0.88764995,0.0074495925,0.0003415966,0.88030857,0.9940696,0.0112569155,0.99058753,0.99912435,0.00019542503,6.0606708e-05,0.8974743,0.11741125,2.1378055e-05,0.953093,4.2774547e-05
0.3733144,2.5312098e-05,3.3693723e-05,0.03286116,0.0026187357,0.99999833,0.9959274,4.4340393e-07,0.051402815,0.99985814,0.27646396,0.840945,0.0015809746,6.558574e-05,0.94565994,0.998909,0.008074955,0.99458766,0.9998745,3.142252e-05,5.2513174e-06,0.9148106,0.0561349,1.964415e-06,0.9827915,5.095347e-06
0.14691415,9.598501e-06,3.1487434e-05,0.026464466,0.0029343364,0.99999523,0.9940574,9.72023e-07,0.06348914,0.9981565,0.22937985,0.27685282,0.0015006042,0.00018281404,0.77422595,0.9998567,0.010566963,0.9883338,0.9999691,0.0001240853,2.8858128e-06,0.72892565,0.08713594,5.01627e-06,0.9230442,1.0864031e-05
0.13859944,2.6727973e-06,9.950321e-06,0.01877412,0.0015444403,0.99999905,0.99670655,1.6672891e-07,0.048924074,0.99943537,0.20823018,0.34603754,0.0006537402,5.5612778e-05,0.7789343,0.9999436,0.005446748,0.9936272,0.9999894,3.700071e-05,6.6924343e-07,0.7595434,0.06310408,1.0349064e-06,0.9401891,2.5999966e-06
0.12135538,5.880492e-08,2.5120346e-07,0.0063272608,0.00013458573,1.0,0.9993612,6.6087846e-10,0.021826286,0.99995744,0.16064353,0.34079075,6.2004365e-05,2.048216e-06,0.963619,0.9999944,0.0019203239,0.99847883,0.9999995,1.02279e-06,8.580936e-09,0.8911778,0.018591901,1.0223072e-08,0.993486,4.052158e-08
0.31382832,0.00025728176,0.0004197343,0.05775987,0.023856984,0.9999335,0.98541903,2.7203196e-05,0.07800063,0.9985453,0.30511284,0.75826246,0.011168506,0.0009105318,0.5851994,0.9970745,0.01083174,0.9851032,0.9992804,0.0007297495,9.599287e-05,0.7739878,0.18866688,7.28774e-05,0.8126871,0.000118447846
0.22317678,9.585045e-06,2.3199862e-05,0.025896976,0.00232856,0.9999982,0.9959556,3.9958437e-07,0.053112555,0.99964535,0.24330036,0.61591524,0.0010710332,7.431177e-05,0.84344894,0.9997675,0.0066210614,0.993604,0.999962,4.358444e-05,2.2883407e-06,0.8290015,0.0650494,1.9274341e-06,0.9561024,4.855556e-06
0.21359764,4.1694707e-06,1.073045e-05,0.020794982,0.0014005497,0.9999993,0.9963581,1.365043e-07,0.047151238,0.9996032,0.23066254,0.43106046,0.0008386364,5.168853e-05,0.9281943,0.9998423,0.008235408,0.99342704,0.99997723,3.0476644e-05,1.0164471e-06,0.8546442,0.053746413,1.0073202e-06,0.97884846,2.5074921e-06
0.6601683,0.006009452,0.0031491464,0.12226603,0.43284544,0.9995881,0.9496362,0.00025933693,0.09319817,0.99947995,0.40841392,0.9623359,0.3033155,0.003398834,0.5264617,0.8184868,0.0054237093,0.989933,0.9435997,0.0068033068,0.004917594,0.903672,0.47884414,0.0017941454,0.7054137,0.0018285486
0.10158494,6.329011e-08,2.9898248e-07,0.006382567,0.00015188335,1.0,0.99926883,9.909443e-10,0.02312229,0.99992824,0.16075402,0.2701643,6.559599e-05,2.8187187e-06,0.9486992,0.9999956,0.0020765006,0.99816567,0.9999995,1.4922969e-06,9.767602e-09,0.86365145,0.020801771,1.4193655e-08,0.9907991,5.61749e-08
0.05319169,1.4559701e-09,1.1095811e-08,0.0021761337,1.9035833e-05,1.0,0.9998252,1.1356888e-11,0.0115171075,0.99998176,0.11462106,0.13540244,7.4967393e-06,2.1684107e-07,0.975687,0.99999976,0.00073840114,0.99939454,1.0,9.843971e-08,1.5374849e-10,0.88822496,0.0086253,3.091714e-10,0.9969523,1.7739811e-09
0.5755788,0.0035124263,0.0023692225,0.10289271,0.24958168,0.9996625,0.962121,0.00019983084,0.08678823,0.9992692,0.39006287,0.9405208,0.16586234,0.0029904752,0.57769394,0.9111408,0.007910951,0.9876193,0.97671163,0.0042425115,0.0022461251,0.8830824,0.40950125,0.00092046877,0.7527869,0.0010313026
0.44539183,1.0498099e-05,1.1205619e-05,0.02724086,0.0011664586,0.99999964,0.99795544,6.807829e-08,0.038420927,0.99997354,0.25960794,0.9327309,0.00079815055,1.5664957e-05,0.97878665,0.9990644,0.0053008236,0.99734616,0.9999275,7.1281356e-06,1.5321415e-06,0.9591077,0.032597862,3.3168877e-07,0.9940625,1.1107372e-06
0.24741122,1.8105577e-05,4.0956475e-05,0.030629352,0.003935271,0.9999964,0.9946032,8.529366e-07,0.057019703,0.99955326,0.2566669,0.6377156,0.0018557718,0.00012161353,0.8145898,0.9995789,0.007435629,0.99238515,0.99992466,7.900857e-05,4.8644456e-06,0.82437974,0.08425013,3.970021e-06,0.9430658,8.9421865e-06
0.53700066,0.0012279388,0.0009125347,0.0850954,0.053340524,0.99989486,0.98039013,5.084409e-05,0.076288246,0.9995522,0.36526805,0.9402317,0.033973083,0.0010951703,0.79457533,0.9678304,0.010820403,0.98839104,0.99466115,0.00081953994,0.00049599534,0.9033873,0.21977349,0.00014286862,0.90313655,0.00023208481
0.31213942,3.799226e-05,6.5939494e-05,0.03694945,0.004549602,0.9999945,0.99330103,1.4753865e-06,0.061348632,0.99951935,0.27559048,0.7039731,0.0026014673,0.00016751786,0.8872481,0.99901307,0.010703287,0.9909869,0.9998387,9.8550954e-05,1.0156447e-05,0.8608184,0.08425254,6.495267e-06,0.9620994,1.4314689e-05
0.23172325,0.00026329028,0.0006138995,0.059243757,0.032007217,0.99983716,0.9791582,6.549211e-05,0.08916861,0.994249,0.28442335,0.49052963,0.016062228,0.0020532492,0.44350097,0.99804354,0.015507565,0.97508764,0.9993761,0.0019906736,0.00012551057,0.6668315,0.24547479,0.0001806341,0.70084,0.00024779924
0.43851805,0.00013961278,0.00015259,0.05141328,0.009123551,0.99998856,0.9922233,3.9116676e-06,0.062243108,0.9997559,0.31720087,0.9016697,0.0051034875,0.00022022007,0.88931125,0.99581605,0.009462904,0.9921902,0.99940693,0.0001215893,3.6285564e-05,0.903912,0.09987861,1.2134792e-05,0.96005476,2.656089e-05
0.25732222,7.453426e-05,0.00015462619,0.044566743,0.008370865,0.99997735,0.9895257,6.4918054e-06,0.07405942,0.9983708,0.2819762,0.5623184,0.004666252,0.00046659802,0.7752728,0.9988952,0.014395591,0.9852807,0.9997603,0.00031412696,2.5092404e-05,0.78798205,0.12423069,2.4055009e-05,0.91446143,4.5567725e-05
0.6382569,0.0045069717,0.0034493855,0.11809662,0.74794716,0.99953866,0.932702,0.0003284546,0.10763211,0.9989592,0.45211622,0.91376483,0.6438412,0.0044327043,0.3903211,0.80504507,0.005892138,0.99108136,0.8912107,0.020668747,0.0044923024,0.8971783,0.6319572,0.0045946445,0.6096796,0.0036268807
0.5285509,0.0010566078,0.0008013903,0.07843618,0.087552756,0.99991965,0.98059136,4.0983123e-05,0.06867579,0.99972373,0.3648244,0.9581163,0.043208666,0.0008950057,0.6236926,0.9724283,0.0052557914,0.991087,0.99463224,0.0009230487,0.00046687963,0.8867598,0.27420303,0.00014268959,0.808798,0.00020709293
0.4001884,0.0013476465,0.0017481719,0.0779685,0.20016856,0.99971694,0.96589303,0.00017390525,0.079514466,0.99859816,0.3414587,0.87875783,0.09880906,0.0028089655,0.26458934,0.9838398,0.006061146,0.9843407,0.9937908,0.0053103664,0.00079148705,0.7661748,0.4425532,0.00070083665,0.48683962,0.00068081316
0.43731308,0.0012319302,0.0012462289,0.081522435,0.05591881,0.99979204,0.97624016,0.00010306389,0.08472198,0.9985619,0.3520072,0.864721,0.03371917,0.0020311659,0.6809131,0.98268616,0.014513254,0.98221564,0.9960956,0.0015893438,0.0005325462,0.83633125,0.2494809,0.00026324784,0.8364809,0.0003752259
0.5394212,2.885967e-06,2.5939364e-06,0.022061555,0.00056614977,1.0,0.9989512,7.0288215e-09,0.026617326,0.9999962,0.2178689,0.9648205,0.0007003573,3.5172689e-06,0.99350667,0.9990017,0.0034833415,0.9989718,0.99995756,1.9081335e-06,3.513001e-07,0.98728716,0.019725045,4.980202e-08,0.9985726,1.8744996e-07
0.21389806,8.134392e-06,1.9794215e-05,0.023913639,0.0022041942,0.9999982,0.9952195,3.5401212e-07,0.052490577,0.9993851,0.24339758,0.44258404,0.0012515772,9.177125e-05,0.89743626,0.99977225,0.009370034,0.9917247,0.9999621,5.8097703e-05,2.1713522e-06,0.83290625,0.066802084,2.2048919e-06,0.9682694,5.2255896e-06
0.15250188,1.8724629e-07,6.6972734e-07,0.0087312795,0.00024259662,1.0,0.9990428,2.3805686e-09,0.026379615,0.999943,0.17763513,0.43623245,0.0001145466,4.132643e-06,0.95769495,0.99998534,0.0025673746,0.9979456,0.99999845,2.158354e-06,3.0150442e-08,0.8909766,0.023522444,3.015395e-08,0.9916352,1.1024324e-07
0.5113534,0.0022307148,0.0017543866,0.09141512,0.121506505,0.9997316,0.9702726,0.00014868939,0.08340519,0.99907315,0.37335217,0.9201169,0.07539265,0.0024482638,0.6284644,0.95783895,0.010399055,0.9852726,0.99036986,0.0024753602,0.0011428153,0.8630631,0.32444948,0.00047581663,0.7933799,0.00060562504
0.5042034,0.00011204782,9.802525e-05,0.050685912,0.0063230265,0.9999945,0.9939184,1.7760542e-06,0.056594525,0.99988544,0.30931714,0.9318683,0.0046057426,0.00012684416,0.95032704,0.9940356,0.009797046,0.99405354,0.99938357,6.624467e-05,2.567054e-05,0.9434878,0.07633338,5.9866393e-06,0.98250467,1.431948e-05
0.21499893,1.0681882e-05,2.6347112e-05,0.026382629,0.0027823811,0.9999976,0.9952153,5.2328323e-07,0.0555348,0.99947256,0.24432863,0.52540773,0.001376568,9.9796525e-05,0.8414333,0.99974495,0.0077730003,0.99244034,0.9999566,6.128799e-05,2.7889125e-06,0.814775,0.07410475,2.7040066e-06,0.95110834,6.2903528e-06
0.53349525,0.00076248357,0.0005610577,0.07786309,0.033129457,0.9999434,0.98519623,2.5194959e-05,0.071404524,0.99968183,0.35568175,0.9424423,0.021979425,0.00067649595,0.8520031,0.97575855,0.010850296,0.9900294,0.99655896,0.00044730728,0.0002692678,0.9172338,0.17361175,6.870224e-05,0.9344907,0.00012499093
0.0806204,1.4715881e-09,8.968573e-09,0.002182574,1.5768075e-05,1.0,0.99986506,5.6078987e-12,0.010329357,0.99999464,0.11662868,0.29144406,6.492041e-06,1.1243797e-07,0.98613524,0.99999964,0.00058119907,0.9995919,1.0,4.5882654e-08,1.3751465e-10,0.93071276,0.006850522,1.6512085e-10,0.99830604,1.0036374e-09
0.50141525,0.0010574487,0.00085400295,0.08163065,0.049988292,0.9998976,0.9822613,5.0730756e-05,0.07379591,0.999542,0.36730927,0.9445064,0.02643599,0.0009801758,0.7226584,0.97847456,0.009016929,0.9886557,0.99608934,0.000739808,0.00039528607,0.8844367,0.21201101,0.00012185719,0.8715042,0.0002044915
0.5515204,0.0008099071,0.0005718518,0.08002596,0.038549323,0.99994445,0.98490256,2.50159e-05,0.0699756,0.9997428,0.35980773,0.95290583,0.024558045,0.00064141786,0.84152365,0.9716522,0.009430841,0.99068075,0.99602437,0.00045298054,0.0002961177,0.92185795,0.1819078,7.053534e-05,0.93020695,0.00012765567
0.6900554,0.0055242954,0.0031537574,0.12161452,0.6991009,0.9996269,0.9368531,0.00024544762,0.10106679,0.99943167,0.4385097,0.9500055,0.5749683,0.003613717,0.4435383,0.7580241,0.0043015545,0.9925625,0.8870511,0.013730803,0.0057096253,0.91319674,0.5900951,0.003485986,0.6526,0.0029780013
0.38975745,4.9762777e-05,5.986857e-05,0.039171975,0.0037609392,0.9999962,0.9947802,1.0687502e-06,0.057105202,0.99977976,0.2907366,0.8390547,0.0024713227,0.000115006056,0.94093597,0.9981554,0.010369893,0.9931833,0.99977523,5.4923094e-05,1.1280501e-05,0.91101354,0.06677402,4.078269e-06,0.9793713,9.814235e-06
0.57362425,0.0028733339,0.0019159283,0.10186518,0.14091843,0.9997228,0.9684401,0.0001510742,0.08650952,0.99928194,0.38517278,0.9361053,0.099973135,0.002461214,0.71850884,0.92382795,0.011169348,0.9866123,0.9843352,0.00247182,0.0016011267,0.8977886,0.32498533,0.0005314243,0.84930754,0.0007102502
0.19157837,0.00030138943,0.00077192375,0.063666515,0.026093094,0.999694,0.97461504,0.00011407767,0.10459551,0.98216635,0.2796303,0.2901632,0.015293128,0.0034857523,0.51330787,0.9984456,0.027855499,0.9604472,0.999463,0.0030683882,0.0001492014,0.62615824,0.2371369,0.0002935007,0.7225127,0.00040839243
0.5585792,0.002953586,0.0019471546,0.101009265,0.13579299,0.99972063,0.9697149,0.00015895661,0.082481906,0.9993667,0.38655797,0.9501803,0.08290357,0.002244731,0.6456277,0.9378842,0.009033894,0.9867591,0.9866997,0.0023044113,0.0015341269,0.88525367,0.3199414,0.00049134565,0.80493563,0.0006568995
0.13275445,4.9011767e-08,1.9853948e-07,0.0059439735,0.00010834412,1.0,0.99943846,4.254948e-10,0.020378299,0.9999702,0.15866573,0.39325207,5.1351395e-05,1.504156e-06,0.9730046,0.9999944,0.001808945,0.99865997,0.9999995,7.33453e-07,6.8189894e-09,0.9084971,0.016276086,6.974881e-09,0.99525213,2.9729124e-08
0.20861737,6.14662e-07,1.7148011e-06,0.012247204,0.0004001065,1.0,0.9985801,7.764408e-09,0.031436715,0.99992883,0.19681934,0.54639727,0.0002177316,7.879315e-06,0.9646925,0.99995303,0.0038523432,0.99722844,0.99999523,4.1393723e-06,1.08559554e-07,0.9054346,0.027970094,8.33165e-08,0.9919768,2.804425e-07
0.6583633,0.0037152874,0.0019493549,0.11253353,0.2529694,0.99976224,0.96510005,0.00013056907,0.08722582,0.9996238,0.3974063,0.9615733,0.19276719,0.002200717,0.72138774,0.83848786,0.0073768334,0.9908886,0.96524686,0.0029933255,0.0025545037,0.9283956,0.3749631,0.0007047054,0.8526676,0.0008878104
0.05580922,2.50066e-09,1.8287762e-08,0.00255104,2.6487687e-05,1.0,0.99977964,2.3381358e-11,0.012941415,0.9999747,0.12020463,0.13683586,1.0530587e-05,3.3672293e-07,0.9708486,0.99999964,0.0008768987,0.9992599,1.0,1.5800443e-07,2.8330338e-10,0.87855846,0.010087077,5.752345e-10,0.99612695,3.0855771e-09
0.24455497,1.402136e-06,2.9188109e-06,0.015225683,0.00042383443,0.9999999,0.9985057,1.546613e-08,0.034859557,0.99992967,0.21919939,0.6633772,0.0002614694,1.0078246e-05,0.97450656,0.9999043,0.0051146243,0.99705315,0.9999913,4.229637e-06,2.221413e-07,0.9210838,0.025933689,1.207835e-07,0.9935243,4.1933586e-07
0.43265307,0.0022939392,0.0025805468,0.08929834,0.20917955,0.99950016,0.9600924,0.0003088862,0.088028856,0.9978892,0.3635024,0.86287504,0.121961676,0.0042050886,0.37941808,0.9710925,0.009903566,0.98067445,0.98984396,0.006568436,0.0013870721,0.7901227,0.436043,0.0011046738,0.5884579,0.0010897705
0.41533667,0.00083505723,0.0009601434,0.07612684,0.041811366,0.99984765,0.97875494,6.9446694e-05,0.08408329,0.99849,0.33927625,0.8273986,0.025951346,0.0016725168,0.71841353,0.9876236,0.015880646,0.9820026,0.9972683,0.0012724675,0.00034554017,0.83483124,0.2278537,0.000187163,0.86121863,0.0002720669
0.3800478,0.00047738678,0.0005953503,0.06694339,0.025644753,0.99990916,0.983555,3.835678e-05,0.08025322,0.99869907,0.3306787,0.81797177,0.014244839,0.0010894082,0.72238874,0.9936045,0.014217406,0.9841687,0.99861765,0.00074856344,0.00017343299,0.8250253,0.18170509,9.697077e-05,0.8751179,0.00015995356
0.14284392,4.361168e-05,0.00014432288,0.03991975,0.008679653,0.99996054,0.98793286,1.07773285e-05,0.084125035,0.99269825,0.2399863,0.22342825,0.0044258456,0.0008453904,0.57996243,0.99967885,0.016208239,0.9776078,0.99990535,0.0006907686,1.7309228e-05,0.6323732,0.1527546,3.9038518e-05,0.8119656,6.585152e-05
0.20325853,2.2404383e-06,5.9747076e-06,0.017383972,0.0008540074,0.99999976,0.9979227,5.0377437e-08,0.040385243,0.999879,0.22113846,0.64654744,0.00036470793,1.9766712e-05,0.9032634,0.9999217,0.0040811873,0.9964365,0.9999894,1.0129179e-05,4.075117e-07,0.86412007,0.03905146,3.1444182e-07,0.9779587,9.877426e-07
0.048057437,9.847942e-10,8.1420755e-09,0.0019589849,1.6216798e-05,1.0,0.9998512,7.446651e-12,0.010771781,0.99998486,0.109502934,0.13003954,5.9830786e-06,1.6674896e-07,0.97294927,0.9999999,0.0006076692,0.999474,1.0,7.4548375e-08,9.9319754e-11,0.8840525,0.008077049,2.112657e-10,0.99682343,1.2395158e-09
0.113832146,2.3949019e-08,1.1031981e-07,0.004861875,7.532481e-05,1.0,0.9995715,1.9138359e-10,0.01809462,0.99997723,0.14829454,0.35922626,3.331113e-05,9.411696e-07,0.97246164,0.99999714,0.0013972817,0.9989292,0.99999976,4.441183e-07,3.0709104e-09,0.9062678,0.014069203,3.482367e-09,0.99559855,1.582061e-08
0.470103,0.00026170182,0.0002469617,0.060364604,0.012672464,0.9999794,0.99030334,7.63935e-06,0.06695443,0.9997017,0.32992116,0.9102549,0.008151999,0.0003372822,0.8969058,0.9920133,0.011758551,0.99090225,0.9988966,0.0001896033,7.310857e-05,0.91192836,0.11540934,2.1992339e-05,0.9593535,4.5165118e-05
0.03847712,2.1740561e-06,1.9964838e-05,0.020249572,0.0031397885,0.99999106,0.99342877,1.4959488e-06,0.07195758,0.9750056,0.14487904,0.022544017,0.0012331764,0.00041247258,0.32088664,0.99999106,0.008958171,0.97694814,0.9999963,0.00051621423,8.7510654e-07,0.38957864,0.13333844,8.46013e-06,0.6447668,1.46582415e-05
0.5616582,0.0018296246,0.0012390121,0.099792644,0.05493628,0.99984026,0.9792321,8.274226e-05,0.07867424,0.99954873,0.38426328,0.9584765,0.03521725,0.0011960805,0.80646044,0.95468795,0.012201021,0.98729485,0.9929885,0.0008838603,0.0007218664,0.9141366,0.20443745,0.00017225494,0.90990037,0.000309325
0.56287223,0.00038385327,0.00028146405,0.07200322,0.018872371,0.9999789,0.98978907,8.272336e-06,0.06255817,0.9998627,0.34192833,0.9590155,0.013396673,0.00029380163,0.9144127,0.9797754,0.009453996,0.9927456,0.9977848,0.00018790668,0.0001172959,0.94480926,0.124391034,2.336987e-05,0.96651036,5.07206e-05
0.39365152,0.0009859238,0.0012002639,0.07962364,0.044068217,0.99977094,0.9757286,0.000105181236,0.090015255,0.9973973,0.3376424,0.7665372,0.029498179,0.0024004232,0.7210559,0.98735064,0.020489573,0.97742087,0.99704427,0.0017801821,0.00043614497,0.8178321,0.23933442,0.000272575,0.8565718,0.00038176912
0.29131392,0.0001003016,0.00018206274,0.0467448,0.011338915,0.9999763,0.9896487,7.886276e-06,0.07198904,0.9989712,0.28836343,0.69894046,0.0055475985,0.00044900223,0.71364456,0.99851197,0.0108090835,0.9876611,0.9996824,0.00031537618,3.2795087e-05,0.7970843,0.13600984,2.5405858e-05,0.8899565,4.7364367e-05
0.3395602,0.0049540326,0.017437518,0.17549182,0.8932228,0.99037,0.82955766,0.010027695,0.23078406,0.8693659,0.5679087,0.20252027,0.85901517,0.037261926,0.25864556,0.9072147,0.09569096,0.937327,0.8782989,0.27432764,0.0043409243,0.71216786,0.7795487,0.041643497,0.44710267,0.03452849
0.10621932,2.4369813e-08,1.1506254e-07,0.0048450255,6.657867e-05,1.0,0.9996408,1.9918174e-10,0.018038824,0.9999839,0.15009399,0.45790884,2.488527e-05,7.6290314e-07,0.9586379,0.99999774,0.0011001623,0.99910635,0.99999976,3.192571e-07,2.7324394e-09,0.8973719,0.012480387,2.8214842e-09,0.9940749,1.371397e-08
0.20519209,0.0005420269,0.0015047329,0.070955604,0.07742578,0.9993667,0.96477556,0.00029035483,0.10163464,0.98232174,0.28718233,0.35858497,0.041799396,0.005861931,0.28693336,0.99705565,0.020331081,0.9592255,0.9987317,0.0078069745,0.00033540383,0.59461457,0.37015486,0.0007743148,0.511849,0.0008197704
0.114597745,4.2034302e-05,0.00017527332,0.04059612,0.012048868,0.999938,0.98587716,1.757949e-05,0.088324554,0.98663795,0.22326303,0.15072547,0.005627484,0.0012618,0.40602058,0.9997693,0.015278201,0.97282773,0.99991727,0.0012603753,1.9295167e-05,0.5420211,0.19218276,6.196523e-05,0.6888547,9.435801e-05
0.25786704,0.00068411167,0.0014306722,0.072079144,0.07451361,0.9995552,0.9686497,0.00021695076,0.09506083,0.99188167,0.30293685,0.54353946,0.03968829,0.0042978185,0.3523172,0.99539894,0.0166624,0.96906024,0.9982951,0.005077411,0.0003822746,0.65983665,0.34272802,0.0005794847,0.5870147,0.00064710435
0.37586865,0.00025062865,0.00034328114,0.05797951,0.017405879,0.9999566,0.98663956,1.6262547e-05,0.07391642,0.99906844,0.31827435,0.8009594,0.00958903,0.0006587775,0.7784028,0.99577254,0.013073079,0.98633677,0.99914,0.0004458223,8.5047686e-05,0.84024596,0.15255414,4.8195026e-05,0.9086274,8.498631e-05
0.26957372,3.6103677e-06,7.7086415e-06,0.020154612,0.0010293149,0.99999964,0.9973531,6.133129e-08,0.04192192,0.9998658,0.22765772,0.64239633,0.0006117623,2.5979496e-05,0.9548225,0.9997998,0.006210006,0.9955728,0.99997675,1.3656666e-05,7.3869523e-07,0.90070444,0.04192312,4.7358182e-07,0.987677,1.3226531e-06
0.37989715,9.536711e-06,1.3182771e-05,0.02561129,0.0014190415,0.9999995,0.9974732,9.867111e-08,0.041834675,0.9999461,0.2566751,0.8778983,0.00081131683,2.3739989e-05,0.96242225,0.99939597,0.0053916997,0.99657464,0.9999416,1.1216117e-05,1.6481397e-06,0.9343859,0.040339787,5.268299e-07,0.98938435,1.5970663e-06
0.13651867,1.3616366e-07,5.0249275e-07,0.0078605395,0.0001697113,1.0,0.9992551,1.6758467e-09,0.025409915,0.9999553,0.17394082,0.4553284,7.656565e-05,3.000487e-06,0.95647967,0.99999034,0.0022155864,0.9983176,0.99999905,1.3228423e-06,1.8952209e-08,0.88895446,0.019514764,1.910147e-08,0.9919527,7.5505284e-08
0.4225946,4.951832e-05,5.709284e-05,0.03971551,0.00369226,0.9999968,0.99470216,8.763393e-07,0.055629432,0.9998248,0.28882968,0.857967,0.0025913503,0.00010234786,0.952588,0.99780184,0.010506208,0.99349856,0.999746,5.041867e-05,1.1015599e-05,0.92408544,0.06540084,3.699141e-06,0.98336107,8.921079e-06
0.53060305,1.0093617e-05,8.534829e-06,0.02951188,0.0013691194,0.99999976,0.9982161,4.2605965e-08,0.034272246,0.9999901,0.25209168,0.96413946,0.0012016773,1.037432e-05,0.9853597,0.99813676,0.004206732,0.9982337,0.99989676,5.4048205e-06,1.4731637e-06,0.9778031,0.031875942,2.1894898e-07,0.99609715,7.4249016e-07
0.24285297,0.00048427496,0.0011170092,0.067256965,0.059757203,0.99967074,0.9724238,0.0001571038,0.09309355,0.9926489,0.29094806,0.53951246,0.029178351,0.0034132753,0.31916827,0.9969259,0.014694007,0.9709663,0.9988551,0.0040877243,0.00026219132,0.64282215,0.31773996,0.00041009707,0.5713203,0.0004852247
0.30933535,0.00014335963,0.00024017094,0.050493382,0.013759987,0.99996614,0.9882025,1.1772164e-05,0.07349305,0.9987985,0.29900497,0.7113812,0.0070645646,0.00058400806,0.72390085,0.99792117,0.012030129,0.9864211,0.9995491,0.00040388678,4.898225e-05,0.80096346,0.14539847,3.615186e-05,0.8893975,6.489758e-05
0.22940491,9.33125e-06,2.2250832e-05,0.025813656,0.0023918562,0.9999982,0.99548244,3.7543026e-07,0.05297029,0.9995635,0.24340051,0.54206795,0.0012544332,8.3524545e-05,0.8803451,0.99973696,0.007912219,0.9927919,0.9999565,5.0501385e-05,2.3549871e-06,0.83645374,0.067413196,2.159266e-06,0.9644448,5.111857e-06
0.4784954,0.0002570525,0.00024461828,0.05962055,0.013845654,0.9999801,0.99005073,7.371335e-06,0.06586224,0.9997241,0.3294978,0.91416544,0.008560333,0.00033493602,0.88895303,0.9918406,0.010781175,0.9911617,0.9988538,0.0001931233,7.446379e-05,0.9110263,0.12125145,2.2576362e-05,0.95640224,4.536264e-05
0.361522,0.00010796789,0.0001499815,0.047612645,0.008970436,0.99998593,0.99183077,4.6337527e-06,0.06545023,0.99956757,0.304377,0.8374268,0.0045577576,0.000270441,0.8271601,0.99772006,0.009555667,0.9909367,0.99961096,0.00016001672,2.9721936e-05,0.86253446,0.10771925,1.4355332e-05,0.93843305,3.0210942e-05
0.29393858,4.7393733e-05,8.658168e-05,0.038784713,0.0062230914,0.9999912,0.9922233,2.4689728e-06,0.06400904,0.9993119,0.2784351,0.6642933,0.0033978217,0.00024121853,0.84015083,0.99896216,0.010753043,0.98970747,0.99981064,0.00015125726,1.4080685e-05,0.83463436,0.10035133,1.0222028e-05,0.94379973,2.0711625e-05
0.75813955,0.005935687,0.0025275901,0.13878068,0.5746444,0.99968565,0.9528889,0.00017965314,0.11407356,0.9995913,0.44565034,0.9592234,0.551131,0.0031212117,0.7760984,0.5571453,0.0079479925,0.9940819,0.8439386,0.00691036,0.0059974045,0.9580655,0.449633,0.0020257342,0.900463,0.0024059457
0.7043361,0.0065708603,0.003226144,0.13145807,0.5048759,0.9995536,0.9500033,0.00027354347,0.10746062,0.9993717,0.43527177,0.95147973,0.44342923,0.003933238,0.6951116,0.68523717,0.008599056,0.991231,0.8969681,0.0078110057,0.005920595,0.9350554,0.46907926,0.0022299031,0.8400875,0.0024579463
0.5128264,0.00028081003,0.00022713278,0.062560454,0.012943432,0.99998236,0.9907162,6.594633e-06,0.06444871,0.99978656,0.33092332,0.92987007,0.009307277,0.00030062752,0.92099684,0.98867816,0.011446238,0.99195087,0.9986419,0.00016527271,7.871453e-05,0.9306,0.11105271,1.9364737e-05,0.968695,4.0853065e-05
0.5740221,0.0030146744,0.0019575981,0.09899313,0.20304078,0.99973243,0.96637285,0.00015277854,0.08237476,0.99941957,0.3875298,0.9474877,0.13042638,0.0024282846,0.6039732,0.9220811,0.007387536,0.98839325,0.9816005,0.0030755715,0.0018226452,0.8884016,0.37664795,0.0006499695,0.7742072,0.00077827217
0.11035913,8.859408e-06,3.937389e-05,0.026931455,0.00412326,0.9999919,0.9929547,1.7359729e-06,0.067756265,0.9963052,0.20958266,0.17859514,0.0018263776,0.00028756025,0.5713766,0.9999136,0.009564272,0.9854214,0.99997604,0.00024401401,3.155962e-06,0.62289333,0.11483335,8.44997e-06,0.83710355,1.6370443e-05
0.44594428,0.00057968084,0.0005820897,0.068514176,0.042862114,0.99993396,0.98472255,3.122302e-05,0.0701232,0.99953866,0.34571445,0.92666286,0.019715857,0.00077485957,0.6386312,0.98945856,0.007142015,0.9896354,0.9978625,0.00063250033,0.00021197285,0.8551753,0.21071444,8.352813e-05,0.83461994,0.00013596527
0.42980513,7.035074e-07,8.357989e-07,0.01326174,0.00018373446,1.0,0.99943346,1.2923487e-09,0.02176337,0.999997,0.20411806,0.95101655,0.0001461831,1.264365e-06,0.99385273,0.9998305,0.0023270317,0.9991385,0.999992,5.1511006e-07,6.596185e-08,0.98047024,0.01241969,1.0705926e-08,0.99869764,5.0171558e-08
0.5051994,0.00017476517,0.00015142206,0.056580678,0.008464355,0.99999,0.992261,3.4373058e-06,0.061492454,0.99982613,0.31818143,0.9238094,0.0063483175,0.00020259274,0.9417131,0.9920691,0.011607987,0.99271214,0.99910754,0.00010691233,4.4299148e-05,0.93672776,0.09036053,1.1074637e-05,0.9781044,2.475584e-05
0.46496308,0.00033494754,0.00031419104,0.06289398,0.01879623,0.99997103,0.9893796,1.1657739e-05,0.0663106,0.9997036,0.34147012,0.9289721,0.009947908,0.00040191336,0.8285317,0.9914842,0.008948018,0.99119055,0.9986908,0.00024306384,9.879484e-05,0.89718145,0.13716,3.0412071e-05,0.9325192,6.063006e-05
0.59722185,0.005018992,0.0035209819,0.11146103,0.49404538,0.9994573,0.94455975,0.00035708532,0.09690134,0.99894637,0.41191664,0.92881066,0.3657927,0.0046126405,0.43760762,0.8696302,0.006868981,0.98810273,0.9491741,0.011217629,0.004082027,0.8756476,0.5353822,0.0026264938,0.6344046,0.0023572273
0.5816961,0.0010083171,0.00067341863,0.08560311,0.050922666,0.99993443,0.98268694,2.9534835e-05,0.072213694,0.9997354,0.35565895,0.95125264,0.037356313,0.00079934025,0.8550701,0.9564306,0.009940533,0.99065405,0.99389994,0.0006093839,0.0004246649,0.93067455,0.2055134,9.84666e-05,0.93479925,0.00016815432
0.56816614,0.00014173926,0.00010302153,0.058517676,0.008118819,0.9999943,0.9932787,1.8481852e-06,0.055295408,0.9999232,0.3030683,0.94884634,0.0080843065,0.00013429484,0.96347404,0.9872236,0.010060652,0.9949255,0.9989287,7.7057724e-05,3.7458456e-05,0.963777,0.08259587,6.829113e-06,0.9872897,1.632799e-05
0.1348876,4.5488704e-08,1.8597295e-07,0.005928287,0.00010305524,1.0,0.99947804,3.6815992e-10,0.020084238,0.99997556,0.15692462,0.4194258,4.8024405e-05,1.314062e-06,0.97278005,0.9999945,0.0016621359,0.998781,0.9999995,6.14185e-07,6.009192e-09,0.91079533,0.015742067,6.06172e-09,0.9953177,2.5648646e-08
0.14752963,2.4988262e-07,9.1468075e-07,0.009600335,0.0003041716,1.0,0.9988682,4.0065524e-09,0.028790824,0.999918,0.18063647,0.39485064,0.00014629829,5.8781425e-06,0.94892985,0.9999831,0.0029346321,0.9976012,0.9999981,3.1331379e-06,4.2340087e-08,0.8771277,0.026931461,4.785779e-08,0.9894493,1.6192702e-07
0.49837705,0.0018435768,0.0015684824,0.082757175,0.17051257,0.999785,0.96927714,0.00012266582,0.07806169,0.9992561,0.36938754,0.92362666,0.095123835,0.0022099507,0.49526685,0.96442753,0.006723196,0.9876067,0.9905641,0.0030132283,0.0010058173,0.8466786,0.37946245,0.0005031006,0.7007642,0.00057408836
0.19934852,3.820515e-06,1.0367703e-05,0.020120917,0.0014352293,0.99999917,0.99640983,1.3715716e-07,0.046903193,0.99958116,0.22748822,0.4157688,0.0008138597,5.217504e-05,0.91472346,0.9998667,0.007644789,0.99349666,0.99997973,3.198053e-05,9.386159e-07,0.84300804,0.05527561,1.0092865e-06,0.9755755,2.5145828e-06
0.09655532,1.1607149e-08,6.0424796e-08,0.003990576,5.490775e-05,1.0,0.99966705,8.910032e-11,0.016101008,0.9999807,0.13915032,0.2965075,2.3499424e-05,6.171007e-07,0.97303176,0.99999845,0.0011395231,0.9991148,0.9999999,2.8547697e-07,1.4027511e-09,0.90354484,0.012471187,1.8164551e-09,0.9959268,8.542299e-09
0.32971027,3.2338274e-05,5.5169345e-05,0.035403963,0.0043191807,0.99999607,0.9939879,1.02732e-06,0.05746468,0.9996742,0.27287847,0.75051683,0.0023811494,0.00012766845,0.8933502,0.99902785,0.00912096,0.99218154,0.99984634,7.797425e-05,8.402702e-06,0.87440485,0.08072396,4.848102e-06,0.9652635,1.0882489e-05
0.55276674,0.0016120541,0.0012180582,0.09209703,0.07275953,0.99985194,0.97662634,7.317092e-05,0.08080718,0.9994301,0.36570153,0.9321941,0.05158703,0.0015129052,0.7920844,0.95441586,0.012260982,0.9871525,0.991879,0.0012517053,0.0007438333,0.90503985,0.2543913,0.00022905659,0.8975811,0.000342455
0.24811356,3.3512122e-05,7.23764e-05,0.035861302,0.0057120593,0.9999919,0.99287015,2.1828794e-06,0.0638409,0.99923134,0.26732942,0.61682564,0.0027186729,0.0002180661,0.7690955,0.99941146,0.0091895815,0.99012345,0.999882,0.000144693,9.803459e-06,0.7996511,0.10110215,8.6274995e-06,0.9223572,1.8153676e-05
0.2890991,0.0002007814,0.00037381076,0.0547599,0.022580855,0.9999373,0.9853387,2.4106701e-05,0.07843696,0.99824834,0.29715025,0.6944776,0.010480009,0.00089685305,0.5609182,0.9978143,0.011126688,0.9843209,0.9994223,0.00077192084,7.698083e-05,0.75565636,0.19143298,6.881548e-05,0.8011676,0.00011031266
0.43900594,6.623727e-05,7.319793e-05,0.04268604,0.0047687865,0.9999958,0.9943099,1.2450668e-06,0.056851882,0.99983644,0.2961689,0.8853113,0.003097474,0.00011739055,0.940799,0.9971982,0.009656354,0.9935342,0.9996679,5.9761107e-05,1.5276086e-05,0.9231469,0.07278151,4.7968e-06,0.97952753,1.1337705e-05
0.33197737,4.5711913e-05,7.069359e-05,0.038468424,0.004750463,0.9999945,0.99392396,1.5584287e-06,0.060396012,0.9996613,0.28433496,0.78734386,0.0025396296,0.00014988027,0.8813823,0.9988129,0.009224214,0.9922516,0.99981874,8.204824e-05,1.1450647e-05,0.8715214,0.081387006,5.906289e-06,0.96112406,1.3576751e-05
0.6148964,0.003674167,0.0023601782,0.10389408,0.41334575,0.9997061,0.9561016,0.00017998612,0.086532,0.9994634,0.4013906,0.94982743,0.28421286,0.002843675,0.48829424,0.87910515,0.005180939,0.9906376,0.9613983,0.0060965973,0.0027923393,0.89288354,0.49083146,0.0013098732,0.68580526,0.0012900529
0.34661922,0.00026151875,0.0003822296,0.057843905,0.018926825,0.9999418,0.98443073,2.1401778e-05,0.07781422,0.9983753,0.31604782,0.7006275,0.011479938,0.0009401337,0.77897114,0.99590766,0.016485794,0.9828712,0.9991266,0.0006355682,9.773712e-05,0.8188462,0.16671883,6.699411e-05,0.9013856,0.000109313274
0.5197578,7.028898e-05,5.939697e-05,0.046620913,0.004854385,0.99999726,0.99545515,8.105161e-07,0.049910832,0.9999441,0.30235073,0.95353556,0.0034219525,6.7150424e-05,0.9590612,0.994981,0.0073900577,0.9957104,0.9995566,3.5787645e-05,1.4144113e-05,0.95526814,0.064062,2.7842436e-06,0.9864417,7.5806965e-06
0.25319576,9.2001557e-07,2.1814435e-06,0.013932593,0.00042689402,0.9999999,0.99853826,9.163798e-09,0.032113664,0.9999467,0.20368391,0.6535018,0.00025028648,7.945953e-06,0.97306865,0.99992037,0.0041207713,0.9973028,0.9999926,3.8762964e-06,1.5659313e-07,0.92280513,0.02711821,9.3030344e-08,0.99364424,3.1170217e-07
0.5131426,0.0017401674,0.0013496103,0.08873797,0.081413046,0.99981016,0.9752466,9.79548e-05,0.081186056,0.9992473,0.36993983,0.92356646,0.05174967,0.0018206042,0.71312934,0.96377975,0.011407122,0.9860082,0.99277943,0.0015504106,0.0008007476,0.8785486,0.27255434,0.0002868486,0.8506436,0.00040707982
0.21866032,5.4159764e-06,1.3799959e-05,0.022369614,0.0017099605,0.99999905,0.9961457,1.8794312e-07,0.04883875,0.9996253,0.23286879,0.49364585,0.00093338714,5.8164387e-05,0.90725297,0.99981886,0.007542692,0.9934756,0.999972,3.524341e-05,1.3130674e-06,0.8471476,0.058446825,1.270527e-06,0.9732945,3.1506845e-06
0.44282362,0.0015530874,0.0016224581,0.082484,0.119205914,0.9997373,0.9709526,0.00014703699,0.081733406,0.99874425,0.35510433,0.8899458,0.06436586,0.0024593403,0.4843448,0.9783417,0.009179201,0.98398095,0.9939196,0.0029078051,0.00078601297,0.8145016,0.34482214,0.00045974084,0.6980165,0.0005424592
0.55274856,2.6382539e-05,2.1137303e-05,0.039049547,0.0024329708,0.9999993,0.99703157,1.6957286e-07,0.04110626,0.99997854,0.26557642,0.956904,0.0026227902,2.6917834e-05,0.9828979,0.99591273,0.006627424,0.99741036,0.999747,1.5104569e-05,4.7775616e-06,0.9766549,0.04330367,7.806925e-07,0.99510795,2.3245827e-06
0.17988227,4.346716e-09,1.5754996e-08,0.0031423296,1.5703126e-05,1.0,0.99986386,6.435413e-12,0.010507939,0.99999833,0.12852588,0.66684216,8.796485e-06,8.900024e-08,0.995719,0.999998,0.00073140295,0.99963737,0.9999999,3.0595814e-08,3.7989656e-10,0.9707063,0.0054842685,1.7232385e-10,0.9994079,1.118456e-09
0.29223335,3.9883318e-07,8.5785973e-07,0.01112559,0.00021085267,1.0,0.99914646,1.876852e-09,0.02513493,0.9999839,0.19000709,0.7697859,0.00013289903,2.6619075e-06,0.98697585,0.99993956,0.002915046,0.99839526,0.9999958,1.1709903e-06,5.5788057e-08,0.9524344,0.017863883,2.264906e-08,0.99718875,8.984519e-08
0.14592738,0.00029480978,0.0010742081,0.06504853,0.045160856,0.99941003,0.9675941,0.00024384656,0.11047316,0.96121943,0.25280115,0.19094355,0.023061678,0.006020562,0.2638333,0.9989605,0.024564778,0.9485347,0.9995183,0.007679452,0.00017743914,0.50964355,0.320761,0.00059819967,0.49209017,0.00069885416
0.31919783,0.0007504759,0.0012207294,0.07119237,0.07311664,0.9997377,0.9738157,0.0001365079,0.08647557,0.99700016,0.3172459,0.7516593,0.035364162,0.0026544805,0.3749754,0.9936939,0.011232442,0.9787323,0.9979267,0.0030347493,0.00037267164,0.7216683,0.31624722,0.0003657261,0.6229714,0.00044192077
0.43700197,0.0006915916,0.0006889937,0.07324058,0.02998403,0.9999062,0.9835504,4.2197807e-05,0.07843949,0.99913484,0.34615886,0.8844863,0.017543238,0.001040825,0.7672082,0.9885457,0.013613528,0.9857781,0.9977997,0.00069130753,0.00024466304,0.86166465,0.18262826,0.00010157113,0.8939947,0.00017119259
0.03945545,2.757701e-10,2.6422762e-09,0.0013622404,8.152503e-06,1.0,0.99991107,1.5668984e-12,0.008378789,0.99999166,0.097664244,0.10958111,2.8607817e-06,6.559325e-08,0.97862,1.0,0.00040444446,0.99965715,1.0,2.7473295e-08,2.4012424e-11,0.8940392,0.005951501,5.4643658e-11,0.9977877,3.62457e-10
0.57508254,0.0019253672,0.0011766035,0.09789336,0.07063473,0.99985087,0.9783161,7.586597e-05,0.077378705,0.99960464,0.381455,0.95779127,0.047991082,0.0012755309,0.7997785,0.9436096,0.01068456,0.9886002,0.99118036,0.0010105873,0.00083883427,0.9182822,0.23075925,0.00019723862,0.90322286,0.00032687082
0.4699231,0.00012890912,0.00012474277,0.05157504,0.008207713,0.9999919,0.99339205,2.6900764e-06,0.057967946,0.999856,0.32121363,0.9328538,0.0046712887,0.00015488663,0.9124105,0.9950906,0.008302835,0.99361813,0.99938905,8.348927e-05,3.0419758e-05,0.92447066,0.0888717,8.120193e-06,0.9692486,1.9265966e-05
