Amoxicillin,Amoxicillin-Clavulanic acid,Ampicillin,Chloramphenicol,Ciprofloxacin,Clindamycin,Cotrimoxazole,Daptomycin,Fosfomycin,Gentamicin,Gentamicin_high_level,Imipenem,Levofloxacin,Linezolid,Minocycline,Mupirocin,Nitrofurantoin,Norfloxacin,Oxacillin,Penicillin,Piperacillin-Tazobactam,Pristinamycin,Strepomycin_high_level,Teicoplanin,Tetracycline,Vancomycin
0.52599615,0.00469806,0.00084761047,0.09217014,0.106305785,0.99960655,0.9791781,0.0009605245,0.05698947,0.9996573,0.06279523,0.95778394,0.08184947,0.00094069197,0.7928191,0.9977962,0.004539826,0.9869761,0.9983956,0.0016581315,0.0057213805,0.9594249,0.25817314,0.00039015748,0.92128325,0.0015985668
0.5614154,0.009614445,0.002627368,0.10477233,0.2013469,0.99878234,0.9622731,0.0021049578,0.077316634,0.99917644,0.121355236,0.9515947,0.16171822,0.0023106742,0.71855295,0.99329996,0.008791607,0.9814431,0.99521565,0.0044506625,0.012099924,0.93230325,0.31333917,0.0014306688,0.85165066,0.00361006
0.691031,0.009877259,0.0018960354,0.16474308,0.17159232,0.9991003,0.97246075,0.00232886,0.07643466,0.99961334,0.082986854,0.9552664,0.16657212,0.0017365225,0.8813134,0.9940063,0.009708683,0.9810146,0.9964498,0.0047555,0.009609208,0.9694956,0.33818662,0.0015346755,0.95466596,0.005021243
0.69305414,0.00097592635,3.710792e-05,0.12609668,0.017126245,0.99997973,0.9957955,0.00019225005,0.03175827,0.9999862,0.0066123568,0.9606511,0.016833633,8.5493855e-05,0.9809199,0.99986756,0.0010092148,0.9937158,0.9999021,0.00021324976,0.0005784558,0.9960932,0.17435107,1.648168e-05,0.9980223,0.00033449187
0.5366224,0.006136489,0.0012015514,0.10369782,0.117264725,0.9994116,0.97517186,0.0014658867,0.062679246,0.9994985,0.06869193,0.95392334,0.0935227,0.001391592,0.7941704,0.9968725,0.0059291325,0.9839993,0.9977908,0.0023223823,0.007367932,0.9557917,0.271286,0.00061138574,0.91736954,0.0022763947
0.54970974,0.008750586,0.002528267,0.073988214,0.28206807,0.9990453,0.95732576,0.0011600488,0.07861169,0.9993654,0.1746276,0.95677584,0.21239552,0.0015384314,0.6013173,0.9929092,0.0068549877,0.98766845,0.99444467,0.004204623,0.01120237,0.9069403,0.31137085,0.0011190579,0.75818396,0.0023286252
0.35281226,0.0019161844,0.00031091154,0.028332958,0.09412034,0.9998418,0.9809099,0.00019442158,0.04248211,0.99973243,0.07472249,0.9573432,0.050590523,0.0003392594,0.46443236,0.9992499,0.001381139,0.9933697,0.999201,0.00048496004,0.0026136006,0.904756,0.17166063,5.830611e-05,0.734569,0.0002746172
0.5491271,0.011123397,0.003490861,0.093078695,0.25316316,0.99846363,0.9532544,0.0021454857,0.08416268,0.99895763,0.15924579,0.94958925,0.19800317,0.0026531124,0.64313805,0.9912077,0.009559088,0.9818039,0.9934249,0.0055326456,0.014513772,0.9096231,0.3215396,0.0017633456,0.7862538,0.0037633271
0.7427837,0.028690442,0.009498849,0.14959663,0.77114177,0.99897635,0.9230906,0.0011519569,0.14241068,0.99964345,0.47427586,0.94396234,0.7483564,0.0010743185,0.7236749,0.9614673,0.019049581,0.9945696,0.9807546,0.02809388,0.034709033,0.9367175,0.5302425,0.0068094917,0.87317044,0.0075415075
0.36124393,5.9746686e-05,8.0564956e-07,0.040167857,0.00097652385,0.99999976,0.9993018,6.768915e-06,0.012891976,0.9999987,0.0006060315,0.96653503,0.00069362123,3.6023473e-06,0.9840605,0.9999987,5.872176e-05,0.99847823,0.99999833,3.2379255e-06,3.1053845e-05,0.99849486,0.059701316,8.434235e-08,0.9993125,7.119989e-06
0.62139505,0.0041407286,0.00051207974,0.1286933,0.078384325,0.99975806,0.98543143,0.00092443,0.053922154,0.9998504,0.037842497,0.9593309,0.07150735,0.000646572,0.9097857,0.9984586,0.004258103,0.9873756,0.99901164,0.0014126598,0.0040234565,0.9815493,0.2673492,0.00030786425,0.9760073,0.0017432242
0.75228494,0.068003826,0.02856113,0.19326365,0.9345887,0.9988697,0.8578063,0.001246534,0.21719204,0.99942744,0.7453636,0.9013334,0.9251542,0.0010205742,0.6735266,0.9009313,0.03730901,0.99692506,0.9542236,0.102064505,0.085870594,0.9285196,0.637043,0.019012207,0.88335115,0.015125507
0.49254894,0.0072857104,0.0020518738,0.06342552,0.22021194,0.9990916,0.9595979,0.0011405526,0.07181617,0.9992173,0.1480193,0.95314604,0.15535437,0.0016041595,0.55895,0.99484396,0.0056919623,0.9864547,0.99561876,0.0031010602,0.00970717,0.8955385,0.27719763,0.0007691126,0.7311897,0.001829716
0.37701845,0.0055588377,0.0017004398,0.035034478,0.19899707,0.9990396,0.95113915,0.0007923265,0.06651614,0.99862707,0.16753086,0.9363493,0.11333646,0.0016478144,0.32817873,0.99650383,0.003938433,0.9866281,0.9963008,0.002175939,0.007544563,0.8104565,0.22091891,0.00036267925,0.5194936,0.0009368169
0.53196543,0.0063333227,0.0013039259,0.10094689,0.123599686,0.9993612,0.9738186,0.0014996957,0.063770525,0.99945253,0.07376233,0.95358944,0.09727816,0.0014804475,0.77758175,0.99666154,0.006097265,0.9837933,0.99760664,0.0024437911,0.0077524073,0.9519845,0.27243626,0.0006524303,0.9071006,0.0023301311
0.67890066,0.048244435,0.02315503,0.1555468,0.77537125,0.996828,0.87328047,0.0031925319,0.17712672,0.9984792,0.532856,0.91837436,0.73744047,0.00351548,0.6201138,0.9319398,0.033338014,0.98942155,0.9606956,0.05194674,0.06199949,0.8870472,0.52131325,0.015165585,0.77913344,0.014508317
0.47137275,0.0028943426,0.00040939887,0.071969494,0.073198125,0.9998087,0.98472136,0.0005052162,0.047489442,0.9997838,0.045623146,0.95843035,0.052504037,0.0005190713,0.78795296,0.9989544,0.002705331,0.99007684,0.9991891,0.0008264426,0.0034830107,0.9640021,0.22013324,0.0001487315,0.93116486,0.0008008601
0.55281246,0.010515409,0.0031878902,0.093497835,0.24152645,0.99860376,0.95588243,0.002026088,0.08195045,0.9990515,0.15054092,0.9511824,0.18886621,0.0024468598,0.6578222,0.9918926,0.0090765925,0.9823247,0.99391633,0.005079215,0.013583632,0.91436523,0.31641746,0.0016100523,0.79952484,0.0035562732
0.7142392,0.01603065,0.004347349,0.14971961,0.41453442,0.9987373,0.9550409,0.001910584,0.10134366,0.9995795,0.21093054,0.9554983,0.39509112,0.0017074398,0.79769784,0.9845131,0.0133871045,0.98701376,0.9912094,0.0103611,0.017599648,0.94920117,0.42071435,0.0034847737,0.89948744,0.0062444336
0.7539022,0.07944944,0.035709042,0.20696647,0.95902306,0.99907124,0.85426396,0.0009847273,0.2271338,0.9994388,0.8151213,0.87777054,0.95265996,0.0007822948,0.6598038,0.8875735,0.041547187,0.9978492,0.9538093,0.15126719,0.10164131,0.93402964,0.68818253,0.02298317,0.9012566,0.016622983
0.7351645,0.05211145,0.021853533,0.17387304,0.8690408,0.9983595,0.87746906,0.001741878,0.18869016,0.99928963,0.62465715,0.9192029,0.8515997,0.0016187679,0.6768263,0.9242476,0.03237898,0.99462295,0.96207315,0.064098574,0.065672785,0.9189364,0.5791772,0.015134809,0.8533496,0.01362602
0.5988011,0.012844065,0.0040540663,0.102330945,0.3257232,0.9985065,0.9508216,0.0019771615,0.09115109,0.9991998,0.19245817,0.9531859,0.2688502,0.0023111613,0.6689306,0.9886254,0.010681521,0.9843742,0.9919985,0.007053863,0.016203618,0.9170025,0.3544935,0.0023103182,0.80181193,0.004339037
0.6190417,0.07393089,0.04767212,0.16355932,0.75755143,0.9909244,0.81107515,0.008115165,0.21190724,0.9943541,0.5616242,0.8807732,0.705851,0.010238358,0.53208715,0.89867336,0.053782653,0.9791605,0.9326877,0.08286975,0.09568418,0.82096267,0.50044024,0.028222153,0.6778536,0.025917837
0.7994222,0.018940445,0.004114085,0.13962622,0.8547784,0.9997762,0.94818145,0.00025524283,0.12862268,0.99993885,0.5187679,0.95368785,0.84910446,0.00019584643,0.7924844,0.975753,0.010804277,0.9983559,0.99034727,0.019197289,0.02143621,0.9669093,0.5755215,0.002808355,0.9394369,0.0035068977
0.62023616,0.0025490872,0.00020766338,0.12902603,0.039002076,0.99989796,0.990435,0.00063621276,0.045048084,0.99991655,0.017644877,0.95635635,0.035776723,0.00037521246,0.948058,0.999387,0.0026715815,0.9892625,0.9995814,0.00070951856,0.0020908515,0.98933077,0.21912485,0.00010579645,0.9906437,0.001007342
0.78400594,0.0521149,0.017510705,0.18074891,0.95283234,0.9995608,0.89156723,0.000489778,0.19711114,0.9997948,0.7705374,0.91202676,0.94697464,0.0003573484,0.7090147,0.9251087,0.025568498,0.99853754,0.97116125,0.08397948,0.064460225,0.95051944,0.66995144,0.011227243,0.92286396,0.0093457
0.5147838,0.017356705,0.00732628,0.09421257,0.30410415,0.9964336,0.9273948,0.0040893145,0.10254873,0.9971818,0.21244228,0.9311556,0.23324174,0.005777079,0.5437436,0.9843295,0.014710517,0.97349733,0.98778325,0.009865024,0.023592146,0.85751027,0.3324139,0.0034068273,0.6807481,0.0060821446
0.58425766,0.008496896,0.0018619195,0.12735331,0.14463066,0.999084,0.97054726,0.0022293471,0.071620665,0.99937755,0.08115003,0.95204103,0.1237781,0.002008081,0.8136676,0.9950718,0.0083887,0.98060364,0.9966983,0.0036811244,0.00983506,0.95557374,0.30223942,0.0011463839,0.92053187,0.0036667418
0.6500894,0.02867864,0.012148165,0.128283,0.6022335,0.9973041,0.91047555,0.0028579754,0.13680486,0.9987357,0.37666276,0.9372692,0.5446488,0.003337781,0.6277406,0.96403176,0.021492206,0.98645324,0.9774923,0.023750547,0.036710806,0.8919887,0.45040652,0.007627073,0.764902,0.009164885
0.5451783,0.022530572,0.01015152,0.11404538,0.34135076,0.99525297,0.9189701,0.0056585586,0.11417904,0.99666935,0.23136045,0.92748076,0.27717736,0.007453338,0.58076674,0.97790384,0.019607283,0.9698316,0.98379105,0.014050786,0.030285623,0.861503,0.35983694,0.005481806,0.70451146,0.008922596
0.6632502,0.0067242756,0.0009397845,0.16816078,0.0888881,0.9994886,0.98042023,0.0020935833,0.06432099,0.99970454,0.04195685,0.95009035,0.08717682,0.0013294776,0.9225824,0.9972332,0.00704319,0.9812586,0.99830985,0.0027357617,0.006036251,0.9800945,0.28841862,0.0006785076,0.9786942,0.003498875
0.4716895,0.0028508515,0.00039444756,0.07234446,0.071516186,0.9998172,0.9850151,0.0004915194,0.047278464,0.9997924,0.044251073,0.95874727,0.051272407,0.00049950293,0.7930371,0.99898773,0.0026660783,0.99020994,0.9992176,0.0008018089,0.0034111023,0.9650746,0.2181964,0.00014320468,0.9339362,0.0007908817
0.5991031,0.0077037136,0.0016875529,0.113301255,0.17485482,0.99925596,0.9716804,0.0015109939,0.07047486,0.99957055,0.09621606,0.9584645,0.14782968,0.0014490907,0.7933917,0.9951592,0.007177684,0.9845558,0.99674064,0.003353275,0.008970457,0.9540457,0.31205177,0.0010131757,0.90650254,0.00296185
0.5959235,0.007097591,0.0012297021,0.14876622,0.0940274,0.99935097,0.9771295,0.0023720486,0.06595405,0.99950373,0.049084786,0.94699067,0.083763234,0.0017570825,0.88478726,0.99681467,0.007614253,0.97979945,0.9979976,0.0028777253,0.007423452,0.97189754,0.28421283,0.0007743646,0.9634026,0.0034906238
0.5552108,0.016538527,0.0064004995,0.104567654,0.31252518,0.9971704,0.9362624,0.0035639228,0.0999826,0.9981146,0.20329808,0.93967956,0.25013268,0.0045546503,0.60976493,0.9848883,0.014260053,0.97669536,0.9889275,0.009490795,0.02192607,0.8862249,0.34784064,0.003386595,0.74277616,0.0060767815
0.50422513,0.024177222,0.01491898,0.07012199,0.6623071,0.9959098,0.8659725,0.0018225427,0.13275883,0.9965256,0.5116321,0.87210363,0.54535663,0.0042980574,0.3143903,0.97205794,0.018048408,0.98722863,0.97799665,0.02610052,0.031098044,0.7527628,0.38615167,0.0037990422,0.49983937,0.004663376
0.62622595,0.004533133,0.0005673014,0.14316861,0.07079241,0.99971825,0.98485535,0.0012141428,0.055664755,0.9998084,0.03413998,0.954452,0.065214336,0.00080973894,0.9205572,0.9983851,0.004834333,0.985473,0.9989772,0.001616062,0.004285487,0.9823533,0.26490727,0.00034509605,0.98006815,0.0020834238
0.7888448,0.019896142,0.004651863,0.1417131,0.8183852,0.9996737,0.94560355,0.0003819586,0.12785934,0.9999074,0.48071563,0.95372516,0.8100301,0.0003038977,0.7856297,0.9749737,0.0118640615,0.99764615,0.98918134,0.018949024,0.022574577,0.962356,0.5522434,0.0032887252,0.9286642,0.004141525
0.4837077,0.009397694,0.0034711375,0.052864898,0.3697703,0.99863523,0.9398016,0.0010210181,0.08474763,0.9988764,0.26110962,0.938339,0.25732064,0.0019036905,0.4076235,0.99167144,0.0069685457,0.9881121,0.99291396,0.005403736,0.012536689,0.84020674,0.30779153,0.0010675306,0.5852401,0.001928196
0.749137,0.049151164,0.021308225,0.16954213,0.94601905,0.999281,0.88441265,0.0006180489,0.19446927,0.9996543,0.7672047,0.9062727,0.93460196,0.00057369156,0.6455239,0.92067635,0.029635133,0.9980075,0.9671687,0.09857475,0.066671945,0.9328043,0.657257,0.01250477,0.8845646,0.009665145
0.06965664,0.0017373792,0.0003860577,0.013621861,0.029505681,0.99876463,0.94168097,0.00031198107,0.06233975,0.9770916,0.0797986,0.30530384,0.014306006,0.0014976064,0.070636794,0.99978155,0.0012418643,0.9615689,0.9995764,0.00055294967,0.0019379384,0.48710608,0.092552766,8.985852e-06,0.26631314,0.0001162664
0.6395289,0.009706427,0.0021554662,0.14324664,0.17581995,0.9990067,0.96959466,0.0023117033,0.07633498,0.9994777,0.09222767,0.954873,0.15845177,0.0019760074,0.836241,0.9937848,0.00956378,0.9809215,0.99605846,0.004604615,0.01065333,0.95957637,0.32732078,0.0015296814,0.9292175,0.0044794935
0.68514204,0.09956411,0.059067063,0.2062723,0.89404976,0.9952695,0.79437876,0.004815933,0.24736449,0.9970778,0.70986474,0.86969966,0.8738292,0.004866983,0.5961156,0.8581014,0.06373731,0.99065405,0.91799146,0.13971096,0.12673414,0.8721212,0.5895301,0.038723245,0.7905948,0.029856883
0.44884107,0.013291366,0.0056811376,0.05730417,0.32420775,0.9971852,0.91986626,0.0022800225,0.09644198,0.9971445,0.25029713,0.9246695,0.21934795,0.0042406465,0.37685546,0.98835784,0.009899423,0.97970575,0.98937094,0.007290454,0.017924923,0.7943216,0.291959,0.0017495763,0.5246833,0.0031200666
0.32775465,0.0022426802,0.00049567624,0.016980153,0.17308733,0.9997377,0.9665267,0.00015817914,0.049038794,0.99953675,0.15439017,0.94600314,0.08043291,0.00042088304,0.22067145,0.99885046,0.0013540521,0.9938397,0.9985098,0.0007019818,0.0027961205,0.79125124,0.16723314,6.288356e-05,0.4289175,0.0001987794
0.688945,0.005205329,0.00061273156,0.1607179,0.08343678,0.9996792,0.9843472,0.0013129195,0.058480658,0.99984264,0.037577238,0.95569867,0.084414706,0.00079560716,0.93518215,0.998028,0.0053473604,0.9851119,0.9988092,0.0019990345,0.004416512,0.984386,0.28447726,0.00043596307,0.983854,0.002569972
0.63739955,0.0013368445,6.935782e-05,0.12030746,0.021161443,0.9999654,0.99432486,0.00029599015,0.03571573,0.99997044,0.008966207,0.95912653,0.019734956,0.00015231481,0.9693434,0.9997894,0.0013916097,0.9923947,0.9998424,0.00030123262,0.00092340977,0.9940732,0.18253411,3.0344021e-05,0.99607664,0.00046516096
0.66623884,0.001123146,4.933506e-05,0.12125409,0.019060094,0.9999745,0.9951912,0.00023043025,0.033396043,0.9999809,0.007681212,0.9608995,0.018408354,0.00010968028,0.9757161,0.9998361,0.0011636745,0.9932215,0.9998771,0.00024718646,0.0007210273,0.9952525,0.1783402,2.180886e-05,0.99720544,0.0003848574
0.5863125,0.0068769776,0.0013279382,0.12009521,0.1308504,0.9993747,0.9751972,0.0016025116,0.06584923,0.99957913,0.07157361,0.95658046,0.11118309,0.001397068,0.8284932,0.99630934,0.0067611886,0.9836977,0.9975126,0.0027794032,0.007843456,0.9619243,0.29046488,0.00079251797,0.9320345,0.0028109658
0.60943955,0.019965293,0.007501303,0.12709178,0.3632282,0.9971054,0.93499523,0.0038804342,0.10926507,0.9984604,0.22005568,0.94281334,0.31287706,0.00439012,0.6737859,0.98028964,0.017196894,0.97781974,0.98665154,0.012420427,0.0252897,0.903741,0.38003615,0.004826102,0.7921931,0.00794187
0.7548142,0.08283798,0.036575533,0.21221164,0.9529264,0.99892396,0.85111034,0.0012179816,0.22855656,0.99936813,0.7986404,0.88057244,0.9464792,0.0009383172,0.67040926,0.8840649,0.04309547,0.99744797,0.9514459,0.14319247,0.1041811,0.9325048,0.6784998,0.0246982,0.9000735,0.018247856
0.66936016,0.02393135,0.009218389,0.120239064,0.645441,0.99833196,0.9215417,0.0017021941,0.12911452,0.9992854,0.39485684,0.9434006,0.58905804,0.0019578915,0.6399805,0.9694995,0.017336532,0.99072874,0.9817563,0.020239538,0.030681353,0.9069625,0.46250018,0.0056075687,0.7892127,0.0067271837
0.6429461,0.038418416,0.018881008,0.13953626,0.6556076,0.99592483,0.8878779,0.0040507405,0.15494421,0.99798125,0.43219984,0.9239011,0.5997497,0.0048624123,0.60049534,0.94928056,0.02901897,0.984169,0.9685407,0.035476305,0.050324835,0.8740867,0.47159818,0.011867388,0.7392288,0.013016783
0.64204556,0.01038699,0.002386166,0.14659029,0.18359087,0.9988827,0.9681466,0.0025485489,0.07855325,0.99943167,0.0967261,0.9534381,0.16655676,0.002186908,0.8340987,0.9932193,0.010223341,0.9799008,0.9957249,0.0050303084,0.011391447,0.9583295,0.33495453,0.0017311844,0.9269922,0.0049071005
0.66715634,0.008279808,0.001537226,0.15244187,0.1509738,0.9992762,0.97504425,0.0019550237,0.0710261,0.9996517,0.07460531,0.95669764,0.14178902,0.0014920385,0.8766473,0.99529934,0.008275777,0.9824123,0.99712616,0.003752641,0.008386478,0.97014666,0.32297015,0.0011445164,0.9539486,0.0039883116
0.7341904,0.07749645,0.035990056,0.20054013,0.91745335,0.99811375,0.8408565,0.0020836352,0.22682105,0.9990096,0.72219086,0.8943143,0.90566677,0.0018047635,0.65914,0.88803446,0.044949703,0.9952553,0.94401354,0.1096118,0.09778459,0.9134681,0.61746365,0.024601197,0.85922074,0.019598737
0.31540456,0.0024106714,0.000533003,0.018705139,0.15054671,0.99968934,0.9664707,0.00020789044,0.049268782,0.9994128,0.13795622,0.9430028,0.07085653,0.0005290784,0.23817432,0.99883825,0.0015084501,0.99262214,0.9985247,0.000723319,0.003129699,0.7986712,0.16566385,7.1335766e-05,0.45484114,0.00024221482
0.63320935,0.013617767,0.0040931907,0.124734804,0.30682757,0.9984445,0.9542609,0.0023896145,0.091554455,0.99924505,0.17170422,0.9530157,0.26609498,0.0025019322,0.7358286,0.98805094,0.012072117,0.98253274,0.9922361,0.0077160764,0.016420946,0.9326141,0.36744574,0.0027132055,0.8527959,0.0053096334
0.67032886,0.013424445,0.0033152828,0.16447024,0.21892498,0.99845076,0.96307945,0.0033909257,0.08758392,0.9993017,0.1134533,0.9506646,0.20669514,0.002783809,0.84032685,0.9901973,0.013155207,0.9774091,0.99411017,0.007171723,0.014387859,0.95599353,0.35900265,0.002680733,0.92649543,0.006844643
0.53429496,0.006309337,0.0013318774,0.09985619,0.12938777,0.99935335,0.97363925,0.0014503505,0.06398969,0.99946874,0.07719037,0.9538421,0.10173867,0.0014595385,0.7717938,0.99661416,0.0060640657,0.9840193,0.99757487,0.0024698596,0.0077829403,0.95127106,0.27715153,0.00066402694,0.90292203,0.002314156
0.65267783,0.0036437411,0.00036084483,0.14639688,0.05605905,0.9998129,0.9878181,0.0009683517,0.051137213,0.9998796,0.025308875,0.9545764,0.053743307,0.0005757775,0.9430709,0.9989102,0.0038330697,0.9870216,0.9993075,0.0012030962,0.0030625344,0.98724246,0.25218862,0.00021705296,0.9881294,0.0016527788
0.69639283,0.032319173,0.012679776,0.12563592,0.82972944,0.99886334,0.89810586,0.0010546418,0.15893245,0.9994861,0.57025695,0.9336211,0.7921128,0.0011491632,0.6167402,0.9532983,0.02010591,0.99532926,0.9740404,0.03590967,0.04223,0.9106415,0.5286756,0.0071353973,0.8077006,0.006997842
0.73284227,0.099302605,0.049988486,0.22221573,0.94211173,0.9980019,0.82015646,0.0022328533,0.24684504,0.9987801,0.7822748,0.87101775,0.9335756,0.0018433856,0.64815545,0.86171025,0.055464406,0.9958638,0.93370414,0.15966693,0.12539575,0.91494775,0.6545218,0.034190685,0.87070715,0.025241563
0.6017604,0.0055122455,0.0008542996,0.13485877,0.09131808,0.9995808,0.981141,0.0014560763,0.06000781,0.99970824,0.04682548,0.95442754,0.08081166,0.001090698,0.887689,0.9976457,0.005799163,0.9841689,0.9984871,0.002085346,0.0057779937,0.9751501,0.2771716,0.00051633624,0.96565497,0.0024727313
0.49565062,0.007341329,0.0020300837,0.07105176,0.19482522,0.99905425,0.96203816,0.001322426,0.070708655,0.9991761,0.12988949,0.9522811,0.13886887,0.0017693689,0.6027676,0.9951212,0.0061297314,0.9849472,0.99600214,0.0030863378,0.009818979,0.9084489,0.27772278,0.0008114753,0.77202034,0.0020984407
0.3586544,0.002155977,0.00036925328,0.030317158,0.098417245,0.9998117,0.9794758,0.00023618896,0.044120643,0.99968374,0.077853985,0.956459,0.0538003,0.0004059993,0.46881574,0.99912244,0.0015692262,0.9927718,0.99908006,0.00056771055,0.0029491687,0.90256774,0.17666216,7.24921e-05,0.73158664,0.00032546718
0.44099015,0.0021289517,0.0002560628,0.06771652,0.05326935,0.99988294,0.9879858,0.00033998385,0.043472487,0.9998431,0.03477676,0.9566326,0.03675905,0.00034900513,0.80766255,0.99938357,0.0020666057,0.9913362,0.9995105,0.00053341186,0.0025062964,0.9697224,0.19968522,8.001037e-05,0.94669527,0.0005494779
0.4566733,0.0029860185,0.0004491191,0.0676097,0.078516915,0.9997893,0.98355377,0.0005035172,0.048411895,0.99974865,0.050507538,0.9576479,0.054486312,0.0005450646,0.7567302,0.9988733,0.0027476493,0.99001825,0.99911124,0.00085973245,0.0037230013,0.9582567,0.21813826,0.00015353927,0.91528887,0.00079683086
0.6460686,0.00985388,0.0021784606,0.14567134,0.17885312,0.9989899,0.96957797,0.002355967,0.07654019,0.9994855,0.09300212,0.9546954,0.16227238,0.0019884063,0.84023154,0.9936846,0.0096852835,0.98080057,0.99602365,0.0046908413,0.010694983,0.9604898,0.33157846,0.0015700745,0.9314548,0.0046209698
0.46407297,0.004153196,0.0008018318,0.068076454,0.108235754,0.99961334,0.9772807,0.0007620303,0.054790445,0.9995696,0.07134759,0.95565015,0.07509909,0.0008996809,0.69624585,0.9980432,0.0037024743,0.9880397,0.998423,0.0013767476,0.00541712,0.94165635,0.23547813,0.00028745498,0.87014294,0.0011432916
0.328649,0.00210609,0.00042035576,0.019617435,0.13868745,0.9997737,0.9722693,0.00017262273,0.04612342,0.9995951,0.12089292,0.95069885,0.06702357,0.00040291194,0.2819282,0.99901736,0.001339209,0.9935654,0.99879396,0.00060000113,0.002775684,0.8325514,0.16679804,6.0574755e-05,0.52215964,0.00021940039
0.6418819,0.0008536173,3.3005046e-05,0.11089663,0.014297536,0.99998367,0.9960055,0.00016959499,0.030565875,0.99998486,0.0058275657,0.9616584,0.013254847,8.0447295e-05,0.9773172,0.999894,0.000883672,0.99404705,0.9999169,0.00016508762,0.00053548923,0.99577975,0.16022652,1.2736625e-05,0.9976343,0.00026327523
0.62911105,0.004431465,0.00051641895,0.14834471,0.061694268,0.9997317,0.9852432,0.0013216212,0.055232745,0.9998055,0.029042471,0.9515091,0.057321876,0.0008384546,0.9304317,0.9985405,0.004752389,0.9849038,0.9990682,0.0015517081,0.003970919,0.9840045,0.25621578,0.0003112775,0.9838921,0.0020663794
0.6073471,0.011156173,0.0031543646,0.114098705,0.25582325,0.99870384,0.95943636,0.0020905263,0.08348255,0.999295,0.14589779,0.9542869,0.21458152,0.0022295201,0.7320631,0.9911385,0.010043779,0.9827891,0.99399054,0.00574074,0.013636335,0.93457264,0.34247938,0.001922849,0.85476875,0.004234202
0.6952849,0.06568024,0.033385392,0.17903471,0.84493273,0.9966311,0.8471971,0.003457734,0.2056165,0.998302,0.61905986,0.9033353,0.8197285,0.0035314062,0.6264725,0.9044802,0.04334204,0.99087477,0.9468704,0.080570176,0.084659085,0.88797456,0.5603201,0.022428498,0.7993077,0.019469857
0.61628973,0.0068891384,0.0012956464,0.13112943,0.13210368,0.99940324,0.9764872,0.0015900288,0.065888636,0.9996381,0.069322474,0.9573914,0.1156936,0.0013265597,0.8523565,0.9963251,0.006953347,0.9838621,0.99761,0.0028932116,0.007560525,0.96696246,0.29950032,0.0008229621,0.9443701,0.0029963308
0.36223003,0.0027116642,0.00055802765,0.029433558,0.124966495,0.9997087,0.9733708,0.0003064788,0.048870258,0.99953663,0.10183172,0.95314467,0.06787856,0.0005803068,0.40299064,0.99872595,0.0019167262,0.9918189,0.9986193,0.0007959904,0.0037167596,0.87483746,0.18629873,0.00010844965,0.65052044,0.00040145198
0.4705744,0.0041912,0.00087892177,0.058420878,0.13882704,0.99959916,0.97489935,0.0006293014,0.056013584,0.9995968,0.09230741,0.9588701,0.09345356,0.0008268475,0.63106954,0.99777704,0.0034823222,0.989421,0.9981129,0.0014415941,0.0055238735,0.9289173,0.24182847,0.00029807893,0.8193488,0.0010187606
0.6213568,0.0044869273,0.0005552632,0.1379932,0.07237637,0.9997248,0.98478174,0.0011616019,0.055148974,0.9998128,0.034974102,0.955841,0.066485025,0.0007841857,0.9159683,0.9983814,0.0047006872,0.98589444,0.9989581,0.001566155,0.004264576,0.9817485,0.26308453,0.0003371919,0.9783212,0.0019752712
0.75513303,0.079406716,0.03471765,0.20826703,0.95002407,0.99892044,0.8529578,0.0012143372,0.22596318,0.9993924,0.7880459,0.8859187,0.9432765,0.00094182417,0.6727377,0.8878633,0.041812614,0.997382,0.9523671,0.13386063,0.100086525,0.9326938,0.6717917,0.023318354,0.8979487,0.017664047
0.7856716,0.048239924,0.015885118,0.17353301,0.9549192,0.99962234,0.8930344,0.00040904913,0.19553667,0.99982566,0.7745087,0.91562575,0.94871366,0.00030463972,0.7045559,0.9295542,0.023396475,0.99870336,0.9722263,0.0775048,0.06016791,0.951396,0.66519994,0.00978895,0.9211417,0.008129798
0.5395163,0.0180738,0.0080347415,0.07842109,0.45761877,0.99725384,0.91550416,0.0023701852,0.111725785,0.99809057,0.3139425,0.93309623,0.35487163,0.0037193878,0.47194418,0.9806623,0.0136154555,0.9836844,0.98498607,0.0122112045,0.024098217,0.83886003,0.36110747,0.003311456,0.6196582,0.0047846036
0.5992635,0.0036304872,0.00041506722,0.12682095,0.062057104,0.9998042,0.98677653,0.0008625317,0.051138204,0.9998498,0.030642254,0.9573747,0.05511822,0.0005929408,0.9158017,0.99881196,0.0038119815,0.9876453,0.9992181,0.0011640216,0.0035098954,0.9828699,0.24739756,0.0002271605,0.9794915,0.0014810192
0.666296,0.0073416103,0.0010504628,0.17658013,0.08882728,0.99940896,0.9793123,0.002495354,0.066494904,0.99964833,0.04206889,0.9467814,0.08733516,0.0015536041,0.9255577,0.9969553,0.0077988603,0.9794988,0.99817884,0.0030842347,0.0065199877,0.9798538,0.29152325,0.00076993764,0.9797434,0.0040139575
0.5428064,0.012218942,0.004584194,0.06195636,0.47053137,0.99869883,0.9320139,0.0010540381,0.09807164,0.9991171,0.31129798,0.9445757,0.3573775,0.0017139063,0.45865223,0.9873061,0.008490359,0.9901742,0.98990333,0.0077886353,0.015965795,0.85563195,0.3468262,0.0016445458,0.6279965,0.0025053965
0.7009616,0.064211,0.032073382,0.17109728,0.8818208,0.9975358,0.8437472,0.0023847043,0.20956177,0.99871063,0.6689045,0.901637,0.8580604,0.002459462,0.612859,0.9053878,0.039993,0.99354964,0.947895,0.084836565,0.082682535,0.8935109,0.5738037,0.019795986,0.8064034,0.016568065
0.3404525,0.0024556431,0.0004915667,0.025180575,0.12516066,0.9997316,0.9731382,0.00025522435,0.047455437,0.99952507,0.10556815,0.95022017,0.06474068,0.00052056764,0.3528354,0.9988702,0.0016675729,0.9922558,0.99872833,0.0007020202,0.0033404704,0.8585411,0.17629343,8.432605e-05,0.60440046,0.00032126834
0.3297043,0.0028633317,0.0006423019,0.024219777,0.13671403,0.9996264,0.96733165,0.0003187128,0.0508916,0.9993136,0.120856315,0.9448299,0.06888534,0.00069446355,0.30581164,0.99860865,0.0019139916,0.9911237,0.99837375,0.0008525955,0.003908787,0.82926005,0.1763621,0.000104421335,0.53787464,0.0003701935
0.50980914,0.005670591,0.0012374717,0.08293668,0.13583796,0.9994136,0.9732152,0.0011356983,0.061832584,0.99947816,0.08487678,0.95538336,0.10089305,0.0012749631,0.7193193,0.9969074,0.0051662605,0.985838,0.9976355,0.0021422287,0.0072428957,0.9417724,0.26546443,0.00053724006,0.87197095,0.0018086471
0.6949265,0.04984388,0.023329465,0.14461991,0.88437235,0.99833196,0.8588439,0.0014663893,0.19254652,0.99912363,0.66855335,0.91177666,0.8552989,0.0016363281,0.58773714,0.9256663,0.030117685,0.9951692,0.95883644,0.06629307,0.06452378,0.89628863,0.5618934,0.012741061,0.7967526,0.010981042
0.79460496,0.03703556,0.010651858,0.15916777,0.9393613,0.9996915,0.9109543,0.00034223453,0.17532349,0.9998791,0.71670675,0.9315616,0.93277556,0.0002531894,0.729908,0.9461687,0.018378338,0.9986809,0.97850305,0.05184673,0.04512517,0.9557787,0.63858944,0.006747456,0.925246,0.0061481064
0.4121003,0.0039045524,0.0010877495,0.02567036,0.2891855,0.99955815,0.9570199,0.0002628278,0.062200807,0.99950254,0.22250904,0.947396,0.16364197,0.0006188514,0.2817788,0.9972572,0.0024924385,0.9935295,0.99706835,0.0017115362,0.004917832,0.81392133,0.22963203,0.000196074,0.48190272,0.00044844468
0.7040874,0.027860597,0.010197892,0.13773479,0.7044771,0.9985097,0.9185956,0.0016230497,0.13901526,0.9994141,0.4312378,0.94345397,0.6657523,0.0016714336,0.68291235,0.9638419,0.019395368,0.9921629,0.97975665,0.02510631,0.034631915,0.9207527,0.49238357,0.0068897125,0.8301856,0.007925131
0.478705,0.0040211813,0.00077696383,0.062268693,0.12701571,0.9996499,0.9771936,0.0006097851,0.05469059,0.9996574,0.08194226,0.960505,0.08747885,0.0007493893,0.6721324,0.9979857,0.0033924987,0.9896175,0.99832684,0.001336166,0.005197022,0.9387933,0.2404642,0.00027938,0.8502762,0.0010173765
0.5091473,0.008034829,0.0024154398,0.06340096,0.26445526,0.99900013,0.9558178,0.0011259575,0.07615982,0.9992355,0.17526834,0.9531769,0.1884115,0.0016329958,0.5407508,0.99381834,0.006213264,0.9870839,0.99481153,0.0037213604,0.010730317,0.8900783,0.2940931,0.0009313138,0.71011883,0.002003567
0.4770981,0.004641478,0.0011501624,0.044337507,0.2372082,0.99953926,0.96691674,0.00045221843,0.06242261,0.9996094,0.15918243,0.9582425,0.15481482,0.00074587436,0.48967382,0.9968451,0.003429928,0.9917351,0.997207,0.0018872728,0.006066319,0.89441603,0.26378444,0.00034336987,0.69101185,0.00085884787
0.33223164,0.0023122753,0.00048480264,0.019712321,0.14861602,0.99973947,0.9695161,0.00019590357,0.047887307,0.99953556,0.12975135,0.9498337,0.0718526,0.0004593094,0.2703879,0.99886084,0.0014471634,0.993236,0.9985904,0.00067828543,0.0030177885,0.821175,0.16919304,7.0412156e-05,0.49857038,0.00024086486
0.2331602,0.001164945,0.0001947641,0.010389368,0.104497574,0.9998629,0.9740287,6.7153116e-05,0.03904508,0.99958533,0.11343565,0.9303939,0.039949674,0.0002245557,0.1463747,0.9995945,0.0006688658,0.99479973,0.99935883,0.00028072437,0.0014259298,0.75028235,0.117076345,1.4580501e-05,0.36147618,6.886544e-05
0.5256684,0.0051866244,0.0009869218,0.09054259,0.1185588,0.9995401,0.9769986,0.0010496051,0.0593752,0.99960536,0.07052911,0.9576892,0.0909616,0.0010509399,0.77276254,0.99739325,0.0048857676,0.98648596,0.9980861,0.001882373,0.0063835373,0.9544163,0.2625027,0.00046016506,0.90738595,0.0017392235
0.8043238,0.034319367,0.009132857,0.15674616,0.9496378,0.9997869,0.91877574,0.0002334753,0.17205343,0.9999181,0.7364883,0.93197405,0.9442857,0.0001648072,0.7400252,0.95048714,0.016322058,0.9990397,0.9817758,0.05079868,0.041708726,0.96159965,0.6569239,0.0056489217,0.93751806,0.005226357
0.716271,0.0011605596,4.6461108e-05,0.13473663,0.02088323,0.99997365,0.9952982,0.00022885359,0.033682182,0.9999846,0.007940589,0.96030885,0.021234885,0.00010047409,0.9807927,0.9998229,0.0011953829,0.993262,0.9998747,0.00027778535,0.00067974796,0.9958643,0.18730016,2.274839e-05,0.99790025,0.0004211762
0.60901755,0.005486159,0.0008111491,0.13877757,0.087279044,0.99959975,0.98158884,0.0014719295,0.059689578,0.9997181,0.04409595,0.9542135,0.07808283,0.0010714751,0.89520204,0.997724,0.005748311,0.98411393,0.99854857,0.002058874,0.0055559548,0.97657007,0.27430433,0.0004985777,0.96906763,0.002473864
0.6822727,0.038005967,0.01668252,0.13577321,0.78066826,0.9979309,0.8884149,0.0019789275,0.16291803,0.9990345,0.5278794,0.92817867,0.7369901,0.0022345453,0.61378425,0.9461024,0.025512686,0.99214363,0.9690457,0.040011223,0.049058087,0.89569306,0.5137016,0.010073226,0.78261155,0.010019088
0.50962985,0.009654926,0.0034358795,0.049879573,0.42674035,0.9989348,0.93696725,0.0008110598,0.08909316,0.9991622,0.29123116,0.94531786,0.30205023,0.0014420273,0.40691137,0.99069935,0.0065618646,0.9908444,0.9920318,0.0056832787,0.012503069,0.841883,0.31679234,0.0010501042,0.58391607,0.0017283313
0.740224,0.048517626,0.019222083,0.16575184,0.89293325,0.9988543,0.8809355,0.0011995666,0.18848604,0.99949646,0.6575415,0.92161137,0.8766732,0.0010984584,0.6714144,0.9276881,0.028588975,0.99615026,0.9647484,0.062565506,0.06168057,0.9248713,0.5907599,0.012620539,0.861635,0.011022341
0.7377877,0.087006465,0.042990983,0.21473062,0.94089895,0.99826366,0.8405668,0.0018704314,0.2298152,0.99901354,0.7737432,0.87992865,0.9324083,0.0015622231,0.6557307,0.8730605,0.049851518,0.99624866,0.9441135,0.14845885,0.11252538,0.9211529,0.6636393,0.030072324,0.87778753,0.02212893
0.54389197,0.01047208,0.0030787985,0.101324655,0.20769407,0.9985348,0.958032,0.0023977512,0.0803915,0.9989386,0.13004194,0.94847435,0.16446005,0.0027608369,0.68812555,0.99247813,0.0094382195,0.979916,0.9945076,0.0049195006,0.013521797,0.92167485,0.3121046,0.0016089496,0.8263856,0.0038850044
0.6589847,0.0013053213,6.367417e-05,0.12349789,0.02179317,0.99996793,0.9946155,0.00027136772,0.0352826,0.9999758,0.008974285,0.960206,0.020954594,0.00013355658,0.97235346,0.9997924,0.0013475528,0.992677,0.99984777,0.0002986769,0.00087629474,0.99455845,0.18590702,2.908946e-05,0.9965676,0.0004605152
0.5928307,0.0020576986,0.00016325738,0.11378131,0.037096445,0.99992466,0.9916204,0.00043132302,0.042123824,0.9999367,0.017575705,0.9589933,0.03296104,0.00027441958,0.9417057,0.9995297,0.0021469104,0.9909016,0.99967515,0.00052566524,0.0017654031,0.98923177,0.21438994,7.5342985e-05,0.98949414,0.0007359087
0.6246816,0.041009452,0.021320468,0.1459901,0.586226,0.99407,0.8841797,0.0061605372,0.15553379,0.99689806,0.38833934,0.91960436,0.5286224,0.0074911104,0.5991443,0.94762516,0.03278816,0.97714055,0.9662861,0.035586726,0.053651195,0.86115843,0.45293817,0.013840369,0.7212859,0.015837668
0.82155627,0.022282211,0.0046635796,0.13963723,0.94161457,0.99989223,0.9409955,0.00011575818,0.14836311,0.9999672,0.6879202,0.9454096,0.93801814,7.964832e-05,0.77783334,0.9691668,0.010490403,0.9993375,0.9892504,0.029264038,0.025927784,0.97117513,0.64352745,0.0027667272,0.9525429,0.002998252
0.69172245,0.004209109,0.00040008003,0.16326347,0.060788676,0.9997788,0.98699784,0.0011357539,0.053927332,0.99987817,0.026454486,0.95297414,0.061655823,0.00062953355,0.9511962,0.998692,0.004357559,0.986008,0.99919397,0.0014977232,0.003261476,0.9879368,0.26015377,0.00026779744,0.990013,0.002034758
0.6359989,0.005013521,0.0006652197,0.14377618,0.08292546,0.9996728,0.98358595,0.0012769421,0.057612814,0.9997974,0.03990479,0.95602,0.077178046,0.00086380006,0.91382796,0.99803513,0.00523517,0.985233,0.9987664,0.0018529969,0.0048248814,0.98067963,0.27512717,0.00042498685,0.97655356,0.0023112164
0.76027155,0.058086365,0.022566073,0.18053764,0.9367768,0.9991736,0.8712009,0.0008902306,0.20613845,0.9996031,0.74142253,0.9105342,0.9271643,0.00072838005,0.678827,0.91433364,0.031163044,0.99751943,0.96117777,0.08697539,0.07348732,0.9346238,0.6355731,0.014561106,0.8898649,0.01186225
0.6503915,0.0010672463,4.7194433e-05,0.11944797,0.017439298,0.9999763,0.99533397,0.00022200722,0.033110294,0.9999801,0.0072006597,0.9598601,0.01638215,0.000108116146,0.9753,0.9998522,0.0011138067,0.9932422,0.9998882,0.00022720579,0.000690372,0.9952172,0.17368804,1.975256e-05,0.9972037,0.00035998365
0.5991052,0.009948834,0.0026407833,0.111390546,0.22924429,0.99888676,0.9632916,0.0018811696,0.07941762,0.99937075,0.13084021,0.95563215,0.19099434,0.0019789068,0.74294525,0.99258196,0.008971579,0.9833208,0.99494755,0.0048482823,0.012074853,0.9388831,0.33143604,0.0015778819,0.8657845,0.0037397419
0.75961125,0.07599962,0.03250016,0.20597968,0.95683515,0.99914443,0.8614738,0.00093927514,0.22211328,0.9995078,0.80485153,0.88299435,0.9507684,0.0007236162,0.67357504,0.89340657,0.039037082,0.99788815,0.9570489,0.1378667,0.09605226,0.93747574,0.6863757,0.02128832,0.9073419,0.01590166
0.46655008,0.009126524,0.0033518742,0.04442952,0.3671455,0.9987056,0.93409795,0.0009329688,0.08594762,0.998798,0.2684631,0.9390076,0.24282305,0.0018197066,0.35784608,0.99197114,0.0062401714,0.98867583,0.9925114,0.0049393163,0.011877564,0.8137257,0.28690532,0.0009018449,0.5271526,0.0016091443
0.77094096,0.0758361,0.028456613,0.2096996,0.97428346,0.99963725,0.8772004,0.00042442654,0.22696893,0.9997265,0.86570865,0.85071063,0.9707379,0.00028985893,0.67835367,0.9098128,0.032192096,0.9989561,0.9667478,0.158015,0.09050783,0.949476,0.724799,0.016094755,0.93790054,0.011680132
0.69908273,0.022630356,0.007804291,0.14465186,0.548808,0.99821764,0.93553853,0.0022237329,0.12023879,0.9993368,0.30876365,0.94784325,0.5125878,0.0022473477,0.7278083,0.9736583,0.017821642,0.9878511,0.9849979,0.017365906,0.02708354,0.9279285,0.45406651,0.0057541924,0.8489135,0.007902172
0.30969203,0.0015888816,0.00024310556,0.023600062,0.07706357,0.9998652,0.98161775,0.00016027385,0.039499402,0.9996966,0.06707197,0.9521468,0.03841751,0.00030534662,0.41121626,0.999448,0.0011225379,0.99357104,0.99937266,0.00036865973,0.0022039665,0.89167887,0.14986217,3.6844904e-05,0.70623875,0.00019967392
0.54507494,0.0052894684,0.0009621741,0.10340334,0.10832874,0.99954396,0.9783865,0.001184672,0.059440073,0.99962664,0.062040508,0.9563631,0.08659445,0.0010985206,0.81379634,0.9974699,0.005213677,0.9855913,0.99822515,0.0019489243,0.0062689995,0.96197164,0.2680306,0.0004858509,0.93042535,0.0019644876
0.61802655,0.0044160234,0.0005519836,0.13734181,0.0716587,0.99972874,0.9848742,0.0011406438,0.055055585,0.9998115,0.03484951,0.9557712,0.06525394,0.00077725045,0.9150464,0.9984059,0.004665831,0.9859638,0.9989753,0.001549219,0.0042390907,0.9816149,0.262206,0.00033152092,0.9781536,0.0019470748
0.6618481,0.0052175955,0.0006864183,0.14927074,0.090620674,0.9996625,0.9834139,0.001261598,0.058813144,0.99981827,0.04250557,0.9572225,0.08665101,0.0008483524,0.91840225,0.9978678,0.0054524643,0.98540777,0.9987037,0.002011881,0.0048256945,0.9815429,0.28629217,0.000465809,0.9777713,0.002468652
0.4171213,0.0022699253,0.000337546,0.048557527,0.07864261,0.9998443,0.9842795,0.00030194828,0.044163905,0.99978966,0.05488505,0.960372,0.04962342,0.0003850145,0.6748627,0.99916744,0.0019409381,0.9921611,0.9992631,0.000602029,0.0029615373,0.94775975,0.19722359,9.1641734e-05,0.87758017,0.00047660514
0.8186907,0.020469636,0.0041285884,0.1390055,0.9172187,0.9998709,0.9460731,0.00014368395,0.13916609,0.9999635,0.62126297,0.9498356,0.91410327,0.00010030867,0.7929957,0.9730199,0.0102227535,0.9991173,0.9902665,0.023895713,0.023300067,0.97137445,0.6194822,0.002615981,0.9522272,0.00307489
0.4875966,0.0025167991,0.0002983951,0.0810916,0.0564561,0.99986255,0.98757637,0.00046358135,0.04516505,0.9998436,0.033411644,0.9582447,0.042161774,0.00041836494,0.84739166,0.99922574,0.002469458,0.99039197,0.9994229,0.0006756622,0.00282199,0.9744193,0.21411487,0.00011282125,0.95906216,0.0007422096
0.5491442,0.012491899,0.004576327,0.06987544,0.4152302,0.99852055,0.93697584,0.0013682487,0.09545664,0.9990202,0.2703312,0.9469465,0.3154438,0.0020585025,0.5046901,0.9875958,0.009232898,0.9879353,0.9903346,0.0074792216,0.016452622,0.86896706,0.34528843,0.0018464389,0.66484123,0.0029987053
0.5501315,0.008929697,0.00269948,0.07210145,0.29874218,0.99900764,0.9554736,0.001143357,0.079939425,0.9993424,0.18637168,0.95564467,0.22340567,0.00157212,0.58388823,0.9925051,0.0070121903,0.98788434,0.9941427,0.0044594267,0.011560574,0.9017924,0.31646603,0.0011600185,0.742984,0.0023191157
0.5576856,0.006017558,0.0011964041,0.10407699,0.12892492,0.9994468,0.9757884,0.0012890336,0.06265556,0.9995809,0.073989116,0.957149,0.10342098,0.0012450498,0.7953435,0.99682707,0.005789214,0.98521125,0.99775773,0.002341325,0.007158053,0.95716244,0.27945337,0.00062462926,0.91626793,0.0022176881
0.69029605,0.03359772,0.0138643,0.15332268,0.6589784,0.9973858,0.90966624,0.0029423875,0.14548364,0.99893206,0.40579513,0.9356278,0.621716,0.00308494,0.6821771,0.956438,0.02520318,0.98765707,0.97537327,0.030064508,0.042119853,0.90938026,0.4875745,0.009973922,0.8156423,0.011473658
0.5772683,0.010760761,0.0033225478,0.0869087,0.3133578,0.9987937,0.9533064,0.0015038986,0.08558931,0.99928504,0.18920031,0.9550057,0.24716523,0.0018930177,0.6314297,0.9906461,0.008704111,0.9863251,0.99309856,0.0056595546,0.013760784,0.9107319,0.33661786,0.0016599535,0.7761406,0.0031969687
0.72632855,0.043428283,0.017458959,0.16328613,0.8230191,0.9983298,0.8917874,0.001805357,0.1724534,0.9993104,0.5588458,0.92814285,0.800624,0.0017349421,0.68125993,0.9380681,0.028069936,0.9936479,0.9680696,0.048150904,0.0544933,0.9183895,0.55143166,0.012235925,0.84492064,0.011748879
0.33691025,0.0028156438,0.0006400805,0.02289561,0.15024294,0.9996427,0.96657383,0.00028149463,0.051304653,0.9993819,0.13115844,0.9465393,0.07520366,0.0006356436,0.28985602,0.99857485,0.0018394232,0.99182206,0.9983057,0.0008612235,0.0037680354,0.8227185,0.1780373,0.00010193547,0.51402074,0.00034000023
0.69670695,0.003542438,0.00031278934,0.15715514,0.057017334,0.99983215,0.9887201,0.0008559896,0.05044998,0.99991155,0.024546294,0.9552153,0.05777842,0.00047731146,0.9544519,0.9989735,0.0036473954,0.987713,0.99936813,0.0012074083,0.0027108493,0.9893169,0.25762722,0.0002008486,0.99119043,0.0016527025
0.80416757,0.023715567,0.0055034384,0.14339145,0.9068948,0.99979097,0.9376972,0.00023201646,0.14480682,0.99993587,0.61519635,0.9475867,0.90103537,0.00017291728,0.7726582,0.96758145,0.012448715,0.99873716,0.98748463,0.027548263,0.027767347,0.9650343,0.607783,0.0036122303,0.9383161,0.003956484
0.6477948,0.02049771,0.0076212212,0.10571923,0.6009183,0.9984712,0.9256286,0.0015412193,0.120632164,0.99928683,0.36518183,0.94632596,0.53217417,0.001874786,0.6142733,0.9750889,0.014720293,0.9905896,0.9841283,0.015933022,0.026133437,0.90150505,0.43615067,0.0042646728,0.7662639,0.00543393
0.6131426,0.0052098725,0.0007136998,0.14258988,0.077650346,0.9996381,0.982726,0.0014820583,0.058472227,0.9997421,0.038398385,0.9526712,0.07057858,0.0010240669,0.90852517,0.9980082,0.0054995897,0.98404944,0.9987343,0.0018962594,0.0050742393,0.979329,0.2696397,0.00043819635,0.9750436,0.0023962131
0.29446292,0.0014403043,0.00022579837,0.019298077,0.084146,0.9998727,0.980645,0.00012359655,0.03916251,0.99969995,0.076450095,0.95116496,0.03922982,0.0002657198,0.33632693,0.99948895,0.000965772,0.99419606,0.99937445,0.0003352494,0.0019790074,0.8686845,0.14206032,2.9429793e-05,0.6296301,0.00015302711
0.5717876,0.016195692,0.006735483,0.06801064,0.60593396,0.99857104,0.9151179,0.0010346397,0.114926845,0.9990978,0.40723413,0.936889,0.49255908,0.0016839562,0.44873923,0.98108864,0.010825355,0.9918344,0.98573303,0.012695748,0.021030337,0.85044175,0.38715777,0.0024196221,0.62991315,0.0031378665
0.6664687,0.0029631767,0.0002456349,0.1461227,0.04607745,0.99987257,0.98988837,0.0007379554,0.047381796,0.99991846,0.020116616,0.9556975,0.04486832,0.00041318726,0.9543153,0.999231,0.0031063342,0.988514,0.9995016,0.0009288312,0.0023211343,0.98984724,0.23838322,0.00014313098,0.9916686,0.0012974803
0.754588,0.01928716,0.0051498953,0.1481197,0.6337296,0.9992004,0.947605,0.0010381606,0.11626311,0.9997613,0.3353289,0.95510805,0.61744815,0.00090178393,0.7864444,0.9781994,0.013773357,0.9935215,0.988986,0.015118212,0.021433309,0.95263463,0.48596677,0.0040227645,0.905891,0.005779534
0.6349882,0.0015441565,8.9011126e-05,0.123025,0.024674041,0.9999566,0.99369,0.00034003213,0.03763684,0.99996376,0.010673714,0.9587353,0.023049088,0.0001811367,0.9654637,0.99973065,0.0016080095,0.991861,0.9998053,0.00036561352,0.0011161217,0.99323314,0.19197729,4.0429186e-05,0.9952152,0.00055520737
0.6237368,0.002720997,0.00023592383,0.1308753,0.043776512,0.9998851,0.9900388,0.00065375544,0.046059463,0.9999112,0.020107388,0.95684123,0.040260207,0.00039755233,0.9440318,0.9993017,0.0028501032,0.98911136,0.999534,0.0007891449,0.002284586,0.98851496,0.22874565,0.00012423767,0.9893477,0.0010907737
0.6688839,0.0013771915,6.6957386e-05,0.12830275,0.02240709,0.9999653,0.99446195,0.0002919159,0.035870574,0.99997437,0.009109271,0.95944315,0.021683581,0.00014220428,0.97333443,0.9997769,0.0014151352,0.9924495,0.9998381,0.00032452063,0.00090273825,0.9945581,0.18749945,3.1540025e-05,0.9966929,0.0004953619
0.5736974,0.0121685825,0.0037737943,0.11003085,0.24362208,0.9983121,0.95418614,0.002641364,0.08614313,0.99891436,0.14822704,0.94867665,0.19848996,0.0030107743,0.6938816,0.9903859,0.010937797,0.97969073,0.993168,0.0062410966,0.015337844,0.9203818,0.33071998,0.002135767,0.8245611,0.0046088304
0.38803136,0.009401405,0.0036243105,0.045358445,0.23786014,0.99780434,0.9314863,0.0017567396,0.08226581,0.9970836,0.20141277,0.9216502,0.14453411,0.0035551703,0.33229995,0.99325645,0.006987786,0.9796498,0.9932741,0.0042632194,0.012956738,0.78284496,0.24749911,0.0008952121,0.4949022,0.0019934345
0.3530067,0.0037820118,0.0009367976,0.031288452,0.1451931,0.99945813,0.9640026,0.0005159368,0.055861417,0.9991072,0.12344879,0.94274795,0.07917857,0.0010332002,0.355889,0.9980361,0.0026823527,0.98892665,0.9978631,0.0012363383,0.0052506784,0.8413884,0.19556862,0.00018443252,0.581608,0.00060240633
0.68348324,0.07076304,0.039079435,0.17400993,0.8815276,0.99672914,0.8269889,0.0030089256,0.21701106,0.9981647,0.68044627,0.8904119,0.85556835,0.0032822932,0.58575255,0.8956487,0.045516506,0.9924247,0.94080776,0.09824776,0.09229277,0.8799053,0.5721865,0.02342386,0.7835703,0.01912704
0.71702266,0.010883597,0.0022010524,0.16584031,0.21845216,0.999047,0.9704077,0.0021581447,0.08135669,0.9996525,0.10351794,0.9568899,0.21464956,0.0016379943,0.8752257,0.99258053,0.010350133,0.982579,0.99573886,0.0056418227,0.010502983,0.9679394,0.3616923,0.0018697057,0.9496429,0.0053605037
0.69809157,0.01396112,0.003188775,0.17993803,0.21237524,0.9984388,0.96445835,0.0036656673,0.08859291,0.99936527,0.10536944,0.94907635,0.20860168,0.0028018223,0.86845785,0.9902136,0.01384889,0.97652686,0.99442965,0.0074415547,0.013735782,0.96250504,0.36398336,0.0027864978,0.9441378,0.007728642
0.8228305,0.01511751,0.0025756864,0.1392204,0.84043485,0.99986804,0.9605655,0.00016171424,0.118280284,0.9999689,0.47422943,0.95607775,0.84527034,0.00011102182,0.84042734,0.9830141,0.008344794,0.99874854,0.99381304,0.014040175,0.01567045,0.97636503,0.5768718,0.0017604856,0.9627429,0.0027325868
0.75978553,0.030428348,0.009491028,0.14795664,0.86378247,0.9993938,0.91791415,0.0006483334,0.15518767,0.99978346,0.57919854,0.940785,0.84827644,0.00056808244,0.7187274,0.9565699,0.017958608,0.9970817,0.9799503,0.03404503,0.037705015,0.9441375,0.57017535,0.006314742,0.89091414,0.0064166496
0.44163585,0.0062849475,0.0018422217,0.049135488,0.20630164,0.9990996,0.95749414,0.0009529354,0.06831753,0.9990395,0.15219022,0.94781435,0.13190849,0.0015892304,0.46248764,0.9957967,0.0047902544,0.98672885,0.99610823,0.0025555866,0.008599918,0.8678635,0.25221077,0.0005424468,0.6534325,0.0013642027
0.588501,0.0029964193,0.0003043999,0.11801319,0.053287886,0.99985707,0.9884862,0.0006671311,0.047752358,0.9998853,0.026161496,0.9586675,0.046742037,0.00045706079,0.92060184,0.99911743,0.0031118887,0.9889798,0.9994036,0.00087923044,0.0028295505,0.9846928,0.23440291,0.00015587204,0.98223513,0.0011443743
0.58564866,0.03141574,0.01579767,0.12625511,0.48330066,0.99433196,0.8987616,0.0058918423,0.13558361,0.9966658,0.32215193,0.9229795,0.41422534,0.0077123316,0.5716158,0.96344435,0.02603265,0.9738057,0.9749531,0.023926007,0.041778147,0.85395026,0.41180742,0.009241102,0.69271934,0.012080856
0.48417166,0.003753145,0.00063127687,0.07643066,0.09161067,0.99970335,0.98101,0.00070966437,0.052315157,0.99968505,0.05743733,0.9577901,0.066297576,0.0007411442,0.7637684,0.99839884,0.0035191383,0.9885239,0.9987696,0.001197583,0.004694583,0.956502,0.23487769,0.0002446516,0.9125007,0.0011109875
0.67495817,0.068568416,0.037470117,0.16791174,0.8516852,0.99617153,0.83017075,0.0035845428,0.21200965,0.9978636,0.64000124,0.89524007,0.8196842,0.0039999587,0.58349055,0.9012151,0.04473383,0.99055874,0.9417665,0.08638069,0.08804722,0.87141204,0.55059767,0.022774294,0.7658434,0.019447811
0.62164646,0.02139412,0.00870316,0.09420176,0.62003994,0.9982559,0.9158239,0.0015811628,0.12543061,0.99908614,0.39681312,0.9418856,0.5359016,0.0020747948,0.5540615,0.97308445,0.015079856,0.9905353,0.98221624,0.017432591,0.028011985,0.88057137,0.4308721,0.0043030353,0.71514755,0.0052966992
0.8066246,0.030666724,0.007679903,0.15308264,0.9392446,0.99979264,0.92452556,0.00023000705,0.16366915,0.99992645,0.70119506,0.9373336,0.9343585,0.00016452034,0.7549004,0.95668954,0.014906665,0.9989717,0.98385805,0.040925913,0.03652088,0.9633607,0.6401611,0.0048517324,0.93920743,0.0047737337
0.6938581,0.0032092275,0.00026118834,0.1543739,0.05071644,0.999859,0.9895356,0.00078530295,0.048702113,0.99992204,0.021595167,0.9555012,0.051489428,0.00042016702,0.95796275,0.99912804,0.00331733,0.98824465,0.99945265,0.0010528343,0.002409761,0.99016947,0.24738483,0.0001633424,0.99231124,0.0014598817
0.51407856,0.00034287362,9.589507e-06,0.07636092,0.0051931855,0.99999595,0.9977749,5.7608562e-05,0.022979282,0.99999225,0.0025242935,0.96310854,0.0042130984,2.9801862e-05,0.97794956,0.99997795,0.0003510756,0.9962031,0.99997866,4.0447314e-05,0.00020783691,0.9968334,0.110245846,2.1859169e-06,0.9982657,7.3828494e-05
0.6575282,0.0011618437,5.299143e-05,0.12216763,0.0187091,0.99997234,0.9949681,0.0002582008,0.03404298,0.99997723,0.007607605,0.95910645,0.017630244,0.0001236596,0.9750276,0.99982953,0.0012141567,0.9928532,0.99987257,0.00025712873,0.0007498876,0.9950111,0.17707616,2.2877424e-05,0.99710006,0.0004017228
0.48528606,0.0025354766,0.00028965392,0.08942901,0.045987874,0.9998653,0.98789746,0.0005500968,0.04496719,0.99982446,0.027122078,0.95517725,0.034746632,0.0004631964,0.8707025,0.99929655,0.0025957131,0.9895913,0.9994741,0.00067073427,0.0027709682,0.9774439,0.20443912,0.000108926506,0.9683829,0.000801901
0.691423,0.04877914,0.022894513,0.15826617,0.79735595,0.9972287,0.87406605,0.002796768,0.1795255,0.9987087,0.5520562,0.9191517,0.7637621,0.0029870847,0.6310732,0.9297431,0.033084292,0.9908008,0.9606469,0.053999696,0.06284107,0.89313644,0.5320845,0.015093469,0.793448,0.01421214
0.21656261,0.0012737972,0.00021215461,0.020110209,0.059212904,0.9998105,0.9803898,0.00011904503,0.04456902,0.99947673,0.071415596,0.8753439,0.030991366,0.00031089046,0.2997468,0.9996996,0.0009870831,0.9910082,0.99964046,0.00031183712,0.0017538528,0.85124046,0.14350049,1.9029663e-05,0.6250646,0.00013710848
0.6402617,0.007921425,0.0013981016,0.15585874,0.11863424,0.99928075,0.97609496,0.00228328,0.06895481,0.9995895,0.059630495,0.9518547,0.111176446,0.0016851469,0.8866743,0.99602216,0.008200865,0.98042893,0.9975418,0.0034111412,0.007986154,0.97189766,0.3060225,0.0009977877,0.9612827,0.003958732
0.6098844,0.002439848,0.00020086508,0.12550047,0.03828946,0.9999026,0.9906165,0.0005951293,0.044306412,0.99991834,0.01771312,0.95688117,0.034794338,0.00035806265,0.9456366,0.99942005,0.0025728752,0.989589,0.99960095,0.000670824,0.0020531162,0.9891158,0.21719015,9.9597644e-05,0.9900933,0.0009500391
0.6215605,0.03248518,0.015967766,0.109469436,0.7115545,0.99721485,0.8830401,0.002287307,0.15243706,0.9984572,0.48841393,0.9216508,0.63942075,0.0031305605,0.52559406,0.9564776,0.022445133,0.98942393,0.97134024,0.03130156,0.04271857,0.8590442,0.4599456,0.00771948,0.69278735,0.008280889
0.70853287,0.023556087,0.00806312,0.14029133,0.64282155,0.99860114,0.93191004,0.0016119045,0.12640952,0.99949944,0.3710015,0.9472552,0.6083182,0.0016142973,0.71480983,0.9710508,0.017274376,0.99133426,0.9840978,0.019703828,0.028885802,0.93003184,0.4808948,0.0057159467,0.85006166,0.0072478065
0.49070305,0.007781597,0.002338028,0.0625038,0.23411877,0.99896395,0.9563511,0.0012097924,0.07442194,0.99911386,0.15960215,0.95141643,0.16341202,0.0017784889,0.53700626,0.99428684,0.006109492,0.9860206,0.99512637,0.0034432982,0.010466286,0.8872147,0.28073722,0.0008604889,0.70850664,0.0019622534
0.5256872,0.005923556,0.0012175414,0.09443765,0.12463711,0.9994153,0.9744264,0.0013117609,0.062351745,0.9994961,0.07522555,0.9553031,0.09659818,0.0013342224,0.7654116,0.9968671,0.0056162085,0.9848669,0.99771154,0.0022518656,0.007349976,0.95041317,0.2692925,0.00058527885,0.90073335,0.0020643894
0.7244117,0.114106655,0.06002849,0.23349515,0.94403243,0.99760497,0.80390155,0.0027265914,0.25975767,0.998415,0.794311,0.85776937,0.9359583,0.0022486781,0.639582,0.84481317,0.06358599,0.9954373,0.92433745,0.18290955,0.14307293,0.909064,0.65833443,0.0415113,0.8662075,0.029989313
0.8065483,0.029911514,0.007461943,0.15098761,0.9405235,0.99980336,0.9260316,0.00021571832,0.1623204,0.99993074,0.7034647,0.9381987,0.93525314,0.00015409323,0.7524729,0.9573394,0.014522367,0.999017,0.98422825,0.040881786,0.035885468,0.96358556,0.64302593,0.004669839,0.9392177,0.0045816563
0.65398103,0.0023189676,0.0001661807,0.1358671,0.03683459,0.9999163,0.99153227,0.0005424372,0.043298423,0.99994135,0.015927544,0.9575066,0.035414264,0.00029661442,0.9584985,0.9994783,0.0024078763,0.9900239,0.9996468,0.00064971985,0.0017728935,0.9912804,0.21938004,8.8709385e-05,0.99315155,0.0009373133
0.7209807,0.054259956,0.023993913,0.1725928,0.8588562,0.99799997,0.8705719,0.0021013443,0.19109055,0.999091,0.61728555,0.9161765,0.8379346,0.0020324383,0.65834045,0.92110276,0.034371484,0.9936846,0.9587831,0.066140436,0.06883411,0.910044,0.5696252,0.016355248,0.8349848,0.01451882
0.6096922,0.007194187,0.0013785976,0.12588197,0.14083835,0.9993593,0.9751889,0.0016160544,0.06731174,0.9996232,0.0746408,0.9578286,0.123313874,0.0013699476,0.8392523,0.99604034,0.0070140003,0.9837794,0.9973794,0.0029830388,0.00798793,0.96401924,0.3017706,0.0008813802,0.9363104,0.0030358906
0.3261553,0.0013374278,0.00014611328,0.04222659,0.03258122,0.99992514,0.9889327,0.00020690741,0.036265466,0.9997962,0.026598625,0.94860834,0.018529221,0.00025807996,0.7092448,0.9997063,0.0012089688,0.99264634,0.9997155,0.00026762692,0.0017101559,0.95764804,0.14210898,2.711586e-05,0.9230806,0.00025368843
0.7156799,0.036020845,0.013929553,0.15539841,0.7591397,0.9982559,0.9053785,0.0019192001,0.15656726,0.9993111,0.48518634,0.93496263,0.7314607,0.0018940296,0.6894246,0.9511562,0.024357537,0.99229467,0.9738384,0.035419364,0.04462596,0.9193495,0.52067685,0.009829772,0.8396342,0.01037897
0.71395445,0.028722383,0.010306136,0.13434483,0.7714576,0.9988431,0.9152754,0.0012001222,0.14434978,0.9995459,0.4895268,0.9420223,0.7362599,0.0012310188,0.6734751,0.9604406,0.018985048,0.9943064,0.9789346,0.028265143,0.036134854,0.9235826,0.51798517,0.006656712,0.8363273,0.0071476363
0.6010577,0.0064302622,0.0011109007,0.1306007,0.1128629,0.99946254,0.9780212,0.0015957162,0.06364196,0.99963987,0.059291013,0.9557086,0.09888162,0.0012834399,0.8614742,0.99687105,0.006485473,0.9835842,0.9979584,0.0025521491,0.006928726,0.96921283,0.2878601,0.0006907633,0.95136654,0.0027814803
0.7649001,0.05264645,0.020024002,0.17692676,0.9414209,0.99931955,0.8828454,0.000701512,0.19798304,0.99968815,0.74764955,0.9133216,0.9323906,0.00057318545,0.6835171,0.9199664,0.028377686,0.9979049,0.9663,0.08397227,0.068107165,0.9399464,0.64896756,0.0128818285,0.8980378,0.010463816
0.5573316,0.0075676264,0.0017789402,0.10062248,0.16809548,0.99918073,0.96943337,0.0015735504,0.06980166,0.999433,0.09909982,0.95537084,0.13452949,0.0016550125,0.7489739,0.99532795,0.0069701723,0.9838451,0.9966619,0.0031901621,0.00931284,0.94419503,0.29767612,0.00094604166,0.8801144,0.0027435839
0.5588776,0.013168424,0.004695209,0.08833201,0.33639532,0.9981833,0.9432194,0.002080212,0.093157925,0.99884546,0.21389806,0.9468442,0.26363626,0.002793059,0.5880534,0.98782456,0.010780243,0.9834199,0.99101967,0.007455797,0.01731566,0.8908096,0.34497485,0.00227434,0.73332995,0.0040543824
0.5183887,0.012344719,0.004159247,0.099337004,0.21953927,0.99788696,0.94918215,0.0031772328,0.085809045,0.99824715,0.14617883,0.94004834,0.1698695,0.003942076,0.63597786,0.9906747,0.011039342,0.97609586,0.99300766,0.006059589,0.016418705,0.9004799,0.31153563,0.002024866,0.7803676,0.0045746067
0.7749142,0.018467601,0.0042635454,0.1471332,0.7131683,0.99951625,0.9510244,0.00061144086,0.11829352,0.99986756,0.375913,0.9552055,0.70689964,0.00049398857,0.80246484,0.9787581,0.012201666,0.99601185,0.99032307,0.015177478,0.020193709,0.96140695,0.5146124,0.003296957,0.9269806,0.0047906456
0.17413497,0.0016890077,0.00033857377,0.013483089,0.07597138,0.99961025,0.96466744,0.00016959387,0.046325944,0.9982436,0.10258518,0.8498073,0.03126497,0.00062251225,0.13341099,0.9995189,0.0011320664,0.9886734,0.9992773,0.00044008807,0.0022251457,0.69293696,0.1151622,2.200671e-05,0.35094795,0.00012971195
0.6645958,0.031593796,0.013687135,0.14280173,0.6119821,0.99693847,0.9093911,0.003337299,0.14050448,0.9986572,0.37994483,0.9350294,0.56346875,0.003734593,0.65401196,0.9599663,0.024468401,0.98532295,0.9760561,0.02703305,0.040449694,0.8980134,0.46608478,0.009318315,0.785659,0.011089795
0.34604484,0.0047181835,0.0013024968,0.043408427,0.1395795,0.999086,0.9631133,0.00086134666,0.061524525,0.99856806,0.1195765,0.916118,0.084409356,0.0016638545,0.41794595,0.99766695,0.003957008,0.9836543,0.99785644,0.00180068,0.006768667,0.8567683,0.22403158,0.00029270872,0.65710133,0.0010146849
0.61115205,0.005874838,0.0009919712,0.12651585,0.115159415,0.9995396,0.9793058,0.0013133135,0.06190039,0.9997148,0.059872754,0.9587204,0.10094625,0.0010728218,0.8636255,0.9971206,0.0059612244,0.9851564,0.9981201,0.0023193725,0.006312229,0.97063136,0.28760087,0.0006109445,0.9525408,0.0024644274
0.7942833,0.040477697,0.012086053,0.16727309,0.9488099,0.9996927,0.9090108,0.00033364372,0.18041605,0.9998745,0.7452987,0.92423785,0.9429222,0.00024384586,0.72679555,0.9410381,0.020003513,0.99879056,0.9780398,0.06335925,0.049657512,0.9566695,0.6621851,0.007683575,0.93050057,0.0067781177
0.5618888,0.018770892,0.007970398,0.088288635,0.44928065,0.99732494,0.92034686,0.00255788,0.11227363,0.9983102,0.29735768,0.93774164,0.35877895,0.003670482,0.52393043,0.9799673,0.01441704,0.9832465,0.98498476,0.012458461,0.024940167,0.8586088,0.3713458,0.0037168004,0.6662706,0.0054338095
0.7752338,0.014466956,0.0030863537,0.14820534,0.5788738,0.9994917,0.9607311,0.0007197878,0.10280011,0.9998654,0.2744671,0.9593889,0.5738695,0.0005778998,0.83172154,0.98533183,0.010500149,0.9944807,0.99302554,0.010294582,0.014756859,0.9655928,0.47358438,0.0024938008,0.93599594,0.004378953
0.4709779,0.00505035,0.0011279313,0.06529977,0.14015745,0.9994584,0.9719131,0.00088881096,0.059705395,0.99944407,0.09387836,0.9549427,0.09695183,0.0011412412,0.6398709,0.9972474,0.0042836964,0.9872809,0.9977233,0.0018156793,0.0066599473,0.92605317,0.24853179,0.0004085984,0.82121533,0.0013459917
0.67358816,0.0013624772,6.615963e-05,0.12955448,0.021851817,0.9999645,0.994416,0.00030815235,0.035872094,0.9999739,0.008800454,0.9584666,0.021025445,0.0001480519,0.9744013,0.9997818,0.0014199053,0.9922712,0.999841,0.00032544113,0.0008791956,0.99470055,0.18734674,3.0989086e-05,0.99687505,0.00049835985
0.6832193,0.086838335,0.050246917,0.18983781,0.89439523,0.9960396,0.8050601,0.0037702303,0.23592208,0.99761826,0.70705587,0.8772668,0.87177265,0.0039851456,0.5856625,0.8737509,0.055302892,0.9918161,0.92749614,0.12360202,0.11185799,0.87433463,0.5838044,0.030992245,0.7855269,0.024407752
0.75217193,0.008808365,0.0013338806,0.18023653,0.1635997,0.9993425,0.9774516,0.0017996894,0.07390629,0.99977845,0.07240462,0.9559563,0.17173979,0.0011802162,0.920029,0.9951626,0.008372501,0.98324454,0.9973713,0.0042130323,0.00712721,0.9787596,0.34430888,0.0011731565,0.97463304,0.0046960493
0.57971454,0.0054676225,0.00085938274,0.12464969,0.09192751,0.9995764,0.98040766,0.0014210404,0.05958909,0.99967647,0.04856569,0.95468944,0.078972176,0.0011156189,0.8706563,0.9976305,0.0056322888,0.9843687,0.99843186,0.002007997,0.005884234,0.97212785,0.27021566,0.0004963093,0.95856583,0.0022976308
0.5426914,0.0042236564,0.0006090167,0.11585487,0.0680515,0.9997019,0.983282,0.0011399573,0.054666743,0.99970585,0.03749931,0.95162004,0.05551721,0.00090798776,0.87662035,0.99845886,0.0045029754,0.98555934,0.99896085,0.0014138913,0.0045736884,0.97476065,0.24550715,0.00029716638,0.96538335,0.001687087
0.6481347,0.03502219,0.016270041,0.124332406,0.7156352,0.9973189,0.88813204,0.0024749413,0.15624142,0.99866307,0.47987536,0.92739177,0.656959,0.0030207871,0.5801412,0.9522438,0.02438608,0.98949546,0.9703818,0.033693098,0.045740493,0.87753195,0.47816902,0.009183413,0.7385788,0.009704512
0.6138953,0.0049130926,0.00066763506,0.14061919,0.076594315,0.99966717,0.9834157,0.0013447168,0.057475407,0.9997682,0.037713777,0.9536519,0.069494314,0.00093030854,0.91027594,0.99813133,0.0052328063,0.9847231,0.9988123,0.0017849792,0.004843777,0.97992045,0.26806372,0.00040371835,0.9759301,0.0022529596
0.54322416,0.0033317364,0.000398686,0.111745626,0.05479515,0.99981195,0.986516,0.0008129818,0.049562767,0.9998067,0.029509734,0.954981,0.045016814,0.0006187842,0.8947487,0.9989656,0.0034987202,0.9877649,0.99928063,0.0010032152,0.0034305705,0.979634,0.22861743,0.00018645462,0.97380483,0.001235196
0.8014273,0.0471942,0.013900711,0.17874151,0.96610385,0.99977845,0.9076365,0.00025074722,0.19278662,0.99988985,0.8090149,0.9049067,0.9620405,0.00016727303,0.72611326,0.9368704,0.020685667,0.9991598,0.97853047,0.08476647,0.055791028,0.9602815,0.70063716,0.008231814,0.9454239,0.0069802394
0.24682093,0.0010034584,0.0001442402,0.011590007,0.08296798,0.9999101,0.98035747,6.1844854e-05,0.035406474,0.999731,0.08438968,0.94588727,0.03296945,0.00017110707,0.20880593,0.9996716,0.0005899685,0.99547064,0.9995191,0.00021015802,0.0013009828,0.8146252,0.1162052,1.2528837e-05,0.48089316,6.840558e-05
0.31049317,0.0015661557,0.00023313919,0.027652571,0.06916983,0.99986947,0.9835238,0.00016203051,0.04039599,0.9997303,0.060540006,0.9468022,0.036670577,0.00029901424,0.4727102,0.9995202,0.0011908902,0.9931552,0.9994875,0.0003592493,0.0021279987,0.9105959,0.15883818,3.7023656e-05,0.76660925,0.00021924799
0.45173526,0.0179207,0.008736777,0.06443644,0.36361226,0.9955568,0.90127885,0.0034084143,0.10989786,0.9955237,0.2861685,0.9119713,0.2533801,0.0063907336,0.36411357,0.9834109,0.013486433,0.9748488,0.9850389,0.010893035,0.02402757,0.7700415,0.30903167,0.0028048826,0.49826962,0.0045626624
0.5721467,0.0040147235,0.0005206433,0.12390148,0.06507471,0.99975115,0.98511064,0.0010230591,0.0531038,0.9997851,0.033777785,0.95461124,0.05558216,0.0007510286,0.8998755,0.9986216,0.0042413576,0.98644376,0.9990804,0.001315404,0.004126188,0.97936994,0.24749123,0.00027191782,0.97380936,0.0016486815
0.7048855,0.03523414,0.0144845275,0.12527175,0.8796642,0.99903536,0.88703394,0.00081841194,0.16978984,0.99954045,0.6441616,0.92739105,0.8473723,0.0009198371,0.597157,0.9469974,0.021086706,0.9965358,0.9713188,0.045283984,0.045891814,0.91074747,0.5526925,0.0074911565,0.8111124,0.006812195
0.67615336,0.027272213,0.010694232,0.14087093,0.58980244,0.99762434,0.92097646,0.0027219416,0.13155705,0.9990132,0.35238856,0.94119275,0.5449223,0.0029415789,0.6804502,0.9666063,0.021060264,0.98679084,0.98032653,0.022104315,0.034153175,0.91059273,0.45991144,0.0074490807,0.80997926,0.009365657
0.3730642,0.002406099,0.00044328792,0.033464245,0.10272663,0.999777,0.97832936,0.00028766776,0.0458113,0.99964726,0.080653355,0.95628655,0.057317957,0.0004816954,0.48637772,0.9989724,0.0018275732,0.9921186,0.9989385,0.0006693173,0.0033274055,0.90392756,0.18428561,9.261522e-05,0.74107265,0.00039528002
0.7911898,0.053304728,0.017761813,0.18505295,0.96432376,0.99968064,0.8964643,0.00035405406,0.20060761,0.9998361,0.8097165,0.89956075,0.9598658,0.0002462359,0.71121204,0.92755467,0.024457404,0.9989343,0.9740607,0.097980805,0.06490689,0.95525324,0.69841695,0.010646934,0.9365674,0.0087201465
0.47186497,0.0015821598,0.00013078714,0.085985035,0.026244331,0.99994195,0.99198675,0.0003230174,0.03854787,0.9999113,0.0154858185,0.9551731,0.020004373,0.00024770026,0.9113331,0.9997048,0.0016340215,0.99165934,0.99976796,0.00033282564,0.0015431974,0.9856388,0.17656644,4.232613e-05,0.98373955,0.00046040356
0.6525467,0.023043865,0.008719657,0.1381565,0.47105533,0.9973801,0.931009,0.003318213,0.11798759,0.9988146,0.275918,0.94280803,0.42507574,0.003591902,0.6896469,0.9743459,0.019017356,0.9824723,0.98421085,0.01642619,0.02868342,0.9108401,0.424345,0.0060313353,0.810013,0.008698649
0.7731071,0.06523156,0.024598708,0.19476172,0.9555412,0.99937975,0.8735649,0.0007026055,0.21287067,0.99967194,0.79117167,0.8976067,0.94967,0.0005180481,0.6917519,0.9081929,0.03217352,0.9982278,0.96331215,0.10910262,0.08102719,0.9439158,0.6765157,0.015941527,0.91511613,0.012547572
0.58577675,0.017206559,0.0066118496,0.09736648,0.4156847,0.9978046,0.93213654,0.0023957938,0.10687153,0.99875045,0.26134565,0.944992,0.34107488,0.0031167609,0.59089804,0.9821989,0.013521631,0.98388517,0.98719436,0.010867997,0.022461854,0.8854071,0.37243935,0.003461235,0.7275747,0.0053498414
0.63386315,0.011703744,0.0027094267,0.1658861,0.15598208,0.99857616,0.96667206,0.0038286045,0.08093422,0.9991799,0.082956895,0.9457417,0.14422983,0.00307073,0.8545298,0.9928556,0.012169392,0.9746995,0.99561924,0.0057027107,0.012538596,0.960223,0.32981586,0.0020275337,0.9398779,0.0063177436
0.5462291,0.023349667,0.011250054,0.10324209,0.41715267,0.995413,0.9101714,0.004503276,0.11960525,0.9969382,0.2864048,0.92640364,0.33635902,0.00642891,0.52909505,0.9752304,0.019272314,0.97509444,0.9816425,0.015897984,0.03168681,0.84545004,0.37336546,0.005564099,0.65841985,0.008229623
0.21115133,0.0009965749,0.0001331827,0.019799814,0.04297275,0.999897,0.98522854,9.423419e-05,0.03887302,0.9996501,0.04961979,0.9037661,0.020801904,0.00020547715,0.36625105,0.999785,0.00076614856,0.9927609,0.99974614,0.00020153614,0.0013855412,0.88062006,0.12632798,1.208406e-05,0.7183344,0.00010594194
0.39993328,0.0021351825,0.00033511617,0.041733585,0.09151315,0.999838,0.9836602,0.00024467448,0.045264505,0.9997948,0.06661083,0.95722294,0.056073535,0.00034617487,0.6123477,0.9991788,0.0017735519,0.9925829,0.99926287,0.0005832999,0.0028297822,0.9371805,0.20236953,8.257263e-05,0.84050417,0.00040115128
0.6349819,0.025825012,0.010981762,0.1128396,0.62012935,0.99769515,0.91084933,0.0022459188,0.13238247,0.99884605,0.395377,0.9372429,0.5515284,0.002815127,0.5887049,0.9673285,0.018846862,0.98837143,0.97921664,0.021648232,0.03349373,0.8850809,0.44572535,0.0061466536,0.73840785,0.007331338
0.5510931,0.0040683425,0.0006074205,0.10007749,0.09029039,0.9997242,0.9830313,0.0008038641,0.05399908,0.99977833,0.04959489,0.96006894,0.07252199,0.00069682574,0.84485835,0.99829334,0.0040259925,0.98807865,0.99881506,0.0013535182,0.004603059,0.9705365,0.25462666,0.00029895722,0.9494238,0.0014340592
0.6619433,0.005623464,0.0006968682,0.1616691,0.07768024,0.99962866,0.9830731,0.0016434846,0.05986879,0.99977535,0.036029126,0.95227623,0.07573726,0.0010125512,0.9297034,0.99788755,0.005865625,0.98337376,0.9986935,0.0021504436,0.0049306103,0.9826093,0.2753422,0.00048079382,0.9821988,0.0027835802
0.76071596,0.04627042,0.016642332,0.16898574,0.9142576,0.99923813,0.8894216,0.0008227743,0.18703723,0.9996778,0.68436795,0.923572,0.90315515,0.00069170527,0.6952864,0.9314233,0.025772912,0.9973055,0.96900594,0.062327202,0.058210112,0.9378012,0.6120225,0.011038285,0.8894857,0.009646822
0.8089075,0.019425815,0.0040648025,0.13768864,0.8908483,0.99983335,0.94711596,0.00018574801,0.13365565,0.999954,0.57222015,0.9523622,0.8863158,0.00013654174,0.7909543,0.97450894,0.010378813,0.9988237,0.9903025,0.021165174,0.022208631,0.9690954,0.59687346,0.0026544565,0.9453154,0.0032055778
0.52815884,0.02327872,0.011700584,0.07827388,0.5257884,0.9961939,0.89071935,0.002871688,0.12784098,0.99715483,0.3762379,0.91842353,0.41322273,0.0048350324,0.42026854,0.9739196,0.016851423,0.9825194,0.9791261,0.017622724,0.030680574,0.8050031,0.3700181,0.0044668065,0.56545305,0.0058704424
0.58777755,0.0016773655,0.00012254609,0.109689295,0.030573428,0.99994373,0.9927918,0.0003422347,0.040314294,0.99995315,0.014492726,0.9570312,0.027009014,0.0002191533,0.9491597,0.99967325,0.0017719386,0.99150276,0.9997726,0.0003936129,0.0013781125,0.99091774,0.20801876,5.2227508e-05,0.9919246,0.00059635524
0.724149,0.05141805,0.02254793,0.15560284,0.922108,0.99890363,0.86468583,0.0009839456,0.19743033,0.99944526,0.72240907,0.91202223,0.90361106,0.0009957203,0.61695606,0.9203507,0.029963482,0.99690515,0.9603953,0.07860464,0.067280546,0.91609865,0.60397077,0.012862744,0.84099466,0.010436712
0.707321,0.07347436,0.037333872,0.18825538,0.8867495,0.99719536,0.83582175,0.002881515,0.22025211,0.99852955,0.67859745,0.8954324,0.8674783,0.0028037506,0.6294019,0.89224535,0.045960627,0.99303955,0.9418033,0.098074995,0.09475852,0.89503336,0.58552563,0.02467035,0.81865835,0.020299772
0.34415293,0.0024957648,0.0005632586,0.020095268,0.17543977,0.99970645,0.96710646,0.00019273697,0.050417915,0.99952996,0.15087555,0.94706076,0.08679967,0.00047887323,0.25846907,0.9986853,0.0015847387,0.9933867,0.9984168,0.00081288663,0.0032062454,0.81349474,0.18017861,8.257799e-05,0.4774896,0.000256421
0.74691945,0.027049806,0.008607715,0.1416916,0.8030863,0.9992262,0.9242253,0.0008398468,0.14286968,0.9997317,0.50497633,0.94589186,0.78033954,0.0007755613,0.718249,0.9628294,0.017217334,0.99587077,0.98177,0.027291557,0.033202805,0.93983424,0.5385074,0.0058751223,0.8765676,0.0063925236
0.16274063,0.000599978,6.242321e-05,0.0099942135,0.03404203,0.9999496,0.98590636,4.1473002e-05,0.029800791,0.999684,0.043095816,0.91858083,0.01248616,0.000117265015,0.21199071,0.9998827,0.00036568937,0.99523336,0.9998203,9.416727e-05,0.00082627847,0.82562286,0.08267311,3.5681323e-06,0.56672907,3.739364e-05
0.39367265,0.0028330348,0.0005428295,0.03821528,0.11343987,0.9997316,0.9770303,0.00035933047,0.048589658,0.99961746,0.08535039,0.9564109,0.06669166,0.00057007116,0.5165103,0.9987068,0.0021605531,0.99141896,0.9987406,0.00083223917,0.0038648227,0.9084599,0.19914873,0.00012816819,0.7544266,0.0005081827
0.45283955,0.0047384934,0.001028045,0.06330914,0.12489283,0.99948823,0.9727538,0.00087718526,0.05794164,0.99941385,0.08594993,0.9532144,0.08492078,0.0011357447,0.63717055,0.99756384,0.004057724,0.987112,0.9979553,0.0016446421,0.006310088,0.9259322,0.23796473,0.00035384178,0.82539004,0.0012478224
0.60000545,0.004350576,0.0006032958,0.11974953,0.08793897,0.9997198,0.9839839,0.0009397017,0.05492403,0.99981517,0.044710618,0.9598223,0.07698385,0.0007213534,0.8862138,0.99823546,0.0044286214,0.98727685,0.99884003,0.0015145622,0.004509739,0.97722447,0.2693869,0.00034702805,0.96616715,0.0017375207
0.8068819,0.036698032,0.009793272,0.16141373,0.9571619,0.99980587,0.9170694,0.00021434524,0.17700168,0.99992096,0.7625946,0.92639154,0.95260996,0.00014727916,0.7393615,0.9479962,0.016775947,0.9991567,0.9816125,0.05714275,0.04409039,0.9627743,0.6726366,0.005918482,0.94223773,0.0053859386
0.7874439,0.0154329045,0.0032164508,0.1471391,0.65877324,0.99958974,0.95857495,0.00055019953,0.10836054,0.99989605,0.32423756,0.9588072,0.65733194,0.00043040075,0.82871115,0.9836496,0.010407681,0.9958995,0.9925029,0.011745071,0.015795471,0.9667828,0.49778488,0.0025208008,0.93928933,0.004119304
0.6743946,0.0030418816,0.0002581501,0.14568369,0.050879464,0.9998691,0.98967105,0.0007069558,0.047899406,0.9999231,0.022139918,0.95740515,0.050262824,0.0003987367,0.95254016,0.9991591,0.0031688337,0.9887605,0.9994661,0.00097376504,0.0024150054,0.9895376,0.24482064,0.00015508466,0.99104214,0.001334671
0.68197215,0.0008892624,3.225518e-05,0.12123631,0.015189577,0.9999826,0.9960304,0.00017725263,0.030668367,0.999987,0.0058642873,0.9612162,0.014692805,7.82033e-05,0.9812418,0.9998871,0.0009167333,0.9939598,0.99991345,0.00018383504,0.0005234041,0.99625057,0.16544008,1.3658294e-05,0.9981184,0.00029357764
0.6529099,0.008694747,0.0015823677,0.15951617,0.1315716,0.9991986,0.97466993,0.0024192953,0.07164092,0.99957436,0.065773465,0.95276654,0.12470092,0.0017797601,0.884349,0.9954032,0.0088814525,0.98006445,0.9971666,0.003848826,0.008712674,0.9707685,0.3139909,0.0011838,0.95872927,0.004406045
0.3640424,0.0021266371,0.000344226,0.034844987,0.08559062,0.9998248,0.9815123,0.00025673019,0.043506637,0.99970263,0.0662325,0.9556212,0.048458625,0.00040235615,0.53422254,0.9991881,0.0016329328,0.9924035,0.9991985,0.0005498394,0.0029073765,0.9189107,0.17890884,7.207535e-05,0.789644,0.0003566597
0.71417236,0.017935291,0.005312734,0.12684849,0.62274224,0.9991295,0.94398737,0.0010143699,0.115290694,0.99970466,0.34472373,0.9547364,0.58641756,0.0009935991,0.728031,0.97893345,0.012772187,0.9933211,0.98826736,0.013856264,0.021515638,0.9390411,0.46472088,0.003603115,0.8641253,0.004901569
0.6928098,0.012772968,0.0028371247,0.1728607,0.20583344,0.99865097,0.9662796,0.0031730372,0.0856635,0.99943763,0.10228696,0.95174724,0.20029593,0.0024421734,0.8655174,0.9912407,0.012522712,0.97813785,0.9948608,0.0066642514,0.012744954,0.9628584,0.35677415,0.0024064025,0.9428214,0.0067048385
0.7793997,0.029487275,0.008970308,0.1385516,0.9397796,0.9997329,0.91540337,0.00024909092,0.16567597,0.9998976,0.7195863,0.9373112,0.9283152,0.00021168565,0.69386804,0.95295364,0.015845986,0.9988532,0.98083556,0.045715656,0.038094852,0.9523271,0.6302457,0.0050989063,0.9082799,0.0045531583
0.81012267,0.033777684,0.0086429315,0.15578294,0.9561802,0.9998286,0.9210811,0.00018820487,0.17219089,0.9999329,0.75445086,0.93074715,0.951521,0.00012862928,0.74341,0.9520427,0.01539972,0.9992112,0.98297036,0.051537745,0.0406081,0.9641194,0.66793144,0.0051747076,0.9434621,0.0048007956
0.5909332,0.024930144,0.011254267,0.11406012,0.46570206,0.99622583,0.9131032,0.0040103258,0.12503865,0.99786025,0.302492,0.93385255,0.39411154,0.005163575,0.58307195,0.97185814,0.02008357,0.9792118,0.9803591,0.01772949,0.03301224,0.8683078,0.39852723,0.006332713,0.709725,0.00872764
0.8012737,0.020135814,0.004436835,0.13860114,0.87366754,0.9997855,0.9453104,0.0002429283,0.1327487,0.9999393,0.54985034,0.9527003,0.86756766,0.0001841849,0.78503525,0.97372603,0.0110483095,0.998511,0.98952395,0.02102535,0.023083549,0.9662243,0.5837791,0.0029729146,0.93831843,0.0035697035
0.6426806,0.0025753314,0.00019988573,0.13640398,0.038683105,0.9998983,0.9906261,0.00065150287,0.045004934,0.9999238,0.016985485,0.95608366,0.036564805,0.00036697733,0.9540941,0.99939215,0.0026921942,0.9892023,0.9995869,0.0007381921,0.0020159022,0.99024034,0.22096604,0.00010700086,0.99202114,0.0010526883
0.7500407,0.028993374,0.009301476,0.14498061,0.82598704,0.99924433,0.92060024,0.0008170144,0.14762841,0.99973303,0.53190345,0.9433719,0.80558527,0.0007469857,0.71580815,0.95966494,0.018064704,0.9961786,0.9805966,0.030438086,0.03563724,0.94016165,0.55132365,0.0063213813,0.8796889,0.006664276
0.6372518,0.005769243,0.000858745,0.14401607,0.098216966,0.9995739,0.9814408,0.0014778493,0.061072502,0.9997552,0.048141446,0.9558178,0.09123892,0.0010512978,0.9012115,0.9974974,0.005977697,0.98422813,0.99843913,0.0022379968,0.005691887,0.97774655,0.29059675,0.00057034235,0.9702978,0.0027099096
0.7762134,0.07235451,0.024006378,0.2074745,0.9820816,0.99982065,0.8850635,0.0002220936,0.23099656,0.9998404,0.89680296,0.8309773,0.97973335,0.00013971931,0.6796029,0.9238494,0.02655638,0.9994104,0.97240674,0.15943603,0.08261941,0.9574729,0.7415603,0.01184762,0.9520898,0.008592319
0.68948764,0.0063586095,0.0008575946,0.16836844,0.0966156,0.9995505,0.98161894,0.0017116364,0.06311441,0.9997751,0.044566806,0.9536023,0.09616061,0.0010908258,0.9264913,0.9973297,0.0065458636,0.983093,0.998409,0.0026233702,0.0055280407,0.9815993,0.29675385,0.00063599873,0.9799116,0.0032927822
0.64417756,0.0009159388,3.72797e-05,0.112480395,0.015657298,0.99998164,0.99583876,0.00017748534,0.031240258,0.9999844,0.006459235,0.96189946,0.014749047,8.5706735e-05,0.976148,0.9998821,0.00094813464,0.99390644,0.9999083,0.00018215059,0.00058924867,0.9956085,0.1667106,1.4955572e-05,0.997419,0.0002920715
0.52290696,0.007902882,0.002685955,0.059687193,0.40503934,0.999086,0.95309603,0.0006295957,0.082794756,0.9994604,0.26882553,0.94188905,0.30830547,0.0011178219,0.485913,0.99272436,0.0064133736,0.9912411,0.9948879,0.0050283186,0.010451254,0.8835364,0.35103515,0.0009206575,0.6752155,0.0016730496
0.8167561,0.032076772,0.0077093034,0.15422606,0.95961416,0.9998641,0.925163,0.00015039106,0.1703172,0.9999474,0.76162624,0.9310086,0.95575845,9.983555e-05,0.75202614,0.95538193,0.01410157,0.9993405,0.9846116,0.048970845,0.037812784,0.96711504,0.6736948,0.0045199892,0.94957936,0.0042969105
0.7241563,0.07218439,0.035012178,0.18767574,0.92504644,0.99823725,0.8399996,0.0017476045,0.22181663,0.9990533,0.7383156,0.89427775,0.91070515,0.0016309074,0.63117516,0.89198065,0.04249188,0.9957879,0.9459552,0.11059215,0.09379463,0.91064703,0.6199234,0.022151463,0.84590006,0.017252654
0.75122565,0.022182083,0.0063105603,0.14965597,0.688633,0.9991405,0.9402299,0.0010579062,0.12541503,0.99973136,0.38152158,0.95109713,0.6706725,0.00093968114,0.76715034,0.9731032,0.015395128,0.9940294,0.9865645,0.018748667,0.025322212,0.9479041,0.5014549,0.0048011392,0.8965805,0.006265484
0.72046,0.001971706,0.00010691478,0.14856064,0.032934092,0.999938,0.99296546,0.00043491917,0.04085602,0.99996746,0.012916636,0.95712256,0.034360494,0.00020211654,0.9742019,0.99959797,0.0020264168,0.9910437,0.99973613,0.00055897597,0.0012545718,0.9939838,0.21640916,6.0903752e-05,0.9964682,0.00081523164
0.678665,0.011110612,0.002316014,0.1704499,0.1702581,0.9988366,0.9695365,0.0030520975,0.07990089,0.99946564,0.0848373,0.9510762,0.16380589,0.0023109908,0.87504625,0.9931189,0.0112331305,0.97802573,0.9959187,0.0054570045,0.011058798,0.9663581,0.3402234,0.0018730289,0.9504569,0.0059365314
0.7579049,0.0819098,0.034435447,0.2105661,0.951381,0.9989862,0.84868765,0.0011877596,0.23120822,0.99941313,0.7922882,0.88439524,0.9450938,0.0008956413,0.67695904,0.88718843,0.04171305,0.9974806,0.9512086,0.13151486,0.10133454,0.93332714,0.66791475,0.023028987,0.9009125,0.017621435
0.67400974,0.030862097,0.012569778,0.1268685,0.7214493,0.99813026,0.9040149,0.0018595135,0.14688954,0.99915254,0.46487355,0.936705,0.67068875,0.0021049448,0.6234239,0.9586621,0.021130005,0.9914868,0.97556543,0.028847165,0.03957195,0.90024567,0.4881676,0.0076241717,0.7827225,0.00828818
0.71040434,0.13014689,0.077378884,0.24611086,0.9439822,0.99662113,0.79239225,0.0037787398,0.26282394,0.99758077,0.802705,0.8384145,0.9362108,0.0032252197,0.6242419,0.82281446,0.0767485,0.9944273,0.9149676,0.2266626,0.1664688,0.9011357,0.6709222,0.05610373,0.8578037,0.037986837
0.40341383,0.0025104887,0.00037147448,0.05903378,0.062085308,0.99981683,0.9843844,0.0004368917,0.045684617,0.9997069,0.043849904,0.95191467,0.040143892,0.0005116911,0.727084,0.99918145,0.0022956522,0.99011385,0.99931514,0.000664428,0.0032433649,0.9542167,0.1946611,0.000102889986,0.9094264,0.0006196529
0.3914531,0.006890516,0.002334465,0.03595495,0.2424493,0.99873227,0.94096047,0.00094640144,0.07387451,0.9983216,0.2015664,0.93251723,0.14078459,0.002030077,0.30708688,0.9952009,0.004758952,0.9857761,0.9949286,0.0029558488,0.009110984,0.78777635,0.23358439,0.00050728855,0.47935548,0.0011557104
0.63810337,0.031760316,0.014446725,0.13266622,0.5950979,0.99648076,0.90377975,0.0036627145,0.1409637,0.998283,0.37944487,0.9309154,0.5376118,0.004374755,0.6140362,0.95987725,0.024369119,0.983751,0.97484666,0.026657512,0.04117908,0.88125944,0.4529436,0.009035944,0.74829364,0.010734068
0.46351135,0.0051668044,0.0014291247,0.039600503,0.26931238,0.99943894,0.95983326,0.0004837875,0.06611785,0.9994868,0.18926343,0.954651,0.17110652,0.0008725175,0.4172132,0.996243,0.0035670362,0.9915941,0.9964342,0.0022164825,0.006770537,0.8642122,0.25856856,0.0003826983,0.61421096,0.00085684354
0.7105397,0.003947223,0.00035259908,0.16239327,0.0629422,0.9998073,0.98789257,0.00094281003,0.052634608,0.99990654,0.026924502,0.9555216,0.065660596,0.0005105304,0.9545039,0.9987766,0.0040133474,0.98720294,0.99925965,0.0013944542,0.0029670026,0.9889025,0.2637545,0.00024056442,0.9908827,0.0018840691
0.61096334,0.0013656021,7.5589756e-05,0.1154675,0.020883786,0.99996364,0.99406695,0.00030736893,0.03615695,0.99996436,0.00918966,0.9587167,0.018821873,0.0001674706,0.9647981,0.9997825,0.0014277922,0.9922368,0.99983513,0.0003018533,0.0009840741,0.99337375,0.17909135,3.1530286e-05,0.99531096,0.00046295646
0.6948914,0.001895136,0.00010942904,0.14169717,0.031750537,0.9999411,0.99303496,0.0004153346,0.040353663,0.99996483,0.012839641,0.95784956,0.032025337,0.000203388,0.9706551,0.9996176,0.0019595174,0.9911577,0.99974364,0.0005210142,0.0012850949,0.99353045,0.21261053,5.8925558e-05,0.995869,0.0007647561
0.7485844,0.013303317,0.0028634774,0.16838337,0.31942016,0.99899524,0.965868,0.0018842925,0.09123622,0.99969196,0.1487645,0.9571099,0.31914458,0.0014474763,0.8641872,0.9892351,0.011709502,0.98576945,0.9941748,0.00786816,0.012658011,0.9651429,0.4012988,0.0025398182,0.94315255,0.0059770113
0.59352785,0.009188792,0.002056798,0.1342654,0.14908144,0.99898225,0.9694899,0.0025176182,0.07375894,0.9993315,0.082887605,0.95127946,0.12967676,0.0022014733,0.82099104,0.9945399,0.009154519,0.97947854,0.99640346,0.004091078,0.010599243,0.9559311,0.3091112,0.0013241072,0.9230786,0.0041501615
0.2503071,0.0010160771,0.00013995092,0.013218766,0.07348444,0.99991333,0.98198134,6.934175e-05,0.035050534,0.9997415,0.07315349,0.94688356,0.030641489,0.00017553773,0.25153187,0.9996811,0.0006218947,0.9952384,0.999561,0.00020783475,0.001361796,0.84006363,0.11889226,1.3302036e-05,0.54969686,7.868376e-05
0.41027257,0.0054857377,0.0015832033,0.040496767,0.1966257,0.9991911,0.9570977,0.00077510625,0.06539737,0.9990109,0.15368322,0.945876,0.117975615,0.0014205221,0.4014817,0.9965083,0.004006777,0.98762125,0.99651366,0.0021174639,0.0075196503,0.84825814,0.23266067,0.00039536916,0.5992681,0.0010332507
0.25458473,0.0012539576,0.00020046596,0.012962221,0.09213759,0.99987245,0.9773072,8.851934e-05,0.038234897,0.99964106,0.09291463,0.9435048,0.03776474,0.00024041953,0.21211125,0.999559,0.0007511277,0.9946354,0.9993698,0.00028212226,0.0016456147,0.8074266,0.12483098,1.9087058e-05,0.4707971,9.530997e-05
0.7520235,0.07661531,0.03300852,0.20117232,0.94785494,0.998926,0.84699553,0.0011802072,0.22843863,0.9993988,0.78295463,0.8898888,0.9397639,0.0009570778,0.66385674,0.89053553,0.04026879,0.9973291,0.9503759,0.12262954,0.09628058,0.9289486,0.654775,0.021464743,0.8878831,0.016349718
0.3719134,0.00298115,0.0005767376,0.038618453,0.10300553,0.9996904,0.9756311,0.00043366823,0.04901566,0.9994814,0.080417216,0.9507169,0.059869476,0.000696362,0.50467646,0.99868184,0.0022937558,0.99020046,0.9987184,0.00087164587,0.004126842,0.9021067,0.19211665,0.0001314078,0.7500135,0.00054945744
0.37488708,0.0052386923,0.0014738103,0.038768735,0.16336386,0.9991497,0.957195,0.0008567627,0.06316509,0.9987275,0.13591202,0.93957204,0.09506165,0.0016087651,0.3844486,0.99697936,0.0038422027,0.98606455,0.99688977,0.0018846089,0.007310373,0.8394642,0.21592203,0.00033897665,0.5917474,0.0009905192
0.39579195,0.0027494323,0.0005383375,0.03430754,0.12782143,0.99974257,0.97616315,0.0003048489,0.0487731,0.9996499,0.09641037,0.95821,0.07347918,0.00051576126,0.47561368,0.9986884,0.002009952,0.9922212,0.9986706,0.0008192628,0.003718038,0.89927405,0.1991341,0.000121442485,0.71551925,0.0004483421
0.78054273,0.05629432,0.019949852,0.18355885,0.9577463,0.9995359,0.88398916,0.0005072046,0.20428453,0.9997677,0.79058355,0.905737,0.9518114,0.00037666355,0.69563526,0.9193767,0.027383663,0.99856323,0.96832466,0.09569108,0.07027805,0.9482672,0.6764174,0.012463033,0.9194556,0.009989719
0.12443151,0.0056754835,0.0024086675,0.025772126,0.09268204,0.99225956,0.8884723,0.001376372,0.09237873,0.9497028,0.18371966,0.3117265,0.05564202,0.0066631692,0.0778177,0.99861443,0.004840062,0.92941964,0.9976915,0.0032308993,0.0064612976,0.4417243,0.16118509,0.000108582615,0.21002856,0.0006211068
0.3417948,0.0019081389,0.0002734869,0.04073586,0.058889113,0.9998522,0.9845068,0.0002718683,0.042315625,0.9997143,0.047446206,0.9458537,0.034476377,0.00039699447,0.6178854,0.9994479,0.0016286201,0.9914629,0.99947435,0.00045437764,0.0025428436,0.93863696,0.17312396,5.6470624e-05,0.8636944,0.0003644561
0.78231895,0.061270043,0.02139717,0.19239855,0.9616419,0.99955827,0.8851764,0.00050111936,0.20778124,0.9997633,0.8061889,0.89647645,0.95668817,0.0003544977,0.70129514,0.91587687,0.028626936,0.99864703,0.96878123,0.107618734,0.07488064,0.9500381,0.69246036,0.013555529,0.9280674,0.010782253
0.6055531,0.007931189,0.0015494638,0.1419796,0.12285431,0.9992175,0.9741468,0.0022743845,0.0691333,0.99948287,0.06554205,0.95130676,0.10898007,0.0018550678,0.8566407,0.99584156,0.008205416,0.980332,0.99732673,0.0034007921,0.008634299,0.9656406,0.2998192,0.0010122822,0.9467464,0.0037373013
0.8246707,0.028760387,0.0064803194,0.15300208,0.9652748,0.99991,0.9350118,9.602455e-05,0.16729292,0.99996567,0.7787697,0.92738754,0.96186924,6.151119e-05,0.7640311,0.96150744,0.012263487,0.99951863,0.98781556,0.048584785,0.033228662,0.97095126,0.69366455,0.0035274571,0.9596665,0.0034848016
0.6791525,0.0034694506,0.00030978865,0.1516725,0.05511863,0.99983835,0.98867524,0.0008499803,0.050158482,0.9999068,0.024047311,0.95583385,0.054859843,0.00047758248,0.95121145,0.9989942,0.003591283,0.987768,0.9993705,0.0011519147,0.00274795,0.9888215,0.2515384,0.00019371437,0.9904213,0.0015763007
0.60867846,0.0007930555,3.080937e-05,0.105005406,0.012120233,0.9999852,0.9961117,0.00016435195,0.029803848,0.9999833,0.0051923553,0.96093976,0.010799539,8.0598715e-05,0.9757794,0.99991167,0.0008189229,0.9940872,0.99992704,0.00014134948,0.00050645025,0.995678,0.14977738,1.0844757e-05,0.99750984,0.00023561677
0.6693467,0.030696148,0.012950117,0.13175939,0.6706721,0.9976676,0.906444,0.002392235,0.14332734,0.998958,0.42458436,0.9362778,0.6181171,0.0027275067,0.633183,0.9597036,0.022280414,0.98908514,0.9758136,0.027434632,0.039343033,0.8974427,0.4740594,0.008178947,0.77901053,0.009226807
0.25598136,0.009065749,0.0040131854,0.059477787,0.12255885,0.99502337,0.92909324,0.003562409,0.08851937,0.98588073,0.13976514,0.7260983,0.08058666,0.00794623,0.32801002,0.9961434,0.009075178,0.9497179,0.99644876,0.005034281,0.013324816,0.7608959,0.24042855,0.0007039721,0.57102954,0.0026856344
0.566625,0.042336,0.024934096,0.1251069,0.56052816,0.9915342,0.86396,0.007532148,0.15829846,0.9944681,0.39781496,0.90451854,0.4802894,0.010698652,0.5047158,0.94817805,0.033674937,0.9713731,0.9628858,0.036258794,0.05635669,0.81350595,0.42329603,0.01336743,0.6255195,0.015623447
0.7031759,0.013478848,0.003305178,0.15546578,0.29730266,0.99877065,0.9622308,0.0022671227,0.09045207,0.99954057,0.14801706,0.95612234,0.28193176,0.0019405105,0.8276381,0.98888564,0.012206143,0.9835275,0.99350464,0.007730083,0.014145164,0.95591944,0.384154,0.002715246,0.9186965,0.005953397
0.6695362,0.0038885747,0.0003798281,0.15401287,0.05789621,0.9998,0.98750675,0.001033371,0.052273974,0.99987864,0.025758171,0.95426494,0.056815002,0.0005967652,0.9465328,0.99882454,0.0040575066,0.98661906,0.9992576,0.0013303675,0.0031617354,0.98754126,0.25492233,0.00023972252,0.98891234,0.0018127934
0.6028616,0.0035766521,0.000417664,0.124982074,0.06603257,0.9998053,0.98687905,0.0008010468,0.051470876,0.99986076,0.03261587,0.9583024,0.05854733,0.00056310423,0.9132877,0.9987953,0.0037716364,0.9879886,0.99921536,0.0011643725,0.0034916722,0.98270345,0.2538223,0.00022973788,0.978624,0.0014589785
0.6658398,0.00843181,0.001476691,0.16371098,0.12902865,0.99924743,0.97583914,0.0023138016,0.0709852,0.99962044,0.063319184,0.95296717,0.12438786,0.001658519,0.8937378,0.9956312,0.008632349,0.98045236,0.9973489,0.0037616543,0.008192759,0.9729603,0.3160331,0.001122113,0.9634552,0.0043255384
0.45957068,0.0033052405,0.0006117684,0.06091308,0.111498564,0.9997063,0.98053944,0.00048641235,0.052449953,0.99972993,0.07434763,0.9555581,0.077710226,0.0006225835,0.69149864,0.9985702,0.0029551364,0.9898872,0.99886996,0.0010527184,0.004261855,0.94694877,0.24401449,0.0002052371,0.87299407,0.00086741993
0.6712302,0.008351555,0.0015897184,0.13894881,0.18792886,0.9993104,0.9737066,0.001558312,0.07233036,0.9997011,0.09187173,0.96019214,0.1735794,0.001280435,0.85426986,0.9947125,0.007917783,0.98493075,0.9967932,0.0038019815,0.008555903,0.966806,0.33498043,0.001168369,0.9409413,0.0036215405
0.48844492,0.0032996063,0.00048180582,0.08260416,0.07325683,0.9997763,0.98396826,0.0006396354,0.049826317,0.99975353,0.04433974,0.95753175,0.05389733,0.000615312,0.81158644,0.99877805,0.00321197,0.98896456,0.9990858,0.0009864061,0.003937,0.96630114,0.22565275,0.00018915746,0.9400066,0.0010176735
0.7517361,0.017328704,0.0042130565,0.14897628,0.5787845,0.99923587,0.9533898,0.0010574647,0.109522924,0.9997764,0.28913188,0.95605826,0.56805557,0.0008854964,0.80381685,0.9815803,0.01274103,0.9929624,0.99075353,0.012459559,0.018779514,0.95682377,0.46962893,0.0034093698,0.9159563,0.005524246
0.5540314,0.008631311,0.002472489,0.07707985,0.2737388,0.9990514,0.9587661,0.0011992994,0.077550516,0.9993783,0.16798726,0.9564546,0.20794827,0.0015584298,0.6186927,0.9931276,0.006950921,0.9873226,0.9947149,0.004131446,0.011069269,0.9121565,0.31430647,0.0011189694,0.77390885,0.002390299
0.4892145,0.0041026035,0.0008935367,0.052580032,0.18750282,0.99962497,0.9739187,0.0004463696,0.05815941,0.99970514,0.12163557,0.9604165,0.12820005,0.0006574187,0.58990604,0.9975667,0.003287183,0.9914061,0.99800605,0.0015151225,0.005259687,0.9237129,0.26315084,0.0002989156,0.7836034,0.0008889159
0.619873,0.02590905,0.011239028,0.1321772,0.4597856,0.9962064,0.9189693,0.0044429787,0.12389325,0.99807066,0.2866699,0.93579495,0.40230742,0.0052527334,0.6392598,0.97100633,0.02173286,0.978075,0.98096734,0.01869452,0.033490837,0.8882145,0.41379562,0.0072245034,0.76026976,0.010131435
0.81637514,0.037078172,0.009297109,0.16189726,0.9680485,0.9998683,0.91762245,0.00014900732,0.18114053,0.99994206,0.80094856,0.9204919,0.9645859,9.638352e-05,0.74168897,0.94995975,0.0154070435,0.9994137,0.9828782,0.061199415,0.04334067,0.96665376,0.6904187,0.005252529,0.95147383,0.0047515435
0.712002,0.024748143,0.00845847,0.14934003,0.61159086,0.9983576,0.93165547,0.0020149874,0.12620783,0.9994019,0.347119,0.94605,0.5798679,0.0019841036,0.7293009,0.9701001,0.01877021,0.9896131,0.98359317,0.020175245,0.029533789,0.93023914,0.4747495,0.006341169,0.85624295,0.008223624
0.46801618,0.0014620961,0.000118437354,0.08651935,0.023258451,0.9999474,0.99238116,0.00031244094,0.037661523,0.9999143,0.013772011,0.95418984,0.017647019,0.00023494019,0.9173535,0.9997421,0.001540573,0.99176735,0.99979454,0.00030313723,0.0014093132,0.98651904,0.1708525,3.6616068e-05,0.9856286,0.0004268851
0.56665856,0.00358551,0.00044406383,0.11352621,0.06654456,0.99979,0.9861178,0.00081418897,0.051314846,0.9998274,0.03452535,0.9567249,0.056202035,0.0006181202,0.8940074,0.9987784,0.0036910973,0.9878178,0.9991831,0.00111955,0.0036667278,0.9795465,0.24787812,0.00022557695,0.9721995,0.0013716638
0.74826336,0.0643668,0.030077703,0.1925101,0.9650061,0.9993291,0.8720342,0.00057792704,0.22091232,0.99960345,0.83203304,0.8681167,0.95860636,0.0005061901,0.637657,0.90493715,0.036988176,0.9983941,0.96089745,0.15759206,0.08640868,0.9325077,0.69502145,0.016775278,0.9029758,0.01173644
0.1904438,0.0007860605,9.111621e-05,0.012975272,0.039095197,0.999933,0.98480713,6.494735e-05,0.032102913,0.9996537,0.045199547,0.9270682,0.015428203,0.0001631136,0.26359028,0.9998258,0.00050581107,0.9945614,0.99975556,0.00013719493,0.0011063184,0.8486089,0.0950284,6.70433e-06,0.6193427,6.228336e-05
0.69008934,0.006970103,0.0009805313,0.17053334,0.103968784,0.99947876,0.9802823,0.0018893625,0.0655437,0.9997482,0.048292726,0.95305455,0.10461397,0.0012078914,0.92279196,0.99692446,0.007118584,0.98216105,0.99817383,0.0029498823,0.0061132363,0.98022294,0.30284306,0.0007474137,0.97800636,0.0036463593
0.67658925,0.0040617245,0.00041007847,0.15382393,0.06430906,0.999788,0.98707926,0.0010186335,0.053018928,0.99987996,0.028642138,0.9559005,0.06367768,0.0005975481,0.9436039,0.9986915,0.0042109485,0.9867599,0.9991873,0.0014260896,0.003361741,0.98696005,0.26249254,0.00026719633,0.9877138,0.001896568
0.24263385,0.0010442084,0.00016139552,0.01031893,0.09816068,0.99989533,0.97730434,5.836485e-05,0.036773123,0.99969804,0.10271284,0.9413806,0.037678458,0.00018127715,0.16617212,0.9996444,0.00058917596,0.9954497,0.999446,0.00023286015,0.0012976322,0.7796887,0.11643901,1.27944995e-05,0.40171763,6.2683e-05
0.5902478,0.0054187234,0.0008856399,0.11950791,0.10646462,0.99958426,0.98017335,0.0012235186,0.05972727,0.9997187,0.05622216,0.9581202,0.09134114,0.0010102976,0.85842454,0.9974941,0.0054301815,0.98561513,0.9983329,0.0020259598,0.005908937,0.97062474,0.27963394,0.00051842845,0.9514392,0.0021898472
0.67219645,0.0021808187,0.00014547656,0.137165,0.036396693,0.99992466,0.99205947,0.00049273623,0.04237504,0.99995196,0.015305486,0.95821685,0.035942663,0.00025713487,0.96291274,0.9995158,0.0022641744,0.99050176,0.9996762,0.00061198155,0.0016074216,0.9920914,0.22029926,7.8820216e-05,0.9941345,0.00088154903
0.7405673,0.08356176,0.03966813,0.20878215,0.9384844,0.9983778,0.83909893,0.0017726894,0.23073578,0.99909997,0.7653945,0.8857565,0.9293001,0.0014699679,0.6572087,0.8794503,0.047206085,0.99628544,0.94406843,0.13457566,0.10695608,0.9207987,0.65004116,0.027067298,0.8750281,0.020470891
0.68652964,0.009286702,0.0017829345,0.16045086,0.16913785,0.99916196,0.9733989,0.0021229812,0.075016215,0.99963987,0.08245571,0.9560691,0.1627369,0.0016213191,0.8785165,0.9944078,0.009188174,0.98175794,0.9966625,0.0044390447,0.009117095,0.9695012,0.3365863,0.0014013555,0.9536547,0.004579736
0.5890581,0.004216775,0.00054877676,0.12913844,0.06822685,0.99973387,0.98471016,0.0011011217,0.054481562,0.9997894,0.034577746,0.95455617,0.059609722,0.0007875346,0.9052773,0.9984956,0.004513451,0.9860384,0.99901795,0.0014346411,0.0042485124,0.98000324,0.25394487,0.00030223856,0.9753618,0.0017999266
0.6865514,0.0073004314,0.0010448283,0.17482072,0.10123404,0.99943084,0.9796735,0.0021323033,0.0666323,0.99971217,0.047244478,0.9508653,0.10165377,0.0013504461,0.9238553,0.99678975,0.007548537,0.9810698,0.99809843,0.0031181076,0.006402526,0.97982943,0.30137816,0.00079756207,0.9783317,0.0038974374
0.67174536,0.03168259,0.013621259,0.12679665,0.73378724,0.99802655,0.9003376,0.0018723283,0.1497481,0.99910307,0.4811796,0.93357235,0.68275553,0.0021765283,0.61181813,0.95664024,0.021847306,0.99155277,0.974342,0.030931395,0.04117381,0.895744,0.49070466,0.007989158,0.7742721,0.008483086
0.58785754,0.008650354,0.002605302,0.06912712,0.4290697,0.99929726,0.95585716,0.00065156876,0.08350713,0.99964464,0.25572786,0.9571824,0.34020716,0.0009287211,0.575822,0.9917162,0.0064502624,0.9924233,0.9941731,0.0051305224,0.01105275,0.91054463,0.36273217,0.0011198289,0.7479781,0.0019270052
0.41873053,0.0009442232,6.081246e-05,0.068805724,0.0153578045,0.99997354,0.99417734,0.00017609398,0.032033097,0.99994123,0.009890398,0.9551153,0.010950138,0.0001383319,0.9151438,0.99987507,0.00094722724,0.9935434,0.9998889,0.00015704583,0.0008843488,0.9878155,0.14137825,1.501902e-05,0.9871793,0.00022265443
0.6395828,0.0052918224,0.0006928358,0.15065654,0.079414226,0.9996481,0.9832175,0.0014632088,0.058699712,0.9997733,0.03795034,0.95362985,0.07448145,0.0009673144,0.91856825,0.99797827,0.005536958,0.98421323,0.998738,0.001975653,0.0049190014,0.9811211,0.27419716,0.00045071068,0.97845423,0.0025080817
0.75086564,0.08042764,0.036867984,0.20944437,0.95164007,0.9988587,0.8541134,0.0012365032,0.22459574,0.99934393,0.79467994,0.8810512,0.94471884,0.0009862097,0.6652157,0.88498217,0.0434004,0.9973556,0.95228314,0.14542055,0.10294549,0.9313072,0.68000346,0.024769286,0.89642644,0.01824509
0.5832532,0.00046008918,1.3547146e-05,0.0890576,0.007487725,0.9999939,0.99738103,8.048681e-05,0.024870005,0.999992,0.0032337264,0.96422136,0.0065208375,3.8866234e-05,0.9800934,0.9999627,0.0004721055,0.99567384,0.9999664,6.505968e-05,0.000274524,0.9968617,0.12665035,3.9211095e-06,0.9983261,0.00011517331
0.65091014,0.019851467,0.007196043,0.1206507,0.5078873,0.99814236,0.93429136,0.0021434063,0.11425329,0.9991844,0.29689053,0.9475812,0.452346,0.00242278,0.6670788,0.9776364,0.0155372,0.98706275,0.98601323,0.014226244,0.02509642,0.912055,0.42364007,0.004571655,0.79917175,0.006475505
0.6657677,0.0038273497,0.00038317984,0.14889573,0.061458994,0.99980444,0.987497,0.00095569505,0.052000236,0.99988425,0.027549738,0.95623493,0.05994983,0.0005680329,0.94225574,0.99879944,0.0039859675,0.98715425,0.9992446,0.0013068495,0.0032063185,0.9870328,0.2583851,0.00024174899,0.98755383,0.0017441432
0.7027474,0.016950894,0.004683818,0.15692462,0.37001067,0.99843687,0.9538113,0.002533237,0.101678915,0.9994289,0.18988183,0.9530198,0.35182652,0.0022459326,0.80099434,0.98412526,0.014652601,0.98382896,0.990815,0.01063726,0.01851293,0.94685245,0.4068277,0.0038368842,0.898893,0.0071514808
0.81944263,0.025464902,0.00560701,0.14533871,0.94821686,0.9998821,0.93752885,0.000126993,0.1549114,0.9999608,0.7134546,0.94007754,0.9441002,8.615579e-05,0.7699535,0.9646721,0.011810571,0.99932945,0.98807293,0.036541276,0.029851038,0.96966684,0.65915537,0.0033437584,0.9524509,0.0034679375
0.57854104,0.012384594,0.0041131764,0.09234483,0.33789772,0.99849105,0.94882905,0.0018143342,0.09097676,0.9991425,0.20605348,0.95108837,0.27160358,0.0022986552,0.6268574,0.9887272,0.010116674,0.9849563,0.99195063,0.0069191977,0.01606608,0.9062538,0.35230803,0.0021400189,0.76872134,0.0038995096
0.76507723,0.053900808,0.02055393,0.17579724,0.94764686,0.9993741,0.87770575,0.00063942664,0.20269592,0.9996996,0.7654576,0.9110008,0.9388021,0.00052473764,0.6751873,0.9182557,0.028474241,0.99812394,0.96508884,0.08854642,0.06943839,0.93972296,0.6517338,0.012752522,0.897295,0.010167973
0.49479535,0.0060141217,0.0014363109,0.07459861,0.1538126,0.9993162,0.96959746,0.0011459193,0.063938886,0.99937004,0.10000341,0.95415443,0.11062112,0.0014058836,0.6629728,0.9964876,0.0052428567,0.98576736,0.9971962,0.002323315,0.00789987,0.92783356,0.26496327,0.00058062887,0.8300035,0.0017836977
0.4005986,0.002870944,0.0005384743,0.043231748,0.102514535,0.99973315,0.97848207,0.0004024204,0.048478678,0.99962914,0.07610658,0.9557409,0.061901953,0.00059932703,0.5679645,0.9987662,0.0023351305,0.99084103,0.9988285,0.00084101025,0.003934439,0.9212409,0.2025351,0.00013624573,0.7984102,0.0005759298
0.50704974,0.005125251,0.0010446695,0.08248961,0.12353736,0.99950945,0.975583,0.0010128026,0.059539825,0.999556,0.076642156,0.95662737,0.09169492,0.0010967327,0.737418,0.9973526,0.0047472226,0.98660964,0.9979808,0.0018690252,0.00652793,0.94705254,0.25877628,0.00044930557,0.88725233,0.0016284666
0.6809261,0.0017357515,9.956982e-05,0.13446857,0.029655151,0.9999473,0.99337983,0.00038080226,0.039174307,0.9999666,0.012156008,0.9585504,0.02929934,0.00019112197,0.9694977,0.9996675,0.0018075067,0.9915479,0.99977154,0.0004564423,0.0011915773,0.9936173,0.20891851,5.1133353e-05,0.99575055,0.0006750456
0.80023557,0.044674706,0.013442349,0.17489418,0.9644128,0.99976724,0.90770024,0.00025144938,0.19018745,0.99989223,0.7991546,0.9105163,0.9599637,0.00017340768,0.7236213,0.938639,0.020237628,0.9991242,0.97843206,0.07978125,0.05421791,0.9598098,0.6948578,0.007877937,0.9418918,0.0067858426
0.5537336,0.00912837,0.0024631359,0.09994143,0.19516468,0.99886525,0.96285725,0.0019515491,0.07592138,0.9992017,0.11902665,0.9525951,0.15468284,0.00217479,0.7098188,0.9937313,0.008267312,0.9821316,0.9953969,0.004141249,0.011547689,0.93075675,0.30524445,0.0012910892,0.8467116,0.003297167
0.693565,0.012826303,0.003013621,0.16366309,0.23806238,0.99868375,0.96494883,0.0027536585,0.086941294,0.9994808,0.118789494,0.9537733,0.22800572,0.0022512043,0.8480863,0.99056846,0.01222797,0.9802356,0.99443465,0.0068936907,0.0132135665,0.95977485,0.36768383,0.002504441,0.93187445,0.0063302144
0.63468635,0.0029663087,0.0002660197,0.135048,0.048013683,0.9998697,0.98944306,0.00071184436,0.047413055,0.999908,0.02185381,0.9572177,0.045077194,0.00042656617,0.9437359,0.99919754,0.0031057734,0.9887096,0.9994715,0.00089690177,0.0025195288,0.988247,0.23620915,0.00014775504,0.98889065,0.0012373485
0.6016535,0.003013363,0.00030035852,0.12212614,0.053158678,0.999858,0.98867667,0.00068302476,0.047952168,0.9998939,0.025446907,0.95853645,0.04781997,0.00044915895,0.92708284,0.9991222,0.0031434426,0.9889232,0.9994129,0.00089540664,0.0027906918,0.98572254,0.23778366,0.00015880632,0.984003,0.0011893762
0.35483885,0.002294403,0.00034411752,0.05253767,0.050832823,0.9998124,0.9834622,0.00045412974,0.044511773,0.9995709,0.040021118,0.9411744,0.030867187,0.0005734472,0.68422097,0.9993092,0.002111161,0.9893579,0.99940026,0.00059444964,0.0030318147,0.9455308,0.17509234,7.7661614e-05,0.8977434,0.0005260437
0.764271,0.07346888,0.029748315,0.20187014,0.95733404,0.99924576,0.862122,0.00084780075,0.22158886,0.9995709,0.803503,0.8883465,0.9513226,0.0006418766,0.67770344,0.8971885,0.03668477,0.99805033,0.9580909,0.12713905,0.09178673,0.93932754,0.68068385,0.019304818,0.90897316,0.014636293
0.46617436,0.004938039,0.0010977194,0.06636418,0.13267064,0.9994636,0.9725742,0.0009087706,0.05902682,0.99943167,0.08923908,0.9538223,0.091540314,0.0011553472,0.64830774,0.9973731,0.0042773574,0.98699373,0.99784243,0.0017655519,0.0065712305,0.9281225,0.24658562,0.0003942778,0.8296863,0.00134849
0.7399456,0.10149792,0.04828763,0.22548622,0.94916713,0.9983901,0.82038033,0.0018819396,0.2514465,0.9989685,0.79962254,0.86733973,0.94208455,0.0014861547,0.65553564,0.8626573,0.053518802,0.99656516,0.93563086,0.16142306,0.125521,0.9202496,0.6622098,0.032662895,0.8831503,0.024017666
0.3453322,0.0017142033,0.0002475697,0.03249022,0.07039209,0.9998728,0.9842874,0.00019155875,0.04052912,0.99976486,0.056215372,0.9549264,0.03902756,0.00030564045,0.54615504,0.99943787,0.0013236437,0.9931631,0.9994338,0.00040221273,0.0023141317,0.9264241,0.16702224,4.7136906e-05,0.8131763,0.00027183874
0.7291457,0.012735466,0.002819592,0.1575513,0.31633243,0.99902666,0.965032,0.0017857143,0.08926116,0.9996797,0.1502873,0.95861995,0.30858666,0.0014445179,0.846712,0.9896063,0.011156616,0.9861631,0.99416983,0.0072836764,0.01267277,0.96216327,0.39270306,0.0023869493,0.9325876,0.0054470887
0.5757717,0.0070802565,0.0013644977,0.12623298,0.11715129,0.99932003,0.97491133,0.0019141036,0.066092074,0.9994937,0.064883545,0.95259905,0.09975078,0.0016314822,0.83732885,0.99636394,0.00717216,0.9818648,0.99757725,0.0028683245,0.008047464,0.9627314,0.28647915,0.00081017,0.9385327,0.003042736
0.7755024,0.03205822,0.009712402,0.14807238,0.910472,0.9995852,0.9144576,0.00043343994,0.16343458,0.9998473,0.65430546,0.9383416,0.89858145,0.0003615261,0.7151622,0.95277244,0.017535152,0.99811965,0.97934914,0.040830716,0.039971855,0.94925946,0.60307086,0.0061533307,0.9041121,0.005816559
0.5958381,0.004105809,0.00053113716,0.12649895,0.072276965,0.9997508,0.9850648,0.0009790135,0.053564906,0.9998111,0.036688335,0.9574818,0.06323538,0.00071311573,0.9016013,0.9985007,0.0043314444,0.9868601,0.999014,0.0014074309,0.004166064,0.97981364,0.25708035,0.00029716385,0.97357696,0.0017001678
0.77634966,0.063925914,0.023310268,0.19325218,0.9567494,0.99943835,0.8755002,0.00064086885,0.21165262,0.9997031,0.7927885,0.898682,0.95117915,0.00046900605,0.69557625,0.91126806,0.03085847,0.99835217,0.964741,0.10537442,0.078518555,0.9459113,0.6766401,0.015006583,0.9184355,0.0119702695
0.659404,0.0033875946,0.00033399314,0.1410529,0.060493495,0.99983335,0.9885105,0.00078351045,0.05021035,0.99990416,0.0272896,0.95757556,0.05809851,0.0004790887,0.9412768,0.99895954,0.0035571067,0.98824894,0.9993511,0.001114522,0.0028774096,0.9874791,0.25965676,0.00020141492,0.987611,0.0014983496
0.49346727,0.0040241196,0.0007193887,0.07364921,0.10756679,0.9996724,0.97936213,0.00069977256,0.053877655,0.99967587,0.06706929,0.9597327,0.077433094,0.0007657293,0.73823833,0.99812835,0.0036332067,0.9888187,0.998533,0.0013278547,0.005046027,0.95132726,0.24082874,0.00028301537,0.89398956,0.0011439818
0.39351916,0.0039959718,0.0011129699,0.026114512,0.25159332,0.9994925,0.9565424,0.00032747342,0.061299942,0.9993654,0.20037656,0.94506186,0.13904311,0.00076314865,0.28195247,0.99734515,0.0025825608,0.99226224,0.99708205,0.001637418,0.0051354896,0.80779696,0.21817285,0.00020142722,0.4791588,0.00048658805
0.6287032,0.02547386,0.0105913,0.13115011,0.4756957,0.99671656,0.9206464,0.0038543178,0.12521517,0.9983907,0.29224208,0.9388976,0.4202055,0.0044555822,0.6490673,0.9712829,0.020718904,0.9806411,0.9812216,0.0182847,0.03253867,0.89346546,0.4149314,0.0068748933,0.77016526,0.009529499
0.39894173,0.0024918765,0.00037819362,0.052377447,0.06891775,0.99981016,0.9832708,0.0004078028,0.045149814,0.99969435,0.049312897,0.9536764,0.04346915,0.00050861563,0.6834914,0.99912375,0.0021871377,0.99060386,0.9992399,0.0006672862,0.0032733558,0.9463629,0.19169307,0.00010106217,0.88583726,0.0005633657
0.7317604,0.0034670907,0.00027562026,0.16379648,0.05894434,0.999845,0.98930573,0.0007693241,0.050314315,0.99993265,0.024484232,0.9559912,0.06290562,0.00040250784,0.9618985,0.99899954,0.0035110645,0.98835933,0.9994081,0.0012009117,0.0024339894,0.99070376,0.26326793,0.0001874811,0.99302727,0.001648837
0.6838528,0.027619885,0.010774438,0.14202629,0.61043084,0.9977702,0.9209175,0.0025355357,0.13312943,0.9990946,0.3648295,0.9416258,0.5673573,0.0027097396,0.6839195,0.9652025,0.021141334,0.98783314,0.9799922,0.02323885,0.034563534,0.9127044,0.4685881,0.0075520715,0.8154999,0.0092655
0.7313478,0.11010904,0.056290686,0.23167887,0.94803256,0.997968,0.81185776,0.0023317027,0.2556676,0.99865913,0.8005481,0.85978,0.94065934,0.0018772421,0.6459252,0.85174024,0.05989106,0.99601054,0.929594,0.18050925,0.13739757,0.9152347,0.66581196,0.03865191,0.8758685,0.027943395
0.6312894,0.0020503874,0.00013860349,0.13008846,0.029864002,0.99993,0.9920379,0.0005164467,0.04154085,0.9999409,0.013066886,0.9561655,0.027733319,0.0002822689,0.9598319,0.9995902,0.0021432675,0.9902462,0.99970907,0.0005318771,0.0015420142,0.9917149,0.20296116,6.763383e-05,0.9937875,0.0007908368
0.49973324,0.0033360904,0.00050812965,0.077424824,0.08776427,0.9997702,0.9834853,0.0005699584,0.050366987,0.99978155,0.05252868,0.9605818,0.06445568,0.0005735106,0.79141057,0.9986603,0.003129985,0.9897093,0.99898356,0.0010201372,0.0040267194,0.9635863,0.23553497,0.0002037832,0.9279639,0.0009911173
0.4061192,0.0033078322,0.0006634399,0.046701144,0.10783006,0.9996635,0.97625625,0.00051114906,0.051221672,0.999537,0.08014961,0.9536882,0.066513196,0.00074865046,0.5703598,0.9984896,0.002722422,0.9897093,0.99860555,0.0010209297,0.004555997,0.9177172,0.20980136,0.00017621658,0.7941811,0.00070642843
0.6881203,0.047865756,0.022814848,0.14096774,0.88078874,0.9982889,0.86009544,0.0014501376,0.1891417,0.99910164,0.6640901,0.91116935,0.8496447,0.001668022,0.57752556,0.9281238,0.029451016,0.9950492,0.95992774,0.0641583,0.06261471,0.8932481,0.5577225,0.012107335,0.7881913,0.010493714
0.7787478,0.00031996466,4.8289335e-06,0.12103245,0.0077471416,0.9999969,0.9983814,4.060348e-05,0.020946456,0.99999857,0.0024587754,0.96940315,0.008137149,1.3592506e-05,0.9938398,0.99997365,0.0003312827,0.9969375,0.99997985,5.4013868e-05,0.00012885382,0.99871993,0.13697892,1.963353e-06,0.9996369,8.778306e-05
0.553259,0.02602268,0.012770472,0.09816224,0.48436046,0.9955635,0.89844334,0.0040739067,0.12940527,0.997029,0.333902,0.9243026,0.3946868,0.005969868,0.50076467,0.9704705,0.020067526,0.978511,0.9778968,0.018934418,0.0347118,0.8324557,0.38438275,0.006081227,0.6319976,0.008122792
0.6223977,0.0044655236,0.0005525158,0.14258963,0.06879176,0.9997249,0.9850739,0.0011998375,0.055172,0.99980706,0.03323753,0.9540071,0.063103005,0.00080092077,0.92097855,0.998445,0.004737185,0.98552704,0.99900925,0.001566495,0.0042060046,0.9824666,0.26234534,0.0003304355,0.98036844,0.0020297987
0.6545593,0.0062786317,0.0008490692,0.16386491,0.08292177,0.99953914,0.9812401,0.0019800542,0.06266542,0.9997198,0.03901972,0.949878,0.08025552,0.0012484454,0.9239988,0.99752384,0.0066036745,0.9817872,0.99847907,0.0024623403,0.0056573832,0.9808678,0.28209314,0.00059143716,0.979763,0.0032250509
0.6317029,0.004892121,0.0006267766,0.14336668,0.07743476,0.99968493,0.98394644,0.0013014167,0.056950685,0.9997979,0.037189234,0.9552129,0.07217982,0.00087023806,0.9165136,0.9981688,0.005121481,0.9851291,0.9988372,0.0017698312,0.004622402,0.9814144,0.2710738,0.00039746237,0.97797054,0.0022425766
0.31845665,0.0008938675,0.00014209516,0.014052221,0.11776685,0.99993074,0.98406833,4.022928e-05,0.037910342,0.99990094,0.10794788,0.9527556,0.05714042,9.719739e-05,0.2824301,0.9996289,0.00059223425,0.9966197,0.99954116,0.00023764413,0.0011450284,0.8609618,0.15697575,1.5105605e-05,0.5628064,6.81766e-05
0.77535874,0.024701118,0.0066002626,0.13805419,0.8731337,0.99964106,0.93091166,0.00038703223,0.14429866,0.999882,0.5756412,0.9482522,0.86006993,0.0003230916,0.7391119,0.9652785,0.013980424,0.997973,0.9848394,0.02698907,0.030112637,0.9541498,0.5758455,0.0043206103,0.9096528,0.0046086204
0.6483048,0.0030998695,0.00027591182,0.1425542,0.047474314,0.9998597,0.98923546,0.00079555134,0.048328407,0.99990356,0.021205675,0.9552386,0.045212135,0.00046137054,0.9486074,0.9991658,0.0032650041,0.9880976,0.99945706,0.00096638955,0.0025376917,0.9887368,0.23811023,0.00015717198,0.9901635,0.0013505013
0.6097002,0.009116694,0.0024663599,0.091449335,0.32121944,0.99917233,0.96204126,0.0010716757,0.08013165,0.9996014,0.18008226,0.95964015,0.26356024,0.0012575933,0.68739474,0.99234915,0.0074447533,0.9889113,0.994768,0.0047699204,0.011253763,0.9327164,0.35256034,0.0013473288,0.82809025,0.002740754
0.6815695,0.006876033,0.0010773686,0.1560474,0.12500724,0.99947363,0.9794679,0.0016086372,0.06597459,0.99976224,0.059066426,0.9572828,0.12197612,0.0011310305,0.90413344,0.99658763,0.0069585936,0.9836997,0.9979674,0.0029467314,0.006508616,0.977136,0.3142275,0.0008035467,0.96916515,0.003379587
0.7549014,0.07499384,0.03195086,0.20067675,0.9484522,0.9989826,0.85144854,0.0011264848,0.22580235,0.9994387,0.78231394,0.89149636,0.9407587,0.00089645013,0.66851205,0.89235926,0.039441574,0.9974316,0.9521238,0.121382445,0.09461582,0.9310646,0.6581732,0.02090659,0.8918301,0.015959099
0.61729074,0.009885282,0.002470138,0.11721826,0.22615048,0.9989802,0.9650374,0.0018209032,0.07903591,0.99945897,0.12501685,0.9576302,0.19302607,0.0018055033,0.7680507,0.992761,0.008939208,0.9838621,0.99511683,0.004768295,0.011606291,0.94493306,0.3313829,0.0015576762,0.8827405,0.0037781782
0.50578415,0.0054599373,0.0013246023,0.05959655,0.21471912,0.9994497,0.9686744,0.0006863088,0.064579345,0.9995906,0.13691252,0.95917284,0.15235932,0.00094915566,0.5926734,0.99640024,0.0042693755,0.98969156,0.9970489,0.00222092,0.0071268417,0.916926,0.27971995,0.0005028645,0.77226615,0.0012950981
0.63226044,0.0014320769,7.789555e-05,0.12217318,0.022141209,0.99996185,0.9940849,0.0003174137,0.036511302,0.99996686,0.009572713,0.9583584,0.020642644,0.000165381,0.9679138,0.99976975,0.0014836504,0.99207485,0.99983,0.00032469514,0.0010139139,0.99371594,0.1858243,3.430534e-05,0.99576485,0.0005075306
0.16998309,0.000660699,7.228742e-05,0.010772771,0.03546024,0.99994314,0.98522216,4.9771745e-05,0.030560633,0.9996557,0.043902304,0.9212341,0.013182374,0.00013564114,0.22217448,0.9998648,0.00040840835,0.994941,0.9997967,0.00010844923,0.0009235013,0.8302022,0.085604705,4.436693e-06,0.57509655,4.4669658e-05
0.49443582,0.0055333856,0.0011638093,0.08528335,0.11848631,0.9994228,0.9740872,0.0012295587,0.060755346,0.999421,0.07509247,0.9521302,0.08767744,0.0013477511,0.7320923,0.9971787,0.0051696287,0.984951,0.99786854,0.002034217,0.007049272,0.9440847,0.2570348,0.000495399,0.8845299,0.0018090844
0.7675818,0.010420064,0.0018408035,0.16989323,0.26586354,0.9993026,0.9731933,0.0014462182,0.08216265,0.999801,0.116225265,0.9591597,0.27320173,0.0010376198,0.8951473,0.9926991,0.009248231,0.9868998,0.9961901,0.0056790826,0.008971105,0.9740288,0.38721812,0.0016447046,0.9621359,0.0048600775
0.48149848,0.008105065,0.0026458434,0.052714676,0.29579884,0.9989022,0.9488292,0.001004983,0.0782197,0.9990632,0.20678271,0.94781667,0.20076187,0.0016970725,0.45044774,0.99349713,0.005958933,0.9877508,0.99426043,0.003928953,0.010846402,0.8593329,0.28724003,0.00085708476,0.626741,0.001732975
0.33587602,0.0019543988,0.00030796145,0.03182174,0.0756816,0.9998332,0.9815276,0.00024149283,0.042292587,0.99966216,0.061833166,0.95140344,0.041099966,0.00039701306,0.5033885,0.9993031,0.0014904013,0.99230427,0.99929035,0.00048542948,0.0027070977,0.9120391,0.16555797,5.7324203e-05,0.77650607,0.0003096906
0.51023155,0.009351842,0.0033362901,0.057741586,0.37760967,0.9987804,0.94409364,0.0009754021,0.08469771,0.999119,0.25602606,0.9431471,0.2724656,0.0016992019,0.4520826,0.9915359,0.00701081,0.9888024,0.9931677,0.0054421206,0.012412492,0.86071926,0.3223765,0.0011389679,0.62978613,0.0020113795
0.7224842,0.11064026,0.059911016,0.2288801,0.9456962,0.9975908,0.80603,0.0026089796,0.2550433,0.9984113,0.79776186,0.8582942,0.9370599,0.002226944,0.6313179,0.84604424,0.06317067,0.99554163,0.92579377,0.18769842,0.1413256,0.9083242,0.66175365,0.041102786,0.86257035,0.029010177
0.51384616,0.01160698,0.00403474,0.079263486,0.2692892,0.99818075,0.9452876,0.0021784243,0.08737842,0.9985844,0.18176378,0.94480073,0.20061655,0.0030258894,0.56105167,0.9904551,0.009457873,0.9813809,0.9923092,0.005806057,0.015616937,0.88045543,0.30975214,0.001741267,0.7121867,0.0034984828
0.26489282,0.0013048813,0.00020154651,0.015014508,0.08660666,0.99987555,0.97899276,9.763791e-05,0.03846175,0.9996569,0.084179945,0.9447171,0.037448533,0.00024538537,0.2529869,0.9995473,0.0008086367,0.9944402,0.9993963,0.00029619364,0.0017265937,0.8316284,0.12961042,2.1366233e-05,0.5329416,0.000110291105
0.57180804,0.01294289,0.0045070793,0.08254206,0.38425323,0.9984956,0.9420507,0.0016166676,0.094777,0.99908364,0.23950046,0.9495535,0.30312446,0.0022145156,0.57211626,0.98743874,0.009962431,0.98657155,0.99061614,0.007564465,0.016758079,0.88907856,0.3516392,0.0021164042,0.72179145,0.0035283505
0.7931357,0.025762212,0.006534168,0.14502057,0.9036898,0.9997291,0.93134946,0.00029385262,0.14926124,0.99991345,0.6185969,0.9455912,0.89558786,0.0002285106,0.7543431,0.9638365,0.013890644,0.99849653,0.9853086,0.03069024,0.03096716,0.9602508,0.60337603,0.0042847926,0.92703384,0.004489098
0.61090255,0.044062432,0.024270406,0.14526282,0.5896269,0.99288875,0.87499404,0.007061227,0.15981217,0.99608326,0.39902723,0.91339386,0.52803034,0.008908706,0.5762803,0.94420445,0.035430428,0.97477055,0.9633195,0.03897734,0.058007065,0.849179,0.4515799,0.01532567,0.69854075,0.017385112
0.60220957,0.0026395742,0.00022794656,0.13087666,0.036493212,0.9998872,0.989945,0.0007322476,0.045980398,0.9998934,0.017049816,0.95307666,0.03257902,0.00043956147,0.9460903,0.9993793,0.0028272106,0.98847115,0.99957246,0.00074483553,0.002198535,0.98864925,0.21519731,0.000110725254,0.9902782,0.0010527816
0.12125995,0.00035877354,2.5648933e-05,0.012632524,0.009489854,0.9999776,0.9918019,3.5355206e-05,0.025516111,0.999713,0.014780254,0.87530565,0.0038261006,8.0373604e-05,0.3786527,0.9999676,0.00024402961,0.99472815,0.9999521,4.134991e-05,0.00044769933,0.9049593,0.06418456,1.1373293e-06,0.82418627,2.695133e-05
0.25433597,0.0011477361,0.00017815354,0.011733277,0.095974736,0.999889,0.97755194,7.1671115e-05,0.037317988,0.999684,0.096899405,0.94465613,0.038447194,0.00020437884,0.19374745,0.99959344,0.00066386495,0.99519134,0.9994006,0.00025722192,0.0014520896,0.79867566,0.12157665,1.5895683e-05,0.44425926,7.737767e-05
0.8699081,0.016289819,0.0019665791,0.13943239,0.9840403,0.9999925,0.9632055,8.740633e-06,0.1550672,0.999997,0.8465034,0.9182062,0.9833831,4.174412e-06,0.83187306,0.9841967,0.0049150162,0.99991953,0.9959105,0.029492112,0.014902983,0.9865694,0.73930496,0.0007614767,0.9877329,0.0009596568
0.66564727,0.027922152,0.011298877,0.12779143,0.653452,0.99792236,0.91274,0.0021560828,0.13829237,0.99908257,0.40729025,0.93899894,0.6015698,0.0024412377,0.63794976,0.96378607,0.020097243,0.9895586,0.9783095,0.024022857,0.035957612,0.90111023,0.4677154,0.0070197145,0.78332734,0.008216416
0.42581922,0.011564863,0.004690109,0.054642215,0.26918268,0.99741274,0.92721933,0.0022255236,0.08968964,0.9970951,0.21557438,0.92562765,0.17486484,0.0041236943,0.37754816,0.9908742,0.0087783,0.97856724,0.99136823,0.005711172,0.015896728,0.7991061,0.27223793,0.0013802397,0.5318317,0.0027637265
0.26071334,0.0011796519,0.00018621511,0.011757813,0.101546936,0.9998852,0.9771987,7.231066e-05,0.037669994,0.9996933,0.10120335,0.94590944,0.040919114,0.00020724405,0.19306678,0.99957496,0.00067917164,0.9952195,0.99937123,0.00026991472,0.0014871669,0.7982681,0.12441174,1.7025772e-05,0.43961442,8.004822e-05
0.79750186,0.052539438,0.01496171,0.18789436,0.98225284,0.99989545,0.90797436,0.00012033356,0.21286622,0.99992466,0.8854928,0.8600835,0.97974867,7.423507e-05,0.70512354,0.94109994,0.0192377,0.9995813,0.9802346,0.11794947,0.059193466,0.9638143,0.7397236,0.0070839813,0.95919544,0.005512486
0.65077186,0.0007659347,2.746813e-05,0.11000186,0.013251055,0.9999863,0.99635714,0.00014551457,0.029325908,0.9999881,0.0053267675,0.96262014,0.012457893,6.76388e-05,0.9794438,0.99991095,0.0007943549,0.9944459,0.99992895,0.00014419234,0.00046642902,0.9962482,0.15740518,1.0545652e-05,0.9979684,0.00023493303
0.46690845,0.0040745065,0.00082007865,0.059445307,0.12873478,0.9996182,0.9759176,0.0006316175,0.055114634,0.9996062,0.085378006,0.9583902,0.08695741,0.00081665756,0.6455863,0.9979405,0.0034266638,0.9892803,0.9982539,0.0013694167,0.0053326576,0.9327561,0.23800853,0.0002816463,0.83329165,0.0010074145
0.2389215,0.0011901673,0.00017128761,0.0148773,0.069712736,0.9998839,0.98040366,9.397556e-05,0.037416767,0.9996216,0.07134375,0.9365775,0.029772682,0.0002384312,0.25694427,0.9996394,0.0007542328,0.99409086,0.99952006,0.00025213696,0.0016078516,0.83473486,0.12074173,1.6701246e-05,0.5579349,0.00010175629
0.655038,0.0081023015,0.001503472,0.15075038,0.14214674,0.9992779,0.9752548,0.001996043,0.07027582,0.9996344,0.07093736,0.9556877,0.13257083,0.0015362912,0.87587786,0.9955265,0.008204212,0.98205227,0.99724567,0.0036060298,0.008300707,0.9700346,0.31723824,0.0010927172,0.95438683,0.0039152754
0.28909498,0.0024155865,0.0005343943,0.01779007,0.13293323,0.9996532,0.9648183,0.00023293389,0.048721977,0.9992144,0.12957102,0.9358793,0.059969045,0.0006165234,0.21668455,0.99891245,0.0015083216,0.9916397,0.99856263,0.0006898952,0.0031509434,0.7788289,0.15415941,6.501248e-05,0.43013883,0.00023803551
0.7518036,0.06853337,0.02899754,0.19251366,0.9372934,0.9988921,0.85604644,0.0012088168,0.2189912,0.99942964,0.7529565,0.9000103,0.9278159,0.0009936241,0.66958135,0.8997265,0.03728219,0.9970202,0.9535414,0.10401038,0.08702177,0.92795825,0.6386071,0.01901138,0.88236165,0.01502209
0.6372459,0.0027391228,0.0002343556,0.13379271,0.044888243,0.99988365,0.9900955,0.0006589084,0.046317104,0.99991834,0.020184599,0.9569576,0.042180005,0.00038989182,0.9473401,0.9992945,0.002882292,0.989139,0.9995326,0.0008091867,0.00226144,0.9890877,0.23304418,0.00012739569,0.99008536,0.0011272389
0.67159796,0.058267087,0.030687744,0.15207674,0.85557765,0.99704665,0.84134537,0.002628203,0.20061785,0.9983558,0.64165187,0.90153,0.8202729,0.003045031,0.5694741,0.91489846,0.037439685,0.9922255,0.9498154,0.07410758,0.07553481,0.8748076,0.5443882,0.017265853,0.7613561,0.0149173895
0.729091,0.041477673,0.016567076,0.1648644,0.808118,0.99827754,0.8971351,0.0018737671,0.16638207,0.9993197,0.5378627,0.9300408,0.7857382,0.0017944382,0.691307,0.94155264,0.027629966,0.99320775,0.9701666,0.04523262,0.05190801,0.9210128,0.5489801,0.011897582,0.849483,0.011773864
0.5912149,0.012220335,0.0033337176,0.13748576,0.18808343,0.9983367,0.96051115,0.0035174151,0.08342704,0.99892825,0.10886228,0.9465294,0.16257171,0.0033144385,0.78295016,0.99152726,0.01200859,0.97582847,0.994408,0.0060040313,0.014668596,0.9420698,0.32826126,0.0021872406,0.89230895,0.005690807
0.79038846,0.019478114,0.0048362785,0.13212939,0.88676506,0.99977285,0.9413967,0.00022190312,0.1326102,0.99994004,0.5892155,0.9500611,0.87761176,0.0001891012,0.7559813,0.97341883,0.011226057,0.99857605,0.989214,0.022778975,0.02285255,0.9631617,0.5982214,0.0029621078,0.9266526,0.00343279
0.34107104,0.002026682,0.0003865127,0.021395335,0.13221194,0.9997986,0.97501963,0.00016689148,0.045107886,0.99966335,0.11128133,0.9538081,0.065963775,0.00036656004,0.32179347,0.99907815,0.0013269793,0.9937968,0.9989095,0.0005684588,0.0026887958,0.85480523,0.17071411,6.0401362e-05,0.57491374,0.00022701219
0.3270957,0.0043670195,0.0014445714,0.023653572,0.24225037,0.9990706,0.94480693,0.0003959036,0.064990684,0.9985012,0.22691293,0.90711045,0.1274734,0.0012329504,0.19147548,0.99732554,0.0029829224,0.9892287,0.99691975,0.0019967954,0.005464058,0.7266003,0.20437509,0.00019126674,0.36123258,0.00048432362
0.67767626,0.018324941,0.005761571,0.14687862,0.39227155,0.9981007,0.94705707,0.0028249652,0.10543499,0.99923515,0.21267328,0.95047086,0.3613196,0.0027425024,0.7599674,0.98195386,0.015831811,0.9829017,0.98917705,0.011776283,0.021422736,0.93492657,0.40780604,0.0043959785,0.8670331,0.0075336522
0.66345936,0.004514933,0.00049393845,0.15562963,0.06643541,0.99973947,0.9857238,0.0012463572,0.055365577,0.99984384,0.030076737,0.9534328,0.06487723,0.0007454164,0.93882436,0.9984888,0.0047314395,0.98540014,0.99906,0.001616867,0.0038412812,0.98553604,0.2648319,0.00032197387,0.98610014,0.0021631112
0.6150741,0.0024229854,0.00021116676,0.11920994,0.04670053,0.999902,0.99064237,0.0004992385,0.044715237,0.9999323,0.021719191,0.9599956,0.042761,0.00031774346,0.9385372,0.9993687,0.002525522,0.9903646,0.99957997,0.00067406526,0.0021202546,0.98846775,0.23357646,0.000108188324,0.98795587,0.00092815363
0.6789741,0.0075054364,0.0011859016,0.16644312,0.11597943,0.99939406,0.9784717,0.0020225747,0.06761757,0.9996991,0.05527262,0.9537495,0.1133806,0.0013825102,0.9090641,0.99640983,0.0077164704,0.9817114,0.9978478,0.0032695371,0.006965108,0.9771275,0.30921948,0.00089837407,0.97157186,0.0038996984
0.35005915,0.0052612494,0.0015587393,0.034717333,0.16703275,0.99902785,0.9528135,0.0008557835,0.06394393,0.9983625,0.14713532,0.93083906,0.09293248,0.0017821498,0.3258749,0.99697816,0.0037818162,0.98517364,0.99675876,0.0019228278,0.007282897,0.8084744,0.20799348,0.00031374235,0.52696055,0.0009076474
0.7241279,0.002152954,0.00012166979,0.1528002,0.035168882,0.9999281,0.9925356,0.00048632565,0.042108867,0.99996305,0.013900366,0.9560805,0.036841393,0.00022857357,0.9735405,0.99954563,0.0022100925,0.9905447,0.9997056,0.000629123,0.0013675361,0.99368864,0.22228482,7.111625e-05,0.99627894,0.00091315387
0.3689837,0.0046663783,0.0012767282,0.034694023,0.16783589,0.99927646,0.95888203,0.0006689286,0.061003882,0.9989133,0.13991565,0.941201,0.09465846,0.0013226828,0.3599797,0.99733585,0.0033583797,0.9876599,0.9971956,0.0016587077,0.006462871,0.83487743,0.21027291,0.0002733693,0.57022876,0.0008020316
0.2769239,0.0013662662,0.0002073759,0.01873721,0.075452454,0.9998759,0.9808755,0.00012221874,0.03858202,0.99967194,0.07100933,0.9470976,0.034476064,0.00026467655,0.32800123,0.99954116,0.00092632306,0.9939791,0.99943405,0.00030897427,0.0019074549,0.86549914,0.13564235,2.5353844e-05,0.6308119,0.00014352977
0.4604072,0.022078983,0.011466142,0.07924131,0.3470581,0.9937401,0.8956881,0.0053797993,0.11715333,0.99386805,0.27314538,0.90698117,0.2510024,0.009285197,0.4057225,0.9792119,0.01768761,0.96734303,0.9820806,0.013576983,0.030137833,0.7775479,0.32199052,0.0042291973,0.5314435,0.0068279277
0.57929546,0.0065362547,0.0012905617,0.1108156,0.13741435,0.99940336,0.97509456,0.00139914,0.06492223,0.99960214,0.07645272,0.95814455,0.11425411,0.0012972251,0.8097407,0.99639326,0.0062953853,0.984726,0.9975152,0.0026281595,0.0075921756,0.95901644,0.28946042,0.00073556305,0.9220843,0.0025173163
0.45183045,0.0057281987,0.0017625877,0.035597384,0.31627777,0.999321,0.9511204,0.00048488693,0.071064815,0.9993507,0.23010604,0.94830376,0.19714922,0.0009808087,0.35080495,0.9955043,0.0038357694,0.99171114,0.995624,0.0027224026,0.007443668,0.8327469,0.261218,0.00042001272,0.5410939,0.0008584572
0.7490206,0.08096487,0.037389804,0.20942558,0.94838107,0.9987417,0.8511923,0.0013626601,0.22551548,0.99928814,0.7867867,0.8832626,0.9407956,0.0010988441,0.6636804,0.8828368,0.044230454,0.9970823,0.9501836,0.14154273,0.10398381,0.92860436,0.6725056,0.025537249,0.89083004,0.018742794
0.6767854,0.0024903729,0.00017785195,0.14464463,0.039333783,0.9999068,0.9913094,0.0005895804,0.04429448,0.99994075,0.016710069,0.95647913,0.038819592,0.00031294953,0.96175015,0.99942183,0.0025837498,0.98961896,0.9996196,0.00073710084,0.0018424919,0.9915187,0.22704151,0.00010030552,0.9937255,0.0010531774
0.5644352,0.033596803,0.018017173,0.12382349,0.4642525,0.9928231,0.8895902,0.0072429017,0.13969505,0.9954194,0.32128912,0.9165195,0.38982046,0.009813088,0.54309154,0.9617146,0.028118687,0.9690207,0.9724505,0.02519728,0.045089785,0.8346194,0.4002613,0.010079158,0.6589322,0.013280635
0.6138652,0.014065405,0.004918142,0.076984316,0.5800167,0.99903417,0.93489677,0.00085179723,0.106479764,0.9995003,0.3566835,0.95080936,0.4858143,0.0011623024,0.5470905,0.9834451,0.009648081,0.9930234,0.9886171,0.010242543,0.018261215,0.8922455,0.40270385,0.0021717902,0.720991,0.0029456893
0.7360618,0.05922142,0.0257636,0.17726684,0.9167952,0.99866605,0.86406535,0.001358291,0.20431785,0.9993573,0.70869267,0.9090373,0.9025222,0.0012175889,0.6542739,0.91022635,0.034720264,0.99623495,0.95656216,0.086271025,0.077652365,0.920401,0.6138788,0.016768532,0.85993814,0.013704789
0.77549875,0.0410084,0.013513034,0.16394478,0.9322237,0.99951434,0.9041049,0.0005045879,0.17900424,0.99980587,0.7087304,0.9271025,0.9231174,0.0004013802,0.7079623,0.9380317,0.022040285,0.9981698,0.97475725,0.060451515,0.05279436,0.9479407,0.638331,0.00884758,0.9090886,0.0078007234
0.69948417,0.019337656,0.0060695484,0.1373641,0.5250416,0.99860966,0.94268936,0.0017857645,0.11286999,0.9994935,0.286729,0.95248765,0.48889524,0.0017706982,0.73746216,0.9784374,0.015123647,0.98912674,0.9876137,0.014033386,0.022814756,0.9344863,0.44283348,0.00445217,0.85896504,0.00648736
0.35693035,0.0032771572,0.0008024609,0.024255734,0.17960387,0.9995757,0.96290714,0.00031550397,0.05509163,0.99934727,0.15176123,0.9469468,0.092424296,0.00071264495,0.28801665,0.9981856,0.0021359234,0.9916598,0.997877,0.0011037367,0.0043191994,0.817451,0.19146575,0.00013675491,0.49904665,0.00040578027
0.59557444,0.005315784,0.0007737845,0.13466564,0.08173394,0.99960715,0.98179275,0.0015092568,0.059001397,0.9997116,0.041382022,0.95278645,0.07273502,0.0010955741,0.895535,0.99787176,0.0055865706,0.98386824,0.9986304,0.0019368983,0.005421117,0.97685075,0.27070242,0.00046445828,0.96990865,0.002387281
0.6146583,0.0015776821,9.5184005e-05,0.12113071,0.023064766,0.9999529,0.99335563,0.00038923003,0.038115814,0.99995434,0.010165732,0.9566479,0.020823717,0.00021123483,0.9633482,0.99973065,0.0016659755,0.991377,0.99980015,0.00037181887,0.0011548899,0.9927805,0.18661201,4.1219868e-05,0.9948835,0.00056329294
0.29712233,0.0031154081,0.00073684164,0.02434329,0.121685214,0.99950886,0.96363163,0.0004177952,0.051988732,0.9988764,0.1158437,0.93186796,0.05981614,0.0009588982,0.27965218,0.9985637,0.002127281,0.98892784,0.9983041,0.000924634,0.004332697,0.8061984,0.16782032,0.00010981152,0.5108526,0.0004142993
0.30637482,0.0018914776,0.000347553,0.02042523,0.10619896,0.99979836,0.9755499,0.00017886296,0.043445658,0.9995735,0.09577701,0.94801015,0.0508719,0.0003947677,0.30994567,0.9992207,0.0012520105,0.9931064,0.9990594,0.0004921334,0.0025911483,0.8478246,0.15604097,4.8617352e-05,0.5750445,0.00021132406
0.8131671,0.022748198,0.0049355417,0.14180814,0.923654,0.9998504,0.9408809,0.00016443033,0.14531086,0.9999548,0.64452857,0.94682497,0.91939926,0.000117063144,0.7790473,0.96883684,0.011375799,0.9990727,0.98873377,0.027947,0.02648253,0.9687095,0.62558687,0.0031274713,0.94725865,0.003451768
0.4852692,0.007704737,0.0022984443,0.06140213,0.22722642,0.9989613,0.9562514,0.0012246724,0.07388295,0.99908817,0.1567915,0.95114166,0.15734759,0.0018068788,0.5317928,0.9944674,0.0060143527,0.9857831,0.99518377,0.0033321674,0.010367243,0.88546413,0.27637926,0.0008331553,0.7048017,0.0019349267
0.69329137,0.0032731413,0.0002545483,0.1596083,0.045416128,0.99985325,0.98934036,0.0009079194,0.049037337,0.9999126,0.019131819,0.95222014,0.04602442,0.0004661255,0.96189266,0.9991567,0.0034205886,0.9873717,0.99946076,0.0010691218,0.0023650776,0.9905578,0.23902503,0.00015771318,0.9933733,0.0015100368
0.75371784,0.08914044,0.038477376,0.21607456,0.9532273,0.99888986,0.83896846,0.0013029862,0.23982312,0.99932086,0.8019716,0.8774148,0.9469585,0.0009924065,0.67019564,0.87929076,0.0449347,0.9973749,0.94657665,0.14310984,0.109436594,0.93037117,0.668786,0.02571793,0.89783084,0.01938564
0.8118994,0.01855097,0.0037303146,0.13849308,0.87999225,0.9998374,0.95015514,0.00018588196,0.13033833,0.9999566,0.5496325,0.9532509,0.8771542,0.00013503384,0.8022332,0.9764466,0.009977337,0.9987808,0.9910772,0.019378992,0.020672616,0.97059005,0.5906449,0.002485852,0.9491018,0.0031348222
0.6319655,0.007975309,0.0016177333,0.1294723,0.1674354,0.99928075,0.9732746,0.0016544996,0.070551075,0.9996239,0.08711952,0.95892984,0.1482299,0.0014200372,0.8348112,0.9951794,0.007650572,0.98397094,0.9968651,0.0035075794,0.008801877,0.962454,0.31691667,0.0010823471,0.93113506,0.0034041149
0.68751085,0.0010190756,3.9288632e-05,0.12512381,0.017061144,0.9999784,0.99555796,0.000214083,0.03220349,0.99998426,0.0065693287,0.96051943,0.01658186,9.486513e-05,0.98015344,0.9998596,0.0010544524,0.99346876,0.999894,0.00022257229,0.00060465233,0.99593097,0.17138489,1.7460163e-05,0.9979087,0.00034816618
0.7764527,0.02428644,0.0065533346,0.14444067,0.8405503,0.9995573,0.93398595,0.0004970183,0.13877437,0.99986076,0.52686536,0.94863236,0.8277073,0.00041692687,0.7542573,0.96747386,0.014467061,0.9973533,0.9854667,0.025101408,0.028676353,0.95428467,0.56158,0.0045469534,0.91135615,0.005096174
0.53789306,0.014418015,0.005679142,0.0743406,0.39828727,0.99797136,0.9301251,0.0019108388,0.100262105,0.99857426,0.26624912,0.9412959,0.3025882,0.002922965,0.49767396,0.98560196,0.010899489,0.9848359,0.9886735,0.008723989,0.019078106,0.8564819,0.34306446,0.002336974,0.6486489,0.0037325288
0.75384223,0.011201419,0.0021367366,0.16691892,0.27890688,0.99919766,0.9708047,0.0016008881,0.08444019,0.9997645,0.12396517,0.9584294,0.28220963,0.0011995541,0.8822196,0.9918032,0.009986753,0.9863089,0.9956701,0.006137621,0.010148262,0.9709427,0.3903901,0.0018995772,0.9547088,0.0052038427
0.568574,0.012859225,0.0042853057,0.100039564,0.2903058,0.9982047,0.9488611,0.0024006136,0.089894064,0.99888736,0.17954858,0.948252,0.23267975,0.0029469922,0.6460897,0.9890035,0.011045381,0.9813409,0.99208504,0.006901128,0.01668918,0.90777683,0.34108293,0.0022950275,0.7833058,0.0044999197
0.63130593,0.008753589,0.0017652602,0.14576475,0.14623871,0.9991406,0.97267836,0.0022738683,0.07244411,0.9995147,0.076340504,0.953827,0.1328828,0.0018401099,0.85505164,0.99496245,0.008789518,0.98068684,0.9968143,0.0039303694,0.009389915,0.9644456,0.3151022,0.001236458,0.94282264,0.004122866
0.6456758,0.068315655,0.040747058,0.17000714,0.76303816,0.99294287,0.83217657,0.0066905087,0.20286514,0.9960877,0.5504506,0.89382905,0.7197384,0.007883245,0.5748751,0.90409017,0.04972673,0.9821602,0.94046015,0.076013096,0.088681154,0.84740305,0.5142366,0.026189603,0.7214459,0.024146928
0.29641074,0.0016748018,0.00028589222,0.019310284,0.09452614,0.99983346,0.977359,0.00015464106,0.041163664,0.99960965,0.08644844,0.948607,0.044250023,0.00034208238,0.30996996,0.9993529,0.0011035973,0.9935284,0.9992036,0.0004127448,0.0022987504,0.8514819,0.14644325,3.7930648e-05,0.58763045,0.00017892948
0.7655668,0.04814729,0.017063381,0.17081836,0.92132777,0.9992768,0.88776183,0.00078725175,0.18994766,0.99968946,0.69744736,0.9222146,0.9110942,0.00064841186,0.6977956,0.92936105,0.026216982,0.9974688,0.96830285,0.06562488,0.060005106,0.9391853,0.61881745,0.011314773,0.89399034,0.009871058
0.58241415,0.019558465,0.007975799,0.10922267,0.3890802,0.99699926,0.92867047,0.0034764907,0.11025488,0.9982498,0.24784537,0.93987143,0.32225463,0.004408855,0.6069287,0.9799855,0.01627101,0.9791469,0.98584414,0.012466126,0.025726123,0.88314784,0.3749929,0.004450519,0.73546,0.0069648144
0.66994435,0.0006393011,1.980683e-05,0.11088135,0.011661499,0.99998987,0.9969158,0.00011307577,0.027470589,0.9999919,0.0045384946,0.96336925,0.011152441,4.945923e-05,0.9833335,0.99993193,0.00066190585,0.9950003,0.9999459,0.00011617795,0.0003675696,0.99691415,0.15286872,7.5015237e-06,0.99851424,0.00019269048
0.7704413,0.018625392,0.004625062,0.1468514,0.6928929,0.99942786,0.94955873,0.0007236906,0.11712715,0.99983895,0.36847085,0.95527303,0.6810001,0.0006084919,0.79449826,0.97845536,0.012658155,0.9953459,0.98978615,0.015333323,0.020442743,0.958008,0.5070012,0.0035499171,0.9184355,0.004981074
0.7634106,0.06411876,0.025088523,0.19212466,0.94309103,0.9991585,0.8696158,0.000931537,0.21052067,0.9995839,0.7584356,0.90365905,0.9354611,0.0007297578,0.6867348,0.9072396,0.03382077,0.99761283,0.9605016,0.100218944,0.08050436,0.93763196,0.65435404,0.016826564,0.90026635,0.013516873
0.7662797,0.05444856,0.02047444,0.17629737,0.94312835,0.99933857,0.8757003,0.0006987762,0.20384139,0.9996834,0.7537762,0.912197,0.9340979,0.00056941656,0.6812708,0.91919243,0.02854948,0.9979619,0.9642629,0.083676234,0.06893605,0.93891096,0.64101577,0.012826622,0.8962361,0.010445722
0.58901644,0.00792709,0.001619915,0.13173841,0.13135716,0.9991954,0.973026,0.0021364347,0.06924185,0.9994442,0.072151005,0.9519583,0.11327879,0.0018370136,0.8337999,0.9956772,0.007965427,0.98097825,0.9971686,0.0033498104,0.00892851,0.9609151,0.29817656,0.0010047647,0.9340637,0.003509707
0.6247347,0.0060653817,0.00092112453,0.1446366,0.095524825,0.9995407,0.9804098,0.0016443155,0.062091947,0.9997067,0.047435682,0.9543368,0.087596305,0.0011713677,0.8970832,0.997341,0.006321984,0.9833571,0.99832445,0.002364615,0.0060885036,0.97619367,0.28322956,0.0006034968,0.9685901,0.0028346085
0.80223477,0.01685621,0.0033970822,0.14081044,0.8118997,0.9997714,0.954546,0.0002744599,0.12019578,0.9999422,0.45487747,0.9561099,0.8094893,0.00020583287,0.814419,0.97992843,0.01003039,0.99806863,0.99193597,0.015590437,0.018368911,0.96962905,0.5572639,0.0024272073,0.9459941,0.003419597
0.6316314,0.0004606801,1.2346532e-05,0.09755748,0.007835437,0.9999939,0.9974642,8.1992475e-05,0.02462395,0.99999356,0.0030944278,0.96479213,0.0070873327,3.5860925e-05,0.98419225,0.9999608,0.0004779192,0.9956934,0.99996567,7.059839e-05,0.00025651415,0.99731356,0.12971301,3.9359234e-06,0.9987413,0.00012250648
0.7931904,0.058821958,0.018911028,0.18987162,0.9745375,0.99977607,0.8925706,0.000260208,0.21176393,0.9998586,0.85348976,0.88075596,0.97119194,0.00017067394,0.70297545,0.92742497,0.024000876,0.999253,0.9745072,0.117697306,0.06822823,0.9582416,0.7186828,0.010469274,0.94562924,0.008215733
0.5122365,0.019431097,0.008807295,0.09071844,0.34220573,0.99588287,0.91743916,0.0042672777,0.109705895,0.9967529,0.24381584,0.92741686,0.26152852,0.006326775,0.50649965,0.9813508,0.015984332,0.9735507,0.98520523,0.01169684,0.02642187,0.8381165,0.33946595,0.0039451933,0.6394666,0.0064747008
0.7214239,0.12414458,0.06889159,0.2429157,0.94652134,0.99729866,0.79849684,0.0031219518,0.26295877,0.9981104,0.80432045,0.8464306,0.93920857,0.002545673,0.636592,0.8343644,0.06976065,0.9951881,0.9204545,0.20805044,0.15606071,0.9080571,0.6696893,0.048786588,0.8685323,0.034152985
0.7473139,0.06540497,0.029432328,0.18827812,0.9452656,0.9989511,0.8616878,0.0010251289,0.21228938,0.9994543,0.7725449,0.8970321,0.9354579,0.0008967103,0.65133774,0.900121,0.037081078,0.99738926,0.9565526,0.11669967,0.0860128,0.92868406,0.6577516,0.018779954,0.88079447,0.014145072
0.8093476,0.03708368,0.009880415,0.16432287,0.9616501,0.99982977,0.9207249,0.00018546025,0.17801993,0.9999279,0.7799011,0.92041034,0.95727825,0.00012506865,0.7409668,0.9485261,0.016680691,0.99925417,0.9827696,0.063375086,0.04410579,0.9638698,0.6889699,0.005823752,0.947832,0.0052487412
0.76373523,0.083873294,0.032784246,0.21500713,0.9764798,0.99962175,0.8669569,0.00045664227,0.23608229,0.999683,0.87827736,0.8369684,0.9734177,0.000309379,0.6679193,0.90491,0.034753054,0.9989785,0.96369463,0.17697227,0.09937069,0.94859946,0.72832376,0.018062878,0.93724185,0.012775321
0.69143826,0.002289184,0.00014573369,0.14800867,0.034243613,0.9999176,0.9918533,0.0005803558,0.043046158,0.999949,0.014049875,0.9549653,0.034214675,0.000288357,0.9683635,0.99951637,0.002381562,0.9897342,0.99967384,0.0006625355,0.0015644848,0.9927314,0.2185643,8.160449e-05,0.99527127,0.0009716242
0.59252405,0.011657471,0.0034930909,0.10967043,0.26031485,0.9985367,0.9564072,0.0022458953,0.08526628,0.9991499,0.15323083,0.95212114,0.21442798,0.002509406,0.70568675,0.99056715,0.010380185,0.981942,0.9934284,0.0060476973,0.014530014,0.9261278,0.33903205,0.002029869,0.83388734,0.0043273764
0.5030043,0.010982259,0.0039509237,0.064996876,0.31816894,0.99835926,0.94078404,0.0016061838,0.088043645,0.99869895,0.21947354,0.944657,0.2271686,0.0025119043,0.48474976,0.99055326,0.008379495,0.9846911,0.99202347,0.0057482566,0.014777818,0.85996443,0.3089632,0.0014828164,0.6446978,0.0027737787
0.6510971,0.005847463,0.0008297596,0.1501528,0.096078105,0.99958545,0.9817463,0.0014969391,0.0611495,0.99976796,0.04610514,0.95579714,0.091189675,0.0010252236,0.90982074,0.9975061,0.0060385284,0.984153,0.99845743,0.0022863802,0.00556014,0.97911525,0.2891029,0.0005683923,0.97379917,0.0027816577
0.6882543,0.07158299,0.038124487,0.18101478,0.8596949,0.9963619,0.8335804,0.0036174192,0.21510655,0.9980544,0.64493704,0.8950773,0.83423114,0.0037680299,0.6094644,0.89695036,0.046511304,0.9909513,0.9412011,0.09073462,0.09210353,0.88181555,0.5635635,0.024633765,0.7904259,0.020866461
0.53985256,0.009344803,0.0025138154,0.106069624,0.17351064,0.99875295,0.9630083,0.002347518,0.07549763,0.99902916,0.10745051,0.94826853,0.13808869,0.0025492036,0.72390753,0.9938981,0.008788488,0.97976756,0.99561656,0.004197591,0.011861881,0.93274504,0.30099782,0.0013220727,0.8597255,0.0036058258
0.76505774,0.029703248,0.009121132,0.15127757,0.8455933,0.9993531,0.92189556,0.0007175089,0.15005514,0.9997782,0.5503564,0.9427042,0.8305807,0.0006245706,0.73267764,0.958781,0.018006776,0.9967031,0.9809575,0.032190647,0.035904743,0.94566935,0.56494683,0.0063674827,0.89544326,0.006627735
0.5660771,0.006272428,0.0011703043,0.113649406,0.119518846,0.99943787,0.9763499,0.0014752573,0.06341723,0.99958354,0.06656634,0.95565295,0.09918475,0.0013100305,0.8235308,0.9968124,0.0061592823,0.9841372,0.9978271,0.0024208056,0.007224808,0.96197116,0.28087294,0.0006551223,0.93218845,0.0024714002
0.7086497,0.015351408,0.00417049,0.14624555,0.40275204,0.9987696,0.95585364,0.0018879458,0.09846073,0.999571,0.20439316,0.956,0.37831974,0.0017263984,0.79370606,0.98534876,0.013004402,0.98688054,0.9916345,0.009737185,0.017033162,0.9489647,0.41534755,0.0032942754,0.896893,0.0059832134
0.6439764,0.0012593542,6.243679e-05,0.12104695,0.020490335,0.99996924,0.99471045,0.00026347258,0.034979124,0.9999747,0.008659036,0.95931435,0.019360071,0.00013344763,0.9714419,0.999808,0.0013055842,0.9926918,0.9998584,0.00027840232,0.0008602807,0.99444515,0.18246205,2.7123928e-05,0.99646264,0.00043625745
0.21636897,0.00081324065,0.00010634771,0.009168669,0.07473131,0.9999273,0.98096544,4.284983e-05,0.033508763,0.99973625,0.08187782,0.93902636,0.027480075,0.00013420792,0.16446397,0.99976414,0.00045538187,0.9958468,0.9996201,0.00015878225,0.0010187698,0.7865519,0.10178637,7.3670894e-06,0.42494538,4.446828e-05
0.6872396,0.015265234,0.0042659994,0.14501968,0.35410276,0.998563,0.9554836,0.0022958717,0.096852124,0.9994468,0.18456364,0.95481527,0.3277949,0.0021331343,0.78606397,0.986032,0.013309276,0.9842762,0.99164903,0.009260796,0.017188601,0.9450914,0.3970652,0.0033048433,0.8890734,0.0062494124
0.5051198,0.011826543,0.0043293494,0.068753876,0.3081581,0.9981583,0.93874997,0.0018919061,0.09057752,0.99854445,0.21407223,0.94393724,0.2225016,0.0028687092,0.4981642,0.9897995,0.009073077,0.983148,0.9913544,0.006115288,0.015890598,0.8592949,0.3085527,0.0016868784,0.65154576,0.0031497034
0.64668316,0.0013016645,6.435488e-05,0.12207173,0.02063618,0.9999677,0.994553,0.00028225678,0.035226114,0.9999732,0.008630715,0.95940596,0.019507982,0.00014062325,0.97159314,0.99979883,0.0013454214,0.9925362,0.9998503,0.0002915173,0.00088220864,0.99440813,0.18138537,2.8481549e-05,0.9964636,0.0004547024
0.7719621,0.030399563,0.009072382,0.14747457,0.8928889,0.9995455,0.91869134,0.00048360793,0.15705624,0.99983823,0.61891854,0.9409249,0.8800822,0.00040553435,0.7220765,0.95605,0.017160648,0.9978217,0.98059505,0.036626007,0.037815645,0.94919384,0.5911831,0.0059313956,0.9027243,0.0058501298
0.7123471,0.14553653,0.08323922,0.25692192,0.96017015,0.99770516,0.79194164,0.0028439008,0.27184322,0.99790466,0.84861064,0.8047275,0.95551157,0.0022126928,0.62429523,0.82673305,0.075841635,0.99616915,0.919259,0.26800972,0.17982782,0.9128274,0.6992004,0.057141606,0.8868007,0.037393596
0.60432947,0.000503255,1.5397569e-05,0.09461653,0.008523246,0.99999297,0.99726737,8.7780296e-05,0.025711128,0.999992,0.0036042691,0.9637203,0.0076384973,4.1537758e-05,0.98083234,0.9999559,0.00052193867,0.99547356,0.9999621,7.600116e-05,0.00030213574,0.9968514,0.1350825,4.778177e-06,0.99835217,0.00013347498
0.6466399,0.002416919,0.00018814064,0.13490072,0.039819457,0.9999044,0.9910545,0.0005827059,0.04442231,0.99993324,0.017524255,0.95596474,0.037780207,0.00033032874,0.95474833,0.999421,0.0025317916,0.9896562,0.9996228,0.000689585,0.0018963433,0.9904599,0.22779788,9.8792865e-05,0.9922145,0.0009885145
0.5836488,0.010484446,0.0028100035,0.11689985,0.20260572,0.9987085,0.96218014,0.0023800216,0.08000047,0.999191,0.11808691,0.9520862,0.16921139,0.0024468016,0.75016266,0.9925748,0.009732459,0.9804819,0.9948657,0.0050049503,0.012804622,0.93795794,0.3213982,0.0016847692,0.87125295,0.0042048446
0.6362865,0.008824541,0.0018172693,0.13953553,0.16279678,0.99915874,0.97187275,0.0020280916,0.073267065,0.99955136,0.084781975,0.95652896,0.14682923,0.0016975565,0.84274817,0.99462754,0.0086209215,0.9820318,0.9965557,0.0040127602,0.009544368,0.9621571,0.3181731,0.0012687112,0.9347495,0.003954695
0.7658204,0.016834928,0.004051772,0.14935869,0.60484964,0.99934214,0.9545106,0.00089636695,0.10945507,0.9998161,0.3031882,0.95706534,0.59418386,0.00074565155,0.8109086,0.9820104,0.012175015,0.9938558,0.9911295,0.012549446,0.01795214,0.9594194,0.47951716,0.0032454175,0.9221578,0.005126333
0.2684684,0.0013023063,0.00020636678,0.014116936,0.093297824,0.9998746,0.9781551,9.447748e-05,0.038347244,0.99967325,0.09050445,0.94710183,0.039933585,0.00024229728,0.23876497,0.99953187,0.00078864006,0.99466974,0.9993561,0.0002964759,0.001718811,0.82450324,0.13051678,2.1663634e-05,0.5071335,0.000105856096
0.747208,0.01805563,0.004774377,0.14144157,0.6317533,0.9992613,0.94877315,0.00094311364,0.112927586,0.99977356,0.33183768,0.95584416,0.61009157,0.00084452005,0.7762332,0.97930074,0.012937896,0.9938584,0.9894851,0.014040407,0.020287832,0.95166063,0.4817421,0.0036046354,0.9004367,0.0051589697
0.71843004,0.016979268,0.0046976698,0.1448296,0.47557616,0.99884844,0.9516001,0.0016232631,0.105693586,0.9996124,0.24495691,0.9557945,0.45158234,0.0014867724,0.7812928,0.982476,0.013445884,0.98917246,0.99016947,0.011499582,0.018920843,0.94638586,0.4332469,0.0036283284,0.89034,0.0059633153
0.6077863,0.007943652,0.0015761295,0.13726018,0.13287184,0.9992225,0.9739363,0.0021079096,0.0695456,0.9995184,0.07080961,0.95315135,0.117899634,0.0017504541,0.84895253,0.9957004,0.008029156,0.98118585,0.99722016,0.003399165,0.0087406235,0.96432465,0.3045571,0.0010340716,0.9415291,0.0036322554
0.6898302,0.0076378793,0.0011870617,0.16812211,0.12122168,0.99938977,0.97855955,0.0019870526,0.06819518,0.9997179,0.05716606,0.95434517,0.12024359,0.0013348109,0.9115551,0.9962986,0.0077650207,0.98194593,0.9978067,0.0033454432,0.0069438247,0.9775564,0.31449237,0.0009248886,0.97231334,0.0039694468
0.5928076,0.04469845,0.025542708,0.13957268,0.5724532,0.991952,0.8686109,0.007788219,0.16155608,0.99522096,0.39535218,0.9082086,0.50531524,0.010204826,0.54995596,0.9434247,0.03592061,0.97215176,0.96143854,0.0386876,0.05931422,0.8315156,0.4389856,0.015192473,0.66828686,0.017317168
0.40016547,0.0015197558,0.0001450624,0.06516289,0.029271033,0.9999331,0.99077153,0.0002731359,0.038078062,0.99986684,0.020304829,0.9528946,0.01961559,0.00025904458,0.84596795,0.9996911,0.0015113184,0.99199545,0.9997391,0.00031305663,0.0017051136,0.9768107,0.16408083,3.7564983e-05,0.9668422,0.00037291078
0.7032283,0.008449662,0.0014368034,0.16738278,0.14843225,0.99929726,0.9764612,0.0020073634,0.07182386,0.9997074,0.069448695,0.95584023,0.14677614,0.0014153395,0.90149236,0.99537563,0.008441187,0.9821524,0.99730635,0.003931792,0.0077990415,0.97507554,0.33066317,0.0011612579,0.9662949,0.004365614
0.7603917,0.020682866,0.005427355,0.14470121,0.7140963,0.99936074,0.9435959,0.00079618196,0.12347583,0.99980456,0.39516854,0.95384,0.69881165,0.00067770947,0.7746792,0.97496563,0.0137261795,0.99528545,0.9878846,0.017378401,0.02357835,0.9528649,0.50835407,0.004075656,0.90651906,0.005389887
0.77824587,0.033811517,0.01017809,0.15482524,0.9059527,0.9995442,0.9138207,0.0004946245,0.16503687,0.9998337,0.6452129,0.9371277,0.89567965,0.00040327522,0.7260729,0.95097494,0.018585699,0.9979438,0.9788408,0.04231466,0.041452445,0.9499825,0.60392493,0.0067476667,0.90848285,0.006446609
0.40105107,0.006104395,0.0020550105,0.03111545,0.29469314,0.99901974,0.94095635,0.0006043303,0.07286223,0.99880457,0.23799177,0.93362653,0.1710249,0.0014198628,0.27329534,0.9955226,0.0040165586,0.9893723,0.9952181,0.002877003,0.007832928,0.7795622,0.23770162,0.0004036337,0.4472236,0.00085147587
0.7005042,0.0094177695,0.0017307376,0.16852117,0.16301847,0.9991671,0.9740263,0.0022483864,0.07498941,0.9996475,0.07794454,0.9553031,0.15964647,0.0016344595,0.8910983,0.9945035,0.009345536,0.9812462,0.9967687,0.0045415587,0.008896575,0.97200733,0.33694085,0.0014118314,0.9602962,0.004872455
0.72295755,0.07765448,0.037705068,0.19819595,0.89779896,0.9975249,0.83757794,0.002689975,0.22497703,0.9987186,0.6922641,0.8952414,0.8830774,0.0024559083,0.6512772,0.8875793,0.0471511,0.99380714,0.94171447,0.10468161,0.09777864,0.90398216,0.60023415,0.026054138,0.84068197,0.021190152
0.44781053,0.0059582246,0.0016550276,0.051159643,0.19529486,0.99920326,0.9609165,0.0009040698,0.06629784,0.9991658,0.14099579,0.95036215,0.12636271,0.0014445563,0.49298576,0.9961487,0.0045987833,0.9871727,0.9964927,0.0023579986,0.008120917,0.8810502,0.25177747,0.00050767744,0.68596596,0.0013302965
0.4020437,0.003268942,0.0007062767,0.035419624,0.14370085,0.99966097,0.9722714,0.00038468538,0.052253354,0.9995541,0.1089604,0.9567809,0.08322503,0.00066034455,0.45519596,0.9983139,0.0023654252,0.9913497,0.9982679,0.0010337688,0.004434243,0.88767785,0.20642248,0.00016425358,0.685467,0.00055053004
0.82071257,0.019047206,0.0036643525,0.13669705,0.9127859,0.99988365,0.94966185,0.00013027347,0.13523382,0.99996805,0.6067771,0.951466,0.9102093,8.999374e-05,0.8004331,0.9752813,0.009534388,0.9991517,0.9912115,0.021687917,0.021513818,0.9727505,0.6164803,0.002323692,0.9549983,0.0028368712
0.5620922,0.0041247243,0.0005938231,0.111233376,0.08076456,0.99972314,0.9837092,0.00092383043,0.05396839,0.9997764,0.0434456,0.9577821,0.06694126,0.0007469438,0.8699642,0.9983791,0.0042491704,0.9871951,0.9989011,0.0013924768,0.0045347963,0.9745243,0.25611475,0.0003052584,0.96081644,0.0015827421
0.50159675,0.005622011,0.0014216359,0.058582965,0.2228477,0.9994011,0.96725833,0.000706203,0.06542824,0.99955183,0.14369072,0.95764095,0.1562889,0.0010111405,0.57517076,0.9962276,0.0044128946,0.9894894,0.9968906,0.002329239,0.007374152,0.9118441,0.2808793,0.00052616175,0.7579035,0.0013326318
0.6683226,0.00036222572,7.777551e-06,0.098799504,0.006716471,0.99999595,0.99794275,6.0620412e-05,0.022312177,0.9999962,0.0024684079,0.96670043,0.006223655,2.3894689e-05,0.9883703,0.999972,0.00037532763,0.9962824,0.9999752,5.407798e-05,0.00018250803,0.99798065,0.1239092,2.5031554e-06,0.999191,9.366333e-05
0.55027306,0.0076731034,0.0018661087,0.096267305,0.1732332,0.9991443,0.96795726,0.0015643329,0.070413075,0.9993882,0.10410116,0.9553985,0.13637318,0.0017022792,0.7289787,0.9951533,0.0069847163,0.9839335,0.9964394,0.0032506476,0.009586902,0.93921393,0.29443115,0.00095492357,0.8661826,0.0026954326
0.4662211,0.0040254,0.00075718504,0.06996576,0.10176017,0.99963737,0.9783215,0.00075315114,0.053920276,0.99958843,0.06667648,0.9557235,0.070800826,0.00087098964,0.71225023,0.9981704,0.0036538262,0.98806596,0.9985318,0.0013205821,0.0052166227,0.9453545,0.23298319,0.00027325543,0.88187623,0.0011323964
0.5993077,0.013316855,0.0042051245,0.11381891,0.2904902,0.998278,0.9519435,0.002514965,0.09057728,0.99905485,0.17070583,0.95036644,0.24287356,0.002820718,0.69773954,0.9886684,0.011648954,0.9812386,0.9921928,0.0072429394,0.016653957,0.92210805,0.35255784,0.002533972,0.8242949,0.0050522597
0.5388843,0.0047714394,0.00083438354,0.09409846,0.10925596,0.9996164,0.979443,0.00095000386,0.057276886,0.99968886,0.06297365,0.95932376,0.085952476,0.0009038768,0.80234134,0.9977374,0.004564075,0.9871885,0.99837035,0.0016841334,0.005685759,0.96132076,0.26201618,0.00040335717,0.9250774,0.0016307064
0.6879517,0.006545243,0.00089527265,0.16971713,0.09728565,0.9995272,0.98129547,0.0017816509,0.06374513,0.9997633,0.044971995,0.9529031,0.09709332,0.001134604,0.92624825,0.99724555,0.0067362003,0.9826896,0.9983565,0.0027108118,0.0057172184,0.98127544,0.29721352,0.0006647368,0.97973937,0.0034168342
0.63558114,0.00079322554,2.9490307e-05,0.10803998,0.012991042,0.99998546,0.99619114,0.00015810571,0.029614845,0.99998605,0.005302038,0.9621751,0.012007718,7.424944e-05,0.9779638,0.9999076,0.00081885647,0.9942532,0.999925,0.00014728999,0.00049442507,0.9959882,0.15381308,1.1059587e-05,0.99776506,0.00024137707
0.6636266,0.0332391,0.014457251,0.12631616,0.72044015,0.9977422,0.89603287,0.0021787216,0.15162945,0.99892044,0.47269702,0.93211395,0.6658023,0.00256989,0.6031275,0.9547845,0.023076044,0.9904879,0.9727348,0.031789407,0.04289416,0.8897412,0.48511115,0.008553485,0.76206857,0.009104311
0.67900133,0.0026868326,0.00020027663,0.14492498,0.042857096,0.9998939,0.9906917,0.00064796867,0.045715533,0.999936,0.018129373,0.95664394,0.042719018,0.00034268835,0.9597952,0.99933785,0.0027891502,0.9892771,0.9995683,0.00081185513,0.0020121261,0.9910425,0.23246112,0.00011634625,0.9931096,0.0011548938
0.74161804,0.026613267,0.008411037,0.14232619,0.78348494,0.99916446,0.9254693,0.0009250657,0.13981558,0.9997081,0.4818674,0.94626445,0.7595727,0.00086312124,0.7195146,0.9641921,0.017253421,0.99540025,0.98223513,0.025876684,0.032374755,0.939349,0.53096956,0.005823037,0.87478507,0.0065000434
0.65465236,0.017124375,0.0057953014,0.10778347,0.5366761,0.9987062,0.93861073,0.0014240526,0.109562784,0.9994357,0.31135878,0.95199966,0.4741812,0.0016415139,0.65471256,0.9804844,0.012776366,0.9903377,0.98778594,0.012204022,0.021486122,0.9158872,0.42339182,0.0034255253,0.7976378,0.004821814
0.80936134,0.012828856,0.0022380585,0.15145297,0.61948514,0.99970776,0.9670109,0.0004235707,0.100737244,0.9999329,0.28191224,0.96002465,0.6320702,0.00030475156,0.8678473,0.9878687,0.008701207,0.9963349,0.99484235,0.009287495,0.011947418,0.975072,0.49684796,0.0017882925,0.96038085,0.0035385215
0.63715976,0.042688638,0.021993805,0.1431877,0.6542778,0.9950311,0.8789683,0.004911081,0.16132528,0.9974382,0.43802693,0.9191218,0.59731853,0.0059498223,0.59022075,0.94318295,0.03247105,0.9820565,0.96430147,0.039780997,0.055570684,0.86384946,0.47225633,0.013827916,0.7253461,0.014890723
0.4435916,0.003968566,0.0008613068,0.05145041,0.13554622,0.9995939,0.97383434,0.0005851982,0.055054843,0.9995408,0.094983004,0.95657957,0.08731391,0.00084162684,0.5811972,0.9979341,0.0032251477,0.98953235,0.99815327,0.0013356876,0.0053399038,0.91740537,0.22998038,0.00025841754,0.7863033,0.00088708574
0.7168828,0.016540024,0.0046272185,0.14278156,0.48179412,0.9988747,0.9518964,0.0015774673,0.10405427,0.99962234,0.24828078,0.9558298,0.454701,0.0014642746,0.778173,0.98293245,0.013290198,0.989391,0.99051183,0.0112977745,0.018740151,0.94701,0.4371995,0.003573858,0.88951147,0.0058643576
0.61540735,0.0068933717,0.0011239739,0.14902847,0.09812969,0.9994222,0.9781892,0.0020807667,0.06490462,0.9995974,0.049997058,0.95145744,0.08919946,0.0014918353,0.89014715,0.9968522,0.0072698602,0.9812781,0.9980154,0.002798238,0.0070697675,0.9734334,0.2857272,0.0007413911,0.9649626,0.0033108692
0.36777332,0.0035417143,0.000882165,0.026858622,0.17823665,0.9995382,0.96283317,0.00037116263,0.055998538,0.99931026,0.1478387,0.9472382,0.094730765,0.00080141623,0.3137179,0.998004,0.0023595584,0.9910539,0.9977422,0.0012071352,0.0047008097,0.8268939,0.19791783,0.00016209525,0.5267365,0.00047533293
0.5512001,0.026249498,0.01322434,0.0834852,0.608159,0.99661946,0.88232225,0.0025130408,0.13696668,0.99754083,0.43214977,0.91511226,0.5034381,0.0041731624,0.43009573,0.9692471,0.018014481,0.9858299,0.976192,0.021859866,0.03370576,0.81296223,0.39530486,0.005042703,0.5894615,0.006114057
0.69842523,0.002786091,0.00020659811,0.1521299,0.04545296,0.999889,0.9906715,0.000646763,0.04616173,0.9999385,0.019121923,0.9562481,0.04614753,0.00034072675,0.9621198,0.99930024,0.0028706111,0.98918205,0.99955696,0.0008802723,0.0020303715,0.9912948,0.23992431,0.00012486811,0.9935695,0.0012343968
0.69274586,0.00044183966,1.0273491e-05,0.10719128,0.0086378055,0.9999945,0.9977064,7.137306e-05,0.02392765,0.9999958,0.003142352,0.96622545,0.008316647,2.8360422e-05,0.98805153,0.9999604,0.00045727278,0.99598557,0.9999672,7.37094e-05,0.00022561589,0.99780685,0.13757336,3.699709e-06,0.9991103,0.00012312295
0.77199763,0.06009033,0.022779483,0.18594243,0.9575377,0.9994419,0.87579894,0.00059432216,0.20920785,0.99971014,0.795271,0.90160155,0.950942,0.00046136038,0.6810187,0.91219866,0.03016728,0.9984037,0.96458834,0.10562434,0.07589899,0.94357425,0.6748292,0.014210617,0.9108523,0.010987424
0.5865867,0.0118146185,0.0033752054,0.11929103,0.22197118,0.99845946,0.95811945,0.0027111934,0.08444506,0.9990513,0.13088971,0.9504217,0.18640848,0.0028175493,0.73710746,0.9910869,0.010859168,0.9793944,0.99382704,0.005879683,0.01454604,0.93194765,0.3298072,0.0020507632,0.858214,0.0047686845
0.62070197,0.010584682,0.0024546215,0.14580229,0.16807915,0.99879515,0.9672601,0.0028773532,0.07864473,0.99930763,0.09111408,0.9509663,0.1508771,0.0024649794,0.82896644,0.993299,0.01051462,0.97827053,0.9956929,0.005007639,0.011827022,0.9560442,0.32447544,0.0017248605,0.92462945,0.0050399406
0.701058,0.08030453,0.0428203,0.1902172,0.8982381,0.9969844,0.8214309,0.0030010783,0.23009636,0.99831223,0.7031933,0.8872225,0.87874264,0.0029961118,0.6127333,0.8827785,0.049790826,0.9931779,0.9356645,0.111777425,0.10297401,0.8896936,0.5906988,0.027332744,0.8107069,0.021833837
0.6784674,0.06527691,0.035086457,0.16744073,0.8521996,0.99646974,0.83629286,0.003307263,0.20747483,0.99808204,0.6365524,0.8974602,0.82108575,0.0036544306,0.588643,0.9061057,0.042672772,0.9910115,0.944896,0.08219165,0.08432135,0.87603426,0.55044544,0.021254558,0.7722665,0.018286731
0.71513087,0.0059060277,0.0007127017,0.17229606,0.09351578,0.9996146,0.98330784,0.0014853707,0.06165705,0.99983084,0.041444138,0.9541058,0.096667774,0.0008968641,0.9383197,0.9976404,0.0060014618,0.9842158,0.9986292,0.0024122556,0.004754406,0.9842866,0.2977373,0.0005409995,0.98439276,0.0030632217
0.70644164,0.010143483,0.0019495209,0.16661684,0.1873095,0.9991021,0.97220796,0.0022145293,0.07786852,0.9996458,0.08940603,0.95623446,0.18406653,0.0016442232,0.8826744,0.99362445,0.009828107,0.9817945,0.9962794,0.0050220145,0.009690417,0.96980137,0.34741363,0.0016184233,0.95475924,0.0051077185
0.7460256,0.08742848,0.039632283,0.21490258,0.94006413,0.9984915,0.83556265,0.0017493665,0.237801,0.99914014,0.77031595,0.88288736,0.93218654,0.001388766,0.66851854,0.87801355,0.04734391,0.99642354,0.94292206,0.13281648,0.10878148,0.9228068,0.64836276,0.02710159,0.88299435,0.020880722
0.73827803,0.06790827,0.030231498,0.18706945,0.9302561,0.9986702,0.85007346,0.0013702889,0.21878949,0.9993105,0.7425033,0.8993874,0.9182317,0.0012189947,0.65087223,0.8991701,0.03819988,0.9965579,0.9513845,0.1018025,0.086947694,0.92038953,0.62601763,0.019309986,0.86453855,0.01527569
0.6726178,0.031286437,0.013695563,0.10993932,0.8544967,0.9988662,0.8869978,0.0008612851,0.15971705,0.9994116,0.62035275,0.92500424,0.8091899,0.0011070858,0.54669905,0.95401967,0.019435663,0.99591416,0.9733191,0.03929261,0.04093595,0.89394116,0.52299833,0.0062431046,0.76674604,0.005919941
0.662218,0.03676181,0.016454719,0.12736824,0.7776505,0.99791163,0.8850018,0.0019188694,0.16262087,0.99894494,0.5342364,0.92502964,0.72926414,0.0022933816,0.58313745,0.9491267,0.024053883,0.9921445,0.9694679,0.038149297,0.047583584,0.88672453,0.5030043,0.009137813,0.7601338,0.009103347
0.7616078,0.06900196,0.029418379,0.19867408,0.96454006,0.9993793,0.87154615,0.0006273387,0.21990977,0.99962974,0.8273694,0.8775603,0.958864,0.0004930842,0.66420853,0.90212107,0.0354899,0.9984282,0.96187234,0.14565098,0.088535056,0.9401754,0.6999607,0.017820032,0.91364443,0.012857531
0.7188686,0.0063692112,0.0008068529,0.17361957,0.10238143,0.99957293,0.98221314,0.0015684518,0.06344706,0.9998154,0.045589823,0.9547899,0.10559329,0.00096394686,0.93416363,0.99729747,0.0063947043,0.98383105,0.9984395,0.0026776688,0.0051885117,0.9831556,0.3036047,0.00062897196,0.98248255,0.0033289099
0.7848085,0.05161489,0.017828671,0.18210189,0.9557734,0.99958116,0.89625454,0.00045190728,0.19553119,0.9998016,0.7807435,0.907713,0.9498813,0.00033059524,0.70796067,0.9256922,0.025653353,0.99861956,0.9726049,0.09138957,0.06458214,0.95116204,0.6832531,0.011295782,0.92658967,0.009250455
0.7091007,0.0037075153,0.0003209313,0.1616989,0.05863061,0.9998217,0.9884644,0.00090424647,0.051453773,0.9999126,0.024916984,0.9547186,0.06096535,0.00048758864,0.9569671,0.9989071,0.0038026604,0.9874254,0.9993338,0.0012863703,0.002747882,0.98954624,0.2601324,0.00021372284,0.9917368,0.0017646931
0.6761396,0.17250207,0.12252226,0.2709113,0.92648876,0.991738,0.73458475,0.00924775,0.29533976,0.9935581,0.7850203,0.80731523,0.9163171,0.00842059,0.5954036,0.77200574,0.11238429,0.9888714,0.87229574,0.27664557,0.2173698,0.86478764,0.6449496,0.09169145,0.81132436,0.062256705
0.68048686,0.006864958,0.0010606913,0.15782052,0.12036983,0.99947315,0.9796866,0.0016714241,0.06568869,0.9997547,0.056831792,0.9563883,0.11679644,0.001161593,0.906651,0.99669445,0.0069637755,0.98345745,0.99803,0.0029215307,0.0064093336,0.9777575,0.3121651,0.00079263287,0.97075313,0.0034337675
0.3809138,0.002351646,0.00042927946,0.031547565,0.11558744,0.9997917,0.97833544,0.0002474706,0.04602744,0.9996948,0.08880308,0.95834416,0.06454245,0.00042499477,0.4688259,0.9989548,0.0017082592,0.9928295,0.99891984,0.0006616646,0.0031894648,0.9015026,0.18921068,8.966985e-05,0.7202589,0.00036178206
0.75097644,0.0758778,0.032772772,0.20059319,0.9401175,0.9987801,0.8472505,0.0013553242,0.22675468,0.9993414,0.76320434,0.89319885,0.93135154,0.0011019958,0.6686249,0.89194745,0.040902443,0.9968886,0.9497088,0.116048984,0.09504522,0.92651063,0.6437573,0.021740427,0.88364685,0.017012792
0.7231193,0.008361972,0.0013307647,0.17345963,0.1475901,0.9993413,0.977441,0.0019134033,0.07169962,0.999746,0.06737675,0.955925,0.15008001,0.0012883751,0.91258824,0.99553525,0.008242254,0.98255825,0.9974564,0.0038943912,0.007304437,0.9773974,0.33275265,0.0011092938,0.9714865,0.0043974775
0.2309589,0.0009575923,0.000105273946,0.023446951,0.029479204,0.99993443,0.98786014,0.00011408376,0.033131246,0.99971193,0.030136093,0.93458104,0.013874663,0.00020109348,0.49393538,0.9998104,0.00072849775,0.9935854,0.99978155,0.00016622555,0.0013148052,0.92087716,0.111027166,1.1387137e-05,0.82940835,0.000120176934
0.43505773,0.004322697,0.0011011043,0.037401777,0.20431909,0.99951434,0.96483105,0.00046464094,0.06019235,0.99947137,0.14955753,0.9554204,0.12306426,0.00083418324,0.4254105,0.99724424,0.0030683167,0.9910858,0.9972766,0.001618317,0.005737616,0.87009746,0.23289661,0.0002749287,0.6325296,0.00072654977
0.67069924,0.0009352321,3.5944224e-05,0.119744666,0.015913768,0.9999814,0.9958656,0.00018387378,0.031316582,0.9999856,0.0063033313,0.96139854,0.015278873,8.445505e-05,0.97922945,0.9998778,0.0009655898,0.9938374,0.9999069,0.00019408949,0.00056937855,0.99594384,0.16814342,1.5189606e-05,0.9978315,0.0003081391
0.829101,0.025388265,0.005138655,0.14719862,0.9576643,0.99991655,0.9408677,9.2498805e-05,0.15741873,0.99997103,0.74123836,0.93608075,0.95489705,5.890072e-05,0.7824793,0.9663676,0.010995148,0.9994986,0.98945016,0.037231922,0.028664662,0.9731591,0.67569613,0.0029646647,0.96184534,0.003114114
0.80295885,0.022684153,0.0051936405,0.14018445,0.9126565,0.9998154,0.93924487,0.00019912484,0.14385852,0.999944,0.6250407,0.9481089,0.90617806,0.00014913469,0.7675742,0.9683441,0.011883591,0.99887675,0.9879629,0.027472595,0.026956707,0.96555007,0.6133095,0.003337724,0.9384274,0.0036180238
0.77871794,0.061714523,0.022762114,0.19473149,0.96547335,0.99957913,0.8867186,0.00045691113,0.21003124,0.9997625,0.82222825,0.8866511,0.96064967,0.00032940667,0.6931697,0.9160033,0.029174935,0.9987465,0.96929,0.120435745,0.07649136,0.9495551,0.7042231,0.013766939,0.92990696,0.010633697
0.74163336,0.0780168,0.03634103,0.20215501,0.9425383,0.9986149,0.84423697,0.0014618523,0.22662221,0.9992386,0.77239925,0.8885645,0.93322587,0.0012324026,0.65314645,0.8850988,0.043782074,0.9967726,0.94758403,0.12897861,0.100979835,0.9232754,0.6526057,0.024050033,0.8763045,0.01810826
0.7360903,0.018976081,0.005412072,0.116103955,0.7905804,0.9995332,0.93712294,0.00047054267,0.1267605,0.99983954,0.4817135,0.95409626,0.7577618,0.000461559,0.6997753,0.9742167,0.011793537,0.9969614,0.9869675,0.018012837,0.023510113,0.94296765,0.51817644,0.0032602253,0.8694421,0.0037738713
0.6252322,0.0027146405,0.00022793918,0.13329531,0.040726062,0.9998863,0.9900253,0.0006947794,0.045953862,0.9999107,0.018430429,0.95571285,0.037767824,0.0004084138,0.94787097,0.99933606,0.0028523009,0.9888587,0.9995473,0.0007807283,0.0022320854,0.98912257,0.22349243,0.000120125485,0.99040157,0.0011051254
0.61492497,0.018355109,0.006936391,0.105526775,0.461291,0.9979582,0.9322961,0.0022527399,0.11029979,0.9989624,0.2814113,0.94669557,0.39101875,0.002779854,0.61919075,0.98011094,0.014421227,0.9855505,0.9864898,0.012363634,0.02368745,0.8964569,0.3952727,0.0039387075,0.7553465,0.005788001
0.7461511,0.05211528,0.02051843,0.17450017,0.9011023,0.9988606,0.8777874,0.0012233113,0.19386706,0.99949586,0.6714854,0.9178768,0.88770425,0.0010782399,0.68160546,0.9234321,0.030126069,0.9962823,0.9634664,0.067893885,0.06567837,0.92775494,0.5994297,0.013827741,0.87163126,0.012022135
0.7465869,0.05366264,0.021487031,0.17160623,0.9187854,0.99899405,0.87212986,0.0010383881,0.19935982,0.9995308,0.7069673,0.91473037,0.9053929,0.0009249503,0.66701114,0.91993463,0.030148242,0.9968917,0.9619084,0.07496275,0.068208925,0.9274577,0.6109039,0.013714404,0.8706485,0.011481945
0.5887338,0.010029694,0.0026084625,0.11696748,0.19962005,0.9988136,0.96378064,0.0022257355,0.07844841,0.9992712,0.11521608,0.9533379,0.16694283,0.0022586563,0.7581771,0.9930172,0.009355589,0.9812346,0.9951871,0.0047238115,0.012125383,0.9411031,0.3204805,0.0015715072,0.8779296,0.004005613
0.6616235,0.018540425,0.0063211634,0.12155995,0.49375272,0.99838495,0.939175,0.0019373399,0.111039616,0.99932206,0.28267947,0.9509992,0.4413923,0.0021166469,0.68763924,0.9796712,0.014502564,0.9877499,0.98730075,0.012882361,0.022936963,0.91962695,0.41998073,0.0041334615,0.8166019,0.006052718
0.7478354,0.06142429,0.02681581,0.18138064,0.9444735,0.99904543,0.86385673,0.0009239162,0.20974259,0.9995128,0.7677421,0.9022237,0.933735,0.0008138077,0.64926994,0.90580136,0.03454652,0.99752194,0.9580452,0.106682956,0.08075736,0.9291882,0.6498,0.01674472,0.8783181,0.012775572
0.6749047,0.09638929,0.05895725,0.20795594,0.8450525,0.99308276,0.8012101,0.007110092,0.23872523,0.9960289,0.64322704,0.8742519,0.8204429,0.0073867533,0.6040175,0.8641493,0.06638235,0.9855195,0.9191615,0.12165366,0.1226311,0.85979474,0.562716,0.04082163,0.7691271,0.033789746
0.54708475,0.007560576,0.0017431404,0.1039125,0.14993642,0.99916565,0.969673,0.0017467644,0.06892443,0.9993518,0.089556105,0.9533926,0.11957238,0.0017899248,0.7576353,0.99553114,0.0071232296,0.98276305,0.99678385,0.0031374327,0.009280311,0.9449703,0.2872487,0.00091288117,0.8881852,0.00280464
0.37666586,0.008361727,0.0030774756,0.040905368,0.22719386,0.99810886,0.93418264,0.0014701239,0.07875506,0.99732566,0.19593467,0.9223491,0.13373317,0.0030933071,0.31253165,0.9942431,0.006063637,0.9810817,0.99403524,0.0036576681,0.0113955615,0.7772427,0.23656708,0.0007036337,0.47820136,0.001620944
0.39967388,0.0039057545,0.0009213107,0.03955079,0.14490072,0.9995283,0.96883327,0.00054640014,0.055734664,0.9993691,0.111633904,0.9516244,0.08587146,0.00092673395,0.46079198,0.9979139,0.0029416515,0.98942965,0.9979286,0.001303826,0.005405582,0.8823872,0.21363728,0.00022467008,0.68392396,0.00073315075
0.4586553,0.0067556896,0.002314889,0.034739304,0.39909944,0.99921286,0.9401825,0.00047069206,0.07859048,0.9992493,0.2923708,0.9401596,0.2562634,0.0010379832,0.30898836,0.99423075,0.0043488164,0.99236053,0.99438393,0.003731784,0.008509569,0.8075818,0.275377,0.0005015157,0.49660152,0.0009125094
0.50335747,0.011297109,0.0039122417,0.07805685,0.25344792,0.9981645,0.9459198,0.0022322065,0.08598333,0.99849856,0.17364946,0.9437689,0.18650219,0.0031359342,0.55731,0.99100304,0.009292762,0.98067147,0.9926588,0.0055232923,0.015291233,0.8794484,0.3027482,0.0016541058,0.7107651,0.003436134
0.7733544,0.0132832145,0.0027278892,0.15252803,0.488822,0.9994286,0.96394014,0.00087834237,0.09663348,0.9998498,0.22380961,0.9607621,0.4888154,0.0006875605,0.84769255,0.98765254,0.010130685,0.9928556,0.99387074,0.008700392,0.013039002,0.96712977,0.44906873,0.0022604484,0.9407589,0.004470109
0.7934187,0.01103598,0.0018385996,0.16788174,0.35533115,0.9994622,0.97278726,0.0009884057,0.0872602,0.9998685,0.14937961,0.95944643,0.37381852,0.00068936223,0.8975288,0.9916877,0.00895025,0.99078137,0.99606687,0.006476032,0.0092400415,0.976149,0.42415017,0.0016615259,0.96616834,0.00462878
0.36540714,0.0023232885,0.00040851661,0.035533447,0.091163374,0.9997887,0.97977644,0.00029613407,0.0452421,0.9996493,0.071657196,0.95408326,0.051674634,0.0004752636,0.51853526,0.99906987,0.001813344,0.9918426,0.9990753,0.0006299092,0.0032241712,0.91274804,0.18313548,8.61562e-05,0.7731167,0.00040152832
0.74731666,0.080281004,0.03778592,0.20937376,0.96874845,0.9992725,0.86001027,0.0007120465,0.23429693,0.9994968,0.85010505,0.8485418,0.9640407,0.00057432835,0.64293903,0.8916209,0.042035177,0.99834704,0.9554403,0.18801259,0.10431553,0.93384653,0.7094044,0.021889688,0.91094834,0.014884471
0.6924466,0.02313622,0.008116658,0.13875994,0.5792226,0.99828905,0.9325219,0.0020469108,0.1229405,0.99934345,0.33193055,0.94737726,0.53892803,0.0021182115,0.70818555,0.97220516,0.017758643,0.9889192,0.98413956,0.018308684,0.028194297,0.9240224,0.4597588,0.005794813,0.8369746,0.0075874096
0.51232624,0.0057153804,0.0013183885,0.073642805,0.16346438,0.99940765,0.9710206,0.0009661263,0.06319305,0.99951124,0.103146814,0.9579247,0.118716545,0.0011752588,0.6719658,0.9966059,0.004906856,0.9872531,0.99730504,0.0022075926,0.0073777866,0.9323962,0.27060717,0.000547716,0.83540833,0.0016430346
0.41665387,0.0038851132,0.0008585913,0.046781104,0.13016865,0.99956816,0.9724335,0.0005925275,0.054816227,0.9994531,0.095848724,0.95349795,0.08097815,0.00089552527,0.53989327,0.9980165,0.003095109,0.98914087,0.9981603,0.0012802662,0.0053534177,0.90632725,0.22023717,0.00023615384,0.75710297,0.00082855864
0.7838607,0.02912437,0.0081274295,0.1483789,0.9017125,0.9996389,0.9231912,0.00039120758,0.1559007,0.99987614,0.62692195,0.9422093,0.8918734,0.00031379532,0.73801845,0.958288,0.015983133,0.9981834,0.9823173,0.035242796,0.035691496,0.95455235,0.5996963,0.0053474493,0.9155955,0.0053500314
0.5258929,0.009318637,0.0028789227,0.07641384,0.2528251,0.9987668,0.95481735,0.0015507672,0.079421215,0.9990872,0.16409117,0.951539,0.18710144,0.002098161,0.59147984,0.99277,0.0076590837,0.98457795,0.9942867,0.0044447808,0.012347934,0.90019435,0.30537465,0.0012525999,0.74906933,0.0027124754
0.5120321,0.008616504,0.0026109992,0.06912527,0.24703936,0.99887747,0.95528847,0.0013712589,0.07745834,0.99912447,0.16380116,0.952328,0.1783034,0.0019074796,0.5658928,0.99345386,0.006851499,0.9854767,0.99455994,0.003939888,0.011480728,0.89387447,0.29352665,0.0010582105,0.72888803,0.002330325
0.518551,0.0183509,0.007974075,0.092570916,0.32865033,0.9962931,0.92301697,0.0040389923,0.10656938,0.99717414,0.22974035,0.93120414,0.25279614,0.0057820855,0.53052264,0.9827885,0.015268102,0.9744022,0.9864612,0.010733455,0.024997283,0.85068506,0.33723614,0.0036955911,0.6642771,0.0062634554
0.20294763,0.000745437,8.7075154e-05,0.010519542,0.052770477,0.9999391,0.9840493,4.6760466e-05,0.03167984,0.9997378,0.058800433,0.9367815,0.020125711,0.00013042311,0.21333493,0.9998141,0.00044220206,0.995577,0.9997205,0.00013092138,0.0009969547,0.82491577,0.09646323,6.2460986e-06,0.5309014,4.7686422e-05
0.7046965,0.040535074,0.017229086,0.16227362,0.740983,0.9974892,0.897282,0.0027541665,0.1601563,0.99896216,0.4779392,0.9294733,0.71062493,0.002811848,0.6761028,0.94435275,0.028855443,0.9898078,0.96978295,0.040804617,0.050872903,0.9087398,0.52004546,0.012427735,0.82200456,0.012878699
0.82480925,0.015638547,0.0027034702,0.13931191,0.86336493,0.99987984,0.95907974,0.00014271912,0.12217917,0.9999713,0.50733745,0.954684,0.8663805,9.81474e-05,0.835178,0.9819017,0.008480827,0.99891436,0.9935306,0.015409952,0.01633491,0.9762907,0.5889679,0.0018062968,0.96287394,0.0026580568
0.5544089,0.005984697,0.0012068633,0.09912115,0.13561372,0.9994522,0.9752821,0.0012119169,0.06282407,0.9995901,0.0783586,0.95834833,0.1077714,0.0011938979,0.78213,0.9967499,0.0056478907,0.9857664,0.99767107,0.0023207555,0.0072191795,0.954609,0.2790058,0.0006178204,0.9077368,0.0021254153
0.7400771,0.037718847,0.013662655,0.15540244,0.8423353,0.9989114,0.90237665,0.0011708685,0.16573858,0.9995727,0.5710306,0.93434936,0.82244104,0.00108522,0.695106,0.9460708,0.023298971,0.9954715,0.97337466,0.04187011,0.04695461,0.929716,0.5583225,0.009340792,0.86391884,0.009131905
0.57553977,0.013347354,0.0046904227,0.09020204,0.35512617,0.99830985,0.9435589,0.0019430611,0.09436682,0.9989931,0.22089593,0.9491571,0.28254282,0.002544483,0.60173726,0.9873074,0.010775821,0.98463744,0.990721,0.007670291,0.017388461,0.89513534,0.3511707,0.0023392076,0.743995,0.0040529384
0.807417,0.036999296,0.009815683,0.16292545,0.9574631,0.99980754,0.91794455,0.000213115,0.17699905,0.9999218,0.7633938,0.92529666,0.9530236,0.0001449171,0.74200445,0.9479474,0.016918322,0.99916136,0.98190546,0.058281645,0.044255648,0.96317846,0.67594516,0.005964839,0.94405496,0.0054545696
0.67947334,0.0028865049,0.00022397304,0.14968033,0.04419369,0.9998797,0.9901264,0.00072821724,0.047115125,0.9999268,0.01868998,0.95475495,0.04388671,0.0003877991,0.9594712,0.9992674,0.0030101386,0.98860127,0.99952877,0.00089769944,0.0021633068,0.990673,0.23498839,0.00013194206,0.99298286,0.0012778158
0.7618175,0.04684205,0.016995043,0.16698824,0.9183191,0.9992514,0.8868189,0.0007935264,0.18899302,0.99967873,0.69364554,0.9227697,0.906637,0.0006758918,0.6902731,0.9307552,0.025833508,0.9973894,0.9681733,0.06349724,0.058736112,0.93680394,0.6118973,0.011000495,0.887252,0.009570146
0.4707554,0.024021449,0.012723511,0.085890606,0.35284263,0.9930889,0.89338356,0.0061147315,0.121014796,0.99359024,0.2739889,0.9070415,0.26032183,0.010161497,0.4255671,0.97684675,0.019632125,0.96534824,0.98048544,0.015090322,0.033045843,0.78371143,0.33069807,0.005037306,0.54768986,0.007979773
0.5788014,0.0043456196,0.0006417331,0.11373034,0.08951546,0.9997043,0.98325527,0.000933577,0.055220958,0.9997863,0.047351696,0.9590402,0.07551352,0.00075971766,0.86965996,0.99820435,0.004454996,0.9872112,0.9987947,0.0015210153,0.004728048,0.97441477,0.26657394,0.00034741056,0.95955575,0.0016917677
0.47243154,0.022469036,0.01166189,0.079654746,0.3696347,0.99403846,0.8947212,0.005036823,0.119312204,0.99453086,0.28505796,0.910199,0.27039576,0.008610006,0.41124237,0.97811913,0.017845772,0.9696582,0.9813316,0.014227099,0.030655935,0.7824829,0.32894376,0.004415336,0.53661853,0.006876707
0.6285083,0.06780963,0.041794807,0.16928577,0.7112533,0.9908832,0.8333026,0.008805747,0.19850805,0.99479914,0.5085795,0.8927512,0.66208065,0.010651406,0.5669965,0.9065544,0.051612478,0.9764549,0.94022757,0.07130016,0.08827088,0.8343809,0.4963342,0.027274763,0.6980816,0.026045937
0.6883413,0.005091002,0.0005776839,0.1641789,0.07729167,0.9996927,0.9848141,0.001328694,0.057859287,0.9998399,0.034689568,0.954034,0.07772151,0.0007952785,0.93906695,0.99816185,0.005232901,0.9849348,0.9988876,0.0019431583,0.004215828,0.9850461,0.27865252,0.00040612492,0.9855381,0.0025230835
0.6598435,0.0027429524,0.00021926449,0.14020266,0.04416707,0.9998876,0.9903323,0.0006629264,0.04623583,0.999928,0.019165356,0.9566639,0.042927016,0.00036898584,0.95440596,0.9993074,0.002864767,0.9891305,0.99954635,0.0008199855,0.0021528702,0.99017334,0.23372135,0.00012414294,0.9918277,0.0011625782
0.64584297,0.042291928,0.020807112,0.14445983,0.67807627,0.99579805,0.8809577,0.0042604147,0.16282278,0.9978721,0.45152196,0.92061096,0.62644756,0.0050004856,0.6009063,0.94356394,0.031137027,0.9844338,0.96497214,0.0397247,0.054968555,0.8718495,0.4792295,0.0132114785,0.74163246,0.014022826
0.79531664,0.035868302,0.010216255,0.15885644,0.9428111,0.9997187,0.915353,0.00030402548,0.17276032,0.9998921,0.72228205,0.93149644,0.936271,0.00022278799,0.7317362,0.94727117,0.017936477,0.99879456,0.98003495,0.052994266,0.044504464,0.9577632,0.6500336,0.0064956876,0.9294002,0.0059327306
0.8118766,0.025363117,0.0057596457,0.14491215,0.9354493,0.99984574,0.9363203,0.00016792328,0.15222453,0.9999502,0.67876244,0.9431783,0.93066525,0.000118090684,0.76807773,0.96441853,0.012406625,0.9991246,0.98735726,0.033725657,0.030066347,0.9673765,0.6402271,0.0036042414,0.945929,0.0037787687
0.6923864,0.0013416109,6.3379695e-05,0.13111533,0.023715358,0.99996567,0.99460125,0.0002787901,0.03571485,0.9999783,0.00936173,0.95964193,0.023583949,0.00013100456,0.9757597,0.99977607,0.0013946395,0.992649,0.9998425,0.0003276708,0.0008556601,0.9949469,0.19441247,3.0777475e-05,0.99705493,0.0004955952
0.7110128,0.00078750943,2.563189e-05,0.120905735,0.015828416,0.99998605,0.9965049,0.0001340391,0.029418053,0.99999166,0.0058588777,0.96384686,0.016009951,5.7109006e-05,0.98365307,0.999899,0.00081054715,0.99471104,0.99992526,0.00016300927,0.0004420368,0.996784,0.17068933,1.1219979e-05,0.9984486,0.00025673286
0.24773897,0.0010808005,0.00015075244,0.014411382,0.069943674,0.99990475,0.98169196,8.057436e-05,0.036050126,0.9997042,0.07014958,0.94420236,0.029386766,0.00019660003,0.26535636,0.9996666,0.0006859459,0.9947891,0.99954945,0.00022436504,0.0014771817,0.8442282,0.11956623,1.4788329e-05,0.56985176,9.05956e-05
0.43420967,0.0046125334,0.0013004985,0.030853793,0.28116822,0.9994854,0.95654917,0.00036893733,0.06500976,0.99945766,0.20866169,0.9511427,0.16624048,0.0007686822,0.33440244,0.99663526,0.0030102707,0.9925746,0.9965622,0.001985283,0.0059207715,0.83258533,0.24114425,0.00028005257,0.5314892,0.0006216926
0.5162138,0.009812735,0.0032861927,0.067570694,0.2934216,0.9986463,0.94833994,0.0014505376,0.083186686,0.99898154,0.19679905,0.9488752,0.21252137,0.0021474387,0.52774644,0.9917857,0.0076580546,0.98548084,0.99324894,0.004915842,0.013095437,0.87838495,0.30779284,0.0012909104,0.6891039,0.0025464455
0.79306823,0.028806377,0.0076287654,0.14705865,0.91491205,0.99971217,0.92508084,0.00031457408,0.15661122,0.99990094,0.6498962,0.94238883,0.90689194,0.00024292254,0.7447236,0.9591188,0.015000742,0.99853134,0.98331153,0.035341535,0.03480413,0.9580351,0.61036414,0.00493351,0.9242471,0.004933585
0.6591958,0.020215223,0.0072664684,0.12539858,0.5054135,0.998116,0.93514156,0.0022336205,0.11430435,0.9991936,0.29250383,0.9479737,0.45260307,0.0024735734,0.68112475,0.9772289,0.016072864,0.9867582,0.9859853,0.014561098,0.025345696,0.91568446,0.42761645,0.0047956924,0.8100378,0.0068189763
0.70834994,0.050758805,0.025504628,0.15773423,0.9239907,0.9986406,0.86800164,0.0010318619,0.19096145,0.9992987,0.7344655,0.899823,0.9044602,0.0011618973,0.58694136,0.91807497,0.033537593,0.99662775,0.9614109,0.09576382,0.0698199,0.9077377,0.6180989,0.014053409,0.829411,0.011033168
0.7223526,0.11402851,0.0637244,0.2341958,0.95592326,0.99796176,0.815871,0.002211195,0.2515833,0.99850583,0.82570606,0.8400795,0.9496112,0.0018429522,0.62826955,0.8457245,0.06409293,0.99637884,0.9309511,0.22214949,0.1472104,0.91495675,0.68998665,0.04330474,0.8793431,0.028872492
0.7989099,0.042701162,0.012295231,0.16901855,0.95601565,0.9997372,0.9064012,0.00029575656,0.18580012,0.99988556,0.76776654,0.9209541,0.9511902,0.00020686458,0.728449,0.9395154,0.019795116,0.9989691,0.9777704,0.06601205,0.051493593,0.95848304,0.6695978,0.007631409,0.93547446,0.006684582
0.75233555,0.01999802,0.005571074,0.13459514,0.73695296,0.99939525,0.94145113,0.0006923562,0.123632446,0.9998111,0.4221006,0.95428383,0.71258163,0.00063200796,0.74820924,0.97445506,0.013294819,0.99577624,0.9874005,0.017908754,0.023629654,0.9485528,0.5126092,0.0039105457,0.89137185,0.0048267385
0.63821775,0.0037738855,0.00039513517,0.13868693,0.0616008,0.99980336,0.9871639,0.00093923626,0.051761627,0.9998723,0.028334994,0.9569527,0.058152042,0.0005847388,0.93306446,0.9987943,0.0039317138,0.9872727,0.99922323,0.001243968,0.003347064,0.98562175,0.2537868,0.00023834598,0.98485166,0.0016453883
0.62521124,0.015445464,0.005022768,0.12915431,0.3128458,0.99800414,0.94939196,0.003006622,0.09611123,0.998995,0.17974629,0.94888735,0.2711738,0.0032114414,0.7238887,0.986089,0.013855475,0.9799888,0.990956,0.009025844,0.018915258,0.92578065,0.3717567,0.0033425956,0.84064984,0.0063052997
0.5000948,0.0061725657,0.0015252945,0.07153766,0.17063,0.99929655,0.9680338,0.0010771608,0.06563299,0.9993956,0.11137918,0.9555918,0.12258725,0.0013701166,0.64234024,0.9962037,0.0052494486,0.98642427,0.9969318,0.0024373145,0.008097593,0.9230262,0.2705212,0.0006125263,0.81122553,0.0017527686
0.7832042,0.059423316,0.021017842,0.19364204,0.97279096,0.9997131,0.8924398,0.00030516705,0.21310192,0.9998248,0.84860617,0.8754832,0.96882945,0.00021443948,0.6912738,0.9231823,0.026453115,0.99909437,0.97234625,0.12716313,0.07298466,0.9531977,0.7190439,0.011616169,0.9392827,0.008859372
0.7380866,0.010498711,0.0020756528,0.15535332,0.28291225,0.9992568,0.97064644,0.0014446897,0.082490854,0.9997693,0.12876362,0.96050763,0.27865988,0.001127611,0.8672846,0.99216557,0.009340804,0.9872055,0.9957147,0.0056506554,0.010092206,0.96881807,0.38557088,0.0017488793,0.9463512,0.0045993966
0.52861106,0.0045808707,0.00080986315,0.08815799,0.11165679,0.9996282,0.9793856,0.0008708385,0.05667651,0.9996942,0.065384775,0.9595371,0.08626484,0.0008589718,0.7867301,0.99781823,0.0043132887,0.987663,0.99840456,0.0015983308,0.0055423006,0.9590738,0.26014394,0.00037440853,0.91740495,0.0015000205
0.6154397,0.011603075,0.0033052422,0.110928565,0.28953585,0.9987357,0.9581867,0.00188033,0.086517245,0.9993767,0.16369152,0.9556886,0.24573216,0.002023787,0.7232024,0.9903785,0.010005359,0.98435366,0.9935103,0.006088584,0.014128782,0.93295705,0.3533108,0.0020422419,0.84643126,0.0042160945
0.42638144,0.0028107597,0.00046907397,0.04921319,0.09548242,0.99977964,0.9810699,0.00039169754,0.047575574,0.9997204,0.0662561,0.9599849,0.06072837,0.0005124489,0.64278585,0.99883455,0.00231326,0.9912839,0.9989581,0.00079759816,0.0036922863,0.9383067,0.20703182,0.00013445744,0.84935707,0.0006019699
0.62061906,0.0067947893,0.0012036373,0.13813463,0.11928029,0.99942005,0.9775351,0.0017164864,0.06535272,0.9996517,0.06139694,0.9558137,0.10715058,0.0013409435,0.8709982,0.9965821,0.006968209,0.9831029,0.99781716,0.002806453,0.0072596706,0.9704907,0.29743168,0.0007901205,0.95466566,0.003113935
0.61384875,0.011226482,0.0030095465,0.12254235,0.23244484,0.9987197,0.96152055,0.0022624119,0.08329806,0.9993125,0.1304767,0.95475966,0.19980243,0.0022491245,0.76235044,0.9914757,0.010276549,0.9817755,0.99426275,0.0056321984,0.013409808,0.94060904,0.33696067,0.0019355613,0.876052,0.004517169
0.6943882,0.0007888794,2.7764567e-05,0.11640862,0.016156292,0.99998546,0.9964354,0.00013489819,0.029856175,0.9999908,0.006164191,0.96329445,0.01605378,6.053699e-05,0.9817632,0.99989796,0.00082370156,0.9946479,0.9999254,0.00016150669,0.00046441663,0.99653184,0.17406757,1.1708256e-05,0.99821556,0.00025629217
0.46796203,0.005010529,0.0012036184,0.052659735,0.18001252,0.9994561,0.9684076,0.00069282023,0.061570853,0.99948955,0.12270135,0.9573819,0.11992519,0.0010070447,0.5544131,0.99696106,0.0038756302,0.9891383,0.9972932,0.0018602321,0.006680686,0.90615034,0.2512279,0.00039780766,0.74717444,0.0011252069
0.38222772,0.0050464673,0.0014470732,0.03402935,0.19349453,0.99921894,0.955157,0.00067095767,0.06378343,0.9989114,0.15865403,0.9419067,0.110136636,0.0013586817,0.3425321,0.99687105,0.00352304,0.9880178,0.9966799,0.0018954789,0.0068462156,0.8229681,0.21701044,0.00031228786,0.5399162,0.00082927855
0.5210988,0.0055486932,0.0011968351,0.07844079,0.15180476,0.99946266,0.97324514,0.00096323027,0.06230213,0.9995685,0.09363437,0.9591046,0.11292684,0.0010933465,0.7076661,0.99682933,0.0048800097,0.98733574,0.9975452,0.0021041797,0.0070426124,0.94063467,0.27045864,0.0005255503,0.8617277,0.0016704719
0.31595725,0.0012013717,0.00012243385,0.039822463,0.0297145,0.99993587,0.9896685,0.00018075902,0.034723476,0.9998147,0.024535062,0.94642043,0.017082164,0.00022924099,0.71042615,0.99975425,0.001044249,0.99294734,0.9997625,0.00022955461,0.0015042081,0.9585376,0.13809107,2.1463014e-05,0.92641896,0.00021384779
0.6458889,0.006717441,0.0010916719,0.1494082,0.11232308,0.99946016,0.9790454,0.0017419312,0.06478593,0.9997004,0.055449244,0.95528847,0.104845606,0.0012746771,0.89328223,0.9967964,0.0069339345,0.9829664,0.99801695,0.0027805932,0.006683395,0.9749922,0.3005266,0.00075907,0.9654309,0.0032255969
0.6304813,0.002049929,0.00014089813,0.12810722,0.031671077,0.9999311,0.9921198,0.00047933403,0.04141897,0.9999443,0.014009118,0.95748276,0.02962753,0.00026616582,0.9579313,0.9995796,0.0021257268,0.9905247,0.99970573,0.0005287245,0.00158183,0.99150157,0.20685278,6.910371e-05,0.9933074,0.0007837482
0.7872417,0.041082736,0.013914451,0.16697572,0.96294516,0.9997292,0.90697265,0.00025172165,0.18905212,0.999876,0.7988703,0.91128963,0.9562572,0.00019823467,0.6922244,0.9378926,0.02102458,0.9990496,0.9770439,0.085042775,0.05284412,0.9532025,0.6863263,0.00781085,0.9271735,0.006320306
0.79660535,0.014512796,0.0027814407,0.15218323,0.625161,0.99961984,0.96267605,0.0005415412,0.10504018,0.99990654,0.29326862,0.9589096,0.63245726,0.0004027374,0.8512031,0.9855876,0.009926211,0.99577564,0.9936307,0.010614771,0.014106025,0.9709335,0.49296153,0.0022458385,0.9509122,0.004112817
0.78419,0.049307283,0.016119586,0.1747288,0.95023865,0.99957246,0.89343303,0.0004686603,0.1941798,0.9998072,0.7606422,0.9169522,0.9438609,0.00034775236,0.70806646,0.9280958,0.024232166,0.9985215,0.9716196,0.07683441,0.061268125,0.9500238,0.6615403,0.010304211,0.9195259,0.008717316
0.53685343,0.010439716,0.0033597285,0.082820356,0.2628724,0.99855,0.95217353,0.0018616633,0.08294442,0.9989666,0.1694983,0.9497289,0.19889975,0.0024456345,0.60407823,0.9916128,0.008718037,0.98316944,0.993476,0.005164337,0.013797422,0.89980245,0.3147684,0.0015397809,0.7550646,0.0032265473
0.5901631,0.004726166,0.0006879243,0.12722233,0.081655495,0.99967146,0.98298866,0.0011822472,0.05661524,0.9997553,0.042411853,0.95591736,0.070785835,0.0009009805,0.8886192,0.9981211,0.005019271,0.9855825,0.99876344,0.0016982752,0.0049719927,0.97656244,0.26531208,0.00039116244,0.9676898,0.0020143182
0.6815088,0.008998061,0.0015871729,0.17273763,0.13256608,0.9991757,0.975149,0.002558762,0.072815835,0.99960226,0.06420107,0.9513982,0.12958448,0.0018047943,0.9000081,0.9952813,0.009223364,0.9794694,0.99720216,0.004137,0.008447372,0.97369564,0.3220174,0.0012504655,0.9660977,0.0048415367
0.7918248,0.039093737,0.011550383,0.16343243,0.9420297,0.9996705,0.9081783,0.00036021502,0.17829083,0.99986875,0.72593915,0.9281464,0.93563366,0.00026875996,0.7268206,0.9431286,0.019483635,0.9986626,0.977803,0.056513634,0.04792987,0.95540154,0.6460606,0.0073799593,0.92538583,0.0066713677
0.7538607,0.023928028,0.0071762297,0.12948743,0.8538267,0.9995369,0.92673707,0.00046344043,0.14291643,0.9998387,0.5623842,0.9472902,0.8317254,0.00043167887,0.7038343,0.96612495,0.014163188,0.9974806,0.98367566,0.026066955,0.029823473,0.94461435,0.55334395,0.0043832106,0.8826706,0.0045988047
0.8054843,0.044235516,0.012372861,0.17739688,0.97414094,0.99985933,0.91547996,0.00015101414,0.19501178,0.9999254,0.83895576,0.89401233,0.97062063,9.853432e-05,0.7250663,0.94400537,0.018198175,0.9994209,0.98155266,0.08947469,0.051831335,0.9634789,0.7199763,0.0065654377,0.95414066,0.005558419
0.6241164,0.02301837,0.009151665,0.13332112,0.41955295,0.9967824,0.92810446,0.004085186,0.117010914,0.9983689,0.25389332,0.9396732,0.36835787,0.0046718474,0.6666263,0.9754278,0.019529179,0.97848755,0.9839458,0.01570261,0.029083518,0.8994779,0.40214482,0.0060546375,0.78566134,0.009039015
0.78986114,0.021577273,0.005120196,0.14294751,0.8494877,0.9996921,0.9413818,0.00035065017,0.13460153,0.99991083,0.5220968,0.9514954,0.841682,0.0002768626,0.7766965,0.9718793,0.012456766,0.99795216,0.9880527,0.021931745,0.024938926,0.96184343,0.5682087,0.0035576895,0.92835206,0.0042419457
0.34328762,0.002550215,0.00052348594,0.02668646,0.12214358,0.9997123,0.97291803,0.00028274456,0.047986947,0.999493,0.102949895,0.9497551,0.06349133,0.00056392496,0.366896,0.99882156,0.0017856676,0.9918345,0.9986903,0.00073766755,0.003522116,0.8621087,0.17804323,9.208324e-05,0.61882603,0.00035376608
0.48990157,0.006529038,0.0015820363,0.078107275,0.14953174,0.99922013,0.9679594,0.0013627093,0.06562626,0.9992512,0.09826749,0.95188385,0.10859287,0.001647024,0.6671091,0.99619895,0.005739439,0.98435336,0.99698323,0.0025324465,0.008564798,0.92642653,0.2648457,0.0006557013,0.8320568,0.0020126854
0.6311402,0.006286637,0.00091720646,0.15353209,0.087947436,0.99951816,0.9803821,0.0019102569,0.0626706,0.9996841,0.042897742,0.95131403,0.08232197,0.0012834986,0.908743,0.99736065,0.006604879,0.9820446,0.9983569,0.002463355,0.006074375,0.9778336,0.28165898,0.0006140252,0.9737038,0.00307524
0.7257137,0.11057513,0.060959183,0.2333079,0.9541588,0.99798644,0.8184611,0.0021943548,0.24922872,0.9985838,0.81960106,0.8456555,0.94771314,0.0018216686,0.6339062,0.8490749,0.06211191,0.9963405,0.93274194,0.21120498,0.14274769,0.9163033,0.6874354,0.041619733,0.88022876,0.028276455
0.67104447,0.0016507996,9.012934e-05,0.13311312,0.02615137,0.99995255,0.9935557,0.0003774326,0.03826786,0.99996614,0.01071486,0.9580013,0.025430487,0.00018600289,0.97063565,0.9997029,0.0017075666,0.99155736,0.9997899,0.00041591108,0.0011200304,0.99380845,0.19731797,4.4583987e-05,0.9960532,0.00062814343
0.6079155,0.011353105,0.0029989632,0.12690677,0.21861918,0.99864095,0.9621599,0.0025505412,0.08266395,0.9992593,0.122680575,0.95232683,0.18926468,0.0024760845,0.7728842,0.9917997,0.010548314,0.98015803,0.99455464,0.005544751,0.013515977,0.94304335,0.33784902,0.0019767203,0.88445693,0.004829098
0.6656529,0.0018561922,0.00011181099,0.13411044,0.02947464,0.99994147,0.9928865,0.00043343334,0.04004626,0.999959,0.012289055,0.9576279,0.028554574,0.00022219379,0.9669497,0.99963963,0.0019338598,0.9910189,0.9997484,0.00048698063,0.0013076968,0.9930642,0.20570886,5.6802353e-05,0.995246,0.00072395214
0.5631512,0.00303816,0.0003139485,0.11528565,0.04839928,0.9998524,0.98801607,0.0007324206,0.047880236,0.99985325,0.024672037,0.95643103,0.040703844,0.0005151999,0.91487134,0.99913377,0.0031936152,0.98840886,0.9993954,0.00087715813,0.0029105353,0.98350126,0.22300535,0.00015150712,0.9810845,0.0011353153
0.47049528,0.006533512,0.0020224103,0.040232565,0.32681826,0.99925894,0.9498469,0.0005795852,0.07433546,0.99932146,0.23079799,0.950077,0.21155663,0.0010902492,0.38476944,0.9946444,0.0043878304,0.99131876,0.9949987,0.0031578166,0.00843693,0.84332776,0.27393875,0.00053568714,0.5710937,0.001057005
0.67904174,0.05970421,0.03311337,0.15936667,0.892362,0.99738353,0.8431245,0.0020882892,0.19940707,0.9985562,0.6926953,0.89386284,0.865486,0.002474807,0.56471825,0.90748185,0.039879926,0.993986,0.95091444,0.09387922,0.08005537,0.88380677,0.58190954,0.018457139,0.78181905,0.01488173
0.63688,0.0050216597,0.00064871565,0.14839211,0.07690021,0.9996723,0.98383397,0.001369774,0.05759782,0.99978906,0.036781847,0.954048,0.071988694,0.0009057378,0.919918,0.9981237,0.0052937157,0.9846778,0.99882394,0.0018505977,0.004705888,0.9816674,0.2722207,0.00041430723,0.97917354,0.0023664034
0.8069738,0.026523078,0.0063662184,0.14588358,0.93416196,0.99982005,0.9323434,0.0001941989,0.15510373,0.9999403,0.680614,0.94244707,0.9283793,0.00014024829,0.75832146,0.96210873,0.013215226,0.9990268,0.9860183,0.03545408,0.031873863,0.96491367,0.6358226,0.003998282,0.9401725,0.004042911
0.26276758,0.0012180872,0.00016107359,0.021054873,0.054083765,0.999902,0.98418254,0.00012128787,0.036297947,0.9996928,0.051423263,0.9430894,0.025368841,0.00024039201,0.39886984,0.9996598,0.000864944,0.99378103,0.9996025,0.00024960111,0.001697184,0.8919577,0.12799557,1.9659123e-05,0.7258319,0.00013930918
0.64256245,0.032354623,0.014991381,0.11392332,0.7383294,0.9977568,0.8879514,0.0019271959,0.15400971,0.99883753,0.5023798,0.9266911,0.6751904,0.0024815588,0.5548182,0.9556644,0.0218241,0.99121135,0.97204465,0.03192276,0.042376142,0.87463915,0.47581553,0.007668973,0.7262651,0.008039323
0.57315177,0.0053085904,0.0008255249,0.12461406,0.087431215,0.9995956,0.9807639,0.0013926586,0.058954936,0.9996736,0.0465439,0.9539898,0.074453555,0.001091254,0.87191755,0.99776447,0.005489136,0.9844321,0.99851924,0.0019237861,0.00572724,0.97244465,0.26531324,0.0004637356,0.95975083,0.00221682
0.4778544,0.0044303,0.0012246054,0.034474947,0.34280404,0.9996018,0.96135813,0.00026301932,0.067026414,0.9996861,0.23554748,0.9549278,0.22172268,0.0005200702,0.38355994,0.9964694,0.0030178444,0.994395,0.99683315,0.0021751039,0.005664158,0.8652014,0.27696177,0.00029350235,0.5923003,0.00061685574
0.66699356,0.0006780347,2.1294774e-05,0.11271336,0.0114173535,0.9999888,0.9967084,0.00013208001,0.027887793,0.9999902,0.004404,0.96259046,0.010715517,5.714377e-05,0.9831336,0.9999273,0.0007004574,0.99469733,0.9999409,0.00012550711,0.0003839757,0.9968002,0.14898366,8.116879e-06,0.99848014,0.00020589586
0.7143234,0.038592074,0.015211919,0.14576672,0.83394724,0.99864715,0.8935356,0.0013694591,0.1674187,0.9994137,0.5726827,0.9307682,0.8055049,0.0013773207,0.6528919,0.9446072,0.024234764,0.9947286,0.97068644,0.043104623,0.049367733,0.9161485,0.54519796,0.00965659,0.8311222,0.009297711
0.5641605,0.00894351,0.0023038667,0.10582315,0.18754663,0.9989347,0.9650039,0.0019489855,0.07473523,0.99927753,0.11149207,0.9531074,0.15140606,0.0020795788,0.7359581,0.9940386,0.008237246,0.982118,0.9957585,0.004019039,0.01109917,0.9379724,0.30806285,0.001264711,0.86639136,0.0033602302
0.5586885,0.008674337,0.0028265612,0.04901046,0.5460693,0.9994276,0.9425206,0.0004042315,0.090076484,0.9996296,0.35045072,0.9522728,0.4156281,0.000689108,0.43525165,0.99078065,0.0055692913,0.99500257,0.99275523,0.005790227,0.0110492045,0.87067467,0.35128447,0.00086141354,0.6390442,0.0012970084
0.78584445,0.030140838,0.008493969,0.14864087,0.9101849,0.99965215,0.9209935,0.00037482762,0.15865965,0.99987745,0.6447016,0.9409405,0.90047556,0.00029979664,0.73416,0.95656615,0.016229771,0.99830097,0.9816397,0.037497353,0.036823187,0.9543983,0.6053914,0.0055022817,0.9158644,0.00538263
0.642303,0.03314735,0.0154169,0.12831809,0.6504721,0.99682117,0.8959511,0.0031232522,0.14751752,0.9984224,0.4246834,0.9292107,0.58955204,0.0037949227,0.5946703,0.9570211,0.0243803,0.9863821,0.9726408,0.029417831,0.043168306,0.8775697,0.46023503,0.0091514485,0.7387015,0.010256978
0.6972864,0.14488183,0.08846203,0.25487265,0.9233191,0.9946957,0.7600393,0.0061237765,0.28863814,0.99628395,0.7684701,0.83535177,0.9124253,0.0053376174,0.6211455,0.8092945,0.08790457,0.9910505,0.89214146,0.20998427,0.17843333,0.8780151,0.62848574,0.06285073,0.82776415,0.046198297
0.74250406,0.015858253,0.0039298395,0.14731508,0.5041369,0.9991472,0.95589125,0.001237288,0.10330011,0.9997408,0.24899873,0.95818853,0.48887727,0.001059958,0.80610335,0.9840365,0.012225943,0.99130905,0.99148554,0.010763735,0.016999463,0.9556413,0.44551912,0.0031572282,0.91202104,0.0053717783
0.50824213,0.011823667,0.0042520664,0.07410818,0.2906792,0.998126,0.94146687,0.0020660285,0.08892534,0.99849415,0.19949044,0.94287807,0.21320795,0.0030596664,0.52325255,0.9899638,0.009331715,0.98201466,0.99171466,0.0061167837,0.015802076,0.8675908,0.3103636,0.0017326741,0.67763513,0.0033066564
0.7107314,0.0025573121,0.00017261205,0.15276831,0.042727172,0.9999051,0.9913863,0.0005686003,0.044867445,0.9999509,0.017507434,0.95659685,0.04424081,0.0002867007,0.96667385,0.99938667,0.0026181005,0.9897837,0.99961275,0.0007877695,0.001779239,0.9922609,0.23557413,0.0001041147,0.9946996,0.0011227754
0.57931405,0.003858504,0.0005277025,0.1086378,0.085644975,0.9997522,0.9848801,0.0007866353,0.053119905,0.999838,0.044420984,0.9594673,0.0734199,0.00063357304,0.87823534,0.99849796,0.0038858592,0.9880778,0.9990055,0.0012730154,0.004092102,0.9770965,0.26868865,0.00028411622,0.964295,0.0014763443
0.50912315,0.0073600677,0.0019473842,0.07772648,0.18459673,0.99908996,0.9641902,0.0014019615,0.07001553,0.99923325,0.11994773,0.953056,0.1354441,0.0017533646,0.6431604,0.995193,0.006301008,0.98457664,0.99618983,0.0030712574,0.009674277,0.9187034,0.28140545,0.0008317271,0.8047675,0.0022288403
0.8049009,0.02206133,0.004945725,0.13985631,0.90279365,0.9998091,0.9410102,0.00021115446,0.14049312,0.9999434,0.60254705,0.949681,0.8968888,0.00015699149,0.7759332,0.97011024,0.011578568,0.99878746,0.988462,0.025182635,0.025721408,0.9662284,0.6040996,0.0032163938,0.93972117,0.0036377527
0.27054426,0.0012400907,0.00018906714,0.014690453,0.088143155,0.99988747,0.9796821,8.993892e-05,0.037706174,0.99970526,0.08420638,0.9486667,0.037757985,0.00022044255,0.2583382,0.9995629,0.0007720727,0.99481046,0.99941134,0.00027790957,0.0016648655,0.83756226,0.12986934,2.0295078e-05,0.53911895,0.00010489178
0.44654524,0.009784463,0.003589178,0.056327727,0.25554928,0.9981737,0.9399605,0.0017432882,0.08292969,0.99812037,0.19466749,0.93642277,0.1691981,0.0029993467,0.42826515,0.99244225,0.007539466,0.98187685,0.99312943,0.00463928,0.013476635,0.8344974,0.2758536,0.0011250007,0.5943653,0.0023649638
0.56392807,0.014404469,0.0047520073,0.12548628,0.2241646,0.99761933,0.95010185,0.0041212337,0.09043211,0.99832064,0.13957706,0.9409379,0.18582244,0.0044616354,0.7108498,0.9887862,0.013680036,0.9734817,0.99225724,0.0075197928,0.018331641,0.91874063,0.33377934,0.002823645,0.8350937,0.006310943
0.7340942,0.07423684,0.034398697,0.19432516,0.92529553,0.99835384,0.8418155,0.0017377075,0.2250295,0.9991285,0.7366472,0.89472556,0.9131723,0.0015410109,0.65015167,0.8916693,0.042381264,0.9959033,0.9463175,0.108998425,0.094375424,0.915451,0.6222176,0.022478314,0.85907817,0.017756673
0.7968997,0.028074702,0.007267871,0.14926018,0.9127472,0.99972373,0.92825735,0.0003065533,0.15416159,0.9999083,0.6407599,0.94286346,0.90593797,0.00023165128,0.75479215,0.9605141,0.0147631485,0.9985442,0.98427385,0.034454033,0.033547122,0.9601728,0.61303854,0.0047756797,0.92937297,0.004877896
0.36990616,0.003462701,0.00080268877,0.032140516,0.14476839,0.9995697,0.96800506,0.0004314536,0.053912777,0.9993511,0.11760212,0.9489572,0.08061557,0.0008242735,0.3904465,0.9982141,0.002465601,0.9902624,0.9981079,0.0011102685,0.00475811,0.86151105,0.19905216,0.00016693618,0.62181205,0.00055249524
0.47972688,0.0035092134,0.00061210874,0.06629936,0.104958475,0.9997224,0.980508,0.00055476854,0.05194467,0.99971956,0.06683607,0.9603912,0.07308858,0.0006388532,0.71990633,0.99841535,0.0031532282,0.98991627,0.9987257,0.0011198923,0.0044582584,0.9500886,0.23412882,0.0002226678,0.8875084,0.0009283017
0.64466226,0.028323684,0.0121520115,0.12123262,0.62561613,0.99748284,0.9076764,0.0025270467,0.13847326,0.9987943,0.39745593,0.9364607,0.56348896,0.0030343437,0.607587,0.9637286,0.020693513,0.9877608,0.9771234,0.023820566,0.036698736,0.88688433,0.4513894,0.0071763657,0.7509549,0.0084500685
0.56698155,0.0097548105,0.0028203535,0.08461902,0.28555343,0.99891794,0.95683074,0.0014009991,0.081418954,0.99934393,0.1731737,0.9556242,0.22443412,0.0017511802,0.6380853,0.9920759,0.007821294,0.9864029,0.99406624,0.004785987,0.012301006,0.91448927,0.32573998,0.0013902772,0.7854684,0.0028575242
0.60420704,0.0070891213,0.0012930915,0.132793,0.12189632,0.9993672,0.97609335,0.0018083432,0.06643359,0.9995969,0.06442262,0.95501006,0.107934065,0.0014577785,0.85674745,0.9963413,0.007154868,0.98257244,0.99762255,0.0029057153,0.0077549163,0.9670388,0.2951539,0.0008293157,0.94740283,0.0031425313
0.76835495,0.05777366,0.021340348,0.18299724,0.942403,0.9993049,0.8757753,0.00076361024,0.20622028,0.99966776,0.7525035,0.9099504,0.9345495,0.00059948757,0.69099844,0.9157022,0.029861549,0.99785477,0.9636058,0.08669298,0.07233532,0.9397639,0.64591557,0.0138997,0.90159583,0.011395121
0.44738126,0.004186017,0.0009658806,0.046629474,0.17309499,0.9995466,0.9706687,0.00052960066,0.05782644,0.99954635,0.12061526,0.9554419,0.11044583,0.00083611504,0.5242079,0.9975758,0.0032793556,0.9900927,0.99782526,0.0015208002,0.0056336457,0.90398866,0.24300423,0.0002887961,0.7339389,0.0008678829
0.62655973,0.008373732,0.002154076,0.0959513,0.31254286,0.9992816,0.96567696,0.0009426344,0.078205295,0.99969697,0.17152533,0.9608224,0.26387572,0.00107198,0.7207399,0.9931416,0.007116845,0.9894795,0.9955525,0.004338067,0.010054011,0.9427503,0.36246702,0.001214329,0.8543155,0.0026298722
0.4930844,0.0065425276,0.0019964657,0.042228848,0.35316253,0.9993375,0.9517735,0.0005190834,0.07530745,0.9994628,0.23991327,0.95325524,0.23580882,0.0009366799,0.41056406,0.99441975,0.004428092,0.9922632,0.9950063,0.003288036,0.008472683,0.85756373,0.28767532,0.0005629749,0.59927636,0.0010754777
0.7928332,0.05621829,0.018180065,0.18829648,0.96823007,0.999718,0.89558214,0.0003245905,0.20428963,0.99984264,0.82597446,0.8931372,0.96422,0.00021772682,0.71101767,0.92659193,0.024447855,0.9990502,0.97422427,0.10419254,0.066660486,0.9565133,0.7063758,0.010736044,0.9410336,0.008676604
0.51407456,0.0013517657,9.145065e-05,0.09426016,0.020997068,0.9999598,0.9934023,0.00028494792,0.036304317,0.99994385,0.011126635,0.9576905,0.01698808,0.00018932781,0.94066995,0.9997799,0.0014087228,0.9922907,0.999826,0.00027289355,0.0011719582,0.990103,0.17026255,3.134677e-05,0.9907975,0.00040702606
0.7829401,0.043643836,0.013863746,0.16975747,0.93762624,0.9995547,0.90008163,0.00049088383,0.18469971,0.9998154,0.7220853,0.9244238,0.93062776,0.00037381038,0.71905196,0.9359665,0.02254015,0.99833006,0.97425747,0.062391516,0.054231346,0.9505912,0.64138573,0.009093932,0.9174679,0.008049128
0.5285587,0.007920488,0.0021150883,0.082797,0.19583163,0.9990501,0.96334416,0.0014746203,0.072445415,0.9992686,0.12381638,0.95467967,0.14737505,0.0017898977,0.6602299,0.99461174,0.0067993766,0.9845502,0.99577373,0.0034207217,0.010250358,0.92145586,0.28931797,0.00096670864,0.8132963,0.0024674276
0.77078724,0.062121477,0.02362974,0.19041403,0.95252496,0.9993581,0.8746118,0.0007060169,0.20980655,0.99967337,0.7815048,0.90192735,0.94601303,0.0005386878,0.6881926,0.910577,0.031355392,0.99815506,0.9636666,0.103400655,0.077882074,0.9427147,0.66982937,0.01525839,0.9101301,0.012048516
0.77495265,0.060914803,0.022604693,0.18990803,0.95632374,0.999438,0.8795894,0.0006127809,0.20801452,0.9997135,0.7902208,0.90118766,0.95020336,0.00045894657,0.69215757,0.91268903,0.030251816,0.99835217,0.96576625,0.104651175,0.07632903,0.94538945,0.6787842,0.014534076,0.9162213,0.011461522
0.76187724,0.01436879,0.0032158867,0.15137778,0.4983759,0.9993166,0.96091,0.0010265876,0.09943321,0.9998085,0.23520002,0.9591126,0.4908464,0.0008383839,0.83167595,0.9860931,0.011079917,0.992222,0.9929685,0.009617292,0.014605325,0.9628429,0.44940537,0.0026528663,0.93039584,0.004906665
0.7162839,0.017895492,0.005145273,0.13109389,0.58861905,0.99906665,0.9458136,0.001166848,0.111645415,0.9996792,0.31719533,0.9557503,0.55420977,0.0011137007,0.7429349,0.97957957,0.013105072,0.99241054,0.98875076,0.013272182,0.021182435,0.94170326,0.46007404,0.003677581,0.87200564,0.0052601406
0.17244013,0.0006228105,5.9832837e-05,0.016710768,0.019263534,0.9999558,0.9889992,6.97006e-05,0.029353784,0.9996643,0.024020448,0.9106585,0.008170885,0.00014439102,0.39917338,0.9999043,0.00044990773,0.9940287,0.99987626,9.624419e-05,0.0008482957,0.9005937,0.08621052,4.1349213e-06,0.7972027,5.9450642e-05
0.77914774,0.05898214,0.021112075,0.18822916,0.95573604,0.99948704,0.88366866,0.00057303056,0.20470932,0.9997415,0.7863032,0.90328294,0.9499638,0.0004208638,0.6992007,0.9165749,0.02885593,0.9984332,0.96775526,0.09992805,0.07277284,0.9476061,0.678767,0.013574709,0.9204992,0.010895182
0.6676742,0.041017976,0.019142477,0.15149288,0.69180673,0.9964406,0.8889285,0.0037377242,0.16005416,0.99834204,0.4517171,0.9248241,0.64796835,0.00415668,0.6326277,0.9452877,0.030099958,0.98616844,0.9674489,0.03878194,0.052494664,0.8873376,0.49082318,0.012798614,0.7740118,0.013661724
0.29377905,0.0013230306,0.00015537966,0.032841712,0.037782088,0.99991333,0.98722434,0.00018361711,0.036009375,0.99973625,0.0327491,0.9445835,0.020201692,0.00027171776,0.6011513,0.9996872,0.0010678708,0.99275804,0.9996805,0.000264851,0.0017697605,0.9387827,0.135971,2.4551042e-05,0.8734596,0.00021200054
0.7634839,0.031098722,0.009548155,0.14736435,0.8832747,0.999471,0.9169964,0.0005603678,0.15818359,0.9998087,0.6071357,0.9401636,0.86893696,0.00048321643,0.714696,0.95503736,0.017853696,0.99750096,0.97959214,0.036648862,0.03890788,0.94568264,0.583594,0.006303406,0.89472723,0.0061854757
0.79424465,0.033993624,0.009510907,0.15573043,0.93666285,0.9997131,0.91732883,0.00030795558,0.16899636,0.999894,0.7043356,0.9344113,0.92976296,0.00023030768,0.73403025,0.95009464,0.017185485,0.9987205,0.98068595,0.047870573,0.041922525,0.95755893,0.63974875,0.006075279,0.9271724,0.0056912606
0.43979806,0.004197744,0.00088463246,0.054612435,0.1264643,0.99956626,0.9735994,0.0006849147,0.055573735,0.9994879,0.08855618,0.95537674,0.08271069,0.00093619357,0.6014757,0.997872,0.0034391072,0.98864144,0.99812657,0.0013892276,0.005634084,0.92053187,0.22857718,0.00027811236,0.8026333,0.0009894568
0.48328534,0.0048668627,0.00102199,0.06820064,0.13522066,0.9995197,0.9740167,0.00083796866,0.058794055,0.9995425,0.08774804,0.9572423,0.09569215,0.0010231765,0.67262375,0.9974298,0.004170431,0.98780036,0.99790883,0.001711955,0.0062981364,0.93497336,0.2510654,0.00039177522,0.8452465,0.001332553
0.7214415,0.018545665,0.005257267,0.1539243,0.47576407,0.9986337,0.9499804,0.0019756416,0.10808544,0.999556,0.24478781,0.95293653,0.4574204,0.001763871,0.7902538,0.9811903,0.01496469,0.9877435,0.98965746,0.012661289,0.020623565,0.94733524,0.44163445,0.004290116,0.8961759,0.007164372
0.62247986,0.005791256,0.00082578254,0.1453644,0.0868214,0.9995796,0.98122966,0.001626481,0.060951218,0.9997203,0.042636998,0.95344985,0.079989694,0.0011231916,0.90449315,0.9976,0.006066779,0.9834055,0.99848324,0.002198736,0.005685219,0.97780997,0.27635413,0.0005345436,0.97245544,0.0026969202
0.7496301,0.040488347,0.014793793,0.1530512,0.9018698,0.9992318,0.892806,0.0007721426,0.1785117,0.9996772,0.662766,0.92853427,0.88533187,0.0007074488,0.6751456,0.93953174,0.023113547,0.9971457,0.9710084,0.052646,0.051523168,0.93261385,0.5907759,0.009213043,0.8713848,0.008250643
0.71431315,0.019083545,0.0057810326,0.13836055,0.5639523,0.9988281,0.94385463,0.0014852902,0.11290852,0.99959546,0.30457222,0.9533394,0.5307055,0.0014377821,0.7467576,0.9783795,0.014569505,0.9907961,0.9880598,0.014246145,0.022419898,0.93957275,0.4574876,0.004255395,0.8702236,0.0061284075
0.6191613,0.012734064,0.0035099268,0.14167452,0.21427032,0.99834144,0.9597134,0.0032935524,0.085662454,0.99907124,0.120128006,0.9486611,0.1882454,0.0031324364,0.78679776,0.9906035,0.012348673,0.97708833,0.99393374,0.0065676984,0.014835929,0.94356614,0.34246075,0.0024199018,0.89301324,0.005902454
0.62133425,0.0074317167,0.0013898542,0.13795732,0.131281,0.9993318,0.9757214,0.0018468825,0.067677274,0.9996062,0.06839504,0.9556254,0.11764003,0.0014892515,0.8595386,0.9960484,0.0074874805,0.982546,0.9974718,0.00314138,0.00797849,0.9674791,0.30403158,0.0009247485,0.94749886,0.0033663455
0.32918182,0.0018938396,0.00028346715,0.033044115,0.066940844,0.99984443,0.98249155,0.00024615257,0.041488934,0.99965847,0.054958906,0.9492522,0.036653712,0.00039278905,0.52771235,0.9993705,0.0014655741,0.9920928,0.9993692,0.00045629352,0.0026041993,0.9180045,0.16147237,5.2358857e-05,0.80138063,0.00030738622
0.79748785,0.03181499,0.008521152,0.15395501,0.9291949,0.99972457,0.9208548,0.00030354035,0.16425961,0.9999018,0.6820316,0.9375691,0.9227691,0.00022674484,0.7454507,0.95451736,0.016169386,0.9986821,0.9821342,0.041602895,0.038415536,0.9591729,0.62774724,0.0055125565,0.929641,0.005350019
0.6857665,0.023790354,0.00855086,0.11797657,0.7070698,0.9988004,0.9217541,0.0012078115,0.13273385,0.9994993,0.4367496,0.9455707,0.6570899,0.001339373,0.6460753,0.96843106,0.016099067,0.9934083,0.98193085,0.02117712,0.030281719,0.9150541,0.4819998,0.005100319,0.8067423,0.005886619
0.58533895,0.019140782,0.0078486595,0.09547676,0.47361803,0.997623,0.92351764,0.002379861,0.11382555,0.99863726,0.30349943,0.94050664,0.39195052,0.0032021254,0.55999386,0.97903115,0.014566799,0.98484933,0.9849052,0.012992264,0.025210613,0.8730902,0.3850849,0.003927417,0.7017901,0.005585657
0.20516871,0.00073282875,8.885602e-05,0.009399332,0.061529443,0.9999378,0.98298454,4.0529012e-05,0.032101203,0.99975055,0.06878096,0.9371058,0.022764025,0.00012198681,0.18203661,0.999806,0.00042060245,0.9958597,0.999694,0.00013316581,0.00094975857,0.80413836,0.09696514,6.026997e-06,0.4708825,4.1864965e-05
0.3802557,0.005422762,0.0015759831,0.037902005,0.17739055,0.99910897,0.95514154,0.0008433448,0.06459408,0.9987165,0.14716162,0.93987584,0.1024099,0.0016216781,0.3691773,0.9967565,0.003928195,0.986299,0.9966294,0.0020026173,0.007494344,0.83181375,0.21887024,0.00035869968,0.56998414,0.0009968161
0.7338371,0.029285468,0.010180881,0.1469922,0.76848185,0.99886453,0.91949135,0.0012429649,0.14406966,0.9995914,0.47877538,0.9424164,0.7420803,0.0011986216,0.7082523,0.9601674,0.019638706,0.9942128,0.9795996,0.028915687,0.03603862,0.9315499,0.5259057,0.0071052704,0.86058664,0.007734407
0.23928067,0.0010096561,0.00014478408,0.011253269,0.08376426,0.9999058,0.9796958,6.0875882e-05,0.03576414,0.99970573,0.08665184,0.9415358,0.033184208,0.00017571758,0.19524585,0.999673,0.0005896594,0.99533087,0.99951744,0.00021490843,0.001292863,0.8034025,0.115048,1.2092407e-05,0.46197715,6.605945e-05
0.4287056,0.003938167,0.0008594622,0.04619533,0.14041227,0.99958354,0.9721681,0.000560124,0.05528309,0.9995029,0.10149048,0.95596355,0.08803994,0.00084204995,0.5373822,0.9979196,0.0030594089,0.9897289,0.9980683,0.0013090321,0.005333126,0.9061609,0.22391441,0.00024296582,0.7512793,0.0008166404
0.44998,0.0071316557,0.0022263664,0.05056895,0.22767043,0.9989304,0.95289457,0.0010886422,0.072424725,0.9988951,0.16756159,0.94598264,0.14740889,0.0018386546,0.45124993,0.9949274,0.0053964807,0.9860074,0.99531734,0.003065755,0.009686231,0.8587696,0.26060042,0.0006699405,0.6342905,0.0015651255
0.7421415,0.0012714335,5.4166543e-05,0.13908078,0.02753096,0.9999697,0.9951421,0.00021415386,0.035255067,0.9999864,0.010444214,0.9615355,0.029292919,9.6477226e-05,0.980096,0.9997774,0.0013114535,0.9934995,0.9998578,0.00032771923,0.00074869476,0.99572444,0.2123367,2.8700217e-05,0.99771154,0.0004801153
0.755586,0.025602618,0.007802972,0.14314465,0.81365687,0.99934655,0.9287843,0.0007087367,0.13986476,0.9997863,0.5101599,0.94660425,0.79505736,0.00064035086,0.7314981,0.9656772,0.016105436,0.9963701,0.983707,0.026126102,0.031144155,0.94592035,0.54842377,0.0053600995,0.89011693,0.005951196
0.43584308,0.004693841,0.001277638,0.039176226,0.2313579,0.99941266,0.9626535,0.0005035655,0.06269831,0.9994235,0.1685183,0.95016706,0.14415678,0.0009367405,0.4151964,0.9968779,0.0034203772,0.9905607,0.99705124,0.0019465217,0.006318854,0.8652893,0.2490361,0.00033074024,0.6222435,0.0008237848
0.7374147,0.040569354,0.0153618725,0.15492198,0.86366385,0.9988926,0.89446926,0.0011536644,0.17220733,0.9995436,0.60506624,0.9303741,0.84302634,0.0010905998,0.6771851,0.9405781,0.024761444,0.99575424,0.9704845,0.04823293,0.051173683,0.9261528,0.5694216,0.010149307,0.857094,0.009445703
0.71207553,0.0018647282,0.000101209625,0.1452873,0.031417146,0.9999423,0.9932181,0.0004123814,0.04003899,0.99996793,0.012420409,0.95733637,0.032251373,0.00019480608,0.97370064,0.9996296,0.0019246205,0.99123585,0.9997545,0.00051879307,0.001200444,0.9940063,0.21392345,5.57367e-05,0.99643373,0.00075784157
0.7666545,0.037231676,0.012137716,0.1593795,0.8919003,0.9993525,0.90645695,0.0007056157,0.16966909,0.9997551,0.63032377,0.93384343,0.8800077,0.0005964817,0.71652955,0.9460662,0.021222863,0.9972626,0.9756715,0.045219153,0.04599384,0.9431987,0.5925156,0.008210855,0.8956948,0.007795197
0.43530446,0.009850507,0.003833414,0.046351768,0.3127511,0.9981488,0.93018156,0.0013757718,0.08623771,0.9980452,0.24370211,0.93021077,0.20098951,0.002747656,0.34548643,0.99193645,0.0070454376,0.984295,0.9922881,0.0050756405,0.013134504,0.7962386,0.27327442,0.0010211918,0.50591415,0.0019454539
0.2879346,0.0013119909,0.00019981885,0.017355308,0.08552077,0.9998869,0.98095715,0.0001021173,0.03822776,0.99972945,0.078389704,0.9516928,0.03868253,0.00022817467,0.31151184,0.9995351,0.0008575855,0.9946667,0.9994141,0.00029883895,0.0017894888,0.86162937,0.13753265,2.4310091e-05,0.60429657,0.00012700791
0.7697139,0.038227513,0.012687121,0.15115072,0.9340683,0.99956435,0.89945173,0.00043378715,0.17987396,0.9998185,0.71707386,0.92952955,0.92254025,0.0003675706,0.68556136,0.9412183,0.020278625,0.99834096,0.9741843,0.055849914,0.049010646,0.94433,0.62276876,0.0076307044,0.89650124,0.0065958393
0.6342341,0.0060549728,0.0009482354,0.1426277,0.10483035,0.9995435,0.98035836,0.0015077486,0.062006578,0.9997273,0.052184056,0.9565989,0.09599453,0.0011116079,0.89171034,0.9972398,0.006237407,0.984136,0.99825865,0.002411294,0.0061222767,0.97557414,0.29073536,0.0006266103,0.9655979,0.002788421
0.63100564,0.0056101135,0.0007533033,0.15393573,0.07657668,0.99960476,0.98230654,0.0017213549,0.06010339,0.9997285,0.036958244,0.9506401,0.07153534,0.0011278393,0.9188332,0.9978738,0.0059651304,0.9828876,0.9986719,0.002112403,0.0052389014,0.9805792,0.27281556,0.00048612797,0.9786354,0.0027295114
0.7122305,0.050134894,0.022248667,0.15722293,0.87452424,0.9983475,0.869098,0.0016277684,0.1896504,0.99920565,0.6426827,0.9173835,0.8497673,0.0016425186,0.6306613,0.92475367,0.031062836,0.99484503,0.96009344,0.06416758,0.06507283,0.90732116,0.5679747,0.013843246,0.8224934,0.0120416675
0.3967691,0.006238873,0.0019852624,0.039561894,0.21705405,0.9989262,0.9500413,0.0008977632,0.06971799,0.9986469,0.17525123,0.9375446,0.12886539,0.0017825748,0.35837922,0.99584925,0.0045600105,0.9862343,0.9958544,0.0025610696,0.008546702,0.8231304,0.2370566,0.00047038618,0.5475087,0.0011611395
0.71200466,0.005939875,0.0007244158,0.17113303,0.094422214,0.999616,0.98308337,0.0014793264,0.061630968,0.9998267,0.0421076,0.9548349,0.0972373,0.0008951136,0.9362828,0.99758923,0.0060104374,0.9842301,0.9985892,0.0024298585,0.0048643537,0.9838308,0.29598913,0.00054891175,0.98359156,0.0030531338
0.7110166,0.02206808,0.0073146475,0.13885003,0.6153748,0.99866533,0.93593,0.0015860678,0.12272333,0.9995316,0.34920114,0.9500004,0.58037394,0.0015666988,0.7250483,0.97304124,0.016509593,0.9911383,0.9852131,0.017958615,0.026834497,0.9321753,0.47320077,0.0052684485,0.85540205,0.0068868026
0.5887295,0.00049380714,1.4962519e-05,0.09222243,0.007800857,0.9999931,0.997224,9.1585214e-05,0.025371535,0.99999094,0.0033478676,0.9633871,0.006802942,4.3478667e-05,0.9801319,0.9999585,0.0005094359,0.9954294,0.9999629,7.247088e-05,0.00029593115,0.99676716,0.12829474,4.428019e-06,0.99829584,0.00012769779
0.64245486,0.003050811,0.0002688863,0.14217971,0.045115877,0.99986255,0.989312,0.00080423075,0.048080213,0.99990094,0.020165378,0.95431083,0.04264132,0.00046584322,0.9493715,0.9992028,0.0032225135,0.98802197,0.99947613,0.000935708,0.0024878772,0.9888552,0.23377,0.00014984784,0.9904868,0.0013221671
0.6292006,0.052282017,0.02934735,0.15349685,0.6788833,0.9932595,0.8596254,0.0064657014,0.17530149,0.99633646,0.468175,0.90709424,0.624729,0.007920649,0.5746175,0.92963994,0.040040564,0.9792681,0.95563674,0.051617716,0.0683555,0.850617,0.48312557,0.018607395,0.70994806,0.019287119
0.7911483,0.05687118,0.018608674,0.18941855,0.97168285,0.9997458,0.8955622,0.00028654464,0.20750502,0.9998503,0.8400992,0.88632584,0.967901,0.00019288222,0.70523256,0.9270022,0.024333704,0.999151,0.9744897,0.111498065,0.06752906,0.9569229,0.71411663,0.010561855,0.94287276,0.008384591
0.8184482,0.024949329,0.0054006795,0.14493693,0.944084,0.9998777,0.9385388,0.00013319108,0.1532723,0.9999602,0.69877684,0.94173306,0.9401569,9.0463e-05,0.77433544,0.9654476,0.011765518,0.99928707,0.9882846,0.03418625,0.029289352,0.9698176,0.65247804,0.003297855,0.9523189,0.003473685
0.6776012,0.0011493553,4.9390892e-05,0.12487136,0.019542972,0.99997413,0.9951989,0.00023228384,0.033551596,0.9999814,0.0077757007,0.9609212,0.019082831,0.00010857869,0.9768127,0.9998294,0.001183473,0.99319047,0.99987376,0.0002589093,0.000724088,0.9953507,0.1800287,2.2527456e-05,0.9973502,0.000399547
0.6998304,0.05516196,0.026013896,0.15831734,0.8680148,0.99786735,0.85714453,0.0020507914,0.1967106,0.9989219,0.64269304,0.9113522,0.8404091,0.0021587312,0.6127886,0.91853225,0.03448901,0.9938114,0.9551166,0.069826774,0.07114307,0.8963613,0.5621655,0.015928134,0.80351996,0.013813639
0.640576,0.0033537515,0.0003088641,0.1436585,0.047979552,0.9998405,0.98846054,0.00091679924,0.04948776,0.99988306,0.021535238,0.95392084,0.04534486,0.00053482334,0.94606894,0.99907935,0.0035217428,0.9873467,0.99939394,0.0010528639,0.0027701592,0.98793447,0.23627485,0.0001765304,0.9893745,0.0014629157
0.6416776,0.05326017,0.029482152,0.1593614,0.68812215,0.9936783,0.8609932,0.0062917946,0.17862652,0.9967092,0.47282907,0.9089485,0.6388424,0.0074500726,0.59320945,0.9275525,0.040469564,0.9803125,0.9547614,0.052742433,0.06942644,0.8569483,0.48814166,0.019390753,0.72634465,0.019624364
0.5763895,0.021571223,0.009592775,0.09623435,0.48574027,0.99697554,0.91452026,0.0028744761,0.11945416,0.9981862,0.3200523,0.935218,0.39842018,0.0040196558,0.53535753,0.9755923,0.016708925,0.9829743,0.98245203,0.015404072,0.028756244,0.8591403,0.3893862,0.0047320775,0.675023,0.0065072346
0.6572002,0.004043921,0.00042278768,0.15108816,0.061514575,0.9997837,0.98688394,0.0010553765,0.05310214,0.99986434,0.027935524,0.9545593,0.059356,0.00063495664,0.9402809,0.99871457,0.004239674,0.98642063,0.9991912,0.0013950027,0.003459323,0.9862639,0.2571955,0.00026367715,0.9869255,0.0018728996
0.6676615,0.018427432,0.0061755064,0.11770659,0.54068035,0.9986344,0.9385622,0.0015735668,0.11281605,0.9994305,0.308905,0.9513994,0.48757485,0.0017225188,0.6803965,0.978638,0.013841234,0.98999107,0.9870591,0.013337522,0.02292075,0.9202073,0.43174985,0.0038997151,0.8162567,0.005447192
0.48411745,0.008171897,0.0024781525,0.06782304,0.21436164,0.9988152,0.9562254,0.0014896372,0.07459808,0.998938,0.14769222,0.94798195,0.15074117,0.0021390743,0.5564244,0.9942339,0.006697271,0.98383796,0.99517894,0.0035892937,0.011088311,0.8910619,0.28055847,0.00094663136,0.7274845,0.0022664475
0.7735708,0.025658656,0.007165749,0.1464942,0.83405685,0.99948895,0.93110126,0.0005736579,0.14215149,0.99983823,0.52516997,0.9474921,0.8211743,0.00048760936,0.75141406,0.9654011,0.015412826,0.9970606,0.9842853,0.02634674,0.030266382,0.95165914,0.55820817,0.005011806,0.90669364,0.0055490113
0.76727057,0.043761235,0.015904937,0.15962969,0.94647884,0.99951684,0.89076847,0.00046093948,0.1889182,0.9997826,0.7548858,0.9207978,0.935737,0.000393975,0.67022616,0.9315103,0.023527287,0.99840385,0.97073823,0.07343675,0.057001065,0.942026,0.64392537,0.009403364,0.8956731,0.00760903
0.7067247,0.02544576,0.009284303,0.11458717,0.8321507,0.9992418,0.91277295,0.00067040644,0.14520378,0.99968004,0.5639128,0.94104946,0.7919487,0.0007498904,0.6229645,0.9631376,0.01581008,0.99644804,0.9801555,0.028373618,0.03289101,0.9201705,0.52682364,0.004970318,0.81955874,0.0049806084
0.36151105,0.0037596086,0.0009574563,0.028722491,0.16625232,0.99947387,0.96211517,0.00044812847,0.056619383,0.999175,0.14018363,0.9443127,0.08912842,0.0009466458,0.32557425,0.9979158,0.0025687586,0.9899284,0.9976858,0.0012671992,0.005070721,0.82778215,0.19740792,0.00017969495,0.5405266,0.000542048
0.7215339,0.032772515,0.012326611,0.15773718,0.7286375,0.9982716,0.914638,0.0019477209,0.14653133,0.9993617,0.44936353,0.93803346,0.7027637,0.0019063688,0.70904344,0.9565904,0.02317648,0.9916746,0.97735924,0.03135288,0.04030127,0.9254331,0.5179668,0.009023549,0.8511248,0.010080142
0.76253194,0.05846459,0.023146797,0.18269089,0.9486595,0.9992889,0.8739361,0.00073194545,0.20636353,0.99964845,0.7711653,0.90612537,0.9401713,0.00059634075,0.6737185,0.9119913,0.031139283,0.9979831,0.9629452,0.09837744,0.07546796,0.938402,0.65894747,0.014670285,0.8973691,0.011519432
0.7975932,0.036946334,0.01048726,0.16037165,0.94899637,0.9997423,0.9142519,0.0002780869,0.17568527,0.99989784,0.73991615,0.9291147,0.94294095,0.00020138842,0.7299872,0.94588417,0.018043127,0.99891734,0.97991335,0.056656376,0.04543278,0.95861745,0.6593268,0.006547197,0.93234485,0.0058798394
0.70295817,0.002383162,0.0001553693,0.14757654,0.0398418,0.99991536,0.99174565,0.00053412694,0.043708943,0.99995387,0.01628289,0.9574536,0.040934514,0.0002671115,0.966714,0.9994491,0.0024462838,0.9901772,0.9996437,0.0007078447,0.0016620085,0.9924654,0.22895132,9.111143e-05,0.99478346,0.0010127143
0.71712697,0.030658657,0.011331754,0.15051444,0.7175967,0.99837923,0.91739684,0.0018186684,0.14276119,0.999393,0.43885288,0.94075185,0.6870036,0.0018081306,0.70247746,0.9593645,0.021711208,0.9918349,0.9784707,0.028776212,0.037819333,0.924302,0.50998455,0.008151945,0.84554243,0.009167041
0.5403242,0.007099719,0.0014510502,0.12705307,0.101094626,0.99923325,0.9739958,0.0023233867,0.06655495,0.99927753,0.05867262,0.94395417,0.08287722,0.0020251607,0.8327437,0.9965617,0.0075704064,0.97942173,0.9977482,0.002883017,0.008328906,0.96080613,0.27735958,0.00078079256,0.93965524,0.0031972604
0.5482474,0.025296917,0.012541484,0.08594572,0.54455084,0.9962088,0.89084387,0.003039423,0.13199,0.9973502,0.3821724,0.92142856,0.44033268,0.0048211985,0.4527802,0.9707352,0.01830287,0.9828283,0.9775095,0.019514045,0.033186343,0.81848073,0.38631728,0.0052324114,0.59674746,0.006680461
0.45004526,0.0017745475,0.00024802875,0.052562445,0.08277965,0.99988806,0.9878318,0.0001880759,0.044174675,0.9999062,0.056454282,0.958783,0.05773496,0.00023071801,0.73725003,0.99938893,0.0016485355,0.993327,0.999516,0.00047753923,0.0021791125,0.96198875,0.22867167,6.930393e-05,0.911776,0.0003870396
0.78266937,0.06537882,0.0227712,0.19787765,0.96533227,0.99959046,0.8819356,0.00048429964,0.21265522,0.9997615,0.82222635,0.8879204,0.9611085,0.00033290943,0.70160896,0.91455895,0.029196335,0.9987632,0.96864164,0.11535345,0.077818066,0.9514954,0.69997126,0.014063243,0.93292063,0.011138655
0.70932615,0.1503348,0.084718436,0.25870898,0.96405476,0.9979918,0.79101855,0.0025715637,0.27473196,0.9979652,0.8619338,0.7893695,0.96003133,0.001958541,0.619476,0.8290804,0.07541538,0.9965918,0.9202773,0.28138572,0.18453138,0.91485554,0.7055547,0.05678086,0.89291805,0.03636701
0.54565024,0.0044703954,0.00072216295,0.1037394,0.0902627,0.999665,0.98155713,0.000984001,0.05568333,0.9997131,0.0509289,0.9578201,0.07199778,0.00086662767,0.83890504,0.9980836,0.004563618,0.986791,0.99865204,0.001556697,0.0051757954,0.9681948,0.25443467,0.0003561404,0.9463977,0.0016488165
0.7612275,0.02942143,0.009242068,0.13889453,0.88785267,0.9995122,0.9157568,0.00049601373,0.15642811,0.99981934,0.6191377,0.94130754,0.8704327,0.00044502405,0.6988155,0.9568407,0.01680735,0.99770266,0.9798218,0.035465185,0.036996868,0.9435627,0.57850695,0.0057277917,0.8866414,0.0055373595
0.7002018,0.039174654,0.016603965,0.14927301,0.7725126,0.99791354,0.894051,0.0021565342,0.16238223,0.9991032,0.51182944,0.9303098,0.7374486,0.0022715381,0.65223527,0.9448317,0.026731262,0.99177366,0.9697016,0.04075478,0.049817502,0.9060703,0.5228121,0.011081076,0.81069285,0.011106181
0.46011502,0.006764617,0.0019995503,0.05220518,0.2193013,0.9990701,0.95664823,0.0010097177,0.07067036,0.99908614,0.15747686,0.95029604,0.14366716,0.0016137495,0.48226443,0.9952786,0.005159753,0.98682237,0.99568766,0.0028264339,0.009190862,0.8730334,0.2612021,0.00063261786,0.66615045,0.0015245404
0.49470168,0.017913552,0.008324918,0.06639847,0.43045628,0.996705,0.90505195,0.0025536742,0.11255065,0.9972114,0.31644166,0.9237127,0.31482458,0.0044995244,0.39769855,0.9818897,0.013017156,0.98136985,0.984512,0.011616645,0.023619846,0.79825264,0.333163,0.0028753553,0.5401922,0.0043238625
0.24925618,0.00046917837,2.9473384e-05,0.038134594,0.008327402,0.9999838,0.9949243,7.226282e-05,0.028884675,0.9999174,0.008622755,0.9139395,0.0048901485,8.278204e-05,0.82489216,0.9999627,0.0004490885,0.9941705,0.99995947,6.0877566e-05,0.000456252,0.9791559,0.10210213,3.289549e-06,0.9765381,7.1400966e-05
0.66986877,0.042409763,0.020097652,0.15088232,0.7077568,0.99646485,0.8852177,0.003644094,0.16385347,0.99835026,0.46780896,0.9242514,0.6631255,0.0040903147,0.62798476,0.9423017,0.030904315,0.98674333,0.96582276,0.04133896,0.05448834,0.88569856,0.4955321,0.013429752,0.77111703,0.013931905
0.67196363,0.00081150123,2.8234022e-05,0.11641368,0.013747919,0.9999851,0.9962341,0.00016125616,0.02971793,0.9999881,0.0053159706,0.9621144,0.013136815,7.1129805e-05,0.98135674,0.99990225,0.00084004685,0.9942334,0.99992275,0.00016063095,0.00047612947,0.9963915,0.15858085,1.1465672e-05,0.9981817,0.00025829906
0.75837964,0.048793405,0.01807716,0.17353229,0.9036702,0.9990544,0.88627255,0.0010404103,0.18798225,0.999602,0.66744035,0.92232645,0.89213663,0.00088049006,0.6984984,0.9288789,0.02795709,0.9966953,0.9671165,0.0632362,0.060935833,0.93448716,0.60494703,0.012343428,0.8849952,0.010963118
0.68097067,0.0056319498,0.0006956394,0.16362344,0.08498449,0.99962854,0.9832303,0.0015157091,0.060279526,0.9998091,0.03870707,0.9532458,0.08516026,0.0009281858,0.9325213,0.99781704,0.0058015995,0.9839066,0.99868983,0.0021952644,0.0048652673,0.9832949,0.28605345,0.00049570575,0.98290116,0.0028492443
0.33913338,0.0020276804,0.00037578272,0.022134999,0.123207696,0.9998041,0.9758447,0.00017661777,0.044536572,0.99966097,0.10349988,0.9547858,0.061822172,0.0003712849,0.33990902,0.9991053,0.0013342802,0.9936341,0.9989483,0.00055109675,0.0027205595,0.86206686,0.16914983,6.011887e-05,0.59798366,0.00023543218
0.7059614,0.0018158192,9.8245444e-05,0.14351718,0.0302379,0.9999449,0.99331635,0.00040212838,0.039615348,0.9999682,0.012031558,0.95767635,0.030732736,0.00019172247,0.9732944,0.9996486,0.0018728006,0.9913317,0.99976295,0.0004977294,0.0011746365,0.9940339,0.21065061,5.3394448e-05,0.9963982,0.0007284935
0.6152606,0.0071171117,0.0012215961,0.14399548,0.10971584,0.99938226,0.9772042,0.0019950913,0.066057384,0.99960405,0.05642603,0.95302457,0.09969026,0.001499016,0.87836444,0.9965642,0.007342263,0.9816838,0.9978136,0.0029056738,0.0074364315,0.9711401,0.29290465,0.0008126969,0.95862114,0.0033373465
0.50123286,0.0030448604,0.00043169816,0.07636055,0.0826356,0.9998056,0.9848247,0.0005014529,0.048864506,0.999818,0.04876862,0.96154124,0.060978375,0.00049375085,0.8036922,0.9988286,0.0028666938,0.99029255,0.9991173,0.0009047213,0.0036172608,0.966734,0.23346847,0.00017350029,0.9355163,0.0008890328
0.61208963,0.027898977,0.01294258,0.099672645,0.68549,0.9976291,0.89257467,0.001972348,0.14241529,0.9986399,0.4646568,0.9275025,0.6049115,0.0027469532,0.51590896,0.96364677,0.019136595,0.98993903,0.975446,0.025675204,0.036511324,0.8603067,0.44476426,0.0060675787,0.6846811,0.006769398
0.6634004,0.010635664,0.0021187256,0.17789733,0.13754228,0.99885714,0.9712286,0.0035100505,0.07758389,0.9993943,0.069016814,0.94651204,0.13228612,0.002535356,0.88986754,0.9941083,0.011220427,0.9758875,0.9965358,0.0050887805,0.010461596,0.9694611,0.32665044,0.001666987,0.960454,0.006062468
0.6646092,0.0009790214,3.9405408e-05,0.11878613,0.016643558,0.9999796,0.99567944,0.00019472567,0.031883772,0.99998415,0.00666552,0.9612023,0.015934825,9.142248e-05,0.9777981,0.9998691,0.001011674,0.99368685,0.9999001,0.00020438626,0.00060832605,0.99571264,0.17070197,1.666289e-05,0.9976095,0.00032427846
0.5776386,0.004921053,0.0007786768,0.11813648,0.09324745,0.999635,0.98155355,0.0011413492,0.057592023,0.9997273,0.049966287,0.9573567,0.078779936,0.00093491405,0.86446226,0.99787354,0.0050664647,0.98592293,0.9985745,0.0017873275,0.0054069716,0.9720587,0.2681955,0.00042991035,0.95629823,0.0019807704
0.7112838,0.006495168,0.0008247442,0.17699245,0.0957535,0.99954826,0.98198664,0.0017404251,0.06373131,0.99979347,0.043120224,0.9523011,0.098604165,0.0010573545,0.9358815,0.9973441,0.006595189,0.98285735,0.998451,0.0027105927,0.0052932533,0.98317736,0.29925817,0.0006338484,0.9833208,0.0034702865
0.7741681,0.014100668,0.002979453,0.1512552,0.52087474,0.9994165,0.9624102,0.000865557,0.10038586,0.9998503,0.24422759,0.9600008,0.52132034,0.000674952,0.84176785,0.98652333,0.01048032,0.9932596,0.9932862,0.009538893,0.013955585,0.9658142,0.45712912,0.0024637382,0.938255,0.0046189567
0.6456806,0.014117561,0.0041983565,0.12565358,0.33149576,0.9985135,0.9537106,0.0022295762,0.09442949,0.99932635,0.18346034,0.95467585,0.2919238,0.0022670857,0.7405343,0.98719436,0.012199171,0.98388714,0.9917173,0.008140283,0.016948733,0.9335809,0.37482068,0.0028504827,0.8548888,0.0053806365
0.6405871,0.009933155,0.0021712831,0.15006903,0.1656972,0.9989531,0.96967447,0.0025796916,0.076722614,0.9994473,0.08671802,0.9529059,0.15146887,0.0021454478,0.8468865,0.993838,0.009993355,0.9795862,0.9961333,0.0047180667,0.010718297,0.96143985,0.32726437,0.0015768319,0.9360958,0.004806444
0.7299822,0.11321228,0.06070152,0.23585528,0.95820624,0.9982607,0.8230746,0.0019661188,0.25011602,0.99869484,0.83153385,0.83882195,0.95254666,0.0015672515,0.6384839,0.8517525,0.060631845,0.996732,0.93528116,0.21864663,0.14391953,0.920299,0.69675946,0.041174747,0.8904184,0.027657507
0.60530514,0.008017965,0.0018069175,0.11424702,0.18502806,0.9992176,0.9704484,0.0015548563,0.071544066,0.9995541,0.10159064,0.9584628,0.1558663,0.0015109766,0.7875893,0.9948211,0.0074747917,0.98451275,0.9964902,0.0035848133,0.009355969,0.95272964,0.31578496,0.0010956482,0.90197504,0.003086769
0.81743515,0.030011768,0.0070987367,0.15288678,0.95712334,0.9998702,0.93033075,0.00014118338,0.16586047,0.99995184,0.75055736,0.9324992,0.953038,9.4188195e-05,0.75789803,0.95809245,0.013547573,0.99934083,0.98595816,0.04661823,0.0354558,0.9678832,0.67452866,0.004187884,0.95148504,0.0040567494
0.5960244,0.020741733,0.008357718,0.120558456,0.38105953,0.9967899,0.9296651,0.0039727567,0.11182845,0.9982243,0.2380667,0.93997556,0.32270005,0.0047712494,0.63962036,0.97895,0.017728118,0.9774964,0.98548996,0.013295345,0.026996251,0.89194226,0.38127297,0.00508049,0.76191556,0.008041316
0.5855551,0.026353793,0.01212057,0.12054606,0.4398383,0.9955277,0.9114641,0.004951795,0.12584104,0.99738246,0.28679165,0.9308034,0.37255788,0.006327345,0.5910659,0.9708519,0.021883706,0.97557324,0.9796801,0.01854165,0.034856472,0.8667023,0.39494184,0.007076861,0.71279573,0.009956248
0.6564035,0.0044592577,0.00047870728,0.15607806,0.0614139,0.9997433,0.9857205,0.0013152863,0.05527144,0.99983406,0.027700918,0.9515946,0.05928544,0.00077943073,0.94059753,0.99855953,0.0047075767,0.98500943,0.9990951,0.0015721972,0.0037474849,0.9857832,0.25809202,0.00030472368,0.98693776,0.002136209
0.7145708,0.044283405,0.021282254,0.1516493,0.9225282,0.998911,0.8794088,0.0008282649,0.18360166,0.99946564,0.72622716,0.90768504,0.9023717,0.00091690104,0.59726644,0.9273014,0.029406354,0.99704605,0.9665358,0.08282331,0.06137607,0.9141142,0.61600834,0.011497641,0.83765775,0.009255565
0.776753,0.036797706,0.011453254,0.15663882,0.924542,0.99956733,0.90772814,0.00045591267,0.17349553,0.9998332,0.6868782,0.93254244,0.91499746,0.00036692378,0.71347356,0.94540524,0.019640505,0.9982175,0.9768859,0.049760435,0.0464297,0.9493722,0.6210585,0.0073418776,0.9084235,0.006737362
0.69962454,0.022546528,0.0077036764,0.13004556,0.64134127,0.99868745,0.9309628,0.0014729277,0.12507465,0.9995011,0.37363198,0.9487878,0.59837765,0.0015381514,0.6941507,0.97192377,0.016279263,0.9917653,0.98410255,0.018629143,0.027657636,0.9253102,0.47124046,0.0051777177,0.8348339,0.006469139
0.82233816,0.018301692,0.003449748,0.13788421,0.9021687,0.9998807,0.9520361,0.00013601869,0.13231172,0.9999683,0.58352166,0.95213324,0.90096563,9.388742e-05,0.8106365,0.9770408,0.009316956,0.9990872,0.99185246,0.019870454,0.020259956,0.9737127,0.6099973,0.0022222192,0.9572071,0.0028304576
0.5424454,0.0266335,0.01335648,0.103255995,0.4324064,0.9945978,0.8993474,0.0052385186,0.12861338,0.9963081,0.30228138,0.9224508,0.34894118,0.007522288,0.51260257,0.9708407,0.021572059,0.97333205,0.9779977,0.018526768,0.035988092,0.8307455,0.37549332,0.0066093793,0.63534194,0.009287083
0.43616065,0.0064032692,0.001842705,0.052165464,0.190802,0.9990614,0.9584093,0.0010677481,0.067902565,0.9989631,0.14120105,0.9462968,0.12348217,0.0017262108,0.48271978,0.9958941,0.0049713207,0.98565304,0.99624485,0.0025468173,0.008807316,0.8737752,0.2504508,0.00056206074,0.6752213,0.001473945
0.6774699,0.00073686655,2.4320896e-05,0.11399766,0.013139325,0.999987,0.99650383,0.0001414688,0.02877076,0.99998987,0.005021662,0.96290666,0.012582502,6.175198e-05,0.98234934,0.99991417,0.0007630716,0.99458164,0.99993205,0.00014245386,0.0004229594,0.9966401,0.15703326,9.6776475e-06,0.9983387,0.00022924755
0.7806226,0.014462586,0.0030393186,0.14761947,0.5971631,0.99953306,0.9608484,0.00065403647,0.1032303,0.99987817,0.28458005,0.9598271,0.59291023,0.0005212305,0.8325191,0.98523396,0.010286927,0.99494356,0.9930188,0.010491343,0.014607081,0.96628356,0.4787757,0.002430389,0.937643,0.0041904156
0.66164094,0.08534568,0.051874705,0.19005448,0.822399,0.9930958,0.8102883,0.006813744,0.22633424,0.99601525,0.6162922,0.8811569,0.79035354,0.0075219963,0.5850441,0.8797527,0.059391785,0.9846656,0.92643625,0.1039457,0.109034814,0.8524089,0.54434335,0.034338374,0.74624985,0.029199006
0.76118684,0.04981847,0.018391171,0.17293316,0.9179477,0.9991773,0.88387644,0.00089491665,0.19202943,0.9996412,0.6944358,0.9202836,0.90702224,0.00074820546,0.6925527,0.92675376,0.027642937,0.997203,0.96644706,0.06801515,0.062398598,0.93596625,0.61490303,0.012189436,0.8882267,0.01051148
0.63334525,0.0109751765,0.0023694593,0.16785452,0.14110282,0.9987363,0.96893275,0.0036805456,0.07840026,0.9992481,0.07427004,0.9458968,0.13162075,0.0028236879,0.86744213,0.99368286,0.011475902,0.97514194,0.9961521,0.00521093,0.011559554,0.9637565,0.32293642,0.0017729205,0.9485091,0.0059623434
0.29121494,0.0041138227,0.0013502197,0.020680025,0.21078193,0.9989687,0.94142836,0.00041078747,0.06254712,0.9979488,0.214783,0.8914708,0.103476346,0.0013985524,0.15691698,0.99772185,0.002760094,0.9876638,0.9971275,0.0017550279,0.0050991434,0.6829518,0.18233408,0.00014996433,0.31351897,0.0004136841
0.7394369,0.072066575,0.032991774,0.1948783,0.93003803,0.9984952,0.85035485,0.0015874268,0.2197002,0.9992244,0.74194956,0.8968025,0.91888833,0.0013597511,0.6564362,0.8928535,0.041409403,0.99622524,0.94925165,0.11125183,0.093802676,0.92020476,0.63444287,0.022139784,0.8681484,0.017253269
0.67961,0.0018115704,0.00010577195,0.13570002,0.030302232,0.99994445,0.9931774,0.00040001978,0.03961933,0.9999641,0.012497866,0.95852816,0.029908624,0.00020194643,0.9686508,0.999647,0.001877613,0.9913345,0.99975747,0.00048192596,0.0012536162,0.9934035,0.20958649,5.5005916e-05,0.9955563,0.0007090285
0.7138986,0.09877969,0.05399723,0.21608739,0.92916936,0.9972012,0.8080265,0.002926893,0.24833526,0.9983126,0.7613745,0.8701892,0.91705644,0.0026552102,0.62491435,0.8581061,0.059014805,0.9944646,0.9268908,0.15451458,0.12714702,0.8997255,0.6316619,0.036056098,0.8406331,0.026751474
0.69873375,0.03601988,0.015310077,0.13032773,0.85452455,0.99875057,0.88832164,0.001091002,0.16606872,0.99941313,0.6088783,0.92720336,0.81920743,0.0012269036,0.6039858,0.9467158,0.022743756,0.99549854,0.97096246,0.04460469,0.04700942,0.9073739,0.54371977,0.00838732,0.8047639,0.007813449
0.6779013,0.0013636162,6.669973e-05,0.12834959,0.02363542,0.9999654,0.9945104,0.0002808245,0.03583671,0.9999765,0.009586417,0.96001893,0.023293963,0.00013526298,0.97364974,0.99977297,0.0014119316,0.9925889,0.9998387,0.0003270083,0.00090229226,0.9946408,0.1930401,3.187828e-05,0.9967057,0.0004967781
0.5425313,0.0005949422,2.6615558e-05,0.0878677,0.012460979,0.99998903,0.9966698,8.698163e-05,0.0301775,0.9999883,0.0063990084,0.958652,0.010688831,5.277674e-05,0.967036,0.99993646,0.00066031434,0.9952426,0.9999511,9.442597e-05,0.00042460137,0.99497765,0.15999722,7.4841737e-06,0.99645644,0.00015953332
0.7017762,0.01523674,0.0041967,0.1430072,0.3961632,0.9987539,0.95539063,0.0018921765,0.09831709,0.999548,0.20377369,0.9563594,0.36928245,0.001759621,0.7852369,0.9853808,0.012865328,0.9867841,0.99147695,0.009657982,0.017000413,0.9465792,0.40937695,0.0032343026,0.8905349,0.005809686
0.6063036,0.0072309114,0.0013561202,0.13594118,0.12259082,0.999331,0.9758414,0.001909635,0.06680195,0.99957365,0.06481946,0.9534687,0.10820735,0.0015699675,0.85698867,0.9962863,0.0073579117,0.982054,0.9976139,0.002989652,0.007823825,0.9671277,0.29859626,0.0008705209,0.9474268,0.0032706219
0.6546451,0.018156294,0.0060694655,0.13155329,0.41493687,0.9980913,0.94313556,0.00257271,0.106440425,0.99916184,0.2337393,0.94984937,0.37127966,0.0027153366,0.71536815,0.981296,0.0151628805,0.9840534,0.9883852,0.011879074,0.022135295,0.9236611,0.40488485,0.0042028804,0.83362126,0.006755882
0.676885,0.0035483541,0.0003149438,0.14989829,0.055724777,0.9998355,0.98839116,0.00087543443,0.050247863,0.9999027,0.024280801,0.9567071,0.055406354,0.0004905473,0.9496831,0.9989542,0.0036441807,0.98769313,0.9993362,0.0011757078,0.0028235805,0.9885316,0.24992926,0.00019967144,0.9899637,0.0015969231
0.4154062,0.011536433,0.0046180733,0.058745123,0.23660289,0.9972594,0.93030936,0.0026047323,0.08740999,0.9966376,0.19218268,0.9220305,0.15462515,0.004679157,0.39898032,0.99133974,0.009071576,0.9757563,0.9919749,0.0055016507,0.016050754,0.8069809,0.26809397,0.0013851289,0.55964667,0.002972441
0.60068035,0.023686754,0.010214327,0.10772803,0.5216989,0.9971226,0.91437364,0.0028824743,0.1250136,0.9984346,0.3344451,0.9357801,0.44764024,0.00374025,0.57342494,0.9724831,0.017920349,0.9841111,0.9810275,0.017406842,0.031097608,0.872706,0.40922347,0.0054959636,0.71170175,0.0072869216
0.48775327,0.008909509,0.0029363586,0.06021645,0.26885006,0.99871016,0.9488667,0.0013405106,0.079839006,0.99890304,0.18761763,0.9478958,0.18586694,0.0020960753,0.4923771,0.99301845,0.006836645,0.98544204,0.99392056,0.0041993116,0.012016976,0.8686055,0.28818887,0.0010448875,0.66055524,0.0021838353
0.66849,0.016207084,0.00481842,0.14769758,0.32579178,0.9981834,0.95273435,0.0029636782,0.098319024,0.99922955,0.17561293,0.9512012,0.298243,0.002822218,0.7766536,0.98538846,0.014556598,0.9809653,0.9910386,0.009703683,0.018566605,0.9395062,0.3874151,0.0036653243,0.8797421,0.0070023364
0.7182458,0.049163435,0.021470316,0.16662304,0.83940053,0.9979977,0.8786155,0.002076652,0.18201025,0.9991248,0.58909386,0.9208597,0.81575584,0.0020442642,0.6607683,0.92890835,0.03192541,0.9932939,0.962733,0.057589598,0.06270364,0.9105394,0.55868745,0.014600664,0.83160704,0.013506985
0.16371168,0.0005450347,4.921702e-05,0.012354566,0.023059124,0.9999622,0.9889388,4.4224817e-05,0.028056093,0.9997373,0.028809711,0.91859746,0.009146897,0.00010641628,0.31078187,0.9999126,0.00035405083,0.99513984,0.99987686,7.766243e-05,0.0007474387,0.8775234,0.081177056,3.0427075e-06,0.7164685,4.1020034e-05
0.56771755,0.01815242,0.0069977823,0.11805156,0.30460626,0.9968317,0.9361585,0.0043358123,0.10289312,0.9979528,0.19444975,0.938022,0.25184336,0.005207673,0.64485335,0.98337156,0.016068881,0.9740345,0.98823696,0.010579565,0.023727158,0.89342874,0.35564744,0.004050647,0.7700211,0.007286714
0.79400957,0.026698548,0.0068765967,0.14458998,0.90811235,0.9997271,0.92921424,0.0002981136,0.15147674,0.9999095,0.63071066,0.9448014,0.89966685,0.00023150425,0.7499486,0.9623377,0.01414493,0.9985208,0.98457843,0.032076743,0.03203265,0.9592216,0.60422903,0.0044742594,0.92545015,0.004579058
0.20770536,0.00074501126,9.406487e-05,0.00855799,0.07063399,0.9999341,0.98153865,3.767494e-05,0.032513756,0.9997485,0.07910281,0.9377386,0.025400475,0.000121662364,0.15607134,0.9997943,0.0004116779,0.9960162,0.99965894,0.00013993571,0.000928629,0.7828042,0.09754157,6.0764573e-06,0.4167102,3.8363763e-05
0.727066,0.0340742,0.012494512,0.14149164,0.83680594,0.99896204,0.9037379,0.0010502803,0.15988465,0.9995797,0.56598914,0.9363476,0.8096717,0.0010409867,0.66972,0.9511,0.021203952,0.9955604,0.9748244,0.0375525,0.043186113,0.9250146,0.5473159,0.00797045,0.84634084,0.007845404
0.75440806,0.01288543,0.0026858326,0.15829507,0.3739839,0.9992163,0.96543926,0.0013663345,0.09167021,0.9997702,0.17121615,0.95967025,0.37275234,0.0010678372,0.85505086,0.9890771,0.010665298,0.9891424,0.9942263,0.0076724244,0.0124351345,0.96588176,0.4135199,0.0023073482,0.94033045,0.0051700682
0.3139998,0.000516854,2.8724231e-05,0.044663392,0.009025003,0.9999869,0.995414,8.1332044e-05,0.026428035,0.99994767,0.007431453,0.94918686,0.005512854,7.5832846e-05,0.878848,0.99995065,0.00049534754,0.9950789,0.99994826,6.643306e-05,0.0005110014,0.9854161,0.10443724,4.3699256e-06,0.9837324,8.838454e-05
0.7662173,0.079967715,0.031567443,0.20955527,0.9588303,0.9992539,0.8562973,0.00089217897,0.22895132,0.9995485,0.8115074,0.88175833,0.95374596,0.0006459166,0.6833831,0.8933968,0.038090218,0.9980679,0.95637685,0.1319942,0.09685796,0.9400627,0.68249243,0.020567682,0.9138706,0.015724264
0.64309835,0.017631276,0.00595664,0.13642006,0.35541523,0.9977881,0.9453138,0.0032239335,0.1025943,0.9989812,0.20251127,0.9480886,0.31505603,0.0033444609,0.7276048,0.9831313,0.015587782,0.98023784,0.9892442,0.010915118,0.021580892,0.92480254,0.39009735,0.004174625,0.84071803,0.0073330593
0.7662443,0.053991143,0.020046407,0.17364377,0.94527143,0.9993766,0.8757289,0.00065147836,0.20380217,0.9996977,0.7589598,0.9126553,0.9361316,0.00053486106,0.6778049,0.9196532,0.02800212,0.9980787,0.9645925,0.08383533,0.06804506,0.93905157,0.6423729,0.012402519,0.89608943,0.0100382
0.59146273,0.0060958946,0.0010875149,0.12204938,0.116727635,0.99949086,0.97810876,0.0014114327,0.062449377,0.9996544,0.06250572,0.9572123,0.099611774,0.001190761,0.8481078,0.9969799,0.0060934396,0.98460346,0.9979912,0.002379587,0.0067886813,0.9672098,0.28505647,0.00064140785,0.9446259,0.0025217254
0.6235194,0.010840667,0.0025381094,0.14604415,0.1734758,0.9987521,0.96667784,0.0029317876,0.079228446,0.9993081,0.09346717,0.95078266,0.15599656,0.0025328707,0.8277272,0.9931109,0.0107270675,0.97806394,0.99558383,0.0051174546,0.012090404,0.95602447,0.3287969,0.0018042962,0.92359656,0.005221047
0.66772234,0.013011246,0.0035869123,0.117976665,0.39517653,0.99897146,0.95593536,0.0014331151,0.0932505,0.9995803,0.20951813,0.9588726,0.35154462,0.001460299,0.738613,0.987653,0.010493017,0.9885986,0.9922609,0.007720897,0.015361641,0.9391622,0.39098346,0.0024053839,0.8594871,0.0043043937
0.36081228,0.00033464047,1.2554193e-05,0.051937055,0.0052296673,0.9999949,0.997232,5.1788982e-05,0.023243073,0.99998176,0.003716802,0.9547362,0.0035569612,3.8005957e-05,0.9442304,0.9999788,0.0003296105,0.9960931,0.99997747,3.5242e-05,0.00026250273,0.9933601,0.098515496,2.0059142e-06,0.99468756,5.8037174e-05
0.60606045,0.0035301682,0.00037566613,0.13178748,0.05500146,0.9998172,0.9873842,0.00090293214,0.050561786,0.9998554,0.026444681,0.95547163,0.049543783,0.0005905922,0.92688686,0.99893624,0.0037047053,0.98737246,0.9992962,0.0011057963,0.0032308872,0.98474944,0.24142711,0.00020583796,0.983573,0.0014694758
0.6404774,0.00039708742,9.503146e-06,0.095594704,0.0069515593,0.99999523,0.99775714,6.82824e-05,0.02310411,0.9999951,0.002699625,0.966003,0.0063592237,2.8489534e-05,0.98607105,0.99996877,0.00040980455,0.9960377,0.9999721,5.8259422e-05,0.000213973,0.9976549,0.124658,2.9655528e-06,0.9989631,0.00010239579
0.6329727,0.005118591,0.0006615647,0.15060207,0.07385287,0.99966025,0.98358524,0.0014797483,0.058034826,0.9997701,0.035280697,0.95215994,0.06884553,0.0009688654,0.9216394,0.99811804,0.005421461,0.9840746,0.9988207,0.0018791122,0.004765739,0.98167086,0.26911512,0.000418155,0.9799421,0.002440564
0.47865745,0.0023241164,0.0002751209,0.07590419,0.056904577,0.99987376,0.9879866,0.00039998774,0.04418172,0.9998592,0.034337938,0.95832545,0.042009823,0.00037525862,0.83850044,0.99929357,0.002260373,0.9909671,0.99946874,0.0006087657,0.0026289804,0.9737099,0.21338943,9.902753e-05,0.95630544,0.0006526212
0.638318,0.0013713868,7.193726e-05,0.12308969,0.020930361,0.99996376,0.99422956,0.00031509725,0.036134187,0.9999684,0.008833325,0.9578632,0.01941036,0.00016059037,0.9701241,0.99978393,0.0014298796,0.99214244,0.99983966,0.0003120007,0.00094062963,0.9940578,0.18221301,3.1464653e-05,0.99620444,0.0004872153
0.7838809,0.028331205,0.007787313,0.145947,0.8951889,0.9996362,0.9243577,0.0003928557,0.15394437,0.9998779,0.6149169,0.9436613,0.8848836,0.0003193695,0.7395152,0.9598361,0.015497638,0.99812514,0.98268294,0.033185918,0.034093093,0.95435286,0.5927142,0.0051105083,0.914292,0.0052175485
0.6857448,0.011517808,0.002739731,0.14456047,0.26605535,0.99895144,0.96525526,0.0019805972,0.08428488,0.99957854,0.13367915,0.9580434,0.246116,0.0017389099,0.82272124,0.9909932,0.010582859,0.9841186,0.99457526,0.006224362,0.012415311,0.95664996,0.36794898,0.0021088948,0.91695654,0.004938918
0.55233246,0.010264726,0.0027139345,0.12392623,0.15853655,0.99858654,0.9632015,0.003069113,0.077268004,0.9988889,0.0958454,0.9444278,0.13064316,0.0030667856,0.76562214,0.99352854,0.010188894,0.9766198,0.99558324,0.004707318,0.012640341,0.9406183,0.3057757,0.0015580159,0.8885603,0.004511784
0.6254119,0.007177011,0.0014619728,0.11410636,0.18709233,0.99939334,0.9738216,0.0012290674,0.06888043,0.99969614,0.09772573,0.9616796,0.161043,0.0011434457,0.80980915,0.99546164,0.006640515,0.9864916,0.9970319,0.0031336276,0.00809448,0.95989513,0.3208891,0.0009232361,0.9168992,0.0027302022
0.6990201,0.015209247,0.0041667093,0.14623751,0.37283346,0.99866915,0.9558665,0.0020955629,0.09727033,0.9995109,0.19112746,0.9554873,0.34767178,0.0019337788,0.79154,0.98583174,0.013118604,0.9854944,0.9916893,0.009407118,0.016837785,0.9473396,0.40371653,0.0032611643,0.8940456,0.006076811
0.7072709,0.031600222,0.0121348165,0.15039557,0.6993872,0.9980933,0.91426975,0.002134106,0.14362206,0.99926215,0.42927185,0.9391629,0.66565955,0.0021625678,0.6930036,0.95867604,0.022742309,0.99060506,0.97739726,0.029045954,0.039169576,0.9189539,0.5013168,0.008677913,0.8339855,0.009851335
0.45751783,0.0054672025,0.0014056835,0.053949084,0.18010865,0.99933237,0.9655055,0.0008296845,0.063405305,0.9993272,0.12625568,0.95306206,0.1187376,0.0012525753,0.5363713,0.9966439,0.004300276,0.9877417,0.9970271,0.0020919968,0.007378024,0.89809465,0.25207436,0.00045355395,0.73062414,0.0012681627
0.71122247,0.009914428,0.0018131317,0.17263871,0.1716094,0.99913055,0.9733514,0.002310782,0.07700127,0.9996512,0.08161624,0.95536965,0.17134497,0.001632572,0.89406943,0.9940739,0.00975318,0.9811457,0.9965538,0.0048931357,0.009218563,0.9719953,0.3422781,0.0015320189,0.9610974,0.005144775
0.617673,0.008471298,0.0017906774,0.13465999,0.15525322,0.9991529,0.97199506,0.0020568557,0.07185175,0.9995146,0.082920685,0.95482194,0.13699661,0.0017787353,0.83423424,0.99499965,0.008386839,0.98170173,0.9967609,0.0037591103,0.0094288355,0.96093184,0.3148692,0.001189911,0.9310584,0.0037800702
0.50339794,0.004539429,0.0008745602,0.075973675,0.12337496,0.9995999,0.9774169,0.0007942614,0.056871276,0.99964094,0.076117374,0.95888734,0.09000715,0.00088392384,0.72911096,0.997724,0.004077007,0.98817027,0.9982456,0.0015777542,0.0057378258,0.9482323,0.25432938,0.0003601582,0.88378584,0.0013408521
0.16956373,0.008889263,0.0044885376,0.041163616,0.117778726,0.9892492,0.8874341,0.0030842375,0.1023046,0.95182705,0.187064,0.42734873,0.07698872,0.011034116,0.13993822,0.99704057,0.00845478,0.92180127,0.99623674,0.0057999273,0.011447732,0.5499987,0.20795865,0.0003792972,0.31057873,0.0016723187
0.61072767,0.02059582,0.007954812,0.12439692,0.39913407,0.99711215,0.9323065,0.0036686077,0.11078306,0.9984536,0.24355644,0.9410898,0.34453598,0.004246494,0.6559989,0.9788264,0.01731814,0.9792787,0.9858889,0.013258789,0.026168067,0.899133,0.39137328,0.0049557085,0.7790835,0.0077773156
0.70130974,0.00074355793,2.345355e-05,0.11920846,0.01408361,0.99998724,0.996627,0.00013247835,0.02866621,0.99999154,0.0052853483,0.96343863,0.013988564,5.602168e-05,0.9840333,0.9999112,0.0007671268,0.9947076,0.99993205,0.0001494366,0.00041689925,0.99686533,0.16365236,9.895408e-06,0.99852544,0.00023744481
0.72849506,0.09798736,0.05113596,0.22128619,0.9417498,0.99787426,0.8227069,0.0022913238,0.24231613,0.9987104,0.78252,0.86992115,0.93301404,0.0019521345,0.64163053,0.8603853,0.056187164,0.995756,0.9347515,0.16474323,0.12593034,0.91390264,0.6595544,0.0352261,0.8672658,0.025538424
0.36397898,0.0036667993,0.00092204404,0.029141426,0.1662542,0.99949837,0.9635239,0.00042665825,0.056393865,0.9992435,0.13880187,0.94552577,0.08944924,0.00088533486,0.33537975,0.9979777,0.0025432308,0.99021053,0.99778396,0.0012364025,0.004995158,0.83539045,0.20000492,0.00017622346,0.55332243,0.00053912523
0.7380807,0.011638894,0.0024116063,0.1601479,0.29075754,0.9991161,0.9686452,0.0016895375,0.08604439,0.9997334,0.13463129,0.9590373,0.2894574,0.0013067414,0.8657802,0.9911788,0.010363671,0.98599523,0.9951344,0.006412766,0.011267981,0.9671331,0.39142793,0.002077567,0.9444325,0.005274737
0.24410291,0.0011242449,0.00017934284,0.011052931,0.09958793,0.9998815,0.9766129,6.652029e-05,0.037806306,0.9996613,0.104012385,0.93831015,0.039329626,0.00020510251,0.17251326,0.99961025,0.0006534661,0.99510217,0.9994099,0.00026115446,0.0014152963,0.7804016,0.12021072,1.4779518e-05,0.41118264,7.141901e-05
0.48728254,0.0058490816,0.001580943,0.05106901,0.23596238,0.99935347,0.9624071,0.0006969782,0.0676192,0.9994549,0.15963705,0.9571252,0.15807734,0.0010789488,0.51096624,0.9958609,0.0043544425,0.9897585,0.9963266,0.0024366062,0.0077361674,0.8907819,0.26914755,0.00052051136,0.69686687,0.0012327977
0.66079223,0.008545644,0.0015441087,0.16046065,0.13377577,0.99922657,0.9750718,0.0023176353,0.07135108,0.9996018,0.06628687,0.95337725,0.12721911,0.0017023974,0.88672197,0.99546,0.008717872,0.98059696,0.99723285,0.0038074863,0.0084677255,0.97151047,0.31636426,0.0011615464,0.9596418,0.004318346
0.3042693,0.0024652926,0.00053061626,0.020470256,0.12567586,0.9996748,0.96792936,0.00025665088,0.048193183,0.9993081,0.11708783,0.9417964,0.05947523,0.00060961954,0.26458624,0.9988844,0.0015977503,0.99163353,0.9986091,0.0006967238,0.0033271082,0.81124127,0.16076553,7.352274e-05,0.49748605,0.00027679556
0.63170195,0.030929329,0.014597949,0.10559167,0.74781865,0.997869,0.8853992,0.0017093509,0.15257646,0.99883455,0.5171127,0.924215,0.6795192,0.002328395,0.5255649,0.9576568,0.020528503,0.99180436,0.97272927,0.031132797,0.040547002,0.8669295,0.47051233,0.006804595,0.70622414,0.007135367
0.37247297,0.0018889658,0.00024165107,0.052345697,0.04723703,0.99987984,0.98700595,0.00030673953,0.04146844,0.9997706,0.035135504,0.9506155,0.029404938,0.00036390132,0.73131853,0.9994873,0.0017286768,0.9913931,0.9995524,0.00044135257,0.0024172063,0.95799285,0.17452988,5.7543664e-05,0.9203517,0.00042139305
0.489727,0.020048322,0.009781557,0.078773156,0.3810093,0.9954566,0.9053301,0.0038888406,0.11384238,0.99617237,0.2822271,0.91919464,0.28270817,0.006470727,0.43348017,0.980232,0.015729476,0.9747116,0.98359376,0.012575477,0.027318075,0.80406106,0.3336814,0.003772441,0.5666395,0.005922919
0.61369735,0.0058733677,0.00090912875,0.14016624,0.09392132,0.99954516,0.98053944,0.0016053651,0.061189197,0.99969757,0.047536213,0.9538937,0.08467649,0.0011866767,0.8912422,0.99746525,0.0061376817,0.983506,0.99838316,0.0022575723,0.0059754737,0.9755221,0.28237677,0.00057559536,0.96654755,0.0026968135
0.45486814,0.0041425102,0.0009017642,0.05173899,0.14879124,0.9995808,0.97314,0.00058232056,0.05638133,0.9995696,0.101896785,0.9576592,0.09728779,0.0008337946,0.57999915,0.9977596,0.003295782,0.9897008,0.9980196,0.0014261085,0.005525933,0.91761714,0.23870477,0.00028451497,0.7811556,0.00092801126
0.40306175,0.0043366607,0.0010114638,0.047171358,0.1318537,0.99945897,0.96916133,0.0007267288,0.05691636,0.99924755,0.099960536,0.94817793,0.08161424,0.0011395096,0.5138842,0.99774253,0.0034341328,0.9876539,0.99790466,0.0014686811,0.0059946417,0.8946752,0.21914947,0.00027330677,0.73355436,0.0009357874
0.58302194,0.0056130216,0.00088105147,0.13054791,0.08838567,0.9995621,0.98029476,0.0015432885,0.060149588,0.99965453,0.046597496,0.9531533,0.07638134,0.0011893797,0.87737215,0.99760735,0.0058607105,0.9836753,0.99843246,0.0020908802,0.0059587187,0.9729038,0.26931402,0.00051402,0.9616977,0.002429669
0.4371942,0.0014398207,0.00012186369,0.07301895,0.026393496,0.99994516,0.99186665,0.0002726197,0.03704961,0.99990535,0.016601186,0.9557496,0.018923493,0.00022740234,0.8876293,0.9997254,0.0014502393,0.99222034,0.99977404,0.0002921219,0.0015025303,0.9828168,0.16699311,3.5275993e-05,0.9783533,0.0003795723
0.7444977,0.011497017,0.0022791321,0.16332142,0.28209624,0.99915814,0.9695914,0.001680673,0.08521132,0.9997416,0.12858106,0.95913565,0.28257802,0.0012645364,0.8735388,0.99147063,0.010196818,0.9860232,0.9953472,0.006255317,0.010794853,0.9688525,0.38746193,0.0020028737,0.949229,0.005276148
0.4272931,0.009031672,0.0031980372,0.0523368,0.23530425,0.9982951,0.94140756,0.0016345839,0.07970968,0.99806124,0.18326834,0.93509537,0.15178551,0.0028924206,0.41109738,0.9933791,0.006848742,0.9819563,0.9937733,0.004050131,0.012453851,0.8282083,0.26079696,0.00093889126,0.58180296,0.0020798044
0.68947047,0.031005133,0.012474341,0.14816166,0.647117,0.9976127,0.9141066,0.0026869616,0.14036901,0.9990308,0.39473262,0.9380775,0.60741174,0.0028417758,0.6809635,0.9602463,0.02329284,0.98803955,0.97732055,0.027242895,0.03873402,0.9108419,0.4820804,0.008835613,0.81553847,0.010333843
0.76071113,0.057858694,0.022217456,0.18334576,0.9290032,0.9991074,0.87305725,0.0009915045,0.2042767,0.99958235,0.7237805,0.9120303,0.91959995,0.00080607866,0.68858033,0.91539705,0.031462807,0.9972445,0.9617206,0.082670346,0.07219962,0.9346122,0.6290165,0.014815473,0.89071465,0.012296483
0.6620363,0.0957136,0.059937958,0.19845062,0.84289795,0.9927216,0.79511714,0.0071757915,0.23968558,0.99563026,0.64584875,0.87222916,0.81377155,0.0078054573,0.5822979,0.8648101,0.06573188,0.9851782,0.9176594,0.12130498,0.122115284,0.8501727,0.55557513,0.03975098,0.7492753,0.032823328
0.38342676,0.0012961056,0.000116654184,0.05817176,0.027643885,0.99994504,0.9914308,0.00020992493,0.036488496,0.9998846,0.01981106,0.95189923,0.018009191,0.00020978788,0.8329574,0.9997495,0.0012666815,0.99274105,0.99978334,0.0002543399,0.0014512567,0.975958,0.15710291,2.745768e-05,0.9648824,0.00028844716
0.5643558,0.0048967754,0.0007365342,0.12022021,0.08249818,0.9996388,0.9817801,0.0012613137,0.0572738,0.9996979,0.044163417,0.9538788,0.06935678,0.0009968051,0.8722207,0.9980253,0.005049492,0.98508114,0.99868816,0.0017095967,0.0052772993,0.9732998,0.26069692,0.0003967707,0.96100205,0.0020010504
0.37320042,0.0031662153,0.0006812074,0.03396541,0.1291435,0.99963963,0.9718087,0.0004061044,0.051371075,0.99944085,0.10299249,0.95114756,0.07273046,0.0007223946,0.43154427,0.9984395,0.0023113338,0.9906155,0.9984005,0.0009781007,0.004371409,0.87884307,0.19637117,0.00014530105,0.6712642,0.0005257998
0.7332475,0.020375092,0.0060159834,0.14311531,0.6358519,0.99901867,0.94230336,0.0012003279,0.11892012,0.9996861,0.34745207,0.9524154,0.61170727,0.0011155572,0.7565597,0.9760183,0.014761095,0.9928599,0.98752147,0.016324883,0.023793237,0.9445617,0.48345524,0.004462042,0.88397294,0.006116285
0.80986285,0.035183422,0.009205289,0.16188808,0.95988536,0.999833,0.9220924,0.0001797647,0.17510715,0.99993324,0.7701069,0.9242201,0.95564306,0.00012226748,0.7445726,0.9507499,0.015991258,0.99925274,0.9833365,0.058025517,0.042176835,0.9647159,0.68367875,0.005433041,0.947478,0.005019709
0.6335706,0.005582262,0.00084409124,0.13720873,0.10412846,0.99959713,0.9814525,0.0013105434,0.06048933,0.99976987,0.051478248,0.9580122,0.09515795,0.0009674854,0.8924413,0.9974942,0.0057223653,0.98520374,0.99842536,0.0021634344,0.0056298086,0.97662395,0.2911284,0.0005508043,0.9663915,0.0025088906
0.4813964,0.0067640846,0.0018575983,0.06552688,0.18569131,0.9991209,0.9626121,0.0012024496,0.06840899,0.99916816,0.12690124,0.95173216,0.12868463,0.0016730265,0.58047414,0.9955953,0.005602793,0.98544544,0.99627256,0.0027720646,0.009103274,0.90324795,0.26678264,0.00068487757,0.75819904,0.0018186753
0.5462131,0.012613446,0.004700812,0.06457533,0.45629978,0.998628,0.9325952,0.0011699175,0.09836219,0.9990707,0.29998288,0.94556254,0.3466219,0.0018452774,0.47268105,0.9869638,0.008884227,0.9895006,0.98969066,0.007905149,0.01649707,0.85876775,0.34714377,0.0017681336,0.6381232,0.002707748
0.6225581,0.0027473792,0.0002500656,0.12656067,0.049242336,0.99987996,0.9898281,0.00061463274,0.04648967,0.9999163,0.022746554,0.9582554,0.045468956,0.00038675667,0.93878424,0.9992495,0.0028781632,0.98943835,0.9995066,0.0008063149,0.0023846861,0.9878613,0.23800234,0.00013345348,0.9877101,0.0010915301
0.30207643,0.0016279396,0.00026626632,0.021261035,0.08937939,0.99984634,0.97960186,0.0001495542,0.04087071,0.99966586,0.079990625,0.94856787,0.043475166,0.0003169015,0.3527344,0.99940574,0.0011097256,0.9935773,0.9993031,0.0003928922,0.002228503,0.871656,0.15208575,3.756362e-05,0.64157045,0.00018680072
0.5542449,0.012658166,0.004025215,0.11043716,0.22697772,0.99806994,0.9522758,0.0031383273,0.08666224,0.99862313,0.14241853,0.94511944,0.18332416,0.0035529495,0.68656826,0.99019593,0.011548723,0.97728455,0.99292964,0.006371113,0.01629692,0.9154467,0.32383636,0.0022252114,0.81871694,0.004943893
0.5474394,0.022855695,0.010916431,0.089840166,0.48990756,0.99628025,0.90395546,0.003211286,0.12266285,0.9974915,0.3367117,0.9259537,0.39363834,0.004905378,0.48239422,0.9746483,0.017416997,0.9810827,0.98085356,0.016543718,0.030598784,0.8335191,0.37912893,0.0048491773,0.6235563,0.006627007
0.72023875,0.07565264,0.03724553,0.1926226,0.9133719,0.99783725,0.8361285,0.0022243317,0.22406396,0.9988489,0.7185702,0.89306587,0.898288,0.0020677377,0.6353547,0.8891253,0.04527668,0.99480516,0.9427772,0.10966903,0.09746449,0.9056463,0.60943973,0.02446789,0.84010804,0.019371377
0.64976,0.0047131344,0.0005593427,0.15027513,0.073089525,0.99971825,0.9849526,0.001230633,0.056181084,0.99982506,0.03413638,0.9550278,0.0696869,0.0007806646,0.92813504,0.99831116,0.004922915,0.9854615,0.99894935,0.0017038317,0.0042456673,0.9834833,0.26842976,0.00036071384,0.98228985,0.0021983709
0.6124446,0.0065231486,0.0010885316,0.14053889,0.10438313,0.99945563,0.97855914,0.0017856224,0.06393399,0.9996445,0.0535329,0.95358986,0.093789764,0.0013584145,0.8801986,0.9969699,0.006753701,0.98261815,0.99806684,0.0025995763,0.006787534,0.9725504,0.28882253,0.0007024984,0.96057165,0.00302286
0.7062385,0.010250155,0.0019468525,0.17253226,0.17461003,0.99906594,0.97242874,0.0024290865,0.07812716,0.9996202,0.083501734,0.95458156,0.17292511,0.0017609406,0.889363,0.9937372,0.01011718,0.9805828,0.996354,0.005084905,0.009676306,0.97057694,0.34313294,0.0016288923,0.95834607,0.005331406
0.5448293,0.006926685,0.0014148098,0.117410414,0.11406311,0.99927706,0.9738728,0.0019439325,0.065799646,0.99938405,0.0662581,0.9492199,0.09321089,0.0017771466,0.81358594,0.99647313,0.007059756,0.98139465,0.99760914,0.0027742577,0.008219389,0.95788324,0.27978745,0.0007653893,0.92761564,0.0028891042
0.61552453,0.0071546305,0.0013563262,0.12781513,0.14085455,0.99937576,0.97553635,0.0015897184,0.06708383,0.99963284,0.07419723,0.95818806,0.1237252,0.0013391172,0.84301007,0.99605703,0.0069998265,0.9839542,0.9974095,0.003002103,0.007857116,0.96490246,0.30267775,0.0008736968,0.9384887,0.0030231217
0.43518117,0.005422695,0.0014102223,0.04998734,0.17092393,0.9992993,0.9639452,0.0008586977,0.06314845,0.9992052,0.12495451,0.9509195,0.10960076,0.0013387959,0.50405616,0.9967489,0.0041785818,0.98725057,0.9969807,0.0020184058,0.007409502,0.8863658,0.23982002,0.00042324033,0.703563,0.0012023093
0.43041644,0.002128346,0.00025107735,0.068033464,0.04703497,0.99988186,0.9879296,0.0003842496,0.042696014,0.99982077,0.030754449,0.95491266,0.032323692,0.000379777,0.8148302,0.9994137,0.002052629,0.9909141,0.9995308,0.00051982637,0.0025225193,0.9703208,0.19023162,7.67075e-05,0.95067286,0.0005633686
0.56094235,0.009958852,0.002839288,0.094802625,0.23261034,0.9987857,0.9587546,0.0018460882,0.080101654,0.99919873,0.14182498,0.9540329,0.1839629,0.002146317,0.6782637,0.9925067,0.008532648,0.98329055,0.9943821,0.0046981648,0.012637784,0.92148054,0.31347957,0.0014714777,0.81705755,0.0033504982
0.61788833,0.014944501,0.0046567917,0.1309071,0.2840125,0.99802643,0.9518805,0.0031925284,0.094005615,0.9989773,0.16317174,0.9486875,0.24739052,0.003259051,0.73735905,0.9872902,0.013513887,0.97876966,0.99163944,0.008267374,0.018276429,0.9289044,0.36276305,0.0031364828,0.85119,0.0063233017
0.44951347,0.0045062336,0.0009912924,0.05882299,0.13173363,0.9995129,0.97277427,0.00076831854,0.057350285,0.9994574,0.091194175,0.9541868,0.08793346,0.0010365966,0.613648,0.9976503,0.0037837909,0.9879028,0.9979876,0.0015591489,0.0060632727,0.9222655,0.23785625,0.00032681288,0.8081912,0.0011297032
0.7847978,0.058788974,0.020653572,0.1896025,0.9616933,0.99958545,0.8882661,0.00046752274,0.2052641,0.9997801,0.8059063,0.89705,0.95681363,0.00033147732,0.7031853,0.91943544,0.027570654,0.998708,0.9702776,0.106127284,0.07144492,0.9511135,0.6935602,0.012838631,0.9297771,0.010214645
0.6435672,0.0027329167,0.00022551244,0.13996391,0.041155495,0.99988544,0.9902441,0.00069809763,0.046172798,0.9999163,0.018271398,0.95489365,0.038920324,0.00039884564,0.9529226,0.99933136,0.0028820273,0.98874694,0.99955565,0.00080974196,0.0021844513,0.9897854,0.227802,0.000121930294,0.99160427,0.0011556607
0.53746253,0.006704314,0.0015566057,0.08808925,0.1657126,0.99929535,0.9701867,0.0012717315,0.06678672,0.99946517,0.100477494,0.9568088,0.12723188,0.0014132512,0.7169373,0.9959117,0.00598107,0.98549366,0.9969362,0.0027222238,0.008439771,0.93902266,0.28420463,0.0007439404,0.86149704,0.0021841812
0.7820485,0.03434038,0.010192897,0.15558188,0.91946715,0.9996032,0.91372675,0.00042556316,0.16765168,0.99985456,0.6709142,0.9354291,0.91065544,0.00033496637,0.726718,0.94976944,0.018395456,0.998262,0.97920245,0.04517903,0.0427217,0.9524003,0.6183087,0.0066336053,0.91462773,0.006291059
0.798655,0.019720009,0.004242887,0.14517339,0.8370455,0.99973935,0.94893485,0.00030815144,0.1289394,0.9999293,0.49301308,0.9523866,0.83379245,0.00023230622,0.80236113,0.9754857,0.011488957,0.9980709,0.9902542,0.019299055,0.021912038,0.96709913,0.5693768,0.0030340105,0.94199204,0.00397091
0.72981125,0.06817242,0.031356264,0.18795106,0.9131665,0.99827254,0.8494866,0.0018119505,0.21626246,0.9991273,0.7103427,0.900959,0.89910364,0.0016360141,0.65099055,0.899062,0.040203955,0.9954656,0.94944924,0.09635725,0.08780459,0.91390663,0.6098613,0.020704338,0.8523506,0.016777284
0.73368365,0.10989172,0.056804255,0.23267445,0.9527505,0.9981305,0.81877136,0.0021275661,0.25112054,0.9987251,0.8129884,0.8553691,0.9460793,0.0016949443,0.6457204,0.85178703,0.059504356,0.99638665,0.9332773,0.19322105,0.1390693,0.918631,0.68062526,0.039336458,0.88337874,0.027533762
0.6386507,0.0035228159,0.00035711634,0.14112699,0.056008074,0.9998217,0.987904,0.00089596433,0.050769914,0.9998807,0.025687797,0.9554357,0.052762296,0.000548173,0.9388666,0.9989417,0.003720381,0.98740166,0.9993216,0.0011455473,0.0030772432,0.98669887,0.24932662,0.00020793463,0.9870092,0.0015604323
0.26415712,0.0018320322,0.00035128553,0.01606176,0.104716435,0.9997663,0.971033,0.00016850921,0.043591443,0.99936754,0.105499394,0.93588203,0.045539703,0.00044535424,0.2197698,0.9992773,0.0011418398,0.9925799,0.9990326,0.00046524013,0.0024335554,0.7929648,0.13911593,3.812659e-05,0.45925435,0.00016711584
0.68183875,0.0022027444,0.00014667556,0.14125246,0.03671158,0.9999225,0.9920953,0.0004982233,0.04265239,0.99995303,0.015375898,0.9574295,0.036463395,0.00026036982,0.9646632,0.9995153,0.0022875727,0.99040014,0.9996799,0.00063106266,0.001580241,0.9923477,0.22421223,8.076252e-05,0.994522,0.0009118498
0.6560211,0.0015127958,8.200694e-05,0.12833357,0.024464918,0.9999589,0.99398077,0.0003255935,0.037344377,0.99996865,0.010265515,0.95864767,0.02336293,0.00016636349,0.96966124,0.9997391,0.0015742172,0.9919966,0.99981457,0.00036610078,0.0010493791,0.9938386,0.19353275,3.8523533e-05,0.99598145,0.0005567181
0.67121196,0.016346667,0.0049601337,0.14439927,0.34864366,0.9982241,0.951396,0.0027882564,0.09896808,0.9992562,0.1882418,0.95162797,0.3173347,0.0027014716,0.7672386,0.98475456,0.014522942,0.98208195,0.9906837,0.010026308,0.018923016,0.93799937,0.39356434,0.0037211445,0.87350154,0.006867797
0.3852876,0.0020083704,0.00026445434,0.05445625,0.052839506,0.99986875,0.9866846,0.00030964307,0.043104023,0.99978477,0.038944703,0.94973797,0.033752054,0.0003793493,0.73323977,0.99944776,0.0018592356,0.9912094,0.9995252,0.0004801828,0.0024963312,0.9585344,0.18668127,6.641925e-05,0.91946447,0.0004598614
0.7340053,0.11649299,0.059175093,0.23700687,0.96196234,0.99851745,0.8217022,0.001744071,0.254189,0.9988349,0.84122556,0.83715576,0.9568688,0.0013333845,0.642948,0.85405123,0.058942992,0.997134,0.9366417,0.21800089,0.14491948,0.9242455,0.70065576,0.039578397,0.89801675,0.02692079
0.5696432,0.0073743896,0.0018681493,0.077034935,0.26148626,0.9993161,0.9652024,0.00092008035,0.073096715,0.99959916,0.15401088,0.96166384,0.20227839,0.0011131942,0.65637904,0.99448025,0.0058517386,0.989076,0.9957782,0.0033642068,0.009251141,0.92697567,0.3131093,0.0008915722,0.80829006,0.002018908
0.6982879,0.0018307902,0.00010316438,0.14162132,0.031681012,0.9999454,0.99330246,0.00038039644,0.0397837,0.99996805,0.012897099,0.9584755,0.031986773,0.00018788465,0.97112995,0.9996371,0.0018856676,0.99146104,0.99975973,0.0005003643,0.0012357722,0.99373627,0.21471664,5.5728942e-05,0.9959919,0.00073319615
0.6386849,0.01091795,0.0023865793,0.16563335,0.1482645,0.99875045,0.9687418,0.0034899572,0.07869801,0.9992918,0.07761766,0.94699085,0.13794726,0.002747345,0.86352205,0.9935808,0.011392865,0.9758823,0.99607337,0.005218118,0.0114682885,0.96327865,0.32577136,0.0017888893,0.9458749,0.0058337077
0.5473059,0.004635991,0.000753116,0.10125916,0.09854666,0.9996469,0.9809029,0.0009802273,0.05649452,0.9997173,0.055073835,0.9582735,0.07937509,0.00087331736,0.8308236,0.9979381,0.004557046,0.9868947,0.9985561,0.0016114886,0.005344688,0.96680856,0.2615773,0.00037926322,0.9411546,0.0016689156
0.55247957,0.0076069823,0.0020771192,0.07122173,0.27444682,0.99922717,0.96189684,0.0009393462,0.0745554,0.99951124,0.16735007,0.9591623,0.20588961,0.0012366924,0.6136326,0.9940229,0.0060373098,0.9889092,0.9954159,0.0035685147,0.009786602,0.9155679,0.31142125,0.00091377884,0.77345395,0.0020011493
0.45632082,0.0032269277,0.0007590374,0.033324003,0.24427174,0.99970955,0.9715118,0.00021843005,0.057668038,0.99976224,0.17117637,0.9579911,0.15295486,0.00041488404,0.42722586,0.99790347,0.0023111326,0.99413127,0.9980889,0.0013123382,0.004173517,0.88829327,0.25352114,0.00018024578,0.648818,0.0004753384
0.6668158,0.010337027,0.0021636991,0.15762419,0.1756674,0.9989796,0.970124,0.00251619,0.0781257,0.99951875,0.088747494,0.9545596,0.16564986,0.0019813182,0.8611491,0.99347407,0.010214852,0.9801609,0.9959947,0.004995845,0.010689113,0.9642233,0.33440936,0.0016752053,0.9428623,0.005080025
0.66499096,0.053402063,0.029039059,0.14319208,0.88095695,0.9975446,0.8458035,0.0018435874,0.192101,0.9985843,0.68025136,0.89583164,0.84850854,0.0023722167,0.5376521,0.9203697,0.034442924,0.9940176,0.95536345,0.079190366,0.07039926,0.87601113,0.5610918,0.014514175,0.75914615,0.012270259
0.70421916,0.04340699,0.018627483,0.15769808,0.79488534,0.9978471,0.8874027,0.002258204,0.17093274,0.99906,0.53637314,0.9257485,0.7652554,0.002309493,0.65629256,0.9387805,0.029035542,0.99199766,0.9665754,0.046424348,0.055313602,0.9065488,0.5331377,0.012587912,0.8175718,0.012284576
0.7840785,0.03555684,0.0105817355,0.15626131,0.92938966,0.9996319,0.91218805,0.00039145493,0.1712813,0.9998616,0.69266,0.93366253,0.9209552,0.0003045041,0.72240496,0.94729626,0.018573947,0.99842995,0.9784676,0.04887676,0.044567566,0.95290375,0.62897205,0.0067973835,0.9164941,0.0063009514
0.6014315,0.03323894,0.016599528,0.13031347,0.5150836,0.9945844,0.8963108,0.005658505,0.14045785,0.99696845,0.34022975,0.92444354,0.4482095,0.007190383,0.5827493,0.96013576,0.02706825,0.97578263,0.97307587,0.02616936,0.043730985,0.8583007,0.4232,0.010026981,0.7041895,0.012587823
0.73239475,0.031092377,0.011205862,0.13063914,0.88482404,0.99934,0.90469265,0.0006025735,0.16074759,0.9997236,0.6322461,0.9357058,0.85951185,0.00061002723,0.64614755,0.9537216,0.018218463,0.99725986,0.976599,0.03903786,0.040253203,0.9290049,0.5656721,0.006271956,0.8511613,0.005874072
0.58557475,0.0068982234,0.0013376527,0.12240122,0.12770769,0.99936014,0.975323,0.0016687918,0.06584692,0.99956447,0.0698957,0.9553725,0.108758025,0.0014522618,0.8320313,0.9963468,0.006856241,0.98325354,0.99755883,0.0027981421,0.007840046,0.96252376,0.29129675,0.00079770875,0.9344573,0.0028741155
0.70955956,0.03273464,0.012938791,0.12467989,0.88105524,0.9991596,0.89525,0.00072235434,0.16427195,0.9996153,0.63845307,0.9311516,0.8500176,0.0007838118,0.6082854,0.9496275,0.01987243,0.9968348,0.9736534,0.042900406,0.043381993,0.9166554,0.5581678,0.0068706237,0.82210225,0.0062876046
0.71284026,0.0008054391,2.5694299e-05,0.12439371,0.014941589,0.9999852,0.99639624,0.0001524812,0.029590448,0.9999906,0.005476508,0.9623092,0.01489283,6.308405e-05,0.98458683,0.99989915,0.000835226,0.9944185,0.99992406,0.00016915072,0.0004393231,0.99682045,0.16658273,1.12548505e-05,0.9985611,0.0002646226
0.8046027,0.022593679,0.005164496,0.14198057,0.8955076,0.99978524,0.93989587,0.00024045986,0.14095551,0.9999362,0.59231126,0.94939184,0.88966346,0.0001803768,0.7769278,0.9697002,0.0119477,0.9986387,0.9880034,0.02514427,0.026052171,0.9651446,0.5975302,0.0034115938,0.937689,0.0038516128
0.53379536,0.002828854,0.00034953872,0.08986998,0.068811074,0.99984276,0.9871545,0.000503879,0.04733521,0.9998647,0.03828435,0.9612106,0.05434968,0.00043751998,0.86201876,0.9990263,0.0028183602,0.99020725,0.9993125,0.00082243455,0.0030964508,0.9762857,0.23700231,0.00015336895,0.9617268,0.00091273285
0.5707112,0.011622779,0.003743169,0.092373714,0.29599333,0.9985207,0.9512866,0.0019183208,0.08731327,0.9990946,0.1820354,0.9515743,0.23454481,0.0023876703,0.63680893,0.98999596,0.00971492,0.9838217,0.99263084,0.006138345,0.01502619,0.9079669,0.33605167,0.001913876,0.77785385,0.0037389281
0.5414231,0.0036653208,0.0005140506,0.0990709,0.07900145,0.9997662,0.9844972,0.000732665,0.051717937,0.99979717,0.043748606,0.95948404,0.06297318,0.00062984775,0.8533958,0.99859756,0.0036791645,0.9884673,0.99901295,0.0011747719,0.0041049826,0.97287273,0.24621494,0.00024384749,0.9553046,0.001274254
0.69006115,0.009874936,0.0017444711,0.18196437,0.13417111,0.99905914,0.9739863,0.0029678845,0.075578354,0.9995572,0.064792156,0.9492177,0.13403106,0.0020152405,0.9055121,0.99475753,0.010163496,0.97781473,0.9969482,0.0046764216,0.009071719,0.97368455,0.3261874,0.0014319107,0.96814895,0.0055427006
0.39200574,0.0022656024,0.00035860774,0.04110411,0.08790614,0.999824,0.9825294,0.00027973318,0.044711098,0.999749,0.06437974,0.9569418,0.05286398,0.00040753992,0.5978774,0.99913824,0.0018250472,0.9921604,0.99919766,0.0006059085,0.0030071496,0.93332046,0.19425792,8.721726e-05,0.83115005,0.000425483
0.49862465,0.0037596016,0.0006647263,0.06934607,0.1165324,0.99970526,0.980048,0.0005763906,0.053266305,0.99973565,0.07179551,0.9617367,0.083369136,0.0006508311,0.7280308,0.99822,0.0033139295,0.98990566,0.9985985,0.0012329714,0.004704834,0.95153666,0.24605623,0.00025877307,0.8876268,0.0010222874
0.68702096,0.0014132607,6.8626876e-05,0.13046692,0.024626225,0.99996364,0.99438596,0.00029161683,0.036217418,0.9999765,0.009806871,0.96009773,0.024548937,0.0001382819,0.974241,0.99975735,0.0014578612,0.99250305,0.9998287,0.00034588488,0.0009218942,0.9946591,0.19473262,3.3674543e-05,0.9967704,0.00052114803
0.6751896,0.0015359159,8.368934e-05,0.12944831,0.027290763,0.99995637,0.9939301,0.00032506,0.03762839,0.9999713,0.01117528,0.9591146,0.026666116,0.00016290873,0.9704131,0.99971884,0.0015996934,0.99211097,0.9998067,0.00038505078,0.0010482485,0.9939499,0.2035304,4.082526e-05,0.9960361,0.0005762835
0.6179021,0.005872636,0.00091362954,0.13865124,0.09854937,0.9995524,0.9804552,0.0015135485,0.06152659,0.9997086,0.049945872,0.9555996,0.08861327,0.0011267435,0.8887788,0.9973494,0.0061636823,0.9839146,0.9983278,0.0023091214,0.0060372325,0.9749477,0.28437063,0.0005835279,0.96537405,0.0026662252
0.7174334,0.00026194446,4.174237e-06,0.10051566,0.005709428,0.9999976,0.9984862,3.738298e-05,0.019553144,0.99999833,0.0019184969,0.9696963,0.005533375,1.301023e-05,0.9923288,0.9999819,0.00026979818,0.9970419,0.999984,3.7620084e-05,0.00011615137,0.9986255,0.11953761,1.3758347e-06,0.99955136,6.5266046e-05
0.80334705,0.0255735,0.00618644,0.14458928,0.91777796,0.99978584,0.9329018,0.00023601788,0.15030062,0.9999311,0.6440609,0.9452645,0.91143215,0.00017545374,0.7615025,0.96424186,0.013124136,0.9987929,0.9860788,0.031211728,0.030325452,0.9633748,0.6155659,0.003973966,0.9353035,0.004143203
0.6075441,0.013279177,0.0042003226,0.11061255,0.3145324,0.9983999,0.95151246,0.0022448536,0.091552846,0.99915946,0.18338488,0.9521177,0.26347405,0.0025307043,0.6922573,0.9882378,0.011432439,0.9830346,0.99194837,0.0073620784,0.016658852,0.92143744,0.3586877,0.0025171211,0.81915665,0.004807724
0.55266494,0.024742963,0.01201259,0.0970308,0.4701504,0.9957432,0.90216255,0.0039414736,0.12652905,0.9971795,0.32323954,0.9261708,0.3813136,0.0057702498,0.5055622,0.9722721,0.019238384,0.9785523,0.9792564,0.017625257,0.03315632,0.8357579,0.38080975,0.005703446,0.63658565,0.007783504
0.6910477,0.07879491,0.042877622,0.19159886,0.8581572,0.9957974,0.8269904,0.0043121953,0.22247593,0.997752,0.64567715,0.8910257,0.8347695,0.0043765106,0.61870164,0.88626283,0.05182133,0.9899429,0.9356421,0.099601075,0.10099942,0.8797009,0.56797755,0.028991858,0.7933833,0.0243329
0.7018778,0.0010492567,4.0242052e-05,0.12893012,0.018398302,0.9999777,0.9956175,0.0002062812,0.032356303,0.9999856,0.0070629655,0.9609502,0.018363904,9.0957e-05,0.9807993,0.99985147,0.0010772696,0.9935503,0.99989104,0.00023639215,0.00061856833,0.99600154,0.1780482,1.8649862e-05,0.99796426,0.0003654442
0.7973354,0.024046732,0.005813496,0.14307544,0.8987788,0.9997563,0.93562186,0.000268843,0.14486349,0.99992454,0.60386026,0.9477571,0.89142984,0.00020549164,0.76400733,0.96682477,0.012924725,0.99855703,0.98667186,0.027827445,0.028497623,0.96247226,0.5995198,0.0038315319,0.93156844,0.0041565006
0.76480097,0.01754401,0.0042701964,0.15116993,0.6116391,0.9993104,0.9530235,0.0009288166,0.11183511,0.99980754,0.30860978,0.9562063,0.60286057,0.0007696889,0.8091909,0.9810121,0.012619642,0.9938174,0.99064904,0.013263143,0.018761123,0.958598,0.48158324,0.0034062865,0.9210145,0.005323371
0.56145984,0.004654626,0.000767521,0.09930051,0.10921859,0.99965274,0.98082626,0.00089193846,0.056692347,0.99974364,0.06055285,0.96089745,0.08786407,0.0008185016,0.8246938,0.9978193,0.0044985698,0.98764104,0.99847835,0.0016420736,0.005318644,0.9660254,0.2681362,0.00039455213,0.93697387,0.0016302033
0.6601056,0.009386071,0.0016772824,0.17474131,0.1207029,0.9990958,0.97405255,0.0030334843,0.07351109,0.9994991,0.059879005,0.94823337,0.11710346,0.002097493,0.8986635,0.99522036,0.009803724,0.97748774,0.9971215,0.004274781,0.009064186,0.97242844,0.31265995,0.0012967372,0.9659284,0.0051361867
0.7146094,0.019236557,0.00595743,0.13312794,0.6177498,0.99895895,0.9414784,0.0012242519,0.11617644,0.9996474,0.3433649,0.9524795,0.58309007,0.0012062747,0.730656,0.97757363,0.014082272,0.99240595,0.9876028,0.015104033,0.023078961,0.9383183,0.46967554,0.0041568126,0.8643417,0.005681512
0.43789658,0.008362414,0.0028725157,0.050353553,0.2538287,0.99855965,0.9444344,0.0013057522,0.07771639,0.99848783,0.1919771,0.9382566,0.1651528,0.0023573022,0.40997347,0.9937477,0.0062389974,0.98435956,0.99420714,0.003830549,0.011405395,0.8349281,0.26637334,0.00084008527,0.58514327,0.0018217362
0.72945243,0.088270046,0.043343905,0.2103008,0.92310524,0.997781,0.82628,0.0024495814,0.23841096,0.99876094,0.7390377,0.8839982,0.91172594,0.0021185,0.650928,0.8751189,0.051170442,0.99489933,0.9362795,0.1281098,0.110745914,0.90891594,0.62353253,0.029496014,0.85569453,0.023040587
0.7184287,0.1208676,0.06873718,0.23971495,0.96138656,0.99811256,0.81040937,0.0020731594,0.25880262,0.9984725,0.84415203,0.8219864,0.9562604,0.0017078974,0.6220638,0.8440405,0.066222325,0.99675107,0.92937064,0.24610987,0.1552905,0.91613495,0.6989231,0.045117736,0.8857324,0.029382762
0.6724457,0.021398438,0.0075925607,0.12162512,0.5901868,0.9984522,0.9304272,0.0017169906,0.120536745,0.9993513,0.34529087,0.94773394,0.5366238,0.0019126557,0.66733605,0.97418404,0.015878173,0.9900322,0.98453474,0.01663967,0.026700273,0.91568077,0.4487542,0.0048364233,0.80784965,0.0062891664
0.6847966,0.004458758,0.0004688292,0.15909654,0.0692437,0.99974877,0.9862698,0.001159233,0.05507257,0.9998665,0.030769277,0.95449466,0.069546804,0.00067756214,0.94350356,0.9985026,0.004628213,0.9859313,0.99908483,0.0016243174,0.0036430939,0.9864839,0.271329,0.0003164161,0.987398,0.002150147
0.6580069,0.005589461,0.00073871674,0.15408505,0.08783301,0.9996258,0.9827412,0.0014708079,0.060026664,0.9997876,0.041288417,0.9550675,0.08465726,0.0009537721,0.9201228,0.9977428,0.0057904576,0.9842758,0.99861586,0.00215107,0.005149019,0.9811147,0.28299,0.00050666975,0.97819865,0.0026970098
0.5951702,0.0048019798,0.0006981905,0.12592815,0.086916104,0.9996711,0.982808,0.0011393983,0.056739375,0.9997634,0.044733714,0.9573005,0.075573266,0.0008657107,0.8857634,0.9980293,0.0049576676,0.98596245,0.998713,0.0017183298,0.0050434563,0.976037,0.26810098,0.00040165195,0.9656979,0.0020088044
0.77537024,0.05530925,0.019679734,0.18113473,0.94867605,0.99944156,0.8808667,0.0006145941,0.20305881,0.9997329,0.76423186,0.9109251,0.9416447,0.00047127414,0.69555616,0.9201437,0.02777502,0.9982339,0.9666126,0.08598897,0.06877869,0.9446758,0.6553297,0.012569244,0.91024363,0.010317601
0.77417725,0.038670156,0.012632107,0.15764311,0.9319704,0.99955636,0.90267843,0.0004575224,0.17862809,0.99982125,0.70944476,0.92915547,0.92203826,0.00037390698,0.70132214,0.9410657,0.020645034,0.99828905,0.9751174,0.05557232,0.049411993,0.94726396,0.62815595,0.007903249,0.9047205,0.006939364
0.7154636,0.008389802,0.0014372064,0.16484816,0.16503897,0.9993143,0.9766176,0.0017986617,0.07236815,0.999746,0.07571808,0.957027,0.16434538,0.0012878163,0.90045065,0.9951891,0.008273209,0.98333204,0.99728215,0.00398037,0.0076997373,0.9753179,0.34264782,0.0011755599,0.96551216,0.00429302
0.6792516,0.16881573,0.12028079,0.26958475,0.9352015,0.99281585,0.74468535,0.007947902,0.2869005,0.99421376,0.7997589,0.8022861,0.92673165,0.0072159856,0.5951297,0.77704585,0.10899213,0.9905067,0.8805717,0.2903754,0.21599188,0.8742798,0.6606283,0.090163335,0.82423764,0.059613828
0.28697473,0.00187197,0.00034306294,0.019236138,0.0990793,0.99978846,0.9745423,0.00018400428,0.043009013,0.99948835,0.09313856,0.9434863,0.04596847,0.00042585962,0.28624272,0.99926156,0.0012291641,0.99272984,0.99908054,0.00047296015,0.0025737637,0.8348711,0.14766003,4.447948e-05,0.5518765,0.00020199189
0.40729782,0.0031214235,0.00076610374,0.025669182,0.2525881,0.9996836,0.96624595,0.00019806086,0.05764536,0.9996556,0.1913275,0.95105934,0.14326765,0.0004442925,0.3169528,0.9979582,0.0021098475,0.9942357,0.99792093,0.0012780519,0.003999862,0.8431478,0.22882442,0.00014195527,0.5353285,0.0003629091
0.68600214,0.010694409,0.0021834613,0.16525546,0.18167034,0.9989604,0.97034174,0.0025738948,0.079549834,0.99955744,0.08959118,0.9541863,0.17607275,0.0019588945,0.87261736,0.9932528,0.0105054015,0.98002064,0.9959693,0.005243371,0.010630728,0.96661544,0.3431205,0.0017764898,0.9488431,0.00544273
0.44009078,0.002883223,0.0004298304,0.06411471,0.0733626,0.99979013,0.98339593,0.0005070543,0.047396272,0.9997229,0.04842804,0.9555428,0.050017063,0.0005672297,0.7433226,0.9989497,0.0026217687,0.9898567,0.99914896,0.00081388414,0.003611858,0.9560444,0.21003038,0.0001398726,0.9115545,0.0007451306
0.4914493,0.00078607595,4.024309e-05,0.08520669,0.011401241,0.9999827,0.9955226,0.0001647805,0.030859843,0.9999677,0.006167186,0.9565136,0.008921762,0.0001028834,0.956256,0.999913,0.0008356224,0.9939016,0.99992466,0.000130471,0.0006021423,0.9931017,0.14125276,1.0839141e-05,0.9948185,0.00020487772
0.55447197,0.0058446224,0.0011329461,0.10364394,0.1240876,0.9994711,0.97638613,0.0012628891,0.061888173,0.9995939,0.071083866,0.95693576,0.09962636,0.0012091398,0.7993491,0.99698347,0.0056409966,0.9852998,0.99787617,0.0022414972,0.006932313,0.9582154,0.27697733,0.00058883236,0.91942245,0.0021432666
0.62287235,0.009970599,0.0025447493,0.11638881,0.2411346,0.9989766,0.9645404,0.0017589235,0.07962635,0.9994832,0.13222566,0.95775324,0.20581068,0.0017723003,0.7634969,0.99251324,0.008980776,0.98431236,0.9949892,0.004932962,0.011783977,0.94462144,0.3396574,0.0016148762,0.87957305,0.0037941097
0.60329795,0.01093676,0.0027841495,0.13163601,0.1926088,0.99868804,0.9640043,0.0026949148,0.08075853,0.99923146,0.10826246,0.9517372,0.16750622,0.0025060412,0.7895313,0.99249154,0.010467511,0.9792028,0.9950127,0.005256492,0.012949245,0.94653577,0.32781523,0.0018315694,0.8973689,0.004811668
0.7008256,0.010718489,0.0021308044,0.17050481,0.18370178,0.99898285,0.97106904,0.0025524138,0.07937826,0.9995813,0.08919181,0.95413154,0.17978685,0.0019020621,0.8809859,0.9932596,0.010515399,0.9801956,0.9960592,0.0053724027,0.010289695,0.9686168,0.3475721,0.0017801954,0.9537343,0.0055774148
0.78607696,0.05395477,0.017857902,0.18226676,0.9560471,0.9995882,0.88768226,0.00047011516,0.20181729,0.9997992,0.7817375,0.9094027,0.9506941,0.00033806465,0.7086213,0.92402303,0.025512662,0.99863094,0.9702068,0.08513803,0.06572544,0.9510176,0.6696851,0.01125311,0.92430454,0.009305889
0.65291756,0.0045517017,0.0005158785,0.1533901,0.06692149,0.99973255,0.9854484,0.0012587804,0.05560155,0.9998306,0.03077345,0.9532874,0.06416054,0.00077497365,0.93471736,0.99845254,0.0047946936,0.98527217,0.9990355,0.0016319721,0.0039691334,0.9847184,0.26382643,0.00032972274,0.984855,0.0021583263
0.53947705,0.0144767575,0.005324535,0.09750705,0.28036746,0.997561,0.94109446,0.0031687946,0.09455196,0.9982601,0.18481219,0.9415104,0.21967468,0.004079511,0.60605353,0.9875616,0.012436856,0.977491,0.9905488,0.0077706426,0.019277642,0.8877933,0.33076516,0.0026691367,0.74405336,0.0051225186
0.70590895,0.0020358777,0.00011433479,0.15126787,0.030005818,0.99993193,0.99264693,0.00051824196,0.04136663,0.9999585,0.011920586,0.9541457,0.030241916,0.00024308957,0.9739489,0.99960154,0.0021300581,0.99018186,0.99973077,0.0005828603,0.0013013764,0.9937482,0.21067296,6.324258e-05,0.99646384,0.0008518402
0.6562563,0.005339413,0.0006335193,0.16327852,0.067857645,0.9996505,0.9836103,0.0017278593,0.058834948,0.9997719,0.031149859,0.94914234,0.06577078,0.0010331618,0.935964,0.99814856,0.005641325,0.9829268,0.998845,0.0019864324,0.0045761354,0.98390305,0.2669382,0.000420384,0.98490405,0.0026877157
0.6990071,0.00993754,0.0017825246,0.17800438,0.14858486,0.99908197,0.97371393,0.0026853993,0.0761497,0.9995983,0.07110694,0.95198303,0.1484388,0.0018660199,0.90043586,0.994463,0.010021823,0.97914404,0.9967615,0.004745589,0.009149931,0.9728727,0.33198828,0.0014822319,0.9649656,0.00539182
0.32509908,0.0022513962,0.00046998818,0.02008611,0.13734248,0.9997385,0.97054505,0.0001996499,0.047325276,0.9995215,0.12242168,0.9486066,0.066157825,0.0004678841,0.2771656,0.9989452,0.0014479712,0.9930112,0.9986979,0.0006485667,0.00299487,0.82635224,0.16689971,6.76081e-05,0.51250726,0.0002431749
0.66371924,0.011136801,0.0026620203,0.14570941,0.2242539,0.99885,0.96623945,0.0023340841,0.0821688,0.99949193,0.116096094,0.9554872,0.20552133,0.0020359019,0.82605,0.99195194,0.010612934,0.9815749,0.9950287,0.0057020593,0.012174957,0.95645994,0.35333022,0.0019936506,0.91965175,0.005081382
0.79397583,0.05176261,0.016170667,0.18246566,0.96204114,0.9996927,0.89682394,0.00035353683,0.19801784,0.99984753,0.7978346,0.9066714,0.95764816,0.0002420906,0.7185533,0.929113,0.02342692,0.9989273,0.9744024,0.08633944,0.062168658,0.9563144,0.6875029,0.009988304,0.9364458,0.00836088
0.6140026,0.0054567223,0.0008267411,0.13221897,0.097997434,0.9996049,0.9813432,0.0013156522,0.05957978,0.99974746,0.049566668,0.95748144,0.0878108,0.0009912754,0.88566643,0.9976069,0.005593115,0.9851301,0.9984559,0.0020556229,0.005638173,0.9753498,0.28107774,0.0005159626,0.9639422,0.002369101
0.7192982,0.06784325,0.0322048,0.18633102,0.88327366,0.9976363,0.8479991,0.0024851013,0.21248566,0.99882954,0.6651559,0.9029441,0.8653312,0.0023666667,0.6486795,0.9016565,0.041804556,0.99362284,0.94820476,0.08749369,0.085746594,0.90405345,0.58445126,0.02186906,0.8333678,0.018456627
0.6287672,0.008008538,0.0015124513,0.14744236,0.12893738,0.9992513,0.97486466,0.0021599322,0.069702625,0.9995633,0.06662838,0.9535002,0.11779569,0.0016900838,0.86888677,0.9957408,0.008232986,0.9810183,0.99730873,0.0034995372,0.008481059,0.96825457,0.3067229,0.0010461246,0.9520361,0.003848234
0.73850936,0.10020957,0.050584856,0.22651385,0.95184046,0.99833953,0.8315737,0.0018593065,0.24141258,0.9989279,0.8064953,0.86276233,0.9451177,0.0014834251,0.65215874,0.86212265,0.054532647,0.9966319,0.93996376,0.1794572,0.12773901,0.9226998,0.6822879,0.034961767,0.8877065,0.024815701
0.4311977,0.0061539197,0.0021503465,0.035384353,0.34484652,0.9990977,0.944908,0.0005183571,0.07362448,0.9990941,0.2624678,0.93352187,0.21659258,0.0012098709,0.30542988,0.9950446,0.0043589827,0.990921,0.9952775,0.0033733917,0.008030771,0.8052971,0.26719958,0.00045847413,0.49586672,0.00090379553
0.7093734,0.038661662,0.016498648,0.13460267,0.88976866,0.99895394,0.8830032,0.0008931192,0.17420131,0.9995003,0.6612482,0.9234226,0.86143017,0.0009841116,0.60346043,0.94104165,0.023541017,0.99651587,0.9691649,0.053280536,0.050627258,0.9118865,0.56742847,0.008867373,0.8192933,0.007727103
0.53013116,0.004047889,0.00063077704,0.09859756,0.084741354,0.99970526,0.98266864,0.00086487475,0.053797632,0.9997342,0.048503656,0.95710826,0.06667176,0.0007726567,0.8364755,0.998353,0.004075747,0.98745185,0.998841,0.0013468432,0.0047115246,0.9687099,0.2501773,0.00029230744,0.9468409,0.0014332101
0.6302479,0.00080155715,3.080346e-05,0.10808019,0.013359082,0.9999852,0.99620557,0.00015258256,0.029905124,0.99998605,0.005595118,0.96176517,0.012351034,7.422296e-05,0.97708786,0.99990666,0.00082782266,0.99424416,0.999926,0.00014753739,0.00050914416,0.9958721,0.15767229,1.1459419e-05,0.9976477,0.00024441333
0.49175104,0.021670476,0.010967963,0.07681034,0.42140582,0.9951891,0.89642173,0.0038464903,0.119538344,0.99593276,0.31353688,0.9152593,0.31438732,0.0066179154,0.4112116,0.97783685,0.016608942,0.9758238,0.98154783,0.014528456,0.029195195,0.792356,0.34157357,0.0041280473,0.5439887,0.0060926746
0.70687556,0.13537675,0.08345022,0.24998683,0.9487563,0.9965815,0.7888441,0.0037678669,0.2656264,0.9974106,0.81600755,0.8264782,0.9417039,0.0032186727,0.6174443,0.81959444,0.07997382,0.99461406,0.9132012,0.24837996,0.17471369,0.90134144,0.6800032,0.05953686,0.8606587,0.039631207
0.8097431,0.028766127,0.007046362,0.14916651,0.9458482,0.999833,0.9288814,0.00017976042,0.16153954,0.9999417,0.714914,0.9381758,0.94069666,0.00012596282,0.75359535,0.9587627,0.013817757,0.99915147,0.98520064,0.04132763,0.034928657,0.96528214,0.6522358,0.0043098335,0.9429526,0.0042365594
0.54992574,0.0072243623,0.00180537,0.08514877,0.19886822,0.99922967,0.9672529,0.0012249834,0.069690004,0.9994611,0.120038815,0.957647,0.1521299,0.0014417307,0.6899099,0.9951504,0.0062720506,0.98621655,0.99635303,0.0031084763,0.009127077,0.9323966,0.29626766,0.00085864693,0.8375947,0.0022490977
0.72748667,0.0412636,0.016209425,0.15649886,0.83593804,0.99857736,0.89314556,0.0014972842,0.17074725,0.99941206,0.5723419,0.93010914,0.8122544,0.0014518255,0.67557204,0.94051,0.026215637,0.99453664,0.96953714,0.04649609,0.05193932,0.9206737,0.5542363,0.0109866,0.8455484,0.010505931
0.45546204,0.0043262285,0.000954436,0.0540257,0.14318518,0.99955434,0.9727068,0.000648195,0.057041936,0.99953115,0.09859581,0.9576267,0.09412971,0.000902025,0.5916445,0.99765944,0.0035020304,0.98918134,0.9979279,0.001487734,0.00579409,0.918197,0.23672917,0.00030518274,0.78880304,0.0010047719
0.70907414,0.021717373,0.0069099283,0.1503665,0.5322842,0.9983851,0.940041,0.0021388473,0.11755932,0.99943036,0.28888193,0.9497429,0.50490326,0.0020333177,0.7537731,0.9757696,0.017112013,0.9880334,0.98647213,0.016056582,0.02535882,0.9362245,0.4524913,0.0053677363,0.8694975,0.00783424
0.7243907,0.12869203,0.06970187,0.24831511,0.95155096,0.997618,0.800254,0.0028717373,0.26502436,0.9982292,0.8182757,0.8387983,0.9454134,0.002246407,0.6411938,0.83423704,0.069404386,0.99571735,0.9227329,0.21730618,0.15975489,0.91274244,0.68035465,0.04925341,0.8797916,0.034288336
0.76812,0.062256735,0.023719111,0.19082367,0.94638616,0.99927086,0.8736223,0.0008128304,0.2088123,0.9996369,0.7655757,0.9040889,0.9393822,0.000627834,0.690423,0.9098075,0.032126117,0.9978848,0.9626565,0.09896185,0.07764236,0.94051665,0.6596889,0.015773831,0.90573955,0.012588137
0.7586518,0.08945144,0.037713423,0.21716245,0.96297944,0.9991725,0.8500919,0.0009771591,0.23497668,0.9994455,0.83017844,0.86752313,0.9579701,0.0007151214,0.6705522,0.88419414,0.042446796,0.9980326,0.9531595,0.15930848,0.108794674,0.93771416,0.69654685,0.024571247,0.91337264,0.017951727
0.754433,0.014114722,0.0031899272,0.16217527,0.39146087,0.99907756,0.96296173,0.0015490893,0.09555734,0.99973077,0.18335153,0.95782286,0.38767803,0.0012419872,0.8485522,0.9874801,0.01181283,0.9884099,0.99336267,0.00887914,0.01384915,0.9628777,0.4221649,0.0027476742,0.93524384,0.0057014213
0.4687789,0.009694724,0.0033989826,0.061390184,0.2552943,0.99835485,0.9444812,0.0017071619,0.08187383,0.99845755,0.1858081,0.9415265,0.17426626,0.0027319917,0.473822,0.9924959,0.007588534,0.9826315,0.9934023,0.0045809057,0.013285502,0.8553742,0.28374463,0.0011729879,0.6402215,0.0024828163
0.7107002,0.010350118,0.0019752777,0.17176247,0.18282762,0.999062,0.9722373,0.002374894,0.07843897,0.9996309,0.086933784,0.95473695,0.18068685,0.0017466182,0.88760394,0.99356365,0.010108449,0.9809647,0.9963025,0.0051618656,0.009655765,0.97054595,0.34853932,0.0016681547,0.95754355,0.0053745685
0.69918966,0.015504733,0.004086478,0.16379134,0.30170995,0.99839395,0.95817757,0.0029489317,0.09546342,0.99938846,0.15344548,0.95217854,0.28730413,0.0025402047,0.8234047,0.98690665,0.0142804645,0.9807967,0.99237823,0.009100435,0.016371122,0.9521326,0.38929304,0.003431883,0.91395676,0.0072842627
0.7526319,0.038100842,0.013323091,0.15335937,0.884012,0.9992137,0.90088946,0.00082956627,0.17079712,0.9996877,0.6257992,0.9333425,0.86746913,0.00073716824,0.691703,0.9435569,0.022274027,0.9968297,0.9731171,0.046660922,0.04824287,0.9349181,0.58227694,0.008726591,0.875758,0.008155134
0.65465236,0.00977004,0.0020777776,0.14741974,0.17915396,0.9990483,0.9703122,0.002240625,0.076585494,0.99953794,0.09194687,0.95599777,0.16503009,0.0018429934,0.84754544,0.99377835,0.0095437,0.9813756,0.9960998,0.004631184,0.01042145,0.96223116,0.33132857,0.001537592,0.93543357,0.0045576
0.6329904,0.00127686,6.4945496e-05,0.11887208,0.020375377,0.9999684,0.994576,0.000270724,0.03521032,0.99997246,0.008705404,0.95934725,0.018990826,0.00013990315,0.9696984,0.99980384,0.0013242912,0.99261284,0.99985385,0.00028002347,0.00088693533,0.9941806,0.1804325,2.7793152e-05,0.9961784,0.00043782702
0.771726,0.051577624,0.018199071,0.17425993,0.9409781,0.9994105,0.8831533,0.0006376095,0.19797327,0.99972814,0.74361473,0.91645354,0.9326406,0.0005070954,0.69318205,0.92446977,0.02656797,0.99806315,0.9673825,0.076410085,0.064526275,0.9424133,0.64014894,0.011614559,0.9030237,0.009716888
0.7075513,0.017789345,0.005050345,0.15179367,0.4354948,0.9985336,0.950419,0.0021858176,0.10508376,0.99948066,0.22386494,0.9522781,0.4122488,0.0020177441,0.78410727,0.98216796,0.014937056,0.98627985,0.990004,0.011722273,0.019720497,0.9449063,0.4254708,0.004077156,0.88989455,0.0069677276
0.31826353,0.0015254312,0.0001762776,0.04508885,0.03384935,0.9999014,0.9879242,0.00026116267,0.039098766,0.9997311,0.0281284,0.936037,0.020008976,0.00033547962,0.70915544,0.99967444,0.0013594441,0.99115646,0.99970055,0.00031839177,0.001905586,0.9554112,0.15275495,3.34306e-05,0.9234556,0.00030762484
0.67506653,0.0076806773,0.0011411579,0.17477566,0.10033653,0.9993668,0.978675,0.002414261,0.06794175,0.9996669,0.047459822,0.94901496,0.100060344,0.0015310572,0.9213486,0.9966059,0.008044816,0.97990465,0.9979907,0.0032685336,0.006888385,0.97892433,0.30189034,0.0008662385,0.9773588,0.0041971547
0.64629203,0.006121664,0.0008885386,0.15402272,0.09302949,0.99954396,0.98106843,0.001714036,0.062189262,0.99973124,0.044939574,0.9533595,0.08802763,0.0011687496,0.9104042,0.9974179,0.0063829874,0.9830185,0.9984048,0.0024154822,0.0058086785,0.97879285,0.28851396,0.00060725986,0.97413516,0.0030047442
0.76373833,0.022031613,0.0059527247,0.13080569,0.8429923,0.99960977,0.93481684,0.0004129876,0.13659489,0.9998733,0.5334246,0.95115685,0.8248167,0.00036333522,0.7302766,0.96963555,0.01292296,0.99762696,0.98589337,0.022692109,0.026956545,0.95125985,0.55349284,0.0038328567,0.8984531,0.004238018
0.76073974,0.065883294,0.026338277,0.19188643,0.94454116,0.9991322,0.8643675,0.0009577214,0.2145063,0.9995566,0.7648849,0.9016412,0.93658334,0.00075998844,0.6788663,0.90423006,0.034699485,0.9976,0.9582541,0.10374451,0.08302022,0.935307,0.65263826,0.017353056,0.89598024,0.0136901215
0.23887825,0.0009870764,0.00010961473,0.023664312,0.031257726,0.9999329,0.9875987,0.000117820404,0.03319575,0.99971443,0.031306125,0.937451,0.01476043,0.00020566552,0.49370334,0.9997948,0.00075223914,0.99362385,0.99976414,0.00017623053,0.0013619926,0.9204387,0.11250456,1.23245445e-05,0.82662284,0.00012442571
0.7107351,0.0010480013,3.955808e-05,0.13131765,0.018622177,0.9999776,0.9956182,0.0002069745,0.032437753,0.9999862,0.007036403,0.9605508,0.01874835,8.926043e-05,0.9818056,0.99985003,0.0010786477,0.99355245,0.9998914,0.00023945708,0.00060768804,0.9961234,0.17917429,1.8581884e-05,0.99809676,0.0003703765
0.7094811,0.043876495,0.019093558,0.14161527,0.8953,0.99880767,0.8727929,0.0010351243,0.18423057,0.9994148,0.67430353,0.9176563,0.86927646,0.0011289944,0.603153,0.93417484,0.025982007,0.9962442,0.9648855,0.05952805,0.057045605,0.90906644,0.57088435,0.010366171,0.81849957,0.0090082465
0.65748584,0.026962219,0.0109618,0.13398719,0.568694,0.9973876,0.91849184,0.0029218988,0.13148868,0.9988393,0.3456012,0.93973887,0.5175396,0.0032812406,0.6573709,0.9670185,0.020826463,0.985693,0.9798304,0.021351952,0.03431577,0.90111583,0.446841,0.0072271917,0.787178,0.009142256
0.6205373,0.00837022,0.0017505826,0.1295595,0.1644898,0.99919933,0.9719853,0.0018540182,0.071777605,0.9995522,0.08760846,0.9570897,0.14431374,0.0016259924,0.82634383,0.9949321,0.008067167,0.9828541,0.9966822,0.0037002303,0.009282609,0.9597991,0.31569913,0.0011619803,0.9261382,0.0035643086
0.79578686,0.049690213,0.015392606,0.17740747,0.9647258,0.999729,0.89832366,0.00030298697,0.19674163,0.99986494,0.805628,0.90798455,0.9601957,0.00021054811,0.7133965,0.93155015,0.022184106,0.99904436,0.9751897,0.08568457,0.059831124,0.9570195,0.69038147,0.00919584,0.93629307,0.0076009473
0.6613464,0.051375523,0.02685174,0.1655516,0.6980647,0.99466234,0.8707055,0.005548225,0.1748497,0.997414,0.47015125,0.91430354,0.65593565,0.006242502,0.623061,0.9298438,0.03887651,0.982398,0.95800996,0.051094387,0.06626718,0.87306243,0.49868396,0.018631464,0.7576382,0.018932719
0.69931746,0.020980591,0.006723881,0.1345512,0.5948433,0.99869305,0.93752605,0.0015862007,0.1186983,0.99950993,0.33388096,0.9499265,0.557767,0.0015828913,0.7176386,0.97520655,0.015569799,0.99084866,0.98611987,0.016080754,0.02545074,0.9310488,0.46186402,0.0047363034,0.8500969,0.006414018
0.71038604,0.0292943,0.010826085,0.15346433,0.6602058,0.9981084,0.92156225,0.0022173873,0.13729095,0.99928916,0.39145973,0.94134146,0.6289739,0.0022153703,0.7121172,0.96257794,0.021712683,0.98979646,0.9796966,0.025808724,0.03573186,0.9234237,0.49147555,0.008028052,0.8448147,0.00954444
0.6824479,0.018510858,0.005925994,0.12810704,0.5098046,0.9985997,0.9418276,0.0017558058,0.11092299,0.99944824,0.2827019,0.953192,0.46549374,0.0018047394,0.71584094,0.9796068,0.014321635,0.98893917,0.98775184,0.012959001,0.022316037,0.9291002,0.4288681,0.004091412,0.84113735,0.0060365517
0.49947578,0.007652803,0.002214549,0.06574193,0.22434674,0.99902046,0.95854664,0.0012208761,0.07311027,0.9991673,0.15018456,0.9529141,0.15816003,0.0017240635,0.5626669,0.9944602,0.0061080037,0.9860184,0.99531794,0.0033559229,0.010146879,0.89546245,0.2807139,0.00084791833,0.73364437,0.0019839683
0.81391305,0.036264353,0.009280307,0.16337147,0.9647696,0.99985635,0.922213,0.0001576831,0.1778953,0.99993896,0.78859913,0.92009103,0.9609204,0.00010378561,0.74524534,0.950786,0.01574316,0.9993512,0.9836776,0.061981164,0.0425117,0.96598136,0.6932209,0.005328845,0.9517112,0.0048780832
0.72916204,0.06801909,0.03145211,0.18544894,0.9171167,0.9983461,0.8472588,0.0017091117,0.21766597,0.99914956,0.71960485,0.9002298,0.90278405,0.0015602695,0.6450138,0.8985713,0.03983977,0.99571973,0.94917035,0.09813687,0.08774686,0.91317487,0.6109602,0.02035556,0.85056615,0.016300712
0.6945469,0.0011310892,4.6240097e-05,0.1287711,0.01939403,0.9999746,0.9952572,0.00023268684,0.03349553,0.99998295,0.00747523,0.9603655,0.019151771,0.00010455923,0.979199,0.9998319,0.0011692763,0.9932232,0.999877,0.00025898087,0.00068152143,0.9956735,0.17972946,2.1533027e-05,0.9977068,0.00039937563
0.6985528,0.013405859,0.0031814747,0.16330238,0.2547145,0.9986738,0.9635671,0.0026789708,0.0891299,0.9994867,0.12713337,0.9546071,0.24481693,0.0021861484,0.8441386,0.9897709,0.01251446,0.98093307,0.9939585,0.0073308037,0.013833607,0.95840454,0.37088707,0.0026573276,0.92859524,0.0064475806
0.57913524,0.0052689705,0.0008077915,0.12664704,0.08658103,0.9996045,0.98107255,0.0013862856,0.058835875,0.99968636,0.04572088,0.9542155,0.074282534,0.0010728718,0.8766207,0.9977957,0.0054701795,0.98450434,0.9985507,0.0019174198,0.0056169354,0.9734108,0.26615918,0.00045999838,0.9618159,0.0022245508
0.3408217,0.0047001764,0.0014004003,0.027257707,0.19221273,0.9991404,0.9497613,0.00059150765,0.06343695,0.9985682,0.17305332,0.93000674,0.10045315,0.001416794,0.2585644,0.9972511,0.003160817,0.98761684,0.9968264,0.001747512,0.006239742,0.77537996,0.19881728,0.00023886215,0.44392288,0.00065042154
0.435854,0.0029333755,0.0004934662,0.057106845,0.088322975,0.99976796,0.9817779,0.0004587583,0.04831559,0.9997061,0.060294107,0.9578082,0.057956684,0.0005637519,0.6885102,0.99881387,0.0025835792,0.99045116,0.9989967,0.0008594049,0.0038501755,0.94592303,0.21294025,0.00014975041,0.87751937,0.00070462585
0.53526,0.007898741,0.0026476632,0.045985848,0.5039368,0.99938047,0.9441118,0.0004150522,0.085530706,0.9995747,0.33225742,0.9496002,0.37058565,0.00075871235,0.40871075,0.9920443,0.005217009,0.9944107,0.99351007,0.0051239156,0.010145566,0.8603863,0.33395523,0.00074939895,0.611749,0.0011875242
0.6385678,0.0072792196,0.0012504787,0.14892337,0.11888353,0.9993794,0.97740763,0.001930679,0.06680648,0.99964786,0.059657417,0.9544312,0.11001097,0.0014406588,0.88417596,0.9963862,0.007462017,0.98212206,0.99774736,0.0030510009,0.0073931925,0.9725179,0.30319047,0.00087245734,0.9604886,0.003497032
0.71267223,0.0029054016,0.00021162974,0.1575605,0.04710728,0.9998822,0.9905477,0.00067031826,0.046899773,0.9999397,0.01955043,0.9553044,0.04880798,0.00034557722,0.96446943,0.99926406,0.0029664722,0.98898226,0.99954295,0.00093380123,0.002045137,0.9915417,0.24394038,0.0001318335,0.9940367,0.0013159404
0.7846055,0.022761747,0.0057393927,0.14296286,0.84960514,0.99964654,0.93793833,0.00039884564,0.13658975,0.9998932,0.5307943,0.950379,0.8391551,0.0003246608,0.76511157,0.9697244,0.013270035,0.99777055,0.98692024,0.023556076,0.026543465,0.9585898,0.56770486,0.003958444,0.9207833,0.0045316527
0.04087543,0.0023142244,0.0006100781,0.010975994,0.030050276,0.9947572,0.8766738,0.00042336097,0.08785127,0.84493876,0.120948784,0.045444477,0.017456358,0.0031456458,0.024531987,0.99979967,0.0015798481,0.90193045,0.9993849,0.0010597208,0.0017122044,0.22853142,0.08665429,5.7139478e-06,0.10693993,9.54749e-05
0.5769753,0.0061865044,0.0011610454,0.11431772,0.12261213,0.9994572,0.9767171,0.0014029886,0.06313887,0.9996172,0.06763399,0.95743775,0.10225896,0.001245326,0.8263845,0.9968088,0.006108875,0.98466426,0.99781287,0.0024264683,0.0071282256,0.9627809,0.28242332,0.00066050066,0.9328972,0.002448859
0.7411886,0.031616773,0.010651445,0.14283179,0.8432644,0.9991855,0.91210264,0.0008491073,0.15502197,0.9996911,0.56137365,0.94022125,0.8207426,0.0007994617,0.69362617,0.9548621,0.019396123,0.9962451,0.977844,0.0345887,0.039597284,0.9347488,0.55538005,0.006992863,0.8672548,0.0070649963
0.68153334,0.0017865422,9.9496916e-05,0.13805173,0.028072895,0.99994636,0.9932267,0.00041390356,0.039348163,0.99996376,0.0113952495,0.95731556,0.027688911,0.00020130663,0.9710279,0.9996629,0.0018455118,0.99119484,0.9997663,0.0004686487,0.0012053628,0.99366695,0.20211524,5.1259707e-05,0.99603736,0.0007002011
0.70917803,0.00014021916,1.5844972e-06,0.08847497,0.0032742694,0.99999917,0.9990368,1.7811068e-05,0.015698478,0.9999993,0.0010587365,0.9727514,0.0030706527,5.7003194e-06,0.9945799,0.99999297,0.0001463915,0.99789053,0.9999933,1.6274138e-05,5.630855e-05,0.9991093,0.098470464,4.3402358e-07,0.99975246,3.013685e-05
0.5424312,0.004908975,0.0008329913,0.106897675,0.09267398,0.9996006,0.98015404,0.0011728645,0.057357244,0.9996555,0.052947327,0.95554376,0.07457565,0.0010445536,0.8345427,0.9978629,0.005006943,0.9854983,0.9984945,0.0017556519,0.005733627,0.96648896,0.26001808,0.0004197689,0.9436965,0.0018738288
0.7863551,0.016247313,0.0035563363,0.14903231,0.65613973,0.99953496,0.9567874,0.00062389625,0.11009087,0.9998797,0.32823297,0.958149,0.652993,0.00049518514,0.82466346,0.9826166,0.011018516,0.9955325,0.99187887,0.0125033865,0.016641388,0.9648647,0.49696264,0.0027914643,0.93554145,0.0044249566
0.7957803,0.051510766,0.016265875,0.1811463,0.96230567,0.9996947,0.8960618,0.00035140026,0.19848387,0.999848,0.7997031,0.90671796,0.95788664,0.00024020366,0.71704185,0.92932606,0.023354929,0.9989373,0.97420776,0.08815092,0.06177693,0.9560476,0.6871468,0.009974864,0.9360847,0.008250744
0.6759651,0.0031882613,0.0002720223,0.1480301,0.050954767,0.99985623,0.98935217,0.0007889625,0.048635606,0.99991596,0.022057727,0.9559534,0.050620116,0.00043786646,0.9533655,0.99912256,0.003318456,0.9882494,0.9994418,0.0010242884,0.0024935154,0.9894888,0.2464686,0.00016498945,0.99117565,0.0014198391
0.7120559,0.044129707,0.018959953,0.14516641,0.88286984,0.99871206,0.87569743,0.0011957644,0.18326668,0.99938667,0.65188384,0.9211231,0.8566059,0.001242331,0.61960495,0.93326974,0.02678152,0.99581075,0.96470404,0.057512548,0.057696167,0.91045034,0.567048,0.01097732,0.8220947,0.009657389
0.7480095,0.016105881,0.0039363196,0.15528223,0.4762092,0.99907136,0.9568617,0.00140754,0.103110716,0.99971956,0.23126641,0.9571891,0.46496132,0.0011823575,0.8201339,0.98422295,0.012731858,0.99021685,0.9916502,0.0107830055,0.01679493,0.9572801,0.44078743,0.0032860145,0.9194707,0.005842093
0.48024184,0.0044240556,0.00097376737,0.05472267,0.17334925,0.9995691,0.9728185,0.0005680794,0.058550697,0.9996239,0.11373826,0.95946133,0.11712703,0.0008021918,0.593378,0.997428,0.0035175118,0.99020654,0.99782807,0.0016128347,0.005754468,0.9212795,0.25590673,0.00033754777,0.7861409,0.0010111597
0.56677353,0.00851567,0.001969278,0.11657582,0.15328237,0.9990398,0.96884805,0.0021349916,0.07198378,0.99931824,0.08878777,0.95210135,0.1273023,0.0020581463,0.7840486,0.994905,0.008193557,0.9809796,0.99647623,0.003652721,0.01021359,0.94915134,0.29985324,0.0011431386,0.9021316,0.0034750553
0.6295664,0.0067904405,0.0011322427,0.1408254,0.116728656,0.9994462,0.9782461,0.0016916461,0.065094806,0.9996842,0.058876403,0.95627284,0.10728146,0.0012740234,0.8800855,0.9966785,0.0068673054,0.983223,0.9978927,0.0027429785,0.006989629,0.97239155,0.29779997,0.0007670552,0.9589574,0.0031089063
0.47158682,0.0065836185,0.0018787455,0.05617714,0.21465722,0.99913305,0.95971066,0.0009878027,0.0690891,0.99918574,0.14965014,0.9507903,0.14423957,0.0015354092,0.51478535,0.9954947,0.0051299427,0.98697275,0.9960407,0.0027649056,0.008798479,0.8858034,0.2661582,0.00062885176,0.70052123,0.0015361134
0.43421614,0.009089512,0.0032377539,0.053000007,0.2439321,0.9983115,0.94163036,0.0015922929,0.08026663,0.998154,0.18786827,0.93582875,0.15838853,0.0028193558,0.4148871,0.9932167,0.0069298977,0.9823794,0.993718,0.004170906,0.012490505,0.83150077,0.2661433,0.0009666963,0.5856338,0.0021048517
0.1146969,0.00025842394,1.6068903e-05,0.009962826,0.008237399,0.9999863,0.99316,2.1334003e-05,0.022005685,0.9998098,0.01289574,0.88922536,0.0031462123,5.0636267e-05,0.35355997,0.99997807,0.00016654508,0.9959194,0.99996555,2.6342437e-05,0.0003257006,0.90571576,0.056405634,6.099735e-07,0.81708944,1.6279555e-05
0.60572225,0.0019709922,0.00014227834,0.118430115,0.032759283,0.99993336,0.992124,0.00042860868,0.041098274,0.999943,0.015090732,0.959003,0.029665533,0.0002565452,0.9501741,0.9995857,0.0020495271,0.9909793,0.99970704,0.000493721,0.0016038549,0.99058014,0.20641029,6.651045e-05,0.99167025,0.0007130984
0.689784,0.0063004224,0.000808597,0.17240304,0.088444784,0.9995571,0.9820645,0.0018094874,0.06287464,0.9997745,0.04043314,0.9512628,0.08911919,0.001108312,0.9331248,0.9975038,0.0065180296,0.9825523,0.99851245,0.0025520993,0.0053058844,0.982742,0.2916306,0.00059812184,0.98270965,0.003314799
0.56918633,0.013833151,0.0043756943,0.12328427,0.22397047,0.9978683,0.95182306,0.0037159156,0.08940007,0.99855214,0.13762039,0.9440303,0.1865568,0.0039713136,0.71612674,0.98932767,0.012917476,0.975177,0.9925316,0.007103787,0.017478865,0.92143697,0.33115917,0.0026331074,0.8393058,0.00588333
0.55446833,0.012140477,0.0047969623,0.054412268,0.62133473,0.9990784,0.9225223,0.0005698435,0.10439192,0.9993668,0.42424875,0.93659663,0.49427325,0.0010585322,0.39611933,0.9864899,0.0077405535,0.99415994,0.9892888,0.009570968,0.015426515,0.8433483,0.36837488,0.0013627866,0.6025447,0.0018486328
0.62687004,0.0364676,0.018293936,0.11432388,0.7439592,0.9971173,0.8728255,0.0023913442,0.16187577,0.9983657,0.5209952,0.91706145,0.67763186,0.00321524,0.5242539,0.95039123,0.024629846,0.9898839,0.9674047,0.037033524,0.047769994,0.85742825,0.47177762,0.008918812,0.6971918,0.009139639
0.6485561,0.0033133328,0.00032734766,0.13858135,0.057780422,0.9998369,0.98854965,0.0007895014,0.049718536,0.9999006,0.02625127,0.9570703,0.055035595,0.00048479385,0.94013435,0.99900097,0.0034943274,0.9882018,0.99936813,0.0010720744,0.0028531253,0.9873122,0.25481525,0.00019256357,0.9873677,0.001442758
0.70455444,0.0015853114,8.198114e-05,0.1373697,0.028829467,0.9999559,0.9939926,0.0003195254,0.037807178,0.9999751,0.011511735,0.9594942,0.029275486,0.00015423243,0.9738408,0.9997067,0.0016385347,0.9921687,0.9998031,0.0004162583,0.0010327105,0.9944516,0.20971847,4.2950433e-05,0.99658847,0.0006158624
0.68729335,0.023364585,0.008191473,0.1480624,0.5119684,0.9978847,0.9345492,0.002730789,0.121037364,0.9991798,0.28860298,0.94618154,0.4776002,0.0027237635,0.7289413,0.9736211,0.018804634,0.98556167,0.9845634,0.017165137,0.028125973,0.92487735,0.4418319,0.006111933,0.8451001,0.008713645
0.7858518,0.016735904,0.0036604307,0.14567254,0.7035794,0.99959356,0.9545949,0.0005250761,0.113580145,0.99989307,0.36299178,0.9577588,0.6986919,0.0004170211,0.81451374,0.981289,0.0109707415,0.9963242,0.9914415,0.013522369,0.017660579,0.9645766,0.509856,0.0027992188,0.933706,0.0041842167
0.63369054,0.0009767867,4.1418578e-05,0.11461014,0.015114487,0.9999794,0.99552816,0.00021052545,0.032012325,0.9999801,0.0062761125,0.9598318,0.013844878,0.00010216445,0.97546273,0.9998745,0.0010140414,0.99343395,0.9999013,0.00019565846,0.0006269083,0.99534154,0.16261442,1.6305814e-05,0.9973163,0.00031565412
0.66409093,0.024561826,0.00939982,0.14696254,0.47628555,0.99718374,0.92981195,0.0036256989,0.121076666,0.9987852,0.277041,0.94205767,0.43501788,0.0038460686,0.7048923,0.97236687,0.02059779,0.98169166,0.9832999,0.018061405,0.030216353,0.9137511,0.43149012,0.0068535567,0.82131153,0.009742736
0.82935834,0.029364951,0.0062952153,0.15414682,0.96992445,0.99992704,0.9353799,8.051867e-05,0.16948442,0.99997044,0.79758376,0.9237203,0.9671062,4.942566e-05,0.76764256,0.96235657,0.011749073,0.9995999,0.9883692,0.04985776,0.03287844,0.97284466,0.7021619,0.0033333597,0.9640022,0.0032944728
0.25310552,0.0012711248,0.00018464806,0.018704094,0.061592683,0.999882,0.98164624,0.0001233914,0.037653744,0.99962103,0.06114223,0.93985206,0.027583076,0.00026784057,0.33004314,0.9996171,0.0008817279,0.99357164,0.99952805,0.00027519697,0.0018017226,0.8660392,0.12638,2.0619293e-05,0.64983606,0.00013457431
0.42241502,0.0014467658,0.00018486087,0.04708087,0.06751285,0.9999167,0.98919195,0.00014984384,0.041156303,0.9999169,0.047837492,0.959085,0.044644207,0.00018085762,0.7324365,0.9995493,0.0013371125,0.99392563,0.99962187,0.00035580678,0.001796681,0.96242654,0.20672841,4.5594283e-05,0.9158944,0.0002907188
0.28185922,0.0012387725,0.00017251397,0.019112429,0.06980397,0.9999012,0.9833227,0.00010410229,0.036851168,0.99974996,0.0638355,0.95063967,0.03267229,0.00021671818,0.3644736,0.9996099,0.00083732844,0.99452025,0.99953043,0.00026319164,0.0017036686,0.8832278,0.13522536,2.1706524e-05,0.67634696,0.00013031694
0.68041945,0.0096188,0.0018278786,0.16473494,0.15820926,0.99911684,0.9729769,0.0024023524,0.07521686,0.99959105,0.077513695,0.9546226,0.15263659,0.0017800734,0.8821036,0.99437416,0.009569405,0.98045003,0.99661875,0.004564779,0.00946619,0.9696461,0.3305682,0.0014520647,0.95562565,0.0049162526
0.6914431,0.0014419943,6.8233516e-05,0.13370077,0.023666013,0.99996257,0.99433005,0.00031448444,0.03627401,0.9999751,0.009347894,0.9591851,0.0235402,0.00014580166,0.9755269,0.9997576,0.001483791,0.99225473,0.9998267,0.0003565081,0.00091548596,0.99476224,0.19150224,3.382343e-05,0.9969806,0.0005352081
0.806886,0.016899228,0.0033647714,0.1391254,0.8317185,0.9998005,0.95436025,0.00023690639,0.12181952,0.99994886,0.47796544,0.9561487,0.8292607,0.00017554862,0.81354153,0.9796851,0.009722612,0.9983322,0.9919491,0.015913552,0.01840561,0.97037977,0.56462145,0.0023436006,0.9476092,0.0032168236
0.71545804,0.004285853,0.00038747763,0.1708636,0.06278381,0.9997775,0.98728395,0.0010990452,0.054255728,0.9998909,0.026891332,0.9523502,0.06571213,0.00059374777,0.95637643,0.9986811,0.0043703234,0.9861183,0.9992078,0.001557901,0.0031341414,0.9887875,0.2658851,0.00026870152,0.9913551,0.00211624
0.46928662,0.0051903552,0.0012759635,0.053725243,0.18054661,0.9994253,0.9675542,0.0007316292,0.062324557,0.9994522,0.123643614,0.95711076,0.11972607,0.001069089,0.553766,0.99683434,0.004056572,0.9888271,0.9971806,0.001948216,0.0069290213,0.905306,0.25189382,0.00042182935,0.74551874,0.0011870113
0.5312376,0.0068790456,0.0018306175,0.06911632,0.2304752,0.9992632,0.9641239,0.00096231204,0.070143305,0.9994597,0.1447076,0.95816475,0.16750722,0.0012800948,0.6121476,0.99504495,0.005579743,0.9881444,0.9960295,0.0030022983,0.008905527,0.9150387,0.2909476,0.00075154484,0.77748567,0.0018017156
0.60776836,0.040103115,0.021395104,0.12086005,0.672047,0.9953348,0.8685839,0.0040407227,0.16235018,0.99726725,0.46676484,0.9143726,0.5982999,0.0054790406,0.5250025,0.9474362,0.029020596,0.98396784,0.9644095,0.037705336,0.052429244,0.8418917,0.45424893,0.011262531,0.67184323,0.012104736
0.51710653,0.007872299,0.0021504418,0.07943363,0.19619177,0.9990125,0.9625137,0.0014742876,0.072432145,0.9992113,0.12663119,0.9531607,0.14568311,0.0018571458,0.64153755,0.99464476,0.0067072613,0.9843387,0.9957723,0.0033876977,0.01030758,0.9167026,0.28810686,0.0009431753,0.799966,0.0024063876
0.7047338,0.022642635,0.007576607,0.146061,0.562044,0.998346,0.9362084,0.0020808913,0.120841056,0.9994012,0.31363335,0.94880414,0.5287283,0.002050489,0.73561317,0.9738801,0.01763848,0.98862666,0.9853147,0.017378213,0.02702405,0.9316811,0.45882466,0.0057046846,0.8571081,0.007893623
0.5874824,0.041360173,0.023132842,0.12330872,0.60597724,0.9935442,0.8661152,0.005802199,0.16066131,0.9960134,0.42415807,0.911038,0.5275684,0.007973626,0.51819605,0.94771206,0.031457882,0.9776839,0.9632272,0.03647585,0.054407004,0.82697296,0.43464082,0.012475645,0.647561,0.013995056
0.7616123,0.019854246,0.0052149952,0.14628024,0.684003,0.99931645,0.9459109,0.00085817865,0.11969157,0.9997968,0.3688219,0.9545802,0.66794884,0.0007416327,0.7821653,0.9766833,0.013638581,0.99472517,0.98852074,0.016288895,0.022162713,0.95355093,0.49982238,0.00398581,0.9079854,0.005455418
0.6278997,0.0032823915,0.0003359988,0.12843528,0.060562104,0.99983895,0.98825026,0.00073182024,0.049642313,0.99989796,0.028102,0.9590367,0.056106303,0.0004742131,0.9299609,0.9989768,0.0034119778,0.98863155,0.99933904,0.001029261,0.002966801,0.9859898,0.25246114,0.00019265337,0.98430425,0.0013598702
0.7772846,0.018034812,0.004201013,0.14565448,0.71026075,0.99952817,0.9506406,0.0005951574,0.11728925,0.99987054,0.37534544,0.9565304,0.7022571,0.00048534336,0.8007195,0.9792548,0.011830411,0.9960479,0.990292,0.014801129,0.0195413,0.960983,0.51023424,0.0031741126,0.9249676,0.0045485185
0.5711844,0.008583777,0.002158048,0.10369242,0.1897991,0.9990362,0.966289,0.0017522132,0.07383967,0.9993693,0.11156906,0.95580375,0.15338375,0.0018393883,0.74000305,0.9942538,0.007836976,0.9833039,0.9958657,0.0038316355,0.010626426,0.9398176,0.30685633,0.001185185,0.86911,0.0031625363
0.7983849,0.03950358,0.011432842,0.16228348,0.95402455,0.9997445,0.90757364,0.00027969608,0.18260856,0.9998925,0.7595507,0.9256978,0.9483632,0.00020137076,0.7231991,0.94254297,0.018655835,0.9989706,0.9779986,0.060893256,0.04837391,0.9576559,0.6603469,0.0069483644,0.93090844,0.006067881
0.7744749,0.022166004,0.0058352733,0.14221354,0.80052847,0.9995246,0.93874073,0.00054771936,0.13199414,0.9998568,0.47783035,0.95187694,0.78683084,0.00046367614,0.7632384,0.97145027,0.013566749,0.99688065,0.9867133,0.021098467,0.025508376,0.9543711,0.540529,0.004107963,0.9101229,0.004906355
0.70033526,0.0028199994,0.00020608245,0.15376373,0.044733085,0.99988747,0.9906431,0.000668994,0.046414454,0.9999373,0.01874585,0.9558277,0.045471292,0.00034883132,0.9629293,0.99929917,0.0029014437,0.9890448,0.9995542,0.0008936218,0.0020168312,0.9913912,0.23879287,0.00012575544,0.993761,0.0012501149
0.32819387,0.0021372256,0.0004336393,0.0189994,0.14459918,0.9997662,0.9710733,0.00017195281,0.046681978,0.9995802,0.1265113,0.9504655,0.068763405,0.00040784656,0.26793745,0.9989819,0.0013454452,0.9935917,0.99872285,0.0006179838,0.0028005461,0.824585,0.16597709,6.1420695e-05,0.50133765,0.0002179102
0.34556583,0.0018792034,0.0003244408,0.024732595,0.105810925,0.9998324,0.97926885,0.00017134756,0.042917714,0.999718,0.08758106,0.956386,0.054929223,0.00033510788,0.40052763,0.9992337,0.001305618,0.9937218,0.99914396,0.0004857326,0.00254434,0.8867982,0.17060226,5.529317e-05,0.67264193,0.00024006353
0.5347224,0.0052111326,0.0010069299,0.09182174,0.121168055,0.99953794,0.9770586,0.0010305258,0.059536614,0.99961436,0.0719604,0.958265,0.093166985,0.0010509028,0.7739653,0.9973515,0.0049437666,0.9866724,0.998052,0.0019189845,0.006313746,0.95460755,0.26451772,0.00047336676,0.9078456,0.0017403192
0.79786026,0.039456096,0.0113975005,0.1647183,0.9532959,0.99974006,0.91105855,0.0002815652,0.18040952,0.99989307,0.755634,0.9247709,0.9478129,0.00020166936,0.7279511,0.9427548,0.01889971,0.9989525,0.97898203,0.062187564,0.048444156,0.9585701,0.6675179,0.007053358,0.9339243,0.0062595545
0.5636446,0.0056787133,0.0010539553,0.10587459,0.12197481,0.99951017,0.9775164,0.0012022337,0.061317652,0.9996456,0.06856476,0.95802045,0.099762626,0.0011116416,0.81401354,0.99710256,0.005487778,0.9856991,0.9980019,0.002148987,0.0066115675,0.96145564,0.2795084,0.00056269806,0.92758113,0.0021092913
0.77826023,0.06479177,0.023788702,0.19804955,0.9699256,0.99962616,0.884499,0.00041187851,0.21546419,0.9997701,0.8405076,0.8773962,0.9656771,0.0002908813,0.6889241,0.9152004,0.029349227,0.9988966,0.9690916,0.13063723,0.07933792,0.95060533,0.71249753,0.013917665,0.93381244,0.010557037
0.69256204,0.041431487,0.018342707,0.14631599,0.78834707,0.99778444,0.8857706,0.0022030503,0.16802557,0.9989981,0.5356859,0.9266132,0.7506967,0.00238249,0.6310833,0.94092196,0.027936762,0.9918658,0.9669206,0.044566967,0.05326116,0.89899963,0.52479357,0.011739676,0.7962111,0.011435473
0.71027464,0.010158015,0.0020183588,0.15966229,0.21421176,0.999141,0.97136486,0.001930271,0.07887808,0.9996736,0.10198137,0.9583594,0.20763293,0.0014972157,0.8702285,0.9931165,0.0096056545,0.98359525,0.9959991,0.005195033,0.009868793,0.96771294,0.3562102,0.0016610326,0.9475743,0.0047760922
0.14778239,0.0009500627,0.00013937028,0.010386365,0.048658714,0.99984324,0.97618526,7.4742165e-05,0.03836851,0.9990716,0.07054135,0.8557092,0.018785255,0.00027323488,0.13740776,0.9997936,0.000608502,0.99198663,0.9996718,0.00019375629,0.0012594291,0.72567236,0.09302247,7.0487126e-06,0.4014978,5.8187186e-05
0.7953905,0.04561048,0.01406405,0.1735629,0.9610443,0.9997222,0.90219605,0.00030209223,0.19125204,0.9998729,0.7889198,0.9143143,0.9560241,0.0002136004,0.71654856,0.9347955,0.021266518,0.99899155,0.9761845,0.07751991,0.056383323,0.9569154,0.6829002,0.008494374,0.9342015,0.007191183
0.749854,0.09278212,0.042396095,0.22172067,0.96620286,0.99914646,0.8500323,0.00097523286,0.23766798,0.99937624,0.84567857,0.8494062,0.96162295,0.0007286046,0.6573144,0.88101,0.045138817,0.9980742,0.9522495,0.18561871,0.115770526,0.93557876,0.7088733,0.026655072,0.91399413,0.018531503
0.45809728,0.008951993,0.0032661902,0.046326943,0.3277907,0.99860966,0.9371476,0.0010674609,0.0839325,0.9986939,0.24285696,0.9391637,0.21530247,0.0020251183,0.37403598,0.99242896,0.0063318885,0.98719925,0.9929663,0.004595728,0.011909915,0.81943023,0.28114125,0.00091187365,0.54151624,0.0017189484
0.7924257,0.043286126,0.013506978,0.17047329,0.9555349,0.9996959,0.9057695,0.0003237783,0.18590498,0.9998679,0.7700748,0.91835207,0.949807,0.00023741041,0.7171755,0.93678576,0.021022415,0.99887544,0.9768753,0.072726086,0.0537183,0.9558244,0.6756428,0.008328567,0.93056643,0.007105886
0.6957892,0.00037945402,7.9490155e-06,0.105251305,0.007333799,0.9999956,0.9979259,6.3109444e-05,0.022558406,0.99999654,0.002606751,0.9664959,0.0069518755,2.3975057e-05,0.9895062,0.99996924,0.00039262322,0.9962186,0.99997354,6.033775e-05,0.0001844967,0.99807465,0.1293251,2.7406572e-06,0.9992755,0.00010217711
0.5916362,0.0014599047,8.846997e-05,0.11276568,0.022592643,0.9999589,0.993669,0.0003224872,0.037108097,0.99995816,0.010423802,0.9583419,0.020065328,0.00018445203,0.9591805,0.999757,0.0015235686,0.9919984,0.99981827,0.00032104607,0.0011171753,0.99246466,0.18320161,3.6234767e-05,0.9941802,0.00049408653
0.70356315,0.00054656266,1.3951618e-05,0.11380237,0.010454322,0.99999225,0.99730647,9.359413e-05,0.025711909,0.9999945,0.003773538,0.96507436,0.010234359,3.7140737e-05,0.9872652,0.9999448,0.0005648532,0.99550194,0.99995553,9.907996e-05,0.0002830008,0.99754566,0.1462481,5.4398965e-06,0.99898,0.00016172319
0.6780181,0.0040804935,0.00040158536,0.15685624,0.060836438,0.99978405,0.987039,0.0010960512,0.053347845,0.9998766,0.026780024,0.9538641,0.060620032,0.00062430935,0.9472494,0.9987263,0.0042522964,0.98629516,0.99920636,0.0014247863,0.0032916304,0.98746055,0.25938225,0.00026118683,0.9889137,0.0019372893
0.5414636,0.0153811565,0.0073465565,0.07063498,0.6177656,0.9982181,0.9178825,0.0009807925,0.11338849,0.99886036,0.4364638,0.91833055,0.50942284,0.0018598844,0.419562,0.98122185,0.012266503,0.9915256,0.98760414,0.015224125,0.02081696,0.8419107,0.41056576,0.002431579,0.6155935,0.0031649396
0.80257416,0.028880997,0.007254634,0.14979556,0.9311816,0.99978,0.9276399,0.0002408063,0.1587965,0.99992466,0.6791839,0.9404218,0.9252706,0.00017610186,0.7536868,0.9587648,0.014517305,0.9988738,0.98444945,0.038044322,0.034693364,0.9625624,0.63226116,0.0046461592,0.93594676,0.0046293642
0.6456844,0.030215893,0.013394299,0.14391562,0.53057677,0.9961695,0.9129686,0.004389914,0.13395442,0.99821645,0.3278361,0.93395656,0.47981715,0.005011185,0.65436345,0.96349305,0.024810906,0.98037165,0.977489,0.024092067,0.03872289,0.8925404,0.44359168,0.009184403,0.77594197,0.011736777
0.6628105,0.07121298,0.041377343,0.18541847,0.761919,0.99293137,0.8379911,0.007176498,0.20388578,0.9963284,0.5421773,0.89594036,0.7270473,0.007943351,0.60964316,0.89971846,0.052528113,0.98172504,0.9401348,0.07881913,0.09176876,0.85987663,0.5252949,0.02905414,0.75080925,0.026758084
0.6476534,0.007180834,0.0011554131,0.15513696,0.110496715,0.99941194,0.9783174,0.0019767324,0.06631598,0.99967253,0.054442182,0.9537355,0.10483813,0.0013907189,0.8978336,0.996609,0.007401427,0.9818788,0.99790716,0.002980405,0.0070512476,0.9751653,0.30053723,0.00082645915,0.96712685,0.003546756
0.66525674,0.0021349813,0.00014081405,0.13563336,0.034244403,0.99992716,0.9921157,0.0004996391,0.042043515,0.9999505,0.014417162,0.9577614,0.033280913,0.00026210258,0.96304333,0.9995425,0.0022113465,0.99044496,0.9996884,0.0005837042,0.0015611077,0.9921787,0.21494533,7.4691154e-05,0.99425995,0.0008564399
0.54412353,0.009888424,0.0028875305,0.09298281,0.22269493,0.99870276,0.9582139,0.0019709123,0.07953816,0.9990773,0.13951297,0.95141965,0.17366192,0.0023450782,0.6662556,0.9926692,0.008582041,0.9823287,0.99452066,0.004628525,0.012783056,0.9177809,0.31044593,0.0014424379,0.8091599,0.003348168
0.40878177,0.0036151786,0.0007834847,0.041510113,0.1358943,0.99961144,0.9723911,0.0004926548,0.053640593,0.99949276,0.1011681,0.95467544,0.08201639,0.0007847478,0.5027383,0.9981452,0.0027502456,0.9901355,0.99821764,0.0011658502,0.0049363733,0.89846814,0.2137455,0.00020090683,0.7268967,0.0006940696
0.80492204,0.016877623,0.0033764616,0.1364327,0.8336094,0.9998012,0.9537639,0.00023471765,0.12155754,0.9999484,0.48134547,0.9567679,0.8295354,0.00017571994,0.80753934,0.97949344,0.0096213985,0.9983511,0.9917278,0.015898548,0.018503882,0.96955824,0.5621385,0.002339479,0.94489735,0.0031662455
0.5970214,0.0015515657,9.547053e-05,0.11531306,0.023433864,0.9999552,0.993411,0.00035068003,0.037794843,0.9999546,0.010700303,0.9582379,0.020885982,0.00020029876,0.95901084,0.99973327,0.0016225916,0.9917368,0.9998011,0.0003516744,0.0011810181,0.9922971,0.18461713,4.0230658e-05,0.9940789,0.00053351
0.2363787,0.0010327967,0.00015893584,0.011995953,0.08601438,0.9998877,0.97944266,6.214045e-05,0.03797347,0.9996964,0.09271164,0.93139315,0.036003795,0.00018592308,0.19740474,0.99967504,0.00064061885,0.9949063,0.99953604,0.0002325868,0.0013438368,0.80459243,0.1231509,1.3033142e-05,0.4625787,7.1223345e-05
0.55179304,0.0046690456,0.00074700284,0.10333623,0.09760228,0.9996505,0.981075,0.0009938182,0.05655424,0.999724,0.054133017,0.95845556,0.07938868,0.00086942944,0.83701015,0.99794227,0.004595715,0.98684895,0.99856794,0.0016200298,0.0053321216,0.96791434,0.26235235,0.0003825823,0.943859,0.0017013709
0.72896516,0.074116826,0.036991023,0.1933316,0.9378948,0.99838936,0.8442525,0.0015509918,0.22035342,0.99911886,0.7648377,0.8891582,0.92614794,0.0014281506,0.6311896,0.8857375,0.044444382,0.9964227,0.94748425,0.13009466,0.09855893,0.9157627,0.6462294,0.023887789,0.8587148,0.017577114
0.73918146,0.06764048,0.033348158,0.19269018,0.9565099,0.9990157,0.8633956,0.0008587051,0.21789657,0.999433,0.8093378,0.8749703,0.9482024,0.0007874295,0.63008,0.89674926,0.04058345,0.99777347,0.9564598,0.1529314,0.09130147,0.9255396,0.6803211,0.01983749,0.8858576,0.013953067
0.7187079,0.0010787993,4.0969644e-05,0.13419971,0.019549917,0.9999764,0.9955621,0.00020926722,0.03281182,0.9999864,0.007370701,0.9604619,0.019908436,9.031354e-05,0.98211116,0.9998424,0.0011133188,0.99350387,0.9998877,0.0002527377,0.0006201776,0.9961499,0.18388334,1.9738098e-05,0.998123,0.0003882952
0.44543594,0.002726175,0.00037953127,0.068075925,0.06477085,0.9998197,0.9848145,0.00049324706,0.04635024,0.9997577,0.041927245,0.95657665,0.044674084,0.0005131664,0.7766858,0.99907327,0.0025526504,0.99004316,0.9992582,0.0007469687,0.0033690403,0.9622179,0.2054901,0.00012574825,0.92902106,0.00073263526
0.5768567,0.00051941106,1.7066297e-05,0.09171717,0.008379764,0.9999925,0.9971365,9.192742e-05,0.026168903,0.9999902,0.0037538118,0.9624958,0.007309958,4.6117715e-05,0.9781773,0.99995506,0.000538011,0.99532324,0.99996126,7.603436e-05,0.00032443306,0.9964797,0.13361645,5.003065e-06,0.9980464,0.00013561787
0.35527325,0.0043232325,0.001189016,0.030516542,0.17066073,0.99931157,0.95791245,0.0005721874,0.060005896,0.99891114,0.14744306,0.939101,0.09231276,0.0012133492,0.31850135,0.997554,0.003009236,0.98832417,0.9973156,0.001511101,0.005920687,0.81705254,0.2026224,0.00022615732,0.5249335,0.000664853
0.58930975,0.0064808936,0.0011841304,0.12710938,0.11488994,0.99942565,0.97716534,0.001642793,0.06414425,0.99960464,0.061712842,0.95476234,0.09888086,0.0013621645,0.8516379,0.9967709,0.006632634,0.98328686,0.9978759,0.0025946186,0.0072416095,0.9669384,0.28747293,0.0007121636,0.9464065,0.002801918
0.7324005,0.052791685,0.022528592,0.17350753,0.87145525,0.99832827,0.8754854,0.0017623276,0.18994047,0.99926525,0.6309523,0.9180162,0.8536653,0.001651235,0.6706774,0.9228481,0.032715503,0.9946219,0.9611811,0.06583358,0.066897355,0.91726905,0.5802231,0.015442884,0.84960496,0.013703721
0.554605,0.004476896,0.00069436897,0.10674235,0.09034048,0.99967146,0.9820955,0.0009911597,0.055478543,0.99973756,0.04983686,0.95738244,0.074236445,0.0008527795,0.8499868,0.99811894,0.0044740317,0.9867503,0.9987116,0.0015354772,0.0050034,0.97044164,0.2616235,0.0003557115,0.95103025,0.0016639607
0.6479884,0.0012341106,6.008901e-05,0.123261474,0.019008173,0.9999689,0.99465126,0.00028907156,0.035005104,0.99997294,0.007833781,0.95778394,0.017623326,0.00014189274,0.9734222,0.99981517,0.0013022344,0.992447,0.99986184,0.00027937122,0.00081203226,0.9946504,0.17777394,2.5762185e-05,0.99683124,0.00043299663
0.6068765,0.001251607,6.904423e-05,0.11071486,0.021605564,0.9999685,0.9945311,0.00024434322,0.03557655,0.99997175,0.0097649265,0.96000487,0.019641299,0.00013810191,0.9636599,0.99980277,0.0013123832,0.99283785,0.9998548,0.0002666624,0.00092731556,0.9934936,0.18510686,2.8174849e-05,0.9951598,0.00041429733
0.6784562,0.017269034,0.0051624924,0.15501758,0.33722684,0.998059,0.9519906,0.003190699,0.10083208,0.9992255,0.17965832,0.95021355,0.31409588,0.002947293,0.7870901,0.9843359,0.015554699,0.980379,0.99061537,0.010589401,0.019653516,0.9416113,0.39751482,0.004120247,0.8868843,0.00784726
0.71130925,0.11827062,0.06745308,0.2369531,0.92885786,0.99639565,0.7917248,0.004038049,0.26358163,0.99769574,0.7674926,0.8556669,0.9184674,0.0034901113,0.63153017,0.8361179,0.07098829,0.9933663,0.91455996,0.18122683,0.15034719,0.8948455,0.63756955,0.047679514,0.8436928,0.034884088
0.49893606,0.005557707,0.0012857633,0.068655945,0.16522005,0.9994128,0.97065073,0.0009084498,0.06281389,0.9995072,0.10603115,0.9571819,0.11812195,0.0011518077,0.6495543,0.99673223,0.0046726433,0.9875014,0.99735767,0.0021049269,0.0072414624,0.92815197,0.26744288,0.0005129092,0.8207004,0.0015323019
0.7103685,0.025753446,0.008834164,0.15034764,0.61703366,0.99831045,0.9296215,0.002064132,0.12982829,0.999385,0.3524233,0.9455781,0.58728576,0.0020060043,0.7287103,0.96866465,0.019280469,0.98964524,0.982754,0.020976914,0.030944692,0.92911595,0.4751744,0.006612949,0.8551559,0.00853116
0.6354075,0.007355489,0.0011946008,0.15999548,0.10005215,0.9993635,0.9777461,0.002329291,0.06714854,0.9996019,0.049490154,0.949053,0.0939405,0.0016211562,0.90160704,0.9966389,0.0077939215,0.98012584,0.9979557,0.0030757133,0.0072032376,0.9752079,0.2948606,0.00083054625,0.96977824,0.0037730844
0.724441,0.015583106,0.0041297222,0.1447297,0.46305376,0.99897695,0.95525074,0.0014832048,0.10162381,0.9996675,0.23385823,0.9572923,0.44054008,0.0013320989,0.79357934,0.9844185,0.012562742,0.98958147,0.9913539,0.010403251,0.017238285,0.950897,0.4322878,0.0032438012,0.8999997,0.0055509773
0.52616143,0.0023054937,0.00022107993,0.10111368,0.03940793,0.9998989,0.9898671,0.0005081761,0.0435279,0.9998857,0.021262519,0.95687395,0.031998564,0.0003718102,0.9111179,0.99943405,0.00240595,0.9900954,0.99958855,0.00058912736,0.002274404,0.984189,0.20626724,9.0989364e-05,0.9812688,0.0007744171
0.5762971,0.009566097,0.003297076,0.060351092,0.5787038,0.999326,0.94470793,0.00043673138,0.09478067,0.99963987,0.37057793,0.94718057,0.46934044,0.0007271223,0.4826482,0.9891556,0.006932477,0.9947482,0.99283665,0.0075000604,0.012456156,0.8882674,0.39513457,0.0011527045,0.68505365,0.0016980149
0.6549088,0.0016756488,0.000102201,0.12387046,0.030648973,0.9999498,0.9933804,0.00034176896,0.03899363,0.99996674,0.012976913,0.9603306,0.02957659,0.00018327778,0.9638441,0.999671,0.0017465883,0.99191284,0.9997738,0.00042119587,0.00123414,0.9930016,0.20983374,5.0148697e-05,0.99469817,0.000626866
0.2747671,0.0013546904,0.00016626343,0.032586988,0.037195746,0.99989915,0.9867048,0.00019006722,0.03791579,0.999688,0.034392506,0.9329366,0.02001045,0.00030080616,0.5811625,0.99970216,0.0011070532,0.9919591,0.9996971,0.00027160585,0.0018031569,0.93429834,0.1392824,2.4692532e-05,0.86618835,0.00022016194
0.7581077,0.04963393,0.01927377,0.17036998,0.93683624,0.9992816,0.8847843,0.0007024897,0.19303848,0.9996778,0.73630327,0.9157916,0.9260629,0.0006052433,0.6723924,0.92349666,0.027551617,0.9977774,0.9670347,0.07981556,0.06509262,0.9372494,0.64129794,0.012156684,0.8890559,0.0099723935
0.2889173,0.0012603867,0.00015487925,0.029583365,0.04257744,0.9999126,0.98701406,0.00015189667,0.036615755,0.99976104,0.03812695,0.9446743,0.022269187,0.00024429942,0.5578148,0.9996952,0.0010110234,0.9932174,0.99967885,0.00025082304,0.0017152785,0.9320227,0.13899419,2.3108249e-05,0.84786284,0.00018959734
0.6915256,0.0038494766,0.0003620188,0.15749061,0.061062265,0.99980897,0.9878319,0.0009509846,0.052017752,0.9998964,0.026674362,0.9555576,0.06134434,0.00054173556,0.9500063,0.99881905,0.0039752442,0.9871542,0.9992718,0.0013485271,0.0030304198,0.9882897,0.26125625,0.00023744798,0.98976225,0.0018117669
0.6578675,0.00079902913,2.8878152e-05,0.11216148,0.013832178,0.99998534,0.99627763,0.00015302464,0.029639727,0.9999877,0.0055229887,0.9625696,0.013110686,7.037932e-05,0.9796022,0.9999049,0.000825597,0.9943294,0.99992454,0.00015430011,0.00048469935,0.9962179,0.15992667,1.1393471e-05,0.9979645,0.00024940938
0.6884969,0.0010252475,4.0782455e-05,0.12351504,0.018509988,0.9999783,0.9955936,0.00019902045,0.032357536,0.99998546,0.007198022,0.9616021,0.01833204,8.971612e-05,0.9791955,0.9998529,0.0010629304,0.9936699,0.9998919,0.00022589506,0.0006280967,0.9958331,0.17786993,1.8307155e-05,0.99774617,0.00035164002
0.78675675,0.02916123,0.00791341,0.14942698,0.9017989,0.99965334,0.924431,0.00037986843,0.15592687,0.99988234,0.6252519,0.9421242,0.8931684,0.00030185847,0.7452644,0.9587926,0.01579541,0.9982346,0.98284376,0.034602907,0.03503839,0.95613766,0.60028577,0.00527473,0.9199639,0.005340679
0.6148262,0.027988207,0.012581642,0.13124149,0.48258567,0.9958625,0.91269994,0.0046494445,0.12926771,0.9978624,0.30527058,0.9328415,0.42279628,0.0056201,0.62231666,0.96804124,0.023070749,0.97793716,0.97883546,0.020784765,0.036452252,0.8804402,0.417771,0.007990916,0.7445084,0.01077637
0.73089314,0.016716378,0.0046542683,0.11413389,0.8003871,0.99960977,0.9430678,0.0003718742,0.1207511,0.99987674,0.49106684,0.9533986,0.769567,0.00036608212,0.7035579,0.9769085,0.011044241,0.99742573,0.98930806,0.01695641,0.02154177,0.9477356,0.5336551,0.0027674392,0.879909,0.003296935
0.6806723,0.01914073,0.0062418776,0.14059341,0.4504027,0.9982058,0.94312674,0.0024518918,0.10919127,0.99929094,0.24738343,0.9505357,0.41303268,0.0024662497,0.73829013,0.9799197,0.015901914,0.9852873,0.98801106,0.013004225,0.022784924,0.9310097,0.42214665,0.0046075513,0.8531419,0.0072456254
0.4172007,0.0028921084,0.0005219352,0.045265775,0.10724403,0.99974877,0.97924507,0.00038752917,0.04870399,0.9996834,0.076211035,0.95826644,0.06671734,0.0005487378,0.5941882,0.9987197,0.0023227194,0.9912209,0.99883276,0.00085035857,0.003882549,0.927678,0.20989308,0.00014151198,0.81370646,0.00058886915
0.65505624,0.0037136213,0.00036313885,0.14887096,0.05553564,0.9998118,0.9876079,0.000991173,0.05172568,0.9998779,0.024849087,0.9541371,0.053431034,0.0005836725,0.9443304,0.998884,0.0039164675,0.98685336,0.99929166,0.0012376974,0.0030869716,0.9873028,0.24943675,0.00022027931,0.98851275,0.0016877482
0.1697273,0.008089482,0.0036884872,0.023637539,0.1525278,0.99221295,0.8772081,0.0017061706,0.08424639,0.9655827,0.2282097,0.5906538,0.07752679,0.0082328115,0.07930514,0.9967781,0.0061321897,0.95048165,0.99516594,0.004256781,0.009025707,0.44271648,0.1618571,0.00023198151,0.17822216,0.00086662354
0.54966784,0.007799333,0.0019170064,0.096633635,0.17401543,0.9991242,0.9674787,0.0016075226,0.07072999,0.99936205,0.10494924,0.9552862,0.13676785,0.0017404634,0.7269858,0.99502784,0.0070925686,0.98375016,0.9963372,0.003324726,0.0097931335,0.9381127,0.2938931,0.0009778804,0.8640332,0.0027427254
0.74881214,0.04742205,0.018146602,0.16647017,0.89996076,0.99900717,0.88419044,0.0010506785,0.1872305,0.99957126,0.6645371,0.92282313,0.88534904,0.000937378,0.680635,0.92982656,0.027472673,0.9965707,0.96635944,0.061870832,0.05982107,0.92967045,0.596162,0.011969385,0.8717611,0.010475623
0.7225535,0.0020682602,0.00011621453,0.15216336,0.034086403,0.99993217,0.99272996,0.00046228402,0.041556783,0.99996483,0.013512087,0.9563523,0.035438526,0.00021931487,0.9737752,0.99957234,0.002131294,0.9907223,0.9997223,0.0006034908,0.0013158269,0.99382895,0.22103165,6.7229616e-05,0.99636215,0.0008754573
0.27897605,0.0032404654,0.00094693084,0.017702753,0.18986745,0.9992865,0.9487466,0.00028703603,0.057182726,0.99843675,0.19692452,0.89750856,0.088577144,0.001000005,0.1480676,0.9983322,0.002105627,0.989507,0.99779487,0.0012764332,0.0039652935,0.6857499,0.16784476,9.5425654e-05,0.31145847,0.00028557348
0.6969894,0.01109261,0.0023410644,0.16386528,0.2058583,0.9989458,0.96935385,0.0024322835,0.08149492,0.9995776,0.10086028,0.95560443,0.19924317,0.0018725127,0.86693287,0.9925161,0.010736444,0.9811018,0.9955765,0.005676977,0.01114497,0.96531296,0.35422346,0.0019316502,0.94458425,0.0055168634
0.5925552,0.0011677153,6.2980005e-05,0.10564589,0.019650318,0.99997103,0.9946622,0.00023823943,0.034716334,0.9999707,0.008880999,0.9595105,0.017381,0.00013427167,0.9632894,0.9998234,0.0012166725,0.99301046,0.9998667,0.00023834551,0.0008571244,0.99347395,0.17643987,2.4170422e-05,0.99520785,0.00037028262
0.8145185,0.022832932,0.004969427,0.1391922,0.9361518,0.9998727,0.94017386,0.00013599885,0.14782555,0.9999604,0.6750747,0.9461297,0.9311919,9.5475894e-05,0.77057165,0.9679614,0.011099035,0.9992322,0.9886359,0.030192392,0.027211118,0.96903205,0.6385028,0.0030171156,0.9477943,0.0032327687
0.7552613,0.07658816,0.03363487,0.20668955,0.951384,0.9989704,0.85878664,0.001120989,0.22136651,0.9994273,0.79002666,0.88574255,0.9445642,0.000882362,0.6720374,0.8905138,0.040802058,0.9974962,0.95482254,0.13460904,0.09795098,0.93398494,0.67770875,0.022596154,0.90000296,0.017035143
0.6251286,0.0053334194,0.00075625774,0.13996203,0.0893271,0.9996288,0.9823385,0.0013613643,0.05912703,0.99976414,0.04398486,0.9559288,0.0816673,0.00096765684,0.9017482,0.99779713,0.005528282,0.9848107,0.998606,0.001996327,0.005257128,0.97826207,0.2786424,0.00048199508,0.971482,0.0024117047
0.6266433,0.0058610495,0.0009560785,0.1297107,0.119370386,0.9995648,0.9799417,0.0012400392,0.06184288,0.99974805,0.060638513,0.9598401,0.10608924,0.0009907783,0.87091064,0.9971372,0.005851428,0.9857632,0.99816555,0.002306264,0.006085192,0.9723923,0.29306972,0.00060969766,0.9553604,0.0024520527
0.60884476,0.0057464447,0.0008836779,0.1367634,0.09438408,0.99956053,0.9806866,0.0015244647,0.060767807,0.9997042,0.047978617,0.9545302,0.084537745,0.001130683,0.88820475,0.99749774,0.005955344,0.9838892,0.9984061,0.0021819929,0.005904328,0.9750217,0.28054914,0.0005505817,0.96537834,0.0025828308
0.6636846,0.0145077575,0.0044849855,0.09735065,0.57311714,0.9991573,0.9442526,0.000883103,0.10511569,0.9996482,0.32686177,0.95689744,0.5057174,0.0010185019,0.6522295,0.9832265,0.010363016,0.9931477,0.9897189,0.010447236,0.018215658,0.9235377,0.42856982,0.0025234062,0.80616486,0.0035719292
0.23413748,0.0009775911,0.00014545549,0.010681712,0.086620584,0.99990094,0.97901124,5.6086577e-05,0.036176596,0.99970573,0.092963815,0.9382775,0.033903114,0.0001730834,0.17741655,0.9996902,0.00057568424,0.99540615,0.99952507,0.00020980545,0.0012444942,0.79221565,0.11478982,1.1400405e-05,0.43152696,6.0949536e-05
0.79182154,0.017225802,0.0037186157,0.13675395,0.80928516,0.99973756,0.95156664,0.00030450933,0.121090874,0.9999316,0.46239442,0.95651555,0.80311203,0.00024006174,0.79599184,0.9789767,0.010261592,0.9979048,0.9910424,0.015794469,0.019361267,0.9659264,0.5501201,0.0025940223,0.9348976,0.0034587986
0.36562112,0.0035875991,0.0010150854,0.021851894,0.2520362,0.9994968,0.9542681,0.00026605392,0.05947448,0.99928814,0.21395746,0.93689275,0.13178878,0.0007168052,0.22463368,0.99773526,0.0022477927,0.99250764,0.99733824,0.001478746,0.004438356,0.77288055,0.20345545,0.00014836082,0.41223735,0.00036977095
0.66746324,0.0010506625,4.3709355e-05,0.12324394,0.017182875,0.99997723,0.9954627,0.0002178643,0.03260455,0.999982,0.0069056856,0.9598815,0.01644237,0.00010173698,0.9777865,0.99985635,0.001086186,0.9933221,0.99989164,0.00022621016,0.0006552403,0.9955603,0.17271331,1.8832983e-05,0.99756855,0.00035746646
0.526294,0.0077362736,0.0021082486,0.0791532,0.20585416,0.999065,0.96289086,0.0013747332,0.07209956,0.9992829,0.13073054,0.9544806,0.1527988,0.0017253228,0.642648,0.9946398,0.0066091693,0.9851046,0.99580586,0.003385876,0.0101200165,0.9185944,0.29241565,0.0009329377,0.80034673,0.0023427957
0.5716115,0.023535887,0.010751927,0.10538587,0.4546191,0.99619377,0.91269034,0.0038529525,0.12140804,0.99768376,0.30023894,0.9321815,0.3756847,0.0052189473,0.5530197,0.9739468,0.018932173,0.97895986,0.9813882,0.01652865,0.031568717,0.85939705,0.38817617,0.0056563322,0.6840521,0.007978576
0.71526057,0.07553083,0.038188938,0.19110802,0.914984,0.99776137,0.83487725,0.0022242279,0.22355004,0.99879575,0.7228109,0.8910874,0.8995744,0.0021235258,0.62658167,0.88764656,0.04577691,0.9948036,0.94236624,0.112350166,0.09841107,0.9038988,0.6118259,0.02468378,0.8351585,0.019367563
0.64555264,0.0010772959,4.7577767e-05,0.119223714,0.016857,0.9999758,0.9952236,0.0002348526,0.033147722,0.99997854,0.0069296383,0.9594146,0.015661363,0.000113803006,0.9751731,0.99985206,0.0011218517,0.9931132,0.9998863,0.00022791483,0.000692517,0.99516726,0.16973583,1.973458e-05,0.99719846,0.00036155232
0.49629527,0.008272967,0.0027316604,0.050484564,0.33753324,0.9989973,0.94648224,0.00086136954,0.08089205,0.99918824,0.2325011,0.94981474,0.23137704,0.0014678974,0.43776578,0.99293935,0.005828176,0.9894443,0.9937516,0.0041941265,0.010854872,0.85566705,0.2945682,0.0008628585,0.6122737,0.0016304782
0.7710027,0.061153162,0.023428932,0.19136381,0.94915146,0.9993175,0.8777684,0.0007529825,0.20640443,0.9996635,0.7712704,0.90311307,0.94255537,0.00057188555,0.6936632,0.91155344,0.031645387,0.9980235,0.9646256,0.10190445,0.07704581,0.9429056,0.6692919,0.015454132,0.9111332,0.0123822745
0.6916727,0.04998625,0.023310242,0.15801527,0.82422537,0.9975325,0.86949927,0.0024490068,0.18505117,0.99882036,0.5831512,0.91589606,0.7936703,0.0025807542,0.62533224,0.92811453,0.032623895,0.9920968,0.9596506,0.0569899,0.06488359,0.89542955,0.54072165,0.014736544,0.7985511,0.013716441
0.48795,0.009078763,0.0030747354,0.058081765,0.2857246,0.99868697,0.9464196,0.0012932264,0.0812356,0.99887043,0.20017664,0.94651324,0.1968978,0.0020964984,0.47173622,0.992581,0.0068542864,0.9858965,0.9935328,0.004433542,0.012164262,0.85997456,0.29033497,0.0010555168,0.6397719,0.0021113157
0.65440506,0.001741442,0.00010126059,0.13113843,0.026832843,0.9999486,0.99325925,0.00039881334,0.03897109,0.9999598,0.01133691,0.95807284,0.02561514,0.00020632289,0.96691775,0.99967945,0.0018036796,0.9913059,0.9997718,0.00044007716,0.0012289212,0.993155,0.19746767,4.9546048e-05,0.9953407,0.00065358164
0.38416624,0.0041525546,0.0010626758,0.034948032,0.16361912,0.99943465,0.9637523,0.00055219914,0.05804129,0.99920434,0.1316214,0.94689786,0.093519144,0.0010468275,0.38952258,0.997652,0.0029876656,0.9891515,0.9975721,0.0014382991,0.005704839,0.8532895,0.21143562,0.00023391914,0.607018,0.0007034443
0.6015056,0.0053711925,0.0008349232,0.13040297,0.09482284,0.9995982,0.981198,0.0013392837,0.059321668,0.999723,0.048881803,0.95618784,0.083180815,0.0010271114,0.8814251,0.99765503,0.0055810236,0.9848717,0.9984805,0.002024758,0.0056787482,0.9744071,0.2773723,0.00050003146,0.96272796,0.0023324545
0.70454884,0.0022124883,0.00013841066,0.14691271,0.037362278,0.9999243,0.99222904,0.0004903273,0.042597603,0.99995863,0.015241471,0.9573607,0.038285263,0.00024372918,0.96857774,0.99951386,0.0022756325,0.9905205,0.99968445,0.0006446824,0.0015155273,0.99293995,0.22619739,7.960823e-05,0.9952722,0.00093119545
0.7523765,0.08596489,0.037138395,0.21295188,0.94941086,0.99883634,0.83923703,0.0013546337,0.23735543,0.9993117,0.79045576,0.8815914,0.9424763,0.0010510004,0.6702318,0.8820322,0.044235013,0.9971957,0.946625,0.13411431,0.10592153,0.92891544,0.6596,0.024743622,0.8932153,0.018927692
0.72039247,0.0071396823,0.0009761396,0.17853136,0.11163826,0.9994766,0.9806256,0.0018020071,0.066539146,0.99977976,0.05045874,0.9532796,0.115334734,0.0011316668,0.93031585,0.99680173,0.007167259,0.9825476,0.9981548,0.003127366,0.0058759637,0.9816056,0.3115961,0.0007760811,0.98057884,0.003838514
0.5602957,0.007522508,0.0015169791,0.12503049,0.11688462,0.999226,0.9731603,0.0021723444,0.06751398,0.9993711,0.06631096,0.9499865,0.097690515,0.0018886584,0.8262325,0.996095,0.0076805647,0.98060143,0.99738115,0.003060539,0.008750206,0.95947146,0.28413954,0.0008778366,0.93285626,0.0032651331
0.3124614,0.0025853945,0.00051442336,0.030398794,0.09160537,0.99968004,0.9736659,0.00037383358,0.04779034,0.9992636,0.08177659,0.93705183,0.048298575,0.00071139337,0.39961037,0.9989452,0.0019434043,0.98974824,0.9988992,0.0007362363,0.0036740603,0.86955386,0.17011674,8.7350185e-05,0.67277336,0.0004060734
0.720702,0.0020915035,0.000118754215,0.15064079,0.03510251,0.9999324,0.99268943,0.00045283895,0.041597653,0.9999651,0.013974516,0.9572116,0.036742657,0.00021447793,0.97283834,0.99955994,0.0021321634,0.99083203,0.99971455,0.00060539565,0.0013527464,0.9936765,0.2215398,6.895251e-05,0.99616146,0.00087870023
0.66026634,0.009266906,0.0016390402,0.17779894,0.115302205,0.9990946,0.97462666,0.0031449103,0.07301802,0.99949455,0.056932706,0.9462323,0.11223322,0.0021412594,0.9044649,0.9954255,0.009777042,0.97704077,0.99730206,0.00419343,0.008842008,0.9737456,0.31351262,0.0012549028,0.9690373,0.005233648
0.55896086,0.008148349,0.002240383,0.08111093,0.2513076,0.9991086,0.96248716,0.0011971022,0.07537667,0.99944454,0.15229054,0.95744574,0.193111,0.0014933434,0.65220326,0.9938034,0.0068051885,0.98699003,0.9953956,0.0038223388,0.010450722,0.9224463,0.3157791,0.0010647111,0.8033051,0.002424009
0.657671,0.00076881587,2.6997892e-05,0.11196761,0.01304823,0.99998605,0.99632025,0.00015241768,0.02930612,0.99998796,0.0051520625,0.9621087,0.012230147,6.9011316e-05,0.9804216,0.9999106,0.00079763087,0.99436164,0.9999285,0.00014615871,0.0004582157,0.9963397,0.15574834,1.0425218e-05,0.9980939,0.00023837484
0.67360634,0.0016986332,9.48351e-05,0.1349737,0.026962856,0.9999496,0.9934155,0.0003930209,0.038866296,0.9999651,0.010975544,0.9572944,0.026262823,0.00019370568,0.9707606,0.9996877,0.0017658997,0.9913823,0.9997818,0.0004356827,0.0011540998,0.9937458,0.20009923,4.740341e-05,0.9960542,0.0006589844
0.7828178,0.039953433,0.013067327,0.1605407,0.9436216,0.99961996,0.9008919,0.00038860808,0.18259731,0.99984264,0.73782027,0.92583644,0.9355691,0.00030981936,0.70307,0.9404149,0.02050537,0.9985875,0.9752045,0.061595984,0.05031565,0.95039475,0.6424866,0.007890416,0.91299903,0.0067985104
0.5967543,0.0143997725,0.0044914107,0.13171959,0.24178356,0.99791104,0.9527055,0.0036373688,0.09134361,0.99876404,0.14258939,0.946014,0.20731016,0.0037524605,0.73935515,0.9885102,0.013522032,0.97603023,0.9922759,0.007681619,0.017737446,0.9281264,0.34553134,0.002925043,0.8546537,0.0063260347
0.7422701,0.068992876,0.030215451,0.19207622,0.9187816,0.9984921,0.85300237,0.0016517311,0.21668321,0.9992446,0.7169294,0.9021786,0.9070453,0.0014182552,0.66658795,0.8997166,0.039537974,0.99590164,0.95098937,0.09777381,0.08716952,0.91993946,0.61798185,0.020434037,0.867102,0.016588215
0.6398804,0.002462624,0.00019048687,0.1316222,0.03951968,0.9999043,0.9908894,0.0005911055,0.04438318,0.99993145,0.01735934,0.95748013,0.037454367,0.0003357407,0.9529069,0.99941397,0.0025746357,0.98967755,0.99960285,0.00069515983,0.0019612378,0.9902886,0.22267431,0.000100981255,0.9917585,0.0009928382
0.7021887,0.0019063397,0.000106764615,0.14450634,0.031235036,0.9999411,0.9930969,0.00042284568,0.04019343,0.9999651,0.012580773,0.95744056,0.031635594,0.00020417842,0.97208214,0.9996226,0.001961628,0.99108773,0.9997471,0.0005288883,0.0012603819,0.9937295,0.2123886,5.839046e-05,0.99613696,0.00077264645
0.67084026,0.0014243536,7.1808405e-05,0.12791432,0.02402658,0.99996316,0.99430484,0.00029650304,0.036372144,0.99997437,0.009764156,0.9599384,0.023482135,0.0001453752,0.97233325,0.99975914,0.0014699671,0.9923913,0.99982774,0.00034181811,0.0009534614,0.9943973,0.19261497,3.443126e-05,0.996478,0.00051989546
0.80396974,0.040367413,0.011228233,0.16799858,0.9592994,0.9997849,0.9137506,0.00023824713,0.18189114,0.9999074,0.77576977,0.91984606,0.95479304,0.00016366762,0.73493266,0.9433742,0.018452698,0.9991186,0.9804232,0.066170864,0.0483315,0.9613689,0.6822924,0.0068460954,0.9424553,0.0060634012
0.6708897,0.004148022,0.0004143157,0.15586562,0.06028497,0.9997768,0.98685235,0.0011459942,0.053494588,0.9998671,0.026773917,0.95335317,0.059464213,0.0006573344,0.9457971,0.9987098,0.004326526,0.9859812,0.9991917,0.0014356422,0.0033766977,0.98714733,0.25893334,0.00026661792,0.9885578,0.0019717293
0.29557058,0.0014255152,0.000219859,0.019041324,0.08514476,0.99987626,0.98067355,0.00011983603,0.03903087,0.9997111,0.076793425,0.951953,0.039687816,0.0002567439,0.3348145,0.99949086,0.0009478421,0.99431217,0.99937683,0.0003298636,0.0019539562,0.8688836,0.14196323,2.87898e-05,0.6279333,0.00014963895
0.65780115,0.0005354908,1.5433867e-05,0.10428747,0.009973433,0.99999225,0.997259,9.061029e-05,0.026047599,0.99999344,0.0038854657,0.96453685,0.009396753,3.9908686e-05,0.9839352,0.999948,0.0005577862,0.9954791,0.9999573,9.04555e-05,0.0003030927,0.997168,0.14465798,5.4413595e-06,0.9986463,0.00015255
0.81659204,0.034429945,0.008436384,0.15965079,0.96423286,0.9998704,0.92448384,0.00014406,0.17471142,0.9999459,0.783122,0.92390203,0.96059674,9.430628e-05,0.75020677,0.9532621,0.014724745,0.99939024,0.98461056,0.055877853,0.040010747,0.96738863,0.6886525,0.004842874,0.9528008,0.00450611
0.6538161,0.0018414102,0.00011722814,0.12885655,0.03182271,0.9999424,0.9928867,0.00038986563,0.040296987,0.9999596,0.0136354435,0.95933187,0.030569952,0.00021103631,0.96260136,0.99962115,0.0019353946,0.9913536,0.9997415,0.00048387627,0.0013714025,0.99246794,0.2103684,5.8643192e-05,0.9943613,0.0007021745
0.42593616,0.005018061,0.0014357639,0.034532867,0.24376276,0.99935883,0.95656073,0.00051791355,0.0653744,0.99929214,0.18504626,0.9497042,0.14406317,0.0010170134,0.36031497,0.9965366,0.0034324392,0.99057543,0.99646807,0.0020530685,0.0066390396,0.8381367,0.2380188,0.00033290786,0.5551433,0.00078736275
0.7611349,0.079950705,0.03361267,0.20956917,0.9555024,0.99910516,0.8573439,0.0010335343,0.22593483,0.99947506,0.80243635,0.8823391,0.9496671,0.0007706368,0.67841715,0.8903173,0.040218942,0.99777323,0.9551669,0.13781676,0.09890982,0.93704903,0.68279296,0.022377754,0.908173,0.016831715
0.638593,0.078896984,0.04946049,0.17941163,0.77500355,0.99147123,0.81414014,0.008217466,0.2167594,0.9949773,0.5710853,0.88261473,0.7336495,0.00959515,0.5659806,0.88985294,0.057289016,0.98034567,0.9299549,0.09023561,0.10234617,0.83672166,0.5182567,0.031966034,0.71281457,0.028604632
0.70462763,0.004965738,0.0005508636,0.1630996,0.08266183,0.9997106,0.985209,0.0011910235,0.05751787,0.99986565,0.036523018,0.9562114,0.08471642,0.0007058104,0.94074786,0.998159,0.0050537507,0.98576975,0.99890864,0.0019104369,0.0040504485,0.9856797,0.28567463,0.00039653043,0.98586845,0.0024571386
0.5642251,0.004848025,0.0007728372,0.10955271,0.09790428,0.999635,0.9811801,0.0010697382,0.057411764,0.99972767,0.053215094,0.9577648,0.0814451,0.000911197,0.8489284,0.9978757,0.0048213154,0.98636496,0.99855167,0.0017123641,0.0054084924,0.9698112,0.26858196,0.00041547554,0.94912565,0.0018472886
0.5233545,0.0076562073,0.0018339925,0.10011077,0.14407364,0.999074,0.96817017,0.0019151799,0.069074005,0.9991984,0.08927145,0.94935554,0.11237979,0.0020450845,0.7376139,0.99554515,0.0072396942,0.9814773,0.99675554,0.0031573065,0.009649192,0.93977404,0.28217903,0.0009074195,0.877365,0.0028432019
0.7489467,0.025131006,0.0076374956,0.14245206,0.78514916,0.9992692,0.929453,0.00080965983,0.1382853,0.9997551,0.47884965,0.9474557,0.76392794,0.0007407678,0.73118865,0.9662595,0.016147811,0.9958003,0.983524,0.024253111,0.03045639,0.9430146,0.53115463,0.0052892277,0.8837243,0.0059962305
0.66383266,0.019315759,0.006751612,0.11558972,0.5581332,0.9985374,0.93481153,0.0016167985,0.1155799,0.9993837,0.325025,0.94990855,0.5003772,0.0018303981,0.6636385,0.9774296,0.01444088,0.9898689,0.9860913,0.014348747,0.02424144,0.9154501,0.43480426,0.004197822,0.80319446,0.005676719
0.576796,0.022512106,0.00977453,0.121542096,0.36905876,0.99587137,0.9234308,0.0050193514,0.11443204,0.99748945,0.23920456,0.9332467,0.30845428,0.0062582106,0.6160878,0.977202,0.019579643,0.9732159,0.9840381,0.014544072,0.029720515,0.8785683,0.37781858,0.0057297903,0.7380627,0.009052111
0.63267916,0.0005491567,1.6594477e-05,0.10166827,0.009327573,0.999992,0.99715304,9.8451485e-05,0.026201947,0.9999919,0.0037873117,0.9634063,0.008558445,4.474537e-05,0.982396,0.999949,0.0005689302,0.9952583,0.9999571,8.908075e-05,0.00032095637,0.9969379,0.13987207,5.5632295e-06,0.998483,0.00015368148
0.5997392,0.0067934184,0.0012777281,0.12224274,0.13469021,0.9994024,0.97599185,0.001526696,0.06577074,0.9996314,0.07196889,0.95768344,0.11657458,0.0013027461,0.83710825,0.9963535,0.0066317427,0.98414963,0.9975783,0.002761626,0.007591954,0.9642566,0.29740345,0.00079010957,0.936262,0.002801726
0.724206,0.014184424,0.003438099,0.15276588,0.3738051,0.9989421,0.96071625,0.0017296554,0.09571275,0.99965763,0.18263999,0.9576452,0.36156586,0.0014542817,0.8239505,0.98715603,0.011973552,0.9872541,0.9928235,0.0086873565,0.01492878,0.95637804,0.40932786,0.002823821,0.9178548,0.0056628264
0.49762028,0.025592223,0.013671706,0.085215874,0.43170387,0.9939168,0.88694865,0.004991765,0.12798303,0.994965,0.32199252,0.91001725,0.32967117,0.008327202,0.4233167,0.9728957,0.019959362,0.9722961,0.97779864,0.017747566,0.034571897,0.7868151,0.35134807,0.0054790303,0.548154,0.0077851648
0.67351943,0.006106229,0.00082325743,0.16306075,0.09177552,0.9995678,0.98195213,0.0016866223,0.062147073,0.99977165,0.04276242,0.9534274,0.09052811,0.0010726869,0.9243245,0.9974928,0.0063367146,0.98319894,0.998486,0.0024488962,0.005461657,0.9813442,0.29169244,0.0005920398,0.9793488,0.0031009468
0.60232586,0.005844253,0.00093544956,0.13256207,0.099190794,0.9995419,0.9799716,0.0015082856,0.061291143,0.9996903,0.051169924,0.95548046,0.087757155,0.0011549109,0.87826806,0.99736613,0.006044296,0.9840029,0.99828964,0.0022460876,0.0061882087,0.97313243,0.280897,0.0005793326,0.9605952,0.0025792732
0.7399551,0.054119308,0.022350522,0.172348,0.90117365,0.99872774,0.87167656,0.0013471537,0.19664006,0.9994122,0.67702746,0.9162921,0.88575685,0.0012157289,0.6668363,0.91949075,0.031746604,0.99601835,0.96049225,0.07216598,0.0688493,0.9221633,0.5974761,0.014712887,0.86044604,0.012525391
0.74687773,0.042535093,0.016098395,0.15133245,0.9227416,0.9993063,0.88570213,0.00065744686,0.18543948,0.99968743,0.7073505,0.9235638,0.90686154,0.0006162872,0.65411574,0.93480724,0.023642486,0.99764353,0.9690643,0.061007127,0.054892804,0.9314596,0.6057281,0.009402991,0.8688351,0.0080173435
0.69703364,0.016961465,0.004863917,0.15273468,0.37603936,0.9983937,0.9527082,0.0025324395,0.10176486,0.99941075,0.1964992,0.95303,0.35370332,0.0023135736,0.7908424,0.9840995,0.014703482,0.9837767,0.99066937,0.0106235985,0.018915413,0.9446575,0.4079014,0.0039070514,0.8912602,0.007138749
0.66966283,0.007904131,0.001533758,0.13885444,0.18182693,0.99932647,0.97503823,0.0015128972,0.07116305,0.9997216,0.08924056,0.95952654,0.16916975,0.0012534962,0.85924566,0.99512416,0.0076551205,0.9848106,0.9970702,0.003639208,0.008225669,0.96818316,0.33920097,0.0011155445,0.9441372,0.0035267181
0.67090195,0.032519974,0.013932482,0.119295314,0.7908527,0.9984091,0.8918089,0.0014123915,0.15690751,0.9992244,0.54121226,0.9294634,0.7410372,0.0016894466,0.5825662,0.95460176,0.02090248,0.993634,0.9727677,0.03397026,0.04218393,0.89274055,0.50123733,0.0073527587,0.76730955,0.0074036065
0.427258,0.0035492866,0.0008035532,0.03603283,0.17635821,0.99963975,0.9704954,0.0003711803,0.054999202,0.9995976,0.12854432,0.95851195,0.10470779,0.00064409187,0.44942012,0.99797803,0.0025247447,0.99188894,0.9979742,0.0012109482,0.0047214474,0.8859642,0.22232592,0.00019753503,0.6694035,0.00058872206
0.46277496,0.0052956194,0.0013269274,0.055971947,0.17101197,0.99937457,0.96730006,0.0008211354,0.062300827,0.9993722,0.11850011,0.95409214,0.11365293,0.0012027267,0.56009126,0.99681455,0.004251346,0.98785305,0.99721503,0.002000798,0.007121405,0.9052138,0.25120872,0.00043694832,0.7528856,0.0012597861
0.7557233,0.08192221,0.03611262,0.20927584,0.9580799,0.9990569,0.85174227,0.0010400009,0.22928251,0.99942786,0.8124121,0.8780041,0.951945,0.00080738665,0.66505253,0.88663834,0.041858166,0.9977865,0.9528764,0.14841552,0.102946065,0.9345463,0.6854098,0.023511797,0.9027418,0.017189795
0.61591554,0.00086480717,3.5872075e-05,0.10651072,0.014135985,0.9999831,0.9959061,0.00016884471,0.030820007,0.9999833,0.0060540205,0.9613548,0.012919639,8.512501e-05,0.9742818,0.99989533,0.00089476485,0.993979,0.9999167,0.00016066313,0.0005713451,0.99543273,0.15969677,1.33041685e-05,0.9972191,0.00026533374
0.7038287,0.037801206,0.0155676445,0.15668757,0.7401473,0.9977646,0.9009178,0.0024298828,0.1558071,0.99907625,0.47403464,0.9315227,0.70831615,0.0024997983,0.6743549,0.9488863,0.026546346,0.99051183,0.9720019,0.037175328,0.047096957,0.9111008,0.51575917,0.010928217,0.8229413,0.011543021
0.70351505,0.025297523,0.008962626,0.14692043,0.60768676,0.9982175,0.92920583,0.0021457584,0.12733674,0.99933237,0.35003534,0.9452406,0.5725781,0.0021677858,0.716324,0.9692453,0.019225193,0.9890703,0.9828462,0.020743933,0.03055661,0.92572093,0.47274396,0.006585412,0.844988,0.008407975
0.6659338,0.005230265,0.0006339239,0.15827337,0.077777535,0.9996643,0.98402023,0.0014577294,0.05840548,0.9998093,0.0358068,0.9534006,0.07623126,0.0008966838,0.9316975,0.9980574,0.0054819174,0.9843248,0.99881256,0.0019731272,0.004587368,0.98350406,0.27820006,0.00043284823,0.98297256,0.0025681367
0.36230245,0.0031858997,0.0007384711,0.028157635,0.1546361,0.9996063,0.9676434,0.00034824104,0.053229596,0.99940324,0.12760474,0.948819,0.08285856,0.0007139766,0.3494407,0.9983388,0.0022039793,0.9912135,0.9981693,0.0010252006,0.0043335794,0.848858,0.19481231,0.0001401979,0.57940185,0.00045515187
0.34513193,0.0029225533,0.00066133274,0.025526203,0.14695844,0.9996346,0.9679949,0.00030988996,0.05165317,0.9993961,0.12519611,0.94721544,0.07600092,0.00066423015,0.32353908,0.99853384,0.0019855544,0.99148047,0.9983265,0.0009073742,0.0039747762,0.83957374,0.18517779,0.00011479842,0.5560812,0.0003884716
0.6004211,0.00964624,0.0021832846,0.13658094,0.15763949,0.998911,0.96854144,0.0025995541,0.07592227,0.99934024,0.08701546,0.9508832,0.13945104,0.002288167,0.8212614,0.99411076,0.009483894,0.97901237,0.99617934,0.0043780548,0.011043278,0.9556997,0.31838897,0.0014545199,0.9223217,0.0044287187
0.68161285,0.0041809035,0.00041499897,0.15691386,0.06385187,0.9997782,0.98686695,0.0010874486,0.053762622,0.99987817,0.028134363,0.95467025,0.064090714,0.00062114233,0.9462631,0.9986609,0.004334886,0.9863495,0.99917066,0.0014706223,0.0033835308,0.9872519,0.26297244,0.00027467508,0.98850006,0.001985389
0.6595217,0.045178358,0.023246026,0.13031137,0.8541901,0.9977575,0.85716707,0.0017406481,0.18188617,0.998757,0.63736415,0.90585953,0.81294113,0.0022353875,0.5371538,0.934049,0.029002283,0.99363214,0.96063215,0.058737304,0.05958352,0.874475,0.5317562,0.011327244,0.74624985,0.010192104
0.60618305,0.004079289,0.00051247573,0.12634353,0.0748548,0.9997589,0.9853312,0.0009365679,0.053480376,0.99983263,0.037154038,0.95851284,0.06656055,0.0006724147,0.9045744,0.9985057,0.004229575,0.9872608,0.99902654,0.0013810765,0.004041329,0.9806467,0.2611079,0.0002955942,0.9743916,0.0016798562
0.67660457,0.0017314325,9.7841934e-05,0.13476127,0.028730549,0.9999492,0.99343175,0.00037540513,0.03890404,0.999966,0.011855846,0.9586622,0.02828954,0.00018815698,0.9694401,0.99967194,0.0017899923,0.9915297,0.99977356,0.00045115966,0.0011980115,0.99356854,0.20493968,4.988474e-05,0.9957586,0.000667206
0.6845254,0.00602588,0.00086018397,0.15179962,0.1154149,0.99958974,0.9814434,0.0013282379,0.06260349,0.9998117,0.053597428,0.95943314,0.1125807,0.0009039488,0.9104609,0.9971789,0.006032785,0.9852105,0.9983102,0.0024829982,0.0055912933,0.9795024,0.304948,0.00063070137,0.9729067,0.0028775395
0.6718397,0.025428616,0.009670075,0.12983897,0.6086521,0.99803644,0.9214661,0.0021780147,0.13012472,0.99915993,0.36593646,0.9435419,0.557986,0.0024037298,0.6628256,0.96854365,0.018892644,0.9888545,0.9811366,0.020682601,0.031925704,0.9095037,0.4565715,0.0063566067,0.80074877,0.007876431
0.67302674,0.0018096948,0.00010638715,0.13538596,0.029430369,0.9999443,0.9931278,0.00040869074,0.039654087,0.9999621,0.012214765,0.95799,0.028730143,0.00020819313,0.9682226,0.9996505,0.0018845568,0.991226,0.9997583,0.00047873287,0.001258571,0.9932933,0.20666173,5.441272e-05,0.99550194,0.00070433784
0.74943745,0.06254777,0.025640782,0.18473776,0.92593706,0.99887687,0.8623847,0.0012138584,0.21088421,0.99945086,0.72472805,0.90726066,0.9148884,0.0010352466,0.67279637,0.9081491,0.034729276,0.99676716,0.956736,0.08892708,0.07873964,0.9271588,0.6227569,0.016947517,0.87678033,0.013864346
0.61809593,0.008000462,0.0015599807,0.14007989,0.13494167,0.9992448,0.9740915,0.0020589307,0.06971986,0.9995409,0.070995644,0.9543815,0.120427035,0.0016770565,0.853826,0.9956014,0.008086341,0.9815578,0.99717194,0.0034650415,0.008669946,0.96512604,0.30382502,0.0010440478,0.9438636,0.003654276
0.7161238,0.029055303,0.010213662,0.14762041,0.71615005,0.9985683,0.9201941,0.0016250245,0.14125606,0.99946636,0.43294755,0.9422047,0.6868766,0.0015953964,0.70527893,0.96209615,0.020184658,0.99243695,0.9797743,0.026556436,0.035620175,0.9270479,0.50511956,0.0073023182,0.84999025,0.008342186
0.5093164,0.0022993695,0.00024032027,0.09777054,0.044726923,0.9998915,0.9895606,0.00043272862,0.04597145,0.9998903,0.025827022,0.9518918,0.03563347,0.00036477673,0.8973162,0.99943846,0.0024418728,0.99015826,0.99960846,0.0005749714,0.0022598386,0.98250705,0.22184955,9.1560934e-05,0.977496,0.00076203275
0.5435348,0.0059358706,0.0012527091,0.08747378,0.15341192,0.9994437,0.97364455,0.0010631902,0.06347574,0.9995939,0.09085243,0.95960426,0.11866752,0.0011361712,0.7410913,0.9966028,0.005297654,0.98679835,0.9974632,0.0022875355,0.0073029506,0.94693637,0.27971536,0.0006052228,0.8810177,0.0019111261
0.73856986,0.026606483,0.008448854,0.14213084,0.78206086,0.9991478,0.92553604,0.00094022555,0.13984177,0.9996977,0.48155874,0.94541216,0.75780535,0.000883606,0.7154887,0.9641895,0.017255718,0.9953055,0.9820956,0.025841443,0.03261932,0.9380045,0.52948666,0.005830865,0.87195814,0.006473667
0.8296959,0.022506483,0.004433108,0.13929088,0.9522267,0.9999192,0.9430394,8.844484e-05,0.15033388,0.999974,0.71674687,0.94347,0.9493552,5.749172e-05,0.7837496,0.96975064,0.009893892,0.99948823,0.9900523,0.030534945,0.025747636,0.97364515,0.65951115,0.0025502087,0.95939726,0.002756757
0.81204593,0.018850936,0.0037462926,0.14009586,0.8863063,0.9998449,0.950848,0.00017616585,0.13166249,0.9999585,0.5580698,0.95167947,0.8835452,0.00012634367,0.80412257,0.97593427,0.010164116,0.99884415,0.99121803,0.020442452,0.02128205,0.9711968,0.6003208,0.0025004034,0.9517258,0.0031862645
0.6409991,0.008930777,0.0017015013,0.15815149,0.13170691,0.9991297,0.9736084,0.0025914942,0.07250366,0.9995121,0.06718091,0.9512437,0.12322083,0.0019534717,0.8768915,0.9952069,0.009184668,0.97925264,0.99702954,0.0039885202,0.009172686,0.9686817,0.31343582,0.00124375,0.9549711,0.004523364
0.43486732,0.009149292,0.0032650786,0.052918263,0.24483909,0.99830484,0.9411486,0.0015963044,0.08058889,0.9981559,0.18870197,0.9361688,0.15900011,0.0028292197,0.41402045,0.9931578,0.006947012,0.9824124,0.99362165,0.0041986336,0.012565955,0.83055514,0.2657311,0.00097632856,0.5836945,0.0021116221
0.6796683,0.00860287,0.001473512,0.16965446,0.13018754,0.999238,0.97610074,0.0023728115,0.071611755,0.9996346,0.06291414,0.95256233,0.1277321,0.0016435893,0.901429,0.99555004,0.008801224,0.98023486,0.99735105,0.0039023089,0.008137912,0.9743033,0.32002065,0.0011535303,0.9668589,0.0045442926
0.5328621,0.008267296,0.002290465,0.08263,0.21062857,0.9989864,0.9617677,0.0015008913,0.074096054,0.999244,0.1329057,0.9541473,0.15862367,0.0018566472,0.6501051,0.9941702,0.00708108,0.98455274,0.9954721,0.0036864148,0.01075875,0.918614,0.2966408,0.0010491527,0.8033198,0.0025725951
0.4548301,0.0057411157,0.0015168887,0.054345198,0.18057153,0.9992749,0.96396106,0.00090643537,0.06466651,0.99924964,0.12801887,0.9524077,0.11884623,0.001362084,0.53054976,0.9964258,0.0045240275,0.9872018,0.9968046,0.0022142343,0.007807208,0.89383036,0.2510014,0.00048864225,0.7225478,0.0013454439
0.67741865,0.0020723979,0.0001291909,0.13941507,0.032804232,0.9999311,0.9923382,0.00048833934,0.04168884,0.99995506,0.013501128,0.95711416,0.032361448,0.00024744842,0.96669656,0.9995677,0.0021497214,0.99055463,0.999706,0.00057039916,0.0014557968,0.992751,0.21246423,6.927552e-05,0.9950465,0.0008349952
0.6863116,0.08816146,0.0504135,0.19884501,0.865871,0.9951278,0.8122071,0.004987402,0.2331992,0.997248,0.6626793,0.8819599,0.84282136,0.005090493,0.60865223,0.8745072,0.058016844,0.9892358,0.92728853,0.11440384,0.11212767,0.8728467,0.5717051,0.03390303,0.78649724,0.027736584
0.7547754,0.050430954,0.019686677,0.1736737,0.9095654,0.9990011,0.88184226,0.0010525018,0.19077334,0.99956673,0.68192405,0.9190178,0.8974893,0.0009112656,0.6860582,0.9258846,0.029072091,0.9967235,0.9653976,0.069347985,0.06369426,0.93209726,0.6099233,0.013039237,0.87985456,0.011349851
0.16951506,0.0006203298,6.6876724e-05,0.009126775,0.04132041,0.9999471,0.9848157,3.7923197e-05,0.030344345,0.9997061,0.050911203,0.92396593,0.014838298,0.000113905604,0.18635897,0.99986804,0.0003628743,0.99554306,0.99979025,9.934135e-05,0.00083409547,0.80858946,0.083931044,3.8482367e-06,0.51023763,3.5475474e-05
0.68498045,0.0034367987,0.0002963688,0.15291086,0.053954232,0.9998423,0.9887983,0.0008475132,0.049957983,0.9999106,0.023272868,0.95580727,0.054246172,0.00046744544,0.9534011,0.9990144,0.0035533616,0.98782104,0.9993788,0.0011395513,0.00265974,0.9892013,0.24929081,0.00018696554,0.99103594,0.0015567206
0.797055,0.019086098,0.004211907,0.14149955,0.82215863,0.99971896,0.94844466,0.00033205803,0.12608224,0.99992394,0.4793973,0.9546234,0.81652594,0.00025798255,0.7964766,0.9765164,0.011134396,0.9978703,0.99004143,0.017968146,0.021040706,0.96526694,0.55548966,0.0029862102,0.935875,0.0038655791
0.48087674,0.005990427,0.0015145859,0.06392796,0.174735,0.9992913,0.96646076,0.0010002509,0.06504282,0.99933714,0.11770739,0.954211,0.12125409,0.0013679503,0.5968069,0.99630415,0.0049031065,0.9867734,0.9968929,0.0023375936,0.007947917,0.9119004,0.26215735,0.0005564385,0.77715415,0.001562664
0.81850946,0.025324792,0.005607055,0.14375706,0.9473474,0.99987876,0.93601054,0.0001310809,0.15533642,0.9999597,0.71045846,0.9415849,0.94322115,8.953988e-05,0.7676544,0.96459156,0.011728765,0.99931467,0.987711,0.034930248,0.029794589,0.96932393,0.6525141,0.0033392864,0.95026785,0.0034368658
0.6284303,0.01982488,0.007461441,0.12194342,0.430114,0.99760395,0.9340588,0.002937825,0.11121897,0.99882287,0.25653264,0.9453767,0.3734057,0.0034002152,0.6624031,0.97884446,0.016391596,0.9826413,0.98616135,0.013344364,0.025083728,0.9050868,0.39976844,0.0047116824,0.7874313,0.007117647
0.6609683,0.013657138,0.0036643157,0.14683616,0.26501653,0.99848926,0.9595487,0.002767168,0.09030614,0.9993272,0.14068916,0.9534329,0.24219719,0.0025150378,0.8006567,0.9889788,0.012686051,0.9805696,0.9931593,0.0075029256,0.015392137,0.9473291,0.36549693,0.0027689922,0.8990016,0.006115352
0.6388568,0.003447124,0.00032818195,0.14218244,0.050799206,0.99983215,0.9881443,0.0009263548,0.050093118,0.9998801,0.022973003,0.9544525,0.047897093,0.0005506484,0.94294864,0.99902225,0.0036156492,0.9872957,0.9993612,0.0010896531,0.002894428,0.987412,0.24054816,0.00018924153,0.9883946,0.0015055649
0.7260152,0.017875249,0.0050267708,0.13289154,0.6193477,0.9991737,0.94585305,0.0010113241,0.11346416,0.9997266,0.33493143,0.9554554,0.5888079,0.00095231156,0.74786305,0.9793332,0.012855134,0.99339217,0.9888256,0.013695434,0.02093432,0.9443218,0.46870556,0.0035856261,0.8790662,0.004997651
0.73382145,0.05140657,0.021291351,0.16864777,0.8789982,0.9985378,0.87579006,0.0015379882,0.19051862,0.99934965,0.6410143,0.9195116,0.8608993,0.0014349056,0.66750884,0.92447156,0.031086309,0.9952128,0.9619836,0.064285606,0.0650273,0.9185353,0.5810235,0.014257935,0.8511166,0.012585405
0.7027636,0.0038781846,0.00035420107,0.16164294,0.06088651,0.99980754,0.9879872,0.00095385115,0.052075308,0.9999014,0.026288223,0.9548183,0.06239692,0.0005310648,0.9534876,0.9988292,0.003969222,0.98708165,0.99928373,0.0013699124,0.0029554751,0.9888172,0.26287013,0.00023607504,0.9907194,0.0018524827
0.73310834,0.016926438,0.004396192,0.16001128,0.42772806,0.9987638,0.9555796,0.0019384394,0.1033189,0.9996082,0.21167877,0.9547902,0.41646636,0.0016456648,0.8179022,0.98374313,0.014044262,0.98730576,0.99116874,0.011137253,0.017847978,0.9537544,0.42980412,0.0037223082,0.9140323,0.0067816526
0.80738527,0.041355133,0.011376158,0.16994809,0.9650232,0.9998184,0.91497463,0.00020218652,0.18492772,0.99991703,0.796943,0.9140273,0.9609414,0.0001344591,0.7350176,0.9439652,0.018070744,0.99925023,0.9811225,0.071873754,0.048687514,0.9630078,0.695517,0.0066663222,0.9477428,0.00585309
0.79906845,0.023710534,0.0056433612,0.14475481,0.8913174,0.9997484,0.93754184,0.0002804491,0.14279364,0.99992406,0.5879799,0.94804686,0.8848596,0.00021447834,0.77301395,0.96793896,0.012907982,0.9984719,0.9872428,0.026515411,0.027688801,0.96341175,0.59638494,0.0037929525,0.9343305,0.0042397305
0.3430799,0.0025708254,0.00052689924,0.026350893,0.124697834,0.99971074,0.9726313,0.00027983479,0.048305932,0.99950063,0.10488364,0.95014596,0.06482984,0.00056094653,0.36264375,0.99881184,0.0017847524,0.99189526,0.9986683,0.00074148783,0.0035462405,0.86115366,0.1788367,9.316627e-05,0.61246777,0.0003543149
0.58395296,0.02514901,0.01144408,0.11734774,0.434357,0.9957885,0.9137097,0.0046508303,0.12365366,0.99753404,0.2838134,0.9325474,0.36525655,0.0059443763,0.58900857,0.9725404,0.020815829,0.9763541,0.98063856,0.017411865,0.033303145,0.8679053,0.39107692,0.0065643117,0.7119842,0.009353862
0.70825464,0.003765856,0.00033448933,0.15897542,0.0616076,0.9998173,0.9882349,0.000897392,0.051745083,0.9999126,0.026269164,0.9559871,0.064057685,0.00048910873,0.9546868,0.9988568,0.0038505446,0.98756975,0.9993038,0.001303962,0.0028413408,0.9892033,0.26339516,0.00022400037,0.99099684,0.0017857943
0.6365376,0.017851716,0.0058864513,0.14125225,0.32637727,0.9976291,0.9460245,0.0037161927,0.10150991,0.9988373,0.1860482,0.94618636,0.2908947,0.0037574552,0.7386481,0.9835051,0.016117161,0.9781081,0.9895448,0.010673492,0.021502642,0.9261833,0.38243362,0.0042014658,0.84892935,0.007733035
0.667578,0.0041146628,0.00043723392,0.14779854,0.06957986,0.999777,0.98668635,0.0009978557,0.05369558,0.9998784,0.031275436,0.95706844,0.06846342,0.0006008126,0.93758386,0.99860376,0.0042720744,0.9869205,0.9991373,0.0014457935,0.0035426298,0.9860042,0.2686991,0.0002841834,0.98568153,0.0018968172
0.6660457,0.0059011662,0.0007758988,0.164832,0.08280057,0.99958545,0.9823484,0.001742141,0.061638694,0.9997621,0.03861362,0.9512484,0.0807384,0.0011056546,0.9279094,0.9976884,0.0062561557,0.9828068,0.99860126,0.0023511427,0.005212878,0.9820217,0.2837595,0.00054410176,0.98139477,0.0030144623
0.7070936,0.0060243495,0.00072496006,0.17470054,0.08878751,0.99960476,0.9829941,0.0015980075,0.061856046,0.9998117,0.04000083,0.9529487,0.09136935,0.00095077034,0.93842244,0.99763393,0.0061491593,0.9835052,0.9986071,0.0024674125,0.0048990157,0.9840046,0.29186386,0.00054720667,0.98459965,0.003149145
0.70498455,0.0059198206,0.00075313717,0.1641036,0.101147674,0.9996138,0.9827404,0.0014008391,0.061747063,0.9998292,0.045515027,0.95694125,0.102942236,0.000869454,0.92957,0.9974867,0.005949467,0.98467666,0.99852043,0.002414808,0.005051373,0.9828114,0.29963106,0.00056848297,0.9810044,0.0029892228
0.3701465,0.0026552998,0.00051874336,0.03297596,0.11322128,0.99973124,0.97589236,0.00032135044,0.048013713,0.9995819,0.08965503,0.95427305,0.06325349,0.0005556623,0.4587302,0.99879885,0.0019678345,0.9916432,0.9987608,0.0007648173,0.0036818222,0.8934966,0.18911411,0.00010844148,0.70869946,0.00043338374
0.68998224,0.008354415,0.0013525054,0.17335786,0.12350436,0.99928397,0.9771547,0.0023413128,0.07062287,0.9996693,0.058344554,0.9520854,0.12321362,0.0015679798,0.91124576,0.9958632,0.008552163,0.98035365,0.9975668,0.0037435084,0.007604531,0.9766856,0.3185017,0.0010742638,0.9717226,0.00452073
0.7928983,0.041598793,0.012554954,0.16273002,0.95644194,0.9997234,0.90220714,0.00029408105,0.18655288,0.9998779,0.77144986,0.92291766,0.9500623,0.00021969117,0.70923406,0.9387677,0.01970054,0.99895084,0.9761801,0.06622991,0.051438738,0.9551301,0.6622007,0.0075250715,0.9254084,0.006374564
0.8169797,0.027660513,0.0063863965,0.14713238,0.9471625,0.9998567,0.9303981,0.00015796302,0.15978679,0.9999509,0.7154161,0.93960714,0.94303995,0.00010843797,0.7621392,0.9614911,0.012766104,0.9992349,0.9860454,0.03797796,0.032510445,0.96747094,0.64913917,0.0038519239,0.9469927,0.0038889332
0.67167836,0.004261503,0.00046726296,0.15016069,0.072630405,0.99976784,0.9863217,0.0010117418,0.054201555,0.9998716,0.032943767,0.9574314,0.070788845,0.00062811165,0.93537515,0.99851257,0.0044212863,0.98680127,0.9990853,0.0015341341,0.0036826166,0.9854929,0.2706756,0.000307064,0.9848359,0.0019725366
0.7869847,0.04418575,0.01428174,0.17174499,0.94956034,0.9996207,0.9042376,0.00039886445,0.18547301,0.9998392,0.7533892,0.91962826,0.9429902,0.0002975792,0.71478295,0.9343488,0.022397205,0.9986243,0.9753935,0.072642356,0.056205314,0.9527903,0.6683121,0.009136426,0.9244447,0.007825993
0.7726715,0.057828534,0.021176549,0.18489698,0.9480455,0.9993794,0.879283,0.0006836317,0.20492375,0.99969983,0.76529074,0.9084528,0.94100773,0.0005232059,0.69370097,0.9156777,0.029384516,0.99809915,0.96516323,0.09112919,0.07238677,0.94300884,0.6589731,0.013773837,0.9086335,0.011141717
0.6011301,0.036861304,0.019556299,0.11098486,0.6841734,0.99595696,0.8692985,0.0033335544,0.15880679,0.99753463,0.47977704,0.9135437,0.6053061,0.004722827,0.50055045,0.95172036,0.026026232,0.9858559,0.96661377,0.035059188,0.048283663,0.83698857,0.44758183,0.009425678,0.6566713,0.010087682
0.6290342,0.006186874,0.00097487797,0.14149687,0.10483476,0.99952304,0.97991234,0.0015783987,0.06258216,0.9997148,0.052298766,0.95600355,0.09604803,0.0011683595,0.8893001,0.99718,0.006352834,0.9837854,0.9982103,0.0024434344,0.006265721,0.9750371,0.29068735,0.000647884,0.96447146,0.0028418042
0.72920537,0.118848085,0.06145755,0.23875795,0.9510624,0.9979036,0.8056082,0.002463137,0.26119947,0.99852645,0.811744,0.8503876,0.9443523,0.0019555422,0.64337444,0.84430176,0.06348761,0.9960337,0.92653316,0.19643018,0.14721772,0.91482955,0.6728736,0.042602126,0.8787545,0.030333659
0.65600085,0.023799323,0.009192972,0.12990083,0.53317755,0.9976687,0.92581,0.0026921406,0.123365514,0.99896765,0.31750402,0.9438251,0.4798232,0.003016918,0.6665705,0.9721556,0.018746618,0.9857044,0.9827759,0.017936904,0.03007992,0.90717995,0.43517494,0.006099386,0.7949636,0.008173497
0.60555804,0.0055653867,0.0008987537,0.12627308,0.106564954,0.9995772,0.9804089,0.0012815729,0.060428035,0.9997316,0.055033233,0.95823514,0.093615964,0.0010134943,0.87093127,0.9974179,0.0056590526,0.9852786,0.9983094,0.002131356,0.0059690843,0.9725002,0.28366533,0.0005496751,0.9569409,0.0023540403
0.6276285,0.003189263,0.00030445767,0.1354478,0.050498612,0.9998497,0.98865885,0.00079741084,0.04888524,0.9998925,0.02322544,0.95630425,0.04702975,0.00048764696,0.9395551,0.9990995,0.0033602347,0.9880976,0.9994072,0.0009892182,0.0027654052,0.9872671,0.23906066,0.00017062758,0.98761916,0.0013477689
0.5728563,0.03172324,0.01642904,0.11534167,0.5053766,0.994321,0.8913336,0.0054559563,0.13885006,0.9964569,0.34553623,0.920637,0.42565873,0.007526813,0.5322722,0.9625225,0.025388492,0.9753273,0.97342235,0.024548251,0.042210713,0.8379526,0.40791607,0.008801212,0.65672714,0.011192233
0.72062874,0.004407669,0.0004212748,0.16753723,0.07084661,0.99976784,0.9868504,0.0010603807,0.054941934,0.99989486,0.03039608,0.9548719,0.07411882,0.00058966415,0.9525878,0.9985436,0.004479264,0.9864991,0.99914575,0.0016308025,0.0033130997,0.9882522,0.2760833,0.0002999416,0.9900243,0.0021915045
0.7675367,0.073919475,0.029790757,0.2039246,0.96159667,0.9993339,0.8646575,0.00075518934,0.2222778,0.99960476,0.8171856,0.88279986,0.95624006,0.00055915106,0.67942274,0.8983057,0.036151987,0.99826765,0.9596383,0.13395257,0.09214545,0.94172484,0.6902705,0.019080088,0.91565317,0.014200767
0.496777,0.0038427976,0.00060596975,0.09048737,0.07713859,0.9997129,0.98244053,0.00084024935,0.05241785,0.9996855,0.046525024,0.9550328,0.057816442,0.00079186313,0.8158258,0.9985128,0.0038182794,0.9874006,0.9989066,0.0012226019,0.004619573,0.9651909,0.23449194,0.0002516554,0.9398833,0.0012857383
0.66125184,0.0014112028,7.122762e-05,0.1263453,0.022798875,0.9999635,0.99428374,0.00030548664,0.036225356,0.9999722,0.009364977,0.95956844,0.02189102,0.0001512724,0.9716984,0.99976677,0.0014617759,0.99229664,0.99983,0.00033452694,0.00094955415,0.9942978,0.18805192,3.3343425e-05,0.9963967,0.0005085904
0.7614392,0.0027419666,0.00017468436,0.16662163,0.051300813,0.99989605,0.9914402,0.00053397147,0.046484284,0.9999609,0.020251742,0.95586497,0.05627632,0.00026429276,0.9721449,0.99930084,0.0027626138,0.99007004,0.99960476,0.0009124164,0.0017023741,0.9930599,0.2589452,0.00011686037,0.995695,0.0012765185
0.5584963,0.0056095445,0.0010261788,0.10669873,0.11588341,0.9995203,0.9777884,0.0012300506,0.06084941,0.99963415,0.06525997,0.95748615,0.09422791,0.0011168289,0.81744635,0.9972126,0.0054947957,0.98550457,0.9980672,0.0021100382,0.006571738,0.9621547,0.27420428,0.0005436269,0.93035877,0.0021098214
0.64782745,0.0030992548,0.00027578455,0.13938795,0.049724083,0.9998622,0.98920476,0.0007540139,0.048277944,0.999908,0.022168789,0.95679647,0.04746781,0.00044195214,0.946246,0.99914277,0.0032343133,0.9884559,0.9994425,0.0009589576,0.0025623464,0.988463,0.23930734,0.000158722,0.98945224,0.0013187759
0.58151907,0.016840847,0.006371318,0.10725432,0.35382897,0.9975085,0.9373755,0.0030514898,0.10223263,0.99855477,0.2213216,0.94385177,0.2904805,0.0037891744,0.62699187,0.98382413,0.014264766,0.9799684,0.9885761,0.0101445615,0.022081105,0.89521486,0.3656096,0.0035838853,0.75798887,0.0060756905
0.74830234,0.09838276,0.044657633,0.22494014,0.9529346,0.9986727,0.83082265,0.0015938295,0.24562527,0.9991454,0.8061941,0.8684787,0.94686663,0.0012025178,0.665867,0.86909235,0.05009912,0.9970477,0.9418109,0.159376,0.12062786,0.92709935,0.6731778,0.030369151,0.8956681,0.022470819
0.35888922,0.003959159,0.0010178569,0.030981027,0.15700732,0.99942446,0.96204334,0.00052394345,0.057329994,0.9990847,0.1333707,0.9434429,0.085351236,0.0010607081,0.34442398,0.9978529,0.0027735732,0.98902214,0.99765176,0.001326736,0.0054542385,0.83458877,0.1990007,0.0001994313,0.5617845,0.0006202388
0.6146615,0.0010295234,4.790507e-05,0.11018953,0.01666657,0.99997747,0.99531096,0.00020760913,0.03295427,0.9999783,0.0072198426,0.96048117,0.015177676,0.00010814759,0.9710335,0.99986005,0.0010768289,0.9934155,0.9998919,0.00020550104,0.0007059846,0.994735,0.16844414,1.8607117e-05,0.99660313,0.00032998814
0.06108346,0.001955788,0.00045304035,0.016359452,0.023095902,0.9983912,0.93568385,0.0004828097,0.06778313,0.95529926,0.068878,0.18913427,0.012514683,0.002150858,0.08003193,0.9997904,0.001392081,0.9459101,0.9995994,0.00071641157,0.0020159099,0.484605,0.09598269,1.0002955e-05,0.31611004,0.0001568833
0.79153675,0.049253132,0.015699752,0.17861535,0.9580599,0.9996631,0.8989353,0.00037441545,0.1938487,0.9998429,0.78261185,0.9116231,0.9529238,0.00026479925,0.71652174,0.9304559,0.023283456,0.99881965,0.9744955,0.08252757,0.060176197,0.9549021,0.6815502,0.009805927,0.93205005,0.008249792
0.24218504,0.0031426207,0.00092957704,0.017225172,0.15877819,0.9991272,0.9466586,0.00031951017,0.05738418,0.9976999,0.18204425,0.86874855,0.071981214,0.0011948154,0.13131347,0.99856704,0.0021357983,0.987107,0.9980313,0.0012015966,0.003919856,0.6569923,0.1561348,8.1446124e-05,0.28925863,0.0002763225
0.75228256,0.0029589266,0.00018927528,0.16945954,0.04812772,0.9998838,0.99083847,0.0006417925,0.047437184,0.9999516,0.01932355,0.9541618,0.052733634,0.00030907593,0.9718409,0.99926144,0.0029725034,0.98913854,0.99956375,0.0009759337,0.0018474734,0.9927142,0.24876079,0.00012690645,0.995605,0.001384165
0.68646866,0.0035389874,0.00032240423,0.1513714,0.05944099,0.99983275,0.9885274,0.0008308411,0.05055443,0.9999112,0.025819363,0.9567298,0.059795935,0.00046917613,0.9502772,0.9989373,0.0036344568,0.9879425,0.99934465,0.0011853979,0.0028176673,0.9887044,0.2583796,0.00020578889,0.98998755,0.0016228844
0.8020044,0.041151263,0.011617625,0.1695155,0.9571476,0.999762,0.91240996,0.00026401272,0.18229453,0.9998983,0.7694276,0.9200087,0.95249087,0.00018245913,0.7346594,0.9420694,0.019079592,0.9990381,0.97975314,0.06650235,0.049486566,0.9604231,0.6791348,0.0072101126,0.94062275,0.0064038793
0.73461056,0.108018845,0.054900624,0.23262246,0.94797415,0.99805105,0.8186892,0.0022790788,0.250819,0.99872786,0.7997182,0.86065316,0.9411828,0.0017961663,0.65243995,0.85382164,0.058907624,0.9961228,0.9330727,0.18024854,0.13518512,0.91814876,0.6714921,0.038326878,0.881797,0.027623765
0.39575073,0.00706609,0.002405965,0.038703263,0.23979685,0.9986841,0.94263065,0.0010154998,0.073971555,0.99832517,0.19713968,0.93341094,0.14151877,0.002096613,0.32657683,0.995109,0.005014339,0.9852952,0.99496436,0.003053131,0.009532929,0.7994338,0.23875535,0.0005530382,0.5024737,0.0012758207
0.5179063,0.014134475,0.0055371886,0.07736362,0.3320963,0.9976706,0.93280154,0.002400424,0.09724197,0.9982343,0.22812934,0.9397099,0.24818088,0.0035830494,0.5110634,0.98696846,0.011094127,0.9812072,0.9894405,0.007877538,0.018988684,0.85654396,0.32530916,0.002317674,0.6569985,0.004037439
0.6538057,0.0044767368,0.0004870152,0.15504216,0.062051702,0.99974126,0.98566353,0.0013089814,0.055193033,0.99982965,0.028168185,0.9519866,0.059632096,0.0007847134,0.93887347,0.99854267,0.004717435,0.98504597,0.99908185,0.0015788175,0.0037977195,0.98545164,0.25804594,0.00030871073,0.98637414,0.002129687
0.55798775,0.012061305,0.0042579253,0.077273324,0.37835294,0.9985285,0.94321287,0.0014923008,0.09219518,0.9990895,0.24114847,0.9487683,0.29267028,0.0021213696,0.5512778,0.9884992,0.009352478,0.98683435,0.99138665,0.0070252945,0.015879506,0.8857156,0.34789965,0.0018938,0.70666885,0.0032296404
0.59575486,0.013274481,0.0042970167,0.102667786,0.3278445,0.9984231,0.94926476,0.002067967,0.09316397,0.9991379,0.19532152,0.9522401,0.27100348,0.0024248231,0.6642175,0.98790085,0.0110036805,0.9840752,0.9914868,0.007372362,0.016830178,0.9133451,0.35408738,0.0024190594,0.79562116,0.004446194
0.32982302,0.0035188943,0.0008981691,0.024919527,0.15985568,0.99945754,0.96024936,0.00040851368,0.05584486,0.9990289,0.1439478,0.9374695,0.08114241,0.00094973267,0.27452248,0.9981592,0.0023456337,0.9897189,0.99783957,0.0011554302,0.00473219,0.8017341,0.18454224,0.00014564492,0.48440725,0.00045743625
0.4377867,0.004090773,0.00087768235,0.05361866,0.12735936,0.9995696,0.9737283,0.0006582826,0.055292677,0.9994925,0.08972213,0.9547718,0.082765184,0.0009210913,0.5937073,0.9979235,0.0033608032,0.9887544,0.9981694,0.001365524,0.005523748,0.91921175,0.22888704,0.0002689394,0.7974801,0.0009554815
0.61652553,0.0023004604,0.00017798493,0.12843257,0.035180636,0.99991465,0.9912572,0.00055036764,0.043308623,0.9999274,0.016157512,0.95667887,0.03221439,0.00032336803,0.95079535,0.9994892,0.0024115925,0.9898717,0.999647,0.0006180148,0.0018709796,0.9900519,0.21298243,8.751194e-05,0.99149865,0.00089030183
0.6567355,0.002376338,0.00018286546,0.13526395,0.041618653,0.9999076,0.9912453,0.0005405814,0.04438866,0.999941,0.018130317,0.95684713,0.040048663,0.00030680094,0.9557624,0.9994223,0.00248465,0.98998255,0.9996309,0.0006805692,0.0018435252,0.99076086,0.2327015,9.7596676e-05,0.9924419,0.0009729907
0.8268281,0.018162318,0.0033111635,0.13800181,0.91372174,0.9999008,0.9531272,0.000112832444,0.13392854,0.99997354,0.6044547,0.95067585,0.91288173,7.563035e-05,0.8137961,0.9770827,0.009039502,0.99923384,0.9922087,0.020641023,0.020012459,0.9750592,0.6215449,0.0020854324,0.9612435,0.0026496511
0.40213394,0.0030073968,0.00058185146,0.04300535,0.10911008,0.999713,0.9774664,0.0004145233,0.049560267,0.9996006,0.08083536,0.95546246,0.06581148,0.0006240812,0.55429065,0.998645,0.0023925263,0.9907492,0.9987268,0.000900007,0.004101964,0.9163413,0.20461357,0.00014603778,0.7840498,0.00059403107
0.6966967,0.007301098,0.0010890705,0.16973901,0.11681989,0.999443,0.9794154,0.0018613694,0.06703077,0.9997435,0.054445844,0.9547136,0.11662668,0.0012314569,0.9169391,0.99654883,0.0074274694,0.98246485,0.9979658,0.0032011229,0.00650374,0.9789361,0.31132877,0.0008462378,0.97498035,0.0038084905
0.6160036,0.008055111,0.0014993602,0.14961645,0.11727701,0.99923,0.97479284,0.0024165856,0.06933683,0.9994987,0.061127428,0.9505445,0.10625836,0.0018587002,0.8717311,0.9959002,0.008367094,0.9798171,0.99741423,0.0034451627,0.008490677,0.9684433,0.299534,0.0010182521,0.95441043,0.0039320197
0.7926953,0.023088563,0.005524122,0.14347892,0.88319284,0.9997336,0.93855095,0.00029431272,0.14126009,0.9999206,0.5737262,0.9489232,0.8759869,0.00022681897,0.7691579,0.96860117,0.012811579,0.99836236,0.98728985,0.025609344,0.027544873,0.96241796,0.5914543,0.0037348077,0.9309801,0.004215872
0.7014402,0.013203591,0.003272298,0.14998789,0.3117032,0.9988367,0.9619084,0.0020505202,0.090277806,0.99956983,0.15549248,0.9570968,0.29338688,0.0017961108,0.819204,0.98887664,0.011787159,0.98468286,0.993486,0.007596618,0.014078749,0.95480573,0.38680473,0.002611727,0.91353685,0.0055923057
0.664014,0.03075972,0.013052812,0.12368153,0.7048937,0.9979,0.90206265,0.0020427143,0.14623886,0.9990127,0.4565542,0.93488896,0.6486683,0.0024100877,0.60837454,0.9586558,0.02148802,0.99059695,0.9750114,0.028550232,0.039706793,0.8926834,0.47882488,0.0077021164,0.7655138,0.008401294
0.6477873,0.014539357,0.004534579,0.11319957,0.41328892,0.99867415,0.9490842,0.0017014105,0.0987068,0.99941456,0.23189496,0.9550637,0.35976785,0.001858142,0.6975572,0.9854138,0.011698647,0.9874033,0.99054843,0.009017369,0.017833665,0.92513114,0.39098477,0.0028695345,0.82465935,0.004725962
0.604728,0.017663838,0.0061261393,0.14330833,0.27187657,0.99710053,0.94521594,0.004808164,0.099077195,0.99832743,0.1614088,0.9398778,0.23644346,0.0050462396,0.7319366,0.984736,0.01691224,0.9725417,0.990114,0.010188053,0.021685665,0.9214441,0.3635585,0.0041658627,0.8444962,0.008291978
0.8106596,0.040689554,0.01097981,0.16538592,0.966888,0.999833,0.91015893,0.00018916144,0.1873272,0.999923,0.8025051,0.9174845,0.9630589,0.00012486584,0.73117024,0.9444986,0.017251497,0.99931395,0.9803459,0.06779606,0.047827397,0.9634575,0.686826,0.0062886206,0.94591254,0.0054552397
0.6119214,0.06465065,0.040400214,0.1532303,0.7259053,0.99151987,0.82517177,0.007555425,0.19820416,0.99472624,0.5290369,0.887571,0.6682107,0.009793008,0.52686095,0.91278946,0.047367398,0.97852135,0.94112253,0.06839071,0.08380348,0.82063043,0.4839573,0.023217823,0.6681086,0.022271048
0.77797204,0.053731516,0.018836752,0.17964533,0.94603324,0.99945146,0.88258624,0.0006148457,0.20161077,0.9997428,0.75614446,0.91323483,0.939091,0.00046513657,0.7005652,0.922329,0.027094914,0.9982034,0.96717227,0.081715226,0.06668443,0.94491374,0.6498515,0.012079416,0.91085607,0.0100045465
0.6795035,0.0027865386,0.00021853774,0.14461924,0.04654854,0.99988616,0.9904411,0.00065089745,0.04640368,0.9999341,0.019901952,0.95719653,0.046265297,0.00035494828,0.9571102,0.99928147,0.002891494,0.9892364,0.9995396,0.00086009305,0.0021266767,0.9905896,0.24013685,0.00012897218,0.99238116,0.0012066576
0.6887949,0.005814166,0.00075829454,0.16119273,0.09591073,0.99961036,0.9827,0.0014607628,0.061169136,0.999813,0.04374008,0.9557966,0.095532976,0.00093239703,0.9265536,0.99758315,0.005962408,0.9844237,0.99855787,0.0023283593,0.005082795,0.98231953,0.29530308,0.0005530888,0.98008597,0.0029063204
0.65992004,0.06054719,0.033605695,0.17349684,0.7274854,0.99369,0.85382843,0.0064266413,0.18930611,0.99683255,0.50408614,0.9061834,0.68705106,0.0072173383,0.6132914,0.91635925,0.04538144,0.9817063,0.949555,0.06338115,0.07799458,0.8651113,0.5090594,0.02346379,0.7498767,0.022782926
0.6570896,0.013206699,0.003640635,0.1339463,0.29995823,0.9986381,0.95834506,0.002249209,0.09035555,0.999405,0.16024303,0.95547545,0.26871124,0.0021676105,0.7747739,0.98875296,0.011804474,0.98330057,0.99296314,0.007383771,0.015342684,0.94335216,0.37199506,0.0026158828,0.8816982,0.005395406
0.5102236,0.0050750696,0.0010070984,0.081089914,0.12639092,0.9995316,0.97589874,0.0009548618,0.05916324,0.999587,0.077715926,0.9577661,0.09439219,0.0010378185,0.73604065,0.9973853,0.004578028,0.9870875,0.9980096,0.0018152912,0.0063517652,0.9474978,0.25977618,0.00043685173,0.8852958,0.001561712
0.7886335,0.0262728,0.006977883,0.14495632,0.8901073,0.9996699,0.9289928,0.00035990987,0.14916672,0.999894,0.60144913,0.94569683,0.8809187,0.00028773193,0.7509118,0.96334416,0.014483507,0.99819785,0.9844431,0.030001879,0.031416886,0.95711994,0.59008723,0.004577239,0.9198233,0.0048297467
0.696074,0.0016191093,8.264897e-05,0.13962717,0.026384758,0.99995446,0.9938479,0.0003572418,0.038004424,0.99997115,0.01050555,0.9578522,0.026345754,0.00016929788,0.9744878,0.9997098,0.0016713869,0.99174225,0.9997993,0.00042182652,0.0010412803,0.9943837,0.20018552,4.2616448e-05,0.99672395,0.0006287783
0.6756056,0.0047319834,0.00054402323,0.15515251,0.07607657,0.9997172,0.98524415,0.0012167547,0.056438185,0.9998504,0.03437468,0.95533115,0.074903816,0.0007513575,0.93531686,0.9983078,0.0049242927,0.9856814,0.99896836,0.0017413424,0.0040518628,0.98500246,0.27765158,0.0003679926,0.9844773,0.002289698
0.6739857,0.0036000127,0.00032620368,0.15452851,0.052784022,0.99982506,0.9883095,0.00096167834,0.050900675,0.9998932,0.023064062,0.95359445,0.0520618,0.0005395519,0.95177525,0.99897766,0.0037572444,0.987039,0.99935275,0.0011991268,0.0028254096,0.98868215,0.24872321,0.00020224898,0.9906138,0.001663571
0.6463451,0.0042104768,0.00047930432,0.14424114,0.06983029,0.99976355,0.98611623,0.0010366243,0.053946003,0.9998543,0.03252731,0.95642155,0.06622062,0.000660551,0.929336,0.99855036,0.0043875724,0.98658633,0.9990921,0.0014653801,0.0038051575,0.9844037,0.26505035,0.00029860914,0.98307276,0.0019057709
0.5925679,0.01854193,0.0073595354,0.09473007,0.4792452,0.99783915,0.9258443,0.002174365,0.112105936,0.99878174,0.3027207,0.942754,0.39687708,0.002921031,0.566818,0.9796944,0.014066106,0.98576593,0.98555726,0.01259202,0.024183398,0.8788694,0.3884519,0.0037299425,0.71057844,0.0053329943
0.44198778,0.000528467,2.4212548e-05,0.070369326,0.008882715,0.9999901,0.9965532,8.7342516e-05,0.028437702,0.99998033,0.005422017,0.9529146,0.0067411317,6.0460206e-05,0.9536796,0.9999554,0.00054800865,0.9950177,0.99996006,7.044721e-05,0.00039733187,0.99358785,0.13217986,5.3151844e-06,0.9950599,0.00011805444
0.68403065,0.15111075,0.100109145,0.2560563,0.91705143,0.99297345,0.74823195,0.007817934,0.28961718,0.9949763,0.76278746,0.8283035,0.90456116,0.0071591237,0.60408175,0.79746324,0.09658825,0.9890781,0.88265526,0.22517572,0.18947533,0.86564076,0.6236865,0.07172447,0.8079231,0.05156438
0.46927878,0.003436604,0.0005446663,0.07282843,0.082746096,0.99974114,0.98195916,0.00063743873,0.05044552,0.9996964,0.052459955,0.95708907,0.058631465,0.000679181,0.76036817,0.99863356,0.0031867917,0.988972,0.9989248,0.0010453978,0.0042580566,0.9570668,0.22335435,0.00020052599,0.914313,0.0009684312
0.68736666,0.014870194,0.0039960477,0.1458759,0.3400724,0.9986248,0.95687944,0.0022521054,0.09647586,0.9994715,0.17692186,0.95557654,0.31760523,0.0020138428,0.7936499,0.98685235,0.012835399,0.9842786,0.99197876,0.008720065,0.016576791,0.94662464,0.3892163,0.0031021335,0.89369136,0.006082522
0.24683726,0.005229268,0.0019643034,0.023183333,0.18259595,0.99786085,0.9270653,0.00073574035,0.069291085,0.99456936,0.21291445,0.8243381,0.092163764,0.0027788656,0.13488868,0.9973786,0.0038418302,0.9792028,0.9966677,0.0024275258,0.006582163,0.62087053,0.17902365,0.0001958907,0.2774206,0.0005913591
0.58680403,0.0036566572,0.00044389328,0.123777516,0.06298392,0.999788,0.98624504,0.00089767756,0.05192559,0.9998337,0.03178226,0.9561463,0.054952085,0.0006394339,0.90948415,0.99876934,0.0039345813,0.987283,0.9991874,0.001196848,0.003656584,0.9816558,0.24858329,0.00023617432,0.97759026,0.0015025131
0.6915604,0.009313804,0.001851996,0.14451781,0.21681578,0.9992254,0.9722286,0.0016431919,0.07687679,0.9997137,0.10487872,0.9602738,0.20678686,0.0013122788,0.85726655,0.9937524,0.008630732,0.98483384,0.9962811,0.0044919015,0.009502353,0.96649176,0.3539727,0.0014512283,0.94063497,0.00417433
0.52617043,0.0037101055,0.00061482284,0.07818573,0.11075666,0.99973077,0.9818226,0.00058016717,0.052966308,0.9997876,0.065224245,0.9628201,0.083002135,0.0006097633,0.7778143,0.99829787,0.0034544063,0.9898836,0.9987406,0.0012199153,0.0044565783,0.96082175,0.25438094,0.00026385268,0.9161559,0.0011064337
0.7217381,0.033761986,0.012452298,0.14380452,0.8196235,0.9988593,0.9054002,0.0011765469,0.15865299,0.99954444,0.54608953,0.93604493,0.7929841,0.0011594942,0.67328984,0.95189446,0.02136643,0.99505275,0.97511077,0.036115907,0.04307601,0.9239414,0.5414343,0.008047669,0.8448752,0.008079532
0.42839402,0.0036752946,0.00078419433,0.044140417,0.13971467,0.99963033,0.9734062,0.00048595096,0.053948842,0.9995646,0.10035925,0.9579259,0.086314246,0.00074004947,0.53353596,0.9980996,0.0028270439,0.99047065,0.9981957,0.0011927385,0.0049621747,0.90778404,0.22029322,0.00021597352,0.74986637,0.0007354842
0.26562726,0.0012397039,0.00019997895,0.01323506,0.09851053,0.99987805,0.9777685,8.209747e-05,0.038520135,0.9996873,0.09708663,0.9454717,0.041156717,0.00022265228,0.21884753,0.99954945,0.0007489185,0.9949531,0.9993678,0.00028687404,0.0016108536,0.8140377,0.1293427,1.9627221e-05,0.47743943,9.40315e-05
0.40482008,0.0037218765,0.0010033022,0.024789715,0.2687237,0.9995815,0.9582024,0.00026157335,0.060506467,0.9995023,0.20888783,0.9488812,0.14850967,0.00061134703,0.28089827,0.9974661,0.0023487178,0.9934524,0.9972223,0.0015434471,0.004688669,0.8136845,0.22098058,0.00017870749,0.48083958,0.00042160304
0.6907854,0.0010996772,4.6161495e-05,0.123955265,0.02065429,0.9999758,0.9953831,0.00020643034,0.03327706,0.99998474,0.00805131,0.96191514,0.020624537,9.560983e-05,0.97772425,0.9998324,0.0011363406,0.9935694,0.9998795,0.00024828382,0.00068560406,0.9955901,0.18532835,2.1328979e-05,0.99748766,0.0003833543
0.7445919,0.009250612,0.0016567687,0.15685585,0.24433458,0.99935335,0.97439855,0.0013446106,0.077752255,0.9998122,0.109329335,0.96142596,0.24722351,0.0009874033,0.88662946,0.99373335,0.008372095,0.9869664,0.9965647,0.0047455397,0.00854045,0.97329175,0.37631804,0.0014020944,0.9575492,0.0042230044
0.6819081,0.014151263,0.0039269207,0.12654103,0.41406623,0.9988954,0.9545594,0.0015640187,0.09606418,0.99957234,0.21682152,0.9574957,0.37596104,0.0015387404,0.7532493,0.98619545,0.01153247,0.98839927,0.9917121,0.00870351,0.016478488,0.94163275,0.40441176,0.0027577155,0.8699404,0.004866449
0.40113464,0.013250157,0.005843777,0.053367328,0.27241367,0.9963799,0.9147473,0.0028237954,0.09514555,0.9954775,0.2303,0.91193694,0.17299418,0.0056139,0.33357647,0.98965085,0.010033136,0.9741654,0.9898717,0.006749799,0.01814795,0.7633766,0.2673067,0.0015992244,0.47755483,0.0031669587
0.70112914,0.029435296,0.011211834,0.120522596,0.8274878,0.99902046,0.90385133,0.0008997104,0.15333344,0.9995679,0.5638643,0.9374831,0.7878855,0.0009871179,0.6205984,0.9570635,0.018354537,0.9957438,0.9764547,0.032482192,0.038218312,0.91416055,0.5258525,0.006219822,0.8111584,0.0061667766
0.817804,0.027732393,0.006318135,0.1481117,0.9519781,0.99987245,0.932398,0.00013936005,0.16037273,0.9999552,0.72935796,0.93758345,0.9480099,9.439013e-05,0.762985,0.96121687,0.0126498025,0.99931955,0.9867357,0.03971554,0.03272619,0.9685301,0.66134435,0.003760116,0.9504569,0.0037727167
0.73132825,0.08501831,0.041013844,0.2078293,0.921768,0.9979006,0.83049875,0.0023230254,0.23535533,0.9988489,0.7348622,0.88683194,0.9103692,0.002008424,0.65433025,0.8788602,0.049208693,0.9950363,0.9386956,0.122022875,0.10687585,0.91051716,0.6218068,0.02794004,0.857252,0.021957653
0.653214,0.006916456,0.0012087397,0.13899852,0.14259218,0.999443,0.9776638,0.0014712288,0.066538945,0.99972993,0.070313685,0.95902216,0.13106252,0.0011642128,0.8730209,0.99626225,0.006905185,0.9846644,0.9977034,0.0029514423,0.007092838,0.9717514,0.31562832,0.0008434416,0.9542068,0.0031238163
0.6119165,0.0007519786,2.8942997e-05,0.10252945,0.012675603,0.99998665,0.99629945,0.00013812653,0.029646082,0.9999863,0.0054213973,0.96245724,0.011486824,6.9993206e-05,0.9754847,0.99991417,0.0007838872,0.9944812,0.9999306,0.00013341263,0.00048559325,0.9957749,0.1535184,1.0236788e-05,0.9974853,0.0002203894
0.68852794,0.0014571283,7.2934694e-05,0.13325673,0.02532396,0.9999615,0.9942827,0.00030042985,0.03678274,0.9999757,0.010143924,0.95946115,0.025219515,0.00014432137,0.9740872,0.9997459,0.0015108049,0.99234337,0.99982363,0.0003649185,0.0009535953,0.99456984,0.19823177,3.6181318e-05,0.9967258,0.00054846646
0.6516907,0.0019498669,0.00012415324,0.1323588,0.030109037,0.99993634,0.9925177,0.00046599266,0.04077416,0.99995244,0.0127997175,0.95712453,0.028767461,0.00024486866,0.9639614,0.9996138,0.0020306797,0.9907088,0.99972993,0.00050863315,0.0014200412,0.9924871,0.20559967,6.221035e-05,0.9946196,0.00076006266
0.6130984,0.01192862,0.003183532,0.1332933,0.21370447,0.99853754,0.9612726,0.0028333124,0.08408291,0.99919444,0.120043345,0.95148677,0.18680625,0.0027007703,0.781511,0.9913288,0.011294526,0.9789742,0.99427056,0.005937283,0.014068784,0.9435165,0.33756432,0.002143534,0.88954484,0.005246827
0.6071282,0.0119648455,0.0036676219,0.10352036,0.314322,0.99865735,0.9541643,0.0018355359,0.0885077,0.9992999,0.18307823,0.95489985,0.26004493,0.0020973266,0.68592584,0.9894231,0.010153423,0.9849261,0.99268746,0.0065610935,0.015015954,0.9227881,0.35426685,0.0021125285,0.8169495,0.004073086
0.7624035,0.07858038,0.03216872,0.20691457,0.9533755,0.9991109,0.85399574,0.0010359467,0.22786397,0.9994905,0.7951485,0.8866662,0.94741225,0.00077508483,0.6800738,0.8921408,0.039243314,0.99772924,0.954128,0.12825891,0.096592,0.9362999,0.6716498,0.021254547,0.9052535,0.016338442
0.2727983,0.0012404267,0.00019573365,0.013498296,0.10039874,0.99988353,0.9783931,8.03091e-05,0.038231373,0.999713,0.096632764,0.94792056,0.042695925,0.00021332115,0.22803795,0.9995466,0.000744424,0.9950913,0.9993717,0.0002886554,0.0016060432,0.8212857,0.13169818,2.0026317e-05,0.4913945,9.488051e-05
0.6848495,0.029369961,0.011484522,0.14410342,0.6320843,0.9977532,0.91692114,0.0025516683,0.13806437,0.9990771,0.3816999,0.93978804,0.5913343,0.0026927406,0.6815747,0.96269053,0.021912897,0.9882357,0.97848547,0.024878383,0.036760025,0.91131985,0.47284916,0.008024867,0.81481546,0.009619142
0.040424466,0.0006192066,8.590107e-05,0.0051181195,0.017216092,0.99965477,0.95877486,5.1993055e-05,0.043900557,0.98962295,0.06000773,0.3099325,0.006051192,0.00036760638,0.030968813,0.99994946,0.0003727754,0.98018163,0.9998559,0.000119852484,0.0006091467,0.38415626,0.05118878,8.195027e-07,0.15626946,1.6481334e-05
0.6412437,0.06683032,0.03937896,0.1637065,0.76499546,0.99332076,0.83149177,0.006372958,0.20236658,0.99615127,0.55513936,0.89445806,0.7190918,0.0075915325,0.5640347,0.906271,0.047839828,0.9828172,0.9407646,0.074399814,0.08667173,0.84375036,0.51101214,0.024584165,0.7136635,0.022537783
0.37222254,0.0044739326,0.0012407333,0.03100356,0.18924011,0.99932635,0.95740944,0.00054454297,0.061353687,0.99903274,0.15772516,0.94234425,0.10419906,0.0011473425,0.32428232,0.997338,0.0030935397,0.9890675,0.99711764,0.0016309192,0.006047895,0.8211967,0.21068344,0.00024756405,0.5267489,0.0006835326
0.66279197,0.025022374,0.009762436,0.13556486,0.5447445,0.9975695,0.92481476,0.002835145,0.12523139,0.99894434,0.32379103,0.94236934,0.4954132,0.0031396046,0.6732493,0.9701377,0.019778091,0.9855158,0.982024,0.019482035,0.0313754,0.908316,0.4450621,0.0066416417,0.801485,0.008694448
0.79329735,0.04327137,0.013015902,0.16831988,0.94747293,0.9996623,0.9007206,0.00037996875,0.18736587,0.9998554,0.74635,0.92301726,0.9417075,0.00027853853,0.7236954,0.9381518,0.02083528,0.99869007,0.97532403,0.062454347,0.052318748,0.95418483,0.6490079,0.0082047405,0.9255317,0.00720787
0.14318812,0.0005795046,6.122584e-05,0.008085573,0.03575624,0.9999424,0.9840821,3.5271452e-05,0.03042517,0.99960643,0.04910186,0.9011613,0.012498595,0.00011911963,0.15342347,0.99989116,0.000334415,0.9950814,0.9998184,8.932156e-05,0.0007643393,0.7770495,0.07674378,2.8708118e-06,0.46479413,2.9787116e-05
0.1262242,0.00041107164,3.6323025e-05,0.006553406,0.026794301,0.9999664,0.98694605,2.2419526e-05,0.026412837,0.99970466,0.038443923,0.90589875,0.008674464,7.658537e-05,0.14465865,0.99993396,0.00022346067,0.9959948,0.99988246,5.4521126e-05,0.0005418889,0.7834572,0.064153075,1.40937e-06,0.4749036,1.7960465e-05
0.7180333,0.023853203,0.008469375,0.119265996,0.8387469,0.99931455,0.92026687,0.00058151636,0.14096472,0.99974483,0.5659589,0.9413166,0.80558795,0.0006393605,0.647184,0.9651074,0.015632309,0.99673575,0.98281455,0.028078035,0.030720156,0.9308099,0.54821056,0.004740916,0.8418986,0.004915114
0.650107,0.016367652,0.006410065,0.09578803,0.7343158,0.9990969,0.9315558,0.0005984512,0.1190078,0.9996451,0.48084342,0.9355505,0.6755024,0.00085421413,0.57656574,0.97798264,0.012503128,0.99521446,0.98833,0.017923655,0.02130195,0.91122895,0.4954471,0.0029209002,0.7784676,0.0034978695
0.60556376,0.0008020156,3.2861422e-05,0.10661031,0.012179725,0.99998415,0.99600106,0.00017446264,0.03055025,0.9999819,0.005216737,0.95932454,0.010697093,8.719955e-05,0.975447,0.99990916,0.00085559074,0.9939051,0.99992585,0.00014983868,0.0005132895,0.99556893,0.1523192,1.1417269e-05,0.9974815,0.00024231667
0.7767143,0.05433914,0.019160708,0.18264018,0.94804657,0.9994517,0.8853266,0.00060494314,0.19986418,0.9997435,0.76133883,0.9112355,0.94138116,0.0004582006,0.70125705,0.9208442,0.027542777,0.9982492,0.96822774,0.085625425,0.067902535,0.9462081,0.66056556,0.01249992,0.9139296,0.010300476
0.23235458,0.0037098513,0.0010579469,0.02936027,0.10180808,0.99887687,0.95557004,0.0006599117,0.061823223,0.99666935,0.11790613,0.8371291,0.054225773,0.0018024044,0.2436766,0.998601,0.003040466,0.9796989,0.9984511,0.0013632488,0.0053223106,0.75933915,0.17399924,0.00012703589,0.48930392,0.0005767868
0.6250589,0.004894636,0.0006181249,0.14671677,0.07053504,0.99968433,0.983862,0.0014167541,0.05719874,0.9997751,0.033827424,0.9524509,0.065020755,0.0009310153,0.9205553,0.9982305,0.0051885145,0.9844184,0.9988825,0.0017580896,0.004561954,0.9817529,0.26322868,0.00038125322,0.97995454,0.0022787189
0.5503093,0.012303109,0.0042812545,0.083973594,0.32375044,0.9983077,0.944916,0.0019371243,0.09036909,0.9988945,0.20744069,0.94790256,0.24961385,0.0026235364,0.57976276,0.98903054,0.009956347,0.98376715,0.99167526,0.0066955932,0.016301231,0.89007396,0.33608508,0.0020052649,0.72796434,0.0037007565
0.7822748,0.042119335,0.01334243,0.16635187,0.92864746,0.9995227,0.900472,0.00052902097,0.18198882,0.9998062,0.7021247,0.92715293,0.9207572,0.0004144208,0.719528,0.93907964,0.021870514,0.99812573,0.974192,0.056562234,0.051355343,0.9486121,0.62571025,0.00873257,0.9120287,0.007842955
0.71262354,0.014926242,0.003892293,0.15671629,0.34805652,0.9986753,0.95871735,0.0022406091,0.09570201,0.9995363,0.17407668,0.95501757,0.33126605,0.0019596796,0.817751,0.98668474,0.013214668,0.98450655,0.99241793,0.009156678,0.015881801,0.95319414,0.4038689,0.003214661,0.91193616,0.00641186
0.69662416,0.061136853,0.030809408,0.18011601,0.8147754,0.9963471,0.85792017,0.0037990422,0.19589147,0.99827063,0.5793749,0.9080244,0.7887796,0.0038858457,0.6411917,0.9124322,0.04182618,0.98939663,0.9514555,0.070905,0.07857428,0.890156,0.5494258,0.021459404,0.8010845,0.019551449
0.71486956,0.018190948,0.005288087,0.1524436,0.45459753,0.99856013,0.94990456,0.002098146,0.10679764,0.99951017,0.2359137,0.9531456,0.43188128,0.0019193534,0.784946,0.9815685,0.015022747,0.9869042,0.9896316,0.012376982,0.020369386,0.94508433,0.43345186,0.004257141,0.890541,0.007072885
0.5939354,0.00040013285,1.0648012e-05,0.087994225,0.006744785,0.9999951,0.9976683,6.666209e-05,0.02371043,0.9999939,0.002838041,0.96514744,0.0059450273,3.118189e-05,0.98256266,0.9999696,0.00041159414,0.99600875,0.99997246,5.4419936e-05,0.00022946228,0.9972715,0.123116836,3.0370256e-06,0.99863535,9.830326e-05
0.35894188,0.002326911,0.0004501737,0.026120856,0.12686771,0.99977165,0.97539526,0.0002264711,0.046523176,0.99963295,0.102750644,0.9551021,0.066899665,0.00044258448,0.3826097,0.99892384,0.0015939994,0.992963,0.99880373,0.00066511735,0.0031435802,0.87335074,0.1804222,8.151629e-05,0.63595223,0.00030762222
0.6414985,0.004067618,0.00044755533,0.14179774,0.06609859,0.9997775,0.98639894,0.0010161061,0.05316013,0.99985826,0.030644806,0.95668113,0.06254665,0.00063969457,0.93035305,0.9986338,0.0042407634,0.98676,0.9991309,0.0013845367,0.0036607697,0.98473895,0.2588162,0.00027529907,0.9836039,0.0018113825
0.60748345,0.045146894,0.025011383,0.14474927,0.58731574,0.99269366,0.87168354,0.007321766,0.16311362,0.99587786,0.40045607,0.91186184,0.5254583,0.009236184,0.57111245,0.94231135,0.035871625,0.9742268,0.96146864,0.03958277,0.059349068,0.84284824,0.4479098,0.015584622,0.6909599,0.017463908
0.59959257,0.005789461,0.0009874683,0.12040831,0.11718295,0.99954516,0.9790388,0.0012726652,0.06145298,0.9997073,0.061618466,0.9590931,0.1009439,0.001055006,0.853267,0.997138,0.0057666427,0.9854998,0.99810565,0.0022369865,0.006372777,0.96899486,0.28543034,0.00059283053,0.9471639,0.0023560354
0.45420855,0.0044396687,0.000980728,0.05581843,0.14115293,0.9995352,0.9724409,0.00069348246,0.05729144,0.99949324,0.0972795,0.95620066,0.093169026,0.00095815386,0.5963404,0.99760854,0.0036324887,0.98872685,0.997917,0.0015395193,0.0059249015,0.9186525,0.23719497,0.00031671306,0.79288024,0.0010515623
0.7469225,0.051245958,0.020267412,0.16920857,0.9056052,0.99893016,0.8768738,0.0011253951,0.19417934,0.9995203,0.6806035,0.9189396,0.8911803,0.001007918,0.67377913,0.92371756,0.029450586,0.99652326,0.9633575,0.06840135,0.06472811,0.926717,0.6004491,0.01327435,0.8682231,0.011379928
0.54379743,0.005245468,0.0009812823,0.094428785,0.12280199,0.999546,0.9775788,0.0010426079,0.059574798,0.99965286,0.07083637,0.95853263,0.096851595,0.0010272147,0.7885505,0.99735534,0.0049425373,0.98661464,0.99810165,0.0019175565,0.0062928568,0.95798147,0.27214855,0.00048550946,0.9150282,0.0018120394
0.678135,0.011363097,0.0024717753,0.16415298,0.18975507,0.9988361,0.96834266,0.002790023,0.08159224,0.9994815,0.095366105,0.9533104,0.18111232,0.0021990947,0.8613833,0.99251044,0.011195911,0.97921133,0.9954847,0.005726789,0.011607396,0.963267,0.34544346,0.0019913276,0.9417386,0.0057493085
0.52441263,0.018473014,0.0086862035,0.06877237,0.5218274,0.9973259,0.90282214,0.0019136465,0.116712846,0.99798393,0.37066668,0.9234058,0.4039888,0.003395668,0.40594304,0.97999555,0.013005963,0.9860481,0.98373216,0.013487911,0.024144491,0.8113541,0.35839415,0.002982663,0.5645719,0.0040848753
0.7113705,0.0036085118,0.0003076885,0.16242836,0.05774263,0.99983,0.9887683,0.00085979234,0.05097425,0.9999162,0.024489826,0.9547004,0.059556395,0.00046863707,0.95781535,0.998953,0.0036980512,0.9876601,0.9993661,0.0012525211,0.0026491685,0.98980474,0.2598313,0.00020312618,0.99203146,0.0017165885
0.6854949,0.017383415,0.005040574,0.16199139,0.32165217,0.99804085,0.95306873,0.003401437,0.10072063,0.99921346,0.1696853,0.94987184,0.30281007,0.003034077,0.801877,0.98445064,0.015915569,0.9795099,0.99079025,0.010599698,0.01925306,0.9443284,0.39397895,0.004145336,0.8970568,0.008111849
0.378419,0.0033992184,0.0007150951,0.040671553,0.113095745,0.999613,0.97309756,0.0005214161,0.051754322,0.99937904,0.08844519,0.94902354,0.06626123,0.00084362325,0.496972,0.9984011,0.0026613327,0.9892865,0.99846005,0.0010492726,0.0047434145,0.8963388,0.20030145,0.00016917766,0.7351001,0.00065921305
0.47680947,0.008755849,0.0031954786,0.044022884,0.38881338,0.9988581,0.93578494,0.00079918746,0.08538674,0.9989986,0.27984598,0.94047195,0.2616997,0.0015655244,0.36166596,0.9921245,0.0059240987,0.9899677,0.9927704,0.004869499,0.01137752,0.81953377,0.29249048,0.0008507886,0.5364713,0.0014872078
0.5471678,0.008064657,0.0021826976,0.08186359,0.22392023,0.9990889,0.96276635,0.0013202545,0.07380257,0.9993656,0.13779835,0.95652854,0.17020725,0.0016281094,0.6552447,0.9941758,0.006773083,0.9859241,0.99549896,0.0036216835,0.010306806,0.92133784,0.3009292,0.0010158409,0.8066389,0.002420824
0.6630644,0.003045975,0.00026141852,0.14562896,0.048091967,0.99986553,0.9896393,0.0007463472,0.04789849,0.9999145,0.02114546,0.9556906,0.04669262,0.00042669955,0.95206916,0.9991905,0.0031802424,0.9884332,0.99947816,0.0009596833,0.0024206755,0.9893895,0.2412066,0.00015259116,0.9910452,0.0013329122
0.5714685,0.030145565,0.015490064,0.10660973,0.53761315,0.99514717,0.89012545,0.0043870867,0.13903867,0.9969593,0.3691913,0.921246,0.45141837,0.006234478,0.51098704,0.9637122,0.02327833,0.9791784,0.9740112,0.02396275,0.040289912,0.8345163,0.40831855,0.007780403,0.6433323,0.009657342
0.6351355,0.014142497,0.004275628,0.1278772,0.30711195,0.99835604,0.9537822,0.0025434906,0.09327557,0.999226,0.17186138,0.9526121,0.2689118,0.0026080518,0.7422667,0.9876407,0.012572493,0.9819301,0.9919795,0.007988634,0.01708909,0.93318605,0.36949527,0.0029032102,0.85607237,0.005693339
0.6066715,0.02301201,0.009588256,0.124080144,0.42268372,0.9965922,0.92444247,0.0040505216,0.117980085,0.9981963,0.2635911,0.9387079,0.36319137,0.0048581227,0.63616085,0.9754508,0.019301131,0.9783618,0.9833987,0.015577818,0.029865995,0.88955086,0.39585778,0.0059571257,0.7576913,0.00884121
0.6368324,0.042285692,0.021561911,0.13543123,0.70046234,0.9959008,0.8742641,0.0038529302,0.16565101,0.9978325,0.4772892,0.91798294,0.64254075,0.0047510266,0.5719103,0.9422789,0.030568518,0.9857195,0.9636305,0.041254424,0.055421084,0.86297685,0.4784929,0.012682301,0.7198013,0.013142597
0.22327973,0.0005512024,4.106759e-05,0.025686396,0.012870846,0.99997675,0.99291915,7.1053204e-05,0.02697634,0.99986076,0.013599332,0.93587166,0.00628181,0.000101244084,0.6633829,0.9999325,0.00045630155,0.99483347,0.99992037,7.448133e-05,0.0006720533,0.958342,0.09051006,3.993667e-06,0.9318226,6.9032445e-05
0.49256855,0.012478301,0.004753327,0.07310866,0.2847425,0.997747,0.9372486,0.00239622,0.09061807,0.9980743,0.20173134,0.9379102,0.20509057,0.003670287,0.5011642,0.98947304,0.010039977,0.9798196,0.99126,0.0064719347,0.016978035,0.8558375,0.30702886,0.0018629052,0.65482956,0.003596761
0.61945003,0.0042437227,0.00052392273,0.13695867,0.071176305,0.9997476,0.985488,0.0010431047,0.054136567,0.9998267,0.034700956,0.95615405,0.06473456,0.00071476534,0.91666704,0.99850625,0.0044520237,0.98644584,0.99904567,0.0014630961,0.004069498,0.9821801,0.2627972,0.00030835776,0.9788638,0.001859232
0.6421552,0.009796334,0.0019248613,0.16428092,0.13378316,0.9989951,0.9719173,0.0030351675,0.07502335,0.9994294,0.06863597,0.94937766,0.1261548,0.0022554616,0.87740886,0.99464583,0.010132673,0.9775326,0.9966935,0.004470622,0.010065097,0.96756047,0.31617948,0.0014435456,0.9544825,0.005143204
0.2998621,0.0010856615,0.00010745894,0.03619607,0.028315645,0.9999418,0.9900394,0.00015214962,0.033977255,0.9998235,0.024285147,0.94366443,0.015852228,0.00020360648,0.6892799,0.9997904,0.0009217203,0.99326456,0.99979216,0.00019743976,0.001354021,0.95632744,0.13328582,1.7203314e-05,0.9215157,0.00018069113
0.46300852,0.011087709,0.0041165743,0.06590871,0.25493595,0.99789894,0.93928957,0.0021977143,0.08591714,0.9979456,0.1881669,0.9355979,0.1763548,0.0035474221,0.47161105,0.99127954,0.008849567,0.97972256,0.9924408,0.0054170303,0.015234443,0.8471251,0.28709903,0.0014588089,0.63342124,0.0030215282
0.6547545,0.014596529,0.0042778263,0.13505872,0.32027927,0.9984144,0.9543378,0.0024891626,0.09463571,0.999297,0.17463395,0.953255,0.28706637,0.0024547894,0.7594757,0.98696274,0.012885686,0.9826409,0.99174964,0.008474277,0.017063087,0.9371827,0.37726313,0.0030364636,0.86884815,0.0058682556
0.75451463,0.06039444,0.024218697,0.18427485,0.9276675,0.9989753,0.8673618,0.0011193329,0.20700905,0.9995098,0.7246011,0.9094189,0.9172489,0.00093237567,0.67841697,0.9116322,0.03335974,0.996971,0.9589895,0.08724955,0.07604005,0.9305512,0.62658143,0.016082965,0.88302493,0.013202424
0.7523753,0.07277068,0.030862823,0.19896683,0.9419117,0.9988998,0.8518986,0.0012162275,0.22368142,0.9994173,0.7664379,0.8947117,0.9335681,0.0009849538,0.67083734,0.894686,0.03904688,0.9971566,0.95246685,0.11271024,0.091881916,0.9291667,0.6475781,0.020480035,0.88714844,0.015953356
0.5824745,0.011601708,0.0029897755,0.14222349,0.16100588,0.99843854,0.9628742,0.0037267953,0.08079747,0.9989021,0.09312189,0.9446283,0.13963248,0.0033619602,0.80198836,0.99261355,0.011716436,0.9746926,0.9951357,0.005506717,0.013735685,0.9471782,0.31768915,0.0019551327,0.9084063,0.0056143343
0.40981108,0.0038775138,0.00089794915,0.040304244,0.14944142,0.99955493,0.96960384,0.00051943085,0.05574188,0.99942917,0.11296501,0.9536494,0.08960612,0.00086556195,0.4721649,0.99789125,0.0029073956,0.98992926,0.9979371,0.0013042936,0.00529841,0.887007,0.21708307,0.00022579925,0.6932111,0.00072505197
0.66952664,0.019200863,0.0064772377,0.13616481,0.45225194,0.99810934,0.9416728,0.002479098,0.10950253,0.99923456,0.25267407,0.9493965,0.4113905,0.0025821219,0.7228155,0.9797238,0.015884873,0.98507106,0.98780966,0.013111822,0.023275502,0.9268617,0.4212773,0.0046183406,0.84103024,0.007194656
0.5465902,0.0059313867,0.0011022,0.11218945,0.10520007,0.99945766,0.9769597,0.0015133901,0.061772566,0.9995369,0.060163863,0.95307547,0.08548322,0.0013562854,0.8232786,0.9971551,0.005980129,0.9836838,0.9980381,0.0022456623,0.006939167,0.9618762,0.2695463,0.0005798883,0.9347912,0.0023348439
0.78109646,0.059332862,0.021160008,0.19033413,0.95740384,0.9995105,0.8842816,0.00055160676,0.2056886,0.99975044,0.79203236,0.90104747,0.9520855,0.00039841852,0.7022378,0.91682476,0.028682578,0.998502,0.9683243,0.101528846,0.07309211,0.94883174,0.6828616,0.013527242,0.9238596,0.010879603
0.13618624,0.0005334129,5.2082185e-05,0.009078836,0.025908299,0.99995303,0.9859984,3.928054e-05,0.028579313,0.9995777,0.03648798,0.8991994,0.009176565,0.00011853463,0.1888964,0.99991095,0.00031623515,0.99485296,0.9998585,7.906329e-05,0.00072705373,0.80905235,0.07249233,2.4345832e-06,0.55443054,3.0645504e-05
0.5499848,0.026197303,0.01338631,0.08527978,0.5877025,0.99634117,0.884065,0.0027591032,0.13576496,0.9973937,0.41729572,0.91548645,0.48369628,0.004519942,0.4360565,0.9695253,0.018421346,0.9845576,0.9764407,0.02132554,0.034024265,0.8126655,0.39219767,0.0052129347,0.59055674,0.0064350744
0.78204143,0.05351926,0.018023508,0.18228227,0.95088124,0.9995252,0.8878533,0.0005351831,0.19989015,0.9997769,0.76666236,0.9117606,0.9450328,0.00039256128,0.70859665,0.92304033,0.026381092,0.99843603,0.9697026,0.08333399,0.06606094,0.9490727,0.66378057,0.011667105,0.92024004,0.009757925
0.6706441,0.0021305843,0.0001393012,0.13810296,0.034092043,0.9999274,0.992201,0.0004976561,0.041922633,0.9999515,0.014335097,0.9575192,0.0333404,0.00025972913,0.9640973,0.99954814,0.002209934,0.99044806,0.9996921,0.0005924496,0.0015390883,0.99233246,0.2160044,7.463035e-05,0.9944699,0.000858011
0.6198417,0.0047161486,0.00060068694,0.1420206,0.07210739,0.99970156,0.984186,0.0012778718,0.056338433,0.99978846,0.035042953,0.95445526,0.065983534,0.0008596588,0.91607493,0.998278,0.004998007,0.98517597,0.99889755,0.0016873047,0.004511182,0.9812447,0.26257238,0.00036637572,0.97830486,0.0021309827
0.7005174,0.001380435,6.465802e-05,0.1341723,0.024402749,0.9999641,0.99454474,0.00028945875,0.036024984,0.99997795,0.0095270295,0.95901054,0.024393307,0.00013404728,0.97651345,0.99976534,0.001422296,0.99253863,0.99983823,0.00034200377,0.0008628564,0.99496233,0.19689244,3.2022675e-05,0.9971545,0.000515181
0.82120395,0.035481825,0.008438721,0.16477638,0.9744469,0.9999151,0.9275032,9.400917e-05,0.1822916,0.99995923,0.8295954,0.9073407,0.97143644,5.800209e-05,0.7488081,0.9556482,0.013899026,0.9995833,0.9861736,0.06749182,0.039664704,0.9697898,0.71655685,0.0043302765,0.96221846,0.0039582527
0.7003482,0.00027065407,4.4975873e-06,0.09894306,0.0055918023,0.9999975,0.9984242,3.9600884e-05,0.01989461,0.999998,0.001932121,0.9692109,0.0053307055,1.4205337e-05,0.99160063,0.9999814,0.00027961106,0.99694604,0.99998343,3.831423e-05,0.00012308304,0.99852633,0.11777557,1.4437612e-06,0.99949694,6.6737965e-05
0.629038,0.00067334354,2.4653264e-05,0.10140707,0.012429631,0.9999883,0.9966156,0.000119610544,0.02884289,0.9999895,0.0051464518,0.9622062,0.011388151,5.9230282e-05,0.97819954,0.99992645,0.00070312264,0.9948001,0.99994195,0.000116515555,0.0004196361,0.9962572,0.15678452,8.677685e-06,0.9979001,0.00019727829
0.66932267,0.004375383,0.0004783668,0.15417953,0.06886057,0.9997532,0.98615485,0.001127407,0.054656815,0.9998592,0.031177878,0.95500064,0.067421585,0.00068205973,0.93856746,0.9985227,0.004560787,0.9860454,0.9990872,0.0015726426,0.0037441454,0.985746,0.2683778,0.00031237837,0.98596746,0.0020844392
0.65177035,0.026118595,0.010591815,0.12516083,0.5828406,0.99760205,0.9171224,0.0025837326,0.13090011,0.99889743,0.35835814,0.94098604,0.5244244,0.0029922526,0.6371577,0.96790075,0.01970336,0.98694545,0.9799762,0.020882962,0.03331309,0.8975787,0.44402173,0.0066739935,0.773132,0.008315573
0.69558936,0.0037362527,0.00033838922,0.15593734,0.060520012,0.99981993,0.98815185,0.00089754973,0.051521253,0.9999074,0.026064813,0.95626116,0.061915666,0.0004967296,0.95195454,0.99886084,0.0038313293,0.987519,0.9992976,0.0012838237,0.0029062224,0.98872656,0.2594381,0.00022278077,0.9903272,0.0017427249
0.5172044,0.00782469,0.0024691208,0.05280488,0.34751737,0.99916434,0.95123094,0.00074128335,0.07919285,0.99938154,0.22902538,0.9533815,0.24363935,0.0012150828,0.47143304,0.9931171,0.0056250403,0.99069256,0.9942484,0.004053081,0.010224296,0.8728691,0.3056406,0.0008298,0.649636,0.0015508928
0.81829876,0.018563058,0.003602266,0.13791208,0.9065124,0.9998789,0.9511442,0.00013509436,0.13393901,0.99996734,0.5943938,0.9509757,0.9040742,9.414868e-05,0.803527,0.97597027,0.009623112,0.9991043,0.99157435,0.021261774,0.021108253,0.9727955,0.61566347,0.0022872863,0.9555046,0.0028681064
0.7213668,0.0773432,0.03811536,0.19502532,0.91473985,0.9978442,0.83348095,0.002248675,0.22744302,0.9988397,0.72277653,0.89160854,0.9002155,0.002071968,0.63741916,0.8864971,0.04606028,0.9948539,0.9415294,0.11147766,0.09930792,0.9056132,0.6102575,0.025056854,0.8415967,0.019765826
0.6406067,0.0024912045,0.00020087924,0.13086715,0.04303161,0.9999033,0.99089164,0.0005502543,0.044852316,0.99993324,0.019269273,0.9587427,0.0405399,0.00032563042,0.94952154,0.9993781,0.0026248165,0.9899344,0.999589,0.0007196838,0.0020384563,0.98980534,0.23028404,0.000107804415,0.9908263,0.0009994954
0.5690114,0.006454445,0.0013572114,0.10221847,0.1485112,0.9993961,0.9738764,0.001280799,0.06509525,0.9995828,0.08481909,0.9589079,0.119722515,0.0012703737,0.7812097,0.9962903,0.006087205,0.98552436,0.9973629,0.002615482,0.007753372,0.9535603,0.2879524,0.00072320184,0.9044548,0.002334986
0.6751708,0.0009857026,3.850818e-05,0.12048834,0.016840398,0.9999796,0.99565685,0.00019800158,0.031885143,0.99998486,0.00660207,0.96141773,0.016314488,9.0096604e-05,0.9789179,0.999866,0.00101916,0.99367964,0.99989796,0.00020822787,0.000601573,0.99584985,0.17031,1.664115e-05,0.9977556,0.00032941857
0.7293722,0.055371653,0.023927927,0.1699946,0.8904626,0.998459,0.8662457,0.0015867318,0.19826922,0.9992774,0.66420925,0.9145258,0.8720806,0.0015004791,0.65403587,0.91767776,0.033284348,0.9953171,0.95813257,0.072170295,0.07063639,0.9146606,0.5858377,0.015617847,0.84473014,0.013370386
0.56841445,0.0038542245,0.00049283425,0.11382105,0.07138733,0.99976987,0.9852384,0.0008583925,0.052520774,0.99980575,0.037373204,0.95804507,0.059369396,0.0006591056,0.8866383,0.99859947,0.00399929,0.9875966,0.9990545,0.0012416235,0.004014781,0.97776014,0.24781907,0.0002554091,0.968906,0.001458943
0.27591464,0.0013787979,0.0002134353,0.016701141,0.087355174,0.99987113,0.97965485,0.00010678243,0.039340205,0.99968064,0.08210483,0.9465346,0.03930601,0.00025269698,0.2857481,0.9995204,0.0008801348,0.99427104,0.99938726,0.0003158546,0.001848719,0.8482575,0.13701633,2.4914332e-05,0.5727016,0.00012897747
0.69794834,0.00968105,0.0017575141,0.17430358,0.15179676,0.99910766,0.9739309,0.0025489999,0.075707406,0.99961925,0.07273965,0.9528623,0.1509776,0.001787975,0.8982944,0.99456984,0.009773492,0.9797686,0.99682045,0.004602875,0.009069108,0.97284883,0.33421624,0.0014480008,0.96382415,0.005228524
0.608639,0.017574001,0.0061807204,0.12799332,0.32514074,0.9974752,0.94229144,0.0036544236,0.10174806,0.99863154,0.19378176,0.9445186,0.28007248,0.004026576,0.69597954,0.9835681,0.015576292,0.97776616,0.98907065,0.0104599465,0.022078397,0.913325,0.37217736,0.0039995504,0.8145064,0.007159869
0.6316195,0.0068012765,0.0011781343,0.13790554,0.125296,0.99944454,0.9778097,0.0016013546,0.0653436,0.999686,0.06345865,0.9574879,0.11349945,0.0012470762,0.8720879,0.99652904,0.0068387333,0.98383236,0.9977985,0.0027953188,0.0071288464,0.97102517,0.3006184,0.00078988407,0.95442027,0.0030599749
0.7958625,0.03135045,0.00845472,0.15227458,0.9291043,0.99972516,0.9208076,0.00029914538,0.1633768,0.99990225,0.6816459,0.93818516,0.922065,0.00022542065,0.7414541,0.9547944,0.016020726,0.99868625,0.98212737,0.0415044,0.03810556,0.9586827,0.62725943,0.0054170587,0.92782176,0.0052417545
0.5206213,0.0060527725,0.001339385,0.086968176,0.1415144,0.99937016,0.97236204,0.0012284805,0.063521266,0.99946684,0.08735036,0.9556412,0.10695007,0.0013541933,0.72690994,0.99660826,0.0055460073,0.98540443,0.9974395,0.0023443722,0.007669194,0.94251186,0.271429,0.0006103285,0.87421066,0.0019893593
0.3370395,0.0021762922,0.00043666852,0.020419758,0.1400865,0.9997706,0.97217417,0.00018284471,0.046611067,0.99960023,0.12027373,0.9527806,0.06823483,0.00041178567,0.29411322,0.99896514,0.0013875299,0.993541,0.99873644,0.0006228972,0.0028765353,0.8380796,0.16909339,6.571445e-05,0.53388375,0.0002361741
0.6987617,0.008719198,0.0014278799,0.1779205,0.12832075,0.9992446,0.97651833,0.0024222615,0.071993686,0.99965906,0.060601886,0.9515757,0.12867871,0.0016303811,0.9118148,0.9955966,0.008880881,0.98001385,0.9974322,0.0039894637,0.0077798767,0.9764048,0.32176766,0.0011534699,0.97170997,0.0047589
0.59817797,0.014599992,0.004868334,0.11481364,0.30403376,0.9980336,0.94782406,0.0027964304,0.0948387,0.998904,0.18188816,0.9487758,0.25443703,0.0031821309,0.6857688,0.98702335,0.012780932,0.980409,0.99100727,0.008208974,0.018429242,0.915438,0.35554928,0.0029311283,0.81078136,0.0055264807
0.6427177,0.008695011,0.002083195,0.105255246,0.29727742,0.9992805,0.9675493,0.0010733784,0.07756451,0.99970835,0.15532428,0.9620716,0.25671682,0.0010981106,0.75819576,0.9931427,0.007371877,0.98879015,0.99559385,0.0044082333,0.010200756,0.94945526,0.3606753,0.0013109834,0.87990814,0.0029562395
0.69179356,0.029390294,0.011406552,0.1432374,0.6552142,0.99792635,0.9169055,0.0023121235,0.13809913,0.9991658,0.39665663,0.9404177,0.6142483,0.0024480938,0.6812809,0.9622813,0.02170893,0.989262,0.9786003,0.025656726,0.036596894,0.9138141,0.48226577,0.007963913,0.8186584,0.009364379
0.74443173,0.02558599,0.007881172,0.12934218,0.8486344,0.99945956,0.92279154,0.00055064156,0.14593197,0.99980193,0.5601649,0.9459213,0.824854,0.0005127137,0.69241434,0.96339434,0.015100941,0.9971584,0.9819582,0.027520424,0.032388844,0.93982804,0.5504462,0.0048303497,0.872699,0.005012826
0.74922246,0.014852607,0.0035224576,0.14225398,0.5325797,0.999316,0.9577268,0.0009675854,0.101681076,0.9997986,0.2603996,0.9597348,0.516179,0.00082816946,0.80669606,0.9848685,0.011147361,0.9928139,0.9921055,0.010179599,0.015918795,0.958199,0.4527693,0.0027663773,0.9157703,0.0046858657
0.5013977,0.005287738,0.0011755812,0.07039297,0.1542004,0.99946815,0.9723656,0.0008803093,0.061032686,0.99953496,0.09804141,0.95816916,0.11027032,0.0010766427,0.6680526,0.996976,0.0045180977,0.987763,0.9975683,0.001968343,0.006851898,0.9327878,0.26206377,0.00046890767,0.83588666,0.0014704269
0.7030333,0.0017163596,9.111214e-05,0.13764043,0.030703774,0.9999509,0.99360573,0.00034814642,0.038824815,0.99997234,0.0122334305,0.95981514,0.031390186,0.0001681689,0.9723098,0.9996661,0.0017577952,0.9919001,0.99977463,0.00045410093,0.0011265294,0.9940904,0.21051954,4.876055e-05,0.99625325,0.00066760933
0.73615146,0.044607766,0.017920097,0.1687155,0.8480308,0.99848855,0.8918892,0.0015944807,0.17373921,0.99939287,0.58644515,0.9256576,0.83001834,0.0014926596,0.6884533,0.93655974,0.028518476,0.99448967,0.9685214,0.052922413,0.056046218,0.92448246,0.57058865,0.012541023,0.85877705,0.0119633125
0.7132207,0.0087428875,0.0014324214,0.1738506,0.14648263,0.99927944,0.97643423,0.002103308,0.07262718,0.9997081,0.068284474,0.9549818,0.14792004,0.0014264556,0.90844095,0.99529845,0.00867405,0.9816684,0.99728477,0.004081354,0.0077717686,0.9760414,0.3310442,0.001189859,0.9695431,0.004608896
0.45373455,0.008675128,0.002964914,0.053751335,0.25250098,0.99857605,0.9452916,0.0013838651,0.07928163,0.99858534,0.18762887,0.94227946,0.16683285,0.0023536156,0.43932787,0.99341726,0.006550057,0.98435915,0.99396366,0.003984796,0.0118223755,0.8461012,0.27174416,0.00092896615,0.61044896,0.0019897807
0.48566973,0.006435855,0.0017521766,0.061916955,0.19691944,0.99920565,0.96316713,0.0010232439,0.06775248,0.99927753,0.13335237,0.9536028,0.13557172,0.0014681378,0.5673502,0.99571735,0.005210594,0.98683065,0.9963505,0.002644784,0.008592384,0.90180403,0.26770929,0.0006296872,0.7469816,0.0016234963
0.7500352,0.006822811,0.0008870702,0.17656484,0.12814276,0.9995408,0.98156965,0.0014230412,0.066559866,0.9998425,0.0554673,0.95644814,0.13566576,0.000894865,0.9336612,0.9967899,0.0066426136,0.9847365,0.99825174,0.0030207296,0.005316747,0.9830119,0.3268168,0.00073708815,0.98158664,0.0036089763
0.48992178,0.01672421,0.00762965,0.06816775,0.3914586,0.99673766,0.9125354,0.002662105,0.107277215,0.99724126,0.2878488,0.9256012,0.2838991,0.0046093185,0.4139772,0.9836093,0.0126069095,0.9800228,0.98612994,0.010355488,0.022485565,0.8074243,0.32720336,0.0027202656,0.5564268,0.0042841886
0.74212134,0.061417583,0.026076313,0.18246135,0.92155707,0.99875844,0.862555,0.0013057068,0.20867081,0.9993988,0.7174432,0.9075069,0.90918595,0.0011401866,0.6636909,0.908431,0.035087343,0.9964875,0.9562809,0.08850762,0.07898138,0.92381126,0.61898607,0.017153468,0.86861277,0.013979904
0.3280923,0.0021622942,0.00040861475,0.02370015,0.111455165,0.9997745,0.9751413,0.00022031776,0.045057625,0.99956423,0.095966704,0.9509328,0.055986617,0.00045081336,0.3505759,0.9990682,0.0014679184,0.9926876,0.9989268,0.00058385776,0.0029653343,0.86129194,0.16612568,6.5557724e-05,0.61246175,0.0002711135
0.66699386,0.0004621115,1.1709294e-05,0.103631094,0.008521542,0.99999404,0.99756986,7.781157e-05,0.024438007,0.99999475,0.0032338074,0.96527964,0.008032124,3.239961e-05,0.9863322,0.9999591,0.000479236,0.99577975,0.99996567,7.4699485e-05,0.00024913772,0.9975662,0.13653447,4.0291607e-06,0.99893993,0.00012826746
0.53983545,0.0052720658,0.00093540415,0.10196218,0.106692955,0.9995505,0.97847205,0.001180734,0.05914025,0.9996258,0.0611957,0.95591444,0.085415736,0.0010904128,0.81286585,0.9975141,0.005116624,0.9856048,0.99825937,0.0018955988,0.006182185,0.9618077,0.26636577,0.0004701629,0.93029535,0.0019132775
0.76067954,0.0376627,0.012629212,0.15702489,0.88897735,0.9992951,0.9045331,0.0007589712,0.16921881,0.99972814,0.62805504,0.9340513,0.8750899,0.00065478456,0.7072397,0.9451075,0.021766756,0.9970823,0.9748863,0.04585607,0.046892717,0.94042563,0.5903082,0.008466937,0.8884832,0.007993529
0.66086614,0.00035638578,7.746151e-06,0.0986441,0.006511185,0.99999607,0.99798226,5.9029262e-05,0.02226703,0.9999962,0.002437471,0.9661828,0.005993426,2.3576464e-05,0.9882338,0.9999733,0.00036798418,0.996283,0.9999763,5.2283172e-05,0.00018110871,0.9979646,0.12349952,2.4429048e-06,0.9991848,9.1908834e-05
0.80410165,0.030932399,0.007903166,0.15209475,0.94172114,0.9997924,0.9242827,0.00022593749,0.16411754,0.9999254,0.70887667,0.93696624,0.93605953,0.00016268085,0.74739385,0.9554452,0.015090527,0.9989938,0.9835712,0.043284763,0.03735775,0.9625365,0.645891,0.0049519106,0.93742925,0.0047834236
0.6918746,0.030917108,0.012312592,0.13805155,0.7069252,0.9981117,0.90969455,0.0019826482,0.14537652,0.9992167,0.44422066,0.9381675,0.6641432,0.002140414,0.6598254,0.95890987,0.021747675,0.991015,0.9764431,0.028539747,0.03886154,0.90976626,0.49142638,0.008105092,0.80821496,0.008956072
0.7476836,0.09241139,0.042052083,0.21912698,0.9455838,0.9985569,0.8309538,0.0017058491,0.24376747,0.99913365,0.7858376,0.8771502,0.9384993,0.0013222722,0.66742855,0.8733151,0.048923478,0.99666685,0.9410967,0.14400508,0.114106216,0.9236031,0.6561709,0.028508076,0.8873727,0.021550657
0.5930665,0.004468064,0.000598123,0.12780541,0.0753689,0.9997081,0.98401284,0.0011326543,0.055221185,0.9997819,0.0382211,0.9556521,0.066319816,0.00082700036,0.8982787,0.99832624,0.004664804,0.9859666,0.9989052,0.001541529,0.004515623,0.97869724,0.26114362,0.0003409571,0.9719115,0.001877018
0.81824887,0.0151866535,0.0026701957,0.1404724,0.8185244,0.9998417,0.9601832,0.00019699466,0.11686725,0.99996233,0.44961447,0.9570321,0.8231161,0.00013794805,0.83879095,0.98302597,0.008633291,0.9984877,0.9935834,0.013605078,0.015707389,0.97513914,0.5646319,0.0018746422,0.9595712,0.0029142876
0.5506995,0.023732062,0.011449151,0.08783492,0.51857287,0.99641657,0.8984863,0.0030315293,0.12712976,0.9975574,0.35881224,0.92493385,0.41931286,0.0046594953,0.47181743,0.97299033,0.01750194,0.9825643,0.9794332,0.017590119,0.031446937,0.8282167,0.38204667,0.0049272967,0.6148326,0.0064819045
0.6047245,0.00229262,0.0001789486,0.12642653,0.033413902,0.9999131,0.9910812,0.0005804067,0.04328367,0.9999201,0.015459875,0.9557834,0.030097395,0.00034323582,0.9495678,0.9995012,0.002416122,0.9896706,0.99964786,0.0006092925,0.0018726367,0.9898414,0.20806801,8.5723244e-05,0.9913263,0.00088090845
0.8233393,0.02531754,0.0053984746,0.14624414,0.9517774,0.9998957,0.9387039,0.00011342696,0.155993,0.9999653,0.7221898,0.93905485,0.94839054,7.4832744e-05,0.7755983,0.96533793,0.011495707,0.9993956,0.9885606,0.03644021,0.029436799,0.97120494,0.66495585,0.0031837637,0.9562663,0.003337819
0.6938511,0.016937336,0.004953847,0.15218684,0.37595505,0.99834037,0.9521501,0.0026004247,0.101215474,0.9993772,0.19673418,0.9520096,0.35128775,0.0024251794,0.78581923,0.9839559,0.014825881,0.9834389,0.99061406,0.010716625,0.018977242,0.94343424,0.40836716,0.003931598,0.8879874,0.007137529
0.75962466,0.03965842,0.013609296,0.15976758,0.89648795,0.9992779,0.9002016,0.00076537987,0.17465386,0.99971515,0.6445362,0.9305075,0.88341784,0.0006642681,0.7028549,0.9420249,0.022534784,0.99715626,0.97340935,0.049081113,0.049465735,0.9394809,0.59406966,0.008991647,0.88765514,0.008365369
0.43716857,0.0034257208,0.0006816832,0.04944462,0.12089876,0.99968016,0.9767603,0.00048695743,0.051867634,0.9996208,0.084679216,0.95836204,0.07661114,0.00068376365,0.59583694,0.9983388,0.002799927,0.99040854,0.9985019,0.0010898872,0.0046043876,0.92430514,0.22051151,0.00019809882,0.80517,0.0007449062
0.7838227,0.06595534,0.02002981,0.20315272,0.98467505,0.99988365,0.89474666,0.00014569522,0.22863328,0.9998926,0.9063091,0.8264259,0.9827,8.742151e-05,0.68803,0.9339734,0.022753472,0.9995685,0.97665703,0.15088494,0.07352528,0.96203613,0.74864995,0.009222206,0.95950973,0.006785171
0.66414016,0.03831434,0.020663476,0.12512265,0.8860914,0.99838114,0.8700174,0.0010397126,0.17041256,0.99911624,0.6816152,0.9022072,0.8490786,0.0014571742,0.51774925,0.9409576,0.026938282,0.9957294,0.9673648,0.06345929,0.05256867,0.8822415,0.55319405,0.009019738,0.7614046,0.00781442
0.6568778,0.006008566,0.00083083124,0.15484348,0.09273891,0.99957234,0.9816784,0.0016279947,0.06171093,0.9997646,0.04390496,0.9545078,0.08973649,0.0010709837,0.91627157,0.99750096,0.0062163565,0.98353785,0.99845815,0.0023436206,0.0055827494,0.98006815,0.28866118,0.0005819893,0.9762713,0.0029409467
0.68564093,0.086701535,0.049840763,0.19572444,0.8814789,0.9956358,0.8111281,0.004275784,0.23239109,0.9974923,0.6838561,0.8793729,0.85931075,0.0044379975,0.59939253,0.87618095,0.056202736,0.9906781,0.92890507,0.11805159,0.11128028,0.8759496,0.57948506,0.032161906,0.78925705,0.0259247
0.65073967,0.0004704077,1.250284e-05,0.100552656,0.008506898,0.9999937,0.9974675,8.138464e-05,0.024749342,0.99999404,0.0033110376,0.96493095,0.007841508,3.5261095e-05,0.98479754,0.99995863,0.00048747918,0.9957165,0.9999646,7.4528296e-05,0.00025759815,0.99738306,0.135249,4.152424e-06,0.99878806,0.00012743431
0.72138345,0.10902502,0.057138436,0.23013322,0.92594457,0.99706984,0.80311483,0.0033891308,0.25914553,0.9981974,0.7564591,0.8666508,0.915829,0.0028665152,0.64615554,0.8499909,0.063235946,0.99398077,0.9218673,0.15761393,0.13527106,0.9007373,0.62970793,0.040052906,0.8521435,0.03042825
0.4766557,0.003849872,0.0006936259,0.06669553,0.109532684,0.99967945,0.9788629,0.00063663675,0.053518582,0.9996681,0.070151165,0.9593944,0.07651775,0.0007336099,0.7084074,0.99819845,0.0033977197,0.9892786,0.998548,0.0012456225,0.0049278038,0.9463017,0.23537487,0.00025485377,0.8778499,0.0010289119
0.3219855,0.0021775786,0.0004131808,0.023654865,0.10798958,0.9997664,0.9747387,0.00022972804,0.045041993,0.99952996,0.09429685,0.9491902,0.05419748,0.00047533255,0.34670907,0.9990723,0.0014797053,0.9924494,0.998931,0.0005850201,0.002994494,0.8587241,0.16418459,6.52098e-05,0.61005354,0.00027364102
0.73291636,0.059652407,0.026285587,0.17773786,0.9114594,0.9985734,0.86125773,0.0014547942,0.20593424,0.9993124,0.70195806,0.90818155,0.8966302,0.001333318,0.65276486,0.91082144,0.034904666,0.9959818,0.95600027,0.08379559,0.077092215,0.9184222,0.6069683,0.016893424,0.85521877,0.013970738
0.62772816,0.014380781,0.0045860377,0.10987682,0.37851524,0.99851257,0.94823784,0.0019319657,0.09680463,0.9992842,0.21676567,0.9538023,0.3229994,0.0021759216,0.684048,0.9861668,0.011754062,0.9857201,0.9907197,0.008531539,0.017842146,0.9204067,0.37692192,0.0027965459,0.8123152,0.0048233774
0.5456559,0.01425116,0.0052784383,0.09345792,0.30660617,0.9977228,0.94055873,0.002760476,0.09467046,0.9984366,0.20023575,0.9428576,0.23898895,0.0036609976,0.59098405,0.98727465,0.012000253,0.9796411,0.9904507,0.007891447,0.018963123,0.88594073,0.3376349,0.0025965911,0.73185474,0.00478939
0.1578453,0.0005473653,5.7214318e-05,0.0074108946,0.042972334,0.9999521,0.9843426,2.8327797e-05,0.029609542,0.9997156,0.05547128,0.91868687,0.014548349,9.602245e-05,0.14557119,0.9998869,0.00030348508,0.99590755,0.9998037,8.5356914e-05,0.0007056923,0.7766328,0.07785321,2.7854678e-06,0.43811226,2.5536077e-05
0.60030115,0.006795877,0.0011999066,0.13519937,0.11102108,0.9994111,0.9771987,0.0018112806,0.064867534,0.9995927,0.058603086,0.9541958,0.09761321,0.0014286512,0.86426854,0.996671,0.006943933,0.98254263,0.9978403,0.0027319551,0.007341259,0.9687562,0.2873278,0.00075514364,0.95221245,0.0030251315
0.21327654,0.00073734566,9.352624e-05,0.008566746,0.071874514,0.9999374,0.9818227,3.7042406e-05,0.032264963,0.99977094,0.079141356,0.94193286,0.025853548,0.000116900505,0.16127001,0.99979156,0.0004044152,0.9961808,0.9996563,0.0001370749,0.0009212721,0.7896076,0.098422326,6.1807937e-06,0.4225311,3.8364204e-05
0.6364902,0.008191899,0.0014447853,0.15832452,0.1160502,0.9992494,0.9755096,0.0024618534,0.069836035,0.9995478,0.058535624,0.9507788,0.10867509,0.0017750282,0.88752025,0.9958824,0.008503886,0.97969943,0.9974605,0.0035469786,0.008291822,0.9713869,0.30259776,0.0010336855,0.9617185,0.004130554
0.6604172,0.005570675,0.000712408,0.15739563,0.08305575,0.99963117,0.9829742,0.0015252511,0.059851054,0.99978524,0.038836,0.95410615,0.080531545,0.0009690006,0.9244958,0.99782264,0.005798525,0.98398966,0.9986578,0.00214416,0.005010869,0.98186135,0.27967748,0.00049033033,0.9800806,0.0027096956
0.7388697,0.08311048,0.038916726,0.20732802,0.9314734,0.99826884,0.8363783,0.0019320565,0.2328123,0.99904853,0.7503844,0.88823843,0.92144525,0.0016108787,0.65929914,0.8811838,0.047096845,0.9958763,0.94217986,0.12515244,0.104893334,0.9174384,0.634942,0.026483199,0.8692932,0.020497201
0.6519444,0.014649545,0.004533596,0.11061687,0.43945807,0.99876523,0.94804305,0.0015452016,0.09955672,0.9994611,0.24530813,0.9556839,0.38406423,0.0016986527,0.69156736,0.9849997,0.011516039,0.98856807,0.9903194,0.009227596,0.017986467,0.92518693,0.3973109,0.002820308,0.82236296,0.0045523606
0.5748594,0.013209626,0.0042700726,0.11075249,0.26039144,0.99811065,0.9509843,0.0028421935,0.08976621,0.9988166,0.15915428,0.947552,0.2132846,0.0032646724,0.6842834,0.98913246,0.011755786,0.9791509,0.9922848,0.0069463993,0.016804522,0.91563773,0.3369533,0.0024445006,0.81347966,0.005034145
0.7874405,0.017524632,0.0037761885,0.14192583,0.77048635,0.99967587,0.9522398,0.0003946631,0.119108126,0.99991417,0.418886,0.9561524,0.7654708,0.0003110648,0.80438805,0.9793032,0.010912231,0.9973149,0.9910699,0.015228349,0.019270463,0.96540725,0.53491324,0.0027792528,0.9350636,0.0039315177
0.6278898,0.0054604313,0.00076433603,0.14415485,0.0864627,0.9996177,0.98225224,0.001464004,0.05953034,0.9997547,0.042217124,0.95464164,0.079796195,0.0010128408,0.9068795,0.99778455,0.0056947805,0.9842578,0.99860626,0.0020492852,0.0053184503,0.9788938,0.27776346,0.00049197034,0.9735203,0.0025308742
0.2742305,0.0012508342,0.0001777248,0.017906515,0.07327392,0.9998939,0.9823575,0.00010194927,0.037329413,0.9997266,0.06815747,0.94776773,0.033665605,0.0002243079,0.3326378,0.99960107,0.0008288176,0.99441624,0.99950755,0.00026949635,0.001713965,0.87123984,0.13411373,2.1391372e-05,0.6417435,0.00012544979
0.81099784,0.031224338,0.007672225,0.15265769,0.9498491,0.99983,0.9248065,0.00018745626,0.16635162,0.9999372,0.7305435,0.9349008,0.94531786,0.0001305428,0.7522074,0.9559888,0.014475669,0.99916875,0.9842242,0.04427951,0.037057605,0.96505463,0.6555298,0.004692206,0.94363487,0.0045194426
0.54516405,0.0063593932,0.0014982568,0.076462604,0.20157267,0.99938667,0.9693876,0.0009303432,0.06694117,0.99958044,0.121343724,0.9609612,0.15164287,0.001113691,0.67591447,0.9958335,0.0052820425,0.9882032,0.9967632,0.0026084362,0.008010141,0.93287784,0.28957412,0.0006803795,0.8301697,0.0018103378
0.8002201,0.02953588,0.0077030426,0.14874142,0.93262506,0.99976856,0.9241292,0.0002515307,0.16132315,0.9999186,0.68642443,0.93997324,0.92598116,0.00018657056,0.7445411,0.9573191,0.014858205,0.9988494,0.98326796,0.039355226,0.03598538,0.96064043,0.62897426,0.0048440117,0.9311305,0.0046977745
0.6652082,0.003148156,0.00027708095,0.14485686,0.051241096,0.9998596,0.98926777,0.0007538096,0.048444588,0.99991405,0.022532146,0.9564846,0.050006546,0.0004315042,0.9500994,0.9991246,0.003270628,0.98833734,0.99944013,0.0009964107,0.0025548988,0.9890007,0.24411654,0.0001634714,0.9903861,0.0013856752
0.791065,0.02609023,0.006763434,0.14818215,0.8838145,0.9996655,0.93161064,0.00037508857,0.14692692,0.999894,0.586391,0.9460912,0.8757063,0.00029527166,0.7613423,0.96425104,0.014531304,0.99811006,0.98511684,0.029161789,0.030780235,0.9587628,0.5897221,0.004591178,0.9245687,0.0049422137
0.4949468,0.0073664743,0.002099657,0.06643632,0.21050048,0.9990497,0.96009475,0.0012218498,0.0716384,0.99917394,0.14137243,0.9523,0.14821285,0.0017263622,0.5727981,0.9948775,0.0059860214,0.9857298,0.9957188,0.003164431,0.009816068,0.8996787,0.277643,0.00080128375,0.7450766,0.0019570747
0.75695604,0.087629884,0.037791,0.2166248,0.9614776,0.99913627,0.8531883,0.0010085487,0.23176005,0.9994319,0.82569474,0.8674805,0.9563774,0.0007465193,0.67017657,0.88475436,0.042637683,0.9979546,0.9538872,0.15987135,0.10750473,0.9371397,0.6972583,0.02471711,0.91245633,0.017967395
0.530006,0.0047881273,0.0008589489,0.09764605,0.10188869,0.9995983,0.9795379,0.0010352697,0.05742999,0.9996481,0.059612636,0.9564451,0.07921258,0.0009822358,0.8077809,0.9978064,0.004745242,0.98638356,0.99843234,0.0017037302,0.0057902904,0.96184844,0.25949472,0.00040384446,0.92958814,0.0017142515
0.7962101,0.019910872,0.004523454,0.1400782,0.846374,0.999734,0.94566613,0.00030698263,0.12977545,0.9999255,0.514182,0.95349526,0.83939606,0.00023838827,0.7864535,0.9746302,0.011368358,0.99810684,0.98940825,0.019698497,0.02261512,0.9643637,0.56738263,0.0031141483,0.9336719,0.0038229707
0.56001693,0.00032284344,8.044947e-06,0.081161164,0.0052466104,0.99999654,0.99798006,5.1975312e-05,0.022158528,0.99999464,0.0023457655,0.9651276,0.004476688,2.488349e-05,0.9824693,0.99997926,0.00033156268,0.996384,0.99998033,3.9118975e-05,0.00018452363,0.9974125,0.11280958,2.0084794e-06,0.9987091,7.2338524e-05
0.5778101,0.016219534,0.00590927,0.115118705,0.30344412,0.99743634,0.9415889,0.0035184915,0.098339,0.99842036,0.18932162,0.9423815,0.25057092,0.0042153276,0.65635943,0.98536205,0.014318102,0.9770791,0.98974824,0.0093421545,0.020860916,0.9023947,0.35503256,0.003418265,0.784518,0.0062717926
0.78439903,0.011087903,0.0018915362,0.17052907,0.31898072,0.99938035,0.97266126,0.0011948524,0.08602411,0.9998381,0.13545187,0.958369,0.33333015,0.00085135904,0.8976091,0.99186254,0.009314597,0.98915267,0.9960681,0.006283536,0.009277002,0.97539574,0.41047618,0.0017250511,0.965124,0.004979162
0.728648,0.030620143,0.010765822,0.14394781,0.79787874,0.9989379,0.9146317,0.0011261625,0.15017343,0.9995999,0.5130625,0.9401399,0.77185255,0.0010867837,0.6933553,0.9575573,0.019721054,0.99493486,0.97827816,0.031065162,0.038424186,0.9296081,0.5334746,0.0071651144,0.8556152,0.0075601386
0.50556535,0.01545081,0.006494863,0.07414327,0.35478747,0.9972224,0.92424047,0.0026201697,0.10181835,0.99779046,0.25105003,0.93430394,0.26121867,0.0041403566,0.4713354,0.98540765,0.012007039,0.98025274,0.98795974,0.008985544,0.020890053,0.8375046,0.3262198,0.0025790292,0.61566573,0.004309391
0.3322546,0.0026360194,0.0006289695,0.018953895,0.18388082,0.9996561,0.963294,0.00020552555,0.05181813,0.9994155,0.16358568,0.9415478,0.08883042,0.00054532394,0.22635433,0.9985998,0.001640069,0.9929214,0.9982497,0.00088717276,0.0033425698,0.7874001,0.17648208,8.516268e-05,0.43069926,0.00025639212
0.77343315,0.054477803,0.01967369,0.18188436,0.94813496,0.99942386,0.8834313,0.0006210311,0.20041253,0.99972934,0.7626056,0.91083163,0.9408431,0.00048057092,0.69466305,0.91972977,0.028070873,0.99819905,0.96734035,0.087370254,0.06904706,0.9445768,0.6594059,0.012799963,0.91006845,0.010441824
0.61176044,0.0011357719,5.4399854e-05,0.11106779,0.017469015,0.999974,0.99489176,0.00024203154,0.0336741,0.9999738,0.007572979,0.9602971,0.015865436,0.00012561247,0.96928823,0.9998393,0.0011712924,0.9930265,0.99987423,0.00023017246,0.0007874592,0.99434656,0.16776614,2.1645978e-05,0.99625564,0.00036642762
0.42449287,0.004277075,0.0010283373,0.04242279,0.16159077,0.9995066,0.9681304,0.00057753583,0.058018427,0.9994192,0.11971877,0.95492595,0.09901812,0.0009386874,0.48263937,0.9975732,0.0032052367,0.98962176,0.99764353,0.0014864589,0.0058430675,0.8879902,0.22635242,0.00027536156,0.69470656,0.00083400594
0.7007494,0.04159437,0.018128633,0.16060154,0.7491565,0.99739885,0.89333224,0.0027846817,0.1626216,0.99890614,0.48916593,0.9281556,0.7169725,0.0028802138,0.66699713,0.9428063,0.029528609,0.9898606,0.9686592,0.04241494,0.052591372,0.9062447,0.5208868,0.012828917,0.8154995,0.013209247
0.30778697,0.0014729033,0.00023719591,0.018283783,0.098914064,0.9998709,0.9797968,0.000114383976,0.03972418,0.9997335,0.087374225,0.95427173,0.046426527,0.00025252116,0.31854028,0.99943715,0.00095138006,0.99459076,0.99930096,0.0003540517,0.001983436,0.86282545,0.14832047,3.1678752e-05,0.5988073,0.00014823485
0.213501,0.0008586143,0.00010422576,0.012888324,0.051173717,0.9999285,0.98398155,6.2813204e-05,0.033290178,0.9997094,0.055358615,0.93701404,0.020534784,0.0001584684,0.2570521,0.9997826,0.00053809717,0.9949778,0.99969506,0.00015705122,0.0011820705,0.84579754,0.1035115,8.555765e-06,0.5890408,6.634651e-05
0.6456182,0.022841524,0.0087404745,0.12897861,0.4961849,0.9975414,0.92831296,0.0029088696,0.1199157,0.99889153,0.2943433,0.9438303,0.44399524,0.0032618246,0.6688901,0.9742114,0.01832725,0.98424906,0.9838598,0.016481474,0.028980482,0.90724295,0.4248613,0.0058026365,0.7944752,0.008164203
0.57086426,0.005881152,0.0010713552,0.114880435,0.11361828,0.999493,0.9778041,0.001370208,0.061878625,0.99962795,0.062683135,0.9565049,0.09448415,0.001197445,0.8341815,0.9970968,0.0058836504,0.98469967,0.998028,0.002259715,0.006763652,0.96464145,0.27834707,0.00059657043,0.9386459,0.002348794
0.7062585,0.024125377,0.0081473505,0.14217882,0.628206,0.9985207,0.9311884,0.0017602108,0.12746204,0.99945253,0.36047617,0.94684803,0.5943582,0.001744325,0.7170178,0.9702848,0.017759424,0.99073505,0.98356575,0.019684501,0.029341212,0.9283337,0.47433066,0.0058579417,0.84935355,0.0074610775
0.6018136,0.010222135,0.0028813633,0.09347124,0.31051105,0.99899215,0.9580863,0.0013586455,0.08320507,0.999464,0.17840084,0.9584668,0.25246438,0.0015751123,0.67707586,0.99137866,0.008314202,0.9873186,0.9938281,0.005257996,0.01270251,0.9255911,0.34290847,0.0015706904,0.8148739,0.003145118
0.73646593,0.01375322,0.0032125285,0.15655588,0.37177375,0.99901843,0.962339,0.0016593602,0.09367693,0.9996903,0.17679873,0.9577678,0.36078072,0.0013906102,0.8356907,0.9878847,0.011754174,0.98756117,0.99339867,0.008371618,0.013925722,0.9601976,0.41187504,0.0027123839,0.92659694,0.0056158034
0.38865462,0.0057958956,0.0018029038,0.03460048,0.21907881,0.9990314,0.94905555,0.00076629355,0.06859375,0.9987197,0.18026131,0.9389305,0.12523198,0.00158274,0.32460642,0.9961526,0.004028188,0.9873017,0.9959259,0.0023158167,0.007802895,0.8073604,0.22559088,0.00039074893,0.508596,0.0009622813
0.63949794,0.06104868,0.035158698,0.15548103,0.7629958,0.99410325,0.83824295,0.0054512573,0.19547889,0.9966318,0.54940045,0.89800733,0.7138792,0.006623758,0.557505,0.9150195,0.043336008,0.9841442,0.94569373,0.06699984,0.07919114,0.846279,0.50348884,0.021107333,0.7106377,0.019708052
0.53329647,0.0026803457,0.00030827516,0.09761186,0.056604765,0.99985826,0.9882505,0.00052831747,0.04724674,0.99987483,0.030949742,0.9567105,0.045807634,0.00043369204,0.8883984,0.9992054,0.002763507,0.9896521,0.9994542,0.00074865087,0.0027823653,0.9805033,0.23419225,0.00013448874,0.9728866,0.0009272679
0.6803637,0.0007788597,2.7048813e-05,0.11413822,0.01486494,0.99998593,0.9964116,0.00013904601,0.029507611,0.9999901,0.005750748,0.96340674,0.014502822,6.248205e-05,0.9811655,0.99990344,0.00080606673,0.9945945,0.9999263,0.00015368646,0.0004600374,0.9964695,0.16578199,1.1082011e-05,0.9981578,0.00024614835
0.6542877,0.0057646586,0.00076253834,0.15840687,0.08307938,0.99960107,0.9824525,0.0016547571,0.060615014,0.9997601,0.039147805,0.9524975,0.07986328,0.0010656649,0.92245525,0.9977471,0.006018887,0.9833196,0.9986117,0.0022236016,0.0052210293,0.98124504,0.28065556,0.000521002,0.9793438,0.0028391813
0.79856944,0.03311831,0.009097267,0.15346687,0.9438409,0.99976116,0.9170795,0.00025523946,0.17074287,0.99991035,0.7221594,0.93429625,0.93763536,0.0001886071,0.7333134,0.95136243,0.01622477,0.9989316,0.9812283,0.047391333,0.040682763,0.9594322,0.6441854,0.005554372,0.93022424,0.0051706317
0.22961184,0.0009889497,0.00014602789,0.0100962045,0.089295365,0.9998995,0.97810817,5.4790013e-05,0.036251053,0.99968123,0.09601741,0.93614674,0.034136068,0.0001746409,0.16248633,0.9996822,0.0005650352,0.9953595,0.9995024,0.00021562679,0.0012281494,0.77664924,0.11192738,1.0959006e-05,0.40502515,5.782432e-05
0.39028886,0.003908969,0.0010585267,0.026676273,0.23676226,0.99949956,0.9584556,0.00033462865,0.06025642,0.9993697,0.18882596,0.9459891,0.13045762,0.0007632603,0.29268926,0.9974934,0.0025652545,0.99202126,0.99725866,0.0015516757,0.005058215,0.81584,0.21700096,0.00019659048,0.49401128,0.0004946096
0.5752142,0.007455511,0.0014752586,0.12675144,0.121742435,0.99925977,0.97381556,0.0020409517,0.067552805,0.9994542,0.06746595,0.95190203,0.10369638,0.0017527345,0.8325626,0.99609274,0.0075044096,0.9813209,0.99739337,0.003046314,0.008507385,0.96123725,0.28893566,0.0008855188,0.93506444,0.0032335971
0.66844404,0.0074528935,0.0011971314,0.16238847,0.11652005,0.9993944,0.9781406,0.001986943,0.06759615,0.9996886,0.05635703,0.95413154,0.112568185,0.0013853499,0.9034384,0.99637586,0.0077007646,0.98183125,0.9978119,0.0032347715,0.0070906454,0.97597855,0.30675644,0.00089309155,0.9692489,0.0037816565
0.5180618,0.0011636546,7.381646e-05,0.09218269,0.020065872,0.9999685,0.9942444,0.00021640616,0.035348013,0.9999596,0.010766183,0.95766747,0.016423032,0.00014670228,0.94445896,0.9998241,0.0012227078,0.99298555,0.9998635,0.00022418884,0.0009767085,0.9910648,0.17327791,2.4487486e-05,0.9918373,0.00033742774
0.81911135,0.02932839,0.0067665908,0.15208906,0.95496005,0.9998708,0.9302671,0.00014332,0.16435239,0.99995327,0.74111,0.9346656,0.9513744,9.5147974e-05,0.7634698,0.9593812,0.013208687,0.99932873,0.9861647,0.042894464,0.034335602,0.9686031,0.66655374,0.0040330254,0.95189327,0.003977584
0.65138125,0.006373323,0.00096549,0.1525982,0.10308605,0.99951553,0.9803396,0.0016843596,0.06326916,0.9997291,0.050040673,0.9549567,0.09738298,0.0011765384,0.90422916,0.9971353,0.0065887636,0.983226,0.99823725,0.0025805272,0.00614633,0.97743636,0.29536816,0.0006724217,0.9708642,0.0030989866
0.42154512,0.005854544,0.0019353844,0.03183698,0.32051235,0.9991825,0.94441205,0.0005017725,0.07242751,0.9990932,0.24853638,0.937878,0.19158845,0.001151121,0.289757,0.9955426,0.00384495,0.99093705,0.99538666,0.002858557,0.007480072,0.79627764,0.2477029,0.00039118947,0.47267583,0.00080134947
0.8301734,0.019352496,0.0036395625,0.135631,0.9390722,0.9999199,0.94893295,8.737126e-05,0.14098528,0.99997723,0.67087245,0.94818586,0.93681616,5.7730158e-05,0.79724175,0.9745368,0.008943358,0.99943763,0.99149513,0.024557011,0.021861605,0.97489864,0.6438807,0.0021218462,0.96057785,0.0024823346
0.75049305,0.020505361,0.0055726273,0.15615906,0.60033333,0.9990109,0.9463092,0.0013336209,0.11773644,0.9996972,0.31266955,0.9529843,0.58701915,0.0011484656,0.7921911,0.97707057,0.015109546,0.9921015,0.98831624,0.0157668,0.022485403,0.9510132,0.4771258,0.0045049014,0.9060458,0.0066388515
0.5989509,0.026326187,0.012472826,0.09138543,0.6866806,0.9976846,0.8901276,0.0017704833,0.14021187,0.9985991,0.47246805,0.9241483,0.5978757,0.0026537774,0.4822449,0.9666494,0.017815318,0.99024934,0.976497,0.02415264,0.03423441,0.84963244,0.43247473,0.005275573,0.6581585,0.0059525557
0.11944931,0.00046363132,4.519028e-05,0.006252579,0.03130444,0.9999527,0.9841504,2.4404257e-05,0.028835371,0.9995932,0.047785904,0.88601,0.009972538,9.418801e-05,0.113976516,0.9999238,0.0002531151,0.99543744,0.99985564,6.53034e-05,0.00059231016,0.73679316,0.065260716,1.6056059e-06,0.39502373,1.8650911e-05
0.46037626,0.0068279477,0.002083645,0.048195865,0.25107378,0.99907494,0.9537396,0.0008902755,0.07227038,0.99912757,0.1802756,0.9493999,0.16389905,0.0015145312,0.4450656,0.9949739,0.0050067645,0.98791224,0.9953526,0.0029907667,0.009214349,0.86062807,0.26571628,0.0006302339,0.6277948,0.0014044002
0.6587624,0.0037510975,0.00037032814,0.14705251,0.059355907,0.99981254,0.98765147,0.00093366957,0.051437188,0.9998839,0.02670715,0.9562154,0.057517827,0.0005537387,0.9419449,0.9988418,0.003894543,0.9872355,0.9992662,0.001253834,0.0031753334,0.98699504,0.25364035,0.00022902971,0.9875759,0.0016869041
0.6206566,0.012411769,0.0031794913,0.14999251,0.18721403,0.99842846,0.9625665,0.0035242892,0.08418337,0.9991079,0.10321726,0.94819915,0.16832314,0.0030965658,0.81520504,0.99150777,0.012341871,0.97599685,0.9945615,0.006188636,0.014167257,0.95001006,0.33474767,0.0022781,0.9127976,0.0060697184
0.675095,0.014833823,0.004247373,0.13854447,0.35261816,0.99855536,0.9548004,0.0022355204,0.09578615,0.99942255,0.1868763,0.9545608,0.32180312,0.0021565557,0.77121943,0.9863418,0.012941976,0.98441297,0.99172735,0.008913266,0.01702985,0.94203734,0.393417,0.0031439683,0.87892306,0.005916625
0.44707116,0.010273852,0.0040147216,0.048420753,0.32387325,0.9981516,0.92977196,0.0014044752,0.08805072,0.99814916,0.24716844,0.9323246,0.2120277,0.00272069,0.3600695,0.9912868,0.0073513705,0.984583,0.9918184,0.0053648176,0.013710825,0.8019501,0.28001413,0.0011157666,0.51919997,0.0020719296
0.54164046,0.016706662,0.006830926,0.091899306,0.35023767,0.99714786,0.9298106,0.003103393,0.10275656,0.9980234,0.23455788,0.93770653,0.27333942,0.0043486618,0.550941,0.98392993,0.013726489,0.97890913,0.98782325,0.0099624125,0.022375584,0.86664534,0.34741494,0.0032466147,0.6898591,0.0054260422
0.64600366,0.010211411,0.0024492505,0.12909213,0.23493585,0.99900013,0.96630913,0.0018771404,0.07970452,0.99953496,0.12369896,0.9580119,0.20805986,0.0017362979,0.7993253,0.9925109,0.009382179,0.98388994,0.99520135,0.005052801,0.011613525,0.95245445,0.34615806,0.001696957,0.9032997,0.004195401
0.7199644,0.011603425,0.0026283506,0.13876845,0.36346337,0.9992341,0.9649656,0.0012459377,0.08777891,0.99974865,0.17484449,0.9617272,0.34477422,0.0010835046,0.8198725,0.9898948,0.009732436,0.98936206,0.9942973,0.0067560226,0.012235551,0.95940834,0.4005567,0.0020357224,0.9177753,0.0042596664
0.3677474,0.002516561,0.00047843112,0.031256072,0.11422878,0.99975413,0.976483,0.00028754873,0.046977192,0.9996107,0.090094484,0.9547857,0.06315689,0.00050748343,0.44703388,0.9988707,0.0018206597,0.9920974,0.99882275,0.0007156217,0.0034525325,0.891709,0.18612911,9.72853e-05,0.7001782,0.0003895192
0.7314021,0.08828721,0.042953134,0.21146058,0.9269818,0.99792993,0.82693034,0.0023013721,0.23915842,0.9988341,0.74813366,0.88281137,0.9163786,0.001969981,0.6526822,0.8741448,0.05055793,0.99524766,0.9372644,0.12967113,0.11139821,0.910816,0.62863714,0.029302608,0.8600717,0.022615405
0.68560874,0.016789693,0.0049961507,0.14597766,0.38200206,0.9983735,0.95145214,0.0024803563,0.10161491,0.99936825,0.20319209,0.9528796,0.35322723,0.0023577453,0.77247506,0.9837303,0.014548118,0.9840656,0.9903323,0.010716225,0.019213658,0.9401706,0.40624553,0.0038555723,0.8784078,0.0067981654
0.64386106,0.0062545137,0.0009806182,0.14550069,0.10917886,0.99951124,0.9801853,0.001566052,0.06317925,0.9997415,0.053641237,0.95574194,0.10242972,0.0011439438,0.89586574,0.9971252,0.0064309053,0.9837314,0.99822086,0.0025061902,0.006188686,0.97627914,0.30056024,0.0006712068,0.96715254,0.0029626922
0.3922841,0.0026167487,0.00043232745,0.04753428,0.08075952,0.9997818,0.9813989,0.00039793586,0.046521064,0.9996562,0.059071325,0.953701,0.049470875,0.0005380374,0.6290151,0.999,0.0022033667,0.9906894,0.9991061,0.0007220054,0.003520781,0.9352619,0.19393048,0.00011027638,0.84964967,0.00055576436
0.7034641,0.0019252746,0.00010990717,0.14471292,0.032401953,0.9999399,0.9930393,0.0004171537,0.040382944,0.99996555,0.013133248,0.95752954,0.03301291,0.00020307524,0.9716248,0.9996136,0.001979776,0.99111044,0.99974424,0.00053684,0.0012875771,0.9936659,0.21618396,6.0347364e-05,0.99603325,0.0007863097
0.73350966,0.02149014,0.0067121843,0.11421048,0.8463512,0.99954396,0.926661,0.00042305698,0.13778219,0.9998293,0.5616121,0.94838524,0.8143524,0.00043116906,0.6642834,0.96925664,0.012825777,0.9975024,0.9843084,0.023493027,0.027396811,0.93721,0.53751314,0.0037108844,0.8581137,0.0038637728
0.7514935,0.08668413,0.038563617,0.21387494,0.94978535,0.99878186,0.84194493,0.0014038975,0.23523094,0.9992824,0.79161143,0.88056386,0.9429967,0.0010853031,0.66852945,0.8800313,0.045258272,0.99713993,0.9468584,0.14125666,0.10792477,0.92890084,0.66694945,0.025964985,0.8937194,0.019519983
0.14057533,0.00056564197,5.2101906e-05,0.013830311,0.017018758,0.9999558,0.98871964,5.61787e-05,0.029416982,0.9996019,0.023781046,0.8912782,0.00687407,0.00013393229,0.33121997,0.99992585,0.00038399035,0.99395365,0.9998963,7.809242e-05,0.0007605768,0.8803719,0.07764982,2.9039734e-06,0.75086373,4.692419e-05
0.5904808,0.02537068,0.011850932,0.09583881,0.59164584,0.99708563,0.90056574,0.002496119,0.13244238,0.9982681,0.39565367,0.9302125,0.5006559,0.00358743,0.5114435,0.9686572,0.01849974,0.9864057,0.978157,0.020752598,0.03336468,0.8524659,0.41680983,0.005632425,0.662831,0.0068602166
0.4262706,0.008803242,0.0029940428,0.05828352,0.20348932,0.9983234,0.94641244,0.0018551996,0.07691647,0.9979893,0.15802024,0.93437964,0.1336507,0.0030768933,0.4556442,0.99392104,0.006988107,0.9802183,0.9944722,0.003830092,0.012244625,0.8470452,0.2595131,0.00092984334,0.63422966,0.0022426662
0.48617154,0.017299471,0.008306181,0.06401045,0.4400148,0.9966667,0.90380704,0.0023738795,0.11107628,0.9971392,0.32709953,0.9189615,0.3200687,0.004431383,0.37690037,0.98266256,0.01264067,0.9817852,0.9850878,0.011531405,0.022955071,0.7902338,0.3304833,0.00269627,0.52355945,0.004050641
0.33418742,0.001406787,0.00015930196,0.03928884,0.041505523,0.99991727,0.9882782,0.00018892477,0.037247207,0.9998086,0.033293832,0.9497187,0.023991024,0.00025276444,0.6735295,0.9996574,0.0011938427,0.992904,0.99967456,0.00029066586,0.0017906263,0.95181346,0.15273279,3.044791e-05,0.9037225,0.0002484053
0.6630685,0.0009066323,3.476271e-05,0.11746237,0.015186126,0.9999821,0.99591064,0.00018171898,0.030919822,0.99998534,0.0060597532,0.96133804,0.014457272,8.348354e-05,0.9789651,0.9998847,0.00093568757,0.9938685,0.9999106,0.00018411588,0.0005551999,0.99593914,0.16471803,1.4293832e-05,0.99781406,0.00029428213
0.63049084,0.003275055,0.0003150513,0.13650605,0.051943887,0.9998441,0.9884367,0.00081965484,0.049311507,0.9998895,0.02386814,0.95621586,0.048488718,0.00050055195,0.9391981,0.99905795,0.003441419,0.98797077,0.9993843,0.0010207342,0.002837219,0.987092,0.24106888,0.0001780318,0.98737955,0.001390693
0.7449407,0.08687077,0.039929602,0.21288754,0.9416871,0.9985078,0.83535963,0.0016971631,0.23707476,0.99914527,0.77387273,0.8827538,0.9336439,0.0013644157,0.66357976,0.8780196,0.04716998,0.9965252,0.9429806,0.13579826,0.10836858,0.9226952,0.6509691,0.026975004,0.88143533,0.020527763
0.5951756,0.021501437,0.00910866,0.090120204,0.5884991,0.99792457,0.9109528,0.0018352694,0.124897964,0.99879044,0.38509354,0.93666637,0.49872997,0.002586114,0.5220293,0.97411716,0.015069818,0.9888831,0.98177904,0.016795432,0.028066242,0.8647774,0.41035137,0.0042135506,0.68065846,0.0052978923
0.5261769,0.004459632,0.0007401292,0.09428579,0.095516674,0.9996506,0.98059297,0.0009396909,0.05554801,0.99968755,0.055516135,0.95759064,0.07451929,0.0008785094,0.81192094,0.99803895,0.004344498,0.9870755,0.9985862,0.0015189891,0.005286725,0.96351576,0.2526635,0.00034576637,0.9330759,0.001527933
0.7619808,0.03166822,0.010910924,0.13960807,0.9358244,0.9996331,0.9095815,0.00032358916,0.16809627,0.9998474,0.72086257,0.9325643,0.92146677,0.000296401,0.66542447,0.9482919,0.018039325,0.99858665,0.9781878,0.05236326,0.042286094,0.9439173,0.62518424,0.0060593453,0.89099383,0.0051560486
0.38076475,0.0028560602,0.00058066205,0.032057963,0.13379782,0.9997092,0.9738573,0.0003169487,0.049636453,0.9995757,0.10407933,0.95474184,0.07544125,0.00057463034,0.43235183,0.998602,0.0020272213,0.9919117,0.99856085,0.0008616471,0.0038433417,0.8843634,0.19686672,0.00012354681,0.67515934,0.00043843343
0.7402347,0.07378409,0.03432231,0.19746438,0.93514544,0.9985335,0.84755486,0.0015367409,0.22219661,0.9992274,0.7548326,0.89361423,0.92466956,0.0013177351,0.65405697,0.889988,0.04226431,0.99644166,0.9486738,0.11799351,0.09647144,0.9211258,0.64142597,0.02284396,0.8704596,0.01752088
0.3173443,0.0012960599,0.00015620413,0.04323312,0.03824392,0.9999106,0.989228,0.00017787551,0.041086756,0.9998184,0.033603393,0.9306828,0.023267545,0.00023164687,0.69959074,0.99972135,0.0012392388,0.99196506,0.99975127,0.00027952308,0.0016520842,0.95484966,0.16763163,2.7576976e-05,0.91777474,0.0002484579
0.6001209,0.036015708,0.018532833,0.11969896,0.61345524,0.9953245,0.8808884,0.004335596,0.15227972,0.99725455,0.4177086,0.9192257,0.53866863,0.005792879,0.53713036,0.9543448,0.026741669,0.98187596,0.9686009,0.031247012,0.047358796,0.84510773,0.437419,0.010024761,0.67484605,0.011380438
0.6282621,0.023600683,0.0096817035,0.11588314,0.53561103,0.9974613,0.919467,0.0026897166,0.12402256,0.99874413,0.33198673,0.94077075,0.46826202,0.0032830173,0.6142214,0.97235763,0.018223813,0.9853833,0.9818834,0.017712282,0.030556887,0.89023787,0.42324093,0.005735908,0.7503645,0.0075764703
0.6304759,0.030097991,0.013737707,0.1316267,0.5491614,0.9962071,0.9073037,0.0040471605,0.13590634,0.9981173,0.34809414,0.9324448,0.48834574,0.0048910324,0.6170782,0.9631936,0.024000408,0.98149717,0.9764164,0.024140773,0.03915117,0.8806231,0.4379843,0.008683251,0.74485236,0.0108051235
0.46188375,0.00747233,0.0024866124,0.043531362,0.31829163,0.9989931,0.94535303,0.0007882896,0.077586286,0.9990682,0.23019183,0.9449788,0.20696312,0.0014865092,0.38346255,0.99391717,0.005221891,0.9892651,0.9943364,0.00367843,0.009883144,0.83484596,0.27595696,0.00068309205,0.56302744,0.0013420646
0.5504956,0.011760877,0.0037661185,0.09767378,0.24724403,0.99830794,0.95189047,0.0024383096,0.08592653,0.99882597,0.15619555,0.9479372,0.19489197,0.0029771407,0.6504794,0.9906651,0.010213272,0.9803571,0.99301344,0.00590491,0.01523694,0.908526,0.32084766,0.001935041,0.79026556,0.004110187
0.5385541,0.019769847,0.008617906,0.10204693,0.34614912,0.9961294,0.92290574,0.004333326,0.108873405,0.99725866,0.23521858,0.9313101,0.2744261,0.005974295,0.55767727,0.98087627,0.016690455,0.9740382,0.9856521,0.0120481085,0.026606213,0.8603031,0.35282627,0.0043163598,0.68898004,0.0071131694
0.7043074,0.00049749605,1.2170475e-05,0.11259319,0.00975312,0.9999933,0.9975037,8.2662766e-05,0.024965743,0.99999523,0.0035166412,0.96522295,0.009511369,3.2641605e-05,0.98797274,0.9999522,0.0005152537,0.9957188,0.9999615,8.7876106e-05,0.00025425965,0.99770254,0.14417194,4.6177174e-06,0.9990736,0.00014501247
0.5059304,0.0059087155,0.0011807453,0.10353839,0.10030794,0.99938893,0.9751974,0.0016287636,0.06199396,0.99936265,0.06151141,0.94725245,0.07762191,0.0015782734,0.79162,0.9971993,0.005989416,0.9825445,0.9980363,0.0022258498,0.007262489,0.9549053,0.26093873,0.0005502428,0.92084813,0.002254849
0.40370163,0.046270117,0.044759266,0.092961915,0.54951316,0.9643815,0.78454727,0.011894505,0.15762,0.9593003,0.48403493,0.69469154,0.45862064,0.03441007,0.23748644,0.9490423,0.046148736,0.9408461,0.9558302,0.063719116,0.061490312,0.59260297,0.3810154,0.010958993,0.35830352,0.0144527275
0.7957274,0.031878036,0.009289825,0.15579677,0.95105594,0.9997849,0.9240918,0.0002076337,0.17017025,0.99991834,0.7460162,0.9281913,0.9440013,0.00015740999,0.7255542,0.95178795,0.016475298,0.9990656,0.9829804,0.05613101,0.040684942,0.9593461,0.6704447,0.0054066386,0.9346121,0.0049355985
0.8193712,0.019684276,0.0038770922,0.14091079,0.9058376,0.99986637,0.94908625,0.00015259029,0.13583694,0.99996376,0.5974947,0.94972926,0.90463567,0.00010476562,0.80525434,0.97490215,0.010017074,0.999042,0.99115366,0.021981178,0.022141935,0.9724425,0.6159753,0.0024895296,0.9554614,0.0030995377
0.71428657,0.11804308,0.06656886,0.23641019,0.9349387,0.99677426,0.7932024,0.0036215254,0.26351413,0.9978921,0.77931714,0.8551229,0.92517644,0.0030973535,0.63097185,0.8366521,0.069554195,0.9941003,0.9163846,0.18552202,0.14971077,0.89861953,0.64498454,0.046530124,0.84918433,0.033571567
0.72046274,0.009436784,0.001672779,0.17169908,0.17276897,0.99920315,0.9746139,0.0020945978,0.07572009,0.9996989,0.080173425,0.9560034,0.17298959,0.0014836809,0.89872265,0.99441975,0.009219064,0.98210377,0.99681634,0.004600556,0.008574514,0.97378683,0.34486848,0.0014132909,0.9638214,0.0049156086
0.28698358,0.0014159577,0.00023274761,0.015296124,0.10290812,0.9998653,0.9776849,0.0001027579,0.039448544,0.9996842,0.09587175,0.9497749,0.045399945,0.00025597058,0.2538977,0.9994572,0.0008684554,0.9946484,0.99927706,0.0003401969,0.0018574542,0.8311595,0.13874619,2.6638056e-05,0.51938736,0.00012112987
0.66829264,0.013452741,0.0034998227,0.15345773,0.25208712,0.9984945,0.96114004,0.0029113933,0.088762745,0.99934417,0.13166055,0.95253694,0.23308116,0.0025792108,0.8163413,0.9895272,0.01274523,0.97972167,0.99363977,0.007339991,0.014783886,0.9515837,0.36685765,0.002731624,0.91070324,0.0063466276
0.5862898,0.017402545,0.0070810434,0.085628174,0.5377533,0.998139,0.924795,0.0015977793,0.111497454,0.998966,0.34546217,0.94010764,0.44566548,0.0023400302,0.5281579,0.9802153,0.012965767,0.9886009,0.98635757,0.013073683,0.022943381,0.8750196,0.4015832,0.0032918106,0.6894236,0.0044786604
0.00026125606,7.09077e-06,3.3002752e-07,7.4918775e-05,0.00029454712,0.99973005,0.9099136,3.2770663e-07,0.01997039,0.14546788,0.014082457,4.8355837e-06,0.00014282654,2.3843268e-05,7.1928895e-05,1.0,2.498188e-06,0.86347306,0.9999994,3.105961e-06,1.285956e-06,0.005497879,0.0038570927,2.2070442e-12,0.0033863697,3.319376e-09
0.00076530216,4.2448526e-05,4.3371924e-06,0.0003126686,0.0012028281,0.99730253,0.82874036,3.7900318e-06,0.047839925,0.072291814,0.031527087,5.7936154e-06,0.00089740736,0.00017542765,0.00020958672,0.9999999,2.1610276e-05,0.7195503,0.9999938,4.1855026e-05,9.360867e-06,0.007192712,0.010797409,1.2588139e-10,0.0061550043,6.597166e-08
0.07659066,0.010097567,0.0050300243,0.023339972,0.091159664,0.9581803,0.75864077,0.0031161755,0.12829563,0.6081811,0.23292133,0.04849094,0.068022214,0.02072277,0.032616183,0.9981629,0.0079816,0.81090045,0.99533904,0.008527825,0.0075039444,0.19653897,0.14542538,0.000101676946,0.10073786,0.0008278113
0.02774955,0.0028978512,0.00092245085,0.01114907,0.027640134,0.98410887,0.7943759,0.0007707194,0.11243929,0.48609874,0.1323627,0.006661553,0.020706024,0.0065827114,0.015321102,0.9998018,0.0021051322,0.7881062,0.99918014,0.0022368277,0.0017429622,0.12668747,0.08983348,5.2297823e-06,0.078324325,0.00011201343
0.0042766104,0.0004350191,7.7487624e-05,0.0015199374,0.006635629,0.98915356,0.7654455,5.0608847e-05,0.07861017,0.13579158,0.08126933,0.00013594414,0.005099472,0.00125711,0.0010979008,0.9999932,0.00023797608,0.7270307,0.99988306,0.0004091277,0.00012708265,0.017161783,0.024369067,2.052101e-08,0.014032632,2.4920487e-06
0.0019330151,0.00016371944,2.3613455e-05,0.0007669803,0.0032496022,0.99241924,0.77967775,1.666742e-05,0.06900167,0.08188298,0.05598887,2.3860372e-05,0.0026057232,0.0005692562,0.00047630537,0.9999987,8.678386e-05,0.6936339,0.99996483,0.00017415582,4.010429e-05,0.010205947,0.01729301,2.1183475e-09,0.008971351,5.1243677e-07
0.001677625,0.00011676926,1.3806961e-05,0.00057029235,0.002433384,0.9962655,0.8171361,1.0172053e-05,0.053424716,0.12214099,0.047523078,3.7565052e-05,0.0016493786,0.00036008746,0.00042905853,0.99999917,5.5506236e-05,0.766371,0.99997795,8.896021e-05,2.847085e-05,0.010943395,0.013620535,1.0388613e-09,0.008451087,2.922898e-07
0.005380547,0.0006417325,0.0001362126,0.0021700426,0.008902031,0.9826233,0.73642087,8.861502e-05,0.09323352,0.1194932,0.09336137,0.00014635047,0.0074225278,0.0019580435,0.0014537431,0.99998784,0.00038581545,0.68339413,0.9998078,0.0007167619,0.00019939803,0.019309979,0.030837938,5.0999372e-08,0.016725322,4.850451e-06
0.0059625297,0.0008674084,0.00020589113,0.00243723,0.011946309,0.96321505,0.6842035,0.00010940953,0.11308664,0.074240066,0.11713395,8.4641295e-05,0.012231069,0.0027869972,0.0012312732,0.9999821,0.0005413167,0.6027973,0.99968743,0.0014237298,0.00024608217,0.013808787,0.032650325,7.409263e-08,0.014371985,6.8063687e-06
0.009410238,0.0019046828,0.00058401114,0.004315872,0.023203172,0.90305966,0.60550624,0.00025880244,0.14982753,0.055532187,0.17049395,9.572998e-05,0.028959112,0.0061651864,0.0017114572,0.999943,0.0013255014,0.50779045,0.999111,0.004716457,0.00057068706,0.014155966,0.04624851,3.5018618e-07,0.016795827,2.1777852e-05
0.0034216098,0.00041611728,8.628002e-05,0.001527248,0.007207491,0.9722793,0.7026441,4.9687613e-05,0.10491008,0.05367694,0.08848735,2.4006906e-05,0.007517825,0.0015468997,0.00070745114,0.9999945,0.00026151974,0.57610536,0.9998758,0.0007492875,0.000106279374,0.010150079,0.027127633,1.4889498e-08,0.010958786,2.2023617e-06
0.0030813827,0.00033308152,6.306396e-05,0.0013474302,0.0058567505,0.9820066,0.73189414,4.0441333e-05,0.09345337,0.06769241,0.07674345,2.8888451e-05,0.0055355034,0.0012062404,0.00072023657,0.99999607,0.00020029573,0.6207482,0.999912,0.00048571828,8.6836924e-05,0.011598265,0.025351511,1.0310232e-08,0.011330028,1.6454134e-06
0.017753137,0.0028468121,0.0009794767,0.00767643,0.028593795,0.95116806,0.68897307,0.0006311517,0.13666545,0.17530526,0.1568197,0.00088541594,0.027057733,0.008301587,0.0056201643,0.9998598,0.0020302352,0.6483685,0.99891603,0.0036780706,0.0011944871,0.046844203,0.071908936,2.1021358e-06,0.03686834,6.842724e-05
0.028805222,0.006869156,0.0031715925,0.01294079,0.061339345,0.84434456,0.5898386,0.0015184698,0.17814384,0.11517163,0.24012996,0.00093196664,0.07560225,0.020055728,0.0071426095,0.99945766,0.005455672,0.5491432,0.9961145,0.015894655,0.0029452215,0.040757153,0.09537266,1.0700263e-05,0.040082414,0.00023809091
0.02142846,0.0036540835,0.0013211739,0.008645338,0.034167647,0.945986,0.67964816,0.00084999367,0.13480172,0.18591733,0.17129071,0.0014343822,0.031930916,0.010261128,0.0066735796,0.9997831,0.0025677555,0.6606208,0.99845684,0.004693527,0.0016151845,0.05075964,0.074935086,3.6371055e-06,0.04029668,0.00010093706
0.0068254187,0.00038630897,6.58725e-05,0.0035507726,0.0049608443,0.9973622,0.87555367,8.280975e-05,0.069807604,0.46023786,0.04768165,0.0008036822,0.0034358287,0.0010282492,0.0059554256,0.99999225,0.0002657948,0.81651706,0.9999455,0.00026105513,0.00019924904,0.0887678,0.04352031,7.227116e-08,0.06398635,5.856935e-06
0.05413372,0.008979621,0.004320838,0.019128794,0.0748442,0.94020504,0.7084256,0.002679223,0.1398991,0.4048983,0.22656418,0.014555975,0.06310559,0.021332167,0.02070733,0.9987777,0.0070679504,0.7435805,0.9957124,0.009421223,0.005549362,0.12498942,0.12538636,4.975433e-05,0.076416165,0.0005621658
0.011540338,0.0017180019,0.00048358418,0.004505654,0.019518146,0.9647992,0.69912905,0.00028106797,0.11667402,0.1506675,0.13823363,0.00048089414,0.017716637,0.0048544584,0.003061859,0.9999397,0.0011214275,0.66882515,0.99935275,0.0021217482,0.0006146596,0.029490871,0.047880948,5.032198e-07,0.024852335,2.474673e-05
0.116674125,0.0101232175,0.005588049,0.049737085,0.071707346,0.9818618,0.8570307,0.006351311,0.12547266,0.81132954,0.14178894,0.15144806,0.051394377,0.018925082,0.14019586,0.99743134,0.01010688,0.85103434,0.9965222,0.0087072635,0.011169022,0.48143223,0.19867752,0.0003291574,0.36217347,0.0022876358
0.0039273594,0.00046074556,9.004936e-05,0.0015276857,0.007260275,0.98065704,0.7256444,5.2512278e-05,0.091676265,0.080901176,0.089679584,5.7997506e-05,0.006635934,0.0014974516,0.00085027306,0.9999932,0.0002686677,0.6499192,0.99986017,0.0006224577,0.00012356907,0.01207565,0.024791991,1.9182927e-08,0.011821511,2.5109355e-06
0.03407971,0.00042394982,4.72968e-05,0.006973074,0.0073359096,0.99982613,0.97318214,4.9430702e-05,0.041075505,0.9903471,0.02912857,0.21678302,0.003212924,0.00026453857,0.06305321,0.9999784,0.00025668024,0.9790677,0.9999472,7.91188e-05,0.0004151792,0.5427659,0.051187083,4.5862188e-07,0.34855616,1.6397475e-05
0.030352825,0.0060859937,0.0026337535,0.012063026,0.05385335,0.9011343,0.6385694,0.0014819588,0.15662591,0.16398197,0.21626505,0.0017921696,0.05757025,0.016952887,0.008343381,0.9995096,0.0045086173,0.62183046,0.9968742,0.010113203,0.0027658972,0.053393412,0.09240709,1.049919e-05,0.04451006,0.00022247617
0.0016930494,0.000113899194,1.3007252e-05,0.0005234962,0.0024428405,0.99658394,0.8210153,8.963916e-06,0.05103924,0.13341379,0.048822038,4.3550786e-05,0.0016034654,0.00033191024,0.00039831788,0.99999917,5.2581177e-05,0.78281057,0.9999776,8.3143816e-05,2.7146289e-05,0.010266418,0.012475052,9.268294e-10,0.0077913078,2.6357725e-07
0.003724353,0.00045639725,9.6881864e-05,0.0017250404,0.006898874,0.97813123,0.71266127,6.960808e-05,0.09970065,0.060696516,0.08302565,3.861306e-05,0.006724686,0.0016911937,0.0010026104,0.9999932,0.00029907125,0.59834534,0.9998647,0.0007558794,0.00013387522,0.012673359,0.028724235,2.2813078e-08,0.014330683,2.8897705e-06
0.0775496,0.02419829,0.016211296,0.033946343,0.18819833,0.67850256,0.5364206,0.006018422,0.22321807,0.17063686,0.36698687,0.0038258317,0.25853068,0.056205958,0.019709913,0.99462825,0.02313399,0.5495313,0.97905344,0.086642876,0.012652291,0.07114008,0.1738358,0.00019504732,0.07011785,0.0018245234
0.036025416,0.0021223642,0.0005169427,0.009271288,0.026322544,0.99556667,0.87481344,0.00039182266,0.07835163,0.8296056,0.11060547,0.047914818,0.014081986,0.0030152204,0.021238033,0.99982613,0.0013499741,0.90776044,0.99942553,0.00089663814,0.001554117,0.2095825,0.07512091,4.228721e-06,0.09966338,7.759462e-05
0.06358403,0.012443417,0.0067206263,0.022235643,0.098638564,0.89896315,0.66986215,0.003946771,0.15511651,0.32838184,0.26022467,0.013123012,0.09396974,0.03096179,0.021580208,0.99798954,0.0098395,0.7042697,0.993174,0.016744962,0.007478249,0.117345445,0.1402131,8.93674e-05,0.075651765,0.00091660186
0.0022236037,0.00022127814,3.6639052e-05,0.0009315969,0.0042638206,0.98677933,0.74580294,2.2931223e-05,0.08148192,0.061995838,0.06673018,1.897394e-05,0.0038688264,0.0008097436,0.00048801853,0.999998,0.00012598984,0.63948274,0.9999443,0.0003070368,5.323196e-05,0.00890677,0.019364074,3.6940373e-09,0.008880286,7.8318095e-07
0.0009285906,8.58327e-05,1.1079137e-05,0.00037532212,0.0021951264,0.9887636,0.7454035,6.066371e-06,0.069705956,0.028269893,0.052832913,3.014587e-06,0.0021134284,0.0003625655,0.00014528817,0.9999995,4.6425277e-05,0.5992025,0.9999784,0.00015481916,1.5849198e-05,0.003355371,0.010329318,2.8472266e-10,0.004079575,1.2905173e-07
0.018722245,0.0033949888,0.0011747356,0.007063106,0.03475884,0.93056756,0.65776294,0.00060048373,0.13750513,0.14546517,0.18703192,0.0008460222,0.035552807,0.009245303,0.0044146148,0.9998211,0.0023116046,0.63660425,0.9984035,0.005195484,0.0012920715,0.03421286,0.063139096,2.1686908e-06,0.02957327,7.1848895e-05
0.039286107,0.0104541695,0.005579428,0.018174864,0.09092981,0.7758005,0.5595017,0.0023259348,0.20090646,0.118056655,0.28504583,0.00113209,0.12280964,0.028931024,0.009345462,0.99889696,0.008882183,0.5284804,0.99331397,0.03024918,0.0046939347,0.045813132,0.12095993,2.6568438e-05,0.046288207,0.00045564154
0.011923895,0.0020822028,0.0006446179,0.004931427,0.023472821,0.93856484,0.6542024,0.00033243405,0.13242833,0.10155992,0.15962835,0.00028855389,0.025142282,0.006317621,0.0027189234,0.99992335,0.0014250904,0.59802336,0.99910516,0.003604685,0.0007121198,0.022835784,0.050442427,6.3584486e-07,0.02295303,3.0922958e-05
0.017287534,0.0035250778,0.0013430882,0.007668726,0.03521138,0.8937851,0.613668,0.00070848886,0.15980485,0.086149864,0.18992531,0.00036467382,0.04217652,0.01103918,0.0040412163,0.9998252,0.0025930037,0.54305404,0.99828666,0.007610687,0.0013348599,0.028117822,0.06905664,2.1670617e-06,0.029543314,7.809495e-05
0.00014458955,2.5378795e-06,7.709266e-08,3.928796e-05,0.00012387216,0.99993587,0.9435461,9.4346056e-08,0.01218319,0.22964549,0.007774968,4.783849e-06,4.829523e-05,8.076234e-06,5.1674826e-05,1.0,8.1061506e-07,0.9117629,0.9999999,7.5566646e-07,4.568112e-07,0.005933133,0.0023807022,2.897769e-13,0.0032435423,7.149985e-10
0.0031813567,0.00019222734,2.2232229e-05,0.0010773886,0.0032401432,0.9980318,0.85885715,1.9949974e-05,0.050668333,0.33431444,0.047306072,0.00031920208,0.0018036729,0.00045197774,0.0013004885,0.999998,9.1563736e-05,0.8420717,0.99996924,9.018849e-05,6.3918495e-05,0.031141866,0.019424414,5.387643e-09,0.018214157,8.5722263e-07
0.0040193633,0.0005950363,0.00012876293,0.0016376809,0.009893149,0.95539033,0.65953916,5.7178324e-05,0.11283171,0.04390749,0.117009245,2.5823458e-05,0.01129746,0.002046279,0.00061323046,0.99999106,0.00037073332,0.5442799,0.99976987,0.0013146062,0.00014202716,0.0074174185,0.024721894,2.2101913e-08,0.008987458,2.9433224e-06
0.0010727089,6.3280466e-05,6.26608e-06,0.00037580312,0.0015226287,0.9977271,0.8370865,5.0602007e-06,0.044846747,0.11577146,0.036297422,2.03667e-05,0.0009752937,0.00020656777,0.0002893153,0.99999964,2.8809081e-05,0.7789277,0.99998987,4.4621334e-05,1.4564118e-05,0.00931266,0.010674751,2.7026759e-10,0.006938622,1.1078518e-07
0.25000656,0.043382242,0.040576644,0.07160118,0.37400103,0.89426744,0.7215545,0.014508057,0.17008074,0.795658,0.42903745,0.26819858,0.3351164,0.0630994,0.11180445,0.9711872,0.04363697,0.85332316,0.9666799,0.065333866,0.043568615,0.3741802,0.31300092,0.0044097803,0.20010583,0.01033872
0.0032925946,0.00037458094,7.1333525e-05,0.0013071849,0.0064934604,0.9793397,0.72040945,4.037625e-05,0.0934554,0.06317569,0.085558265,3.1366806e-05,0.006299357,0.0012924931,0.0006545004,0.99999523,0.00022068145,0.621719,0.99988735,0.0005826098,9.412031e-05,0.009749925,0.023002258,1.1238604e-08,0.010116856,1.7508185e-06
0.0006793856,3.8562717e-05,3.535139e-06,0.00022941284,0.0011378076,0.9974847,0.8294414,2.4766346e-06,0.043697286,0.06967363,0.033503857,5.8903142e-06,0.00079891755,0.00014108876,0.00014131093,0.9999999,1.7346245e-05,0.75079864,0.9999937,3.4157427e-05,7.396812e-06,0.005102318,0.007918132,6.935593e-11,0.004284748,4.3170637e-08
0.0132756,0.0023528668,0.00081737374,0.0062674577,0.025887452,0.92481166,0.64337623,0.00047284746,0.15015179,0.09185027,0.15857656,0.0002490292,0.029275894,0.007772622,0.0034112013,0.999907,0.0017461617,0.5559425,0.99901474,0.004572607,0.00086669624,0.027682828,0.06383866,1.0141795e-06,0.027686104,4.3992917e-05
0.3651334,0.01401296,0.008545191,0.0500891,0.36883646,0.9931632,0.8912489,0.002380531,0.10250039,0.99167085,0.34171358,0.8153149,0.2559125,0.00743811,0.2195779,0.9882633,0.012379988,0.9711704,0.989224,0.011763105,0.01870784,0.66977227,0.2969178,0.0015979428,0.3595959,0.0028951822
0.0026986264,0.00025219464,4.07049e-05,0.0010723457,0.0043354356,0.99100983,0.770676,2.9759714e-05,0.07332679,0.09602516,0.064393185,4.8465987e-05,0.0034460598,0.0008406182,0.00072001,0.99999726,0.00013863032,0.6977614,0.9999399,0.00026548278,6.9102854e-05,0.013004726,0.020612935,6.0981558e-09,0.0115624275,1.0747427e-06
0.016089182,0.0026555422,0.0008681282,0.0063466276,0.027342318,0.94880426,0.678217,0.00050270726,0.12930025,0.15267977,0.16146658,0.00072784506,0.026661959,0.0075809998,0.004347667,0.9998765,0.0017984222,0.64860195,0.99891317,0.0036467477,0.0010293003,0.035754748,0.06060448,1.4457934e-06,0.0308036,5.340626e-05
0.0022417554,0.00016810608,2.2315047e-05,0.0008541193,0.0030693726,0.9957129,0.8128444,1.8593955e-05,0.058992382,0.14277476,0.05078077,6.37382e-05,0.0020968704,0.0005220805,0.00070475275,0.99999845,8.576683e-05,0.75712603,0.9999683,0.00012780524,4.7044356e-05,0.015945327,0.018034175,2.908284e-09,0.011981125,6.0755076e-07
0.057932727,0.0069325496,0.0030301604,0.020536806,0.058703657,0.97246784,0.77467936,0.002530389,0.12272975,0.5655175,0.18140638,0.02891387,0.043782536,0.015491084,0.03173194,0.9990257,0.005384003,0.7986939,0.99736303,0.0058398056,0.005228182,0.19385752,0.13111039,4.8996077e-05,0.11498492,0.0005192418
0.026269335,0.0038870731,0.0013484367,0.009345681,0.03707038,0.9602026,0.71714807,0.00084898714,0.12629937,0.28537142,0.17314214,0.0030854268,0.03126733,0.009484961,0.008518429,0.99973947,0.002612501,0.72273505,0.9985044,0.003835955,0.0017777872,0.06823877,0.07973178,4.9107252e-06,0.045175906,0.00011817134
0.015915344,0.002778896,0.0009439835,0.0070662675,0.02677296,0.9477833,0.6715177,0.0005873252,0.13400725,0.14472345,0.15564725,0.0006945877,0.026122287,0.008241923,0.0048635965,0.9998703,0.0019296134,0.63234776,0.99888474,0.0038457522,0.0011152766,0.038690813,0.064725354,1.6847448e-06,0.034026105,5.9490845e-05
0.0009780015,4.404598e-05,3.4166023e-06,0.0003106813,0.0010908471,0.9990802,0.8772125,3.1778072e-06,0.03407219,0.1978992,0.028117804,3.826004e-05,0.00058528106,0.00012582837,0.0003151997,0.99999976,1.8007373e-05,0.84055084,0.9999945,2.1122834e-05,1.0655966e-05,0.012398659,0.009047779,1.4585962e-10,0.007861024,6.753884e-08
0.06929006,0.00848025,0.0038733075,0.021147117,0.07648725,0.9676713,0.77126825,0.0026938538,0.12264592,0.6130489,0.21001801,0.04564656,0.055342365,0.01719275,0.03171987,0.99859494,0.0064408667,0.81700134,0.99638665,0.0067572515,0.006319234,0.19930522,0.13626897,7.18822e-05,0.10365699,0.00064933917
0.016644415,0.0035239225,0.0012644171,0.006820672,0.037765842,0.89172524,0.61070824,0.000537891,0.15347481,0.09466058,0.20926143,0.00038392135,0.04541071,0.010141434,0.0032916463,0.99982697,0.0025387527,0.56455255,0.998154,0.0077473256,0.0012274319,0.023116324,0.060269624,1.7314014e-06,0.024283243,6.462677e-05
0.0049585802,0.00052974425,0.00010433454,0.0019178687,0.007605456,0.98750126,0.7591602,7.294812e-05,0.08404587,0.1384973,0.08474169,0.00016808363,0.0059159044,0.0015857099,0.0014135372,0.9999906,0.0003064861,0.7144958,0.99985385,0.00051859353,0.00016958077,0.020594811,0.028629893,3.6328302e-08,0.016825207,3.7352816e-06
0.20864141,0.0037732439,0.0013008236,0.02558701,0.12584555,0.99805534,0.94236594,0.00052238913,0.07276775,0.99501413,0.17578547,0.70688117,0.07258387,0.0020022201,0.14916416,0.99868196,0.0031888918,0.9750787,0.9983753,0.0017500734,0.004890659,0.65973395,0.18418601,0.00010881771,0.32913914,0.00044919187
0.066699214,0.013564708,0.0075610443,0.0238321,0.10766218,0.88492745,0.6611171,0.0040974766,0.16085462,0.33018515,0.2738942,0.012761909,0.10512839,0.03310386,0.02180154,0.9977222,0.011054532,0.696162,0.99226284,0.01927685,0.008052811,0.11538188,0.1470495,0.00010421552,0.0748889,0.0010162939
0.051811744,0.014204299,0.007952058,0.021773856,0.1250672,0.76429415,0.56768477,0.0028798403,0.19946167,0.16153446,0.3258508,0.002250943,0.16638789,0.03338386,0.0117815845,0.99797887,0.012123846,0.5837298,0.9897563,0.041734986,0.006510337,0.05483581,0.13561648,5.1793424e-05,0.051195916,0.0007039855
0.0044459496,0.0006164258,0.0001375675,0.0019770192,0.009143708,0.96677256,0.6875635,7.886623e-05,0.11025303,0.05882589,0.1010323,4.2990756e-05,0.009492902,0.0021595745,0.0009459308,0.99999,0.00038655175,0.57792205,0.9997967,0.0010791555,0.00016772884,0.011739255,0.03008871,3.4601953e-08,0.012775691,4.024276e-06
0.071675934,0.008314984,0.0036961103,0.019780142,0.08072977,0.97015464,0.77953994,0.0023332206,0.11637917,0.6636007,0.21541893,0.059297796,0.054760795,0.01563142,0.029962752,0.9985989,0.0061374726,0.8374207,0.9963187,0.005967105,0.006138674,0.20161048,0.13110568,6.70641e-05,0.09600324,0.00059213344
0.03622551,0.0076310625,0.0035201905,0.01384594,0.06804293,0.8831148,0.63059765,0.0017307287,0.15927805,0.18827455,0.2441164,0.002505972,0.07450018,0.020274809,0.009512236,0.9992617,0.0058680335,0.63131905,0.99575645,0.013481645,0.003546844,0.056385387,0.099957116,1.7298273e-05,0.046522506,0.00030970742
0.0010433398,7.043834e-05,7.588407e-06,0.00035834507,0.0017486312,0.9962309,0.81176543,5.130821e-06,0.051134944,0.07779179,0.04226295,1.19852775e-05,0.0012572908,0.00024214807,0.00022269922,0.99999964,3.3135955e-05,0.74051,0.99998665,6.419564e-05,1.4707264e-05,0.006485304,0.010176155,2.688793e-10,0.0055189854,1.1391958e-07
0.003378495,0.00018756083,2.4783714e-05,0.0013731112,0.003381767,0.9976266,0.86158705,2.356239e-05,0.059269186,0.33444422,0.04754823,0.0002233103,0.0021659888,0.00049633987,0.0016581937,0.99999785,0.00010853561,0.81522024,0.99997246,0.000112683745,6.937296e-05,0.038231652,0.025500566,7.4057556e-09,0.022840004,1.0814679e-06
0.03163952,0.007018339,0.003130089,0.01237081,0.06404158,0.86747265,0.6124071,0.0014986008,0.16426498,0.14378344,0.24399959,0.0015539859,0.074039035,0.019018628,0.00757218,0.9993975,0.0053056027,0.5991628,0.99596906,0.014059748,0.0030648764,0.045370944,0.09178977,1.180552e-05,0.040460985,0.00024827413
0.0071150092,0.0009284721,0.00021771001,0.0027432928,0.011748454,0.9761756,0.7203657,0.00013755662,0.101186395,0.11800305,0.108999915,0.00021019831,0.010431388,0.0027827227,0.0018365931,0.9999778,0.00055876584,0.67117715,0.99969685,0.001124071,0.00030121478,0.021049945,0.03564462,1.1599729e-07,0.01904953,8.933807e-06
0.022891482,0.004419958,0.001766326,0.0093497755,0.04154177,0.9155922,0.64141285,0.0009852228,0.14704387,0.1432182,0.19740476,0.0010648004,0.044434913,0.013014193,0.0062033585,0.9997104,0.0033050962,0.61271286,0.99781394,0.0076055704,0.0019092608,0.041218095,0.07661271,4.785282e-06,0.03820382,0.00012643936
0.007297746,0.0010281223,0.0002545524,0.0027970648,0.013308763,0.9660541,0.6954304,0.00014189923,0.11062673,0.09275302,0.12109844,0.00014955306,0.0131049985,0.0031604702,0.0016065156,0.99997497,0.0006357748,0.63222384,0.9996278,0.0015190671,0.00031440708,0.01724778,0.03565745,1.2465242e-07,0.017053181,9.671438e-06
0.037745964,0.0066349916,0.0028391003,0.013284146,0.058563758,0.9338272,0.6842171,0.0016641952,0.13730608,0.283833,0.21469478,0.0054604677,0.052935626,0.016683163,0.011896752,0.99934393,0.004854578,0.70692897,0.996795,0.007924933,0.0034004205,0.078634486,0.09829029,1.7186916e-05,0.054262966,0.00028641822
0.0021602458,0.00021546012,3.533232e-05,0.0008771167,0.004182987,0.98646265,0.7440662,2.1669708e-05,0.08055467,0.05746404,0.06753576,1.7445649e-05,0.0038543197,0.0007900666,0.00045087846,0.999998,0.00012227167,0.6365948,0.9999441,0.0003111894,5.103894e-05,0.0080808615,0.01836148,3.3153076e-09,0.008415285,7.2998967e-07
0.19753468,0.062046826,0.054487552,0.073477335,0.3411801,0.7255066,0.60917574,0.026571678,0.21871543,0.444463,0.4168985,0.08335741,0.3537718,0.11656442,0.07847531,0.96618515,0.059334323,0.6893132,0.9428732,0.12274504,0.049448654,0.2263884,0.27831465,0.0039031378,0.1552583,0.013658878
0.08986488,0.022660885,0.015601536,0.03458808,0.16670491,0.7856988,0.60802335,0.0074992543,0.18996164,0.2781034,0.33109236,0.012758239,0.19002634,0.056131132,0.028182669,0.99458414,0.02076198,0.641582,0.9834704,0.0489597,0.014200501,0.11732855,0.18548357,0.0003037407,0.08741682,0.002290284
0.009137623,0.0007338071,0.00012911258,0.003143178,0.009024044,0.9953923,0.8326419,0.00011093504,0.0707304,0.43881488,0.077787735,0.0019382759,0.0053116432,0.0015505849,0.0042366013,0.99998057,0.00040531368,0.8369083,0.99983895,0.0003793415,0.00032437433,0.061978627,0.037644565,1.4297017e-07,0.036134254,8.600874e-06
0.055909697,0.012339064,0.00676935,0.020996591,0.09918943,0.85425544,0.6253384,0.003643528,0.17017597,0.22606838,0.27333596,0.0057976977,0.10830899,0.032663815,0.016500607,0.9982167,0.010011401,0.6378537,0.9925418,0.022310603,0.006756212,0.085015416,0.1344207,6.642653e-05,0.06496533,0.0007987551
0.10243219,0.017449293,0.010599988,0.030053824,0.14437325,0.9153623,0.71253675,0.0059140255,0.14287367,0.54414135,0.28971234,0.06132507,0.11890248,0.037635628,0.0378157,0.99543285,0.014401018,0.78182006,0.9896086,0.01912179,0.012989494,0.1938748,0.17442401,0.00030092546,0.101259425,0.0018749981
0.0006356182,2.7846107e-05,2.333752e-06,0.0002566213,0.0008159221,0.99884343,0.8666351,2.3982102e-06,0.03653809,0.11660261,0.024005355,8.870982e-06,0.0005159331,0.00010792033,0.00021937699,0.9999999,1.3468465e-05,0.78252906,0.9999968,1.9774272e-05,6.593991e-06,0.009300883,0.009219936,6.176426e-11,0.006855163,3.749915e-08
0.0077956542,0.0012890073,0.00034693378,0.0032850965,0.01615253,0.9458604,0.6569815,0.00018267288,0.1275699,0.06949805,0.13607648,0.000110756715,0.017563071,0.0041081402,0.0015918064,0.99996734,0.000831382,0.5708167,0.9994838,0.0023691119,0.00038762114,0.015680242,0.03972635,1.7765169e-07,0.016646063,1.3016547e-05
0.02407609,0.0041148835,0.001486907,0.009409736,0.039422672,0.9424268,0.6847023,0.000820027,0.13988724,0.21846426,0.18493815,0.0017479497,0.036799062,0.010439972,0.006985685,0.9997451,0.0028582404,0.6761091,0.99828595,0.004934889,0.0017204292,0.054121125,0.07874739,4.426001e-06,0.03892068,0.000114322254
0.09314374,0.03115833,0.022188624,0.042116564,0.25272563,0.6665258,0.5239478,0.0065816324,0.23833667,0.21204236,0.4107925,0.0042929337,0.35466242,0.057658456,0.023483109,0.991299,0.031800997,0.58729357,0.96980244,0.13012624,0.015482338,0.07781422,0.19813186,0.00030863422,0.082060054,0.0023862682
0.04054009,0.011467997,0.0061614513,0.018299546,0.10286771,0.75737065,0.549892,0.0022241888,0.20130447,0.12020881,0.30826974,0.0011891667,0.14180167,0.029724455,0.008923807,0.998681,0.0099265305,0.5378153,0.99186057,0.036745258,0.0049822554,0.041683365,0.1179538,2.7892778e-05,0.044157032,0.00046624546
0.013439098,0.0034975552,0.0012849701,0.0063861874,0.040167622,0.82472795,0.54719293,0.00044578835,0.1772288,0.051420406,0.23305888,0.00012599514,0.056971442,0.010685271,0.002175253,0.99984956,0.0027101673,0.46651518,0.99791497,0.012021745,0.0010917812,0.013914607,0.05640635,1.0983654e-06,0.018312002,4.9730992e-05
0.0033564523,0.00025672137,3.5475474e-05,0.0012001994,0.004080426,0.9960057,0.8215711,2.9616118e-05,0.060168177,0.21250875,0.057206366,0.00018760485,0.0026075642,0.0006929223,0.0011591773,0.9999969,0.00012817504,0.7919597,0.99995077,0.00016165829,8.022146e-05,0.023426991,0.021229103,8.27626e-09,0.016111564,1.2482805e-06
0.063240446,0.0153262885,0.008770913,0.022977097,0.12675028,0.812546,0.60716873,0.00394038,0.17925534,0.22202516,0.30964,0.006225321,0.14689301,0.037306786,0.016563123,0.9973928,0.01275424,0.6327386,0.98925716,0.03352984,0.008166999,0.079296924,0.13938046,9.0282716e-05,0.062489897,0.0010120994
0.0023952627,0.0002271577,3.8421542e-05,0.0010541038,0.0041869488,0.9880063,0.7551709,2.8504428e-05,0.08218207,0.06779035,0.062750384,2.2497741e-05,0.0037602358,0.00085264543,0.00061818026,0.99999774,0.0001326824,0.6393957,0.99994755,0.0003020096,5.958788e-05,0.011304221,0.02231408,4.887983e-09,0.010894053,9.536469e-07
0.008746475,0.00092833664,0.00020042792,0.0033615541,0.010765731,0.98911333,0.7775252,0.00016523631,0.08567001,0.24071014,0.09247512,0.00073914696,0.007697654,0.002480603,0.0033227564,0.9999747,0.00054626004,0.7570696,0.9997559,0.0007163242,0.00037219762,0.041559372,0.040787626,1.8454188e-07,0.029786376,1.13864535e-05
0.0012652725,6.906985e-05,6.294871e-06,0.00036493465,0.001642097,0.99827373,0.85135674,4.606264e-06,0.040891297,0.1663991,0.03838247,4.1671545e-05,0.00095734093,0.00019018343,0.0003124132,0.99999964,2.8837558e-05,0.82409364,0.9999889,3.9273236e-05,1.5763533e-05,0.010092864,0.0097342795,3.0990527e-10,0.0069057867,1.1723453e-07
0.011624367,0.0015262499,0.0004455971,0.0055161836,0.016544625,0.97335434,0.72489643,0.00036823,0.12011637,0.16923054,0.115127146,0.00047867495,0.014974013,0.0048815683,0.004553234,0.99994576,0.00109836,0.656819,0.9995449,0.0018531538,0.0006533344,0.044344477,0.061640304,6.427115e-07,0.036373865,2.9038903e-05
0.00657096,0.0011761485,0.00031781345,0.0030121943,0.015695103,0.93027747,0.6289801,0.00015372135,0.13514644,0.048529048,0.13988774,5.502753e-05,0.018744325,0.00404575,0.001208875,0.99997354,0.00079392956,0.51407254,0.9995053,0.0027618718,0.00033275172,0.011598757,0.03733129,1.2105542e-07,0.014031485,1.0204194e-05
0.0033383695,2.9659728e-05,1.4882562e-06,0.00071116124,0.0010437219,0.99995637,0.9751515,1.2905903e-06,0.025058143,0.9686266,0.015025146,0.0043824967,0.0004287472,2.406524e-05,0.0036033392,0.99999976,1.3432395e-05,0.97691,0.999998,4.856941e-06,1.4746913e-05,0.16045853,0.014481452,5.3904464e-10,0.05900866,1.2498333e-07
0.111538485,0.0028948297,0.000834813,0.019926561,0.055988595,0.99795157,0.93553966,0.0005326665,0.07192276,0.9826659,0.11522142,0.4377317,0.029986532,0.0023136884,0.09940261,0.9994373,0.002328448,0.96133506,0.99910504,0.0011038533,0.0034372152,0.5458309,0.12843212,3.3821398e-05,0.29222858,0.0002667524
0.00454516,0.00029619253,3.7830076e-05,0.0014552479,0.004562195,0.9976047,0.8534466,3.2028904e-05,0.05510495,0.39148518,0.05612151,0.00066306704,0.0024880273,0.0006326067,0.0018551225,0.9999957,0.00014317274,0.8510806,0.9999471,0.00013339227,0.00010557514,0.038518906,0.022985972,1.4671133e-08,0.021838639,1.7072168e-06
0.018145146,0.00056983647,7.353683e-05,0.0033448185,0.0101565095,0.9992937,0.9278599,5.4190263e-05,0.045882963,0.92651045,0.06024297,0.05257542,0.0038815162,0.000563929,0.010865086,0.9999745,0.0002847258,0.956813,0.9998839,0.0001322325,0.0003712346,0.17783709,0.035879787,2.2793748e-07,0.07452855,8.488884e-06
0.054171856,0.005747243,0.002156915,0.016328529,0.054989457,0.9811632,0.8010286,0.0014955144,0.10958799,0.6636898,0.17486943,0.04140764,0.036341347,0.010467367,0.026990185,0.99925524,0.0041638454,0.84542,0.9978802,0.0037769165,0.0040925103,0.1911685,0.11144635,2.9295106e-05,0.098071605,0.0003373634
0.13749628,0.035700187,0.02853904,0.05063665,0.24702904,0.77101207,0.6252184,0.012829176,0.19498044,0.39698142,0.37520263,0.03607183,0.27052495,0.076533444,0.047618005,0.9866375,0.034216274,0.6934843,0.9714901,0.075062245,0.025338912,0.17593399,0.23789565,0.0010775698,0.11842471,0.005316006
0.09504401,0.029046712,0.020543633,0.0390884,0.22513528,0.6969403,0.5551821,0.007268398,0.21936427,0.2311047,0.38648093,0.007123337,0.294737,0.06034055,0.02536478,0.9919729,0.028347697,0.603032,0.97360826,0.09832982,0.015926303,0.08954765,0.19221333,0.00033585596,0.08270158,0.0025564714
0.1711805,0.047883622,0.040891528,0.060537014,0.3100766,0.7574043,0.6210081,0.018013261,0.2022411,0.45041838,0.4034446,0.06371832,0.3262196,0.09192768,0.062963516,0.9765376,0.047022052,0.71065015,0.95634216,0.10180017,0.036769275,0.20413116,0.25797972,0.002188621,0.13969554,0.008685924
0.010701493,0.001472099,0.00039140697,0.0041667665,0.016598174,0.9714497,0.7152331,0.00025880762,0.11097325,0.15162677,0.12395746,0.00045444153,0.014627672,0.004222219,0.0030602582,0.9999523,0.0009185353,0.67813784,0.9995043,0.0016713995,0.00053442613,0.0313908,0.047562357,3.8834455e-07,0.02590011,2.090532e-05
0.002255028,0.0001454412,1.661752e-05,0.00075771374,0.0027627465,0.9973876,0.83945805,1.3567989e-05,0.051597584,0.20845124,0.047026005,0.00010509913,0.0016733619,0.00039008755,0.0007204665,0.9999988,6.786305e-05,0.8085415,0.99997544,8.369869e-05,4.0466755e-05,0.018413955,0.016111761,2.1336428e-09,0.011974072,4.6819258e-07
0.022942675,0.002866218,0.00088343216,0.009056522,0.027109165,0.9802217,0.7634547,0.00067452504,0.11142796,0.38537732,0.13753262,0.004383194,0.019954821,0.0066762413,0.010512695,0.99982697,0.0019742083,0.7689059,0.99908686,0.0022585553,0.0015185522,0.09069195,0.076552406,3.4586863e-06,0.057101257,8.494645e-05
0.0002497792,5.449461e-06,2.0689934e-07,7.181012e-05,0.00022903999,0.99988353,0.93301624,2.2923238e-07,0.016406618,0.2663341,0.010988005,9.968577e-06,9.5134e-05,1.5832597e-05,9.221874e-05,1.0,1.8872273e-06,0.9037258,0.99999964,1.7083603e-06,1.0919089e-06,0.008286001,0.003555885,1.6207373e-12,0.0043029883,2.4348616e-09
0.1212147,0.028709264,0.021029908,0.04086097,0.20916389,0.8110655,0.642846,0.009984325,0.17781584,0.40666306,0.35047695,0.03784398,0.21466197,0.06383614,0.040765107,0.99049616,0.026268682,0.70818716,0.97810066,0.051914096,0.020094516,0.16498043,0.2082306,0.0006699041,0.105378605,0.0037514179
0.04302503,0.005783785,0.0021992621,0.012406299,0.055026457,0.9682823,0.74927664,0.0014086718,0.110573836,0.47195953,0.19340281,0.017233003,0.03963041,0.012370501,0.015500088,0.9993467,0.0039713774,0.801094,0.9974815,0.004671016,0.0033662987,0.114155866,0.09414681,1.7708177e-05,0.06500489,0.00026038944
0.00082252506,2.660216e-05,1.5898556e-06,0.00025115136,0.0007371128,0.9996543,0.9127479,1.6284972e-06,0.026824526,0.34813738,0.02047782,6.0786024e-05,0.0003401103,6.5655506e-05,0.00034115452,0.9999999,1.051441e-05,0.8892015,0.9999975,9.123233e-06,6.885746e-06,0.017318353,0.0077742175,6.474099e-11,0.009084294,3.4460612e-08
0.0006009638,0.00014727903,2.5137717e-05,0.00038368642,0.0042685224,0.8304909,0.4573985,6.242079e-06,0.14187627,0.0017134902,0.11101957,6.592349e-08,0.008051257,0.00088709546,3.347916e-05,0.9999994,0.00010666905,0.1877355,0.99992335,0.0015963878,1.9058667e-05,0.00043575247,0.008692644,1.6909495e-10,0.0012347709,1.166972e-07
0.00021428068,6.2487566e-06,3.443135e-07,7.4863354e-05,0.00029013067,0.99955064,0.894031,3.4945492e-07,0.023534501,0.088153325,0.014206096,1.633769e-06,0.00016473384,2.6816704e-05,5.9349128e-05,1.0,2.5982863e-06,0.811327,0.9999994,4.0217014e-06,1.1328606e-06,0.0043864953,0.0043841116,1.8378255e-12,0.0030914268,2.9656277e-09
0.00053140934,6.8179847e-06,3.5841438e-07,0.00019187885,0.00036386642,0.99988556,0.95427054,3.5637518e-07,0.023949575,0.6192403,0.012327011,2.5541049e-05,0.00019228781,1.7230306e-05,0.00036777972,1.0,3.9614056e-06,0.91801447,0.99999964,2.8484899e-06,2.1445944e-06,0.029423341,0.008725755,1.0464751e-11,0.012631322,8.439494e-09
6.010489e-06,3.380031e-07,1.1526008e-08,3.1820646e-06,4.3878747e-05,0.99556535,0.7050099,4.9356497e-09,0.030182099,0.0002527194,0.010102558,3.4924678e-11,6.531255e-05,4.532819e-06,2.3243403e-07,1.0,1.569798e-07,0.26382107,1.0,2.9218102e-06,1.5834951e-08,2.446482e-05,0.00055561867,1.7162694e-16,7.506587e-05,5.302236e-12
2.6742593e-05,3.5675907e-07,1.0109309e-08,8.671572e-06,3.8917897e-05,0.99990654,0.9299974,1.1607814e-08,0.011343453,0.03917409,0.0048716944,3.841354e-08,2.088934e-05,2.2912843e-06,5.8314586e-06,1.0,1.3046504e-07,0.8196257,1.0,2.5121184e-07,4.221035e-08,0.0011342393,0.0013399497,2.9581052e-15,0.000851999,2.8758794e-11
0.0014565948,9.425629e-05,1.1027108e-05,0.0005372098,0.002038429,0.9967495,0.82457536,9.251881e-06,0.051020667,0.112575375,0.041950297,2.8127355e-05,0.001398882,0.00031823973,0.00041352084,0.9999994,4.6574758e-05,0.75555515,0.9999833,7.6084194e-05,2.3986446e-05,0.011073325,0.0134741245,7.50037e-10,0.008878041,2.3131865e-07
0.0018864379,0.00013875173,1.949814e-05,0.00078760553,0.002708571,0.99489564,0.8036174,1.7617824e-05,0.06148423,0.099262774,0.047505338,3.0232066e-05,0.0020444656,0.0005120136,0.00059295376,0.9999988,7.705913e-05,0.7118184,0.99997365,0.0001363506,3.889623e-05,0.013110452,0.018108906,2.0728392e-09,0.011413824,4.8724365e-07
0.007177368,0.0012992363,0.0003638541,0.0032879985,0.017685141,0.925139,0.6255128,0.00016387826,0.13741812,0.053153243,0.14969794,6.253075e-05,0.021450814,0.0044143633,0.0012988774,0.9999684,0.0009018854,0.51726973,0.9994351,0.0031440072,0.00037105242,0.012032346,0.03917967,1.527885e-07,0.014531426,1.1790028e-05
0.00015036252,4.357395e-06,2.456227e-07,5.615293e-05,0.00022841454,0.9994153,0.8840744,2.5635129e-07,0.024210477,0.045929126,0.012914291,4.672581e-07,0.00014840497,2.3034874e-05,3.691239e-05,1.0,1.9023975e-06,0.7592459,0.99999964,3.8881694e-06,7.202957e-07,0.0027905116,0.0039370675,7.7122325e-13,0.002396415,1.6645091e-09
0.008679267,0.0016703446,0.0005110742,0.0038730188,0.019786224,0.91489106,0.6081383,0.000253531,0.14125867,0.04985747,0.15789115,8.544072e-05,0.024643155,0.0058234646,0.0016582003,0.9999516,0.0011697036,0.5020535,0.9992224,0.0043193363,0.0005266954,0.01310575,0.042249393,2.8754704e-07,0.016968329,1.8650999e-05
0.05854621,0.016100721,0.009262852,0.022605376,0.13997807,0.7426204,0.55885327,0.003547211,0.19788775,0.1568523,0.33799145,0.0029643169,0.18373437,0.039440732,0.01324631,0.9973031,0.014276491,0.5630318,0.9872049,0.05135112,0.007921478,0.05462579,0.13052517,7.203137e-05,0.052957624,0.0009061866
0.0071116844,0.0010942412,0.0002610367,0.0024383792,0.015595318,0.9578835,0.6749539,0.00010181918,0.11009449,0.0891902,0.1475152,0.00013172418,0.016270705,0.003060535,0.0011311517,0.9999738,0.00066529546,0.6316218,0.99952865,0.0018602693,0.00028864553,0.011478483,0.028563969,9.618246e-08,0.012086053,7.74802e-06
0.011923699,0.001705845,0.00050461316,0.005204944,0.018030211,0.96763444,0.7063601,0.0003813321,0.118287966,0.145476,0.12476723,0.00048599593,0.016397879,0.0053061233,0.0039844154,0.99993694,0.0011601351,0.6518207,0.9994173,0.0021454704,0.0006920221,0.03700999,0.056521773,6.629609e-07,0.032033164,3.0323397e-05
0.12908444,0.056491688,0.035021514,0.06466312,0.49931958,0.75085557,0.46949995,0.0056345942,0.28546295,0.3681129,0.5595623,0.00542499,0.64367217,0.035823483,0.035252403,0.9800544,0.05566668,0.72545415,0.938775,0.25367504,0.024266629,0.11643283,0.2500654,0.00065514504,0.13544354,0.003545304
0.11515885,0.04624857,0.033095684,0.05645725,0.31184554,0.6044971,0.49866965,0.010923281,0.2691347,0.20304206,0.43692324,0.0059268926,0.42084217,0.07699968,0.031639155,0.98430324,0.04655483,0.5420267,0.9515946,0.18498889,0.023849618,0.09015399,0.21841338,0.0006858968,0.09322764,0.004468287
0.1427423,0.04492435,0.035336584,0.056271207,0.28807908,0.6896403,0.5739181,0.014976482,0.22277328,0.31259435,0.4059226,0.023124073,0.34270516,0.08893063,0.046152595,0.98202306,0.043309227,0.62927884,0.9583117,0.12272146,0.02940774,0.14439474,0.23715323,0.0012554121,0.11568057,0.0064392923
0.0959167,0.007774594,0.0033415218,0.020019773,0.09357328,0.98432434,0.8305165,0.0019854608,0.09628759,0.8486874,0.2066504,0.19754232,0.053243715,0.01181228,0.0430086,0.99816006,0.0057193707,0.9002668,0.9963096,0.0044910745,0.0068939887,0.281625,0.13178733,9.542893e-05,0.121774234,0.0006362825
0.07207884,0.01838138,0.011251906,0.026824472,0.14771746,0.7827767,0.5949582,0.004874205,0.18643776,0.227185,0.3288437,0.0070480634,0.17670973,0.04445955,0.01927203,0.996394,0.015883142,0.6222506,0.98644954,0.044227906,0.0101715345,0.08447402,0.15441334,0.00013901168,0.06844122,0.0013640266
0.012365369,0.0025641797,0.00083725626,0.005110353,0.029730907,0.90151656,0.6068769,0.000333206,0.14485976,0.07521659,0.1972719,0.0002005021,0.036915153,0.007726576,0.002203001,0.9998996,0.001813969,0.54684067,0.9986797,0.0061557745,0.00081578374,0.016029289,0.047636103,7.081777e-07,0.01891742,3.3923698e-05
0.035926152,0.008958281,0.0043007783,0.014332307,0.08350166,0.8185458,0.58121336,0.00165481,0.1769623,0.13535948,0.28587973,0.001411662,0.107422866,0.023414612,0.007730851,0.99908745,0.007235945,0.5732949,0.9941182,0.023712268,0.0038396118,0.03968211,0.09704821,1.709994e-05,0.039623957,0.0003203621
0.07857776,0.026865989,0.018193288,0.03758674,0.2108054,0.626631,0.50699645,0.0059381467,0.2463154,0.152912,0.38825592,0.00244311,0.3099417,0.0574861,0.018636908,0.9940375,0.02614421,0.5211008,0.97627425,0.11380759,0.013007842,0.06404116,0.18560317,0.00020042677,0.06730328,0.0018773183
0.42190045,0.053947404,0.049305025,0.09293288,0.63190114,0.9709709,0.76285964,0.009142883,0.17454801,0.9675749,0.54193145,0.6993759,0.5389569,0.026168715,0.23770097,0.94216824,0.047868475,0.9564281,0.9500234,0.07263486,0.067060925,0.5970937,0.3873359,0.0112139275,0.37567693,0.014284942
0.003852667,0.00039074596,7.076744e-05,0.00155367,0.0056559057,0.98955286,0.7650572,5.6589273e-05,0.07811804,0.11185924,0.07191724,0.00010067454,0.0044734464,0.0012670731,0.0011594075,0.9999943,0.00022080814,0.6996114,0.9999013,0.00040016964,0.000122003454,0.01762856,0.025470523,1.873055e-08,0.01585843,2.3669093e-06
0.0063079926,0.0008118377,0.00019474496,0.0026484984,0.010661269,0.9741078,0.709157,0.0001329903,0.105088964,0.09353187,0.10261726,0.00012105285,0.010146155,0.0027006764,0.0016944241,0.999982,0.00052216015,0.6318667,0.9997409,0.0011700301,0.00026540534,0.019008713,0.036823563,9.29087e-08,0.018933358,7.683548e-06
0.0075351642,0.0016165638,0.00047791738,0.0033184227,0.020963404,0.8936552,0.5798501,0.00018611996,0.14485858,0.03961131,0.1792185,5.640163e-05,0.027716486,0.0055241487,0.0011127975,0.99995697,0.0011546913,0.47580144,0.9991371,0.00501031,0.00045827354,0.008804144,0.035065025,1.8526981e-07,0.012212234,1.3672291e-05
0.16963227,0.055750843,0.046348732,0.06597517,0.3375978,0.7057229,0.58176696,0.019202663,0.22698005,0.38245928,0.4253702,0.041475315,0.37833032,0.09808836,0.060515344,0.97290313,0.054967932,0.66517127,0.9444731,0.140716,0.03932543,0.17474963,0.2563275,0.0022489713,0.13830996,0.009386194
0.0016776465,9.67861e-05,1.0953311e-05,0.0006940769,0.0018729815,0.9978908,0.8485891,1.2015411e-05,0.04809441,0.16511188,0.035794448,5.1462284e-05,0.0012078788,0.00033025755,0.0006933242,0.9999993,5.0878672e-05,0.77838284,0.99998593,6.738077e-05,2.9433302e-05,0.018246619,0.01598863,1.1974635e-09,0.013772683,3.1543146e-07
0.011011462,0.0014482319,0.00038497354,0.004708701,0.016614776,0.9743882,0.72685015,0.00026298597,0.114833735,0.18063718,0.119480684,0.00048082403,0.014341985,0.004109393,0.0036347297,0.9999534,0.00095009024,0.67991817,0.9995597,0.0015642219,0.0005457935,0.038106855,0.053431567,4.411335e-07,0.028918263,2.2041091e-05
0.0011259253,6.912507e-05,8.11763e-06,0.00046300903,0.00173084,0.99649626,0.8177807,7.079844e-06,0.05347428,0.086011365,0.037921075,1.1355819e-05,0.0013021834,0.0002721951,0.00032945722,0.99999964,3.7715166e-05,0.7176759,0.99998856,7.011025e-05,1.6898675e-05,0.009263054,0.013628301,4.162801e-10,0.007947395,1.5128667e-07
5.5981894e-07,1.07931655e-08,1.380276e-10,2.117196e-07,3.1374643e-06,0.9997472,0.8597328,7.236305e-11,0.009356239,0.00023629435,0.0023067303,2.1749252e-12,3.3077192e-06,1.8482349e-07,1.9844212e-08,1.0,3.3377683e-09,0.45979235,1.0,4.4504425e-08,3.0457736e-10,7.873344e-06,0.00010879798,9.2629107e-20,1.8341581e-05,2.0880755e-14
0.024031986,0.0060766498,0.0028266876,0.011595546,0.059741355,0.7864333,0.5422015,0.0012088208,0.19541426,0.0672857,0.25054458,0.00030538937,0.08628743,0.019130591,0.004938419,0.9995888,0.005002441,0.462648,0.99635065,0.020742416,0.0024052649,0.02669536,0.09132067,6.115139e-06,0.032308303,0.00017150056
0.0015728313,0.00010059575,1.2997804e-05,0.00073314866,0.0018998382,0.9968449,0.8292847,1.5224384e-05,0.05315977,0.105576724,0.0365104,2.8365048e-05,0.0013657743,0.00040729836,0.00064632524,0.9999993,5.797146e-05,0.7248793,0.999984,9.163501e-05,3.0552914e-05,0.015149891,0.017247843,1.327475e-09,0.013862038,3.474663e-07
0.0021151952,0.00015236507,1.8529026e-05,0.0007194898,0.0028748002,0.9965689,0.82021725,1.4039788e-05,0.053354234,0.15952905,0.050670847,7.598913e-05,0.0018466946,0.00043486213,0.00060271705,0.9999987,7.271573e-05,0.786826,0.9999702,0.00010534294,4.090792e-05,0.013946186,0.014894571,2.0483655e-09,0.01039102,4.552642e-07
0.24894406,0.06419065,0.06320155,0.08312983,0.41123682,0.8190294,0.656309,0.025433732,0.19916157,0.66497755,0.4451949,0.20462696,0.3903068,0.10063971,0.111961134,0.9550728,0.06477666,0.8000293,0.94230497,0.11130222,0.061671313,0.32671598,0.3197032,0.0070005357,0.1990502,0.016736126
0.2704183,0.034531415,0.031611655,0.07423004,0.35523003,0.9300412,0.7697589,0.011121525,0.16095793,0.87643653,0.41240844,0.3414253,0.31331387,0.045229446,0.13405803,0.9768281,0.03616553,0.8780856,0.97615814,0.048675798,0.037488535,0.44583896,0.32616428,0.004113583,0.22896992,0.008778627
0.0026948277,9.046196e-05,7.2303533e-06,0.000943036,0.001510361,0.9996171,0.92523235,9.390534e-06,0.03382964,0.5944212,0.023789639,0.0007525191,0.00072520337,0.00018483037,0.0020524599,0.99999917,4.232839e-05,0.9113847,0.99999046,2.9675744e-05,3.689951e-05,0.058462042,0.015419122,2.1186628e-09,0.03467105,4.3298178e-07
0.012615478,0.0044326014,0.001742121,0.0069504203,0.05354551,0.67276543,0.44418722,0.00044334162,0.22382657,0.024469487,0.2818775,3.7097943e-05,0.09552217,0.013546357,0.0015475928,0.9998041,0.0037507568,0.342011,0.9966196,0.02844915,0.0012349519,0.007697399,0.055797156,9.987408e-07,0.0132953385,4.9974446e-05
0.013830746,0.002664585,0.0009109197,0.005857192,0.028315978,0.91606945,0.6270237,0.00046727297,0.1436896,0.08556558,0.17699517,0.00029027235,0.03287846,0.00839183,0.0030830414,0.9998869,0.0018950963,0.5609203,0.99873716,0.005564975,0.0009576383,0.02260179,0.055513527,1.0721056e-06,0.024765162,4.5952387e-05
0.011176608,0.0028772682,0.0011053804,0.006487049,0.028900696,0.83271784,0.5397955,0.0005826087,0.18011223,0.03215904,0.18080024,7.560691e-05,0.040737834,0.01102018,0.0024704083,0.99989164,0.0023310182,0.39530915,0.99843377,0.010430444,0.0010288737,0.01529437,0.05949617,9.525344e-07,0.022827737,4.8742833e-05
0.02323457,0.007327449,0.0034508395,0.011932864,0.06938452,0.71527815,0.49333692,0.0012980371,0.2105045,0.048086356,0.2765986,0.0002450382,0.10600106,0.022792257,0.0043043327,0.99946815,0.006380381,0.4104469,0.99457043,0.031966485,0.002836167,0.020316958,0.08149205,6.5488694e-06,0.027727166,0.00018654975
0.033685666,0.0035354462,0.0011150078,0.011438147,0.032060742,0.9857261,0.7978807,0.0009816259,0.100621775,0.5333645,0.13634399,0.014734802,0.021470215,0.007567452,0.017840648,0.999694,0.0023963489,0.82016134,0.9988702,0.0024289836,0.0022596074,0.1400021,0.0869515,8.252811e-06,0.084303156,0.00015023211
0.0243261,0.006919421,0.0032630297,0.012433355,0.061643403,0.7818468,0.52944255,0.0014207197,0.20122658,0.06657054,0.252167,0.00037611905,0.085350275,0.021348275,0.0055914363,0.99951565,0.005875253,0.45713887,0.9955635,0.022803914,0.0027838927,0.027615646,0.08893395,7.736606e-06,0.034159057,0.0002007008
0.18896075,0.086028196,0.07340843,0.09677675,0.42533976,0.62539077,0.5156418,0.027903348,0.2885352,0.32925352,0.47505304,0.027586486,0.5026923,0.11848247,0.0730284,0.9542692,0.08821913,0.60903364,0.9042425,0.24862516,0.057071157,0.1727944,0.2913854,0.004121711,0.16316909,0.015261264
0.0008163802,0.00019556802,3.6023703e-05,0.0004921707,0.0049893945,0.8464622,0.47406325,9.676799e-06,0.13974327,0.0025345024,0.117298044,1.6407299e-07,0.008918972,0.0011186656,5.1603907e-05,0.99999905,0.00014339229,0.21625158,0.999895,0.0018165143,2.8866723e-05,0.00061216444,0.009806367,4.0193782e-10,0.0016395631,2.079684e-07
0.015685264,0.0021907235,0.0006854195,0.006988507,0.022067482,0.96945727,0.72155637,0.00053107797,0.12316073,0.2076001,0.13279293,0.0009632894,0.0193629,0.006443052,0.0061026043,0.99990153,0.0015637835,0.6773594,0.9992925,0.0024631394,0.0009902272,0.053855076,0.06940107,1.467394e-06,0.04161019,5.128523e-05
0.00090386264,9.7598815e-05,1.4718391e-05,0.00045082864,0.0022883073,0.97978574,0.6966314,9.173529e-06,0.08331788,0.01424812,0.053468134,1.3003565e-06,0.0026515657,0.0004987222,0.00014715662,0.9999995,5.8613394e-05,0.47801343,0.99997413,0.00026471214,1.904297e-05,0.0028892306,0.012744642,3.874337e-10,0.0044767517,1.6969662e-07
0.0006191237,2.3112436e-05,1.6548316e-06,0.00024000269,0.000628956,0.99939096,0.8913162,2.0374484e-06,0.02928395,0.1585355,0.019356668,1.5251238e-05,0.00035278132,8.454191e-05,0.0002566377,0.9999999,1.0577146e-05,0.82230437,0.9999976,1.3135373e-05,5.896941e-06,0.011519329,0.00804415,4.7965094e-11,0.008293912,3.078724e-08
0.0074057057,0.0009890443,0.00023677901,0.002830268,0.012437178,0.9752001,0.7132694,0.00014455205,0.102197036,0.118272915,0.11359774,0.00021926845,0.011277834,0.002972933,0.0018880374,0.99997485,0.00061896176,0.6682891,0.9996569,0.0012885156,0.00032612006,0.020212347,0.03508583,1.3370126e-07,0.019164931,9.589452e-06
0.340747,0.11017423,0.11532909,0.12909621,0.643731,0.8595091,0.6079995,0.028824838,0.2391737,0.79032326,0.57316566,0.2634696,0.64895797,0.08574621,0.18187916,0.89844954,0.113813296,0.874746,0.8871133,0.2313752,0.11254692,0.4299212,0.4011447,0.020096146,0.33149683,0.03142807
0.04177675,0.013680017,0.0073267133,0.019033162,0.1363573,0.67303556,0.49762383,0.001982313,0.22719145,0.09676944,0.36070663,0.0006439915,0.21403,0.031071253,0.0073085767,0.9982405,0.01256156,0.49532664,0.9883491,0.066847175,0.00528505,0.029211018,0.117011935,2.6838066e-05,0.036549214,0.00045866932
0.006365039,0.0010133905,0.00025446725,0.0025961255,0.013576472,0.9526502,0.6596529,0.00012547719,0.11764904,0.06339504,0.13069731,7.821554e-05,0.014912603,0.0033360636,0.0011970733,0.99997735,0.000651674,0.57242376,0.99958915,0.0019838458,0.00028888806,0.011939461,0.03231476,9.4387815e-08,0.013844378,8.048846e-06
0.2541696,0.0976829,0.08875934,0.10971922,0.5494058,0.7743474,0.56310153,0.02499476,0.25947773,0.5951205,0.5314259,0.08705544,0.6008034,0.09081189,0.113491,0.9342485,0.09775276,0.7866253,0.9009936,0.23913322,0.07716189,0.29275036,0.34810928,0.008194468,0.24458183,0.020306462
0.002337422,0.00020627295,3.6019028e-05,0.0010887287,0.0039498373,0.9890947,0.7613179,2.9582838e-05,0.0810231,0.07089285,0.058797874,2.087223e-05,0.0035391536,0.0008319371,0.00067802245,0.999998,0.00013013565,0.6344379,0.999954,0.00028800723,5.7789814e-05,0.012317772,0.023851886,4.933231e-09,0.012069343,9.229165e-07
0.039756075,0.009139549,0.0045459694,0.015622004,0.07926134,0.84506077,0.60185516,0.0022132453,0.17027906,0.15597266,0.26335037,0.0022131095,0.09407436,0.025306731,0.01013297,0.99901474,0.0072759367,0.5919217,0.9944247,0.01988951,0.0043943594,0.053837948,0.107258014,2.4461764e-05,0.048752423,0.00041113712
0.0364326,0.006644061,0.0028320635,0.012134046,0.061492898,0.92193985,0.66832083,0.0015215302,0.13728331,0.24532369,0.2270537,0.0042835195,0.0595219,0.016787142,0.010091439,0.9993374,0.0048331306,0.691052,0.996476,0.009377915,0.0032373122,0.064552076,0.09116377,1.4871872e-05,0.04847893,0.0002646627
0.008112878,0.0013399312,0.00038886565,0.003787044,0.01749298,0.93491167,0.64108837,0.0002089552,0.1386885,0.063664906,0.13738878,7.9830206e-05,0.020450069,0.004637833,0.001745345,0.9999653,0.0009347261,0.529861,0.9994789,0.0028917538,0.00041223358,0.016457265,0.046813775,2.1803237e-07,0.018191818,1.5027644e-05
0.002839041,0.00026315375,4.5652538e-05,0.001317429,0.0044667153,0.9900857,0.76772696,3.8323837e-05,0.08034242,0.09367152,0.061650537,4.0566985e-05,0.0037723246,0.0009666469,0.00090973877,0.999997,0.00015918094,0.6636573,0.99994326,0.00030677754,7.789911e-05,0.015932515,0.025871174,8.627017e-09,0.014304332,1.3727849e-06
0.09488708,0.03223454,0.022161612,0.040959664,0.26272073,0.6681659,0.5261871,0.006595921,0.23967753,0.217617,0.41745663,0.004899599,0.35821143,0.056625046,0.02346074,0.9908407,0.032338593,0.59144396,0.96796405,0.13110694,0.015922522,0.07736931,0.19213365,0.00031740253,0.07953677,0.002457875
0.16098204,0.051085617,0.041803855,0.06370511,0.34896153,0.7160128,0.57719386,0.014526271,0.22824055,0.39261666,0.43860313,0.02830532,0.41408998,0.080874056,0.053624548,0.9770608,0.05087007,0.68886673,0.95183086,0.14552927,0.033398796,0.1691819,0.26471785,0.0016873312,0.13601309,0.0074402518
0.13592061,0.034609172,0.026908701,0.048023436,0.2464194,0.7827022,0.6293271,0.011307345,0.18900096,0.41737267,0.37693465,0.037477482,0.2673522,0.070918545,0.045921877,0.9871995,0.032016005,0.70813483,0.97287375,0.07034852,0.023893623,0.17245202,0.23096482,0.00096185325,0.114388496,0.0048161703
0.08319831,0.021118345,0.013594121,0.030019326,0.16964428,0.7858811,0.6061807,0.005510076,0.18657207,0.27533975,0.3443443,0.010498597,0.19880602,0.047711123,0.0228598,0.99510694,0.019041676,0.65204,0.98363197,0.05025411,0.012024967,0.09671998,0.16681723,0.00020682083,0.07547443,0.0017437114
0.05468409,0.010251316,0.0049078967,0.018496886,0.08693445,0.91166025,0.6803767,0.0024014201,0.14906228,0.3403953,0.25404894,0.009651539,0.081950754,0.022730581,0.01652551,0.99862194,0.007436125,0.71920604,0.99477035,0.012535774,0.0052490695,0.097772606,0.122770675,4.5473957e-05,0.061312072,0.0005631407
0.006577478,0.0011327417,0.00031268975,0.002978633,0.014424251,0.9415954,0.63676924,0.00016784917,0.12849624,0.051932428,0.13209331,6.620671e-05,0.016548863,0.004032288,0.001354512,0.9999733,0.000792202,0.5303549,0.9995183,0.0025943,0.0003467473,0.01232816,0.036182873,1.3052502e-07,0.015425778,1.03215825e-05
0.07064346,0.0057912287,0.0024413478,0.022319421,0.065792225,0.98213047,0.8326451,0.0013724111,0.121945575,0.78793454,0.19010043,0.053300794,0.04675266,0.008824779,0.038858343,0.99916935,0.0048684496,0.85854757,0.9980039,0.004023462,0.0045598396,0.25800577,0.14021635,4.534162e-05,0.12619916,0.00042851656
0.0020338013,0.00020902076,3.2147665e-05,0.00069674005,0.004388095,0.9852697,0.7347764,1.5105476e-05,0.07736801,0.054400638,0.07718988,1.5747966e-05,0.00412324,0.0007101027,0.00030919735,0.9999981,0.0001134275,0.6461888,0.99993706,0.00032638444,4.374017e-05,0.0054634856,0.014096147,2.2362903e-09,0.0059259743,5.312942e-07
0.0030953828,0.00040853862,7.8029065e-05,0.0011873104,0.0069512436,0.97302836,0.6909294,3.633009e-05,0.09517676,0.048812993,0.09887846,2.4561601e-05,0.0073069446,0.0014253908,0.00049917685,0.99999475,0.000245045,0.5919231,0.9998542,0.0007866533,9.5768235e-05,0.0065007336,0.018906133,1.0044673e-08,0.0079834005,1.5867867e-06
0.08081982,0.025907738,0.017034201,0.034803588,0.21671651,0.67305887,0.5323806,0.005206596,0.23029156,0.1917435,0.39477676,0.0034943991,0.3031192,0.05050101,0.018760504,0.9940731,0.024406651,0.5791922,0.9773811,0.09979652,0.01238274,0.068599485,0.1799755,0.00018948637,0.06754675,0.0017394124
0.005849495,0.0007094246,0.00016041697,0.0025078298,0.009081814,0.9809006,0.73028773,0.00012368697,0.096391246,0.10656959,0.09144243,0.00014567659,0.00795029,0.0023384164,0.0017862269,0.9999851,0.00044338222,0.65805185,0.9997913,0.0008739279,0.00024150527,0.021481752,0.03548096,7.602538e-08,0.02033289,6.5281547e-06
0.020002244,0.003158075,0.0010753527,0.007185844,0.031616766,0.9544329,0.6909131,0.0006502731,0.123185076,0.19954684,0.16906665,0.0014818022,0.028690277,0.008537312,0.005702235,0.99981827,0.0021641757,0.68616986,0.9986343,0.0039346823,0.0013572476,0.04500724,0.064896524,2.521263e-06,0.03604281,7.5290984e-05
0.0148131475,0.001733999,0.0004723787,0.0061593433,0.017117491,0.984297,0.76506436,0.00043391844,0.101475745,0.28343984,0.110284604,0.0017116561,0.012794608,0.0047145686,0.0068690744,0.9999242,0.0011693699,0.743418,0.99949896,0.0014980172,0.000855169,0.06592389,0.06138771,1.0562636e-06,0.04769231,3.8311013e-05
0.004292459,0.00047529218,9.91584e-05,0.0018664695,0.006813017,0.98409873,0.73725426,7.9734724e-05,0.09063911,0.08754997,0.07961284,7.573955e-05,0.006055668,0.0016863998,0.0012833109,0.99999213,0.00030232186,0.648373,0.99986696,0.00063484744,0.0001538017,0.016944602,0.03002538,3.0934924e-08,0.017078608,3.4324448e-06
0.023831151,0.0048055365,0.001970749,0.009570751,0.045988504,0.8986062,0.6246298,0.0010173459,0.15343495,0.13031955,0.21194834,0.000941525,0.05162844,0.013989945,0.0058506983,0.99967647,0.0036345103,0.5944645,0.99744105,0.009297899,0.0020270033,0.037648465,0.077264115,5.1838506e-06,0.035862397,0.0001355964
0.0051824483,0.001066833,0.00027609157,0.0022668163,0.015830377,0.9038816,0.58059484,9.775129e-05,0.1359979,0.030046856,0.1656108,2.4696656e-05,0.021510243,0.003781683,0.0006557426,0.999979,0.00073451234,0.4587887,0.9994585,0.0035843875,0.00026223107,0.0056924587,0.026924899,5.7971913e-08,0.008663023,6.039131e-06
0.025340289,0.0030630121,0.00093807763,0.008365946,0.0301042,0.98106086,0.763887,0.00068726507,0.1032503,0.41025746,0.14496319,0.006403357,0.02091883,0.00678754,0.01028004,0.9997867,0.0020525516,0.79146445,0.998906,0.002349556,0.0016226419,0.087222725,0.07154212,3.880413e-06,0.054367762,8.9326e-05
0.0638003,0.017572133,0.010700964,0.025497526,0.14677842,0.7469727,0.5632243,0.00406246,0.20120783,0.17766947,0.3406169,0.0035582003,0.19247562,0.042319626,0.015294199,0.99684876,0.015978964,0.58035105,0.9859831,0.05411491,0.008923845,0.06333113,0.14539054,9.726054e-05,0.059390977,0.0010784448
0.2583752,0.0785891,0.07740832,0.09417115,0.47320116,0.7888485,0.61852294,0.027638152,0.22254354,0.6308069,0.48113334,0.15278272,0.4821016,0.10353537,0.114906356,0.9430888,0.08101639,0.7906871,0.9233672,0.16367903,0.07110266,0.3125907,0.33611023,0.00835751,0.2183799,0.019803094
0.051686704,0.016983336,0.009742042,0.02297176,0.16027369,0.6737098,0.50630397,0.0027363799,0.22652154,0.12120072,0.37146664,0.0011548398,0.24077916,0.03701323,0.009984112,0.99728274,0.01599074,0.5198181,0.9847003,0.07871602,0.0070796222,0.037665796,0.13179721,5.1370247e-05,0.044868223,0.00070717884
0.0018729548,4.0627652e-05,2.393871e-06,0.00055645156,0.0009227308,0.9998499,0.94684666,2.9384703e-06,0.026144445,0.7318227,0.017333454,0.0006809222,0.00039747963,7.010837e-05,0.0014520923,0.99999976,1.7581437e-05,0.9391914,0.99999654,1.05082345e-05,1.5855925e-05,0.05857922,0.011228821,4.2661544e-10,0.029432133,1.2677549e-07
0.088905185,0.024418792,0.016449034,0.034117136,0.18517053,0.7422539,0.5825702,0.0068911975,0.19976087,0.24157809,0.35473096,0.009185774,0.22719726,0.056921866,0.024911754,0.99397945,0.022440158,0.6153663,0.980415,0.06537806,0.0141590675,0.096498996,0.1793898,0.00027605548,0.07979495,0.0022222775
0.0634529,0.010861145,0.005360575,0.019439735,0.09236665,0.92830557,0.6995433,0.0032689157,0.13486546,0.4028232,0.24765424,0.020404885,0.0780903,0.025252774,0.021481207,0.9982242,0.008077431,0.750111,0.9941367,0.01214006,0.00674946,0.12641746,0.12866636,7.225634e-05,0.07533561,0.00074108626
0.208272,0.032935847,0.026707064,0.053076204,0.2765347,0.9139998,0.7364856,0.012945181,0.14926863,0.7719336,0.35987392,0.2913663,0.21746399,0.058660474,0.090652674,0.9814904,0.030021444,0.8429338,0.97543055,0.03735997,0.032994732,0.33845928,0.2553706,0.0023884042,0.16612312,0.006753441
0.13762794,0.04059365,0.032845136,0.056101117,0.27735972,0.7101173,0.58732545,0.013157299,0.21996221,0.34286925,0.40048784,0.020929199,0.3354108,0.07986323,0.044615865,0.98516965,0.04006253,0.6549068,0.9660737,0.10862135,0.02677292,0.1567236,0.2547629,0.0011300403,0.11743348,0.005641713
0.014937905,0.0019896945,0.0005653487,0.005667325,0.020040767,0.9756364,0.7332935,0.00043803055,0.10608836,0.21639633,0.12813058,0.0012603188,0.016132485,0.0054404098,0.0052223275,0.99991226,0.0012668599,0.7147314,0.999326,0.0019532645,0.0008681621,0.0488923,0.057619814,1.037545e-06,0.037445594,3.9669634e-05
0.089201674,0.02326689,0.01612653,0.03614767,0.16724104,0.76140064,0.59184724,0.008156206,0.20128432,0.24218175,0.3306535,0.00976535,0.19878407,0.059482913,0.02787098,0.9946209,0.021439057,0.6083127,0.9830587,0.054868456,0.0145425275,0.11394947,0.19251513,0.00031309514,0.08771606,0.0024171153
0.021596737,0.005249384,0.0023499776,0.010886224,0.049228717,0.8262325,0.56474817,0.0011887216,0.18768598,0.071005575,0.22025211,0.00034261434,0.06551924,0.017208245,0.005143001,0.9996774,0.0042890874,0.47599304,0.99709487,0.015033341,0.0021426722,0.029993394,0.087754324,5.170017e-06,0.0343521,0.00015134455
0.04996831,0.012382461,0.0066659846,0.02143379,0.103401855,0.8167452,0.6023623,0.0027764945,0.18915273,0.19206649,0.29197392,0.0028561512,0.12706923,0.030328816,0.013072287,0.998429,0.010052862,0.60895795,0.992656,0.026983656,0.005827259,0.06677343,0.13693282,4.7824687e-05,0.055324495,0.0006449755
0.024488265,0.011180924,0.0050404305,0.015042438,0.114314646,0.56052476,0.40380982,0.0011310951,0.26653534,0.03510083,0.35210562,9.393776e-05,0.21674031,0.026216378,0.0034896731,0.99900717,0.010651119,0.3395383,0.98917294,0.086034715,0.0033415393,0.01217716,0.08406736,7.3767496e-06,0.021220457,0.00019992443
0.010514704,0.0021852914,0.0007398217,0.005104296,0.02514602,0.8888465,0.5885786,0.00036228512,0.15888846,0.04993189,0.17204846,9.489155e-05,0.032655887,0.007636636,0.0021161868,0.9999269,0.0016345583,0.47578007,0.99894947,0.0061450023,0.00071963173,0.015639912,0.052774366,5.522193e-07,0.019947723,3.0512849e-05
0.0039726053,0.0005154104,0.00010682633,0.0016233984,0.008542222,0.97018147,0.6929953,5.5108343e-05,0.104047775,0.059846513,0.10015834,3.5288445e-05,0.00874571,0.0017453665,0.00074213895,0.9999924,0.0003172298,0.59174603,0.99982625,0.00090802106,0.00012994184,0.009863716,0.025904205,2.0902734e-08,0.0105349645,2.7384651e-06
0.34431562,0.06390364,0.06463839,0.09272903,0.538308,0.91810584,0.70899004,0.018318444,0.18419556,0.88507855,0.50618535,0.47671044,0.47759476,0.06263686,0.17321129,0.9412405,0.061756685,0.9006282,0.9408853,0.09758817,0.07385579,0.4695895,0.36424085,0.011695136,0.28041503,0.018173473
0.31668603,0.08520667,0.08616511,0.10068136,0.5267056,0.8589009,0.6521122,0.028156238,0.21253245,0.7835688,0.5056647,0.35269612,0.48084563,0.09413579,0.15596555,0.92754996,0.08111546,0.85337067,0.91788167,0.13466749,0.08928827,0.3944876,0.3501475,0.013802761,0.25610623,0.024484854
0.12013791,0.030825833,0.022281958,0.04094454,0.22066067,0.7741774,0.61863947,0.010383751,0.18768953,0.34955218,0.36259794,0.028441714,0.23944215,0.06796846,0.038035773,0.9897226,0.028077586,0.67519164,0.974696,0.06529615,0.020656694,0.14398038,0.20391169,0.0006536841,0.10088534,0.0038810722
0.23197044,0.06761909,0.06382332,0.080865785,0.4050216,0.7810651,0.6305838,0.02624277,0.21085894,0.58694017,0.4453004,0.14759159,0.39942652,0.10602071,0.098645024,0.9557421,0.067066625,0.7665135,0.9365252,0.12662831,0.059732143,0.28363547,0.3067132,0.0059424094,0.18604773,0.016295237
0.021418598,0.0028969143,0.0010017711,0.010367893,0.024793023,0.97218406,0.73948306,0.0009972322,0.12503557,0.25508252,0.12859562,0.002020369,0.021076206,0.0087452885,0.011169317,0.9998254,0.0021982202,0.68793666,0.9991099,0.0031997585,0.0015919313,0.08445789,0.0883393,4.0606064e-06,0.06653845,0.00010560968
0.13106929,0.045146957,0.03448999,0.055460844,0.3031144,0.6628012,0.54612863,0.012691511,0.24054283,0.27424824,0.4210787,0.013667965,0.37901497,0.08126076,0.03947403,0.9828941,0.044952407,0.6067942,0.95521617,0.14767839,0.026776476,0.11925259,0.22901228,0.00096532446,0.10766305,0.0054423483
0.035718694,0.0066999043,0.0029156583,0.01309556,0.05806576,0.9185559,0.6615302,0.0017625558,0.14441404,0.2203551,0.21687101,0.0035423958,0.057007164,0.018004239,0.010823267,0.99936277,0.0049159373,0.6667732,0.9966492,0.009551651,0.003341396,0.06802706,0.098061986,1.6009968e-05,0.052163526,0.0002866116
0.019108854,0.00066186645,0.00012838567,0.0068770163,0.01191839,0.9977876,0.91789836,8.172769e-05,0.083324425,0.8695047,0.07627054,0.007429498,0.008244218,0.0008232005,0.01581566,0.9999765,0.0004887918,0.9030201,0.9999031,0.00031281976,0.00039632333,0.21188918,0.06988547,4.2639385e-07,0.101066746,1.5954836e-05
0.08555532,0.020926604,0.013429619,0.029903524,0.16385074,0.802195,0.6158356,0.0060664546,0.17920929,0.28638402,0.3334694,0.0134088565,0.18364504,0.04946024,0.02481116,0.9950187,0.018509017,0.6580703,0.98404354,0.04544087,0.012590093,0.10516258,0.16515094,0.00022855964,0.07924186,0.0018641293
0.018945973,0.0032753353,0.0011375427,0.0078753205,0.032562245,0.9388067,0.66865045,0.0006672913,0.14229128,0.15767014,0.17080535,0.0008238628,0.032228544,0.009194697,0.0053281123,0.9998318,0.002299072,0.6313453,0.99864835,0.0046412577,0.0013025494,0.041838758,0.0719772,2.4436922e-06,0.034215122,7.758559e-05
0.033348043,0.006973827,0.003080646,0.012640698,0.062829755,0.8850614,0.6272183,0.0015417726,0.1584882,0.16884185,0.2375467,0.0019592526,0.06964391,0.018741928,0.008425191,0.9993807,0.005215082,0.62048936,0.99617505,0.012663042,0.0031262704,0.05061792,0.093814954,1.3079585e-05,0.043229736,0.00025911996
0.011267418,0.0021332144,0.0006592749,0.00445288,0.02497146,0.9228647,0.62653506,0.00028974644,0.13637011,0.079293884,0.1778099,0.00020324804,0.029138193,0.006477097,0.0020871111,0.9999236,0.0014709494,0.56735265,0.99895144,0.0045984164,0.0006826151,0.016389912,0.043817997,5.128739e-07,0.018450553,2.658035e-05
0.16637303,0.06901851,0.053333323,0.081210725,0.45340365,0.6880391,0.50905806,0.014298597,0.2779803,0.3600028,0.5018802,0.015015948,0.5604578,0.072285965,0.0550031,0.96782625,0.070699714,0.6735657,0.92492497,0.24702165,0.03944148,0.1540792,0.2794571,0.0019420903,0.15311071,0.008272404
0.2534243,0.0987518,0.091269374,0.10871707,0.52184266,0.7466193,0.56266224,0.02941177,0.2585783,0.5571611,0.5149093,0.09131616,0.5661903,0.10568299,0.112461604,0.93209046,0.09882438,0.7576341,0.8972848,0.23407151,0.07921618,0.27828744,0.33961615,0.008741479,0.2309271,0.022071654
0.046495423,0.013773163,0.0075377575,0.019743832,0.12657717,0.72174215,0.5329023,0.0024686027,0.20837638,0.122094795,0.3394128,0.0013152318,0.18076222,0.03342036,0.009353226,0.99812824,0.012191699,0.5307486,0.98911124,0.05143693,0.005978349,0.03964218,0.1207022,3.774716e-05,0.043283515,0.00057640264
0.100901954,0.021372912,0.013766226,0.031634364,0.16562425,0.85758996,0.66260433,0.0071571004,0.16103399,0.40806735,0.3178802,0.03463113,0.15833734,0.048658546,0.033235785,0.994218,0.01808784,0.7242873,0.9851716,0.032349266,0.014499308,0.15271582,0.17757156,0.00034264568,0.09284169,0.0023039752
0.005307226,0.00070258306,0.00017159035,0.0024367222,0.010513865,0.9640354,0.6837649,0.00010656535,0.116857015,0.06461163,0.103276305,4.81237e-05,0.011304412,0.002576,0.0012434023,0.9999869,0.00047222158,0.5631277,0.99977154,0.0013281335,0.00020752565,0.014533346,0.037123896,5.9334337e-08,0.015644671,5.755436e-06
0.10864017,0.04229114,0.02964205,0.05110021,0.30557773,0.6276193,0.50487286,0.009191014,0.26392257,0.21132265,0.43515545,0.0056206863,0.40833592,0.068162374,0.028812906,0.98638713,0.04255795,0.5632034,0.95537716,0.17079991,0.021213906,0.085190505,0.20858504,0.0005348572,0.088984914,0.003677462
0.056608923,0.021897957,0.012539158,0.028551532,0.21933298,0.62145656,0.46724352,0.0027590245,0.2633566,0.11980015,0.41963792,0.0007417889,0.35250586,0.036438998,0.0102823265,0.99611485,0.021606505,0.5147133,0.97817206,0.13047753,0.007873562,0.035490535,0.1486174,6.41842e-05,0.046451073,0.00081768935
0.005034869,0.00069385994,0.0001692572,0.0023463536,0.010785534,0.9580249,0.67032546,9.586545e-05,0.120579556,0.056230083,0.107329175,3.581721e-05,0.012161443,0.0025623438,0.0010746763,0.9999877,0.00046731377,0.5414689,0.9997681,0.0014379559,0.00019278881,0.01254475,0.036045056,5.0404925e-08,0.014035911,5.208261e-06
0.14821333,0.013116018,0.007994087,0.03683685,0.15433785,0.96852565,0.81596166,0.0040202383,0.12582158,0.8580428,0.27517617,0.2105648,0.1120072,0.020344837,0.071164,0.9957029,0.01177696,0.8775958,0.9934076,0.011059203,0.01302619,0.35677224,0.20699465,0.00041956114,0.161648,0.0018186268
0.004439753,0.00033575366,5.628825e-05,0.0019227848,0.005077736,0.99511683,0.82127136,5.4723598e-05,0.07037861,0.24052303,0.059866823,0.00024521255,0.003483459,0.0009926581,0.002021172,0.99999475,0.00020668677,0.76608586,0.99993503,0.0002537351,0.00012969376,0.035286453,0.0307126,2.3925688e-08,0.024676474,2.5742193e-06
0.0041521825,0.00036543878,6.22475e-05,0.0016533447,0.005424581,0.99280775,0.79155034,5.4393266e-05,0.07283495,0.1634943,0.066491894,0.00015606463,0.0039657773,0.0011251956,0.0014525044,0.9999945,0.00020767012,0.7363585,0.9999198,0.0003121557,0.00012245218,0.023936493,0.027420051,2.0299892e-08,0.01873664,2.4237643e-06
0.0032189956,0.00038896722,8.35651e-05,0.0015348333,0.0072369897,0.9687284,0.68934596,4.8015703e-05,0.10895382,0.04598499,0.087879576,1.5756768e-05,0.008030877,0.0015582882,0.00066364737,0.9999951,0.00026185182,0.5403392,0.9998809,0.0008406458,9.897296e-05,0.009328468,0.028229866,1.3450258e-08,0.010753499,2.0038358e-06
0.14661479,0.040918067,0.032769997,0.052970696,0.27893412,0.7463463,0.60939693,0.013943662,0.20337687,0.3907384,0.39428312,0.03685468,0.31014442,0.081307665,0.049415268,0.9831823,0.03943048,0.68670887,0.96412104,0.09501893,0.028597021,0.16999131,0.24082126,0.0012977176,0.120930746,0.006171191
0.15253088,0.040230263,0.03379686,0.056837577,0.2534061,0.7579609,0.6197042,0.01793338,0.1983295,0.39046207,0.37145242,0.045813166,0.27366084,0.09428957,0.057710387,0.9833507,0.03897124,0.67285013,0.9676458,0.08242276,0.031332903,0.19698173,0.25358298,0.0016872606,0.13059425,0.0072318492
0.0652569,0.018844495,0.012069484,0.029754944,0.14711842,0.7151086,0.548818,0.004810944,0.21937516,0.15959872,0.3349922,0.002710991,0.20191698,0.047433004,0.016839238,0.99677616,0.017161557,0.5467687,0.9863599,0.059366807,0.009638117,0.068599425,0.16749917,0.00011892681,0.064739875,0.001283215
0.12283053,0.050881226,0.03640131,0.06263572,0.39656898,0.67295057,0.4827611,0.00847306,0.27766064,0.2749997,0.4878067,0.00540469,0.53307605,0.056714192,0.034115765,0.9809083,0.054631542,0.63329834,0.9417124,0.23311636,0.024335012,0.0999074,0.23738654,0.0007258086,0.11411609,0.0040866546
0.075980596,0.03126094,0.019894103,0.039559506,0.27196115,0.6153394,0.4643009,0.0047750296,0.2723135,0.1499115,0.43606526,0.0015256308,0.4114678,0.048831552,0.016475096,0.9922105,0.033109654,0.5259805,0.96500164,0.17528038,0.012666117,0.049901195,0.1744039,0.00017648294,0.06432882,0.001622373
0.034851946,0.015172105,0.0076276176,0.020027878,0.15021025,0.56822765,0.4210107,0.0017444786,0.268234,0.05499923,0.37709516,0.00021120219,0.2677467,0.03230679,0.005499066,0.99815303,0.014922155,0.38811132,0.9846506,0.10757501,0.0049634255,0.018164257,0.10571306,1.9063029e-05,0.028825033,0.00037490515
0.07295577,0.021494718,0.013762305,0.030157436,0.16958576,0.70739686,0.54917616,0.0053270785,0.21262251,0.1736438,0.35455745,0.0040235138,0.22609308,0.051432583,0.01816633,0.9956045,0.019724645,0.5607447,0.98234797,0.070083566,0.011250824,0.069253795,0.16112061,0.00015335242,0.06553116,0.0015309484
0.6890961,0.029907418,0.013326866,0.12740947,0.84816295,0.99883026,0.90257716,0.00091664505,0.15069725,0.99948347,0.60072786,0.9270123,0.8094652,0.0011058516,0.59821796,0.9538153,0.021044103,0.9957832,0.976588,0.041069943,0.040751263,0.9098632,0.5495565,0.0070505934,0.80665976,0.006579323
0.24670745,0.067476176,0.06865748,0.089177445,0.40809655,0.7775813,0.63754463,0.030707885,0.20375678,0.5902454,0.44517264,0.1530923,0.41504586,0.119431056,0.10998776,0.95213693,0.07071665,0.7555523,0.93399084,0.13958755,0.06391094,0.30607083,0.32822847,0.0075880783,0.20223595,0.018173082
0.07918089,0.011837052,0.0059517403,0.0212892,0.10741169,0.9460234,0.7349839,0.0034305968,0.123954475,0.56146425,0.25345325,0.05219433,0.08020614,0.02442554,0.028515516,0.9975418,0.009030374,0.80654335,0.9934661,0.010949724,0.008226237,0.16690458,0.13689497,0.00011471734,0.087426536,0.00092830835
0.06881137,0.02703558,0.016645087,0.034806352,0.24491309,0.61634606,0.47146443,0.0040500485,0.26709837,0.1381268,0.42392135,0.0012530831,0.37655613,0.04515523,0.014070076,0.99413306,0.02755204,0.51904505,0.971769,0.15060246,0.010757913,0.04521073,0.16547802,0.00012504158,0.05703387,0.0013026586
0.026646841,0.004752265,0.0018312521,0.010432264,0.044505037,0.9336137,0.67298883,0.0010035206,0.14380321,0.21296729,0.1959595,0.0019552545,0.042515524,0.0122543005,0.007715474,0.99967,0.0034510922,0.6660241,0.9978523,0.0062147807,0.0020706465,0.05532007,0.083614655,6.300036e-06,0.04154267,0.0001455465
0.32761034,0.11313496,0.1081401,0.12587231,0.6639486,0.8652315,0.592785,0.02354164,0.2489849,0.78843045,0.5938124,0.21435599,0.6807579,0.072636835,0.16650091,0.9075939,0.10995134,0.88129306,0.8898638,0.23890266,0.10747133,0.41607034,0.39569935,0.016060177,0.32952008,0.027151775
0.0067666997,0.0011912533,0.00034151733,0.0032378312,0.015324231,0.93226653,0.6272106,0.00018694809,0.13520731,0.047334004,0.13376877,5.7283272e-05,0.018138431,0.0043649776,0.0014076467,0.9999716,0.0008484138,0.50472534,0.99949396,0.002916597,0.0003686371,0.012775163,0.039940752,1.4883824e-07,0.016123481,1.1657807e-05
0.21021636,0.0614678,0.055557035,0.07366685,0.3653455,0.76210475,0.6239974,0.02456262,0.2097128,0.52287644,0.4281048,0.10841589,0.37006187,0.10750545,0.08487681,0.9635996,0.060178366,0.7349077,0.94327503,0.120034225,0.051243927,0.24917145,0.28826526,0.0044037616,0.16626994,0.013782907
0.42549747,0.030381313,0.022849243,0.068235934,0.5775432,0.988204,0.8271162,0.0039861645,0.14033605,0.9871982,0.48997808,0.7900519,0.4563522,0.011697044,0.23344098,0.9687602,0.024886869,0.9725916,0.9726053,0.033362158,0.03828133,0.64193785,0.3522075,0.0047407676,0.37647647,0.006465707
0.017850403,0.0031041706,0.001122637,0.007543128,0.031153098,0.93358713,0.65647036,0.0006906826,0.1430551,0.13111795,0.1691071,0.00063445885,0.032372173,0.009498486,0.004976484,0.99984133,0.0022697872,0.6068162,0.9986455,0.0050921235,0.001277214,0.037426144,0.07012402,2.2309569e-06,0.034131546,7.376045e-05
0.1652079,0.069970936,0.051929638,0.08068093,0.4813522,0.7124647,0.50181437,0.012262574,0.28229,0.38747296,0.52256167,0.014287709,0.591244,0.062354412,0.054420505,0.96808237,0.07146072,0.6990838,0.9241357,0.2523263,0.038387638,0.15595283,0.27950004,0.001793203,0.15919495,0.007651861
0.023637643,0.0038693005,0.0014533548,0.010037154,0.033379924,0.95211077,0.6910516,0.0011630605,0.13241813,0.19841489,0.16093929,0.0018794334,0.030568598,0.011530851,0.009017552,0.9997423,0.0028074994,0.6627344,0.99848986,0.0048472355,0.0019415368,0.06427417,0.08548717,5.452975e-06,0.05241667,0.00013257565
0.053497914,0.009281271,0.004432868,0.018067861,0.076113075,0.9318318,0.69362825,0.0029459707,0.13790856,0.3482676,0.22827213,0.012762595,0.06609268,0.023119718,0.01928706,0.9987192,0.006963429,0.7276903,0.9953833,0.010593274,0.005595839,0.115205355,0.1230888,4.934127e-05,0.07387234,0.00058252265
0.17746803,0.036615197,0.030886786,0.055297874,0.27233273,0.8492407,0.6859618,0.014603334,0.17333323,0.6068465,0.37576157,0.123994485,0.24817523,0.07193065,0.0698661,0.982605,0.035405755,0.7775411,0.9722667,0.054804783,0.032118075,0.26617482,0.26090175,0.0019863048,0.1429488,0.006951833
0.042592905,0.012564191,0.0069438713,0.019495768,0.10496703,0.73285145,0.52958727,0.0029316703,0.20531861,0.09865187,0.30321673,0.0012481167,0.1454969,0.035829216,0.009905998,0.998451,0.011222553,0.49121913,0.9903482,0.043744627,0.006017033,0.04244079,0.115797654,3.6405454e-05,0.047049616,0.00058342615
0.06844566,0.01936996,0.011949674,0.02858456,0.15838268,0.7385929,0.5679233,0.0043384316,0.20720397,0.19650087,0.3479788,0.0038942788,0.2089427,0.043876722,0.016863814,0.9964432,0.017124536,0.59488857,0.98562455,0.05682045,0.009605319,0.071329616,0.16225176,0.00012091857,0.06334614,0.0012580276
0.073352955,0.016692685,0.00985877,0.025277965,0.1345147,0.8367434,0.63087386,0.004767377,0.16938159,0.28604215,0.3076008,0.011711009,0.14383364,0.040233266,0.021291727,0.9967347,0.01393552,0.66972506,0.98864156,0.030832222,0.009754359,0.10184354,0.15097801,0.00013917733,0.072499014,0.0013040527
0.18902965,0.07500599,0.061349697,0.085312754,0.45629185,0.70616937,0.5362822,0.018298926,0.26601914,0.42068928,0.4944533,0.030520082,0.53585225,0.08431183,0.06925888,0.9607524,0.075637,0.6989195,0.92146194,0.2234487,0.048290137,0.18833892,0.29273644,0.0030686725,0.17216869,0.011387156
0.005100837,0.00061974267,0.00013797029,0.0022845133,0.008183269,0.9794994,0.7235818,0.000109549415,0.09817425,0.08534511,0.08688568,9.062756e-05,0.0075429566,0.0021807742,0.0015280488,0.9999882,0.00039078936,0.6282809,0.9998217,0.00085119164,0.0002048004,0.018645113,0.034439623,5.4706522e-08,0.018983964,5.2861633e-06
0.007710277,0.00093894143,0.00022127118,0.0032122266,0.010937342,0.98194855,0.7392218,0.0001805461,0.096461646,0.14248802,0.09719474,0.00030818142,0.009093786,0.002910653,0.0026153876,0.99997556,0.00058610167,0.68562233,0.99972504,0.00101863,0.00035161336,0.02940235,0.041065786,1.6430927e-07,0.025837207,1.10751225e-05
0.030695792,0.003189113,0.0010613317,0.012285703,0.032169506,0.9808559,0.7923123,0.0007753729,0.12370788,0.50788665,0.14632587,0.0066990033,0.0247021,0.006677184,0.01583462,0.99977475,0.0023799094,0.7820872,0.99908435,0.0025195898,0.0018665848,0.13145538,0.09835147,6.382273e-06,0.07510454,0.00012619293
0.015088387,0.0026204772,0.0009656841,0.0076674023,0.02578558,0.934895,0.65413755,0.00072016823,0.1494014,0.105701424,0.14804614,0.00038095494,0.027563464,0.009101833,0.0050591915,0.99987996,0.0020456403,0.5632445,0.9989673,0.004686066,0.0011315612,0.038112864,0.07545253,1.7958349e-06,0.03767717,6.418199e-05
0.0060585616,0.00066592667,0.00013552453,0.00224832,0.00884147,0.98659307,0.75597274,9.6768665e-05,0.08523621,0.15277542,0.090793416,0.0002452799,0.006970796,0.001932134,0.0017767654,0.99998605,0.0003846036,0.7187354,0.99981314,0.0006464075,0.000221974,0.023261566,0.031608496,6.4125985e-08,0.019452298,5.599232e-06
0.007899122,0.0008807694,0.00020526351,0.003534729,0.010383693,0.9853199,0.7577864,0.0001827262,0.09658134,0.1754263,0.090498425,0.0003556194,0.008399356,0.0027432772,0.003139457,0.99997723,0.0005734704,0.69764876,0.99977297,0.00088213297,0.00035162643,0.037165534,0.045375004,1.7663857e-07,0.029869294,1.14137865e-05
0.13365401,0.003460138,0.0013135644,0.032176167,0.06925028,0.99626946,0.93337244,0.00067264703,0.09481989,0.9818116,0.14515746,0.26526618,0.05180559,0.0028339964,0.13238336,0.9993449,0.00336588,0.94409853,0.9991322,0.0019540845,0.0038876238,0.5986378,0.18484496,6.184663e-05,0.34557086,0.0004260228
0.010478149,0.0024400568,0.00085850206,0.005211914,0.028904429,0.8498825,0.55542636,0.00036448287,0.16890588,0.039235618,0.19397843,7.0621696e-05,0.040585257,0.008595053,0.0018240093,0.9999161,0.001888475,0.43586215,0.99868053,0.008488665,0.00077752746,0.012560802,0.051771574,5.6474585e-07,0.017600646,3.2048276e-05
0.014193,0.0039107664,0.0015035843,0.0069693606,0.0435684,0.7881799,0.5214467,0.0005319638,0.1879665,0.042306658,0.2407984,0.000104751234,0.06510389,0.012350639,0.0022443112,0.9998248,0.0030658732,0.42738384,0.99758124,0.015220429,0.0012507169,0.01346058,0.060345057,1.3412094e-06,0.01859706,5.964786e-05
0.044500265,0.0029254672,0.0009722368,0.015826307,0.034858614,0.9900829,0.8579358,0.00064855156,0.11481739,0.7789314,0.13826306,0.022090523,0.02558685,0.0045320634,0.029497163,0.9997378,0.002293985,0.8566955,0.99927396,0.0018632076,0.0020770668,0.2328481,0.11444321,9.97317e-06,0.120751545,0.00015453524
0.0013183558,0.00021747743,4.012506e-05,0.00068363396,0.004885417,0.93503535,0.5906543,1.6385173e-05,0.11399689,0.0088901995,0.09406856,1.1262518e-06,0.006927673,0.001080204,0.00014031117,0.99999857,0.00014466746,0.3603224,0.99991286,0.0010022541,4.020324e-05,0.0019380379,0.0142738065,1.253572e-09,0.003640353,4.1848853e-07
5.1368243e-05,1.0236807e-05,9.080181e-07,4.0379753e-05,0.00050708064,0.9181865,0.46395555,2.5190684e-07,0.09169878,0.0001901673,0.041961696,4.8002274e-10,0.0010126932,0.00010332091,1.911709e-06,1.0,6.4606775e-06,0.11676072,0.99999595,0.00017579552,7.7308954e-07,4.9708564e-05,0.001985733,1.9845787e-13,0.00021588191,1.0287695e-09
0.09287793,0.027868176,0.019791672,0.0394797,0.20291471,0.6884683,0.5521675,0.008272854,0.22050722,0.20454149,0.36553356,0.006708675,0.26436776,0.06518368,0.025838045,0.9928913,0.026517278,0.5724358,0.9762818,0.08785486,0.016213752,0.09408109,0.19544806,0.00034155577,0.08265581,0.0026585625
0.033710137,0.011356295,0.0056210808,0.015547502,0.12303227,0.6758052,0.48657334,0.0013662433,0.22362317,0.08135259,0.3562502,0.00038605512,0.19847918,0.02535369,0.005332521,0.9987632,0.010100785,0.48193768,0.9902962,0.060376503,0.0039896076,0.022021178,0.101989664,1.4086393e-05,0.029730016,0.00029047887
0.007693251,0.0024093222,0.0007911658,0.0039676824,0.03357113,0.7432121,0.46764514,0.00020065585,0.19251089,0.019226601,0.24745052,1.8528957e-05,0.057918757,0.008013479,0.000808466,0.9999294,0.0019276391,0.34556147,0.9983199,0.014735555,0.00059933704,0.004873197,0.03778067,2.243968e-07,0.008884471,1.7297067e-05
0.0057244035,0.0016488055,0.00050639815,0.0031050486,0.024922809,0.77508754,0.47955763,0.00013517181,0.18423615,0.015837772,0.21651472,9.801655e-06,0.042683154,0.005939926,0.0005987301,0.9999635,0.0012841258,0.3348895,0.99897087,0.009904009,0.00038325472,0.004164648,0.034027047,9.664422e-08,0.0077244123,9.508477e-06
0.005296305,0.0012033237,0.00033729925,0.0026394364,0.017199738,0.8719024,0.55028206,0.0001247329,0.15295953,0.022915248,0.16830547,1.7617067e-05,0.024723386,0.0045447825,0.0007001231,0.99997616,0.00086651795,0.40245277,0.9993753,0.004712421,0.0003029246,0.0057787336,0.03121141,7.3661454e-08,0.00923109,7.5238486e-06
0.0024738947,0.000326038,6.093483e-05,0.0010011023,0.006103151,0.97083575,0.68223006,2.7919654e-05,0.095422536,0.03715146,0.09439005,1.3333966e-05,0.0066278386,0.0012310388,0.0003712424,0.9999964,0.00020093097,0.5580773,0.99988186,0.00071959884,7.298764e-05,0.005156097,0.017301075,5.592141e-09,0.006732877,1.0589e-06
0.049253967,0.018490849,0.010346827,0.024761392,0.17359665,0.60211396,0.46355665,0.0027453508,0.25461036,0.08799283,0.38493025,0.00060465035,0.28255653,0.039320074,0.008843843,0.9971276,0.017813565,0.45072737,0.9824792,0.10580748,0.0071481066,0.030347949,0.13140824,4.703144e-05,0.040037986,0.00070368673
0.0017372526,0.00011808472,1.3475287e-05,0.0005953724,0.0023285954,0.99714154,0.82751197,1.068725e-05,0.04918786,0.14571321,0.045413733,5.6443543e-05,0.0014866585,0.00035365162,0.00050147076,0.99999917,5.5935358e-05,0.78852963,0.99997795,8.3023864e-05,3.1074018e-05,0.01227379,0.013047242,1.1657574e-09,0.0095769465,3.0516912e-07
0.0016502583,0.00020730826,3.4954915e-05,0.0007583209,0.0038480218,0.97757953,0.6960217,2.016151e-05,0.08943812,0.026070932,0.07040683,6.326274e-06,0.0040885126,0.0008719886,0.00028837073,0.99999833,0.00012303329,0.535342,0.9999356,0.0004502085,4.5481585e-05,0.004533217,0.015380658,2.1277176e-09,0.0062721334,5.536627e-07
4.7513884e-05,3.6499448e-06,2.1607293e-07,2.001931e-05,0.00026259737,0.9909837,0.6886734,7.633647e-08,0.045444634,0.0014449072,0.025720522,3.0201195e-09,0.00034697147,2.9477713e-05,2.2366214e-06,1.0,1.8530283e-06,0.3618488,0.99999917,2.1396494e-05,2.8303936e-07,0.000111510715,0.001455706,5.33691e-14,0.00026502632,2.921682e-10
0.0047253766,0.0003451836,5.1010913e-05,0.0017417811,0.0052442043,0.9961868,0.83181417,4.423388e-05,0.06453745,0.30689922,0.061556958,0.00040173833,0.0032956568,0.00085589004,0.0019573746,0.99999464,0.00018731653,0.8081981,0.99993443,0.00020697588,0.000125748,0.03628952,0.027306465,2.1714978e-08,0.022609813,2.35261e-06
0.007815264,0.0019418548,0.00060459384,0.003612337,0.025679473,0.8426834,0.5355619,0.00020126575,0.16015871,0.029786741,0.20669754,3.896989e-05,0.037872177,0.0066483645,0.0010059692,0.9999455,0.0014381771,0.41977462,0.99885345,0.007829745,0.0005297475,0.0070848763,0.036549725,2.1771987e-07,0.011052385,1.6073915e-05
0.00820675,0.0015996363,0.0005042876,0.0043019014,0.019330103,0.90457344,0.6019584,0.0002718538,0.15224084,0.04291176,0.1478121,5.7744586e-05,0.024855107,0.0058777994,0.0017157381,0.99995685,0.0011540058,0.4585052,0.9992964,0.004400558,0.00050451607,0.014456185,0.049471058,2.8219196e-07,0.018551482,1.8826448e-05
0.2698231,0.11667778,0.10769404,0.12655245,0.554101,0.73267406,0.5471617,0.03562907,0.2754428,0.54433495,0.5351393,0.0899096,0.6067226,0.11548779,0.12455657,0.91709787,0.11518383,0.74785674,0.8758229,0.27675876,0.09418374,0.29260036,0.35664386,0.011806793,0.24922656,0.027612489
6.248444e-05,1.2391274e-06,4.59118e-08,1.9207759e-05,8.912749e-05,0.9998053,0.91207767,4.9547808e-08,0.014857988,0.04287349,0.00800215,1.8000705e-07,4.92196e-05,6.7091846e-06,1.3313725e-05,1.0,4.5939842e-07,0.816212,0.9999999,8.99633e-07,1.6994133e-07,0.0015713644,0.0018817552,4.050585e-14,0.0012887242,1.9400666e-10
0.00015412703,3.167979e-06,1.4235835e-07,5.552381e-05,0.00016270367,0.9998275,0.92313945,1.8529931e-07,0.017417438,0.123743914,0.00937408,1.5867157e-06,8.263778e-05,1.4409509e-05,5.7461628e-05,1.0,1.3743949e-06,0.84754455,0.99999976,1.7365624e-06,6.203927e-07,0.0052483226,0.003601782,6.062066e-13,0.0035762256,1.25725e-09
0.026411604,0.0059790662,0.002705964,0.012621134,0.055614326,0.86299264,0.60214704,0.0012870077,0.17795752,0.12347702,0.22591995,0.0007814811,0.06639061,0.017321186,0.00681183,0.9995789,0.00481173,0.55574167,0.9968251,0.012941049,0.0024934534,0.04169696,0.09587681,8.25411e-06,0.039441604,0.00018947084
0.0068881926,0.0013491374,0.00038439376,0.0031192685,0.01868714,0.90246695,0.5957786,0.0001549828,0.14244474,0.03976323,0.16322489,4.2167278e-05,0.024543416,0.0046280087,0.0010515933,0.9999685,0.0009155906,0.47538838,0.99936813,0.003909292,0.00036537173,0.009244722,0.037258122,1.3145493e-07,0.012300972,1.0860923e-05
0.0035974735,0.00027844132,4.1555504e-05,0.0014247606,0.0039883894,0.995805,0.8206206,4.3366366e-05,0.05981769,0.18848558,0.0541103,0.00019731894,0.0026235562,0.00084950175,0.0014557074,0.9999963,0.0001488067,0.7693476,0.99994516,0.00020026574,9.771438e-05,0.026243238,0.023366543,1.23648e-08,0.020544525,1.6831549e-06
0.00066903606,0.00013054293,2.1350957e-05,0.00041369232,0.0031716065,0.92033017,0.5430054,8.245062e-06,0.1166529,0.0033590996,0.08173019,2.092037e-07,0.004877928,0.0007591423,5.9500555e-05,0.9999994,8.79857e-05,0.268295,0.99994445,0.0008453819,2.0284184e-05,0.0008755979,0.0096532395,2.4442923e-10,0.0020638804,1.3930897e-07
0.21000832,0.05869581,0.053873632,0.074776456,0.37683317,0.770285,0.62760353,0.021940153,0.20843893,0.5425418,0.43523613,0.09674358,0.3920918,0.09782122,0.08321164,0.96596754,0.05871229,0.7486196,0.94702506,0.12272662,0.048830144,0.25926024,0.3018481,0.004112042,0.16938956,0.012616968
0.12182287,0.039594002,0.029995425,0.05107407,0.2774012,0.67466944,0.55270886,0.011183245,0.23044284,0.26670533,0.4074297,0.011935755,0.352776,0.07578549,0.035810407,0.9862168,0.038865875,0.61148286,0.96242046,0.12904266,0.023408927,0.1165751,0.2253848,0.00075201615,0.10207509,0.0045120516
0.07000576,0.021385191,0.0138050215,0.030400902,0.17991519,0.7007023,0.5384971,0.004432035,0.219081,0.17867553,0.37040856,0.0029470327,0.25106242,0.046217937,0.016377864,0.9957326,0.020171719,0.5739529,0.98177207,0.07898839,0.010389662,0.06268462,0.1659425,0.00013012237,0.062927365,0.0013019777
9.721798e-05,1.5427244e-05,1.4339364e-06,5.5268287e-05,0.00078565284,0.94317555,0.52301264,3.655898e-07,0.083510034,0.00062875403,0.053017925,2.867573e-09,0.001403201,0.00012730314,3.6939625e-06,1.0,9.476414e-06,0.19145352,0.99999404,0.00017877856,1.2822785e-06,9.3062474e-05,0.0024586634,7.2083756e-13,0.00031823307,2.221767e-09
0.0042537707,0.0010315935,0.00028992633,0.002406306,0.015661951,0.8410622,0.5221757,0.00010647932,0.16290486,0.014479329,0.16141343,7.6228444e-06,0.024244651,0.004259246,0.00053792156,0.9999827,0.0007700866,0.3379945,0.99946266,0.005038269,0.00024787014,0.004550883,0.030870136,4.5605898e-08,0.0079959715,5.6666872e-06
0.002961022,0.00093561393,0.0002425439,0.0017618261,0.015765134,0.7510804,0.44366404,6.0616592e-05,0.18141739,0.0065633445,0.1898346,1.999186e-06,0.029053714,0.0038994204,0.00024485533,0.99998736,0.0007130556,0.2539149,0.99940836,0.007268009,0.00017941759,0.0018510382,0.021843467,1.6761096e-08,0.004216811,2.9887606e-06
0.0031390467,0.000429008,8.683991e-05,0.0014013902,0.0067496835,0.9693918,0.68665373,4.917766e-05,0.10239358,0.041409507,0.08980963,2.1122049e-05,0.007141247,0.0015753636,0.0006071768,0.99999464,0.00025520075,0.55638826,0.999861,0.0008106909,0.00010687043,0.008114313,0.023754964,1.2840839e-08,0.009831527,2.0048778e-06
0.20497243,6.480096e-06,7.506531e-08,0.01786964,0.00034557362,1.0,0.9997881,3.5901274e-07,0.009194206,0.9999999,0.00035659905,0.91292137,0.00024650746,2.660664e-07,0.9791566,1.0,9.070305e-06,0.99938285,0.9999999,2.9176314e-07,3.3024428e-06,0.9989736,0.0530687,2.552711e-09,0.9994685,4.3696153e-07
0.0031852196,0.00041523483,8.6378146e-05,0.0014105545,0.0067465673,0.970043,0.68758345,5.128425e-05,0.10217168,0.041496504,0.08906352,2.0244006e-05,0.0072623002,0.0015970508,0.00062798004,0.99999464,0.00025800863,0.5519567,0.9998635,0.00084375346,0.000108137894,0.00828168,0.024368297,1.3434132e-08,0.010209811,2.0422221e-06
0.00027911854,1.0349911e-05,6.8334055e-07,9.5141804e-05,0.0004163216,0.9990582,0.8678132,6.3287024e-07,0.028836427,0.05475492,0.018606165,1.4807572e-06,0.00027326585,4.618717e-05,6.344198e-05,1.0,4.405846e-06,0.76519346,0.9999988,8.891614e-06,1.8355996e-06,0.003484631,0.0048904316,4.5181476e-12,0.0030471568,6.0416245e-09
0.120694645,0.0393523,0.029041095,0.04918545,0.28748035,0.68681526,0.5538805,0.009954575,0.23048525,0.28049216,0.41782683,0.011916571,0.36336803,0.07012204,0.034646466,0.9861963,0.03869513,0.62610763,0.9620978,0.13044363,0.022406189,0.11120786,0.21796496,0.00068728044,0.100593634,0.00420859
0.258683,0.10526354,0.09138935,0.11570933,0.60181946,0.7979576,0.5456608,0.021682201,0.2705049,0.6274594,0.56756085,0.07578199,0.66553044,0.07621093,0.116116844,0.9305079,0.10322547,0.812343,0.89230436,0.27038172,0.08002915,0.30352563,0.35882562,0.008123264,0.26787135,0.019490842
0.16905542,0.00010279475,3.3079116e-06,0.025454659,0.0016118423,0.999998,0.9981097,1.5897624e-05,0.01813258,0.99997306,0.0020500422,0.8803115,0.0008554534,1.5952997e-05,0.8840621,0.99999714,0.000103358056,0.99664634,0.99999607,8.274767e-06,7.907181e-05,0.9895299,0.056849867,1.8643607e-07,0.99300027,1.088171e-05
0.0246927,0.0034047505,0.0013154654,0.011601752,0.037180312,0.950153,0.7207065,0.00076659844,0.15338008,0.26784742,0.17424214,0.0013735755,0.035824515,0.008856688,0.009093107,0.99979454,0.002850598,0.66197217,0.99881494,0.004451356,0.001583716,0.07166925,0.0996389,4.6808636e-06,0.050182752,0.000110903624
0.37827256,0.006284355,0.0025249622,0.038083136,0.30112895,0.9984028,0.94198847,0.0006411157,0.0784399,0.99830854,0.26695263,0.8835818,0.19769105,0.0018070181,0.26507938,0.9955777,0.005187065,0.9861108,0.9959823,0.0039576096,0.008304328,0.7714783,0.27330133,0.00046224784,0.44898608,0.0010126869
0.0003815388,4.6080968e-05,5.4775605e-06,0.00019783454,0.0014485739,0.9750743,0.6535617,2.5250865e-06,0.07901304,0.00529414,0.05067309,1.640969e-07,0.001867453,0.00026895784,3.7313028e-05,0.9999999,2.7121498e-05,0.38551998,0.9999863,0.00019119927,6.481839e-06,0.0008779592,0.0066610826,3.3285083e-11,0.0016925547,3.0329534e-08
0.043960087,0.008569326,0.0042404756,0.016292388,0.07159258,0.89048177,0.6413245,0.0027275989,0.15768851,0.20059556,0.23553592,0.0038334539,0.07520783,0.024393534,0.013340792,0.9990212,0.00664067,0.63435614,0.99529773,0.014513662,0.0046117455,0.075706385,0.1163457,3.0928357e-05,0.060040712,0.00046700606
0.00015415656,1.0704427e-05,8.6554167e-07,6.813748e-05,0.0004901334,0.9933774,0.75264,4.7421318e-07,0.048957936,0.0059878663,0.026626566,5.915456e-08,0.00054362457,7.0151305e-05,1.612795e-05,1.0,5.5026862e-06,0.4917485,0.99999785,3.202692e-05,1.2880008e-06,0.00065501174,0.0037421037,1.7055758e-12,0.0011156864,3.42319e-09
0.0018137455,0.00011048995,1.289786e-05,0.0006840924,0.0021316926,0.9975666,0.8423685,1.2505511e-05,0.048010867,0.16247304,0.04013739,6.182305e-05,0.001356332,0.00035451862,0.0006477081,0.99999917,5.554775e-05,0.78453153,0.999982,7.510948e-05,3.228678e-05,0.016591039,0.015321792,1.3796186e-09,0.012571156,3.48794e-07
0.07720842,0.020890418,0.013998506,0.034462623,0.1567131,0.74993885,0.5840809,0.006105908,0.21238765,0.22193177,0.33343515,0.005519488,0.19834128,0.05065589,0.022529779,0.99595636,0.01917469,0.5951701,0.9858381,0.05297115,0.011781788,0.09689988,0.1908262,0.0002025342,0.07796355,0.001755937
0.002109247,0.0007281524,0.00017536542,0.0013705936,0.012117378,0.7410884,0.42435092,4.4729844e-05,0.1807276,0.004069668,0.17502888,1.0094763e-06,0.022704653,0.0033070052,0.0001643012,0.99999225,0.0005701399,0.21631609,0.9995128,0.006359297,0.00013132412,0.0012574699,0.01684132,7.625771e-09,0.0031948707,1.767029e-06
0.0062117158,0.001056476,0.00029729362,0.0029747018,0.014615704,0.9313255,0.6258414,0.00015422082,0.134591,0.043971557,0.13246922,4.2039872e-05,0.017866543,0.003937342,0.0012167229,0.9999769,0.0007533604,0.4937371,0.9995592,0.0027434886,0.00031176905,0.011450662,0.038681615,1.0899774e-07,0.014765576,9.317359e-06
0.004614931,0.0010667981,0.0003008701,0.0025138943,0.015341019,0.8602963,0.53900784,0.00012155105,0.15708329,0.016823731,0.15547985,1.0806888e-05,0.022785036,0.0043817335,0.00063502754,0.9999809,0.00077835337,0.35960987,0.9994605,0.0046766237,0.0002704374,0.0053131296,0.031683993,5.662014e-08,0.009061355,6.557732e-06
0.000610542,2.0772706e-05,1.2126646e-06,0.00017965367,0.00061473553,0.9996111,0.90395445,1.2116473e-06,0.024854248,0.23931727,0.01991695,2.9194234e-05,0.0002885107,5.761532e-05,0.0002063849,1.0,7.8245985e-06,0.87518364,0.99999785,8.05658e-06,4.763872e-06,0.010902939,0.0061594835,2.8941538e-11,0.0064030723,2.0181487e-08
0.013213213,0.0013948912,0.00034373128,0.005409331,0.016214466,0.98603827,0.7833143,0.00024966538,0.10425377,0.33632863,0.11120345,0.0013431944,0.012054705,0.0032849964,0.005579084,0.99995077,0.00091981527,0.7590158,0.9996383,0.0010829397,0.00061324774,0.06368054,0.05809169,5.818965e-07,0.038952813,2.462131e-05
0.0016912298,0.0001551524,2.4045285e-05,0.00069563475,0.0034898063,0.9868716,0.7460741,1.419874e-05,0.07807636,0.048159,0.061338056,8.9944515e-06,0.003299871,0.0005967993,0.00032076702,0.9999988,8.606645e-05,0.6162977,0.9999616,0.00024231344,3.3960212e-05,0.006600819,0.016670644,1.523308e-09,0.0068289977,4.129288e-07
0.0018116393,0.00037346207,7.780215e-05,0.00097173627,0.0070491577,0.8999619,0.54673994,2.9135852e-05,0.13144459,0.008346392,0.11771132,1.7382444e-06,0.01057425,0.0017623183,0.00018434407,0.9999968,0.00025526792,0.3257847,0.9998252,0.0019088245,7.2939074e-05,0.0020475814,0.016358264,3.5807455e-09,0.004071694,9.115945e-07
0.008204647,0.0006042721,0.00010272293,0.002996623,0.0072057517,0.99606556,0.84242123,0.00010536795,0.06588098,0.39878657,0.0667615,0.0014454824,0.0043677096,0.0014354405,0.0041993293,0.9999851,0.0003346571,0.8260349,0.9998796,0.00033616574,0.00027145544,0.061259218,0.036159948,1.05951564e-07,0.03975126,7.318241e-06
0.0011477798,0.00014968346,2.3612145e-05,0.000534664,0.003468641,0.97102135,0.658624,1.0848263e-05,0.09260911,0.015887808,0.07316578,1.8746242e-06,0.0041144793,0.0006754491,0.00015100882,0.99999917,9.326307e-05,0.47236046,0.99995005,0.0004516782,2.7314169e-05,0.0024963394,0.0122314375,7.121282e-10,0.003915794,2.5487307e-07
0.024036812,0.005587707,0.0026034664,0.0123875,0.0509968,0.8375868,0.5768101,0.0014301437,0.18975075,0.08277415,0.2154211,0.00043614328,0.066502385,0.018590778,0.0064216554,0.99962723,0.004656352,0.4877894,0.9970528,0.01501424,0.0024107057,0.03683258,0.098671526,7.2504536e-06,0.040350378,0.00018851271
0.053057693,0.009963687,0.00512439,0.020703357,0.07686669,0.9165287,0.67226964,0.003635469,0.15522489,0.2938494,0.22970913,0.008713674,0.072477005,0.02714944,0.020814283,0.9986431,0.008086391,0.6825855,0.9950427,0.013412779,0.006147629,0.11344238,0.13503163,6.007411e-05,0.07928301,0.00068981363
0.19887945,0.0408193,0.037420467,0.06671428,0.31291437,0.83874464,0.68246573,0.015388018,0.18456748,0.6381679,0.406873,0.113465354,0.30930907,0.07433652,0.08076428,0.97882825,0.04242189,0.7802104,0.9692271,0.07260798,0.03636769,0.28572875,0.29598528,0.0027950425,0.16307531,0.008380524
0.00027686602,1.2863919e-05,9.321503e-07,9.106948e-05,0.00053496304,0.99818087,0.8392449,6.3211144e-07,0.035204146,0.03581548,0.023712555,8.869763e-07,0.00039366336,5.751409e-05,4.5633606e-05,1.0,5.5873525e-06,0.72548556,0.9999981,1.4080148e-05,1.9681486e-06,0.00225488,0.0046052136,4.8937035e-12,0.0021754433,6.58227e-09
0.0104308035,0.001204451,0.0002866168,0.0036894053,0.013754728,0.98368317,0.7535384,0.00021363828,0.091517225,0.20852843,0.1090611,0.00074585376,0.010602294,0.0032442298,0.0033465724,0.999961,0.0007148777,0.7349525,0.9996295,0.0010958957,0.00046795298,0.036684554,0.04297663,2.9737495e-07,0.028531455,1.6414639e-05
0.00036931192,4.3125314e-05,4.902509e-06,0.000180485,0.0013052883,0.9796713,0.66742843,2.2637262e-06,0.074350394,0.005801966,0.048440523,1.950125e-07,0.001625278,0.00024654035,3.6487654e-05,0.9999999,2.4496363e-05,0.41039076,0.99998724,0.00016456428,6.084726e-06,0.0008463576,0.0058856113,2.896335e-11,0.001642861,2.6844303e-08
0.00028057455,7.9039555e-06,4.7341027e-07,0.00010985279,0.00032337266,0.999603,0.9028106,5.6718227e-07,0.024332006,0.122233994,0.01391754,3.187094e-06,0.00018088006,3.4307664e-05,0.00010518155,1.0,3.7226146e-06,0.8188254,0.9999993,4.929283e-06,1.7185714e-06,0.006969383,0.005615777,4.5114134e-12,0.0048654657,5.4376197e-09
0.0005171317,3.6281373e-05,3.951407e-06,0.00021541453,0.0011428687,0.99363786,0.7759941,2.6616106e-06,0.056059517,0.022515532,0.035539337,1.0496501e-06,0.0010767145,0.00018020351,8.853825e-05,0.9999999,1.9317555e-05,0.6015655,0.9999927,6.556242e-05,6.405004e-06,0.0026848938,0.0081859045,5.1173423e-11,0.0033405088,3.7202714e-08
0.0007028664,3.150819e-05,2.4548337e-06,0.00022679586,0.0009027442,0.99892056,0.86733055,2.1482258e-06,0.033625428,0.13189036,0.026886942,1.4522965e-05,0.00052214594,0.0001032695,0.00019337425,0.9999999,1.3298409e-05,0.81539917,0.9999958,1.8910463e-05,6.9048947e-06,0.008038965,0.0076401858,6.108254e-11,0.005701678,3.699793e-08
4.6615725e-05,4.617175e-07,8.752383e-09,1.2763984e-05,3.4150522e-05,0.9999839,0.964311,1.3094351e-08,0.0071841325,0.21957587,0.0035528415,9.4344864e-07,1.2213204e-05,1.7796181e-06,1.8978284e-05,1.0,1.4051302e-07,0.928445,1.0,1.2389545e-07,7.177812e-08,0.003950295,0.0012287163,8.140746e-15,0.0021100722,5.4246347e-11
0.012901421,0.002494539,0.0008723051,0.0057662874,0.027144652,0.9085538,0.61708194,0.00045547393,0.14796914,0.07173449,0.17384072,0.00020728022,0.032693937,0.00829516,0.0028328327,0.9999,0.0018144541,0.53062123,0.9987921,0.005778112,0.0008929933,0.020935506,0.05626062,9.168554e-07,0.024201468,4.1771367e-05
0.002383077,0.00064363435,0.0001528444,0.0013474585,0.012269271,0.8075099,0.47872755,4.0760176e-05,0.16393967,0.0071045063,0.16703136,1.6278544e-06,0.021071877,0.0027548529,0.00019507653,0.99999297,0.0004717296,0.27837667,0.99963176,0.0044467794,0.00011851337,0.0017842945,0.01960051,8.1052605e-09,0.0037652208,1.719596e-06
0.0004933454,2.78106e-05,2.7214382e-06,0.00020013441,0.0008922801,0.9968022,0.8164562,2.257302e-06,0.04595106,0.037718814,0.028787287,1.8389833e-06,0.0007130811,0.00013104767,0.00010818091,0.9999999,1.4045306e-05,0.67444223,0.99999547,3.548102e-05,5.383991e-06,0.0039151176,0.008053831,3.863082e-11,0.0040321467,2.890644e-08
0.13157247,0.04836066,0.03564159,0.060033098,0.37142286,0.6854829,0.51925826,0.0094362665,0.25792256,0.30606323,0.46831197,0.008738636,0.48369923,0.060837694,0.037307717,0.9819011,0.04950135,0.65537614,0.95000213,0.19169758,0.025438838,0.116584964,0.24374689,0.0008328493,0.116012424,0.0045683645
0.0008243218,9.0350324e-05,1.2612851e-05,0.0003785408,0.0023562396,0.9812025,0.6962295,6.3821576e-06,0.079686515,0.016098954,0.05776122,1.3133405e-06,0.0026091186,0.0004284046,0.000113059374,0.99999964,5.3552834e-05,0.5048533,0.9999739,0.00024061628,1.5971827e-05,0.0023241627,0.010276068,2.5829774e-10,0.003426657,1.2180072e-07
2.3385901e-05,8.732466e-07,3.586195e-08,9.774352e-06,7.4891424e-05,0.9987877,0.83214384,2.4354014e-08,0.024591638,0.0033310414,0.009435799,3.419803e-09,6.924124e-05,7.504365e-06,2.3501232e-06,1.0,3.7339245e-07,0.5627125,0.9999999,2.0695431e-06,7.1058885e-08,0.0002375485,0.0012331529,5.9119833e-15,0.0003700536,5.7752858e-11
0.12912995,0.044604402,0.033840675,0.056811757,0.32449827,0.6713479,0.5380962,0.010574917,0.245855,0.2892029,0.4387865,0.010356264,0.42127913,0.07023634,0.037423044,0.98374695,0.04479498,0.6316412,0.95676726,0.16057838,0.0248193,0.118442774,0.23996714,0.0008468727,0.109478354,0.0047771106
0.037450463,0.011637501,0.0059459317,0.017069006,0.120791174,0.6987641,0.5108116,0.0015712924,0.21830294,0.097956225,0.34911984,0.0005321722,0.18964812,0.02610477,0.0063428967,0.99872667,0.009874792,0.5136894,0.99124396,0.051895864,0.004281925,0.028461087,0.11558382,1.8175539e-05,0.034009513,0.00034676315
0.011937802,0.0051269997,0.0018290769,0.0069750687,0.073057294,0.58647937,0.39433336,0.00030941938,0.25325605,0.020138796,0.33130628,1.6364997e-05,0.15273571,0.012328916,0.0011145427,0.9997601,0.0044796276,0.31401098,0.99544454,0.04980626,0.0011526127,0.00485459,0.05378428,7.375648e-07,0.009813639,4.0217234e-05
0.037326142,0.0009108707,0.00022091936,0.012496141,0.017706195,0.9981621,0.937667,0.00014302919,0.08476004,0.94869804,0.0812245,0.027419152,0.012658464,0.00092814164,0.040872194,0.9999472,0.00079475803,0.92453647,0.99986243,0.00043239834,0.00072358863,0.37647116,0.100823104,1.7562686e-06,0.2055471,4.1026564e-05
0.003612356,0.00024139798,3.1242824e-05,0.0013865505,0.0035122293,0.9975696,0.84926397,3.2988526e-05,0.05354917,0.28730443,0.04766267,0.00033656176,0.0020800617,0.0006414617,0.0016995108,0.9999969,0.00012361149,0.81833977,0.99995935,0.00013303355,8.854205e-05,0.034140915,0.022295102,1.025023e-08,0.02320104,1.4030951e-06
0.00455481,0.0006324026,0.00015114278,0.002246981,0.009136104,0.9628642,0.6811788,0.00010094697,0.11728273,0.050345805,0.09624841,3.5389476e-05,0.009897905,0.0024000758,0.0010974726,0.9999893,0.00041896178,0.541468,0.9997985,0.0012314229,0.00018492626,0.013143439,0.03526305,4.3593218e-08,0.014993417,4.8307857e-06
0.0020163166,0.00015322,2.0624328e-05,0.0007628691,0.0028425178,0.9952278,0.8059724,1.7120223e-05,0.0583381,0.11086591,0.05033691,4.4450986e-05,0.0020290483,0.0005057845,0.00058378075,0.9999987,7.82838e-05,0.7380682,0.9999691,0.00013247051,4.1692532e-05,0.012769986,0.01645705,2.2048514e-09,0.010793641,5.0529826e-07
0.003623257,0.00017776598,2.2399287e-05,0.0014944714,0.0033241808,0.9982072,0.8790184,2.0875417e-05,0.05773885,0.4367568,0.04512153,0.00031748728,0.002093186,0.0004243703,0.0020521404,0.999998,0.00010524765,0.8403579,0.99997604,9.836581e-05,7.030802e-05,0.048493836,0.026770536,8.014484e-09,0.02709247,1.1038195e-06
0.023081193,0.007895031,0.00363052,0.012109687,0.07978891,0.6750072,0.47474578,0.0010826859,0.224937,0.047137626,0.30265373,0.00017312252,0.13049121,0.021859143,0.0037438993,0.9994325,0.0067322934,0.407084,0.9941486,0.03880914,0.0026993295,0.017436676,0.086004294,5.87682e-06,0.024415674,0.00017225477
0.00095206604,5.6372915e-05,6.1108253e-06,0.00038044882,0.0013337439,0.99704474,0.8276265,5.896047e-06,0.047154296,0.07118648,0.033353698,9.760194e-06,0.0009747461,0.00022824605,0.0002719733,0.99999976,2.8254975e-05,0.71910614,0.99999094,5.376616e-05,1.3469133e-05,0.008032891,0.011396388,2.447782e-10,0.007469388,1.06970106e-07
0.3059598,0.11531478,0.107927345,0.12787783,0.6417273,0.83411396,0.5745044,0.0254421,0.25843227,0.72539234,0.5835237,0.15022112,0.6807111,0.08018383,0.1516222,0.91058445,0.11382753,0.8533034,0.8860418,0.2631852,0.10169421,0.37940317,0.38984364,0.014260722,0.31261277,0.026613463
0.0038964325,0.0006460032,0.00015423715,0.0018510689,0.010332696,0.9398837,0.62682354,7.2110684e-05,0.12451922,0.031296503,0.11890113,1.6933505e-05,0.012714685,0.0024993739,0.00063227554,0.9999902,0.0004377442,0.47794187,0.9997359,0.0018183431,0.00016249219,0.006878264,0.02720616,2.669964e-08,0.009496386,3.4371155e-06
0.01114927,0.0012499719,0.00028640812,0.003904792,0.014031716,0.9870079,0.76977783,0.00021599616,0.087818,0.2686434,0.106891,0.0012105043,0.0099687865,0.0031158305,0.003930321,0.9999578,0.0007264408,0.7672891,0.9996356,0.000956253,0.0005101604,0.044792976,0.0439103,3.4813567e-07,0.031488348,1.7624023e-05
0.00034191643,1.1420329e-05,6.3305436e-07,9.524801e-05,0.00042868467,0.9995301,0.89149,5.521667e-07,0.023525573,0.12290404,0.018594468,6.0736184e-06,0.0002218058,3.806312e-05,8.128753e-05,1.0,4.229754e-06,0.8486065,0.9999987,5.9639938e-06,2.1073586e-06,0.004871819,0.004239493,5.4906696e-12,0.0033487994,6.397593e-09
0.011827211,0.00031527065,3.4458986e-05,0.0031757788,0.004768965,0.99957424,0.9424695,3.6639438e-05,0.04356086,0.905681,0.036013838,0.01893214,0.0021692943,0.0003682716,0.011773704,0.9999912,0.00016317831,0.9496818,0.9999567,8.31378e-05,0.00020265937,0.1956447,0.032415505,7.7027394e-08,0.10403688,4.988524e-06
0.00021341047,1.7070774e-05,1.5628372e-06,9.5265445e-05,0.0008025263,0.9887965,0.7169295,7.097781e-07,0.05884398,0.0063151843,0.035929225,7.1880734e-08,0.0009572642,0.00010502389,1.953367e-05,1.0,9.4171155e-06,0.4596395,0.99999607,6.140113e-05,2.0394586e-06,0.0006918764,0.0046882126,4.197215e-12,0.001170349,6.5269736e-09
0.08561973,0.015854606,0.009342292,0.026064293,0.13106927,0.90242267,0.68698484,0.0052786516,0.14301068,0.43340483,0.28498563,0.034365185,0.115884,0.03718434,0.029611042,0.9963342,0.01302348,0.7490479,0.98985624,0.020536285,0.011008678,0.14953505,0.1548636,0.0001939587,0.090151004,0.0014592848
0.00035757537,2.5831663e-05,2.2955512e-06,0.00012793961,0.00092251325,0.9944819,0.7745506,1.1082581e-06,0.04981178,0.019209797,0.036467098,6.205146e-07,0.0008621722,0.000119279335,4.2685348e-05,0.9999999,1.2210072e-05,0.6183371,0.9999944,4.6978006e-05,3.5856965e-06,0.0014051769,0.0049042185,1.4095513e-11,0.0018428715,1.4239807e-08
0.098230064,0.0038231271,0.0013443846,0.022070734,0.06251215,0.9950966,0.9071166,0.0007572504,0.09294825,0.95751774,0.14789891,0.22796266,0.038631517,0.0037960024,0.07313356,0.99930775,0.0031506917,0.93568426,0.9988254,0.00188309,0.003968314,0.44520983,0.14152148,4.306051e-05,0.21413158,0.00033709558
0.0016759257,0.00019153318,3.2952525e-05,0.000778459,0.0039254795,0.9778562,0.7020016,1.9090554e-05,0.0903744,0.028203182,0.06859877,5.4863276e-06,0.004253896,0.0008220616,0.0003002314,0.99999845,0.00011569837,0.5361313,0.99994504,0.00042035594,4.2021755e-05,0.0050403443,0.017235305,2.0333595e-09,0.006614731,5.3794975e-07
0.0073846485,0.0009854658,0.00027270368,0.003755767,0.011647701,0.9707155,0.7051769,0.00023858628,0.11475796,0.091711946,0.099597186,0.0001445373,0.011423378,0.003701405,0.0025834488,0.99997413,0.0007050826,0.5954216,0.99969304,0.0015360211,0.00038376052,0.026564894,0.048657056,2.0130899e-07,0.027339328,1.3366611e-05
4.5598976e-05,2.4119101e-06,1.2270932e-07,1.778157e-05,0.0001679023,0.99722207,0.782493,6.030287e-08,0.033075042,0.0036158396,0.016499933,8.414806e-09,0.00017288052,1.7733628e-05,3.5193725e-06,1.0,1.0949831e-06,0.52035147,0.99999964,7.163448e-06,2.0404961e-07,0.00023130237,0.0014851933,4.0717243e-14,0.0004036891,2.2378892e-10
0.2060072,0.0903862,0.074215345,0.10229622,0.5107369,0.7016165,0.51462513,0.021545222,0.28570515,0.42525625,0.52525216,0.028913071,0.6004596,0.08668408,0.07796452,0.9494498,0.09187237,0.6998297,0.8994232,0.28004217,0.058726784,0.20232913,0.31171077,0.0042284583,0.19207902,0.014108241
0.0012107245,0.00011938778,1.9359455e-05,0.00060595875,0.0026763233,0.9844365,0.7208022,1.38340065e-05,0.082324006,0.02473181,0.053462733,3.1403083e-06,0.0028424652,0.000583005,0.00025537016,0.9999993,7.682976e-05,0.53417313,0.9999695,0.0002686567,2.693062e-05,0.004800007,0.015827063,8.992928e-10,0.006566149,2.915665e-07
0.01937993,0.006743641,0.0028846378,0.009705845,0.079309955,0.68461746,0.46619374,0.00066907366,0.21759786,0.04539517,0.32162198,0.000113279195,0.13635083,0.01732932,0.0026215406,0.9995414,0.005938375,0.4164216,0.9944543,0.040420093,0.0020474351,0.0117581235,0.070247784,3.1197537e-06,0.018795108,0.00010327698
0.0019077954,0.00025005202,4.6728244e-05,0.0009002193,0.004991921,0.96486425,0.66582733,2.4387602e-05,0.10142719,0.021902138,0.081809916,4.7054486e-06,0.0059825215,0.0010885866,0.00029637216,0.99999785,0.0001568601,0.4824383,0.99991846,0.0006864946,5.426903e-05,0.0043890243,0.018629197,3.1087695e-09,0.006363963,7.55276e-07
0.0001254102,6.5691047e-06,4.642156e-07,5.5573393e-05,0.00031030623,0.996924,0.8060459,3.4738088e-07,0.038678396,0.008514873,0.018297926,7.0416796e-08,0.0002991619,4.3753727e-05,1.8019038e-05,1.0,3.0975486e-06,0.5616152,0.99999905,1.3484581e-05,8.412311e-07,0.00096093223,0.0037307115,8.676555e-13,0.0013724223,2.0823774e-09
0.014496854,0.0032182275,0.0011826183,0.006804109,0.032042667,0.88731605,0.5968088,0.000613702,0.15648802,0.06725997,0.18800475,0.00025743808,0.039308205,0.010541488,0.0032756636,0.9998541,0.0023984334,0.51189744,0.9983204,0.007872094,0.0011979219,0.022117151,0.060086217,1.514254e-06,0.026224779,6.0746213e-05
4.8376267e-05,9.4735793e-07,3.078542e-08,1.3820268e-05,7.2714625e-05,0.9998349,0.91473174,2.9692178e-08,0.013459104,0.03905112,0.007512501,1.3183835e-07,3.894964e-05,4.9418786e-06,8.929148e-06,1.0,3.1849623e-07,0.8283378,0.9999999,6.361045e-07,1.1538143e-07,0.0011873851,0.0014555681,1.7374031e-14,0.0009557014,1.07304866e-10
0.016703004,0.0026226954,0.00093334937,0.00824068,0.025344182,0.9559054,0.6891336,0.0007366208,0.13877264,0.16262242,0.14221977,0.00074092485,0.024055276,0.008367767,0.0065926067,0.999871,0.0020793343,0.6272542,0.99903786,0.0036855305,0.0012154643,0.050714698,0.07741871,2.2075724e-06,0.043859355,6.905207e-05
0.09062204,0.031111654,0.0218639,0.042235106,0.24675018,0.6429807,0.51387227,0.0067153163,0.24544612,0.19175434,0.40750498,0.0035301063,0.35103655,0.058534198,0.022248834,0.991926,0.031030659,0.565013,0.9706843,0.13129617,0.015353795,0.074955605,0.20146114,0.00029203002,0.0772417,0.0023363528
0.0066874227,0.000823259,0.00019269691,0.002924975,0.009975637,0.98054504,0.7318411,0.00015447279,0.098266676,0.117215544,0.094340034,0.00019337867,0.008731143,0.0026929714,0.0021811945,0.9999808,0.0005165686,0.660565,0.9997601,0.0009876183,0.00029477186,0.025028743,0.03902915,1.14341894e-07,0.023369748,8.782076e-06
0.00020930874,2.3544198e-05,2.3430805e-06,0.00010866144,0.0009113364,0.97879833,0.6540618,9.933567e-07,0.06995276,0.0032700764,0.042511787,4.6306948e-08,0.0012247232,0.00015347384,1.68232e-05,1.0,1.3381584e-05,0.3575085,0.99999344,0.00011322704,2.780929e-06,0.00047508653,0.0045043197,5.7115497e-12,0.001019192,8.623892e-09
0.00045812485,3.457271e-05,3.5168293e-06,0.00018128616,0.0011033745,0.9934928,0.7693929,2.0145353e-06,0.054671098,0.020367859,0.037408765,9.0497934e-07,0.0010361987,0.00016483472,6.64783e-05,0.9999999,1.7554998e-05,0.6035082,0.9999925,6.376319e-05,5.5384135e-06,0.002001339,0.006556048,3.4557978e-11,0.0025853256,2.7822603e-08
0.0008937279,1.9468338e-05,1.004291e-06,0.00030815793,0.00048023707,0.9998754,0.9457754,1.44368e-06,0.021877477,0.5459768,0.012582549,0.00014077847,0.00021379294,4.5995752e-05,0.00068050146,0.9999999,8.420872e-06,0.923311,0.99999857,5.7934276e-06,6.420348e-06,0.03436508,0.007879998,6.787075e-11,0.019509742,3.6781636e-08
0.012967097,0.0022350587,0.0007159218,0.005211879,0.024957607,0.9382787,0.65428084,0.00037047258,0.13238926,0.10684962,0.16445841,0.0003417082,0.026780669,0.006794773,0.0029560216,0.99991095,0.0015562931,0.6027253,0.9989961,0.0039462782,0.0007948614,0.023938699,0.051517062,7.865312e-07,0.024135133,3.5270747e-05
0.00027748043,2.7994309e-05,3.122313e-06,0.000163993,0.0009241821,0.98397774,0.6931863,1.9279912e-06,0.06975901,0.0048638755,0.03520031,1.0195328e-07,0.0011633603,0.00018856053,3.66717e-05,1.0,1.6469221e-05,0.3939041,0.99999344,0.00010617333,4.0707923e-06,0.0010351667,0.006811434,1.5821976e-11,0.0019794642,1.8110454e-08
2.3486004e-05,3.2480034e-07,7.313308e-09,5.427874e-06,3.4810513e-05,0.99993217,0.9322051,6.616053e-09,0.0092049595,0.039830495,0.0052416474,5.5491974e-08,1.6515743e-05,1.6792333e-06,3.510858e-06,1.0,9.3747474e-08,0.86602676,1.0,1.8140744e-07,3.2697862e-08,0.00071308477,0.0007915636,1.3523833e-15,0.0005193113,1.6660194e-11
0.003097358,0.00048215297,0.00010290018,0.0013842889,0.008579553,0.950056,0.6403514,4.468674e-05,0.11397325,0.030880135,0.11247808,1.2816261e-05,0.0102567505,0.0018334779,0.00044752247,0.9999939,0.00031348102,0.49636582,0.99980694,0.0012941621,0.000110973444,0.005518177,0.022075633,1.2284498e-08,0.007467518,1.9344448e-06
0.006141959,0.00099887,0.00026658815,0.0030250552,0.014982849,0.9356156,0.6394628,0.00012823824,0.13735694,0.052981272,0.13036902,3.9563212e-05,0.018119333,0.0035217549,0.0012009541,0.9999796,0.00069559825,0.5087659,0.9996238,0.0023745922,0.000271121,0.01254306,0.0408879,9.5305e-08,0.014337004,8.308001e-06
0.0020442847,0.00030449367,5.6006458e-05,0.00089323363,0.00572427,0.9610703,0.6488167,2.4146322e-05,0.10148385,0.02275337,0.09636628,6.327312e-06,0.006841532,0.0012353737,0.0002687182,0.99999714,0.00018634548,0.49097636,0.9998845,0.00084823027,6.3232095e-05,0.0035537751,0.015586441,3.6497263e-09,0.005401474,8.161419e-07
0.0979841,0.022507632,0.014892157,0.033512454,0.16907863,0.8278839,0.6402882,0.007320356,0.17342576,0.3550246,0.32703304,0.022887357,0.17626056,0.05244011,0.031470988,0.9941551,0.019508023,0.69217867,0.9842742,0.039868884,0.014589383,0.13751657,0.1832998,0.00034184716,0.09046253,0.0023761122
0.0009929934,0.00016331405,2.661883e-05,0.00049145246,0.0039021464,0.94409853,0.5953054,9.8927185e-06,0.10503407,0.007741822,0.08941441,7.7451745e-07,0.005420145,0.0008092306,9.200187e-05,0.99999917,0.00010293845,0.36636722,0.99993443,0.00074269075,2.7226712e-05,0.0013612153,0.010620662,5.2557136e-10,0.0026675493,2.2130584e-07
0.004245206,0.0008905708,0.0002249633,0.002008402,0.013127886,0.9021281,0.5724385,8.757655e-05,0.13716452,0.022277564,0.14910518,1.51137465e-05,0.017917931,0.0034267209,0.0005514567,0.9999851,0.0006105598,0.42151183,0.99955934,0.003193764,0.00021707035,0.004983194,0.025372868,3.7530633e-08,0.007989313,4.5775587e-06
0.061679214,0.015690867,0.008975133,0.02269491,0.13608533,0.78749245,0.59009814,0.0034848663,0.18382059,0.2080919,0.3285422,0.0046979883,0.1673539,0.03668594,0.014796462,0.9973224,0.013291229,0.61747086,0.98836714,0.04045387,0.007956047,0.0678091,0.13820471,8.096509e-05,0.057838123,0.0009281364
0.0018798091,0.00022319003,4.0879564e-05,0.00088152924,0.0045600645,0.9725414,0.6877639,2.3219542e-05,0.09625967,0.02655766,0.07459593,5.4908237e-06,0.0051906337,0.0009733444,0.00032707502,0.9999981,0.00014012518,0.51275647,0.99993265,0.00054711284,4.9975348e-05,0.0051463614,0.01910726,2.8921703e-09,0.006991536,7.027477e-07
0.0004949416,2.1242524e-05,1.7104192e-06,0.00018534923,0.00069673243,0.998782,0.8602647,1.6724409e-06,0.034611896,0.083263636,0.023205688,4.693527e-06,0.00045042354,8.750976e-05,0.00014116803,1.0,1.0016587e-05,0.76990443,0.99999726,1.7205102e-05,4.5555485e-06,0.006209055,0.007415572,2.8512248e-11,0.005037225,2.1786208e-08
0.043176558,0.01007294,0.0053273537,0.018171564,0.0833537,0.83703554,0.59863627,0.0028255172,0.17845815,0.15653248,0.26121333,0.0024108686,0.098988466,0.028907105,0.012187104,0.9988403,0.008365088,0.58006585,0.99391913,0.02215543,0.0051542064,0.06233883,0.12126755,3.4960918e-05,0.055996127,0.00053419487
0.015053789,0.0041130804,0.0016317818,0.0073705055,0.04599315,0.7881713,0.5213057,0.0005594869,0.1898128,0.045241144,0.24656759,0.000113848706,0.06930682,0.012918381,0.0024099445,0.99980444,0.0033020691,0.43419906,0.9974069,0.01645079,0.001337452,0.013892512,0.061910752,1.5561682e-06,0.019362004,6.485198e-05
0.006963228,0.0011063736,0.00028422973,0.002811928,0.014590473,0.95273036,0.66144717,0.00013988701,0.11909265,0.0702895,0.1337949,9.609151e-05,0.015854308,0.0035563633,0.0013510591,0.99997354,0.0007170608,0.582953,0.9995516,0.0020991946,0.00032239745,0.013172092,0.034088705,1.2054863e-07,0.014778956,9.504669e-06
0.012041617,0.0014807611,0.00037296128,0.004223225,0.016576644,0.9801326,0.7432906,0.0002611674,0.09832724,0.21691078,0.120153636,0.00091299776,0.0129420245,0.0038579905,0.003714929,0.9999471,0.00088206824,0.7311765,0.99951863,0.0013489253,0.0005771685,0.03952414,0.047260866,4.5629915e-07,0.029243631,2.2151617e-05
0.09876327,0.024269506,0.016571546,0.035067532,0.17810173,0.79825604,0.6209195,0.008011115,0.18132822,0.3140135,0.33583164,0.019081686,0.19527382,0.057786264,0.031183323,0.9935045,0.021481011,0.6653553,0.9819531,0.04892188,0.015602885,0.12839948,0.18508773,0.00037254035,0.09108005,0.00260552
0.05235314,0.020405363,0.011567774,0.026312865,0.19458044,0.609578,0.4615974,0.002823731,0.25849876,0.1001486,0.39983505,0.00069509266,0.31241196,0.039178077,0.00953868,0.99647397,0.020392492,0.473076,0.9789979,0.12116794,0.007650641,0.03128753,0.13396601,5.598334e-05,0.042531036,0.0007602706
0.26111054,0.08683035,0.08445709,0.10165235,0.5025735,0.7810641,0.59915847,0.027899256,0.23428154,0.6195959,0.50013053,0.13134234,0.5283696,0.103489585,0.118339315,0.9374174,0.08860352,0.7882697,0.91416234,0.19178051,0.075581424,0.30917153,0.34356743,0.009012291,0.23251048,0.021161899
0.027193297,0.0014790123,0.00030229366,0.007205018,0.01830653,0.9970976,0.8858932,0.00025312716,0.06973788,0.8215017,0.08917938,0.034958035,0.0094164,0.0020807558,0.017481288,0.99990356,0.00088765775,0.9134201,0.9996443,0.0005815424,0.0010274104,0.18912803,0.061182756,1.7697813e-06,0.09509892,4.33e-05
0.035662856,0.008907708,0.0043347892,0.014708125,0.07957251,0.82070524,0.57564294,0.0018474171,0.18191402,0.12700681,0.27391696,0.0013256441,0.100684404,0.024107045,0.00820632,0.9991259,0.007240064,0.5586841,0.9942016,0.023010409,0.0039207353,0.041912895,0.10013805,1.7900327e-05,0.041474964,0.00033452598
0.16510344,0.044998754,0.036485467,0.056364223,0.29902616,0.7608884,0.6225,0.016273405,0.19935288,0.44292828,0.39978746,0.057487234,0.31470057,0.085908726,0.05743947,0.97946185,0.042101715,0.7089547,0.96034163,0.09352917,0.033404045,0.19642523,0.2513494,0.0017964337,0.12968566,0.0075910375
0.07463479,0.020992253,0.013468035,0.03015307,0.16216294,0.72732604,0.56167763,0.005680779,0.20454332,0.18323459,0.34382203,0.0049333037,0.21048553,0.052315854,0.019638367,0.99567336,0.018985482,0.5700555,0.9834984,0.062436156,0.011488334,0.076272495,0.16167538,0.00016609198,0.06956268,0.0016167847
0.002561508,0.00028453505,4.854934e-05,0.00091620843,0.0053409855,0.98333204,0.7267501,2.3895987e-05,0.08278835,0.061321165,0.08352737,2.5966467e-05,0.0049420027,0.0009505172,0.0004335323,0.9999969,0.00016180448,0.6465343,0.9999083,0.0004379502,6.554078e-05,0.0068794177,0.016489528,4.9509716e-09,0.0073451865,9.1909567e-07
0.0371662,0.011945813,0.006380571,0.017945753,0.112129286,0.674236,0.4940844,0.0020332509,0.22411169,0.077226415,0.3300692,0.0005207066,0.17564957,0.031569637,0.0069781276,0.998665,0.010837227,0.45537013,0.99051803,0.055175513,0.0048693116,0.028599227,0.111782216,2.1869155e-05,0.03629906,0.0004153449
0.08075445,0.0013139672,0.00028649278,0.016850332,0.02842036,0.99913675,0.95893437,0.00019311094,0.06700682,0.9903561,0.07550377,0.27453208,0.016845949,0.0008244644,0.10712365,0.9998605,0.0010891515,0.96576583,0.99975866,0.00043025738,0.0014696604,0.61027473,0.11494426,7.1989034e-06,0.36981153,9.5488635e-05
0.19209778,0.02437091,0.020557519,0.06383366,0.22771913,0.921974,0.7688786,0.0098321205,0.16514151,0.781331,0.34311962,0.15752804,0.20626862,0.043225173,0.09958877,0.9892244,0.026392229,0.8204054,0.98648006,0.0327331,0.024618663,0.37018943,0.28710693,0.0016555042,0.19604729,0.0052841576
0.25892624,0.09927708,0.08895205,0.11176917,0.5729351,0.7866977,0.55636895,0.022981819,0.25941396,0.6164867,0.54864246,0.08255237,0.63264716,0.083124995,0.115422726,0.9321391,0.10002152,0.7997418,0.8992443,0.25188497,0.07673615,0.2993144,0.35490987,0.008136668,0.25734723,0.019723238
0.002134099,0.00017658294,2.472017e-05,0.0007929614,0.003198931,0.99409133,0.7928708,1.8827417e-05,0.06199612,0.10112607,0.055321056,4.3385975e-05,0.0023725517,0.00057942973,0.00056654867,0.99999833,9.097452e-05,0.7280121,0.99996126,0.0001652522,4.6706857e-05,0.0115127275,0.016414523,2.7040024e-09,0.010158125,5.873716e-07
0.0849025,0.024476927,0.016157292,0.03277132,0.19479863,0.72623056,0.56822824,0.0060912655,0.20624468,0.22328037,0.36786145,0.007168297,0.2457176,0.053868875,0.022098003,0.9939533,0.023049626,0.6031265,0.97836226,0.07589171,0.013403236,0.081923425,0.1688192,0.00023063336,0.07311711,0.0019620238
0.40381014,0.08399618,0.079748236,0.113165036,0.72247875,0.95193064,0.68676096,0.011583159,0.21108124,0.9412066,0.6243964,0.508494,0.6839922,0.03468982,0.21806926,0.9192695,0.07636334,0.9508003,0.9258896,0.14695467,0.096036844,0.5559898,0.42043582,0.01604427,0.393147,0.020479886
0.30559185,0.10801749,0.09690948,0.12123968,0.674177,0.8677951,0.5775145,0.018674646,0.25322613,0.77201736,0.60477054,0.14168146,0.71655756,0.060565412,0.14791402,0.9188502,0.10554361,0.8836042,0.8946919,0.26088783,0.09347648,0.3943941,0.39360285,0.0116313705,0.32863277,0.021635778
0.2624214,0.08996496,0.0694419,0.099022485,0.6725366,0.8851031,0.5641256,0.010366166,0.24844635,0.7678918,0.6201184,0.08025973,0.7368464,0.040212188,0.10950521,0.9453375,0.08284678,0.8936319,0.9154471,0.24446149,0.06604241,0.34343255,0.36492923,0.005310968,0.29985932,0.012110097
0.27189165,0.094503716,0.075700246,0.10424302,0.6705992,0.87792516,0.56619513,0.012327011,0.24944055,0.76205677,0.61491054,0.09073171,0.7304758,0.045540385,0.117574476,0.9390061,0.088652425,0.88805795,0.9092929,0.25201032,0.072050974,0.35099825,0.36991498,0.0064802947,0.30457625,0.014082337
0.015200994,0.0028468256,0.0009989005,0.0063838125,0.029800482,0.9187781,0.63356256,0.00053523516,0.14379287,0.095884316,0.1770775,0.00036616137,0.03369132,0.008847484,0.0035432442,0.9998708,0.0020360558,0.5727019,0.9986601,0.005588931,0.0010609117,0.026144372,0.06021418,1.3779264e-06,0.027255688,5.457621e-05
0.05847772,0.011551249,0.0059670676,0.01935562,0.09757325,0.8970744,0.66450375,0.0031786829,0.15052745,0.31344986,0.26533115,0.011271269,0.093226485,0.027632847,0.017884292,0.9982126,0.009064159,0.70570046,0.99315006,0.01644634,0.006563077,0.09917594,0.12570438,6.468485e-05,0.06596616,0.0007307544
0.0003334596,7.802156e-06,3.6717998e-07,0.000117458076,0.00028918652,0.99982834,0.928922,4.65881e-07,0.019994104,0.25711176,0.011861378,1.1168511e-05,0.00013710366,2.585355e-05,0.00015666922,1.0,3.2432904e-06,0.8811287,0.9999994,3.1164855e-06,1.8540534e-06,0.011514388,0.00518626,5.1009873e-12,0.0065989206,5.7174767e-09
0.032411184,6.0004546e-05,2.8073655e-06,0.008112268,0.0009890161,0.9999925,0.9951788,8.302235e-06,0.022093996,0.99929833,0.0040532537,0.2171065,0.00050554355,2.4336185e-05,0.29105777,0.99999905,4.7248788e-05,0.9911856,0.999998,6.837199e-06,4.2746695e-05,0.8953229,0.0362561,2.2335037e-08,0.89911884,2.4295964e-06
0.008505012,0.0013059456,0.00034625296,0.0032289298,0.016768603,0.95462894,0.67350394,0.00017419469,0.117756136,0.09037941,0.14034398,0.00016656921,0.017405927,0.003948376,0.0017057818,0.999964,0.00083287107,0.613798,0.9994704,0.0021723236,0.00040070986,0.016685799,0.038045306,1.9533788e-07,0.016954884,1.332052e-05
0.020270022,0.002775676,0.00090061704,0.008519274,0.024316002,0.9748096,0.73607224,0.0008419063,0.113662,0.25522602,0.13146433,0.0023556768,0.019548496,0.007962496,0.009271648,0.99983656,0.0019662909,0.716323,0.99907315,0.0027893626,0.0014603204,0.07316072,0.07535977,3.107804e-06,0.056649048,8.4949934e-05
0.05243382,0.00092408794,0.00016259542,0.011376469,0.016878929,0.99940073,0.95903695,0.00013441335,0.058310077,0.985036,0.055472687,0.20419249,0.008754963,0.00065231434,0.07332671,0.9999254,0.00067438267,0.96680516,0.99984527,0.00025644348,0.00095391937,0.52748615,0.081717946,2.4860076e-06,0.31574014,4.9914863e-05
0.08975389,0.02209314,0.014889121,0.035520498,0.15999019,0.7939017,0.61370605,0.0076078204,0.19414112,0.28007522,0.32380426,0.011998857,0.18243526,0.054676384,0.028870119,0.9950063,0.019752983,0.63718355,0.98524415,0.04528158,0.013801347,0.12455971,0.19328241,0.00030329014,0.08861805,0.002280082
0.25015664,0.09004179,0.07108245,0.10215832,0.65639013,0.8657338,0.5483985,0.0114429835,0.25811106,0.71869695,0.6089491,0.0594304,0.73195827,0.043447144,0.10376393,0.9454517,0.08736751,0.87472576,0.9101845,0.26542762,0.06377115,0.31582895,0.3597622,0.0049404157,0.28765565,0.012018833
0.0007401698,6.6511726e-05,7.742488e-06,0.00027086886,0.0018496669,0.9895622,0.7412793,3.6551908e-06,0.06373181,0.023775728,0.052355632,1.8626648e-06,0.0018522666,0.00028245896,9.325062e-05,0.99999976,3.434452e-05,0.5935966,0.9999827,0.00013186356,1.0962519e-05,0.0021831058,0.0077699334,1.287796e-10,0.0029319294,7.081696e-08
0.043833625,0.012713906,0.006981538,0.019497348,0.11240737,0.72914404,0.5347167,0.0025869962,0.20883775,0.11194193,0.31799483,0.0011874044,0.15836866,0.03313537,0.009417352,0.9984352,0.011096622,0.51708055,0.9906074,0.043969527,0.005700672,0.042024627,0.12302026,3.47584e-05,0.044587,0.00055765547
0.023239447,0.0050055296,0.0019090191,0.008966244,0.052917846,0.8814423,0.61624515,0.0006935638,0.15690461,0.13520108,0.24061878,0.0007407092,0.06375766,0.01228365,0.004519531,0.99968266,0.0034591567,0.6066576,0.99734664,0.010255986,0.001755658,0.030033665,0.07351807,3.824846e-06,0.028031189,0.00010906224
0.18475328,1.5649992e-08,7.2619094e-12,0.0038583826,2.5448112e-06,1.0,0.99999785,2.832666e-10,0.0007629436,1.0,1.4569856e-06,0.9845786,1.3338687e-06,9.3807434e-11,0.99932194,1.0,2.1021803e-08,0.9999857,1.0,9.000696e-11,3.213766e-09,0.9999887,0.00859013,7.11961e-14,0.99999845,2.9677144e-10
0.062325846,0.011573343,0.0061538382,0.02202979,0.09149994,0.91596746,0.6798668,0.0040164976,0.14894807,0.35074124,0.24671686,0.015109185,0.081889614,0.029334532,0.023217928,0.9981406,0.009344363,0.71506315,0.99373335,0.014515662,0.007436287,0.12586494,0.13899185,8.673885e-05,0.08122973,0.00086128793
0.18364234,0.07062675,0.05760736,0.08209416,0.44202402,0.70349807,0.5394358,0.01750084,0.26163822,0.40712008,0.48793602,0.02769129,0.52513367,0.08290109,0.06533317,0.9639124,0.07127688,0.69501495,0.9263791,0.21649948,0.044985563,0.18231219,0.28849444,0.0027082593,0.16482736,0.010483521
0.0063113105,0.00016447205,1.7217035e-05,0.002197365,0.0030820917,0.999524,0.93775934,1.7269525e-05,0.046887316,0.83765614,0.03294659,0.0028789283,0.0016801354,0.00023881593,0.006112272,0.9999975,9.3759314e-05,0.9276494,0.9999826,5.5882258e-05,8.768818e-05,0.13772155,0.030029435,1.5973917e-08,0.0695929,1.664339e-06
0.037175298,0.009103949,0.0044513685,0.0142858485,0.087099515,0.8089449,0.57609355,0.00173852,0.17635569,0.13085619,0.29057962,0.0013912196,0.11297986,0.023921693,0.0076970235,0.99904746,0.0072494363,0.56736445,0.9938623,0.025110394,0.003963697,0.039629355,0.09958124,1.7869133e-05,0.039375316,0.00033561827
0.023312181,0.0045837527,0.0018215057,0.009555951,0.04290288,0.91154265,0.638191,0.0010083787,0.15007159,0.14203627,0.20027319,0.0010572971,0.046009365,0.013280209,0.0062078047,0.9997009,0.003389493,0.60948503,0.99773717,0.007890492,0.0019526818,0.041545697,0.07824785,5.000861e-06,0.03756004,0.0001320431
0.03509972,0.010524402,0.0052488134,0.015014613,0.10579319,0.7218624,0.5172107,0.0016034151,0.20554242,0.09085679,0.33023274,0.00065387384,0.15730529,0.026505856,0.006153715,0.99886084,0.009223099,0.498764,0.99158114,0.04428916,0.0041616214,0.026953163,0.09785153,1.6171965e-05,0.032735668,0.00032319603
0.17867978,0.0011962183,0.0001587276,0.033379484,0.018907772,0.9998528,0.9845803,0.00025170294,0.043695167,0.9989177,0.025871104,0.78443605,0.010459532,0.0004569645,0.523837,0.9998518,0.0010517581,0.98575854,0.999835,0.00025569662,0.0014132169,0.9118733,0.119596995,1.3520276e-05,0.87224764,0.00018609353
0.0013610038,5.2501357e-05,4.5249626e-06,0.0005372231,0.0011333748,0.9992792,0.8975755,5.679775e-06,0.036073886,0.29586986,0.024454389,7.790891e-05,0.0006307254,0.00016075767,0.00073549815,0.99999976,2.6490114e-05,0.8444206,0.9999944,2.6541116e-05,1.7159467e-05,0.025420776,0.013181828,4.436911e-10,0.01638215,1.4657488e-07
0.0006136368,2.4092269e-05,1.7207708e-06,0.00021712726,0.00064341945,0.9993013,0.88529354,2.0414004e-06,0.028948799,0.13166222,0.02051349,1.3992165e-05,0.00036080132,8.7721644e-05,0.00021758612,0.9999999,1.0404122e-05,0.8187142,0.99999726,1.4021351e-05,5.7041752e-06,0.009431441,0.007325566,4.4347852e-11,0.0072005237,2.9616327e-08
0.0014024577,0.00016051397,2.4451456e-05,0.0005751161,0.0033380874,0.9826569,0.7095542,1.23697955e-05,0.08045762,0.029017111,0.06871005,5.574308e-06,0.0034469867,0.00065495033,0.00021551663,0.9999989,9.245471e-05,0.5703888,0.9999504,0.00033409285,3.2428263e-05,0.0036431558,0.012105351,1.0885927e-09,0.0049662753,3.2535897e-07
0.0934079,0.02102409,0.013446149,0.030999282,0.16009633,0.83993894,0.64396477,0.0068254443,0.1675937,0.34902966,0.319298,0.023011897,0.16400112,0.04968639,0.03012773,0.9946526,0.018139247,0.6943163,0.9850824,0.036818273,0.013563348,0.13138139,0.17052178,0.00028975058,0.08842274,0.0021265561
0.010572674,0.0013120407,0.00034115094,0.0042832145,0.014277826,0.979431,0.7378187,0.00027959427,0.10141877,0.17354153,0.1095446,0.00057054573,0.011822637,0.003917824,0.0037156562,0.99995637,0.00083910197,0.69437337,0.99959606,0.0013815936,0.0005359422,0.038225114,0.04933502,3.941641e-07,0.031736907,2.0471307e-05
0.006329441,0.00093704276,0.00024331518,0.0027105452,0.011920132,0.9595709,0.67128694,0.00015229768,0.11600416,0.061439708,0.11583036,7.847836e-05,0.01301121,0.0033551604,0.0014533561,0.99997854,0.000627901,0.5689759,0.99964714,0.0018385752,0.00029817727,0.014201983,0.035657104,1.0554534e-07,0.01709703,8.750391e-06
0.0044650105,0.0013218555,0.00037522372,0.0023645442,0.020742634,0.77405506,0.46823135,9.7048476e-05,0.17706467,0.011691207,0.2099687,6.259331e-06,0.035975166,0.0050389217,0.00040901013,0.9999752,0.0010251494,0.31011754,0.99913293,0.008680519,0.00029112265,0.0028700898,0.026209245,4.8479677e-08,0.0058048875,5.974907e-06
0.00023839962,2.2542972e-05,2.082831e-06,9.635117e-05,0.0008823112,0.9879121,0.69829607,8.339446e-07,0.059670202,0.0061860858,0.04217515,1.1952842e-07,0.0010213158,0.00012761915,1.8868779e-05,1.0,1.2155744e-05,0.4670872,0.99999356,8.019117e-05,2.7429555e-06,0.00055006373,0.003702425,5.9529083e-12,0.001012289,8.047617e-09
0.19892815,0.07213734,0.06509705,0.09126328,0.42813864,0.6848843,0.5481215,0.023437826,0.25363758,0.40559465,0.4738805,0.032363217,0.51552093,0.10288033,0.07492487,0.9589728,0.0769996,0.6715019,0.9219083,0.22656982,0.050515052,0.20111294,0.30995616,0.003831639,0.17645551,0.0129232835
0.0009178817,3.7903705e-05,2.660121e-06,0.00025311363,0.0010130628,0.9993432,0.88626754,2.3027892e-06,0.029892396,0.24139424,0.02750643,5.2068273e-05,0.0004922762,9.834789e-05,0.0002736512,0.9999999,1.5034968e-05,0.87062186,0.999995,1.6324453e-05,9.090621e-06,0.0113006355,0.0073504522,1.0014379e-10,0.006940127,4.835565e-08
0.00069894374,3.153735e-05,2.4261717e-06,0.00021306687,0.0009044063,0.99895215,0.8663287,2.0162095e-06,0.03285896,0.13326474,0.027641803,1.5706886e-05,0.0005131872,0.00010057168,0.00017934575,0.9999999,1.3143731e-05,0.82357424,0.9999956,1.8784142e-05,6.7935157e-06,0.0073295305,0.006998909,5.706979e-11,0.0052693808,3.4608355e-08
0.060071986,0.019507548,0.0118040005,0.02693474,0.16943158,0.66731626,0.5151635,0.003667747,0.22860831,0.13448606,0.37000278,0.0016932929,0.24892008,0.043412812,0.012775007,0.99656516,0.01818446,0.52707195,0.98338103,0.08111116,0.008733772,0.048115727,0.14889559,8.360448e-05,0.052639194,0.0010154973
0.3023628,0.08372638,0.08402451,0.10093066,0.5301348,0.83851457,0.63971466,0.027195755,0.21606177,0.7422085,0.51025116,0.25401872,0.51610863,0.09507018,0.14145707,0.93226564,0.08260347,0.83890754,0.9192815,0.15696356,0.08367455,0.37634617,0.35838792,0.0120660225,0.2493428,0.022879088
0.01708407,0.005857981,0.0024098675,0.008693761,0.06947265,0.68272865,0.46494633,0.0005855213,0.2194992,0.0382665,0.30741513,8.14445e-05,0.12028295,0.015753375,0.002221749,0.99966085,0.004939349,0.39943555,0.9955592,0.03394664,0.0017170935,0.010771425,0.06767336,2.1634232e-06,0.016911853,8.364993e-05
0.15057628,0.049232125,0.039679628,0.060206685,0.29316214,0.67394125,0.5702017,0.018751355,0.22953877,0.3009553,0.40305194,0.026997842,0.3398209,0.10070163,0.050901342,0.9790866,0.04808688,0.6116003,0.95212674,0.13092288,0.033886183,0.15101197,0.2416038,0.0016149823,0.12020259,0.0078877965
0.07229255,0.021307118,0.0135014765,0.029184857,0.17500293,0.7140225,0.55223817,0.0048462073,0.2089011,0.18480793,0.36142403,0.0041938815,0.23233522,0.048434343,0.017474966,0.99554574,0.019712422,0.5774527,0.98191065,0.0708004,0.010897758,0.067295656,0.15790822,0.00014391172,0.06421956,0.0014342046
0.03452248,0.008988779,0.0043168883,0.0137253655,0.088487,0.79585564,0.56312907,0.0015128512,0.18207084,0.120715484,0.30028418,0.0010855132,0.118761696,0.023090523,0.006776439,0.9990866,0.007422352,0.55556375,0.9936458,0.02772879,0.0037424501,0.03391005,0.09513239,1.5009238e-05,0.035995804,0.00029508004
0.0004607306,0.0001588863,2.7370337e-05,0.00038167814,0.004083906,0.72383577,0.37600774,6.052571e-06,0.16909295,0.0007071809,0.11441548,2.1713651e-08,0.008899671,0.0010275743,2.3271903e-05,0.9999995,0.00012337128,0.11802007,0.9999031,0.0024721678,1.8689334e-05,0.00025746677,0.007586936,1.1789114e-10,0.0009129008,1.0207412e-07
0.0035553242,0.00047616014,0.00010221775,0.0015641386,0.008231012,0.96425605,0.6748571,5.2767125e-05,0.10947333,0.0451289,0.09975166,2.0953203e-05,0.009057293,0.0017694228,0.0006455459,0.99999344,0.00031048735,0.5473111,0.9998344,0.0010262659,0.000119056174,0.008309619,0.025797857,1.6988519e-08,0.009872475,2.3883754e-06
0.35769284,0.10726249,0.10184702,0.12484229,0.7177012,0.9123575,0.61948204,0.017223323,0.23842254,0.8713839,0.6277665,0.29342115,0.7225853,0.051629152,0.1885543,0.9069883,0.1032962,0.92371917,0.9000184,0.22400627,0.10904598,0.48260444,0.417966,0.017104564,0.37458125,0.025073918
0.18896662,0.07152839,0.061687097,0.08235184,0.39179364,0.67783815,0.5578766,0.024318738,0.25207818,0.384275,0.45275643,0.042032436,0.4468443,0.110678524,0.0724323,0.9617507,0.07179492,0.65623754,0.92580247,0.18803203,0.05054015,0.18875498,0.2820463,0.0035852152,0.15937015,0.013246129
0.067698814,0.0010176527,0.00016198725,0.011188471,0.01936948,0.99960536,0.96541035,0.00014895803,0.047571998,0.9915861,0.049556166,0.45704466,0.008438351,0.0006433164,0.09479806,0.999889,0.000680867,0.97789043,0.9997975,0.00023555344,0.0012064271,0.59598845,0.07598993,3.8806274e-06,0.36895883,6.5038774e-05
0.0066864723,0.00020629732,1.9428813e-05,0.0017797429,0.003408445,0.99956876,0.93052185,2.0510819e-05,0.03910757,0.8198023,0.034561355,0.0060756155,0.0014846991,0.00028265265,0.0050127762,0.9999962,9.7619755e-05,0.9387983,0.99997175,5.5952965e-05,0.00010670547,0.10898982,0.022815317,1.8429787e-08,0.0555323,1.7513463e-06
0.4289829,0.08825026,0.08506289,0.12263611,0.75246394,0.9577064,0.6919497,0.011754351,0.2158231,0.95057464,0.6407089,0.5460669,0.7153646,0.03197137,0.2451642,0.90787995,0.08217959,0.95756483,0.92007047,0.16168529,0.10435592,0.5907814,0.44170362,0.019618656,0.42951548,0.023011014
0.09456965,0.0021450703,0.0006508857,0.023921987,0.042999003,0.99775344,0.9427792,0.0003696099,0.087920114,0.9821187,0.10985929,0.1899084,0.030258674,0.0016214009,0.1078254,0.99971884,0.00200864,0.94738895,0.9995567,0.001006919,0.0022942142,0.57343733,0.14979514,1.927661e-05,0.3333566,0.00019610055
0.017025284,0.0031340672,0.0010398305,0.0058958847,0.035622343,0.9272671,0.6538182,0.00042762616,0.13115376,0.13994592,0.2030309,0.000727122,0.037720036,0.008136999,0.0033346382,0.99983954,0.0021307485,0.6444015,0.9983821,0.005385441,0.0011011553,0.025513751,0.052384667,1.4709078e-06,0.023680335,5.3369753e-05
0.08479995,0.022908611,0.015182966,0.03342191,0.1695525,0.7499783,0.583316,0.0071094222,0.2008848,0.22462738,0.33804172,0.008391318,0.20502388,0.056040067,0.024412764,0.9948566,0.020417983,0.60413486,0.9826127,0.05728447,0.013530576,0.09989504,0.1796813,0.0002504937,0.07927988,0.002112433
0.024273053,0.0024786037,0.000734232,0.009298932,0.0261802,0.9847231,0.79562217,0.0005270394,0.110952005,0.48710212,0.13402826,0.005339263,0.018994505,0.0051540215,0.011801425,0.9998522,0.0017806108,0.79430044,0.9992842,0.00181357,0.0013548364,0.10799482,0.079950035,3.0947645e-06,0.062322926,7.531368e-05
0.007097174,0.00083909475,0.00018778346,0.0026778714,0.010485538,0.9829963,0.7413576,0.00013577948,0.09221829,0.14245419,0.09899952,0.00028069093,0.008623396,0.002486014,0.0020815847,0.9999796,0.00050505635,0.70120054,0.99974245,0.00090432534,0.00029208176,0.024592072,0.035260025,1.10730674e-07,0.021370817,8.304024e-06
0.050377794,0.011273517,0.005938625,0.018295469,0.09601412,0.85557324,0.6217999,0.0028637457,0.16482823,0.21452427,0.27831852,0.004937027,0.10651027,0.029212674,0.013640697,0.9984371,0.00922951,0.640361,0.9926998,0.022090215,0.005902442,0.07025843,0.11730298,4.6817855e-05,0.05691613,0.00061866036
0.018372329,0.0029249887,0.00096878,0.0070475326,0.027981764,0.9561391,0.6879004,0.00067866046,0.12434712,0.16918735,0.15716615,0.0011034028,0.02632178,0.008429658,0.0057952115,0.9998424,0.002013239,0.6645695,0.9988219,0.0038979482,0.0012708706,0.044127937,0.065841295,2.2135005e-06,0.038407974,7.12567e-05
0.1174298,0.032627523,0.024473798,0.044814683,0.2341015,0.7359279,0.5938031,0.010170512,0.20605797,0.31280687,0.37745914,0.017446408,0.2782169,0.0693872,0.03588599,0.98954993,0.031002654,0.6505506,0.9727262,0.083822355,0.020660847,0.13222565,0.21796174,0.0006466062,0.099952996,0.003871187
0.0019115363,0.00019779927,3.096173e-05,0.00074675516,0.0038723843,0.98613757,0.73717886,1.7662604e-05,0.07771253,0.048763443,0.06812592,1.3724859e-05,0.0036324265,0.000724969,0.0003550456,0.99999833,0.00010921847,0.62833303,0.9999453,0.00030606767,4.4299482e-05,0.006234272,0.015542823,2.307599e-09,0.0070330524,5.5859186e-07
0.004912666,0.0017395298,0.00055351545,0.00323453,0.022410465,0.703086,0.42680234,0.00017462092,0.20764072,0.007904218,0.20105562,5.4782554e-06,0.04036011,0.0073612523,0.0005517459,0.99996364,0.0014705908,0.2406311,0.99874806,0.013257204,0.00042613555,0.0033294475,0.030801045,9.3455924e-08,0.007218767,1.03982e-05
0.01900628,0.005102623,0.002177823,0.008933191,0.052121274,0.7939448,0.52836126,0.00086472766,0.18886493,0.054971814,0.24756566,0.00022004127,0.07461258,0.016206142,0.0034902901,0.99970347,0.004146429,0.44900945,0.9966356,0.018784797,0.0018963198,0.018968793,0.07009586,3.2251116e-06,0.024794683,0.000107586806
0.22980443,0.0012952703,0.00016832807,0.03159158,0.030208819,0.99987864,0.9857453,0.00020213735,0.04026588,0.9994998,0.032752953,0.89512324,0.016114151,0.00035059496,0.5377701,0.99976224,0.0010928836,0.99006724,0.9997521,0.0002656372,0.0016989575,0.92150384,0.13189763,1.9820718e-05,0.85519165,0.00020455763
0.10459412,0.024433874,0.017048577,0.036448736,0.17420368,0.81251156,0.6266372,0.009711425,0.17670654,0.3191077,0.32683343,0.02345796,0.18602644,0.062287223,0.035804845,0.99312466,0.02165351,0.6661049,0.98187834,0.046908647,0.017049616,0.14413206,0.19034804,0.0004517757,0.10074184,0.0029551324
0.2996318,0.078842245,0.07962508,0.10156116,0.51897234,0.8463662,0.6530357,0.025412597,0.21122295,0.75081134,0.505813,0.25209427,0.5071338,0.089046344,0.1423786,0.936118,0.07960492,0.8460305,0.9280261,0.14757894,0.07855469,0.38870132,0.3627259,0.0112712905,0.25170952,0.021837175
0.15009248,0.059398998,0.045241505,0.07145472,0.42324716,0.6916335,0.5092538,0.01161785,0.26916334,0.34118685,0.48988932,0.011644644,0.5375163,0.06604007,0.04687175,0.9741587,0.06170224,0.67033416,0.9354764,0.22717181,0.032371216,0.13617438,0.26432797,0.0013417528,0.13888478,0.0063046752
0.06600689,1.0874676e-05,1.6213905e-07,0.008399456,0.0002705488,0.9999999,0.99937195,9.645313e-07,0.00921216,0.9999931,0.0005855676,0.7679531,0.00012537326,1.3132566e-06,0.8198565,0.9999999,1.0700447e-05,0.99859184,0.9999999,5.032539e-07,7.070755e-06,0.9915529,0.02530656,2.4318214e-09,0.9945715,4.6167435e-07
0.09546805,0.045135632,0.026345896,0.054245573,0.42469874,0.68483865,0.44261324,0.0043668225,0.30255947,0.23567186,0.52687055,0.0019202543,0.592414,0.034676954,0.022478752,0.9873295,0.046469122,0.63624215,0.9490958,0.24927245,0.016647756,0.07279823,0.21215498,0.00029543188,0.093600646,0.0021652305
0.009705539,0.0010241044,0.00023531391,0.0040889108,0.011540316,0.9877275,0.7748755,0.00021253667,0.09319872,0.23978758,0.09319031,0.0006985349,0.00879174,0.0028999075,0.0041508432,0.9999696,0.0006542968,0.7329825,0.99974257,0.00088503835,0.0004382085,0.04817043,0.04861238,2.7947945e-07,0.035549864,1.5410922e-05
0.0055218623,0.0004514421,8.054693e-05,0.0023785853,0.00592777,0.99416566,0.81318873,8.355411e-05,0.07312011,0.23482007,0.06420776,0.00034016298,0.0041796095,0.0013525628,0.0025771998,0.99999154,0.00027461903,0.75681776,0.99990976,0.00034897518,0.00018109281,0.039259892,0.034318767,4.727587e-08,0.0292522,4.3409123e-06
0.07511536,0.029129267,0.018182974,0.036159415,0.23644306,0.6055764,0.48147124,0.005442178,0.260124,0.13492484,0.40893963,0.0019945656,0.34315294,0.054947875,0.016480228,0.99309194,0.029448386,0.49480632,0.9692007,0.14245848,0.012936117,0.050320026,0.16252762,0.00017384341,0.059638493,0.0017235038
0.03545675,0.011937413,0.00603263,0.016483134,0.115345314,0.65740615,0.48012397,0.0019209811,0.22663784,0.06618684,0.33603513,0.0004645375,0.1800125,0.03109591,0.0060999263,0.99866354,0.010902662,0.42962664,0.9895041,0.0604505,0.004750752,0.02393412,0.097857565,1.844662e-05,0.03151899,0.00037839432
0.00043546924,9.71308e-06,4.0080448e-07,0.00012463209,0.00031308318,0.9998944,0.9397323,5.0370477e-07,0.016808705,0.3863805,0.011700831,4.2235657e-05,0.0001224412,2.4530775e-05,0.00020660009,1.0,3.441465e-06,0.9193187,0.9999993,2.6640864e-06,2.3969435e-06,0.014591035,0.0044840593,7.813168e-12,0.007798362,7.362476e-09
0.031433403,0.0067618364,0.00309534,0.0134600485,0.058276296,0.88077164,0.6197299,0.001732943,0.16674903,0.14765453,0.2243164,0.0015474049,0.06527126,0.01961848,0.008878871,0.9994306,0.005289107,0.5912079,0.9964309,0.012663549,0.0031457683,0.0526197,0.099804364,1.3308394e-05,0.04673901,0.00026773056
0.041504525,0.010253968,0.0052709277,0.016758716,0.08938085,0.81319606,0.5830874,0.0023372865,0.18162349,0.14209746,0.28187948,0.0019008142,0.1118212,0.027761472,0.009928532,0.99883825,0.008431128,0.57142234,0.99328554,0.025732799,0.004809301,0.049950976,0.111660525,2.8055132e-05,0.047256947,0.0004638384
0.06643333,0.013889213,0.007936034,0.026412211,0.107274085,0.8751392,0.6554629,0.0042582024,0.17411113,0.31379402,0.27482718,0.009839477,0.109500326,0.03388594,0.022624612,0.9977635,0.011644797,0.6743209,0.99249697,0.02080248,0.008093775,0.11670879,0.15811303,0.00011009136,0.077132255,0.001063026
0.10307297,0.02676063,0.01913222,0.04039211,0.1866404,0.7619732,0.6023859,0.009924567,0.20091133,0.27987224,0.3402659,0.014940368,0.21407014,0.06569823,0.033343818,0.99294126,0.024431806,0.62923604,0.9804925,0.058785446,0.017517623,0.13442476,0.20844994,0.00047520225,0.09555155,0.00318477
0.39888534,0.094237685,0.09301158,0.12224602,0.73724717,0.94234806,0.6640293,0.013999649,0.22215262,0.92443836,0.6330637,0.44064102,0.71485466,0.04030127,0.21999836,0.9074641,0.09042877,0.94623727,0.91239935,0.18435833,0.10680483,0.546675,0.4310746,0.01864589,0.40267694,0.023838684
0.0025639113,0.00046665384,0.00010445777,0.0013532134,0.007256554,0.93197185,0.5965937,5.3896347e-05,0.12471078,0.014796393,0.10420681,5.5784776e-06,0.009715947,0.0021073802,0.00038613097,0.99999464,0.00031470487,0.39616272,0.9998049,0.0017186981,0.00011147723,0.0041467203,0.021536374,1.0256294e-08,0.007183411,1.8666088e-06
0.00401472,6.986644e-05,8.135268e-06,0.0015051083,0.0025930973,0.99942833,0.94402224,5.350607e-06,0.051806413,0.8246683,0.03488575,0.00039947766,0.0017801691,0.00011262595,0.0032408377,0.9999993,5.3755346e-05,0.91068417,0.9999938,3.6692094e-05,3.0648192e-05,0.103751406,0.032826524,3.0504959e-09,0.045958817,4.7809846e-07
0.021153692,0.004311555,0.0017421923,0.009551389,0.04238592,0.8908487,0.62044364,0.00089572696,0.16588038,0.11359508,0.20228602,0.0005622341,0.049310446,0.012824329,0.005253563,0.99975294,0.0032657292,0.5612235,0.99790287,0.008623563,0.001701319,0.035993557,0.081955455,3.8819785e-06,0.034101494,0.00011267483
0.014765964,0.0018503845,0.0005413768,0.0068154675,0.017824572,0.97984916,0.7516564,0.0005033773,0.11090658,0.24328478,0.11358345,0.0012563415,0.014391856,0.005420487,0.0069698617,0.9999198,0.0013045395,0.70836073,0.9994696,0.0018065227,0.00091228256,0.06455608,0.06746973,1.2259708e-06,0.048926115,4.418721e-05
0.056007948,0.011422505,0.0058431565,0.018306348,0.101305045,0.8831365,0.65401906,0.0026892973,0.15202552,0.29306892,0.27971217,0.0087298425,0.10347629,0.02687331,0.015372514,0.9982546,0.009065565,0.69538885,0.9928651,0.01862429,0.006066112,0.0832154,0.11942814,5.413081e-05,0.05971059,0.00065375667
0.12034521,0.0057385275,0.002424891,0.02732761,0.08516637,0.9919077,0.8890529,0.0013866111,0.10096402,0.94621134,0.17614378,0.270401,0.05446686,0.0063961768,0.08356046,0.99861,0.004895939,0.926165,0.9979103,0.0032767223,0.006172171,0.44782627,0.16311574,0.00010505204,0.21535793,0.00064386846
0.14945923,0.01328229,0.008220945,0.044052202,0.1358961,0.97011995,0.82447124,0.005011352,0.13386329,0.85425776,0.24319808,0.20120585,0.10388277,0.02123837,0.09483607,0.9956305,0.0125108715,0.86715305,0.9940824,0.011438631,0.013911292,0.40543133,0.21927871,0.00050596875,0.2085752,0.0022417402
0.3286286,0.11377575,0.106468335,0.1261518,0.6622365,0.8660793,0.60020775,0.02357401,0.25137693,0.79077744,0.5931065,0.22508731,0.672786,0.07237077,0.16836514,0.9089798,0.10925504,0.8840315,0.89362586,0.2321661,0.1082865,0.4224773,0.3970869,0.016346414,0.32566294,0.027708624
0.13182403,0.011886498,0.007159127,0.03953464,0.12997454,0.96669155,0.81538266,0.0036829172,0.1368189,0.828391,0.25919372,0.12642066,0.10392989,0.019159265,0.070666336,0.9967505,0.01093592,0.8560524,0.9949492,0.010732104,0.011038873,0.34627646,0.20872504,0.00032306422,0.16839662,0.0016283931
0.010231157,0.0033284319,0.0012081694,0.0053598657,0.042973015,0.7137472,0.45949617,0.00031212563,0.20536335,0.022809874,0.26551276,2.9228386e-05,0.07519979,0.010623188,0.0011688014,0.9998766,0.0027425378,0.34931841,0.9975732,0.020498384,0.00089474826,0.0064414893,0.04679645,5.178714e-07,0.011241396,3.1181982e-05
0.00079795584,8.854339e-05,1.1737648e-05,0.00032924372,0.002309493,0.98180306,0.6922189,5.2553255e-06,0.076656185,0.015756207,0.06148917,1.3228587e-06,0.0025841207,0.00040339792,9.256701e-05,0.99999964,5.0316354e-05,0.5136964,0.99997246,0.00023997386,1.4794143e-05,0.0018534333,0.00853118,2.0546057e-10,0.0028267966,1.0056829e-07
0.0761223,0.009602494,0.0045324466,0.021930026,0.087317586,0.9658738,0.7673699,0.0030690068,0.118901454,0.63173234,0.21990572,0.0620479,0.060969308,0.019378765,0.033880875,0.9981932,0.007359908,0.82668483,0.9954873,0.0076344823,0.0074284533,0.20460527,0.13794822,9.571765e-05,0.10520515,0.00077177404
0.06725361,0.026808728,0.016008569,0.033449505,0.24723196,0.6243713,0.47162965,0.0038050653,0.26566744,0.13887821,0.42686605,0.0012863502,0.37541452,0.043332864,0.013644715,0.99418867,0.027156524,0.5220742,0.9713036,0.14786898,0.0103975935,0.043534454,0.15836099,0.000115029194,0.05566498,0.0012299798
0.22072715,0.08859283,0.0767499,0.10043182,0.50382257,0.72908235,0.54613185,0.023008868,0.27037317,0.49121055,0.5108781,0.04941844,0.56980777,0.09081467,0.090027325,0.9477717,0.089752786,0.73606175,0.9081218,0.2401146,0.06333457,0.23641048,0.32276937,0.0052731037,0.20561418,0.016132789
0.14846967,0.051251072,0.04241693,0.06515766,0.3127371,0.6462736,0.5480002,0.018007662,0.2442104,0.28504175,0.41699374,0.018350406,0.38348624,0.09940191,0.049549136,0.97877204,0.052061636,0.5974282,0.9487304,0.15716463,0.033421803,0.14387378,0.25613514,0.0015793886,0.12199065,0.007658562
0.17074229,0.06362983,0.052447073,0.07644131,0.41273624,0.69273037,0.5381264,0.016331868,0.25782642,0.3770567,0.47238547,0.022218127,0.4995389,0.08224941,0.05841832,0.96911687,0.066148706,0.6768367,0.93225724,0.20786437,0.040012863,0.1659292,0.27840188,0.002168896,0.1513847,0.008907114
0.0022756758,0.00020588348,3.3461827e-05,0.0009867591,0.0036084945,0.99084103,0.7658912,2.9036799e-05,0.073750235,0.069201946,0.057790834,2.5993746e-05,0.0031070255,0.0007899326,0.0006635667,0.999998,0.00012310651,0.65648353,0.9999523,0.00026774305,5.7701094e-05,0.011360396,0.02061443,4.425107e-09,0.011961386,8.65488e-07
0.12162375,0.028111283,0.019798534,0.03840833,0.21012199,0.82250625,0.6496389,0.009315766,0.17220518,0.4228263,0.35067314,0.042468663,0.210728,0.060573585,0.040094417,0.9904936,0.025064927,0.71889764,0.97819513,0.049736295,0.019477377,0.16129398,0.19849484,0.00062507053,0.10300087,0.003561316
0.0069928467,0.0007987166,0.00017275297,0.0026061956,0.010342829,0.98494685,0.750274,0.000118614684,0.08999573,0.16312927,0.098142564,0.0003115952,0.008226303,0.0022778865,0.0020461807,0.99998116,0.00047581643,0.7193267,0.9997625,0.00079002936,0.0002751146,0.025357515,0.03410389,9.821259e-08,0.020792743,7.4896434e-06
0.04862955,0.012037494,0.006758647,0.02026558,0.09719328,0.8056356,0.57990336,0.003439679,0.18634348,0.1480893,0.28046778,0.0025922526,0.12084097,0.03463921,0.013319468,0.99842346,0.010212337,0.5620097,0.9920271,0.030026281,0.006306949,0.06252765,0.12698777,4.9712926e-05,0.05831581,0.00068836694
0.12695262,0.0031190165,0.0008582858,0.015736645,0.07300568,0.9983177,0.932506,0.0005074242,0.061693452,0.9871681,0.12676732,0.6403548,0.031817466,0.0022788718,0.08437463,0.99917597,0.0022291096,0.97146255,0.9986727,0.0010597067,0.0037729822,0.5210716,0.11369928,4.076842e-05,0.23654902,0.00025453372
0.10855929,0.053896975,0.03513702,0.062405907,0.39196423,0.61539245,0.4491573,0.0083174575,0.30718735,0.20497514,0.49284637,0.0032414987,0.5340925,0.057975784,0.028641231,0.98202664,0.056508828,0.5613828,0.9363533,0.25507304,0.023161344,0.07884292,0.2189471,0.00057558465,0.09657841,0.0037836437
0.3089251,0.0016533729,0.0003993014,0.04450138,0.08116052,0.9996407,0.98106617,0.00018545458,0.05901467,0.9996203,0.09417182,0.7992024,0.066484466,0.0004026921,0.50073105,0.9995509,0.0019686832,0.9868161,0.9996271,0.00071053696,0.0022130737,0.90767294,0.24168155,5.397664e-05,0.78348285,0.00031710733
0.031706326,0.007418967,0.003350016,0.011958253,0.07099809,0.8525136,0.59759325,0.0013977914,0.16442022,0.13888088,0.26546934,0.0015149624,0.08457519,0.019667111,0.006945233,0.9993198,0.005892258,0.59021527,0.995129,0.017637406,0.0032117027,0.038355246,0.08439392,1.17903655e-05,0.0368664,0.00024123787
0.018541757,0.0031333996,0.0010551453,0.006412143,0.032881696,0.94581836,0.67563796,0.00055488356,0.12463966,0.17009237,0.18188228,0.0011566157,0.03161143,0.008380267,0.004566385,0.9998264,0.0021419362,0.672065,0.9985055,0.004551266,0.0012558037,0.0350594,0.0575223,2.0153655e-06,0.030260513,6.4848886e-05
0.4186471,0.08841013,0.083299965,0.12002109,0.7523638,0.9563082,0.68678635,0.011250738,0.21664852,0.94675744,0.6430511,0.5117209,0.72006553,0.031752948,0.23366888,0.91167927,0.08150032,0.95688957,0.9214431,0.16561277,0.1019559,0.5794058,0.4372685,0.018112322,0.42079034,0.021842811
0.0076693464,0.0009417744,0.0002175996,0.0028768799,0.011453766,0.9809533,0.73274755,0.00016051828,0.094703026,0.13611618,0.10398163,0.00030320138,0.009675721,0.002825481,0.0022163002,0.9999753,0.0005704856,0.6904988,0.9996922,0.0010895925,0.00033752475,0.024906386,0.03642835,1.4375453e-07,0.022188175,1.00164525e-05
0.0034457583,0.00021578908,2.9040704e-05,0.0013428784,0.0034478747,0.99751174,0.8519302,2.9274048e-05,0.05375192,0.30245394,0.047758054,0.00028769628,0.0020906695,0.00059547287,0.0015955301,0.9999974,0.00011519802,0.8143239,0.99996436,0.00012429681,8.052858e-05,0.034550566,0.022992099,8.918678e-09,0.022504643,1.2393898e-06
0.0027766307,0.00024694734,4.063459e-05,0.0011858382,0.003879813,0.99203,0.77868015,3.7983347e-05,0.071056955,0.09148486,0.05778463,5.0475337e-05,0.0031207916,0.00090310257,0.0008945781,0.99999714,0.00014131752,0.6838881,0.99994504,0.00026836895,7.505485e-05,0.015139116,0.022487557,7.466289e-09,0.014708995,1.2397007e-06
0.011742275,0.0039287102,0.0015194165,0.0064985477,0.044145703,0.71581227,0.46492046,0.00046989383,0.20637098,0.02405493,0.2547911,4.7725913e-05,0.07415335,0.013390745,0.0016378026,0.9998318,0.0034113128,0.3433043,0.9970884,0.022472635,0.0012007201,0.0083732875,0.050424434,9.477483e-07,0.014551838,4.870673e-05
0.0022212998,0.00049449503,0.00011039811,0.0012818469,0.00779785,0.9053271,0.55457234,4.6777328e-05,0.13444217,0.010305528,0.117343016,3.4661125e-06,0.011132465,0.0022782744,0.00028744104,0.99999475,0.00034881535,0.34480047,0.9997663,0.0022469917,0.00010872787,0.002853074,0.018691026,8.059552e-09,0.00560689,1.6051254e-06
0.024376148,0.0015192522,0.00031606274,0.0070203063,0.017103842,0.9964126,0.8725826,0.0002818338,0.07187919,0.74829745,0.089201845,0.02184249,0.009284925,0.0024235258,0.015248141,0.99990857,0.00089982356,0.8951418,0.9996357,0.00066559826,0.00097612996,0.16167863,0.059624907,1.5786044e-06,0.08738034,4.308466e-05
0.0020522187,0.00028226513,5.1630344e-05,0.0009468902,0.00482738,0.97181433,0.67178386,2.9534413e-05,0.09818138,0.026231466,0.07989015,7.8274725e-06,0.005416316,0.0011636402,0.00036776692,0.9999974,0.00017458794,0.51507366,0.999907,0.00066788297,6.4379434e-05,0.004965003,0.017780889,4.2483252e-09,0.0072012367,9.078379e-07
0.15285036,0.00134882,0.00028882307,0.027400304,0.040000673,0.9995351,0.97524136,0.0001783393,0.061716374,0.99818856,0.07168559,0.5592591,0.026973736,0.00052445434,0.2704218,0.9998055,0.00133014,0.9793051,0.9997627,0.00044607802,0.0016972455,0.81306916,0.16153659,1.6381704e-05,0.626138,0.00015402683
0.00058660074,2.6234287e-05,2.209506e-06,0.00021896427,0.0007860205,0.99870527,0.8588444,2.2940674e-06,0.035632815,0.08519166,0.024580484,6.4032024e-06,0.00051256415,0.00010634811,0.00017908722,0.9999999,1.2972084e-05,0.7704964,0.99999654,2.1834812e-05,5.8562255e-06,0.006934732,0.008081906,4.8706494e-11,0.005955536,3.194419e-08
0.004048083,0.00036680856,6.443213e-05,0.001656514,0.005506735,0.991979,0.7854571,5.496297e-05,0.075720355,0.15040812,0.06745741,0.0001346869,0.004085345,0.0011445225,0.0013851105,0.9999945,0.00021044516,0.7250109,0.9999176,0.00032673404,0.00012108703,0.022936657,0.027704345,1.975814e-08,0.01790266,2.3846883e-06
0.0035280858,0.000445464,9.292901e-05,0.0015738852,0.0071128733,0.9736118,0.70196325,5.6653582e-05,0.10104355,0.053755045,0.08836696,2.9669038e-05,0.007264067,0.0016412694,0.0007711499,0.9999938,0.00027780863,0.5831172,0.9998627,0.0007815976,0.000119570184,0.010355151,0.026534168,1.7605393e-08,0.011691913,2.462976e-06
0.007387182,0.0013615459,0.00037349676,0.003010976,0.01764648,0.93061537,0.6253122,0.00016325146,0.1286049,0.05554914,0.15730377,8.528516e-05,0.020884698,0.004477041,0.0012335805,0.99996483,0.00091888104,0.5399506,0.99935335,0.003219216,0.00039435583,0.010810344,0.033613257,1.5698143e-07,0.013418359,1.1673115e-05
0.055274352,0.00994021,0.004943865,0.020447714,0.080013946,0.92429966,0.6918647,0.0031455308,0.15164055,0.35669765,0.23562907,0.011871257,0.07084624,0.024217276,0.020589719,0.9986601,0.0077907657,0.71365434,0.9951994,0.011441673,0.006021084,0.12235292,0.13479519,5.8541722e-05,0.07516879,0.00065388315
0.26444274,0.091794245,0.0898244,0.105935775,0.5078872,0.7710515,0.59392935,0.030418089,0.24075557,0.60857815,0.50130457,0.13243394,0.53337485,0.10848407,0.12184211,0.93299514,0.09374476,0.78187215,0.90849894,0.200852,0.08013504,0.3111177,0.34748518,0.009919105,0.23554492,0.02312041
0.05036312,0.014636349,0.008202987,0.020857994,0.13193837,0.72942513,0.5409675,0.0028087518,0.2037283,0.1356961,0.33921254,0.0017718787,0.18301994,0.03535077,0.010640166,0.9978528,0.012936642,0.54553664,0.988318,0.05165843,0.0066739433,0.045200095,0.12647006,4.8252645e-05,0.047322106,0.0006794154
0.02143379,0.007111365,0.003059211,0.010077122,0.086355455,0.69058067,0.47594637,0.00070024515,0.21831247,0.053208992,0.33154535,0.0001366896,0.14635697,0.017275048,0.0028118934,0.9994898,0.006117401,0.44172868,0.9942731,0.041032527,0.0021756128,0.01305796,0.076292306,3.6923986e-06,0.01952644,0.000116263174
0.275305,0.0008035792,7.113178e-05,0.038822435,0.018654386,0.99995935,0.99221593,0.00011313725,0.034040857,0.9998677,0.018082086,0.9225643,0.011095559,0.0001474014,0.74648625,0.99989283,0.0007499255,0.9931399,0.9998938,0.00013411211,0.0009126528,0.96659833,0.1298051,9.707181e-06,0.94933337,0.00013493885
0.3265902,2.3665576e-05,1.0750286e-06,0.027417568,0.004094114,0.9999993,0.99935323,9.280638e-07,0.018373517,0.9999995,0.0049036695,0.83376104,0.005131956,9.706964e-07,0.944321,0.99999917,4.9539434e-05,0.99869907,0.9999993,3.6498648e-06,1.9513916e-05,0.9967091,0.16521564,5.2095086e-08,0.9962155,3.1122916e-06
0.13339677,0.00084811344,0.00012797878,0.022687139,0.022586806,0.999821,0.9833762,0.00010442432,0.049033336,0.9989561,0.04133661,0.63317394,0.013514306,0.00027618292,0.32029995,0.99990857,0.0007748127,0.9855157,0.99988246,0.00019800325,0.0010238058,0.8534216,0.1256647,6.215954e-06,0.7263298,8.380986e-05
0.060391072,0.00018270775,1.925311e-05,0.014136256,0.0059708273,0.9999442,0.9911094,1.695228e-05,0.042427193,0.9992662,0.020096056,0.20189294,0.004327837,5.8891514e-05,0.24648835,0.9999938,0.00019114003,0.9862557,0.9999895,4.0745024e-05,0.00016941511,0.8603891,0.09145579,2.790235e-07,0.7607773,9.781505e-06
0.2989404,0.0020940814,0.0004766878,0.04390587,0.08070199,0.9995988,0.9791387,0.00026630925,0.057970446,0.9994653,0.08715535,0.8416883,0.059481923,0.0005589597,0.49184215,0.99942577,0.0021426242,0.9864114,0.99950564,0.0007561021,0.002763875,0.9031816,0.22755057,7.056918e-05,0.7718743,0.0003869946
0.33442676,0.050767474,0.050386135,0.0852599,0.49413687,0.9339394,0.7426609,0.014802053,0.16938604,0.905191,0.47657666,0.50981086,0.424044,0.05197547,0.17306168,0.95436424,0.05105874,0.9090375,0.95485747,0.07320264,0.060037874,0.48820457,0.3538172,0.008795256,0.27612874,0.014356517
0.2166692,0.0009011182,0.0001355222,0.017603878,0.057389937,0.99988055,0.98417443,6.146546e-05,0.04146692,0.99972004,0.0718285,0.8726081,0.031154152,0.00017172114,0.29454646,0.99980825,0.00069939945,0.99306136,0.99976534,0.0002118506,0.0011924601,0.8618126,0.14396743,1.0684764e-05,0.6308417,7.965159e-05
0.18346429,0.00041085537,6.211348e-05,0.031302184,0.020624124,0.99991226,0.9914995,4.025775e-05,0.04719004,0.99981314,0.036602132,0.56004196,0.01869732,8.98675e-05,0.5323302,0.99996185,0.0005836213,0.9890203,0.99996114,0.0001329628,0.0004769719,0.93593204,0.17574976,3.3935235e-06,0.8804697,5.3823514e-05
0.058627542,0.00016420345,1.9025216e-05,0.012649944,0.0071536284,0.9999367,0.99094206,1.29754e-05,0.04215848,0.999283,0.02489279,0.16925393,0.005464315,5.1780484e-05,0.20371899,0.9999939,0.0001803768,0.98644793,0.99998987,4.1689545e-05,0.0001574097,0.8405224,0.096532494,2.426398e-07,0.7026873,8.265768e-06
0.0052595846,2.4581776e-05,2.3106295e-06,0.0021451968,0.0013523181,0.9999243,0.9846593,1.6790123e-06,0.03780338,0.98235554,0.015486772,0.0010070638,0.001018484,2.2346308e-05,0.013327918,0.99999976,2.2153981e-05,0.9641729,0.99999905,9.528066e-06,1.2542347e-05,0.3536763,0.041879024,1.3275308e-09,0.21135834,2.3780811e-07
0.072419,0.00456689,0.0019295196,0.025578499,0.05750364,0.98657763,0.862263,0.0011623462,0.12651156,0.84093505,0.170166,0.044615712,0.044819664,0.0065210536,0.051865198,0.9993863,0.0042542233,0.86054885,0.9987055,0.003454323,0.003808941,0.31586736,0.15630174,3.9017898e-05,0.17243813,0.00038586676
0.23505071,0.0005803013,8.911092e-05,0.03838944,0.027945628,0.9999032,0.99113524,5.7133522e-05,0.04804412,0.99985075,0.040313695,0.6934969,0.025104186,0.000111539965,0.61101073,0.99993217,0.00077810383,0.98988664,0.99993706,0.00018043064,0.00067804824,0.94665617,0.19655274,7.0454994e-06,0.8998626,8.702294e-05
0.063702196,0.0008053074,0.00015689587,0.014956665,0.01967967,0.99941695,0.96753114,9.517692e-05,0.065666646,0.99253005,0.06308933,0.1673245,0.012817877,0.00045616395,0.099051386,0.9999411,0.00069765,0.9675809,0.9998902,0.00025485718,0.00081533764,0.6234295,0.10847554,2.6777598e-06,0.383198,4.8087186e-05
0.0682035,0.000108548666,1.1530818e-05,0.013658055,0.00600626,0.9999646,0.99391526,8.444016e-06,0.037610903,0.99969757,0.019615049,0.18741909,0.0050172945,2.9260596e-05,0.28902718,0.9999963,0.00014093523,0.9894712,0.9999944,2.9083136e-05,0.00010446725,0.8964685,0.102859944,1.599046e-07,0.81122804,5.9953295e-06
0.12566455,0.00049733534,5.541759e-05,0.02082692,0.013813041,0.9999285,0.98936135,5.133494e-05,0.041136548,0.99954873,0.026058514,0.6590582,0.008330541,0.00012754057,0.3949711,0.999962,0.00045924375,0.9896304,0.9999496,9.267326e-05,0.00055300264,0.9005856,0.109729856,2.3768757e-06,0.81862736,4.384495e-05
0.106312305,0.00039742974,5.6145916e-05,0.020482125,0.015231604,0.9998901,0.98884404,3.568792e-05,0.048646636,0.99943167,0.03596752,0.39718705,0.011630844,0.0001100437,0.31599742,0.9999734,0.00044166617,0.9865763,0.9999651,0.00010464841,0.0004305573,0.8758893,0.13112767,1.6825195e-06,0.7586009,3.193643e-05
0.6157104,0.003102831,0.0003995596,0.11377378,0.08526337,0.99982077,0.9876374,0.00052303734,0.051038247,0.99991167,0.043019406,0.95903105,0.076786585,0.00042346268,0.902258,0.9988727,0.0032869189,0.9898511,0.9993193,0.0010080828,0.0030677333,0.9822503,0.28476536,0.0002076927,0.9742664,0.001230156
0.57669485,0.005545471,0.0017062951,0.082203604,0.33373588,0.99941075,0.9701208,0.00043833922,0.078241,0.99979967,0.21274734,0.93453556,0.2934043,0.0006391168,0.6666415,0.99560034,0.0057762386,0.99140465,0.99751127,0.0037388697,0.007068061,0.93617475,0.40161446,0.00068107375,0.832699,0.0015463599
0.22316281,0.00021937529,2.160465e-05,0.034659274,0.012212607,0.99997854,0.99596953,1.829731e-05,0.03697785,0.99996686,0.017938115,0.7193953,0.011361907,2.8082117e-05,0.7599412,0.9999851,0.0003376308,0.99410534,0.99998546,4.9996703e-05,0.00022683111,0.97570723,0.16885684,1.3835175e-06,0.962725,2.9954668e-05
0.15925282,4.4927096e-05,2.6389794e-06,0.021534927,0.0035882315,0.99999666,0.9984999,2.818915e-06,0.025074773,0.9999926,0.006590199,0.61218613,0.0035156154,4.422343e-06,0.80334246,0.9999988,7.869225e-05,0.99688345,0.99999857,7.756079e-06,4.01661e-05,0.9873633,0.12491374,8.510622e-08,0.9829206,4.072373e-06
0.16425815,9.5963405e-05,7.734643e-06,0.022951938,0.007065872,0.99998987,0.9972722,6.3168395e-06,0.030239327,0.9999783,0.013205792,0.6096273,0.006704676,1.1705878e-05,0.7022503,0.9999957,0.00015477445,0.9954391,0.99999523,2.0383799e-05,9.650916e-05,0.9759001,0.13859881,2.9376528e-07,0.9607544,9.597557e-06
0.23135795,0.0013216994,0.00024338062,0.020794215,0.07333291,0.99977773,0.979195,0.000113562666,0.04707285,0.99951994,0.088041544,0.8662059,0.040406294,0.0003087911,0.2873941,0.99965847,0.0010672635,0.99086386,0.99960154,0.00036803345,0.0018154053,0.84384125,0.16007057,2.2469654e-05,0.5967027,0.00013817883
0.31692913,1.7919732e-05,6.7334514e-07,0.025056353,0.003179153,0.9999995,0.9994836,6.5271564e-07,0.016283242,0.99999976,0.003736515,0.858245,0.0037850365,6.409926e-07,0.9517076,0.9999995,3.651644e-05,0.998958,0.9999995,2.330625e-06,1.4122469e-05,0.9973379,0.148707,3.1428673e-08,0.9970175,2.1832418e-06
0.11727506,0.0009697312,0.0002143005,0.024154615,0.031048752,0.99949884,0.9755588,0.00011533563,0.06479222,0.9974942,0.07139814,0.32733667,0.023507562,0.0004251526,0.20741758,0.9998945,0.0010160126,0.9751946,0.99986184,0.00036782637,0.0011099232,0.77370113,0.15306129,7.6107726e-06,0.56958395,9.312896e-05
0.08435691,0.00070057524,0.00014474819,0.020451335,0.020971416,0.9995413,0.97609496,8.4570944e-05,0.06546328,0.9963198,0.060565203,0.17882437,0.01637384,0.00034774336,0.16368683,0.99994624,0.00073155004,0.9708388,0.99991953,0.0002651547,0.00072670286,0.7362292,0.1357604,3.2478006e-06,0.5360509,5.4633183e-05
0.017725753,0.0032509675,0.0012059876,0.007907187,0.032603662,0.9262142,0.6450128,0.0006827625,0.14940159,0.12504353,0.1744068,0.00055759726,0.03457154,0.0098306965,0.004901906,0.9998362,0.0024427304,0.5939851,0.99853826,0.0055793277,0.0012951295,0.03562813,0.07079854,2.288489e-06,0.033301476,7.482546e-05
0.28887188,0.0012028334,0.00016531556,0.041640997,0.039997786,0.99989116,0.9883633,0.00014359137,0.044268683,0.9997993,0.040188253,0.89695466,0.026426753,0.00022790942,0.64700526,0.99976987,0.0011973281,0.99122334,0.9997929,0.0002829897,0.001485525,0.94734883,0.17880292,2.3600958e-05,0.8966193,0.00020965388
0.07369564,0.00030198513,4.888477e-05,0.016334962,0.012673061,0.99983585,0.98627985,2.8539216e-05,0.05153116,0.9985838,0.040723287,0.15838258,0.010411316,0.00011924772,0.18579379,0.9999831,0.0003452162,0.98051786,0.99997497,0.00010528549,0.00030387682,0.7997417,0.119850874,8.1083397e-07,0.6337522,1.9760471e-05
0.30604938,1.4627338e-05,5.3203036e-07,0.024249867,0.0026231643,0.99999964,0.9995421,5.4283635e-07,0.015944727,0.99999976,0.0031682597,0.8365226,0.0032081264,5.3720737e-07,0.9545111,0.99999964,3.08047e-05,0.9989793,0.99999964,1.8908303e-06,1.1255592e-05,0.99760723,0.14679736,2.2279595e-08,0.9974468,1.6974566e-06
0.31690863,2.7906877e-05,1.2446026e-06,0.02757278,0.004284636,0.99999917,0.99928814,1.1209092e-06,0.018693022,0.9999994,0.0051182895,0.84839094,0.0050594844,1.1748573e-06,0.9397798,0.99999905,5.504789e-05,0.99864334,0.99999917,4.072074e-06,2.3014738e-05,0.9963362,0.15830483,6.451366e-08,0.9956618,3.6147017e-06
0.4364101,0.0015633792,0.00025904164,0.07180096,0.06439159,0.9998499,0.98891723,0.00019184538,0.051321577,0.99990535,0.05194727,0.9070304,0.057248555,0.00024493775,0.8002249,0.9996146,0.0019106696,0.990651,0.9997334,0.00049128965,0.0017924308,0.96965384,0.26841426,6.145625e-05,0.9443945,0.00042154957
0.5743017,0.0019597858,0.00021719458,0.10221569,0.058986414,0.9999043,0.99091446,0.00029196986,0.04516022,0.9999467,0.032423776,0.95554215,0.052103918,0.00024242484,0.91075814,0.9994661,0.0021514834,0.9917943,0.9996644,0.0005388111,0.0018776532,0.98517346,0.2604258,8.911534e-05,0.98037547,0.0006846794
0.3135731,4.3792716e-05,2.3482858e-06,0.030720279,0.005553682,0.99999833,0.9989986,2.0326934e-06,0.02177197,0.9999988,0.006777341,0.82961226,0.0065070344,2.275358e-06,0.9245436,0.9999982,8.303669e-05,0.9981529,0.99999833,7.228822e-06,3.74919e-05,0.9949302,0.16805893,1.331211e-07,0.9937482,6.0220673e-06
0.16409114,0.0016476002,0.0003729789,0.0196919,0.06371445,0.9994288,0.9676924,0.00017348143,0.057931595,0.9980192,0.103321224,0.6916553,0.035712324,0.0006376022,0.17246394,0.999658,0.0013671292,0.9832149,0.9995407,0.0005252003,0.00215477,0.7372891,0.14790744,2.2223474e-05,0.43695638,0.00015439886
0.23394325,0.00038013994,3.5904657e-05,0.036479566,0.015477868,0.9999708,0.99469274,3.3367345e-05,0.037158486,0.9999442,0.020418737,0.8187662,0.012155373,5.118985e-05,0.73317677,0.9999682,0.0004597768,0.9938421,0.99996865,7.252861e-05,0.00039196797,0.97040313,0.15733854,2.9855184e-06,0.95147157,5.124426e-05
0.11898851,0.0005829692,0.00010680127,0.024201203,0.021891328,0.9997675,0.984417,6.43531e-05,0.056380384,0.9989134,0.05043039,0.33666813,0.017543023,0.00020610132,0.28287113,0.99995005,0.00067810673,0.98110926,0.99993706,0.00020504344,0.0006525391,0.8437881,0.15002874,3.595425e-06,0.7060177,5.4508902e-05
0.23187093,0.00028966359,3.0906536e-05,0.041434214,0.012722337,0.99996877,0.9952975,2.8598693e-05,0.04143657,0.9999502,0.018358706,0.6955367,0.012251651,4.343333e-05,0.7724066,0.99998057,0.0004350902,0.992667,0.99998164,6.9150716e-05,0.0002871255,0.97523195,0.17944674,2.171199e-06,0.9645725,4.240018e-05
0.19464245,0.0006108214,8.658019e-05,0.03718903,0.021183379,0.99989927,0.9903723,6.9976784e-05,0.049740702,0.99975556,0.032960277,0.65777,0.017330425,0.000133497,0.5861635,0.9999409,0.00076446316,0.9883465,0.9999403,0.00016748895,0.0006911442,0.9408217,0.17323662,6.039528e-06,0.89672256,8.371848e-05
0.015988832,3.953014e-05,3.0898243e-06,0.003926475,0.0020246713,0.99997497,0.9920551,2.1342948e-06,0.030663108,0.99847955,0.014273813,0.029007317,0.0013521435,1.6127533e-05,0.05447172,0.9999995,3.3094588e-05,0.9871618,0.99999845,7.632622e-06,2.9056468e-05,0.68194324,0.04791223,7.1909776e-09,0.4564299,6.9132625e-07
0.024749944,3.586691e-05,2.8403413e-06,0.0058874725,0.0020994092,0.9999825,0.9946308,2.2287325e-06,0.030213833,0.9994211,0.012225723,0.045523725,0.0016069149,1.2459883e-05,0.1184649,0.9999995,3.8165548e-05,0.989377,0.9999988,7.772954e-06,2.796293e-05,0.81699246,0.06092769,1.0721149e-08,0.6732343,8.88434e-07
0.26030964,3.5324905e-05,1.8301636e-06,0.025565736,0.0045339423,0.99999845,0.9990483,1.6168646e-06,0.020978656,0.9999987,0.006259347,0.7928846,0.0050910916,1.9878173e-06,0.9050288,0.9999988,6.786499e-05,0.99817526,0.9999988,5.6879817e-06,3.090751e-05,0.99415004,0.15211785,8.395459e-08,0.99239653,4.1950047e-06
0.20839174,0.0031275875,0.0012891172,0.048495803,0.08556385,0.9975745,0.955208,0.0006151414,0.09114414,0.99478996,0.14216559,0.4063072,0.075008854,0.0018932546,0.2725805,0.9992229,0.0039043855,0.95810795,0.9992667,0.0021007983,0.0040078578,0.7635803,0.24750191,0.00010477821,0.5604276,0.0005853404
0.5919491,0.012257666,0.005232278,0.08431249,0.6046026,0.99883467,0.93980646,0.0006840768,0.10504379,0.99950075,0.40542603,0.926184,0.5308558,0.0011479231,0.5257049,0.985879,0.010553039,0.9926495,0.99177814,0.012275067,0.016393565,0.8934607,0.44850305,0.0020610609,0.72151655,0.0027925821
0.10998349,0.0013610622,0.0002710277,0.011267773,0.050442815,0.9994554,0.9598468,0.00012958547,0.052690323,0.996212,0.09827982,0.6345827,0.02176815,0.0006250461,0.08300075,0.9997546,0.0009583183,0.98329306,0.99955744,0.00035700042,0.001649999,0.58856547,0.09979785,9.287259e-06,0.26482505,7.7888566e-05
0.2415007,0.00016806471,1.4483339e-05,0.032394312,0.011449863,0.999987,0.9968573,1.1721608e-05,0.032717634,0.99998343,0.016159497,0.77149796,0.010887806,1.7367332e-05,0.7939015,0.9999888,0.00026349744,0.995538,0.99998915,3.5008394e-05,0.00017196788,0.98116267,0.16672577,9.533869e-07,0.97017336,2.2951526e-05
0.41994017,0.0056858747,0.0021462208,0.043977756,0.3016176,0.9988343,0.95216197,0.0005524734,0.07629046,0.9990669,0.24862278,0.90508115,0.2125645,0.0013276682,0.34402478,0.99592835,0.0048318696,0.9878372,0.99664587,0.003542034,0.007702726,0.8285482,0.29808223,0.0004752451,0.54153144,0.0010184534
0.33058125,0.001097448,0.00016032276,0.051662974,0.043515995,0.99989176,0.9898211,0.00012243804,0.047408942,0.9998803,0.043050904,0.87726325,0.034758918,0.00018151964,0.72231245,0.9998011,0.0012644419,0.9911088,0.99983764,0.0002948112,0.0012832652,0.96077687,0.21740226,2.496897e-05,0.92537236,0.00021573498
0.2429501,0.00018677134,1.7736555e-05,0.03637328,0.011348113,0.99998283,0.9965076,1.5351927e-05,0.036114313,0.99997807,0.015995016,0.72645056,0.011156111,2.221966e-05,0.80337584,0.99998784,0.00031006106,0.9946239,0.99998856,4.267143e-05,0.0001874189,0.9809466,0.1766943,1.1528028e-06,0.9724335,2.6982601e-05
0.6532371,0.0007539622,3.7436348e-05,0.11250929,0.019902458,0.9999827,0.99628675,0.000107897074,0.033637214,0.9999907,0.008934808,0.9556595,0.019305313,6.0963135e-05,0.97499305,0.999899,0.0008765749,0.9947207,0.99993455,0.00015123938,0.0005068521,0.99556905,0.2044919,1.3433522e-05,0.9973003,0.00025447938
0.2668449,0.0013118383,0.00019159126,0.029351372,0.050828245,0.99986887,0.98527503,0.00014190126,0.042118046,0.999706,0.051792417,0.91254526,0.029093847,0.0002725862,0.49348667,0.9996977,0.0010983009,0.9918127,0.99969363,0.0002979539,0.0017541534,0.9164054,0.15980384,2.4651357e-05,0.803425,0.00018782732
0.23564538,0.020072646,0.01549432,0.059769988,0.23510274,0.9635181,0.8266896,0.008102961,0.13319111,0.9138861,0.30749983,0.4106573,0.18240897,0.029685624,0.14270505,0.9891739,0.02099296,0.88720596,0.9882747,0.020511836,0.024909306,0.49523872,0.28351954,0.001885446,0.2577829,0.0049788146
0.6186468,0.0064540654,0.0016984206,0.07638842,0.399143,0.999553,0.968436,0.00041985195,0.07608398,0.99983525,0.22501056,0.9604455,0.33308366,0.00055362313,0.66547817,0.994286,0.0053467974,0.99364847,0.9964779,0.0037845282,0.008034585,0.9396085,0.38615686,0.00079379836,0.82589346,0.0015673761
0.18710677,0.000702793,7.863178e-05,0.023259684,0.022813667,0.99993384,0.9893188,7.187562e-05,0.03736038,0.99973375,0.030203357,0.8580353,0.012543226,0.00014677056,0.4784644,0.999908,0.00060486386,0.9923046,0.999894,0.00012667384,0.0008817994,0.9203834,0.12050431,5.942426e-06,0.83949745,7.901634e-05
0.18342525,0.0021624682,0.000541285,0.032321177,0.056721017,0.9992244,0.96892536,0.00034517914,0.065689996,0.9975701,0.08657025,0.6529378,0.037279718,0.00095658225,0.2900968,0.99958223,0.0020887086,0.9765803,0.9995309,0.0007656238,0.0028610236,0.8122456,0.18182544,4.301844e-05,0.612425,0.0003135746
0.32001984,2.295387e-05,8.971244e-07,0.026165167,0.0037132085,0.9999994,0.99939513,8.5846773e-07,0.017271534,0.99999964,0.0042942814,0.8674774,0.0043096985,8.536291e-07,0.94811195,0.9999993,4.5433513e-05,0.9988632,0.9999993,3.0027627e-06,1.841203e-05,0.9969549,0.1506938,4.57699e-08,0.9964893,2.8677389e-06
0.27987722,5.2084022e-05,3.029374e-06,0.028302334,0.006234036,0.9999976,0.9987723,2.5043496e-06,0.023019023,0.999998,0.008306185,0.80979794,0.006914075,3.121596e-06,0.89581704,0.99999774,9.747427e-05,0.9978714,0.99999785,9.039305e-06,4.7306137e-05,0.9928686,0.16224067,1.635136e-07,0.9903098,6.760496e-06
0.30872068,4.1346317e-05,2.2157965e-06,0.028860755,0.0057308064,0.99999833,0.99901044,1.8303815e-06,0.021355905,0.9999989,0.0071881064,0.82988566,0.006675334,2.1093933e-06,0.91961133,0.9999982,8.091222e-05,0.9982279,0.99999845,6.9098874e-06,3.638532e-05,0.9946966,0.16663703,1.2120526e-07,0.99319386,5.5959545e-06
0.39027092,7.385393e-06,1.8459116e-07,0.022776853,0.0021635073,0.9999999,0.99975616,1.8473803e-07,0.011528786,1.0,0.002179963,0.9058258,0.0028183814,1.5014656e-07,0.9763157,0.9999999,1.6198916e-05,0.9994832,0.9999999,7.7440296e-07,5.228705e-06,0.9988882,0.14293809,8.310078e-09,0.9989033,8.820921e-07
0.09858562,0.00086117303,0.0001551493,0.017002221,0.026350262,0.99965394,0.97585166,8.964838e-05,0.05688655,0.9976376,0.061412316,0.42153847,0.016129997,0.00034436103,0.16421203,0.99991274,0.0007527608,0.98023134,0.99986625,0.00023656104,0.0010107842,0.742194,0.12042907,4.7417707e-06,0.5020383,6.3999985e-05
0.1426277,0.00087111414,0.00012452874,0.01257996,0.038615957,0.9998473,0.979626,7.250524e-05,0.04036866,0.99918205,0.06007584,0.81199825,0.017257223,0.00024793937,0.17851678,0.99985135,0.0006091743,0.99094945,0.9997762,0.0001756913,0.0011616489,0.7771787,0.10284325,6.2331924e-06,0.49878535,6.105669e-05
0.06336166,0.00026653634,3.465999e-05,0.014272975,0.009305567,0.9998925,0.98765033,2.397723e-05,0.047852613,0.998798,0.03053909,0.19026154,0.0068459366,9.425971e-05,0.1914962,0.9999882,0.00027107113,0.98322564,0.99998033,6.890019e-05,0.00026138313,0.81259114,0.101763375,5.285959e-07,0.65624726,1.4860402e-05
0.29546398,0.00010700933,8.714315e-06,0.036928125,0.009205717,0.9999925,0.9978824,7.232063e-06,0.030679809,0.99999404,0.011896411,0.7619517,0.010571782,9.2306245e-06,0.87929124,0.99999404,0.0001995776,0.99636,0.99999464,2.3273922e-05,0.00010164689,0.98973686,0.19022168,5.584321e-07,0.986642,1.6765749e-05
0.11558356,0.0006852173,0.00012203918,0.026404465,0.02050025,0.9997397,0.9833399,8.329356e-05,0.060003746,0.99866307,0.046675507,0.3372737,0.016278988,0.00025004914,0.30303937,0.9999447,0.0007659599,0.97910094,0.99992967,0.00022470414,0.0007507836,0.8488209,0.15082416,4.373415e-06,0.7222437,6.699845e-05
0.08519324,0.0017420282,0.00050588406,0.02523839,0.033579696,0.9980932,0.94905543,0.00033128873,0.08866522,0.982054,0.09348342,0.13009085,0.025379285,0.0013613163,0.1203912,0.9998198,0.0017200427,0.9420851,0.9997125,0.000837684,0.001788393,0.60327554,0.1535704,1.3027625e-05,0.39386493,0.0001594109
0.054418735,0.00013901791,1.5594735e-05,0.013831604,0.005620916,0.999941,0.99164855,1.2595014e-05,0.043734174,0.99924433,0.020793797,0.115730315,0.0046278615,4.7764883e-05,0.22812416,0.9999958,0.00016340564,0.9847825,0.9999931,3.790233e-05,0.00012388774,0.8568259,0.098879725,1.8221631e-07,0.75358623,7.0773394e-06
0.13532399,0.0024337396,0.0007513786,0.024990395,0.064309776,0.9981964,0.9491275,0.00035518524,0.07818723,0.9917822,0.12968571,0.39621925,0.042009305,0.0015024715,0.13162588,0.99954957,0.0022502942,0.9642617,0.9993687,0.0010875345,0.0028873298,0.6353871,0.16315898,3.4695215e-05,0.35578114,0.00024936706
0.23641059,0.0022871047,0.0006818661,0.048988923,0.068729214,0.9990754,0.971922,0.0003840557,0.075236276,0.99840695,0.09720094,0.6051707,0.05809147,0.0009253267,0.41328567,0.9994941,0.0028260064,0.9741988,0.9995472,0.0011118382,0.0030212079,0.8634056,0.24085721,7.025628e-05,0.7214254,0.00044617415
0.34103322,0.000269702,2.4203197e-05,0.046175685,0.017200472,0.99998415,0.996525,1.9952047e-05,0.03489331,0.99998796,0.018339967,0.8632304,0.016891893,2.4081817e-05,0.8675979,0.99997497,0.00041490918,0.99563015,0.99997914,5.6332505e-05,0.0002664484,0.9860957,0.19867109,2.601805e-06,0.9798361,4.9211478e-05
0.33125782,6.327503e-05,3.5149787e-06,0.032713775,0.007438751,0.9999976,0.99875236,2.8975358e-06,0.023254503,0.99999845,0.008552255,0.8607364,0.008294646,3.2453481e-06,0.91928095,0.9999968,0.00011467556,0.9980343,0.99999714,1.0356338e-05,5.5291057e-05,0.99403,0.17217429,2.3757306e-07,0.9922051,9.043961e-06
0.16000988,0.0012709311,0.00034073973,0.033858344,0.04227376,0.9993261,0.9750328,0.00018329018,0.07064042,0.9979119,0.08346368,0.37819496,0.03588959,0.0005666626,0.28683755,0.9998167,0.0015362663,0.9728705,0.9998023,0.000600543,0.0015387601,0.81548715,0.1935269,1.786668e-05,0.6492331,0.00017103464
0.24832782,0.0014271702,0.00025965585,0.014021915,0.10421274,0.9998103,0.97401446,0.000100400925,0.042261347,0.9995142,0.111124866,0.92282647,0.04582612,0.0003087072,0.1919496,0.9994906,0.00091275555,0.99357694,0.99930274,0.00037303133,0.0018490411,0.78382295,0.13590302,2.3610077e-05,0.43400398,0.000110015695
0.27442965,4.4665056e-05,2.4318356e-06,0.02760571,0.005328385,0.9999981,0.9989015,2.1623673e-06,0.022303062,0.99999845,0.006974379,0.81262934,0.005874866,2.5580891e-06,0.906859,0.9999982,8.4630636e-05,0.99803954,0.99999833,7.2925595e-06,3.9807957e-05,0.9937909,0.1572423,1.269076e-07,0.9919532,5.744918e-06
0.062469617,0.00012750638,1.5357242e-05,0.013388458,0.0067174183,0.9999461,0.99238646,1.0523389e-05,0.04119482,0.999474,0.023802327,0.13881785,0.005765533,4.053137e-05,0.23329233,0.99999547,0.0001604058,0.9867481,0.99999297,3.794689e-05,0.00012243105,0.86463124,0.10541791,1.9115254e-07,0.7533263,6.902617e-06
0.37276927,0.004225779,0.0013691246,0.02662197,0.28082323,0.99928004,0.9514792,0.000316865,0.06638089,0.99914074,0.24042116,0.92128575,0.16083242,0.0008870896,0.23774649,0.99714416,0.0029844716,0.9914227,0.9970426,0.0021029036,0.005368472,0.77744585,0.23215868,0.0002151444,0.4253692,0.00050737726
0.4391069,0.0051650866,0.0016825675,0.03509516,0.33322465,0.9993037,0.95364666,0.00038144007,0.07057076,0.99938035,0.25200212,0.93746233,0.21279395,0.00087628106,0.32751834,0.995996,0.0037697789,0.9921227,0.9963632,0.002769074,0.006715589,0.829747,0.27403685,0.00036307916,0.5280044,0.00076007977
0.02277656,0.00038607317,6.353061e-05,0.0067931805,0.009052535,0.9993789,0.95589864,4.120784e-05,0.0628383,0.9689622,0.05272352,0.023746477,0.005643921,0.0003309623,0.027595395,0.9999862,0.0002932361,0.9506107,0.99995434,0.00012950246,0.00028784334,0.36264557,0.06744648,2.7097687e-07,0.17853844,1.0275638e-05
0.2046712,0.018244939,0.012309097,0.043888617,0.21274978,0.9687761,0.81864566,0.0065348237,0.118885465,0.902112,0.29271978,0.44105932,0.14509201,0.027351553,0.10491369,0.9908023,0.016445354,0.898465,0.9885018,0.015226041,0.02104071,0.43214345,0.23302455,0.0011594782,0.20143913,0.003448907
0.044023067,0.0073136883,0.0032865456,0.016857743,0.05960104,0.9431099,0.7030348,0.0024023042,0.14113653,0.32995406,0.20379066,0.008223044,0.05168342,0.018957352,0.017689995,0.9991899,0.0055551804,0.7131736,0.99683964,0.008088376,0.004355073,0.11169675,0.11906486,3.0242938e-05,0.07314154,0.0004149938
0.13346353,0.0013140255,0.000311841,0.029010277,0.03541472,0.999382,0.972773,0.0001990305,0.068585984,0.9971584,0.071130104,0.399857,0.025998913,0.0006024836,0.25319707,0.9998317,0.0013972718,0.97292286,0.99979407,0.00050564593,0.0015864492,0.7918436,0.16530433,1.4475441e-05,0.6166099,0.0001499509
0.26555815,0.001363537,0.00026047562,0.03977424,0.055640344,0.99976295,0.9841504,0.00015552019,0.05348171,0.9996424,0.06595707,0.807168,0.0419654,0.00032044822,0.5162487,0.99972624,0.0014452463,0.98789155,0.9997514,0.00043700522,0.0017439099,0.91768146,0.2091681,3.061101e-05,0.8160295,0.00022102111
0.47370088,0.0012943051,0.00015382795,0.06924095,0.05539248,0.99993074,0.99167234,0.00013762142,0.042559326,0.9999535,0.038233064,0.94860405,0.04461066,0.00014807167,0.849201,0.9996828,0.0014388936,0.9935421,0.9997763,0.00032595376,0.0013946508,0.9786683,0.23868817,4.2192332e-05,0.9633738,0.00033114883
0.29387552,1.8694182e-05,7.061901e-07,0.023970112,0.003105874,0.9999995,0.9994561,6.8116475e-07,0.016706977,0.99999964,0.0038615726,0.8447624,0.003637464,7.1474614e-07,0.9444626,0.9999995,3.7532005e-05,0.9988972,0.9999995,2.40618e-06,1.4765827e-05,0.9969795,0.14500806,3.119897e-08,0.9964759,2.1173848e-06
0.30146813,0.00046518538,3.558247e-05,0.052340407,0.012130714,0.99997914,0.99536985,5.7864476e-05,0.035773102,0.99995685,0.012218654,0.88265294,0.00924347,6.350759e-05,0.86771387,0.99996185,0.00055040093,0.9938666,0.9999654,7.779978e-05,0.00042306245,0.98382056,0.15358336,4.44599e-06,0.9818393,8.21921e-05
0.04398797,0.0016895769,0.0003988367,0.011111855,0.025946865,0.99736196,0.91195786,0.00026429177,0.079109885,0.92811894,0.09959236,0.075154,0.01449135,0.0018079517,0.032925755,0.999859,0.0011830122,0.9316383,0.9996125,0.00065227674,0.0014024756,0.31011945,0.0859781,4.2860374e-06,0.14361401,7.342227e-05
0.20777115,0.019334735,0.013923208,0.045728885,0.2423681,0.9628859,0.80923253,0.0056483136,0.12770703,0.9014196,0.33042642,0.38135412,0.17402484,0.026580984,0.096324235,0.99018633,0.018299479,0.90046495,0.98752755,0.018421395,0.020958217,0.41137475,0.24322611,0.0011884583,0.18532683,0.0034830666
0.40250784,3.5389243e-05,1.5172825e-06,0.03529823,0.0052323523,0.99999917,0.999275,1.4475719e-06,0.018979914,0.99999964,0.0051170806,0.89265066,0.0063557844,1.2904095e-06,0.95970714,0.99999857,6.777394e-05,0.9987067,0.9999988,5.099285e-06,2.77054e-05,0.99717015,0.17268144,1.0701785e-07,0.99709105,5.533535e-06
0.070928,0.0004402626,5.704554e-05,0.017470906,0.00918147,0.9998578,0.9840809,6.0737184e-05,0.04978201,0.99784184,0.026641322,0.26190177,0.0059409253,0.00019209484,0.23305438,0.99997723,0.00040493987,0.9799631,0.9999634,0.00010365466,0.0004311405,0.8132517,0.09574097,1.1804661e-06,0.7075721,3.0618747e-05
0.14518869,7.43831e-05,2.4190306e-06,0.019552404,0.0018362846,0.99999833,0.99822205,7.0033975e-06,0.018487211,0.9999825,0.002800971,0.84615207,0.0010493841,9.2695e-06,0.8274191,0.9999981,7.6064454e-05,0.99720204,0.99999726,5.9398362e-06,5.8717676e-05,0.98695344,0.060145892,1.00592665e-07,0.9877528,5.7692564e-06
0.06786522,0.0002976972,3.2402175e-05,0.01397861,0.00810495,0.999923,0.98808354,2.8973678e-05,0.042983357,0.99897814,0.02380646,0.31881884,0.005078755,9.843046e-05,0.22508514,0.9999864,0.00026493054,0.986047,0.999977,5.8817543e-05,0.0002967734,0.83470106,0.087313406,5.9602075e-07,0.7057577,1.7024975e-05
0.16285743,0.00065622997,8.405686e-05,0.021422226,0.025145795,0.99990666,0.9878962,5.8344598e-05,0.04186964,0.999655,0.039449472,0.76353383,0.015313341,0.00014478754,0.38202408,0.9999237,0.00058258534,0.99085075,0.99990726,0.0001356775,0.00080647704,0.8956858,0.13067979,4.920002e-06,0.77339995,6.3129846e-05
0.10686108,0.0017401669,0.0004211732,0.017882373,0.043731574,0.9990088,0.95575804,0.00024135082,0.066693515,0.99278945,0.09371858,0.44381633,0.024348319,0.0010047829,0.11599279,0.9997229,0.0014294559,0.97159654,0.9995752,0.00058784796,0.0021087113,0.62396634,0.12532699,1.5171278e-05,0.3489275,0.00014259478
0.10257603,0.01657565,0.010811563,0.03922772,0.1403821,0.90588224,0.7215712,0.0055394764,0.17386127,0.54535973,0.29942,0.03264894,0.13258637,0.03379681,0.043379076,0.99618334,0.015681796,0.7450094,0.99188703,0.02161488,0.0122258095,0.21011885,0.21112816,0.00031520094,0.11662133,0.0019434126
0.037606824,0.00025464562,3.5517718e-05,0.01022767,0.007686876,0.99981517,0.9813157,2.4320085e-05,0.052621834,0.9956144,0.03459155,0.067926936,0.005463869,0.0001307638,0.088974655,0.99999094,0.0002272138,0.9741527,0.99998057,7.134353e-05,0.00022078776,0.6622013,0.08476157,2.8173966e-07,0.4515064,1.0046205e-05
0.111192495,0.009778994,0.0048501506,0.026261097,0.11177145,0.9775899,0.820361,0.0028309824,0.11048584,0.8365521,0.2307225,0.18395838,0.07134929,0.015616623,0.052492246,0.9975121,0.007886591,0.8841131,0.9953629,0.0066098203,0.009166768,0.30995595,0.16146544,0.00017638519,0.13780582,0.001008516
0.25696948,0.0011472747,0.00018569648,0.038154177,0.043882623,0.9998454,0.9866845,0.0001273465,0.049100168,0.99973077,0.05136573,0.836112,0.03133503,0.00023893369,0.5589765,0.99979275,0.0011926806,0.98962784,0.9998084,0.00031236288,0.0014492363,0.9301419,0.1901802,2.1149543e-05,0.8517351,0.00017920132
0.085566044,4.1708397e-05,3.1566544e-06,0.013032408,0.003713676,0.99999225,0.997593,2.4123265e-06,0.027356282,0.9999621,0.010837498,0.27967107,0.0036294283,6.818245e-06,0.49566847,0.9999989,6.761597e-05,0.9949739,0.99999857,9.55428e-06,3.9675197e-05,0.9606994,0.10672623,4.726911e-08,0.9314296,2.4902836e-06
0.16945828,0.00045706664,5.0666604e-05,0.03875895,0.0106166545,0.9999392,0.99225956,6.894745e-05,0.04685517,0.9997447,0.017454918,0.58903205,0.008275921,0.00011522879,0.66365767,0.999972,0.00056349003,0.98790294,0.99996936,0.00010467486,0.00043919624,0.9551595,0.14316274,3.0514136e-06,0.94261414,5.9142745e-05
0.2435242,0.0008935792,0.00013867117,0.04712324,0.028288808,0.99986756,0.9891418,0.000119070915,0.052444547,0.99975914,0.03658529,0.74385893,0.023208557,0.00019773837,0.65607154,0.9998888,0.0011117593,0.9878055,0.999899,0.00025422717,0.0010215573,0.9489426,0.19640109,1.390363e-05,0.91363955,0.00015280914
0.09970387,0.004312243,0.0015589531,0.021063756,0.069576494,0.9940877,0.8976823,0.0008885764,0.09137603,0.94827324,0.16249898,0.23636004,0.04134434,0.0046699806,0.064590596,0.9991887,0.0034801366,0.9322768,0.9985409,0.0021367427,0.0044378103,0.41256493,0.13972445,5.010023e-05,0.19018532,0.0003717232
0.026187113,0.0008958939,0.00018726403,0.0099533675,0.012761146,0.998086,0.92407554,0.00016286928,0.081043065,0.89521617,0.067763805,0.016634654,0.008714572,0.0011513397,0.029971214,0.99995804,0.0006661611,0.90924805,0.9998708,0.0004131235,0.00064534013,0.29889125,0.08198574,1.1096118e-06,0.17407791,3.3714936e-05
0.08160315,2.9904893e-05,7.31465e-07,0.011478666,0.0007144347,0.9999993,0.9986992,2.8193394e-06,0.01430325,0.99998105,0.0015197304,0.7363956,0.0003670158,4.2918414e-06,0.75725466,0.9999995,2.9573415e-05,0.99756855,0.9999993,1.9633605e-06,2.1873137e-05,0.9850868,0.037996825,1.492242e-08,0.9874559,1.5719163e-06
0.041573238,0.0014469146,0.0003418527,0.011990866,0.02243731,0.9975311,0.92132676,0.00023513584,0.08387606,0.93145496,0.092792094,0.051251937,0.014034222,0.0015443212,0.037222296,0.99989593,0.0010766679,0.92582643,0.999726,0.00059857697,0.0011731024,0.3363758,0.09339469,3.4629502e-06,0.16860378,6.6265384e-05
0.20863271,0.056975912,0.052299164,0.07374409,0.37358436,0.78173417,0.6333301,0.020649878,0.20547563,0.5588993,0.43530837,0.09969315,0.38784763,0.0941715,0.0835364,0.96702975,0.057404224,0.7597748,0.9499664,0.11699089,0.04728712,0.2626911,0.30120802,0.0039712377,0.17072158,0.01218222
0.14822727,0.00061658834,0.000104194645,0.031394243,0.021206586,0.9998192,0.9871726,7.398637e-05,0.05674726,0.9993962,0.04141204,0.44429305,0.01787888,0.00018220079,0.42775965,0.9999461,0.00077553844,0.9832575,0.9999397,0.0002016711,0.0006939618,0.90163565,0.1689519,4.919116e-06,0.81954926,7.203082e-05
0.3255795,0.000279961,2.6899948e-05,0.04508023,0.017426958,0.9999808,0.9962172,2.1768652e-05,0.036176793,0.99998426,0.019558629,0.84022564,0.01716262,2.7791933e-05,0.8496452,0.99997437,0.00043558032,0.9951428,0.9999782,6.1784376e-05,0.00028181632,0.98413426,0.19872794,2.7148437e-06,0.97647786,5.0444687e-05
0.6739697,0.016970508,0.005987304,0.089032724,0.7746777,0.99938464,0.9279358,0.00048032333,0.124383055,0.99973553,0.5045422,0.94756335,0.71210754,0.0006159272,0.5816352,0.9762813,0.011082268,0.9965049,0.98663205,0.017178923,0.022267854,0.9153116,0.48742712,0.0027675484,0.78354406,0.003118078
0.13333727,0.0011089842,0.00025279194,0.023854168,0.03853695,0.9994881,0.97447103,0.00012760673,0.062864974,0.99782443,0.07990614,0.42684156,0.027399275,0.0004600017,0.2088308,0.99985266,0.001129452,0.9777263,0.99981076,0.0004157186,0.0013345006,0.7721704,0.15557672,1.0608896e-05,0.5516781,0.000109548266
0.3752514,0.00017445316,1.3386893e-05,0.045153093,0.014444832,0.9999918,0.99758995,1.0792314e-05,0.030437278,0.9999951,0.014806566,0.8755845,0.015292088,1.1988467e-05,0.9021647,0.9999858,0.0002848746,0.99674064,0.99998844,3.4485845e-05,0.00016362283,0.9905906,0.19956334,1.379949e-06,0.98730075,3.1909578e-05
0.47735548,0.0021546017,0.0003628468,0.06135692,0.10571046,0.99983335,0.9861422,0.00022021713,0.049581137,0.9998951,0.07271487,0.9498698,0.08056574,0.00029552402,0.7392753,0.9992004,0.002130127,0.99234605,0.99942005,0.0006788034,0.0025745218,0.9605327,0.2658498,0.00010779445,0.90609825,0.00052325724
0.091411225,0.0011838058,0.00032163336,0.027603356,0.027596636,0.9988845,0.964882,0.00020915813,0.081608616,0.99098116,0.07594991,0.12770754,0.022823056,0.0007995931,0.16663432,0.9998919,0.001341307,0.95369494,0.999846,0.00059321546,0.0012046156,0.69080365,0.16013494,8.33806e-06,0.5189486,0.00011509712
0.3420798,4.946999e-05,2.7849048e-06,0.032673743,0.006718791,0.9999981,0.9989317,2.2607899e-06,0.022314956,0.9999989,0.0077451523,0.8454653,0.007988652,2.4584958e-06,0.9288391,0.9999976,9.621574e-05,0.9981541,0.999998,8.602711e-06,4.331999e-05,0.99493706,0.17841676,1.7470641e-07,0.99378175,7.385393e-06
0.2713752,0.000103503735,7.40437e-06,0.033238858,0.008627726,0.99999404,0.9979907,6.2849317e-06,0.02827635,0.99999416,0.011361184,0.7978309,0.008954862,8.166572e-06,0.8650559,0.9999944,0.00017527115,0.99678874,0.99999475,1.959468e-05,9.73731e-05,0.9890238,0.1691028,4.7592215e-07,0.9846348,1.4383834e-05
0.4582041,0.00037994652,3.536657e-05,0.06247717,0.025309201,0.9999814,0.9962943,2.8708591e-05,0.03641394,0.9999914,0.021248149,0.9056593,0.026488056,2.9474031e-05,0.91055787,0.99995315,0.0005778719,0.99567467,0.9999659,8.601074e-05,0.0003621132,0.9893561,0.2335914,5.7021357e-06,0.98604023,9.067286e-05
0.3268023,4.1981384e-05,2.119195e-06,0.03102367,0.005438052,0.99999857,0.9990613,1.8870617e-06,0.021341994,0.99999905,0.0064121583,0.8446467,0.0063838703,2.0284601e-06,0.93297666,0.99999833,8.05968e-05,0.99827766,0.99999845,6.5818217e-06,3.5488774e-05,0.99547535,0.1681382,1.2486885e-07,0.99454355,5.826339e-06
0.34826398,0.000118988064,7.855951e-06,0.03875678,0.010933331,0.9999949,0.99811894,6.4328638e-06,0.027372235,0.99999666,0.012044942,0.86883616,0.011653192,7.373514e-06,0.9038017,0.99999213,0.00019791172,0.99729484,0.9999932,2.1176482e-05,0.00010798539,0.9917441,0.1841179,6.772898e-07,0.9887056,1.8989274e-05
0.27317694,6.2121726e-05,3.919573e-06,0.029282155,0.0068007037,0.99999666,0.99857736,3.1913034e-06,0.024917506,0.99999714,0.009234583,0.7893673,0.0075707682,4.1410663e-06,0.8843526,0.99999714,0.000115234936,0.9975152,0.99999726,1.1391776e-05,5.7207664e-05,0.99175864,0.16652568,2.1455774e-07,0.9886076,8.170178e-06
0.385788,0.0022826663,0.0004591314,0.027591819,0.1513604,0.9997799,0.97651607,0.00018441949,0.048697464,0.9997398,0.11855052,0.9552948,0.085084185,0.00036808383,0.40388376,0.99888414,0.0016363482,0.99367946,0.9988595,0.00071204075,0.0030334496,0.8853785,0.20389958,8.800206e-05,0.6516143,0.00030942942
0.07200675,0.014259093,0.008135587,0.026024256,0.1088797,0.89399993,0.66999084,0.005059194,0.16029012,0.3482404,0.26661235,0.016809413,0.102215566,0.03562327,0.026068341,0.9974564,0.011572288,0.7029705,0.9921233,0.018920165,0.009168059,0.13665947,0.15737242,0.00013748686,0.085187085,0.0012236622
0.5736215,0.00792213,0.002539638,0.06554827,0.459642,0.99931717,0.9564403,0.0005111256,0.0839671,0.9996793,0.2852205,0.95134,0.36789596,0.0008028288,0.5466262,0.9922157,0.0062828185,0.99312735,0.99487114,0.005252756,0.010357305,0.9069248,0.3796161,0.0009932796,0.73132,0.0016965064
0.08910424,0.0004155205,6.252473e-05,0.01845985,0.014736655,0.9998468,0.9862024,3.968973e-05,0.05159167,0.9989334,0.039411422,0.29173356,0.01106932,0.00013960784,0.2380716,0.9999738,0.000437705,0.98308015,0.9999621,0.00011795856,0.00044216387,0.83208334,0.12301019,1.497662e-06,0.6798837,3.0162408e-05
0.44814742,0.0031372954,0.000809935,0.034941312,0.25787428,0.9996623,0.9710888,0.00020119055,0.060554877,0.9997603,0.19093147,0.9455374,0.16953741,0.00041818531,0.41454265,0.9979594,0.0024749965,0.99371934,0.9982698,0.00146368,0.0041204193,0.88385934,0.2723051,0.0001833671,0.6390283,0.00047597068
0.24994476,0.0036171111,0.0012827342,0.031151531,0.13944788,0.99844533,0.95156014,0.00048319134,0.07302234,0.99722207,0.17501421,0.7553337,0.08861963,0.0015776805,0.21066186,0.9985592,0.0033173207,0.9783604,0.9984847,0.0018371737,0.004917064,0.7343864,0.21348448,0.00013654616,0.42046204,0.00051275786
0.6055157,0.005282018,0.0014892252,0.07444782,0.38569304,0.9995976,0.97087705,0.0003237638,0.074822456,0.99986565,0.23001885,0.9518338,0.3279537,0.0004548715,0.6577562,0.99546885,0.0049060783,0.9938234,0.99729544,0.0034364834,0.00669215,0.9392566,0.39491937,0.0006225897,0.8272138,0.0012942448
0.40648797,0.026927363,0.021522839,0.07805115,0.51781785,0.98461294,0.84865683,0.0043459022,0.13864633,0.9849413,0.46226132,0.72620744,0.42975315,0.0131939845,0.24508369,0.9732238,0.026762089,0.963678,0.9792355,0.03499528,0.034930885,0.66013026,0.38019618,0.00480428,0.38864887,0.00693691
0.16808787,0.0039983084,0.0015063608,0.03144555,0.09449071,0.9967618,0.93528783,0.0007049466,0.08706525,0.98904,0.16193451,0.46766457,0.063522175,0.0027717946,0.14711854,0.9989698,0.0037575818,0.9580812,0.9987218,0.002102069,0.0049327514,0.6333043,0.19166425,9.938038e-05,0.3450044,0.00052284094
0.047005933,0.00065364764,9.303373e-05,0.013465881,0.009063011,0.9996809,0.97023433,0.0001110932,0.05417176,0.9884332,0.03259176,0.15532002,0.00518627,0.00046154208,0.113650374,0.99996614,0.00046813837,0.9677811,0.9999311,0.00016307131,0.0006002408,0.63951546,0.07684963,1.3398698e-06,0.49590138,3.873905e-05
0.2655982,0.0070645576,0.0031944683,0.037202895,0.18861327,0.9959831,0.92385864,0.0013180551,0.0846412,0.9922557,0.22140218,0.7488092,0.12038265,0.0044542137,0.18840282,0.99643624,0.0062615476,0.96809924,0.9962708,0.0042089056,0.009379112,0.66942686,0.23089862,0.0004072725,0.35198802,0.0011935295
0.349691,0.0002346165,2.0185114e-05,0.047887072,0.015148751,0.99998665,0.99694175,1.7265013e-05,0.03401781,0.9999902,0.016209334,0.85251987,0.01563363,2.0287764e-05,0.8834855,0.9999808,0.00036750265,0.99575293,0.999984,4.863242e-05,0.00022166203,0.98807144,0.20108032,2.0896753e-06,0.9838499,4.2653242e-05
0.3103392,0.00022316046,2.221328e-05,0.04194624,0.015996248,0.9999819,0.99653745,1.6378674e-05,0.03573582,0.99998534,0.019734498,0.7939763,0.017044863,2.26631e-05,0.8365384,0.99998164,0.00036978765,0.9950913,0.99998415,5.4207314e-05,0.00022827521,0.98366934,0.20202714,1.9002813e-06,0.9754093,3.8526145e-05
0.25255996,2.9266039e-05,1.3151152e-06,0.025573762,0.0033529338,0.9999989,0.9991948,1.3972198e-06,0.020329557,0.9999989,0.004569492,0.7941571,0.0037030445,1.5976239e-06,0.9222936,0.99999917,5.6235564e-05,0.9983209,0.99999917,4.0779423e-06,2.386051e-05,0.995329,0.14303349,5.815487e-08,0.99451965,3.2705864e-06
0.3422528,0.0008064236,0.00010037469,0.04829072,0.038526375,0.9999403,0.99233055,7.4006275e-05,0.042016618,0.99994063,0.037190873,0.9014403,0.03038513,0.00010385589,0.75868946,0.9998646,0.0009416582,0.9934123,0.99988794,0.00019164846,0.0009264678,0.9689556,0.20873202,1.5500495e-05,0.9410086,0.00015226907
0.26660284,0.0006667242,0.00010530528,0.04068866,0.034205157,0.99990046,0.99074453,6.4661785e-05,0.047738004,0.9998758,0.04485346,0.75973916,0.030260462,0.00012026841,0.63555473,0.9999058,0.00089925015,0.99051625,0.99991596,0.00021027007,0.0008085277,0.9499524,0.2069717,1.0161785e-05,0.90159464,0.000112575806
0.4640484,6.685485e-05,2.9394712e-06,0.045563012,0.0073123,0.99999857,0.9989919,3.1094464e-06,0.021760609,0.9999994,0.0061380514,0.91638607,0.008587247,2.583326e-06,0.9640405,0.9999964,0.00011476833,0.99837613,0.99999726,9.364742e-06,4.981253e-05,0.9969709,0.18288341,2.9487737e-07,0.9970687,1.21375115e-05
0.33154377,0.000266423,2.4558158e-05,0.045251288,0.017179672,0.99998343,0.9964803,1.9817315e-05,0.034961622,0.99998665,0.01897112,0.8513421,0.016938012,2.4651217e-05,0.8570133,0.9999758,0.00040832546,0.99545926,0.9999796,5.7607736e-05,0.00026668678,0.9850981,0.19818024,2.5409456e-06,0.97809106,4.7508584e-05
0.1295998,0.0005998868,0.00010790655,0.02336342,0.024365565,0.9997954,0.984878,6.0580827e-05,0.053894255,0.9991648,0.053056207,0.42137584,0.019004758,0.00019176563,0.29129976,0.9999418,0.000677901,0.98371017,0.9999287,0.00020001728,0.000700063,0.850433,0.14987803,4.0699692e-06,0.70254123,5.760664e-05
0.1495998,0.0010849512,0.0002307946,0.024152143,0.0408128,0.9996076,0.9773645,0.00011626163,0.059293546,0.9986065,0.07704012,0.5311208,0.028526377,0.00038576228,0.24284114,0.99984515,0.0010798507,0.9817431,0.9998098,0.00037497396,0.0013467527,0.80491656,0.15885147,1.1482173e-05,0.59220016,0.00011065221
0.1857064,3.0976204e-05,1.5782117e-06,0.022528645,0.0028884658,0.9999982,0.9989772,1.7832981e-06,0.022518272,0.99999714,0.004834911,0.6644439,0.003067487,2.45401e-06,0.87225354,0.9999993,5.8451133e-05,0.9976553,0.99999917,4.8710285e-06,2.6228683e-05,0.9924878,0.13068314,5.3281287e-08,0.9908634,2.9822577e-06
0.33327138,0.0011498793,0.00022258883,0.04692713,0.06248945,0.99983037,0.98725605,0.00011856063,0.05200099,0.9998492,0.0672716,0.841476,0.05286815,0.00021056941,0.6293593,0.9997348,0.0014475873,0.99006736,0.9997849,0.00041879088,0.0015093266,0.94318306,0.23893845,3.2180455e-05,0.8741519,0.00023237
0.6123643,0.003925683,0.0005063706,0.12706995,0.078576,0.9997588,0.98574626,0.0008693338,0.053265147,0.9998517,0.039215624,0.9574947,0.070829384,0.00063959975,0.90636116,0.9985488,0.004089736,0.9874894,0.9990952,0.0013360388,0.003858971,0.9811801,0.27346402,0.00028888308,0.9751926,0.001654747
0.05362238,0.00014989085,1.7838825e-05,0.012557017,0.0064701415,0.9999331,0.99083287,1.244994e-05,0.04346733,0.99915683,0.024319382,0.12263295,0.005231888,5.211263e-05,0.19275934,0.999995,0.00016845779,0.9849316,0.99999154,4.089037e-05,0.00013827228,0.8334021,0.09743221,1.9891132e-07,0.6982893,7.322946e-06
0.1981553,0.00020315697,2.0478277e-05,0.02912032,0.012413387,0.99997675,0.99570775,1.5550673e-05,0.036304235,0.9999589,0.02028559,0.6771414,0.011402966,2.7830258e-05,0.6895048,0.9999863,0.00030483757,0.9939498,0.99998593,4.798156e-05,0.0002175326,0.9690721,0.16007641,1.1184e-06,0.94689435,2.5005547e-05
0.08221869,0.001818202,0.0004909215,0.018074786,0.03924486,0.99816483,0.9432851,0.0002661341,0.080347545,0.98283076,0.10807146,0.20572214,0.024502138,0.0013184287,0.080660865,0.9997799,0.0015646048,0.9544029,0.9996032,0.00072523823,0.0019113163,0.5265368,0.12704232,1.1929287e-05,0.27091944,0.0001324613
0.14911038,0.0046107033,0.0018270437,0.030950436,0.08981179,0.9952998,0.92219335,0.00097277464,0.09270568,0.9795568,0.16677102,0.37970942,0.06002569,0.003918667,0.124178395,0.998909,0.004271385,0.94504523,0.9985262,0.0024924313,0.0055332487,0.578759,0.18770342,0.0001057194,0.30732042,0.0005973559
0.6186025,0.010175184,0.003193254,0.069253504,0.57306814,0.9994099,0.94834644,0.00048534336,0.09457696,0.9997224,0.34375203,0.95637935,0.4769464,0.00068691204,0.5584438,0.98850435,0.0071107317,0.99485177,0.9924576,0.007312681,0.013120087,0.9090353,0.40296966,0.0013459001,0.7441941,0.0019526818
0.07170946,0.00063777785,9.8568154e-05,0.01456958,0.015578287,0.9997378,0.97738314,7.3023e-05,0.053719293,0.99674666,0.044037335,0.3030602,0.009290848,0.00028784006,0.14659573,0.9999548,0.00052852073,0.9784681,0.99992216,0.00015629471,0.00068969704,0.7240605,0.09873325,2.0669122e-06,0.51597565,4.045279e-05
0.23261255,0.0002605429,2.8089053e-05,0.03508728,0.014948968,0.9999716,0.995357,2.1762156e-05,0.038810555,0.99996066,0.021832518,0.722929,0.014135638,3.535015e-05,0.73835504,0.9999796,0.00040014717,0.993612,0.99998045,6.385051e-05,0.0002800283,0.97263485,0.17804231,1.9291904e-06,0.9547231,3.781298e-05
0.2824473,0.0002559808,2.6501913e-05,0.03983447,0.016545549,0.99997795,0.9959776,2.0152167e-05,0.036977768,0.99997795,0.021108277,0.7886967,0.016327035,2.8657003e-05,0.80468273,0.9999778,0.00040678267,0.99461293,0.99998033,6.169141e-05,0.0002714073,0.9797165,0.19242318,2.2118882e-06,0.9682283,4.2092026e-05
0.35992315,0.0016533124,0.0003907657,0.053894293,0.08461764,0.9997008,0.9834683,0.00019233256,0.058814,0.9997708,0.08696357,0.836918,0.07287991,0.00034765538,0.61284673,0.99952316,0.0021386417,0.98782665,0.9996351,0.00071632484,0.0022255618,0.9339348,0.2664264,6.556272e-05,0.8514184,0.0003799637
0.34658644,0.0018414389,0.00033551865,0.023293702,0.12092358,0.9998247,0.97849417,0.00014849924,0.04430534,0.9997379,0.101248816,0.9534619,0.063386835,0.00031353752,0.36955836,0.9992218,0.0012754197,0.9939668,0.9991391,0.0005049264,0.0024683832,0.8785339,0.1776646,5.451837e-05,0.6358535,0.0002232871
0.36746305,0.001953152,0.00041764727,0.03657397,0.12558906,0.99974746,0.9803546,0.00015844907,0.053861853,0.99977726,0.1128539,0.9149283,0.08633168,0.000330669,0.4792822,0.9992519,0.001817675,0.9918727,0.99935776,0.0007104293,0.002586344,0.90831435,0.23863257,7.4947435e-05,0.7368732,0.00032408218
0.39104915,0.006392678,0.002667429,0.0417543,0.31093296,0.998334,0.94276965,0.00064910256,0.08104512,0.99847025,0.27120134,0.88106424,0.21090661,0.0017742317,0.28684145,0.99532616,0.005596282,0.98594856,0.99601835,0.0043308027,0.008582835,0.7855842,0.28843337,0.0005234431,0.47550693,0.0011167502
0.7302068,0.017858805,0.0055298256,0.10700711,0.85794973,0.9996531,0.9345848,0.00028098116,0.13108121,0.99987876,0.575831,0.94919914,0.8259721,0.00030319332,0.6578611,0.97336924,0.011272667,0.99803406,0.9875617,0.021575164,0.023114074,0.94226664,0.5534524,0.0028841428,0.86211663,0.0030785482
0.31412476,5.2351224e-05,2.6910488e-06,0.033026643,0.0053738807,0.9999982,0.9989115,2.7144504e-06,0.02280415,0.9999987,0.006213326,0.84810144,0.0059131766,2.8207276e-06,0.93147606,0.99999785,9.587368e-05,0.99804807,0.9999981,7.833619e-06,4.349202e-05,0.9950289,0.1623275,1.6944483e-07,0.9942638,7.379648e-06
0.301469,6.609531e-05,3.2238906e-06,0.039373077,0.003969328,0.99999774,0.9987663,4.9892383e-06,0.02567435,0.9999975,0.0043657487,0.82396364,0.0039614574,4.6974637e-06,0.94251966,0.99999785,0.00011332868,0.9974082,0.999998,9.0416415e-06,4.795036e-05,0.99525696,0.14855212,2.1121483e-07,0.9958657,9.18159e-06
0.12821564,0.0008367658,0.00017192414,0.028810993,0.026158717,0.99963,0.9807668,0.000107649,0.06369135,0.99835974,0.057463776,0.32942426,0.02145631,0.0003330955,0.29138848,0.9999207,0.0009641581,0.97637784,0.9999026,0.00031575403,0.0009342987,0.8350094,0.16494189,6.7479687e-06,0.69593096,8.882043e-05
0.5427482,0.0031181804,0.0004506591,0.08662297,0.09121052,0.9998031,0.9854775,0.00049006846,0.050111216,0.999861,0.051648293,0.9621797,0.07215571,0.00047020835,0.83422095,0.9987721,0.0030378758,0.99039906,0.9991436,0.00097278866,0.0035158962,0.9718787,0.25714323,0.00020011362,0.9469194,0.0009979317
0.14744897,0.0017938773,0.0004324109,0.01975593,0.06064006,0.9992291,0.9628312,0.00020745776,0.062617406,0.996874,0.10669334,0.61303055,0.034523856,0.00080155605,0.15117499,0.9996462,0.0014992929,0.9792762,0.9995097,0.0006047284,0.0022958377,0.6999912,0.1452982,2.284274e-05,0.39736477,0.00016528893
0.11014528,0.0010074275,0.0002073332,0.018633604,0.033531245,0.9995352,0.9729767,0.000106361396,0.060615107,0.99735665,0.07581828,0.41126314,0.021452079,0.00042304365,0.15911545,0.9998808,0.00092381105,0.9784104,0.9998235,0.00032394938,0.0011927362,0.7275664,0.13266268,6.9820107e-06,0.4745054,8.044055e-05
0.10195062,0.00063171255,0.00011441069,0.01968025,0.022301788,0.99973565,0.9814579,6.437845e-05,0.056452874,0.9984047,0.054916248,0.33545107,0.016078446,0.00023526882,0.20938613,0.9999454,0.0006474115,0.9807149,0.99992347,0.00019999171,0.00071063114,0.79421556,0.13307115,3.2603284e-06,0.6049743,4.9604434e-05
0.21488991,8.490649e-06,2.7989717e-07,0.018483836,0.0013747102,0.99999976,0.9996275,3.641409e-07,0.015168378,0.99999976,0.0020406856,0.7429822,0.0016002946,3.94439e-07,0.9439346,0.9999999,1.888327e-05,0.998982,0.9999999,1.0051332e-06,6.495713e-06,0.99749064,0.12071754,7.884784e-09,0.997465,7.6824824e-07
0.32448533,0.0001487318,1.1152292e-05,0.040302303,0.011410327,0.9999924,0.99767977,9.636609e-06,0.030056905,0.99999416,0.012930553,0.84897685,0.011781629,1.1262486e-05,0.8884364,0.99998975,0.00024457418,0.9966318,0.99999106,2.8267e-05,0.0001399005,0.98982096,0.18436947,9.604082e-07,0.98619276,2.4602037e-05
0.29630327,4.0166295e-05,2.122935e-06,0.02724086,0.005704674,0.99999845,0.9990109,1.7175377e-06,0.021092523,0.9999989,0.00732204,0.82899916,0.006537893,2.03331e-06,0.9131897,0.99999833,7.7856705e-05,0.99826896,0.99999845,6.647071e-06,3.5857673e-05,0.9943817,0.16245522,1.1310983e-07,0.99250835,5.227613e-06
0.19594789,0.0007914372,8.785919e-05,0.01560229,0.0345552,0.99993515,0.9867098,6.852375e-05,0.032822717,0.9997044,0.039475396,0.9210259,0.015056872,0.00015828447,0.33810863,0.99984264,0.0005434034,0.9942601,0.99979824,0.00013302632,0.0010915237,0.8794791,0.102934785,7.0588435e-06,0.71081585,7.202711e-05
0.34261262,0.0028854308,0.00075012416,0.021409506,0.20534438,0.9995782,0.9622698,0.00022101353,0.055202767,0.9993849,0.18137924,0.932914,0.10728331,0.00060391106,0.23548768,0.9983677,0.001929246,0.9924638,0.99813974,0.0011142364,0.003709425,0.79037076,0.19562913,0.00010640177,0.44032553,0.00030335868
0.2754996,0.0018575408,0.0004364394,0.034549713,0.08769148,0.9996056,0.9773677,0.00019593722,0.058053546,0.99944943,0.101519406,0.82745534,0.06119349,0.00047947612,0.3942334,0.9994686,0.0018424366,0.98736763,0.9995022,0.0006911607,0.002523243,0.87522215,0.21411286,5.366878e-05,0.68572646,0.0002870182
0.56170845,0.0036485256,0.00071066635,0.09952323,0.12961568,0.99965346,0.9828452,0.0005103854,0.061350673,0.9998574,0.078442834,0.94039947,0.116816126,0.00057949213,0.8264407,0.99842775,0.0041388725,0.9884781,0.9990709,0.0014030788,0.0040725023,0.9689358,0.32822326,0.00029886715,0.93966305,0.001336621
0.09281995,0.00039036898,3.6655685e-05,0.005716042,0.023273036,0.99994874,0.9844281,2.032735e-05,0.02981819,0.9994646,0.04295918,0.8195681,0.0076487074,8.7531625e-05,0.0972593,0.99995065,0.00022310557,0.9946169,0.99989986,5.2686682e-05,0.000492017,0.70873827,0.06030836,9.518607e-07,0.37539876,1.4191959e-05
0.1932556,0.0004412096,3.2256008e-05,0.02487862,0.0103733735,0.99997747,0.9935213,5.5302447e-05,0.02892973,0.9998578,0.012891867,0.88620377,0.005500886,8.5553635e-05,0.6580666,0.9999602,0.00038036253,0.9940655,0.99995315,5.956845e-05,0.00049093063,0.95760286,0.093608856,2.4713872e-06,0.93842685,5.1678766e-05
0.017080273,0.00042798763,5.9707843e-05,0.0049708253,0.0075240997,0.9992995,0.94168043,4.9338825e-05,0.058447573,0.9326516,0.049351327,0.01931887,0.004138189,0.00044527723,0.017487785,0.99998593,0.0002674466,0.9430637,0.99994254,0.0001331328,0.000292936,0.256471,0.05032954,1.9785996e-07,0.12541315,9.10703e-06
0.5110772,0.0030711184,0.00079258444,0.05664363,0.2312915,0.99968326,0.97769463,0.0002295603,0.06299756,0.99985754,0.16228268,0.9387345,0.1832087,0.00037623313,0.6087673,0.9981294,0.003086203,0.99275243,0.99872357,0.001594946,0.0040056086,0.93232167,0.32556635,0.00023644221,0.8050716,0.0006948307
0.14059524,0.0027173634,0.00092239724,0.028909743,0.06745611,0.9977175,0.9460649,0.00044579766,0.08439646,0.99023825,0.13556196,0.35278198,0.047351547,0.0017962893,0.1433841,0.99947685,0.0026634727,0.9581744,0.99931145,0.0013726929,0.0032331299,0.64125645,0.17773506,4.5088906e-05,0.37398896,0.00031388208
0.31737053,0.013686716,0.00899061,0.05606448,0.30808666,0.98916733,0.88836145,0.0026637793,0.1129187,0.9858438,0.333806,0.6753892,0.23225118,0.0092763975,0.19850051,0.9905872,0.013723585,0.9569565,0.99165654,0.012910473,0.017530184,0.63815033,0.30397654,0.0014224085,0.33733654,0.0030066161
0.07575507,0.007112038,0.0034253562,0.028704457,0.072131924,0.9726353,0.8131238,0.0022552246,0.14216852,0.71669436,0.20191658,0.035243824,0.059033383,0.012671718,0.046050522,0.9989396,0.006368668,0.8102437,0.99766195,0.006263293,0.005688525,0.26878652,0.17089653,7.557643e-05,0.14661129,0.00066512584
0.21104774,0.0024302318,0.00073190086,0.04631837,0.064443976,0.99889684,0.96841097,0.00044603806,0.07772189,0.99758136,0.0964726,0.55362093,0.052365005,0.0011094338,0.3658017,0.9995059,0.0028417394,0.9699543,0.9995223,0.0011612253,0.003191521,0.84073776,0.22910024,6.714466e-05,0.6838031,0.00044075958
0.08362656,0.0019884415,0.0005326038,0.018248225,0.039863367,0.9981097,0.94106305,0.00030770962,0.07950116,0.9812195,0.10524291,0.22467303,0.024316782,0.0014913277,0.08313328,0.99975055,0.0016663688,0.9537761,0.9995528,0.000782903,0.002111634,0.52617323,0.12583731,1.3741729e-05,0.27629837,0.00014909885
0.13365617,0.0006193034,8.844703e-05,0.02441256,0.019474618,0.9998654,0.9870157,6.6129345e-05,0.049456116,0.9993845,0.037595056,0.5592406,0.013560483,0.000171277,0.37041897,0.9999459,0.00063551613,0.98637193,0.99993277,0.00015343388,0.0007107415,0.8863592,0.13656445,3.9832676e-06,0.78120464,6.076557e-05
0.059786975,0.0028439169,0.0008960745,0.017240038,0.039188668,0.99448436,0.89308745,0.0005951276,0.0965958,0.90346503,0.12991299,0.07319908,0.025278924,0.003527593,0.044464603,0.9996922,0.0022583595,0.90730685,0.999275,0.0014415159,0.00247755,0.33498502,0.118060045,1.4544115e-05,0.1670013,0.00018103309
0.20584066,0.0012491822,0.00020607065,0.029164502,0.040407747,0.9997943,0.9828918,0.00015421186,0.048912752,0.99939525,0.053096425,0.8000744,0.025126683,0.00034219702,0.41907987,0.9997857,0.0011459144,0.9876073,0.9997695,0.0003223329,0.0016343576,0.890373,0.15890019,1.8428773e-05,0.76840764,0.00016525113
0.28603947,0.00019888993,1.7922568e-05,0.036592748,0.014657601,0.9999858,0.99675447,1.3397725e-05,0.033212926,0.9999865,0.018596957,0.814652,0.014396166,1.8841032e-05,0.82099384,0.999984,0.00031564114,0.9957016,0.9999856,4.3371372e-05,0.00020526724,0.98285204,0.18306005,1.4429188e-06,0.97276115,3.0822976e-05
0.034693427,0.00068497774,0.000117101445,0.008352302,0.013514146,0.9992994,0.95174164,8.6211425e-05,0.060833607,0.9742665,0.05868478,0.08303211,0.007212748,0.0005508426,0.039697003,0.99996054,0.00048890157,0.95816606,0.9998914,0.0002028349,0.00061232114,0.40646347,0.070812345,9.633555e-07,0.20839547,2.4909843e-05
0.12386466,0.001981919,0.0004930367,0.017745398,0.055529114,0.99894816,0.9540459,0.00027146426,0.064077884,0.9938061,0.10672182,0.54139256,0.029339923,0.0011112923,0.11604892,0.99962974,0.00160136,0.9738166,0.9994307,0.0006685714,0.0025078133,0.62870926,0.13080554,2.1380869e-05,0.33423674,0.0001688708
0.1416224,0.021196755,0.015618117,0.049515504,0.1828238,0.90932,0.7386344,0.0075380313,0.16908485,0.663643,0.3251555,0.07527273,0.16818427,0.0401307,0.063132614,0.99314547,0.020777987,0.78425044,0.9888045,0.027416842,0.017807167,0.275109,0.24291776,0.00074671145,0.14357905,0.003299506
0.4764949,0.07421854,0.07226462,0.12422756,0.7663572,0.9742147,0.73821884,0.009159616,0.20067123,0.97443193,0.6354742,0.68582356,0.7129318,0.022162776,0.2960886,0.9089914,0.069927454,0.9694155,0.9295118,0.13180396,0.09568141,0.6612568,0.4602929,0.020144349,0.4812013,0.021033894
0.32205525,0.024496656,0.018737854,0.057143293,0.3877183,0.9775212,0.8290923,0.005690324,0.1281153,0.96606576,0.3929667,0.66921854,0.2837724,0.020600885,0.16476162,0.98030776,0.022227097,0.9439334,0.98070407,0.024573952,0.030179681,0.546026,0.30057278,0.0029702503,0.27121133,0.0054626954
0.24717979,0.00012895091,1.0324939e-05,0.032372072,0.009688948,0.9999907,0.99746025,8.460557e-06,0.030736985,0.99998903,0.0136544015,0.76200277,0.009746734,1.2135786e-05,0.8228308,0.9999926,0.00021115385,0.9960587,0.99999285,2.6353044e-05,0.00012625672,0.9848615,0.16759017,6.35157e-07,0.9774998,1.7215327e-05
0.31680438,0.0003719112,3.966048e-05,0.044336524,0.022182506,0.9999721,0.9952586,2.9528273e-05,0.038065888,0.9999747,0.025155492,0.84688735,0.020660765,4.067941e-05,0.8085904,0.9999596,0.00053881516,0.9945326,0.9999654,8.717652e-05,0.00039838944,0.9786943,0.20033649,4.295252e-06,0.96484625,6.613868e-05
0.19145437,0.00013305957,1.1035975e-05,0.027378507,0.008630345,0.99998796,0.99698275,9.2578475e-06,0.032073244,0.9999782,0.014303444,0.6891807,0.008047807,1.5466665e-05,0.7438165,0.9999931,0.0002073759,0.9952815,0.9999927,2.7157577e-05,0.0001336993,0.97777903,0.14918002,5.432274e-07,0.9644612,1.5170149e-05
0.15399826,0.00059057446,7.36633e-05,0.017750975,0.025842434,0.9999198,0.98809993,4.616709e-05,0.03975378,0.9996809,0.041081928,0.78493917,0.014436253,0.0001232457,0.33396012,0.99992764,0.00050418434,0.992011,0.99990785,0.000115530805,0.000749424,0.88075083,0.12007747,3.890443e-06,0.7318508,4.985183e-05
0.35013545,0.030644575,0.026386302,0.07454421,0.45422375,0.97192264,0.8182901,0.006689757,0.14438373,0.96452653,0.44188532,0.62694377,0.37067896,0.023057804,0.19409154,0.97273546,0.030641481,0.94333625,0.9764332,0.038781065,0.037780467,0.57628363,0.3494466,0.0048317183,0.31348303,0.007918326
0.45155084,0.0009576027,8.715225e-05,0.074215546,0.030260226,0.9999598,0.9938962,0.00011505904,0.039108705,0.99996436,0.021367062,0.9406755,0.024724184,0.00010920919,0.8977619,0.99984336,0.0011036926,0.9937034,0.99988616,0.00019703711,0.00091120915,0.98551613,0.20880745,2.1047208e-05,0.9816049,0.00024458257
0.23874173,0.00025770525,2.6919966e-05,0.03379672,0.015913857,0.9999747,0.9955179,1.96712e-05,0.037034895,0.999966,0.022754999,0.75553906,0.014708899,3.225315e-05,0.73539686,0.99997866,0.00038449216,0.9942076,0.9999796,6.10383e-05,0.00027935073,0.97251636,0.17546088,1.907795e-06,0.95282865,3.6380257e-05
0.2461888,7.25221e-05,4.7635262e-06,0.029361265,0.0065010656,0.9999958,0.99834704,4.2486577e-06,0.026316531,0.99999547,0.009191961,0.767979,0.0068279603,5.6272024e-06,0.86603457,0.9999968,0.00012817919,0.99711406,0.9999969,1.31494735e-05,6.702727e-05,0.9900804,0.15808626,2.540989e-07,0.9864434,9.20975e-06
0.113556564,0.0005880654,8.438743e-05,0.020244455,0.018587604,0.99985564,0.9857771,5.8250647e-05,0.04935449,0.999175,0.039675876,0.5109808,0.01225728,0.00017481166,0.29086706,0.99995136,0.000566089,0.9859021,0.9999341,0.00014042975,0.0006703786,0.8544033,0.1241057,3.0538883e-06,0.7138322,4.9209837e-05
0.101018816,8.865484e-05,7.1816435e-06,0.01941746,0.0045013125,0.9999857,0.99649674,7.4698837e-06,0.033876736,0.9999279,0.011145649,0.3621983,0.003949721,1.6640945e-05,0.5669974,0.99999726,0.00013286521,0.99308795,0.9999964,1.9066993e-05,8.230888e-05,0.9605833,0.112785086,1.6966311e-07,0.93994606,6.652398e-06
0.38776842,0.0022197857,0.00054519845,0.049923748,0.11967589,0.9996525,0.98002154,0.00023985488,0.058580406,0.99973816,0.1083841,0.8929417,0.093379155,0.00044516195,0.56432563,0.99915206,0.0024152156,0.9892195,0.9993456,0.0009468469,0.003020915,0.9226708,0.2696219,0.00010982786,0.8002365,0.0004784945
0.24900927,0.0020170328,0.00055823487,0.040165827,0.07848291,0.999345,0.9738307,0.0002640978,0.066566475,0.99896514,0.105160534,0.70236033,0.061201252,0.00068521244,0.37637824,0.9994869,0.002261523,0.98116136,0.9995302,0.00091381493,0.0027154179,0.85746235,0.22496113,5.9114893e-05,0.67885447,0.0003436815
0.3259168,0.0011565357,0.00021459637,0.040827487,0.06800999,0.99984145,0.9869071,0.00010327481,0.05017999,0.9998473,0.07286347,0.8592063,0.053512875,0.00020064322,0.5789696,0.99972206,0.0013288269,0.991156,0.99976474,0.0003968265,0.0015054209,0.9350874,0.22689894,3.0049894e-05,0.8446259,0.00020534631
0.12759514,0.0005407925,9.1503505e-05,0.024135914,0.021546979,0.99982446,0.9864761,5.3924367e-05,0.053133387,0.9992854,0.047063418,0.40636665,0.017374696,0.0001646977,0.3194593,0.99995303,0.00062263483,0.9841807,0.999943,0.00017559064,0.0006158723,0.86740446,0.15059368,3.4064547e-06,0.739396,5.2051993e-05
0.29607388,0.0009981313,0.00016061349,0.045433197,0.04381019,0.99987435,0.9891025,0.000104594634,0.049034234,0.9998454,0.049744677,0.835771,0.03524908,0.0001803916,0.6505307,0.9998271,0.0011966941,0.99048525,0.9998511,0.0002936157,0.0012170125,0.9492136,0.21364951,2.0251171e-05,0.89772844,0.0001773977
0.25919688,8.39259e-05,5.561437e-06,0.031472582,0.0070207887,0.99999535,0.99824595,5.0881704e-06,0.027179228,0.99999523,0.00946513,0.7905467,0.00727165,6.462279e-06,0.87483734,0.99999595,0.00014660998,0.99702877,0.9999962,1.4922164e-05,7.740033e-05,0.9902914,0.16169049,3.2815575e-07,0.98689055,1.1261057e-05
0.6701165,0.012165739,0.0034034841,0.10709957,0.45110026,0.9991721,0.9556598,0.0010246001,0.09386949,0.99967754,0.24260546,0.9604752,0.39876747,0.0010907863,0.71455413,0.987689,0.009430047,0.99124193,0.9923683,0.007621405,0.014672586,0.93705165,0.40199792,0.002115453,0.84608305,0.0035331787
0.6797927,0.011558482,0.0030971281,0.112846255,0.42606393,0.9992078,0.95945925,0.0010248823,0.090990044,0.9997136,0.22308718,0.96118206,0.38216797,0.0010564417,0.74354887,0.98870766,0.009260569,0.99094313,0.9932795,0.0071155215,0.013640998,0.94448596,0.4049265,0.0020238082,0.86724585,0.0035991934
0.1903634,0.0013818698,0.00030976828,0.025794359,0.05869467,0.9995875,0.9759443,0.00014468264,0.058332965,0.9989761,0.090293095,0.6892336,0.038922943,0.00043620134,0.27178678,0.9997218,0.0013450346,0.9844593,0.9996855,0.00048605868,0.0018360147,0.8212246,0.17318733,2.1850226e-05,0.5928032,0.00016140184
0.48152032,0.0066490597,0.0023120851,0.052406427,0.3575045,0.9990305,0.9545,0.00057485903,0.07898501,0.9993781,0.25541943,0.9307053,0.26109698,0.0011411938,0.4351494,0.99446094,0.005620178,0.9901371,0.99591833,0.004203449,0.008905881,0.86808354,0.33206898,0.00067862915,0.63346803,0.0013344504
0.24982168,0.00056280027,8.3002175e-05,0.04054348,0.027227899,0.99991786,0.99175686,5.668655e-05,0.047224402,0.9998876,0.037388038,0.7332179,0.024412345,0.0001005688,0.6594529,0.9999331,0.00078759535,0.99060446,0.99993896,0.00016780547,0.00066219264,0.95530015,0.20033802,7.2814964e-06,0.9175382,9.246106e-05
0.29122677,1.999439e-05,8.260333e-07,0.023656193,0.0035157255,0.9999994,0.99940896,7.5047114e-07,0.017017026,0.99999964,0.0044464855,0.8416883,0.0040922887,8.0040894e-07,0.9381393,0.9999994,4.11913e-05,0.99884254,0.9999994,2.8043175e-06,1.6782673e-05,0.9965663,0.14804065,3.6705032e-08,0.9958639,2.38774e-06
0.23098819,8.5291096e-05,5.726959e-06,0.030488448,0.0062953914,0.99999475,0.998135,5.52258e-06,0.028309332,0.9999933,0.009127841,0.7485344,0.0063976534,7.4306713e-06,0.8573646,0.9999964,0.00014725137,0.9966798,0.9999964,1.5088775e-05,7.744027e-05,0.9889731,0.15519908,3.0487388e-07,0.98523074,1.0595187e-05
0.13433611,0.00015112333,1.0958963e-05,0.026308931,0.0047232355,0.9999865,0.9962255,1.5830783e-05,0.033597942,0.9999274,0.008990411,0.59594107,0.003556716,2.7101356e-05,0.695064,0.9999944,0.00019595363,0.9934782,0.9999931,2.5732601e-05,0.0001360536,0.9703648,0.10656386,4.2109076e-07,0.9628788,1.3941059e-05
0.2814188,0.0011768417,0.0002500501,0.044951342,0.054055855,0.99975985,0.9852386,0.00014048508,0.056336116,0.9997148,0.067812204,0.76049155,0.04609737,0.00027769184,0.5618916,0.99976283,0.0015281781,0.98693246,0.99979633,0.0004557971,0.0015503139,0.9270682,0.2290689,2.8891427e-05,0.84544086,0.00022669532
0.3667563,0.008671389,0.0043547237,0.040924773,0.33637124,0.9968004,0.9206251,0.001078787,0.088818885,0.99645126,0.31107044,0.84436464,0.22535884,0.0033568845,0.22295801,0.9933844,0.007468377,0.980471,0.9938694,0.0065352973,0.011577881,0.71123135,0.28110403,0.0007500909,0.38081527,0.0014814558
0.07294619,0.0009208693,0.00017219286,0.013858656,0.023000803,0.9994972,0.96736944,0.00010790356,0.060584757,0.9941111,0.06314433,0.30170172,0.012929957,0.0004794092,0.1039696,0.999913,0.0007381232,0.9740853,0.9998462,0.00025867537,0.0010295984,0.63157535,0.10188311,3.6883794e-06,0.37523085,5.6766392e-05
0.20233397,0.00069601135,8.398955e-05,0.02515608,0.027177664,0.99992895,0.98961884,6.436624e-05,0.03942544,0.99979013,0.035835642,0.84995776,0.016281959,0.00013170259,0.49213222,0.99990475,0.0006400522,0.9923868,0.999895,0.00013913102,0.00087569753,0.9243589,0.1379729,6.694293e-06,0.8398237,7.999252e-05
0.32183865,0.0004251755,5.1154668e-05,0.045686275,0.025806902,0.9999628,0.99455005,3.6206133e-05,0.04038403,0.9999684,0.029264195,0.83824223,0.02423086,5.0112223e-05,0.7952045,0.99994755,0.00063725986,0.99394315,0.9999565,0.00011020458,0.0004772616,0.9758782,0.21017437,5.6911563e-06,0.95958996,8.054363e-05
0.19664903,0.0007000587,0.00012024295,0.034009527,0.029222425,0.999848,0.98803383,7.725676e-05,0.052364685,0.99967885,0.0470838,0.6317277,0.024122266,0.00017168903,0.49609646,0.9999156,0.0008896624,0.9870732,0.99991417,0.00022596765,0.00085335947,0.9200753,0.1832917,8.295531e-06,0.8417708,9.913165e-05
0.2686489,0.000163487,1.2801165e-05,0.037926372,0.009954636,0.99998975,0.9972746,1.2029295e-05,0.03227224,0.9999883,0.012698958,0.8012931,0.009618056,1.5388248e-05,0.8535302,0.9999901,0.00025871707,0.9958467,0.9999908,3.1020252e-05,0.00015284323,0.986524,0.17038098,9.37099e-07,0.9815052,2.385291e-05
0.123975284,0.000987822,0.00022205211,0.025117097,0.03237445,0.9995078,0.97611755,0.00012173282,0.06460794,0.99770087,0.07213301,0.34790775,0.024491353,0.00042383344,0.2220403,0.9998882,0.00105851,0.9754165,0.9998561,0.0003796836,0.0011516832,0.7836744,0.15779248,8.395854e-06,0.5892175,9.837153e-05
0.3254202,0.0089153135,0.0044848067,0.052320633,0.23603478,0.99528754,0.9272564,0.0017665447,0.09236991,0.99405885,0.24204786,0.7850334,0.16680421,0.005043545,0.2711694,0.99462116,0.00899838,0.9679326,0.9953092,0.0062469044,0.012503611,0.7395317,0.28753075,0.00082580344,0.45295477,0.0020657012
0.33768177,0.00014459093,1.0131053e-05,0.04000434,0.011696045,0.99999356,0.9978319,8.598151e-06,0.028800966,0.99999535,0.012798452,0.870477,0.011919176,9.840693e-06,0.89555526,0.99998987,0.000233433,0.9969875,0.9999912,2.5972608e-05,0.00013432994,0.99058086,0.18255033,9.1643847e-07,0.9870352,2.3685128e-05
0.33395997,0.0013740178,0.000265088,0.040801518,0.07808977,0.99981576,0.98529947,0.00012657774,0.05112275,0.9998216,0.07929265,0.87769353,0.058827095,0.00024480096,0.56160235,0.9996314,0.0014863082,0.990989,0.9996853,0.0004679131,0.0018087272,0.93005097,0.23016146,4.0216273e-05,0.8258981,0.00024309791
0.04053718,0.00031841334,4.8199807e-05,0.013166088,0.007939463,0.99974483,0.9789178,3.9828083e-05,0.059540704,0.99387485,0.034342848,0.052925613,0.006058671,0.00018813473,0.108461045,0.99998856,0.00030016128,0.9664582,0.99997675,0.00010318553,0.00026461904,0.67781234,0.09577441,4.4311946e-07,0.50952274,1.49655025e-05
0.11048424,0.00041796532,7.180731e-05,0.022035142,0.01794177,0.9998331,0.9871759,4.2555937e-05,0.05317884,0.99919933,0.044737913,0.2954368,0.015140104,0.00013746036,0.28829867,0.9999685,0.00051243004,0.9828752,0.9999604,0.00014628754,0.00046380766,0.85691226,0.14577247,2.0595728e-06,0.7283681,3.7119637e-05
0.49052125,0.005004145,0.0017589519,0.057997312,0.3130376,0.9992435,0.96374166,0.00042377686,0.07571241,0.999603,0.23415901,0.91852975,0.24627069,0.0008219624,0.49134988,0.9962366,0.0048941853,0.9902181,0.997408,0.0033916186,0.0067516947,0.89146763,0.34498188,0.00050137617,0.69753677,0.0011048086
0.30822664,0.00010169168,7.3902474e-06,0.034949258,0.009842,0.9999944,0.99808925,5.81699e-06,0.027838865,0.9999958,0.012200137,0.8213393,0.010737568,7.275125e-06,0.8825374,0.9999938,0.00018049103,0.99703074,0.9999945,2.0193509e-05,9.710652e-05,0.99034846,0.18117099,5.227715e-07,0.9864965,1.5611207e-05
0.3115145,0.00074626826,0.00011480696,0.046998564,0.038264472,0.9999095,0.9912298,7.410895e-05,0.047169443,0.99991107,0.0439068,0.82076913,0.03413525,0.00012058098,0.7064614,0.9998826,0.0010095182,0.9913599,0.9999014,0.00022793679,0.00089922873,0.9604653,0.22140951,1.4136914e-05,0.9243461,0.00014356249
0.43253678,0.09236178,0.09344979,0.12914523,0.7518908,0.953877,0.68742794,0.013573618,0.2184449,0.9464664,0.6367675,0.54943776,0.71598846,0.03566674,0.25559694,0.89917713,0.08899273,0.95481324,0.91359437,0.17210057,0.11152769,0.59441173,0.44817805,0.022620847,0.43702576,0.025946997
0.61533886,0.011311871,0.0038207036,0.073030405,0.58248335,0.9992867,0.9434901,0.0005959893,0.09812959,0.9996519,0.35643178,0.953234,0.48785296,0.00084219204,0.548968,0.98728675,0.007881478,0.9942906,0.9911897,0.008335743,0.014718555,0.9017615,0.39961356,0.0015914479,0.73467445,0.0022254866
0.49434677,0.001286009,0.00019712618,0.071160674,0.07409414,0.99990463,0.9907864,0.00012113935,0.04868841,0.99995804,0.054860197,0.9270947,0.067874186,0.00014358836,0.8325932,0.9996511,0.0016539076,0.9930448,0.9997645,0.00041295085,0.0014677068,0.9757034,0.2816964,5.108159e-05,0.9543416,0.00036055842
0.33024818,0.056854714,0.060762215,0.101031184,0.5289645,0.9150921,0.72333795,0.015162645,0.18749663,0.8829245,0.516488,0.35771188,0.50324315,0.05380444,0.17203712,0.94832104,0.065321565,0.9008669,0.9524574,0.10899938,0.0638502,0.4753359,0.39173865,0.010034069,0.29812044,0.01614829
0.3592711,0.00269612,0.0006570814,0.031566367,0.15935786,0.9995906,0.97221786,0.0002510903,0.055603452,0.9995547,0.13951294,0.9237367,0.09804357,0.0005768451,0.37140936,0.9987337,0.0021823747,0.9908161,0.99879813,0.00102832,0.0036621594,0.8660761,0.22680584,0.00011808686,0.61823213,0.00040457209
0.17879546,0.05553233,0.04834682,0.06846392,0.3192223,0.70921284,0.5965573,0.023545193,0.21870753,0.3925397,0.40883783,0.055043988,0.34780782,0.11132925,0.067499846,0.9721103,0.05432799,0.6628306,0.9473025,0.12549353,0.042769775,0.19932224,0.26843593,0.002839033,0.14297733,0.010904849
0.4103851,0.00095235195,0.0001460648,0.06076488,0.05146349,0.9999125,0.9914312,9.594612e-05,0.04761138,0.9999471,0.046299174,0.8892526,0.047395553,0.00012654236,0.79934657,0.99980444,0.0013132859,0.9923193,0.99985445,0.0002957633,0.0011235104,0.9720515,0.25420567,2.703958e-05,0.9490154,0.00023432789
0.11381506,0.033458047,0.024777004,0.043714214,0.24462987,0.71740633,0.57584476,0.00969125,0.2120007,0.28415436,0.38863784,0.014235536,0.29782492,0.06905598,0.0332693,0.9889737,0.03271916,0.63172597,0.9686459,0.0988683,0.020397913,0.11395972,0.205247,0.000579163,0.09570454,0.0036398359
0.28735876,0.0029731903,0.0008450762,0.022100462,0.16946259,0.9993222,0.9584863,0.00027305674,0.058586873,0.99880886,0.1765264,0.88723516,0.089941695,0.00087811897,0.19834873,0.9985789,0.0021873438,0.98897785,0.99836355,0.001210254,0.0038718435,0.75017476,0.1881226,9.848491e-05,0.39612615,0.00032217256
0.1589971,0.0016752707,0.00038547962,0.019697906,0.06264849,0.9993831,0.9666062,0.00017910515,0.059673876,0.99778265,0.104106255,0.66697824,0.035573184,0.0006661371,0.1669773,0.9996562,0.0013917224,0.98221016,0.99953806,0.0005463819,0.0021726605,0.72804683,0.14753279,2.2182565e-05,0.42486158,0.00015589641
0.22930636,0.00068177347,0.000107786014,0.03839807,0.02946191,0.9998852,0.98988086,7.2884635e-05,0.04972165,0.9998092,0.04212303,0.7101226,0.02498819,0.00014172669,0.59101516,0.99991536,0.00088720536,0.98905236,0.9999194,0.00020655537,0.0008162098,0.94152325,0.19339553,9.041133e-06,0.8874841,0.00010628565
0.10269988,0.00044846546,4.914643e-05,0.01794041,0.01116162,0.999926,0.9884737,4.9505332e-05,0.040886167,0.99931645,0.023973135,0.5762483,0.00648997,0.0001339549,0.33184996,0.99996984,0.00039400638,0.98839265,0.9999566,8.297345e-05,0.00049120915,0.877657,0.09591676,1.6423014e-06,0.78516525,3.565591e-05
0.0897384,0.00024675528,3.274783e-05,0.017550094,0.011180271,0.9999199,0.9907951,2.084005e-05,0.044910807,0.9995048,0.03086201,0.27989188,0.009164689,7.024154e-05,0.28942478,0.999987,0.00029201552,0.98698866,0.99998224,6.969914e-05,0.00025699052,0.87648076,0.121950865,7.1079415e-07,0.76436526,1.7498001e-05
0.2673779,6.352219e-05,3.9606502e-06,0.029509634,0.0065279705,0.99999666,0.9985618,3.3705176e-06,0.024975086,0.999997,0.00887081,0.7902256,0.0071347924,4.3207037e-06,0.88429254,0.99999714,0.00011573025,0.9974744,0.99999726,1.1341209e-05,5.8055553e-05,0.991708,0.16325366,2.173332e-07,0.98869157,8.291664e-06
0.18526442,0.000112925874,9.857308e-06,0.025949268,0.008301571,0.99998784,0.9970559,7.90599e-06,0.032215226,0.99997854,0.014585943,0.62907547,0.008235906,1.38661835e-05,0.7289498,0.9999943,0.00018839394,0.99512595,0.99999404,2.577342e-05,0.000116021416,0.9770756,0.15256472,4.3098703e-07,0.9632352,1.2882433e-05
0.37967575,0.00030305746,2.902041e-05,0.048687834,0.022241127,0.99998176,0.9963129,2.0844542e-05,0.03586765,0.99998903,0.022614455,0.87306684,0.022654884,2.5413443e-05,0.86895514,0.99996686,0.00047698917,0.99565864,0.99997354,6.93735e-05,0.00030624075,0.9857896,0.21535908,3.493334e-06,0.97849494,5.946873e-05
0.56056684,0.0100133205,0.003914236,0.061594855,0.5844435,0.99912363,0.9402688,0.0004961946,0.0972637,0.9995296,0.39217633,0.9357612,0.47566235,0.00090872514,0.4514012,0.9887317,0.0077313124,0.9939539,0.9925282,0.008718532,0.013283616,0.8741419,0.3986351,0.0012765519,0.65768796,0.0018175486
0.23258609,0.00012100093,9.994287e-06,0.0302035,0.009434512,0.9999902,0.9974044,8.001975e-06,0.030841472,0.99998784,0.01407472,0.73571295,0.009520327,1.2099396e-05,0.80361027,0.9999931,0.00020408638,0.99593014,0.9999932,2.5770863e-05,0.00012171098,0.9834194,0.16461433,5.652868e-07,0.9746377,1.5935251e-05
0.26738915,0.00015069409,1.19345905e-05,0.034373064,0.01093415,0.99999046,0.9973532,9.8844575e-06,0.030996712,0.99998987,0.014289078,0.80843014,0.010668559,1.33588765e-05,0.83816904,0.9999901,0.00024174716,0.99619114,0.9999908,2.9443156e-05,0.00014882899,0.98558366,0.17047428,8.5590744e-07,0.9783612,2.1701018e-05
0.29603666,0.00041340376,5.155964e-05,0.043663394,0.02376349,0.9999566,0.9942415,3.6596623e-05,0.042052418,0.99995816,0.029371124,0.7932198,0.02296287,5.570333e-05,0.766858,0.99995387,0.0006272586,0.9931028,0.99996006,0.000112592345,0.0004628122,0.9728717,0.20740516,5.0948665e-06,0.95379347,7.494893e-05
0.19062914,8.4771505e-05,5.9344798e-06,0.02728646,0.0056223767,0.99999356,0.9978763,6.0365287e-06,0.029446071,0.9999887,0.00917973,0.6846208,0.005438251,8.8427205e-06,0.81288505,0.99999666,0.00014363465,0.99613863,0.9999964,1.5460855e-05,7.946435e-05,0.98554415,0.1423322,2.6859647e-07,0.9799534,9.61865e-06
0.3395055,0.001632827,0.00037717237,0.051097557,0.078127645,0.9996979,0.98322207,0.00019772424,0.058469683,0.9997389,0.083081394,0.83341557,0.06555475,0.00036108986,0.5946628,0.99955326,0.0020547737,0.98754114,0.99964666,0.0006669572,0.0022077437,0.9308543,0.2554737,6.028685e-05,0.8428619,0.00036572246
0.37156746,0.00034346024,3.344712e-05,0.050539874,0.022024577,0.9999795,0.9960122,2.627743e-05,0.036498483,0.9999862,0.021942299,0.87697685,0.02161103,3.1127405e-05,0.8671859,0.9999621,0.0005158945,0.99530315,0.9999696,7.7067205e-05,0.00034807276,0.9851939,0.21219362,4.203086e-06,0.97801685,6.826404e-05
0.18755406,0.001329042,0.00024220604,0.02961629,0.039132785,0.9997174,0.9806465,0.00017823477,0.05297391,0.99910057,0.05668148,0.7416283,0.024435842,0.000424068,0.37973356,0.99979156,0.0012646744,0.9848257,0.9997646,0.00036178058,0.0017268363,0.874528,0.16148823,1.9186797e-05,0.7397858,0.00017791893
0.3168489,0.0017417604,0.00034792098,0.016764319,0.15078785,0.9998029,0.9733974,0.000110416215,0.045772474,0.99967587,0.13735615,0.9429918,0.07265487,0.00029861028,0.2387023,0.9992036,0.0011171114,0.9944431,0.99901795,0.0005299526,0.0022323083,0.8174853,0.16725174,4.265524e-05,0.473369,0.00015462175
0.2669559,0.00010951872,8.104349e-06,0.034233056,0.008461806,0.9999932,0.99787486,7.1732447e-06,0.029428544,0.9999931,0.011229097,0.78223974,0.008777951,9.318417e-06,0.86405206,0.99999416,0.00018719886,0.9965154,0.9999945,2.1071992e-05,0.00010220839,0.9886906,0.17008865,5.155278e-07,0.98461205,1.5402666e-05
0.15116142,0.0019109725,0.0005023793,0.022674615,0.06252077,0.9990682,0.9618364,0.00023567337,0.06645024,0.99640924,0.112199426,0.55174303,0.03843313,0.00090861175,0.16173995,0.9996301,0.00170655,0.9761598,0.99950457,0.0007238983,0.002412765,0.70311314,0.15729876,2.6695403e-05,0.4189861,0.00018959264
0.43051413,0.0023409934,0.00039477993,0.047959756,0.10281394,0.9998122,0.9834984,0.0002648856,0.047118954,0.9998186,0.07309528,0.9556599,0.068877175,0.00038037848,0.64835805,0.999079,0.0019761324,0.99216264,0.99923277,0.00067814527,0.0029904023,0.9441644,0.22905463,0.00010665237,0.8554817,0.0004896314
0.24454616,0.00064929586,8.982783e-05,0.034247678,0.03238028,0.999923,0.9909361,5.6896413e-05,0.043913476,0.99987745,0.04179257,0.8131896,0.024636453,0.00010593404,0.59742063,0.99990916,0.00075344543,0.9920744,0.9999138,0.00016630464,0.000792368,0.9451736,0.18182158,8.308477e-06,0.8861352,9.128815e-05
0.7956105,0.015347958,0.0033627253,0.13116354,0.8322907,0.999796,0.95387745,0.00021575554,0.11760679,0.99995184,0.49334183,0.9567158,0.82544994,0.00017818122,0.7929769,0.9810891,0.009305063,0.9983455,0.99233365,0.015279376,0.017217867,0.9683473,0.57146615,0.0021827288,0.9375364,0.0029176997
0.33145782,0.00030966522,3.3042394e-05,0.04429193,0.021550542,0.99997604,0.9957806,2.3296017e-05,0.03717032,0.99998164,0.024657063,0.83654076,0.02145702,3.1692496e-05,0.824798,0.9999671,0.00048518745,0.99488693,0.99997246,7.689183e-05,0.00033167962,0.9810387,0.2074085,3.4387285e-06,0.9695898,5.7062243e-05
0.5201508,0.0019622638,0.00017670603,0.09798947,0.034962177,0.99992,0.99101746,0.00041320812,0.041908924,0.9999075,0.018977696,0.9554847,0.028183658,0.00030282297,0.9176389,0.99955827,0.0020461124,0.9908432,0.9996836,0.00047075487,0.0018704747,0.98562914,0.20166332,6.7252e-05,0.9838701,0.0006375114
0.32205006,0.0016791398,0.000323996,0.023378,0.11998486,0.9998024,0.9788231,0.00012306708,0.047085,0.999729,0.11128993,0.93163985,0.06692765,0.0002949287,0.34454092,0.99935037,0.0012704312,0.9933975,0.99931455,0.00050945167,0.0022381893,0.86989605,0.18822633,4.55652e-05,0.6174463,0.00019504175
0.37622285,2.7869166e-05,1.0984272e-06,0.03125743,0.004404224,0.9999994,0.9993691,1.0541895e-06,0.017726474,0.99999964,0.0045456346,0.8884589,0.005282759,9.645405e-07,0.9581662,0.9999989,5.3686395e-05,0.99883825,0.99999917,3.7198718e-06,2.1578046e-05,0.99732155,0.162785,6.827985e-08,0.9971198,3.9369593e-06
0.37215805,0.0057069813,0.0015657122,0.0626434,0.12336215,0.99892884,0.9654479,0.0013668205,0.065968566,0.9984345,0.09901691,0.91159683,0.08156982,0.002156324,0.5488955,0.9973099,0.0053243255,0.97962373,0.997843,0.0022591753,0.008126403,0.8950174,0.24655668,0.0004489731,0.77301925,0.0016700021
0.18204999,0.0027036513,0.0007142407,0.019670293,0.08800429,0.9990239,0.95354736,0.000387526,0.058339067,0.99616385,0.12266764,0.77597004,0.04299392,0.001364243,0.1510841,0.99917173,0.0020750794,0.98069215,0.99889296,0.0009197241,0.0036829961,0.6790742,0.14473753,5.3760115e-05,0.36477616,0.00028237494
0.23672682,0.0074698157,0.0043160073,0.05911803,0.1450539,0.99174786,0.9168578,0.002142353,0.110368416,0.983303,0.2115073,0.4396476,0.12109314,0.006698908,0.22432005,0.9971867,0.008821217,0.9340186,0.9973405,0.0063152714,0.009951112,0.67789626,0.27840015,0.00047891337,0.43296033,0.0017353623
0.18500362,0.00045656695,6.753233e-05,0.031880282,0.021049026,0.9999099,0.9911731,4.5580415e-05,0.047394764,0.9998012,0.036228713,0.59226876,0.018410947,9.9505174e-05,0.5369418,0.9999572,0.0006172895,0.98902124,0.99995565,0.00013890726,0.0005274807,0.9357812,0.1739828,3.9160495e-06,0.8800837,5.9179416e-05
0.011228864,0.0010443964,0.00021622673,0.0041136136,0.011652681,0.99292845,0.81086165,0.00019100356,0.079235666,0.38589615,0.089125745,0.0021049909,0.007372994,0.0024042502,0.005249326,0.99996567,0.000612524,0.8109941,0.9997445,0.00063567027,0.00048817394,0.06481131,0.04505913,3.232953e-07,0.04106822,1.572484e-05
0.55560523,0.0006982194,3.676947e-05,0.09093717,0.017080842,0.9999845,0.9961676,9.691437e-05,0.03234872,0.99998677,0.008965253,0.9562738,0.015015572,6.267499e-05,0.9616923,0.9999145,0.0007681517,0.9949419,0.99993825,0.00011882252,0.00051133276,0.99409205,0.18153265,1.0791954e-05,0.99543494,0.00019511169
0.49441135,0.0006167908,7.139409e-05,0.06561957,0.045167692,0.9999645,0.99458224,4.577879e-05,0.041453753,0.9999864,0.03586292,0.91688025,0.045669354,5.0297407e-05,0.88236856,0.9998857,0.0009051951,0.9950754,0.99992085,0.00016836883,0.0006409953,0.9847573,0.26091278,1.4360712e-05,0.976066,0.00015926095
0.0030632392,0.00033501713,5.9936607e-05,0.0012064151,0.0054069897,0.98547816,0.7405824,3.8510017e-05,0.08242988,0.07414112,0.07657883,4.36485e-05,0.0047361935,0.0011327897,0.00069669157,0.9999958,0.00018869882,0.65782565,0.99990475,0.00043304652,8.919236e-05,0.010762081,0.021191843,9.597095e-09,0.010857581,1.5097564e-06
