Amikacin,Amoxicillin-Clavulanic acid,Aztreonam,Cefepime,Cefixime,Cefotaxime,Cefpodoxime,Ceftazidime,Ceftriaxone,Cefuroxime,Chloramphenicol,Ciprofloxacin,Colistin,Cotrimoxazole,Ertapenem,Fosfomycin,Gentamicin,Imipenem,Levofloxacin,Nitrofurantoin,Norfloxacin,Piperacillin,Piperacillin-Tazobactam,Tigecycline,Tobramycin
0.017614007,0.20356691,0.15993597,0.056136817,0.06645102,0.061668776,0.19518633,0.0480898,0.18571533,0.41476816,0.041139193,0.06950113,0.01666443,0.16774505,0.020207811,0.3113185,0.03922099,0.013876256,0.07528433,0.16794086,0.09407792,0.9809137,0.20810297,0.015478981,0.034435257
0.005871319,0.15095662,0.11300716,0.029359316,0.035933487,0.030033868,0.1409872,0.02288332,0.14212602,0.3902463,0.018224781,0.035834942,0.0056911525,0.12208917,0.007013236,0.29875925,0.017237663,0.004200578,0.039641336,0.12514238,0.05341646,0.99347866,0.16067076,0.0048448946,0.013599838
0.0043189838,0.1397869,0.10289193,0.024370259,0.0301583,0.024419956,0.1283665,0.018485429,0.13183534,0.38297138,0.014490806,0.029864175,0.0041736974,0.11043615,0.0052321437,0.29648533,0.013580987,0.00300457,0.03333643,0.11525394,0.045777854,0.99512404,0.14951396,0.0035408007,0.010486404
0.0012371612,0.09901363,0.07068308,0.011689004,0.014735479,0.010458032,0.086203575,0.007877549,0.09827868,0.35595158,0.0057257437,0.013852342,0.0012023138,0.07380479,0.0015976371,0.28960943,0.005276519,0.0007863179,0.016216476,0.08183969,0.023830462,0.9985002,0.10984124,0.0009857743,0.0036448785
0.0047027175,0.14268625,0.10544087,0.025538761,0.03176041,0.025879312,0.13165396,0.019557633,0.13462728,0.38421923,0.015442884,0.031436983,0.0045251246,0.11346855,0.0056509036,0.29651818,0.014448572,0.003278651,0.03498343,0.11768379,0.047695357,0.9947424,0.1529717,0.003854098,0.011246688
0.0016097901,0.107387535,0.07717764,0.013810962,0.016811803,0.012507609,0.09416633,0.009471749,0.10444157,0.36380157,0.0069419704,0.016303021,0.001575257,0.08037773,0.0020686216,0.29385096,0.006504593,0.00105728,0.01895703,0.08861231,0.027676392,0.9980405,0.115994126,0.001306157,0.004591494
0.0028163344,0.12504639,0.0906207,0.018931512,0.023576524,0.018355776,0.11198717,0.013807735,0.118993774,0.3737885,0.010554063,0.023173664,0.002717345,0.09598708,0.0034791331,0.29383373,0.009803482,0.0018919846,0.02617058,0.102422394,0.036920417,0.9967386,0.13477917,0.0023051351,0.0073215924
0.0055725374,0.1500903,0.11163449,0.028355904,0.03493844,0.028902449,0.13851261,0.022026973,0.14027536,0.3897088,0.01758278,0.03490426,0.0053603584,0.1194393,0.006685038,0.29818442,0.01648529,0.0039573694,0.0387794,0.12311087,0.052466236,0.9937571,0.15864904,0.004640513,0.013011197
0.0029796115,0.12619333,0.09203308,0.019585604,0.024361243,0.019001275,0.11437762,0.014355108,0.12064573,0.3748823,0.010984973,0.023843532,0.0028909633,0.09817104,0.0036783533,0.29431012,0.01025525,0.0020153576,0.026943017,0.10427061,0.037757188,0.9965688,0.13630942,0.0024185334,0.007657471
0.0060551856,0.15373228,0.11497289,0.029845186,0.035992976,0.030531997,0.14254268,0.023293188,0.14296459,0.39175195,0.018525671,0.03658143,0.005818161,0.12187093,0.0072511015,0.30087885,0.017535318,0.00436555,0.040573906,0.12629661,0.054632552,0.9931918,0.16084217,0.005057572,0.014030779
0.005463154,0.14843765,0.11005528,0.02802548,0.034574267,0.028584078,0.13846405,0.0217685,0.13949493,0.38894972,0.017165765,0.03410337,0.0052754176,0.11953341,0.0065327436,0.29754832,0.016225912,0.0038756449,0.037801832,0.12258398,0.050906543,0.99393564,0.1581112,0.004434824,0.012724487
0.0041277986,0.13910984,0.102304816,0.02379809,0.029021839,0.023782503,0.12661421,0.017891461,0.13066311,0.38480172,0.014048771,0.029069431,0.0039585456,0.108618535,0.0050210166,0.2975156,0.0131660625,0.0028831805,0.032563783,0.11362174,0.045026857,0.9952727,0.14714968,0.0034168274,0.010191651
0.0008178241,0.08840345,0.062413618,0.009180746,0.0115711335,0.007894352,0.07532845,0.005946648,0.08893984,0.34617975,0.004196547,0.010741215,0.00079836085,0.06426524,0.0010771429,0.2881057,0.0038627265,0.0005036696,0.012772438,0.07315866,0.01928106,0.99898356,0.09914579,0.00064889906,0.0025719285
0.003008452,0.12661202,0.09217819,0.019625908,0.024606284,0.019141989,0.11436882,0.014423179,0.1209247,0.37456143,0.011092212,0.02408283,0.0029036864,0.09831072,0.003699225,0.2936157,0.010296977,0.002026578,0.02715252,0.10433402,0.03799257,0.9965507,0.13704865,0.0024493902,0.0076997955
0.008621386,0.16877632,0.1277733,0.036707383,0.04490316,0.03868049,0.15772787,0.02977529,0.15561087,0.3981644,0.024301594,0.04555463,0.008291481,0.13635422,0.010139347,0.30187014,0.02299811,0.0063187676,0.049804688,0.13831225,0.06569797,0.99052083,0.17635368,0.0073191877,0.018833596
0.018401932,0.20529652,0.16139622,0.057575382,0.068980575,0.06330698,0.1976463,0.04987646,0.18766479,0.41448858,0.042546567,0.071192876,0.017550685,0.17065872,0.021013796,0.31078124,0.040645465,0.014414431,0.076861426,0.16938567,0.095954224,0.98030156,0.21065728,0.016046606,0.035495505
0.0012939792,0.10057733,0.07185605,0.012059453,0.014976898,0.010790658,0.087670915,0.008146391,0.09904569,0.35742825,0.0058907224,0.01426498,0.001264195,0.07491687,0.0016711488,0.2910356,0.0054804203,0.00082858943,0.016660882,0.08311852,0.024496302,0.99842584,0.110603556,0.0010355731,0.00379683
0.00025119566,0.06360985,0.04407966,0.004675181,0.005816606,0.0035140722,0.05087944,0.0026963842,0.067517966,0.32144493,0.0017624679,0.0050903163,0.00024990257,0.043224234,0.0003549397,0.28483364,0.0016054354,0.00014316181,0.006419931,0.05249292,0.010534358,0.999658,0.07356542,0.00019923404,0.00096591824
0.004636535,0.14364032,0.10713636,0.025378173,0.030271184,0.025609136,0.13150218,0.019288255,0.13420765,0.38739178,0.015210904,0.031418033,0.0043962356,0.11083887,0.005640726,0.30051976,0.014290079,0.0032964197,0.035145137,0.117734134,0.047748785,0.99462897,0.14968319,0.003914061,0.011279344
0.004490989,0.14056955,0.103889816,0.024940982,0.030805483,0.025076631,0.13026734,0.018969906,0.13310029,0.38383064,0.014853465,0.030348286,0.0043426645,0.11237032,0.0054168813,0.29664811,0.013993451,0.0031360341,0.03388352,0.116534494,0.046198532,0.99496835,0.15064396,0.0036389057,0.010810644
0.0016927626,0.10846395,0.07801203,0.01412315,0.017479258,0.012954957,0.095468394,0.009789888,0.10558609,0.36386377,0.0072133043,0.016875455,0.0016515998,0.081732616,0.0021567754,0.29224133,0.006714804,0.0011054535,0.019485548,0.08942387,0.028306803,0.99796957,0.118183084,0.0013686676,0.0047687953
0.001984772,0.11284168,0.08130118,0.015462096,0.019274414,0.014446257,0.10063627,0.010902888,0.1096897,0.36690944,0.0080972025,0.01848326,0.0019355078,0.08660822,0.002496076,0.29217085,0.007572431,0.001306279,0.02121384,0.09338624,0.030372143,0.99766254,0.1232101,0.0015842099,0.0054241796
0.006857644,0.16001816,0.12042481,0.032009546,0.038904145,0.033326473,0.147042,0.025209507,0.1484266,0.39651784,0.020587992,0.039459515,0.0064698225,0.12629858,0.008124636,0.29981965,0.019105922,0.00500293,0.043916717,0.12873182,0.05884773,0.9923098,0.16648732,0.005852798,0.015687834
0.009726033,0.17405362,0.13238907,0.03924059,0.04786113,0.04184979,0.1639619,0.03212796,0.16031596,0.40088308,0.026496045,0.04890767,0.009256277,0.14069238,0.0113626085,0.30238044,0.024923185,0.0072424295,0.053311624,0.14265317,0.06956262,0.98940533,0.18184522,0.008276434,0.020812986
0.005646557,0.14999446,0.11134404,0.02849436,0.03509552,0.029306114,0.13965482,0.0222261,0.14039321,0.3898178,0.017628048,0.034921948,0.0054354947,0.120675035,0.006721209,0.29806155,0.016650623,0.0040089795,0.038638856,0.123824224,0.052044623,0.9937503,0.15967576,0.0046116994,0.0131134875
0.0028635086,0.12725593,0.09291196,0.01931523,0.023355838,0.01863858,0.11248818,0.013930739,0.12067249,0.3794023,0.010794695,0.023192458,0.0027307812,0.0963659,0.003552381,0.29542232,0.009971309,0.001971193,0.026657905,0.10205148,0.037796047,0.99660313,0.13413155,0.002405892,0.0075733843
0.0056345435,0.14997785,0.11229293,0.028542591,0.03525246,0.029223008,0.13912204,0.022187151,0.141205,0.39079025,0.017784147,0.03494226,0.005417115,0.120837584,0.006737933,0.2970686,0.01660174,0.0040149163,0.038868725,0.122466266,0.052469853,0.9937391,0.15931706,0.0046628006,0.013186003
0.0041583204,0.13945983,0.10295476,0.02388734,0.029340465,0.023888312,0.12643673,0.017969036,0.13142952,0.38545614,0.0141894845,0.02915849,0.0039748494,0.10884725,0.005046211,0.2957667,0.013149333,0.0029070985,0.032823097,0.112725526,0.04535676,0.99525094,0.14768517,0.0034640324,0.010266325
0.001035658,0.09467893,0.067222364,0.010630427,0.013106386,0.009259361,0.08182947,0.0070259604,0.09402253,0.35345665,0.0049708793,0.012347969,0.001018259,0.069885656,0.0013529131,0.2909546,0.0046472778,0.0006526271,0.014577754,0.0782336,0.02176644,0.99872017,0.104250684,0.0008204694,0.0031494822
0.004538417,0.1431863,0.10531836,0.025192644,0.030668596,0.025357341,0.13004342,0.01913468,0.13327053,0.3859012,0.0150221195,0.030919636,0.0043569487,0.11126188,0.005502136,0.29810798,0.014134123,0.0031938564,0.03444835,0.11688036,0.047487333,0.9948054,0.15066382,0.0037926268,0.011041642
0.0035991883,0.13354307,0.09762736,0.02188089,0.027195426,0.021616045,0.12087697,0.016295115,0.12621371,0.3793015,0.012692484,0.026891066,0.0034651551,0.10364559,0.004400057,0.29503345,0.0118126245,0.002467388,0.030183291,0.10949921,0.041996986,0.99587554,0.14301173,0.0029707288,0.009007437
0.0011482424,0.09765936,0.069263875,0.0111871315,0.014044176,0.009960282,0.08409732,0.007501317,0.09616254,0.35372293,0.0053926636,0.013338055,0.001115775,0.07145585,0.001487931,0.28932026,0.004970212,0.0007241167,0.015601176,0.0801949,0.023106895,0.9985966,0.10772738,0.0009230351,0.0034277255
0.0040443437,0.13661698,0.100853086,0.023574058,0.028892849,0.023402441,0.12607783,0.017743478,0.12984087,0.38303444,0.013761347,0.02853222,0.003937694,0.1087582,0.0049249004,0.29663455,0.013007978,0.0028223926,0.031895358,0.113405444,0.043867342,0.9954122,0.14645752,0.0032873112,0.009927148
0.004413523,0.14088878,0.10390656,0.024719361,0.030458808,0.024800144,0.12928145,0.018805781,0.13237584,0.38506362,0.014710522,0.030259436,0.004266287,0.11164368,0.005339182,0.29648185,0.013850883,0.0030774847,0.033717524,0.115570396,0.046193533,0.9950186,0.14988653,0.0036180138,0.010698557
0.0036346829,0.13349754,0.09787235,0.021987082,0.027198385,0.02175061,0.1218106,0.016516617,0.12627155,0.38062516,0.012681274,0.026855445,0.003521661,0.10494369,0.0044308067,0.29523173,0.011919581,0.0024994274,0.030093355,0.10964725,0.041588515,0.9958698,0.14293768,0.0029501854,0.009056048
0.003440642,0.1320719,0.096347086,0.021329395,0.02646726,0.020951433,0.11937474,0.015874693,0.12467222,0.37854204,0.012247458,0.026175296,0.0033315893,0.10245525,0.004221467,0.29497164,0.011440945,0.0023506763,0.029378872,0.10834113,0.041001614,0.99605197,0.14123869,0.0028301778,0.008659928
0.0019511582,0.11252124,0.08093456,0.015240925,0.01919565,0.014266736,0.099758275,0.010751125,0.109230846,0.36636358,0.00803849,0.018404206,0.0018905767,0.085783646,0.0024546352,0.29125398,0.0074380646,0.001275786,0.021139124,0.09267663,0.030302532,0.9977022,0.12302982,0.0015697493,0.0053399224
0.0014910699,0.10438947,0.07452957,0.013001562,0.01648775,0.011877519,0.09141615,0.0089428425,0.10253959,0.35993674,0.006582621,0.015614197,0.0014453233,0.078510664,0.0018997878,0.28969726,0.006059862,0.00095364527,0.01811475,0.08610342,0.026341662,0.9982199,0.11531133,0.0011934232,0.004245357
0.0064246804,0.15626398,0.11647843,0.030738292,0.038179327,0.031871013,0.14392065,0.024277672,0.14503883,0.39226162,0.019569276,0.038194746,0.006142501,0.12438258,0.0076238187,0.29785773,0.018286483,0.0045807385,0.04212493,0.12722138,0.056470685,0.99286884,0.16479102,0.0054016886,0.014651197
0.0062344223,0.15380767,0.11513242,0.030358749,0.03723641,0.031195126,0.14384332,0.023804683,0.14398855,0.39143312,0.019065144,0.0371959,0.006032596,0.124335885,0.007437262,0.2994015,0.018019142,0.0044673933,0.04110109,0.12728073,0.055181198,0.99308455,0.16309005,0.0051530944,0.014295332
0.0047391616,0.14343978,0.106248826,0.025678996,0.031495024,0.025967961,0.13247687,0.019666906,0.1347421,0.3860607,0.015468214,0.031552773,0.004555292,0.11352097,0.005717517,0.2974051,0.014503914,0.003336111,0.035136003,0.11793106,0.04783617,0.9946766,0.1524458,0.0038909102,0.0113626355
0.0013297474,0.101192616,0.07217264,0.012191473,0.015322784,0.010984062,0.08827157,0.008289292,0.09967624,0.3572042,0.006020996,0.014548391,0.0012947127,0.07550001,0.0017090029,0.29030862,0.0055767857,0.00084748736,0.016925145,0.083700314,0.024797084,0.99839395,0.111729905,0.0010621758,0.0038666425
0.003072022,0.12790312,0.093368575,0.019986358,0.024572829,0.019405691,0.11532836,0.014649378,0.121433206,0.37645307,0.011216655,0.024331858,0.0029733046,0.09854181,0.0037970124,0.29522994,0.010494061,0.0020952357,0.027520455,0.10520703,0.03859298,0.9964335,0.13670129,0.0025209375,0.007891025
0.0016035754,0.10669521,0.07671296,0.013664777,0.016822351,0.012474652,0.09436358,0.009431699,0.104076974,0.36349964,0.006884905,0.016191673,0.0015668075,0.08068201,0.0020451176,0.2922757,0.00644766,0.0010451643,0.018787503,0.0880374,0.027218673,0.9980793,0.116146185,0.0012797017,0.0045526177
0.0011559239,0.097586215,0.06946593,0.011275926,0.014027454,0.010006157,0.08441087,0.00753938,0.09655063,0.35649306,0.0054456736,0.013333588,0.0011248126,0.07223789,0.0015001934,0.28996712,0.0050395434,0.0007348557,0.01564268,0.08044354,0.023132414,0.9985833,0.107670285,0.00092765805,0.0034504905
0.013676252,0.189035,0.14629245,0.04840609,0.05840982,0.052563403,0.18194452,0.040870633,0.17415023,0.40806213,0.03403497,0.05916226,0.013179477,0.15844062,0.015729778,0.30672926,0.03268021,0.010427044,0.06411235,0.15687066,0.08169296,0.9854181,0.19712019,0.01152081,0.02765581
0.0013099605,0.101082064,0.07201576,0.012118936,0.015112833,0.010888689,0.087989025,0.008213393,0.09922869,0.35751423,0.005949354,0.014404525,0.0012779398,0.075032614,0.001688637,0.29076362,0.0055167875,0.00083703373,0.016800702,0.083427496,0.024721086,0.9984097,0.11106026,0.0010500022,0.0038321412
0.0008350867,0.08945771,0.063207686,0.009445779,0.011484544,0.008024893,0.07642145,0.0060508396,0.08963152,0.350496,0.0042703426,0.010762121,0.00082159956,0.06526087,0.0011097239,0.29085323,0.003973268,0.00052558305,0.0129017085,0.07392759,0.019556196,0.9989458,0.098861784,0.00066678936,0.0026494055
0.004510142,0.14108394,0.10409242,0.024957294,0.031101312,0.025133267,0.12983109,0.01902452,0.13327347,0.38304865,0.014990629,0.030728964,0.0043463465,0.11183289,0.005440459,0.29600897,0.013998452,0.0031344707,0.03420994,0.11637887,0.04679938,0.9949421,0.15138148,0.0037001567,0.010840816
0.0077049998,0.16234802,0.122348666,0.03433147,0.04207343,0.03593327,0.15357326,0.027522108,0.15154023,0.39542553,0.02217813,0.041994885,0.00742935,0.13295002,0.009073171,0.30048364,0.02106735,0.005614097,0.046142083,0.1345987,0.060810618,0.9915964,0.17181477,0.0063357363,0.017016077
0.010672475,0.17777954,0.13567485,0.04168424,0.050936013,0.044518434,0.16854769,0.034406397,0.16406368,0.40150198,0.028450616,0.05140878,0.01026119,0.14601642,0.01241272,0.30369952,0.026977072,0.007942298,0.056031443,0.14661254,0.07281075,0.9884716,0.18620604,0.009026999,0.02244528
0.00085160654,0.089818984,0.063539,0.00944913,0.011727136,0.008106449,0.07650639,0.0061322567,0.089794956,0.3486533,0.0043216073,0.0110098105,0.0008319443,0.06507664,0.001124915,0.28964207,0.0039998908,0.00052927865,0.013114308,0.07405301,0.019778816,0.99893194,0.099523894,0.00068088586,0.002671152
0.008182285,0.16633451,0.12569161,0.03563505,0.04363327,0.037338704,0.15530913,0.028678857,0.15393023,0.39691952,0.023404038,0.04407213,0.007863884,0.1342136,0.0096538635,0.3013763,0.022063874,0.005974233,0.048384875,0.13620484,0.06403987,0.9909797,0.17421305,0.0069312784,0.01802512
0.0046223956,0.14315823,0.10580395,0.025486216,0.030995075,0.025564441,0.13132621,0.019376446,0.13404489,0.38677377,0.015209305,0.031015046,0.0044608135,0.11289537,0.005596383,0.29836467,0.014343904,0.0032528809,0.034696978,0.11730933,0.047599986,0.99474525,0.15093735,0.0038181792,0.011174795
0.008028067,0.16366723,0.12384738,0.03516994,0.043240804,0.036981385,0.15521668,0.028234988,0.15315683,0.3957169,0.022980213,0.04323182,0.007725344,0.13427725,0.00945292,0.30058974,0.02175211,0.005876242,0.047372147,0.1362371,0.062347688,0.99125236,0.17382121,0.006651536,0.017636092
0.0022093588,0.116290905,0.08438027,0.016421624,0.020329049,0.015505402,0.1043596,0.011720378,0.112407655,0.36974478,0.0087519465,0.019769536,0.0021473148,0.089343235,0.002772588,0.2932029,0.008172068,0.001470887,0.022612125,0.09597364,0.032099314,0.9974099,0.12607385,0.0017718702,0.005955838
0.0044142,0.14003846,0.10311695,0.024634013,0.030675257,0.024799805,0.1291521,0.018738367,0.13252388,0.38271418,0.014710337,0.030220833,0.0042590233,0.11135586,0.0053222226,0.2959586,0.013788534,0.0030657158,0.03368279,0.1159648,0.046030246,0.99505347,0.15055694,0.0035964279,0.010625699
0.0039362446,0.13636786,0.10072189,0.022921408,0.02837845,0.022917692,0.124688365,0.01728466,0.12883535,0.38175735,0.01352366,0.02844272,0.0037635968,0.106070384,0.004797992,0.29532534,0.012539145,0.0027363787,0.031845674,0.111884914,0.04372897,0.9955212,0.14558724,0.003255806,0.009713617
0.0034855686,0.131984,0.0967929,0.021394528,0.026558783,0.021111475,0.12006325,0.015955258,0.1251441,0.37841743,0.012339993,0.026328092,0.0033563932,0.10257355,0.004269783,0.29503578,0.011488128,0.0023885474,0.029582962,0.10856937,0.041011337,0.99601316,0.14151902,0.0028558837,0.008749576
0.004037209,0.13727531,0.100906156,0.023391617,0.029029232,0.023298971,0.12562004,0.017635027,0.1296914,0.3816215,0.01380532,0.028850533,0.003890768,0.107532054,0.004908474,0.2955668,0.012862379,0.0027936513,0.032158308,0.11297775,0.04437665,0.99542904,0.1469998,0.0033248812,0.009889465
0.0005013497,0.077599615,0.054583922,0.0069808476,0.008565855,0.005631469,0.064478405,0.004306424,0.07939693,0.33777297,0.0029107842,0.007859841,0.0004954651,0.054839432,0.000682888,0.28846014,0.002698716,0.0003018291,0.009625872,0.06372888,0.015014325,0.99934644,0.086813815,0.00039867798,0.00172033
0.003650037,0.13362823,0.097870596,0.021999452,0.027490973,0.021810105,0.12160065,0.01644428,0.12674119,0.37906978,0.012831182,0.027050622,0.0035141706,0.10451325,0.0044511934,0.29473937,0.011921592,0.002496203,0.030357584,0.109845474,0.04207854,0.9958495,0.1437318,0.0029907424,0.009090087
0.006750055,0.15730755,0.11819226,0.03185937,0.038973186,0.032993067,0.14743982,0.025156122,0.14713973,0.39458942,0.020221956,0.038797986,0.0065116473,0.12819672,0.0080043115,0.29921558,0.019091783,0.0048831943,0.042849384,0.12918514,0.05720121,0.9925742,0.16634952,0.005559713,0.015325339
0.0038834657,0.13683735,0.100984916,0.022861429,0.02813544,0.02277274,0.12377823,0.017141638,0.1293474,0.38413313,0.013465919,0.027961144,0.0036947234,0.10617039,0.0047216085,0.2954008,0.0124245165,0.0027055715,0.031608645,0.110433534,0.04372215,0.99555403,0.14503016,0.0032281072,0.009673002
0.0017926055,0.11022139,0.079069756,0.014556972,0.018161327,0.013510288,0.09709508,0.010152858,0.10697818,0.36436698,0.007540982,0.017526908,0.0017410368,0.08315667,0.0022695842,0.29159677,0.0069930158,0.0011714682,0.020145776,0.0908127,0.029175367,0.9978678,0.12050891,0.0014498912,0.004998313
0.0010890362,0.09631299,0.06838974,0.010895542,0.013563872,0.0096203545,0.082652465,0.0072551183,0.09508791,0.35344216,0.0051863263,0.012871651,0.0010620286,0.070367016,0.0014172589,0.28986946,0.004798898,0.00068755687,0.015125898,0.079054415,0.022547184,0.9986571,0.106045686,0.0008759784,0.0032913021
0.012827474,0.18699081,0.14434011,0.046524923,0.05577764,0.050101217,0.17824547,0.03898971,0.17165841,0.40697962,0.03241586,0.057250887,0.012278183,0.15385495,0.014838318,0.307037,0.030909253,0.0097586615,0.06222381,0.15382397,0.07976171,0.9861545,0.19343483,0.0109459665,0.026300017
0.0022040799,0.11659812,0.08402868,0.01637678,0.020484034,0.015526393,0.10382029,0.011674228,0.112264894,0.36813188,0.008775089,0.019885054,0.0021358847,0.08888213,0.0027555225,0.2922071,0.008142281,0.001455038,0.022669896,0.09591122,0.03236089,0.99742174,0.12683249,0.0017828158,0.00593918
0.004233989,0.13914208,0.1021813,0.02404671,0.03003204,0.024119208,0.12713236,0.018229919,0.13132419,0.38178182,0.014307506,0.029613653,0.0040788604,0.10958109,0.005115534,0.29519457,0.013332026,0.0029243869,0.03302787,0.11417359,0.04544747,0.9952366,0.14928706,0.0034814337,0.010295159
0.0060710735,0.15356654,0.11415445,0.02973246,0.036926232,0.030623956,0.14203893,0.02332934,0.14318775,0.3897224,0.018744584,0.036794756,0.0058250413,0.12251059,0.007225734,0.29809645,0.017520437,0.0043082847,0.040670164,0.12584056,0.05474254,0.9932707,0.16273916,0.00505511,0.0139383655
0.00024394189,0.06318086,0.04391638,0.0045674792,0.005706773,0.003417019,0.050502677,0.0026427798,0.06689993,0.320566,0.0017134944,0.0049964613,0.0002419021,0.042823717,0.00034506925,0.28478006,0.0015638296,0.00013830274,0.006347046,0.051917255,0.010342981,0.9996669,0.07257036,0.00019275499,0.000936252
0.0016119981,0.107998244,0.07796527,0.013804209,0.016889947,0.012576106,0.09387746,0.009450183,0.10552262,0.36634484,0.0070400224,0.016238902,0.0015565057,0.08062063,0.0020617878,0.2916951,0.0064592874,0.001061083,0.019090189,0.08692772,0.027846424,0.99804014,0.11641514,0.0013239123,0.004636962
0.0031564871,0.12889664,0.093800485,0.020325264,0.025144892,0.019809764,0.116143264,0.014897495,0.12253361,0.37761453,0.011515865,0.024733637,0.0030448488,0.09972815,0.0038903188,0.2944992,0.010731325,0.0021562325,0.027929682,0.105835915,0.03919139,0.9963483,0.13848752,0.0025912777,0.008074611
0.0005376219,0.07896681,0.05529623,0.007217516,0.0090279635,0.0059166024,0.06568022,0.004504643,0.080415346,0.3380621,0.003067576,0.008278085,0.0005292378,0.0558306,0.00072744663,0.28705958,0.0028274646,0.00032303462,0.010045519,0.06514199,0.015565824,0.9993075,0.08880358,0.00042753093,0.0018107092
0.0074869785,0.16231169,0.122433946,0.03364221,0.040815976,0.035240214,0.15207861,0.026818153,0.1505463,0.39624065,0.021760736,0.041606385,0.0071421596,0.13034567,0.0088517,0.30125767,0.020491574,0.0054814885,0.04578074,0.13336451,0.06069456,0.9917366,0.17018959,0.006276044,0.016754897
0.0016936226,0.1083162,0.077562526,0.01401547,0.017652126,0.012983291,0.09534356,0.009758611,0.105464116,0.3619599,0.007217741,0.01694732,0.0016441364,0.08164178,0.0021448876,0.2907555,0.006668283,0.001094496,0.019495541,0.089243844,0.028199488,0.9979919,0.1190129,0.0013628061,0.0047466974
0.002685232,0.12376273,0.09012976,0.018606445,0.02253632,0.017731864,0.110880435,0.013408408,0.117907494,0.3755935,0.010166634,0.02231308,0.002608889,0.09479445,0.0033564663,0.29616553,0.009549851,0.0018311804,0.02548101,0.101607725,0.036148787,0.9968311,0.13166074,0.002204427,0.007088681
0.0041232323,0.13828944,0.10187344,0.02383534,0.028971326,0.023692993,0.12717474,0.017920114,0.13041182,0.38401395,0.013929776,0.028835986,0.003994797,0.10933271,0.005012312,0.29744384,0.01316299,0.0028816138,0.03229939,0.11393471,0.044525795,0.9953158,0.14708512,0.0033637802,0.010136501
0.001252226,0.10020076,0.07196129,0.011808257,0.014733444,0.010593629,0.086398676,0.00793365,0.09946093,0.36079884,0.0058436915,0.013877886,0.0012019685,0.07429864,0.0016188263,0.2883302,0.005290249,0.0008076329,0.016486714,0.08057085,0.024184424,0.99847203,0.10998296,0.0010154344,0.00372557
0.0058731143,0.15206532,0.11312858,0.029071398,0.03610906,0.029965414,0.14057626,0.022756679,0.14197285,0.38872916,0.018277394,0.03621394,0.005621574,0.12065742,0.007003613,0.29774156,0.017025627,0.004168528,0.039958443,0.12466229,0.05387539,0.9934807,0.16142766,0.004902925,0.013583715
0.003041702,0.12837985,0.09429942,0.019988976,0.02431398,0.01934234,0.114642695,0.014570216,0.122389875,0.38005158,0.011269733,0.024053056,0.0029187764,0.098577596,0.003760573,0.29507565,0.010426172,0.0020964912,0.027514426,0.10344647,0.038695466,0.9964348,0.13606417,0.0025350486,0.007917424
0.011299921,0.17889638,0.13686532,0.043120105,0.05248838,0.046526067,0.17189828,0.0357162,0.16612227,0.403082,0.029415362,0.052665737,0.010837438,0.1495423,0.01301617,0.3039967,0.028173001,0.008484733,0.057249755,0.14963266,0.07360229,0.98794776,0.18881111,0.0093645295,0.023374852
0.0025831687,0.121226035,0.08818802,0.018075144,0.022330849,0.017279638,0.10952957,0.01302901,0.116778746,0.37311125,0.0098851565,0.021765713,0.0025124694,0.09419412,0.0032144745,0.2942787,0.009263224,0.0017386168,0.024731187,0.10053179,0.034960233,0.9969926,0.13132139,0.0020853302,0.0068005943
0.00023712311,0.06286298,0.043864373,0.0044503207,0.005537081,0.0033558924,0.050219595,0.0025739793,0.06675833,0.32208455,0.0016877602,0.004864699,0.00023224752,0.042345393,0.0003366357,0.28457138,0.0015160085,0.00013553306,0.0062765554,0.051096514,0.010137204,0.99967587,0.07218543,0.00018888406,0.0009198542
0.0012178794,0.10036288,0.07159616,0.011725925,0.014426428,0.010420669,0.08560452,0.007827042,0.09868455,0.36015216,0.005715798,0.013693541,0.0011792695,0.073532,0.0015780254,0.2898509,0.005229737,0.00078376627,0.0162392,0.08038674,0.024167713,0.9984945,0.1089229,0.0009980449,0.003663745
0.007792424,0.16276282,0.12255177,0.034475334,0.042533018,0.03616214,0.15370569,0.027705895,0.15192893,0.3947726,0.022372816,0.042319227,0.0074819936,0.1329961,0.009146793,0.30014262,0.021176675,0.005658894,0.04649997,0.13485008,0.061174132,0.991527,0.17258911,0.0064127725,0.017118342
0.004463091,0.14046237,0.10380699,0.024928465,0.030635538,0.024963804,0.13009338,0.0189503,0.1329144,0.38460946,0.014740076,0.03015165,0.0043287063,0.11238392,0.005387423,0.2967281,0.013958572,0.003123215,0.033672113,0.116169795,0.04591988,0.994985,0.15001504,0.0036082459,0.010758279
0.0044206986,0.14119625,0.104421325,0.024666233,0.030295921,0.024737239,0.12914406,0.018741006,0.13256103,0.3844688,0.014714041,0.03039131,0.004237094,0.11010943,0.0053693936,0.29707497,0.013751941,0.003102856,0.034021027,0.11576545,0.046568874,0.9949626,0.14939079,0.0036689758,0.010728459
0.01172325,0.18242453,0.14061776,0.043795615,0.052890226,0.047225915,0.17357743,0.036410492,0.16767763,0.40573418,0.030375281,0.05463489,0.0111033,0.14840786,0.013634539,0.30487573,0.028671674,0.008899742,0.059535734,0.15006422,0.07619556,0.9872493,0.18903236,0.010056982,0.02436294
0.0012269662,0.100163296,0.071808845,0.011709502,0.0142462645,0.010407809,0.086300954,0.007883913,0.09814476,0.35886484,0.005658379,0.013764033,0.0011877579,0.07297712,0.0015965345,0.29272392,0.0052611916,0.0007913984,0.01627759,0.08153334,0.024004072,0.99847263,0.108101666,0.0009961411,0.0036635012
0.0015536427,0.10623361,0.07658455,0.013420259,0.016380768,0.012217941,0.09325878,0.00923207,0.103635326,0.3631942,0.006735445,0.01595683,0.0015078117,0.079104036,0.0019914366,0.2930739,0.006275095,0.0010148919,0.018566968,0.08708978,0.02700184,0.99811447,0.11490248,0.0012563721,0.004452867
0.0060373954,0.1534888,0.11430935,0.029624516,0.036501497,0.030590406,0.14185958,0.023270788,0.14264388,0.39125627,0.018605705,0.03672532,0.0057967138,0.1224507,0.0071902373,0.2985727,0.017519617,0.0043035583,0.040480252,0.1257938,0.05445879,0.9932833,0.16200705,0.0050304877,0.013927385
0.007684538,0.16431333,0.123211764,0.03428141,0.04207798,0.03596658,0.15209104,0.027477693,0.15153244,0.39558673,0.022322912,0.042502336,0.007353417,0.1313112,0.009051414,0.30073088,0.021016518,0.005567633,0.046582956,0.13386197,0.062085308,0.99150413,0.17208482,0.006517276,0.01712399
0.0045312806,0.14258009,0.106433205,0.024991326,0.030219868,0.025233915,0.13013038,0.018955193,0.1339795,0.38871473,0.015082669,0.030816937,0.0042690467,0.11055453,0.00550941,0.29777652,0.013953992,0.0032329962,0.0347853,0.115624875,0.047096584,0.99478585,0.1495159,0.0038213697,0.011042497
0.01718683,0.20223501,0.15824018,0.055281848,0.06603956,0.060567006,0.19357255,0.047475755,0.18446028,0.41299227,0.04037544,0.068562165,0.016332434,0.16631772,0.019709429,0.3103977,0.038523156,0.013403401,0.074116744,0.16657518,0.09292123,0.9814269,0.20694838,0.015056476,0.033604234
0.002753394,0.123164706,0.08983383,0.018678663,0.023223363,0.018004162,0.11166922,0.013603267,0.11840688,0.3736387,0.01035024,0.02269363,0.0026756641,0.095770694,0.0034192284,0.29398224,0.009670893,0.0018577514,0.025693486,0.10211612,0.03600155,0.99681324,0.13347237,0.0022245222,0.0071606054
0.010680796,0.17703328,0.1354215,0.04157037,0.050797727,0.0445764,0.16913085,0.03436729,0.16398396,0.40181056,0.028385893,0.05137047,0.010251707,0.14632045,0.012427693,0.30321497,0.026922066,0.007987466,0.055878624,0.14682806,0.07218854,0.98852426,0.1863011,0.008954607,0.022417571
0.0033040815,0.13091218,0.09646578,0.020927161,0.025111543,0.020376496,0.11822319,0.015403523,0.123933434,0.37959653,0.011824509,0.025454117,0.0031801776,0.10028214,0.00408846,0.29845768,0.011128119,0.0022870176,0.02880094,0.10749371,0.04018505,0.99611264,0.13790368,0.0027458288,0.0084573785
0.022118632,0.21475323,0.17004034,0.06460462,0.07711107,0.071543515,0.20851679,0.05681767,0.1964342,0.41729617,0.048779618,0.07890049,0.021258634,0.18182929,0.025030892,0.31355345,0.0469417,0.017499093,0.08477756,0.17821582,0.104844235,0.97670513,0.22095491,0.019224722,0.04131027
0.002698738,0.12282375,0.089206554,0.018428681,0.023081848,0.017799104,0.11074115,0.0133850705,0.11788887,0.372266,0.010220095,0.022485036,0.0026096958,0.09512853,0.003337979,0.2931846,0.009497996,0.0018062082,0.025467327,0.10136167,0.035840414,0.9968868,0.13341199,0.00218645,0.00703492
0.0031370537,0.12858047,0.093864486,0.020230532,0.024899798,0.019706743,0.11619215,0.014843032,0.1221248,0.37737337,0.011416267,0.024625832,0.0030334974,0.09955691,0.003868417,0.29530686,0.010677783,0.002141709,0.027824733,0.10579753,0.03901678,0.9963677,0.13774273,0.002569874,0.008037577
0.0034901693,0.13218558,0.09707709,0.02150615,0.026413396,0.021116955,0.1201722,0.015956726,0.12530883,0.3794931,0.0123446835,0.0262873,0.0033634654,0.10245458,0.004286266,0.2960367,0.011531796,0.0024060246,0.029639637,0.10879615,0.041207045,0.99597955,0.14095199,0.0028701648,0.008782852
0.0013019727,0.100640394,0.07198127,0.012026367,0.015079057,0.01083803,0.087804526,0.008165252,0.09922813,0.35707346,0.005931049,0.014345079,0.0012655172,0.07486547,0.001676896,0.29015845,0.00546734,0.0008307006,0.016737726,0.08296472,0.024533449,0.9984267,0.111003734,0.0010410775,0.0038122607
0.003777419,0.13469101,0.09898653,0.02258,0.02785158,0.02228469,0.12340817,0.01691515,0.1277588,0.38113177,0.013080839,0.027380014,0.0036643557,0.10642607,0.0046070656,0.2960632,0.012314901,0.0026074736,0.03076014,0.11112712,0.042496428,0.9957016,0.14410304,0.0030642105,0.009362605
0.006642009,0.1571068,0.11744594,0.03143808,0.038708426,0.032523535,0.14619769,0.024815574,0.14622466,0.3920907,0.02000262,0.038741708,0.006390464,0.1261398,0.0078884605,0.29956838,0.018809954,0.004768171,0.04276126,0.12926915,0.05732825,0.9926508,0.16606343,0.0055392846,0.015072649
0.010033989,0.17479604,0.1335263,0.0398191,0.049105935,0.042662185,0.16556463,0.03285861,0.16154979,0.40113443,0.027208015,0.049950648,0.009558474,0.14198981,0.0117186215,0.30133125,0.025489032,0.0074572857,0.054384142,0.14332531,0.070558265,0.98913693,0.18326345,0.008527035,0.021308282
0.0038233448,0.13477986,0.0990209,0.022634868,0.0282303,0.022482479,0.12349601,0.01698593,0.12809388,0.37951657,0.013237705,0.027762977,0.0036930637,0.10630505,0.0046524196,0.2952354,0.0123692015,0.0026297763,0.031081384,0.1114881,0.04286369,0.99567455,0.14526159,0.0031168659,0.009432323
0.004598993,0.1427925,0.1054238,0.02531493,0.03098533,0.025480624,0.13069028,0.019227402,0.13385001,0.38533992,0.015180271,0.031111965,0.00441222,0.11174963,0.005572094,0.29765633,0.014210965,0.0032402556,0.0347322,0.11730875,0.047576707,0.99476767,0.15131144,0.0038220882,0.011105039
0.0023148267,0.11843749,0.08585689,0.016952967,0.020729275,0.016041389,0.10574073,0.012048601,0.11372752,0.37146905,0.009089619,0.02041344,0.0022381851,0.09003737,0.0029060978,0.29441157,0.008485166,0.0015567095,0.023380635,0.09757287,0.03327401,0.99725974,0.12728368,0.0018873052,0.006226171
0.022180663,0.21617365,0.1718042,0.06460101,0.07710007,0.07202042,0.20739706,0.05667818,0.19699517,0.41956407,0.04914294,0.0793864,0.021109493,0.181136,0.025075318,0.31342357,0.046911452,0.017570397,0.08554913,0.17668794,0.10609073,0.97636527,0.22046697,0.019680098,0.041888755
0.0024001182,0.11978332,0.086787544,0.017295191,0.021333626,0.016448708,0.10654083,0.012430667,0.11443471,0.37169015,0.009347139,0.02105559,0.0023285123,0.09109546,0.0030041416,0.29374763,0.0087401485,0.0016078723,0.023902493,0.09833115,0.034036994,0.9971693,0.12872453,0.001967471,0.006411022
0.016066048,0.19683194,0.15315259,0.053235814,0.06427051,0.05834482,0.19042856,0.045541555,0.18129782,0.41003752,0.038343973,0.065135315,0.015426355,0.16585068,0.018322311,0.30853546,0.036820248,0.012382279,0.07022367,0.16421573,0.08860413,0.98302966,0.20534809,0.013613797,0.031494003
0.0017901117,0.11037315,0.07960153,0.014571236,0.017834624,0.013468732,0.097664155,0.010160086,0.107091814,0.36636025,0.007488682,0.017393218,0.0017364449,0.083045274,0.0022755393,0.29321116,0.0069813733,0.0011809652,0.020094426,0.090577655,0.029006567,0.9978567,0.11934986,0.0014445584,0.0050140014
0.0016094861,0.10790534,0.077026695,0.013655981,0.016771644,0.012622642,0.093916655,0.009439477,0.10414547,0.36530286,0.006928545,0.016446002,0.0015487854,0.07973254,0.0020484242,0.29192153,0.006449508,0.0010490218,0.018954769,0.08793061,0.027606118,0.99805033,0.11647068,0.0013113898,0.0045908447
0.00065686565,0.08382699,0.05868478,0.008140621,0.0100628035,0.006808766,0.07050062,0.0051608565,0.084496185,0.34578687,0.0035667159,0.009302302,0.00064340595,0.060016025,0.0008790984,0.2881509,0.0033029432,0.00040259765,0.011222904,0.06871774,0.017196022,0.9991635,0.093156554,0.0005206309,0.0021523272
0.0039775427,0.13625151,0.10075242,0.0231093,0.028675416,0.023053294,0.12525623,0.017478773,0.12923773,0.38157016,0.01363445,0.028499316,0.0038316408,0.10714814,0.004845874,0.29550496,0.012693023,0.0027578217,0.03186446,0.11222232,0.043723777,0.9955016,0.14612918,0.003261099,0.009783041
0.007465034,0.16329509,0.123690724,0.033743765,0.040581398,0.035152778,0.15128969,0.026761005,0.15130106,0.39810178,0.021866832,0.041413806,0.0070751994,0.12998739,0.0088443775,0.3024389,0.020493547,0.0054850746,0.046057735,0.13241826,0.0612223,0.9916293,0.16910969,0.006358511,0.016862566
0.008179685,0.16656676,0.12651728,0.035654902,0.043107063,0.037351012,0.15572767,0.02852524,0.15444228,0.3992505,0.023423333,0.043812934,0.0078061544,0.13416919,0.009665656,0.30213568,0.022014523,0.006045107,0.048417807,0.13596144,0.06401731,0.99092907,0.17343782,0.006946844,0.018139822
0.002951782,0.1267026,0.09256022,0.019588845,0.024086429,0.018938566,0.114185944,0.014281866,0.121139176,0.3784576,0.010954781,0.02353322,0.002846877,0.09846257,0.0036452701,0.293652,0.0101606855,0.002020145,0.02679677,0.10269419,0.03762451,0.9965969,0.13550842,0.002402933,0.0076722726
0.0011802573,0.098521866,0.07042669,0.011463921,0.01403074,0.010125426,0.08541078,0.007661519,0.09708843,0.35720202,0.00548631,0.013400417,0.0011521226,0.07260295,0.0015343527,0.2916837,0.0051147505,0.00075563026,0.015810257,0.08083871,0.0234138,0.99854434,0.10734364,0.00094626844,0.0035318665
0.009169705,0.1711781,0.130133,0.037867922,0.04621013,0.040209584,0.16124302,0.030832099,0.15803678,0.39971784,0.025360132,0.047238287,0.008723646,0.13799447,0.010753372,0.30201197,0.0238507,0.0068069,0.05162542,0.14059316,0.06753348,0.9899625,0.17892136,0.0077859233,0.019810138
0.003075728,0.12721795,0.09266927,0.019902835,0.02490783,0.019437676,0.1153912,0.014661299,0.12156826,0.3752538,0.011251456,0.024326291,0.0029769046,0.09927595,0.0037764127,0.29369786,0.010483451,0.002077734,0.027427498,0.10497675,0.03829333,0.9964826,0.13771723,0.0024930728,0.007841615
0.004435148,0.1398622,0.10346902,0.024851028,0.030554516,0.02491409,0.12961008,0.018824875,0.13281949,0.38430133,0.014747226,0.03019007,0.0043001208,0.111880444,0.0053694956,0.2968657,0.013924615,0.0031138465,0.033647723,0.11643565,0.04601844,0.99500126,0.15011302,0.0036132452,0.010710914
0.0029521172,0.12686333,0.0922423,0.019509872,0.024147136,0.018946052,0.113525674,0.014284995,0.120378904,0.37555572,0.010935651,0.02387707,0.0028511442,0.09733745,0.0036476813,0.29436707,0.010187231,0.0019987312,0.026938159,0.103725225,0.037950303,0.99656713,0.13604787,0.0024350272,0.007638424
0.0030247173,0.12650666,0.09246592,0.019993007,0.024365475,0.019248743,0.1150298,0.014585224,0.121408544,0.37695828,0.011076901,0.023854975,0.0029584526,0.09904479,0.0037438176,0.29592818,0.010488804,0.002075721,0.026911737,0.105127335,0.0377947,0.99648917,0.13609056,0.0024486564,0.0077949096
0.0025469032,0.12165366,0.087787814,0.017893648,0.022115165,0.017156508,0.10911884,0.012922328,0.11620046,0.37329727,0.0097238645,0.02155475,0.0024695247,0.09375359,0.0031547607,0.29358813,0.009118005,0.0017063705,0.0244764,0.099783786,0.034706984,0.99704295,0.1311553,0.0020490657,0.006723241
0.0025319662,0.121510506,0.088119194,0.017876562,0.021903716,0.017060991,0.10880998,0.0128861405,0.115978375,0.3736085,0.009698533,0.021549923,0.0024582844,0.09318141,0.0031584997,0.294616,0.0090999575,0.0017080812,0.024518639,0.09979391,0.034795415,0.9970318,0.13034625,0.0020570955,0.006715672
0.0018746626,0.111357704,0.080041885,0.01488296,0.01867197,0.0138905635,0.09854311,0.010469541,0.10802856,0.36451733,0.0077803032,0.018014846,0.0018214353,0.08442329,0.0023633386,0.29164428,0.0072124437,0.0012212942,0.020655598,0.09184662,0.029721327,0.9977869,0.12175064,0.001510246,0.005169812
0.0073994556,0.16116163,0.120954685,0.03346117,0.041379705,0.034963947,0.15098381,0.026711762,0.15007389,0.39345992,0.021671638,0.041344248,0.007109564,0.13052905,0.008720085,0.29977944,0.020392997,0.0053396127,0.04541623,0.13303776,0.060342334,0.991905,0.17080884,0.0061671445,0.016445346
0.0035388563,0.13238439,0.096803494,0.02164229,0.02696497,0.021365598,0.12068039,0.016128816,0.12574902,0.378354,0.012485872,0.02645058,0.0034181152,0.10381267,0.0043167453,0.29485473,0.011664274,0.0024176994,0.029697813,0.10902047,0.04123424,0.9959792,0.14259169,0.0028757693,0.008851813
0.031878196,0.23682348,0.19232333,0.0805362,0.093249865,0.09008982,0.23074299,0.07236862,0.2153278,0.42732427,0.0639147,0.0983816,0.030387951,0.20055723,0.03585719,0.32184988,0.061760597,0.026150284,0.10563242,0.19712462,0.12625955,0.9659296,0.23809025,0.028784234,0.05640869
0.004299149,0.13972436,0.1028276,0.024248948,0.03019219,0.02437924,0.1278664,0.018404214,0.13173853,0.38250348,0.014480799,0.029895065,0.0041397437,0.11005148,0.0051942146,0.29574004,0.01349933,0.0029751866,0.033315673,0.114698716,0.04585865,0.99515873,0.14969997,0.0035389268,0.010453384
0.0009968531,0.09366151,0.066559546,0.010429214,0.0127553325,0.009035227,0.08102305,0.0068403943,0.09328406,0.35338706,0.004839839,0.012011147,0.0009831679,0.06933709,0.0013072486,0.29147112,0.0045366935,0.0006304258,0.014240213,0.07754622,0.02132911,0.9987626,0.10316709,0.0007897328,0.0030628154
0.001723357,0.109289154,0.07874383,0.014314401,0.017646052,0.013142574,0.095472686,0.009906956,0.10633985,0.36488482,0.0073417667,0.017112227,0.0016761731,0.081817865,0.00219944,0.29207268,0.006821454,0.0011354916,0.019791573,0.08974032,0.028800795,0.997914,0.1187504,0.0014125791,0.0048598545
0.0039498075,0.13576934,0.1001826,0.023156215,0.028513351,0.023014985,0.1252386,0.017446555,0.12905477,0.383407,0.013535776,0.028173544,0.0038273989,0.10789957,0.0048342086,0.29556808,0.012702958,0.002762297,0.031512357,0.11229139,0.043041807,0.995522,0.14581682,0.0032078824,0.009716425
0.02613655,0.22629304,0.18173568,0.07314745,0.078441635,0.08159142,0.21651478,0.064266026,0.20614693,0.42573857,0.054591853,0.08755094,0.024683733,0.18698493,0.028819613,0.32753864,0.052873693,0.021329321,0.09231966,0.18664923,0.11633473,0.9719105,0.22823645,0.023711698,0.049655102
0.009252514,0.17100652,0.13009699,0.038066283,0.04674277,0.040453292,0.1618251,0.031183125,0.15838087,0.39916992,0.025560344,0.047351234,0.008862194,0.13924858,0.010845732,0.30186015,0.024093002,0.006832809,0.051696178,0.14087652,0.06745155,0.9899408,0.17970441,0.0077840053,0.01989984
0.007645241,0.16338591,0.1232312,0.034207102,0.04159088,0.03568693,0.15257631,0.027226496,0.15151212,0.3959883,0.022182567,0.042186458,0.0073118606,0.13095759,0.009051355,0.3013982,0.020880023,0.005595972,0.046505976,0.13409233,0.061806254,0.9915256,0.17106794,0.006450202,0.017055651
0.0011832736,0.09889471,0.06984387,0.01139178,0.014173018,0.010254243,0.085026875,0.007626752,0.09686415,0.35652524,0.0055330205,0.013559923,0.0011415977,0.07233404,0.0015263822,0.2898372,0.0051041604,0.0007537862,0.015842758,0.08113043,0.023529205,0.9985532,0.108957894,0.0009536144,0.0035364104
0.00035052013,0.069961615,0.0491402,0.005640365,0.0070143584,0.0043941718,0.056774586,0.0033885415,0.072769955,0.32896227,0.002243721,0.006344189,0.0003470944,0.048186436,0.00048731058,0.28627905,0.0020556073,0.00020407331,0.007867445,0.057474405,0.012554806,0.9995315,0.07949259,0.0002810811,0.0012699146
0.0028739707,0.12552181,0.09103884,0.01919275,0.023798496,0.018568372,0.11318144,0.014064836,0.1195259,0.37521875,0.010658553,0.023291638,0.002792172,0.097282395,0.0035444698,0.29400778,0.009988576,0.0019378472,0.026295938,0.10299255,0.036971673,0.9966869,0.13503827,0.002324498,0.007427698
0.0034872366,0.13349387,0.097245485,0.021572687,0.026449852,0.021236213,0.1195027,0.016013037,0.1251771,0.3805152,0.012375768,0.026461095,0.0033531634,0.102239214,0.004283223,0.2960042,0.011605039,0.0024013687,0.029693196,0.10882981,0.041567873,0.99594206,0.14125456,0.0029059723,0.008821397
0.0011009397,0.09693204,0.068774715,0.0109849535,0.013587537,0.0096734455,0.083119035,0.0073227393,0.09538941,0.35509583,0.005233395,0.012943846,0.0010740724,0.07071523,0.0014365455,0.29073262,0.004857256,0.000698685,0.015239302,0.079473786,0.02273477,0.9986351,0.105973266,0.0008877275,0.0033241636
0.003668758,0.13372071,0.09814074,0.02230139,0.027160965,0.021889359,0.122486465,0.016607571,0.1269014,0.38167378,0.012778574,0.02686551,0.003569035,0.105524,0.0044870167,0.2970284,0.012100141,0.002542106,0.030143822,0.11048319,0.041822284,0.99580127,0.14270571,0.0029763554,0.009166044
0.0001340951,0.053109664,0.03689613,0.0032210264,0.0039971806,0.0022583092,0.041337386,0.0017711306,0.05792376,0.30753458,0.0010997384,0.0034239436,0.0001343744,0.034925282,0.00019602204,0.28288764,0.0009957213,7.257454e-05,0.0044771913,0.043424897,0.0075616236,0.9998093,0.062090915,0.00010611623,0.0005693476
0.0010123705,0.0936271,0.0666065,0.010465633,0.013038648,0.009109435,0.08089524,0.006909742,0.093617745,0.35245037,0.0049085747,0.012176094,0.0009943874,0.069381565,0.001324138,0.29001933,0.004572562,0.00063688273,0.014388549,0.077698365,0.021407224,0.9987494,0.10394473,0.00080201257,0.0030779482
0.0027088714,0.12351719,0.0897426,0.018453036,0.022924192,0.017835245,0.110893175,0.013422765,0.11785029,0.37307063,0.010217765,0.022606647,0.0026099514,0.09443398,0.0033591953,0.29348895,0.009475996,0.0018254234,0.025595646,0.10133609,0.036053404,0.99685717,0.13307163,0.0022116823,0.007085105
0.009881054,0.1740595,0.13223411,0.039726987,0.048544057,0.04233812,0.16527541,0.032672364,0.16097338,0.4007333,0.026727479,0.048831336,0.009482801,0.14307855,0.011504819,0.3027272,0.025381476,0.0073350556,0.053286385,0.14366661,0.0693064,0.98934805,0.18275778,0.008234863,0.020981712
0.001032688,0.09449412,0.0668884,0.010506933,0.013266339,0.009263452,0.081232026,0.0069750524,0.09389579,0.3512935,0.00499506,0.012475181,0.0010056515,0.06935414,0.0013432693,0.28881928,0.0046027293,0.00064462767,0.014640316,0.07796963,0.02179326,0.9987349,0.105176285,0.0008238318,0.0031276306
0.002851631,0.125064,0.091027446,0.019033585,0.023932194,0.018529763,0.11257194,0.013924976,0.11987397,0.37553158,0.0106952805,0.023169398,0.002749389,0.09736931,0.0035066013,0.2919966,0.009869557,0.0019165521,0.026282553,0.10177794,0.036918856,0.9967313,0.13537006,0.0023113822,0.0073988982
0.0019920394,0.11349591,0.082174875,0.015502644,0.01904587,0.01446536,0.100802466,0.010908715,0.10972828,0.3676931,0.008115752,0.018615771,0.0019309279,0.08572105,0.0025191552,0.29343057,0.007562797,0.0013227578,0.021435024,0.093446724,0.03075373,0.9976272,0.122557074,0.0016160259,0.0054794485
0.006354595,0.15476453,0.11555626,0.030622406,0.037521467,0.031628486,0.14489205,0.024063578,0.14458603,0.39157516,0.019231735,0.037432656,0.006124107,0.1251137,0.0075288727,0.29941502,0.018203221,0.0045511485,0.041344564,0.12783846,0.055412866,0.9929999,0.16405503,0.0052177664,0.014503164
0.012956133,0.1861686,0.14388324,0.04660896,0.056836277,0.050517492,0.17893933,0.039281804,0.17186047,0.40554103,0.03281658,0.057763394,0.012434174,0.15466331,0.014970413,0.30540115,0.03120793,0.0098157665,0.06254722,0.15449737,0.07981396,0.98615164,0.19487146,0.010983943,0.026373811
0.012051003,0.18310839,0.14045441,0.04482294,0.054530732,0.04829357,0.17510368,0.037430782,0.16902468,0.40387273,0.031048007,0.055044867,0.0116039775,0.1518074,0.013937075,0.3052134,0.02961659,0.009068547,0.05980892,0.15178995,0.077065706,0.9870784,0.19178028,0.010168698,0.024848096
0.0038933668,0.13567077,0.099471584,0.02287008,0.02851632,0.022780674,0.12434423,0.017203882,0.12853497,0.38049552,0.013397853,0.028037691,0.0037591942,0.107082464,0.0047214692,0.295012,0.01253093,0.0026756872,0.031371087,0.111872494,0.043209128,0.9956086,0.14586878,0.0031681664,0.009568889
0.004025836,0.13720866,0.10117271,0.023315253,0.029058201,0.02333786,0.12551442,0.017610615,0.13013689,0.3830837,0.0138177965,0.02856368,0.0038674707,0.10831613,0.0048819804,0.29451865,0.012807498,0.0027891092,0.032046154,0.111869715,0.044067048,0.99545777,0.14696157,0.0032959545,0.009909912
0.00041821704,0.073412016,0.051808856,0.0062693674,0.007717708,0.0049880524,0.060522318,0.0038157192,0.07614522,0.3333162,0.0025654912,0.007072168,0.00041282448,0.051015448,0.00057768414,0.28789726,0.0023390742,0.00024794033,0.008693893,0.060151506,0.01370075,0.9994475,0.083125934,0.00033594226,0.0014821852
0.008414656,0.16702062,0.12647703,0.036025293,0.04423304,0.0380092,0.15710786,0.029129455,0.15479109,0.39744806,0.023842642,0.044825148,0.00804826,0.13511562,0.009895008,0.30085233,0.022399295,0.0061731595,0.049060676,0.1373515,0.06455547,0.9908037,0.17557794,0.0070884167,0.018387152
0.005046525,0.1464614,0.10852658,0.026572403,0.03264036,0.027106615,0.13456795,0.020433616,0.13673347,0.38726988,0.016239854,0.033045188,0.0047978596,0.114250876,0.0060752183,0.29721266,0.015118342,0.0035827374,0.036697377,0.11985235,0.049844246,0.99430484,0.15482897,0.004217424,0.0119978
0.010577214,0.17867836,0.13618898,0.04154412,0.05019664,0.044404604,0.16757067,0.03406287,0.1636813,0.40348887,0.028267546,0.051319826,0.010107592,0.14503784,0.0123302685,0.3047964,0.026870921,0.007900056,0.05594681,0.14628881,0.07300569,0.98839974,0.18490243,0.009066151,0.022478005
0.00562443,0.15039845,0.111921005,0.028424338,0.035254598,0.029244313,0.13904862,0.022136506,0.14095251,0.39034122,0.017727645,0.03492888,0.0053877705,0.12050152,0.0066940617,0.29674795,0.016507,0.0039841295,0.03877607,0.12233659,0.05246479,0.99377245,0.15982644,0.004647176,0.013142776
0.000745566,0.086443804,0.061211772,0.008769877,0.010866777,0.007391695,0.073248304,0.0056170495,0.087198034,0.34570912,0.003916795,0.010090958,0.0007321921,0.0624282,0.000993115,0.28946102,0.0036238162,0.00045986887,0.012123339,0.071310334,0.018477874,0.9990558,0.096170895,0.00059393083,0.0023927756
0.0067607793,0.15693709,0.11759787,0.031862665,0.03896381,0.032950215,0.14770699,0.025200363,0.14679828,0.39279845,0.020120993,0.03884877,0.0065436894,0.12774786,0.008014647,0.30007204,0.019145386,0.004878933,0.04278696,0.13021949,0.05700293,0.99256116,0.16631511,0.0055438806,0.015264252
0.002520333,0.121420845,0.08851345,0.017766686,0.02205435,0.01702953,0.108046114,0.012749749,0.11684467,0.37476715,0.009800312,0.02148171,0.0024118791,0.09284521,0.00313672,0.2921166,0.0089837555,0.001700427,0.02464744,0.098113626,0.03488783,0.9970488,0.13061018,0.0020718488,0.0067157936
0.009445248,0.17280656,0.131257,0.03850678,0.046942376,0.041118857,0.16249412,0.031454563,0.15908094,0.40091205,0.025876269,0.04804738,0.00895997,0.139295,0.011047585,0.30192462,0.024326744,0.007026239,0.052391518,0.14131506,0.06826268,0.9896881,0.18037336,0.008022305,0.020323014
0.0008225345,0.08882019,0.062883936,0.009323533,0.011472095,0.007901454,0.07591621,0.0060226596,0.08923373,0.34909254,0.0042122547,0.010699809,0.0008122548,0.06485971,0.0010925094,0.2902994,0.0039232746,0.00051252625,0.012769547,0.073368624,0.019355478,0.9989648,0.09839203,0.00065343303,0.002601366
0.007757562,0.16436128,0.12423754,0.03437912,0.041712604,0.03601309,0.15314731,0.02742505,0.15187648,0.39676467,0.022371748,0.04264287,0.007360124,0.13086699,0.009173232,0.30162466,0.021047596,0.0056943507,0.047041323,0.13452302,0.062182114,0.99136263,0.17108078,0.006577774,0.01728853
0.0015436294,0.105317764,0.07551357,0.0132886665,0.016679088,0.012163471,0.09267164,0.0091816215,0.103187926,0.3610502,0.0067285793,0.01596053,0.0015037389,0.079387836,0.0019674862,0.29065078,0.006244626,0.0009955695,0.018438712,0.08715112,0.026777761,0.9981554,0.115821354,0.0012370085,0.004381049
0.010248984,0.1749065,0.13314159,0.040717755,0.04959281,0.043582585,0.1671276,0.033405665,0.16236366,0.40130326,0.027406272,0.04970597,0.009845445,0.1453285,0.011879147,0.30314484,0.02618143,0.007638587,0.054216262,0.14566894,0.07027663,0.9889953,0.1844071,0.00848873,0.021600071
0.0072564897,0.16067083,0.12116055,0.033278044,0.040421717,0.0344614,0.15061261,0.02648532,0.14942226,0.39542532,0.021294886,0.040713836,0.0070236847,0.1304297,0.0086097745,0.30130672,0.02025284,0.005272813,0.04485421,0.1323437,0.059719052,0.9919756,0.1686879,0.0060408046,0.016301468
0.00021141375,0.06032822,0.04192189,0.0041963016,0.005264849,0.0031246836,0.04798116,0.0023921214,0.064731054,0.31759956,0.0015576474,0.0045680646,0.00020922076,0.04037133,0.00030246255,0.28350484,0.001399759,0.00011867465,0.0058220956,0.049640894,0.009584987,0.9997081,0.07059811,0.00016809534,0.00083644217
0.0018032497,0.11077697,0.08055601,0.014802858,0.017750002,0.013502487,0.09764949,0.010270531,0.1076118,0.36620396,0.0075515574,0.017539237,0.0017656973,0.08317838,0.0023098455,0.29593807,0.0070972983,0.0011972745,0.02026745,0.09113768,0.029415485,0.9978042,0.11871337,0.0014799555,0.0050817197
0.0039399555,0.13753574,0.10090295,0.023184748,0.028340202,0.022989111,0.12446697,0.017352032,0.12904917,0.38303727,0.013536235,0.028250748,0.0037848747,0.1065495,0.004809006,0.29708758,0.012685574,0.002741861,0.03180982,0.11236713,0.044118054,0.99545693,0.14528632,0.003272001,0.009771102
0.00016599873,0.056543164,0.038907148,0.0036291128,0.0045899577,0.002617594,0.044223856,0.0020366285,0.060833186,0.31195435,0.0012853569,0.0039193504,0.0001648891,0.037517685,0.00023880842,0.28175896,0.001167202,9.114411e-05,0.0050588246,0.04649861,0.008420133,0.9997689,0.06593864,0.0001302095,0.0006747195
0.0018166251,0.11067599,0.07966396,0.014704422,0.018182248,0.013597874,0.09779163,0.010249042,0.10730344,0.36506024,0.007590118,0.0176148,0.0017677189,0.08348185,0.0023059985,0.29257575,0.0070680203,0.0011924028,0.020315278,0.09120849,0.029353945,0.9978307,0.12015145,0.001469191,0.005062716
0.0009903705,0.09307127,0.066297114,0.010278596,0.012891212,0.008983377,0.08025755,0.0067853285,0.09306412,0.35046914,0.004832649,0.012096163,0.0009673454,0.06839299,0.0012943754,0.28940824,0.0044620167,0.0006195127,0.014266663,0.077139944,0.021298997,0.9987803,0.10360474,0.0007879692,0.0030253388
0.051655732,0.27227178,0.22448555,0.10902747,0.1210876,0.12207873,0.26323634,0.10113086,0.24305478,0.43918145,0.09148232,0.13083707,0.04926776,0.22862299,0.05781137,0.3378941,0.08883022,0.043482266,0.14089152,0.22738798,0.16121465,0.9428207,0.26522234,0.049167003,0.08472211
0.00033705257,0.070162006,0.0496648,0.005539618,0.006653865,0.0042849905,0.056536607,0.0033192304,0.0725983,0.32815477,0.0021864886,0.006248068,0.00033409474,0.0473688,0.0004746029,0.2904779,0.0020029177,0.00019759269,0.0077938214,0.056884136,0.012470636,0.9995394,0.077995345,0.00027801137,0.0012470762
0.06275115,0.2831815,0.23793578,0.12251679,0.13656774,0.13822538,0.27735275,0.11521658,0.25558344,0.44377735,0.10575122,0.14654355,0.059997648,0.2436945,0.069299996,0.3398621,0.10268745,0.053914838,0.15666431,0.23894131,0.17679211,0.931944,0.2784088,0.05984884,0.09869154
0.027367964,0.22927277,0.18351553,0.07332726,0.084602684,0.08210616,0.22051436,0.064963125,0.20671727,0.42461675,0.05686248,0.09047706,0.025748612,0.18944594,0.031003524,0.32063746,0.0547207,0.022255754,0.097102806,0.19030958,0.11702685,0.97010607,0.22961009,0.024877697,0.050015517
0.004687888,0.14424594,0.106684096,0.02562896,0.030689295,0.02593763,0.13154496,0.019318124,0.13465442,0.38672578,0.015337895,0.031417567,0.004448483,0.11145763,0.005668666,0.29986286,0.014398792,0.0033311048,0.035132494,0.11824766,0.048171096,0.9946068,0.15122525,0.00393571,0.011404536
0.027258057,0.23110825,0.18457423,0.07347874,0.08361911,0.08168393,0.22031762,0.06474118,0.20689052,0.4240118,0.05682769,0.090245344,0.025645941,0.18877092,0.031090504,0.32361487,0.05479826,0.02212747,0.097629644,0.1914717,0.11776267,0.9696116,0.22906882,0.02513058,0.050275464
0.00025393502,0.065471336,0.04563353,0.0045949887,0.005676382,0.003541689,0.051402025,0.0027032683,0.067703374,0.3225659,0.0017692053,0.005222132,0.00024419857,0.0424158,0.00035811454,0.2854832,0.0015897866,0.00014425491,0.0066403328,0.051972445,0.0107063865,0.9996476,0.07301673,0.00020847937,0.00097591657
0.0024839197,0.12345128,0.089983426,0.017801037,0.02086414,0.016939847,0.10755605,0.012661742,0.116351396,0.37320295,0.009623522,0.02170785,0.002375809,0.090322986,0.003143014,0.30024898,0.009023784,0.0016858854,0.024792794,0.10004702,0.03547042,0.9969415,0.12848693,0.0021326898,0.006788196
0.0005364366,0.07886896,0.055835105,0.007229827,0.008919389,0.005894644,0.06567871,0.0045060925,0.08059604,0.3384276,0.0030677465,0.008253788,0.00052699674,0.055425424,0.00073083723,0.289049,0.0028220236,0.00032370424,0.010056033,0.064858414,0.015584555,0.9993001,0.08831343,0.00042916185,0.0018179347
0.07067158,0.29029378,0.2464235,0.13121942,0.146291,0.149409,0.28717417,0.12541015,0.26258707,0.4480412,0.11557768,0.15799503,0.06775474,0.2527265,0.07781733,0.3411797,0.1120127,0.061803743,0.16737875,0.24615812,0.18643717,0.9244013,0.28635883,0.067789376,0.10850444
0.005386095,0.15371107,0.11396973,0.028294198,0.032182507,0.028534554,0.13646121,0.021372717,0.13987197,0.3880303,0.01699411,0.034813255,0.005108831,0.114212155,0.006635227,0.30763113,0.016188854,0.0038710714,0.038829874,0.12442651,0.052870687,0.9934423,0.15505528,0.004771104,0.013278678
0.14461565,0.34859034,0.30929467,0.20738472,0.22243921,0.23159745,0.34893858,0.20568778,0.31954563,0.4669123,0.19747265,0.23870344,0.14228222,0.31719258,0.15557641,0.3672423,0.19190933,0.13229866,0.25222683,0.3033693,0.26500854,0.8455841,0.34016955,0.14443615,0.19200666
0.23049824,0.3930221,0.36141893,0.28115806,0.295412,0.30941522,0.39805463,0.28460643,0.36738023,0.48067966,0.2793402,0.31329945,0.23023526,0.37243775,0.24223688,0.39055222,0.2724914,0.21905422,0.32770145,0.35235155,0.3324914,0.7571698,0.3846477,0.23446128,0.27742216
0.0016916267,0.108477876,0.07756368,0.0140146585,0.01761362,0.012963459,0.09528154,0.009738822,0.10554634,0.36279666,0.007221374,0.016909119,0.0016368671,0.08156311,0.0021428596,0.2910171,0.0066732387,0.0010943032,0.01948368,0.08930322,0.028219525,0.9979863,0.118842214,0.0013624732,0.0047412873
0.0051133432,0.1473515,0.10943111,0.026906962,0.032406356,0.027382566,0.13538443,0.020639757,0.13739952,0.38867173,0.016337031,0.03317138,0.0048708366,0.11494739,0.006163075,0.2998431,0.015386913,0.0036497582,0.036830947,0.12078293,0.0501295,0.9941856,0.1544316,0.0042710016,0.012224832
0.018865066,0.21120955,0.16556503,0.05931155,0.06706477,0.06440124,0.19811907,0.050485108,0.18943152,0.4153061,0.043263514,0.07294864,0.017842846,0.16897875,0.02199343,0.31994614,0.04178124,0.014818917,0.079414524,0.17388521,0.098490275,0.9784387,0.20949648,0.017211534,0.03738523
0.003184092,0.1315955,0.09681873,0.020620868,0.024211615,0.020001227,0.116260216,0.01501984,0.12342775,0.37924236,0.011594252,0.025097903,0.003052427,0.09856181,0.0039850604,0.30095547,0.010917656,0.002221419,0.028547978,0.10696818,0.040128913,0.99614775,0.13663863,0.0027305018,0.008355277
0.00050515914,0.078689404,0.054984894,0.006890881,0.008526132,0.005712319,0.06457805,0.0042680316,0.07967352,0.33920893,0.0029465759,0.007969791,0.0004824166,0.053689405,0.00068352063,0.2864607,0.0026640643,0.000305003,0.00979534,0.06335935,0.015169011,0.99933904,0.08738489,0.00041037492,0.0017327523
0.0033277927,0.13160433,0.097202376,0.021130167,0.02517615,0.020489393,0.11811865,0.015515027,0.124743186,0.38031858,0.011977542,0.025632266,0.0032060486,0.10066519,0.0041269558,0.299349,0.011246093,0.0023114153,0.029019421,0.1075059,0.040693685,0.9960687,0.13823014,0.0028001482,0.008566466
0.023195699,0.22135662,0.17617172,0.06662844,0.07598884,0.07377792,0.20994851,0.057795912,0.19912106,0.42100272,0.050707605,0.08251171,0.021718346,0.18038753,0.026667485,0.32044047,0.048558507,0.018667808,0.0894462,0.18306775,0.10872175,0.97403604,0.22058244,0.021293238,0.044054244
0.002988029,0.12908249,0.09403957,0.019842427,0.023488615,0.019183492,0.11430271,0.014376673,0.1211895,0.37777603,0.011001248,0.02403333,0.002870727,0.0965129,0.0037289627,0.29966113,0.010374235,0.0020611235,0.027290972,0.10529273,0.038744867,0.9964083,0.13481241,0.0025246392,0.00786289
0.0027135152,0.12607516,0.09225429,0.018612567,0.021916622,0.017942032,0.11086346,0.013387576,0.118811324,0.3750678,0.010239426,0.022793623,0.0025725586,0.0927731,0.0034028825,0.3001191,0.009581913,0.0018547394,0.026021358,0.10234564,0.036797773,0.9966898,0.13134639,0.0023110348,0.0072811903
0.10596636,0.31986484,0.27925017,0.16951151,0.18600468,0.19135839,0.32058263,0.16544186,0.29321313,0.45720625,0.1556072,0.1987627,0.103136994,0.28706536,0.11455644,0.35303062,0.1522062,0.095048234,0.20930023,0.27556077,0.22674032,0.888202,0.31515506,0.102880925,0.14965421
0.0011536353,0.09771851,0.06972529,0.011434174,0.013772586,0.010036954,0.084721334,0.007553412,0.0969103,0.3574528,0.0054190657,0.013168646,0.0011311474,0.07228735,0.0014973419,0.29250804,0.0050649173,0.0007421867,0.01549131,0.08060479,0.023188472,0.9985771,0.10685665,0.00092686334,0.0034864366
0.0007644333,0.08825938,0.06271845,0.008937882,0.010788851,0.007530844,0.07406389,0.005745867,0.088141486,0.34780732,0.004007586,0.010330945,0.00074832886,0.0625085,0.0010246021,0.2923925,0.003714398,0.00047672846,0.012437817,0.071759,0.019015457,0.99901295,0.09605984,0.0006268731,0.0024731583
0.00010159205,0.04908916,0.033779014,0.0026877706,0.003444025,0.0018576682,0.03734368,0.0014575613,0.05412027,0.30191964,0.00090308394,0.0028843621,9.982145e-05,0.031250913,0.00015060604,0.27857256,0.0007963406,5.3650154e-05,0.0038416244,0.039818577,0.0065230215,0.99985325,0.058275267,8.066208e-05,0.00044632514
7.6732525e-05,0.0456162,0.031339675,0.0023013942,0.0028596693,0.0015466656,0.0342224,0.001211243,0.050608136,0.29649293,0.0007341274,0.0024222073,7.590389e-05,0.02835519,0.00011476199,0.27895972,0.00064557267,3.9837465e-05,0.0032497363,0.036458574,0.0056922026,0.99988747,0.054008745,6.1792685e-05,0.00035918836
0.00023963043,0.064548016,0.045262497,0.0044976156,0.005531772,0.0034114623,0.050092734,0.0026288482,0.06773502,0.32182664,0.0017330245,0.005027765,0.00023305719,0.04178119,0.0003387197,0.28556994,0.0015256461,0.00013581626,0.0064406656,0.050172295,0.010617591,0.9996667,0.07207949,0.00020142856,0.0009470559
2.4086386e-05,0.032007493,0.02158709,0.0011415809,0.001495859,0.0006771297,0.022578562,0.0005534622,0.03749286,0.27103153,0.00030977212,0.0011584284,2.4099094e-05,0.018912012,3.8202834e-05,0.26957312,0.00026788094,1.1194136e-05,0.0016433601,0.025877936,0.0030590366,0.9999621,0.04010607,1.8848132e-05,0.0001327387
6.378077e-05,0.0430483,0.029457416,0.0020645878,0.002605913,0.0013458277,0.0319155,0.0010734448,0.048326574,0.29198378,0.000640418,0.002150935,6.372082e-05,0.026785113,9.6533266e-05,0.2773774,0.00056414347,3.2483793e-05,0.00291727,0.034659673,0.005168221,0.9999052,0.05149365,5.0952134e-05,0.00030498844
0.00089152926,0.09241407,0.066045426,0.009738206,0.011819685,0.00838144,0.07745189,0.006324158,0.09166086,0.35134193,0.004543277,0.011427815,0.0008595457,0.065252416,0.0011860365,0.29133743,0.004144157,0.00056434324,0.013754625,0.07449335,0.020728096,0.9988538,0.10014418,0.0007443158,0.0028184822
1.8277811e-05,0.02962433,0.020022921,0.0009618414,0.0012714275,0.00055795105,0.020405112,0.00046019425,0.03486093,0.264852,0.00025346284,0.0009843315,1.821088e-05,0.016956553,2.9337407e-05,0.26706487,0.0002153482,8.214704e-06,0.0014131726,0.023417328,0.0026780916,0.9999707,0.03715051,1.4565603e-05,0.00010555027
0.0020659831,0.115291655,0.08396589,0.015756413,0.0193516,0.014857981,0.10155106,0.011150573,0.111381315,0.3718811,0.008448638,0.019081097,0.0019582878,0.08577621,0.0026166642,0.29282403,0.0077158357,0.0013900818,0.022158416,0.09320802,0.031456046,0.99750924,0.12359762,0.0017140957,0.0056752497
0.004773881,0.14509057,0.10840436,0.025901379,0.030898685,0.02614177,0.132079,0.019624885,0.13563313,0.3891043,0.01568555,0.031969327,0.0045019556,0.11210062,0.00581456,0.29984823,0.014628346,0.0034350385,0.035985664,0.11845508,0.048720554,0.9944511,0.15118982,0.0040746653,0.011571084
0.0003591769,0.07078102,0.049733244,0.005753071,0.0071470817,0.004465691,0.05703305,0.0034504246,0.07361415,0.32985878,0.002307526,0.0064426824,0.00035605027,0.04873572,0.0005017074,0.28641367,0.0021028125,0.00021112266,0.008024271,0.057820287,0.012816942,0.9995161,0.080124214,0.0002912834,0.001302008
0.012752985,0.19034854,0.14686479,0.04664961,0.053040486,0.050159503,0.1774302,0.038288467,0.1721176,0.40793598,0.03234519,0.05743838,0.011962737,0.15079911,0.014928569,0.31503844,0.031043043,0.009896832,0.06289875,0.15733576,0.08074831,0.9854886,0.19112623,0.011315925,0.026908878
1.428624e-05,0.027537655,0.018542737,0.0008290976,0.001102263,0.00046961018,0.01887646,0.0003857847,0.03293403,0.26108733,0.00021161904,0.0008220217,1.41369665e-05,0.015713722,2.3040651e-05,0.26468715,0.00017784194,6.2916065e-06,0.0012146663,0.021618484,0.0023330774,0.9999769,0.034876738,1.1183988e-05,8.6188e-05
0.00030171374,0.06962545,0.048812453,0.0051362915,0.0065016723,0.003997388,0.053132415,0.0030599663,0.07172957,0.32773614,0.0020854769,0.0058598663,0.0002898614,0.045216415,0.00042338154,0.28247374,0.0018105177,0.00017370771,0.0074588144,0.05297668,0.012098915,0.9995828,0.07729964,0.00025869315,0.0011529487
0.004545182,0.14596772,0.10955446,0.025234181,0.030274382,0.02551571,0.12831815,0.01902307,0.1359498,0.38918078,0.015540803,0.031274676,0.004231525,0.109239034,0.0055606016,0.29778355,0.013983218,0.003271659,0.035657287,0.11385613,0.04897662,0.9946042,0.15022057,0.004072835,0.011434174
6.186184e-05,0.04265568,0.029236158,0.002020019,0.0025941937,0.0013124982,0.03127984,0.0010520522,0.047845595,0.29069978,0.0006283763,0.0021230339,6.169324e-05,0.02640303,9.421406e-05,0.27609798,0.0005508988,3.1248186e-05,0.002887013,0.034252137,0.0051002293,0.99990714,0.051177517,4.9671176e-05,0.00029575828
0.00016308934,0.0581694,0.04062335,0.003556544,0.0045329155,0.0026007313,0.043515615,0.002019407,0.061876487,0.314087,0.0013250887,0.0039554522,0.00015757729,0.036565933,0.00023675217,0.2800299,0.0011311808,8.9423156e-05,0.005222617,0.04434211,0.0087502925,0.99976593,0.06586408,0.00013877751,0.0006847382
0.00022307856,0.063963935,0.04479865,0.0042823055,0.0053601884,0.0032519656,0.048542105,0.002488778,0.06670584,0.32077876,0.001662484,0.0048382455,0.0002139669,0.040476047,0.00031861526,0.28273016,0.0014342566,0.00012573098,0.006269519,0.048692804,0.010311754,0.9996841,0.071305625,0.00019108718,0.0008958251
0.00021966688,0.06172214,0.042828087,0.004317883,0.005356506,0.00317718,0.048626736,0.002475863,0.06550911,0.3193299,0.0016021332,0.0047015217,0.00021895175,0.04133702,0.000314933,0.28487974,0.001455713,0.00012469153,0.0060142362,0.05045543,0.009906034,0.9996946,0.07069836,0.00017693448,0.00086164917
0.0019425738,0.11733277,0.08569674,0.015275372,0.01856031,0.014459921,0.09814489,0.010669142,0.11175502,0.3712098,0.008328155,0.018693984,0.001802456,0.08272766,0.0024723539,0.29148668,0.0072985026,0.0013091455,0.022063417,0.08931895,0.031982515,0.9975787,0.12261643,0.0017389619,0.005618776
0.015284699,0.19913292,0.1550911,0.051893137,0.059131425,0.056352682,0.18694897,0.043330323,0.17989682,0.41168723,0.03704913,0.063968144,0.014331714,0.1594431,0.017766697,0.31657255,0.035577957,0.012007741,0.06983549,0.16495411,0.088316485,0.9827617,0.19957902,0.013639908,0.03120519
0.00084610475,0.09171405,0.0649324,0.009510822,0.011415433,0.008121481,0.07626533,0.0061299643,0.09053105,0.35110295,0.004365894,0.011068961,0.0008210533,0.06433763,0.0011304381,0.29212102,0.004021485,0.0005345456,0.013294632,0.07379473,0.020247553,0.9989015,0.09878446,0.00070902717,0.0027126444
0.00025476632,0.06390495,0.04452661,0.004652546,0.0058912165,0.0035294371,0.050657876,0.002724192,0.06769683,0.32342964,0.001793646,0.005190269,0.00025063942,0.04325329,0.00036079533,0.28255957,0.0016102224,0.00014542346,0.006571181,0.05215543,0.010586699,0.99965286,0.07381289,0.00020478302,0.000968124
0.00013513303,0.054396253,0.037842836,0.0032070102,0.0040564258,0.0022671625,0.040938895,0.0017867396,0.058761057,0.30830875,0.0011346872,0.003493179,0.00013287814,0.034535874,0.0001976443,0.28184038,0.0009907496,7.251484e-05,0.00461575,0.04258042,0.007848236,0.9998053,0.0624139,0.000111893,0.0005787925
0.0008319003,0.09045085,0.0643745,0.009455907,0.011292204,0.008012399,0.07607074,0.006047322,0.090192325,0.3508954,0.004307401,0.010853279,0.00081338244,0.06453466,0.0011134454,0.29259044,0.003973147,0.0005277188,0.013086824,0.073561005,0.019925846,0.99892706,0.098351195,0.0006887449,0.0026730723
5.635353e-07,0.010043921,0.0063229874,0.00011335473,0.0001639361,4.838116e-05,0.005900923,4.1974617e-05,0.013567667,0.20388284,1.8624463e-05,0.0001021814,5.506669e-07,0.0047419737,1.0255972e-06,0.23492253,1.4796315e-05,1.8250691e-07,0.00017377677,0.0077337157,0.0004090924,0.9999989,0.014638287,4.0910507e-07,5.514617e-06
8.529174e-05,0.047656376,0.032902252,0.0024360071,0.0031618013,0.0016509152,0.034830764,0.001298672,0.052645843,0.29970303,0.00081797875,0.0026007895,8.341526e-05,0.029594237,0.00012755734,0.274885,0.00069452747,4.4348766e-05,0.003541465,0.03667986,0.0061636535,0.99987423,0.056085866,7.084401e-05,0.00039466802
0.002781757,0.12621602,0.09237861,0.018856607,0.022615535,0.018205373,0.111538984,0.013544012,0.11941068,0.3772496,0.010491457,0.022980085,0.0026198842,0.094193876,0.0034672208,0.29622194,0.009705622,0.0019181453,0.026444195,0.102188565,0.03705558,0.99665916,0.13261415,0.0023529362,0.007344432
1.2400008e-05,0.026176922,0.017494183,0.0007652919,0.0009973202,0.00042574652,0.018063705,0.00035067287,0.031417932,0.2576314,0.00018721743,0.00075060467,1.24256485e-05,0.014924643,2.0180956e-05,0.26607522,0.0001613043,5.4543793e-06,0.0011026359,0.021234466,0.0021376682,0.99997973,0.033536732,9.534219e-06,7.6006596e-05
0.0001602679,0.056605354,0.039358336,0.003490151,0.0044366876,0.0025758822,0.04367437,0.0019822414,0.06055376,0.31234398,0.0012729057,0.003930452,0.00015383822,0.035909094,0.00023176619,0.28049895,0.0011076438,8.7591994e-05,0.0050962702,0.044807944,0.008390873,0.99977404,0.06535248,0.00013119132,0.0006579107
0.00035857558,0.0716704,0.05023555,0.005717007,0.0069901026,0.004472034,0.057664722,0.003428108,0.07373192,0.33001053,0.0022962966,0.0064258925,0.0003510393,0.048318513,0.0004995386,0.28810185,0.0020903044,0.0002107974,0.008064772,0.057784237,0.0128591,0.99951446,0.07967191,0.0002931852,0.0013088419
0.00010991586,0.051999085,0.03615876,0.002800585,0.003574155,0.0019674255,0.038127545,0.0015504439,0.055879742,0.3038068,0.00097545085,0.0030843345,0.00010676359,0.031717293,0.00016236535,0.28026748,0.0008385182,5.7538782e-05,0.004133823,0.0397875,0.007110163,0.9998373,0.05908802,9.233506e-05,0.0004887494
4.5328263e-05,0.039819546,0.0272031,0.0016460551,0.0021373122,0.0010578396,0.028284937,0.0008476723,0.044632178,0.2848583,0.000500411,0.0017425168,4.4122033e-05,0.02333713,6.945419e-05,0.2740078,0.00042670543,2.2026572e-05,0.0024339396,0.030563917,0.0043803104,0.99993014,0.04709297,3.694204e-05,0.00022939009
0.0001198821,0.052404176,0.03665835,0.0029852379,0.0037620366,0.0020941105,0.03933861,0.0016516179,0.057021637,0.3049518,0.0010355958,0.0032477581,0.000117920674,0.03289274,0.00017605704,0.28132907,0.0009007063,6.382074e-05,0.0043053096,0.040895417,0.0073833796,0.999826,0.060447372,9.9392804e-05,0.0005247864
1.6328191e-05,0.029143367,0.019548565,0.00089138915,0.0011912403,0.000517394,0.019749342,0.00042136174,0.034337662,0.2648875,0.0002359164,0.00090154726,1.5888545e-05,0.01637963,2.6095977e-05,0.26467714,0.00019524232,7.280615e-06,0.0013281202,0.022296822,0.0025331103,0.99997365,0.03634892,1.3081644e-05,9.6859774e-05
0.00022058027,0.061906338,0.043087706,0.0043240534,0.005380608,0.0031858603,0.048596818,0.0024838464,0.06567697,0.31946215,0.0016144941,0.0047348766,0.00021936925,0.041342195,0.00031654915,0.28435382,0.0014570236,0.00012516207,0.0060590925,0.05022803,0.009971823,0.99969304,0.07083383,0.00017912546,0.0008666042
0.012783489,0.18932647,0.14666383,0.04663202,0.053796086,0.050157007,0.17750032,0.038380414,0.17179333,0.4086284,0.032486234,0.05782739,0.012019819,0.15122658,0.015010037,0.31187367,0.03098251,0.009900373,0.06337592,0.15602452,0.08064778,0.98553586,0.19127794,0.011358228,0.026799245
0.0008183386,0.09116341,0.06518437,0.0092303995,0.011253248,0.007964557,0.075068496,0.0059613828,0.09044554,0.3505665,0.0043039424,0.010831866,0.000778597,0.06295894,0.0010877387,0.28986317,0.0038409855,0.0005136122,0.013163933,0.07142698,0.020049555,0.99893993,0.09837814,0.0006946036,0.0026605586
5.994386e-05,0.042963687,0.029498916,0.0019611258,0.0025744215,0.001288677,0.030879641,0.001020652,0.048155516,0.2915679,0.0006268567,0.0020725527,5.8253867e-05,0.026013223,9.061719e-05,0.272783,0.00052789313,2.993605e-05,0.0028754757,0.032971546,0.0051024826,0.99991,0.05113493,4.9280323e-05,0.0002916844
2.8233673e-05,0.033719048,0.022953339,0.0012396926,0.0016289986,0.00075964123,0.023986964,0.0006140794,0.039095804,0.27361485,0.00034814028,0.0012846568,2.7640113e-05,0.01963789,4.4195516e-05,0.27095792,0.00029689423,1.3133419e-05,0.001818994,0.026716782,0.0033440287,0.999956,0.041599836,2.2258959e-05,0.00015204171
0.0003687754,0.0715377,0.050072674,0.0058522765,0.0072116796,0.004556105,0.0578312,0.0035051552,0.07421653,0.3314888,0.0023565511,0.006525964,0.0003649667,0.04931067,0.0005142564,0.28690025,0.0021485158,0.00021817902,0.008149674,0.058397967,0.012992008,0.9995043,0.080644205,0.0002995421,0.0013331948
0.00010517181,0.051305767,0.035325248,0.0027323812,0.0035255735,0.0019021834,0.037523065,0.0015031642,0.05551226,0.30307624,0.0009490195,0.0029847722,0.00010213211,0.031344403,0.0001554391,0.2787876,0.000812139,5.5231718e-05,0.004021653,0.039291047,0.006930954,0.9998448,0.058867034,8.8097026e-05,0.00046882546
6.443324e-05,0.043074388,0.029614145,0.0020559232,0.0026434348,0.0013543725,0.03188596,0.001077324,0.048388015,0.2913568,0.0006460851,0.0021766257,6.36244e-05,0.02654562,9.786116e-05,0.27605495,0.000562169,3.265739e-05,0.0029545438,0.034447823,0.005180988,0.99990404,0.051754862,5.14908e-05,0.0003059457
2.0118762e-06,0.014788428,0.009621131,0.00024687836,0.00034275907,0.000119416814,0.009389547,0.00010068865,0.019100284,0.22407146,4.7939255e-05,0.0002345266,1.9683907e-06,0.0074760513,3.5064343e-06,0.24793099,3.9085866e-05,7.3492964e-07,0.0003722418,0.011732475,0.0007972095,0.9999964,0.020651143,1.48813e-06,1.6192384e-05
0.0017631565,0.1130594,0.08238302,0.014490118,0.017665312,0.013439067,0.0955784,0.010035191,0.108821884,0.36891243,0.00769446,0.017486177,0.0016631063,0.081078544,0.0022560786,0.29136828,0.0068401718,0.0011793767,0.020650418,0.08757314,0.030085374,0.9978116,0.119387135,0.0015397083,0.0051109446
0.0010167675,0.09667695,0.06924153,0.010542677,0.01293462,0.009223203,0.080166854,0.006930331,0.095373936,0.35622832,0.0050880564,0.012380455,0.0009726426,0.06829509,0.0013382273,0.28928632,0.0045475923,0.00064988213,0.014915727,0.075721085,0.022475332,0.998705,0.104234405,0.00086614105,0.0031905505
0.0005714102,0.08083513,0.0569063,0.007565725,0.009345227,0.0061542466,0.06673679,0.0046979394,0.08264856,0.34198675,0.0032743998,0.008552134,0.00056127436,0.05715575,0.00077744044,0.28778383,0.0029837836,0.00034983607,0.010499612,0.06591909,0.016310891,0.9992544,0.09021681,0.00046538564,0.0019230146
1.9859126e-05,0.03061507,0.02049762,0.0010264898,0.001293546,0.0005964604,0.021554463,0.00048478576,0.03564298,0.26725385,0.0002653722,0.0010188363,1.9943773e-05,0.017638365,3.168162e-05,0.27159297,0.00023196469,9.153177e-06,0.0014559424,0.024531085,0.002773391,0.9999683,0.03782346,1.5566371e-05,0.00011465698
0.0008748698,0.09255151,0.06589485,0.009659614,0.011793859,0.008325375,0.07694049,0.0062483256,0.09194305,0.35322788,0.0045217583,0.011177678,0.0008398651,0.065316655,0.0011584201,0.28930417,0.004063743,0.00055360753,0.0135998,0.07283671,0.020625418,0.9988819,0.10016794,0.00073326525,0.0028069708
0.0015751956,0.10669127,0.07651212,0.01358955,0.016772179,0.012348812,0.0929021,0.009300997,0.10436601,0.36366728,0.0068922904,0.016137362,0.001527389,0.07970171,0.002018866,0.29153097,0.0063767512,0.0010311519,0.01876402,0.0875323,0.027420593,0.99808747,0.11632561,0.001285603,0.0044962703
0.0019866896,0.116720945,0.08530288,0.015570618,0.018828252,0.014585916,0.09942119,0.010885988,0.11187978,0.3717777,0.008404636,0.018812457,0.0018758113,0.08453101,0.0025313944,0.2930517,0.007517914,0.0013445595,0.02212035,0.09079719,0.03196023,0.9975495,0.12282584,0.0017385333,0.005663648
0.00011564366,0.051772982,0.035625786,0.002989912,0.003662911,0.0020593042,0.0391584,0.0016197739,0.056342963,0.30681497,0.0010034412,0.0031532927,0.0001156258,0.033044036,0.00017090373,0.2816074,0.0008925794,6.252825e-05,0.004137024,0.04101326,0.0071391175,0.9998331,0.059932526,9.4432355e-05,0.00051068806
1.729649e-05,0.029425628,0.019804278,0.0009258871,0.0012483015,0.00053597515,0.020049844,0.00043926717,0.03483079,0.2648684,0.0002456717,0.00093164307,1.6960155e-05,0.016723754,2.7597784e-05,0.26445124,0.00020472583,7.707369e-06,0.0013674013,0.022686573,0.002607372,0.9999722,0.03686081,1.3728852e-05,0.000101304344
5.495874e-06,0.020614471,0.013590988,0.00045962055,0.00063059584,0.00023922179,0.013420083,0.00020065528,0.02551967,0.24209167,0.000103088256,0.00044591073,5.3916774e-06,0.0109909745,9.158966e-06,0.2563284,8.499644e-05,2.192213e-06,0.00068642816,0.015987841,0.001400433,0.9999906,0.027052483,4.220285e-06,3.81499e-05
9.019821e-05,0.047974575,0.033117745,0.0025474315,0.0031715578,0.0017141373,0.03601728,0.0013582374,0.052812543,0.29876316,0.0008305051,0.0026979488,9.0107256e-05,0.030178629,0.0001350426,0.28066692,0.0007362752,4.7370468e-05,0.0036028496,0.0384195,0.006266193,0.9998673,0.056212068,7.3332216e-05,0.00041068508
0.004033732,0.13828498,0.102601714,0.023541383,0.028365482,0.023310335,0.12506294,0.017571492,0.1305682,0.38530543,0.013917547,0.02885364,0.0038375573,0.10667951,0.004948965,0.297862,0.0129243,0.0028555645,0.032594595,0.11283251,0.044802357,0.9952991,0.14542669,0.0034220763,0.010000041
0.00076881883,0.087661095,0.061877076,0.008933048,0.011074541,0.0075647733,0.07366103,0.0057510096,0.08804854,0.34950116,0.0040508313,0.010356407,0.0007509921,0.06302595,0.0010273968,0.28782797,0.0037209485,0.00048073378,0.012422697,0.07148693,0.018821588,0.9990231,0.097206436,0.00062286394,0.002458247
4.5098368e-05,0.039063156,0.026728662,0.0016676426,0.0021246152,0.001055097,0.028295964,0.000847319,0.044246323,0.2835601,0.0004956675,0.0017418334,4.478781e-05,0.02346167,6.9546775e-05,0.2753332,0.0004307661,2.2155906e-05,0.002402372,0.031045878,0.0043295263,0.999931,0.04698988,3.634894e-05,0.00022751036
0.000702784,0.08724517,0.06229332,0.008469944,0.010443973,0.0071401787,0.07119209,0.005401845,0.08761257,0.34817603,0.003876923,0.0098079415,0.0006752377,0.06058495,0.0009447113,0.28763688,0.0034366255,0.00043797313,0.012090517,0.06804527,0.018533796,0.99908507,0.095029615,0.00059660256,0.0023364571
0.0001737463,0.058158115,0.040545944,0.0037478982,0.004825653,0.0027060462,0.044189606,0.0021092028,0.0631692,0.3156217,0.001394192,0.0040297685,0.00017070293,0.0382148,0.0002508912,0.2789665,0.00120179,9.638674e-05,0.005326447,0.045455616,0.0089634005,0.99975497,0.06758202,0.00014379046,0.0007174159
0.0014055276,0.10417329,0.074868605,0.012703944,0.015434606,0.011440839,0.08975696,0.008569493,0.101895586,0.36240867,0.0063582184,0.01506086,0.0013472018,0.076128945,0.0018165463,0.2922509,0.0058356854,0.0009211378,0.017767362,0.08467623,0.026030518,0.9982583,0.11239679,0.0011672488,0.004112366
0.0010713976,0.09653492,0.068716995,0.010903063,0.013216899,0.009515125,0.0823623,0.007163653,0.0952904,0.35639367,0.005171341,0.012702869,0.0010418311,0.070140615,0.0014067836,0.29181036,0.00478832,0.00068721594,0.015092958,0.078976125,0.02256082,0.99865204,0.10502945,0.00087890204,0.0032723993
3.2661344e-05,0.03505266,0.023778081,0.001385146,0.0017769893,0.00083967514,0.025234306,0.00067904993,0.040649027,0.27687177,0.00038777138,0.0013931612,3.2873584e-05,0.021183783,5.1190094e-05,0.27313906,0.0003400722,1.5736137e-05,0.001954702,0.028607985,0.0035994875,0.9999492,0.043424025,2.5532938e-05,0.00017294417
8.082369e-05,0.04621366,0.031649858,0.0023678716,0.003073163,0.0015840802,0.034258015,0.001251212,0.05171861,0.2978136,0.00077144464,0.0024685136,7.969877e-05,0.029284837,0.00012043711,0.2753152,0.00067069207,4.1773957e-05,0.0033598435,0.036655303,0.0058427243,0.9998816,0.05524885,6.440043e-05,0.0003715942
0.00013431905,0.053853944,0.036957193,0.0031976707,0.0039934046,0.002267662,0.04136526,0.0017678904,0.057893585,0.3083132,0.0011036784,0.0034546214,0.00013275034,0.034628656,0.00019585388,0.28181776,0.0009936602,7.27586e-05,0.004522013,0.043555465,0.0076239803,0.9998084,0.062289,0.00010775395,0.00056875695
9.301075e-05,0.048447277,0.032978002,0.0025657853,0.003227454,0.0017542077,0.036566764,0.0013777995,0.05282669,0.30019206,0.0008372554,0.0027296802,9.2013375e-05,0.03043979,0.00013786888,0.27959836,0.00075050484,4.8793063e-05,0.0036384217,0.03911644,0.006265807,0.9998646,0.056699753,7.3966476e-05,0.00041670122
0.006304299,0.15868448,0.12029399,0.03065423,0.03601186,0.03175868,0.14227869,0.023676919,0.14620551,0.39450294,0.019598944,0.038155545,0.0058716307,0.12068261,0.007632449,0.30354318,0.018030126,0.004640837,0.042840697,0.12641245,0.057435814,0.9925679,0.16191998,0.0056514046,0.015086813
0.008472338,0.1721746,0.13126679,0.036764357,0.04227426,0.03856148,0.1556456,0.029106451,0.15664627,0.39939874,0.024236374,0.04552839,0.007953104,0.13225113,0.010144172,0.30971,0.022752376,0.0063255103,0.050589893,0.13861325,0.06687129,0.99002236,0.17322919,0.0076525053,0.01941323
0.006073753,0.15733925,0.11905608,0.030014561,0.03512641,0.031007687,0.14105956,0.02304463,0.145057,0.39459786,0.019090554,0.037184138,0.005656265,0.11985305,0.007353759,0.30340263,0.017534954,0.0044765454,0.04190418,0.12524211,0.056396592,0.9928474,0.16082363,0.005444124,0.014632347
0.00020609562,0.060016546,0.041370798,0.0040999255,0.005216784,0.003052144,0.04736489,0.0023541946,0.064145766,0.31921983,0.0015252874,0.004517332,0.00020296974,0.04036496,0.00029363474,0.28083882,0.0013696104,0.000115311224,0.00576192,0.049233295,0.009393082,0.99971837,0.07016844,0.00016304285,0.00080622925
0.00075406826,0.08979497,0.06424022,0.008802576,0.010839104,0.007519853,0.07242088,0.0056677014,0.08916222,0.34873798,0.0041043586,0.010376384,0.0007184172,0.061379258,0.0010116936,0.28941312,0.003623467,0.00046854085,0.012685454,0.06947508,0.019507198,0.9990088,0.09660309,0.00065220246,0.0025018442
0.00029448702,0.067384794,0.046888318,0.005096207,0.0062844055,0.0039032432,0.053982057,0.0030043614,0.070184916,0.32580307,0.001973269,0.0056483243,0.0002905002,0.04548127,0.00041366142,0.2861639,0.0018033551,0.00017053031,0.0071285334,0.05462073,0.011477882,0.99959964,0.0759393,0.00023667293,0.0011048622
0.00039218922,0.07292717,0.050878473,0.0060288743,0.007414347,0.004766644,0.059410118,0.00364064,0.07507671,0.33246055,0.0024366155,0.006764613,0.0003856437,0.050157346,0.000541718,0.2871659,0.0022391255,0.0002322307,0.008396572,0.059334178,0.013279879,0.99947804,0.081730306,0.0003147754,0.0014038935
1.627021e-05,0.028516298,0.019245496,0.000909104,0.0011699175,0.0005169693,0.019803923,0.00042426656,0.033869997,0.26239762,0.00023132771,0.0009022528,1.6361562e-05,0.016411636,2.6296584e-05,0.2686678,0.00019877448,7.354987e-06,0.0013031978,0.022915632,0.0025027108,0.99997365,0.03604334,1.2800321e-05,9.65782e-05
0.00012218123,0.05160175,0.035335634,0.0030313737,0.0038226,0.0021298109,0.03992746,0.0016422035,0.05657839,0.30598086,0.0010273693,0.0032048984,0.00012062722,0.03368899,0.00017769073,0.27995628,0.0009220062,6.5496795e-05,0.0042116903,0.04245569,0.0071450546,0.9998273,0.0612297,9.539281e-05,0.0005235261
0.0001375662,0.05435804,0.037477996,0.0032390454,0.0041969516,0.0022933716,0.041144516,0.0017933956,0.059320904,0.31088418,0.0011555243,0.0034586065,0.00013463412,0.035255093,0.00019999781,0.27713883,0.0009993807,7.457073e-05,0.00462811,0.04249125,0.007789538,0.9998048,0.0635295,0.00011164765,0.00058310037
0.000106902444,0.05046076,0.03465867,0.0027899381,0.0036215305,0.0019241634,0.037763406,0.0015114156,0.055647124,0.30470172,0.00095617905,0.0029521452,0.000104958315,0.032264702,0.00015747096,0.2761825,0.00082598004,5.6756922e-05,0.0039886697,0.03957427,0.006817656,0.99984586,0.05958165,8.646336e-05,0.000471568
0.00033642765,0.07014947,0.049016625,0.0054923417,0.00686254,0.0042946446,0.055974104,0.0032709981,0.072900176,0.32961443,0.0022091644,0.006147396,0.0003275412,0.047440976,0.00046747015,0.28472075,0.0019757121,0.00019595795,0.007773623,0.056011025,0.012415269,0.9995468,0.07898584,0.00027449732,0.0012393307
8.7267676e-05,0.047284763,0.032584067,0.0025018335,0.003123699,0.0016748321,0.035556857,0.0013278187,0.052350286,0.2984492,0.000811917,0.0026330412,8.750901e-05,0.029975004,0.00013127203,0.28009656,0.0007198248,4.59797e-05,0.0035205332,0.03817132,0.0061248993,0.9998716,0.055892687,7.0497685e-05,0.0003989546
0.00010032475,0.049468562,0.03408251,0.0026699835,0.003409404,0.0018541173,0.037363134,0.001431169,0.054454654,0.30359235,0.0009059078,0.0028369008,9.748339e-05,0.031466402,0.00014775715,0.27720425,0.00078322267,5.3016098e-05,0.0038454547,0.039022323,0.006543498,0.9998554,0.058304656,8.082593e-05,0.00044852827
0.0014268189,0.10698997,0.07773237,0.012787502,0.015459235,0.011706992,0.08937728,0.008657889,0.10341863,0.3629735,0.0065561444,0.015416452,0.0013402094,0.07507525,0.0018503837,0.29199865,0.005823045,0.0009378814,0.018332422,0.0828098,0.027028924,0.99819213,0.11309251,0.0012477814,0.0043122997
3.851563e-06,0.018205598,0.012035305,0.00037040494,0.0005092902,0.00018809884,0.01166975,0.00015796286,0.022887163,0.23539796,7.936627e-05,0.0003633787,3.7950592e-06,0.009559476,6.550118e-06,0.25232202,6.453858e-05,1.4915058e-06,0.0005591332,0.014235815,0.0011575426,0.9999933,0.024610603,2.982303e-06,2.821631e-05
0.0014277201,0.10727679,0.077623405,0.012804386,0.0155708585,0.011689302,0.089206494,0.008673336,0.10359872,0.36367086,0.006579959,0.0153650455,0.0013438764,0.075410195,0.0018477082,0.2911276,0.0058363685,0.0009371101,0.018338675,0.082677595,0.027082749,0.9981951,0.11328738,0.0012494755,0.004303834
0.0017799676,0.11094978,0.08024747,0.014525071,0.0179056,0.013448414,0.09655049,0.010073168,0.10803212,0.36773065,0.0075866343,0.017350305,0.0017008665,0.08250349,0.0022592687,0.2913273,0.006915545,0.0011780782,0.020295084,0.089212,0.029350823,0.99784946,0.119689226,0.0014724903,0.0050210687
0.00058268534,0.08181639,0.0577206,0.00754747,0.009281429,0.006279328,0.067456536,0.0047088997,0.0827489,0.3422658,0.0033039325,0.008713439,0.0005594813,0.056756668,0.00078616804,0.2874094,0.0029874027,0.00035640274,0.010706144,0.06591677,0.016442962,0.9992405,0.09052905,0.0004791883,0.0019591434
0.0010040991,0.09520218,0.067969576,0.010455353,0.01267882,0.009105421,0.08054572,0.006829325,0.09428578,0.3547612,0.0049606916,0.012234191,0.00096676167,0.06820055,0.0013226961,0.29129878,0.004539313,0.0006427161,0.014652347,0.07716402,0.021937396,0.9987255,0.103394985,0.0008332966,0.0031085382
0.00031887143,0.06843743,0.04759123,0.0053254063,0.006675236,0.0041223043,0.055031084,0.0031649424,0.0714094,0.3270059,0.0020974942,0.0059476965,0.00031370707,0.046729926,0.00044417367,0.28496578,0.0019109433,0.00018487056,0.0074480516,0.055995848,0.011942831,0.99957174,0.077866755,0.0002547238,0.0011717672
0.00046220666,0.076214306,0.0537692,0.006691314,0.008314001,0.005333088,0.062123097,0.0040708412,0.079091,0.3379168,0.0028226315,0.0074357735,0.00045329286,0.05362686,0.00063588994,0.28624952,0.0025316868,0.00027864208,0.009292924,0.061270285,0.0146068,0.9993901,0.08592326,0.00037654545,0.0016248263
0.0033340205,0.13486822,0.10001259,0.021023229,0.025225202,0.020763066,0.11667298,0.015361561,0.12628509,0.38228235,0.012311201,0.025906704,0.0030965966,0.098848805,0.0041399794,0.2962995,0.0110584,0.0023409652,0.029872816,0.104735166,0.0417808,0.99596125,0.13942623,0.0029677984,0.008830825
0.0020548883,0.117086865,0.08564955,0.015797582,0.019362858,0.014920065,0.10033197,0.011082717,0.11278524,0.37277398,0.008594886,0.019095788,0.0019260617,0.08556231,0.0025893878,0.29079393,0.0076438375,0.0013845817,0.02242934,0.09105386,0.032269757,0.99750704,0.12408179,0.0017744167,0.0057827462
1.21259645e-05,0.026047817,0.01739489,0.00075543794,0.000998189,0.00041805458,0.017769685,0.00034640532,0.031339496,0.25698227,0.00018568835,0.00074482063,1.2128046e-05,0.014758863,1.9782196e-05,0.2646895,0.00015847037,5.2949877e-06,0.0010935288,0.020894924,0.0021270139,0.9999801,0.03341588,9.404335e-06,7.4542935e-05
8.837627e-06,0.023771048,0.015778517,0.000618444,0.00082936266,0.0003350277,0.015946098,0.00027767147,0.028965337,0.25162786,0.00014709083,0.00060209294,8.746003e-06,0.013171572,1.4508541e-05,0.26149037,0.00012304056,3.7305967e-06,0.00090734864,0.018734952,0.001799984,0.99998534,0.030800257,6.8159893e-06,5.724122e-05
0.00012182269,0.053365357,0.036849156,0.0029727546,0.003824282,0.0021281098,0.039599977,0.0016467558,0.057478953,0.3076501,0.0010603999,0.0032784347,0.00011681603,0.032915168,0.0001781442,0.27755633,0.000900445,6.526219e-05,0.004382605,0.040695105,0.0074328743,0.99982387,0.061428312,0.000102361526,0.000532158
0.00014119441,0.05386297,0.03689162,0.0033138667,0.0041691535,0.0023424223,0.04198628,0.001816497,0.058510263,0.3089391,0.0011423173,0.0035246608,0.00014054483,0.03551082,0.00020527624,0.2812049,0.0010332877,7.696967e-05,0.004592172,0.04452518,0.0077293846,0.9998016,0.06341206,0.00011047762,0.0005901328
5.116374e-05,0.04075143,0.027826326,0.0017864181,0.0023700048,0.0011512837,0.029143395,0.0009171151,0.0464416,0.28838336,0.0005594853,0.0018597408,4.995534e-05,0.024712943,7.8089135e-05,0.2711691,0.0004690525,2.5443222e-05,0.0026088667,0.031503998,0.004667393,0.9999225,0.049429804,4.1739353e-05,0.00025427953
0.0005838689,0.08284397,0.05831342,0.007611674,0.009185064,0.006315481,0.06740651,0.004768264,0.08267756,0.34199923,0.003304435,0.00884705,0.0005668784,0.056509618,0.0007927034,0.29006222,0.0030243075,0.00035698508,0.010757492,0.06633912,0.01672712,0.99922574,0.09011844,0.00049037806,0.0019862726
0.0001578516,0.05654751,0.038914792,0.0035365485,0.004489925,0.0025300605,0.043417368,0.0019627018,0.061023552,0.3140771,0.0012734187,0.0037801117,0.00015554244,0.037144177,0.00022868978,0.2798607,0.0011205518,8.689607e-05,0.00499763,0.04499721,0.008376535,0.9997774,0.06557986,0.00012774981,0.0006555067
0.00097431947,0.09339974,0.06671649,0.010180295,0.012471939,0.008950259,0.0800035,0.006690566,0.09289571,0.3555177,0.004818932,0.011961198,0.00093353476,0.067213915,0.0012828625,0.28980145,0.0043795244,0.0006216452,0.014306303,0.07609064,0.021190584,0.9987765,0.102658845,0.0007952251,0.0030094362
0.00059144816,0.081825554,0.05796412,0.007614062,0.009368684,0.006333512,0.06778044,0.004775263,0.08289427,0.34211192,0.0033357558,0.008823711,0.0005707314,0.056978375,0.0008002613,0.2883469,0.0030216174,0.00036213495,0.010788134,0.06634374,0.01657066,0.9992298,0.090725996,0.00048504645,0.0019821962
0.00020068837,0.05997323,0.041736092,0.0040333034,0.0050909705,0.0029856039,0.04714099,0.0023062879,0.064104296,0.31760073,0.0015030489,0.0044467687,0.00019605868,0.039641887,0.00028769628,0.28232765,0.0013361132,0.00011254693,0.005745399,0.048560303,0.009381589,0.9997212,0.069301024,0.00016179214,0.0007937722
7.4330055e-05,0.04455285,0.03047139,0.0022201005,0.0028741402,0.0014998113,0.03363788,0.0011769707,0.049825344,0.29580048,0.0007107926,0.0023545215,7.294986e-05,0.02790611,0.00011142101,0.27510443,0.0006210909,3.8180253e-05,0.0031800051,0.036111534,0.005467392,0.999892,0.053851064,5.8056823e-05,0.00034187778
0.0002330203,0.06297485,0.04367872,0.0044788513,0.005513173,0.0033197398,0.049791243,0.0025622852,0.06656526,0.32088313,0.0016769647,0.004876736,0.0002315484,0.042140096,0.00033294564,0.28515998,0.0015192791,0.00013321306,0.0062339944,0.051258687,0.010244278,0.9996773,0.07183004,0.0001887071,0.00091046724
4.8512735e-05,0.039530624,0.02703187,0.0017475769,0.0022365258,0.001106634,0.028962277,0.0008878016,0.045030046,0.28508615,0.0005221056,0.001802516,4.852717e-05,0.024294266,7.4832664e-05,0.2756333,0.0004581576,2.4143077e-05,0.0024851263,0.03208638,0.00444933,0.9999262,0.04808686,3.8405713e-05,0.00024121418
0.000100469304,0.05022336,0.034984306,0.0026408352,0.0033788884,0.0018604323,0.037118647,0.0014502545,0.054781456,0.3026575,0.00091187016,0.0028989892,9.625154e-05,0.030692296,0.00014743063,0.27844274,0.00077424024,5.2353964e-05,0.003895696,0.038261972,0.006709005,0.9998534,0.057870686,8.3382816e-05,0.0004529763
0.00026801022,0.06599346,0.046368495,0.004869055,0.005922942,0.0036814094,0.05179313,0.0028530485,0.069114946,0.3239101,0.0018708087,0.005434961,0.0002642968,0.043663606,0.00037888435,0.28652418,0.0016788497,0.00015386139,0.0068423715,0.05230209,0.011197871,0.9996308,0.07392168,0.00022407684,0.0010334487
0.00032416405,0.06910113,0.04810688,0.0054144464,0.0066913674,0.004170912,0.05541041,0.003213477,0.071934246,0.32846487,0.0021351876,0.006026169,0.0003199723,0.046966873,0.00045395273,0.28618717,0.0019461837,0.00018934405,0.007551239,0.05627908,0.012144218,0.9995608,0.07805581,0.00026272607,0.0011944148
0.00062661537,0.08323592,0.05858135,0.007961976,0.00982517,0.0065684235,0.06876947,0.0050152764,0.084222056,0.3443186,0.0034962096,0.009115885,0.0006131387,0.058742642,0.00084734935,0.28843635,0.0032004185,0.000385627,0.011087532,0.06770219,0.017147264,0.9991855,0.09218536,0.0005119443,0.0020789623
0.00034487637,0.06962728,0.048351318,0.0055975798,0.0069373637,0.004361657,0.056930993,0.0033296312,0.072484024,0.3291487,0.00220679,0.006223507,0.00034104034,0.0482483,0.00047769377,0.2859887,0.002032151,0.00020113723,0.007725717,0.05751906,0.012308928,0.99954337,0.07930266,0.00027192273,0.0012514145
0.0034419387,0.13562731,0.09948299,0.021755492,0.024887217,0.021247763,0.118635006,0.015930152,0.12594758,0.37980765,0.0122394245,0.026541807,0.00328898,0.099526785,0.0042697303,0.3042371,0.011572529,0.0024023626,0.029803075,0.10918383,0.042303152,0.99580765,0.13917436,0.0030047188,0.009037178
4.8830072e-05,0.039413348,0.026705291,0.001748221,0.0022555979,0.0011131649,0.029016318,0.0008862439,0.044866044,0.2851449,0.0005193846,0.0018038178,4.8598537e-05,0.024356669,7.4462725e-05,0.27432084,0.00045934354,2.414973e-05,0.0024754074,0.032365337,0.0044187075,0.9999268,0.04818425,3.795456e-05,0.00024006446
8.153978e-05,0.045881134,0.031391673,0.0023683794,0.0030499278,0.0015953123,0.03446013,0.0012586273,0.051127642,0.2974294,0.00076636986,0.0025080899,8.087534e-05,0.029189605,0.0001217919,0.27669886,0.00067808735,4.2178013e-05,0.0033630864,0.037460476,0.005805966,0.99988115,0.05512909,6.418205e-05,0.00037040972
0.00018039813,0.058962137,0.041023493,0.0038013635,0.0047213705,0.0027822757,0.04534111,0.0021754538,0.0624564,0.3138286,0.0013862329,0.004247129,0.00017815168,0.037929036,0.00026045373,0.284642,0.0012437595,9.94311e-05,0.0054370104,0.047160666,0.009070278,0.99974436,0.06699024,0.00014929859,0.0007335508
0.0010276053,0.09585786,0.06809667,0.01061951,0.0128742745,0.009275854,0.08097992,0.0069873226,0.094103634,0.35434213,0.004995233,0.01249663,0.0009993993,0.06862491,0.0013512532,0.29185304,0.004646471,0.00065441657,0.014766402,0.07815127,0.022202093,0.99869627,0.10383108,0.0008492455,0.0031676304
0.004346625,0.14214677,0.10476063,0.024636768,0.029648278,0.024664547,0.12765795,0.018573122,0.13214634,0.38644144,0.014615869,0.030385867,0.0041546295,0.10909354,0.005302083,0.29897872,0.013798058,0.0030659386,0.03386393,0.115833364,0.046782926,0.9949275,0.14801496,0.0036975313,0.010700131
0.00040181895,0.07303003,0.0510662,0.006076287,0.0076249726,0.004838684,0.05953447,0.003678509,0.07554498,0.3335091,0.0025046826,0.0068821735,0.00039069084,0.050265707,0.0005539068,0.28469127,0.0022540006,0.00023801031,0.008567638,0.05933294,0.013459186,0.9994698,0.08263918,0.00032360334,0.0014233433
1.4224328e-06,0.013389345,0.008593282,0.00019994787,0.00028178247,9.281698e-05,0.00829159,7.905779e-05,0.017465733,0.21849617,3.6994465e-05,0.0001861072,1.3888132e-06,0.006682933,2.4886692e-06,0.24372491,3.0037743e-05,5.003581e-07,0.00030271412,0.010459903,0.00066572044,0.9999974,0.018772991,1.0434352e-06,1.2048572e-05
8.810492e-05,0.047309324,0.032490663,0.0025045683,0.0031243823,0.0016906156,0.035811543,0.001331479,0.05219725,0.298933,0.0008126581,0.0026487464,8.7983026e-05,0.029929847,0.00013170333,0.2795829,0.0007220591,4.635162e-05,0.0035278795,0.03834808,0.006118654,0.9998716,0.055938438,7.076089e-05,0.00040118757
0.00030107383,0.06752589,0.04694398,0.0051772394,0.006435669,0.0039632698,0.053918272,0.0030587749,0.0704575,0.3271095,0.002023114,0.005770827,0.00029747392,0.045834452,0.0004229636,0.28510135,0.0018419779,0.00017430085,0.0072312816,0.05509533,0.011648695,0.99959105,0.07658641,0.0002436346,0.0011196737
0.00088693114,0.09309095,0.0663907,0.009679423,0.011649897,0.008406762,0.07733166,0.006280774,0.09162595,0.35138938,0.0045323865,0.01148069,0.00084699655,0.0645991,0.001181139,0.29188958,0.004117147,0.0005612703,0.013796506,0.0743553,0.020794433,0.99884784,0.1000803,0.0007516085,0.0028282176
0.00012486143,0.05272451,0.036584783,0.003056805,0.0038159818,0.0021591564,0.040276933,0.001688183,0.057283767,0.30723205,0.0010578845,0.0033192053,0.00012296035,0.033558726,0.00018335295,0.2814018,0.00093193154,6.729954e-05,0.0043619717,0.041827347,0.007387005,0.9998209,0.061094284,0.00010178016,0.00053944776
4.0868847e-05,0.03743182,0.025460895,0.0015800317,0.002032061,0.0009815295,0.027227147,0.000790544,0.043007333,0.28160322,0.00045823315,0.0016129853,4.1064068e-05,0.022929471,6.335547e-05,0.2738664,0.00040268825,2.0009975e-05,0.00223693,0.03056035,0.004050135,0.99993753,0.046021264,3.2061176e-05,0.00020803694
9.7102165e-05,0.048930857,0.03360989,0.00263435,0.003335767,0.0018041331,0.03679641,0.0014212818,0.05350749,0.30092943,0.00087454275,0.0028337704,9.613093e-05,0.030929675,0.00014424926,0.27913725,0.0007760308,5.10645e-05,0.0037642193,0.039337456,0.0064608264,0.9998585,0.05745077,7.842653e-05,0.0004328672
0.00039162248,0.07389585,0.051984046,0.006033173,0.0074053584,0.0047765886,0.05916028,0.0036381676,0.07592635,0.33469552,0.002487798,0.006758804,0.00038104592,0.050092846,0.0005431577,0.28683507,0.0022222383,0.00023292078,0.008538225,0.058226805,0.013547728,0.9994717,0.081871904,0.00032519575,0.0014246799
7.273958e-05,0.04481653,0.030499436,0.002203238,0.002881389,0.0014707813,0.033168346,0.0011611478,0.050125718,0.29503796,0.000706556,0.0023138786,7.141418e-05,0.028050376,0.0001083964,0.27443355,0.000614844,3.704566e-05,0.0031592292,0.035645805,0.005496302,0.9998934,0.053690374,5.7502693e-05,0.00033731744
0.0044193347,0.14320388,0.10661255,0.025117487,0.028816976,0.025160896,0.1286075,0.018820249,0.13320965,0.38677529,0.014736357,0.030748587,0.0042184074,0.10860831,0.0053860177,0.3038806,0.013969589,0.0031677762,0.03419433,0.11660639,0.047541652,0.99478084,0.14769073,0.0038393203,0.011080188
2.5171928e-05,0.032748926,0.022132533,0.0011741007,0.0015569363,0.00069938984,0.022837693,0.0005676724,0.038430512,0.27223468,0.00032563787,0.0011781007,2.4938414e-05,0.01928521,3.96713e-05,0.26848537,0.0002753647,1.17255095e-05,0.001696114,0.025756598,0.0031819192,0.9999603,0.040926803,1.99824e-05,0.00013963088
0.00016648188,0.057818197,0.040250733,0.003627687,0.0046379655,0.0026266587,0.043902583,0.0020411867,0.06207852,0.31501263,0.0013401035,0.0039584124,0.00016243148,0.037447836,0.00024130892,0.27905175,0.0011561172,9.2096496e-05,0.005228393,0.04491895,0.0087175295,0.9997646,0.066463,0.00013853305,0.0006917175
2.5715894e-05,0.03357073,0.022721717,0.0011723406,0.0015224739,0.0007120238,0.023337724,0.000575806,0.03839298,0.2738714,0.0003273389,0.0012100593,2.5140427e-05,0.019190475,4.0343497e-05,0.27073392,0.00027753942,1.1941979e-05,0.0017376189,0.025864158,0.0032311005,0.99995923,0.040549587,2.0789035e-05,0.00014240903
0.00028906384,0.068559796,0.048277967,0.004978274,0.0062277582,0.003893998,0.05314048,0.0029436843,0.07105359,0.32789373,0.002022487,0.0056595625,0.00027494886,0.044386823,0.00040624515,0.28325865,0.0017354665,0.00016739141,0.007298423,0.052344184,0.0117661,0.99960035,0.07620808,0.00024752438,0.001113515
2.8224304e-05,0.034707177,0.023397237,0.0012406104,0.001613049,0.0007604532,0.024139704,0.0006121257,0.039503973,0.2766296,0.00035322804,0.0012821527,2.7486054e-05,0.01987886,4.425287e-05,0.27080408,0.00029808885,1.3289738e-05,0.0018399714,0.026608614,0.003396165,0.9999554,0.041717734,2.294936e-05,0.00015440091
0.00018814173,0.059119895,0.041144703,0.0039032022,0.0048895497,0.0028560925,0.04620499,0.002219059,0.06333506,0.3159229,0.0014314116,0.004266109,0.0001856124,0.039041456,0.00027020802,0.28325632,0.0012786107,0.00010464282,0.005526266,0.04756879,0.009132982,0.99973744,0.067947246,0.0001520526,0.00075773144
0.0020985424,0.1162854,0.0839339,0.016054127,0.019712327,0.015075071,0.10114301,0.011316352,0.11137216,0.37061924,0.0085336,0.01948952,0.0020145932,0.08656336,0.0026511096,0.2926835,0.007925551,0.0014035907,0.022336744,0.09450755,0.03208177,0.9974619,0.12441416,0.0017547808,0.005751604
3.27893e-05,0.03528861,0.024149148,0.0013731106,0.0017540373,0.0008481139,0.025295557,0.00068439206,0.040677246,0.27669638,0.00039018592,0.0014275971,3.2499345e-05,0.020773662,5.1107956e-05,0.2732934,0.00033583693,1.5635107e-05,0.0019854864,0.028077262,0.0036476261,0.9999492,0.043129344,2.6300168e-05,0.00017394107
5.995284e-06,0.020929424,0.013852218,0.00048027642,0.00065761484,0.00025593565,0.01389067,0.00021176861,0.025946425,0.24379325,0.00010902763,0.0004702595,5.8168343e-06,0.0112202,9.920722e-06,0.2571667,8.987727e-05,2.4100063e-06,0.00071880105,0.01646423,0.0014446127,0.99999,0.027707934,4.5394067e-06,4.082658e-05
0.0001585355,0.05671656,0.0393143,0.0035157455,0.004427026,0.0025332214,0.043654107,0.0019728697,0.06094663,0.31250775,0.0012682842,0.0038269567,0.00015551886,0.03668225,0.00022976154,0.28226653,0.001117468,8.69667e-05,0.005029356,0.045009356,0.008405948,0.9997756,0.06519628,0.00012904513,0.0006587276
0.0012118351,0.100536965,0.07239811,0.011652659,0.01394641,0.010369649,0.08577868,0.0077544074,0.09838674,0.3584026,0.0056841224,0.013827599,0.0011644119,0.072169416,0.001585451,0.29377738,0.005223626,0.0007875319,0.016384218,0.08139771,0.024243804,0.99846953,0.10792825,0.0010166813,0.0036679285
0.00045011815,0.07720064,0.054214533,0.006545572,0.008087068,0.0052656275,0.061698638,0.0039898767,0.07873001,0.33839077,0.002781012,0.0073908763,0.0004345961,0.052443873,0.0006181791,0.2860809,0.0024648448,0.00027013948,0.009284521,0.06030746,0.014670787,0.9993981,0.085200004,0.00037733975,0.0016052352
0.0005380505,0.07992774,0.056312837,0.007174657,0.0090167085,0.0059354594,0.06537699,0.004482114,0.0816093,0.34192002,0.0031384067,0.008218969,0.0005157232,0.05535078,0.00072829635,0.285124,0.002789584,0.0003265279,0.0102231195,0.06357436,0.01575546,0.999298,0.08913994,0.00044061616,0.0018310943
8.655567e-05,0.04694452,0.03256495,0.0024765697,0.0031011058,0.0016710033,0.03536822,0.0013198893,0.052107543,0.2976103,0.00080329675,0.0026190933,8.625995e-05,0.02959857,0.00012986579,0.28012004,0.0007086891,4.528018e-05,0.003500741,0.03779963,0.006075627,0.9998728,0.05563711,6.9658345e-05,0.0003963101
0.0012206103,0.10049208,0.07168223,0.011681956,0.014055543,0.010413375,0.086477265,0.0077918745,0.098229244,0.35913834,0.005664327,0.0137343155,0.0011743674,0.072699845,0.0015882984,0.29341787,0.005253015,0.0007920363,0.016245103,0.08195761,0.024070159,0.9984763,0.10840183,0.001001005,0.0036694622
0.0020319172,0.117112644,0.08559273,0.015756126,0.018565536,0.014847654,0.100867465,0.010965278,0.11176535,0.36997044,0.008382823,0.01902508,0.0019193471,0.08464471,0.0025775468,0.2976122,0.007663402,0.0013678337,0.022184933,0.093178205,0.03210135,0.99748164,0.12262462,0.0017529525,0.00578359
0.00013925844,0.05437482,0.03775209,0.0033350221,0.0040024105,0.0023669763,0.041736722,0.0018314779,0.05879304,0.30872652,0.0011459242,0.003571544,0.00013859331,0.034855314,0.00020250407,0.28437948,0.0010262844,7.647583e-05,0.0046029,0.04362596,0.007896604,0.9998016,0.062840566,0.00011464745,0.000600464
0.00063757243,0.08382789,0.05905912,0.008055203,0.009708266,0.006681053,0.0699488,0.0050693834,0.084343836,0.34429017,0.0035041096,0.009219727,0.00062675454,0.05899208,0.00086109876,0.29104483,0.0032435826,0.00039314845,0.011154238,0.06837657,0.0172867,0.99917233,0.09211876,0.000519894,0.002125739
4.1777304e-05,0.038007997,0.02598019,0.0016039541,0.002030874,0.0010092426,0.027408559,0.00081185007,0.043344587,0.28243726,0.00046949068,0.0016646517,4.1730003e-05,0.022801043,6.459226e-05,0.27487418,0.00040672297,2.0433057e-05,0.002283292,0.030150121,0.004164209,0.9999362,0.04613629,3.3716962e-05,0.00021523036
0.00085323345,0.09107622,0.06473166,0.009580393,0.0114454925,0.00814525,0.076711625,0.006160321,0.09055487,0.35002434,0.004371162,0.011103998,0.000836131,0.0647186,0.0011401925,0.2935285,0.0040525626,0.00053934875,0.013271414,0.074551165,0.020293629,0.9989027,0.09901865,0.0007063904,0.0027257265
1.4464568e-05,0.027579993,0.018508304,0.00083062466,0.0011059912,0.00047418554,0.018945856,0.00038797274,0.03303117,0.2607931,0.0002120982,0.0008308356,1.42126555e-05,0.015686728,2.3129216e-05,0.26493093,0.00017884046,6.340958e-06,0.001217336,0.02174733,0.0023384867,0.99997675,0.035009775,1.1262603e-05,8.662495e-05
0.00017998852,0.059431694,0.041234203,0.0037637057,0.0048159147,0.002778658,0.04517452,0.0021424233,0.063310444,0.31658483,0.0014148619,0.004154456,0.0001731955,0.038063925,0.00025818037,0.27977523,0.0012165734,9.9946046e-05,0.0054887095,0.04587934,0.00907604,0.99974614,0.06786761,0.0001502344,0.00073606404
0.00020127113,0.06087951,0.04234896,0.004014007,0.0051343013,0.0030180642,0.046945293,0.0023163082,0.06457464,0.3188742,0.0015247493,0.0044922065,0.00019283275,0.039108776,0.0002874161,0.28046453,0.0013175764,0.00011184798,0.0058179046,0.047288004,0.0095394375,0.9997197,0.069615476,0.0001660942,0.0008064566
0.0013042551,0.10346513,0.07457456,0.012219764,0.014222338,0.011125764,0.08783916,0.008213203,0.1002506,0.36074096,0.0059750066,0.014633708,0.0012400846,0.07267028,0.0016857577,0.2955246,0.0054568956,0.00085253495,0.01700156,0.081963725,0.025403077,0.99835676,0.109839626,0.001115009,0.0039841086
0.00064957596,0.084665366,0.0599746,0.008145397,0.009883379,0.0067493576,0.069717854,0.0051487302,0.084924445,0.34429163,0.0035838832,0.009406869,0.00063667767,0.059028115,0.00088066625,0.29009804,0.0032909596,0.00040109144,0.011407466,0.06826474,0.017613687,0.99914813,0.09248077,0.000540727,0.002161573
0.0005529866,0.08130004,0.057020023,0.0074020857,0.008864662,0.0060687005,0.06671149,0.0045973165,0.08171136,0.34045565,0.0031558287,0.008472848,0.00054068345,0.055784423,0.000753205,0.29176885,0.0029138918,0.0003365024,0.010328182,0.06585736,0.016199293,0.9992674,0.088830404,0.00045614823,0.001895811
1.0947693e-05,0.025350334,0.016699834,0.00070193823,0.000951382,0.00039096505,0.01712302,0.00031966253,0.030725824,0.25616857,0.00017194822,0.0006855355,1.0716787e-05,0.014229888,1.763633e-05,0.26077986,0.00014452434,4.6957616e-06,0.001023292,0.01999088,0.0019941696,0.9999821,0.032783933,8.354752e-06,6.809669e-05
0.0010242367,0.09803212,0.070387,0.010583923,0.012447678,0.00937851,0.08086674,0.0069162166,0.09526628,0.35377717,0.005058906,0.012636457,0.00097144186,0.067267254,0.0013490204,0.29499123,0.0045699906,0.0006524788,0.015058718,0.07688126,0.02280179,0.99866605,0.10380017,0.0008902272,0.0032746007
0.0048746173,0.14731546,0.11067039,0.026292117,0.031004054,0.026718214,0.13229348,0.019836886,0.13742577,0.39000723,0.016146835,0.03236881,0.00455832,0.112190984,0.005919868,0.30127168,0.014820832,0.0035256222,0.036665715,0.11813272,0.050109733,0.9942794,0.15228228,0.004278042,0.012042836
2.8649325e-05,0.03415662,0.023189371,0.0012461233,0.0016111012,0.0007678154,0.024319377,0.0006189653,0.03905169,0.27443454,0.000349181,0.0013085956,2.8097249e-05,0.019753583,4.487015e-05,0.27177966,0.00030035592,1.3449829e-05,0.0018405985,0.027059685,0.0033669306,0.9999553,0.041647863,2.2818333e-05,0.00015387122
0.00052660983,0.07849727,0.055298787,0.0071051125,0.008945628,0.0058194296,0.064886466,0.0044156876,0.0805771,0.33878955,0.0030572251,0.008160829,0.00051090936,0.05504967,0.00071442727,0.28570998,0.0027641526,0.0003175657,0.010013041,0.06412847,0.015466217,0.9993175,0.088482715,0.0004241788,0.0017803886
1.1098775e-05,0.025694745,0.017186886,0.00069930323,0.0009574034,0.00039439023,0.017152047,0.00032181368,0.030995836,0.25684473,0.0001770869,0.00070190284,1.0709401e-05,0.014158968,1.7982644e-05,0.25981173,0.00014394506,4.7659705e-06,0.0010557551,0.019665303,0.0020483043,0.9999819,0.03293396,8.794892e-06,6.9569054e-05
5.672759e-06,0.020728,0.013717526,0.00046902592,0.00063832785,0.0002456218,0.01358146,0.00020561865,0.02564388,0.24237056,0.000105144834,0.0004571913,5.5634737e-06,0.011044204,9.443926e-06,0.25703534,8.6987595e-05,2.2708098e-06,0.0006981997,0.01614841,0.0014215222,0.99999034,0.02721552,4.3532664e-06,3.9192535e-05
0.00081043097,0.0897636,0.06400586,0.009186942,0.0112396,0.007847334,0.07494909,0.0059332033,0.089528024,0.34925026,0.004235097,0.010775948,0.0007817314,0.06318152,0.0010824291,0.29058564,0.0038521818,0.00050803134,0.013002291,0.07250275,0.019692844,0.9989543,0.09797346,0.0006740787,0.0025931012
2.9013852e-06,0.016688475,0.010870395,0.00030923862,0.0004238811,0.00015317777,0.01078441,0.00012915803,0.021131247,0.23019584,6.278362e-05,0.00029641174,2.844399e-06,0.008604651,4.9867263e-06,0.2522844,5.1880226e-05,1.1019926e-06,0.00046480857,0.013325787,0.0009737311,0.9999949,0.02274703,2.1577548e-06,2.197647e-05
1.9077852e-05,0.029777715,0.02024796,0.0009849815,0.0013002073,0.0005798344,0.0205985,0.00047318154,0.03526366,0.2650413,0.00026208258,0.0010182288,1.8870776e-05,0.017024979,3.0317988e-05,0.26676148,0.00022051486,8.532005e-06,0.0014477437,0.023484448,0.002742333,0.99996984,0.037569538,1.5258236e-05,0.00010962466
0.0001849238,0.05936556,0.041507248,0.0038332029,0.004811173,0.0028357087,0.04589482,0.002187504,0.06325517,0.3161527,0.0014243238,0.00424112,0.00017938424,0.03832721,0.00026577633,0.2829168,0.0012476257,0.00010251507,0.0055291913,0.04671659,0.009138236,0.9997398,0.06768058,0.00015222988,0.0007529291
0.004997694,0.1511154,0.11334523,0.026777351,0.031455267,0.027218638,0.13206671,0.020250576,0.13881253,0.38891077,0.016577771,0.033244673,0.0046560294,0.11177595,0.0061497446,0.3031305,0.015130664,0.003603978,0.037845552,0.11872473,0.05166131,0.99392456,0.15291896,0.0045307665,0.01256179
6.0761677e-06,0.020966263,0.013878741,0.00049413106,0.000659991,0.00025995856,0.013835866,0.00021691664,0.02590998,0.24402875,0.00011052229,0.0004826933,6.0431466e-06,0.011341903,1.0134e-05,0.25813547,9.233031e-05,2.4711871e-06,0.0007231688,0.016624713,0.0014646121,0.99998975,0.027770521,4.6716905e-06,4.1610703e-05
0.00042576095,0.07453822,0.05249993,0.006293921,0.007969508,0.0050307713,0.060423348,0.003821658,0.077547885,0.3362505,0.0026490754,0.0070385286,0.0004121715,0.051818237,0.00058300473,0.2834043,0.0023421785,0.00025339398,0.008911534,0.059234373,0.013958158,0.99943966,0.084256545,0.00034620924,0.0015063996
1.0338645e-05,0.024734285,0.016621532,0.0006845956,0.0008979825,0.00037784263,0.01677929,0.0003130584,0.029926078,0.2535731,0.00016455958,0.0006816799,1.0317341e-05,0.013700111,1.7000331e-05,0.26411468,0.00013892766,4.434663e-06,0.0009958826,0.0196219,0.0019582543,0.99998295,0.031941846,8.099735e-06,6.557085e-05
0.00023892912,0.063039616,0.043488327,0.0045188894,0.0056347228,0.003382023,0.0501195,0.0025909608,0.06669868,0.32166973,0.0016942531,0.0049173767,0.00023598436,0.042551875,0.00033777714,0.28345028,0.0015371711,0.00013609823,0.0062723514,0.05164373,0.010247766,0.9996741,0.07248039,0.00018972375,0.0009221006
0.0019186777,0.11343553,0.082016215,0.01509013,0.018271731,0.0141994795,0.099576116,0.01055874,0.10886301,0.36986735,0.007899436,0.01826923,0.0018141009,0.083453394,0.0024265756,0.2933374,0.007284311,0.001284707,0.021170687,0.09183651,0.0302213,0.99768,0.12096692,0.0015865004,0.005348144
6.718687e-05,0.0434631,0.029463101,0.0021222148,0.0027062097,0.0013956884,0.032483894,0.0011003336,0.04861154,0.29234865,0.0006583212,0.0022106702,6.689273e-05,0.027275287,0.0001011124,0.2765999,0.00058695814,3.428395e-05,0.0029856877,0.035699934,0.00523665,0.99990106,0.052363787,5.253847e-05,0.00031517536
0.002678066,0.12520564,0.091215305,0.018599838,0.022440745,0.017752124,0.10954097,0.013421667,0.11848287,0.37689596,0.010248936,0.022592401,0.0025695271,0.093662016,0.0033595655,0.29607883,0.009579922,0.001836338,0.025770344,0.1010494,0.036639083,0.9967679,0.13134925,0.002273282,0.0071282396
0.0022968748,0.121212035,0.08891934,0.016919123,0.020132905,0.016162697,0.10450697,0.011894566,0.11522008,0.37400913,0.009267939,0.02055717,0.0021536762,0.08816796,0.0029003185,0.2957819,0.008372263,0.001569224,0.023970954,0.095550105,0.0342528,0.9971758,0.12683238,0.0020021268,0.0064143096
0.00021851086,0.06212257,0.043287825,0.0042400067,0.0054258057,0.003173146,0.048166644,0.0024338274,0.06628118,0.32072705,0.0016306466,0.0046520643,0.00021130753,0.040981818,0.0003098882,0.28052726,0.001411756,0.00012303141,0.0060928217,0.048809428,0.009983664,0.99969804,0.071379885,0.00017981922,0.0008631414
0.00015485859,0.056185264,0.038546756,0.0034908524,0.004365069,0.0025096864,0.043217797,0.0019584154,0.06001964,0.31294164,0.0012353819,0.0038063996,0.00015310521,0.03636485,0.00022470798,0.28130308,0.001108084,8.4848485e-05,0.004913608,0.045016497,0.008223631,0.99978155,0.06468468,0.00012518272,0.0006427967
5.481694e-06,0.020648636,0.013755213,0.00046864068,0.0006205356,0.00024313896,0.0133238565,0.00020451043,0.025525201,0.2424429,0.00010354509,0.0004537624,5.444401e-06,0.010853975,9.150061e-06,0.25794202,8.543273e-05,2.210699e-06,0.0006828408,0.015730664,0.0014339861,0.9999906,0.026991438,4.3265295e-06,3.89081e-05
1.9504874e-05,0.030552736,0.020525767,0.0009944126,0.0013371852,0.0005837726,0.020918947,0.0004755396,0.035913438,0.26784754,0.00026880097,0.0010081524,1.9079562e-05,0.017534092,3.0944437e-05,0.26517242,0.00022462165,8.810422e-06,0.0014693345,0.023627218,0.0027715217,0.9999689,0.038145117,1.5515905e-05,0.00011198129
3.954469e-05,0.03719457,0.02572908,0.001556476,0.0019667626,0.00097019656,0.026725069,0.0007840475,0.04270931,0.28045034,0.0004517912,0.0016130083,3.9770395e-05,0.02235639,6.14865e-05,0.27555925,0.0003913148,1.9226174e-05,0.0022219645,0.029689439,0.0040709805,0.99993885,0.045382846,3.218417e-05,0.00020556887
0.00033463218,0.07030533,0.04959035,0.005469186,0.006675584,0.004288308,0.05615835,0.0032834855,0.07279793,0.32903188,0.002196001,0.0062165866,0.00032626218,0.046757508,0.00046737172,0.28784552,0.0019677961,0.00019534475,0.0077836215,0.05601945,0.012506573,0.9995441,0.07830686,0.00027822718,0.001241824
9.048499e-06,0.023873707,0.015858335,0.0006244837,0.00084089854,0.00034066115,0.016020734,0.0002821513,0.029049639,0.25195217,0.00014920623,0.00061679987,8.910986e-06,0.0132081285,1.4792845e-05,0.26086167,0.00012497508,3.7997381e-06,0.00092127395,0.018815838,0.0018160812,0.9999851,0.03089974,6.9804596e-06,5.8020792e-05
0.0020181588,0.11572177,0.083625816,0.01567293,0.018639041,0.014666081,0.10147477,0.010953959,0.11056296,0.36993098,0.008209662,0.01880268,0.0019268448,0.08516158,0.002559417,0.2969806,0.0076713976,0.0013583492,0.021748299,0.094324835,0.031326722,0.9975357,0.122426145,0.0016787035,0.005623795
0.00017709011,0.05871997,0.040861998,0.003727707,0.004778024,0.0027492258,0.044878196,0.0021188236,0.06306569,0.31645426,0.0013943719,0.0041023246,0.0001700432,0.03790466,0.00025399556,0.27926764,0.0011994792,9.826484e-05,0.0054051974,0.045582227,0.008921724,0.9997515,0.06769009,0.0001462376,0.00072384765
5.5055138e-05,0.041322798,0.028509932,0.0018694025,0.002419537,0.0012088761,0.030087853,0.0009672052,0.04676667,0.28870535,0.0005795537,0.0019595416,5.431039e-05,0.025362153,8.3783016e-05,0.27543083,0.0004994215,2.7314458e-05,0.0027095294,0.032692146,0.0048184358,0.9999169,0.049563296,4.4386426e-05,0.00026925033
0.00026601183,0.06554478,0.04590922,0.004742575,0.0058801766,0.0036742,0.051959388,0.002795989,0.06861324,0.32471368,0.001849717,0.0053723822,0.00025614607,0.043037675,0.00037430768,0.28452346,0.0016351194,0.00015260688,0.006793277,0.05199731,0.010939406,0.99963653,0.074120216,0.00021864653,0.0010180838
0.0011678911,0.100166015,0.0721645,0.011457055,0.013550225,0.010173763,0.08458907,0.0075672437,0.097750805,0.35693014,0.0055489694,0.013603824,0.0011195589,0.070876814,0.0015307028,0.29491585,0.0050824285,0.0007560004,0.016103456,0.08045,0.02406127,0.9985098,0.106860474,0.0009942107,0.00359538
0.0003757218,0.07211698,0.050565805,0.0058986945,0.00718735,0.0046337824,0.0586592,0.0035178177,0.07466508,0.332859,0.0023899137,0.0065699387,0.00036743924,0.049499948,0.0005222574,0.28776616,0.0021665113,0.0002235489,0.0082444055,0.058593903,0.013082871,0.9994954,0.080985904,0.00030561397,0.0013613474
0.0002763465,0.06598386,0.045635626,0.004913505,0.0060879816,0.0037560398,0.052745886,0.0028793649,0.069011174,0.32670006,0.0018951099,0.005427728,0.00027179936,0.044611372,0.00038870258,0.28444803,0.0017181056,0.00015928374,0.006847983,0.053542342,0.011067082,0.99962544,0.07506664,0.00022161724,0.0010456517
0.0005034724,0.078366056,0.054677665,0.0070118653,0.008574923,0.0056871176,0.064404994,0.004314948,0.07970695,0.3399838,0.0029546139,0.007930221,0.0004942533,0.054695632,0.0006874082,0.28768605,0.0027164966,0.00030531135,0.009698882,0.06379748,0.01518619,0.9993394,0.08719851,0.00040781466,0.0017360332
0.0009427426,0.09354797,0.066315904,0.010142277,0.012263689,0.008738682,0.07904546,0.006572211,0.09271795,0.35443053,0.0047300095,0.01170852,0.00091587595,0.067377105,0.0012462141,0.2915237,0.0043637035,0.00059991685,0.014016946,0.07618171,0.021213906,0.9988009,0.10177603,0.0007749537,0.0029527699
0.0008427009,0.09111294,0.064549364,0.009484736,0.011479175,0.008105368,0.07587207,0.006124627,0.09042733,0.35162437,0.0043540746,0.011021405,0.0008174996,0.064468436,0.001121827,0.29109374,0.0040046484,0.00053019053,0.013197492,0.073317476,0.020099452,0.99891376,0.098810755,0.0006995014,0.0026945637
0.012758773,0.18989043,0.14682303,0.04652895,0.053915888,0.05008141,0.17708528,0.038349003,0.1718028,0.40866527,0.032498524,0.0579226,0.011954872,0.1508207,0.015016441,0.31145164,0.030904844,0.009865625,0.06354605,0.15570459,0.08072063,0.9854762,0.19131546,0.011402428,0.026768066
0.00013682927,0.054218594,0.037562743,0.0032071779,0.0040477696,0.0022956892,0.041482706,0.0017841195,0.05842249,0.30844077,0.001131254,0.003513426,0.0001333001,0.034557275,0.00020008079,0.28136113,0.0009982969,7.417223e-05,0.004621575,0.043311097,0.0077366107,0.9998037,0.062826864,0.00011109298,0.0005781433
1.2860436e-05,0.026772222,0.017938493,0.00077750086,0.0010526387,0.00043637012,0.018022908,0.0003580461,0.032176394,0.25923413,0.00019753145,0.0007694975,1.2663893e-05,0.015114947,2.0798592e-05,0.26197648,0.00016387936,5.607349e-06,0.0011452346,0.020783091,0.0022285443,0.999979,0.03420355,1.0160293e-05,7.907724e-05
8.8022e-06,0.023634462,0.015932126,0.0006260695,0.0008143547,0.00033740106,0.015802158,0.00028171344,0.02869505,0.25024796,0.0001468792,0.0006170998,8.856282e-06,0.012996704,1.4599493e-05,0.2637692,0.00012354339,3.7259676e-06,0.00091040554,0.018635405,0.0018229159,0.9999852,0.030517729,6.9784433e-06,5.7734123e-05
9.9174766e-05,0.049505364,0.034188434,0.002642893,0.0034580857,0.0018429777,0.036785234,0.0014240491,0.054543573,0.30282676,0.0009122142,0.0028459732,9.5263444e-05,0.030855978,0.000146602,0.274572,0.0007688192,5.196361e-05,0.003859033,0.038131505,0.006612203,0.9998566,0.058538903,8.149694e-05,0.0004466222
0.00013560092,0.05304255,0.036533985,0.0032182229,0.0041098357,0.002271572,0.041070744,0.0017693713,0.05809704,0.3074218,0.0011141086,0.0034428157,0.000134384,0.03495128,0.00019706866,0.27983436,0.0009987568,7.322537e-05,0.0045049954,0.04370741,0.0075767464,0.9998091,0.062875785,0.00010644256,0.00056792545
0.0018279934,0.114320114,0.083423436,0.014775742,0.0178158,0.01386754,0.096827656,0.010227125,0.10942783,0.36868834,0.007857397,0.017949685,0.0017085065,0.08118734,0.002339272,0.29303455,0.0070155216,0.0012261554,0.021091705,0.088831,0.030583076,0.9977175,0.12028552,0.0015993959,0.0053066225
0.01627495,0.2006308,0.15746085,0.0534625,0.06263659,0.05868407,0.19005202,0.0454811,0.18197937,0.4138073,0.03886257,0.06706752,0.015234086,0.16190282,0.018946702,0.31202284,0.0369493,0.012785,0.072826006,0.16479719,0.090294644,0.9818586,0.20269889,0.014531776,0.03259998
0.00034624882,0.07102098,0.05013979,0.0055642338,0.0069221337,0.004384682,0.056532666,0.003335615,0.073772475,0.33099645,0.002278554,0.006291694,0.0003334806,0.047529876,0.00048254634,0.28539985,0.0020059205,0.00020290549,0.00797906,0.055863958,0.012706929,0.99953127,0.079484336,0.0002876373,0.0012796029
0.0006908354,0.087489285,0.06257055,0.008348677,0.010157027,0.0070904903,0.07080256,0.0053286226,0.08692285,0.34528112,0.0037997982,0.00983044,0.0006591487,0.05915402,0.0009320888,0.29077882,0.0033854349,0.00042522312,0.01202665,0.06829357,0.018545007,0.99908257,0.09403768,0.0005921648,0.0023212037
0.00021485495,0.062765434,0.04371875,0.0042063803,0.00529527,0.0031535535,0.047942016,0.0024251703,0.06596244,0.320626,0.0016105414,0.004675993,0.00020746469,0.040478777,0.0003063213,0.28232923,0.0014013615,0.0001203827,0.0060713673,0.048458476,0.010014653,0.9996984,0.07070209,0.00018028774,0.00086058205
0.00012992807,0.053068433,0.036424883,0.0031404435,0.003934845,0.0022149263,0.0408885,0.0017187471,0.05740691,0.30854794,0.0010787608,0.0033514504,0.00012839473,0.03449223,0.00018981221,0.28072834,0.0009681572,7.0577255e-05,0.0044175833,0.04306165,0.0074304016,0.99981505,0.061900724,0.00010311538,0.0005533646
9.782372e-06,0.024379494,0.01613546,0.0006596143,0.00087347673,0.00036330163,0.016486969,0.00029995444,0.029411191,0.25379536,0.00015725366,0.00065369,9.746001e-06,0.013527827,1.6024067e-05,0.26150632,0.00013343757,4.180739e-06,0.00095821195,0.019461432,0.0018791624,0.9999839,0.0315659,7.5506236e-06,6.211154e-05
0.00059743616,0.08226708,0.058182277,0.0077271573,0.00936503,0.0063760984,0.06843628,0.0048063896,0.083249606,0.34324548,0.0033608722,0.008799527,0.0005805674,0.057664413,0.0008104322,0.2896799,0.003068006,0.0003685422,0.010812623,0.066747695,0.016653042,0.99922,0.09070241,0.0004885638,0.00201141
0.0006920993,0.08672931,0.06178008,0.00840813,0.010457993,0.0070674685,0.07053218,0.005339646,0.08733077,0.34783262,0.0038489995,0.009724861,0.00066556496,0.060410306,0.0009307461,0.2863164,0.0033985595,0.00042995374,0.01196528,0.0677361,0.018407121,0.9991002,0.09502307,0.00058747665,0.0023037316
0.0002997626,0.06739447,0.047158234,0.005164295,0.006402623,0.003952652,0.053855404,0.0030537131,0.07052156,0.3261932,0.0020160356,0.005746164,0.0002967677,0.045774292,0.00042248084,0.2858672,0.0018318336,0.00017392846,0.0072238296,0.05484685,0.011639793,0.99959165,0.07645441,0.00024279609,0.0011204814
2.4269879e-05,0.032484055,0.021910304,0.0011429264,0.0015238777,0.00068103184,0.022524305,0.00055335456,0.0380989,0.27190334,0.00031714272,0.0011541437,2.3918401e-05,0.019013051,3.824494e-05,0.26760122,0.00026682872,1.1243458e-05,0.0016661714,0.025376262,0.0031188475,0.99996173,0.040507894,1.9322013e-05,0.00013500113
0.00038163902,0.072452664,0.051053792,0.0059560384,0.00754337,0.0046589207,0.057967585,0.0035814135,0.076011054,0.33429343,0.0024707043,0.0065887477,0.00037356926,0.05024171,0.00052921916,0.2829983,0.002177302,0.00022611076,0.008379578,0.057305742,0.013324508,0.9994904,0.082142696,0.00031347777,0.0013811791
2.8207216e-05,0.033394594,0.022701617,0.001236588,0.0016183864,0.0007628098,0.024092795,0.0006115825,0.03886862,0.27459976,0.00034480944,0.0012755789,2.762978e-05,0.019658066,4.4225533e-05,0.26990712,0.00029553781,1.329491e-05,0.0018023564,0.026846226,0.0032724238,0.9999565,0.041728493,2.1862084e-05,0.00015133056
3.2576186e-06,0.017406866,0.011354342,0.00033861236,0.00044790065,0.00016764666,0.011283008,0.00014080116,0.021862406,0.23287866,6.8807145e-05,0.0003203386,3.243804e-06,0.009098217,5.57869e-06,0.25513497,5.758467e-05,1.2657524e-06,0.0004961156,0.013860051,0.0010451464,0.9999943,0.023449298,2.464524e-06,2.4665562e-05
8.347472e-06,0.02317948,0.01536488,0.0005856898,0.00078791927,0.00032489735,0.015733913,0.00026635086,0.028124562,0.25074983,0.00013795699,0.0005853165,8.099852e-06,0.012553111,1.3673673e-05,0.2596635,0.00011535665,3.4982947e-06,0.0008729267,0.018364957,0.001701124,0.9999863,0.030234642,6.323041e-06,5.376955e-05
0.0006044582,0.08325161,0.059272844,0.007827572,0.009415425,0.006462513,0.06779472,0.0049129995,0.08356773,0.3418197,0.0034116958,0.009075796,0.000590816,0.057274405,0.0008219331,0.29064468,0.0031099438,0.00037100466,0.011019581,0.06659026,0.017149627,0.99920017,0.09075242,0.0005117991,0.002052026
0.00040619387,0.07362705,0.05129405,0.006173309,0.0076619727,0.004887418,0.05962317,0.0037209962,0.07589307,0.3339735,0.0025282502,0.006923566,0.00039846543,0.050796967,0.0005605045,0.2858026,0.002300445,0.00024186267,0.008604729,0.059915356,0.013639273,0.99945956,0.08291994,0.0003288572,0.001443626
2.1822134e-06,0.015183723,0.009895392,0.00026317133,0.00036043333,0.00012530429,0.009600612,0.00010720706,0.019521594,0.22442733,5.095879e-05,0.00024803396,2.1830335e-06,0.0077814157,3.8116025e-06,0.25038406,4.2274012e-05,8.0514417e-07,0.0003913094,0.012192095,0.00084280566,0.99999607,0.020996014,1.6309172e-06,1.7342672e-05
0.00022186016,0.06284163,0.044043377,0.0042901975,0.005386547,0.0032185535,0.048311774,0.0024861172,0.06650738,0.32043585,0.0016473893,0.0047906428,0.00021511732,0.040896855,0.00031487443,0.28347364,0.0014386434,0.00012398702,0.006176756,0.04896328,0.010174641,0.99969053,0.070869766,0.00018577388,0.00088025717
0.0005577017,0.08164686,0.057874367,0.007437488,0.009063739,0.006072435,0.06627034,0.0046332376,0.08274307,0.34122086,0.003233915,0.008494374,0.0005432364,0.05614465,0.0007594788,0.29020944,0.0029143817,0.00033800714,0.010484856,0.06464703,0.016435152,0.9992599,0.08911982,0.00046687768,0.0019200322
1.9165016e-05,0.029795801,0.020193601,0.0009890429,0.0012993935,0.00057889294,0.020918423,0.00047253695,0.035280816,0.26592776,0.00026074593,0.0009993522,1.9023077e-05,0.017245615,3.0652314e-05,0.26786673,0.00022239683,8.708202e-06,0.0014386504,0.023895869,0.0027046762,0.9999695,0.037648913,1.4961676e-05,0.00010974034
0.0012108422,0.100743055,0.07215414,0.011700914,0.0142374225,0.010367619,0.08479964,0.007856004,0.098280035,0.35847777,0.005686883,0.013920969,0.0011740566,0.07237003,0.0015843556,0.29203007,0.0052704904,0.0007815854,0.016344283,0.081121415,0.024359683,0.9984664,0.10818681,0.0010161153,0.0036508488
4.953995e-05,0.03999954,0.027197206,0.0017715574,0.0022627886,0.0011263657,0.029189656,0.00090510194,0.045191854,0.28642562,0.0005311367,0.0018408446,4.9593218e-05,0.024504634,7.616593e-05,0.2755784,0.00046646126,2.4580464e-05,0.0025215058,0.032201484,0.004521047,0.999925,0.048307948,3.9472387e-05,0.0002456766
8.533209e-06,0.02351085,0.015620501,0.0006033821,0.00082717254,0.00032712487,0.01562127,0.0002704237,0.028745102,0.2504705,0.00014428435,0.00058990024,8.361742e-06,0.012885412,1.401345e-05,0.25900078,0.0001190841,3.5531946e-06,0.0008913059,0.01828083,0.0017766546,0.9999858,0.030647399,6.59384e-06,5.5611723e-05
0.0010102065,0.095830895,0.06892837,0.0105651785,0.012600982,0.009147018,0.080492005,0.0069617783,0.09444754,0.3535698,0.004970526,0.012445168,0.0009857969,0.06805478,0.001339674,0.29437453,0.0045892913,0.0006438224,0.014775117,0.07718843,0.022293113,0.99870336,0.102773994,0.0008531164,0.0031571023
6.8657334e-07,0.010694328,0.0067951367,0.00012568806,0.00018416118,5.5475546e-05,0.00634648,4.773802e-05,0.014319494,0.20677178,2.1548209e-05,0.000116122246,6.566152e-07,0.005028619,1.2293742e-06,0.23548968,1.6888704e-05,2.2235471e-07,0.00019683488,0.008120456,0.0004539129,0.9999987,0.015382442,4.9830476e-07,6.4790206e-06
4.119731e-05,0.03799414,0.025980642,0.0015734469,0.0020549695,0.000988507,0.027269103,0.00079135323,0.043471593,0.2829868,0.00046739774,0.0016194916,4.062052e-05,0.022986352,6.346842e-05,0.27201414,0.0003997415,2.0018622e-05,0.0022784902,0.029841194,0.0041135354,0.99993694,0.046212453,3.292802e-05,0.00021138249
0.0021331313,0.11773937,0.085040085,0.016279303,0.01957255,0.015294982,0.102080815,0.011463299,0.11212608,0.37188366,0.008643152,0.019678341,0.002045174,0.08689354,0.002704854,0.2951823,0.008068102,0.0014419697,0.022561887,0.09532606,0.032521702,0.997391,0.124360435,0.0018014652,0.0058964915
6.077438e-05,0.042805634,0.02916887,0.0019874498,0.002598297,0.001299154,0.03101109,0.0010324691,0.048138056,0.29127854,0.0006266464,0.0020782412,5.974811e-05,0.026308995,9.1805385e-05,0.27377144,0.0005379328,3.0536543e-05,0.0028631166,0.033569157,0.0050760736,0.99990904,0.05142206,4.89958e-05,0.00029307426
0.00024217118,0.06372505,0.044785738,0.004573302,0.0055860407,0.0034118271,0.05040316,0.0026518295,0.067215964,0.32146525,0.0017276987,0.0050461274,0.00024045342,0.04256949,0.00034576954,0.2866704,0.0015587965,0.00013833163,0.006419672,0.051247954,0.010516525,0.9996644,0.07212383,0.00019900734,0.00094618776
0.0005391524,0.07932386,0.055922788,0.0072104163,0.008970342,0.005940295,0.065823585,0.004477963,0.081142284,0.3414125,0.0031242187,0.008250092,0.00051913265,0.055338155,0.00073313573,0.28628477,0.0028032653,0.00032799458,0.0101880245,0.06418562,0.01563537,0.9992995,0.08892357,0.0004368288,0.0018257779
1.0825558e-05,0.025134843,0.016882742,0.00070448214,0.0009199506,0.00038707297,0.017138306,0.00032107666,0.03029297,0.25421315,0.00017014393,0.0006984147,1.0839494e-05,0.01408976,1.7767923e-05,0.2650555,0.00014486266,4.6787304e-06,0.0010259653,0.02014778,0.002007947,0.9999821,0.032253634,8.463212e-06,6.795851e-05
6.172971e-06,0.020924186,0.013888854,0.0004914201,0.0006639226,0.00026230732,0.014056509,0.00021767909,0.02590061,0.24450196,0.0001106406,0.00048210815,6.0777843e-06,0.011318405,1.0343458e-05,0.25815076,9.242554e-05,2.5177503e-06,0.0007280719,0.016788723,0.0014477671,0.9999896,0.027911898,4.640962e-06,4.1798026e-05
2.8755805e-05,0.03373112,0.022904333,0.0012632478,0.0016468404,0.00076853315,0.024151096,0.00062075973,0.03922567,0.27446556,0.00035242434,0.0012940519,2.8437393e-05,0.019969808,4.521153e-05,0.2708905,0.00030366945,1.3570874e-05,0.0018282015,0.027159732,0.0033458285,0.9999552,0.041922178,2.2510168e-05,0.00015408456
0.00028148794,0.06597371,0.046213757,0.0048987186,0.006145284,0.0037867618,0.052992433,0.0029003571,0.0693198,0.32582226,0.0019185782,0.005508621,0.00027294274,0.044311542,0.00039654496,0.28392202,0.0017143241,0.00016235806,0.0069926316,0.05337087,0.011107182,0.99961853,0.075314045,0.0002263271,0.0010539939
0.00027791355,0.066065766,0.046277285,0.004881316,0.0060811066,0.0037565466,0.052770793,0.0028832664,0.06918601,0.32536942,0.001902016,0.005478407,0.00027007796,0.044059232,0.00039237586,0.28460518,0.0017013459,0.00016023795,0.0069504734,0.053096805,0.01110682,0.99962103,0.074991025,0.00022504869,0.0010484438
3.4117547e-05,0.035435796,0.02426191,0.0014202029,0.0018206683,0.00086985173,0.02537466,0.0007055195,0.041077577,0.27772745,0.00040300566,0.001454515,3.4276592e-05,0.021302078,5.3256073e-05,0.27304953,0.0003497761,1.6334108e-05,0.0020198517,0.02847841,0.003713752,0.9999473,0.043754667,2.7160426e-05,0.0001798873
2.837141e-06,0.016484007,0.010763675,0.00030605745,0.00041895715,0.00015206492,0.010647176,0.00012786801,0.020956881,0.23018105,6.164437e-05,0.00029206564,2.7890271e-06,0.008491142,4.88938e-06,0.2511627,5.085049e-05,1.0754717e-06,0.00045599721,0.013100978,0.0009552789,0.999995,0.022622414,2.099565e-06,2.1669006e-05
5.5253317e-05,0.041894574,0.028803421,0.0019430454,0.0023321074,0.0012557948,0.03009921,0.0010048227,0.046991196,0.28948116,0.00057907746,0.0020175606,5.5301658e-05,0.024913603,8.354686e-05,0.27995884,0.0005071522,2.7936168e-05,0.0026657397,0.03229293,0.004942901,0.9999163,0.049567647,4.5939378e-05,0.00027885233
6.880597e-05,0.04464388,0.03071792,0.0021360402,0.0028040744,0.0014203064,0.03227267,0.0011188644,0.049953103,0.29493508,0.00069662515,0.0022598398,6.7098066e-05,0.027496781,0.00010344669,0.27240258,0.00058731006,3.502305e-05,0.0031154617,0.034268152,0.0054767234,0.99989796,0.0531994,5.6678768e-05,0.00032815099
2.2994795e-05,0.03201911,0.021557953,0.0010974862,0.0014434259,0.0006578398,0.022425415,0.0005310129,0.03734952,0.27075207,0.000300036,0.0011135102,2.2459864e-05,0.018480178,3.623888e-05,0.26880005,0.00025401154,1.0639739e-05,0.0016097926,0.025100939,0.0029964237,0.99996376,0.03971595,1.8099725e-05,0.00012863579
4.2264743e-05,0.03895412,0.026544943,0.0015789835,0.0020683105,0.0010084747,0.027444104,0.00080933975,0.04376822,0.28325787,0.0004764446,0.0016733228,4.112406e-05,0.022713628,6.4889784e-05,0.2725232,0.00040370165,2.0341215e-05,0.002338273,0.029795801,0.0042317603,0.9999348,0.046339806,3.4562523e-05,0.00021631931
0.00015006932,0.055142228,0.038083233,0.003427331,0.0043139034,0.002440968,0.042651735,0.0019088254,0.059600234,0.3104918,0.0012046765,0.0036958312,0.00014921023,0.036208127,0.0002182127,0.28172186,0.001084216,8.217736e-05,0.004812492,0.045020238,0.008072668,0.99978775,0.064251155,0.000119829405,0.00062289246
0.00013353392,0.053340115,0.037099436,0.0032044142,0.0040114457,0.002252208,0.04094087,0.0017700815,0.05806083,0.30735135,0.0011119271,0.0034674988,0.00013302987,0.034619723,0.00019607306,0.2821492,0.0009916967,7.228294e-05,0.004526618,0.04317759,0.007660048,0.99980897,0.062266864,0.00010827698,0.0005683944
0.000801225,0.08871,0.062450998,0.009144174,0.011367838,0.0078028133,0.07455068,0.0058973525,0.08869879,0.34823126,0.0041608545,0.010666128,0.0007821558,0.06370475,0.0010628485,0.28853792,0.0038353847,0.00049747684,0.012705327,0.07273258,0.019317506,0.99898523,0.098349705,0.00064827746,0.0025421628
8.2115315e-05,0.047103807,0.032503344,0.0023767846,0.0030587837,0.0016003532,0.034517165,0.0012719169,0.051995758,0.29783717,0.00078702706,0.0025402857,8.069293e-05,0.029065743,0.0001232235,0.27718017,0.0006770464,4.236643e-05,0.0034528375,0.0366452,0.0060168905,0.99987805,0.055136207,6.768783e-05,0.00037969789
0.00364576,0.13868928,0.102982245,0.022258975,0.026176076,0.02211695,0.12012545,0.016301217,0.12876509,0.38276717,0.013149266,0.027529001,0.0034026625,0.1012694,0.004548167,0.30047268,0.0119281085,0.0025727958,0.031587113,0.10890981,0.044015408,0.9955188,0.14195584,0.003286122,0.009618006
1.8721104e-05,0.029591598,0.019899514,0.0009762574,0.00128983,0.0005665646,0.020625636,0.00046583542,0.03500831,0.26553962,0.00025577855,0.0009863502,1.8730569e-05,0.017233979,2.9965327e-05,0.26783496,0.0002210797,8.45783e-06,0.0014141789,0.024016479,0.002669411,0.9999701,0.037469115,1.4547445e-05,0.0001068256
8.759843e-06,0.023389878,0.015563917,0.00061281095,0.0008209884,0.00033312055,0.015803492,0.0002770173,0.02852616,0.25076145,0.0001442153,0.0006045861,8.721316e-06,0.013033378,1.4426903e-05,0.2613762,0.00012248477,3.686382e-06,0.0008976386,0.018890895,0.0017623563,0.99998546,0.03059854,6.672654e-06,5.6144156e-05
4.2507086e-06,0.01872373,0.012318207,0.0003899762,0.0005290068,0.00020191852,0.012336687,0.00016817453,0.023434509,0.23725662,8.3121544e-05,0.000379123,4.152107e-06,0.009835571,7.170413e-06,0.2549212,6.919313e-05,1.6696551e-06,0.0005811482,0.014910447,0.0011837567,0.9999927,0.025208136,3.1676739e-06,3.0421326e-05
4.189679e-06,0.018644188,0.012246985,0.00038654197,0.00052749325,0.00019906086,0.012272044,0.00016672495,0.023336038,0.2371538,8.2304956e-05,0.00037479185,4.1120506e-06,0.009821617,7.1035697e-06,0.25488913,6.864527e-05,1.6469583e-06,0.0005771366,0.014895033,0.0011745275,0.99999285,0.0251158,3.116726e-06,2.9982135e-05
1.565713e-05,0.027903808,0.018722838,0.0008707133,0.0011554159,0.0005022462,0.0194149,0.00041095566,0.03326883,0.26230404,0.00022238708,0.0008755862,1.5567084e-05,0.016091356,2.511158e-05,0.26551968,0.00019107989,6.962236e-06,0.0012673101,0.022667082,0.002398414,0.99997497,0.03567303,1.2018103e-05,9.177799e-05
0.00027410843,0.0666991,0.047202975,0.0050163805,0.0058740387,0.0038032094,0.052290834,0.002933583,0.0697547,0.323436,0.0018957179,0.0055104834,0.00027244564,0.043602537,0.00038600437,0.2899011,0.0017072138,0.00015913024,0.006870184,0.052326318,0.011482618,0.99962115,0.0746121,0.00023135397,0.0010777685
6.535947e-05,0.043726698,0.029875267,0.0020938134,0.0025914821,0.001373467,0.032610256,0.0010871431,0.04851591,0.29301515,0.000649354,0.002181681,6.5311186e-05,0.027054675,9.935413e-05,0.27988008,0.00057699025,3.3669312e-05,0.0029675514,0.03524125,0.005237403,0.999902,0.051705297,5.249395e-05,0.00031326053
4.197662e-05,0.038088243,0.025827311,0.0016092776,0.0020162659,0.001006204,0.027937656,0.00080486864,0.043254998,0.2832165,0.00046543265,0.0016368929,4.2192412e-05,0.02320047,6.503188e-05,0.2764463,0.0004120794,2.0794825e-05,0.0022718972,0.030962566,0.0041190987,0.99993575,0.046175823,3.3091525e-05,0.00021480415
1.6772434e-05,0.029221037,0.0196193,0.0009103739,0.0012039876,0.0005272892,0.020010281,0.00042963395,0.034390535,0.26537606,0.00023868619,0.0009121214,1.648682e-05,0.016638564,2.6824762e-05,0.26573348,0.00020044437,7.5374655e-06,0.001340141,0.0226525,0.0025506043,0.99997306,0.03646313,1.3271816e-05,9.913988e-05
0.00037619975,0.073415,0.05169488,0.005901228,0.007313436,0.0046514547,0.05790045,0.0035486743,0.07548849,0.33394107,0.0024463118,0.006644061,0.0003657678,0.049305756,0.00052408606,0.28493315,0.0021539754,0.0002234172,0.008408798,0.057095855,0.013443525,0.99948955,0.08143566,0.0003183423,0.0013858053
0.00019197327,0.06055302,0.04213238,0.003962974,0.0049752584,0.0029162422,0.04623621,0.0022526712,0.064159796,0.31861565,0.0014838377,0.0043364074,0.00018762202,0.03930433,0.00027640996,0.28137255,0.0012932689,0.00010778221,0.005674031,0.04698444,0.009416236,0.99972934,0.06878017,0.00016055653,0.00078472885
0.0086297,0.17299692,0.13251448,0.036795687,0.043319236,0.039114717,0.15623546,0.02932277,0.15777774,0.4019059,0.024797384,0.045954738,0.007965958,0.13284694,0.010259442,0.30518666,0.02271129,0.0064988085,0.051390238,0.13665804,0.0675289,0.98998815,0.17525034,0.007855882,0.019658623
0.0032052915,0.13396981,0.09891529,0.020608917,0.024411658,0.020264123,0.115546025,0.014945666,0.12497587,0.38092,0.011917593,0.02526776,0.002988832,0.09749461,0.0039913547,0.29785985,0.010763436,0.0022433545,0.029187527,0.1043496,0.04107744,0.9960836,0.13794316,0.002859563,0.0085789645
0.0071662655,0.16349217,0.1234638,0.033050194,0.03882138,0.03425289,0.14900337,0.02583123,0.1496457,0.39667836,0.02121539,0.04105257,0.0067142285,0.12616408,0.008634274,0.3047571,0.01993871,0.0052985917,0.04578649,0.13277455,0.060476102,0.99163485,0.16653343,0.006289348,0.016494656
3.4556328e-05,0.03613857,0.024504349,0.0014232851,0.0018897419,0.0008743635,0.02538728,0.0007055188,0.041922554,0.27957466,0.00041678737,0.0014461661,3.4180008e-05,0.02160571,5.374771e-05,0.26944783,0.00035101135,1.6594273e-05,0.0020552082,0.028178886,0.00379575,0.9999465,0.04461283,2.785102e-05,0.00018291657
0.00035231028,0.07154239,0.049837153,0.0056506847,0.006985556,0.004443694,0.056723416,0.003402436,0.0732907,0.33096808,0.0022747805,0.0064271283,0.00034432413,0.04794615,0.00049130444,0.2854658,0.0020688223,0.00020733535,0.008005747,0.057284962,0.012755291,0.99952054,0.07960832,0.00029145842,0.001286768
6.732367e-08,0.0050393855,0.0030276105,2.9914021e-05,4.4083463e-05,1.1165349e-05,0.0027782933,9.634074e-06,0.0072772414,0.17347872,3.6409824e-06,2.5826586e-05,6.442905e-08,0.0020830294,1.3283538e-07,0.21616758,2.823093e-06,1.7959271e-08,4.730893e-05,0.003898213,0.00012451307,0.9999999,0.008092906,4.472781e-08,9.02733e-07
3.689445e-07,0.0086607635,0.005424488,8.7030334e-05,0.0001230686,3.6518184e-05,0.0050970055,3.1524964e-05,0.011806943,0.19652048,1.3233383e-05,7.841388e-05,3.614784e-07,0.0039561214,6.8700035e-07,0.23383819,1.0628725e-05,1.14736004e-07,0.00013296673,0.0068250117,0.00031724464,0.9999993,0.012925381,2.5984028e-07,3.845291e-06
3.034151e-08,0.0039045562,0.0022958827,1.8250048e-05,2.7210253e-05,6.407686e-06,0.0020832187,5.5383707e-06,0.0057848026,0.1629703,1.988299e-06,1.5406249e-05,2.9017583e-08,0.0015415363,6.164525e-08,0.20878163,1.530846e-06,7.527131e-09,2.911716e-05,0.0030116318,8.0795326e-05,0.9999999,0.006460521,1.969245e-08,4.582625e-07
5.3328586e-06,0.020053321,0.013253512,0.00044842588,0.00060714094,0.00023651976,0.013354751,0.00019685965,0.024890184,0.24125472,9.8906254e-05,0.0004395857,5.2340283e-06,0.0107015455,8.954722e-06,0.257598,8.260761e-05,2.1283495e-06,0.0006667973,0.016047705,0.0013401539,0.99999094,0.026811173,3.9949623e-06,3.6873094e-05
0.000638323,0.083695285,0.05875887,0.0080362735,0.009915781,0.006664573,0.069224864,0.005059559,0.0843467,0.34425423,0.0035261803,0.009218816,0.00062345044,0.05897808,0.00086093514,0.28809193,0.003240836,0.0003928774,0.011189399,0.06825381,0.017250124,0.99917114,0.09259795,0.00052020827,0.0021074254
0.004289998,0.14161474,0.105205305,0.024159897,0.029321356,0.024436314,0.12708275,0.018213935,0.13297528,0.38759375,0.014593896,0.029876664,0.0039937957,0.107595816,0.005199671,0.29687452,0.01330007,0.0030468109,0.03393203,0.113158904,0.046424877,0.9950067,0.14818649,0.0036812555,0.010604104
0.00065270055,0.08532253,0.06041819,0.008165392,0.009890814,0.0067899027,0.06980503,0.0051749065,0.08504836,0.34443745,0.0036002195,0.009473369,0.00063831446,0.05905457,0.00088561245,0.29025543,0.003309971,0.00040324221,0.011483711,0.06829221,0.01775721,0.9991387,0.092554666,0.0005478217,0.002181537
0.0003873803,0.07246731,0.050717637,0.0060402006,0.0074101556,0.004739996,0.058837306,0.0036414582,0.07490782,0.3330694,0.0024461523,0.006766363,0.00038419943,0.04999258,0.0005386372,0.2870553,0.0022289632,0.00022973724,0.0083630355,0.05897379,0.013329713,0.99948263,0.081625514,0.00031538788,0.001395392
0.00032342935,0.06907777,0.048221976,0.005423161,0.0066882055,0.0041805147,0.055229906,0.0032210585,0.07184987,0.32885188,0.0021472364,0.006069566,0.000320214,0.046920832,0.0004542488,0.2860243,0.0019456382,0.0001888702,0.007563306,0.055924535,0.01218881,0.9995615,0.07801222,0.00026484343,0.0011994758
3.0445826e-06,0.016924582,0.0110814115,0.0003193524,0.0004442069,0.00015838728,0.010857037,0.00013364869,0.021569436,0.2309563,6.577915e-05,0.0003040371,2.9803584e-06,0.008781212,5.192361e-06,0.2512081,5.391023e-05,1.146994e-06,0.0004786286,0.013318096,0.0010079008,0.99999464,0.023060214,2.2761496e-06,2.300517e-05
1.90408e-06,0.014631253,0.009505293,0.00024001734,0.00033647032,0.000113959046,0.009151492,9.711374e-05,0.018963799,0.2227392,4.6276182e-05,0.00022505985,1.8663598e-06,0.0073774476,3.3036017e-06,0.24698466,3.7688456e-05,6.8547024e-07,0.0003609503,0.011434023,0.00078698876,0.99999654,0.02028513,1.414526e-06,1.5481039e-05
4.3701977e-05,0.03873998,0.026352396,0.0016308291,0.0021517272,0.0010289792,0.027643194,0.0008262084,0.044402763,0.2842909,0.00049193774,0.0016784988,4.301811e-05,0.023453295,6.6982284e-05,0.27152857,0.0004186386,2.130306e-05,0.0023581514,0.03030687,0.00426619,0.99993336,0.047196407,3.5059376e-05,0.0002217261
4.810544e-05,0.039802246,0.027147928,0.0017367572,0.0022403682,0.0010992913,0.028840235,0.00088414917,0.045214646,0.2855213,0.00052247505,0.0017881148,4.786931e-05,0.024249071,7.3832794e-05,0.27505943,0.00045322458,2.372772e-05,0.0024841453,0.031640045,0.0044802274,0.9999268,0.048050422,3.841004e-05,0.00024066308
3.9854604e-05,0.037360333,0.025555037,0.0015522594,0.0019932324,0.0009663215,0.026900375,0.00078188226,0.04271573,0.28044835,0.00045178478,0.0016138494,3.9907052e-05,0.022520766,6.185535e-05,0.27413592,0.0003934441,1.9340598e-05,0.002228729,0.030005952,0.004049616,0.9999387,0.045559518,3.195559e-05,0.0002044683
0.0003569618,0.07239396,0.051078033,0.0056773485,0.007154621,0.0044824122,0.05656083,0.0034138265,0.07475025,0.33237222,0.002367679,0.0064422614,0.00034332994,0.048164606,0.0004961076,0.2829795,0.0020530948,0.0002093293,0.008197236,0.055747185,0.013132132,0.9995159,0.08054738,0.00030360548,0.0013240982
0.00010678385,0.051508054,0.035592128,0.0027566468,0.0035589698,0.0019424019,0.037685927,0.0015088761,0.05576953,0.30461526,0.0009656174,0.0030207913,0.00010255272,0.031497356,0.0001570731,0.27584785,0.0008143655,5.635018e-05,0.0040643876,0.03887865,0.006968486,0.9998443,0.059456337,9.0112495e-05,0.00047838848
0.0010681028,0.09817999,0.07072587,0.010783637,0.0131341275,0.009561129,0.08170705,0.0071249427,0.09646847,0.35682392,0.0052613313,0.0127739245,0.0010128379,0.0688776,0.0014020691,0.29053393,0.0046953363,0.0006863124,0.015397174,0.07677413,0.023037752,0.998637,0.10524408,0.0009140077,0.0033408531
0.000118701115,0.05229457,0.036138505,0.0029108978,0.0037049444,0.0020873195,0.03956733,0.0016195248,0.056301802,0.30577028,0.0010150592,0.0032435313,0.00011384338,0.032367457,0.00017447027,0.27959797,0.00088293984,6.329187e-05,0.0042800554,0.04110702,0.007164417,0.99982834,0.06051536,9.690394e-05,0.00051123503
2.2665714e-05,0.03175925,0.021457752,0.0011011872,0.001435617,0.0006495991,0.022128886,0.00053340424,0.03696243,0.26968682,0.00029760782,0.0011261324,2.2614715e-05,0.01839701,3.6077126e-05,0.26964083,0.00025534825,1.0428281e-05,0.0016015772,0.025127733,0.003007324,0.9999639,0.0392459,1.811043e-05,0.0001269027
1.844377e-05,0.029674115,0.020148976,0.0009830751,0.0012697453,0.00056868134,0.020454554,0.00046535282,0.035142913,0.26552433,0.00025751957,0.0009902102,1.8466262e-05,0.017048713,2.9584815e-05,0.26869214,0.00021865821,8.372817e-06,0.0014141862,0.023452837,0.0027117466,0.9999702,0.037291855,1.4846535e-05,0.00010781912
2.9922971e-06,0.016763933,0.011079796,0.00031856514,0.0004290344,0.00015870082,0.010753764,0.0001336287,0.02125174,0.23103708,6.4625296e-05,0.0003063976,2.963718e-06,0.008710392,5.12314e-06,0.25187516,5.300866e-05,1.136645e-06,0.00047383897,0.013144756,0.0009962165,0.99999475,0.022874387,2.2727377e-06,2.2940456e-05
1.2010771e-05,0.02601111,0.017307328,0.0007522215,0.0009846181,0.00041669226,0.017839478,0.0003439124,0.031184012,0.25748852,0.00018354657,0.0007359634,1.2038293e-05,0.014772583,1.9601837e-05,0.26519555,0.0001574295,5.267403e-06,0.0010826916,0.020934368,0.0021052554,0.99998033,0.033326056,9.252886e-06,7.414762e-05
2.6097846e-06,0.016063463,0.010534572,0.00029202862,0.000395994,0.00014368478,0.010270731,0.00012128823,0.020455644,0.2284994,5.8114932e-05,0.00027969878,2.5813558e-06,0.008278963,4.4871504e-06,0.25050864,4.778065e-05,9.795195e-07,0.00043562267,0.0126824565,0.0009215952,0.99999547,0.022061015,1.962404e-06,2.031696e-05
1.5814041e-06,0.01391245,0.009008506,0.00021771081,0.0002913645,0.00010134695,0.0086405175,8.625049e-05,0.017933,0.22055952,4.0272458e-05,0.0002033085,1.5694477e-06,0.0069329003,2.7862598e-06,0.24849698,3.2906202e-05,5.732685e-07,0.0003236684,0.010873514,0.00071611156,0.99999714,0.01924164,1.1977265e-06,1.3432446e-05
2.3232278e-05,0.031752508,0.021730663,0.0011303562,0.0014428418,0.0006656151,0.022279382,0.00054574176,0.0371872,0.26892033,0.0003030725,0.001147067,2.3426079e-05,0.018498288,3.701786e-05,0.27153215,0.0002605802,1.0785061e-05,0.0016200591,0.025282016,0.003062099,0.99996305,0.03947513,1.8684503e-05,0.00013103816
6.2904837e-06,0.021451054,0.014312019,0.0005146818,0.0006653366,0.00026908173,0.0140145,0.0002257086,0.026366968,0.24541251,0.000114154485,0.0004962599,6.3298894e-06,0.011459189,1.0567356e-05,0.2611585,9.5644114e-05,2.610198e-06,0.00073640957,0.016663954,0.0015262448,0.9999893,0.028015155,4.9563637e-06,4.3823173e-05
0.0011650088,0.09949964,0.070954226,0.011457649,0.013923647,0.010077049,0.084131464,0.0076357285,0.097475685,0.35827434,0.0055367844,0.013506032,0.0011317849,0.07189761,0.0015286403,0.29223692,0.005126739,0.0007524764,0.015945926,0.080614656,0.023805818,0.9985261,0.107291125,0.00097127527,0.003523753
6.745329e-05,0.04403769,0.030141722,0.002121615,0.0027436998,0.0013941833,0.032310255,0.0011076825,0.049426246,0.29310176,0.0006756429,0.0022151952,6.662491e-05,0.027325405,0.000101805206,0.27577642,0.00058423245,3.435841e-05,0.0030398373,0.03485802,0.0053602904,0.9998995,0.052713543,5.4288586e-05,0.00032028512
3.105002e-05,0.034731694,0.023842955,0.001350904,0.0017157821,0.00081685797,0.024596637,0.000666995,0.040231846,0.27567267,0.0003776534,0.0013784432,3.134961e-05,0.02055535,4.8976974e-05,0.27348086,0.0003262519,1.48346335e-05,0.0019222577,0.027543148,0.0035815646,0.99995124,0.04263915,2.5145871e-05,0.00016791096
2.1747893e-07,0.007421878,0.0045669004,6.18589e-05,9.344896e-05,2.4774592e-05,0.0041840617,2.1552976e-05,0.010348374,0.18927884,9.03696e-06,5.5034667e-05,2.0736928e-07,0.0032801337,4.0694198e-07,0.22390257,6.988046e-06,6.3186256e-08,9.7842676e-05,0.005599393,0.00024263526,0.9999995,0.011238815,1.5215134e-07,2.4324527e-06
0.0004327352,0.07476742,0.052488927,0.006399994,0.0079377685,0.005095221,0.060856402,0.003918824,0.07670373,0.33470517,0.0026456849,0.007293278,0.00042796644,0.051724132,0.0005979451,0.2864796,0.002418422,0.00025768043,0.008951126,0.06087162,0.014116148,0.99942625,0.083789885,0.00035230475,0.0015230558
2.276365e-05,0.032074295,0.021676796,0.0010875164,0.0014486394,0.00065465487,0.022178808,0.00052713184,0.03741468,0.27112,0.00030173158,0.001114382,2.2038379e-05,0.018338325,3.5835455e-05,0.26679468,0.00025079408,1.0435284e-05,0.0016139615,0.024622677,0.003011862,0.999964,0.039712682,1.8259014e-05,0.0001281264
0.00019922358,0.060145475,0.042052954,0.0040718135,0.0050355378,0.0029767402,0.046941243,0.002323428,0.06408165,0.3164762,0.001496912,0.0044688783,0.00019812374,0.039758142,0.00028728347,0.28496605,0.0013464976,0.00011172274,0.0057319994,0.048594944,0.009502888,0.9997204,0.06887651,0.00016295395,0.00079839054
0.00010582773,0.050104532,0.034407314,0.002788116,0.0035276301,0.0019111373,0.03780472,0.001509987,0.05477358,0.30264348,0.0009332858,0.0029774932,0.00010538524,0.032011773,0.00015695901,0.27956697,0.00083308463,5.6319448e-05,0.0039427113,0.040491413,0.0067613465,0.9998462,0.058837064,8.516731e-05,0.00046527694
0.0020791325,0.11712947,0.085298054,0.015925638,0.01908808,0.014966041,0.101491876,0.01118816,0.11166309,0.37021282,0.008479003,0.019415902,0.001968358,0.08510045,0.0026502018,0.29572937,0.007812213,0.0014006516,0.022485748,0.094174065,0.032127853,0.99743015,0.123195484,0.0017708441,0.0057847532
2.1678472e-05,0.031242216,0.020958694,0.0010757513,0.0014130675,0.00062848686,0.021839082,0.00051395776,0.036775123,0.26882854,0.00028695064,0.0010684198,2.1622005e-05,0.018265467,3.4339577e-05,0.26859677,0.00024637752,9.947001e-06,0.0015393023,0.024842499,0.0029065346,0.99996567,0.03905918,1.689231e-05,0.00012226946
2.961054e-06,0.016816815,0.010935857,0.00031592086,0.00043808526,0.00015610526,0.010753458,0.00013102418,0.021481358,0.23093325,6.465488e-05,0.0002970477,2.9046573e-06,0.008714106,5.0746503e-06,0.251252,5.2899843e-05,1.1256183e-06,0.000468048,0.013255132,0.0009941374,0.99999475,0.023119774,2.205893e-06,2.261942e-05
1.421615e-06,0.0133640915,0.008566187,0.0002023649,0.0002821653,9.329581e-05,0.008247534,7.949171e-05,0.017494692,0.21829961,3.7273443e-05,0.00018563098,1.4056961e-06,0.006642535,2.5163965e-06,0.24589467,3.0370484e-05,5.039224e-07,0.000300549,0.0105492,0.0006715533,0.9999974,0.018895093,1.0470396e-06,1.2163351e-05
1.5174925e-05,0.027943887,0.018633801,0.00086116855,0.0011305575,0.00048939907,0.019397205,0.00040140888,0.033228125,0.26133782,0.00021716082,0.0008525898,1.5101039e-05,0.016007388,2.435836e-05,0.2664674,0.0001874273,6.7593037e-06,0.0012425582,0.022536153,0.0023804996,0.99997556,0.035402354,1.1660643e-05,8.978535e-05
0.00014536342,0.05486901,0.038108855,0.0033594174,0.0042778756,0.0023893428,0.0420414,0.0018601808,0.059656426,0.3104618,0.0011925293,0.0036094224,0.00014303083,0.035823178,0.00021138471,0.2798358,0.0010473337,7.885713e-05,0.0047610076,0.043614313,0.00799633,0.9997943,0.063982524,0.00011740545,0.00061217876
3.1430885e-05,0.035073586,0.023756407,0.0013397442,0.0017810498,0.0008179648,0.02456778,0.0006597105,0.040765833,0.27699062,0.00038649762,0.0013642106,3.1019303e-05,0.020845804,4.9030063e-05,0.26906356,0.00032576086,1.4922363e-05,0.001942537,0.027453728,0.0035935238,0.9999511,0.04348289,2.5240099e-05,0.00016851354
3.975947e-05,0.037517063,0.025742374,0.0015534941,0.0019449375,0.0009740999,0.027190413,0.00078044704,0.04280119,0.2813967,0.00045089802,0.0016106465,3.955774e-05,0.022506876,6.148744e-05,0.27586502,0.0003915876,1.9416662e-05,0.0022222924,0.029792672,0.0040422026,0.99993896,0.04536822,3.21083e-05,0.00020657918
8.748089e-05,0.047533017,0.032898724,0.0024963194,0.0030879858,0.0016814155,0.035745647,0.0013319693,0.052355587,0.298322,0.0008118443,0.002657018,8.731138e-05,0.029838786,0.00013136971,0.2814572,0.0007186315,4.5927853e-05,0.003544561,0.0380527,0.0061598453,0.9998709,0.055635475,7.144442e-05,0.00040119523
0.000100772704,0.048789117,0.03379396,0.0027186454,0.0034145506,0.0018515879,0.0371823,0.0014597588,0.053989414,0.30098534,0.0008990904,0.00287311,0.000101094265,0.03149709,0.00014994059,0.28031605,0.0008015201,5.3513115e-05,0.0038087056,0.03996925,0.0065538124,0.99985397,0.058035016,8.0390244e-05,0.00044802725
9.717145e-05,0.048795536,0.033763926,0.0026426192,0.003328576,0.0018047643,0.03684675,0.0014237609,0.053732656,0.30039504,0.0008785186,0.0028328463,9.623786e-05,0.030858157,0.00014438812,0.27989733,0.00077454105,5.105413e-05,0.003768506,0.03914416,0.0064817965,0.9998584,0.05731153,7.872752e-05,0.00043404775
5.6244793e-05,0.042066365,0.028873535,0.0018901872,0.0024306872,0.0012333603,0.030568326,0.0009793773,0.047174156,0.29075846,0.00059114496,0.0019829965,5.5103515e-05,0.025544992,8.5534135e-05,0.27467307,0.0005053363,2.8186001e-05,0.0027568382,0.032654494,0.0048748483,0.99991524,0.049965054,4.578281e-05,0.000276091
0.001009236,0.09473979,0.06718583,0.010528633,0.012725117,0.009128272,0.081383504,0.00686539,0.093844615,0.354717,0.0049135773,0.012140992,0.0009854772,0.06908311,0.001327234,0.2922154,0.0045784255,0.00064416433,0.01445717,0.07793308,0.021705855,0.9987357,0.103535965,0.0008138927,0.0031137578
0.0009636126,0.09358899,0.06617659,0.01024278,0.012424037,0.00885324,0.08010359,0.0066618877,0.0928094,0.3535384,0.0047476236,0.011808312,0.0009409367,0.067975834,0.001269055,0.29172763,0.004418368,0.0006117929,0.014069104,0.07686719,0.021201037,0.9987907,0.10245582,0.0007759117,0.0029926696
0.0011928595,0.10075897,0.07253957,0.011587621,0.014154283,0.01027138,0.08468451,0.0077181207,0.09901184,0.3602756,0.0057223192,0.013600088,0.0011440886,0.07233314,0.0015586391,0.29036,0.0051384554,0.0007746318,0.016327878,0.07927041,0.024307529,0.998497,0.108311504,0.0010139187,0.0036490038
4.1386713e-05,0.0380798,0.02600423,0.0015779736,0.00207983,0.0009919655,0.027166978,0.00079429016,0.04366023,0.2831889,0.0004723578,0.0016265676,4.0732433e-05,0.022964597,6.3697495e-05,0.2709706,0.00040067642,2.0025915e-05,0.002289492,0.029717593,0.0041531245,0.9999368,0.046390172,3.326485e-05,0.0002123819
0.0005203092,0.081721954,0.05813701,0.007054093,0.008811316,0.005858294,0.06394056,0.004405324,0.08215587,0.34131542,0.0031628413,0.008265545,0.00049265404,0.053850133,0.0007118895,0.2845151,0.0027081217,0.00031592717,0.010352395,0.061389104,0.016254831,0.99929965,0.08867805,0.00045882957,0.0018461847
2.2037499e-05,0.03140971,0.021199327,0.0010699909,0.0014048852,0.00063680427,0.022059452,0.0005190592,0.036612306,0.26870915,0.0002883864,0.0010980044,2.1685171e-05,0.01804379,3.5023186e-05,0.2689861,0.0002468567,1.0103122e-05,0.0015684369,0.024925495,0.002917217,0.9999651,0.039038423,1.7305316e-05,0.00012299388
0.0033725628,0.13475169,0.09944088,0.021249196,0.025590796,0.020830125,0.116960585,0.015626917,0.12617236,0.3819209,0.012362756,0.02613764,0.0031788961,0.09985866,0.004184719,0.2975888,0.011294962,0.0023521876,0.029822094,0.106144294,0.04202604,0.995934,0.1395636,0.00296654,0.008832306
0.00039533127,0.07428927,0.052352615,0.0060454905,0.007548652,0.0048033795,0.05877582,0.0036635222,0.076414466,0.33491838,0.0025338263,0.006846154,0.00038218242,0.05010029,0.00054719,0.28455788,0.0022288826,0.00023439762,0.008646584,0.0578395,0.013734909,0.9994673,0.082499735,0.00033299768,0.0014364066
0.0044975686,0.14493412,0.10755406,0.025149377,0.030166473,0.02524831,0.12847002,0.018993713,0.13449371,0.38801745,0.015148589,0.030935138,0.0042476654,0.109655984,0.0054891054,0.29939023,0.014042063,0.0032020526,0.034888584,0.11527381,0.04819643,0.9946966,0.14942706,0.003916544,0.0111926235
0.0004134623,0.07645945,0.05369995,0.006193008,0.0076531824,0.004983003,0.059712984,0.0037771426,0.077315815,0.3358322,0.0026214807,0.007099355,0.00039602135,0.05028114,0.0005718077,0.2858638,0.002299457,0.00024553633,0.008947336,0.058462556,0.014236732,0.99943656,0.0833728,0.000355452,0.001507679
0.0002943203,0.06949373,0.048539013,0.0050679143,0.006305975,0.003936024,0.05332413,0.003006013,0.07128814,0.32817623,0.002040365,0.005736947,0.00028290256,0.044838384,0.00041461224,0.28404558,0.0017781359,0.00016997884,0.0073476033,0.052960556,0.011925564,0.99959034,0.076579824,0.00025236688,0.0011315903
4.8046613e-06,0.019806357,0.0129820015,0.0004223965,0.00058346585,0.0002185842,0.012773996,0.00018227029,0.0246949,0.23988545,9.357621e-05,0.00040735112,4.668795e-06,0.010431433,8.0351565e-06,0.25437877,7.618569e-05,1.9100762e-06,0.0006325235,0.015283388,0.0013001275,0.9999918,0.026346972,3.6849128e-06,3.413382e-05
0.00011389658,0.05129616,0.035243005,0.0028953834,0.003698141,0.0020154056,0.038804773,0.0015800176,0.056129694,0.3051105,0.0009884312,0.0030840822,0.00011209591,0.032815535,0.0001670451,0.27894822,0.0008694842,6.0632316e-05,0.0041152043,0.040782575,0.0070083067,0.9998363,0.060084242,9.121167e-05,0.000496429
3.8694448e-06,0.01850026,0.012047852,0.00037216995,0.0005120592,0.00018729652,0.011849564,0.0001579752,0.023213029,0.23631,7.910681e-05,0.0003537774,3.7999232e-06,0.0097078765,6.5337977e-06,0.25360462,6.5099084e-05,1.5021748e-06,0.0005531848,0.014371918,0.0011544379,0.9999933,0.024697622,2.928539e-06,2.833774e-05
0.00032557454,0.069991775,0.04887991,0.0054084663,0.0066474644,0.0041969274,0.05543893,0.0032286642,0.072208785,0.3288084,0.0021581016,0.0061106067,0.00031907947,0.046733934,0.0004569723,0.2872029,0.0019514887,0.00018981622,0.007663993,0.056028478,0.012335351,0.9995535,0.07797085,0.00027032552,0.0012092792
0.0009220972,0.09305847,0.06644622,0.009940984,0.0120361885,0.0085892,0.078492165,0.006465036,0.092336774,0.3524848,0.0046531707,0.011646565,0.00088990526,0.066172585,0.0012233183,0.29146028,0.004254005,0.00058594474,0.013979747,0.075285904,0.021012856,0.9988217,0.10105916,0.0007667833,0.0028966912
0.01639192,0.19988684,0.15660004,0.0535934,0.06347787,0.058914483,0.19085032,0.04573456,0.18193974,0.41413,0.038981397,0.06693669,0.015397065,0.16293669,0.01891847,0.31033877,0.037025034,0.012861387,0.072599426,0.16474526,0.090379596,0.9820517,0.20377025,0.014450589,0.032439526
2.3966211e-05,0.032790232,0.022191191,0.0011202435,0.0014961374,0.0006781239,0.02252488,0.0005478324,0.03799781,0.2720087,0.00031434713,0.0011565947,2.3182856e-05,0.01861093,3.7650014e-05,0.2668364,0.0002601976,1.1006221e-05,0.001671919,0.024845367,0.00312044,0.9999621,0.04019466,1.9403706e-05,0.00013423173
3.4589364e-05,0.036537882,0.024939628,0.0013995336,0.0018553769,0.00087539846,0.025568718,0.00070400396,0.041783653,0.27958393,0.00041447647,0.0014627046,3.359766e-05,0.021280695,5.3636137e-05,0.2698909,0.00034557626,1.6420337e-05,0.0020813728,0.027871381,0.0038022883,0.99994624,0.044165194,2.8227292e-05,0.00018303817
2.0167874e-05,0.030340161,0.020407625,0.0010207157,0.0013388041,0.0005984862,0.021378852,0.00048904,0.03571545,0.26737604,0.00026987845,0.0010279107,2.0056113e-05,0.017632425,3.232597e-05,0.26900753,0.0002325542,9.220576e-06,0.0014756437,0.024496922,0.0027608592,0.9999678,0.038234476,1.5585636e-05,0.000114265364
1.6689017e-05,0.028596684,0.019211596,0.00092064816,0.0011961425,0.00052353065,0.01996246,0.0004305105,0.034011,0.2625829,0.000234078,0.00091050396,1.6780272e-05,0.016577445,2.686434e-05,0.26857474,0.00020298193,7.510386e-06,0.0013134856,0.023241589,0.0025120382,0.99997306,0.036287732,1.2895942e-05,9.7720345e-05
6.840023e-05,0.043820724,0.029995745,0.002151113,0.0027420016,0.0014073832,0.03250255,0.0011263894,0.048982818,0.2926356,0.00067328743,0.0022549864,6.861837e-05,0.027448783,0.00010377056,0.2776077,0.0005977699,3.494485e-05,0.0030403347,0.035645466,0.005347901,0.9998981,0.052471954,5.4402604e-05,0.00032144113
3.815161e-05,0.03671063,0.024904545,0.001508481,0.0019527244,0.00093576283,0.026552748,0.0007552555,0.042196237,0.2806004,0.00043487106,0.0015467796,3.8146518e-05,0.02229081,5.918749e-05,0.27305382,0.00038091154,1.8448467e-05,0.0021502422,0.029790675,0.0038981466,0.9999416,0.04513819,2.9855453e-05,0.00019571482
3.5139914e-05,0.03579789,0.024363095,0.0014469002,0.0018516241,0.000883255,0.02588643,0.00071535277,0.04134987,0.27787104,0.00040878443,0.0014661156,3.537082e-05,0.021699682,5.484187e-05,0.27403894,0.00035924758,1.6937382e-05,0.002043957,0.029162655,0.003745444,0.99994564,0.044134554,2.7530336e-05,0.00018366195
1.793122e-05,0.02920793,0.019764053,0.0009583822,0.0012472818,0.00055184605,0.020411815,0.0004536432,0.03470796,0.26423153,0.00024793207,0.00095870096,1.7995973e-05,0.016898174,2.8842454e-05,0.26861742,0.00021340701,8.104727e-06,0.0013768912,0.023519099,0.0026195205,0.99997115,0.03692246,1.4004379e-05,0.00010401408
3.8084254e-05,0.03674498,0.025040021,0.0015043282,0.0019370466,0.000935348,0.026684873,0.0007550382,0.042194705,0.28039488,0.00043499298,0.0015455665,3.798936e-05,0.022191392,5.94287e-05,0.27436337,0.00037918135,1.8467777e-05,0.0021535042,0.029732423,0.0038983424,0.99994135,0.045088485,2.9900471e-05,0.00019628406
0.00011736112,0.05211024,0.035641238,0.0029553599,0.0037867255,0.0020580736,0.039253984,0.0016100393,0.056808002,0.3070539,0.0010191086,0.0031275994,0.000115219016,0.033333797,0.0001718407,0.27797043,0.00088896975,6.279081e-05,0.00420125,0.04094167,0.007165756,0.99983156,0.060817193,9.463608e-05,0.00051124056
0.0002215338,0.062258348,0.043377824,0.0042645275,0.0052783038,0.0032101125,0.049137883,0.0024678574,0.06552947,0.320255,0.0016037365,0.0047284095,0.00021587675,0.04084354,0.0003165274,0.28512916,0.0014377519,0.00012587012,0.0060758726,0.050058786,0.009887243,0.9996917,0.07078158,0.0001794335,0.0008716613
0.0052712527,0.15029359,0.112340875,0.027592005,0.03227506,0.028027121,0.13594805,0.020896968,0.13908786,0.3903821,0.016884357,0.034057785,0.004952136,0.11503563,0.006416069,0.3031724,0.015843324,0.0038235683,0.03822643,0.12266248,0.05163378,0.9937928,0.15458722,0.004572872,0.012734711
0.0007192958,0.08609811,0.060894705,0.008594505,0.0106545715,0.0072250874,0.07185479,0.005512478,0.08642259,0.3461434,0.0038462563,0.010018484,0.00070599304,0.061307225,0.0009641691,0.28843844,0.0035470442,0.0004437797,0.011988674,0.0704229,0.018330337,0.9990772,0.0952156,0.00058621366,0.0023263975
1.8318944e-05,0.029495941,0.019949073,0.0009628999,0.0012918753,0.0005571037,0.020355018,0.00045772677,0.035084426,0.26468974,0.00025453517,0.0009693995,1.8180375e-05,0.017057618,2.9210663e-05,0.2664208,0.00021582037,8.174746e-06,0.0014058073,0.02341978,0.0026756972,0.9999707,0.03732826,1.4394209e-05,0.00010559346
0.00016623759,0.057438876,0.03965989,0.0036301007,0.0046037496,0.0026226067,0.044161964,0.0020443848,0.06164363,0.31383562,0.0013155901,0.003934938,0.00016368728,0.03744406,0.00024032303,0.28132764,0.0011607497,9.169314e-05,0.0051573156,0.045587104,0.008609925,0.9997656,0.06630457,0.00013508703,0.0006851482
0.00019216831,0.059929054,0.04199712,0.0039482694,0.004970599,0.0028950444,0.046339583,0.0022573445,0.06396115,0.31678832,0.0014684951,0.0043297936,0.00018880464,0.03927101,0.00027656078,0.28279334,0.001294256,0.00010702627,0.0056513813,0.04732202,0.009343656,0.9997303,0.06833331,0.00015796407,0.00077739265
0.00040852168,0.07474532,0.052930336,0.006100427,0.007694704,0.004941309,0.059379503,0.003714537,0.07698577,0.33605272,0.0026068822,0.007009681,0.00038724867,0.049982883,0.0005643099,0.28306514,0.0022509538,0.0002432528,0.008859543,0.057790525,0.013917115,0.9994524,0.08349291,0.00034566273,0.0014787657
0.00082808617,0.09133328,0.065139376,0.009342782,0.011523227,0.008005671,0.07493475,0.006029029,0.09092884,0.35187745,0.0043744044,0.010878232,0.0007942383,0.06404416,0.0011012816,0.2880706,0.0038987189,0.0005204391,0.013247108,0.07143793,0.0201843,0.9989335,0.09913651,0.0007025807,0.0026813096
0.53108644,0.514992,0.52014744,0.52173257,0.53442556,0.5187036,0.5411066,0.5449085,0.5134396,0.49187008,0.5257778,0.51218736,0.5523206,0.53930223,0.518232,0.5240251,0.5516094,0.50099313,0.5532592,0.5348064,0.51918375,0.46230003,0.53721035,0.55534625,0.5329094
6.9870766e-05,0.045048006,0.031130519,0.0022530584,0.0027188873,0.0014722063,0.032517422,0.0011708004,0.050140295,0.29547572,0.0006973482,0.0023234023,7.011974e-05,0.02734197,0.000105419014,0.279385,0.00060828956,3.6490575e-05,0.0030814386,0.03460988,0.0056205587,0.99989533,0.05287844,5.852866e-05,0.00034146413
0.0002047436,0.060602475,0.04198396,0.0041274535,0.0051864986,0.0030351286,0.047464624,0.0023482388,0.0647268,0.318509,0.0015301798,0.004462853,0.00020250637,0.04046199,0.00029311562,0.28273654,0.0013642346,0.00011513587,0.0057816855,0.04864946,0.009534447,0.9997161,0.06988948,0.0001646963,0.0008167727
2.8598555e-05,0.034068212,0.023321811,0.0012685697,0.0016289537,0.00076943886,0.024040096,0.0006236456,0.03956402,0.27416414,0.00035579357,0.0012981156,2.8296154e-05,0.019964552,4.470494e-05,0.27251482,0.0003027739,1.34273105e-05,0.0018370207,0.02666473,0.0034256103,0.9999552,0.04175283,2.3074315e-05,0.000156552
5.7866408e-05,0.041775405,0.028869756,0.0019484403,0.0024574741,0.0012590734,0.030747905,0.0010072456,0.047172338,0.28834397,0.00059789163,0.0020405855,5.783198e-05,0.025686048,8.838025e-05,0.27784142,0.000523242,2.909956e-05,0.0027760882,0.033529904,0.0049490705,0.9999126,0.050124574,4.6752757e-05,0.00028176824
0.00027773264,0.06596223,0.046053108,0.0048378212,0.0060634534,0.0037585085,0.052924298,0.0028731287,0.069099165,0.3261118,0.0018986019,0.0054701306,0.00026764174,0.04389324,0.00039006694,0.28376806,0.0016912409,0.00015999124,0.006947515,0.053092185,0.0110431155,0.9996239,0.07514389,0.00022412,0.0010413543
0.00038524283,0.074223705,0.052167617,0.0059547457,0.0073522376,0.0047287643,0.058437496,0.003597819,0.07581965,0.33381122,0.0024784352,0.006757479,0.00037169678,0.049311753,0.0005348251,0.28666285,0.0021899345,0.00022739627,0.008530261,0.057775933,0.013624859,0.99947494,0.08161715,0.00032605446,0.0014122335
0.003637718,0.1340593,0.099091195,0.02210641,0.026516624,0.021839561,0.12173977,0.016266461,0.12690145,0.38377535,0.012814391,0.026934346,0.0034496135,0.10336962,0.0044665225,0.29739508,0.011900132,0.0025616456,0.030534219,0.11008929,0.04218309,0.9957616,0.14183396,0.0030470176,0.009169735
0.0012176133,0.100339,0.0715484,0.01174621,0.014308576,0.010373423,0.08561512,0.007837302,0.09830066,0.35859877,0.005696414,0.013810567,0.0011845519,0.0728965,0.0015912987,0.2918461,0.0052753924,0.0007883643,0.016290262,0.08168693,0.024255205,0.99847466,0.10857107,0.0010066556,0.0036501968
6.368644e-05,0.042687472,0.02935529,0.002020073,0.002619325,0.0013458822,0.031843785,0.0010621586,0.04802479,0.2921009,0.00063851045,0.002154111,6.221991e-05,0.026355566,9.666656e-05,0.27499902,0.00055230834,3.227641e-05,0.0029349043,0.034332033,0.0050756694,0.9999057,0.051737595,5.0434635e-05,0.00030105803
0.0003332994,0.070490375,0.04941909,0.005442392,0.006934936,0.0042433073,0.055441104,0.0032594134,0.07363249,0.3305561,0.0022416369,0.006094069,0.0003221489,0.04731674,0.00046397574,0.2827706,0.0019498318,0.00019439972,0.007830404,0.054966696,0.012549604,0.9995486,0.07938251,0.00027824682,0.0012352295
0.0003320786,0.06909399,0.04838166,0.005478363,0.0068331324,0.004232355,0.055655815,0.0032737292,0.07226487,0.32891124,0.0021769104,0.0061191665,0.00032934948,0.047599167,0.00046536696,0.2857355,0.0019795557,0.00019406561,0.0076465434,0.05650035,0.012228482,0.99955326,0.07864556,0.00026717057,0.0012162714
1.2362308e-06,0.012743168,0.008186563,0.00018281404,0.00025513652,8.423773e-05,0.007925064,7.196746e-05,0.016687302,0.21490493,3.2912543e-05,0.00017030947,1.2097698e-06,0.0062490334,2.184904e-06,0.24508974,2.6946422e-05,4.3041686e-07,0.0002767826,0.010129039,0.0006142828,0.99999774,0.01800777,8.970782e-07,1.0663357e-05
4.401096e-05,0.039401043,0.026879719,0.001610221,0.0021057443,0.0010432921,0.027968638,0.0008271963,0.044291865,0.284641,0.0004919087,0.0017133931,4.2276835e-05,0.022889962,6.742493e-05,0.27264774,0.0004130146,2.1359001e-05,0.0023940757,0.030064844,0.004304257,0.9999324,0.04700937,3.592894e-05,0.00022430363
0.0005427346,0.081101246,0.057531133,0.007317577,0.008887721,0.005989731,0.06583087,0.0045253285,0.08216598,0.34137616,0.0031839074,0.00833974,0.00052584265,0.05560945,0.00074137194,0.28949067,0.0028494773,0.00033098253,0.010353631,0.064134315,0.016202735,0.9992785,0.08878012,0.00045668514,0.0018847235
0.00011611128,0.05220255,0.03634223,0.0029249485,0.003648142,0.0020479711,0.039220963,0.0016046399,0.05657018,0.30522004,0.0010113578,0.0031711962,0.00011372576,0.032734692,0.00017090666,0.28246352,0.0008836157,6.1697596e-05,0.004226826,0.040874645,0.0072312644,0.9998306,0.059829358,9.6235475e-05,0.0005114387
0.00034625342,0.071375966,0.050156754,0.005628087,0.0068894676,0.0043895184,0.056750234,0.0033450013,0.0737808,0.33130357,0.0022804139,0.00627162,0.0003382916,0.048016854,0.0004841697,0.2868701,0.0020315044,0.000204006,0.007957526,0.05640692,0.012774694,0.9995283,0.07937918,0.00028878343,0.001289017
0.00011384838,0.05142394,0.03509851,0.0029113393,0.0036588833,0.002018711,0.03894083,0.0015805427,0.05581543,0.30583492,0.0009866534,0.0031033088,0.0001127477,0.032885883,0.00016789063,0.28018892,0.000880212,6.110038e-05,0.0041109836,0.041466516,0.00702036,0.99983525,0.059990644,9.164795e-05,0.00049534097
0.0020560296,0.11957629,0.08713057,0.015852725,0.0189521,0.015044248,0.10041853,0.011081092,0.1128959,0.37125245,0.008624651,0.01938391,0.0019173622,0.08425465,0.0026221392,0.2943042,0.0076785074,0.0013919113,0.022771074,0.09173127,0.032907918,0.9974195,0.124106124,0.0018404996,0.005919646
0.00039760827,0.0755347,0.053136293,0.0060472754,0.0074907737,0.0048598223,0.05889799,0.0036724727,0.0767839,0.33492106,0.002558369,0.0069305534,0.00037966043,0.049511906,0.00055024226,0.28505254,0.0022253776,0.00023556284,0.0087708635,0.057514116,0.013976894,0.9994584,0.08267586,0.00034305773,0.001461338
0.00021356558,0.06328538,0.04431669,0.0041509834,0.0052340203,0.003144868,0.0477031,0.002415613,0.06605391,0.31962508,0.001610198,0.0047044526,0.00020421346,0.039842352,0.00030415013,0.2831702,0.0013837663,0.00011853395,0.0061249696,0.04808185,0.010130665,0.99969697,0.07030068,0.00018278841,0.00086146855
1.8779503e-05,0.029955322,0.020158844,0.0009757864,0.0012619842,0.0005727887,0.020943912,0.00046637325,0.035038605,0.2666116,0.00025584464,0.000991641,1.8609104e-05,0.017179068,2.9971814e-05,0.2683963,0.00021928789,8.562482e-06,0.001422619,0.023732167,0.002676943,0.9999702,0.037366446,1.4787046e-05,0.00010852672
0.00018118885,0.058883995,0.041237786,0.0038646099,0.004735441,0.0027975794,0.045468573,0.0021888022,0.0627921,0.31426147,0.0013984818,0.0042337677,0.00018017001,0.038260505,0.0002623386,0.28502402,0.0012472004,0.00010086066,0.005442098,0.046842564,0.0091198785,0.99974376,0.067120224,0.00015032267,0.0007435686
8.0727405e-05,0.046126578,0.031601522,0.0022863683,0.0029529624,0.0016034044,0.03474007,0.001238717,0.050908703,0.29815438,0.00075327273,0.0025223803,7.66999e-05,0.028118378,0.00011928787,0.2756635,0.0006503124,4.1406212e-05,0.0033725647,0.0365565,0.0057057696,0.9998832,0.054937005,6.412045e-05,0.0003653865
1.7890872e-05,0.029264906,0.019858217,0.0009645491,0.0012520923,0.00055299577,0.020281158,0.00045448245,0.03479196,0.2641191,0.00024951046,0.0009582412,1.8032963e-05,0.016893083,2.8897712e-05,0.2686718,0.00021365985,8.11434e-06,0.001378268,0.023367185,0.0026422334,0.99997103,0.037013568,1.4127088e-05,0.00010489389
5.3919848e-05,0.041104138,0.028470457,0.001899888,0.0023511627,0.0012125018,0.029844133,0.0009719552,0.046515204,0.28734127,0.00056971214,0.0019553541,5.452835e-05,0.02498165,8.270321e-05,0.2777219,0.00049767154,2.725609e-05,0.002647686,0.03243066,0.004835381,0.9999181,0.049354386,4.4236287e-05,0.0002711647
2.3990975e-05,0.031869497,0.021637224,0.0011511117,0.0014946153,0.0006751691,0.022502586,0.0005526417,0.037548516,0.2696881,0.00030887206,0.0011472978,2.4185178e-05,0.018874843,3.8144444e-05,0.2707215,0.0002682687,1.1150452e-05,0.0016310643,0.025774935,0.0030640985,0.999962,0.03996708,1.8738554e-05,0.00013336723
2.0377463e-05,0.03026759,0.020485153,0.0010428916,0.0013556024,0.00060430437,0.021250352,0.00049381563,0.035888713,0.2664523,0.00027296407,0.0010333857,2.0551408e-05,0.017761264,3.2676173e-05,0.26987863,0.000236964,9.326179e-06,0.0014767739,0.024626166,0.0028004518,0.9999672,0.038372435,1.5828458e-05,0.00011621231
9.920238e-05,0.04938206,0.03448242,0.002707699,0.0033101216,0.0018532983,0.0370438,0.0014686811,0.05409306,0.3000701,0.000891238,0.002910296,9.9057375e-05,0.030666921,0.00014734674,0.2823712,0.000786904,5.2528703e-05,0.0038153203,0.038981073,0.006678304,0.9998547,0.0574179,8.2255996e-05,0.00044995878
0.00047472643,0.07672351,0.05358185,0.0067493096,0.008353195,0.005433564,0.063101515,0.004141051,0.07852733,0.3371836,0.0028173204,0.0076187146,0.00046681293,0.053589907,0.00064900075,0.2870921,0.0025887473,0.00028542266,0.0093691535,0.06281994,0.014701305,0.9993773,0.08605413,0.00038076105,0.0016429025
8.796692e-05,0.04690013,0.03225402,0.0025080887,0.0031821674,0.0016781242,0.03550238,0.0013274697,0.052339047,0.29780018,0.00081012596,0.0026102804,8.818729e-05,0.030058697,0.000131874,0.27929664,0.0007235765,4.6153396e-05,0.0034952727,0.03847457,0.0060650455,0.999871,0.056190543,6.920401e-05,0.0003982218
0.0033857566,0.13180594,0.09653496,0.021288712,0.025794089,0.020728527,0.11911367,0.015665524,0.12474088,0.3808006,0.012113971,0.02576011,0.0032678298,0.10187124,0.0041756677,0.29735106,0.011379817,0.002342281,0.029099984,0.10813444,0.040773507,0.9960538,0.13965319,0.0027993782,0.00861389
3.1616757e-05,0.034525853,0.023011414,0.0013310645,0.0017546455,0.000825803,0.024959411,0.00065983343,0.039882522,0.27747425,0.0003715931,0.001363743,3.126968e-05,0.020764768,4.8695816e-05,0.26894554,0.00032635673,1.4895405e-05,0.001895301,0.028189449,0.003442004,0.9999522,0.043103278,2.391532e-05,0.00016492714
3.4828954e-06,0.017547578,0.01163255,0.00034942778,0.00046994444,0.00017697785,0.011384559,0.00014805459,0.02219962,0.23363811,7.265682e-05,0.00033548745,3.4500154e-06,0.009160403,5.968956e-06,0.25538376,5.9946095e-05,1.3434255e-06,0.0005166868,0.013909866,0.0010810858,0.9999939,0.023880169,2.637671e-06,2.61661e-05
5.030297e-06,0.019765439,0.013067827,0.0004396792,0.0005905159,0.00022587742,0.0130338315,0.00018977078,0.02461768,0.23899904,9.513192e-05,0.00042226285,5.0125877e-06,0.01056671,8.479119e-06,0.25791582,8.000839e-05,2.0102423e-06,0.0006434032,0.015825573,0.0013215245,0.9999913,0.026347827,3.8031749e-06,3.538904e-05
6.170101e-05,0.042938903,0.029635092,0.002020544,0.0026126488,0.0013100253,0.031191578,0.0010541747,0.04838744,0.29111907,0.000636691,0.00210603,6.136723e-05,0.026424112,9.36728e-05,0.2756061,0.0005469668,3.1052987e-05,0.002901702,0.033564903,0.0051832227,0.99990714,0.05121738,5.0286377e-05,0.0002989934
0.0011435384,0.09828271,0.07057684,0.011295628,0.013611601,0.009946692,0.08426819,0.007529036,0.09688122,0.35639307,0.0054176343,0.013327116,0.0011148253,0.07096647,0.0014984288,0.2935469,0.0050067483,0.0007346159,0.015686104,0.08003183,0.023443097,0.9985648,0.10633843,0.0009458646,0.0034756418
0.0061309286,0.15731768,0.119101755,0.030654216,0.035340264,0.03130922,0.14017254,0.023754168,0.14623465,0.3934876,0.019101292,0.037416045,0.005765749,0.11938567,0.0072642635,0.30541584,0.017658288,0.004451645,0.041578528,0.12393979,0.057524152,0.9928548,0.16094448,0.0054688416,0.014773167
0.00019415873,0.059397433,0.04100515,0.0039960817,0.004983253,0.0029168813,0.046801712,0.0022702191,0.06331494,0.31608415,0.001446728,0.0043323636,0.00019352752,0.03950213,0.00027883583,0.2835115,0.0013183306,0.00010879572,0.005564215,0.0487078,0.009200538,0.99973005,0.06849201,0.00015413378,0.0007733459
0.00013943823,0.05464277,0.03748255,0.0032668873,0.00417195,0.002321778,0.041514665,0.0018113995,0.05911982,0.3101218,0.0011569253,0.003519968,0.00013676834,0.035282236,0.00020254518,0.27979824,0.0010166208,7.540487e-05,0.0046441425,0.043237578,0.007845586,0.99980193,0.06353776,0.00011266677,0.00059015583
0.0001214909,0.052297972,0.035927743,0.003103939,0.0037510614,0.0021628868,0.039647073,0.0016818837,0.057056773,0.30768493,0.0010373105,0.0032105336,0.0001219196,0.033275872,0.00017863952,0.28275663,0.0009287215,6.654693e-05,0.0041748234,0.04180227,0.0072853146,0.9998242,0.061323807,9.822156e-05,0.0005383634
0.0016834714,0.11061647,0.079830915,0.014059338,0.016792983,0.012981544,0.09549228,0.00968812,0.106173344,0.36562312,0.007220082,0.016934423,0.0016028084,0.0797653,0.002159996,0.29545024,0.0066718226,0.0011171727,0.019795658,0.08930979,0.028769067,0.99790716,0.11694997,0.0014179811,0.0048403745
7.7176934e-05,0.045910344,0.03147386,0.0022967085,0.0029821042,0.0015309324,0.03381144,0.0012137601,0.051230703,0.29679108,0.0007502682,0.0024096773,7.6118005e-05,0.028706912,0.00011564366,0.2754544,0.0006461137,3.979027e-05,0.00330343,0.036065694,0.0057671815,0.99988604,0.05458974,6.249534e-05,0.0003587298
6.150461e-07,0.010318716,0.006440458,0.00011980232,0.0001723001,5.2002382e-05,0.006091196,4.457408e-05,0.013885028,0.20520158,1.984824e-05,0.0001081015,5.9872116e-07,0.0048618517,1.1109904e-06,0.23609959,1.5844227e-05,2.0195452e-07,0.00018111373,0.008026871,0.00042662307,0.9999988,0.015111761,4.439701e-07,5.9575873e-06
0.00028333714,0.06602456,0.046068456,0.0050051925,0.0062306304,0.003780697,0.052973427,0.002935729,0.0695413,0.32482454,0.0019254569,0.005502144,0.00028198378,0.045163643,0.0003998179,0.2852987,0.0017576799,0.0001635177,0.0069463537,0.054155126,0.011232426,0.9996151,0.07535037,0.00022613943,0.0010627118
0.00013302354,0.053416036,0.037191086,0.0031388826,0.003965258,0.002258522,0.04112445,0.0017590374,0.05783047,0.30736303,0.0010998683,0.0034727857,0.00012966964,0.033831384,0.0001943404,0.2814925,0.0009665659,7.137742e-05,0.0045258766,0.04256684,0.0075986385,0.9998105,0.06208167,0.000107443775,0.00056432496
4.2219504e-05,0.037801538,0.025882414,0.0016258059,0.0020407808,0.0010152357,0.027582671,0.0008125091,0.043283604,0.28088042,0.00046777594,0.0016506983,4.2671752e-05,0.023028424,6.533517e-05,0.27672443,0.0004139509,2.0756786e-05,0.0022686482,0.030833635,0.00413667,0.99993515,0.04628467,3.3372882e-05,0.00021715667
0.00016378377,0.056908224,0.039478634,0.003590747,0.0044766474,0.002586136,0.04426007,0.002022523,0.060898285,0.3116903,0.0012806052,0.003918788,0.00016203281,0.036963377,0.00023766178,0.2836313,0.0011531975,9.026007e-05,0.005090184,0.046121467,0.008484597,0.9997683,0.06542158,0.00013179392,0.00067191216
0.0017975355,0.11027074,0.07945122,0.014723238,0.018155478,0.013449244,0.09728588,0.010215407,0.107665956,0.36674896,0.007586233,0.017384272,0.0017593311,0.08381778,0.0022947239,0.2923394,0.007070889,0.0011900007,0.02015255,0.09089624,0.02918851,0.9978403,0.11978239,0.001455187,0.005016609
0.00040807074,0.07300464,0.05110621,0.00620824,0.0077329506,0.0048709568,0.059709456,0.0037500174,0.075896166,0.33285582,0.0025218632,0.006904868,0.00040557864,0.051212262,0.0005639983,0.28626883,0.0023160107,0.00024219959,0.00854591,0.060154524,0.013538891,0.99946064,0.082868725,0.00032467284,0.0014423452
1.5743102e-05,0.02819227,0.018982947,0.00088407885,0.0011620888,0.0005030097,0.019505186,0.00041322884,0.03360559,0.2614458,0.0002254546,0.00087619416,1.57309e-05,0.01621297,2.5335863e-05,0.26733,0.00019275978,7.00641e-06,0.0012753104,0.022568556,0.0024517193,0.9999746,0.035836343,1.2242895e-05,9.3530696e-05
0.0002064583,0.061386157,0.0425097,0.0041253725,0.005186447,0.0030465587,0.047551684,0.002366807,0.064857356,0.3186469,0.0015417396,0.004527146,0.00020285211,0.04024964,0.00029576727,0.28350154,0.0013725889,0.0001158061,0.0058644707,0.048805155,0.0096833585,0.99971086,0.0697916,0.00016864421,0.00082295306
0.0004787726,0.07799072,0.055289093,0.006801666,0.008337138,0.0054586274,0.062823266,0.0041943793,0.07970552,0.3370987,0.0028873645,0.007749357,0.00046880575,0.053332627,0.00065824715,0.2892275,0.0025956663,0.00028706912,0.009606177,0.061875515,0.015189713,0.99936026,0.08581604,0.00040053608,0.0016848664
0.00056613085,0.079804994,0.056354966,0.0074977498,0.009313421,0.0061063888,0.06662863,0.0046614488,0.08200807,0.3394307,0.0032124096,0.0084804585,0.0005592641,0.057031643,0.00076922,0.28810528,0.002955808,0.00034449174,0.010327499,0.066097006,0.016012482,0.9992681,0.09000838,0.00045086065,0.0018997273
0.002969643,0.12626699,0.0923622,0.01973924,0.024221852,0.018922463,0.11421185,0.014373897,0.12101161,0.37705758,0.011014241,0.023703715,0.0028950928,0.09838159,0.003696811,0.295103,0.010314641,0.0020370435,0.02690088,0.104277134,0.03781351,0.9965405,0.13557637,0.002426083,0.007668284
0.0039044172,0.14055224,0.10271038,0.024447598,0.02545971,0.024012629,0.123976335,0.01769515,0.13207084,0.38536987,0.013321593,0.028021872,0.0037079134,0.10345321,0.004647582,0.31114936,0.012717702,0.0028300958,0.030685544,0.111780204,0.045070786,0.9953904,0.14486055,0.0033941306,0.010398103
0.004615954,0.14324197,0.10685807,0.025630157,0.030360756,0.025581112,0.13087106,0.019376291,0.13429648,0.38745853,0.015261329,0.031313907,0.004446099,0.11177495,0.0056310263,0.30126637,0.014457389,0.0032950477,0.034901414,0.117988676,0.048009045,0.9946544,0.14974783,0.0039032432,0.011282088
0.0006944868,0.085072555,0.060149223,0.008509882,0.010397741,0.007031627,0.071632564,0.005385436,0.08620305,0.3454934,0.0037398464,0.009621963,0.0006890417,0.06126161,0.0009364077,0.2900051,0.0034661451,0.00043108378,0.011627517,0.06990494,0.01788264,0.9991085,0.09432596,0.00055762066,0.0022700701
0.020528555,0.21093892,0.16640002,0.06188974,0.073675744,0.068090476,0.20374854,0.053895533,0.19307995,0.41555345,0.046262052,0.07575364,0.01971935,0.1768478,0.023349406,0.31356394,0.044444975,0.016157119,0.08151002,0.17503193,0.10168565,0.978132,0.21654071,0.017932773,0.038912516
0.01816222,0.20652284,0.16252662,0.057617005,0.066859566,0.06313603,0.1960151,0.049503874,0.18701899,0.4158867,0.042287912,0.071390845,0.017325373,0.1693331,0.020984724,0.3156904,0.04084419,0.014316062,0.07683209,0.170883,0.09617391,0.9799581,0.20809442,0.016236328,0.035707157
8.727808e-05,0.047160946,0.032203604,0.002475716,0.00314548,0.0016779942,0.035507474,0.0013235265,0.05201927,0.29933292,0.0008049085,0.0026244086,8.679421e-05,0.029891098,0.00013018269,0.27802014,0.0007159478,4.5578934e-05,0.0035001056,0.03822165,0.006039671,0.9998729,0.055901036,6.918243e-05,0.00039470562
0.00031775318,0.06868402,0.047729857,0.0053984565,0.0065782196,0.004132651,0.055342715,0.0031747962,0.0715815,0.32882604,0.0021046475,0.0059222816,0.00031667744,0.04702637,0.0004471843,0.2867691,0.0019278061,0.00018674106,0.0074161123,0.05606427,0.011970433,0.9995701,0.07761501,0.00025613044,0.0011841463
0.00018965232,0.059172634,0.040946994,0.003952825,0.0049241553,0.0028687418,0.046368994,0.0022405228,0.06317698,0.31651604,0.0014351502,0.0042812238,0.00018904316,0.039393764,0.0002735093,0.2835336,0.0012997654,0.00010619023,0.005514397,0.04816566,0.009140671,0.99973506,0.06813032,0.0001519158,0.0007615054
3.6636433e-05,0.036683474,0.024864072,0.001470343,0.0018987211,0.0009098095,0.026383398,0.0007322521,0.041973203,0.2798716,0.00042341344,0.0015007571,3.6420734e-05,0.022027194,5.687037e-05,0.27331066,0.00036752527,1.7708075e-05,0.002111202,0.029237757,0.0038458984,0.9999435,0.044728808,2.8923736e-05,0.00019097589
0.0005677249,0.08070047,0.056912526,0.007482642,0.0091897845,0.0061320155,0.06710048,0.004672958,0.082065314,0.34108707,0.0032214138,0.008529394,0.0005563423,0.056660052,0.0007723799,0.28883538,0.0029560553,0.00034729514,0.010432398,0.06597975,0.016146228,0.99925965,0.089650154,0.00045887788,0.001913906
0.0007096548,0.08633147,0.06138776,0.008580608,0.010444101,0.007148777,0.07176788,0.0054754927,0.08686189,0.34591305,0.003824909,0.009894822,0.0006974316,0.061098993,0.00095690775,0.29128623,0.0035215104,0.00044021124,0.011948932,0.07013971,0.018404989,0.9990779,0.09466419,0.0005852194,0.0023231592
0.0019302058,0.11319983,0.08167479,0.015352836,0.018688802,0.014197565,0.099472865,0.010710615,0.10935348,0.36894038,0.008002941,0.018304752,0.0018752614,0.0851234,0.0024552774,0.29392317,0.0074647265,0.0012887671,0.02111319,0.09277973,0.030604906,0.9976676,0.121889345,0.0015890327,0.0053678863
0.00022415014,0.06303328,0.043794848,0.004327116,0.0054397443,0.003230873,0.048790094,0.0025036668,0.06648781,0.3209731,0.0016518153,0.0047822525,0.0002191744,0.041387953,0.00031961346,0.2836977,0.0014590591,0.00012639789,0.0061803744,0.04962416,0.01016426,0.9996873,0.07136118,0.0001851258,0.000885699
0.07961646,0.30478075,0.24594632,0.1504167,0.13845459,0.16738337,0.28898123,0.14233792,0.2824982,0.45180264,0.12122919,0.15891045,0.07296473,0.25206172,0.076531805,0.37973797,0.11787135,0.06523294,0.16554661,0.25592172,0.20212506,0.9158864,0.31219465,0.07381965,0.12860352
0.00031972167,0.0691964,0.048617594,0.005299564,0.006722658,0.0041386625,0.0548612,0.003156268,0.072524264,0.32946452,0.0021532646,0.0059408415,0.00030756943,0.04648085,0.00044599065,0.2824482,0.0018799728,0.00018647451,0.0076020733,0.054330852,0.012121899,0.99956816,0.07846433,0.00026350623,0.0011901396
0.00017401438,0.05745066,0.04010737,0.003743919,0.0046626725,0.0027031717,0.044978958,0.0021114212,0.061846677,0.31312546,0.0013459475,0.004071342,0.00017293707,0.03789679,0.00025254837,0.28409353,0.0012107205,9.6378644e-05,0.0052599814,0.046826947,0.008734767,0.9997547,0.06653082,0.00013988314,0.0007084105
0.0033066154,0.1306114,0.09560981,0.020927673,0.025579117,0.020372717,0.11815544,0.015386269,0.12407345,0.38025355,0.011924092,0.0253549,0.0031846354,0.101079345,0.0040811505,0.29588103,0.011130045,0.0022876041,0.028728705,0.107288525,0.04016897,0.99616027,0.13925786,0.0027267816,0.00840747
0.000117781645,0.051662587,0.03579442,0.0029466387,0.0037047318,0.0020547085,0.039473724,0.0016211192,0.056110885,0.30429846,0.0010018311,0.003188531,0.000116631825,0.032928128,0.00017376983,0.28160322,0.0008954966,6.2951185e-05,0.0042019547,0.04167608,0.00712178,0.99982977,0.06004946,9.4434516e-05,0.00050841935
0.00047024467,0.0770816,0.054294676,0.0067251963,0.008263368,0.0053883023,0.06291771,0.0041258703,0.07889811,0.3374605,0.0028272604,0.0075797266,0.00046199368,0.0534333,0.00064765505,0.2885038,0.0025663737,0.00028376645,0.009422928,0.06211809,0.0148091735,0.9993759,0.08566848,0.00038466227,0.0016473093
0.00014492027,0.055050936,0.038014755,0.003349293,0.00426807,0.002379107,0.04203601,0.0018618292,0.05965101,0.31030208,0.0011894114,0.0036052745,0.00014288661,0.035721347,0.00021090396,0.28054082,0.0010466356,7.883615e-05,0.0047522173,0.043817766,0.008014003,0.9997942,0.06407491,0.00011724948,0.00060989644
6.616429e-06,0.02168614,0.014309584,0.00052009,0.0007097252,0.00027361469,0.014231727,0.00022812028,0.026804233,0.24538626,0.00011929754,0.00050323125,6.5472336e-06,0.011821556,1.0995741e-05,0.25813043,9.898353e-05,2.707044e-06,0.00076332793,0.01708491,0.0015493615,0.9999888,0.02865883,5.0989e-06,4.483815e-05
0.00084507064,0.0900356,0.06379028,0.009496055,0.011624165,0.008064032,0.07620978,0.0061363466,0.09001344,0.34968457,0.0043236776,0.01094959,0.0008317632,0.064956605,0.001125572,0.29072005,0.004010149,0.00053176534,0.013089694,0.07403325,0.019908626,0.9989262,0.09913613,0.00068423554,0.002673902
0.0018269158,0.11099137,0.07980034,0.014828438,0.01826906,0.013651781,0.0978573,0.0103126895,0.107819244,0.36677024,0.007658138,0.017619213,0.001781377,0.083973646,0.002323105,0.29249057,0.007137941,0.0012066534,0.020341778,0.09126494,0.029482676,0.9978116,0.12045158,0.0014791193,0.0050949357
0.00019656649,0.059599847,0.041518696,0.0040481333,0.005034215,0.002939827,0.046662882,0.0023016941,0.06374197,0.31583336,0.0014745361,0.0044028084,0.00019683412,0.03972955,0.000283625,0.2844278,0.0013366122,0.00011009019,0.005637632,0.048658736,0.009359396,0.9997248,0.068763256,0.00015837308,0.0007858299
5.3540065e-05,0.041159466,0.028146636,0.0018421095,0.0023897851,0.0011829163,0.029827131,0.0009511694,0.046468593,0.28782943,0.00056660647,0.0019242659,5.2964097e-05,0.025107343,8.1654856e-05,0.2752625,0.0004898609,2.6548458e-05,0.0026586484,0.0325264,0.004754013,0.99991906,0.049408782,4.2997275e-05,0.00026273108
8.176261e-05,0.04655037,0.032034345,0.002373333,0.0030515334,0.0015925727,0.0346033,0.001264723,0.051708113,0.2968358,0.0007740707,0.0025077856,8.083818e-05,0.029136036,0.00012213044,0.27770242,0.00067601487,4.2133026e-05,0.003401214,0.036918156,0.005918681,0.9998796,0.055032942,6.566885e-05,0.0003756912
0.00012656386,0.05324559,0.036828596,0.0030991018,0.0038756633,0.0021698477,0.040350035,0.0017003104,0.057544697,0.30701852,0.0010736489,0.0033300363,0.00012493385,0.033957124,0.00018579903,0.2823178,0.0009487172,6.8012196e-05,0.004411062,0.042318117,0.007518419,0.9998171,0.061444648,0.00010360356,0.00054700044
