Amikacin,Aztreonam,Cefepime,Cefixime,Cefotaxime,Cefpodoxime,Ceftazidime,Ceftriaxone,Cefuroxime,Chloramphenicol,Ciprofloxacin,Cotrimoxazole,Ertapenem,Fosfomycin,Gentamicin,Imipenem,Levofloxacin,Nitrofurantoin,Norfloxacin,Piperacillin,Piperacillin-Tazobactam,Ticarcillin,Tobramycin
0.0024684984,0.01775638,0.0006541026,0.105546266,0.041105416,0.9784686,0.058644652,0.0736601,0.9625611,0.13957208,0.023386955,0.069512874,0.0008744802,0.8693641,0.006851424,0.7243848,0.014653295,0.99042344,0.02659786,0.066389546,0.0022462606,0.062262915,0.0048469272
0.027922548,0.6790103,0.017159674,0.81788254,0.8527936,0.7774617,0.74458724,0.39685822,0.380161,0.2630059,0.7246636,0.6177419,0.0136830285,0.90678626,0.28519633,0.94327193,0.7265569,0.9783779,0.8257645,0.81363803,0.09436424,0.8730223,0.24196778
0.044598438,0.29351172,0.030634074,0.51612985,0.48221242,0.82807,0.42687258,0.29707775,0.6901919,0.27011603,0.32778642,0.37306377,0.027360689,0.7759046,0.12869078,0.86564666,0.30127984,0.934461,0.39156425,0.46946368,0.0639101,0.50139546,0.11713028
0.030372063,0.25286475,0.019165872,0.50071836,0.44870347,0.85813195,0.4015351,0.27191934,0.7219017,0.24170855,0.28368837,0.34643134,0.016991138,0.79890805,0.09831651,0.88435864,0.25023752,0.95353234,0.34865817,0.4463617,0.045191992,0.48214862,0.08728666
0.010550783,0.091679126,0.005106197,0.30718106,0.20680459,0.93308836,0.20928,0.16574915,0.8704454,0.19197558,0.1109994,0.19486952,0.0047781374,0.82557184,0.031086193,0.8602344,0.08136775,0.9758986,0.13401029,0.23231746,0.012601201,0.23655581,0.025956066
0.013233254,0.118680336,0.0069564856,0.35090145,0.2540534,0.91957563,0.24825333,0.186179,0.84308857,0.20295073,0.14142048,0.22484787,0.006273317,0.8191912,0.04080392,0.8703562,0.10737876,0.9720668,0.17180948,0.27802983,0.016908048,0.287188,0.034272745
0.002463866,0.020626893,0.00071129506,0.1223586,0.050062712,0.97717434,0.06852947,0.07844803,0.9580756,0.13883284,0.027226562,0.07723889,0.0008654423,0.87109524,0.0073075704,0.76762146,0.016774949,0.9908406,0.031036763,0.07761539,0.0023854657,0.07340704,0.0052297297
0.03605668,0.27500468,0.023770649,0.5112358,0.46958873,0.84419894,0.41547254,0.28312662,0.7049978,0.25647384,0.30941463,0.35991928,0.021046128,0.7904723,0.11244561,0.8763835,0.27970603,0.94555986,0.374836,0.46090963,0.053177908,0.49266344,0.10138834
0.0052051516,0.08859194,0.0023514323,0.3508903,0.23157007,0.94718087,0.22949827,0.15147285,0.8737733,0.16053443,0.10494712,0.19133875,0.0020123033,0.8648539,0.021951173,0.91090924,0.072887816,0.9880691,0.13627967,0.26119736,0.0078024296,0.27312726,0.018192869
0.007830938,0.059824497,0.0032935897,0.23334736,0.13663898,0.9488811,0.15061545,0.13626364,0.9064023,0.18012114,0.074035585,0.1498151,0.00338191,0.83251214,0.021498315,0.82658404,0.052263044,0.97927433,0.08763936,0.16633423,0.0084029315,0.16433147,0.01715711
0.0027202154,0.025129557,0.0008563322,0.1441606,0.06294136,0.9744787,0.08198194,0.08605381,0.9511305,0.14179918,0.03275376,0.08809281,0.00096655166,0.86896414,0.008362221,0.7997108,0.020228637,0.9904822,0.037880372,0.09227261,0.002779616,0.08831303,0.00613278
0.031220777,0.32296953,0.020514227,0.5735537,0.5437647,0.8407854,0.47246256,0.29645777,0.66419715,0.24747182,0.3574068,0.39614287,0.017397864,0.81492686,0.12064629,0.90286964,0.32657266,0.9567548,0.44406557,0.5282251,0.05336075,0.57364345,0.10899519
0.030960327,0.38621598,0.020415371,0.62959045,0.62101185,0.82793725,0.5301049,0.31687918,0.6134678,0.2499303,0.425824,0.43841472,0.016983798,0.83261967,0.14169519,0.914639,0.4027488,0.96111625,0.52689517,0.5946667,0.05965439,0.6480076,0.128451
0.031654637,0.7325427,0.018721316,0.8403971,0.87903756,0.7573901,0.77358234,0.4187868,0.33805022,0.27926546,0.7815145,0.6487686,0.015472912,0.9140701,0.3461715,0.9383997,0.7850924,0.97794056,0.8641406,0.83832395,0.1126434,0.89346814,0.2876441
0.005249884,0.07531121,0.002297137,0.3096113,0.19431388,0.9505241,0.19774646,0.14303873,0.88751554,0.16108993,0.093080305,0.17384,0.0020488123,0.8611504,0.020428969,0.89344823,0.06391072,0.987247,0.1165596,0.22663583,0.0071867798,0.23410858,0.01662603
0.011925468,0.16912332,0.006412517,0.4538733,0.3655111,0.9111286,0.3311358,0.21073343,0.7937776,0.19526617,0.19731216,0.2758768,0.005439337,0.8444766,0.049413294,0.9093212,0.15771213,0.9783935,0.25317928,0.3793393,0.019002764,0.40704682,0.042674415
0.003358758,0.030153958,0.0011207067,0.15992652,0.07416388,0.9706002,0.09317694,0.094487436,0.94405514,0.1490556,0.03891521,0.09854989,0.0012347678,0.86292845,0.010163607,0.80694383,0.024813814,0.9888902,0.04532381,0.10512992,0.0034620757,0.10084226,0.0075635994
0.0042582895,0.03623348,0.0014974581,0.17777753,0.08821367,0.9657765,0.10625087,0.104948096,0.9356456,0.15600705,0.046530794,0.11037537,0.0016378026,0.8551186,0.012452514,0.81096727,0.03052039,0.9867845,0.054323684,0.11894372,0.0044232807,0.11523705,0.009505425
0.012278727,0.11622112,0.0063038482,0.35291246,0.2552513,0.922522,0.2478198,0.18399648,0.8460975,0.19839117,0.13877337,0.22222449,0.0057234233,0.82477826,0.038836185,0.8738444,0.106030434,0.97408026,0.16964287,0.27732953,0.0158175,0.28692186,0.032697562
0.0007174579,0.0045894613,0.000103880266,0.039162636,0.009671929,0.9917105,0.01929144,0.03620997,0.98691654,0.10706308,0.0063178865,0.028111698,0.00021170099,0.9023598,0.0020753024,0.5206986,0.0036784755,0.99576217,0.0067841304,0.021769606,0.0005502777,0.020304253,0.0012589332
0.0013425702,0.009157244,0.00026633666,0.06470565,0.020209726,0.98659337,0.03393004,0.051802907,0.9778225,0.12226603,0.012223703,0.044700526,0.00042973456,0.8871499,0.003818145,0.6315392,0.0074315197,0.9935688,0.013555726,0.03873174,0.0011212032,0.035864986,0.002482507
0.0027208454,0.8333631,0.0013144285,0.9368038,0.9546604,0.8628534,0.88555497,0.36873472,0.25509036,0.18984897,0.8725126,0.71361756,0.0007424364,0.9802862,0.22985886,0.98215437,0.86347926,0.9986505,0.93914694,0.93136746,0.03372655,0.9686119,0.16627218
0.059360556,0.5301549,0.0419998,0.6940939,0.71740556,0.75667983,0.61583954,0.38355947,0.49987617,0.29440814,0.57452273,0.5231838,0.037330765,0.8214483,0.2557412,0.89640975,0.57282543,0.93909585,0.6731592,0.6821862,0.11777386,0.74048454,0.23170032
0.023096455,0.22980951,0.014046275,0.48890895,0.42817616,0.875168,0.38046625,0.2517022,0.7411311,0.22966912,0.2624479,0.32559925,0.012214115,0.8158118,0.08203501,0.89126116,0.22706604,0.9624767,0.3269256,0.4305003,0.035455342,0.45904878,0.0726527
0.0021395343,0.018886082,0.00060069695,0.11723147,0.04637325,0.9790181,0.06480156,0.07420754,0.96093965,0.1347789,0.024833033,0.07294215,0.0007308014,0.87580854,0.0065125884,0.7688524,0.015081309,0.9917985,0.028359883,0.0734179,0.0020926073,0.06914654,0.0046300655
0.00081778987,0.0062299073,0.00014398734,0.052390847,0.01435707,0.99011856,0.026206478,0.042022068,0.9832843,0.109106675,0.008604452,0.03481856,0.00024414316,0.899684,0.0024679431,0.6124733,0.004846122,0.99558663,0.009316418,0.02985566,0.00069726753,0.027397137,0.0015964244
0.003063318,0.029452708,0.001019872,0.16106147,0.073714405,0.971825,0.093109556,0.092726216,0.94492805,0.14538749,0.038018078,0.097522765,0.0011082265,0.86677384,0.009596631,0.815485,0.023920296,0.98977965,0.044440705,0.10495895,0.0032224276,0.100920394,0.007123776
0.021049483,0.3551262,0.012943109,0.6272949,0.6051594,0.85465854,0.51714844,0.29513624,0.636057,0.22480333,0.39092347,0.41891646,0.010602579,0.8542206,0.11309217,0.9284176,0.36027336,0.9728531,0.4991408,0.58758265,0.043829866,0.64454454,0.101019226
0.0037368524,0.030154563,0.0012306313,0.15374252,0.071015075,0.96982723,0.09069421,0.094938606,0.94445163,0.15340438,0.03832321,0.09811746,0.0014064448,0.85877424,0.010804782,0.7906746,0.02514996,0.98759604,0.044661123,0.10224617,0.0037226544,0.097019374,0.007918828
0.0044605215,0.03640882,0.0015681239,0.17654331,0.08809699,0.964851,0.105793394,0.10498213,0.9350985,0.15800595,0.04639548,0.1098654,0.0017287025,0.8516037,0.012548092,0.80582535,0.03018988,0.98629665,0.05442531,0.11923502,0.0046178214,0.11471205,0.009775629
0.0042409995,0.034706667,0.0014727503,0.17050605,0.08316444,0.9664148,0.101582855,0.10288646,0.93771654,0.15710464,0.0443629,0.107096285,0.0016330176,0.8541822,0.01216543,0.80277735,0.029097147,0.98666257,0.05176584,0.11394895,0.004315774,0.10981215,0.009201363
0.013871813,0.73115265,0.0078338655,0.86574763,0.89684516,0.8079029,0.79664826,0.38826057,0.34082612,0.23631038,0.77397597,0.64945656,0.0056160246,0.9406491,0.2647191,0.9623388,0.77384084,0.9906618,0.8720062,0.8613078,0.06760504,0.9158563,0.21410888
0.006041452,0.07983779,0.0027061186,0.3135483,0.20151636,0.94705844,0.2029632,0.14841338,0.88258374,0.16750365,0.0982622,0.17956579,0.002419041,0.85507506,0.022353398,0.8890986,0.06846569,0.98563695,0.12253378,0.23137331,0.008091892,0.23850016,0.018422684
0.021798577,0.66202056,0.013226088,0.81892496,0.85121334,0.79535514,0.742107,0.38302207,0.3942782,0.24849351,0.7059524,0.6085764,0.010113656,0.9130714,0.24990588,0.95075196,0.70513815,0.9827229,0.8160988,0.8130209,0.07780937,0.8734213,0.21233289
0.0039083543,0.035995696,0.0013916848,0.18073766,0.08947037,0.9666503,0.10732584,0.10368169,0.93576425,0.15328634,0.04616597,0.11053793,0.0014715267,0.85818726,0.011865605,0.8221567,0.02970412,0.9878462,0.054110646,0.12078067,0.0041470015,0.11748337,0.009003438
0.0070830686,0.07385723,0.0031546152,0.28466034,0.17857686,0.9460281,0.18534756,0.14664404,0.8903038,0.17467973,0.091125116,0.17099455,0.0029588281,0.8436626,0.02298144,0.8682539,0.06411244,0.9825979,0.110480726,0.20835067,0.008648739,0.21160553,0.01867066
0.011640078,0.08256209,0.0054723276,0.2755015,0.17923546,0.9339073,0.18725073,0.160908,0.8803804,0.19682412,0.100320406,0.18230549,0.005428871,0.816679,0.030896528,0.8336133,0.07407571,0.9723484,0.11874724,0.20608376,0.012800079,0.20655869,0.02540123
0.017329799,0.12542492,0.009464183,0.34521583,0.25343472,0.91022164,0.2503867,0.19553562,0.8371828,0.21659517,0.14743906,0.23188211,0.008759921,0.80136603,0.04748274,0.85331345,0.11422165,0.9640536,0.17574184,0.27584672,0.020942813,0.28316224,0.039931543
0.0024506303,0.022029012,0.0007362622,0.13203615,0.05577007,0.9764638,0.07432621,0.080761,0.95542383,0.13805367,0.028829383,0.08079122,0.0008597677,0.8707059,0.0073859626,0.78741324,0.017385894,0.99108475,0.03320527,0.084127076,0.0024844303,0.07968906,0.0054851137
0.0016741777,0.016752908,0.00045634268,0.113387935,0.043266434,0.9813974,0.061232004,0.06909238,0.9642637,0.12634578,0.022409536,0.067919694,0.00054651505,0.8832327,0.005406364,0.779748,0.013022997,0.99334735,0.02542129,0.06965802,0.0016906663,0.06585545,0.0038500384
0.0034643516,0.037221942,0.0012501124,0.19354051,0.09674416,0.96737313,0.11416129,0.10401689,0.93416774,0.14780036,0.04818342,0.113344006,0.0012686827,0.8646579,0.011394036,0.84230256,0.03052683,0.9893415,0.056723576,0.12923002,0.0038876699,0.12701392,0.008703893
0.028659074,0.32130387,0.018394394,0.5744315,0.5452999,0.84554136,0.46978337,0.2922743,0.6654142,0.24235499,0.35891104,0.39286005,0.015699288,0.823894,0.11745486,0.90455717,0.33007237,0.9601653,0.4463957,0.5317147,0.050374787,0.5755706,0.10547811
0.0028097015,0.021108864,0.0008079296,0.1181333,0.048647657,0.9760902,0.06730561,0.07939117,0.95764375,0.14415847,0.027322907,0.07778161,0.0010107673,0.8665044,0.007978622,0.7483464,0.017445974,0.9895532,0.03125413,0.07647691,0.0026281758,0.07171769,0.005612758
0.009711902,0.11224462,0.004837885,0.36071852,0.25720152,0.929469,0.24843098,0.17671561,0.8487996,0.18712607,0.13458234,0.2182521,0.0042924085,0.8393163,0.034444977,0.887795,0.101061024,0.9793285,0.16836138,0.2815446,0.013293913,0.29297623,0.028949542
0.0051477975,0.05740723,0.002129346,0.25161782,0.14440945,0.95613974,0.15697941,0.12824942,0.9084299,0.16245432,0.07144051,0.14725646,0.0020256445,0.8543851,0.017255751,0.86536735,0.04799433,0.98621655,0.086904325,0.17685139,0.0062220744,0.17724042,0.013739425
0.003994171,0.027700644,0.0012537249,0.14079194,0.06393323,0.96968836,0.08245472,0.092835195,0.9469885,0.15381081,0.035910867,0.09261633,0.0015282808,0.8538272,0.010611477,0.75894594,0.023280147,0.98655707,0.041325595,0.093064204,0.0037876144,0.08824046,0.007940405
0.002484254,0.016213782,0.000634169,0.09404235,0.035520777,0.9789914,0.052677926,0.07013199,0.96470994,0.13951561,0.021136317,0.06475787,0.0008938398,0.8676749,0.0067263013,0.692332,0.013303373,0.9900143,0.023951584,0.060780432,0.0022161966,0.056465283,0.004611756
0.005107312,0.034810428,0.0017788209,0.15855704,0.07685014,0.96398544,0.09660669,0.103522785,0.9376456,0.1647395,0.04370396,0.10595683,0.0020583794,0.84495527,0.0136063965,0.773506,0.029425364,0.98374593,0.050608214,0.10940652,0.0049698534,0.10378735,0.010002275
0.008037273,0.07569321,0.0037158874,0.28026423,0.17542565,0.9429027,0.18530123,0.14919665,0.88724035,0.18010585,0.092435196,0.1741717,0.0034731503,0.83518225,0.024840545,0.86225826,0.06451326,0.9801641,0.11125038,0.2075129,0.009681251,0.20925371,0.020013638
0.011888655,0.22958279,0.006589475,0.5414721,0.47287992,0.8992969,0.4139748,0.23676616,0.7407868,0.19495972,0.25880897,0.32903612,0.0053426325,0.8599862,0.061236423,0.9305736,0.21677682,0.9811655,0.34173942,0.47383592,0.022595156,0.5193124,0.05371156
0.03311883,0.40733722,0.021759933,0.6384349,0.633327,0.82073087,0.5398611,0.3251198,0.5956491,0.25163788,0.44865704,0.44846416,0.018534334,0.8355401,0.1561681,0.9123198,0.42909297,0.9597236,0.55202353,0.6108054,0.065620996,0.6656497,0.13999817
0.07020786,0.41517255,0.052320477,0.59792536,0.59989756,0.7695204,0.52163,0.35702682,0.592789,0.30121735,0.45341343,0.4538788,0.047474075,0.76870507,0.20863248,0.86308795,0.4431365,0.9138835,0.5317673,0.5723508,0.109218895,0.61711395,0.1927598
0.00086906465,0.0063819624,0.00015038646,0.05214095,0.014390146,0.9899565,0.026262945,0.042459402,0.9832479,0.11180445,0.008681778,0.035138555,0.0002590335,0.89845604,0.002580568,0.60440874,0.0050139367,0.99537873,0.0094451,0.029802835,0.0007213249,0.027429037,0.0016452248
0.001989564,0.020933341,0.0005893419,0.13401343,0.05486618,0.9785593,0.07382759,0.07734811,0.95756114,0.1311136,0.027638761,0.07863146,0.00066691963,0.87936985,0.0065311133,0.80521214,0.016380385,0.99262404,0.031845078,0.08332638,0.0020854035,0.079599075,0.0047553894
0.0020248853,0.018790545,0.0005665079,0.1198398,0.04748296,0.9794127,0.06586997,0.07389539,0.96105003,0.13274519,0.024822244,0.07280163,0.00068226847,0.8777001,0.006269371,0.7770093,0.014927665,0.99226683,0.02841056,0.07437986,0.002009162,0.07028684,0.0045220545
0.0005087941,0.0038339312,7.220537e-05,0.03712751,0.00862554,0.9930796,0.01778333,0.032444708,0.9886219,0.09913844,0.005412621,0.025087943,0.0001412235,0.91026235,0.0015694742,0.54275477,0.0029262656,0.99683386,0.0056875055,0.019878378,0.00040923787,0.018383706,0.0009649475
0.01908012,0.29984787,0.011485167,0.58504736,0.5462634,0.86863035,0.47110164,0.2752177,0.6832425,0.21920007,0.33183214,0.38137677,0.009445578,0.8467697,0.09264839,0.92451966,0.29748562,0.9731476,0.42740142,0.53425115,0.036435273,0.58557886,0.08237548
0.00079177896,0.0052791396,0.00012504622,0.044203162,0.011498151,0.9908394,0.02196319,0.038862046,0.9852182,0.108825125,0.0072751096,0.030922674,0.00023761355,0.8992205,0.0022838158,0.553483,0.0041619176,0.9955214,0.007850115,0.024869207,0.0006299207,0.023211347,0.0014378375
0.006021609,0.037884053,0.0021285152,0.16490549,0.08284042,0.9608298,0.10168142,0.10984131,0.9332721,0.17004775,0.047352545,0.111982346,0.0025083798,0.83788615,0.015256586,0.7660174,0.032553308,0.981468,0.05493555,0.11356106,0.0057440777,0.10866961,0.0114784725
0.013948154,0.3744411,0.0082412325,0.67065936,0.6531646,0.8687775,0.5554067,0.28910086,0.62218374,0.20848234,0.4073691,0.4348187,0.006289551,0.88093615,0.09870493,0.9474249,0.37199223,0.9827042,0.53115064,0.6295123,0.03426106,0.69206756,0.08848337
0.018903479,0.75865173,0.0108079575,0.8696864,0.90265155,0.7830577,0.8028813,0.4036034,0.31368145,0.25687525,0.8050845,0.6627568,0.008080916,0.93656653,0.32092232,0.9545015,0.8038197,0.98767227,0.8881189,0.8658196,0.08816311,0.9176678,0.2582249
0.0277697,0.44940385,0.018004151,0.6839916,0.6885808,0.8219524,0.5864706,0.3313935,0.56205726,0.24558575,0.49003458,0.4795282,0.014626606,0.8561429,0.15915307,0.9285473,0.4718848,0.96852267,0.6061068,0.6581427,0.062343802,0.71801794,0.14325011
0.00033413648,0.0024075853,3.787932e-05,0.026095709,0.005179226,0.9950212,0.012020759,0.025330504,0.99216616,0.09135295,0.0034674036,0.018293075,8.679247e-05,0.9198522,0.0010559387,0.4594874,0.0018633592,0.99760073,0.003549452,0.01331103,0.00025071352,0.0123810675,0.0006077865
0.012840105,0.16969766,0.007025191,0.45134035,0.36682498,0.90844744,0.33235025,0.21316129,0.79553634,0.20065498,0.19576332,0.27707738,0.0059073935,0.83825934,0.050055217,0.9071802,0.15727086,0.9766995,0.24936682,0.37568253,0.01984133,0.40091214,0.043641407
0.030309673,0.14750382,0.017849065,0.3434407,0.26353082,0.88518363,0.26164705,0.22049195,0.81628346,0.24790959,0.17077656,0.2532338,0.017466757,0.76438576,0.06832579,0.81167364,0.13996275,0.9404422,0.19654098,0.28202796,0.03336343,0.28747377,0.057884015
0.0045393324,0.038958304,0.0016565503,0.18396653,0.09268594,0.9641988,0.11126587,0.10762128,0.93223494,0.15985562,0.04929268,0.115313336,0.0017658316,0.8531499,0.013471406,0.8158156,0.03277671,0.98609704,0.057827055,0.12518942,0.004756565,0.12111893,0.010140066
0.010529484,0.09538468,0.005104914,0.31648046,0.21685165,0.9319211,0.21696487,0.16851158,0.867663,0.19155042,0.11374907,0.19844757,0.0047395146,0.8276609,0.031713866,0.8646543,0.084864385,0.97630274,0.1383183,0.24090956,0.012894646,0.24529792,0.026495522
0.016752973,0.25506452,0.009845718,0.5458235,0.4910291,0.88230747,0.42621243,0.253716,0.7187418,0.21356784,0.28918424,0.3472024,0.008100366,0.8446378,0.07699904,0.91934,0.25004655,0.97437865,0.37167564,0.4856622,0.030174123,0.5282742,0.068567105
0.010195765,0.11244813,0.005114173,0.36012614,0.2579138,0.9281823,0.25007018,0.1782812,0.8501305,0.1900024,0.13275447,0.21916223,0.0045369584,0.8352281,0.034580793,0.8870078,0.10005522,0.97835916,0.1659774,0.28031263,0.013679251,0.29014018,0.029150445
0.0014052559,0.013331877,0.00035029714,0.09563051,0.033650097,0.9840986,0.050675847,0.06164466,0.9699877,0.122042045,0.017849835,0.058451165,0.00044896183,0.8873678,0.004478592,0.75114787,0.010275205,0.9939856,0.020088822,0.05727241,0.001368435,0.053604517,0.003117075
0.009474797,0.107515454,0.0046601547,0.35091785,0.24747501,0.93124074,0.2398302,0.17322312,0.85392857,0.1874422,0.12951452,0.21177068,0.0041586426,0.8393533,0.032998037,0.88431585,0.09659451,0.9795419,0.16106847,0.27274764,0.012719205,0.28197965,0.027747696
0.0021908393,0.022099843,0.00066239305,0.1358422,0.056780323,0.97738236,0.07572631,0.07960072,0.95581955,0.13459098,0.028957319,0.08126125,0.0007472784,0.87623143,0.007057891,0.8025296,0.017417397,0.9919891,0.03338751,0.08574592,0.0022752406,0.08183397,0.00511536
0.0012542217,0.008793922,0.0002468699,0.06423548,0.019750912,0.98706853,0.03334138,0.050712712,0.9783256,0.12045005,0.011897463,0.043658976,0.0003986552,0.8888118,0.0036034933,0.634699,0.00711545,0.99392563,0.013154489,0.037807625,0.0010593921,0.035129305,0.002373727
0.0028454966,0.03608705,0.0010119394,0.2003917,0.09878698,0.9696298,0.11641458,0.10073534,0.9354759,0.14035513,0.046488095,0.111455746,0.0010009812,0.8728259,0.010102783,0.8591314,0.028729768,0.99116546,0.05565118,0.13172135,0.0034037349,0.13003686,0.007813981
0.044915207,0.518262,0.030815253,0.70274097,0.72454876,0.7774604,0.6186302,0.3700932,0.50906014,0.2772662,0.5633372,0.5185437,0.026275894,0.8387591,0.22516082,0.91215444,0.5582553,0.9531685,0.6689264,0.6885285,0.09624069,0.74760383,0.20309342
0.011738724,0.17155989,0.0063529755,0.46224,0.37539232,0.9108079,0.34001818,0.21244034,0.79291195,0.19506821,0.19708526,0.2800615,0.005298421,0.8446203,0.04859048,0.91395193,0.15749459,0.978917,0.2545026,0.38508004,0.018880112,0.41385698,0.04221966
0.014231419,0.74427015,0.007998805,0.8702471,0.9012326,0.8050513,0.8040637,0.3934686,0.32864058,0.2374611,0.7856103,0.6596176,0.00580355,0.9425634,0.27716708,0.96207553,0.7853399,0.99063617,0.87862766,0.86576754,0.07132652,0.9197185,0.22345404
0.0086801825,0.10009506,0.0042469515,0.34465286,0.23994344,0.9344172,0.23528564,0.16833802,0.8617176,0.18267688,0.11926153,0.20575245,0.00372956,0.839294,0.029623164,0.88863635,0.0863908,0.9808482,0.14815111,0.26295447,0.011705299,0.27155638,0.025197294
0.020777268,0.22030583,0.012527714,0.4870897,0.4252921,0.8811152,0.3763856,0.24555162,0.7498911,0.22669546,0.2528636,0.3196773,0.010612423,0.8187581,0.07455421,0.8965288,0.21499924,0.9657502,0.31578675,0.42399082,0.031660367,0.45274746,0.06669926
0.04822433,0.46272662,0.033246312,0.6588468,0.6672738,0.7881657,0.5750139,0.35758597,0.55129504,0.27361205,0.49774718,0.48466977,0.02927823,0.8209476,0.20337419,0.9025422,0.48888993,0.94644904,0.6010554,0.6392997,0.092503905,0.69728285,0.18317328
0.0080417525,0.06443908,0.0034749282,0.24690907,0.1485936,0.9465746,0.1606225,0.14105715,0.9009035,0.17982437,0.0800922,0.15771998,0.0034771764,0.8322448,0.022695683,0.836376,0.056383777,0.97926396,0.09455134,0.178446,0.008844921,0.17821606,0.01813973
0.027325334,0.32427582,0.01756875,0.58259416,0.555512,0.84690434,0.47701448,0.2921089,0.66322684,0.24174389,0.36332774,0.3959981,0.014707193,0.8265184,0.1150612,0.9089854,0.33285737,0.9621935,0.45240682,0.53756803,0.04871744,0.58388513,0.10403256
0.004332534,0.031253893,0.0014364662,0.15247084,0.071601264,0.9676696,0.0907418,0.09831402,0.94266254,0.15868442,0.040011067,0.099961035,0.0016866663,0.851854,0.011835072,0.77506024,0.026570268,0.9858343,0.04624363,0.101608306,0.004168631,0.09710168,0.0087336805
0.009186647,0.0595902,0.0038461068,0.22060035,0.1284802,0.94627106,0.14397398,0.13746065,0.9068681,0.18785343,0.07349418,0.14825994,0.0041195056,0.8234889,0.023591295,0.8017093,0.053274635,0.9754464,0.08591139,0.15860927,0.009369791,0.15553817,0.018540008
0.024042876,0.30087888,0.014958006,0.56642544,0.5287994,0.85867965,0.45701703,0.2803068,0.6803338,0.23062241,0.33630204,0.3798093,0.012686416,0.83255947,0.103648834,0.91038,0.3038447,0.9657308,0.4247005,0.5199324,0.043196674,0.56428856,0.09259486
0.00376435,0.044853684,0.0014440411,0.2220835,0.117076315,0.9640355,0.13314088,0.112492464,0.9238946,0.1502047,0.056951847,0.12723802,0.0014002515,0.8647966,0.013108095,0.86133194,0.036730133,0.9890377,0.06873921,0.15083724,0.004504562,0.14985125,0.010199996
0.017515834,0.1589997,0.0098564485,0.408878,0.32489038,0.9014394,0.30262277,0.2146421,0.80505013,0.21611662,0.18590645,0.26567882,0.00876012,0.8136633,0.05534506,0.87901545,0.15020943,0.9671031,0.22822449,0.33723232,0.023729306,0.35403797,0.048014153
0.0024631922,0.019854302,0.0006941129,0.11746453,0.047802676,0.977402,0.0658136,0.077079915,0.9596382,0.13852501,0.02612581,0.07525609,0.0008581799,0.8707995,0.0071845,0.75574434,0.01626499,0.99073267,0.029704086,0.07493667,0.0023352115,0.070588745,0.0051040733
0.0075231385,0.088116184,0.003491659,0.3207554,0.21245511,0.94097316,0.21246418,0.1574279,0.87424546,0.17682299,0.10777084,0.18962109,0.0031587158,0.8459873,0.026340624,0.8827428,0.07747535,0.9826444,0.1333578,0.24141802,0.009834958,0.24812159,0.021753618
0.00033673955,0.0023030534,3.6964913e-05,0.024888994,0.0048784628,0.9950453,0.011441976,0.024861906,0.9923819,0.09142822,0.003319126,0.017686822,8.836019e-05,0.9189992,0.0010403497,0.44067878,0.0017894505,0.99755174,0.0033936694,0.012606353,0.00024670188,0.0118451305,0.00059534126
0.004017192,0.03902679,0.0014782152,0.1923398,0.09697819,0.96542823,0.11518405,0.10689119,0.9318141,0.15453805,0.049461026,0.11608384,0.0015226086,0.8586276,0.012567356,0.83338225,0.03210531,0.9877435,0.058587093,0.12944362,0.004392347,0.12623411,0.0095770955
0.0016415047,0.009463852,0.000315433,0.062641546,0.019711955,0.98549426,0.033201274,0.053546175,0.97694176,0.12763372,0.012561666,0.045396212,0.00055375,0.88035333,0.0043603755,0.59181947,0.007946387,0.9922111,0.014043654,0.03756988,0.0013057496,0.035347063,0.0028438834
0.029241836,0.42482466,0.019069912,0.6632108,0.663074,0.8236426,0.5652468,0.32697892,0.5820966,0.24687162,0.46417913,0.46408728,0.015701601,0.84674525,0.1525246,0.9237013,0.44442213,0.96554685,0.57541275,0.63473827,0.061753914,0.69289386,0.1379182
0.0060830144,0.07686702,0.002702164,0.30473408,0.19354418,0.9478185,0.19746253,0.14623572,0.8868716,0.16853571,0.09349744,0.17532064,0.0024393883,0.8531515,0.02182947,0.8858346,0.06538708,0.98531914,0.116325036,0.22372256,0.007974638,0.2285958,0.017856656
0.023112895,0.6509131,0.014184476,0.811799,0.8437857,0.79492724,0.7355085,0.38379195,0.40346026,0.24885897,0.6896633,0.60294133,0.010978799,0.9086078,0.2458531,0.9497963,0.6905,0.9814905,0.8050227,0.8057286,0.07876663,0.8669115,0.21012017
0.00988063,0.06792753,0.0044294377,0.24152154,0.14597464,0.94148743,0.16060826,0.14545648,0.8964689,0.19123282,0.082939036,0.16116288,0.0044930275,0.8199736,0.02592933,0.82059485,0.059134353,0.9746592,0.09710705,0.17828958,0.010545324,0.17555094,0.020534113
0.005099213,0.057253245,0.0020937389,0.25156063,0.14489987,0.9562338,0.15680972,0.12798469,0.90898854,0.16210954,0.07160963,0.1469623,0.0019940378,0.8548411,0.017129825,0.86544394,0.048199702,0.98639816,0.08692608,0.17757188,0.0061471863,0.1778478,0.013659957
0.0007503082,0.0050623342,0.0001158125,0.042696904,0.0108914375,0.9912765,0.021300215,0.03788548,0.9859071,0.10800439,0.006902266,0.030149935,0.00022145566,0.9015274,0.0021953178,0.55227196,0.0039895144,0.9956922,0.007468897,0.024084914,0.0005929896,0.022191875,0.0013482043
0.0018044164,0.013446503,0.00042919477,0.08760275,0.031068433,0.9827095,0.04730202,0.0630198,0.9701071,0.13052653,0.017851429,0.057773184,0.0006039972,0.87911856,0.005185384,0.7001693,0.010917074,0.9923326,0.020066824,0.053802524,0.0016082972,0.050185535,0.0035454908
0.0019001033,0.018126417,0.0005359601,0.117597155,0.046076283,0.9800576,0.064556554,0.0721618,0.9618045,0.13059619,0.023925874,0.0714059,0.0006385393,0.8789144,0.0059691863,0.7809551,0.014075169,0.9926065,0.02735461,0.073026754,0.0019197062,0.068914354,0.004297996
0.0033283134,0.019771023,0.00088840874,0.10493823,0.042596053,0.9751497,0.060156282,0.07846727,0.9592209,0.14873058,0.025385465,0.07356219,0.0012419926,0.8582834,0.008528047,0.6907957,0.016774656,0.98746836,0.029069172,0.068656765,0.002910646,0.064130954,0.006018211
0.0039917435,0.040141575,0.0014792876,0.19716574,0.10044926,0.96505916,0.1180225,0.108008385,0.93018866,0.1539015,0.051171575,0.118203506,0.0015074535,0.85972047,0.012761525,0.8375928,0.033184238,0.9879353,0.06059856,0.13322645,0.004433376,0.13064,0.009760621
0.0064526894,0.7909559,0.0033882612,0.90715754,0.9315999,0.8358909,0.84708077,0.38024166,0.29028836,0.21261318,0.83306473,0.6888795,0.0021682223,0.96539104,0.25363785,0.97370964,0.82697976,0.9962878,0.9127374,0.9019948,0.050205313,0.9480244,0.19534978
0.0034674625,0.035839416,0.001237836,0.18632686,0.09106318,0.9682007,0.10971128,0.101772636,0.9359664,0.14895299,0.045554794,0.11024064,0.0012784341,0.8641816,0.011197275,0.83588505,0.029080812,0.9891262,0.05415075,0.12321194,0.0038391799,0.11998328,0.008518561
0.022825623,0.5970335,0.014234102,0.7855529,0.81358254,0.80522037,0.70282084,0.36862916,0.4460726,0.24417424,0.6364491,0.57276976,0.010990357,0.8975906,0.21125865,0.94851875,0.6327549,0.9798575,0.760701,0.7753483,0.07029236,0.83872247,0.18538706
0.013585159,0.14910047,0.007320356,0.4073563,0.31607702,0.9119478,0.2946951,0.20306931,0.8132028,0.2014803,0.17478654,0.2557832,0.006451513,0.8301051,0.04843264,0.889792,0.13918996,0.9738754,0.21951221,0.33526003,0.019489853,0.35326976,0.04124118
0.010507647,0.17911005,0.005600628,0.47818857,0.3902836,0.91279936,0.35017774,0.21199855,0.7838407,0.18873432,0.20654242,0.28500026,0.0046534245,0.8552073,0.048873603,0.9199177,0.16499305,0.98140895,0.2703175,0.4028031,0.01817987,0.4358605,0.042206403
0.0053264494,0.043843735,0.0020226333,0.19682391,0.1038672,0.96013737,0.12114515,0.11549152,0.92582715,0.16517177,0.055438764,0.1240874,0.0021293426,0.84699553,0.015313434,0.8182418,0.037347686,0.98437494,0.064963646,0.13550012,0.0055863033,0.13211839,0.011759011
0.016679863,0.14254385,0.009290821,0.3831865,0.29420912,0.9068965,0.2808957,0.20499575,0.8209678,0.21406434,0.16571675,0.25076202,0.008282694,0.81024903,0.050133828,0.873586,0.1304564,0.96719736,0.20191467,0.31107605,0.021740457,0.3235158,0.04292363
0.0077289087,0.14430341,0.0038735562,0.44449636,0.34191665,0.9273454,0.31253597,0.1900095,0.8167057,0.17631917,0.16990489,0.2530052,0.0031989615,0.8627629,0.036392923,0.92177594,0.12907402,0.9852173,0.22276995,0.36005285,0.012994698,0.38832852,0.031204885
0.004828177,0.052690383,0.0019515211,0.23741804,0.13167669,0.95869476,0.1469091,0.1224927,0.9143007,0.16019143,0.06527103,0.13963866,0.0018847695,0.85583484,0.016036596,0.8599045,0.0436183,0.9866447,0.07941341,0.16489826,0.0057371403,0.1640661,0.012605176
0.011102485,0.09617413,0.0054173465,0.3125343,0.21307181,0.9307493,0.21405403,0.16913612,0.8663943,0.19549264,0.11609604,0.19789091,0.005084577,0.8250831,0.03306334,0.8586695,0.086836554,0.9749415,0.14010161,0.23899293,0.013400783,0.24278033,0.027488595
0.0439601,0.2707942,0.029925125,0.49095446,0.44733468,0.83465147,0.40222582,0.28823128,0.70910925,0.26819,0.3040562,0.3570658,0.027037913,0.76973116,0.12078588,0.8580183,0.2735988,0.9328825,0.36100256,0.44118032,0.06044938,0.47081316,0.10870966
0.019256467,0.13212492,0.010642048,0.3485485,0.2606218,0.90509444,0.2546189,0.20095076,0.83114916,0.22306193,0.15591395,0.23693414,0.009939449,0.7967273,0.051972978,0.8458714,0.12369852,0.96067035,0.18484995,0.28181797,0.023003012,0.28920192,0.043851547
0.0011774013,0.009949214,0.0002544973,0.0747645,0.023924649,0.9866963,0.038865544,0.05321219,0.97620267,0.1182531,0.013458167,0.047779765,0.00036597496,0.89151096,0.0036174343,0.69566214,0.0077351104,0.994507,0.014895493,0.0442811,0.0010690963,0.04091244,0.002426966
0.0018881666,0.011229451,0.0003993745,0.07140103,0.023976462,0.983424,0.038489524,0.058431134,0.97331786,0.13075072,0.014929011,0.05079684,0.00065189326,0.8754148,0.0049850293,0.62556696,0.00926537,0.9915508,0.016718032,0.044538822,0.0015681725,0.041435946,0.003338119
0.0024220138,0.020965924,0.00069751474,0.12464155,0.05172652,0.9770807,0.06991577,0.078427315,0.9580859,0.13821717,0.027117003,0.077459976,0.0008375096,0.8718591,0.0072437385,0.7718102,0.01686636,0.9910697,0.03125625,0.07968055,0.002375452,0.07498299,0.005216534
0.014178137,0.0847514,0.006736063,0.26568326,0.17333347,0.9287487,0.1837321,0.16525674,0.87826115,0.20698416,0.10195763,0.18324995,0.006942161,0.8048112,0.034833726,0.81099063,0.077391416,0.9663353,0.119164325,0.20084558,0.014975652,0.19976121,0.028439125
0.08493863,0.47373095,0.06445998,0.62828696,0.64252514,0.7413752,0.5550675,0.38046637,0.5482331,0.31849244,0.5195342,0.48513365,0.05962503,0.76839095,0.25697368,0.85467285,0.51426774,0.9031859,0.59760696,0.61087215,0.13601403,0.6603819,0.23712525
0.0010298698,0.0065833195,0.00017591307,0.049929176,0.013916525,0.9892246,0.025778845,0.043722022,0.98264635,0.11544763,0.008739776,0.035809755,0.00032028055,0.8934753,0.0028988102,0.57554793,0.005233869,0.99453026,0.009649392,0.029423635,0.000823574,0.026943624,0.0018103024
0.0047536474,0.07162147,0.0020494666,0.30515486,0.18778174,0.9532188,0.19393234,0.13814995,0.8923368,0.15801014,0.08621825,0.168275,0.0018193119,0.86394614,0.018726364,0.89685017,0.058590513,0.98822,0.10944045,0.22025782,0.0065912884,0.22647342,0.015168522
0.0022350906,0.019838,0.0006404794,0.12053473,0.048341893,0.9784063,0.06739331,0.075667545,0.9596156,0.13659051,0.025575336,0.07501452,0.0007723737,0.87476903,0.0067990674,0.77411604,0.015693445,0.9915181,0.029522477,0.07611251,0.0022063314,0.071412005,0.0048314203
0.002571899,0.026530223,0.00082664075,0.15486477,0.06889137,0.9742978,0.08786044,0.08769794,0.9490186,0.13897371,0.034679923,0.09159966,0.0008977592,0.87232864,0.008313324,0.81887823,0.021181628,0.99118114,0.04037328,0.099561214,0.002741664,0.09568078,0.0061746924
0.025935756,0.30104306,0.01629351,0.55953664,0.52282095,0.85520566,0.452295,0.28183395,0.6802546,0.23462605,0.336945,0.3785561,0.013977965,0.8272577,0.10737274,0.90509474,0.30575854,0.9628368,0.42281428,0.51484805,0.045526862,0.5573489,0.096126825
0.003707151,0.028400356,0.0011934664,0.14631589,0.06653757,0.97041863,0.085708745,0.09309889,0.9465879,0.15289824,0.03639463,0.09405352,0.0014019535,0.85744894,0.010390104,0.777955,0.023626305,0.9875257,0.042080894,0.09617939,0.003609676,0.09168936,0.0076441024
0.016749963,0.2574587,0.009852471,0.5492414,0.49541607,0.88187486,0.4300169,0.25520247,0.7174662,0.21353461,0.29079136,0.34965518,0.008099275,0.84507847,0.07727817,0.92059803,0.25202274,0.9745146,0.37426066,0.48902833,0.03035561,0.5321597,0.06880079
0.009242339,0.070469834,0.0040874234,0.25666514,0.15891841,0.9423441,0.16954249,0.14779662,0.89453256,0.18674642,0.08614513,0.1652404,0.00411031,0.8266605,0.025351569,0.8337639,0.062385123,0.976866,0.102327645,0.18731155,0.010132325,0.18622294,0.020522377
0.011874423,0.29466638,0.006748636,0.61183053,0.5683702,0.8878779,0.48594478,0.25936154,0.6865153,0.19835174,0.32674724,0.37895447,0.005228948,0.8739496,0.07435346,0.9425371,0.2845191,0.9833202,0.43319142,0.5559136,0.026083756,0.6130008,0.06617481
0.07051618,0.5059889,0.05135508,0.66687125,0.6856113,0.7504912,0.59197366,0.38423988,0.5190007,0.30346632,0.54720616,0.50840497,0.04674179,0.79905415,0.25689605,0.88121414,0.5446943,0.9251553,0.63975817,0.65230316,0.12681004,0.7093962,0.2346085
0.004488525,0.03445758,0.0015394489,0.16549818,0.08103015,0.96571153,0.09934618,0.102729455,0.93859273,0.15841454,0.043514464,0.10596956,0.0017398106,0.8518479,0.012500538,0.7903838,0.029140629,0.9858225,0.05078538,0.111699626,0.004486659,0.1071105,0.009391889
0.038322993,0.35355383,0.026062133,0.5852575,0.5666953,0.8226742,0.48970565,0.31192616,0.6406485,0.26148295,0.39106387,0.41456047,0.022347543,0.80656683,0.14250888,0.8946015,0.36561254,0.9488362,0.4774195,0.5478342,0.065053076,0.5926822,0.12925166
0.04972867,0.34509638,0.035068575,0.56035686,0.5431017,0.80935186,0.4735055,0.3201288,0.6474205,0.27703664,0.38186753,0.40961808,0.031089686,0.7809338,0.15393893,0.8739945,0.36006603,0.932584,0.4562912,0.5230227,0.07632634,0.5624722,0.14136794
0.0071707075,0.09208427,0.003343334,0.33477753,0.22488958,0.9407916,0.22223508,0.15953344,0.8695586,0.174116,0.11228999,0.19514284,0.0029696557,0.8502157,0.026457906,0.89066565,0.08060615,0.9837303,0.14017801,0.25308293,0.009755924,0.26283485,0.02191263
0.0015319956,0.014015561,0.0003842238,0.0974974,0.03490776,0.9833317,0.05211341,0.06338273,0.9689688,0.12519668,0.018537479,0.059999645,0.0004952989,0.8851025,0.0047689015,0.7487362,0.010850828,0.9935634,0.020999135,0.059093483,0.0014758362,0.054993372,0.0033272475
0.0018364979,0.01667793,0.000494059,0.10981317,0.041710127,0.98096335,0.059581783,0.06976032,0.9643078,0.12944423,0.022295361,0.06760456,0.00061262643,0.8801373,0.0056780647,0.7634515,0.013214077,0.99269944,0.025256809,0.06739661,0.0017895843,0.06347562,0.00403501
0.050438005,0.5663712,0.034113277,0.72742814,0.7566296,0.761578,0.65229034,0.39062452,0.4703057,0.28425857,0.60503536,0.54898316,0.030032666,0.8459836,0.2609258,0.9129445,0.6092787,0.95219,0.7121513,0.72046995,0.11216903,0.78093696,0.23334788
0.033572722,0.5188504,0.021994071,0.71995574,0.737331,0.7999102,0.63654095,0.3625303,0.50676423,0.25446108,0.5469252,0.52369404,0.018329397,0.8614402,0.20053902,0.9306034,0.5420312,0.9663865,0.66864204,0.70502096,0.079685,0.7697698,0.177471
0.0040210416,0.046703037,0.0015640232,0.22507806,0.11997624,0.9628294,0.13620369,0.11476863,0.921518,0.15306948,0.05846723,0.12997954,0.0015163551,0.8623794,0.013814262,0.86043507,0.038124032,0.98842156,0.07094557,0.15342969,0.004810266,0.15237904,0.010768159
0.0052733137,0.030006595,0.0016573603,0.1377813,0.06378674,0.96616024,0.08288283,0.09840103,0.94388616,0.16467744,0.03802602,0.09677506,0.0021488583,0.8427591,0.012971491,0.72617435,0.026184965,0.982577,0.04379281,0.09267701,0.0047162804,0.088020876,0.009527186
0.008772521,0.8010296,0.0045565525,0.90456915,0.931676,0.8179242,0.84484315,0.39576465,0.28164354,0.22793153,0.8446723,0.69360715,0.0031040155,0.96149594,0.29430914,0.9687019,0.8401191,0.9949708,0.91609925,0.89974385,0.061618287,0.94624186,0.22520053
0.003944869,0.041514877,0.0014837959,0.2049838,0.106016636,0.96455514,0.1230445,0.10969588,0.9284233,0.1528959,0.05298969,0.121223696,0.0014821459,0.8600967,0.012808618,0.8462663,0.034052268,0.9882477,0.06286747,0.13880944,0.0044637644,0.13692923,0.0098552015
0.013095702,0.76035964,0.0071814326,0.88023937,0.9107169,0.8049726,0.81400514,0.39461714,0.31568623,0.2386228,0.8064109,0.6667386,0.0051393476,0.9468562,0.28866607,0.9625084,0.8055446,0.9916905,0.8920235,0.87539726,0.07007703,0.92703223,0.2292293
0.012167643,0.119237676,0.006340679,0.35972837,0.2600727,0.9217942,0.25370935,0.18528488,0.84143263,0.19696382,0.14176649,0.22665457,0.005674604,0.8252123,0.039515253,0.8789004,0.10679494,0.9744304,0.1738778,0.28447732,0.016143033,0.2958419,0.033260804
0.028101636,0.42621315,0.01829412,0.66869265,0.6697417,0.8255965,0.5707195,0.32738563,0.58094513,0.24533792,0.464355,0.46687883,0.014886008,0.8488506,0.14960067,0.9268361,0.44428748,0.9671531,0.57772756,0.6391107,0.059801172,0.69835824,0.13560638
0.007232195,0.8124956,0.0036949397,0.9130365,0.93800765,0.82468003,0.8550893,0.39284787,0.27196324,0.22319789,0.8552085,0.6993135,0.0024351787,0.9662887,0.2913752,0.97141045,0.8497166,0.9960014,0.9236073,0.9079198,0.056832828,0.9523166,0.21842681
0.0072146533,0.04920245,0.0028101157,0.20058991,0.11005747,0.9541235,0.12710276,0.124780014,0.9188994,0.17671911,0.06123841,0.13258857,0.0030783024,0.8334249,0.018796725,0.79887706,0.042871024,0.97967094,0.071622185,0.14048368,0.0072774002,0.13675942,0.0147077385
0.002804904,0.025373364,0.00086834776,0.14402157,0.06314085,0.9742164,0.08219488,0.08634356,0.95124733,0.1433884,0.032498587,0.087829135,0.0009942382,0.8682987,0.008474815,0.79542184,0.020482909,0.9902643,0.037923433,0.092647694,0.0028454654,0.087966055,0.006253186
0.0039192066,0.027454058,0.0012287719,0.13822493,0.062309388,0.97021234,0.08119608,0.09197185,0.9482389,0.1548686,0.035141475,0.091513775,0.0014994787,0.8547837,0.0106297545,0.7573581,0.023267815,0.9866145,0.040477343,0.09140024,0.0036950954,0.08679276,0.007712061
0.015367132,0.7224001,0.0087848995,0.8590898,0.8913639,0.80367786,0.78790075,0.38961518,0.34872684,0.2405622,0.76809275,0.6431152,0.006404134,0.93598443,0.26730657,0.95961523,0.7679678,0.9893784,0.86620796,0.8545741,0.07061709,0.90990865,0.2181931
0.03705553,0.46066353,0.024748934,0.6749172,0.6814215,0.8041589,0.58455324,0.34663534,0.55271035,0.25918564,0.49710536,0.484699,0.021001056,0.8391248,0.18301968,0.91738755,0.48373762,0.9587168,0.6083211,0.6526191,0.07698813,0.71340764,0.16455069
0.001858029,0.016000833,0.00048958405,0.10451427,0.039109353,0.981265,0.056785963,0.06842071,0.9654498,0.1304981,0.021249346,0.06563627,0.0006231309,0.8792624,0.005622446,0.7501074,0.012708347,0.99249697,0.024093002,0.064080514,0.0017720431,0.06015137,0.0039603096
0.02163036,0.18011098,0.0126271,0.4221821,0.3464072,0.8895201,0.32004797,0.22873572,0.7859478,0.22500756,0.20645021,0.28360873,0.011371375,0.80635756,0.06739573,0.87293047,0.17369002,0.96112275,0.25429612,0.359429,0.02961257,0.3775392,0.05814182
0.0042509683,0.054549113,0.0017210583,0.25307688,0.1425073,0.9595054,0.15536225,0.123092845,0.9116987,0.15415916,0.068312846,0.14329506,0.0016082673,0.86301595,0.015412435,0.87554425,0.044931807,0.9884343,0.08376775,0.17658977,0.0053586583,0.17807181,0.012201636
0.001776883,0.01395609,0.00042896363,0.09196692,0.033162788,0.98245186,0.04960852,0.063898884,0.9691975,0.12975274,0.018390864,0.058959547,0.00058934104,0.8797831,0.0051605115,0.71395254,0.011176113,0.99258786,0.020816319,0.05659739,0.0016295237,0.052650586,0.0035995678
0.019800808,0.30283445,0.012139837,0.5861608,0.5505743,0.86608416,0.47250766,0.27619594,0.68020374,0.2239135,0.33866888,0.3839256,0.009856346,0.84389913,0.094044074,0.9230233,0.30284712,0.9720418,0.43238598,0.53450507,0.037346486,0.583403,0.084775716
0.003602848,0.02746906,0.0011394959,0.14337161,0.06491067,0.97096056,0.08395296,0.091766976,0.94783866,0.15066761,0.03529809,0.09209744,0.0013559264,0.85840327,0.010091215,0.7745076,0.022831725,0.98779905,0.040764548,0.09441834,0.0035104342,0.08993385,0.007452386
0.021142652,0.31979337,0.013087686,0.5985961,0.568356,0.86015135,0.48725742,0.28387895,0.6659721,0.22696897,0.3553026,0.39624986,0.010650711,0.84352565,0.10126258,0.9233807,0.32182345,0.97104263,0.45358694,0.5497995,0.040432654,0.6010206,0.09156262
0.0025103574,0.018678939,0.0006856328,0.10938895,0.043167338,0.9780245,0.06124203,0.07494741,0.9612584,0.14058474,0.024456179,0.07193696,0.00088772463,0.86955,0.0071091834,0.73579884,0.015371697,0.9903549,0.027840313,0.06942861,0.0023094139,0.065121174,0.0049810647
0.0019114508,0.016235588,0.00050490134,0.10502724,0.039372493,0.9810284,0.057255883,0.0690151,0.965129,0.13168162,0.021454932,0.06621074,0.00064469373,0.87842506,0.005741156,0.74962693,0.012906238,0.9923111,0.024375033,0.06449077,0.0018148378,0.06044966,0.004035106
0.006714397,0.100610405,0.0031503472,0.36171418,0.25035927,0.939953,0.24168266,0.16344808,0.8609432,0.17194057,0.121332824,0.2049775,0.002719486,0.856737,0.026860984,0.9030972,0.08778666,0.9852808,0.15441607,0.27608883,0.009743961,0.28901547,0.022655923
0.020494446,0.18025526,0.011929599,0.42973334,0.3528159,0.89105934,0.3241525,0.22771591,0.7855328,0.22407004,0.20904319,0.2838968,0.010608538,0.80931234,0.06515834,0.8778443,0.1737668,0.96318996,0.25650916,0.36292452,0.028365193,0.38189214,0.056790806
0.025112268,0.59243864,0.015792733,0.7793371,0.80757874,0.80045956,0.6969374,0.37118936,0.4500281,0.2492238,0.6314806,0.5691226,0.0123553565,0.89203256,0.21705927,0.94507,0.630037,0.97769964,0.75440466,0.7690096,0.073956944,0.8318311,0.18954776
0.016567187,0.120695576,0.0087910835,0.33714125,0.2460639,0.9134113,0.24149542,0.19153857,0.8418968,0.21503112,0.14388655,0.22483085,0.008288371,0.80584633,0.04597994,0.8479866,0.11309606,0.9651048,0.17156501,0.26803133,0.019800678,0.27395165,0.038702972
0.0010023267,0.005573196,0.00014779829,0.0419945,0.0109805865,0.990033,0.021203898,0.040301695,0.98490113,0.11573096,0.0073627303,0.031298917,0.00031343382,0.8945144,0.0027397182,0.49999028,0.004654533,0.9943979,0.0081122145,0.023997229,0.00074708683,0.022591973,0.001651872
0.0020301552,0.009731334,0.00036730827,0.05812318,0.0180342,0.98440385,0.031301275,0.054622453,0.9767198,0.13523206,0.01232456,0.044932134,0.0007196893,0.8747321,0.0051763845,0.53215337,0.00860802,0.9903262,0.014052195,0.035613492,0.0015343534,0.033618763,0.0031820463
0.00012614444,0.000828098,8.244511e-06,0.0115008,0.0016107913,0.99762064,0.0048596216,0.014231641,0.99667585,0.07429526,0.0011966594,0.008700018,2.8219512e-05,0.9379161,0.00042242047,0.28477982,0.0006491106,0.99873704,0.0011698495,0.0051286533,7.9551995e-05,0.0049420753,0.00020398073
0.0060637123,0.031652614,0.0019179718,0.13601089,0.06343424,0.96384364,0.083211005,0.10095184,0.94240403,0.17165907,0.03911998,0.09835691,0.002552052,0.8369739,0.014593814,0.70720613,0.028239682,0.98001766,0.04542897,0.09281559,0.005332757,0.0881175,0.010436702
0.0003863753,0.0021292344,3.6316826e-05,0.021092515,0.0039922097,0.9950595,0.009734036,0.02415511,0.9928965,0.094671145,0.0029105202,0.016437782,0.000104980936,0.91718894,0.0011465232,0.35897443,0.0017670171,0.9970751,0.003042603,0.010582914,0.0002560191,0.0102882525,0.0006054663
0.00077639363,0.004573341,0.000108341024,0.037368067,0.0091969175,0.9915302,0.018501887,0.03606218,0.98704684,0.109253526,0.0061808075,0.027646605,0.00023353832,0.9007031,0.0022036561,0.49018875,0.0037535375,0.9953793,0.006693913,0.020945625,0.000579393,0.019653033,0.0013092683
6.581592e-05,0.00046801186,3.427525e-06,0.007928976,0.00092810055,0.9984755,0.0031770153,0.010376395,0.9978854,0.06415789,0.00069555914,0.0059425,1.3235793e-05,0.94742864,0.00023492001,0.24198385,0.00035330668,0.99921834,0.00065480307,0.003235865,3.9724186e-05,0.003165097,0.000107784166
0.00022450135,0.0013762842,1.8424504e-05,0.016020125,0.0026333653,0.9964904,0.0071770344,0.018789683,0.9949591,0.08406387,0.001916448,0.012305526,5.538763e-05,0.9279051,0.0007088816,0.33467805,0.0010891991,0.998069,0.001959788,0.007839546,0.00014920694,0.0073688,0.00035910172
0.001355166,0.0071043214,0.00022152999,0.048148874,0.01361427,0.9879216,0.025206536,0.04585473,0.98179585,0.123559624,0.009179067,0.036931284,0.0004453201,0.8862431,0.0036178795,0.52061206,0.006040959,0.9929161,0.010308991,0.028883355,0.0010178093,0.02681411,0.0021661196
0.00010169207,0.0007537582,6.8697555e-06,0.011440822,0.0015523527,0.99787605,0.004791928,0.013386329,0.9968964,0.07094733,0.0011256208,0.008314245,2.1877686e-05,0.94118685,0.0003523314,0.3086586,0.00056487793,0.9989568,0.0010821095,0.0050486582,6.697347e-05,0.0047535393,0.00017562212
0.00037900862,0.0023456037,3.9595936e-05,0.023791946,0.004663376,0.9948637,0.01104073,0.025175525,0.9923592,0.09445964,0.0032838709,0.017658213,0.00010144104,0.91753393,0.0011449427,0.40856278,0.001892089,0.9972366,0.0034153843,0.012204165,0.00026584018,0.011522538,0.00063309923
0.00012669957,0.00083797576,8.426818e-06,0.011582875,0.001621167,0.99763083,0.0049400497,0.014290952,0.9966593,0.07468183,0.0012013842,0.008816041,2.8293214e-05,0.93824047,0.00042659236,0.29048967,0.0006537458,0.99873763,0.0011810029,0.005266724,8.043288e-05,0.0049696695,0.00020425204
4.0350384e-05,0.0003008176,1.7645569e-06,0.005926337,0.0006035831,0.9989135,0.002306615,0.008179452,0.9984952,0.0568876,0.0004524444,0.004466857,7.4319464e-06,0.9537438,0.0001496662,0.21519104,0.00021953454,0.9994547,0.00041896256,0.0023153971,2.3465094e-05,0.0022282202,6.5841785e-05
0.00030266738,0.0016903131,2.6015843e-05,0.017814307,0.0031249821,0.9958365,0.008158321,0.021212092,0.99404,0.0891488,0.002279389,0.014070334,7.9085235e-05,0.92205524,0.0009186897,0.33654216,0.0013651703,0.9975431,0.0023868834,0.008918537,0.00019801328,0.008498922,0.00046718813
0.0005421325,0.0028531582,5.8019963e-05,0.025289927,0.005258223,0.9937388,0.012120318,0.02822637,0.99098855,0.10090098,0.0037559883,0.019764788,0.00015692756,0.90934384,0.0015544263,0.38551375,0.002352278,0.99625117,0.004030048,0.013499629,0.0003739243,0.012884399,0.0008403939
0.0007852625,0.0041153254,9.987639e-05,0.03281819,0.0077148755,0.99190813,0.016349176,0.03439789,0.9879923,0.10933777,0.0053855763,0.025755906,0.0002382753,0.90078413,0.0021681944,0.4434549,0.0034161196,0.99513596,0.0059273113,0.018411445,0.0005556277,0.017312277,0.0012309444
0.001362875,0.0066044936,0.0002087302,0.045122307,0.012525371,0.9882913,0.023548767,0.044838745,0.9825351,0.12239042,0.008491126,0.0353347,0.00045626657,0.8851409,0.0035102938,0.4898868,0.0056076585,0.9927201,0.009547023,0.02645277,0.0009912201,0.02508257,0.0021279864
0.018312335,0.045997694,0.0058311163,0.125343,0.0607126,0.939084,0.08571047,0.12527972,0.9219015,0.22067443,0.047420207,0.11534558,0.010034088,0.77513766,0.035392836,0.5160108,0.043245625,0.943781,0.055782765,0.09611115,0.014371809,0.09357456,0.022633033
0.0031513644,0.012730629,0.0006153097,0.06462799,0.021809332,0.9799657,0.036633752,0.06364413,0.97092515,0.14786008,0.015242522,0.053078774,0.0012252108,0.85842764,0.007445627,0.52013475,0.011225301,0.9860545,0.017766912,0.04160285,0.002347171,0.039633848,0.004563115
0.045006298,0.24355644,0.02990686,0.4521839,0.4019071,0.84055316,0.36623225,0.2764888,0.73217034,0.267837,0.27309793,0.3332931,0.027900232,0.7626271,0.11478642,0.83775705,0.24795517,0.9279261,0.32273805,0.40388626,0.057985734,0.42362002,0.10128028
0.032282628,0.16661839,0.019385127,0.36935624,0.2957275,0.8767072,0.28437945,0.23221484,0.7996068,0.25005955,0.19191611,0.26946297,0.018741537,0.7671993,0.076677084,0.819941,0.16342351,0.93930876,0.22324593,0.3108374,0.037221048,0.31905568,0.06548025
0.0014826335,0.007085597,0.000237791,0.04683441,0.013348251,0.9874823,0.024736606,0.046445582,0.98132044,0.12515207,0.0090576,0.036663264,0.0005091992,0.8812334,0.0037742655,0.49697712,0.0059270053,0.992246,0.010205022,0.02801173,0.0010969228,0.026626956,0.0023076949
0.0008118698,0.0039731,0.0001005409,0.031674918,0.007467737,0.9918142,0.015765313,0.034131575,0.9879973,0.110025465,0.0052202865,0.025007674,0.0002547736,0.8973111,0.0021809319,0.41963443,0.003284525,0.99491227,0.0056918897,0.017475072,0.0005687233,0.01693032,0.0012565361
0.058115907,0.21437283,0.03937434,0.3912362,0.33207607,0.833973,0.31891096,0.2695915,0.7593351,0.289573,0.2406192,0.30690268,0.03902601,0.7244335,0.11824857,0.77989775,0.21580158,0.8999731,0.27058873,0.34172466,0.064687885,0.3516251,0.10244734
0.008223558,0.04582689,0.0031050206,0.17794554,0.09492442,0.9531016,0.114515595,0.12206397,0.92335814,0.18348095,0.05579957,0.12690666,0.0036097274,0.82375157,0.0197448,0.7615675,0.040241554,0.9759078,0.06498622,0.12684745,0.007699475,0.120848946,0.014751578
0.0007829917,0.0039925626,9.694951e-05,0.03211333,0.0075455126,0.99208766,0.01598512,0.033959106,0.98815733,0.10880989,0.005187965,0.025358826,0.00023907724,0.89973885,0.0021244062,0.43392983,0.0032751097,0.9951303,0.005715511,0.01766604,0.0005446089,0.01690674,0.0012186969
0.013882944,0.057247944,0.0055795657,0.18338962,0.10369792,0.939335,0.12432667,0.13911365,0.90843916,0.20773552,0.066236734,0.14058287,0.0069677704,0.79555136,0.029374644,0.7134419,0.050847676,0.9618376,0.07694463,0.13686404,0.01266136,0.13045205,0.022226155
0.07424875,0.3458279,0.054750033,0.5256006,0.5072499,0.7842826,0.4508421,0.3331183,0.6492787,0.30220565,0.38028482,0.404532,0.05165739,0.74352616,0.18394502,0.83094305,0.36560956,0.8992585,0.44045916,0.49310982,0.101257235,0.52547634,0.1674735
0.018901313,0.07980624,0.008788745,0.22827573,0.14335966,0.9228081,0.16124097,0.16421373,0.88342106,0.2230041,0.093390435,0.17400196,0.009972906,0.7811919,0.03994698,0.747559,0.073088855,0.95362496,0.10669253,0.17564347,0.017863765,0.17118812,0.030994143
0.04657134,0.2530527,0.0310536,0.46476117,0.41639104,0.8372371,0.38009363,0.28412414,0.72357494,0.2680547,0.28097197,0.34292772,0.029016089,0.7626347,0.11872009,0.8436877,0.25609583,0.9280208,0.33430004,0.41684785,0.060811736,0.44011468,0.10523356
0.00412231,0.021917686,0.0011147456,0.10719225,0.044817794,0.97249854,0.062975265,0.08361706,0.9564451,0.15615319,0.02734503,0.07840256,0.0016047035,0.85052544,0.010102964,0.67610276,0.018968225,0.98488945,0.031668317,0.07091977,0.0034773813,0.06670233,0.0069933077
0.012354007,0.07802675,0.0057010427,0.25710544,0.16371976,0.93366027,0.17537424,0.15828599,0.88589007,0.19964708,0.09399282,0.1761611,0.0058138464,0.81064594,0.031243486,0.8161078,0.070354044,0.9699523,0.11048532,0.19322087,0.01300655,0.1911412,0.024928033
0.23708163,0.4390669,0.21313946,0.51820433,0.5124252,0.65751344,0.4944315,0.41994238,0.5734178,0.4006477,0.4610883,0.46562466,0.22307184,0.6301202,0.3370362,0.6995359,0.45645005,0.7303141,0.48852822,0.50869584,0.26782614,0.5281826,0.32923597
0.006117175,0.025884595,0.0016884377,0.10986483,0.048005663,0.96614856,0.06668952,0.09150854,0.94983155,0.16979226,0.031369988,0.08446732,0.0026180048,0.83137935,0.013632801,0.6306524,0.022871446,0.97869533,0.036376882,0.075731896,0.0050719506,0.0717519,0.009563377
0.0038918178,0.019876627,0.0010011867,0.099014364,0.03970911,0.9741286,0.05758897,0.0797623,0.9594933,0.15461871,0.024943605,0.07323356,0.0015262376,0.8522548,0.0094825635,0.65398514,0.017350981,0.985241,0.0287343,0.06478191,0.0032116508,0.061002407,0.006456851
0.005885491,0.028443797,0.0017839405,0.12229929,0.055069048,0.9654628,0.075042196,0.09603186,0.9461281,0.17034216,0.034690324,0.09142824,0.0025010922,0.83523643,0.013784918,0.6828825,0.024681717,0.97991884,0.040243898,0.08490965,0.0050924276,0.07954298,0.00963145
0.18349996,0.40192103,0.16094202,0.5026378,0.49321288,0.6915176,0.4587329,0.39122853,0.6120961,0.382796,0.4339663,0.43667832,0.16228536,0.64261377,0.29553327,0.7114723,0.42771044,0.76738536,0.46309328,0.47848383,0.20717525,0.50335,0.2778386
0.020721482,0.08978398,0.009971941,0.24587315,0.16062592,0.9171536,0.17562276,0.17302667,0.87465155,0.22907637,0.10463211,0.18532173,0.01113771,0.77944857,0.044945937,0.754998,0.085217096,0.95071715,0.12010104,0.19199981,0.02013029,0.18756315,0.034936905
0.018372111,0.08767316,0.008812787,0.25047874,0.1634077,0.92100596,0.17699404,0.1700592,0.8765893,0.22209342,0.103346765,0.18419102,0.0095779635,0.78733027,0.041390534,0.7730626,0.0822984,0.95614237,0.11910269,0.19382086,0.018231142,0.19008504,0.032493077
0.00220402,0.012680504,0.00048423477,0.07560788,0.026207056,0.98200274,0.041694347,0.062310603,0.97116864,0.13714974,0.01633599,0.054879315,0.0007769842,0.87153345,0.0057611833,0.631228,0.010640708,0.9904158,0.01858318,0.047699254,0.001807622,0.044247605,0.0037868242
0.0074339053,0.036368676,0.0025178671,0.14435378,0.070705555,0.9587044,0.09107775,0.10884771,0.93526626,0.18047307,0.044255186,0.107217185,0.0032667427,0.82563424,0.017245412,0.7099575,0.031903252,0.97648627,0.05119316,0.10238241,0.0065731956,0.09688186,0.01238059
0.04924344,0.17347746,0.030818611,0.3444708,0.275416,0.8553879,0.27417073,0.24565934,0.79411393,0.27703315,0.19463255,0.27239773,0.031967744,0.7310418,0.09643458,0.763306,0.17116214,0.90800923,0.21904473,0.2937189,0.05198331,0.2964623,0.08156414
0.09060711,0.2630065,0.06759993,0.41534692,0.3694791,0.7915932,0.3537485,0.30481517,0.71929777,0.32388115,0.2900239,0.3430955,0.06764373,0.687866,0.16499065,0.7461407,0.2694006,0.8563777,0.31718346,0.3733323,0.09872207,0.38571775,0.14608763
0.005659404,0.029611753,0.0017686285,0.13085137,0.060507864,0.9653406,0.080227144,0.097948216,0.94487214,0.1686943,0.036381904,0.09566055,0.0023397596,0.83779055,0.01347446,0.7087817,0.025660226,0.9809724,0.042319886,0.090236306,0.0049410597,0.08404165,0.009669742
0.003067621,0.017070735,0.0007592367,0.0916767,0.035061523,0.97725326,0.052329782,0.07298834,0.96369207,0.14623116,0.021541525,0.06631371,0.0011519333,0.86025244,0.0077750348,0.65813094,0.014391971,0.9878368,0.024743738,0.05968798,0.0025951564,0.05571937,0.0052529825
0.0042123306,0.023219809,0.0011714336,0.113312796,0.048424773,0.9716033,0.06675721,0.08576256,0.9545465,0.15632242,0.02897052,0.0811819,0.0016364768,0.8500087,0.0103936,0.69018954,0.020043334,0.9849049,0.03366268,0.075005606,0.0036268907,0.070614874,0.00733724
0.0041996725,0.018837074,0.0010408513,0.08856742,0.03454452,0.97343093,0.052226953,0.07743382,0.9602686,0.15764382,0.022798546,0.06880257,0.001687786,0.84674877,0.0098623885,0.6069973,0.016266912,0.9837293,0.026475916,0.06044736,0.003396927,0.056335013,0.0065062884
0.016531758,0.074206695,0.007317331,0.2230653,0.13851945,0.9282029,0.1547813,0.15769415,0.8913639,0.21500331,0.086670324,0.16706932,0.008335959,0.79110557,0.036052633,0.75116765,0.068988815,0.95851624,0.10056172,0.16988695,0.015664304,0.16411728,0.02782004
0.007526935,0.040372,0.0026472884,0.16153696,0.08298333,0.956862,0.10215445,0.11476539,0.93082553,0.17927583,0.049391493,0.116464935,0.0032439248,0.8276259,0.017955074,0.7400925,0.03581701,0.97714,0.057444345,0.113732465,0.006824239,0.10825336,0.013225435
0.0110179605,0.059762575,0.004594389,0.20806855,0.12099162,0.9426117,0.13857086,0.13995303,0.90686136,0.19619001,0.07225331,0.14891437,0.005123019,0.81178737,0.02614646,0.77456987,0.05393732,0.97038245,0.08386703,0.15260766,0.010596388,0.14753836,0.01997157
0.018303432,0.09159914,0.00887984,0.26410782,0.17711253,0.9192979,0.18740983,0.17525451,0.87186515,0.21917573,0.10787938,0.19152065,0.009429654,0.78829527,0.041417893,0.7886832,0.08496523,0.9575719,0.12503976,0.20464967,0.018567665,0.20210634,0.03334569
0.052172743,0.24514756,0.035425913,0.44432437,0.39519632,0.8317433,0.3638126,0.28275487,0.7317831,0.27815592,0.27410644,0.33448493,0.03357661,0.7474094,0.12215519,0.8230279,0.24970073,0.9166469,0.3182514,0.3963105,0.06443873,0.41386965,0.10839568
0.02583921,0.10162501,0.012998638,0.2600495,0.17703915,0.9062121,0.19057414,0.18715744,0.86155564,0.23876128,0.11729103,0.20038565,0.014550723,0.76668346,0.052828778,0.7509261,0.095965944,0.9416461,0.13385892,0.2058912,0.02511106,0.20234014,0.042175025
0.12093292,0.3154173,0.09687902,0.4509215,0.41919574,0.75413096,0.39514387,0.33854252,0.67887497,0.34686378,0.345825,0.3802146,0.09703414,0.66865146,0.21096323,0.73488855,0.32928953,0.8236333,0.373465,0.4143047,0.13412042,0.43289205,0.191177
5.679179e-05,0.0004269282,2.9107634e-06,0.007724576,0.0008789309,0.99862313,0.0030881795,0.009904211,0.99803764,0.061867636,0.0006395744,0.005735291,1.0949269e-05,0.9493709,0.00020352301,0.25272992,0.0003111348,0.99931645,0.00060010207,0.0031116148,3.413727e-05,0.0029900018,9.483699e-05
0.046951752,0.2370242,0.031816937,0.44615215,0.39511213,0.83993345,0.36435744,0.27720973,0.73709434,0.2714013,0.26322693,0.33124226,0.029605076,0.7545967,0.11225546,0.8347543,0.23573709,0.9238589,0.30736002,0.3935551,0.059068475,0.41058654,0.10090202
0.012442802,0.060166817,0.0051235175,0.2007556,0.11601181,0.9405276,0.13451293,0.14111862,0.90677184,0.20313479,0.072072655,0.14717132,0.0060014217,0.80520046,0.028245753,0.75022596,0.05535739,0.9665064,0.083544984,0.14739655,0.011601397,0.14239714,0.02139382
0.017240547,0.07313788,0.007606535,0.2168404,0.13331765,0.9274551,0.15115538,0.15713935,0.8921306,0.21779048,0.0849415,0.16508187,0.008860712,0.7876228,0.036842458,0.73848605,0.0681902,0.9562517,0.09842192,0.16622587,0.016166762,0.15914166,0.028138502
0.030378925,0.14362915,0.01755811,0.3359065,0.2573084,0.88542885,0.25531596,0.21885324,0.82135075,0.24657425,0.16520742,0.2480896,0.017479615,0.7648042,0.06787464,0.803728,0.13844873,0.9396005,0.19080733,0.27610075,0.033240214,0.2790216,0.05703709
0.00218801,0.017694652,0.00060175534,0.109018914,0.042666636,0.9791996,0.06078066,0.07256636,0.9621635,0.1338917,0.02321438,0.06968843,0.0007658336,0.8727226,0.006372239,0.74970365,0.013837531,0.99141043,0.026339738,0.069274195,0.002120757,0.064732574,0.0045752167
0.014565149,0.09279008,0.007187031,0.28517723,0.19236755,0.9249626,0.19930461,0.17224701,0.86977226,0.20731138,0.11092761,0.19495107,0.0071151876,0.8045576,0.03705533,0.82541203,0.08440505,0.96641934,0.13044915,0.21862751,0.01593944,0.21839218,0.030446975
0.00020301755,0.0012026975,1.4986411e-05,0.014664214,0.0023128365,0.9968059,0.0064035086,0.01770956,0.99547344,0.081344575,0.0017008957,0.011300331,4.9471782e-05,0.9292159,0.0006343446,0.30882022,0.0009655949,0.9981931,0.0017220015,0.006792254,0.00012833464,0.0066366913,0.00032182783
0.008889288,0.05586255,0.0036525023,0.21049999,0.12076674,0.947578,0.13743229,0.13379306,0.9112254,0.18578614,0.06835085,0.14355363,0.003928768,0.82222176,0.022274027,0.79646397,0.048877485,0.97579944,0.07988574,0.15234202,0.008920501,0.1471097,0.017320681
0.17213698,0.42214894,0.14956222,0.52812314,0.52637017,0.69200677,0.48076484,0.39624095,0.59635913,0.37629798,0.45668355,0.44908655,0.14895281,0.66029453,0.30038697,0.7363801,0.45339513,0.7876401,0.49450928,0.50627667,0.2033929,0.53562176,0.28218365
0.004005894,0.0180216,0.00096989097,0.08644141,0.03330557,0.97444296,0.05059942,0.0757919,0.9615829,0.15568578,0.0219728,0.0671699,0.0015972705,0.8485987,0.009425714,0.60330635,0.015567885,0.9843091,0.0254793,0.058233537,0.0032169733,0.054596003,0.0062234094
0.008246184,0.046831075,0.003092284,0.18228759,0.09913627,0.9525708,0.11701541,0.12376723,0.92234504,0.18216093,0.057275694,0.12810029,0.0035961764,0.82381415,0.01983285,0.7648126,0.041237134,0.97632265,0.066709965,0.12988274,0.0077675185,0.12483551,0.0150734
0.08132607,0.23036872,0.057736307,0.38636532,0.33191898,0.80824125,0.3247124,0.2899651,0.74528015,0.31068218,0.25282317,0.3203866,0.059800424,0.6957305,0.14431845,0.74146867,0.23250228,0.864666,0.2775206,0.34411412,0.08748826,0.3494149,0.12535885
0.005098265,0.027208045,0.0015320538,0.12524405,0.056380026,0.9678687,0.07546884,0.09375275,0.94797105,0.16403627,0.03359422,0.08988609,0.0020856587,0.842391,0.012278057,0.70164573,0.023357436,0.98248476,0.039021537,0.08477308,0.004495645,0.07955549,0.008944301
0.0072204275,0.04407036,0.002691042,0.17926022,0.09520897,0.9556275,0.11376107,0.119100794,0.9257404,0.17711647,0.05431602,0.12404015,0.0030755466,0.8297429,0.017954476,0.7748746,0.038099233,0.9787795,0.06309831,0.12678884,0.006897378,0.12121607,0.013539992
2.5699957e-05,0.00024100843,1.1699155e-06,0.0057005696,0.00054453395,0.9991128,0.0021547659,0.0070986194,0.9987368,0.05215989,0.000391644,0.003891328,4.403628e-06,0.95822155,0.00010233039,0.24169132,0.00016337151,0.9996306,0.00034355946,0.0021509666,1.6306903e-05,0.0020312741,4.711273e-05
0.097232655,0.38813263,0.077213146,0.5487754,0.54235935,0.7520133,0.4842606,0.36079764,0.6158122,0.32508758,0.42166492,0.4356737,0.071996555,0.72389823,0.22217712,0.8199478,0.4090123,0.8755065,0.4791345,0.5195392,0.1300128,0.5551235,0.20612165
0.05738484,0.1516026,0.034099232,0.29060242,0.21733429,0.8551647,0.23253547,0.23403627,0.8125622,0.28778803,0.1642043,0.24686871,0.039284214,0.7112733,0.09964573,0.6883424,0.14730924,0.8859903,0.18217896,0.2484779,0.05585053,0.243741,0.08028976
0.026789099,0.09580492,0.0130520305,0.24348569,0.16193308,0.9072177,0.17831358,0.18308498,0.8672366,0.24011448,0.10926516,0.19224373,0.015296324,0.762741,0.0527745,0.72577626,0.09052645,0.93811107,0.12455411,0.19280933,0.025332147,0.1876364,0.041526668
0.08449773,0.30174577,0.06341665,0.46558258,0.43401316,0.7848905,0.39704755,0.31823534,0.68825847,0.31614158,0.3336271,0.3700294,0.06143325,0.7114015,0.17608458,0.78542054,0.31673664,0.8741539,0.3740925,0.42935023,0.102108054,0.44827718,0.1577421
0.0011730974,0.0056988182,0.00017000981,0.039932907,0.010486597,0.989253,0.020538285,0.041009255,0.9843062,0.11900458,0.007334677,0.03140193,0.00038649244,0.8887106,0.0030863464,0.46337044,0.0047909636,0.9934136,0.00815856,0.023352025,0.0008528961,0.022278572,0.0018024626
0.026463937,0.09492445,0.01289631,0.23921221,0.15725029,0.9078691,0.17458679,0.18043633,0.868486,0.24152966,0.10781549,0.18934676,0.015097864,0.7626373,0.05292027,0.71950424,0.09007614,0.93810856,0.122985445,0.18923952,0.024930926,0.18496287,0.040934216
0.09731285,0.2401386,0.07091991,0.3759435,0.322437,0.79331905,0.32028103,0.2955432,0.73940814,0.3287416,0.2602707,0.3210675,0.07503763,0.67480594,0.16399112,0.7032018,0.24448395,0.8384916,0.28150466,0.33713418,0.10043982,0.3435499,0.14095537
0.005739197,0.027037593,0.001675928,0.11680842,0.051690765,0.9664248,0.07155604,0.093547545,0.9485946,0.16977113,0.03267361,0.08944355,0.0023789858,0.8374203,0.013360641,0.6701068,0.023933742,0.98001903,0.03825878,0.08145417,0.004815686,0.075108945,0.009181796
0.0007290957,0.003915932,9.120932e-05,0.0321863,0.007427269,0.99229604,0.015918428,0.03353144,0.9884312,0.10758529,0.005156826,0.025010912,0.00021922874,0.9024466,0.0020327566,0.44514212,0.0032265135,0.9954266,0.0056454754,0.017748723,0.000516334,0.016770482,0.0011546237
0.015482534,0.05210804,0.0056186216,0.15973365,0.085862644,0.93974483,0.10829366,0.1340919,0.91531855,0.21070553,0.059334494,0.13059826,0.007930187,0.79009193,0.030879015,0.6484807,0.04820016,0.9562802,0.06886984,0.119824015,0.013119092,0.1139795,0.02215181
0.0010030078,0.005642224,0.00015254912,0.042510994,0.011266982,0.9899358,0.021623528,0.040469658,0.98459655,0.114771634,0.0074818493,0.03178354,0.00031510627,0.8934817,0.002753407,0.5104802,0.004626524,0.9944061,0.008230969,0.024627486,0.00075861544,0.023068827,0.0016638633
0.0028463695,0.013437089,0.000602535,0.073710725,0.026044333,0.9801696,0.041438345,0.0654758,0.9696296,0.14378594,0.016850868,0.056700148,0.0010696398,0.8617947,0.0068757697,0.5843078,0.011573025,0.987811,0.019406263,0.04668637,0.0022207766,0.044067282,0.0045441613
0.028538551,0.11783101,0.015307023,0.2873827,0.20561245,0.8968573,0.21408463,0.20032313,0.8458013,0.24434806,0.13558055,0.21906082,0.016368289,0.76302624,0.05992134,0.76813823,0.11293218,0.9385053,0.15488432,0.23120879,0.028832735,0.22974919,0.04860408
0.10577885,0.24827921,0.078529745,0.38102734,0.3283767,0.7841266,0.32817507,0.30355147,0.7316256,0.33270118,0.2662291,0.32877168,0.08367504,0.6707024,0.1727513,0.69909877,0.25060606,0.8272558,0.2872253,0.34528112,0.11121902,0.34776,0.1495825
0.0010468833,0.0052779433,0.00014690847,0.038788717,0.009924211,0.9901876,0.019795505,0.03952742,0.98533964,0.11590527,0.0068315533,0.030558499,0.000334118,0.8927786,0.0027857358,0.46978137,0.004422197,0.9940011,0.0076221917,0.022267513,0.00074649905,0.021041982,0.0016286157
0.056574773,0.26145387,0.039258067,0.4574786,0.41380534,0.8230161,0.37822208,0.29222915,0.71803933,0.28352293,0.29131857,0.34679094,0.03713866,0.74424917,0.13239366,0.82331806,0.2677858,0.91197443,0.33716345,0.41156846,0.070741445,0.4316786,0.11808969
0.010831473,0.049832467,0.004112655,0.17452618,0.094501406,0.9470838,0.11509475,0.12882607,0.9185741,0.19577321,0.05904249,0.1315769,0.0050632954,0.81057036,0.024195569,0.7258518,0.045031432,0.96885276,0.0687422,0.12705652,0.009757312,0.120563835,0.01778183
0.018625265,0.075066626,0.008193553,0.21665734,0.13406724,0.9255964,0.15201448,0.16034767,0.88974243,0.22106242,0.08690214,0.1669532,0.009739925,0.7843256,0.03889115,0.73031163,0.07015573,0.95339185,0.100422814,0.16590728,0.017266218,0.1603523,0.02980115
0.035777897,0.10217784,0.017603984,0.23063165,0.15205398,0.89545965,0.17355679,0.18986642,0.8606552,0.25767162,0.11138491,0.1941999,0.02209283,0.7422712,0.06547999,0.66818297,0.097600974,0.91802394,0.1263554,0.18790494,0.032584295,0.1823661,0.049842503
0.0001092769,0.000763452,7.21986e-06,0.011229133,0.0015285515,0.9978243,0.0047515635,0.0136271985,0.9968599,0.072152816,0.0011174179,0.0083663585,2.3843131e-05,0.94020385,0.00037218735,0.29873255,0.00057682034,0.99888545,0.0010820611,0.005034286,7.056265e-05,0.004722117,0.00018169697
0.07696024,0.18127778,0.04973891,0.3110748,0.24283391,0.8280685,0.25683835,0.25711125,0.78683406,0.3099892,0.19361615,0.27151716,0.05668077,0.68743396,0.12759098,0.6689882,0.17933781,0.8558983,0.2113428,0.2726847,0.07530863,0.27042654,0.10406354
0.008064577,0.034009542,0.0025126333,0.13210404,0.06298492,0.95895594,0.083263546,0.10609094,0.93898714,0.18153518,0.040430952,0.10182313,0.0035921277,0.8225544,0.017715003,0.6642323,0.030609937,0.97406363,0.047331274,0.09303433,0.0068306513,0.08751994,0.012591865
0.001009396,0.0049425494,0.00013635101,0.03652687,0.009148306,0.9905455,0.01856459,0.038266454,0.9859941,0.115152285,0.006366035,0.029148305,0.00032055183,0.8934756,0.002686061,0.4512009,0.004152561,0.9940949,0.007098269,0.020873737,0.0007106687,0.019821614,0.0015459182
0.0011301489,0.0054810313,0.00015781968,0.039389387,0.010295315,0.98964864,0.020073397,0.040303927,0.9848594,0.11778476,0.007165946,0.03082141,0.0003660425,0.88986266,0.0029621108,0.4588471,0.004652835,0.99363273,0.007907935,0.0226414,0.0008073201,0.021703316,0.0017535758
0.13556743,0.58244044,0.10629391,0.6772725,0.7135371,0.67051965,0.6103875,0.4323332,0.47182146,0.36836123,0.64232403,0.53628695,0.10379826,0.7536623,0.3825597,0.81193644,0.65054405,0.8651464,0.71065557,0.66959804,0.21400292,0.7183104,0.3540879
0.18575166,0.3970953,0.1618539,0.4909721,0.47998232,0.6893165,0.44658044,0.38660184,0.62140167,0.3855603,0.4278917,0.42589834,0.16478753,0.637886,0.30071062,0.6923111,0.42644322,0.7587054,0.4563563,0.4694064,0.20887357,0.4898701,0.27729684
0.002211012,0.013632359,0.0005106211,0.081966795,0.029038874,0.98145294,0.045386694,0.06453926,0.96930736,0.13613008,0.017571334,0.058245007,0.000776643,0.8720536,0.0059109093,0.6606207,0.011258979,0.9905813,0.019988025,0.05175704,0.0018857566,0.04779214,0.003926656
0.011567163,0.04691668,0.004160825,0.16019838,0.084700465,0.94749165,0.1059267,0.1258278,0.92212826,0.19870526,0.05476677,0.12566678,0.0055337604,0.80520356,0.024607472,0.6907098,0.042478748,0.96609646,0.063839875,0.116950884,0.009951314,0.110945515,0.017789103
0.005742825,0.030341739,0.0017888244,0.13289137,0.061781753,0.9650249,0.08119984,0.09912646,0.94411576,0.16865978,0.03738489,0.09673209,0.002370652,0.8386772,0.01383647,0.70902026,0.02665893,0.98088294,0.04339858,0.090899885,0.0050277887,0.085825056,0.009876684
0.00012282979,0.0007753208,7.719957e-06,0.011000231,0.0015173986,0.99773586,0.0046639377,0.013908172,0.99678063,0.072697826,0.0011003206,0.008418294,2.7657541e-05,0.93783796,0.00040235042,0.27559924,0.0005937455,0.9987495,0.0010878739,0.0048079956,7.624987e-05,0.004666788,0.0001965678
0.0005996307,0.0031997615,6.7521316e-05,0.028004808,0.0060785306,0.9933694,0.013548237,0.030247387,0.9901922,0.103184894,0.004250274,0.021811351,0.00017497125,0.90741974,0.0016850035,0.41228265,0.0026368194,0.9960031,0.0045976704,0.014905384,0.00041355554,0.014200381,0.00094813923
0.11783525,0.3019339,0.09307992,0.43714145,0.40198922,0.7597493,0.38224307,0.33207324,0.6896197,0.34223208,0.32874176,0.3690961,0.09436104,0.6705988,0.20338489,0.72946614,0.31430912,0.82509315,0.35626826,0.40213636,0.12966095,0.41716212,0.1824798
0.0013044507,0.0068891547,0.00020994834,0.047818154,0.013483984,0.9882256,0.02484769,0.045475528,0.9820992,0.12153159,0.008987832,0.03628578,0.00042981651,0.886983,0.00346114,0.519031,0.0058115837,0.9931404,0.010036234,0.028217811,0.0009782573,0.026517788,0.0021168534
0.0023007877,0.011673299,0.00046542287,0.06808195,0.023062777,0.9824421,0.037521824,0.06010249,0.9728324,0.13688363,0.014765999,0.051822368,0.00081883045,0.8691806,0.005731814,0.58566713,0.009854164,0.98976505,0.016926019,0.04274632,0.0017848883,0.040099498,0.0037192663
0.0033801603,0.01774028,0.00083431747,0.09240182,0.036030047,0.97635114,0.053173058,0.074915364,0.9625712,0.14907774,0.022295268,0.0686388,0.001280485,0.85673475,0.008292872,0.65061516,0.0150908185,0.98674726,0.025703233,0.060276832,0.0027757634,0.056411922,0.0056342445
0.036997538,0.14997475,0.021693135,0.32895237,0.2531538,0.8757873,0.25345433,0.22536562,0.81577814,0.25892657,0.17082302,0.25162867,0.022333456,0.75034404,0.07739099,0.7785241,0.14660968,0.9272257,0.19491433,0.27348366,0.03911264,0.275213,0.06446205
0.0006802836,0.0040048156,8.89586e-05,0.034109764,0.008066973,0.9923558,0.01680286,0.03358466,0.9883023,0.10589327,0.0053501585,0.025526091,0.00019784512,0.9035782,0.0019177666,0.47768667,0.0032011974,0.99582434,0.005806244,0.01881391,0.000493383,0.017648134,0.0011250328
0.07650976,0.1894752,0.05074449,0.32415536,0.25739047,0.8251084,0.26780236,0.26033747,0.7808744,0.3129344,0.20607899,0.27888498,0.055823546,0.68546325,0.12981074,0.6816299,0.18957244,0.8592055,0.22297236,0.28377134,0.074848935,0.28447434,0.10674582
0.007928027,0.03457329,0.0025146252,0.13428752,0.064106785,0.9592169,0.08488909,0.10712075,0.93841666,0.18226354,0.041048627,0.104101665,0.0035171022,0.8241935,0.017762452,0.67554903,0.031248488,0.97443783,0.04805053,0.09454982,0.006665558,0.08905553,0.012388947
0.001248393,0.0060592014,0.00018339403,0.041732844,0.011175939,0.9888986,0.021519437,0.04240678,0.9837704,0.120652035,0.007744008,0.032797154,0.00041181807,0.888027,0.0032982642,0.46881688,0.0051630577,0.9931458,0.008627314,0.024539372,0.00090845034,0.023294209,0.0019233724
0.08135885,0.19937453,0.05466042,0.33682176,0.2728216,0.8184463,0.2809682,0.27070034,0.77174824,0.3118568,0.21427445,0.28959218,0.060459852,0.68832237,0.13594279,0.6927973,0.19822124,0.8544009,0.23378532,0.29843006,0.08251309,0.29626974,0.11321411
0.004357743,0.022302926,0.0011864337,0.105129644,0.043552723,0.9719856,0.06272836,0.0838706,0.95594263,0.16000277,0.027320743,0.079362005,0.0017172389,0.8495648,0.010644714,0.6684964,0.019541066,0.98387516,0.0318446,0.071990415,0.0036417353,0.06586152,0.007167734
0.030699616,0.09144618,0.01447833,0.22017255,0.14081764,0.90434515,0.16263352,0.18009546,0.87003267,0.2479542,0.10080294,0.18392013,0.018226326,0.75004524,0.056720633,0.67389184,0.08556424,0.9274385,0.114666164,0.17637084,0.02772421,0.17058058,0.043191135
0.0024057478,0.012139832,0.00049511646,0.06989347,0.02362274,0.98191065,0.038581163,0.061615426,0.97204226,0.13908714,0.01537517,0.05280787,0.0008718577,0.86884874,0.006056328,0.58552504,0.010482119,0.9893583,0.017607803,0.04386309,0.0018931761,0.041074548,0.0039111027
0.07307139,0.18448399,0.047696244,0.32502994,0.2575732,0.830083,0.2672023,0.2599191,0.78343946,0.30557418,0.20028125,0.27811795,0.05271703,0.6934472,0.12350366,0.6948682,0.18208773,0.86548966,0.21883191,0.28243566,0.07230494,0.28148133,0.1025129
0.010760583,0.049016517,0.0040269447,0.17293386,0.09354065,0.94777334,0.11360232,0.12835899,0.9192825,0.19455096,0.058518004,0.12998712,0.0050493414,0.8106622,0.023810394,0.7230954,0.044152584,0.9691657,0.0678612,0.12520556,0.009633921,0.11978212,0.017678356
0.02187009,0.07711242,0.009736573,0.20941791,0.12834765,0.92047065,0.14911856,0.16331987,0.88631433,0.2301253,0.0879758,0.16761912,0.012010208,0.7715977,0.043373,0.7010701,0.071665555,0.9454591,0.10052764,0.16238426,0.0197217,0.15735653,0.032809872
0.00026464753,0.0016528489,2.39265e-05,0.018828804,0.0033056287,0.99606115,0.008548618,0.02094833,0.99414575,0.087027274,0.0023215385,0.014153192,6.7368564e-05,0.9242525,0.0008129803,0.37066266,0.0012863734,0.99785894,0.0023811087,0.009235581,0.000179721,0.0087161,0.00043938094
0.05576883,0.14311881,0.032034244,0.27609438,0.20173974,0.8596553,0.21974511,0.22709848,0.8212799,0.2859572,0.15411066,0.23661032,0.03808723,0.712322,0.09643202,0.6723571,0.13951933,0.886211,0.17114204,0.23654187,0.05379548,0.23034675,0.0763911
0.0082856715,0.04466401,0.003034999,0.17337546,0.09195926,0.95347303,0.1105766,0.12028698,0.9249789,0.18224473,0.054253336,0.12194276,0.0036938146,0.8235151,0.019554468,0.7471009,0.03922461,0.9757555,0.06323051,0.12290669,0.007791731,0.11779642,0.014890157
0.00032900053,0.0021044642,3.3437773e-05,0.02239042,0.00423832,0.99530655,0.010341868,0.023772182,0.9929518,0.091973156,0.002962392,0.016504956,8.6400476e-05,0.92052954,0.001017806,0.4062117,0.0016721657,0.9975261,0.0030484,0.011482255,0.00023464311,0.010667135,0.0005538902
0.0023626056,0.0107024945,0.00044416988,0.06021598,0.01930982,0.9829898,0.033504754,0.05771058,0.97469294,0.13924219,0.013074992,0.04842261,0.00085661124,0.8691346,0.005835951,0.5381784,0.0093017,0.9890126,0.01520834,0.03841015,0.0017709739,0.035477743,0.003554432
0.0014369369,0.007479211,0.00023799037,0.049923036,0.014392499,0.9874751,0.026308566,0.04723751,0.98110455,0.12479259,0.009592278,0.038324635,0.00047737698,0.8847537,0.0037872475,0.52576107,0.006346856,0.9925971,0.010821046,0.029930657,0.001076351,0.027954211,0.0023015856
0.01400117,0.06907165,0.006107144,0.22054163,0.13428447,0.9341254,0.15065053,0.15138593,0.89646417,0.2069944,0.081976235,0.1610222,0.006862111,0.800215,0.031737953,0.76608765,0.06313067,0.9640435,0.09517083,0.16526316,0.013518489,0.16014174,0.024597593
0.019437538,0.10578201,0.010029617,0.29330906,0.20415951,0.91312337,0.21147117,0.18595771,0.85687417,0.22246353,0.12377176,0.20989682,0.010071514,0.78838784,0.04596045,0.81065243,0.09820226,0.95711744,0.14497733,0.23070557,0.020691367,0.22968988,0.037519578
0.16609289,0.40635288,0.14268504,0.5155866,0.5094119,0.7004446,0.4673126,0.3884666,0.6087331,0.37203434,0.44098234,0.4389893,0.14305843,0.65997386,0.28724897,0.7346452,0.43527097,0.79045314,0.4763688,0.4916565,0.19399792,0.52010053,0.26944605
0.15129319,0.5598581,0.12406432,0.6542385,0.6858408,0.6670785,0.5952333,0.43209198,0.4841588,0.37326685,0.6113848,0.5313238,0.12111291,0.732795,0.37261882,0.8014285,0.6174724,0.84545416,0.6753438,0.64691037,0.22398746,0.6927883,0.350677
0.21065074,0.40784773,0.18822615,0.49146888,0.48082876,0.6741515,0.45199853,0.3982415,0.61259574,0.39698353,0.4365865,0.43495646,0.19359866,0.6240688,0.32018512,0.67497104,0.43591306,0.7325964,0.4614996,0.47078562,0.23258206,0.4907816,0.29927686
0.009118025,0.032542348,0.0026492882,0.11797307,0.054158263,0.9586793,0.074831404,0.104422614,0.9410641,0.18756492,0.03726386,0.096797965,0.0042397166,0.81660765,0.019380491,0.6036733,0.029920463,0.96988857,0.043861415,0.083583966,0.007302795,0.07979099,0.013042839
0.11191598,0.3509465,0.08941429,0.49572203,0.47676393,0.7505557,0.43485072,0.3497699,0.64967114,0.33780235,0.38563347,0.40434286,0.08724718,0.6927706,0.21963823,0.77338713,0.3715999,0.84651667,0.42612338,0.46358708,0.13484451,0.490285,0.20153588
0.043244682,0.1520625,0.025922358,0.31939575,0.2443529,0.8690005,0.24978168,0.23019081,0.8130025,0.27002093,0.17214541,0.25296745,0.027394226,0.735351,0.084174864,0.756158,0.14756773,0.9150304,0.19291055,0.26608828,0.043898102,0.26762697,0.070066236
0.007581915,0.026409341,0.0020106044,0.102360904,0.04400842,0.9640798,0.06355943,0.094035104,0.9480909,0.17800735,0.030707953,0.08553339,0.003434123,0.8223885,0.016088717,0.5771477,0.023654493,0.97344697,0.03580551,0.07202037,0.005964845,0.06866852,0.010705261
0.033984385,0.11971287,0.018281167,0.2758157,0.19632538,0.88948286,0.2083729,0.20370793,0.8440667,0.25480467,0.13498858,0.21858403,0.020330487,0.74958575,0.066645615,0.7365766,0.11521117,0.92690796,0.15319462,0.22482298,0.033343226,0.2209689,0.0532645
0.0075669326,0.041327022,0.0027283302,0.16543245,0.08497368,0.9564906,0.105147734,0.11612509,0.9290543,0.18001917,0.05047719,0.11921573,0.0032743688,0.827312,0.018066354,0.7500626,0.036204644,0.97713953,0.058688734,0.11648139,0.006900206,0.110554285,0.013297366
0.054531835,0.18560138,0.035504393,0.35446396,0.28702345,0.8463165,0.28550228,0.2537994,0.7832401,0.2864942,0.20865262,0.28313214,0.036260076,0.7206198,0.10507467,0.7601567,0.1830184,0.9003819,0.23177919,0.3030295,0.05712314,0.30902272,0.08948021
0.0054165116,0.023817528,0.0014823639,0.10490063,0.04465236,0.9686576,0.06341593,0.08826413,0.9522603,0.1657075,0.02869168,0.08111306,0.0022901632,0.8367964,0.012328851,0.6352688,0.020522095,0.9805502,0.033416133,0.0719279,0.004479538,0.06793064,0.008513061
0.021239,0.10315917,0.010924439,0.28010973,0.19391629,0.91097116,0.2027616,0.18509623,0.8600647,0.22773907,0.1201822,0.20390373,0.0113799665,0.7809626,0.04752903,0.79001087,0.095864266,0.9524211,0.13927214,0.21972695,0.022093974,0.21783093,0.03880029
0.07904997,0.22886722,0.056070544,0.385583,0.33053565,0.8105796,0.3236634,0.28729814,0.74657,0.30999368,0.2510884,0.318365,0.057701156,0.69780606,0.14203829,0.74377006,0.23023397,0.86753386,0.27655333,0.34224564,0.0851519,0.3477267,0.12339295
0.10001877,0.2795613,0.07637153,0.4302222,0.38907725,0.77945584,0.3706955,0.31889376,0.70565903,0.3278642,0.30690643,0.35745528,0.07684468,0.68426955,0.17825852,0.7486873,0.28772876,0.8475153,0.33571756,0.38942626,0.11024731,0.40412953,0.15976019
0.007405604,0.03333592,0.00232181,0.13474703,0.06418978,0.9605608,0.084041215,0.10546289,0.939689,0.17756818,0.040495377,0.1014258,0.003268493,0.8262791,0.016560134,0.68210554,0.0297255,0.9761548,0.047028195,0.09329416,0.0062968237,0.08861214,0.011919962
0.0032081997,0.01229067,0.0005999588,0.06247564,0.020948716,0.9801083,0.035268582,0.0627739,0.97158086,0.14768787,0.014814254,0.052288435,0.0012449191,0.85703975,0.0074294657,0.5011263,0.0109472,0.98572457,0.017164832,0.03992297,0.002317708,0.03840402,0.0045427205
0.048474595,0.17565066,0.03109528,0.34923825,0.27864242,0.8553868,0.27824092,0.2454468,0.79165787,0.2789077,0.19796225,0.27518472,0.031419214,0.7294734,0.09586736,0.7696516,0.17091346,0.9093482,0.2215493,0.2960781,0.0512489,0.30038464,0.081253126
0.06004776,0.25850472,0.041913114,0.4483802,0.40274778,0.820596,0.37216422,0.29209688,0.72098553,0.28786963,0.28640646,0.344387,0.04007535,0.7374972,0.13489047,0.81363374,0.26445502,0.9062384,0.33065185,0.40295818,0.07353515,0.42054123,0.11976775
0.0031787222,0.018377522,0.0008263198,0.09795761,0.03860694,0.9762865,0.056312494,0.07572616,0.9614522,0.14756364,0.02334827,0.070480086,0.001185718,0.8592758,0.008076018,0.6810986,0.015366611,0.9876743,0.026785813,0.06412274,0.0027209942,0.059556037,0.005532475
0.0005930871,0.0036224395,7.7176715e-05,0.03279226,0.007536052,0.9929016,0.015954189,0.03204968,0.98898226,0.10266092,0.004995622,0.024096742,0.00017200004,0.9057756,0.0017030321,0.47830844,0.0028601615,0.996231,0.005325303,0.01782161,0.00043993053,0.016714614,0.0010154258
0.019804,0.09029212,0.009530174,0.25464466,0.169181,0.9180162,0.18135622,0.17528096,0.87278926,0.22280474,0.10622073,0.18930669,0.010429897,0.7835381,0.04301966,0.77245396,0.08392678,0.953835,0.12231133,0.19759223,0.01955404,0.19420367,0.034471527
0.007937927,0.035807166,0.0026005558,0.13916875,0.06760868,0.957933,0.08778863,0.10851666,0.93628937,0.18171935,0.042955358,0.10528303,0.0035404358,0.82302064,0.017993001,0.68522584,0.031972416,0.97478443,0.04999616,0.0984361,0.0069103045,0.09322719,0.012756048
0.022371966,0.100396864,0.011269649,0.26876965,0.18352623,0.9108468,0.19465017,0.18417202,0.86302096,0.23051955,0.11691863,0.20019397,0.0121633625,0.77700156,0.04858007,0.7740102,0.094646014,0.9492872,0.13445011,0.21099782,0.022458222,0.20832919,0.039017115
0.017860478,0.08394203,0.008395155,0.24468035,0.15821391,0.923046,0.17225617,0.16779973,0.8800097,0.21870708,0.09879447,0.1802223,0.009244579,0.7887546,0.03962267,0.77043915,0.07802937,0.95700824,0.11416703,0.18722452,0.017612753,0.18384933,0.031334475
0.0045890077,0.019198865,0.0010951989,0.089495584,0.035241332,0.9732097,0.052611466,0.07949258,0.96014476,0.15930049,0.023456322,0.070796564,0.0018712068,0.84503293,0.010430464,0.59458655,0.017035477,0.9823825,0.027208349,0.059368182,0.0035761015,0.056314457,0.0069455616
0.0007085962,0.003829301,8.8228015e-05,0.032524727,0.0075792777,0.9923355,0.015896937,0.033455994,0.98852277,0.10590396,0.005233886,0.024832826,0.00021293302,0.9023229,0.0019504552,0.4471101,0.0031643482,0.9955537,0.0056337556,0.017751316,0.0005020462,0.016914206,0.0011474141
0.08631447,0.24497665,0.062672384,0.3984221,0.34790012,0.8002048,0.33787486,0.2977341,0.7333908,0.31589225,0.26775113,0.33058983,0.06432994,0.6931533,0.15422298,0.74364215,0.24794646,0.85960877,0.2938857,0.35797843,0.09398328,0.3652714,0.13485143
0.0032421597,0.016800622,0.0007844212,0.08922319,0.034177374,0.9771606,0.051073223,0.07314689,0.9640476,0.14814539,0.021188391,0.06609948,0.0012325676,0.8577152,0.00792779,0.6416897,0.014304117,0.9870509,0.024380453,0.057804298,0.0026521815,0.054011542,0.005402875
0.12035314,0.28771144,0.094471306,0.4188559,0.3780344,0.7625398,0.36549327,0.32607418,0.70087117,0.34511638,0.3128043,0.3587549,0.097086586,0.6619809,0.19935796,0.71145123,0.2974721,0.81726336,0.33599502,0.38179594,0.12761258,0.3942132,0.17767163
0.031492945,0.13229835,0.017792512,0.31155404,0.23173964,0.8883676,0.2361587,0.21275392,0.83072394,0.2490777,0.15213105,0.23632416,0.018423064,0.75869244,0.066027895,0.7825333,0.12602948,0.9355181,0.17369275,0.25375214,0.032789048,0.25413695,0.055072647
0.0035072195,0.016242262,0.0008192296,0.08274736,0.031165954,0.97686714,0.047757618,0.072191514,0.9643484,0.15103196,0.020041082,0.06337919,0.0013803809,0.852796,0.008299432,0.6045473,0.013727102,0.9858532,0.023188792,0.054332875,0.002839959,0.05119551,0.005611585
0.08821473,0.35095817,0.06744075,0.5152278,0.49844167,0.76885897,0.44545305,0.33972678,0.6476342,0.31819725,0.38706532,0.4051677,0.06428371,0.72357863,0.1999681,0.80839825,0.37326318,0.8791227,0.4391534,0.48424917,0.115036726,0.5124751,0.18235807
0.14374368,0.5570103,0.11575943,0.65472484,0.68606097,0.6729637,0.59275305,0.42858496,0.48994884,0.36964643,0.61190605,0.52566004,0.113297395,0.7374526,0.3682886,0.8038634,0.6189013,0.85214055,0.6770741,0.64603525,0.21530919,0.69351137,0.34385398
0.020984706,0.06261414,0.008194902,0.16909672,0.09462062,0.92813456,0.11861195,0.14701055,0.9026562,0.22840796,0.068633676,0.14414345,0.011564939,0.770656,0.04040588,0.62668127,0.05856669,0.94318116,0.07958096,0.13053404,0.017630039,0.1261418,0.028433202
0.015754025,0.068580545,0.0068242364,0.20820408,0.124555685,0.93168867,0.14370732,0.15108381,0.89701176,0.21486565,0.08011125,0.15875855,0.007934822,0.79249716,0.034356378,0.73736405,0.06390289,0.95897895,0.09295238,0.15843934,0.014666637,0.15177529,0.025779778
0.011658823,0.06472415,0.0050105387,0.22095424,0.1316624,0.9398576,0.14809012,0.14540432,0.9009717,0.19827655,0.078056976,0.15554342,0.0055165887,0.80990124,0.02773254,0.7843894,0.057961766,0.96963096,0.09068874,0.16250639,0.011524374,0.1581591,0.02162074
0.02719178,0.14699462,0.015969437,0.35140112,0.2704192,0.88894945,0.26563287,0.21776651,0.81640106,0.2413189,0.16991854,0.25263554,0.015239881,0.77348113,0.06481005,0.8243642,0.13860324,0.9461827,0.19787088,0.28701565,0.031065468,0.29321653,0.05541687
0.0062371264,0.024319293,0.0016392713,0.10244589,0.04344217,0.9675049,0.06220984,0.090128355,0.9516908,0.16985132,0.029132523,0.082074486,0.0027095655,0.83210707,0.01368772,0.6044543,0.021631187,0.9777704,0.033840682,0.0703654,0.0049638157,0.06678443,0.009289615
0.062399365,0.2046152,0.04244973,0.37188393,0.30905357,0.8325557,0.30444506,0.2672349,0.7673005,0.29639784,0.22877564,0.2990444,0.042914513,0.7114752,0.11834364,0.7587847,0.2031638,0.8900431,0.25254065,0.32199427,0.06632789,0.32917976,0.101882994
0.012560312,0.061624855,0.005272298,0.20575677,0.12092835,0.93968916,0.13871174,0.14302452,0.9035493,0.20100448,0.07256209,0.14911747,0.0061150594,0.8042496,0.028309593,0.75681627,0.05456618,0.9667085,0.08466855,0.15208395,0.012120256,0.14667442,0.022187099
0.014339632,0.07695806,0.006570627,0.24297892,0.15356793,0.9308185,0.16740176,0.15940505,0.8870506,0.2076433,0.09211525,0.1735093,0.0070303557,0.8006065,0.033508316,0.7906711,0.07000508,0.96480256,0.106887914,0.18348627,0.0143423285,0.1799475,0.02650192
0.006215912,0.073210225,0.0027457061,0.29311946,0.1830979,0.94798505,0.1897662,0.14476311,0.8900768,0.16696444,0.09048663,0.17198232,0.0025069294,0.8496393,0.021534037,0.8804017,0.061952133,0.98481226,0.110814735,0.2153202,0.007984553,0.22015081,0.017432118
0.017562265,0.0693924,0.007470568,0.2035807,0.121775985,0.92955506,0.14136216,0.15330842,0.8962819,0.21939537,0.08021047,0.15765314,0.0091730505,0.78621423,0.03681701,0.71521825,0.06502766,0.9545159,0.09282427,0.15406072,0.016025154,0.14907654,0.02770435
0.0039519467,0.016582988,0.0008972312,0.080673344,0.0301773,0.97560215,0.046647456,0.07310135,0.9638018,0.15340018,0.020443602,0.063742764,0.0015976067,0.84891486,0.009060353,0.5751787,0.014415142,0.98409766,0.023508308,0.05339022,0.0030970753,0.0506206,0.0060082753
0.0035465085,0.016382797,0.0008228367,0.08349305,0.031489477,0.97635,0.04782494,0.07232536,0.9641253,0.14947899,0.020600324,0.063540064,0.0013913084,0.85314465,0.008336086,0.602715,0.01401663,0.9858461,0.023577679,0.055127077,0.0028502187,0.05194268,0.0056298673
0.004851808,0.03220058,0.0016247599,0.15094489,0.07189526,0.96585476,0.09148909,0.10066032,0.94101125,0.1616313,0.04060446,0.1025754,0.0019206913,0.8461257,0.012734861,0.7660928,0.027275618,0.9842328,0.047000468,0.10238127,0.00459101,0.09720986,0.009314394
0.086076796,0.25952837,0.06416017,0.4208181,0.37388414,0.79596394,0.35778272,0.30571955,0.7214764,0.31655037,0.28574356,0.34479442,0.06394419,0.69515514,0.15809074,0.76136094,0.26281103,0.8637947,0.31448832,0.375667,0.095581345,0.3880468,0.14069532
0.0041546808,0.02115343,0.001101471,0.10376139,0.04281,0.9726049,0.060734373,0.082101546,0.9571681,0.15619233,0.026478082,0.07593317,0.0016482256,0.848568,0.009970341,0.66159534,0.01823798,0.9845824,0.030602781,0.06873039,0.0035034867,0.0645536,0.0069885706
0.0077091283,0.035514288,0.0024771541,0.13945608,0.0677636,0.9589173,0.087835565,0.10777772,0.9376687,0.18092498,0.04238207,0.105408944,0.003362904,0.8263558,0.017610006,0.68891215,0.0321702,0.9754851,0.049744625,0.09859986,0.0066466983,0.09242002,0.012475304
0.024885781,0.09637005,0.012350093,0.24946311,0.1657632,0.90949005,0.18186267,0.18184154,0.8667924,0.237722,0.110953614,0.19386074,0.01398815,0.7665714,0.05065759,0.7430145,0.090228096,0.94244695,0.12621364,0.19596414,0.023695147,0.19255477,0.03988974
0.024626119,0.14105332,0.013936458,0.34973094,0.26712322,0.8946814,0.26188886,0.21329233,0.8222082,0.23341104,0.16330433,0.24805233,0.0133925835,0.78162223,0.06048286,0.8305223,0.13412264,0.951274,0.19285555,0.2858102,0.028288327,0.29055202,0.0514441
0.0037403617,0.0143904295,0.0007660869,0.070337065,0.025094664,0.9776744,0.040397137,0.068195805,0.9672469,0.15195005,0.01741997,0.058032114,0.0014853007,0.8505454,0.008464543,0.5272974,0.012568191,0.9843035,0.020131221,0.045995053,0.0027898957,0.044151247,0.005421461
3.7994396e-05,0.00031173695,1.8113288e-06,0.0065648896,0.0006832445,0.9989008,0.0025296938,0.008348393,0.99842286,0.05607746,0.00049495057,0.0046569416,7.036502e-06,0.9534354,0.00014158676,0.24104503,0.00021980367,0.99949384,0.00044606652,0.0024944514,2.336586e-05,0.0024310632,6.712386e-05
0.001045017,0.005456911,0.00015118126,0.040624425,0.010591285,0.9899922,0.020580998,0.04021529,0.9849517,0.115853,0.0072242026,0.031120323,0.00033458593,0.89230865,0.0027950718,0.48376226,0.0045745806,0.99409676,0.007961426,0.023146152,0.00076049956,0.022096125,0.0016765002
0.0013977202,0.006479657,0.00020605691,0.043109965,0.0117946435,0.9883406,0.022518514,0.044267442,0.98292714,0.12390488,0.008163303,0.03484805,0.00046559994,0.8847726,0.0035931806,0.46975532,0.0055862023,0.9924614,0.009271591,0.02526845,0.000984171,0.024214331,0.002103585
0.01143268,0.047719,0.004203118,0.16425905,0.087895416,0.9475421,0.10846628,0.1269817,0.9201972,0.19779998,0.055672232,0.12601426,0.005528583,0.80537105,0.024505794,0.698516,0.04235097,0.96683216,0.06495737,0.11950666,0.010134702,0.114163615,0.018250853
0.005009925,0.023246216,0.0013702066,0.1060434,0.044988565,0.9700282,0.06357225,0.08712768,0.9533921,0.16362517,0.028370198,0.08014182,0.0020894404,0.840413,0.01158318,0.6488471,0.019974414,0.98186034,0.032990783,0.07154077,0.0041880766,0.06765562,0.008134806
0.011946197,0.036836877,0.0035753457,0.120195426,0.05648349,0.9520967,0.07844744,0.11168944,0.93458265,0.1990115,0.040773872,0.10359522,0.005901393,0.80160475,0.024216872,0.57159466,0.03417552,0.9617888,0.048053347,0.08800865,0.009428992,0.08436269,0.016009973
0.042163566,0.28876558,0.02782499,0.5154942,0.4761798,0.8347922,0.42523092,0.2963636,0.69154954,0.2585081,0.31807294,0.3709587,0.0254719,0.7839891,0.1258687,0.8709636,0.29235372,0.9396442,0.38682956,0.47139004,0.061762527,0.50681126,0.11230576
0.007887886,0.033075538,0.0024658625,0.12889588,0.060696937,0.9596018,0.0810644,0.10494,0.939235,0.18055052,0.039655473,0.10016709,0.0035597004,0.8216298,0.017206889,0.6635041,0.029111773,0.97442687,0.046061814,0.091206886,0.0066385367,0.08647546,0.012185497
0.05706479,0.19094639,0.037879545,0.36300978,0.29717365,0.8416234,0.29468936,0.260392,0.77733916,0.28797707,0.21368152,0.29050592,0.03842245,0.7187398,0.1082198,0.7649606,0.18664561,0.89741,0.23751879,0.3115345,0.061126266,0.31505474,0.09338357
0.011274459,0.04694647,0.004047745,0.16252491,0.08612449,0.94795924,0.10674671,0.12588002,0.9223666,0.19658104,0.055183947,0.12501933,0.0053684236,0.80806416,0.024324117,0.69427544,0.043010388,0.96717995,0.06444645,0.11751658,0.009821427,0.112245366,0.01773202
0.007974629,0.032592766,0.002474966,0.12608647,0.05897175,0.9593426,0.07935695,0.10396713,0.93977076,0.18084069,0.03902107,0.09848498,0.0036147542,0.82034063,0.017338937,0.65226215,0.028809758,0.9739909,0.045178276,0.08953585,0.0067017935,0.084798425,0.012216945
0.0020381622,0.011374989,0.00042414645,0.06915666,0.023001147,0.9833172,0.038003694,0.05901656,0.973491,0.13455409,0.014528531,0.05130467,0.0007110338,0.8740981,0.0052977973,0.6120702,0.009496722,0.99078935,0.01655667,0.04330177,0.001632151,0.03995239,0.003415269
0.0027635952,0.01283642,0.0005833208,0.069041334,0.02379265,0.9799462,0.03884804,0.06303869,0.9702524,0.14336197,0.015903212,0.053530216,0.0010410736,0.8611266,0.006721352,0.56617606,0.010904575,0.98796797,0.018284325,0.045303296,0.0021786087,0.042335697,0.004291182
0.010492893,0.04076548,0.003470054,0.14284028,0.07103593,0.9525194,0.092565544,0.11686238,0.9305942,0.19493648,0.0474707,0.11305267,0.0049893665,0.81123674,0.022654032,0.65622747,0.038036592,0.9676999,0.055570755,0.10256544,0.008791242,0.0976056,0.01575685
0.016874133,0.066665545,0.0070319595,0.19878706,0.11711976,0.9318982,0.13727035,0.15032886,0.8994691,0.21744113,0.077155545,0.15397307,0.008768932,0.7886669,0.035451047,0.7118915,0.062638804,0.9557492,0.08931711,0.14982632,0.015267205,0.14457892,0.026494712
0.0007214731,0.003873902,9.3399954e-05,0.032204136,0.0075574806,0.99206686,0.015949203,0.03337556,0.988171,0.10693415,0.0051594274,0.024639087,0.00022058551,0.90022624,0.0019871679,0.4445741,0.00310284,0.9954828,0.005586634,0.017958455,0.0005239917,0.01707455,0.0011586127
0.004374812,0.021362964,0.0011538173,0.10286494,0.04253266,0.9724265,0.060754202,0.08332227,0.9568588,0.15851797,0.026364567,0.07686807,0.0017573308,0.84725404,0.010336456,0.6532539,0.018510897,0.98375815,0.030659435,0.06808892,0.003621935,0.06393839,0.007217885
0.005689828,0.027528176,0.0016631372,0.11944684,0.05332243,0.9664443,0.07258695,0.09407303,0.9484765,0.1694003,0.033539966,0.08954466,0.0023692641,0.83831537,0.013470106,0.6726435,0.024621865,0.98036593,0.039088346,0.08219236,0.0048167147,0.07710852,0.009305189
0.026666148,0.09365222,0.012843485,0.23608457,0.15465368,0.90817815,0.1723422,0.17974716,0.8701055,0.2412939,0.10566898,0.18736702,0.015287291,0.7625926,0.052828606,0.7129927,0.089460626,0.9373361,0.12121824,0.18663111,0.025000507,0.18201953,0.0407863
0.029048638,0.12707055,0.016102768,0.30482385,0.22328472,0.89310974,0.22879381,0.20653892,0.83711886,0.24644332,0.14665057,0.2290896,0.016734313,0.76341397,0.06267864,0.7823984,0.122276984,0.939058,0.16786407,0.247408,0.030216541,0.2472013,0.051313814
0.09984888,0.38219678,0.07821873,0.5372707,0.529422,0.75145435,0.4720909,0.35826302,0.62268984,0.32679555,0.41840902,0.4268897,0.07498883,0.7198585,0.2237497,0.8089553,0.40828592,0.87022644,0.47246316,0.51088476,0.1322529,0.54378784,0.20654637
0.011305606,0.052795596,0.0044182357,0.18339492,0.102030896,0.9448533,0.12139223,0.13299794,0.91420084,0.19614264,0.063615076,0.13593133,0.005346311,0.8079012,0.025027314,0.73689073,0.047079932,0.9685938,0.073387705,0.13419275,0.010402083,0.12883526,0.018982543
0.034934726,0.13598207,0.020024788,0.30909204,0.2302344,0.8830239,0.23647712,0.21685256,0.8273086,0.2562636,0.15583512,0.23926435,0.020982075,0.7499346,0.07077729,0.7704202,0.1299536,0.9287758,0.17618294,0.25316265,0.03578928,0.25359657,0.058715202
0.003605703,0.021829704,0.0010120494,0.11184565,0.04668971,0.9735962,0.064968556,0.08240476,0.9565301,0.15228644,0.027950274,0.07870241,0.0013659663,0.8560577,0.009368994,0.7059617,0.018695321,0.9867085,0.03194497,0.07387112,0.003167644,0.06913411,0.0065136403
0.003275608,0.016406804,0.00076989795,0.08617767,0.032384105,0.97749716,0.049145326,0.07216472,0.9649517,0.14903885,0.020484593,0.06436236,0.0012493619,0.85877615,0.008001431,0.6235153,0.014225181,0.98676366,0.023700662,0.055459872,0.0026554817,0.05201051,0.0054075047
0.0035614767,0.024156403,0.0010586219,0.12694879,0.055047937,0.972514,0.07343876,0.08672024,0.95252895,0.15039863,0.03129438,0.08472674,0.0013459361,0.85714334,0.009456783,0.7420574,0.020277547,0.98741865,0.03588344,0.08241963,0.0032774736,0.07827553,0.0069113807
0.020285409,0.09060029,0.009835097,0.25422722,0.16835055,0.9168455,0.1813574,0.17516255,0.8723352,0.22398941,0.10633507,0.18812631,0.010818393,0.78074324,0.043611687,0.7680224,0.08386276,0.9526487,0.12202461,0.19674231,0.020264037,0.19297627,0.03516469
0.0035720703,0.020165153,0.0009522915,0.10409058,0.042572204,0.9743628,0.06014149,0.0794742,0.9589362,0.15105198,0.025565602,0.073905036,0.001365827,0.85509765,0.008972207,0.68071985,0.017186912,0.9865427,0.029417854,0.068191126,0.003094022,0.06392802,0.006294109
0.0042510713,0.015690882,0.0008797659,0.0730548,0.02635563,0.97615665,0.042333838,0.07164893,0.9658012,0.15702145,0.018657722,0.06105976,0.0017493399,0.84746855,0.009620882,0.5205525,0.014182336,0.98235476,0.02168152,0.047854498,0.003140396,0.04594962,0.0060098306
0.0018184865,0.008389802,0.0003052721,0.052634817,0.015774697,0.9858348,0.02805206,0.051256947,0.9788417,0.12956414,0.010818724,0.04134514,0.00064173376,0.87691873,0.0045327824,0.5098079,0.007258393,0.9909731,0.0121593345,0.031793427,0.0013376889,0.030226465,0.0028163972
0.0007717737,0.004007812,9.506907e-05,0.032430377,0.0075625107,0.99204457,0.015934944,0.034116585,0.98829156,0.109165624,0.005342222,0.02519261,0.00023521004,0.9012334,0.0021255629,0.43276867,0.0034045775,0.99518543,0.005818186,0.017763378,0.00053872785,0.017016962,0.0012166961
0.0037100194,0.03174919,0.0012460034,0.16434206,0.07839208,0.9689288,0.09658902,0.09803251,0.9416333,0.15140049,0.040625867,0.10137111,0.0013871111,0.858716,0.010783026,0.80326146,0.026070636,0.9880052,0.04746506,0.10831657,0.0038187453,0.10405267,0.00827218
0.0005513106,0.0032313708,6.549723e-05,0.029136049,0.0063549234,0.99338865,0.013986123,0.029912047,0.99017346,0.10228879,0.004411001,0.021882992,0.00015681973,0.9093691,0.0016100822,0.43710992,0.0026538013,0.99635005,0.0046911263,0.015740516,0.00039647165,0.014742798,0.0009100678
0.034597903,0.16467951,0.02083745,0.3620479,0.28837815,0.8742539,0.279927,0.233489,0.801388,0.2537044,0.18917684,0.26770642,0.020506933,0.76060075,0.07845426,0.8102172,0.16104484,0.93481666,0.21854421,0.30320096,0.039068326,0.3106927,0.066957556
0.0016895729,0.0073431567,0.00026127353,0.045942985,0.013041845,0.9868117,0.024320632,0.047560945,0.98090196,0.12860015,0.009257993,0.037277143,0.0005951946,0.8782675,0.0042216773,0.46709657,0.0063820765,0.9911829,0.010458604,0.027452296,0.0012043937,0.026480688,0.0024967778
0.008872907,0.0533674,0.0035578758,0.2015803,0.113510236,0.9488713,0.13056895,0.13103886,0.9144058,0.18582441,0.06574871,0.13824761,0.003961416,0.8229563,0.022006461,0.7830955,0.04756335,0.9754244,0.07646506,0.14392486,0.008712064,0.13976653,0.01698757
0.012514325,0.06437487,0.0052805245,0.215486,0.12889925,0.93851644,0.14496213,0.14632766,0.9015633,0.20007806,0.077447236,0.1542913,0.0060023437,0.8064259,0.02882791,0.7695203,0.05843298,0.96745825,0.08983664,0.15917401,0.012126241,0.15457015,0.022450052
0.023106996,0.102688,0.0117445225,0.27090067,0.1859513,0.9091363,0.19660403,0.18593465,0.8608978,0.2325995,0.119703725,0.20197608,0.012692425,0.7754197,0.05005701,0.77212846,0.09727923,0.94785494,0.137381,0.21296787,0.023217322,0.2111913,0.040242784
0.0017947545,0.015810331,0.0004693014,0.104708515,0.03926215,0.9814663,0.056678638,0.068101935,0.9656275,0.12830636,0.021110436,0.06510534,0.0005969797,0.8801409,0.00546124,0.75226533,0.012470946,0.9927483,0.02385382,0.06408688,0.00172792,0.060424495,0.0038772062
0.0020470757,0.011725444,0.00043181403,0.07120172,0.023952326,0.98310965,0.038921863,0.05956087,0.9731357,0.13463332,0.0151253585,0.052107733,0.0007096714,0.87483406,0.0054294993,0.61693347,0.009938558,0.99085206,0.017130539,0.044621505,0.0016590599,0.04129725,0.003499798
0.0005283582,0.0033867396,6.69676e-05,0.031289954,0.0069417376,0.9934056,0.015100871,0.030527929,0.9897574,0.10079378,0.004666387,0.022871057,0.00014821716,0.91011447,0.0015741392,0.47646222,0.0026881425,0.99656314,0.00494455,0.017017545,0.00039366056,0.01574837,0.0009093939
0.0028098284,0.020550879,0.0007947407,0.11511269,0.047038563,0.97633874,0.06549137,0.078410655,0.95852095,0.14397267,0.026569627,0.07643784,0.0010055662,0.8664606,0.007913061,0.7404107,0.017075047,0.9894895,0.030397419,0.0745782,0.0025975988,0.06983674,0.0055356715
0.01099537,0.055385493,0.0043894285,0.1928099,0.10888581,0.94463575,0.12728108,0.13509184,0.9120364,0.19606091,0.066854104,0.13966632,0.005163739,0.81181,0.025549544,0.7505714,0.050401177,0.96966416,0.07736645,0.14029558,0.010366938,0.13575049,0.019316792
0.0058633815,0.03275608,0.0019106077,0.14286233,0.06803676,0.96353143,0.08747047,0.10254545,0.9409305,0.16957931,0.04088143,0.10138661,0.0024371187,0.8386176,0.01447099,0.72765404,0.028943704,0.98096085,0.0471562,0.098155014,0.00527776,0.09297861,0.010422576
0.00091948616,0.005751934,0.00014713767,0.045966282,0.012382496,0.9901155,0.023173274,0.041026417,0.9842339,0.1123239,0.007871078,0.03276927,0.00028436122,0.89527607,0.0025789875,0.5489358,0.0046162237,0.99493176,0.008543781,0.026226442,0.0007221344,0.02450302,0.0016344968
0.0001384937,0.0009855472,1.034695e-05,0.01379626,0.002040373,0.9973794,0.005884766,0.015666157,0.99613476,0.07563367,0.0014673413,0.010002742,3.139012e-05,0.93593943,0.00046034058,0.33455428,0.0007496664,0.99869484,0.0014318731,0.006209561,9.230443e-05,0.0059257722,0.00023898858
0.005521407,0.05053585,0.002200756,0.22150718,0.122657426,0.95729125,0.13787276,0.123056814,0.9172097,0.1654871,0.06372317,0.13637216,0.002212761,0.8476362,0.016726522,0.8397624,0.042963937,0.9845674,0.075535014,0.15442818,0.0061042677,0.15273088,0.013054887
0.0025247026,0.015851252,0.0006194315,0.091763936,0.034362722,0.97944874,0.0511521,0.06974017,0.96599793,0.14032732,0.020608656,0.06380853,0.00090563286,0.86812246,0.0067311516,0.6792206,0.013323084,0.9897572,0.023401426,0.05791399,0.0021707802,0.054190807,0.004593589
0.0296189,0.16057014,0.017605025,0.36777747,0.2917987,0.8816469,0.2809189,0.22744368,0.80511063,0.24475907,0.18565886,0.26414683,0.016911505,0.7726122,0.071539514,0.8260272,0.1558441,0.94366807,0.21669996,0.30608395,0.034520287,0.31508666,0.06125357
0.000646499,0.0042138407,9.0866146e-05,0.03711764,0.008909257,0.99226063,0.018122027,0.03445814,0.9877707,0.10473364,0.0058366978,0.026534593,0.00018774514,0.90483075,0.0018928265,0.5132668,0.003354,0.9960789,0.0062308935,0.020402035,0.00049504143,0.019019784,0.0011426933
0.0074622254,0.03447901,0.0023845502,0.13796791,0.06602056,0.9601195,0.08614802,0.10678022,0.93851066,0.17947862,0.041918475,0.10348113,0.0032939466,0.827472,0.0170596,0.68791556,0.031242942,0.9760611,0.048644662,0.09576935,0.0063876095,0.09105881,0.012149899
0.0036073732,0.019975444,0.0009433087,0.103085004,0.0417544,0.9746113,0.05931399,0.079529464,0.95920944,0.15135412,0.0253445,0.07339713,0.001387939,0.8552923,0.008965354,0.6740067,0.017157562,0.98641104,0.029169615,0.0667216,0.0030680718,0.06301825,0.0062920423
0.09386019,0.33401,0.07264615,0.49242213,0.4694972,0.768184,0.42551026,0.3352417,0.66283166,0.32417297,0.36859632,0.39254066,0.06993565,0.7093445,0.19760783,0.7898617,0.35299355,0.8672964,0.41281065,0.45867118,0.116549365,0.482888,0.17932786
0.0047034565,0.023756387,0.001313929,0.1119508,0.04814075,0.97034675,0.06662163,0.087770306,0.95322925,0.16082352,0.029424215,0.08194208,0.0019135819,0.84454477,0.011176303,0.6733011,0.020511303,0.9831397,0.034141574,0.07485251,0.0040098513,0.07050397,0.00795281
0.0012186615,0.006264379,0.0001876569,0.044925768,0.01236696,0.98882675,0.023125272,0.0434863,0.98314637,0.11927016,0.008294084,0.034150973,0.00040179482,0.88756233,0.0031812205,0.50135535,0.0052478923,0.99341255,0.009177467,0.026081655,0.0009015356,0.024765162,0.0019747345
0.0007081365,0.0045190672,0.00010320551,0.03936481,0.0098153725,0.9917007,0.019370489,0.03608294,0.98687965,0.10623843,0.0062926863,0.027847689,0.00021093694,0.90124595,0.0020247628,0.52120066,0.003574306,0.9958158,0.006717384,0.021855464,0.0005504251,0.020418923,0.001267734
0.020691691,0.103708014,0.010668957,0.28114304,0.19406539,0.9113979,0.20256525,0.18420495,0.85979396,0.22786163,0.122600175,0.20406717,0.011022513,0.7822875,0.047655053,0.7924341,0.097760245,0.95339465,0.1410879,0.22155112,0.02152121,0.22031768,0.038402252
0.008260992,0.034949247,0.0026093384,0.13307334,0.063627675,0.9581465,0.08397671,0.10729083,0.9379741,0.18320756,0.04076546,0.10253779,0.0037416008,0.82219934,0.018503403,0.66233456,0.031528734,0.973408,0.047774654,0.095621966,0.0071141496,0.0886078,0.012849761
0.0015495281,0.00821113,0.00027023788,0.05345962,0.015905749,0.9866269,0.028309437,0.049371384,0.9797656,0.12716477,0.010564844,0.040543262,0.00051970844,0.88310397,0.004115785,0.5404805,0.007011782,0.99224734,0.011868948,0.032672703,0.001188922,0.030167237,0.0025162473
0.008711767,0.08703201,0.0040950957,0.31024268,0.20673837,0.9379846,0.20849799,0.15968871,0.8762488,0.18295549,0.10467772,0.18876995,0.003758521,0.8356232,0.027248822,0.87166244,0.07590461,0.97989845,0.12818074,0.2318236,0.010802534,0.23560986,0.022789389
0.0021302446,0.013017812,0.0004775695,0.07974546,0.027963366,0.9820374,0.043521956,0.063181125,0.97062653,0.1351159,0.017070934,0.05609168,0.00074573077,0.8730382,0.005662998,0.6495816,0.010904816,0.9908392,0.019276189,0.049279653,0.0017827844,0.046180613,0.0038117678
0.03412647,0.12148549,0.01849853,0.2804579,0.20063908,0.88802594,0.21212026,0.20516877,0.8418466,0.2541455,0.13730523,0.2213331,0.020232031,0.74986947,0.06690766,0.7415067,0.11650894,0.92740136,0.15560657,0.23030621,0.033920832,0.22464298,0.053843696
0.0028436545,0.017928423,0.0007447877,0.09966221,0.03915907,0.9773795,0.05667046,0.073987596,0.9624936,0.14436524,0.023057094,0.06948367,0.0010332459,0.86380035,0.007525642,0.6959471,0.01498147,0.9888411,0.026340265,0.06451056,0.0024947408,0.059934534,0.0052047316
0.0100429775,0.06478585,0.0043347073,0.23191413,0.13920122,0.94256365,0.15355298,0.14395398,0.90082264,0.19062904,0.079245076,0.15665568,0.0045779473,0.81932044,0.025597593,0.80741507,0.057722665,0.97396886,0.092530325,0.1692666,0.010355879,0.16639577,0.020191077
0.0023609786,0.012244966,0.0004953671,0.07209102,0.024874272,0.9818618,0.0397585,0.06188854,0.97165436,0.13743944,0.015691759,0.053144697,0.000861013,0.86787164,0.0058936295,0.59821963,0.010310894,0.98965454,0.01784919,0.04510304,0.0018992119,0.042342346,0.0039636535
0.011585561,0.04469356,0.004008277,0.15377547,0.07980246,0.94886047,0.10074961,0.123444475,0.924613,0.19712059,0.052064173,0.1200876,0.0056113265,0.80548126,0.024224207,0.6699528,0.04064419,0.9658244,0.060794655,0.11078845,0.009898031,0.10596345,0.017741699
