Amikacin,Amoxicillin-Clavulanic acid,Ampicillin,Aztreonam,Cefepime,Cefixime,Cefotaxime,Cefoxitin,Cefpodoxime,Ceftazidime,Ceftriaxone,Cefuroxime,Chloramphenicol,Ciprofloxacin,Cotrimoxazol,Cotrimoxazole,Ertapenem,Fosfomycin,Gentamicin,Imipenem,Levofloxacin,Meropenem,Nitrofurantoin,Norfloxacin,Piperacillin,Piperacillin-Tazobactam,Ticarcillin,Tigecycline,Tobramycin
0.02947277,0.14016943,0.34928516,0.011822297,0.016019005,0.009755165,0.011146425,0.05370286,0.0489534,0.009423337,0.057444647,0.26357472,0.55478173,0.23743041,0.3368779,0.45841327,0.0007554326,0.3372792,0.11954433,0.9256757,0.23459506,0.0010044939,0.9952022,0.31007683,0.31006935,0.009764266,0.29712355,0.99908423,0.111406095
0.02338402,0.070412494,0.2421519,0.0046519563,0.0065084277,0.003362746,0.004084586,0.025905464,0.041586842,0.0029794727,0.01738178,0.09243809,0.54272604,0.06142432,0.3620391,0.31033167,0.0002518878,0.17708269,0.072050236,0.6822592,0.05423884,0.00039653305,0.9921922,0.074405305,0.19275713,0.00367159,0.15837379,0.99978405,0.078567356
0.032087147,0.23102622,0.4921292,0.02868993,0.034372568,0.027348015,0.028765911,0.08549967,0.0740624,0.027108008,0.13273756,0.42248777,0.6071875,0.5215853,0.33165127,0.5741156,0.0014968537,0.47650385,0.1734995,0.9607177,0.5201266,0.0018683679,0.99593425,0.6295129,0.45186314,0.022854274,0.44974464,0.9974214,0.16385058
0.025852289,0.13983597,0.35068533,0.0107373,0.014827454,0.008770035,0.010286617,0.049241833,0.044757094,0.008517011,0.056283638,0.27570218,0.56045026,0.24886523,0.3140427,0.4628134,0.00059015414,0.35015023,0.118101515,0.9384358,0.24840131,0.0007621722,0.996381,0.32982215,0.31414616,0.008740082,0.30442935,0.99925977,0.10560868
0.08063051,0.7621985,0.9428181,0.87298554,0.6185507,0.86631197,0.81086385,0.22292478,0.6835947,0.76225775,0.85202295,0.921697,0.8555947,0.95685434,0.17086104,0.6902641,0.013546344,0.77278775,0.56432635,0.9376865,0.9769573,0.030668532,0.9922312,0.97045094,0.93111336,0.30845597,0.9246234,0.9234742,0.6173854
0.0015731712,0.016203366,0.11454872,7.626783e-05,0.0002289258,4.502321e-05,7.9584395e-05,0.0014060424,0.0032857396,3.3054275e-05,0.0007232166,0.031499445,0.48198977,0.0041275304,0.10543393,0.11094354,3.810447e-07,0.06369129,0.01822788,0.66260433,0.0048508616,5.957156e-07,0.9998627,0.0061769574,0.06548906,4.9514918e-05,0.06352907,0.99999976,0.011969311
0.0041984385,0.028602665,0.1487463,0.00033294532,0.00077459123,0.00021424983,0.00032625158,0.0041515925,0.0075537656,0.00017091157,0.0024161497,0.05360149,0.49945998,0.011934096,0.16807169,0.1690795,4.2871043e-06,0.099794336,0.030652119,0.73580253,0.012886844,6.471864e-06,0.99946016,0.016913828,0.09875383,0.00023765955,0.092379294,0.9999968,0.022950945
0.04392618,0.68816894,0.90688455,0.6011229,0.36785448,0.6236719,0.53737026,0.16629422,0.4243601,0.50576746,0.7170181,0.8788761,0.8296656,0.9493752,0.19034313,0.71318436,0.0062615536,0.7666077,0.45113316,0.9709453,0.96668553,0.0097875865,0.99607664,0.9676806,0.8901479,0.18444347,0.88770163,0.97113615,0.484724
0.015713677,0.23993987,0.551543,0.019262975,0.023640797,0.018934116,0.020496365,0.058049057,0.05343253,0.0182584,0.124945246,0.4839969,0.6514758,0.6286819,0.26143146,0.61845267,0.00041313728,0.5359173,0.16005686,0.9828607,0.6418675,0.0005155656,0.9989404,0.75297624,0.50894576,0.013797395,0.5176518,0.9991122,0.1394794
0.045225587,0.21714248,0.45691103,0.032831814,0.038443305,0.030401649,0.031819236,0.09706143,0.08764174,0.03002603,0.12552382,0.3622781,0.58751893,0.445199,0.3767541,0.54824036,0.0025122222,0.43159363,0.17378128,0.9325359,0.4328545,0.0033300535,0.9916375,0.5373349,0.41858327,0.027231455,0.40065062,0.9961106,0.17635982
0.032431535,0.27306545,0.54847026,0.038974367,0.044191595,0.0393866,0.039911993,0.09549587,0.08557519,0.038689665,0.17055109,0.4799617,0.632187,0.62520313,0.32196638,0.6092925,0.0018130264,0.52596974,0.19550563,0.9677462,0.6278455,0.0022140888,0.9961957,0.7282154,0.5109076,0.029749116,0.5117657,0.99650204,0.18503784
0.07021312,0.72781056,0.9188569,0.77315694,0.5189402,0.77449834,0.7036039,0.21237168,0.56182975,0.6656958,0.7923189,0.8983168,0.8357768,0.94942904,0.19200507,0.6925623,0.013900726,0.76649046,0.51734734,0.95144165,0.9685513,0.023637565,0.99211055,0.96515554,0.90461653,0.2775484,0.9001647,0.9358133,0.55851907
0.02843937,0.306069,0.5984477,0.044939592,0.04827077,0.04721419,0.046290793,0.09582828,0.089085445,0.045266766,0.19640118,0.5324143,0.6552932,0.70270824,0.30584857,0.6384398,0.0016143774,0.5642601,0.20609538,0.97494626,0.7098936,0.00198406,0.99713147,0.79835546,0.5601884,0.03217584,0.5642709,0.99652356,0.1951384
0.0121480115,0.056719813,0.20619066,0.0017331945,0.0031046076,0.0012349014,0.0016061532,0.0139356125,0.017692704,0.0010679313,0.010057475,0.10793101,0.5200771,0.043667834,0.25574198,0.27317145,6.0244784e-05,0.17122814,0.05656682,0.8415049,0.045055535,8.710813e-05,0.99801934,0.06025749,0.1605137,0.0013368897,0.15033649,0.99994993,0.046332136
0.029513273,0.119862966,0.31206134,0.009434208,0.013311751,0.007459125,0.008888696,0.04587812,0.04383729,0.0071108155,0.044211067,0.21887325,0.5455463,0.1752964,0.3350031,0.41934988,0.0006499101,0.29925436,0.107692875,0.904962,0.17304254,0.00086716755,0.99457693,0.23229347,0.27504036,0.007841456,0.2579981,0.9992987,0.09987194
0.066939935,0.17774805,0.39379105,0.032568388,0.036771577,0.027900502,0.029856812,0.10342577,0.10123774,0.027076757,0.09947718,0.25095263,0.5598248,0.29690427,0.44710493,0.4938305,0.004160871,0.3431064,0.15846224,0.8451421,0.27195552,0.0060380907,0.9785209,0.35598594,0.3514356,0.027817305,0.31643042,0.99498343,0.17988905
0.021781635,0.08715248,0.2567768,0.0047688475,0.007368308,0.0035743348,0.004419136,0.028548863,0.030499471,0.0032834106,0.024000607,0.16128266,0.5332299,0.09674025,0.30855498,0.35236168,0.00027065226,0.23690465,0.08257896,0.878253,0.09674219,0.0003738947,0.9959706,0.13069631,0.21650068,0.0038573786,0.20220082,0.999747,0.07327284
0.019784125,0.08939338,0.2617081,0.0045403563,0.0070272204,0.003390885,0.004194706,0.027928328,0.028637927,0.0031226852,0.024536544,0.17636682,0.53158987,0.105296984,0.29327738,0.36129025,0.00023416236,0.24812824,0.082329296,0.89977455,0.10625738,0.00032075416,0.99683255,0.14327967,0.22146447,0.0036195957,0.21124262,0.9997737,0.07151246
0.057702616,0.24645281,0.4834847,0.04737873,0.052845396,0.04542292,0.045712277,0.1219834,0.10856469,0.0449701,0.15965866,0.38958967,0.59056956,0.49504298,0.39650804,0.5642529,0.004464608,0.4508113,0.19641194,0.9256729,0.4804638,0.0058429986,0.9878731,0.5816532,0.44474652,0.039459515,0.42952168,0.9929549,0.20438273
0.031650174,0.12673627,0.32266122,0.01064578,0.014787859,0.00851834,0.009943777,0.050453715,0.047404982,0.008202362,0.049015015,0.22724403,0.54640776,0.19099629,0.34488174,0.4318465,0.00077756343,0.3068701,0.112905234,0.9051036,0.18760104,0.0010503613,0.99405956,0.25000376,0.2840378,0.0089166025,0.2683537,0.9991461,0.10584052
0.0050887326,0.033917606,0.15617505,0.0004503424,0.0010093162,0.00029669673,0.00043250326,0.00523339,0.0078503825,0.00023976411,0.0034196605,0.07301978,0.49995112,0.017082924,0.17154244,0.19455674,7.180377e-06,0.12136337,0.03507142,0.82504433,0.01902621,1.0429743e-05,0.9994331,0.025145836,0.110262685,0.00032146196,0.107670106,0.9999945,0.025236659
0.015184813,0.06826229,0.22404437,0.0026082278,0.0043916753,0.0018773386,0.0024085678,0.018616805,0.021341871,0.0016659097,0.014599525,0.13416505,0.5230436,0.06264026,0.270523,0.30767298,0.00010947956,0.20161775,0.06591695,0.8715377,0.064340994,0.00015330563,0.99754155,0.08674119,0.18268529,0.0020382311,0.17203565,0.9999037,0.055223055
0.023976047,0.09701942,0.2764388,0.006026497,0.008811746,0.004542783,0.005560388,0.033993512,0.03488063,0.004240701,0.02912921,0.17944519,0.53412944,0.11828007,0.32303002,0.3746493,0.00035918714,0.25373852,0.0893217,0.8847406,0.11665034,0.00050160725,0.99551505,0.15758003,0.23482735,0.0048626917,0.21812168,0.9996464,0.08202198
0.05067656,0.12585229,0.33065364,0.01701268,0.020403454,0.013560976,0.015261996,0.06706304,0.0764983,0.012781034,0.05532335,0.17056929,0.55458635,0.17343585,0.43815002,0.42717612,0.0017952432,0.26958677,0.12057128,0.7885596,0.1546802,0.0027416914,0.98232114,0.21093054,0.28387785,0.014153678,0.24517569,0.99815756,0.13647312
0.024433812,0.1993691,0.45843187,0.018544165,0.023888273,0.017024877,0.01886617,0.064239904,0.057265725,0.016836725,0.10120905,0.38971633,0.60789907,0.4627978,0.30101612,0.5547169,0.00077321875,0.4588049,0.1515271,0.96604544,0.46737942,0.00094779284,0.9973974,0.58096766,0.42288294,0.01464452,0.4208056,0.9987166,0.13488469
0.041186843,0.19732098,0.42853838,0.025641207,0.031778608,0.023108993,0.025079794,0.085498296,0.07499366,0.023084281,0.107384376,0.34157923,0.57906485,0.39565155,0.36111936,0.52786547,0.0019636715,0.41558,0.16160649,0.93529236,0.3874463,0.0025089777,0.99290174,0.48909503,0.392262,0.021618782,0.37896305,0.9971711,0.1573399
0.06990982,0.46523368,0.7262678,0.23802882,0.1781535,0.261475,0.21910343,0.18729483,0.25208798,0.2306401,0.43696314,0.6698129,0.70595574,0.8231774,0.34570852,0.66093403,0.0116595095,0.6257206,0.32461524,0.9507819,0.8385907,0.015978025,0.9871242,0.87061656,0.6980446,0.12353515,0.69179344,0.9706514,0.34440926
0.021825615,0.1114965,0.30389896,0.0067727044,0.009873159,0.005284762,0.0062929103,0.03656131,0.0347285,0.004964949,0.03678658,0.22629713,0.5445037,0.16445462,0.30014738,0.41186932,0.0003473855,0.29748058,0.0973012,0.92604804,0.16632162,0.00045821024,0.99688303,0.2237101,0.26574326,0.0053989612,0.25565135,0.999619,0.08472525
0.023957925,0.20672362,0.4735676,0.01938641,0.024735741,0.018072,0.01981748,0.06576931,0.058306187,0.017822344,0.10691645,0.40115252,0.61172265,0.48971418,0.30224615,0.5659196,0.0007654852,0.46849483,0.15476711,0.96796364,0.49425364,0.00095254387,0.99754435,0.6102322,0.43501624,0.015263393,0.43358028,0.99867284,0.1390113
0.006968239,0.040066272,0.17057958,0.0007241363,0.0015044836,0.0004928185,0.0006851413,0.0073220055,0.010718495,0.0004069372,0.004917272,0.08034242,0.51012,0.022979693,0.2006159,0.21691602,1.5443733e-05,0.13483009,0.041156944,0.81883055,0.024796972,2.2254693e-05,0.99906117,0.03294251,0.1249082,0.0005383778,0.118696496,0.9999881,0.031372916
0.006560314,0.03856096,0.16678415,0.000653505,0.0013722124,0.00044063985,0.00062291947,0.006847146,0.010392472,0.00036101052,0.004436574,0.075950876,0.504381,0.02096615,0.19617635,0.20865078,1.3134998e-05,0.12975313,0.03958451,0.8037569,0.022273982,1.9223775e-05,0.99910456,0.02952027,0.12048828,0.00048576406,0.113747045,0.99998987,0.030557992
0.025245072,0.1593734,0.38557371,0.013067833,0.017709171,0.011066366,0.012841249,0.054777708,0.048225097,0.010893791,0.07066255,0.3209115,0.57631373,0.31908393,0.3059738,0.49586138,0.0006652172,0.3909751,0.12991512,0.95265764,0.32167342,0.00082109787,0.9968797,0.417877,0.35052907,0.0105544375,0.3456442,0.9990883,0.113400504
0.04014547,0.15165325,0.35795322,0.016759878,0.021550195,0.014045669,0.015428145,0.06712932,0.06387696,0.013521318,0.06806419,0.25542,0.55579644,0.24811631,0.3769703,0.46633554,0.001383993,0.33569026,0.13159567,0.8995042,0.23969722,0.0019095796,0.99140066,0.31395054,0.32104188,0.014179516,0.29940724,0.9983381,0.13038166
0.029264152,0.21194418,0.46749684,0.02300088,0.028794484,0.02137351,0.023260692,0.0752348,0.06520329,0.021380214,0.11488839,0.3988119,0.6027674,0.47983763,0.31817973,0.5593303,0.0011604965,0.46237123,0.16244544,0.96196455,0.48071337,0.0014189037,0.9965115,0.5919064,0.43021238,0.018468536,0.42913258,0.9980932,0.14820825
0.021270255,0.09018486,0.26093334,0.0048765005,0.0075419466,0.0036627965,0.004537139,0.028922075,0.030032268,0.0033650114,0.025240196,0.17252469,0.5338186,0.10481043,0.30010828,0.36053523,0.0002668997,0.24758635,0.08396673,0.8926847,0.10581963,0.00036197805,0.99636465,0.14316018,0.22284117,0.0039337403,0.20944966,0.9997434,0.07330241
0.004537682,0.030758854,0.15064354,0.0003761352,0.00086773786,0.00024543406,0.0003644429,0.0045409855,0.007423684,0.00019642898,0.0028458673,0.063253924,0.5007965,0.014184657,0.16699176,0.18054126,5.384124e-06,0.11067944,0.03249548,0.79304904,0.015709637,7.894365e-06,0.999474,0.020706745,0.1037129,0.00026848234,0.09976601,0.99999595,0.023529254
0.021256175,0.086807445,0.2565415,0.004736985,0.0073942174,0.0035221346,0.0043923594,0.028138705,0.02979919,0.0032122508,0.02400362,0.16372238,0.5322049,0.09863189,0.3009993,0.35435688,0.00025992288,0.24070424,0.08179097,0.8853913,0.09917553,0.00035496234,0.99622935,0.1349866,0.21940276,0.003814829,0.20352396,0.9997551,0.07198992
0.080091536,0.21250656,0.4296328,0.047774263,0.05155103,0.04326014,0.043985493,0.12980223,0.1238386,0.042063683,0.13424812,0.29423207,0.56859523,0.37308303,0.45562422,0.52515537,0.0069270073,0.38085014,0.1839498,0.85589856,0.346313,0.0097925,0.9735997,0.43762523,0.39109355,0.041183636,0.3586296,0.99099976,0.20984064
0.058971923,0.19841005,0.4201617,0.033849623,0.039331097,0.03018207,0.031900782,0.10463188,0.09575678,0.029802248,0.114141606,0.30410406,0.567859,0.36415908,0.4151579,0.518958,0.0036930458,0.38634384,0.16926053,0.89424723,0.34512055,0.005058795,0.9853081,0.43973452,0.38180637,0.029124118,0.35612094,0.9950545,0.18038411
0.047260802,0.13916373,0.34497768,0.01779627,0.021643678,0.014283424,0.016171807,0.06976203,0.071571164,0.013681136,0.061891984,0.20965607,0.55028737,0.2081094,0.41395786,0.4461277,0.0017335833,0.29920986,0.12640531,0.8452759,0.19124798,0.0025627692,0.9864739,0.25727674,0.3019369,0.014852942,0.26766104,0.9980782,0.13786265
0.012303706,0.054399192,0.20050047,0.0017036946,0.003058804,0.0012005114,0.0015652291,0.013422501,0.019012442,0.0010357635,0.00929642,0.09595161,0.52080053,0.0395176,0.26294285,0.26435778,5.7676014e-05,0.16353421,0.05532866,0.803965,0.039949164,8.537882e-05,0.99772114,0.053303417,0.15627168,0.0013397703,0.14145742,0.9999527,0.04689195
0.03184257,0.12898669,0.32891414,0.011088996,0.015156858,0.008891079,0.010246004,0.051495805,0.04986701,0.008525257,0.050268833,0.22733212,0.5486411,0.19893232,0.35254067,0.43877292,0.0007679932,0.30939946,0.11428626,0.9019691,0.19413595,0.0010684767,0.9938991,0.2583259,0.28938395,0.009294237,0.2707261,0.9991258,0.10961548
0.029134294,0.18986863,0.43521503,0.019319352,0.024500672,0.01733624,0.019175226,0.06974874,0.060608882,0.017173005,0.09617991,0.3626633,0.5884191,0.4091555,0.32747912,0.53333664,0.0010330993,0.42752358,0.14900453,0.95440096,0.40783295,0.0013034373,0.9962155,0.5152641,0.39573407,0.015667789,0.3890761,0.9984262,0.13861977
0.0035315927,0.026596472,0.14096881,0.00025624575,0.0006340276,0.00016465326,0.0002525845,0.0034250403,0.0059226435,0.00012912872,0.0020986502,0.055718794,0.497384,0.010876796,0.1477497,0.16310072,2.881292e-06,0.09942176,0.028489761,0.7832398,0.012350761,4.24543e-06,0.9996344,0.016222173,0.09360477,0.00017846246,0.0912305,0.99999785,0.019823434
0.026720483,0.34527135,0.6467299,0.057859,0.057727236,0.06257745,0.059882328,0.097480506,0.099727295,0.058286086,0.23458853,0.5902574,0.68431115,0.7611472,0.2846374,0.6540846,0.0016339368,0.6028141,0.2233421,0.97877365,0.77430177,0.0019687496,0.9974916,0.84405947,0.6114154,0.037116293,0.61878276,0.9961521,0.2098262
0.03178906,0.11983357,0.3097283,0.009956436,0.0140262665,0.00787195,0.009347073,0.047271356,0.045777064,0.007461329,0.044733714,0.21123452,0.54540354,0.17133231,0.34284693,0.41697773,0.00073621736,0.29477644,0.1090164,0.8958716,0.16794692,0.000986771,0.99371487,0.22627942,0.273172,0.008336369,0.25413474,0.99922025,0.102113955
0.031612344,0.22006132,0.47956014,0.026311865,0.031717606,0.024699746,0.026182247,0.08255793,0.07115331,0.024389885,0.12325098,0.4064341,0.6010604,0.49198985,0.33553547,0.56449264,0.0013837967,0.4610286,0.16634995,0.9582536,0.48934406,0.0017619662,0.9958966,0.60083264,0.43644196,0.021029068,0.43255696,0.9976634,0.15929618
0.050258603,0.19798388,0.42283055,0.029702285,0.035703044,0.02652207,0.02826013,0.09585604,0.08542283,0.026322586,0.1107231,0.32165018,0.57118386,0.37532106,0.39196622,0.5217614,0.0027498063,0.39760616,0.16579902,0.9145499,0.36148283,0.0036645723,0.9894021,0.4572917,0.38397425,0.025422536,0.36565045,0.99618894,0.16935302
0.15331344,0.5799628,0.8254074,0.66108894,0.43454236,0.6593763,0.579186,0.2923894,0.54302216,0.5680559,0.68688256,0.76821774,0.7496654,0.86753786,0.35164887,0.65298843,0.046809647,0.6411504,0.44892535,0.88921267,0.8932086,0.08450093,0.9580014,0.8941476,0.80196035,0.2836558,0.78308773,0.8679193,0.50817406
0.035490308,0.3582593,0.6415997,0.07586353,0.072587,0.082100876,0.07613792,0.115963005,0.12004993,0.07658947,0.25978318,0.5905762,0.67662627,0.75285864,0.30872786,0.6465612,0.002855646,0.593914,0.2392412,0.9724262,0.7641273,0.0034520074,0.995824,0.8298965,0.6076963,0.048936944,0.61327606,0.9935959,0.22996268
0.015079057,0.06559484,0.21922171,0.002488211,0.004217586,0.00179219,0.0022872144,0.017788094,0.02140957,0.0015807224,0.013601027,0.12428513,0.52487206,0.057179064,0.27312186,0.29872444,0.00010372931,0.19282699,0.06419782,0.85518754,0.05845708,0.00014650573,0.9973953,0.07882582,0.17724499,0.0019539162,0.16494732,0.99991083,0.05435247
0.03400413,0.16515388,0.39089936,0.017193228,0.022172786,0.014561024,0.016352473,0.06715864,0.061082974,0.014335279,0.07836311,0.29706842,0.5680655,0.3165662,0.3517899,0.49921778,0.0011138926,0.3758463,0.13788924,0.9302749,0.30877176,0.0014999578,0.9943916,0.4028106,0.3511241,0.01432329,0.33518228,0.9984763,0.13408618
0.004550892,0.03145205,0.15276688,0.0003752899,0.0008683615,0.00024639184,0.00036107126,0.0046032146,0.0073866793,0.00019549565,0.0028661718,0.06561216,0.4966982,0.014352071,0.16571626,0.1818715,5.18304e-06,0.11140328,0.03281089,0.79866874,0.015930668,7.679159e-06,0.9994925,0.020965489,0.10525474,0.00026607013,0.10159907,0.99999607,0.023412377
0.013443981,0.37942833,0.7236733,0.047145355,0.044798557,0.05307366,0.05073115,0.06965254,0.079368986,0.04644632,0.24198385,0.66646457,0.73335207,0.84492815,0.22171338,0.6957235,0.0005205934,0.6632132,0.21357428,0.9899829,0.8631458,0.00062821136,0.99930024,0.91444397,0.6867895,0.025318312,0.69915766,0.9984849,0.19448538
0.019270299,0.08557114,0.25559938,0.004188351,0.0065908674,0.003109189,0.0038867616,0.026321597,0.027197901,0.0028527284,0.022665655,0.16823089,0.53056675,0.09670096,0.2912573,0.3528371,0.00021187584,0.23921926,0.07988243,0.8956567,0.09829176,0.00029077203,0.9969087,0.13279264,0.2149086,0.0033293637,0.20452529,0.99979824,0.06840791
0.015257852,0.071691446,0.23079899,0.002772973,0.004582654,0.0020043452,0.0025618502,0.019634038,0.021850599,0.0017936399,0.015907288,0.14489667,0.5229807,0.07016308,0.26797634,0.3178039,0.000117081116,0.21260855,0.068058476,0.88507015,0.07186986,0.00016371037,0.9976548,0.09708306,0.18891741,0.0021625145,0.1800209,0.99989474,0.057319332
0.021997647,0.090082206,0.26037627,0.0049997196,0.0076668137,0.0037258605,0.004628299,0.029522058,0.031021476,0.0034421629,0.025262032,0.16882911,0.53237736,0.10318935,0.3073512,0.3595482,0.00027960277,0.24419607,0.08433566,0.8848153,0.10294747,0.00038611126,0.9960526,0.13939065,0.22144608,0.0040370803,0.20711808,0.9997315,0.074758284
0.0038550773,0.026826775,0.14352456,0.00028708362,0.000697303,0.00018487038,0.00028274942,0.0036483852,0.0067486838,0.00014627122,0.0021887482,0.051511433,0.5034824,0.010956864,0.15910253,0.16382292,3.3725075e-06,0.09756092,0.02930447,0.7456718,0.012144076,5.0323647e-06,0.99954706,0.016086368,0.09569346,0.00020275291,0.09025448,0.9999975,0.02098297
0.016166389,0.071457975,0.23254447,0.0029004728,0.004790561,0.0021118121,0.0026814102,0.020320049,0.02285559,0.0018915497,0.015998147,0.13780628,0.5251985,0.06827943,0.28051868,0.31661108,0.00012944925,0.20592079,0.06879201,0.8719175,0.069680266,0.00018325662,0.9973127,0.093777664,0.18865086,0.002279916,0.17788056,0.99988544,0.058298737
0.0044399933,0.03059267,0.1498112,0.00036311013,0.00084675854,0.00023725946,0.0003520306,0.004420764,0.007143252,0.00018904604,0.0028016237,0.0638913,0.50043684,0.014101734,0.16362008,0.18075572,5.0461626e-06,0.110916704,0.032252185,0.80114466,0.01578191,7.380732e-06,0.9995061,0.02086139,0.10335897,0.0002578414,0.099908866,0.9999962,0.023034072
0.022516007,0.10358159,0.28722426,0.0061862054,0.009078536,0.004758121,0.005686376,0.034715157,0.03429251,0.0044149463,0.031961787,0.20203808,0.53682375,0.13687031,0.30984932,0.39134184,0.00033888072,0.2732416,0.092341624,0.90763533,0.13729621,0.00046210355,0.99633646,0.18405701,0.24782446,0.004982804,0.23478203,0.9996494,0.08218763
0.028918773,0.1557224,0.3754517,0.013623853,0.01851692,0.011555268,0.013294044,0.05762779,0.05097737,0.011406929,0.069407076,0.29855362,0.5684748,0.29571268,0.32263863,0.4857067,0.0008187965,0.37476912,0.130547,0.9422203,0.29506278,0.0010347082,0.9959033,0.38576195,0.3391072,0.011276654,0.3312424,0.9989249,0.11775685
0.03324317,0.17098197,0.39547735,0.01744014,0.02306583,0.015152808,0.01714609,0.067116745,0.05916458,0.015065431,0.08270148,0.31345138,0.5735995,0.33493116,0.33589107,0.5029786,0.0011510404,0.39288607,0.1422672,0.94022834,0.33167678,0.0014469628,0.9949338,0.42889696,0.36037105,0.01459849,0.34943214,0.99843365,0.13199082
0.04413658,0.2804561,0.53416777,0.050538797,0.055690665,0.05085183,0.05069038,0.113149345,0.103080004,0.050228026,0.18550603,0.4707413,0.6236727,0.5991773,0.34472844,0.5936539,0.0032943322,0.514591,0.2094696,0.9558914,0.5989208,0.0039444924,0.9932013,0.69265294,0.50203407,0.039290316,0.4994483,0.9941257,0.2012036
0.07738139,0.3976129,0.6452429,0.16218482,0.13824672,0.17613946,0.15270875,0.18504168,0.2083479,0.16237508,0.34628794,0.58078223,0.6649249,0.7409477,0.37896648,0.63394296,0.012642449,0.57345176,0.289114,0.9387441,0.7464406,0.016408697,0.98279667,0.80107075,0.61629087,0.103979595,0.60648745,0.9735638,0.30570242
0.028836753,0.12277259,0.3154152,0.009499724,0.01354075,0.007553933,0.0089924885,0.045839716,0.04310957,0.007222291,0.045931287,0.2282376,0.5482032,0.18540934,0.32697153,0.42579952,0.0006363522,0.30891693,0.10966831,0.9138852,0.18434672,0.00083293655,0.9950283,0.2473155,0.2796955,0.007897057,0.26522443,0.99930096,0.09951369
0.010092211,0.051928367,0.19489509,0.0013337492,0.0024769246,0.000929632,0.0012519176,0.011595433,0.014623068,0.0008011604,0.00838561,0.106048845,0.5147099,0.038038738,0.23209146,0.25906956,4.0596165e-05,0.16596635,0.051606793,0.8552328,0.040112145,5.7594665e-05,0.99854565,0.053727303,0.14974973,0.0010095027,0.14302859,0.9999671,0.041112896
0.025716979,0.17112191,0.40938595,0.0149571495,0.019573193,0.012965767,0.014735299,0.059517555,0.052049443,0.0127692465,0.07927795,0.34076127,0.58185446,0.35710204,0.31584194,0.51258636,0.0007320651,0.4054834,0.13589428,0.954434,0.3583453,0.00092435564,0.99684143,0.46120298,0.36946443,0.012021258,0.36360773,0.9989334,0.12271384
0.05341554,0.2181413,0.4464221,0.036323402,0.0424674,0.033440895,0.03502915,0.10618316,0.094073884,0.03319781,0.13002777,0.35189605,0.5797233,0.42484728,0.39109853,0.53867286,0.0034276047,0.4215058,0.17860788,0.92070806,0.4107525,0.004459393,0.98875856,0.51006764,0.40891635,0.03077942,0.3920674,0.9950045,0.18296705
0.048495706,0.21252482,0.43601772,0.032213733,0.03898064,0.02960113,0.031569812,0.097316734,0.08535541,0.029460274,0.12219582,0.35625917,0.58111745,0.4128313,0.36793923,0.52943236,0.0028938004,0.4254178,0.17430273,0.9303062,0.4042866,0.0035803162,0.9906075,0.5010337,0.40430194,0.02729174,0.39169115,0.99590033,0.1691309
0.006496639,0.038310725,0.16733097,0.0006456391,0.0013654721,0.0004352209,0.0006131042,0.0067522353,0.009965268,0.0003576144,0.0044675227,0.077775024,0.50716186,0.021217722,0.19496909,0.2110754,1.275172e-05,0.13033755,0.03959746,0.8173723,0.023002898,1.8537017e-05,0.99916375,0.030569788,0.121347554,0.00047307104,0.115756825,0.9999901,0.029627714
0.035795134,0.16995578,0.39006782,0.018187858,0.023768967,0.01572318,0.017688446,0.069216475,0.061544623,0.015514942,0.08214931,0.3042482,0.5701956,0.32158497,0.34648338,0.4972315,0.0012945522,0.38332292,0.14269158,0.9327187,0.31661925,0.0016553804,0.99405485,0.41019678,0.35464188,0.015326519,0.3409995,0.9982754,0.13462175
0.03494134,0.12296145,0.31611276,0.011174969,0.015032756,0.0089142565,0.0102149295,0.051933885,0.0521074,0.008465392,0.046933115,0.20551029,0.54483443,0.17267281,0.3695058,0.4211697,0.0008838018,0.28797898,0.11133647,0.87617433,0.16552241,0.0012542455,0.99208564,0.220875,0.27552482,0.009366971,0.25329167,0.99905854,0.110112004
0.0405003,0.39333794,0.6679801,0.103522606,0.09295057,0.11255499,0.10247485,0.13083303,0.14234604,0.103688315,0.30272084,0.6256931,0.6888176,0.7815339,0.30717456,0.6514268,0.0041733584,0.61417264,0.26185033,0.97069484,0.79542565,0.004917512,0.99482805,0.85079914,0.63838583,0.06371913,0.6422419,0.9905752,0.2542772
0.031523287,0.27321556,0.5502041,0.03829806,0.04326298,0.03866067,0.038936965,0.09495382,0.084354505,0.0378017,0.169803,0.48314717,0.6314561,0.62809116,0.3211256,0.61195534,0.0017408585,0.52696306,0.19390957,0.9688343,0.63110375,0.0021373325,0.99639386,0.73201203,0.51236993,0.029193992,0.513969,0.99663574,0.18344554
0.07980983,0.6363176,0.8737569,0.6268661,0.3975533,0.64459693,0.5567994,0.2176305,0.48567817,0.53816885,0.7024314,0.8327001,0.7939636,0.9203082,0.2609432,0.6867517,0.015913716,0.7116661,0.44787404,0.9468064,0.9439585,0.027875757,0.98830765,0.94402564,0.85671824,0.22402354,0.8465259,0.9405725,0.49137107
0.02614336,0.0743298,0.25287655,0.0055932873,0.0074535534,0.0040806136,0.004947617,0.029451324,0.04740089,0.003656148,0.01979967,0.094923936,0.5465832,0.06756474,0.3767334,0.31969833,0.000328651,0.18161923,0.07589199,0.668922,0.058472447,0.00051793456,0.9905077,0.08087087,0.2018672,0.004383354,0.1643841,0.9997124,0.08567959
0.0053580026,0.03247776,0.15659752,0.00047206655,0.0010455382,0.00030890506,0.00045268572,0.005237385,0.009306271,0.0002519051,0.003222731,0.05962734,0.5074053,0.015258175,0.1873979,0.18617144,7.4221157e-06,0.11145534,0.034836225,0.74744886,0.016257666,1.120643e-05,0.9992495,0.02149828,0.10866467,0.00034604833,0.10062134,0.9999944,0.026600188
0.06155855,0.34974462,0.59737986,0.1003336,0.09598735,0.10676768,0.09764637,0.15389994,0.15396808,0.10186413,0.27165082,0.5386227,0.64558756,0.68937415,0.36590916,0.618783,0.007569231,0.5522781,0.25543398,0.94814515,0.6917543,0.009270549,0.98825574,0.7629699,0.5667852,0.07154826,0.56228846,0.9853415,0.25788242
0.045290336,0.20763548,0.4379286,0.029773466,0.03594457,0.027071832,0.028899524,0.09395715,0.08194369,0.026941014,0.11742896,0.35189745,0.57921845,0.41149917,0.372433,0.533285,0.0024522953,0.41966453,0.16884844,0.93129456,0.40134495,0.0031465534,0.9916232,0.5015525,0.39981544,0.025102247,0.3868364,0.9964336,0.16766839
0.007626997,0.043841287,0.17777358,0.0008579317,0.0017108177,0.00057596853,0.0008051149,0.008371863,0.011253932,0.00048514377,0.0058438573,0.093166344,0.5061773,0.027996723,0.20553164,0.23332024,1.9522664e-05,0.14850432,0.044227097,0.84954107,0.030076617,2.8319937e-05,0.9990396,0.040267453,0.13273998,0.0006282638,0.1280622,0.99998426,0.03365635
0.052394513,0.1003942,0.31520653,0.01603248,0.017205052,0.01223082,0.014223289,0.05945341,0.0946031,0.011303171,0.043056328,0.105094746,0.57515943,0.121402815,0.48132625,0.39135054,0.0015588892,0.21505664,0.10825263,0.60068864,0.0983331,0.0025111923,0.9729101,0.14012752,0.2588172,0.012391935,0.20254776,0.99850464,0.13664962
0.010200308,0.34534863,0.70611566,0.03053959,0.03155255,0.034090742,0.033905964,0.057275705,0.06030401,0.030093933,0.19818513,0.6431555,0.72557753,0.8308738,0.21141617,0.6956676,0.0002822662,0.65286255,0.19060922,0.9919151,0.849047,0.00034621466,0.9995666,0.9099976,0.66383445,0.017364588,0.67916036,0.9991658,0.16780637
0.031167472,0.31872717,0.6095897,0.052517034,0.054642834,0.05604573,0.053854518,0.10302248,0.098552294,0.053435504,0.21255489,0.542779,0.6595779,0.71485066,0.313649,0.64124453,0.0019831625,0.56921405,0.21490142,0.9730354,0.7220335,0.002468301,0.9965958,0.8053341,0.5712638,0.037001207,0.5730404,0.99565876,0.20771557
0.07967483,0.53224283,0.78219527,0.3860022,0.26567394,0.40845218,0.34679776,0.20934464,0.33892342,0.35080636,0.5475261,0.7403895,0.73876923,0.8595694,0.3092564,0.6602387,0.01648277,0.66216815,0.3747064,0.9459642,0.88296473,0.022850914,0.9849844,0.8964435,0.76151824,0.17173068,0.7546318,0.95373654,0.40132818
0.021482013,0.118319735,0.3151424,0.0073017343,0.010555857,0.005720431,0.0069147525,0.038191617,0.035397913,0.005451288,0.040901683,0.246018,0.54995805,0.18763508,0.29393852,0.42624095,0.00036260768,0.31633058,0.10191278,0.93612117,0.19044738,0.0004659735,0.9971656,0.25587824,0.27790156,0.0058177863,0.27054957,0.99958557,0.08731001
0.032119222,0.19807495,0.44266492,0.021983285,0.027496798,0.019930758,0.021655034,0.076263785,0.06562236,0.019793186,0.1043416,0.3687311,0.5870651,0.42361504,0.3366355,0.53936803,0.0012817736,0.43208265,0.15553793,0.9520128,0.42068154,0.0016215097,0.99558455,0.5277862,0.4031172,0.017994575,0.3970039,0.9980332,0.1465418
0.019942503,0.084412836,0.25406817,0.0042419494,0.0066275564,0.0031545192,0.0039284504,0.026585395,0.02819553,0.0028874879,0.022180965,0.16023271,0.5304813,0.09258641,0.29980165,0.34799725,0.00022347964,0.23244615,0.079545,0.88366294,0.09315297,0.0003115854,0.9965413,0.12557371,0.21205603,0.0033908754,0.19968556,0.99979144,0.0694426
0.15726113,0.3701805,0.58259374,0.21622998,0.1766836,0.22048828,0.19430128,0.2595547,0.27845585,0.20666507,0.34914327,0.48077807,0.6172394,0.6380349,0.47613028,0.601096,0.042654548,0.5002909,0.3051715,0.84714526,0.61764807,0.058643386,0.9321214,0.68409556,0.55352664,0.15475582,0.52474976,0.9302159,0.35211235
0.035220183,0.15432546,0.3634968,0.015403978,0.02071013,0.012960378,0.014835837,0.06285098,0.05653409,0.012659411,0.06966539,0.2760117,0.5613466,0.2709007,0.34496105,0.47358793,0.0011450062,0.3573785,0.13290188,0.92405856,0.2666873,0.0014701288,0.99383533,0.3501857,0.32869002,0.013051712,0.31394076,0.9985863,0.12426086
0.052952796,0.17841375,0.39039972,0.026051834,0.03185957,0.022651399,0.024532154,0.08986252,0.08187588,0.022272117,0.09379093,0.28108788,0.5600404,0.30953857,0.40087292,0.49442124,0.0027751497,0.3638678,0.15473182,0.8941783,0.29494995,0.0037437466,0.9872126,0.38010538,0.3536929,0.022550128,0.33061373,0.99654996,0.15929623
0.00907966,0.043276116,0.18121406,0.001032147,0.0020044453,0.0007148317,0.0009669067,0.009205664,0.015329082,0.0005999323,0.005890638,0.07150037,0.52046555,0.025198828,0.23913236,0.22456639,2.6462489e-05,0.13358526,0.045796033,0.7430966,0.025429955,3.9711344e-05,0.99830854,0.033699818,0.13331182,0.000796185,0.11965677,0.9999795,0.03808297
0.015207492,0.3373499,0.67258906,0.03778709,0.038978454,0.041173525,0.040722027,0.07047577,0.072209455,0.03758698,0.2053446,0.6141248,0.70518863,0.79547226,0.24132612,0.6755958,0.00057760265,0.62736416,0.20015225,0.9879177,0.8121987,0.00069731934,0.99910283,0.8807642,0.6333592,0.02297341,0.64575416,0.9984856,0.18025543
0.026177738,0.0963545,0.2739041,0.006419909,0.009204463,0.0048699495,0.0058235754,0.035234388,0.038629122,0.0044888873,0.028679112,0.16549668,0.5336324,0.110908195,0.34105927,0.3693833,0.00040511377,0.24236216,0.089581616,0.8565538,0.10703121,0.0005873176,0.99425864,0.14382288,0.23157029,0.0052212323,0.21017182,0.9996044,0.08571483
0.011991302,0.05741124,0.20609279,0.0017356167,0.0030914461,0.0012299721,0.0016167692,0.014019733,0.01727929,0.0010690928,0.010250837,0.112608634,0.5186604,0.045089982,0.25119868,0.2750181,6.102055e-05,0.17556746,0.056697484,0.85283893,0.046609975,8.698262e-05,0.9981141,0.06246268,0.1608964,0.0013341798,0.15196575,0.99994946,0.046461947
0.1396278,0.41010284,0.61741376,0.24490467,0.19862689,0.2558981,0.2222788,0.25368997,0.2843347,0.23826064,0.39064348,0.5513977,0.638208,0.694404,0.43301746,0.60931385,0.03984715,0.5430334,0.32455492,0.88555926,0.69269174,0.05186829,0.9484214,0.74172425,0.597761,0.16531698,0.5768225,0.93043435,0.3547821
0.03050792,0.13437453,0.33928645,0.011639788,0.015430405,0.009406634,0.0107876,0.0526631,0.050345805,0.009029623,0.053145837,0.24586745,0.55115503,0.2149302,0.34754136,0.44484237,0.0007642396,0.32048818,0.11508869,0.91049606,0.20940486,0.0010542846,0.9944199,0.2786326,0.29814565,0.009548155,0.28013447,0.99910295,0.11199768
0.035364434,0.20101537,0.44009182,0.023686344,0.03000915,0.02160054,0.023608055,0.07920566,0.06904827,0.02157067,0.108161144,0.36090124,0.58907473,0.4242813,0.3384586,0.53814876,0.0015144879,0.4344563,0.1610769,0.9485974,0.42075577,0.0018773763,0.9948431,0.52774423,0.40460002,0.019674266,0.39640257,0.9977083,0.15082905
0.0383461,0.10143446,0.2948852,0.010764293,0.01333271,0.008159656,0.009496122,0.047831804,0.06199837,0.0075526144,0.03623128,0.13798307,0.5492354,0.12009981,0.4130611,0.38287663,0.0008822418,0.23190282,0.09930916,0.7531258,0.105703704,0.0013780987,0.98655,0.14532016,0.24711117,0.0086498475,0.20737095,0.9991499,0.11236174
0.034819126,0.19620156,0.43573272,0.022813015,0.028678268,0.020607034,0.022579627,0.07766274,0.06809078,0.020514859,0.10386636,0.3542397,0.5861093,0.41231272,0.3416646,0.5343508,0.0014318519,0.42712644,0.15687713,0.9467368,0.4073911,0.0018104807,0.99486876,0.5146002,0.3997374,0.018829834,0.3888556,0.9978454,0.14903489
0.01603831,0.06801717,0.22549812,0.0027535814,0.0045608846,0.0019866356,0.002546879,0.01935016,0.023018159,0.0017810398,0.014729125,0.12698206,0.5252217,0.061342582,0.28311807,0.30514854,0.00012186334,0.19686215,0.066535726,0.8526839,0.061782375,0.00017378507,0.99711347,0.08340484,0.18186542,0.0021678281,0.16904044,0.9998944,0.05756511
0.011157421,0.057047863,0.20154941,0.0016097878,0.0028735239,0.0011191522,0.0014782863,0.013280152,0.016288612,0.00096208556,0.009745828,0.11686986,0.5118117,0.04404354,0.2400579,0.2727356,5.192067e-05,0.17692585,0.055119205,0.8615109,0.04581034,7.3975934e-05,0.99835604,0.06123352,0.15833776,0.0012282331,0.15019844,0.9999565,0.045016646
0.04206202,0.19200747,0.41485924,0.024522057,0.030898118,0.021816863,0.023887906,0.083937004,0.07273502,0.021779718,0.10230249,0.3326342,0.57325613,0.37192264,0.35891023,0.51707935,0.0019967088,0.4064568,0.15942241,0.93255454,0.36467978,0.0025039895,0.99258703,0.46193397,0.38025507,0.020859035,0.3687845,0.99725145,0.15250991
0.041613534,0.13390194,0.3344095,0.014737218,0.018980684,0.011845583,0.013593405,0.06214825,0.061329596,0.011395598,0.0569367,0.21458702,0.5481187,0.19878188,0.38907132,0.43801787,0.0013472614,0.30065784,0.1215911,0.86923534,0.18756929,0.0019125247,0.9896473,0.2509632,0.29271072,0.012409003,0.26707593,0.9985368,0.12529534
0.016877126,0.076596744,0.23700419,0.003264084,0.005236563,0.002366376,0.0029843452,0.022003219,0.024343895,0.0021233421,0.017707154,0.15042378,0.52314824,0.07600542,0.28117505,0.3263025,0.00014754062,0.21808119,0.07169198,0.87948704,0.07704678,0.00020639905,0.99721503,0.10370365,0.19600649,0.0025680817,0.18426903,0.9998659,0.061733697
0.025753936,0.1345249,0.34225827,0.010121799,0.0140144145,0.008212291,0.009607882,0.047875766,0.043702796,0.007933467,0.05261116,0.26471287,0.5554926,0.23052078,0.3180006,0.4529781,0.000570966,0.3379076,0.114428304,0.9337029,0.23012443,0.0007459323,0.9962567,0.30586714,0.30362377,0.008262567,0.2935923,0.99930906,0.10326714
0.025849607,0.10333423,0.28507638,0.0067893565,0.01004394,0.005258597,0.006277569,0.03697359,0.03727624,0.0049015246,0.0330241,0.18820414,0.538405,0.13297226,0.3262924,0.38983905,0.0004299351,0.26663208,0.09512935,0.89206296,0.13215491,0.0005954385,0.99523395,0.17771874,0.24607933,0.005606189,0.23068726,0.9995653,0.08595975
0.099788256,0.25711566,0.47748417,0.07779392,0.0769792,0.07353805,0.07175118,0.16727795,0.16003188,0.071493074,0.18731919,0.34897152,0.57936627,0.4649902,0.467915,0.5558656,0.012629771,0.42056912,0.21727219,0.8564702,0.43350598,0.01764405,0.9642789,0.5276228,0.43992054,0.064586505,0.40659508,0.9820478,0.25219646
0.025139518,0.108508565,0.29193532,0.007131159,0.010546025,0.0055426005,0.0067215622,0.037725538,0.036801524,0.0052141193,0.035976905,0.20549676,0.5426037,0.14916703,0.3137576,0.40026003,0.00043260466,0.28480718,0.098167054,0.90859056,0.14919601,0.0005724923,0.9957728,0.20169935,0.25617445,0.005849686,0.24196061,0.9995466,0.087237306
0.027054125,0.10574506,0.2900447,0.0073498017,0.010670813,0.0056753163,0.0068401936,0.039096754,0.0388991,0.0053624897,0.035088677,0.19144823,0.5394351,0.13838634,0.3326138,0.3930787,0.00048848323,0.26976565,0.097512044,0.8904966,0.13661951,0.0006731601,0.9948442,0.18374097,0.2490609,0.0060631484,0.23372237,0.9995072,0.08979624
0.003625518,0.027862953,0.14218031,0.00027320776,0.00065590825,0.00017216052,0.00026288594,0.0036223654,0.0058356435,0.00013436016,0.0022425917,0.062371504,0.48848465,0.011861071,0.14668009,0.169659,3.107327e-06,0.10475714,0.029035501,0.8116316,0.013527897,4.6139667e-06,0.9996505,0.017767861,0.09588392,0.00018720012,0.094351314,0.9999976,0.020207947
0.025861612,0.11050372,0.2961278,0.00749593,0.011050888,0.005841949,0.007105471,0.039192062,0.037545983,0.005546728,0.037750892,0.20984095,0.54281604,0.1548708,0.3153962,0.40389964,0.00047222403,0.28934866,0.10042545,0.9107352,0.15517306,0.000619886,0.9956625,0.20933893,0.25950858,0.006169056,0.24662799,0.9995055,0.08922362
0.021974571,0.09056339,0.26044485,0.005018473,0.0077267475,0.0037792877,0.0046295817,0.029420447,0.030959347,0.0034622615,0.025438571,0.16998853,0.53456753,0.103972174,0.3053415,0.36064565,0.00028141495,0.24584047,0.0845523,0.8870621,0.10474077,0.00038400973,0.99608755,0.14150551,0.22258419,0.004069724,0.20821092,0.999731,0.07429844
0.15754685,0.3372492,0.55460477,0.18381076,0.15242197,0.18314986,0.16444865,0.24892183,0.26234818,0.17151894,0.30969226,0.4279558,0.60515213,0.5892544,0.49737304,0.5919492,0.038445007,0.46912506,0.28418994,0.82470614,0.5579648,0.054394238,0.927143,0.6358115,0.5199962,0.13598783,0.48512012,0.9403703,0.3383913
0.03452307,0.14241205,0.34791762,0.013503001,0.018091876,0.01117458,0.012577663,0.0587094,0.055015773,0.010743577,0.060220607,0.2499992,0.55377954,0.23375352,0.3565562,0.45863682,0.0009940062,0.33066827,0.12386193,0.91015625,0.22752173,0.0013564483,0.9934674,0.30046898,0.31024164,0.011364082,0.29272053,0.9988152,0.11921066
0.042814426,0.1825841,0.40187967,0.022915721,0.028993621,0.02011241,0.022069184,0.081763,0.071628734,0.020063719,0.09463729,0.3126383,0.56745636,0.34225643,0.36619335,0.50655067,0.001959965,0.38936436,0.15357156,0.92497987,0.33426285,0.0025176543,0.99200153,0.42707705,0.3661743,0.019624146,0.35230768,0.99740964,0.14882754
0.013892791,0.052249614,0.20822443,0.0019660129,0.0033338603,0.0014126692,0.0018362672,0.014332078,0.023632906,0.0012201464,0.009383034,0.0750416,0.5395735,0.036817476,0.29575443,0.25854322,7.230914e-05,0.14788948,0.05645939,0.71221787,0.03508384,0.00010994353,0.99659026,0.047812782,0.15681255,0.0015363225,0.13549161,0.99994266,0.051468197
0.0075201513,0.03971433,0.1721205,0.00079711265,0.0016219777,0.0005414867,0.0007500631,0.007633489,0.012154125,0.00045069348,0.005008715,0.07280306,0.51593214,0.022602955,0.21412292,0.21610339,1.7536157e-05,0.13095474,0.041781265,0.7807849,0.023809686,2.5695226e-05,0.9988306,0.03193845,0.12610245,0.0005998325,0.115821324,0.9999865,0.033175007
0.02902599,0.19904807,0.44710302,0.020788277,0.026773175,0.019111026,0.021025555,0.06933244,0.063103326,0.01869615,0.102792546,0.37179986,0.6033862,0.43876925,0.31295714,0.5430852,0.0010303501,0.44776267,0.15517668,0.9577179,0.44073138,0.0012662454,0.99632734,0.5501938,0.41582578,0.016723637,0.40815502,0.9983612,0.14020711
0.03539924,0.22198544,0.4738897,0.028303271,0.034502372,0.026697293,0.028324412,0.086084664,0.07568654,0.026569039,0.12616278,0.393889,0.60100526,0.48823616,0.33963478,0.56289405,0.0016752675,0.46158126,0.17198186,0.9539664,0.4849061,0.0020949845,0.9950459,0.59415,0.4373048,0.023105886,0.43002686,0.9972459,0.1637176
0.0503259,0.21845688,0.44486928,0.03487766,0.041472085,0.032310627,0.03413816,0.10157813,0.089791544,0.03206912,0.12823467,0.3612733,0.5835883,0.4272556,0.3726659,0.5351885,0.0031537486,0.43073952,0.17794599,0.9288304,0.41742742,0.003942093,0.99002296,0.515915,0.41334566,0.029380558,0.39826575,0.99543685,0.17563426
0.012849629,0.050357006,0.19947207,0.0017715194,0.0030070634,0.0012354007,0.0016209579,0.013317945,0.022727208,0.0010562722,0.008274567,0.07409335,0.5242183,0.032221735,0.28182903,0.24669753,5.9092235e-05,0.14251204,0.052446064,0.692739,0.030374367,9.0261536e-05,0.9968144,0.041134793,0.15112051,0.0013731499,0.12818426,0.99995244,0.049853537
0.016582606,0.07124318,0.23086122,0.002993801,0.004909597,0.0021700233,0.002772704,0.020486843,0.023566175,0.0019492034,0.016082631,0.1356797,0.52616066,0.06769506,0.28281733,0.31495476,0.00013508085,0.2061908,0.068802275,0.86561924,0.06860636,0.00018992755,0.9971234,0.09295833,0.18871874,0.0023599367,0.17573099,0.9998803,0.059430752
0.021119123,0.093178205,0.26587215,0.0050197276,0.0077040005,0.0037807385,0.004647494,0.029696932,0.030372899,0.0034913952,0.02648154,0.18094759,0.5339178,0.11217428,0.29813093,0.36850893,0.0002694378,0.2549399,0.08564502,0.9000076,0.11316202,0.00036643096,0.99653983,0.15286106,0.22782964,0.004033838,0.21616955,0.99973506,0.07440799
0.0228849,0.2589378,0.5518929,0.028680153,0.033369407,0.028557912,0.02974644,0.07742108,0.06783811,0.027578324,0.15015674,0.49457994,0.64012134,0.6278577,0.29485756,0.61220187,0.0009428747,0.53139997,0.17809951,0.97679657,0.63584006,0.0011452727,0.9979366,0.7410748,0.5095138,0.02106433,0.51554054,0.9981054,0.16236337
0.0076857638,0.040370554,0.17323849,0.0008227324,0.0016656005,0.0005593523,0.000775578,0.007843838,0.01232007,0.00046690504,0.0051492164,0.07432411,0.5149452,0.023219865,0.21564682,0.21836208,1.8372864e-05,0.13267934,0.042238668,0.78398585,0.024429481,2.6874694e-05,0.99880886,0.032868143,0.12753493,0.00061936065,0.11693638,0.9999857,0.03361999
0.073116146,0.39047244,0.63247186,0.1454406,0.12795684,0.15670568,0.13815422,0.17844634,0.19087438,0.14600693,0.32921118,0.5795115,0.6583241,0.72964853,0.3719363,0.62755215,0.011495955,0.571957,0.2840791,0.94308096,0.7348077,0.014346224,0.9845291,0.79246104,0.60348636,0.09624003,0.5982732,0.97674644,0.29216474
0.030927625,0.14681673,0.35599473,0.012980505,0.017819038,0.010782569,0.012555474,0.056162253,0.050713312,0.010584846,0.063115045,0.27286646,0.5608981,0.25860408,0.33085212,0.46746954,0.0008560201,0.35353464,0.12619975,0.9304459,0.25621378,0.0010980363,0.99509096,0.33860824,0.32040274,0.010848443,0.30838236,0.9989385,0.11551008
0.016797416,0.08921808,0.26436046,0.0040549194,0.0063163186,0.002968048,0.0037378396,0.025493909,0.025643062,0.0027299176,0.0239281,0.1906569,0.5315604,0.113180384,0.2701914,0.36941892,0.00016924574,0.26073682,0.08056838,0.9208904,0.11557771,0.0002284542,0.99781215,0.15818724,0.2261437,0.0031352786,0.21843891,0.9998271,0.06731443
0.009689195,0.049503863,0.19034329,0.0012219975,0.0023028827,0.00084881886,0.0011411754,0.0108141685,0.014377916,0.0007212724,0.007545056,0.09736863,0.51380175,0.033915095,0.23158553,0.24943267,3.5172736e-05,0.15656742,0.049636386,0.83540374,0.03543932,5.0680224e-05,0.9985405,0.047229357,0.14471895,0.00092646823,0.13645515,0.9999716,0.039781462
0.009964476,0.049566418,0.1913655,0.0012635665,0.0023810791,0.00087822985,0.0011826082,0.010976455,0.014805112,0.000750698,0.007692578,0.09590759,0.5155432,0.03441759,0.2355133,0.25117952,3.6230726e-05,0.15726034,0.0501634,0.8311664,0.03585381,5.243731e-05,0.9984748,0.048322074,0.14645359,0.0009582425,0.1367376,0.9999703,0.040418796
0.044657145,0.16369578,0.37805015,0.020539355,0.025576424,0.017415553,0.019263046,0.07703119,0.071412385,0.01707985,0.07990465,0.2684487,0.5592476,0.28330535,0.38855165,0.4837203,0.0018456191,0.35143805,0.1417808,0.8994664,0.27077976,0.002541585,0.99012893,0.35457072,0.3388869,0.017488709,0.31559864,0.9977071,0.14505707
0.017274959,0.07527688,0.23467773,0.0032908642,0.0053752623,0.0023984166,0.003028968,0.021731772,0.024266494,0.0021488022,0.017783972,0.1464195,0.5279009,0.075193144,0.28034148,0.3260368,0.00015252293,0.21820448,0.071699634,0.87900686,0.076942906,0.00020986328,0.99712014,0.10440309,0.19619608,0.0026056848,0.18354078,0.99986243,0.061097402
0.018772623,0.27558967,0.5887579,0.028291354,0.032303758,0.029052697,0.029960588,0.07142093,0.06561987,0.027760023,0.1588631,0.525769,0.66076,0.68629026,0.2748702,0.6353585,0.00068142463,0.5609738,0.1801604,0.98209137,0.6978556,0.0008407127,0.99859744,0.7954643,0.5456129,0.019839821,0.5543629,0.9984793,0.16304667
0.019156901,0.38522515,0.7105088,0.06024677,0.056152597,0.06837613,0.0631335,0.08656996,0.09611796,0.060613256,0.25979206,0.6486271,0.7170027,0.8331178,0.2527033,0.69026756,0.0009975011,0.6477462,0.22671188,0.98602515,0.84914696,0.0012360305,0.99869055,0.902247,0.67554116,0.034128007,0.68299055,0.9972492,0.2146531
0.091519505,0.24025288,0.45463604,0.06411965,0.06657787,0.05971659,0.059376404,0.15180303,0.14242847,0.05834149,0.1658201,0.33336627,0.57343495,0.42729148,0.45618397,0.5411974,0.01026525,0.4085983,0.20469682,0.8623227,0.39967483,0.014004227,0.96860415,0.49095774,0.419855,0.054428417,0.38936114,0.9861513,0.23191042
0.027396258,0.10475991,0.28701302,0.007321337,0.010620176,0.005644836,0.0067852,0.038800016,0.039196245,0.0053129965,0.034415323,0.18749939,0.5388361,0.13437411,0.33492142,0.38979077,0.00048984215,0.26653507,0.09699645,0.885359,0.13216993,0.00067787967,0.9946295,0.17782332,0.24672934,0.006039015,0.23025036,0.99950826,0.08972281
0.012398676,0.059347898,0.2092825,0.0018473748,0.0032754086,0.0013078894,0.0017141519,0.014635262,0.01779837,0.0011422934,0.010909395,0.11696364,0.51875067,0.048183262,0.2534204,0.28232113,6.480815e-05,0.18083933,0.05828904,0.85871553,0.049815446,9.283477e-05,0.9980818,0.06703992,0.16513896,0.0014195788,0.15600154,0.9999447,0.04771271
0.032357953,0.169529,0.39466634,0.016959017,0.022368096,0.014711048,0.016584124,0.06548918,0.05840034,0.014508412,0.08068806,0.31191236,0.5747009,0.33256176,0.33519593,0.50299203,0.0010710944,0.3909028,0.14052,0.94040215,0.32932398,0.0013623979,0.99512595,0.42650297,0.3602254,0.014138357,0.3479992,0.99852765,0.13019858
0.040208213,0.663449,0.89739555,0.52156156,0.31164876,0.55605483,0.4693747,0.15678467,0.38488805,0.44098413,0.6784582,0.8592941,0.82216656,0.9457578,0.19969386,0.7178319,0.0052799936,0.75728816,0.42152724,0.9741269,0.9639078,0.00835438,0.99652183,0.9666731,0.88142174,0.15935098,0.87684005,0.9772025,0.4528675
0.041549284,0.14435756,0.349061,0.016249722,0.020588757,0.013368173,0.014876943,0.06631232,0.06480079,0.01286376,0.06351418,0.23481673,0.55216086,0.22630127,0.38952032,0.455206,0.0014075434,0.31837264,0.12739713,0.88133645,0.21457641,0.0020043803,0.99016434,0.2836885,0.30882776,0.013714015,0.28355825,0.9983699,0.13116261
0.013856003,0.064094,0.21498983,0.0022194192,0.0038425713,0.0015843185,0.0020452626,0.01649772,0.01930285,0.0013887275,0.012760749,0.12771742,0.5208614,0.055432465,0.25927928,0.29588667,8.593409e-05,0.19319308,0.062226772,0.8699053,0.057524335,0.00012018185,0.99784744,0.07762252,0.17412604,0.0017175905,0.16451079,0.9999255,0.05093089
0.04029141,0.24269913,0.49324536,0.036020845,0.042183056,0.034730997,0.036088288,0.09884851,0.086446345,0.034701265,0.14765452,0.41959992,0.6048376,0.52615446,0.347102,0.57318103,0.0023793583,0.47832006,0.18648091,0.9528914,0.52224183,0.0029252544,0.9939814,0.62726,0.4581193,0.029279063,0.45253927,0.99603313,0.17914966
0.027803369,0.34143725,0.6363533,0.057899684,0.058012683,0.061869066,0.059350047,0.1001259,0.09888502,0.057709955,0.23121534,0.58919626,0.6778938,0.7500796,0.29051355,0.6482765,0.0018196824,0.5963638,0.22263445,0.9778867,0.761717,0.0021531896,0.99726534,0.83446974,0.5998347,0.037879027,0.6076935,0.9958912,0.20857497
0.03375554,0.42803144,0.7210355,0.11430438,0.09619446,0.13043205,0.1133383,0.12362755,0.14885908,0.114972465,0.33544418,0.66266173,0.7146497,0.8357976,0.2908182,0.68116987,0.0030480812,0.64281446,0.268406,0.97645855,0.85095716,0.0039195046,0.996409,0.8951897,0.6887814,0.0634156,0.6901675,0.9919052,0.2683668
0.019317526,0.09535963,0.27269986,0.0049515604,0.0073871724,0.00367156,0.0045794034,0.029473692,0.029471545,0.003418575,0.026849551,0.19600052,0.53253317,0.11996292,0.29117945,0.3740647,0.00023789644,0.2629989,0.084998555,0.9112995,0.12153987,0.00032132224,0.9971144,0.16398357,0.23253942,0.0038969822,0.2218459,0.99975914,0.07405694
0.026802983,0.14767203,0.36388713,0.011913136,0.016392397,0.009991996,0.011546644,0.052311573,0.047787778,0.009716035,0.06206422,0.28490815,0.5681969,0.27371332,0.31786573,0.47681704,0.0006566347,0.36353543,0.12339824,0.94068295,0.27378926,0.0008437197,0.9962435,0.36139268,0.328706,0.009797676,0.31733733,0.99914396,0.11099777
0.0044862544,0.03062446,0.15065463,0.00036746377,0.0008537946,0.00024073168,0.00035614343,0.0044612032,0.0072649443,0.00019191818,0.0028131853,0.06321982,0.5011831,0.014089627,0.16572554,0.18055832,5.1682823e-06,0.11018412,0.0324391,0.7962534,0.015682157,7.6132333e-06,0.99949193,0.02064745,0.103421226,0.00026111735,0.10001283,0.99999607,0.023220988
0.015610656,0.0750413,0.23521785,0.0029846658,0.004858761,0.0021551976,0.00275555,0.02074089,0.022564799,0.0019417715,0.016978329,0.1531399,0.5231364,0.074995495,0.2703355,0.32477233,0.00012626876,0.21901836,0.069874845,0.88977176,0.07708794,0.00017415067,0.99762696,0.10392117,0.19415945,0.0023261262,0.18463515,0.9998845,0.058922853
0.019553272,0.08282324,0.24981625,0.0041221925,0.0064374194,0.003042755,0.003807935,0.02587941,0.027919214,0.0027904941,0.021469684,0.1585526,0.5293984,0.0894755,0.2970772,0.34363443,0.00021248721,0.2314157,0.07779542,0.88126296,0.089997485,0.0002945227,0.9965857,0.12190133,0.2095469,0.0032911722,0.19610602,0.99980265,0.06861885
0.04372196,0.2731313,0.53794765,0.047927957,0.05253972,0.048437364,0.047572248,0.11366769,0.1027924,0.04755227,0.17941335,0.45206878,0.61777735,0.59822255,0.36283347,0.602308,0.0030221734,0.5024284,0.20281583,0.9527029,0.592388,0.0039170557,0.9932427,0.69389343,0.4975849,0.03773057,0.488959,0.99438816,0.20562012
0.03226697,0.38214046,0.6696729,0.083375596,0.07712732,0.09091029,0.083695926,0.11468172,0.12146517,0.0830055,0.2792098,0.62742174,0.6918113,0.78716743,0.29157993,0.65801,0.0027041642,0.61844045,0.24722059,0.97645164,0.80026615,0.0031742153,0.99652547,0.8589465,0.6363932,0.05101058,0.64361256,0.99367625,0.23644191
0.032895528,0.4038057,0.6981055,0.09803656,0.086442694,0.11019422,0.09779087,0.118788846,0.13602628,0.09851744,0.30809808,0.64297897,0.7049713,0.81387645,0.29282525,0.6715628,0.0027969556,0.6301303,0.25691038,0.976269,0.82844454,0.00349421,0.99648166,0.8789821,0.66533506,0.05661335,0.66819656,0.9928785,0.25357208
0.012146221,0.059846807,0.20682682,0.0018116988,0.0032296896,0.0012751713,0.0016645922,0.014344802,0.017052693,0.0011049092,0.010921771,0.122817926,0.5159247,0.04899046,0.2446936,0.28430903,6.218822e-05,0.18523203,0.058088355,0.87201905,0.05127847,8.783816e-05,0.9982486,0.06901262,0.1654619,0.0013789093,0.1579495,0.9999466,0.046404183
0.025547408,0.16046888,0.38927698,0.013253868,0.017929507,0.011316367,0.013011143,0.055715382,0.04883968,0.011145017,0.0716192,0.31995955,0.57611936,0.3228837,0.30991036,0.4987295,0.0006801426,0.39094016,0.13049833,0.9522585,0.32507402,0.0008477951,0.99682546,0.42228383,0.35274982,0.0107478555,0.34733948,0.9990614,0.11518106
0.061114717,0.25280586,0.4861907,0.05201981,0.057030104,0.05012319,0.05001265,0.12705874,0.11454111,0.049593013,0.16733043,0.3967574,0.59264666,0.50330955,0.39868593,0.56486136,0.0051427106,0.45622692,0.20236908,0.92395616,0.48873127,0.006629443,0.98662984,0.58611715,0.45073164,0.042970415,0.43535066,0.9919377,0.20972092
0.012577135,0.4178257,0.7627735,0.057333842,0.05056911,0.06673477,0.061475575,0.07091526,0.08664464,0.056177255,0.27583173,0.70456046,0.751106,0.8783041,0.21050903,0.712584,0.0005062268,0.68844116,0.22588018,0.99113715,0.8958745,0.0006248888,0.9994041,0.93589544,0.72760653,0.028148975,0.73848295,0.99839264,0.21017742
0.021035742,0.08483329,0.25365674,0.0044968445,0.0068965545,0.0033638023,0.004056726,0.027590603,0.030680431,0.0030329146,0.02224278,0.15370479,0.5299616,0.09010308,0.31223127,0.34653184,0.00024350737,0.22719042,0.07973704,0.86536175,0.08900827,0.0003486897,0.99593085,0.11893112,0.21205178,0.003625085,0.19628298,0.99977416,0.07230098
0.008741925,0.044890307,0.18151866,0.0010022356,0.0019754525,0.0006941222,0.00093978405,0.009231691,0.013293255,0.0005842945,0.006237829,0.08545749,0.5148395,0.02796776,0.22451249,0.23352706,2.5551182e-05,0.14414448,0.04610712,0.8115041,0.029416546,3.712321e-05,0.99867517,0.039414782,0.13618098,0.00075863936,0.12697153,0.9999796,0.036267582
0.010285661,0.05162095,0.19310075,0.0013580117,0.0025061725,0.00094085466,0.0012682007,0.011637408,0.015145629,0.0008092938,0.0082640285,0.10262628,0.5137868,0.037043884,0.23580834,0.25650603,4.1470783e-05,0.16373093,0.051404685,0.84279054,0.038574688,5.9230795e-05,0.99843436,0.051710118,0.14874457,0.0010339697,0.14005424,0.9999664,0.041821595
0.03212127,0.13805509,0.34052974,0.012110279,0.016719332,0.009911082,0.011467986,0.054365758,0.050261848,0.009614718,0.056767825,0.24963644,0.5535026,0.22671637,0.3409187,0.4529557,0.00085221214,0.33146086,0.12091937,0.917698,0.22339283,0.0011301484,0.9944089,0.296816,0.3042112,0.010197271,0.28963768,0.9989961,0.11213702
0.018583821,0.07996768,0.24495079,0.0037922212,0.006070432,0.0027884713,0.003523882,0.024243297,0.026107686,0.002527263,0.020193314,0.15522279,0.5288929,0.08510888,0.2883224,0.3382784,0.00018849742,0.22816062,0.075763695,0.8849386,0.086612165,0.00025802583,0.99687827,0.11739543,0.20591657,0.0030224966,0.19277497,0.99982685,0.065325275
0.10667837,0.21996306,0.45298696,0.06811503,0.06501971,0.060451236,0.061657526,0.15940225,0.16283399,0.058141246,0.156983,0.27298072,0.5713925,0.38976088,0.50788367,0.53705865,0.011624312,0.36943838,0.19804183,0.7898991,0.34445035,0.017682722,0.9544584,0.44419187,0.40315118,0.056127176,0.3566811,0.9847075,0.24893773
0.012423733,0.29396105,0.6390318,0.024442121,0.02750926,0.025986038,0.026724864,0.05913903,0.05643125,0.024066063,0.16236468,0.5730936,0.68938047,0.7552607,0.23967025,0.6660753,0.00034261975,0.60083073,0.17568842,0.9889324,0.7721932,0.00042731012,0.9993518,0.8571758,0.5935112,0.015805991,0.60667306,0.9991177,0.15516685
0.0036480695,0.025451235,0.1426429,0.000265865,0.0006416906,0.0001688563,0.00026243264,0.0034261816,0.006926754,0.0001317203,0.0019369491,0.044672567,0.5036399,0.009542001,0.16120017,0.1550415,2.92331e-06,0.08893441,0.02809361,0.6892727,0.010303782,4.4588855e-06,0.999526,0.013503959,0.09194902,0.00018602984,0.084827565,0.99999785,0.020782834
0.011404734,0.054820217,0.19890156,0.0015893825,0.0029009157,0.0011163306,0.0014725373,0.012861882,0.016382381,0.0009605575,0.00945284,0.10794519,0.51838917,0.041746136,0.24351385,0.26868376,5.211005e-05,0.17197499,0.054538094,0.8501601,0.043714248,7.367595e-05,0.9982407,0.059000168,0.15678973,0.0012209435,0.14675374,0.99995697,0.044237703
0.028506681,0.3210655,0.61353,0.05124611,0.05329413,0.054214697,0.05269074,0.09602409,0.09555473,0.051302925,0.21176803,0.5558905,0.67040646,0.7191001,0.2952155,0.6386902,0.001692089,0.57929474,0.21405159,0.97567636,0.7306399,0.0020391778,0.99708813,0.8099741,0.5787894,0.034799945,0.5846433,0.9962787,0.19991632
0.01693409,0.41295683,0.74204785,0.06623936,0.05871075,0.07651959,0.06942604,0.0837291,0.09821164,0.06566987,0.28203768,0.68289673,0.73464596,0.86145735,0.23639642,0.70285034,0.00086349266,0.6702034,0.23366864,0.98816377,0.8781057,0.0010783796,0.99897015,0.9226692,0.707668,0.03487068,0.71560293,0.99745184,0.22134905
0.030336639,0.22506648,0.48647368,0.026307985,0.032083355,0.025000036,0.026358413,0.08064056,0.07086323,0.024744218,0.12585877,0.41375688,0.60851526,0.51385397,0.32645378,0.5734008,0.00130096,0.4738759,0.1693648,0.9619215,0.5137748,0.001628994,0.9962968,0.623794,0.44815105,0.021052131,0.4452975,0.9977608,0.1578709
0.12141352,0.48977205,0.7190025,0.36319396,0.26349407,0.38363367,0.32540682,0.25244212,0.34561443,0.3408928,0.50424874,0.6650193,0.69388324,0.8040162,0.38129383,0.64148676,0.034442414,0.60859805,0.3681894,0.91454446,0.81897795,0.047458023,0.9652454,0.8441818,0.69846946,0.19704646,0.6828407,0.9242648,0.39948082
0.02838453,0.2421644,0.5173937,0.028932817,0.03421633,0.02805452,0.029317869,0.083228886,0.07222942,0.027491732,0.14011745,0.44812444,0.61950225,0.566045,0.3203232,0.5916931,0.0012576554,0.4965803,0.17522745,0.9674626,0.56764525,0.0015786348,0.996822,0.6782943,0.47442186,0.022449836,0.47460333,0.99766636,0.1650364
0.048436902,0.41762975,0.6879261,0.13613464,0.11599555,0.15076669,0.13221171,0.14816993,0.17168199,0.13669497,0.3431762,0.6382402,0.6947142,0.79829156,0.32017404,0.65699834,0.005917099,0.6190055,0.28115115,0.9655119,0.81207114,0.007303977,0.9929554,0.8597791,0.65857685,0.0804008,0.6584556,0.9860265,0.28271094
0.022749975,0.09896628,0.27705574,0.005822333,0.008857023,0.004419085,0.005492172,0.032927938,0.03255636,0.004160033,0.03042882,0.19155696,0.5376024,0.12773372,0.30353683,0.38202512,0.00033173308,0.26912534,0.091125354,0.9059674,0.12855117,0.0004420345,0.99629515,0.17452241,0.23960857,0.0047206627,0.22753146,0.9996654,0.079601884
0.01894306,0.0765636,0.24047421,0.0037267825,0.0057829325,0.002720637,0.0033499696,0.023953104,0.02806215,0.0024218098,0.018311877,0.13793,0.5262536,0.07407672,0.30416545,0.32499766,0.00018648803,0.20881894,0.072710246,0.8473936,0.07256834,0.00026952024,0.99620795,0.09731773,0.19746752,0.0029598314,0.18046398,0.99983406,0.06673384
0.051595252,0.2587465,0.4966464,0.04794923,0.054008305,0.046914384,0.047337778,0.11573786,0.10456558,0.046307832,0.1672745,0.4226488,0.60567313,0.52921814,0.36597884,0.5698079,0.0039384924,0.47868368,0.20174797,0.9411355,0.5232734,0.0048260745,0.990433,0.62032866,0.4660196,0.038955875,0.45662,0.9936022,0.19768508
0.012036553,0.056991234,0.20258467,0.0017217064,0.0030956017,0.0012152045,0.0015973587,0.013774492,0.017264778,0.0010570165,0.010110692,0.1116756,0.51823795,0.044138882,0.2495331,0.27333605,5.9759797e-05,0.17580484,0.05636548,0.8506625,0.045800384,8.464258e-05,0.99810034,0.061616655,0.15990566,0.0013272233,0.15034263,0.9999504,0.045989897
0.003379256,0.027805718,0.14115098,0.0002489786,0.0006050207,0.0001577416,0.00023737668,0.00344815,0.0054907114,0.00012040359,0.0021276765,0.0639433,0.48336232,0.011323192,0.14051113,0.16581973,2.6740722e-06,0.1029176,0.02860933,0.81681705,0.013026827,3.985487e-06,0.99969137,0.016796267,0.09386481,0.00016968478,0.09392028,0.999998,0.019569546
0.031925585,0.20680536,0.45924935,0.023725245,0.02910222,0.021867704,0.023549873,0.07876099,0.06839647,0.021577327,0.11147501,0.3820089,0.59364974,0.4518209,0.33843175,0.55015665,0.001311764,0.44284746,0.15963987,0.953881,0.4482183,0.0016837367,0.9956695,0.5583275,0.417546,0.01919309,0.4099137,0.9978902,0.1526213
0.023153253,0.093389764,0.26791993,0.005576061,0.00840261,0.0042144074,0.005141191,0.031625967,0.0333765,0.0038634534,0.02731407,0.17207421,0.5359807,0.11097804,0.31464824,0.3683153,0.00032138813,0.24984986,0.08668433,0.8835981,0.110805586,0.00044215992,0.99569327,0.15006311,0.23010938,0.0045381365,0.21238965,0.9996878,0.07846909
0.020444874,0.28892294,0.59880835,0.032662947,0.036428012,0.033947874,0.03421272,0.07751258,0.07114208,0.03233126,0.17234047,0.537838,0.6623316,0.70234984,0.2810102,0.6408364,0.0008448621,0.56762,0.18811367,0.98140347,0.7131702,0.0010383907,0.99838805,0.80593646,0.5562918,0.022850435,0.56537074,0.9981071,0.17199527
0.03759269,0.13100958,0.32893133,0.0129144,0.01717514,0.010417075,0.011953943,0.057222325,0.055906497,0.010019424,0.053369943,0.21755931,0.54822755,0.19412918,0.37394,0.43501604,0.001077617,0.30238384,0.11823619,0.88234067,0.18630253,0.0015068738,0.9915475,0.24884592,0.28911126,0.010906998,0.26664197,0.9988224,0.11712831
0.021290584,0.24963944,0.5437751,0.02539475,0.030372126,0.025162982,0.026592545,0.07009609,0.064657085,0.024410881,0.13912384,0.47769392,0.64474654,0.6160932,0.28429878,0.60923475,0.0007539744,0.5290083,0.17262192,0.977183,0.6259087,0.0009243675,0.99815637,0.73275906,0.5046365,0.018662427,0.50926703,0.9984711,0.15474594
0.036425855,0.1254463,0.3204026,0.011835763,0.015924145,0.009492929,0.01090405,0.054093964,0.053565655,0.00906028,0.049164258,0.20781124,0.54617935,0.17921124,0.37204862,0.42572647,0.0009764397,0.2921554,0.114089645,0.8772091,0.17181477,0.0013759821,0.99171185,0.229845,0.280291,0.009990336,0.25783265,0.9989568,0.11267857
0.012813261,0.057691988,0.2055663,0.0018548791,0.0032875296,0.0013218316,0.0017152831,0.014477587,0.01869862,0.0011505428,0.010429603,0.1074402,0.5213436,0.04427948,0.26116988,0.27382877,6.782074e-05,0.17289089,0.05760974,0.8335065,0.045291252,9.736493e-05,0.9977894,0.060693298,0.161203,0.0014427052,0.14973131,0.999944,0.047964267
0.009141172,0.03567896,0.18795523,0.0010837157,0.0018244733,0.0006968111,0.0010250518,0.008549103,0.021364909,0.00056931743,0.0045884284,0.03819973,0.5415609,0.01782337,0.2800046,0.20694327,2.261476e-05,0.09840419,0.040702615,0.46984854,0.015856862,3.7582322e-05,0.9971361,0.02241146,0.127653,0.00076191186,0.0985194,0.9999826,0.04265494
0.024125192,0.2738373,0.5678229,0.032878954,0.037266806,0.033414956,0.034143746,0.08157018,0.0742124,0.032309443,0.16338386,0.50710523,0.64781666,0.6549078,0.29652596,0.62127453,0.00108488,0.54373336,0.18663843,0.9764556,0.6633089,0.0013259149,0.99774796,0.76193994,0.52718014,0.023947218,0.5325138,0.99776006,0.1720332
0.036002155,0.22409627,0.47440007,0.029043037,0.03527427,0.027409641,0.029127471,0.08786528,0.07654788,0.027357766,0.12863763,0.39834633,0.599976,0.49021357,0.3401083,0.5624751,0.0017643286,0.4623766,0.17309834,0.9539727,0.4864572,0.0021910134,0.9949262,0.59489614,0.43784082,0.023665,0.43185726,0.9971136,0.16476072
0.030521723,0.12770177,0.32462448,0.010515949,0.014609148,0.008442205,0.009933857,0.04955198,0.04641517,0.008129075,0.049468346,0.23362754,0.54922885,0.19628042,0.33811912,0.43352258,0.0007357908,0.31286207,0.113188036,0.9113067,0.19365752,0.0009773667,0.99451315,0.25831866,0.2869748,0.008762577,0.27160028,0.9991786,0.10527831
0.06756196,0.24184488,0.46590212,0.05083235,0.05639077,0.0481013,0.04860916,0.12979926,0.11595831,0.04776586,0.15823591,0.3688686,0.5814433,0.4626471,0.41185167,0.55111897,0.0059152422,0.43601057,0.19895601,0.90927863,0.44540527,0.0076696775,0.98346406,0.54212445,0.43119037,0.043264885,0.41234782,0.9913352,0.20889185
0.027797908,0.114465855,0.30216172,0.008380045,0.012125503,0.006578151,0.007887562,0.04207707,0.040855374,0.00622055,0.040331982,0.21050182,0.5448513,0.16245537,0.32670408,0.4105813,0.00054942415,0.29205835,0.10352264,0.90486616,0.16132593,0.0007305267,0.9950197,0.21747519,0.26593113,0.0069508553,0.24956724,0.99941695,0.09427435
0.0151725095,0.06199264,0.21863046,0.0023841225,0.00403162,0.0017306008,0.0021976074,0.017276343,0.022476155,0.0015186997,0.012399856,0.10741222,0.5277214,0.0508782,0.28681684,0.287873,9.96879e-05,0.17731144,0.06260298,0.81764287,0.050715823,0.00014640407,0.9970337,0.06823391,0.1719201,0.0018763962,0.15680018,0.99991655,0.054212335
0.037577476,0.09003744,0.2862423,0.009419411,0.011942887,0.0073249624,0.008478097,0.04294757,0.06472845,0.006648059,0.030918406,0.10569897,0.5632447,0.098675475,0.42792314,0.36545193,0.0007578785,0.20601982,0.0939617,0.67570436,0.08472166,0.0012093039,0.98466635,0.11798691,0.23387964,0.0076452848,0.19133216,0.99929595,0.1076691
0.036713693,0.14713138,0.35430828,0.015102735,0.019511428,0.012427564,0.014146168,0.06280896,0.05881482,0.01207523,0.06393782,0.25590467,0.55382335,0.24188049,0.36625007,0.460601,0.001162977,0.33341318,0.12704554,0.9051758,0.2333954,0.0015959343,0.9926144,0.30791378,0.3145473,0.012631578,0.29414108,0.99860245,0.1258331
0.023947284,0.19229156,0.45091516,0.017305974,0.022233207,0.015664319,0.017350957,0.063243754,0.055355653,0.015463095,0.095827855,0.38155225,0.59892184,0.44262445,0.30703768,0.5484633,0.0007222163,0.44525024,0.14657626,0.96451724,0.4451342,0.0009109692,0.9974318,0.55879784,0.4099814,0.013705821,0.4089066,0.99881697,0.13224366
0.03366734,0.17812781,0.40559095,0.018833803,0.02454614,0.016540086,0.018421657,0.06973588,0.06159717,0.016340533,0.08794752,0.32530013,0.5775616,0.35490906,0.33722246,0.51192224,0.0012219191,0.40202135,0.14656131,0.94208527,0.35198328,0.0015410807,0.9948992,0.45105717,0.37108445,0.015737975,0.36027008,0.9982899,0.13606185
0.0122874975,0.056900606,0.20492607,0.0017611695,0.0031513192,0.0012512463,0.001630704,0.01397957,0.017721519,0.0010830289,0.010175487,0.10878,0.5204186,0.043961197,0.25531012,0.27362728,6.2113664e-05,0.17263491,0.056775793,0.8431615,0.04539299,8.910735e-05,0.9979918,0.060839586,0.16041505,0.0013590149,0.15020502,0.9999485,0.046543136
0.008398716,0.044013474,0.18044819,0.00095676555,0.0018891116,0.0006579185,0.0009003158,0.008909122,0.012669744,0.0005526585,0.0060873837,0.08570601,0.5142268,0.027628995,0.2197304,0.23201679,2.3834333e-05,0.14381933,0.04536462,0.81961983,0.029166201,3.454809e-05,0.9987723,0.03911265,0.13464473,0.0007163546,0.12644954,0.99998116,0.035531234
0.007259684,0.041843567,0.17473327,0.0007850852,0.0015976059,0.0005332863,0.00074269646,0.007823865,0.010796594,0.0004435942,0.005386997,0.08712752,0.5085932,0.025520196,0.20229797,0.22548065,1.7454935e-05,0.14134316,0.042640872,0.83901554,0.027573869,2.5122092e-05,0.99906725,0.036763895,0.12893425,0.0005768921,0.124108076,0.9999863,0.0323613
0.08726233,0.19841792,0.42657658,0.04915968,0.050062552,0.042734254,0.044588342,0.13237442,0.13423313,0.041342195,0.12757686,0.25744644,0.56692684,0.34419605,0.48668247,0.5180759,0.0073216106,0.35448644,0.17826255,0.80919677,0.30699098,0.011086371,0.96647483,0.40057933,0.3788256,0.041166853,0.33558458,0.99071336,0.21786922
0.024695031,0.103243634,0.28564802,0.0065682465,0.009741255,0.00504585,0.006142227,0.036159,0.035722554,0.0047642756,0.03305198,0.19352266,0.53869754,0.13545534,0.31786838,0.39035165,0.0004008315,0.27115497,0.09445527,0.90029997,0.13524263,0.000545392,0.9957027,0.18266942,0.24604838,0.0053769858,0.23263766,0.9995927,0.08469665
0.025172979,0.10832353,0.29304945,0.0071720313,0.010423177,0.005553252,0.006717072,0.038126767,0.037336588,0.0052312105,0.035731252,0.20479488,0.54130876,0.1473774,0.31852472,0.39908278,0.00043623312,0.281418,0.09749541,0.9051723,0.14672396,0.00058669405,0.9956514,0.19763067,0.25502673,0.0058594383,0.24035886,0.9995441,0.0882576
0.0032074861,0.024174297,0.13618457,0.0002179927,0.0005526295,0.00013686567,0.00021846023,0.0029994952,0.0059658512,0.00010731896,0.0017239774,0.045649543,0.49740124,0.008813966,0.14715333,0.14994021,2.1354779e-06,0.089304075,0.026449181,0.7167218,0.009774282,3.220068e-06,0.9996331,0.012847373,0.087807514,0.00015272696,0.082491666,0.99999845,0.018959956
0.027754644,0.32469457,0.6238513,0.05043946,0.052209664,0.054302648,0.051883303,0.09787173,0.09412221,0.051219318,0.21360138,0.5567659,0.66740155,0.7356911,0.30209386,0.6505203,0.0016413875,0.5813866,0.21316545,0.9767395,0.74457717,0.0020429145,0.9972914,0.8256535,0.5852007,0.034845732,0.58919364,0.9962806,0.20379046
0.049195893,0.72185755,0.9250386,0.70738995,0.4415368,0.7235906,0.63815534,0.17664397,0.50874746,0.5958638,0.7714285,0.8966387,0.8432829,0.9563979,0.17825343,0.71393955,0.006992562,0.77612996,0.48672205,0.96607214,0.97386193,0.012528835,0.99582565,0.9722182,0.91153175,0.21450818,0.9067941,0.9642326,0.5278827
0.028384376,0.101909205,0.28403932,0.0073768757,0.010552072,0.005632185,0.0067422427,0.038808722,0.041079335,0.0052724234,0.032986224,0.17480193,0.5380664,0.1263261,0.34769702,0.38460788,0.000499766,0.25591287,0.09555342,0.86647695,0.12227393,0.0007180359,0.99388945,0.164824,0.24241363,0.006095236,0.22213824,0.99950266,0.0913058
0.03525071,0.11553879,0.30669814,0.010628355,0.014194608,0.008284034,0.0096572,0.049550183,0.051623605,0.0078060585,0.042579412,0.18774462,0.54305536,0.15360121,0.37541223,0.4073957,0.00084893126,0.27152362,0.10683983,0.85699934,0.14508846,0.0012252209,0.9913453,0.1956349,0.26495367,0.008786743,0.23864228,0.999126,0.10771487
0.018758044,0.075268,0.23865457,0.0035590322,0.0056291013,0.0025984996,0.0032663331,0.02321438,0.026817773,0.0023417585,0.017866358,0.13679843,0.5272804,0.072515994,0.30118963,0.32267782,0.00017709367,0.2080467,0.072589345,0.8526636,0.07199744,0.0002534416,0.99639565,0.097223766,0.1954209,0.0028207814,0.17962083,0.9998417,0.06451817
0.010655637,0.05087752,0.19278319,0.001388065,0.0025692205,0.0009718127,0.0012897692,0.011665087,0.016152859,0.00083012215,0.00808103,0.09474559,0.51717955,0.035045736,0.24320479,0.25275666,4.249486e-05,0.15752877,0.051188607,0.8165392,0.03614055,6.133248e-05,0.99821484,0.04847523,0.14830458,0.0010706098,0.13653995,0.99996567,0.042428423
0.04119725,0.24404092,0.49654338,0.03720311,0.043024343,0.03599846,0.036882184,0.100992076,0.08916973,0.035675056,0.14914654,0.41717988,0.60458344,0.52783847,0.35733443,0.57601714,0.0024506815,0.47380492,0.1868945,0.95023143,0.5219875,0.0031116563,0.9936005,0.62703204,0.45751974,0.030183205,0.44964144,0.9958406,0.18357614
0.02364384,0.09796276,0.27814552,0.0059144744,0.008823653,0.0045271935,0.005449652,0.033556867,0.03434208,0.0041941046,0.029404094,0.18175232,0.53640693,0.12128217,0.31840706,0.37905854,0.00034062183,0.25753376,0.08999386,0.89108866,0.12058999,0.0004743542,0.9957961,0.16309233,0.23834972,0.004786732,0.22261508,0.9996573,0.08075449
0.018792536,0.09296352,0.26824403,0.0046299226,0.007045865,0.0034413615,0.0042884033,0.028212585,0.028088178,0.003189971,0.02566857,0.19238727,0.53224313,0.1144973,0.28575483,0.36926454,0.00021974607,0.25938758,0.08353067,0.9128723,0.116758116,0.00029440224,0.99727684,0.15772471,0.22892109,0.003630908,0.21942677,0.99977976,0.07105187
0.01814498,0.07835206,0.24044807,0.0035610923,0.0057658087,0.002619534,0.0032917026,0.023172788,0.025244463,0.0023633363,0.019174878,0.15180883,0.52853227,0.080610596,0.28536895,0.33328712,0.00017290376,0.2235356,0.07450418,0.88254714,0.0822257,0.00023777058,0.99697185,0.11121851,0.20103587,0.0028322025,0.18929401,0.9998419,0.063390836
0.025970558,0.0962449,0.27515382,0.006458773,0.009346654,0.0048774797,0.005942629,0.03522403,0.03729515,0.0045426385,0.029605683,0.1700514,0.53560644,0.11507179,0.33441868,0.3718054,0.0004175297,0.24827875,0.09023471,0.8693692,0.112066925,0.0005893849,0.9945919,0.15169224,0.2332904,0.0052544107,0.21403839,0.9995969,0.08523318
0.06227082,0.19181404,0.40845665,0.03343618,0.038713086,0.029510023,0.03107149,0.10510312,0.09775984,0.029038271,0.1092392,0.286312,0.5640513,0.33834693,0.4258546,0.5098847,0.00396422,0.3715144,0.165813,0.879604,0.31848317,0.0055152755,0.98298395,0.4078101,0.36989486,0.028969735,0.3423351,0.9949291,0.17973875
0.05153769,0.2542281,0.49559796,0.045975063,0.051918086,0.04479261,0.045221273,0.1165216,0.10316234,0.04465777,0.16356735,0.41279727,0.5993202,0.52731395,0.3748399,0.5735971,0.0038625249,0.4726753,0.19915113,0.93959856,0.51845646,0.0048418925,0.990567,0.619655,0.46092528,0.038067486,0.45046946,0.99372476,0.19895352
0.0059505785,0.036388032,0.16445231,0.00057330535,0.0012201687,0.00038208388,0.00054973795,0.006240843,0.009566187,0.00031425065,0.004003549,0.07277663,0.5050435,0.019216655,0.19017126,0.20190047,1.0608088e-05,0.12444978,0.037720565,0.80206233,0.020628853,1.5528532e-05,0.9992194,0.027332382,0.11630156,0.00041903247,0.11059679,0.9999919,0.028754056
0.0070209918,0.04141774,0.17120554,0.0007426607,0.001533201,0.0005022099,0.0007015003,0.0075046225,0.010269721,0.00041643155,0.00522125,0.08877814,0.50659657,0.024961274,0.19539115,0.22385298,1.6088883e-05,0.14259493,0.04202798,0.8476382,0.027305527,2.292261e-05,0.99914134,0.036413316,0.12713826,0.0005433006,0.1235471,0.99998736,0.031243442
0.15806189,0.29545188,0.52917826,0.15102255,0.12390944,0.14347549,0.13422854,0.23416683,0.24803606,0.1342739,0.26327163,0.35331905,0.5933651,0.5321178,0.5285817,0.58407855,0.031971946,0.42724591,0.25899497,0.779042,0.48131025,0.048179287,0.92204946,0.5800359,0.4811765,0.11460666,0.43734455,0.9528141,0.32892603
0.03160445,0.12501517,0.31940517,0.010545154,0.014787157,0.008413344,0.00998415,0.049215086,0.0469007,0.008068324,0.04824291,0.22378276,0.5482227,0.18847987,0.3402325,0.42793995,0.00076314324,0.308153,0.11243154,0.90485895,0.1852861,0.0010106537,0.9940467,0.24891457,0.2835181,0.00883312,0.26515162,0.9991659,0.105071135
0.010216429,0.39211914,0.75103027,0.042165663,0.03950213,0.0486863,0.046281807,0.06120498,0.07120536,0.041346665,0.24107191,0.68950325,0.74742186,0.8706315,0.20142038,0.71265817,0.0003254715,0.6837454,0.20849426,0.9924986,0.8884007,0.0003989464,0.9995828,0.93349755,0.71371794,0.021361042,0.7265275,0.99896336,0.18891808
0.030088875,0.17723598,0.40990007,0.01723247,0.022780705,0.015167238,0.017125025,0.06535696,0.057474792,0.015071389,0.08619175,0.3332794,0.5820212,0.36553204,0.32437512,0.5160427,0.0009886831,0.4095873,0.14397973,0.94952315,0.36437887,0.0012329463,0.99592364,0.46772727,0.37442705,0.014228296,0.3665296,0.99857426,0.13108924
0.0224772,0.24114297,0.530062,0.02450558,0.029670604,0.023948561,0.025506487,0.07183293,0.06391469,0.023472065,0.13430822,0.46151555,0.63327503,0.5930875,0.29426274,0.60249496,0.00080550276,0.5141031,0.16990025,0.97514987,0.59939563,0.0009973529,0.997969,0.71059674,0.48860413,0.01840733,0.4924802,0.9984157,0.15390286
0.030915916,0.15943977,0.37887782,0.015212325,0.019741062,0.012789364,0.014517381,0.06162737,0.055271123,0.012468352,0.07196408,0.30124,0.56590474,0.29591894,0.33692095,0.48568693,0.0009473211,0.3706541,0.13179272,0.93545973,0.2921794,0.0012339943,0.9951552,0.38096124,0.34123558,0.012442169,0.32832077,0.9987551,0.12360316
0.023851482,0.1286836,0.3327068,0.008977373,0.012629414,0.007143212,0.008615132,0.043992873,0.039778735,0.006940324,0.048331056,0.26223287,0.55442053,0.21641265,0.30556503,0.44357765,0.00048145902,0.33300617,0.110052176,0.9373352,0.2183367,0.00061382254,0.9967444,0.29126897,0.29504365,0.0072426763,0.28709418,0.9994293,0.096257105
0.05197425,0.43537298,0.7041807,0.16319145,0.13253771,0.18039277,0.15546009,0.15580979,0.19265713,0.16085604,0.3745424,0.6558037,0.7029519,0.809702,0.32054463,0.65802157,0.0068289083,0.62514347,0.2935547,0.96339035,0.82517195,0.008626991,0.99210703,0.86600685,0.67576766,0.0903331,0.6746528,0.98338693,0.2988903
0.038135625,0.17761727,0.4061631,0.02090436,0.02618662,0.018014766,0.019873705,0.0761421,0.06843664,0.017766604,0.08903214,0.30992094,0.5695624,0.34413943,0.36584046,0.5106358,0.0014731116,0.386638,0.14786217,0.9271756,0.33330083,0.001984451,0.99330395,0.42941487,0.3661603,0.017497152,0.34859025,0.9979377,0.14656858
0.02611254,0.13869417,0.35151348,0.010767027,0.014924867,0.008695275,0.010248878,0.049382586,0.045615472,0.008438813,0.055365413,0.26653063,0.5592958,0.2485322,0.32019436,0.46615684,0.00057461,0.34662983,0.11777165,0.93452454,0.24527451,0.0007640841,0.99625105,0.32803375,0.31427628,0.008797622,0.300094,0.9992642,0.10765581
0.03192517,0.11432332,0.3011559,0.009240173,0.012994876,0.007309372,0.008500304,0.045489665,0.045826424,0.0068395045,0.040352877,0.1950158,0.54210055,0.15214713,0.35499224,0.4057397,0.0006871743,0.27606073,0.104901336,0.8785843,0.14764816,0.0009617438,0.99320424,0.19810374,0.26277125,0.007710386,0.24186814,0.9992872,0.09921104
0.03766374,0.4079694,0.69270235,0.10758963,0.09374606,0.12047139,0.10702341,0.1283868,0.14616534,0.108807646,0.31706908,0.6377127,0.69907427,0.8081235,0.30274007,0.66725796,0.0036076354,0.62559366,0.26388112,0.97305447,0.82218856,0.0044959076,0.99555415,0.87292796,0.66179836,0.06355478,0.66364783,0.9911522,0.2618507
0.040558614,0.3169909,0.58627,0.061610345,0.06406736,0.064641304,0.06204022,0.11684872,0.11160139,0.062200394,0.21913218,0.524883,0.64808786,0.67979074,0.33160126,0.6223906,0.0031924525,0.5532279,0.22401679,0.96409434,0.6845951,0.0038714001,0.99442,0.76824373,0.55285674,0.044786643,0.55285865,0.9935773,0.21699046
0.013459029,0.06348068,0.21649297,0.0021651397,0.0037170297,0.0015375935,0.0020114838,0.016407412,0.019083394,0.0013601201,0.012591699,0.1270537,0.5203034,0.055226497,0.25947386,0.29443783,8.340889e-05,0.19171879,0.061575048,0.86968565,0.05698341,0.00011736894,0.9979049,0.0767681,0.17274676,0.0016697882,0.16387917,0.9999285,0.051129032
0.017718032,0.07328343,0.22980289,0.003221616,0.005248193,0.0023581681,0.0029396187,0.021336885,0.025024468,0.0020922688,0.016678315,0.13601577,0.5266076,0.068092294,0.28744787,0.31601748,0.00015307835,0.20714675,0.070416234,0.8581098,0.068887554,0.00021463257,0.9967437,0.092650115,0.1901757,0.0025724473,0.17570692,0.99986494,0.060937192
0.1421463,0.36721557,0.5711847,0.19269493,0.16473083,0.19806114,0.17533192,0.24410307,0.25430194,0.18711506,0.33319286,0.48935583,0.61503065,0.6303272,0.45695016,0.59503484,0.0366743,0.50615585,0.29812068,0.8676946,0.6162133,0.04804932,0.94306207,0.68016225,0.54790753,0.14152694,0.52306265,0.9409577,0.3327883
0.06691203,0.18791604,0.406373,0.034707032,0.03944009,0.030396834,0.032172676,0.107587695,0.10297753,0.029596856,0.10736507,0.26920855,0.5625021,0.32468757,0.442601,0.5055468,0.004311346,0.35907486,0.16534786,0.8595406,0.3005121,0.0061801313,0.97992367,0.38974515,0.36548623,0.02993768,0.33205628,0.9945281,0.18425663
0.015760554,0.06869174,0.22743024,0.0027143527,0.0045188526,0.0019681829,0.0025016705,0.019258115,0.022344725,0.001746603,0.014791069,0.13039343,0.5245833,0.06255431,0.27977937,0.30789554,0.00011790492,0.19793676,0.06668988,0.8614144,0.06357348,0.00016803683,0.99730057,0.08554453,0.183428,0.002127356,0.171605,0.9998969,0.056652106
0.03375884,0.27849472,0.5534974,0.041662354,0.046388287,0.04223101,0.04224344,0.09982883,0.08904704,0.04127354,0.17670923,0.48611858,0.6310322,0.63242376,0.32712236,0.61216086,0.0020024115,0.52768415,0.19851309,0.96690714,0.6341792,0.0024685971,0.99593985,0.7336233,0.5159248,0.031713318,0.51633257,0.9961267,0.18988353
0.034417033,0.1679967,0.38860184,0.017241573,0.02274499,0.014901953,0.016552929,0.06787049,0.059732813,0.01471886,0.07987553,0.30530035,0.56770545,0.3170923,0.34466743,0.49748123,0.0012009505,0.38056296,0.14017108,0.9349003,0.31384036,0.001540614,0.99447507,0.4052369,0.35241148,0.0145194065,0.3416394,0.99840957,0.13050032
0.023852158,0.1304301,0.3346925,0.009120107,0.012925497,0.0073456597,0.00867287,0.044320717,0.040328402,0.007033428,0.04933599,0.26457047,0.55583507,0.22147824,0.30386198,0.4486112,0.00048212172,0.33645797,0.11126705,0.9387273,0.22376071,0.0006153123,0.9967733,0.29732198,0.2994564,0.00738317,0.2910829,0.9994185,0.096325316
0.034422122,0.13280363,0.33292258,0.012328463,0.016558759,0.009841967,0.011461657,0.05510353,0.052768324,0.009532092,0.053871892,0.23132844,0.54857266,0.20624478,0.35948962,0.44209522,0.0009168919,0.3134275,0.118087694,0.8987458,0.19951446,0.0012669198,0.99314076,0.2664354,0.2934208,0.010322466,0.27376828,0.998953,0.11501312
0.024880115,0.10062341,0.2791555,0.0064767995,0.0096385935,0.004962535,0.0060048476,0.035082456,0.035730954,0.004587287,0.03155697,0.18548846,0.5391937,0.12756237,0.31846175,0.38345164,0.00039559987,0.26476875,0.09264296,0.8927359,0.12743455,0.00053581473,0.9954419,0.17235287,0.242151,0.0053154514,0.22519954,0.9996057,0.08362545
0.039117154,0.2579029,0.5164443,0.039814275,0.045645867,0.039432142,0.040188555,0.10089867,0.09072256,0.03897059,0.16098408,0.4436693,0.61735964,0.566695,0.34199038,0.5867654,0.0023759764,0.49732673,0.19314846,0.9570139,0.5650248,0.0029244244,0.9943757,0.66685563,0.48137775,0.03144958,0.47652873,0.9957948,0.18594283
0.026893038,0.18388195,0.4274198,0.017114323,0.022525867,0.015233942,0.017168501,0.06343154,0.05582995,0.015177371,0.09045114,0.35595158,0.59167236,0.4022013,0.30980045,0.5310582,0.00084147364,0.43007448,0.1458782,0.9585023,0.40353802,0.001037338,0.9968065,0.5127826,0.39240763,0.013818388,0.38815838,0.998713,0.13021758
0.01375229,0.06327383,0.21559994,0.0021855016,0.0037978708,0.0015652978,0.0020423701,0.01638657,0.01926893,0.0013863543,0.012686272,0.12488687,0.52300006,0.05509416,0.26042607,0.29412493,8.571524e-05,0.19229403,0.062085476,0.86790794,0.05697011,0.00011977125,0.99783415,0.07713706,0.17302766,0.0016967835,0.16378713,0.9999267,0.051175967
0.0683645,0.5467669,0.8011975,0.3711824,0.24946605,0.40276843,0.33640885,0.19545285,0.32562932,0.3407273,0.55115384,0.7526583,0.7502793,0.88185203,0.29882514,0.6805231,0.012677949,0.6754704,0.37136427,0.9557929,0.9028035,0.018178634,0.98895043,0.91736954,0.7797074,0.1598569,0.77258223,0.9625879,0.39834777
0.030784082,0.35372636,0.64826006,0.06591769,0.06435019,0.072197996,0.06715081,0.10815378,0.1090697,0.067336164,0.24789807,0.5905146,0.6786009,0.76340675,0.30344963,0.6555493,0.0021600649,0.59746134,0.23078483,0.9757933,0.77370846,0.0026767761,0.99679226,0.84332,0.61034703,0.043155946,0.61580807,0.99494237,0.22262585
0.06697284,0.2744962,0.5021152,0.063300416,0.06778264,0.06239657,0.06105297,0.14022008,0.12618826,0.06158999,0.19075297,0.42492837,0.5979735,0.5354136,0.3980627,0.5717677,0.0067809145,0.4735683,0.21764761,0.92509204,0.5237499,0.008482916,0.98472023,0.6151739,0.4690419,0.05191003,0.45733276,0.9892435,0.22330156
0.0145181045,0.06676548,0.22070749,0.0024268448,0.004131668,0.0017410639,0.0022516127,0.017694445,0.020259868,0.0015400288,0.013845173,0.13250822,0.5217144,0.060198154,0.26427868,0.30322644,9.842276e-05,0.19916579,0.06445348,0.8736638,0.06201645,0.00013728852,0.99772185,0.083810806,0.17915837,0.0018859997,0.16937353,0.99991393,0.05341953
0.00777576,0.043185864,0.17632854,0.00086368644,0.0017381939,0.0005890249,0.0008156827,0.008325473,0.01155517,0.00049417396,0.005760842,0.08810068,0.51101846,0.02689785,0.20849203,0.22967409,2.0340147e-05,0.14483884,0.044051383,0.8354208,0.028904228,2.9098534e-05,0.99895346,0.03874172,0.13170137,0.0006425079,0.12558521,0.9999839,0.033795163
0.016212141,0.06980898,0.22642405,0.0028397916,0.0047211153,0.0020597177,0.0026072196,0.019599585,0.022857632,0.001825519,0.0152945,0.13275178,0.5253099,0.06424694,0.27892634,0.3105107,0.0001246656,0.20229794,0.06752471,0.8630993,0.06547813,0.00017520899,0.9972047,0.0884618,0.18550274,0.0022380915,0.17260341,0.9998901,0.05755443
0.008076018,0.044508923,0.17901298,0.00091119576,0.0018230478,0.00062574405,0.00085637625,0.008712224,0.011854896,0.00052371353,0.00606546,0.091297984,0.51015496,0.028287088,0.21080406,0.23445162,2.2234877e-05,0.14773586,0.045168947,0.8413173,0.030395448,3.2009546e-05,0.9989214,0.04049971,0.1343197,0.00067860034,0.128799,0.99998236,0.03439363
0.06092055,0.22801603,0.44871467,0.042412598,0.048697717,0.039423738,0.04085046,0.11719549,0.10319556,0.039315242,0.14152737,0.35888517,0.5774892,0.4326655,0.3979396,0.53901213,0.0046932325,0.42677304,0.1878908,0.91481996,0.4181641,0.0059863767,0.9859635,0.51404124,0.41514888,0.03625323,0.39833692,0.993349,0.19304284
0.021705685,0.085643254,0.25681692,0.0046802964,0.007180383,0.003497406,0.0042912103,0.028401773,0.031177389,0.003214424,0.023210932,0.15464655,0.53249115,0.09316398,0.31563637,0.34979597,0.00026155164,0.23004405,0.081323676,0.8672718,0.092337236,0.00037280982,0.99580115,0.12428837,0.21401572,0.0037879436,0.19874838,0.9997563,0.07354397
0.0072441334,0.039243698,0.17094405,0.0007431216,0.0015315659,0.00050795433,0.00069613213,0.007350418,0.011903722,0.00041337975,0.004676954,0.07083533,0.5118447,0.02114204,0.21119742,0.21084067,1.5755882e-05,0.1262629,0.041085828,0.7690905,0.021985263,2.3571269e-05,0.9988714,0.029029485,0.123897426,0.00055858295,0.11433434,0.99998784,0.032467652
0.005080473,0.033231694,0.15535195,0.00044409346,0.000998197,0.0002918246,0.00042309106,0.0051273103,0.007947267,0.00023383263,0.0033004421,0.06982597,0.49996787,0.016306464,0.17321306,0.19192256,6.886054e-06,0.11790707,0.03464248,0.8115224,0.01809387,1.0125577e-05,0.9994178,0.023903215,0.10956731,0.00031705084,0.10573499,0.99999464,0.025031967
0.17486039,0.45942485,0.66596866,0.3758454,0.27851024,0.3861384,0.33210492,0.29698405,0.37247488,0.34877592,0.48285744,0.60351276,0.65838975,0.73808265,0.4348699,0.6163938,0.065206446,0.5624871,0.36822528,0.86429936,0.74300987,0.0891791,0.92709666,0.77495676,0.6491537,0.22718284,0.6237044,0.8814443,0.41007474
0.03141278,0.14154683,0.34913158,0.012730863,0.016790267,0.010448507,0.0118100485,0.055460855,0.052953538,0.010076783,0.058307074,0.25746956,0.5555412,0.23465014,0.34772253,0.45719597,0.0008266581,0.3328816,0.12044753,0.9155644,0.2287209,0.0011395942,0.9943414,0.302415,0.30990177,0.0104765035,0.2927839,0.9989881,0.116101004
0.02129889,0.09123969,0.26181984,0.0049309824,0.0075138775,0.0036903678,0.0045020394,0.029490938,0.030657837,0.003371193,0.025248574,0.17441595,0.53007406,0.10482193,0.3043141,0.36127445,0.00026964338,0.24578261,0.08416858,0.88970864,0.10497843,0.00037332482,0.99629456,0.14048792,0.22247918,0.003972783,0.20956561,0.9997409,0.07416922
0.029969737,0.12841643,0.32427126,0.010372933,0.0145767685,0.008338653,0.009852856,0.048759643,0.045600723,0.008022054,0.049624227,0.2361479,0.5502461,0.19938177,0.33234453,0.43493965,0.00070559955,0.31678587,0.11363911,0.91507006,0.197252,0.0009273429,0.99479264,0.26362485,0.28798705,0.0086539,0.2733782,0.9992034,0.1042389
0.053309534,0.22196938,0.45881504,0.03791697,0.04361265,0.03538319,0.036486566,0.10788837,0.09830176,0.03501385,0.13408415,0.3505821,0.58501613,0.44681498,0.39789534,0.55070555,0.0034127058,0.4274494,0.1811445,0.92022175,0.4307782,0.0045920582,0.98885894,0.5349388,0.4209556,0.03208921,0.39939559,0.9948314,0.18873684
0.021357188,0.09091421,0.2622843,0.0049238116,0.0074387547,0.0037071153,0.0044680913,0.02944272,0.031540897,0.0033673611,0.024858864,0.17037289,0.5302857,0.10303302,0.3077687,0.35979527,0.00026446165,0.24261187,0.08348234,0.88260657,0.10234501,0.0003732723,0.99613416,0.13689375,0.22221102,0.0039698556,0.2076449,0.9997439,0.07511508
0.024542449,0.26849136,0.56001335,0.031905975,0.03655965,0.03218827,0.032957107,0.08046304,0.07380526,0.031242052,0.15845163,0.49530053,0.64495534,0.64326,0.2971244,0.6180979,0.0010702978,0.53790236,0.18485348,0.9754841,0.65085316,0.0013154773,0.9976736,0.7512623,0.52094525,0.023408365,0.52532345,0.9978136,0.16991907
0.026433451,0.14870329,0.3649957,0.011944198,0.016704421,0.010042513,0.011709167,0.051843613,0.047048878,0.009764326,0.06302181,0.28911254,0.57104325,0.2804448,0.3088427,0.47859296,0.00065160444,0.3708508,0.12475013,0.94423753,0.28189507,0.0008162977,0.99642843,0.37200484,0.33259264,0.009824613,0.32246587,0.9991485,0.109750405
0.014943589,0.07805684,0.2419671,0.0030650178,0.0049137967,0.002204942,0.0028183481,0.021115396,0.022098074,0.0019849564,0.018087085,0.16780506,0.523224,0.08368726,0.2619776,0.3347863,0.00012278026,0.2313653,0.07143848,0.9069926,0.08659283,0.0001661224,0.9979693,0.11727634,0.20141989,0.0023526205,0.19380368,0.9998852,0.058996137
0.025834734,0.11047499,0.2944058,0.007454558,0.01082391,0.005807529,0.0069637992,0.03879708,0.038414728,0.0054469006,0.03668014,0.20623264,0.5428816,0.15118305,0.32008153,0.40261143,0.00045201086,0.2845735,0.09897688,0.90443146,0.15031041,0.0006078856,0.99549854,0.20286497,0.2583426,0.0061131585,0.2421533,0.99952006,0.08937503
0.023439772,0.09352703,0.2673121,0.0055455053,0.008323607,0.0041911486,0.005133473,0.031969525,0.03341212,0.0039012951,0.027295725,0.17231019,0.53366953,0.109834015,0.31682494,0.36626762,0.0003312821,0.24884805,0.08706817,0.88253033,0.109016515,0.00045841793,0.99561346,0.14736545,0.227726,0.0045038816,0.21235403,0.9996817,0.07864239
0.052947916,0.7724768,0.94823295,0.83152634,0.55786693,0.8324463,0.76594925,0.1844088,0.61519116,0.71239305,0.83773696,0.9275627,0.8648949,0.9659303,0.14886889,0.7117789,0.0068593975,0.7964976,0.54458404,0.95881456,0.98193765,0.014323035,0.9961683,0.97801363,0.9360772,0.25543982,0.9328939,0.95563054,0.5952548
0.07304176,0.22068782,0.43802473,0.04642552,0.051525764,0.04270582,0.04343163,0.12654574,0.11675295,0.042038877,0.13873002,0.3207267,0.5716014,0.4000438,0.4341703,0.53259885,0.0061538555,0.40070698,0.18726578,0.8823396,0.3782093,0.008370054,0.978998,0.47151542,0.40240335,0.040169127,0.3757869,0.99168867,0.2047026
0.010214453,0.050278172,0.19039884,0.0013116603,0.0024719608,0.0009188202,0.0012163242,0.0111647835,0.015148013,0.0007806289,0.007928904,0.097009145,0.51790243,0.034904443,0.23531233,0.25244924,3.919089e-05,0.15914263,0.050639134,0.8316947,0.03666794,5.5899476e-05,0.9983987,0.049112894,0.14710881,0.0010087284,0.1373013,0.9999685,0.040860385
0.024369854,0.09083577,0.26284385,0.005584065,0.008340762,0.0041703335,0.0051020714,0.031671207,0.034722243,0.0038393622,0.026175678,0.1602274,0.5335181,0.10211962,0.3266224,0.35981417,0.0003364753,0.238567,0.086042166,0.8634086,0.09988407,0.0004783549,0.9949915,0.13508753,0.22280973,0.004550432,0.20398474,0.99967885,0.07956134
0.004510011,0.030100802,0.15046185,0.0003652422,0.00085365516,0.00024144725,0.00035712175,0.0044155857,0.0075697433,0.00019256928,0.002737589,0.05908479,0.505252,0.013426081,0.16817585,0.17652628,5.176796e-06,0.106906354,0.03225855,0.7726612,0.014823332,7.5995085e-06,0.9994518,0.019503212,0.10251971,0.00026328475,0.0977968,0.9999962,0.023331601
0.03269337,0.13073161,0.32891476,0.011386744,0.015696524,0.009191349,0.010710075,0.052693997,0.049243607,0.008891149,0.052056126,0.23336302,0.54856193,0.20165345,0.34799555,0.4379592,0.00084652577,0.3136276,0.11636198,0.9067469,0.19802248,0.0011372747,0.9938599,0.26347315,0.29018345,0.009578547,0.27454942,0.999054,0.109369166
0.035956312,0.4013012,0.6853103,0.102516,0.090709165,0.11266901,0.101568624,0.12454479,0.13877879,0.10159022,0.3083512,0.64300007,0.6984079,0.79981726,0.29655543,0.6604755,0.00339266,0.6251681,0.26085293,0.97414464,0.8136006,0.0040669995,0.995821,0.8658198,0.65347695,0.06007724,0.6582779,0.99184483,0.25377703
0.047016326,0.1675793,0.3794494,0.02164659,0.02723597,0.01854584,0.020371,0.08019089,0.073295444,0.018218048,0.08326946,0.27132672,0.55860126,0.28878027,0.38959926,0.48600063,0.0020738116,0.3551742,0.1456258,0.8991968,0.27686915,0.0028130983,0.98949534,0.36033863,0.3419751,0.018692829,0.320335,0.99744093,0.14730452
0.041800622,0.19092035,0.4128523,0.024137165,0.030658606,0.021478638,0.023672566,0.08285296,0.07173014,0.021483932,0.101729736,0.33188012,0.5737162,0.3697786,0.3552076,0.5149298,0.0019680986,0.40731633,0.15899205,0.9335969,0.3631205,0.0024400859,0.9927113,0.4609409,0.37895998,0.020517705,0.36805585,0.9973092,0.15101722
0.008036604,0.04325109,0.17753376,0.00090122264,0.0018067842,0.00061979203,0.0008462705,0.008522746,0.012214125,0.0005171714,0.0058367862,0.08506623,0.51360744,0.026671328,0.21381205,0.22931267,2.1693404e-05,0.1427167,0.044308946,0.82170904,0.028483529,3.120367e-05,0.9988482,0.038050257,0.13278028,0.00067816104,0.12485717,0.99998295,0.034557976
0.022717757,0.08850435,0.25961965,0.005122691,0.0077303103,0.0038314553,0.0046737017,0.029746074,0.032431226,0.0034942895,0.02465595,0.16008164,0.5330268,0.0981841,0.3168731,0.35493982,0.00029423615,0.2354992,0.08334004,0.86967367,0.09724331,0.00041382958,0.9955421,0.13116646,0.21925934,0.004141757,0.20193462,0.9997224,0.075896375
0.016963396,0.07202866,0.23326163,0.003100192,0.005057231,0.0022524986,0.002877691,0.02104376,0.024046373,0.0020285617,0.01657369,0.1364244,0.5268221,0.06932752,0.2856351,0.31730005,0.00014343824,0.20743,0.06974618,0.8656554,0.070002586,0.00020216683,0.99702054,0.094882034,0.19042058,0.0024465246,0.17751494,0.9998728,0.06050628
0.00868684,0.04842054,0.18620555,0.0010685587,0.0020376793,0.00073459453,0.0009857124,0.009931058,0.012983089,0.0006125178,0.006925022,0.10043891,0.5069429,0.032091875,0.21834216,0.24396603,2.8078635e-05,0.15488355,0.047638956,0.8475485,0.033969406,4.0411298e-05,0.99880517,0.04481707,0.14067897,0.0007988087,0.13476044,0.9999776,0.037525218
0.0033632847,0.025406742,0.13863455,0.00023551256,0.00059410266,0.00015088747,0.00023183138,0.0031941012,0.0058537084,0.00011697833,0.0019052848,0.051085863,0.4976319,0.009818519,0.14660165,0.15729386,2.467332e-06,0.09406545,0.02748801,0.7577155,0.011124362,3.6820672e-06,0.9996418,0.014565785,0.09123097,0.00016471813,0.08756443,0.9999982,0.019144764
0.042611584,0.23201998,0.4784164,0.034830935,0.040817507,0.032878105,0.034058336,0.09949046,0.0867511,0.032638427,0.13920432,0.39712256,0.5951887,0.49230424,0.36309618,0.5633268,0.0024470866,0.45663095,0.18119325,0.9450856,0.48379397,0.0031272871,0.9930757,0.58959675,0.4387763,0.02856284,0.4301867,0.99602973,0.17875631
0.016753003,0.07392337,0.23388746,0.0030886629,0.005117306,0.002259761,0.0028617776,0.021078046,0.02338873,0.0020353904,0.017139863,0.14419328,0.52702314,0.07298701,0.27822158,0.32327214,0.00014168386,0.21509887,0.07084978,0.8801503,0.07488236,0.0001965204,0.9972727,0.10130139,0.1931846,0.002441903,0.18281175,0.99987304,0.059549708
0.016372964,0.36607835,0.6979843,0.04813689,0.046950214,0.053448197,0.051333677,0.07655119,0.08271747,0.048060577,0.23504403,0.640381,0.71599895,0.8214891,0.24011534,0.68463475,0.0007162716,0.64404464,0.21459386,0.98768115,0.838262,0.0008643764,0.9989961,0.8966004,0.6608646,0.02774785,0.6725301,0.9980509,0.1966703
0.026921827,0.11861067,0.30865654,0.008552765,0.012309606,0.0067689237,0.008051146,0.042502794,0.0408113,0.006422407,0.042378586,0.22295669,0.5480228,0.17530766,0.3209745,0.41969317,0.0005331359,0.3031808,0.105585605,0.91424626,0.17501716,0.00070309074,0.99548435,0.23510812,0.27335927,0.0070659933,0.2587432,0.9994148,0.095043786
0.028423686,0.117778435,0.30892485,0.008770603,0.012603307,0.006934887,0.0081995,0.044005606,0.04229169,0.0065969857,0.04230891,0.21529911,0.54436755,0.17127822,0.33182138,0.4191182,0.0005812892,0.29604045,0.10601388,0.9064066,0.16965684,0.0007890321,0.99497116,0.22779839,0.27119043,0.007312927,0.25631562,0.99936956,0.09671573
0.032117594,0.17168294,0.39922202,0.017233238,0.022396388,0.014954979,0.016731983,0.06676316,0.058845665,0.014799528,0.08199996,0.31824523,0.57300955,0.33783817,0.33971432,0.50546646,0.0010789725,0.39080125,0.14094831,0.9408712,0.33401507,0.0013913825,0.99519193,0.43097368,0.3612541,0.01430097,0.35043517,0.99850357,0.13164964
0.0021062202,0.019285496,0.122744806,0.00011569462,0.0003297042,7.150713e-05,0.00011817223,0.0019017917,0.004001156,5.3108342e-05,0.0010528974,0.03850796,0.48912823,0.0057961256,0.118040316,0.12702589,7.763129e-07,0.07471548,0.021471202,0.71240556,0.006754337,1.1846106e-06,0.9998079,0.008669557,0.07454001,7.756606e-05,0.07270615,0.9999994,0.014135797
0.05255698,0.22651246,0.45216483,0.03788798,0.044289272,0.03519048,0.03667256,0.10828279,0.0939658,0.03525587,0.13675633,0.37290996,0.581212,0.44401854,0.37922183,0.5430684,0.003611772,0.43667895,0.18346187,0.9289241,0.43353647,0.0045243665,0.9894866,0.5314091,0.4191994,0.032055963,0.40646985,0.99474347,0.1828545
0.060617834,0.17705494,0.3905621,0.029615242,0.034422092,0.02528684,0.02742446,0.09720855,0.09189875,0.024680134,0.095980756,0.26422957,0.55770385,0.2988924,0.4263153,0.49106294,0.0035093033,0.35089892,0.15555146,0.86721134,0.2776535,0.0049308417,0.9826921,0.36209297,0.3510261,0.025290586,0.31987792,0.99574125,0.17061289
0.05147373,0.3141332,0.5715568,0.07070726,0.072112456,0.073774025,0.069466256,0.13326436,0.12595913,0.07102719,0.22578967,0.50235796,0.633859,0.6533052,0.36477423,0.6133234,0.004779795,0.5308149,0.22945358,0.95205176,0.6512992,0.006015376,0.9912793,0.737152,0.53538346,0.052759737,0.53008664,0.9908318,0.23138314
0.060173944,0.44739977,0.7113563,0.20221579,0.15787445,0.21831684,0.18955068,0.16849299,0.22421062,0.19261062,0.40575638,0.6649847,0.70806575,0.80618894,0.31695864,0.6478463,0.008911304,0.6284406,0.30940238,0.9566529,0.82554585,0.011249816,0.9898144,0.85944253,0.68901145,0.1058915,0.685699,0.9782438,0.31731206
0.024593392,0.10296799,0.28508958,0.006517144,0.009695722,0.005014743,0.0061066807,0.036065802,0.035233434,0.004724742,0.032921396,0.19471388,0.5379492,0.13454153,0.31632578,0.388968,0.0004035162,0.2706244,0.0943799,0.9018588,0.13471095,0.0005444981,0.9957617,0.18140908,0.24541211,0.0053301267,0.23294064,0.9995938,0.08393937
0.019062402,0.07596331,0.2345429,0.0036056067,0.0057223546,0.0026237923,0.0032763365,0.023205614,0.02727856,0.0023492074,0.017949183,0.13747472,0.52535754,0.07196969,0.29908806,0.32159752,0.00018089385,0.21002921,0.07281765,0.85022545,0.07142753,0.00025784288,0.9962748,0.09614947,0.19416632,0.0028886977,0.17784221,0.9998392,0.06476926
0.048686467,0.34697294,0.6130975,0.08417878,0.08168173,0.090793334,0.08335734,0.13681225,0.13565809,0.08603737,0.25891024,0.5485374,0.6537168,0.7146108,0.34848702,0.63406366,0.004843761,0.56461734,0.24441819,0.9595541,0.7186762,0.0060630506,0.9924569,0.79284674,0.5793297,0.059256833,0.5760772,0.9899476,0.24511965
0.028181748,0.14576548,0.36022973,0.012212843,0.016545882,0.010145408,0.011700501,0.053753275,0.0490996,0.009889572,0.061231095,0.27811176,0.56262654,0.2627741,0.32757255,0.47115058,0.00071516563,0.3549876,0.12270536,0.93454814,0.2608213,0.0009366169,0.99577916,0.34480542,0.32313794,0.010046998,0.3107014,0.9990876,0.11307193
0.011553922,0.056644663,0.2011987,0.0016365937,0.0029701006,0.0011520281,0.0015143206,0.0132880965,0.016373869,0.0009952077,0.009888172,0.114266075,0.5168364,0.043941222,0.2422168,0.2734503,5.4592037e-05,0.17676522,0.055695064,0.86069244,0.046093185,7.701042e-05,0.9982835,0.061928194,0.15901124,0.0012517548,0.15099524,0.99995434,0.044631824
0.023194687,0.3641879,0.67537856,0.059390906,0.05733664,0.06559817,0.061585087,0.09309879,0.09809727,0.06007214,0.24679437,0.6201569,0.6984912,0.7961682,0.27164966,0.6702599,0.0013474276,0.6228174,0.22560458,0.9824279,0.81069106,0.00163923,0.9980958,0.87292194,0.6387561,0.03636475,0.6473238,0.9966162,0.21253616
0.01715244,0.07043788,0.22765046,0.0030104637,0.004944773,0.0021975227,0.0027449722,0.020472962,0.024409747,0.0019405772,0.015553062,0.12914847,0.52552533,0.06355792,0.28907433,0.30974624,0.00013965512,0.1988986,0.06844817,0.8492741,0.06393094,0.00019923632,0.99680316,0.08576781,0.18606873,0.002392342,0.17144786,0.9998779,0.059286386
0.08915876,0.39228627,0.6291476,0.17235728,0.147513,0.18430817,0.1612375,0.1967369,0.21987168,0.17182767,0.34737104,0.56737936,0.6561317,0.71557355,0.3902096,0.6200892,0.016154699,0.5615337,0.2941217,0.9276396,0.7199466,0.02066946,0.97733206,0.7738778,0.60203016,0.112767614,0.59160155,0.96799904,0.3099558
0.019444607,0.08048329,0.24660064,0.0039187376,0.006229709,0.0029026708,0.0036178452,0.024946645,0.027277222,0.0026402082,0.020423617,0.15105355,0.53035337,0.08418255,0.2982884,0.33832422,0.00020179477,0.22397818,0.076807566,0.8751172,0.084872626,0.0002823176,0.99654984,0.11470627,0.20506313,0.0031371894,0.19200034,0.99981505,0.066819385
0.041882496,0.19410756,0.42194137,0.025115935,0.031228248,0.022447085,0.024462989,0.08518127,0.074516445,0.02237777,0.104365684,0.33418053,0.57568246,0.381392,0.36511776,0.5224257,0.001976232,0.40723255,0.15973169,0.93173826,0.37256813,0.0025390137,0.9925581,0.4719496,0.3843316,0.021270927,0.37101895,0.9972047,0.15609948
0.046836685,0.31020963,0.57163334,0.066309474,0.06800813,0.068889834,0.065445185,0.1244926,0.12063474,0.0661988,0.21973354,0.50655556,0.64024997,0.65387917,0.3516309,0.61276084,0.003983121,0.5354005,0.22412048,0.9561329,0.6544204,0.0049467394,0.9925196,0.7387877,0.5378789,0.048266403,0.53356546,0.99229395,0.22264807
0.027197635,0.11008799,0.29410174,0.0077886567,0.01122094,0.006042236,0.0073004514,0.040277608,0.039399616,0.0057136086,0.03728128,0.20327142,0.5406841,0.14884152,0.32706773,0.39953932,0.00051320385,0.28139237,0.099935986,0.89928174,0.14723831,0.00068948144,0.9950192,0.19830623,0.25653288,0.00641121,0.24054095,0.99946946,0.09136985
0.012793277,0.058178674,0.20682907,0.0018714196,0.003285841,0.0013358365,0.0017172807,0.014637077,0.019001309,0.00115087,0.010452739,0.107543126,0.51923144,0.044804376,0.260996,0.27446425,6.81237e-05,0.17311724,0.057647668,0.8313999,0.045312744,9.878702e-05,0.9977658,0.060524873,0.16212836,0.001456959,0.15027177,0.99994385,0.04881347
0.04995618,0.28413635,0.53283584,0.05570303,0.0604133,0.056125723,0.054947242,0.1241589,0.110486604,0.05497166,0.19221371,0.46555406,0.6154737,0.5934693,0.36417264,0.59353507,0.004193513,0.5054599,0.21307883,0.94929343,0.58881766,0.005157577,0.9914794,0.68459475,0.49753362,0.044006955,0.49222177,0.992615,0.21205188
0.08539643,0.3297966,0.5506696,0.106725566,0.103639,0.110024855,0.10161512,0.17734902,0.16965978,0.10678331,0.259129,0.48398367,0.615058,0.61711323,0.40623957,0.5937176,0.013076537,0.511933,0.25648215,0.9201836,0.6096883,0.016191209,0.97762764,0.6862552,0.52420956,0.08270776,0.5114909,0.97810316,0.26711944
0.005920777,0.033350248,0.16307837,0.0005442893,0.001161686,0.00036336048,0.0005242305,0.0057680947,0.0106080035,0.00029373387,0.0034463955,0.05543726,0.5148155,0.015709732,0.20223166,0.18815893,9.421607e-06,0.108130954,0.03627998,0.70849764,0.016236754,1.4287562e-05,0.99904877,0.021493847,0.11177814,0.0003990784,0.10116079,0.99999297,0.028699549
0.21440019,0.39357424,0.5915731,0.31167892,0.23582202,0.3102646,0.27099368,0.31002793,0.35496855,0.2817966,0.40610582,0.49126607,0.61819196,0.6310891,0.4987663,0.5923351,0.082899444,0.492232,0.33417165,0.7936818,0.6102336,0.11555914,0.87753665,0.6619698,0.5696821,0.20866112,0.5312598,0.8734521,0.3949514
0.02386253,0.09323187,0.2665435,0.0056550074,0.00852968,0.004278499,0.0052102553,0.03191285,0.033701457,0.003936286,0.027449157,0.17011623,0.53611976,0.10927433,0.31774798,0.36635792,0.00033867676,0.24792442,0.08739476,0.88021934,0.10887292,0.00046615637,0.99545777,0.14725387,0.22814676,0.0046140924,0.21143898,0.9996747,0.07879151
0.07248596,0.28539282,0.51317066,0.07174871,0.074938715,0.07149769,0.06917484,0.15007287,0.13679093,0.07054449,0.20435752,0.43145704,0.5998518,0.5541496,0.40461347,0.57865435,0.008136368,0.48070621,0.22564247,0.9211066,0.54137325,0.0102731595,0.98266107,0.632768,0.48192787,0.058641877,0.46690428,0.9869304,0.23535675
0.11859699,0.39592752,0.6165946,0.20308496,0.16979942,0.21499085,0.18716775,0.23111726,0.25151187,0.20195846,0.3631254,0.54463786,0.63936335,0.699154,0.42551324,0.61661136,0.02760017,0.54419494,0.30868396,0.9011669,0.6946923,0.036190256,0.9621188,0.7519325,0.5909523,0.13973555,0.57336855,0.9494945,0.3360854
0.035890125,0.18240525,0.41006866,0.020401105,0.026229918,0.018014846,0.019929469,0.07371922,0.06510318,0.017841484,0.09218631,0.32661194,0.57699245,0.3617414,0.34575292,0.5147335,0.0013961258,0.40276256,0.15014358,0.9389228,0.3569117,0.0017796898,0.9942978,0.45632803,0.37429237,0.017133199,0.36258197,0.99803406,0.14175043
0.022477953,0.13609715,0.3532413,0.009415191,0.013260821,0.0076809274,0.008989175,0.044785697,0.04118799,0.0074336445,0.05336806,0.2771958,0.56316155,0.2535365,0.29931238,0.46798858,0.00044041226,0.35378474,0.11404517,0.9461348,0.25425208,0.000575954,0.9972236,0.33958825,0.3156497,0.0075369296,0.3091035,0.9994266,0.10028865
0.022845756,0.09734688,0.27516153,0.0057617133,0.008762883,0.0043831505,0.0054225903,0.03267841,0.032738242,0.004073854,0.029546455,0.18599223,0.5364689,0.12305569,0.30617312,0.3777278,0.00033195168,0.26352802,0.08975748,0.9006702,0.12364876,0.0004446897,0.99613094,0.16756395,0.23758233,0.0046893945,0.22346243,0.99967027,0.07916493
0.034577884,0.114857405,0.30708644,0.010816933,0.013833784,0.008338967,0.009659915,0.049301643,0.05467373,0.0078033186,0.04114743,0.18473479,0.54218155,0.149752,0.37982783,0.40424806,0.000813231,0.26640314,0.103922606,0.8408199,0.13919066,0.0012151303,0.99082994,0.18781225,0.26432654,0.008777312,0.23304102,0.99915206,0.11065623
0.012927444,0.057863176,0.20824726,0.0019090571,0.0033285378,0.0013507818,0.0017664252,0.014738477,0.018830782,0.0011779437,0.010637727,0.10800766,0.5211946,0.045542788,0.2636512,0.27640027,6.993569e-05,0.17335784,0.057944894,0.83541554,0.046272144,0.00010122353,0.99777275,0.06231358,0.16264944,0.0014713381,0.1508866,0.9999418,0.048724886
0.07297102,0.30803257,0.532749,0.083965816,0.08561751,0.08520054,0.081263155,0.15584645,0.1454057,0.083589025,0.22850129,0.46937504,0.6124026,0.59083396,0.3896275,0.584248,0.009176678,0.50477576,0.24009208,0.9291811,0.5848323,0.011065854,0.9829642,0.66672516,0.5060926,0.06622218,0.4964993,0.9849064,0.24239841
0.020404287,0.08957162,0.2619404,0.0046698125,0.0072071264,0.0035060295,0.00431586,0.028372709,0.029409789,0.0032223081,0.024726601,0.17355393,0.5331075,0.10429852,0.2978446,0.36069176,0.0002465004,0.24610832,0.08288348,0.8950015,0.105383605,0.0003387352,0.99659985,0.14178202,0.22182073,0.0037503492,0.21033156,0.99976224,0.07235809
0.0011189891,0.012992479,0.10277489,4.5220757e-05,0.0001492122,2.5745388e-05,4.8386097e-05,0.0009345881,0.0023943207,1.8462126e-05,0.0004773692,0.025927968,0.4799,0.0028807754,0.08788064,0.09603312,1.6110343e-07,0.055507723,0.015084589,0.647725,0.003526331,2.519102e-07,0.99991786,0.004520449,0.05659211,2.8213968e-05,0.0557033,0.9999999,0.009367295
0.02284151,0.10379395,0.28717566,0.0062167747,0.009312625,0.004788604,0.005856187,0.034651652,0.033649612,0.0045110234,0.03287352,0.20260148,0.54046947,0.14058994,0.30467016,0.39377138,0.00034974088,0.278615,0.093865454,0.9126889,0.14163038,0.0004656099,0.9964096,0.19174065,0.24907675,0.0050322562,0.23770916,0.9996362,0.08214892
0.022431374,0.09121439,0.2625539,0.005189415,0.007903186,0.003898302,0.004763091,0.030070344,0.031790193,0.0035721296,0.025816534,0.17008698,0.533943,0.1050732,0.30964622,0.362279,0.00029107768,0.24544899,0.08509858,0.8840079,0.10518735,0.00040203333,0.9959304,0.14222655,0.22437602,0.0041958275,0.20882133,0.999718,0.0755981
0.021730525,0.111156695,0.3021158,0.0066910093,0.0098169055,0.0051698494,0.006287637,0.03627206,0.03447029,0.004908502,0.036811374,0.22594082,0.5442188,0.16624114,0.29799303,0.41319725,0.00034135525,0.2997028,0.09774815,0.9269188,0.16742676,0.00045076612,0.9969381,0.22610418,0.26455382,0.005365176,0.25528076,0.9996213,0.085067585
0.018169083,0.07701441,0.23876764,0.0035194529,0.005700797,0.0025875166,0.0032598581,0.02286378,0.025352031,0.0023358872,0.018759076,0.14703308,0.5296071,0.07824242,0.28739968,0.32972023,0.0001722083,0.22014968,0.073798575,0.8768848,0.07959001,0.00023717759,0.9968695,0.10784693,0.1988157,0.0028046893,0.18622188,0.9998449,0.063431166
0.053417634,0.19919954,0.41097683,0.030806934,0.037277505,0.027533442,0.029292775,0.09811501,0.08619248,0.027409812,0.11134246,0.32501143,0.56647956,0.3610963,0.38625973,0.5115922,0.0032681918,0.39697728,0.16774525,0.9132268,0.34989342,0.004159768,0.98809344,0.43783206,0.37902385,0.026524661,0.36290517,0.9957575,0.16672763
0.0041756677,0.027278323,0.14670451,0.00032293578,0.0007637398,0.00020926603,0.0003147898,0.0039097453,0.0078072,0.0001646481,0.0022773382,0.04725994,0.5081613,0.010873166,0.17038575,0.16399334,4.000754e-06,0.09419385,0.029936504,0.695947,0.0117298765,6.053114e-06,0.9994223,0.015458879,0.09738792,0.00023156386,0.08896465,0.99999714,0.022537183
0.03215565,0.16420215,0.3863328,0.015947653,0.02120793,0.01370628,0.015546875,0.06414728,0.056391936,0.013609205,0.07698438,0.30478856,0.5692483,0.3150011,0.3351572,0.49498677,0.0010493712,0.38169304,0.13742772,0.9389947,0.31236675,0.0013333117,0.9951315,0.40553498,0.349685,0.013351159,0.34003827,0.99860734,0.12673107
0.005190693,0.029120997,0.1577759,0.0004361431,0.0009527898,0.00028613544,0.0004279899,0.004754498,0.010305888,0.00022648145,0.0026670839,0.04230491,0.5214132,0.011987387,0.199782,0.1711103,6.295628e-06,0.092596754,0.033061147,0.6198693,0.012207327,9.828828e-06,0.99908686,0.016268346,0.10382412,0.0003120554,0.09083873,0.99999547,0.026515154
0.030314472,0.166584,0.39181086,0.015680104,0.02089735,0.013548569,0.01543963,0.062304337,0.05523557,0.0133775035,0.07759871,0.31247875,0.5746429,0.3274449,0.32778424,0.49997604,0.00093785336,0.3899767,0.13734207,0.94357765,0.3253993,0.0011867124,0.99566025,0.42275715,0.35632968,0.012991849,0.34584525,0.9987092,0.12594324
0.03171259,0.19462264,0.4425713,0.021103313,0.026750045,0.019283853,0.020962074,0.073750585,0.06558505,0.019190425,0.10162749,0.35490596,0.59022987,0.42328957,0.33687466,0.54213005,0.0011806958,0.43054703,0.15377353,0.95118046,0.4196105,0.0015233706,0.9956601,0.52885103,0.40403202,0.017337125,0.39443338,0.9981559,0.14586337
0.10835528,0.52384436,0.7652534,0.4183885,0.28803313,0.44236666,0.3707633,0.2425578,0.37367868,0.38331002,0.554325,0.7120262,0.72146666,0.84273934,0.35668552,0.6560691,0.027690439,0.6333729,0.3838948,0.92615753,0.86187893,0.041011225,0.97353566,0.87873286,0.7420135,0.20071875,0.7280404,0.92984843,0.41876775
0.051640585,0.5358496,0.79978627,0.29457253,0.20081592,0.32816198,0.2728714,0.16877338,0.2719448,0.2737325,0.51052237,0.75065035,0.75284827,0.88710797,0.28260764,0.68988585,0.007741045,0.68282616,0.3478064,0.96714973,0.907188,0.01077756,0.9931837,0.92520213,0.77742636,0.1265527,0.77304256,0.97677577,0.36608896
0.0095294,0.045225825,0.18501748,0.0011189891,0.0021420463,0.00078094925,0.0010465842,0.009858799,0.015372254,0.00065720285,0.0064143427,0.07744138,0.51986194,0.027558014,0.24150874,0.23187216,3.0546507e-05,0.13888472,0.047367495,0.767176,0.028013278,4.5354078e-05,0.99829286,0.037259463,0.13726597,0.00085786876,0.12439746,0.99997616,0.038931962
0.02373299,0.24241197,0.5252491,0.025864722,0.030879222,0.025156427,0.026696872,0.07445837,0.06563981,0.02462202,0.1361495,0.46625856,0.6307734,0.58411473,0.29803127,0.5964111,0.00092761783,0.51174915,0.17189156,0.97393984,0.5914878,0.0011256471,0.99773204,0.7000283,0.48470023,0.019512035,0.4895154,0.9982401,0.15492645
0.025395684,0.11992914,0.31469733,0.008378571,0.011874815,0.006595818,0.007857219,0.04250831,0.039996155,0.0062993155,0.042683776,0.23244178,0.54601943,0.18220314,0.3186167,0.42418745,0.0004922335,0.30641192,0.10492155,0.9201037,0.18136576,0.00065626646,0.9959798,0.24280284,0.276181,0.0068308385,0.26398948,0.99944955,0.09480446
0.01514196,0.06749496,0.22227046,0.0025678533,0.004342316,0.0018501546,0.0023637884,0.01827094,0.0212215,0.0016339446,0.014310352,0.13156371,0.5236772,0.06114093,0.26999363,0.3054289,0.00010690652,0.19955282,0.065470055,0.86849976,0.06289577,0.00014986083,0.99752456,0.08488376,0.18117344,0.0020099692,0.17006995,0.9999063,0.054792304
0.007089178,0.0403361,0.170586,0.00074427534,0.0015377561,0.0005029088,0.00069979456,0.0074128495,0.010730672,0.00041473,0.005027994,0.08196125,0.5085703,0.023617374,0.20079227,0.21987228,1.5799125e-05,0.13696551,0.041411694,0.82488257,0.025554793,2.2809565e-05,0.9990638,0.034157652,0.12636426,0.00054979144,0.119712725,0.9999876,0.031554073
0.03715393,0.2538422,0.5128504,0.037224047,0.043166187,0.03647301,0.037532553,0.0968168,0.08654736,0.036182374,0.15577082,0.44175163,0.6166371,0.5635308,0.33706936,0.5865984,0.002108627,0.49634936,0.1902323,0.95888686,0.56182516,0.002587166,0.9949196,0.66535383,0.47713915,0.029385502,0.4741371,0.9962591,0.18096703
0.014362632,0.0651218,0.21913312,0.0023608701,0.0040318957,0.0016904032,0.002203523,0.017328305,0.020280946,0.0015037475,0.0133929,0.12771876,0.52261317,0.0579228,0.26562148,0.29891187,9.513454e-05,0.19579592,0.063477114,0.86713755,0.05953292,0.00013321204,0.9976845,0.08068457,0.17699662,0.0018394758,0.16625273,0.9999176,0.053130593
0.022206388,0.17228436,0.42585602,0.01393461,0.0183793,0.012253007,0.013738973,0.056059618,0.049554255,0.011975161,0.07977767,0.3485794,0.58800703,0.3910304,0.3000697,0.53190184,0.0005650939,0.42111933,0.13432685,0.9623622,0.3921008,0.00073050923,0.99764156,0.5056392,0.3861822,0.011063856,0.38213694,0.99911267,0.12073364
0.0235811,0.29708186,0.59759164,0.038298145,0.041848578,0.039889615,0.039926667,0.083559476,0.079647794,0.037982535,0.18323545,0.53906125,0.6643722,0.698993,0.2869101,0.6351636,0.0011185915,0.5683327,0.19685672,0.9786764,0.71038955,0.001357,0.9978927,0.7989578,0.55869687,0.02666219,0.5659308,0.99754924,0.18091731
0.015294242,0.06342178,0.21744725,0.0024743928,0.0041476595,0.001779793,0.002262403,0.01758885,0.0226307,0.0015591335,0.012808715,0.11306211,0.52459985,0.052505326,0.2819149,0.29078504,0.00010276172,0.18260226,0.06270623,0.8260571,0.05255483,0.00014861314,0.9970456,0.07077972,0.17395334,0.0019480018,0.15797558,0.9999126,0.05507262
0.014927342,0.065254316,0.21746086,0.0024453471,0.004169003,0.0017593489,0.0022553424,0.017573804,0.021255808,0.0015536975,0.013423252,0.12391442,0.52385587,0.056624856,0.27106768,0.2973014,0.00010120625,0.19330104,0.06379095,0.85530174,0.057876904,0.00014219912,0.99743,0.078199156,0.17646886,0.0019228846,0.16403618,0.9999132,0.054025356
0.098742776,0.30598283,0.5144236,0.101532295,0.10002923,0.10171442,0.095544584,0.18252023,0.1719559,0.099172175,0.23680685,0.43528894,0.597027,0.5527357,0.43066883,0.57333916,0.015905533,0.47817993,0.24784437,0.89607054,0.5382553,0.019916767,0.96892244,0.6179297,0.48951048,0.08225961,0.46966365,0.975957,0.26404932
0.03973261,0.1824573,0.40918294,0.022279352,0.027851896,0.019526979,0.021499822,0.078956686,0.07028269,0.019391002,0.0937813,0.3172954,0.57188475,0.35299295,0.36327523,0.5119135,0.0016766383,0.39398444,0.15112153,0.92866623,0.34382448,0.0021953983,0.99292094,0.44141597,0.3722664,0.018710803,0.35537553,0.99767977,0.1488881
0.008533738,0.044813927,0.18055478,0.0009855701,0.0019437252,0.00067728653,0.0009240989,0.009104469,0.0128504755,0.0005709708,0.006267226,0.087950714,0.5138305,0.028459888,0.21966697,0.23484342,2.4781351e-05,0.14662042,0.045759656,0.82386297,0.03017122,3.5712743e-05,0.9987577,0.04050754,0.13606282,0.0007420671,0.12768108,0.99998033,0.035940103
0.022443643,0.09393937,0.27026966,0.005421994,0.008167412,0.004089015,0.005039464,0.0314818,0.032198053,0.003810043,0.02752974,0.17805666,0.53508925,0.113593705,0.31013158,0.36966398,0.0003098108,0.25310907,0.0868979,0.8922447,0.11352946,0.00042450623,0.99606186,0.15373479,0.22990014,0.0043759416,0.21601115,0.99969816,0.07775042
0.052173693,0.3181012,0.5710817,0.07314223,0.07446632,0.07624237,0.07218308,0.13413574,0.12755643,0.07371136,0.2298682,0.5090819,0.6355102,0.65472674,0.35818353,0.6107884,0.0050608697,0.5360482,0.23296303,0.952791,0.6551224,0.00617937,0.9911083,0.73741204,0.53847355,0.054318566,0.53499144,0.990448,0.23136897
0.051857844,0.27062565,0.51448846,0.052081298,0.057441648,0.05170373,0.051416058,0.12139657,0.108756006,0.051162284,0.18017001,0.43924543,0.608639,0.56236553,0.36985067,0.58348185,0.004176102,0.49021825,0.20788169,0.94387233,0.5555507,0.00516651,0.99069864,0.65305066,0.48055267,0.041939404,0.4723684,0.9929269,0.20728144
0.009322313,0.052589707,0.19274114,0.0012558432,0.002315788,0.00085416774,0.0011391455,0.011114547,0.013397267,0.00071644806,0.008194511,0.116064705,0.505013,0.038411014,0.21874194,0.26128215,3.441557e-05,0.16961993,0.050773155,0.87574214,0.041147757,4.8850194e-05,0.9988268,0.05465149,0.14972793,0.000924856,0.14544585,0.9999715,0.03922284
0.09645615,0.33894807,0.5531925,0.122444674,0.11569442,0.1261276,0.11561428,0.1918068,0.18629058,0.122012116,0.2746572,0.48471805,0.6141416,0.6194947,0.41633496,0.59320307,0.016877394,0.51238793,0.26645073,0.9106058,0.61128235,0.020900501,0.972244,0.6850377,0.5291029,0.09450806,0.5145257,0.97223276,0.2809049
0.028683063,0.12599033,0.3222549,0.009864391,0.014041219,0.007908414,0.0093662245,0.04678204,0.04399505,0.0075486274,0.04793045,0.23448555,0.5513877,0.19709016,0.32558325,0.43395397,0.00063805596,0.3169195,0.11163213,0.9178756,0.1962393,0.00083392614,0.99518883,0.2633003,0.28786358,0.008209378,0.2723185,0.99927753,0.10102622
0.042938214,0.16653281,0.38273436,0.020435778,0.025548026,0.017418997,0.019428775,0.075985946,0.06966645,0.017120756,0.081499726,0.27858984,0.5616811,0.29554507,0.3791668,0.4875406,0.0017497236,0.3601835,0.14259598,0.9083586,0.2835993,0.00236572,0.991089,0.37115946,0.34442073,0.017272813,0.32229808,0.99778324,0.14387617
0.04637526,0.20693687,0.43061927,0.030176649,0.036836676,0.027552206,0.029586207,0.0927416,0.08214492,0.02725838,0.11626357,0.35103285,0.5815544,0.40179205,0.36132643,0.52458704,0.0025856257,0.42256474,0.16969937,0.93130577,0.39403203,0.0031942986,0.99119425,0.4909183,0.4014016,0.025388261,0.3868372,0.9963554,0.1634572
0.004407269,0.030176835,0.14898613,0.0003561419,0.00082927896,0.00023010882,0.00034193418,0.0043694293,0.007269736,0.0001814558,0.002668714,0.061644085,0.4950525,0.013309521,0.1643757,0.17733261,4.7445433e-06,0.10786501,0.031592846,0.78331316,0.014749367,7.0395895e-06,0.9994955,0.019498918,0.10267986,0.00025308758,0.09728224,0.9999964,0.022921639
0.032051917,0.09009209,0.2724967,0.0076953443,0.010305377,0.0058077,0.006877815,0.038156968,0.04978598,0.0053413403,0.028408712,0.1277404,0.54664487,0.096600585,0.38748756,0.3561109,0.0005679887,0.2171391,0.09005757,0.7635899,0.087635696,0.00085828087,0.9898977,0.11987052,0.22617671,0.006229033,0.19295326,0.99948186,0.09453595
0.11248551,0.32464123,0.5354234,0.12649901,0.11787067,0.12816185,0.11759222,0.20294775,0.19821453,0.12373174,0.26639983,0.44847685,0.6026315,0.5818239,0.4450462,0.584026,0.02100112,0.48589367,0.26283246,0.884781,0.56456435,0.027181044,0.9612675,0.64200425,0.5089446,0.09930405,0.48593673,0.9671166,0.28911218
0.012325241,0.057850868,0.205859,0.0018061016,0.0032154678,0.0012824514,0.001673491,0.014222974,0.017754186,0.0011124219,0.010529136,0.11260798,0.5203,0.04573838,0.25271314,0.2768503,6.40327e-05,0.17700982,0.057197057,0.8511579,0.047386695,9.0860856e-05,0.99802434,0.06361717,0.16239169,0.001395036,0.15246803,0.9999466,0.04713486
0.24866469,0.47514838,0.6797688,0.5092525,0.3573207,0.5020451,0.43948525,0.35694528,0.4715046,0.44633493,0.5457805,0.6025613,0.6564158,0.72502905,0.46714747,0.6072172,0.121262446,0.5409192,0.4013729,0.7937282,0.7259552,0.1771421,0.8634151,0.74934655,0.6604984,0.29457912,0.62553835,0.7924488,0.46596584
0.033904597,0.1343773,0.3326311,0.012169459,0.01671506,0.009847318,0.011582821,0.05471112,0.050527517,0.009574427,0.054956328,0.23913606,0.54964215,0.21063466,0.34707883,0.44154853,0.0009330097,0.32089087,0.119590424,0.9086523,0.20620051,0.0012301373,0.99361587,0.27498624,0.29550692,0.010252178,0.27944806,0.998949,0.11253324
0.024708243,0.13908872,0.35147968,0.010313741,0.014322053,0.008482844,0.009861345,0.048218332,0.043407973,0.008178602,0.055443574,0.2789956,0.5599993,0.24872652,0.31094056,0.4628544,0.0005499476,0.35026163,0.11684798,0.94134986,0.24992679,0.00070576597,0.9966749,0.33084908,0.31360933,0.00837532,0.3061367,0.9993131,0.103159204
0.032814376,0.11820769,0.3110244,0.010399193,0.013724217,0.008172891,0.009375033,0.048765935,0.051133946,0.007683556,0.043012906,0.19853914,0.5429254,0.16183227,0.36700988,0.41290978,0.0007591416,0.2792522,0.10579093,0.8681133,0.15358749,0.0011024562,0.99237025,0.20600957,0.2690801,0.0085433,0.2440223,0.9991943,0.10791694
0.022273436,0.3623509,0.6759831,0.05634183,0.05485723,0.06255981,0.05875319,0.091543235,0.09475584,0.057021126,0.24196714,0.61720186,0.69738847,0.79820114,0.27143702,0.67362005,0.0012531154,0.6225442,0.22249405,0.9831352,0.8124286,0.0015406418,0.9982309,0.87616897,0.638472,0.03492917,0.6464529,0.9968297,0.20963214
0.025883814,0.19898225,0.4592076,0.019147992,0.024388146,0.01761527,0.019250497,0.067860596,0.059401907,0.017463982,0.10255731,0.3830613,0.600562,0.45737386,0.3155295,0.5553664,0.0008541836,0.44925332,0.15157409,0.96294624,0.45875722,0.0010861756,0.9970804,0.5725723,0.4178583,0.015352513,0.41556942,0.9985832,0.13895972
0.036020946,0.39073718,0.68015826,0.092352144,0.08365355,0.103614196,0.092552505,0.12356997,0.13457641,0.09443372,0.29352903,0.6168603,0.6915105,0.7977501,0.30900866,0.6678272,0.0031465073,0.61582303,0.25311995,0.9733417,0.8093962,0.0039865184,0.99586296,0.8668029,0.6463586,0.057268355,0.64735806,0.9923394,0.25121593
0.01543073,0.23602197,0.54938066,0.018546043,0.022806462,0.018232666,0.019698467,0.05771654,0.052538075,0.017524812,0.12252101,0.47986087,0.6485065,0.62182164,0.26526052,0.6170667,0.00039581396,0.5298779,0.1570683,0.9827009,0.63474333,0.0005024227,0.9989568,0.747825,0.5037346,0.013363156,0.51189804,0.99915075,0.13793641
0.059998594,0.19775468,0.4270462,0.035473194,0.039482974,0.031308185,0.03300239,0.10690622,0.101201795,0.030721383,0.11441386,0.29976186,0.5685327,0.36305654,0.42823347,0.51973873,0.00373093,0.37972343,0.1667158,0.8829884,0.33913594,0.0053661736,0.984062,0.43507844,0.38283107,0.02961616,0.3514483,0.9948938,0.18688698
0.031654652,0.1639492,0.38621944,0.015721695,0.020879555,0.013491186,0.015056314,0.063592605,0.056593228,0.013227153,0.07567176,0.30255082,0.568337,0.3136184,0.33846948,0.49718225,0.0009896137,0.37857994,0.13626085,0.9377335,0.30999628,0.0012898233,0.9951894,0.40220168,0.34963197,0.013125816,0.3385301,0.9986664,0.12650675
0.010278944,0.053730436,0.20009373,0.0013806125,0.0025719823,0.0009798906,0.0012642497,0.011918295,0.014995347,0.00082523824,0.008748282,0.110151686,0.51392853,0.039968826,0.23350549,0.2661509,4.0384646e-05,0.16826542,0.052929234,0.8605907,0.042522095,5.8625916e-05,0.99857664,0.05645676,0.15513074,0.001041573,0.148519,0.99996567,0.041505698
0.02098402,0.08613592,0.25686747,0.004533473,0.0070853867,0.0034050485,0.004201374,0.027810805,0.029393125,0.0031138759,0.023364365,0.16129196,0.5322285,0.09585455,0.3047788,0.35239205,0.00024997813,0.23541202,0.08136239,0.8825663,0.096562244,0.00034721487,0.99628264,0.13041377,0.21581237,0.0036607594,0.2026082,0.99976605,0.071140505
0.010801367,0.049640443,0.19259289,0.0013896669,0.0025387348,0.00096808706,0.0012817413,0.011581401,0.01714155,0.0008240262,0.007699267,0.08623407,0.5183351,0.03258916,0.25252914,0.24631043,4.2335498e-05,0.14933659,0.050862588,0.782027,0.03274911,6.281153e-05,0.9980008,0.043648545,0.14555643,0.0010677216,0.13189407,0.99996626,0.043130092
0.054190427,0.13604222,0.34805718,0.020597043,0.023263758,0.016260779,0.01835747,0.0752082,0.085003585,0.015521235,0.06321767,0.18698242,0.55461067,0.19862798,0.44722235,0.4424196,0.0021459656,0.2838514,0.12738144,0.79162335,0.17503121,0.0033369183,0.9809147,0.239234,0.30013758,0.016739765,0.25652,0.99765754,0.1498382
0.030054403,0.120984524,0.31138346,0.009586205,0.01361648,0.0076096603,0.009017288,0.046274778,0.044056542,0.007233185,0.044906095,0.22002546,0.54608995,0.17648335,0.33431247,0.42029533,0.0006746253,0.30049416,0.108934924,0.90550566,0.17448741,0.0008947797,0.99446625,0.23375608,0.27496618,0.008013734,0.25907674,0.9992741,0.09996334
0.025647659,0.11057618,0.29570946,0.0074414136,0.010786022,0.005776595,0.0068592518,0.039336424,0.038249306,0.0054058307,0.036822084,0.20845787,0.5392624,0.1515091,0.32181412,0.40359125,0.0004576591,0.28326833,0.09927271,0.90557885,0.15038717,0.00062256685,0.99557257,0.20113976,0.25785288,0.00609031,0.24405597,0.9995189,0.08948799
0.14600724,0.26851836,0.5020756,0.120685115,0.103054434,0.11237714,0.10757403,0.21340762,0.22378148,0.10552788,0.22641909,0.31821916,0.5847021,0.47958258,0.531505,0.5686822,0.02525455,0.40285808,0.23865832,0.7692987,0.4270839,0.03832695,0.9271445,0.52746695,0.45243812,0.094303854,0.4057007,0.9645858,0.30611652
0.0196199,0.28129515,0.59079176,0.030393556,0.03436182,0.031191155,0.032114487,0.073522225,0.06833293,0.02974696,0.16440932,0.53212,0.66273874,0.6902846,0.27427405,0.63446677,0.0007603496,0.5646901,0.18432619,0.9816882,0.70188785,0.00092552864,0.99848396,0.7970188,0.54934204,0.021150498,0.5585278,0.99831796,0.16595182
0.049409173,0.15852265,0.36745036,0.02129922,0.026176032,0.017815525,0.01977188,0.079233415,0.07490862,0.017370854,0.077281035,0.24944557,0.55413795,0.25910357,0.40392977,0.47154823,0.0021816345,0.3346245,0.14015311,0.87872523,0.24417566,0.00304655,0.98747057,0.32133427,0.3273643,0.018172873,0.3006218,0.9974446,0.14728796
0.019051934,0.09653345,0.2745416,0.0049183085,0.0074464483,0.0036901329,0.0045553613,0.02936204,0.02902022,0.0034198328,0.027501076,0.20006853,0.534745,0.12422907,0.28596178,0.37875903,0.00023309675,0.26805052,0.086006925,0.9175372,0.12669367,0.00031107548,0.9972938,0.17082122,0.23578781,0.0038767164,0.22692202,0.9997615,0.07320439
0.02654251,0.15095596,0.3709381,0.012403435,0.016683131,0.010358768,0.0119403945,0.05378913,0.04840872,0.010095546,0.064097404,0.2961927,0.5664449,0.28372097,0.32018408,0.48008227,0.0006703901,0.36742577,0.124653585,0.94229066,0.28290588,0.00086866354,0.9963433,0.37214613,0.33237198,0.010094846,0.32274765,0.9991142,0.11310023
0.02476119,0.096986495,0.27570367,0.00609139,0.009089816,0.004646501,0.005635302,0.034222845,0.035181325,0.004323557,0.029636154,0.17610481,0.53641635,0.11798728,0.32495356,0.37547404,0.00037805954,0.25322628,0.09071305,0.88328546,0.116980575,0.0005264964,0.99530786,0.15757033,0.23441406,0.0049873474,0.21910465,0.9996306,0.082271315
0.03760816,0.29596606,0.56886655,0.050980832,0.054536734,0.052661996,0.05136516,0.109816015,0.10067255,0.051069517,0.19636014,0.5043155,0.63648474,0.6520031,0.33779213,0.61587775,0.002582477,0.53506166,0.20992811,0.9639163,0.65327394,0.0032287242,0.99501014,0.7462157,0.52955055,0.037991602,0.5282728,0.99487513,0.20554857
0.030749582,0.15436737,0.37102002,0.014059905,0.019103492,0.011893059,0.0136819985,0.058752608,0.052764,0.011709552,0.06887664,0.28744906,0.5667882,0.28696692,0.33020598,0.48217863,0.0008933388,0.36913115,0.13065407,0.936167,0.28488013,0.0011385287,0.99531966,0.37425658,0.33589473,0.011733011,0.3238936,0.99884593,0.11985208
0.068052046,0.86200327,0.9794276,0.97116727,0.81766015,0.9606242,0.94586533,0.2191515,0.83865815,0.8987603,0.9359618,0.97209924,0.9038032,0.97767794,0.08702375,0.672408,0.007152911,0.8344313,0.6853207,0.9103117,0.991331,0.021836951,0.9966272,0.98427725,0.9708049,0.3825319,0.9697889,0.91805446,0.7571459
0.0064300373,0.038888898,0.16692394,0.0006473193,0.0013602347,0.000433721,0.00061421085,0.006785004,0.009659887,0.00035766623,0.004600078,0.08237574,0.50525045,0.022173587,0.19088261,0.2140209,1.2889732e-05,0.13464825,0.03990524,0.83510834,0.024214184,1.8592822e-05,0.9992132,0.03216362,0.12159863,0.00047133162,0.11789916,0.99999,0.029664833
0.033981543,0.062475942,0.30574486,0.00911058,0.008363882,0.0061219833,0.008332961,0.035384167,0.09634482,0.005175184,0.0214268,0.04215622,0.602451,0.061504085,0.4857694,0.3384096,0.00046064763,0.13570036,0.074245326,0.29680648,0.043409795,0.00085472915,0.97568583,0.06901437,0.21850404,0.0058827386,0.14564964,0.99957055,0.12175318
0.006798056,0.037428476,0.16842006,0.0006752901,0.0014071481,0.00045687327,0.000642911,0.0068696053,0.011382349,0.00037574672,0.004287848,0.066749014,0.51194894,0.019457048,0.20816529,0.2038504,1.3533226e-05,0.121469066,0.039483964,0.7565299,0.020274244,2.0112846e-05,0.99894124,0.0268703,0.119865425,0.00050376926,0.10999461,0.9999896,0.031168161
0.0035009673,0.02745905,0.14042525,0.0002590226,0.0006282623,0.00016319824,0.00025125194,0.0034955698,0.005661382,0.00012760772,0.0021704051,0.062055368,0.48847422,0.011535662,0.14392012,0.16708918,2.8932336e-06,0.10403645,0.028691579,0.8125904,0.013217709,4.2754514e-06,0.9996674,0.017283175,0.094154336,0.00017802195,0.09335732,0.99999785,0.019803546
0.016334234,0.07194768,0.23197943,0.002979949,0.0049003386,0.0021595685,0.0027697445,0.020544995,0.022979394,0.0019444348,0.016388653,0.14042558,0.5255353,0.06977809,0.27840745,0.31770757,0.00013479867,0.20997444,0.06912753,0.87528163,0.07120404,0.00018763062,0.99729127,0.096372105,0.18987541,0.0023438781,0.17866611,0.99988055,0.058994975
0.01238031,0.05758143,0.2047923,0.001815401,0.003167662,0.0012673832,0.0016489287,0.01425029,0.018382266,0.0010935309,0.010166912,0.10983233,0.51477957,0.044040307,0.25710696,0.27357334,6.248176e-05,0.17301178,0.056525424,0.8363229,0.044740204,9.1203925e-05,0.99792033,0.059953094,0.16091803,0.001394445,0.14895533,0.99994755,0.047827806
0.009749133,0.049927108,0.19058809,0.0012401905,0.0023449878,0.0008606074,0.0011630196,0.010887149,0.014163502,0.0007376271,0.007791131,0.10073969,0.5147863,0.03524228,0.22946133,0.2528814,3.5884666e-05,0.16083874,0.050117865,0.84710497,0.037204675,5.1105762e-05,0.9985903,0.049969263,0.14630193,0.00093657675,0.13890478,0.9999709,0.03969025
0.07045301,0.23718545,0.45370224,0.050467797,0.055995345,0.04730361,0.04775734,0.13056532,0.11679839,0.046965312,0.15345298,0.35892445,0.5764115,0.43978035,0.41581523,0.5425532,0.006393793,0.42647934,0.1965469,0.9024165,0.42264712,0.008277655,0.98154724,0.51541746,0.42167294,0.04320514,0.40139085,0.9910443,0.20699774
0.040424667,0.17798586,0.39700553,0.021310452,0.027206069,0.018582538,0.020697262,0.076982774,0.06795306,0.018383473,0.08977964,0.30921623,0.5688751,0.3331438,0.3586642,0.50116736,0.0017015622,0.3868062,0.14954282,0.92694414,0.3255473,0.002175022,0.99266875,0.4189935,0.36236605,0.018074729,0.3469987,0.99774134,0.14398167
0.026364066,0.10992001,0.29694158,0.0075032907,0.01097982,0.005872438,0.0070203394,0.039791897,0.038548432,0.005552028,0.037217498,0.20398864,0.54133856,0.15132444,0.32451463,0.4036609,0.0004835457,0.28209105,0.09989621,0.9039824,0.15087813,0.00065492565,0.99537885,0.20237537,0.25741586,0.006204355,0.24423145,0.99949765,0.09005005
0.026072288,0.16514474,0.39916798,0.014164767,0.018829038,0.01223241,0.01386022,0.05831491,0.05101988,0.012015188,0.075508475,0.32684475,0.57747734,0.33796686,0.3162994,0.5060882,0.0007262781,0.395511,0.13303435,0.9521609,0.3387762,0.00091989234,0.9967115,0.43831676,0.3602503,0.011481215,0.3543365,0.9989736,0.11981305
0.012620873,0.060883157,0.20858099,0.0019185991,0.0033973241,0.0013550594,0.0017701968,0.014879347,0.017521825,0.0011796941,0.011449049,0.1245003,0.51780266,0.050923463,0.24788679,0.28787136,6.83168e-05,0.188379,0.059266936,0.87324226,0.053344414,9.555285e-05,0.99815804,0.07208463,0.16786027,0.0014686015,0.15977928,0.9999411,0.047509383
0.022578234,0.11042379,0.29871276,0.006811876,0.009901673,0.0052609425,0.0063295723,0.03680429,0.03514285,0.004946899,0.036081206,0.22090636,0.5417233,0.15785995,0.3046543,0.40721494,0.00036748147,0.29160115,0.09702663,0.920527,0.15917076,0.00048855797,0.9965938,0.2133027,0.26055598,0.005475903,0.24971019,0.9996045,0.08523087
0.0050741406,0.033129435,0.15639004,0.00044571632,0.0009971852,0.00029353204,0.00042636573,0.0051828786,0.00841776,0.0002355276,0.0032195235,0.06570699,0.50031024,0.015636953,0.17765416,0.18765146,6.94473e-06,0.113904886,0.0344288,0.7839916,0.016970875,1.0296817e-05,0.99936336,0.022249041,0.10844309,0.00032278468,0.102947526,0.99999475,0.025726229
0.03059949,0.25932816,0.5308587,0.035239924,0.040562045,0.03499802,0.03601967,0.08643865,0.08205241,0.033963174,0.15691248,0.4682211,0.6375772,0.5909375,0.31031296,0.5930823,0.0015131804,0.5168023,0.18701182,0.9671811,0.5970847,0.0018259578,0.99637645,0.6965152,0.4987437,0.026103346,0.49878678,0.99717534,0.17164253
0.077883236,0.25009757,0.46288502,0.058891546,0.06399262,0.056095842,0.055765543,0.14202766,0.12782282,0.055405155,0.16841961,0.36955592,0.5790911,0.45793584,0.42264512,0.5472726,0.008142316,0.43449035,0.2073911,0.897951,0.4404461,0.01041709,0.97827256,0.53085005,0.4322568,0.050386272,0.41228598,0.9885529,0.219223
0.01473343,0.30501667,0.6380331,0.029796546,0.032550298,0.031515975,0.032122172,0.06564357,0.063830644,0.029405883,0.17660475,0.58099014,0.68980575,0.7555203,0.24583668,0.6611696,0.0004966858,0.60356194,0.1858974,0.987456,0.77207357,0.00059581554,0.9991285,0.85324204,0.5966019,0.019138519,0.61040646,0.9987766,0.16436817
0.028794779,0.12440346,0.3190603,0.009786995,0.013954845,0.007816625,0.009310008,0.04671077,0.04371878,0.0074345176,0.046969622,0.23205759,0.54890126,0.19099091,0.32487774,0.42842266,0.00065236184,0.3132645,0.11046789,0.9159596,0.19025774,0.0008463463,0.9950559,0.2548913,0.28529692,0.0081520835,0.26907083,0.9992799,0.100048564
0.021330824,0.10168362,0.2829471,0.005784594,0.008553748,0.004394827,0.00535832,0.032989234,0.032443576,0.004096105,0.0306944,0.20320354,0.5360482,0.1339994,0.30111417,0.38708517,0.00030485878,0.2733153,0.09064485,0.9119912,0.1349814,0.0004106451,0.99669063,0.18144993,0.24350514,0.004631158,0.23233354,0.9996866,0.07965729
0.027948923,0.12541468,0.32055512,0.009533709,0.013433081,0.0076149125,0.008964163,0.045834765,0.043365058,0.0072569596,0.04657345,0.23518857,0.54973745,0.19330354,0.32641163,0.43213704,0.00059677655,0.31333846,0.11013774,0.91746676,0.19181551,0.0007925595,0.9953631,0.25709707,0.2850504,0.007861812,0.26994857,0.9993193,0.099786036
0.022722924,0.17200857,0.4181602,0.013731195,0.018515231,0.012104451,0.01375181,0.054979652,0.049033023,0.011918496,0.07945314,0.3461563,0.59223306,0.38177118,0.29747307,0.52531046,0.0005759199,0.42152038,0.13539186,0.9620802,0.38624725,0.00071953743,0.9975688,0.49653623,0.38120916,0.010966903,0.37785047,0.99911696,0.11872851
0.0064026713,0.036523506,0.16695353,0.00062156527,0.0013205614,0.00042006234,0.0005971845,0.006490332,0.0103990985,0.00034647368,0.0041629914,0.06854201,0.51277727,0.019441653,0.20073861,0.20365871,1.1978845e-05,0.122857675,0.038862057,0.78158706,0.020676777,1.7689812e-05,0.9990934,0.027532658,0.11859498,0.0004585027,0.11097165,0.9999908,0.02965087
0.038686804,0.14373933,0.3470623,0.014941729,0.019621743,0.012337425,0.013972493,0.0631549,0.059108816,0.011955463,0.062405337,0.24350812,0.5515473,0.22895642,0.37186566,0.4545419,0.0012580736,0.32502067,0.12671687,0.89781445,0.22081378,0.0017213384,0.99184287,0.29208568,0.30816612,0.012685442,0.28793705,0.99854904,0.12465929
0.051769096,0.21242933,0.43899837,0.033798534,0.040098257,0.030935107,0.032675415,0.10240048,0.09002653,0.030880688,0.12413882,0.34594986,0.57675785,0.4126307,0.38633987,0.5339859,0.0032076875,0.41793668,0.17526293,0.92212695,0.39998943,0.0041409116,0.98936206,0.49888444,0.4026396,0.028845357,0.3864724,0.9954301,0.17717896
0.04822171,0.15113427,0.35800782,0.019579452,0.024271011,0.016167756,0.018106185,0.07498648,0.0721562,0.015680242,0.07135706,0.23593971,0.55247843,0.23977174,0.40385756,0.46234885,0.0019767692,0.3226947,0.13513194,0.8716649,0.22495341,0.00279284,0.98748386,0.29792795,0.3171248,0.016641723,0.28985104,0.99773717,0.14245798
0.016234584,0.0717929,0.22897263,0.0029284717,0.0048866463,0.002129656,0.0026999111,0.020056365,0.022705274,0.0018930096,0.016169013,0.14019321,0.5262022,0.0688888,0.27446696,0.31735015,0.00012892744,0.21062236,0.068923794,0.87643206,0.07086817,0.00017813231,0.9973501,0.09600894,0.18977167,0.0023090313,0.1780271,0.99988496,0.05789024
0.008437652,0.04330265,0.18075028,0.00095454336,0.0018557461,0.00065108767,0.0008997168,0.008961339,0.013525224,0.00054849836,0.005735661,0.07898712,0.5109719,0.0256636,0.22718485,0.22580776,2.322614e-05,0.13675502,0.044594306,0.78323007,0.026348416,3.4373716e-05,0.9986333,0.03526753,0.13266984,0.0007176272,0.12138148,0.9999815,0.03632612
0.02848037,0.077616386,0.2593854,0.0060987645,0.008285304,0.0045426344,0.005517426,0.031716127,0.047559027,0.004121345,0.022055827,0.10045335,0.5513979,0.07469615,0.38582098,0.33061403,0.00039065006,0.19059138,0.08135104,0.69964373,0.06617247,0.00060355465,0.9902035,0.09194836,0.20947593,0.004838877,0.17292494,0.9996524,0.08652782
0.068690084,0.3224912,0.5651913,0.09068169,0.08882126,0.094456226,0.087067775,0.15708518,0.15193175,0.09079346,0.24605536,0.48964408,0.62575954,0.6379325,0.39442563,0.6057264,0.00824204,0.5181557,0.24377568,0.9346354,0.6312077,0.010578711,0.9849969,0.712824,0.5309443,0.068326436,0.5199846,0.98497367,0.25433716
0.018423352,0.0692868,0.23234606,0.0032863065,0.005201577,0.002394766,0.0029967527,0.021565914,0.027677272,0.0021500161,0.015807068,0.11624849,0.53142285,0.062232055,0.31003684,0.3075212,0.00015988173,0.19098718,0.069051646,0.81302285,0.06044483,0.00023575137,0.99597436,0.081913725,0.1858967,0.002609023,0.16736844,0.9998629,0.063431054
0.006572725,0.03804453,0.16873038,0.00065501645,0.0013744857,0.00044357034,0.00062603963,0.006819929,0.0103765465,0.0003650707,0.004430001,0.073988624,0.5096259,0.020839985,0.19983129,0.2088899,1.3183627e-05,0.12739418,0.03973334,0.8008875,0.022290928,1.933855e-05,0.9991002,0.029514661,0.12079002,0.00048313674,0.11423143,0.99998987,0.030210026
0.0045986716,0.030790344,0.15190218,0.00038823945,0.0008789795,0.00025069682,0.000376044,0.004645635,0.007767802,0.00020154766,0.0028509884,0.061513625,0.49931654,0.0141919395,0.17135721,0.18046395,5.5342684e-06,0.109576695,0.032511003,0.7778494,0.015472783,8.22324e-06,0.99943954,0.020451037,0.10385917,0.0002778651,0.09824484,0.9999958,0.024291482
0.04521274,0.29815027,0.5541521,0.05749349,0.06131933,0.058812324,0.057494637,0.119848914,0.10990494,0.0576166,0.20313196,0.49199873,0.6292831,0.6333486,0.34575403,0.60618746,0.0037023283,0.52880734,0.21812877,0.95765275,0.63416547,0.004457672,0.993107,0.7243629,0.52205753,0.04400605,0.52002764,0.9931867,0.21166955
0.025552323,0.29220495,0.5859057,0.038502462,0.042404197,0.039776698,0.04001029,0.08735423,0.080662504,0.03844176,0.1813521,0.5273564,0.65470433,0.6849421,0.29466927,0.6306448,0.0012955873,0.5597691,0.19719076,0.97697973,0.69429797,0.001553196,0.9975904,0.7857831,0.54795337,0.027557999,0.5550744,0.9972773,0.18163079
0.0020407012,0.019369643,0.12313496,0.00011289218,0.00031704476,6.906833e-05,0.00011391853,0.0019032048,0.0039293147,5.0857132e-05,0.0010275381,0.039767176,0.4806379,0.0056140707,0.11595598,0.12498464,7.3456107e-07,0.07393345,0.021094322,0.71347517,0.0065391967,1.1279739e-06,0.999816,0.008344746,0.07410207,7.520072e-05,0.07217836,0.9999995,0.014099773
0.034008093,0.45597577,0.7478079,0.14108422,0.111763135,0.16144572,0.13724513,0.12754086,0.16633174,0.13818005,0.37411818,0.69504666,0.72935325,0.85603106,0.28156522,0.68624824,0.0032723823,0.65856963,0.28379935,0.9769818,0.8726812,0.0042572785,0.9964361,0.90824205,0.7164973,0.07090513,0.71805644,0.9907487,0.28687316
0.023778187,0.20014508,0.4670868,0.018293837,0.023588276,0.017043,0.01869638,0.064124756,0.057472896,0.016853144,0.10182343,0.38734314,0.60869163,0.47405505,0.30464992,0.5617861,0.0007205952,0.45995653,0.1506729,0.9664591,0.47756344,0.0009113204,0.9975211,0.59367543,0.4279096,0.014476336,0.42439127,0.9987589,0.13670395
0.02508269,0.16252533,0.3943915,0.013317658,0.017995149,0.011433343,0.0131321065,0.05552134,0.049154762,0.011280913,0.072939955,0.3230949,0.57842267,0.33422446,0.30850226,0.50386214,0.00065495714,0.39623383,0.13168482,0.95363635,0.33548188,0.00082548877,0.99695957,0.43615276,0.3571388,0.010789961,0.3520351,0.99907076,0.11673415
0.030103976,0.121537276,0.31496587,0.009652209,0.013562014,0.00763613,0.009074445,0.04712704,0.044687323,0.0073519447,0.045324523,0.22012177,0.54506755,0.17877033,0.33960283,0.42290694,0.0006777043,0.29980567,0.10905739,0.90427,0.17591628,0.0009151733,0.99444556,0.23581326,0.27577,0.008039246,0.2603487,0.9992656,0.10152367
0.017109077,0.07760242,0.23962182,0.0033302736,0.005446714,0.0024388928,0.0030879858,0.022242641,0.023840148,0.0022006147,0.018645873,0.15488999,0.5269088,0.08069099,0.27625194,0.3336502,0.00015337991,0.22526497,0.07323451,0.89174473,0.082855284,0.0002103228,0.9973514,0.11246594,0.20045961,0.0026187482,0.19069003,0.9998585,0.061148353
0.054832257,0.31143668,0.56472886,0.07152315,0.07324644,0.074232005,0.07024427,0.137504,0.12871332,0.0725313,0.22420709,0.4913943,0.62745756,0.64524835,0.3700779,0.6112644,0.0053179655,0.52705723,0.23095782,0.94831556,0.64134777,0.006669819,0.9903306,0.7290913,0.5308173,0.054727904,0.5240765,0.99006534,0.23402147
0.040050868,0.20362847,0.44025207,0.026487345,0.032845393,0.02423534,0.026218113,0.085754275,0.075564,0.024142234,0.112348676,0.35225224,0.5859184,0.4191964,0.3550623,0.53648746,0.0019004163,0.42751217,0.16440113,0.9400533,0.4118158,0.0024095478,0.99341124,0.51760966,0.40416563,0.022171808,0.39119744,0.9971589,0.15947261
0.022909584,0.103489704,0.28543463,0.0062093786,0.009231159,0.0047745244,0.0057377527,0.034365248,0.03432314,0.004416734,0.032049667,0.19959228,0.5392284,0.13694535,0.30708304,0.3921861,0.00033901836,0.2741699,0.09300538,0.9076912,0.13716897,0.00046155305,0.9962871,0.18500303,0.24860135,0.0050118226,0.2349428,0.9996437,0.08184451
0.014276115,0.07025549,0.22716832,0.0025493465,0.0042504817,0.0018223261,0.00234277,0.01848099,0.02061954,0.0016219785,0.014988256,0.14532752,0.52053577,0.06750619,0.25951698,0.3141007,9.9644756e-05,0.21079184,0.06616743,0.8887787,0.06950654,0.00013917494,0.99791425,0.093866065,0.18584812,0.0019653311,0.17779876,0.99991,0.054954216
0.035452284,0.16333853,0.38144344,0.016850183,0.022295779,0.014422989,0.016237212,0.067339696,0.059675302,0.014277235,0.07702624,0.29203492,0.56417596,0.30307987,0.34901574,0.49103218,0.0012260759,0.37227842,0.13849652,0.9296464,0.29815605,0.001587108,0.9940807,0.3882892,0.34460366,0.01428791,0.33203635,0.9984139,0.13061789
0.029960657,0.10681043,0.2860029,0.008143582,0.0113319345,0.006257185,0.00734241,0.041152503,0.044337858,0.005845822,0.035005715,0.18122949,0.53794456,0.13049878,0.3520954,0.38696885,0.00056726165,0.25994852,0.09808126,0.8615492,0.1255425,0.0008143702,0.9931502,0.16749471,0.24656637,0.006713758,0.22477855,0.99942964,0.09501697
0.031413056,0.13212939,0.32991928,0.011293488,0.015634686,0.0091379555,0.010715087,0.05133205,0.048143066,0.0087911,0.052585617,0.24036236,0.5520406,0.20841676,0.3376395,0.4401554,0.00079392846,0.32193553,0.116601415,0.9138625,0.20559879,0.001043309,0.99437743,0.2742937,0.2942237,0.009439628,0.27796704,0.99909496,0.10829457
0.04281681,0.23848267,0.49427512,0.037065312,0.04255216,0.035421588,0.036200546,0.1023677,0.09147982,0.03512102,0.14576554,0.40016493,0.60084754,0.51667494,0.37112042,0.57559526,0.0024488496,0.4631676,0.18470727,0.94432575,0.5065476,0.003245791,0.99305177,0.61433846,0.45179617,0.030204192,0.43959635,0.99581486,0.18676905
0.015275424,0.06913479,0.22423114,0.002643054,0.0044344217,0.0019041137,0.0024476561,0.018807057,0.0215821,0.001699112,0.014799793,0.13550901,0.52342474,0.06362613,0.2701636,0.3085424,0.000111447145,0.2039295,0.06633408,0.8720381,0.065235324,0.00015536159,0.9975183,0.08816234,0.18317704,0.002071431,0.17232946,0.9999019,0.055862695
0.043717194,0.2066691,0.43852648,0.02863474,0.035107076,0.026133029,0.028114013,0.09106901,0.07958717,0.026150435,0.11637137,0.3509221,0.5818044,0.4172447,0.3638621,0.5357018,0.0022773002,0.42526093,0.1684039,0.9353378,0.4082306,0.0028855898,0.99234736,0.5120063,0.40318727,0.024192194,0.39029005,0.99666446,0.16475323
0.011452909,0.27434304,0.6209188,0.02029498,0.023637557,0.021158291,0.022302385,0.053920627,0.05078079,0.01963329,0.1452191,0.5553109,0.6836705,0.72869503,0.23526345,0.6556037,0.0002724638,0.58782834,0.16615222,0.9891361,0.74680275,0.00034030376,0.99942774,0.83994853,0.57283086,0.013298761,0.58780515,0.99931204,0.14388274
0.042563234,0.20423102,0.43809065,0.027794456,0.03388693,0.025160976,0.026866507,0.089735694,0.07880866,0.02503663,0.11346987,0.3490662,0.5798814,0.41307604,0.36732578,0.53618973,0.0021170166,0.42088845,0.16582438,0.9348259,0.40341866,0.0027395869,0.9926098,0.5057352,0.40030113,0.023338713,0.38727638,0.99687624,0.16338426
0.0039794585,0.029715268,0.14685528,0.0003179065,0.00074257684,0.00020325619,0.0003042267,0.004097963,0.0066085556,0.0001590817,0.0024994202,0.06411759,0.48912436,0.012810784,0.15566373,0.17372529,4.0045215e-06,0.10670076,0.03048821,0.7992078,0.014327338,5.9231206e-06,0.9995758,0.018653972,0.09933997,0.00022279841,0.09635676,0.999997,0.022007544
0.06267775,0.26027238,0.49680594,0.055481933,0.06008362,0.05406161,0.05322114,0.13184744,0.11965088,0.05342503,0.17507292,0.40102544,0.5950812,0.52210647,0.40266782,0.5738419,0.0055180616,0.46235093,0.2067087,0.92334586,0.50695753,0.0072281808,0.98621374,0.60663474,0.46089652,0.04584464,0.4438692,0.9911504,0.21722673
0.02206766,0.08871384,0.26060653,0.005041643,0.0076515386,0.0037559865,0.004674327,0.029505586,0.031514272,0.0034511087,0.024793098,0.1641354,0.5328561,0.10104201,0.31029966,0.35650232,0.00028387416,0.24099927,0.0829897,0.8787956,0.10049044,0.00039179542,0.995886,0.13686588,0.22144464,0.0040676277,0.20375721,0.999731,0.0752887
0.019162193,0.27752823,0.58705914,0.02928694,0.033404253,0.029936904,0.031144902,0.07120689,0.06701198,0.028578931,0.16131799,0.5284322,0.6654637,0.68379843,0.2688565,0.6310889,0.00071400485,0.5648519,0.18250841,0.98195845,0.69720495,0.0008574083,0.998544,0.79279745,0.5479327,0.02022348,0.5574448,0.9984327,0.16254981
0.0010313818,0.011940896,0.100632794,4.000772e-05,0.00013295987,2.2227969e-05,4.26873e-05,0.000834283,0.0023487248,1.5658055e-05,0.00040820322,0.02215983,0.48088643,0.0024553102,0.08722062,0.09093138,1.2572656e-07,0.050379064,0.014098221,0.59336597,0.0029793268,2.0160506e-07,0.99992096,0.003846441,0.054342266,2.4434998e-05,0.05187666,0.9999999,0.008898725
0.02761762,0.23364331,0.50373983,0.026280846,0.031999752,0.025261763,0.02692537,0.07814407,0.06867544,0.025059877,0.13186437,0.4354149,0.618681,0.5484947,0.31049556,0.5843706,0.0011447443,0.49368647,0.1721513,0.9681024,0.5516394,0.0013990559,0.9970011,0.66261643,0.46576944,0.020554066,0.46690834,0.99793833,0.15735786
0.011859092,0.29968274,0.64840555,0.02467825,0.027581273,0.026386285,0.027158376,0.057807308,0.056053147,0.024240088,0.16539304,0.58263487,0.6956754,0.7667013,0.2327453,0.6697362,0.00031934574,0.6093224,0.17703195,0.9895978,0.78427196,0.00039574795,0.9994087,0.86627656,0.6034732,0.015661562,0.61736083,0.99915874,0.15549204
0.031364977,0.16788033,0.39535606,0.016399564,0.02131596,0.014175272,0.01582474,0.06508645,0.057598535,0.013951007,0.07860597,0.31299737,0.57069093,0.32569674,0.34047765,0.50069565,0.0010083641,0.3837951,0.13747655,0.9393517,0.32181326,0.0013173367,0.9952538,0.4161608,0.35520127,0.013552972,0.34419274,0.99861133,0.12951341
0.014327431,0.0451295,0.21529417,0.0021005652,0.0031146042,0.001433328,0.0019910187,0.0137381395,0.032332275,0.0012089367,0.007948087,0.04512343,0.56130624,0.028396854,0.3358509,0.24432798,6.680508e-05,0.11744142,0.052113984,0.48162633,0.024490582,0.00011036727,0.9945269,0.03484331,0.1520229,0.0015274647,0.11696977,0.9999473,0.057624392
0.030817315,0.34713617,0.64636403,0.06288595,0.06196972,0.06920906,0.06393173,0.10800409,0.10805437,0.06419059,0.24047638,0.57500124,0.6748096,0.7603476,0.312767,0.659281,0.0020602136,0.59024024,0.22626114,0.9747713,0.7686229,0.0026646,0.996768,0.8421222,0.606137,0.041971747,0.6076605,0.9951036,0.22249557
0.011056112,0.05393039,0.19919598,0.0014927015,0.0027406914,0.0010559442,0.0013881928,0.012526947,0.016116751,0.0009069251,0.008970016,0.10483464,0.5173865,0.03969344,0.24356131,0.2634582,4.821337e-05,0.16674398,0.053831063,0.8433404,0.041215904,6.933963e-05,0.9982834,0.055079952,0.15402389,0.0011425806,0.14538385,0.99996054,0.043385535
0.026290696,0.19035716,0.44172737,0.018071603,0.023204878,0.016234439,0.01799989,0.06561612,0.057724364,0.016014308,0.09536199,0.36894676,0.59518164,0.42476743,0.3155566,0.541432,0.0008400188,0.43610233,0.14725041,0.9598343,0.42546564,0.0010623898,0.9969067,0.53712267,0.4026799,0.014498142,0.39764315,0.9986687,0.13418113
0.039681654,0.40621358,0.691582,0.110023975,0.09557893,0.12411776,0.10883226,0.13322505,0.15035199,0.11141673,0.3183793,0.63230634,0.69540703,0.8059241,0.31359693,0.66869366,0.003876107,0.6200758,0.2643818,0.9711193,0.81838787,0.004974399,0.99511456,0.87038475,0.6596016,0.065328926,0.6594082,0.9903938,0.26684403
0.042839076,0.1630922,0.38153663,0.020437187,0.024623988,0.017329067,0.018796379,0.07541947,0.07263568,0.01677594,0.07809848,0.2706311,0.56055695,0.2813995,0.39134195,0.48260903,0.0016729085,0.34822375,0.13835277,0.89663684,0.26704994,0.002388893,0.9903599,0.34983313,0.34014294,0.016897414,0.3143055,0.99786156,0.1455287
0.043002125,0.28549975,0.5428777,0.051180642,0.05577792,0.05170911,0.05118291,0.11497607,0.10252829,0.050747037,0.18923865,0.4811707,0.62318796,0.61279255,0.3472242,0.6002264,0.00325489,0.5181988,0.20987323,0.9577391,0.61210036,0.003955505,0.99358493,0.707459,0.507265,0.03970012,0.50497335,0.9940686,0.2042097
0.027072811,0.34188667,0.6402939,0.05690902,0.057083666,0.061168138,0.058632422,0.09705031,0.09904502,0.0571251,0.23069283,0.58563006,0.68236214,0.75386727,0.28598216,0.6511187,0.0016555018,0.59894246,0.22202705,0.97825944,0.76698416,0.0019909032,0.9974179,0.838364,0.6055036,0.036939643,0.61291325,0.9961636,0.20788312
0.026681907,0.12345582,0.32185885,0.0090975985,0.012831273,0.007261627,0.008528248,0.04480729,0.042460375,0.0069379946,0.045867372,0.23484647,0.5493504,0.19336621,0.322364,0.43217108,0.0005509931,0.3129512,0.10815137,0.9199365,0.19138384,0.0007388111,0.9956866,0.25642896,0.2835716,0.0074646305,0.27115667,0.99937147,0.0990385
0.02175512,0.19626316,0.4617607,0.016740417,0.021686519,0.015293099,0.017108476,0.060304154,0.05305134,0.015128981,0.09780063,0.39663273,0.60849583,0.4679814,0.29128164,0.5574284,0.00062372,0.46124935,0.14751998,0.97001386,0.47373983,0.0007667552,0.9979152,0.58984864,0.42285624,0.01303418,0.4253135,0.998944,0.12938464
0.032270815,0.14017989,0.3436849,0.012494312,0.017089715,0.010242818,0.0119204065,0.055630974,0.050344642,0.009988068,0.058555648,0.25683415,0.5536246,0.23168117,0.3395972,0.45371974,0.00090138236,0.3348016,0.122323856,0.92042166,0.22870074,0.0011745017,0.9944078,0.30230123,0.30642608,0.010483614,0.29332572,0.99894613,0.11322636
0.023289228,0.17796902,0.42481062,0.014929803,0.019716704,0.01313901,0.015033414,0.05782723,0.05068718,0.012944034,0.08405397,0.3613874,0.5940494,0.39501145,0.29932678,0.52809286,0.00064460037,0.42834204,0.13854885,0.962783,0.39978307,0.0007884394,0.99747986,0.50959235,0.38788962,0.011852316,0.38510394,0.9990145,0.12150883
0.0071057407,0.040643524,0.17315625,0.00074711075,0.0015368894,0.0005083559,0.000706722,0.007526892,0.0107972305,0.00042061307,0.005065842,0.08198895,0.5093657,0.023825312,0.2034832,0.2200971,1.6144613e-05,0.13595799,0.041829478,0.8236663,0.02563447,2.3496419e-05,0.9990564,0.03404535,0.12644276,0.0005508368,0.120698616,0.99998736,0.031740583
0.014193361,0.06169132,0.21131332,0.0021871044,0.0037818053,0.0015646741,0.0020154899,0.016222853,0.020452749,0.0013738222,0.011959661,0.114397146,0.52245027,0.050070968,0.26937407,0.28535402,8.681987e-05,0.1826303,0.061102066,0.83956593,0.050824586,0.00012389495,0.9974837,0.06838578,0.16879521,0.0017141226,0.15631294,0.99992704,0.051655915
0.013799478,0.35667443,0.6985149,0.04075928,0.03987472,0.045167822,0.04338041,0.06979166,0.07387273,0.03978666,0.2194746,0.6413157,0.7150278,0.82313395,0.23176059,0.6900465,0.0005214598,0.6444869,0.20287283,0.9894343,0.8397142,0.0006466281,0.99925095,0.9008132,0.6611865,0.023432279,0.6735147,0.9985537,0.18554774
0.059510928,0.61594707,0.8594954,0.5311581,0.3387823,0.5447057,0.470307,0.19456956,0.40248072,0.44157523,0.6544929,0.83329374,0.78393316,0.91413677,0.23446316,0.682901,0.010080494,0.724221,0.42845678,0.957928,0.93833333,0.014951509,0.99274904,0.93778616,0.84318286,0.17821339,0.84192294,0.9608298,0.45964986
0.025985107,0.11313235,0.29935437,0.0077705183,0.011347171,0.00608838,0.007299187,0.03988326,0.038512357,0.0057336544,0.03886341,0.2140896,0.54496795,0.16080143,0.316733,0.40942353,0.00047886634,0.29322094,0.101586685,0.91174895,0.1610859,0.00063150097,0.9956483,0.21692438,0.2638217,0.006396998,0.2497567,0.99948883,0.09048383
0.020645449,0.2773168,0.5830894,0.030494953,0.03473792,0.031118628,0.032087825,0.0749019,0.06953936,0.029858172,0.16232091,0.52088,0.6583343,0.67899835,0.28064895,0.63146394,0.0008072447,0.55713063,0.18407951,0.9802377,0.6889046,0.0009901654,0.99832314,0.7856087,0.5413562,0.021453826,0.5492871,0.9982375,0.16680485
0.03653308,0.13649102,0.3333484,0.013271283,0.017519321,0.010752444,0.012297491,0.057696294,0.05602922,0.010351144,0.0558561,0.23253201,0.5494371,0.2068356,0.36688948,0.44136357,0.0010467313,0.31302083,0.120308414,0.8923668,0.19926344,0.0014483036,0.9921646,0.26438656,0.29508623,0.0111589255,0.27380025,0.99881184,0.1182142
0.018348996,0.07827214,0.24311496,0.0036399188,0.0058422894,0.002678763,0.0033812788,0.023585575,0.025532087,0.0024221968,0.019473197,0.15107371,0.528387,0.08156751,0.28808612,0.33365366,0.0001806267,0.22289483,0.07476054,0.88165575,0.082668774,0.00024950784,0.99689424,0.11195637,0.20201088,0.0028891317,0.19019677,0.9998356,0.06441566
0.020630602,0.0793643,0.24797872,0.0041009146,0.0064219083,0.0030624792,0.0037687782,0.025754973,0.029415302,0.0027726328,0.020227687,0.13998854,0.5323747,0.08051773,0.31408876,0.3343542,0.00022267501,0.21459696,0.07706406,0.8523999,0.07967695,0.0003204412,0.99587834,0.10745538,0.20374277,0.0033032354,0.1877006,0.9997993,0.069072984
0.02135671,0.08612935,0.25264367,0.004611185,0.0070733298,0.0034148814,0.004185174,0.027856926,0.030869847,0.0031183911,0.022835607,0.15805657,0.5294699,0.09212372,0.3095542,0.34783676,0.0002504123,0.232115,0.08095221,0.86964124,0.09143879,0.00035492683,0.9959164,0.12249043,0.21281403,0.0037233778,0.19731148,0.9997656,0.07269554
0.011725616,0.054997403,0.20118581,0.0016373995,0.0029511282,0.0011539996,0.0015241795,0.013243655,0.017154666,0.0010027484,0.009521703,0.1051602,0.51959205,0.041374106,0.25100234,0.26732466,5.5248576e-05,0.16910063,0.05502082,0.8378461,0.0426912,7.910198e-05,0.9980831,0.057427466,0.15660858,0.0012613697,0.14611843,0.99995446,0.04533618
0.008419309,0.045400705,0.18011262,0.0009757915,0.001926955,0.00067016046,0.0009168683,0.009088248,0.012345685,0.00056330016,0.0063746637,0.092504404,0.5120901,0.02933069,0.21438028,0.23702128,2.4751853e-05,0.15037929,0.04599423,0.84014165,0.031403005,3.518035e-05,0.99883944,0.042101745,0.1363326,0.00073078746,0.1297087,0.99998033,0.035552252
0.048808224,0.19848612,0.42927313,0.029849464,0.035118926,0.026804548,0.028346742,0.095661655,0.08644207,0.02652718,0.111139916,0.32445735,0.5730381,0.382161,0.39517713,0.5255439,0.0026353537,0.39814222,0.16368149,0.9147994,0.3665017,0.00359998,0.989693,0.46516758,0.38782665,0.025131533,0.3667362,0.9962632,0.17122981
0.015682466,0.06690985,0.22274849,0.002637224,0.004403329,0.0019029758,0.0024345093,0.018781746,0.02256207,0.0017008261,0.014170274,0.12501146,0.52424175,0.059090357,0.28040943,0.3013907,0.000114864895,0.19446796,0.06543065,0.8507055,0.059723746,0.00016369132,0.9971892,0.08050607,0.1795565,0.0020789811,0.16679503,0.9999013,0.05630066
0.02620609,0.29331186,0.58835214,0.039984412,0.04393382,0.041560132,0.041546058,0.08812618,0.08341818,0.039898884,0.18408677,0.5251076,0.65798515,0.6844945,0.29865846,0.6297529,0.0013151967,0.55812943,0.19849649,0.97575665,0.6932307,0.0016100277,0.9974349,0.7838963,0.5489601,0.028296566,0.5539327,0.99717736,0.18474549
0.02731178,0.16871645,0.402272,0.015005379,0.020024452,0.013026939,0.01478017,0.060118675,0.052966885,0.012927128,0.0789302,0.327194,0.5793729,0.3487731,0.31710488,0.510401,0.0007947179,0.40168774,0.13697039,0.9516802,0.348723,0.0010027116,0.9965119,0.4506439,0.36508948,0.012266029,0.3592282,0.99886286,0.12350125
0.025787732,0.50439465,0.8024168,0.16202645,0.11761552,0.18813172,0.15793893,0.11389151,0.17246902,0.1534109,0.4196733,0.74842876,0.76361424,0.8989718,0.23972969,0.7099462,0.0021615226,0.70013636,0.2951121,0.9833484,0.9170786,0.0028548706,0.9979631,0.9408279,0.77518874,0.068668105,0.7768056,0.99297005,0.29912046
0.0055003488,0.034084346,0.15889159,0.00049560703,0.0010958397,0.00033050764,0.0004735994,0.0055444716,0.0090396935,0.0002641275,0.003454715,0.06581527,0.50357187,0.01651812,0.18386213,0.19186144,8.288834e-06,0.11592344,0.035672408,0.7794592,0.01774781,1.2281145e-05,0.9992742,0.023443568,0.11180477,0.00036252974,0.104997456,0.9999937,0.026819436
0.0007884421,0.01031486,0.093652375,2.6701971e-05,9.4966046e-05,1.4496979e-05,2.9057852e-05,0.00062530854,0.0018336278,1.0010924e-05,0.0002976819,0.019760862,0.47463354,0.0018813226,0.07566592,0.0813618,6.565057e-08,0.04511666,0.012299372,0.5862216,0.002344263,1.0623932e-07,0.9999472,0.0029891988,0.04841962,1.5854443e-05,0.047354564,1.0,0.007436446
0.010726714,0.057293743,0.20203649,0.0015781125,0.002783592,0.001088624,0.0014397077,0.013172725,0.015889615,0.00093452877,0.009652624,0.12112249,0.50885296,0.044386365,0.2362869,0.27222496,4.964319e-05,0.17815132,0.054481868,0.86801904,0.04639931,7.00815e-05,0.9984781,0.061887626,0.15824205,0.0011911273,0.15064396,0.9999589,0.044529956
0.023215158,0.12141442,0.32135144,0.008057172,0.011657245,0.006422484,0.007618906,0.04041866,0.038628366,0.0061250133,0.043745782,0.24189414,0.55501837,0.1980402,0.30336908,0.43545127,0.00041092432,0.32201195,0.10537353,0.9320128,0.19952619,0.0005396126,0.99675816,0.26932633,0.2866898,0.0065229875,0.27516007,0.99951303,0.09244136
0.024798946,0.1206825,0.31538785,0.008280967,0.011803288,0.0065301294,0.0077629155,0.04212293,0.03931981,0.0062238285,0.042962216,0.2373752,0.5460824,0.18534456,0.31385222,0.42579985,0.0004754934,0.3102813,0.10542227,0.9241666,0.18543766,0.0006271501,0.996221,0.2476557,0.27736074,0.006750483,0.2667957,0.9994661,0.09376322
0.025763221,0.18867674,0.44094276,0.017551556,0.02260445,0.015815683,0.017447291,0.065028906,0.055884782,0.01563165,0.09420685,0.37212422,0.59304875,0.42059672,0.31350598,0.539405,0.00081775285,0.43498525,0.14588468,0.961397,0.42276594,0.0010179407,0.99706274,0.53384984,0.4004757,0.014009277,0.39891097,0.9987179,0.13159618
0.01418881,0.32329693,0.66444886,0.032619778,0.034472853,0.03558912,0.035066664,0.06811227,0.06612846,0.03226567,0.19056687,0.6007617,0.6957802,0.78615797,0.24761471,0.67662436,0.00048706884,0.6154936,0.19063199,0.9882797,0.8010526,0.0006135713,0.99919754,0.87610865,0.6199839,0.020436523,0.63191223,0.9987085,0.17314279
0.05694675,0.7974959,0.9562578,0.87825435,0.6216449,0.8732578,0.8197176,0.19195153,0.6649415,0.76616627,0.8650901,0.93956834,0.87501603,0.969689,0.13580504,0.7081173,0.0076589175,0.8059989,0.5778424,0.9534506,0.98453575,0.016629836,0.99597174,0.98012674,0.9450597,0.28985536,0.94185394,0.94704497,0.6296942
0.016371181,0.06682651,0.22291844,0.0027276948,0.004535875,0.0019914298,0.0025075055,0.019136388,0.023736747,0.0017594402,0.014115013,0.1191384,0.5263812,0.05731667,0.2883795,0.2987838,0.00012321305,0.18937427,0.06586605,0.83393955,0.05728097,0.00017706986,0.99683326,0.0768351,0.17918646,0.0021684503,0.16442205,0.9998951,0.05733289
0.027889822,0.2439829,0.5178312,0.028905299,0.034240913,0.028176704,0.029451203,0.08225379,0.07181575,0.02770251,0.14092468,0.45451653,0.6220822,0.57030046,0.31499475,0.5917334,0.0012486737,0.50188255,0.17645796,0.9688904,0.5737945,0.0015322632,0.99694115,0.68181556,0.47766134,0.022341788,0.47932756,0.9977018,0.16330539
0.023216939,0.09525803,0.26922223,0.005597487,0.008465496,0.0042402055,0.005190018,0.032116007,0.032754462,0.003925683,0.02811562,0.17915854,0.53418213,0.11405072,0.3114294,0.37040657,0.0003317394,0.25391594,0.08837844,0.8913589,0.11412851,0.00045293977,0.9958652,0.15363324,0.23043023,0.0045440337,0.21699917,0.99967706,0.0782497
0.010522183,0.051564995,0.19423993,0.0013666963,0.0025559498,0.00096057163,0.001270153,0.0116559975,0.015335841,0.00081882614,0.008265682,0.10028009,0.516643,0.036655016,0.23933348,0.25721067,4.1934887e-05,0.16129194,0.051919855,0.83800924,0.038355578,6.046522e-05,0.9983846,0.0512607,0.14968544,0.0010450473,0.14072955,0.9999658,0.041395344
0.014646585,0.06518161,0.21790983,0.0024108675,0.0041331556,0.0017308984,0.002217914,0.01733857,0.020553643,0.0015193064,0.013464203,0.12669341,0.52376336,0.05761261,0.26632217,0.29974812,9.748124e-05,0.19523397,0.063622944,0.864756,0.05950915,0.00013630914,0.99760383,0.08056714,0.17770204,0.0018845397,0.16591838,0.9999156,0.053028822
0.011912462,0.050686937,0.19866383,0.0015674313,0.0028219004,0.0011167289,0.0014640446,0.012535781,0.018903315,0.0009586712,0.00833352,0.0831325,0.5274965,0.03439095,0.26720604,0.25117734,5.2103744e-05,0.14992024,0.053263552,0.7666135,0.034183484,7.7182674e-05,0.9976191,0.045991633,0.15035655,0.0012158452,0.1346931,0.9999585,0.045376513
0.048984937,0.34798393,0.60798806,0.084732465,0.08226678,0.09027042,0.08336636,0.1367665,0.13542664,0.08607948,0.258462,0.5510723,0.65235406,0.7109138,0.3442645,0.6307902,0.0049909214,0.5662049,0.24534668,0.9598103,0.7159446,0.0060907053,0.99239516,0.7888566,0.5772731,0.059676826,0.57641786,0.9899176,0.24210916
0.042380407,0.19864959,0.428151,0.026263915,0.032402422,0.023673948,0.025593894,0.08745521,0.076066464,0.023664376,0.108278394,0.34216654,0.57665974,0.3938501,0.3640619,0.52693033,0.0020952069,0.41404206,0.16271281,0.93383884,0.3856783,0.0026739696,0.992554,0.48584548,0.39174587,0.022225631,0.37899697,0.99702054,0.15827146
0.013485025,0.059399147,0.2112575,0.0020040618,0.0035356777,0.0014504498,0.0018665902,0.015371539,0.019575037,0.0012678034,0.011255333,0.10944317,0.5250025,0.047767725,0.26760542,0.28124326,7.708103e-05,0.17695211,0.059730604,0.8376468,0.048868626,0.00011106598,0.9976532,0.06560444,0.1660619,0.0015749421,0.15454827,0.999936,0.04970042
0.02776727,0.1605478,0.38601083,0.013958106,0.018890878,0.011968308,0.0136422105,0.05742998,0.051545005,0.011730528,0.07206291,0.30740866,0.5752131,0.31737646,0.31927565,0.49757287,0.0007633384,0.38627288,0.13230237,0.9463376,0.31742164,0.00097044697,0.99625814,0.41438437,0.3511601,0.011494211,0.3411791,0.99894804,0.11917596
0.0455227,0.24602167,0.49533,0.04026866,0.04616567,0.039091107,0.039559472,0.106823005,0.09554214,0.03881349,0.15319493,0.40815622,0.6021442,0.52565193,0.36853793,0.57625365,0.0029132988,0.4703767,0.19087328,0.94437706,0.51719254,0.003741332,0.9923604,0.6216643,0.4582293,0.033039697,0.4475439,0.9951225,0.18990272
0.013035266,0.05596021,0.2075113,0.0018467314,0.0032835356,0.0013370883,0.0017148186,0.014334274,0.019731998,0.0011583257,0.010065355,0.097072676,0.5275161,0.042146575,0.27166185,0.2699953,6.728517e-05,0.16463044,0.057550292,0.8067413,0.042571504,9.9258585e-05,0.9975551,0.05706256,0.16037056,0.0014524041,0.14663373,0.9999448,0.04840523
0.02420515,0.2571576,0.5452353,0.028924907,0.033962913,0.02881214,0.029639486,0.0785657,0.069874205,0.028048147,0.14856966,0.48148477,0.6375011,0.6195181,0.2994772,0.61176646,0.0010090936,0.52664405,0.17828007,0.9750059,0.6265979,0.0012344134,0.9977093,0.73208606,0.50546694,0.021669824,0.5100987,0.99800056,0.16296521
0.01772797,0.47227994,0.7924485,0.103427894,0.0811404,0.1209285,0.10543175,0.08987671,0.1264463,0.09962971,0.35546422,0.7350598,0.7632347,0.89603835,0.21937007,0.71558845,0.0010284063,0.7020839,0.26312783,0.98809516,0.9133815,0.0013140448,0.9989293,0.94265324,0.7616315,0.045769714,0.76802605,0.99658114,0.25782344
0.017985469,0.06984897,0.23163532,0.0031871505,0.005104773,0.0023235548,0.0029167954,0.021297501,0.026418488,0.0020734651,0.015640859,0.120889105,0.52787256,0.0626245,0.30339128,0.30835024,0.0001517059,0.19337556,0.06893013,0.8262726,0.06157052,0.00022127878,0.9962943,0.08312118,0.18666436,0.0025249238,0.16887493,0.9998683,0.061843902
0.022111416,0.09549109,0.2717486,0.0054590935,0.008163681,0.0041291257,0.004996473,0.031788833,0.03250524,0.0037955733,0.027737852,0.18157154,0.5335206,0.11570033,0.309804,0.37261862,0.00030637888,0.25401932,0.08708115,0.8934453,0.11543162,0.00042337124,0.9961261,0.15466045,0.23159806,0.0044048275,0.2178711,0.9997004,0.078084394
0.061594173,0.16427998,0.37729433,0.027139705,0.03142758,0.022847513,0.024871819,0.09236402,0.09186841,0.02214686,0.08619937,0.23458031,0.5574208,0.26422194,0.4421449,0.47755837,0.0032395888,0.3279341,0.14905058,0.84150445,0.24266739,0.0047211447,0.98086655,0.32130134,0.33466372,0.02317721,0.29956877,0.99620605,0.16562922
0.067984395,0.22880813,0.45127422,0.04659753,0.051997192,0.04334338,0.0439957,0.12539455,0.113357194,0.0428305,0.14549176,0.34351385,0.5762403,0.4283215,0.420942,0.5414954,0.0055797794,0.4168401,0.19057004,0.898972,0.4092903,0.0074459966,0.98242664,0.5053848,0.41445854,0.039942134,0.39266932,0.99211156,0.20406163
0.05805107,0.4248997,0.6855474,0.1563969,0.13047534,0.17342085,0.15080051,0.1649008,0.19204138,0.15771276,0.36125916,0.631061,0.6883538,0.79538983,0.33649412,0.6555036,0.0082639735,0.61334413,0.29195607,0.95883626,0.80773056,0.010377761,0.99036866,0.85437477,0.65876126,0.09399175,0.6554931,0.98110926,0.2983927
0.048084274,0.20229475,0.42575455,0.029387385,0.03585229,0.026490867,0.0284355,0.094468355,0.0823536,0.026449783,0.11352326,0.33676937,0.57356185,0.38922837,0.37681618,0.5246126,0.002669792,0.409737,0.16795443,0.9247877,0.3786838,0.0034089875,0.9905866,0.47585237,0.38953274,0.025158795,0.3756798,0.9962864,0.16640897
0.033775166,0.15212719,0.36124447,0.014602216,0.019804623,0.012252316,0.0141180195,0.06074397,0.054536562,0.011978907,0.06757272,0.27575272,0.56120694,0.26727095,0.3397438,0.47152844,0.0010476371,0.35652283,0.13080187,0.9265432,0.2637831,0.001339334,0.9942783,0.34687293,0.32660344,0.012327824,0.3127558,0.9987066,0.121117614
0.025009004,0.5341491,0.8247642,0.19084662,0.13149796,0.22061618,0.1849405,0.114373274,0.18836807,0.17644909,0.4556819,0.77296954,0.77784234,0.9135209,0.22423992,0.71663594,0.0021659476,0.7176638,0.30927357,0.98417956,0.9316025,0.0028533249,0.99813724,0.95033294,0.8008688,0.074524455,0.80147976,0.9926428,0.3148026
0.033538967,0.12273863,0.31583813,0.010791127,0.014676207,0.008522956,0.009932938,0.050565287,0.049938444,0.008143498,0.046645273,0.2108358,0.5444072,0.17503661,0.36123973,0.42192367,0.00081246917,0.29211363,0.11115026,0.8847955,0.16896811,0.0011384956,0.9928559,0.2255923,0.2756965,0.009021958,0.25534436,0.9991221,0.10824067
0.044975545,0.248769,0.49395734,0.040414106,0.046440933,0.039140604,0.039994482,0.10656999,0.093702264,0.038992953,0.15480997,0.41922867,0.60223776,0.52617526,0.35949725,0.57293946,0.0029691276,0.4757067,0.19207886,0.9475182,0.5205127,0.0036845885,0.99262106,0.6227153,0.45946681,0.033029385,0.45175835,0.99511296,0.18731137
0.06820862,0.6416526,0.86980253,0.58121395,0.37281638,0.60060626,0.5194768,0.203323,0.43321612,0.5045011,0.6824262,0.8381723,0.7964876,0.9234613,0.24336335,0.68783087,0.013829737,0.7259064,0.440555,0.95655876,0.9451435,0.020751469,0.9906346,0.9473475,0.85194767,0.21457334,0.84632224,0.9499195,0.47418624
0.0322149,0.20529318,0.4490457,0.023270678,0.029332882,0.021393796,0.023349458,0.07638019,0.0669404,0.021252122,0.10992435,0.38012502,0.5967967,0.44378957,0.32537574,0.5437781,0.0013364932,0.44751492,0.16120887,0.9554491,0.44395295,0.001624272,0.9956781,0.55055624,0.41557527,0.018968118,0.41064858,0.9979291,0.14721082
0.11356195,0.31831405,0.52778935,0.122477606,0.11491541,0.123443745,0.113657534,0.2019298,0.1967622,0.11947351,0.25894004,0.43592194,0.5996871,0.5691989,0.45018923,0.58111006,0.021003528,0.47875887,0.25976843,0.8798709,0.5509268,0.027316965,0.95995003,0.6292392,0.5013037,0.09733692,0.47704217,0.9677655,0.28677404
0.030849282,0.1374579,0.33975923,0.011774758,0.016299764,0.009606386,0.0113005545,0.052947186,0.048285853,0.009321793,0.05605938,0.25432163,0.5541652,0.2269767,0.33240408,0.4501577,0.00080294017,0.3342995,0.1198699,0.9224281,0.22436622,0.0010391586,0.9948257,0.29846156,0.30453387,0.009832321,0.29027447,0.99905604,0.10992787
0.030659877,0.46999812,0.76428753,0.14596371,0.11279166,0.16534667,0.14331917,0.12165618,0.16611493,0.14105502,0.38712987,0.714437,0.74178463,0.8694651,0.2595276,0.69095665,0.0028169507,0.67593485,0.28735146,0.97962224,0.8877296,0.0035453225,0.9971215,0.91910625,0.7361431,0.06949796,0.7399686,0.9918065,0.28734547
0.019172708,0.06336003,0.22911218,0.0033337036,0.0050523384,0.0024032702,0.0030231979,0.020842884,0.03260531,0.002131869,0.013983389,0.088708565,0.54038334,0.051346507,0.33415174,0.29032606,0.00015772537,0.16783638,0.06606902,0.71106774,0.047088966,0.00024136646,0.99450374,0.06455605,0.17872907,0.0026109212,0.15102808,0.9998683,0.06599416
0.033114523,0.13747402,0.33752194,0.012389373,0.017200336,0.010129924,0.01186476,0.05477832,0.05013368,0.009804391,0.05718846,0.2481509,0.55380505,0.22288688,0.3387842,0.44766968,0.00092096714,0.33140367,0.121731654,0.9165893,0.22011673,0.0011855524,0.99407697,0.29294205,0.30223912,0.010462509,0.2872433,0.99894613,0.11243972
0.0321404,0.1584831,0.37471431,0.015128277,0.020425085,0.01285589,0.014785414,0.06136308,0.05463197,0.012664527,0.07238267,0.29395887,0.56768376,0.29500076,0.33111703,0.48382738,0.001005929,0.37434003,0.13426705,0.9361079,0.29269347,0.0012637748,0.9950021,0.3827688,0.34074906,0.012653108,0.32891786,0.9987016,0.12295963
0.020801552,0.087324195,0.25551203,0.004581595,0.007117276,0.0033905758,0.0042405925,0.027807456,0.029438442,0.0031179832,0.02363537,0.16565676,0.53086215,0.097922735,0.30072537,0.35372704,0.00024474354,0.24022324,0.08175939,0.8855806,0.09801192,0.00033770612,0.996358,0.13265668,0.21642895,0.003683967,0.20280664,0.99976736,0.071870744
0.013706022,0.062644765,0.2153491,0.0021787952,0.0037335502,0.0015486504,0.0020217039,0.016391927,0.019633386,0.0013682396,0.012340726,0.1219585,0.5207018,0.05334674,0.2641576,0.29100358,8.4634994e-05,0.1878502,0.06127686,0.85840595,0.05460842,0.000120147364,0.99775237,0.073627956,0.17146412,0.0016879892,0.16083698,0.99992776,0.051534176
0.023363546,0.10566939,0.28959697,0.00656396,0.009482515,0.0050362856,0.0060615567,0.035820216,0.03600445,0.0047078608,0.03308382,0.20291008,0.53820693,0.14057313,0.3139343,0.39303654,0.0003635585,0.27587754,0.09375333,0.9039455,0.1394065,0.00050018355,0.99605346,0.1878938,0.2500543,0.005285378,0.23532426,0.99961746,0.085322894
0.021932779,0.08141405,0.25125468,0.0044625187,0.00688956,0.0033585026,0.004068982,0.027270114,0.031642612,0.0030336587,0.021274116,0.13895224,0.5339467,0.08311056,0.3232202,0.33858037,0.00025367827,0.21561904,0.07894625,0.84349877,0.081394754,0.00036912464,0.9953407,0.109532386,0.2072511,0.0036249098,0.1892668,0.9997707,0.07214723
0.015061786,0.063785516,0.2161364,0.0024264546,0.00411852,0.0017434665,0.0022128862,0.017307142,0.021620512,0.0015257827,0.012914551,0.11765012,0.52478915,0.053561,0.27593216,0.29305097,9.9844205e-05,0.18634282,0.06298298,0.8411296,0.054546963,0.00014241353,0.99727255,0.07353161,0.17426203,0.0019079127,0.1601034,0.999915,0.053708497
0.04066064,0.19928761,0.42727822,0.02541109,0.03196262,0.022901991,0.025047172,0.08495551,0.073084585,0.023012564,0.10861793,0.34926555,0.57880354,0.39903298,0.35155946,0.52681565,0.0019646306,0.42150894,0.16324714,0.93950933,0.3931855,0.0024239398,0.993287,0.4943343,0.39262083,0.021472348,0.38393307,0.9972037,0.15460783
0.004560398,0.029441167,0.15121233,0.000371712,0.0008578021,0.00024326719,0.0003607004,0.0044097616,0.008132048,0.00019282043,0.0026254184,0.053313717,0.50631976,0.012609171,0.17504977,0.17301807,5.113787e-06,0.10125307,0.031799793,0.7294225,0.013565786,7.675008e-06,0.99938476,0.017852392,0.101911426,0.0002678028,0.094320804,0.9999962,0.023893405
0.048591066,0.34661594,0.6086667,0.08310572,0.081103116,0.08897002,0.08233384,0.1365304,0.1337599,0.084690705,0.2568339,0.54887474,0.6516979,0.7118385,0.34451765,0.6320925,0.004919099,0.5659596,0.24420446,0.96021116,0.71647143,0.006019032,0.9925351,0.7909761,0.57735777,0.05906359,0.57567215,0.9900221,0.24213074
0.036765166,0.1683225,0.39113235,0.018353485,0.023648843,0.015910618,0.017508302,0.07070575,0.0636834,0.015631553,0.08116671,0.29601973,0.5675325,0.31577978,0.35934782,0.49826926,0.001323427,0.3750585,0.14104903,0.9270139,0.30872747,0.001760003,0.9936109,0.40096018,0.35338902,0.015468512,0.33751014,0.9982356,0.13634415
0.012120878,0.06050681,0.2087891,0.0018439298,0.0032216085,0.0012970293,0.0016902502,0.014705596,0.01760185,0.0011242133,0.010940015,0.122335956,0.51445043,0.04901557,0.24935982,0.28282854,6.418199e-05,0.18329556,0.05810821,0.8645993,0.05065761,9.121463e-05,0.99816626,0.06755217,0.16494021,0.0014125044,0.15650184,0.99994576,0.047894068
0.039268725,0.22629653,0.46996868,0.031134505,0.037549026,0.029335324,0.031040194,0.09200602,0.08010229,0.029325822,0.13147426,0.39575946,0.59703434,0.48332596,0.34596637,0.5583724,0.0021007142,0.45975786,0.17726573,0.95022744,0.4790919,0.0025796255,0.9940766,0.5848316,0.4353749,0.02563342,0.428848,0.9966618,0.16833466
0.031525858,0.16271682,0.38160503,0.015501239,0.020935541,0.013305677,0.015165984,0.061760414,0.055052225,0.013024799,0.074808665,0.30213532,0.571823,0.30995217,0.32674623,0.4917402,0.0009838167,0.3825987,0.1362006,0.93992597,0.30815038,0.0012336181,0.9952826,0.4016773,0.3493622,0.012912223,0.33787966,0.9986946,0.123314135
0.021890378,0.19038294,0.4506991,0.015894372,0.020845741,0.014379781,0.016195646,0.058851752,0.051743418,0.014246211,0.093221955,0.386134,0.6047509,0.44751152,0.29087752,0.54962116,0.00061010255,0.452784,0.14473934,0.9688149,0.4533816,0.0007473767,0.9978708,0.5685667,0.4126698,0.012442192,0.41487974,0.9989938,0.12596636
0.13667284,0.567433,0.7939856,0.56234175,0.38138565,0.57465476,0.4978328,0.27718148,0.465186,0.50187117,0.633319,0.7481202,0.73494583,0.85767835,0.34625918,0.6502485,0.044707306,0.64585114,0.42930365,0.9085706,0.8811349,0.06798777,0.96262777,0.8877488,0.7761823,0.26511878,0.7591944,0.8875979,0.4701308
0.037964504,0.16196711,0.37542537,0.017613908,0.022879083,0.014866276,0.016869308,0.06934638,0.061695486,0.014706729,0.076303564,0.2853821,0.560126,0.28869814,0.35802296,0.4827613,0.0013800695,0.3630533,0.13820635,0.9210884,0.28129265,0.0018048718,0.99305964,0.36718056,0.33844122,0.014887191,0.32293102,0.99825925,0.1331697
0.022693684,0.26761383,0.56503,0.030286338,0.0348023,0.030605579,0.031354472,0.078945875,0.06958971,0.029417848,0.15775266,0.50514287,0.6449086,0.6495464,0.29417822,0.62123835,0.0009557696,0.54019564,0.18146373,0.97779465,0.65768504,0.0011711289,0.99799323,0.76016724,0.5217398,0.022047188,0.5286313,0.99801695,0.1667937
0.027617501,0.14394628,0.35678607,0.011675163,0.016153933,0.009673656,0.011322462,0.05238976,0.04687142,0.00952298,0.06041198,0.27879882,0.56236625,0.26008633,0.3186656,0.46823406,0.000694498,0.3562414,0.12243925,0.93833816,0.25967142,0.0008853189,0.9960509,0.34368268,0.32002327,0.009621518,0.311342,0.99912876,0.109831475
0.07719959,0.2438717,0.46027285,0.05644681,0.061356258,0.053351298,0.05324129,0.13972908,0.1266602,0.052809823,0.16274427,0.35738802,0.5779241,0.44950864,0.42833295,0.5471678,0.007678897,0.4273454,0.20309515,0.8935417,0.43003768,0.010070668,0.97831446,0.5232053,0.4275059,0.04844298,0.405064,0.98919326,0.21809101
0.030197127,0.18961932,0.43067247,0.019365659,0.025115706,0.017411793,0.01938234,0.06944699,0.060529906,0.01734877,0.09658324,0.3564829,0.5893507,0.4062653,0.32299367,0.5314448,0.0010754906,0.42915076,0.15130505,0.954196,0.40583634,0.001329415,0.9960751,0.51358145,0.39440694,0.015869264,0.388858,0.99837506,0.13790996
0.02325251,0.21895556,0.49291673,0.021181634,0.02646301,0.020068085,0.021867681,0.067219764,0.060247242,0.019760381,0.116113015,0.42610317,0.62201345,0.52739656,0.29533705,0.57762384,0.0007781256,0.48780626,0.16024424,0.9712441,0.5334472,0.00095126685,0.9977295,0.64777154,0.45581308,0.016298281,0.45651007,0.99859744,0.14316697
0.019704077,0.09252905,0.2687013,0.0047970423,0.007242711,0.0035748666,0.0044335127,0.029025622,0.029419957,0.0033117833,0.025771884,0.18534191,0.5314194,0.112385966,0.2949372,0.3677054,0.00023791596,0.2546624,0.08391123,0.90392077,0.11338564,0.0003253921,0.9969177,0.15318787,0.22809848,0.0037929327,0.21668644,0.99976367,0.07333635
0.06309352,0.24465239,0.47711667,0.049570158,0.055125326,0.047336414,0.047756217,0.12695926,0.11320419,0.04710261,0.15966156,0.3770384,0.5860814,0.482851,0.4061919,0.5597292,0.005227931,0.44479162,0.19894795,0.91677374,0.4661929,0.006824514,0.98574173,0.5674151,0.440275,0.0420036,0.42183083,0.9920127,0.20859899
0.0456058,0.45939535,0.7359146,0.17234005,0.13398087,0.19381872,0.16499043,0.14977847,0.19604415,0.16816023,0.39532837,0.6814044,0.7185458,0.84355474,0.30400166,0.67731565,0.0056404774,0.6475559,0.29843834,0.9691728,0.8603287,0.0073298076,0.9940386,0.895331,0.7102446,0.08904197,0.7072195,0.9852384,0.30586556
0.017303526,0.08791551,0.26318753,0.0040899185,0.0062792148,0.0030286615,0.0037485515,0.025796413,0.026498608,0.0027762558,0.023130266,0.18462937,0.5303167,0.10579865,0.27892947,0.3612818,0.00017766042,0.25177592,0.07917847,0.9109869,0.108213186,0.00024206036,0.9975446,0.14687465,0.22308348,0.0031783625,0.21305847,0.99982244,0.06776827
0.035983495,0.19486567,0.43078285,0.022829486,0.029047724,0.02065828,0.022704687,0.07796108,0.0683753,0.02056334,0.10312691,0.34791142,0.5855534,0.40345326,0.3417228,0.5302479,0.0015099626,0.42409983,0.15753222,0.9449045,0.39909726,0.0018859342,0.9945312,0.50452197,0.39577964,0.01902868,0.3848692,0.99777156,0.14865603
0.03032978,0.13323428,0.33317634,0.01105375,0.015432129,0.008960368,0.0105057135,0.0509096,0.047096193,0.008673213,0.053113256,0.24524648,0.5528372,0.21549416,0.33331442,0.44576755,0.0007443052,0.32705882,0.11686496,0.9195072,0.2132993,0.0009751061,0.9948868,0.28533867,0.2975704,0.009228197,0.2829644,0.9991364,0.10720986
0.04660131,0.18888639,0.41000688,0.026058597,0.032012716,0.022908105,0.024945462,0.08811258,0.078229696,0.022695217,0.1014155,0.31441584,0.56925136,0.35382184,0.3805457,0.5118063,0.0023078653,0.3902109,0.1583791,0.9178882,0.34147945,0.0030302338,0.9905704,0.43585667,0.37204292,0.022179542,0.35462293,0.99688196,0.15926306
0.01314926,0.06500364,0.21637905,0.0021638689,0.0037011886,0.0015278661,0.0019817313,0.016411029,0.018744778,0.0013317011,0.012743604,0.1342656,0.5165714,0.056942023,0.25199336,0.29748732,8.035445e-05,0.19657047,0.061613776,0.8796749,0.05896565,0.000112207985,0.99806446,0.079267256,0.1748927,0.0016572758,0.16647865,0.9999304,0.050536472
0.036949284,0.2506662,0.50921154,0.036088023,0.04215643,0.035266552,0.036471464,0.09604569,0.08489689,0.035080064,0.1526889,0.4373545,0.61452395,0.5567607,0.3363236,0.5844881,0.0020878282,0.4939666,0.18837959,0.95889443,0.555391,0.0025489999,0.9949602,0.66023827,0.47391242,0.028715894,0.47032723,0.99634606,0.17917019
0.043886576,0.2587415,0.5088544,0.04262755,0.04851309,0.041807417,0.04226237,0.108690396,0.09520542,0.041472435,0.16417873,0.43685508,0.6074707,0.5536414,0.35633513,0.5826258,0.0029595373,0.4875379,0.1966066,0.95130324,0.5487702,0.0036697532,0.9930963,0.6505791,0.47176838,0.03445926,0.4674614,0.9949384,0.19188505
0.030327132,0.20996691,0.47155395,0.023663916,0.028896825,0.022031028,0.02341168,0.07783105,0.06841659,0.02174393,0.11426728,0.38810363,0.5986281,0.47299895,0.33718535,0.56079423,0.0011810405,0.44959885,0.15986717,0.95679384,0.46911418,0.0015555004,0.9960997,0.5820752,0.42699522,0.01900645,0.42103314,0.99800223,0.15395877
0.010958595,0.05392388,0.19924465,0.0014878836,0.0027345116,0.0010518052,0.0013920288,0.012494022,0.01586278,0.0009077352,0.009074256,0.10624479,0.5181377,0.040386572,0.24177319,0.26497683,4.8278056e-05,0.16847605,0.053863093,0.8495155,0.042247202,6.896823e-05,0.99833256,0.056536585,0.1539923,0.0011404179,0.14609277,0.99996054,0.04328375
0.01611096,0.0690938,0.22440124,0.0027965326,0.0046808603,0.0020211749,0.0025708291,0.0193229,0.022682687,0.0017976911,0.015120605,0.13183711,0.5256618,0.06344988,0.27752668,0.30914497,0.000122011945,0.20251732,0.06711882,0.863209,0.06482529,0.00017075063,0.99723935,0.08781131,0.18474433,0.0022060669,0.17177841,0.99989295,0.056931365
0.016257187,0.07899635,0.24159813,0.0033089437,0.0053595705,0.0023920133,0.003062597,0.02214278,0.023403537,0.0021641306,0.019015156,0.16346566,0.5256362,0.08532965,0.26954928,0.33841783,0.0001423022,0.23287271,0.073328,0.90107286,0.0876569,0.00019342054,0.99764484,0.11926248,0.20329435,0.002585082,0.19374646,0.9998658,0.061310533
0.013837648,0.35396907,0.69368905,0.039400887,0.039513234,0.043498088,0.04204007,0.06965299,0.07180371,0.038916014,0.21544243,0.63686854,0.7140578,0.82102454,0.23330702,0.689492,0.00052562443,0.64360493,0.20235851,0.9895104,0.8372578,0.0006363131,0.999252,0.8994203,0.6552859,0.02314813,0.6676694,0.9985631,0.18280952
0.04224331,0.22518341,0.4670405,0.03253683,0.039104942,0.030640708,0.032378204,0.09505238,0.08371421,0.030595226,0.13236444,0.38443515,0.5951816,0.47458667,0.35516155,0.5555574,0.0023340841,0.45355466,0.1781476,0.94465595,0.46784282,0.0029119262,0.99313956,0.5742604,0.4322031,0.026947064,0.4219558,0.9963182,0.17275068
0.012680802,0.060920183,0.20791969,0.0019144707,0.0033653055,0.0013525307,0.0017420854,0.014950281,0.017841635,0.0011619648,0.011154286,0.12193981,0.5147845,0.049106553,0.2516164,0.2842536,6.9175054e-05,0.18352266,0.059086356,0.8642458,0.05083471,9.834199e-05,0.99806374,0.06775896,0.16607273,0.0014674335,0.15751092,0.99994147,0.047827438
0.02320323,0.09646988,0.27313417,0.0057019885,0.008684774,0.0043394617,0.00536527,0.03257022,0.0325619,0.0040629455,0.029326528,0.1833009,0.5365843,0.12004362,0.30824542,0.37514585,0.00034060868,0.26074564,0.08987424,0.89842165,0.12070584,0.00045690482,0.9960168,0.16339442,0.23394665,0.0046427823,0.22183794,0.9996673,0.079110585
0.019961895,0.080573216,0.24245109,0.0040666135,0.00645088,0.0030075684,0.003692481,0.024951795,0.028275412,0.002675272,0.020302769,0.14798911,0.5314763,0.0826422,0.29832968,0.33753535,0.00020925506,0.22323821,0.07631973,0.8672982,0.08350549,0.0002898755,0.99625695,0.11311762,0.2059491,0.0032826615,0.18838358,0.9998091,0.06715508
0.034411907,0.13603853,0.3351761,0.012528487,0.017111516,0.010184193,0.011877983,0.056029156,0.05148639,0.009892794,0.056228194,0.24207628,0.54947007,0.21397687,0.34999955,0.44389072,0.0009786572,0.3219806,0.1209179,0.90854686,0.20972732,0.0012931894,0.99346256,0.2780741,0.29735878,0.0105881225,0.2819856,0.9988967,0.11384881
0.058316406,0.23792426,0.4671943,0.04482784,0.05066271,0.042325087,0.043067537,0.119470246,0.10562847,0.042306762,0.15102395,0.37914824,0.5843826,0.4689851,0.39480567,0.55331874,0.0045233318,0.44288313,0.19253686,0.9226942,0.45494282,0.0058089336,0.987421,0.55349606,0.43263397,0.037765227,0.41692322,0.9932267,0.19815224
0.06579238,0.33621103,0.5743682,0.09381419,0.0918781,0.098044395,0.09099451,0.15726946,0.15131408,0.095044725,0.25630885,0.5125036,0.630711,0.66124845,0.37522325,0.6112264,0.008327966,0.53839374,0.2504588,0.94249016,0.6601194,0.010132693,0.986704,0.73763275,0.54774004,0.070512906,0.54059386,0.98492634,0.25322837
0.021511624,0.07808566,0.23932852,0.004203934,0.0064407084,0.0030968366,0.0037797398,0.02561269,0.031586356,0.0027874373,0.019198528,0.13139792,0.5290826,0.072904654,0.32031003,0.32284406,0.00023399189,0.20669141,0.07584088,0.8227364,0.07089658,0.0003392798,0.99509674,0.09460046,0.1977489,0.0033939146,0.17767325,0.9997954,0.06999458
0.0104640685,0.042997435,0.18823825,0.001252826,0.0022696783,0.00087198446,0.0011745979,0.010126616,0.01967429,0.00072501955,0.00613403,0.058075774,0.53327996,0.024308296,0.26708236,0.22432922,3.431892e-05,0.12370555,0.04700589,0.639934,0.023073018,5.3078566e-05,0.9974063,0.031128785,0.13666537,0.0009607776,0.115765974,0.99997365,0.04305712
0.019713791,0.46487483,0.7828208,0.110032424,0.08598031,0.12575851,0.11149355,0.094296016,0.13398172,0.10468818,0.35940287,0.73095554,0.76025456,0.88627565,0.22335456,0.70458037,0.001253304,0.6961794,0.26666084,0.9867381,0.90544534,0.0015414944,0.99870956,0.93514436,0.7540741,0.048531957,0.7609051,0.99607086,0.2590446
0.05127528,0.2552961,0.4951083,0.046407327,0.052133676,0.045214962,0.045506407,0.11649628,0.103334084,0.044961743,0.164201,0.41683912,0.5996789,0.52638716,0.3742363,0.57268816,0.0038974187,0.47273782,0.19922508,0.9401007,0.5183759,0.0048763542,0.9905165,0.6175738,0.46063977,0.03814955,0.45032948,0.99368143,0.19894339
0.034814563,0.16417167,0.38396746,0.016968973,0.022048576,0.014499217,0.016282653,0.06729278,0.05996758,0.014288837,0.076942146,0.29595917,0.56476486,0.30442584,0.35175294,0.49126804,0.0011931203,0.37112483,0.137856,0.92929447,0.2986255,0.0015684294,0.99412584,0.38782936,0.34544572,0.014242155,0.33151594,0.99843425,0.13152465
0.008129706,0.33917123,0.71392465,0.02547332,0.026605047,0.028450547,0.028746232,0.04982178,0.052939728,0.024875093,0.18616374,0.64918894,0.7324656,0.838432,0.19671617,0.7011963,0.00018493543,0.6602315,0.18126212,0.99344844,0.85776985,0.00022626041,0.9997136,0.91767555,0.6718985,0.014003205,0.68762946,0.99943775,0.15709189
0.039159868,0.13362448,0.33134678,0.013898797,0.017909419,0.011162809,0.012721055,0.05947614,0.05965446,0.010731491,0.055120144,0.21835512,0.54830027,0.19647223,0.38253057,0.43621138,0.0011696467,0.30170876,0.11931782,0.8736632,0.18633454,0.0016657597,0.9905572,0.24787466,0.29048282,0.011646576,0.26578635,0.99870515,0.122525506
0.015737716,0.055003364,0.21552674,0.0023860934,0.0038465029,0.0017110312,0.002205688,0.016326483,0.027591059,0.0014834915,0.010471595,0.07452773,0.54096633,0.039556548,0.3151308,0.26665166,9.454616e-05,0.14955087,0.05927145,0.68152446,0.03668603,0.00014583698,0.99565446,0.050215445,0.16368157,0.0018600718,0.13754761,0.9999232,0.056793272
0.018256195,0.09284876,0.26927152,0.0045209792,0.0070076203,0.0033721253,0.004172879,0.027516885,0.0277364,0.0030998928,0.0259545,0.19268273,0.53460294,0.11914786,0.27799362,0.37591028,0.00020408344,0.264825,0.083897494,0.9180971,0.12131626,0.00027610763,0.99747425,0.1648959,0.23178835,0.0035548273,0.22347607,0.99978966,0.07073586
0.037647564,0.17213786,0.39344943,0.019259822,0.024904065,0.016704226,0.018642213,0.07222035,0.06441281,0.016539799,0.08480348,0.30229086,0.56959724,0.32612938,0.35536438,0.5006403,0.0014275326,0.38294712,0.1448396,0.9291114,0.3194265,0.0018483715,0.9935068,0.41442928,0.35717648,0.01628823,0.3418124,0.9980933,0.13887392
0.026875861,0.11296697,0.30210558,0.007941416,0.011519795,0.0062302877,0.0074656797,0.04130275,0.03964226,0.0059429845,0.039350137,0.21038786,0.54280204,0.15996973,0.32542217,0.4095001,0.00051583647,0.28923938,0.10228697,0.9069918,0.15926011,0.0006936986,0.9953251,0.21374664,0.2627535,0.006573177,0.24981485,0.99945563,0.09265965
0.034986634,0.14643927,0.3538065,0.01426309,0.019020986,0.0117440745,0.013560478,0.060955316,0.055117834,0.011540186,0.0639099,0.26179007,0.5541705,0.24666369,0.35208872,0.4627116,0.0010798306,0.34101003,0.12713796,0.9163547,0.24134928,0.0014275956,0.993619,0.31892255,0.31600016,0.01201478,0.30030817,0.9987112,0.12116813
0.021872824,0.49852824,0.8041384,0.14065714,0.10363664,0.16426182,0.13966788,0.10383232,0.15527514,0.13345525,0.40153188,0.749953,0.76687837,0.9019519,0.22773036,0.7144068,0.0016029968,0.7058427,0.28460994,0.98580223,0.9198941,0.002076546,0.99848014,0.94437647,0.7767415,0.059323188,0.78006196,0.99470204,0.285082
0.043751795,0.33018717,0.59369344,0.07059751,0.071405284,0.074275896,0.07043669,0.12588829,0.11925451,0.07101092,0.23502131,0.54349256,0.6486118,0.6904068,0.33533743,0.62241304,0.0039735357,0.55895853,0.2330906,0.96303624,0.69517356,0.004735411,0.9936745,0.77496386,0.56008214,0.05069013,0.56173545,0.9921056,0.22624068
0.02224471,0.2852199,0.5861002,0.034171008,0.03803916,0.034909632,0.035771623,0.08027783,0.07351662,0.033379607,0.17186247,0.53305197,0.6581338,0.68324494,0.28533253,0.62923205,0.0009980934,0.5607204,0.1898928,0.97941566,0.6938449,0.0011973549,0.9980889,0.7878402,0.545576,0.024025088,0.5532925,0.9978696,0.17280117
0.03176443,0.11798852,0.30904326,0.009666386,0.013469149,0.0076931203,0.008866857,0.047265988,0.047139637,0.0072619566,0.043034457,0.20290093,0.54366463,0.16403402,0.35535216,0.41542435,0.00071054604,0.2846005,0.1071359,0.8850273,0.15947933,0.0009998356,0.99337596,0.21278112,0.26907352,0.00810691,0.24989115,0.9992487,0.10248997
0.024907151,0.08291304,0.2548802,0.005426979,0.0076702503,0.0040299296,0.0048091933,0.030259388,0.040395197,0.003656117,0.022034653,0.12685165,0.5333654,0.080972925,0.34973925,0.33586895,0.00031801348,0.20767196,0.0796386,0.77913094,0.07471024,0.0004890784,0.9930692,0.10107514,0.20939416,0.0043658796,0.18109676,0.99970657,0.0826099
0.02108742,0.08457641,0.2539334,0.0045208205,0.0069151293,0.0033555352,0.004153578,0.027593328,0.030224634,0.0030599472,0.022379346,0.15494876,0.53050846,0.09050831,0.3101688,0.34577078,0.0002467426,0.22813538,0.079813205,0.868643,0.089695625,0.00034861706,0.99597245,0.12086603,0.21212837,0.0036272116,0.19616224,0.99977034,0.07198883
0.0154129695,0.0755298,0.2344368,0.0029681737,0.004845375,0.0021291857,0.0027253805,0.020603389,0.021953454,0.001901445,0.017156266,0.15732811,0.52126527,0.07673192,0.26438513,0.32671633,0.00012511648,0.22278886,0.07025911,0.89725834,0.07885983,0.00017103057,0.9977664,0.10662276,0.19479115,0.0022980615,0.1865787,0.99988604,0.058172297
0.013644034,0.061981633,0.21394286,0.00214774,0.0037324168,0.0015302,0.0020000099,0.016091336,0.019438297,0.0013517875,0.0122625865,0.12075745,0.52238536,0.05302718,0.26198134,0.290717,8.233377e-05,0.18870911,0.061079618,0.86000454,0.054631,0.00011606877,0.99778986,0.0740375,0.17176048,0.0016685954,0.1606903,0.99992955,0.05097093
0.027282828,0.102298304,0.28482366,0.0071735904,0.010251292,0.0054964144,0.006586769,0.038210154,0.039807413,0.0051384727,0.03268991,0.17951812,0.53793615,0.12702858,0.3405542,0.38382334,0.00047126535,0.25782722,0.09451508,0.87384826,0.123499185,0.00066698604,0.99434304,0.1665633,0.24334234,0.005859269,0.22354823,0.9995303,0.08932738
0.066609554,0.20477806,0.4185126,0.03820763,0.04400872,0.034367677,0.035924938,0.11347297,0.10312016,0.033922654,0.12143889,0.30593368,0.5657399,0.3626218,0.42269,0.51616096,0.004863246,0.38653916,0.17580836,0.8854402,0.34355733,0.006522175,0.98174816,0.43355232,0.38287625,0.033234466,0.3580513,0.9937226,0.18750715
0.07397884,0.26377857,0.48877776,0.06389169,0.067712,0.062027447,0.06076582,0.14362411,0.13169563,0.060866985,0.18303108,0.39555898,0.5918681,0.50321263,0.41817096,0.5632295,0.0076053226,0.4528394,0.21345189,0.90874267,0.48588982,0.009858985,0.98081046,0.5790669,0.45396554,0.05283925,0.43535435,0.9883631,0.22648776
0.034490924,0.22678313,0.4816516,0.02899348,0.03493136,0.027482344,0.029105522,0.086702876,0.07584454,0.027357189,0.13012493,0.40628648,0.60377324,0.50405276,0.33638322,0.5680427,0.0016580194,0.4691591,0.17337692,0.95677924,0.5014477,0.0020621477,0.9953505,0.61121523,0.4454277,0.02343871,0.43943,0.99723583,0.16434161
0.023565928,0.2633744,0.55669016,0.029835576,0.034601524,0.02997476,0.030916022,0.0787344,0.07051917,0.029154574,0.15404475,0.4926447,0.6418262,0.6384445,0.2962657,0.61723936,0.0009836897,0.53457654,0.1812984,0.9762937,0.6455483,0.0012109731,0.9978478,0.7489331,0.515237,0.02205132,0.52140075,0.9979931,0.1659564
0.026347794,0.26806945,0.55368966,0.03302101,0.037935577,0.033229984,0.034176096,0.08431933,0.07554795,0.032535464,0.160692,0.49160823,0.6395284,0.63493764,0.30231762,0.61384976,0.0012461097,0.5343259,0.18708304,0.9740649,0.64180666,0.0015008064,0.99738175,0.7427422,0.51497906,0.02465625,0.52038234,0.99753857,0.17172213
0.07444715,0.2299594,0.4553218,0.051131867,0.055530753,0.047327094,0.04814146,0.13288485,0.122135594,0.046720754,0.14995609,0.3342844,0.57524747,0.42987832,0.43658927,0.54373395,0.0065173595,0.41214183,0.19426662,0.88512343,0.40534273,0.008931236,0.9790708,0.5038515,0.41658896,0.04374612,0.38900456,0.99075454,0.21433657
0.052144572,0.24680184,0.47835013,0.043885954,0.050437678,0.042154122,0.043260418,0.11291602,0.099821,0.04194911,0.155948,0.40548998,0.59622973,0.49724627,0.36836544,0.5584538,0.0038664069,0.46432677,0.19587313,0.93781877,0.48993304,0.0047054235,0.99012506,0.5876896,0.44749868,0.036326785,0.438277,0.9940128,0.1911565
0.0014219122,0.008470099,0.13952602,8.0679616e-05,0.00012840329,3.6048477e-05,8.901512e-05,0.0010000631,0.0092232125,2.3820063e-05,0.0003273361,0.0035239842,0.5749892,0.0015779187,0.198492,0.10094648,1.9012097e-07,0.021798726,0.011623682,0.053975873,0.0013183,4.502315e-07,0.99940896,0.0020101145,0.05820313,3.5530153e-05,0.035212915,0.9999999,0.01839159
0.0068099624,0.022166703,0.21099463,0.00086639484,0.000999946,0.00046973754,0.00087250554,0.0058714948,0.03261611,0.00034800425,0.002490669,0.010419425,0.5903152,0.009106891,0.3353796,0.18938896,9.02023e-06,0.051294073,0.027556222,0.104951866,0.006753387,1.9155952e-05,0.99563134,0.010928763,0.11473632,0.00045837843,0.068383284,0.9999927,0.050096042
0.023183249,0.049390625,0.27289984,0.005169884,0.005123972,0.0033012421,0.0047911066,0.023143204,0.07155248,0.0027342362,0.012758887,0.03258731,0.5927657,0.039185744,0.4438125,0.29243195,0.00018892712,0.11108126,0.05862677,0.25794995,0.028055005,0.00035250295,0.984035,0.044732768,0.18622446,0.003207538,0.12083223,0.9998349,0.09658725
0.0003685554,0.00436435,0.08335152,9.547221e-06,2.5914194e-05,3.845353e-06,1.0756864e-05,0.00022574863,0.0020430787,2.2724346e-06,6.656985e-05,0.0029395407,0.51749814,0.0004182577,0.088780954,0.054818567,7.3629254e-09,0.014684165,0.0061941734,0.08580813,0.00042349135,1.6615093e-08,0.9999404,0.0005812127,0.031575724,3.9040206e-06,0.022713406,1.0,0.0060627093
0.03885105,0.056994233,0.3559871,0.012600246,0.008509034,0.007662386,0.011447068,0.038982663,0.14044814,0.005948943,0.02285463,0.027000368,0.6230704,0.061073214,0.532709,0.3641549,0.0005069666,0.11360535,0.07221889,0.14560553,0.036883034,0.0010461106,0.96460974,0.06611938,0.2322498,0.006569217,0.13859394,0.9994904,0.15517484
0.0093579935,0.027850296,0.22292948,0.0013277846,0.0015496012,0.00076602923,0.0013257785,0.008311977,0.037952524,0.00058672595,0.003857851,0.014844022,0.59273696,0.013459566,0.35603344,0.21083829,2.0075537e-05,0.06501376,0.034535013,0.15150498,0.010178773,4.0293242e-05,0.9941718,0.01610598,0.13019331,0.00075468863,0.081075706,0.9999838,0.05703875
0.025338423,0.0542948,0.2764635,0.005855499,0.0059956275,0.0038481168,0.005367948,0.026001494,0.07248821,0.003233342,0.0150407795,0.039208863,0.5899212,0.046352588,0.4445542,0.30495095,0.00024268476,0.12369843,0.063371435,0.31232566,0.033691976,0.00044538485,0.9835796,0.052699227,0.194606,0.0037802695,0.13061894,0.99978596,0.0995822
0.0032740764,0.01465842,0.17443416,0.00028203917,0.0003898972,0.00014253918,0.00029914113,0.0025980943,0.017875323,0.000101366095,0.0009996793,0.0066811955,0.58350307,0.0041209497,0.2615758,0.14175469,1.4974405e-06,0.03558256,0.018869417,0.083733715,0.0033029795,3.321384e-06,0.9983028,0.0051107607,0.084196106,0.00014114192,0.051805317,0.9999988,0.031226374
0.024627019,0.05185911,0.27495468,0.0056724465,0.005642952,0.0036552625,0.0051906016,0.024927873,0.07380495,0.003050888,0.013940358,0.035621557,0.5900468,0.042942442,0.44686878,0.2990812,0.00022271897,0.11721268,0.060828075,0.27719826,0.030702505,0.00041296164,0.98337424,0.048840508,0.19098827,0.0035763567,0.12486056,0.999806,0.09971992
0.031505585,0.06679978,0.28065044,0.0077434336,0.008312901,0.0054083103,0.006935954,0.033174325,0.07599156,0.004727326,0.021084255,0.057478398,0.58416355,0.06352674,0.4486155,0.32876912,0.00043656677,0.15288559,0.07542727,0.429245,0.048750672,0.00075557333,0.9815591,0.07254119,0.21037155,0.005467342,0.15156482,0.9996141,0.107039124
0.0032155719,0.015734887,0.1589649,0.0002532947,0.00040834415,0.00013101881,0.00026273108,0.002521603,0.013905138,9.411519e-05,0.0009999836,0.009269349,0.56262636,0.004212795,0.2329113,0.13389775,1.5119713e-06,0.040583633,0.01993542,0.13454857,0.0035547533,3.057674e-06,0.9987087,0.0052833427,0.0814391,0.00013444001,0.053932574,0.9999989,0.026846375
0.027119165,0.05406057,0.2902374,0.006753981,0.006259652,0.004307708,0.0061866073,0.028117614,0.08484638,0.0036479014,0.015706863,0.035959207,0.5914197,0.047762107,0.46236202,0.31300724,0.0002608551,0.11973895,0.06325939,0.25615722,0.032766927,0.00050074334,0.9807818,0.053732943,0.20112735,0.004145667,0.1291328,0.99975485,0.11056793
0.018484196,0.042738497,0.26083085,0.0037074692,0.0037970955,0.0023112723,0.0035059315,0.018035902,0.062165532,0.001876199,0.009500348,0.026432542,0.5935365,0.02999355,0.42295787,0.27024573,0.00010871877,0.09677617,0.051007025,0.2220734,0.02159317,0.00020708187,0.98725665,0.034497906,0.17048208,0.0022461484,0.10915227,0.9999069,0.08570582
0.0003259059,0.004247821,0.078800164,7.8259945e-06,2.31344e-05,3.1574766e-06,8.812144e-06,0.0002005258,0.0016727581,1.8653453e-06,6.0229675e-05,0.0032615068,0.508219,0.00039171285,0.07884078,0.05156929,5.749124e-09,0.015151235,0.0060061254,0.106732465,0.0004125269,1.2638987e-08,0.9999565,0.00055576034,0.029759832,3.2364096e-06,0.022446817,1.0,0.005331004
0.008108991,0.029826108,0.19224326,0.0009498169,0.0014349069,0.00057622854,0.0009304703,0.0071964622,0.024120228,0.00045336675,0.0035540115,0.02347521,0.56432843,0.013337416,0.2969722,0.1931208,1.578914e-05,0.07713754,0.035835046,0.29698932,0.011187395,2.8161496e-05,0.9966658,0.01635014,0.11981653,0.00061006064,0.08547897,0.9999882,0.04364109
0.00022371458,0.002999418,0.076053046,4.791862e-06,1.2941477e-05,1.768867e-06,5.5177206e-06,0.00013055613,0.0015940663,1.0051868e-06,3.5310357e-05,0.0017011579,0.52963334,0.00024474773,0.080596425,0.04701135,2.1857702e-09,0.01041831,0.0044669397,0.053838205,0.00024644376,5.4431615e-09,0.9999635,0.00034111546,0.025374152,1.783963e-06,0.017600423,1.0,0.0048206635
0.00030650187,0.0036300423,0.08340561,7.803339e-06,1.9411775e-05,2.9733746e-06,8.785058e-06,0.00018554622,0.002109713,1.7153834e-06,5.047991e-05,0.0019898592,0.52822125,0.0003306255,0.093996555,0.053366963,4.6810973e-09,0.011737441,0.0052193752,0.054098915,0.00032043233,1.1562317e-08,0.9999411,0.00044793054,0.02933082,2.9796024e-06,0.019680971,1.0,0.006015838
0.13062738,0.12980884,0.47794884,0.083517335,0.045661166,0.058231834,0.0696722,0.14748757,0.29786384,0.046106838,0.12140323,0.0829103,0.6198302,0.25040638,0.6221205,0.52009684,0.009957612,0.22078285,0.15793674,0.2739314,0.14984757,0.018854085,0.8864261,0.24932751,0.36285272,0.04523925,0.25271946,0.9887344,0.30634528
0.093126416,0.11714279,0.42577314,0.048738025,0.032447737,0.03458745,0.041661855,0.11016409,0.2199314,0.0302068,0.08325214,0.086353905,0.605367,0.20256764,0.58716196,0.47553685,0.0049882233,0.21827866,0.13535286,0.352179,0.1293922,0.009558402,0.9268171,0.2108622,0.32937443,0.029744374,0.22894083,0.9943926,0.2477615
0.014531344,0.036034442,0.2596399,0.0026950354,0.0026595185,0.0016101933,0.0026090306,0.013975836,0.059252046,0.0012767846,0.006961742,0.01879875,0.6016343,0.022499183,0.41258192,0.254191,5.6248977e-05,0.079773135,0.04352629,0.15534036,0.015920728,0.00011528451,0.9893162,0.025964152,0.15759015,0.0015624826,0.09742096,0.9999504,0.08068535
0.0041972543,0.01799567,0.17558797,0.0003782102,0.0005534055,0.00020228812,0.00039451677,0.0033540172,0.01874986,0.00014824855,0.0013843996,0.009693173,0.5783096,0.0055091484,0.26595214,0.15031905,2.8361212e-06,0.0443964,0.02294482,0.12609413,0.004559136,5.833995e-06,0.9980063,0.0068092663,0.09120813,0.00020667887,0.059437364,0.999998,0.03320565
0.046706177,0.107165776,0.31636807,0.014853236,0.0165991,0.011160004,0.012994264,0.057957936,0.080687806,0.010473458,0.043641817,0.13251601,0.5585761,0.13642006,0.45108706,0.3992915,0.0013273887,0.23517852,0.106710665,0.6988124,0.11432586,0.0021589673,0.9805489,0.16115896,0.26321054,0.01157601,0.21300459,0.9986779,0.1325787
0.13428345,0.18035704,0.4494156,0.080596656,0.062280785,0.065561175,0.06944992,0.16796103,0.22440723,0.059392303,0.14665857,0.17020114,0.5867746,0.32099834,0.58447206,0.52580404,0.01493625,0.30007166,0.1851916,0.5699773,0.24458939,0.0253635,0.9096684,0.34590256,0.37818757,0.05847917,0.30332255,0.98253495,0.27985668
0.00252302,0.011249429,0.1729078,0.00020166492,0.00025490724,9.516522e-05,0.00021946675,0.0018961031,0.017454969,6.465389e-05,0.0006675912,0.0039677597,0.5990578,0.0028350507,0.26362222,0.13170023,7.5352557e-07,0.02657597,0.015178219,0.046377152,0.002217627,1.8168861e-06,0.99851483,0.0035415562,0.075942196,9.160487e-05,0.043020096,0.9999994,0.029185781
0.0024200077,0.010435406,0.17588502,0.000198099,0.00023532286,9.137707e-05,0.00021524105,0.0018122861,0.01831908,6.11498e-05,0.00061789283,0.0033914556,0.6000129,0.0026378713,0.27172852,0.13199574,6.7698693e-07,0.024416007,0.014088483,0.03709494,0.00199581,1.6853378e-06,0.9984517,0.003288755,0.07495121,8.5541644e-05,0.04067889,0.9999995,0.029959835
0.013266883,0.03792511,0.22867867,0.0021011932,0.0026273394,0.0013219896,0.002020146,0.012520272,0.040481504,0.0010654336,0.0066299927,0.027203811,0.58284104,0.022638958,0.3656334,0.23815998,5.1842642e-05,0.09246598,0.04536242,0.28630158,0.017791536,9.462823e-05,0.99292,0.026924731,0.14870706,0.001345588,0.10214205,0.99995863,0.06348326
0.003192075,0.014977109,0.1661203,0.00026209984,0.00038957954,0.00013287737,0.0002748726,0.0025190422,0.015715115,9.527927e-05,0.000971279,0.0076939827,0.5710135,0.0040712785,0.24716838,0.13711601,1.4306103e-06,0.037423104,0.019089201,0.10267001,0.003314703,3.0474819e-06,0.9985305,0.0050559593,0.08223653,0.00013417925,0.052147113,0.9999989,0.028959878
0.0016485136,0.008064547,0.16180077,0.000115253286,0.00014034128,4.98264e-05,0.00012623047,0.0011959603,0.0143060405,3.2462485e-05,0.00037245106,0.0024182552,0.59601235,0.001735359,0.24783699,0.11641482,2.5837272e-07,0.019099325,0.0110621145,0.027457686,0.0012964784,6.804726e-07,0.9989942,0.0021673248,0.063948415,4.691e-05,0.033760633,0.99999976,0.024660904
0.04265831,0.064573,0.34903264,0.013953605,0.010262832,0.00902624,0.0126463175,0.04411402,0.13589635,0.0072003435,0.027295796,0.035435732,0.61961216,0.07158527,0.53199023,0.37007844,0.0007287084,0.1302116,0.079610035,0.20528285,0.046042915,0.0014274904,0.9623878,0.07751839,0.23812395,0.007904894,0.15060854,0.99929786,0.15440607
0.00067634415,0.0042417035,0.12763,3.0274276e-05,4.125215e-05,1.1494652e-05,3.4347468e-05,0.00042579728,0.0074144388,6.8965765e-06,0.0001123955,0.0011075252,0.59518737,0.00061715476,0.1929747,0.08205403,2.872671e-08,0.010887821,0.006316109,0.015569836,0.00047873883,8.276468e-08,0.999653,0.0007878585,0.042525165,1.0654909e-05,0.021584542,1.0,0.01414309
0.011332363,0.029488904,0.24774605,0.0018725592,0.0018710411,0.0010755376,0.001857112,0.010202774,0.051023412,0.0008108326,0.0049221106,0.013675134,0.6107152,0.015946839,0.3922599,0.23264086,3.0681153e-05,0.06595602,0.036907967,0.1212943,0.011710827,6.4251006e-05,0.9915775,0.018897908,0.14302878,0.0010228305,0.085765325,0.99997425,0.06905223
0.0067311586,0.0284982,0.17641586,0.0007005519,0.0011978346,0.00042621253,0.00068218785,0.005978171,0.018024918,0.00033563844,0.0029981122,0.026848242,0.5478065,0.011952186,0.26068026,0.1803145,1.0718117e-05,0.07899627,0.033661883,0.37443513,0.0105640665,1.838729e-05,0.99781764,0.01501692,0.111012205,0.00046197075,0.08365865,0.99999225,0.03633349
0.00025709908,0.0029253697,0.08468182,6.2383897e-06,1.4094926e-05,2.2474212e-06,7.185302e-06,0.0001498254,0.0021883212,1.2763162e-06,3.81942e-05,0.0012545257,0.54927,0.00025989313,0.100943305,0.051685628,2.8910945e-09,0.009215428,0.00443346,0.032609306,0.00024072391,7.786134e-09,0.99994254,0.00034913808,0.027174111,2.2093648e-06,0.017030224,1.0,0.0059329276
0.000168121,0.0018399014,0.082162544,3.5749956e-06,6.9654907e-06,1.157847e-06,4.213597e-06,9.102737e-05,0.002091575,6.2703737e-07,1.989683e-05,0.00053645077,0.57270867,0.00014773376,0.10866351,0.046799738,9.670129e-10,0.0056921216,0.0029923394,0.012873676,0.00012640982,3.0202805e-09,0.9999523,0.00019511559,0.022418499,1.0967723e-06,0.01222452,1.0,0.0053149546
0.0489734,0.08466363,0.32529545,0.015679192,0.014632215,0.011231441,0.013857547,0.054163344,0.11098181,0.009894345,0.03684813,0.07068596,0.59276456,0.10161473,0.5068957,0.38245872,0.0012530496,0.18022428,0.09642666,0.43669215,0.074676596,0.002175761,0.96776396,0.11332612,0.25108016,0.010826724,0.17986383,0.99882585,0.1441292
0.0093616815,0.029565258,0.21367106,0.0012551096,0.0015960679,0.0007475997,0.0012486725,0.008320509,0.03346355,0.00057956285,0.003997283,0.018087992,0.58598506,0.014055484,0.3402344,0.2063278,2.11587e-05,0.07079234,0.03630763,0.20004904,0.011102243,4.0358846e-05,0.9948302,0.01687517,0.12800243,0.00075335,0.08459587,0.99998355,0.053203467
0.0019224097,0.015330132,0.120516255,0.000100730525,0.00026486284,5.6657907e-05,0.00010543449,0.001549284,0.004977972,4.142375e-05,0.0007146727,0.019959887,0.5070706,0.0035985848,0.13393661,0.10831349,5.26617e-07,0.053140547,0.0184608,0.43637815,0.0038070325,8.7511745e-07,0.99972206,0.0050628795,0.06670324,6.2540654e-05,0.057115316,0.99999964,0.014327181
0.004432496,0.01997602,0.16851382,0.00039483487,0.0006360972,0.00021779306,0.00040371087,0.003636346,0.016340481,0.00016228347,0.0015678097,0.013437531,0.5618552,0.0063580587,0.24970566,0.15101996,3.4565362e-06,0.05208607,0.024815174,0.19218913,0.0054077846,6.5901563e-06,0.99826187,0.007941923,0.09288602,0.00022799373,0.06409114,0.9999975,0.031272933
0.012077845,0.03226594,0.23767205,0.0019569683,0.002113155,0.0011491752,0.0019142712,0.011160393,0.046470445,0.0009062484,0.005234482,0.017842362,0.5890475,0.017612554,0.38442898,0.22988154,3.6423095e-05,0.07342045,0.039321315,0.16224328,0.012767419,7.225041e-05,0.9920123,0.020698583,0.14383756,0.0011197798,0.08878664,0.999969,0.06746956
0.1512272,0.1351802,0.5235783,0.11575963,0.05365078,0.07786191,0.09432132,0.16956623,0.3571595,0.057417825,0.14572099,0.080093056,0.6256658,0.28896853,0.63440436,0.54490113,0.012238929,0.21704835,0.1704561,0.21401869,0.15786341,0.02438672,0.8683919,0.27691966,0.38839594,0.05357258,0.2670112,0.9852249,0.35490337
0.02681289,0.061736386,0.26718494,0.0060621,0.0067749373,0.0041121724,0.0054709087,0.028349886,0.06577863,0.0036370147,0.016831534,0.055165824,0.57026875,0.053612802,0.42614773,0.30836108,0.00028565052,0.14350626,0.06875669,0.4207664,0.040713854,0.0004995134,0.9854651,0.061321624,0.19797662,0.004203186,0.14107591,0.9997416,0.09713758
0.015548931,0.043226194,0.23166654,0.0026097442,0.0032665767,0.00167188,0.0024623275,0.01525428,0.04333248,0.0014101006,0.008075238,0.035061806,0.56753504,0.027703973,0.37148947,0.25055534,7.502695e-05,0.10540172,0.049885064,0.3366818,0.021572664,0.00013387152,0.992126,0.03267214,0.15771903,0.0017421541,0.10995534,0.99993694,0.06874492
0.043689758,0.079710804,0.31430736,0.013280965,0.012646777,0.009352947,0.011675895,0.04814629,0.1026974,0.008303605,0.031420827,0.06717617,0.5866447,0.09021879,0.4918237,0.36651063,0.0009274597,0.17192708,0.08996236,0.4240879,0.06576487,0.0016360655,0.972179,0.10048345,0.2412626,0.009103953,0.17048907,0.99912065,0.13571297
0.0008340811,0.0051828413,0.13543907,4.222997e-05,5.744103e-05,1.660529e-05,4.6990328e-05,0.00055904017,0.008637454,1.0244845e-05,0.00016018572,0.0014577501,0.59578556,0.0008369316,0.19954273,0.09073447,4.853139e-08,0.013152415,0.0074196546,0.01987183,0.000648284,1.36782e-07,0.9995678,0.0010577011,0.047720462,1.571682e-05,0.025148962,1.0,0.016259039
0.00064732454,0.0053106225,0.111113586,2.5522982e-05,4.743131e-05,1.0307388e-05,2.8275545e-05,0.0004251192,0.004893737,6.3548937e-06,0.00012371717,0.002239668,0.55728126,0.000697668,0.14510468,0.07551203,2.7814854e-08,0.014775603,0.0073648808,0.041570958,0.00059596857,7.03482e-08,0.99978834,0.0008929074,0.04141017,1.021885e-05,0.025487311,1.0,0.01134102
0.00017709314,0.0020242378,0.08182441,3.908006e-06,7.848357e-06,1.2848919e-06,4.5178176e-06,9.8731834e-05,0.0020875998,6.986567e-07,2.2203687e-05,0.00064567325,0.5619067,0.00016348963,0.10388658,0.047958154,1.1061553e-09,0.0062659136,0.0031589067,0.015437593,0.00013917852,3.3849485e-09,0.9999515,0.0002132701,0.02324852,1.2309064e-06,0.013047235,1.0,0.0054758303
0.004840326,0.018672368,0.19110753,0.00049351424,0.0006402364,0.0002636588,0.0005163818,0.0039881826,0.023905758,0.00019272981,0.0016180113,0.008755617,0.5873186,0.0062623397,0.2938589,0.16345525,3.8741564e-06,0.044029254,0.02361992,0.09981351,0.004868078,8.261371e-06,0.99725765,0.00762024,0.098939106,0.0002638904,0.060843006,0.999997,0.0395075
0.005193525,0.023030536,0.16959028,0.00047772584,0.00080768793,0.00027672193,0.00048059656,0.0043399027,0.016765537,0.00021223312,0.0020061468,0.01799366,0.5539407,0.0079920385,0.24854916,0.16020992,5.1658776e-06,0.062096946,0.027927667,0.25758395,0.006927578,9.411809e-06,0.9981365,0.009998758,0.09886838,0.00029510734,0.07156724,0.9999963,0.032840855
0.0024289223,0.0128623545,0.15352479,0.000168846,0.0002724381,8.366763e-05,0.00018138713,0.0018317514,0.01225522,5.879264e-05,0.00069207355,0.0066021536,0.5732188,0.003053899,0.21929227,0.12176863,7.3063745e-07,0.03320196,0.016914072,0.099051096,0.0025900407,1.5692323e-06,0.9990176,0.0038569134,0.0730116,8.578498e-05,0.04741055,0.9999995,0.023820361
0.06119573,0.07000372,0.42452472,0.027392637,0.014099548,0.015982704,0.023482589,0.062664725,0.21855138,0.011862664,0.04025951,0.030674497,0.6309,0.0989988,0.57999563,0.42816934,0.0012683414,0.12977082,0.09110816,0.117514975,0.051636342,0.0027379207,0.94186103,0.10034774,0.27530426,0.012525349,0.16582534,0.9986222,0.22210412
0.000868402,0.0062741735,0.120727815,3.895384e-05,6.834207e-05,1.6279802e-05,4.295641e-05,0.0005780336,0.006198777,1.0285835e-05,0.00017650716,0.002602278,0.56646127,0.00093422347,0.16331345,0.083833255,5.62682e-08,0.016953573,0.008718156,0.04505622,0.0007917092,1.38712e-07,0.99969137,0.0011956055,0.046954814,1.6138394e-05,0.028674945,1.0,0.013505249
0.0030954725,0.019362072,0.13915907,0.00020024074,0.00045571598,0.00011798219,0.00020570219,0.0025103418,0.008111293,8.837536e-05,0.0011839246,0.021514123,0.5239165,0.005363209,0.17527962,0.12863605,1.5498694e-06,0.05978332,0.023501737,0.3943622,0.0053257598,2.6372709e-06,0.99938464,0.0071636634,0.07996954,0.00012779975,0.06585354,0.9999989,0.020176107
0.0030150267,0.024413748,0.13625294,0.00020258712,0.000519543,0.00012878662,0.00019896732,0.0029101644,0.005396683,9.750801e-05,0.0016815492,0.049436763,0.49083742,0.008797539,0.13987143,0.1497464,1.9378645e-06,0.08919984,0.026229918,0.7494735,0.009941238,2.9324797e-06,0.9996892,0.012787605,0.08738555,0.00013994586,0.084568866,0.99999857,0.018186865
0.14211085,0.2251309,0.46871367,0.09751771,0.08135423,0.0852932,0.08532113,0.1929719,0.21765757,0.07937829,0.1832373,0.24600275,0.57960427,0.3964376,0.5566068,0.54688305,0.02047107,0.35357502,0.21129054,0.6946542,0.3328643,0.03274565,0.9181648,0.4351402,0.4119894,0.07574578,0.35313228,0.97405463,0.29032397
0.019318165,0.052221958,0.23842192,0.0034088627,0.004477085,0.0023503352,0.0031667855,0.019158863,0.04530145,0.0020138016,0.011338203,0.04813865,0.57136315,0.037812073,0.38129848,0.27307063,0.0001340092,0.128005,0.05997165,0.4501825,0.031173129,0.00022717567,0.9911375,0.04499462,0.17165148,0.0024612213,0.12805091,0.99988925,0.07301932
0.00072062854,0.010774632,0.093241185,2.3344564e-05,8.641868e-05,1.3167167e-05,2.4568535e-05,0.00059571216,0.0015260581,8.705379e-06,0.00029251626,0.024225691,0.45722777,0.0019126986,0.067164294,0.081511736,5.4493334e-08,0.046589535,0.012283755,0.6713658,0.0025000635,8.87634e-08,0.9999615,0.0030416343,0.04800635,1.3767201e-05,0.050203703,1.0,0.006919011
0.050926287,0.14174053,0.3484027,0.018958565,0.023062535,0.015580137,0.017213026,0.0733661,0.076839484,0.014901568,0.065198496,0.20475653,0.55436444,0.21176513,0.42667866,0.45072022,0.0019747645,0.29907006,0.13045567,0.83463407,0.19553654,0.0029490478,0.984623,0.26056528,0.30425274,0.016216962,0.27124634,0.9978104,0.14334351
0.009177814,0.049586732,0.193722,0.0011434975,0.0022015518,0.000807776,0.0010474131,0.010416042,0.013683008,0.00067593495,0.0074735004,0.102469504,0.51279336,0.034549233,0.22500081,0.25351545,2.9762698e-05,0.1583328,0.049649727,0.852394,0.037242174,4.397715e-05,0.99876934,0.04930288,0.14758433,0.00085879664,0.14160237,0.99997485,0.03818606
0.019152908,0.083008654,0.2508403,0.00408006,0.006315777,0.0030075226,0.0037275245,0.025773467,0.027765706,0.0027164216,0.021050889,0.1599568,0.52699816,0.08825122,0.29615602,0.34295478,0.0002056316,0.22866793,0.07715828,0.88118017,0.08882174,0.0002874013,0.9966511,0.11930808,0.209958,0.0032294807,0.1958237,0.9998091,0.0678997
0.047168907,0.35419738,0.61626875,0.086462185,0.08347583,0.092373654,0.085823424,0.13542902,0.13458066,0.08797364,0.26371634,0.56448025,0.6580821,0.7213185,0.33526012,0.63250273,0.004869166,0.5753888,0.24778341,0.9623877,0.7285307,0.005803434,0.99293596,0.7990698,0.5860712,0.059983328,0.5865836,0.9900568,0.24291418
0.01617242,0.057457786,0.21970414,0.0026221042,0.0040827557,0.0018402316,0.0023792202,0.017556285,0.02848942,0.0016150784,0.011371413,0.08184488,0.5339634,0.043527268,0.31471482,0.2754037,0.00010488417,0.15663622,0.05990577,0.7029224,0.04008258,0.00016364465,0.99560505,0.055170573,0.1684278,0.0020190936,0.14175802,0.99991286,0.05964926
0.0059930137,0.022499949,0.19401477,0.00063815934,0.00088507176,0.00036110845,0.0006624528,0.005044981,0.024851665,0.00027428937,0.0022295625,0.012514991,0.58670425,0.008505196,0.29926127,0.17615686,6.6699886e-06,0.05504021,0.028402815,0.15296273,0.0069259643,1.3516615e-05,0.9969799,0.010478239,0.10792309,0.00037289833,0.07051183,0.9999949,0.0412084
0.0019292138,0.018062463,0.12039266,0.00010430221,0.0002933278,6.203192e-05,0.00010463773,0.0017552734,0.004011156,4.563047e-05,0.00089857145,0.03410876,0.48138824,0.0048690364,0.11800473,0.119407035,6.1720897e-07,0.067348935,0.01992289,0.6534195,0.0055931653,9.701458e-07,0.9998093,0.0071480996,0.071202,6.890039e-05,0.06704605,0.9999995,0.013763263
0.0016195048,0.013725733,0.11524753,7.703356e-05,0.0002113043,4.2662927e-05,8.12997e-05,0.0012576651,0.004389193,3.0081803e-05,0.0005623027,0.017132852,0.5071739,0.0029138348,0.12475484,0.100064814,3.340302e-07,0.047512107,0.016861213,0.40061367,0.0030880212,5.7072214e-07,0.9997751,0.0040656826,0.06192358,4.677956e-05,0.052961513,0.99999976,0.012907842
0.02831563,0.25745934,0.5401105,0.03212197,0.037151195,0.031767692,0.032497402,0.08696948,0.07650418,0.031013371,0.15265693,0.4660577,0.6268746,0.605484,0.3214717,0.6077471,0.0013023783,0.51223356,0.18245819,0.9692134,0.60678834,0.0016608648,0.99691737,0.714183,0.49624425,0.024509028,0.49640518,0.9974431,0.17385034
0.04479315,0.10122201,0.30691335,0.0130268335,0.015242392,0.010020607,0.01151352,0.053418834,0.07651914,0.009237658,0.040026907,0.12017931,0.56382865,0.12263979,0.447774,0.38986647,0.0011801241,0.22459358,0.103700794,0.68750536,0.10406088,0.0018928138,0.9809052,0.1451045,0.2539188,0.010397921,0.20758139,0.9988721,0.12443057
0.011528617,0.055692267,0.20154227,0.001648837,0.0029136187,0.001146403,0.0015135637,0.013425392,0.017225599,0.0009912566,0.009492719,0.10806169,0.51439726,0.04172945,0.2505038,0.26736704,5.5291697e-05,0.16957268,0.054661345,0.83875453,0.042694855,7.977176e-05,0.9981127,0.057036597,0.15631074,0.0012617668,0.14567311,0.99995494,0.04589638
0.02280746,0.06767029,0.24297413,0.0043079145,0.0061820704,0.0031718276,0.0039034858,0.02480406,0.040300712,0.00281404,0.016518816,0.086300634,0.5492965,0.057957366,0.36351326,0.30545175,0.00022827956,0.17079672,0.07178844,0.67471397,0.051926617,0.00035993164,0.99242485,0.07166998,0.1912072,0.0034177972,0.15738888,0.9998037,0.07493035
0.01267086,0.05278082,0.20226166,0.0017802538,0.0030876424,0.0012544313,0.0016210945,0.013652262,0.020761937,0.0010684956,0.0089381235,0.084431596,0.5245156,0.036495592,0.27662495,0.25806832,6.161857e-05,0.15167631,0.0543766,0.7543588,0.03559211,9.302521e-05,0.99726593,0.047697585,0.15437925,0.0013819586,0.13563955,0.99995065,0.048748575
0.0032396333,0.019448472,0.14201577,0.0002229429,0.00048532576,0.00012874843,0.00022734748,0.0026316377,0.008891171,9.6700394e-05,0.0012667171,0.02068902,0.5327017,0.005734611,0.18267857,0.13368101,1.7499037e-06,0.060860053,0.023734134,0.38042518,0.0056163385,2.994855e-06,0.9993111,0.0076762815,0.08255371,0.00014204314,0.06617331,0.9999988,0.021273494
0.00014782028,0.0038505963,0.058560167,2.1031003e-06,1.0902558e-05,9.652085e-07,2.4032909e-06,9.96305e-05,0.00043342507,5.6961886e-07,3.6230173e-05,0.007969829,0.43223324,0.00029839284,0.03343209,0.038894646,1.0159096e-09,0.01940278,0.004861806,0.4487675,0.00043007405,1.870045e-09,0.999995,0.00050721306,0.022982735,1.0322206e-06,0.024221515,1.0,0.0023855225
0.00014567382,0.002879795,0.060303967,2.116535e-06,8.763445e-06,8.406505e-07,2.5115223e-06,8.462152e-05,0.00066062843,4.75114e-07,2.5203488e-05,0.0030564754,0.4815503,0.00019376702,0.0465529,0.036265787,8.0386064e-10,0.012508834,0.0042094374,0.15748002,0.00023459615,1.7209696e-09,0.99999034,0.00030051806,0.020988232,8.636881e-07,0.018260542,1.0,0.0027163953
0.024088468,0.06303517,0.2515325,0.0046843626,0.0062703956,0.0034482218,0.004301254,0.024903243,0.049906757,0.0030022329,0.016139882,0.06438168,0.57186675,0.05371657,0.39395195,0.30498263,0.00024397748,0.15429094,0.07047623,0.55292124,0.045487452,0.0004037053,0.9895872,0.06420691,0.19071886,0.0036250474,0.14945348,0.9997937,0.081860155
0.028204234,0.0872195,0.2697419,0.006735936,0.009068255,0.00497727,0.0059642172,0.03495094,0.046025172,0.004542531,0.025434935,0.128332,0.53972703,0.09222789,0.37220252,0.3529929,0.00042692354,0.21273413,0.08487718,0.7709897,0.08388205,0.0006673628,0.9916079,0.1150186,0.22309743,0.0053653773,0.18906535,0.9995968,0.09050646
0.0012150656,0.009313334,0.11714373,5.603664e-05,0.00012241563,2.6316298e-05,6.0529368e-05,0.00084754475,0.00550796,1.7730094e-05,0.00031012375,0.0063943956,0.5395587,0.0015538698,0.145305,0.08878809,1.3859405e-07,0.027860157,0.012327347,0.13334545,0.0014738503,2.8556164e-07,0.9997063,0.0020624404,0.053156078,2.7525819e-05,0.038362447,0.9999999,0.013268685
0.0021035993,0.018774712,0.12349008,0.00011596323,0.0003255497,7.096693e-05,0.0001180039,0.0018717963,0.004297251,5.2041873e-05,0.0009947569,0.033987682,0.49279785,0.005343869,0.12292741,0.12285269,7.564069e-07,0.069840275,0.021213757,0.6559144,0.006053461,1.1810449e-06,0.99978465,0.007759838,0.07355678,7.754269e-05,0.06966795,0.9999995,0.014485943
0.0013908393,0.0096698515,0.1277954,7.142201e-05,0.00013997387,3.3616245e-05,7.8062934e-05,0.000996273,0.0069200103,2.2659102e-05,0.0003577979,0.0056794356,0.55375165,0.0017617488,0.16487923,0.09623644,1.8924581e-07,0.027340896,0.012916775,0.10732002,0.0015823706,4.037285e-07,0.99959344,0.002291013,0.057367623,3.4898163e-05,0.03937241,0.9999999,0.015707918
0.00095397333,0.011847045,0.10071832,3.4423152e-05,0.0001183371,1.971007e-05,3.631793e-05,0.00077386334,0.002176174,1.3397877e-05,0.00036586405,0.022158692,0.4730132,0.0021880267,0.08318083,0.08624989,1.0004046e-07,0.046819467,0.013897411,0.58457696,0.0026984632,1.6559558e-07,0.99993074,0.00332633,0.052528173,2.0993784e-05,0.051764123,0.9999999,0.008416335
0.0039352034,0.02755955,0.14536351,0.00030620367,0.00071739644,0.00019458201,0.00029597207,0.0038598804,0.007238152,0.00015283593,0.0022253848,0.051215168,0.4978368,0.0109877605,0.16427487,0.16333763,3.7092689e-06,0.096069515,0.029470561,0.7233985,0.011834391,5.62577e-06,0.99949586,0.015470219,0.09559454,0.00021642804,0.089008555,0.99999726,0.022254854
0.004404826,0.030498315,0.14889586,0.0003642213,0.00082825666,0.0002348045,0.00034663506,0.00448549,0.007611112,0.0001850769,0.0026463682,0.061345942,0.49130994,0.012975429,0.16737089,0.17396683,5.087685e-06,0.105734296,0.03153795,0.7667777,0.014209368,7.5569055e-06,0.99945444,0.01841159,0.10109645,0.00026222106,0.09546317,0.9999963,0.02368714
0.006865803,0.02856725,0.17775324,0.0006922837,0.0011901684,0.00042964297,0.0006908149,0.0059603797,0.018592615,0.0003396513,0.0029974752,0.025797307,0.5550742,0.011791087,0.26317075,0.17981313,1.061004e-05,0.07829328,0.03433264,0.35906222,0.010483114,1.8229663e-05,0.9977349,0.014837579,0.11192293,0.0004659813,0.08443309,0.99999225,0.036537655
0.0071647963,0.042216238,0.1753611,0.00077063753,0.0015687615,0.000522244,0.0007109488,0.007815412,0.010863948,0.00042952772,0.0052465904,0.087967426,0.5023055,0.025135433,0.20161596,0.22588271,1.6157306e-05,0.14076018,0.042534135,0.8355614,0.027067218,2.4052646e-05,0.99909997,0.035870418,0.12978238,0.0005663138,0.12475408,0.9999869,0.03223874
0.09693906,0.122054264,0.41253966,0.04774538,0.03420126,0.035049755,0.040990505,0.113015,0.20925881,0.030834503,0.08668181,0.09320934,0.6047534,0.20190957,0.5848828,0.47561267,0.0057573575,0.22690846,0.13987279,0.39549467,0.13706823,0.010392726,0.92577493,0.21366863,0.3266234,0.031568974,0.23515761,0.9937611,0.23679814
0.06613335,0.28455725,0.51985097,0.06766043,0.070917144,0.067308605,0.06501483,0.14331113,0.1312134,0.066336825,0.19940881,0.43482026,0.6033127,0.56573737,0.39819354,0.58554447,0.006801937,0.4853667,0.22149178,0.9268231,0.5525643,0.008713381,0.9852836,0.64835143,0.48677063,0.05478472,0.47064367,0.9886431,0.23270382
0.15063216,0.22183728,0.4790287,0.1068917,0.083669156,0.09181448,0.09251287,0.20016043,0.23847847,0.08404331,0.18933217,0.23036194,0.5846745,0.39972264,0.5729636,0.5521288,0.021843802,0.34476042,0.21273366,0.650609,0.32572117,0.036286112,0.9068515,0.43290946,0.41541204,0.07954482,0.35011986,0.97202367,0.3056906
1.1910005e-06,0.000115935254,0.0136029925,1.5917005e-09,1.4312155e-08,3.5259826e-10,2.224812e-09,4.2090647e-07,1.30472945e-05,1.3230231e-10,5.9910555e-08,0.00011168226,0.43674797,1.2421007e-06,0.00741884,0.005703257,7.036016e-15,0.0009846663,0.00023036172,0.03654354,1.8328445e-06,2.306071e-14,1.0,2.2990325e-06,0.0022989528,3.5542477e-10,0.0019732295,1.0,0.00011035717
0.0015274319,0.016035894,0.113643676,6.939592e-05,0.00021515958,4.2228523e-05,7.06093e-05,0.0013195146,0.0030572412,2.9943561e-05,0.000681973,0.03237864,0.47619927,0.003831435,0.100801714,0.107829675,3.2696772e-07,0.06194102,0.018112747,0.67418504,0.0046512517,5.192343e-07,0.9998785,0.0057902215,0.06495857,4.4794728e-05,0.0644473,0.99999976,0.011263949
0.00993929,0.041896153,0.18827339,0.0011480285,0.0021330493,0.0008062818,0.0010952683,0.009687082,0.018908586,0.000673512,0.005762622,0.056398164,0.53441656,0.02328686,0.26552844,0.22148666,2.9792058e-05,0.12048821,0.046316538,0.6365914,0.022440944,4.6754853e-05,0.99761343,0.030307908,0.13526583,0.0008880313,0.11439432,0.99997663,0.041492995
0.014383025,0.07277765,0.23600268,0.002803208,0.0045635677,0.0019996474,0.0025330526,0.019701235,0.021543186,0.0017837612,0.016213873,0.1554385,0.52211565,0.07405301,0.26055124,0.32575154,0.000105522,0.2193686,0.06744186,0.89670444,0.076675296,0.00014730699,0.997969,0.10478863,0.19692336,0.002137362,0.18618752,0.99990034,0.056330346
0.0006560342,0.0090163415,0.09021716,1.9981277e-05,7.191867e-05,1.0470003e-05,2.133669e-05,0.00050225225,0.0016718425,6.925002e-06,0.00021571935,0.015936177,0.4662804,0.0013368642,0.07220112,0.071279205,3.8033196e-08,0.036724962,0.010869324,0.49573797,0.001652638,6.541883e-08,0.99995506,0.0020710633,0.044116054,1.1240906e-05,0.04202418,1.0,0.006610353
0.020988531,0.082931675,0.25417134,0.0045877383,0.00684664,0.0033863634,0.0040900563,0.027527615,0.03203769,0.0030557634,0.021371286,0.14980288,0.52840495,0.08641521,0.31408554,0.34339657,0.00023516586,0.2221384,0.07745809,0.85189945,0.084549665,0.0003449699,0.995691,0.11518477,0.21430552,0.0036408529,0.192574,0.999775,0.072937064
0.012987937,0.051451735,0.20270677,0.0017244664,0.0030729892,0.0012614413,0.001611661,0.013357128,0.022274116,0.0010806966,0.0085422825,0.07566581,0.533164,0.03389618,0.2843291,0.25260183,5.9036473e-05,0.14486867,0.054750808,0.7132249,0.033102397,9.087611e-05,0.9969495,0.04429239,0.15356527,0.001380728,0.13341999,0.9999516,0.0486444
0.02148427,0.11360547,0.30937475,0.0069536534,0.010222546,0.005419978,0.0065676332,0.037238814,0.034753125,0.005169082,0.03878203,0.23509702,0.5486127,0.17575037,0.29538885,0.4204918,0.0003482301,0.3078267,0.09926205,0.93238384,0.17906107,0.0004506226,0.9970932,0.24201947,0.27280676,0.0055673374,0.26349604,0.99960595,0.08500226
0.023199555,0.10311032,0.28811395,0.006376851,0.009359245,0.004858157,0.0058966475,0.03542375,0.034585547,0.00454609,0.03260266,0.20110747,0.5368905,0.13694856,0.31282285,0.3914232,0.00035932293,0.27230394,0.09334741,0.90644187,0.13720624,0.00048969884,0.996182,0.18458274,0.24800014,0.0051376875,0.23493022,0.99962664,0.08298377
0.0018483961,0.015721887,0.119636066,9.444028e-05,0.0002608382,5.4330645e-05,9.839479e-05,0.0015185016,0.0044684284,3.9686096e-05,0.00073333277,0.022802653,0.50262314,0.0038187907,0.12661454,0.10959185,4.8719437e-07,0.056392923,0.018754125,0.50400674,0.004163835,8.020924e-07,0.9997714,0.0054645482,0.06702712,5.967039e-05,0.059572957,0.99999964,0.013684417
0.00288346,0.022993732,0.13517399,0.00018845194,0.00048504485,0.00011857815,0.00018540896,0.0027102267,0.0054760873,8.926281e-05,0.0015085557,0.043250132,0.49393415,0.0077912854,0.14161097,0.14339201,1.6675452e-06,0.082233086,0.02520626,0.70310736,0.008716129,2.577012e-06,0.99968195,0.011209815,0.08485167,0.00012926004,0.08040932,0.9999988,0.017736549
0.002901575,0.023030763,0.13560238,0.00019045036,0.0004883708,0.00011984288,0.00018784328,0.0027351764,0.005499144,9.0539455e-05,0.0015206416,0.043428797,0.49431154,0.007866827,0.1423582,0.14401184,1.7018816e-06,0.0825901,0.025307,0.70495105,0.008824119,2.625697e-06,0.9996797,0.011356895,0.08512874,0.00013085337,0.08062828,0.9999988,0.017774962
0.018004723,0.07188037,0.23548861,0.0033792884,0.005266794,0.0024206145,0.0030301043,0.022231748,0.027178647,0.0021585124,0.01614079,0.12695107,0.5237739,0.06606357,0.30500087,0.3155906,0.00015567701,0.19678651,0.06938825,0.8303596,0.064830564,0.00023150425,0.99631655,0.087647215,0.19176114,0.002657311,0.17150033,0.9998603,0.06359162
0.016202614,0.07381422,0.23730268,0.0030278782,0.0049473685,0.002208,0.0027525078,0.021030307,0.023526601,0.0019782702,0.016830342,0.14471762,0.52472234,0.072440155,0.28195554,0.32369882,0.00013060606,0.21115437,0.07030949,0.8770858,0.07420736,0.00018734441,0.9973749,0.09920474,0.19350249,0.0023809108,0.1830829,0.99988055,0.059669804
0.0006650536,0.0060678604,0.10215208,2.2811697e-05,5.3309832e-05,9.844785e-06,2.6157444e-05,0.00042693206,0.0036927424,6.25621e-06,0.00013625079,0.0035574262,0.54589075,0.000776512,0.1214097,0.07101039,2.9783157e-08,0.018718868,0.008629655,0.08358044,0.00074639125,6.682371e-08,0.9998517,0.0010456303,0.041122887,1.0221814e-05,0.028839158,1.0,0.009455082
0.0132129695,0.064518206,0.22013886,0.002203112,0.0037076173,0.0015476415,0.0020092411,0.016686542,0.019149074,0.0013559336,0.012707396,0.13267241,0.51632875,0.056956697,0.25829124,0.29924417,7.990112e-05,0.19375841,0.061605405,0.874936,0.05907829,0.00011374909,0.9980252,0.07947688,0.17700033,0.0016785517,0.16674267,0.9999292,0.051019777
0.04849072,0.13317622,0.336165,0.01722196,0.02088484,0.013786565,0.0154372305,0.06808205,0.07347915,0.013120962,0.058514208,0.19213288,0.55153733,0.19001456,0.4243489,0.43685752,0.0017405214,0.2849991,0.123346925,0.821735,0.17283073,0.0026244,0.984727,0.23258856,0.29155725,0.014386886,0.2566158,0.99814045,0.13683055
0.004340117,0.030957585,0.15202327,0.00035719242,0.0008200001,0.0002317832,0.00033621123,0.0044442574,0.007009956,0.00018024098,0.0027539637,0.06684537,0.49158582,0.01389272,0.1623861,0.18106408,4.7000535e-06,0.109203674,0.032109316,0.8059635,0.015684595,7.0665083e-06,0.9995394,0.020362826,0.1042139,0.0002493887,0.10120712,0.9999963,0.022783143
0.029949877,0.15529369,0.37605587,0.014062127,0.018906543,0.011957536,0.013372552,0.0590324,0.052879732,0.011763903,0.069306575,0.2937255,0.56759775,0.29071283,0.33182666,0.4855819,0.0008601664,0.36931878,0.12940036,0.9381998,0.28937018,0.0011089182,0.9955422,0.3795143,0.33951297,0.011610132,0.3288471,0.9988758,0.1187282
0.018100316,0.052083876,0.2316435,0.0030183382,0.004241466,0.0021249026,0.002826642,0.018000113,0.039826795,0.0018143497,0.010782471,0.051578116,0.566101,0.037439127,0.3643973,0.26976594,0.00011885402,0.13120122,0.0594107,0.50147176,0.03171479,0.00019779966,0.99255073,0.045226872,0.16849694,0.0022477852,0.12931924,0.99990296,0.06791431
0.00012252471,0.0019443709,0.06375698,1.8567818e-06,5.5499454e-06,6.388024e-07,2.2487075e-06,6.467621e-05,0.0009688335,3.418586e-07,1.5477866e-05,0.0010355307,0.52768093,0.00012086843,0.065396756,0.03637226,4.731588e-10,0.007168454,0.0031256583,0.039431978,0.00012521459,1.2451793e-09,0.9999833,0.00017117609,0.01904468,6.2867923e-07,0.013133904,1.0,0.003201712
0.025033567,0.08100884,0.24868616,0.00526222,0.007559477,0.0039198045,0.0046443627,0.029306995,0.039867375,0.0035309452,0.02114589,0.12258922,0.5339803,0.07581056,0.34890163,0.32903767,0.00031738408,0.20282468,0.07899101,0.7718238,0.07065135,0.00048268845,0.9928585,0.09457857,0.20531718,0.0042647943,0.1775683,0.9997162,0.0799399
0.09037166,0.12746358,0.39120787,0.041624717,0.03353168,0.03150189,0.035864923,0.10766965,0.17943352,0.028733894,0.08278309,0.11119485,0.59430134,0.19963013,0.56446624,0.4641322,0.0053339684,0.24069948,0.14079526,0.48587203,0.14582784,0.009244566,0.9374492,0.2166487,0.31969002,0.02980342,0.23889726,0.99430543,0.2160329
0.012463549,0.040754445,0.20925024,0.0016801106,0.002553067,0.0011368786,0.0016357236,0.011630197,0.030692726,0.000943907,0.0064068227,0.037169594,0.56576365,0.023042953,0.32845435,0.22983545,4.5919183e-05,0.104624055,0.04786127,0.41865852,0.019881299,7.801375e-05,0.9949969,0.028216815,0.14280324,0.0012164292,0.108084105,0.999964,0.05385662
0.0027015347,0.0184543,0.13299197,0.00016671763,0.00040002665,9.689211e-05,0.00017123845,0.0022112455,0.007049405,7.237371e-05,0.0010647486,0.022043075,0.5187629,0.005014163,0.16045347,0.124768764,1.159897e-06,0.060108993,0.022056403,0.42614365,0.0050885514,1.9444287e-06,0.999519,0.0067925947,0.076636285,0.00010766654,0.064081155,0.99999917,0.018397328
0.020362213,0.059544403,0.23425883,0.003622212,0.0051448555,0.0025835591,0.0033094594,0.021075513,0.040043492,0.002274537,0.013539306,0.069108956,0.5557492,0.046843044,0.35917458,0.2863731,0.00016653142,0.15314832,0.064949624,0.60084254,0.04097719,0.00026533095,0.9925403,0.057118274,0.17868127,0.0027972136,0.14252216,0.9998617,0.07111702
0.062211834,0.13677722,0.35400647,0.023898546,0.02604081,0.019179363,0.021154482,0.08279633,0.098890014,0.01808212,0.0680208,0.17033091,0.5622262,0.20006487,0.4726663,0.44829044,0.002845298,0.2767997,0.13147493,0.7482716,0.17182069,0.0045154695,0.9741285,0.23592596,0.30409387,0.019614227,0.2559016,0.996979,0.16170222
0.008401887,0.0380815,0.17938152,0.0009479568,0.0017507768,0.0006265446,0.00088835746,0.008274712,0.016453847,0.0005192549,0.0048130155,0.05330022,0.5251819,0.02008925,0.2484474,0.20917411,2.1153939e-05,0.113717265,0.041480735,0.63223857,0.019144688,3.3126984e-05,0.99808407,0.02607505,0.12585914,0.0006978395,0.10612213,0.999984,0.03825999
0.0051203,0.03468998,0.15857308,0.00047577877,0.0010151371,0.00030319765,0.00044561477,0.005500114,0.008069992,0.00024409524,0.0034764528,0.07686129,0.4902983,0.01748363,0.17416926,0.1965313,7.3485653e-06,0.12184923,0.035120778,0.82549214,0.019303063,1.0851305e-05,0.99943095,0.025456347,0.11205814,0.00033406194,0.107884005,0.9999943,0.025946924
0.04537454,0.11634595,0.3136525,0.014011595,0.017163424,0.010959195,0.012492457,0.058172703,0.06947362,0.010316704,0.046837308,0.16090834,0.55175817,0.14934906,0.42672092,0.4076548,0.0013304213,0.2559782,0.11276676,0.7819372,0.13451612,0.0020346795,0.98444587,0.1821788,0.26756683,0.011540246,0.23002039,0.9986595,0.12474359
0.012601787,0.06134272,0.2121192,0.0019459114,0.0033705395,0.0013716794,0.0017813017,0.015302035,0.018303607,0.0011988436,0.011372711,0.12347124,0.51459366,0.050208587,0.25594425,0.28597778,6.819442e-05,0.18426189,0.0594392,0.8624485,0.052173376,9.804442e-05,0.99807703,0.069628045,0.16796757,0.0014924023,0.15873186,0.999941,0.04873798
0.06717265,0.18968014,0.4114216,0.035774384,0.039836857,0.031208362,0.033016954,0.10902802,0.105667084,0.030423447,0.10970717,0.27094263,0.56448394,0.32985756,0.44593102,0.50805855,0.0043249736,0.36008972,0.16615184,0.85725343,0.30393916,0.0062910886,0.9795363,0.39410415,0.36796555,0.03044102,0.33378994,0.9944299,0.18811968
0.02443965,0.114292145,0.30968142,0.00785162,0.011099479,0.0061712116,0.007190819,0.040046725,0.039624847,0.005842777,0.039217345,0.22285794,0.5464781,0.1684654,0.31554714,0.41658777,0.000430063,0.2979147,0.09966635,0.9148761,0.16797905,0.0005857063,0.9960141,0.22704652,0.2736339,0.0063107363,0.25744814,0.9995167,0.091479644
0.06988071,0.11752923,0.37013978,0.028963761,0.025387937,0.021733202,0.024958698,0.08560626,0.14347842,0.020050969,0.0647979,0.11194565,0.58488804,0.17434114,0.5294668,0.4416048,0.0029892768,0.23373234,0.12428177,0.5364884,0.13014154,0.0053292247,0.95720404,0.19224939,0.30102828,0.020796657,0.22733296,0.9967913,0.1880006
0.008828842,0.04701122,0.18821867,0.0010421695,0.0020362195,0.00073372945,0.0009636406,0.009713506,0.013470398,0.000609352,0.0066573205,0.09161876,0.51276433,0.030390302,0.2258381,0.24157654,2.6574724e-05,0.14789423,0.047741294,0.82656336,0.03223966,3.9511444e-05,0.99872226,0.042385004,0.14072862,0.0007897681,0.13314411,0.9999782,0.03731195
0.0015963507,0.016959183,0.113992184,7.738683e-05,0.00023148305,4.588281e-05,7.720402e-05,0.001432854,0.0030615635,3.3069664e-05,0.0007682461,0.037233353,0.47093877,0.0043593342,0.10068418,0.11362136,3.841351e-07,0.067301445,0.018616512,0.7190852,0.0053159175,6.0173267e-07,0.9998795,0.0066471994,0.06677575,4.9605092e-05,0.06690505,0.99999976,0.011702502
0.0374163,0.075687476,0.30171877,0.010616945,0.010701489,0.0074663023,0.009339186,0.041846246,0.08931701,0.0066021197,0.027019423,0.06686658,0.5810258,0.082030155,0.46724814,0.3567946,0.00064775744,0.16783577,0.08382615,0.4489013,0.061196283,0.0011578237,0.9779991,0.09292343,0.23258403,0.0074560614,0.16661137,0.999382,0.123383164
0.008817716,0.046286363,0.18434052,0.0010764675,0.0020296944,0.00072843727,0.0009924684,0.009871105,0.013910913,0.00061151455,0.006439863,0.09059979,0.50537026,0.029238053,0.22561283,0.23812045,2.7458858e-05,0.14668392,0.046089213,0.81404835,0.030528847,4.0376286e-05,0.998632,0.04083125,0.13960804,0.0008120106,0.12815861,0.9999778,0.037828013
0.006125381,0.026129078,0.17404652,0.0006023306,0.001025698,0.00036010362,0.0005981783,0.0052816365,0.017884392,0.00028135377,0.0025329334,0.02242208,0.5511614,0.010020077,0.2569232,0.17198223,7.812558e-06,0.07093438,0.031347096,0.31324652,0.008728407,1.3796405e-05,0.9978956,0.012583639,0.10705283,0.00039040134,0.07860091,0.99999416,0.035020996
0.0731405,0.2001522,0.42830715,0.0427538,0.045111336,0.03729563,0.0392262,0.12037599,0.11792326,0.03643081,0.121967666,0.28109095,0.5669546,0.356104,0.45754975,0.51962787,0.0053586555,0.36802593,0.17346065,0.8493299,0.32478482,0.007958,0.9763358,0.4197164,0.38244972,0.03559673,0.34416106,0.9928838,0.20445949
0.018711101,0.06114191,0.2262008,0.003215205,0.004835051,0.0022939339,0.0029257678,0.020058334,0.033993684,0.0020401787,0.0131092975,0.081751674,0.5402312,0.047938835,0.3341183,0.2849219,0.000144597,0.16197664,0.06386656,0.67580223,0.043276045,0.00022561415,0.9942106,0.05939932,0.17518684,0.0025249838,0.14535551,0.9998789,0.06652892
0.00215808,0.020416783,0.12383356,0.00012443555,0.00033701494,7.470561e-05,0.00012111683,0.0020555083,0.0038689144,5.5277567e-05,0.001131599,0.046587,0.47122988,0.006240993,0.11578218,0.13189079,8.283644e-07,0.079412885,0.021786632,0.75943846,0.0074239825,1.2733705e-06,0.9998233,0.0095165055,0.07689674,8.132366e-05,0.07600673,0.9999994,0.0142923705
0.0033929003,0.026598305,0.14269546,0.00023825349,0.000595633,0.00015492045,0.00022675845,0.0033097866,0.0057551935,0.000117799624,0.001992687,0.057437375,0.4884934,0.010301969,0.14465916,0.1611569,2.399807e-06,0.09636741,0.028358674,0.7828978,0.011937103,3.6984848e-06,0.9996718,0.015307504,0.09399597,0.00016497073,0.092629425,0.9999981,0.019207487
0.0076105385,0.03207972,0.17780869,0.0007708854,0.0014010466,0.0005038653,0.0007629367,0.006755549,0.018199667,0.00040652585,0.0035602755,0.03324586,0.5461768,0.014046249,0.26005036,0.18812929,1.4004688e-05,0.08946379,0.03769077,0.44602528,0.012940264,2.326529e-05,0.9977483,0.017826216,0.11668025,0.00055272254,0.09219221,0.9999896,0.03705873
0.021957837,0.07158621,0.23713613,0.004033077,0.006141214,0.003003472,0.003637229,0.024311995,0.03424921,0.0026656738,0.017053604,0.10530322,0.53792155,0.062260002,0.339679,0.309565,0.00021967357,0.18532868,0.07315171,0.75663525,0.058362402,0.00033116934,0.99404114,0.07880252,0.19122529,0.0032435067,0.16532539,0.9998103,0.07031213
0.011995251,0.039331395,0.20980306,0.0016938765,0.0024537363,0.001096904,0.0016050359,0.011399741,0.03112116,0.00090150867,0.006166563,0.035267804,0.56202143,0.02238234,0.3271986,0.2288393,4.247043e-05,0.10132473,0.04556402,0.39392054,0.018616809,7.3272306e-05,0.9950511,0.027032819,0.14223424,0.0011807875,0.10463519,0.9999666,0.05483093
0.005277107,0.029304858,0.1584712,0.00045574582,0.0009792611,0.00029522413,0.00044707328,0.0048897914,0.010719339,0.00023695767,0.00276917,0.04267658,0.5216024,0.0124830725,0.20164293,0.17362091,6.626204e-06,0.09483634,0.033264004,0.61990184,0.012602084,1.0388764e-05,0.99904627,0.016897915,0.104773395,0.00032862186,0.09124928,0.99999523,0.027425177
0.06614946,0.13477312,0.35287884,0.025595149,0.026803833,0.020322321,0.022487216,0.08507276,0.10872488,0.019262794,0.06854052,0.16004576,0.5662274,0.1939034,0.48638195,0.4450036,0.0030524954,0.27062187,0.1327002,0.71024954,0.16377643,0.0049085487,0.9697939,0.22535919,0.3029143,0.020867705,0.25012562,0.99674594,0.16719215
0.011985896,0.05123899,0.19973265,0.001626501,0.0028716554,0.0011461246,0.0014940973,0.012854578,0.019773936,0.00097529,0.008412389,0.08269231,0.52500755,0.034834508,0.26967233,0.25386137,5.303556e-05,0.14958352,0.05310615,0.75535536,0.034145758,8.025428e-05,0.99750036,0.04586442,0.1518633,0.0012699323,0.13408968,0.9999572,0.04704137
0.0011112706,0.009489343,0.11129771,4.725023e-05,0.000115962685,2.2878865e-05,5.1370884e-05,0.00078964286,0.0044169207,1.5336269e-05,0.00030080156,0.007817272,0.5290045,0.0015791842,0.12787999,0.08546031,1.1563434e-07,0.030401612,0.012552962,0.1852318,0.0015669613,2.2720002e-07,0.99979097,0.0021434838,0.051847905,2.4472778e-05,0.039868105,0.9999999,0.011710728
0.0060557937,0.035259183,0.16293883,0.00057057646,0.0012210859,0.00037937736,0.00054193643,0.0061006146,0.01021626,0.00030956426,0.0037838935,0.06552991,0.5062343,0.017658627,0.19580941,0.19669306,1.0179157e-05,0.11841546,0.03726782,0.7637039,0.018671453,1.527674e-05,0.9991285,0.024659505,0.11524115,0.00042156404,0.106821634,0.99999225,0.028869899
0.007056217,0.036139365,0.17240012,0.0007171545,0.0014400923,0.00048074248,0.00068452844,0.006973979,0.012739598,0.00039496474,0.004202972,0.057326764,0.5208791,0.018581055,0.2223443,0.20072685,1.4324042e-05,0.11409304,0.03960586,0.69952524,0.01871987,2.195037e-05,0.99872893,0.025157157,0.12016732,0.0005302189,0.10650359,0.9999893,0.03266748
0.028279716,0.14048047,0.35146996,0.011695737,0.015820596,0.009615386,0.011055777,0.052460156,0.04809961,0.009355545,0.05744689,0.270204,0.5593026,0.2415834,0.32862705,0.45972544,0.00070092554,0.34284657,0.11846517,0.9302095,0.2401683,0.0009190899,0.9955949,0.31903127,0.31459895,0.00953914,0.30098698,0.9991341,0.10906154
0.010416225,0.04710747,0.19207154,0.0012846641,0.0023961095,0.0009067308,0.0012029008,0.010832842,0.017045662,0.0007710569,0.0071636266,0.07780982,0.52621377,0.030401897,0.2544763,0.24049512,3.738016e-05,0.14278264,0.04997441,0.7612783,0.030561384,5.619884e-05,0.9980159,0.040897604,0.14287737,0.0009939095,0.12864599,0.99997056,0.04199477
0.004327206,0.024309251,0.1504616,0.00033465135,0.0007236634,0.00020584346,0.00033413552,0.0037031462,0.010282219,0.00016108743,0.0019293828,0.029635666,0.5277098,0.008541063,0.1966498,0.15291706,3.6870888e-06,0.076452225,0.028607747,0.48701334,0.008459166,6.042323e-06,0.9991155,0.0114299925,0.09358456,0.00022908542,0.07773329,0.9999974,0.024726018
0.002848483,0.022843877,0.1328726,0.00018355358,0.00047599702,0.00011365594,0.00018183303,0.0026717337,0.0054338705,8.778792e-05,0.0014914875,0.043985967,0.4892401,0.0077026486,0.13989119,0.14273311,1.5628879e-06,0.083596274,0.024963323,0.707581,0.008684327,2.4204521e-06,0.9996911,0.011219216,0.083942264,0.00012636681,0.07947881,0.9999988,0.017578991
0.012449542,0.06676638,0.22555806,0.0022021409,0.0037106974,0.0015444962,0.0019965114,0.01667976,0.01838545,0.0013658401,0.013624884,0.1474414,0.5181742,0.064025044,0.24611615,0.31109878,7.3043484e-05,0.20779015,0.06282561,0.899178,0.06753654,0.00010239403,0.9984022,0.0916577,0.18395688,0.0016513796,0.17711002,0.99993205,0.05040935
0.003170212,0.026208991,0.13943315,0.00022580397,0.0005521831,0.00014063934,0.0002161954,0.003200563,0.005222949,0.00010752383,0.0019255907,0.060617168,0.48125774,0.01034255,0.13755171,0.16107014,2.2000336e-06,0.09848477,0.02731251,0.80810297,0.01198095,3.3153647e-06,0.9997168,0.015555823,0.09195591,0.00015145108,0.091315456,0.99999833,0.018605266
0.034738198,0.11434681,0.303241,0.010268651,0.013821345,0.008005334,0.009308583,0.048449423,0.05142344,0.007563403,0.041714408,0.18532626,0.5432426,0.15030615,0.37420914,0.4049464,0.0008084083,0.27023196,0.10607369,0.8550036,0.14247765,0.00117209,0.9914021,0.19055998,0.26166606,0.008568719,0.23700018,0.9991721,0.10693702
0.025708726,0.102364324,0.28294832,0.0068535204,0.009865602,0.005208318,0.0062867585,0.036942422,0.037556075,0.004859442,0.032218713,0.18676966,0.53603613,0.12876663,0.32863325,0.38430712,0.0004353259,0.2621523,0.09339439,0.88599306,0.12635124,0.0006051571,0.99502474,0.16986008,0.24269694,0.005567,0.2252026,0.9995678,0.0868858
0.008668574,0.046651207,0.18416244,0.0010482365,0.00200054,0.0007133183,0.000971014,0.009661863,0.013064906,0.0005964874,0.006571162,0.09329328,0.50843024,0.030228578,0.22196116,0.23926598,2.7348135e-05,0.14940402,0.046650086,0.8320246,0.031662524,3.9610397e-05,0.9987418,0.04210108,0.1381243,0.000780803,0.1301153,0.9999784,0.037215818
0.00011285784,0.0033341313,0.05355342,1.4014021e-06,7.770953e-06,6.299005e-07,1.5796797e-06,7.407391e-05,0.00032327865,3.5731443e-07,2.6562335e-05,0.0074503543,0.4202162,0.00023171931,0.028092176,0.035010114,5.326914e-10,0.01764172,0.004190006,0.47135094,0.00034505542,9.896524e-10,0.9999969,0.00040156484,0.020525962,6.67411e-07,0.02221468,1.0,0.0019579206
0.0129097495,0.050394487,0.20318209,0.0017954457,0.0030515813,0.0012549171,0.0016634174,0.013413543,0.022612501,0.001086234,0.00859058,0.07356261,0.533084,0.03413484,0.28756842,0.25203472,6.0466777e-05,0.14417554,0.0538137,0.7042747,0.032455843,9.280318e-05,0.9968721,0.04415403,0.15217103,0.0013868759,0.13053544,0.99995184,0.04987102
0.02784723,0.074103706,0.26015478,0.0060064304,0.0078983335,0.004404027,0.0053977505,0.030775864,0.051061627,0.0039805984,0.020884316,0.08918294,0.55564624,0.07007301,0.3928171,0.3260652,0.00036032323,0.1809669,0.07846282,0.64973575,0.06039878,0.00057669746,0.98941374,0.08443479,0.20638174,0.004691529,0.16640542,0.9996804,0.08868772
0.018036297,0.059051648,0.22666842,0.0030247548,0.004588294,0.0021565107,0.0027648874,0.019200375,0.03242206,0.0018981817,0.012513865,0.078039475,0.544206,0.046252675,0.3339765,0.2821537,0.0001308409,0.15769549,0.06315896,0.6753885,0.041925114,0.00020515804,0.9945972,0.057956826,0.1740534,0.0023517434,0.14431092,0.9998913,0.06404938
0.0030155268,0.02247868,0.13577636,0.00019956523,0.0005054103,0.0001234659,0.00019970989,0.0027501134,0.006058604,9.550813e-05,0.0015168128,0.03875686,0.5019354,0.0076475926,0.14967367,0.1426651,1.7635659e-06,0.08063256,0.025308518,0.65897924,0.008361652,2.7488268e-06,0.9996271,0.010957448,0.084851705,0.00013698383,0.07802454,0.9999987,0.018433873
0.0015886008,0.015271128,0.11411348,7.560482e-05,0.00022074331,4.381356e-05,7.764687e-05,0.0013525209,0.0036351678,3.1516847e-05,0.00064218865,0.025737694,0.48241577,0.0034470994,0.11136964,0.10463695,3.529866e-07,0.055947036,0.017473312,0.56111366,0.003938126,5.715544e-07,0.99983513,0.0050410526,0.063962325,4.8203256e-05,0.05883656,0.99999976,0.012108967
0.0067992895,0.035051275,0.16872898,0.00066164293,0.0013516061,0.00044430135,0.00064244884,0.0066021415,0.012748819,0.00036511006,0.0038569183,0.053231325,0.52018243,0.016978616,0.21949594,0.19395456,1.2747586e-05,0.10984049,0.038478453,0.6697638,0.016891427,1.954239e-05,0.998718,0.022598498,0.11642777,0.00049467984,0.102474764,0.99999046,0.032263763
0.010049517,0.04575064,0.18938364,0.0012234108,0.0022777035,0.00084928074,0.00114489,0.010425602,0.016741076,0.0007234697,0.0067524174,0.07494319,0.5240233,0.02859914,0.2522363,0.23534815,3.4117158e-05,0.13884047,0.048490424,0.74897885,0.028537096,5.1413375e-05,0.9980616,0.038313575,0.13981856,0.0009353991,0.1250549,0.9999732,0.041185077
0.011949573,0.05505461,0.20327006,0.0016869674,0.0029878076,0.0011813601,0.0015591157,0.013527153,0.017904066,0.001027359,0.00952191,0.102088295,0.51916426,0.041070234,0.25844795,0.26679245,5.6969653e-05,0.1659675,0.055361304,0.8246837,0.04169933,8.347637e-05,0.997945,0.055941585,0.15655433,0.0012934862,0.14481616,0.99995303,0.04653867
0.01325998,0.058723435,0.2103429,0.0019935947,0.0034361125,0.001406726,0.0018416563,0.015286322,0.019893855,0.001240848,0.010888149,0.107577205,0.52130467,0.04617936,0.26955035,0.27763802,7.335411e-05,0.17390773,0.05857757,0.826372,0.04648523,0.00010728131,0.9976138,0.06258055,0.16410863,0.0015433428,0.15090908,0.9999385,0.05026682
0.030485624,0.072724864,0.26866704,0.0068726838,0.008445542,0.0050168806,0.006202107,0.03287503,0.060815465,0.0045084204,0.021528888,0.07633801,0.56713474,0.068934746,0.4207884,0.32855296,0.00041895578,0.1714532,0.07980428,0.56633955,0.056760587,0.0006910207,0.98622835,0.081311196,0.21010228,0.005255071,0.16232923,0.9996239,0.09631839
0.0055064927,0.035511263,0.16207142,0.0005127884,0.0011049175,0.0003371607,0.00048534037,0.005808436,0.008729625,0.0002732484,0.0037038273,0.07464121,0.49758244,0.018124975,0.18264021,0.19902678,8.507582e-06,0.12202441,0.036591943,0.8131798,0.019922419,1.2648216e-05,0.9993457,0.026152024,0.11427824,0.00036797224,0.10982522,0.9999933,0.026985714
0.0052536502,0.0355234,0.15980469,0.0004901315,0.0010549182,0.00031874864,0.00045534867,0.0056031113,0.0080985315,0.00025338068,0.0036440892,0.07872522,0.49270442,0.01822581,0.17424029,0.20002726,7.87966e-06,0.12386381,0.03589105,0.8334459,0.020247009,1.1616523e-05,0.9994248,0.026468262,0.113382414,0.0003455425,0.11077351,0.9999939,0.026202025
4.4670593e-05,0.001820969,0.040622436,3.5329847e-07,2.3342818e-06,1.41325e-07,4.21341e-07,2.686024e-05,0.0001504592,7.44499e-08,8.347974e-06,0.0040110378,0.41069427,8.824695e-05,0.018882947,0.023961985,5.8134376e-11,0.011113866,0.002433566,0.39066234,0.00013753379,1.1398799e-10,0.99999905,0.00016051262,0.013410275,1.5244589e-07,0.014698938,1.0,0.0010609233
0.0063495864,0.027153155,0.17508228,0.0006299777,0.0010798897,0.0003812176,0.00062432303,0.0055291834,0.017729986,0.00029961404,0.0027033528,0.024342068,0.5498999,0.010754331,0.25804922,0.17422344,8.803275e-06,0.07428459,0.032486923,0.34130052,0.009466776,1.535626e-05,0.9979102,0.013496905,0.108017944,0.00041189068,0.08085189,0.99999356,0.035356957
0.0024908788,0.021257488,0.12840979,0.0001484221,0.00040247163,9.217267e-05,0.0001472751,0.0022896945,0.0047839615,6.955321e-05,0.0012654267,0.04141825,0.48741844,0.0066381535,0.13014616,0.13463295,1.1207713e-06,0.07848737,0.023397507,0.7029849,0.0076477374,1.7444419e-06,0.9997489,0.009740786,0.07946904,0.00010122671,0.07638987,0.99999917,0.01590763
0.02415243,0.06871086,0.24702671,0.004813038,0.006623432,0.0035049221,0.0043209814,0.026321515,0.04435462,0.0031191497,0.017489834,0.08432836,0.55205905,0.060455438,0.37307343,0.31076056,0.00026375608,0.17168929,0.07266102,0.65150744,0.05276693,0.00041892583,0.9912923,0.073341906,0.19437507,0.003780338,0.15718219,0.9997737,0.08004789
0.006036099,0.032660056,0.16365539,0.0005561565,0.0011655011,0.00036664214,0.00053275033,0.0058008134,0.011442747,0.0002963668,0.003315672,0.05070145,0.5147876,0.01477037,0.21004787,0.18531047,9.270269e-06,0.10304699,0.036030278,0.66223407,0.015050621,1.4438547e-05,0.99893636,0.020026695,0.11169094,0.0004072143,0.098083586,0.99999297,0.029311052
0.013192407,0.060402546,0.21319544,0.0020370123,0.003482087,0.001438497,0.0018633718,0.015685698,0.019438406,0.0012577616,0.011293285,0.11589579,0.51740265,0.048641074,0.2656763,0.2835783,7.457187e-05,0.1786069,0.05930656,0.8439407,0.049770392,0.00010864373,0.99777776,0.06677489,0.16798593,0.0015693331,0.15571137,0.99993634,0.050002504
0.025586557,0.13185905,0.33950537,0.00982061,0.0138077745,0.007992341,0.009247099,0.04679053,0.042817455,0.007743829,0.0514545,0.26136675,0.55716056,0.22395545,0.314435,0.45066994,0.00055026327,0.3355541,0.112811014,0.93463874,0.22528462,0.00071263686,0.9963337,0.3007913,0.30298755,0.007987242,0.2931079,0.9993362,0.09996252
0.0046946877,0.03184294,0.155697,0.00038941228,0.0008949448,0.000260083,0.00037244573,0.004738019,0.0077300686,0.00020461458,0.0029311643,0.06449232,0.49901038,0.014497542,0.17099606,0.18299744,5.5466435e-06,0.10976353,0.033575665,0.78814346,0.016106872,8.3664e-06,0.9994553,0.020876251,0.106361575,0.0002793161,0.102577604,0.9999957,0.024096614
0.0042832633,0.027612565,0.1493574,0.0003397983,0.0007792658,0.00021770003,0.00033042667,0.00408148,0.008337059,0.00017090063,0.0022897907,0.0455835,0.50577295,0.010881897,0.17695194,0.16410118,4.2471347e-06,0.09230682,0.03028549,0.6673453,0.011387437,6.589723e-06,0.9993629,0.01498394,0.097702384,0.00024220881,0.088110864,0.9999969,0.023709139
0.040324602,0.12548916,0.32397908,0.013223532,0.01705821,0.010590386,0.011970534,0.057786383,0.061594013,0.010080875,0.050374813,0.19298594,0.5495272,0.17616954,0.39631885,0.426625,0.0011287051,0.28362662,0.11538105,0.8465852,0.16427857,0.0016786235,0.9892112,0.22025481,0.28216368,0.01117185,0.2527909,0.99877554,0.12147828
0.03489454,0.098966844,0.2901381,0.009583629,0.012064005,0.0071640266,0.008464739,0.04424464,0.057232734,0.006674929,0.0334039,0.14044447,0.5448897,0.11529319,0.3987306,0.37678578,0.000714384,0.23088597,0.095289856,0.7664008,0.10236685,0.0011231075,0.98856646,0.14092049,0.24242334,0.007620987,0.20425637,0.9993031,0.10719961
0.0070957933,0.03805298,0.16956915,0.0007138736,0.0014735127,0.00048416443,0.0006735666,0.0071499986,0.012100647,0.0003982875,0.0044219475,0.06652039,0.5102198,0.019816775,0.21320464,0.20578045,1.462084e-05,0.12215744,0.040339366,0.7466698,0.02064936,2.2126322e-05,0.99884963,0.02716968,0.12154766,0.00053925905,0.110665336,0.9999888,0.032126147
0.014763551,0.06667678,0.22254066,0.0025089812,0.0041731545,0.0017961937,0.0022826653,0.01819023,0.021669477,0.0015716711,0.013586822,0.12783478,0.5200704,0.05834513,0.2734692,0.30117556,0.000101394515,0.19334461,0.06399466,0.85635626,0.059211448,0.00014534498,0.99746764,0.07944395,0.17988539,0.0019552053,0.16656019,0.9999118,0.05492599
0.05518975,0.25324327,0.50137824,0.048713602,0.05353734,0.047384758,0.047157187,0.12188592,0.11066128,0.046658505,0.1654863,0.39752322,0.59810007,0.5240224,0.3971145,0.57776517,0.004120541,0.46041295,0.1984466,0.92930907,0.5090539,0.0055559417,0.9889242,0.61372936,0.45946497,0.03999753,0.44209352,0.9930869,0.20984842
0.002218903,0.02046985,0.12727068,0.00012341129,0.00034751638,7.847515e-05,0.00012296256,0.0020357633,0.004089363,5.719561e-05,0.001140112,0.04257063,0.48347318,0.006214047,0.119448684,0.13095693,8.45981e-07,0.07665317,0.022530466,0.7332753,0.0073783705,1.3191046e-06,0.99980706,0.00928872,0.07744715,8.285185e-05,0.07686553,0.9999994,0.01454468
0.0022273583,0.021062993,0.12596689,0.0001297623,0.00035176025,7.907279e-05,0.00012691396,0.0021299182,0.003889273,5.842867e-05,0.0012038151,0.04849773,0.47393405,0.0066905436,0.11636139,0.13550529,8.9568306e-07,0.08187565,0.022482703,0.77482027,0.007975411,1.374699e-06,0.99982244,0.0102119995,0.07846157,8.473755e-05,0.07858257,0.9999993,0.014581887
0.004026171,0.029707272,0.1487027,0.00031971006,0.0007409192,0.00020374844,0.00030426818,0.0041209636,0.0066506225,0.00016084521,0.0025163803,0.06484463,0.4879643,0.0128359245,0.15777574,0.17459719,3.8682197e-06,0.10624006,0.030890632,0.79949147,0.014514318,5.840375e-06,0.99958247,0.018897705,0.10033059,0.00022179776,0.097679414,0.999997,0.021929873
0.05687087,0.20758769,0.42907134,0.034908377,0.040975217,0.03157824,0.03335598,0.10517748,0.09445335,0.031208508,0.12080998,0.32572758,0.5725104,0.38738438,0.40189248,0.5255506,0.003636738,0.40129068,0.17344868,0.9069865,0.37099606,0.004823929,0.9867361,0.46681383,0.3918755,0.02990211,0.37076205,0.9949822,0.18075088
0.0041224924,0.030159028,0.14884038,0.0003251595,0.0007703519,0.00021192858,0.00031195962,0.004174639,0.0067609586,0.00016602168,0.0025952242,0.06450632,0.49219543,0.013236042,0.15805566,0.17659944,4.1045164e-06,0.1082413,0.03156616,0.8014902,0.014943645,6.165358e-06,0.99956733,0.019374212,0.10126051,0.00022957631,0.09895377,0.9999969,0.022171209
0.0010981028,0.013627897,0.103716776,4.3798518e-05,0.00014441993,2.5341082e-05,4.48984e-05,0.00094933604,0.0021820716,1.7562534e-05,0.0004811202,0.030741155,0.46255627,0.0029048892,0.08304177,0.09654682,1.5192195e-07,0.056481123,0.015265011,0.6986828,0.0036616377,2.410955e-07,0.99993014,0.0045433915,0.057260253,2.681338e-05,0.058560774,0.9999999,0.009022841
0.004977799,0.03251187,0.15825805,0.00042874823,0.00096198614,0.0002846631,0.00040874176,0.0050665033,0.008258629,0.00022632495,0.0031031424,0.06467183,0.4999612,0.0151316235,0.17810524,0.18631741,6.410394e-06,0.110867225,0.034308854,0.7812036,0.016654454,9.688729e-06,0.99939144,0.02174676,0.108764924,0.0003083319,0.10335712,0.999995,0.02509149
0.009634348,0.052997734,0.19785497,0.0013124256,0.0023992117,0.00089820335,0.0012041545,0.011581866,0.01421665,0.0007754183,0.008459191,0.11452813,0.50867665,0.039542526,0.22762926,0.26410136,3.5966958e-05,0.16968162,0.05170889,0.86847997,0.04226909,5.1948304e-05,0.99874085,0.056413773,0.15242305,0.00097410555,0.14685073,0.99996936,0.04057903
0.03206806,0.18440272,0.41671103,0.019529518,0.024981773,0.017159298,0.019196717,0.0710185,0.061292548,0.017110528,0.092611454,0.34817356,0.58170635,0.37570855,0.33150986,0.51861346,0.0012032349,0.41454145,0.14822422,0.9483985,0.3744695,0.0014812943,0.9954306,0.4763838,0.38152158,0.016020164,0.37335297,0.9982816,0.13631845
0.015456775,0.04602471,0.22558963,0.0024764356,0.0034036103,0.0016544154,0.0023136244,0.015166142,0.038048267,0.0013952672,0.008662351,0.042551216,0.5670761,0.030458203,0.35585454,0.25494832,7.7079705e-05,0.11650206,0.052963104,0.43296418,0.025274612,0.0001327425,0.9934268,0.036830913,0.15908234,0.0017739708,0.11786756,0.9999366,0.0637438
0.002271025,0.021280032,0.12743501,0.00013282734,0.0003618497,8.176535e-05,0.00013123448,0.0021707213,0.0040324335,6.098105e-05,0.0012345321,0.047566794,0.47795275,0.0068397177,0.11928991,0.13653775,9.338507e-07,0.08163792,0.022846006,0.76636636,0.008129267,1.4381064e-06,0.999813,0.010355659,0.0788738,8.770867e-05,0.07890678,0.9999993,0.0148745375
0.030385436,0.096566305,0.27885133,0.0076445723,0.010489349,0.0058303205,0.00683681,0.038987968,0.045994915,0.0053397394,0.03053492,0.1493538,0.541005,0.11014189,0.3691161,0.37101626,0.0005457401,0.23417608,0.09229055,0.81647384,0.102620795,0.00081635214,0.99178714,0.13880077,0.23474881,0.0062369457,0.20624375,0.99948055,0.09421208
0.011316453,0.054221522,0.20126925,0.0015549116,0.0028048905,0.0010996154,0.0014075998,0.012861955,0.017223759,0.0009412694,0.008947705,0.104198836,0.51471543,0.03921097,0.24933314,0.2643584,4.838909e-05,0.16485663,0.05391034,0.82957965,0.040605064,7.190173e-05,0.99816257,0.05420778,0.15677352,0.0011969222,0.1453736,0.9999589,0.044505235
0.0024013242,0.020404693,0.12762997,0.00014328146,0.00038560768,8.786153e-05,0.00014417226,0.0021914688,0.0047954354,6.574347e-05,0.0011875355,0.037374534,0.4928275,0.0063054194,0.1310008,0.13134308,1.0632604e-06,0.07546485,0.022739269,0.67420375,0.0070577143,1.6521637e-06,0.9997433,0.0091056,0.07774835,9.6886564e-05,0.07332574,0.9999993,0.015951583
0.037987176,0.088471256,0.2915586,0.010310548,0.0119301155,0.007630589,0.009055923,0.044267382,0.07146659,0.0069841207,0.031073956,0.10137663,0.5627681,0.09854794,0.4359627,0.36550406,0.00076240324,0.20166855,0.091935486,0.63404065,0.081294306,0.001256843,0.9832496,0.115469106,0.23652647,0.007990447,0.18657704,0.99927896,0.114523925
9.504831e-05,0.002620718,0.051718988,1.1056928e-06,5.8008136e-06,4.5373892e-07,1.3083525e-06,5.8623125e-05,0.00034782995,2.548225e-07,1.8506089e-05,0.0043288646,0.44316405,0.00016216606,0.0309104,0.031491738,3.2826367e-10,0.013477948,0.0035849682,0.2950671,0.00022420098,6.5127437e-10,0.99999654,0.00027389658,0.01825421,4.8656756e-07,0.018083075,1.0,0.0018500182
0.06543632,0.080621585,0.40621984,0.029095517,0.017518336,0.018609833,0.025194114,0.07064452,0.20218167,0.014761255,0.047408007,0.043775763,0.6208845,0.11849706,0.5750348,0.43281427,0.001814931,0.15394881,0.10007307,0.19215983,0.06810747,0.003696655,0.9409598,0.12239216,0.2845839,0.015383806,0.17969836,0.99807113,0.21501204
0.019164167,0.096933655,0.27930325,0.0049961386,0.007610615,0.0037829084,0.0046480736,0.029842211,0.029362215,0.003515121,0.028165543,0.2001522,0.5373872,0.12811849,0.28767383,0.3841544,0.00023298785,0.2702827,0.08687612,0.91876316,0.13074836,0.00031237092,0.99731916,0.17733608,0.24054681,0.0039469753,0.23067614,0.9997545,0.07376123
0.0015798829,0.012630728,0.11682965,7.408662e-05,0.00019117886,3.9741844e-05,7.945405e-05,0.0011738457,0.0049051847,2.7618033e-05,0.00048975885,0.012866805,0.5172371,0.0024352227,0.13350563,0.09652107,2.870533e-07,0.04077582,0.015942812,0.29211912,0.002492945,5.1393243e-07,0.9997291,0.0033256693,0.05988313,4.2684944e-05,0.04882442,0.99999976,0.01330164
0.008716854,0.049728114,0.18978533,0.001111603,0.0020888697,0.0007551389,0.0010228617,0.01023542,0.012696267,0.00063361257,0.007349579,0.108446784,0.5047008,0.03491143,0.2156154,0.25291878,2.8336282e-05,0.1616561,0.048591122,0.86740124,0.037451103,4.069369e-05,0.99890757,0.049893234,0.1450842,0.0008151124,0.14025654,0.9999764,0.037504718
0.0025646836,0.02202165,0.13094048,0.00015407839,0.00042023996,9.7763594e-05,0.00015309996,0.0023778544,0.004760933,7.315041e-05,0.001346747,0.04391556,0.48863447,0.0071621444,0.13040547,0.13867876,1.1999629e-06,0.08138235,0.024219187,0.72615695,0.008289297,1.865874e-06,0.99975234,0.010569576,0.08167506,0.00010560212,0.07936743,0.99999917,0.016189523
0.008180269,0.0390593,0.17797837,0.0008842532,0.0017227762,0.0006015136,0.0008399664,0.008071682,0.014783206,0.0005016508,0.0049695964,0.0600908,0.5250046,0.021313664,0.23714398,0.21176198,1.9955798e-05,0.12107665,0.04267819,0.69615835,0.021236671,3.052341e-05,0.99839944,0.028532485,0.12660252,0.00066613924,0.11133274,0.99998486,0.036182463
0.0033331253,0.018626997,0.14726731,0.00024228389,0.0004792815,0.00013527831,0.000246285,0.0026942152,0.010561739,9.988563e-05,0.0011982791,0.016161438,0.5393782,0.0052243513,0.19967933,0.13374718,1.8017017e-06,0.053489584,0.022762682,0.27466264,0.004790752,3.2578887e-06,0.999094,0.0067063374,0.08233166,0.00014685062,0.06218163,0.9999988,0.023568824
0.053546682,0.079883456,0.35322964,0.019264285,0.014701825,0.013032499,0.016928954,0.058666676,0.14891468,0.011230049,0.037982907,0.052847642,0.60734475,0.099744424,0.53917694,0.39423612,0.0012837718,0.1617903,0.094583616,0.2844694,0.06522256,0.002441415,0.9570762,0.10677827,0.26114473,0.011961988,0.17373316,0.9986952,0.1700025
0.0004112833,0.0035614124,0.103110425,1.3026208e-05,2.3631994e-05,4.8664874e-06,1.5094187e-05,0.00024696242,0.0039897515,2.8850754e-06,6.584486e-05,0.0011922035,0.57737637,0.00039921692,0.13759685,0.0648976,8.608361e-09,0.010228032,0.005355599,0.023326661,0.00034309452,2.3957107e-08,0.99986196,0.00052292563,0.03361718,4.7599024e-06,0.019489069,1.0,0.0091234
0.021885382,0.049604118,0.26374346,0.0044491948,0.0048553157,0.0029593373,0.004210185,0.021618858,0.06483456,0.0024639962,0.012113806,0.033951752,0.59468687,0.037909955,0.42793265,0.28796694,0.00016578297,0.11377958,0.058917567,0.290325,0.028513154,0.00030488844,0.9860271,0.043897882,0.18244185,0.0029913979,0.12287775,0.9998565,0.089236274
0.004653051,0.027210452,0.15159467,0.00037835469,0.00083009334,0.00024110632,0.00036727887,0.0042507,0.009968986,0.00018753098,0.0022806104,0.038361333,0.5147306,0.010225344,0.19066098,0.16154344,4.8092174e-06,0.08613573,0.030467818,0.57511467,0.01021614,7.638731e-06,0.9991424,0.013580548,0.09864752,0.00027132683,0.08478839,0.99999654,0.025633976
0.0014965835,0.014248347,0.112805344,7.1201815e-05,0.00020396769,3.9987317e-05,7.398834e-05,0.0012426416,0.0037942051,2.8477418e-05,0.0005803326,0.021055479,0.4928228,0.0031221195,0.1135877,0.10078952,3.1044075e-07,0.051733736,0.016714223,0.4887492,0.0034179548,5.168683e-07,0.999824,0.004420514,0.061049346,4.451317e-05,0.054923836,0.99999976,0.012355904
0.0022729826,0.01564387,0.12895828,0.00012659958,0.00030104426,7.09804e-05,0.00013279858,0.0017434111,0.006832896,5.112282e-05,0.0007675096,0.015512151,0.52524763,0.0035865067,0.15868513,0.11275459,6.894656e-07,0.048208266,0.019462008,0.3091934,0.0035877696,1.2298984e-06,0.9995436,0.0047843177,0.06967277,7.743038e-05,0.056250747,0.9999995,0.017061016
0.0012986554,0.008611109,0.13267292,7.06981e-05,0.00012102055,3.161236e-05,7.6915814e-05,0.0009421285,0.00806108,2.105785e-05,0.00030996857,0.004062948,0.5588773,0.0015414768,0.1813578,0.09821537,1.5612936e-07,0.022812365,0.0113425655,0.06524168,0.0012918365,3.630341e-07,0.99951446,0.001946115,0.05626227,3.1978212e-05,0.03551827,0.9999999,0.017160937
0.0028499407,0.017056394,0.14077874,0.00018615297,0.0003876705,0.00010378808,0.00019345853,0.0022463782,0.009347382,7.5686046e-05,0.0009709695,0.014667954,0.5355164,0.0042899754,0.18635832,0.12426505,1.1911732e-06,0.049039144,0.020980747,0.25668326,0.0040251,2.1798548e-06,0.99925333,0.0055295005,0.076479144,0.000112599744,0.058507536,0.99999917,0.021230962
0.04312395,0.069392316,0.33891663,0.014179223,0.01100311,0.009319028,0.0125020975,0.046392106,0.13199887,0.0078040934,0.029063733,0.043042507,0.6107125,0.078427434,0.52234864,0.37080798,0.00076426903,0.14261705,0.08238276,0.24950711,0.05123985,0.0014882046,0.9649799,0.084408715,0.24160041,0.008599003,0.15710765,0.9992459,0.15286168
0.0008114749,0.005973633,0.11988118,3.5436555e-05,6.2077605e-05,1.4642565e-05,3.9535866e-05,0.00053860695,0.0060236817,9.233529e-06,0.0001625903,0.0024098079,0.5694292,0.0008733852,0.16225122,0.08237999,4.7435925e-08,0.016213989,0.008407184,0.04212575,0.00074452575,1.1879442e-07,0.9997112,0.001123214,0.045774586,1.45861895e-05,0.027749684,1.0,0.013132624
0.00023044804,0.0026968007,0.08371523,5.5573437e-06,1.2237385e-05,1.938321e-06,6.359865e-06,0.00013606696,0.0021231852,1.0943609e-06,3.3387238e-05,0.0011132658,0.5455286,0.00023488935,0.099848054,0.050972357,2.1999407e-09,0.008500911,0.004034334,0.028255988,0.00021069775,6.1355254e-09,0.99994695,0.0003127279,0.026320258,1.904354e-06,0.016011048,1.0,0.005792275
0.028898112,0.059300654,0.2830609,0.006847571,0.0069841803,0.004658096,0.0062821633,0.029639706,0.078364596,0.003955488,0.017659795,0.04337119,0.5941129,0.0524681,0.45693597,0.31630662,0.00032693596,0.13230032,0.06953167,0.33281735,0.038880263,0.0005899042,0.98124975,0.059837107,0.20326652,0.0046028276,0.13933955,0.99970835,0.10495917
0.06721287,0.08748387,0.38600472,0.027821276,0.01895747,0.01870941,0.024210967,0.073638886,0.18615259,0.015696643,0.049533375,0.053621378,0.6144955,0.12268914,0.56937623,0.42761287,0.0020471213,0.16957991,0.10619805,0.2527779,0.07688315,0.003973315,0.94312686,0.12929498,0.2845244,0.016525721,0.18739726,0.9978154,0.20106868
0.06202439,0.14082223,0.36287484,0.025662428,0.026924012,0.020128237,0.022619957,0.08517958,0.102143735,0.019129476,0.07012227,0.17990142,0.55885136,0.2112721,0.47244623,0.4535035,0.0028074435,0.2824555,0.13317074,0.7498713,0.17967936,0.004556944,0.9746098,0.24833366,0.31222227,0.020391278,0.25856322,0.9968387,0.16783082
0.08930555,0.19277379,0.42698005,0.05049532,0.049179465,0.043123137,0.04501959,0.13264681,0.14210859,0.041246835,0.1247441,0.24170044,0.5687049,0.3336014,0.5005675,0.5163973,0.0074132495,0.3420828,0.1745032,0.7817891,0.2908202,0.011695191,0.96237564,0.38409364,0.37488955,0.041015737,0.3255063,0.99066496,0.22357397
0.0013627943,0.01002816,0.12167145,6.792003e-05,0.00014239845,3.2386943e-05,7.2989315e-05,0.0009941355,0.006231487,2.192723e-05,0.00035176007,0.0067241415,0.53244835,0.001755774,0.15474956,0.09400417,1.8655113e-07,0.02890645,0.012830131,0.127463,0.0015923248,3.8665823e-07,0.9996358,0.0022660939,0.05605562,3.4153614e-05,0.03951027,0.9999999,0.014938016
0.024409046,0.08674871,0.2604103,0.005472162,0.007952212,0.004073595,0.0049513653,0.03097898,0.036473837,0.0037257278,0.02406681,0.14555262,0.53334916,0.091944516,0.33623374,0.34832537,0.00032497727,0.22417355,0.082706116,0.83422047,0.08788898,0.00047604597,0.9943475,0.119412325,0.21772048,0.0043873014,0.19428352,0.9996959,0.07992214
0.00052107254,0.004074255,0.11237511,1.9376299e-05,3.2377277e-05,7.327424e-06,2.1990347e-05,0.00032660514,0.005047516,4.42398e-06,8.785818e-05,0.0013100242,0.57971156,0.00051674515,0.15549134,0.072691634,1.5410945e-08,0.011176655,0.0059975293,0.022883058,0.00042638116,4.2935792e-08,0.9998024,0.0006662266,0.037913136,7.127646e-06,0.021308798,1.0,0.010931341
0.002055879,0.010967726,0.1524966,0.00013805885,0.0002100875,6.5834814e-05,0.00014937235,0.0015231444,0.0122423535,4.502875e-05,0.0005389608,0.0048304484,0.5773328,0.0023836147,0.2210465,0.11703615,4.6135352e-07,0.027340675,0.014517387,0.06707233,0.0019705552,1.0554983e-06,0.99906677,0.0030016222,0.068759285,6.5388645e-05,0.04244503,0.99999964,0.022979457
0.03402055,0.056229692,0.33415148,0.0101017095,0.0075858734,0.0063455086,0.009208191,0.03477087,0.12147285,0.005058803,0.02020275,0.028913029,0.61758804,0.056159027,0.5124687,0.34808555,0.00039236146,0.11450937,0.06914634,0.17179228,0.03567193,0.00080472487,0.97066385,0.061586503,0.22209947,0.0056508905,0.13656765,0.9996099,0.13955623
0.0028012174,0.017895106,0.13587694,0.0001770435,0.00039763874,0.00010088587,0.0001836334,0.0022610698,0.0080815805,7.4822965e-05,0.0010156202,0.018317187,0.52379805,0.004657218,0.17199454,0.1242109,1.2028903e-06,0.05487847,0.021631341,0.3391857,0.0044909017,2.0924213e-06,0.99938977,0.006116853,0.076417774,0.000111883615,0.06132169,0.99999917,0.019888585
0.009890105,0.037832394,0.19045575,0.0011972158,0.001988658,0.0007853183,0.0011456618,0.009386062,0.022944855,0.0006549138,0.0050702663,0.04103019,0.53982115,0.01950102,0.28484905,0.2125013,2.7606156e-05,0.10390874,0.042461235,0.48014414,0.017176468,4.529771e-05,0.9967824,0.024144016,0.13036993,0.00086745515,0.10217853,0.99997854,0.04549432
0.0067644143,0.036113985,0.1674065,0.0006520971,0.0013597497,0.00044349043,0.0006154258,0.006640242,0.012092859,0.00035844484,0.003919758,0.059295047,0.51100355,0.017295199,0.21359015,0.19661957,1.2477457e-05,0.1125282,0.038654234,0.70441383,0.017870517,1.9170171e-05,0.99883574,0.023493899,0.117787324,0.00048979296,0.10508847,0.99999046,0.03121717
0.06847014,0.07878263,0.42276722,0.031763587,0.017421601,0.019599518,0.0272584,0.0720801,0.22037695,0.014950176,0.048723213,0.038688842,0.6287931,0.11717062,0.5846213,0.4399384,0.0018681865,0.14677069,0.100339495,0.15680438,0.064482026,0.0038609933,0.9357757,0.119265005,0.2872658,0.01567766,0.17894694,0.9980075,0.22670287
0.05082072,0.079700254,0.3411165,0.017366134,0.014231641,0.011993827,0.015281442,0.055596046,0.13564926,0.010334213,0.036240626,0.055693585,0.60367274,0.097179174,0.5275429,0.38860476,0.0011916165,0.16477492,0.09323213,0.31889418,0.06598326,0.0022210132,0.9614501,0.10554645,0.25625557,0.011308005,0.17294857,0.99881566,0.15974905
0.0007932924,0.007814713,0.099433854,2.7276817e-05,7.51132e-05,1.3017106e-05,3.0308853e-05,0.00053318695,0.0031920793,8.3690975e-06,0.00019475426,0.006695473,0.51907396,0.0010763889,0.106677465,0.07315811,4.905123e-08,0.026046056,0.010510944,0.17785992,0.0011174302,9.730695e-08,0.99987435,0.0014913987,0.0445789,1.3811255e-05,0.035037182,1.0,0.009063736
0.0010519294,0.007260881,0.12624618,5.1447612e-05,8.97174e-05,2.2131599e-05,5.6643967e-05,0.00072227896,0.0070066815,1.4359507e-05,0.0002320096,0.0031807083,0.56878144,0.001188215,0.17094678,0.090518266,8.997019e-08,0.019640896,0.009971027,0.05425389,0.0010105227,2.1464882e-07,0.9996238,0.0015258401,0.051569786,2.2350316e-05,0.0319094,0.9999999,0.014978635
0.00067118765,0.006927083,0.09545348,2.1460968e-05,5.9668513e-05,9.832363e-06,2.4020692e-05,0.00044053592,0.0028033305,6.274823e-06,0.00015440003,0.005755237,0.51961476,0.0008780851,0.10155658,0.0679113,3.2866684e-08,0.023359498,0.009495019,0.16069219,0.0009148338,6.616509e-08,0.99989784,0.0012264292,0.040867887,1.0272815e-05,0.03203179,1.0,0.008147304
0.0064995387,0.029703366,0.17024858,0.00063173246,0.0011849023,0.0004017117,0.0006179474,0.0058016465,0.015477824,0.00031758295,0.0030579362,0.03246173,0.5400968,0.012575803,0.24069202,0.17953463,1.0124245e-05,0.086297326,0.03451201,0.46372652,0.011624756,1.66455e-05,0.9982693,0.016110599,0.110678434,0.00044283288,0.08786375,0.9999927,0.033556946
0.006633033,0.023967735,0.19654864,0.0007440467,0.0010087149,0.00042531735,0.0007569888,0.0056631165,0.026310489,0.00032347778,0.002495224,0.013786499,0.5792577,0.009238301,0.3075981,0.18009368,8.581783e-06,0.057269316,0.02970507,0.15889893,0.0073832497,1.7049362e-05,0.9965431,0.011241646,0.111252755,0.00043191676,0.07250788,0.9999932,0.04361753
0.0012785473,0.010176639,0.115560524,5.79204e-05,0.00013626665,2.8405084e-05,6.2745436e-05,0.00091178017,0.005060666,1.9242649e-05,0.0003447575,0.008031166,0.5297837,0.0017443815,0.13765357,0.08944752,1.6289088e-07,0.031417932,0.013292492,0.17672913,0.0016905495,3.1915027e-07,0.99973124,0.0023273563,0.054244157,3.009153e-05,0.041118376,0.9999999,0.013007242
0.019936388,0.062408276,0.23022503,0.003400697,0.005143862,0.002503294,0.0031064895,0.020955563,0.03548939,0.0022002377,0.013649386,0.07999429,0.5464817,0.04857541,0.34565362,0.28730395,0.0001624592,0.16050582,0.0667845,0.66487616,0.044179756,0.00025420848,0.99363977,0.060276818,0.1786644,0.0027010299,0.1480626,0.9998634,0.06740886
0.0004711461,0.007040622,0.08221743,1.2305341e-05,4.6078727e-05,6.0533107e-06,1.358806e-05,0.00033857685,0.0014369731,3.880302e-06,0.00013326413,0.010338125,0.47354013,0.0008616495,0.06644802,0.06116563,1.6497715e-08,0.028738817,0.008840739,0.37100315,0.0010389992,2.9987046e-08,0.9999651,0.001306348,0.03695109,6.582419e-06,0.034253497,1.0,0.00563379
0.012202499,0.057294182,0.20592242,0.0017448458,0.003128298,0.0012559635,0.0015856051,0.013948029,0.018155186,0.0010625215,0.009993491,0.108105615,0.5186938,0.043091156,0.25545567,0.27255583,5.9882215e-05,0.17039448,0.056621112,0.836627,0.04444534,8.739034e-05,0.99796957,0.058848772,0.16150905,0.001354897,0.15020065,0.9999498,0.046787176
0.012860368,0.05440986,0.20141438,0.001777431,0.0031122628,0.0012737269,0.0016120188,0.013815068,0.021010716,0.0010846644,0.0090550585,0.08885539,0.5187484,0.036440585,0.2720433,0.25661182,6.169083e-05,0.15449785,0.05490947,0.7590477,0.03572676,9.323373e-05,0.9972619,0.047283914,0.15482442,0.0013952804,0.13757204,0.99994934,0.04920073
0.014774589,0.035854694,0.25333837,0.0026587243,0.0027198363,0.0016027695,0.0025828504,0.013785792,0.056613147,0.0012617061,0.0068442086,0.019288309,0.5988209,0.021865861,0.40905747,0.25018877,5.885311e-05,0.08019656,0.043810356,0.16401245,0.015732592,0.000117492564,0.9894163,0.025430504,0.15631916,0.00153697,0.09686601,0.99994934,0.07744089
0.021247663,0.08223111,0.2501021,0.0043334253,0.006783221,0.003265063,0.0039408896,0.026759356,0.030356502,0.0029326112,0.021251643,0.14553554,0.5319392,0.0842351,0.31431586,0.33976367,0.00023900066,0.22006854,0.07905246,0.8566389,0.08357385,0.00034278753,0.9957606,0.11165479,0.2081421,0.0035120023,0.19172661,0.9997812,0.070617355
0.0006580734,0.0077843326,0.090635434,2.0512267e-05,6.511106e-05,9.8882665e-06,2.2258087e-05,0.0004650865,0.0022088313,6.445323e-06,0.00017275893,0.0091943415,0.48712716,0.0010088644,0.08609601,0.06758073,3.431808e-08,0.028279383,0.009927257,0.27442947,0.0011252156,6.41041e-08,0.999928,0.0014663767,0.041545756,1.0711882e-05,0.03515505,1.0,0.007272548
0.00738776,0.02961888,0.1851026,0.0008036168,0.0012943317,0.0004922011,0.00079631817,0.006670252,0.021613287,0.0003975895,0.0032751283,0.025490325,0.5506112,0.012644878,0.2782178,0.18651824,1.2551248e-05,0.07882797,0.034476254,0.32379037,0.010702129,2.210186e-05,0.99722916,0.015458508,0.11457791,0.00053329545,0.08477838,0.99999034,0.041223798
0.0011061212,0.0074777883,0.13103257,5.6354045e-05,9.342267e-05,2.4474204e-05,6.225254e-05,0.00078841613,0.007603826,1.6131626e-05,0.00024340382,0.0032038554,0.5609696,0.0012707714,0.17811188,0.09376356,9.99632e-08,0.01988411,0.01004277,0.050945155,0.0010372649,2.4343828e-07,0.99957865,0.0016167786,0.05297175,2.4624527e-05,0.032354124,0.9999999,0.016240822
4.806934e-06,0.00020450243,0.02496931,1.6408935e-08,7.344596e-08,3.663005e-09,2.1490582e-08,1.866043e-06,7.992527e-05,1.4495832e-09,2.617661e-07,9.0305875e-05,0.5071378,4.1003923e-06,0.021466669,0.0112517355,1.8713541e-13,0.0011684117,0.000410434,0.010066833,4.495177e-06,6.853255e-13,0.99999976,6.3209254e-06,0.0044825124,3.5044754e-09,0.0027872783,1.0,0.00041581193
0.0419312,0.13834247,0.3371108,0.01555792,0.019617423,0.01254938,0.01413001,0.06374524,0.064139634,0.012011922,0.058905635,0.22352743,0.5488399,0.20486774,0.39122415,0.44181448,0.0013687824,0.30558944,0.12368148,0.8693241,0.19389379,0.001955801,0.9894258,0.25662675,0.2979087,0.013034272,0.27049306,0.99846387,0.1275914
0.0010456857,0.011543172,0.10191695,3.9151706e-05,0.00012698247,2.1794223e-05,4.1578456e-05,0.00081079867,0.0026851797,1.4805519e-05,0.0003617616,0.017597307,0.48401204,0.0020308353,0.093048275,0.08489522,1.1741813e-07,0.043098204,0.013857292,0.46864605,0.0023528733,1.9995949e-07,0.99990046,0.0029613965,0.05257933,2.3596256e-05,0.04856598,0.9999999,0.009258697
0.0042701135,0.021523753,0.15612584,0.0003306063,0.0006407544,0.00019616526,0.00034094558,0.0034555704,0.012715384,0.00014776814,0.0015864425,0.018611474,0.54650164,0.006620763,0.21927448,0.14576812,3.1917023e-06,0.059991296,0.026488634,0.29577187,0.006121786,5.66999e-06,0.9987526,0.008467289,0.09066419,0.00021213235,0.06898107,0.99999774,0.02687728
0.0066342587,0.02326868,0.20312746,0.0007706404,0.0009877279,0.000433591,0.00079125736,0.0056743966,0.028739318,0.00032846993,0.0025289296,0.012253626,0.59120405,0.009271727,0.3156455,0.18465412,8.39917e-06,0.055646285,0.029091174,0.13826945,0.007341728,1.7111995e-05,0.99632734,0.011361452,0.113868296,0.0004409586,0.07188613,0.9999933,0.045480825
0.00032334862,0.0040731616,0.08092793,7.713516e-06,2.1941643e-05,3.0988604e-06,8.850465e-06,0.00019571632,0.0018291763,1.8258121e-06,5.8101243e-05,0.0027556836,0.52160627,0.00037681602,0.08366982,0.05227345,5.362444e-09,0.014108075,0.0059000673,0.086132914,0.00038906385,1.22183454e-08,0.9999517,0.0005266086,0.02974104,3.1748718e-06,0.02197806,1.0,0.0055837184
0.00032108644,0.0037074713,0.08629104,8.493792e-06,2.0414343e-05,3.2224336e-06,9.541869e-06,0.0001961877,0.0022942796,1.8747281e-06,5.4812437e-05,0.0019285647,0.53897345,0.00035513428,0.09752814,0.055172842,5.1684927e-09,0.0118814865,0.0053679124,0.051222697,0.00033521396,1.2945032e-08,0.9999356,0.00047597522,0.030129561,3.25865e-06,0.02023515,1.0,0.0064416234
0.0008059734,0.009685943,0.0956074,2.7381691e-05,9.054283e-05,1.431339e-05,2.9364499e-05,0.0006131829,0.0022433216,9.602044e-06,0.0002564821,0.014250598,0.48016626,0.0014941513,0.08535783,0.07565265,6.209107e-08,0.036728594,0.011813732,0.41347462,0.0017348363,1.0855127e-07,0.9999263,0.0022051362,0.046703227,1.5540489e-05,0.042423505,1.0,0.007957918
0.001956421,0.013246728,0.12962459,0.000111848625,0.00023806842,5.7567326e-05,0.00011717706,0.0014849607,0.0073414505,4.0304923e-05,0.0005976392,0.010481892,0.53691095,0.0028304805,0.16500954,0.108020894,4.6894422e-07,0.03900716,0.016730743,0.20063591,0.0026288442,8.987943e-07,0.9995135,0.003676554,0.066023104,6.242625e-05,0.04910557,0.99999964,0.017392786
0.12571847,0.25586757,0.48467436,0.09707879,0.08811986,0.09000838,0.08727425,0.19125341,0.19472122,0.08584296,0.20176226,0.31592947,0.5803755,0.45707968,0.5129453,0.5600685,0.018575776,0.40011996,0.22489406,0.79656786,0.411607,0.027691942,0.9431383,0.5099927,0.4381621,0.078373514,0.3951087,0.9742284,0.28170675
0.0051665152,0.035229653,0.15873906,0.00048747292,0.0010351267,0.00031273268,0.00045050148,0.005579044,0.008106902,0.00024893542,0.0035785371,0.07931384,0.48917034,0.017879961,0.17285761,0.1975998,7.736805e-06,0.124046795,0.03528811,0.83214533,0.019791033,1.1346997e-05,0.9994312,0.026045598,0.11281775,0.0003430793,0.10913599,0.99999404,0.026232922
0.053103242,0.13868922,0.3433646,0.019770928,0.023203624,0.016049534,0.017660629,0.0739195,0.08266711,0.015307375,0.06305867,0.19401759,0.5547949,0.19945511,0.43737832,0.44363564,0.0020724405,0.28942442,0.1284801,0.80719286,0.1800063,0.0031726495,0.9819463,0.24159852,0.30104336,0.016563559,0.26149896,0.9977143,0.1458831
0.06081364,0.15564267,0.37189227,0.026586449,0.02950022,0.021768328,0.02374518,0.08967261,0.09605263,0.020835519,0.08003661,0.21428044,0.55856526,0.24591886,0.45338234,0.47180808,0.003037757,0.3110987,0.14185402,0.81212026,0.21907708,0.0046774317,0.9788067,0.29384586,0.32635555,0.02213283,0.28396255,0.9964774,0.1679844
9.814488e-05,0.0017464968,0.061742365,1.4406625e-06,4.3349223e-06,4.795144e-07,1.7154553e-06,5.3841537e-05,0.0008669449,2.5265678e-07,1.2795391e-05,0.0009178624,0.52777076,0.000106489984,0.06090838,0.03524936,2.8923397e-10,0.0066202204,0.0027532422,0.036573105,0.00010759532,7.9811024e-10,0.9999871,0.00014938788,0.017765205,4.815202e-07,0.01224326,1.0,0.0030057789
0.003460367,0.023001907,0.13971269,0.00023966287,0.000570475,0.00014873293,0.00023550807,0.0030935514,0.007441283,0.000113677845,0.0015685698,0.034591082,0.5012551,0.0073132277,0.16528057,0.14268719,2.2822403e-06,0.075478196,0.025835939,0.5712525,0.0076532005,3.6410727e-06,0.99945873,0.010156601,0.087526165,0.00016481239,0.07626352,0.99999833,0.020411905
0.008407207,0.023482885,0.23835415,0.0012249717,0.0012006761,0.0006665918,0.0012499427,0.0072683836,0.04493025,0.00048919825,0.0031198808,0.0091276765,0.61006665,0.010660091,0.3789484,0.20956388,1.350798e-05,0.050556477,0.029986354,0.07625973,0.007544845,3.0151048e-05,0.9934731,0.012701271,0.12677355,0.00061798794,0.071974374,0.9999883,0.061646566
0.0005751624,0.00882013,0.08651451,1.6895663e-05,6.330189e-05,8.8852485e-06,1.8021547e-05,0.00045895728,0.0014407323,5.8831956e-06,0.00019745668,0.017364131,0.45512775,0.0012756474,0.0650127,0.06968057,3.023285e-08,0.037434526,0.010248868,0.54354554,0.0016254723,5.0760452e-08,0.9999647,0.0020049023,0.0423426,9.73476e-06,0.04143622,1.0,0.0061288686
0.17128545,0.23655784,0.5027526,0.13564926,0.099064074,0.11648777,0.11669553,0.22444023,0.2724104,0.106261484,0.21815369,0.24044912,0.589408,0.43696892,0.5862296,0.5668411,0.029038116,0.35302648,0.22845119,0.6235042,0.35142955,0.049063466,0.8886563,0.46632558,0.43392718,0.09691673,0.36572748,0.9614943,0.33499247
0.0098938495,0.025222553,0.25321555,0.0015941398,0.0014422924,0.00087251177,0.00160728,0.008637662,0.053651616,0.00063582935,0.0037789124,0.009355572,0.61529166,0.012458738,0.40193304,0.22460301,1.9485724e-05,0.05292107,0.032281682,0.07113782,0.008571931,4.4032204e-05,0.9916986,0.014689846,0.13580798,0.0007945237,0.07584434,0.9999827,0.07014775
0.17959714,0.27930167,0.5276433,0.16527194,0.12458941,0.1502355,0.14360912,0.24676871,0.27971736,0.13810357,0.26090893,0.30827075,0.59239304,0.5031736,0.56313497,0.5823871,0.037359748,0.39566374,0.2548751,0.6990161,0.43258268,0.060202233,0.89272857,0.5391183,0.46870965,0.11923682,0.4119642,0.94674546,0.34978434
0.003244569,0.014995854,0.17165102,0.00027313954,0.00038996746,0.00013914004,0.00028898145,0.002591243,0.01721903,9.988754e-05,0.0010012181,0.0071592997,0.5785846,0.0041521783,0.25449815,0.14044428,1.4591297e-06,0.03662291,0.019084977,0.09075788,0.0033324903,3.1929808e-06,0.9983891,0.0051197056,0.08374729,0.00014049311,0.05245036,0.9999989,0.030738072
0.0015758857,0.008130195,0.15420486,0.00010316506,0.00013569872,4.4956534e-05,0.00011260136,0.0011231498,0.012761645,2.938966e-05,0.00035388212,0.0026246745,0.5912316,0.0016473281,0.23413962,0.111729205,2.3011202e-07,0.019476809,0.011128623,0.031685527,0.0012675559,5.921421e-07,0.99912065,0.00205639,0.06206146,4.2847096e-05,0.03397864,0.9999999,0.022663658
0.0005979394,0.0058472436,0.09787147,1.9689256e-05,4.76045e-05,8.439991e-06,2.20346e-05,0.0003854825,0.00322602,5.212286e-06,0.00012194368,0.00364865,0.53353053,0.0006993998,0.11185844,0.06707086,2.3977037e-08,0.018238418,0.008135025,0.089544445,0.000673565,5.3276505e-08,0.99987733,0.0009361882,0.039128404,8.662439e-06,0.027850077,1.0,0.008698422
0.00096281874,0.0065151895,0.13047288,4.741245e-05,7.5184944e-05,1.9889147e-05,5.275027e-05,0.0006715299,0.0075519504,1.2887471e-05,0.00019871231,0.002444618,0.5691818,0.0010557993,0.18053098,0.090916276,6.9292696e-08,0.017024182,0.0088969795,0.037246514,0.00084224215,1.7716356e-07,0.99960214,0.0013320384,0.050114498,1.9493122e-05,0.029470664,1.0,0.015750203
0.004633514,0.021418374,0.16531688,0.00040137506,0.0006911215,0.00023047507,0.00040814586,0.0038045973,0.015746286,0.00017232606,0.0016821304,0.015779665,0.555156,0.006797081,0.24234597,0.15294081,3.7974776e-06,0.056162253,0.026218265,0.22623262,0.0059149116,7.0857686e-06,0.9983088,0.008465604,0.09443616,0.0002459302,0.06750172,0.99999726,0.030849377
0.0011527104,0.010095474,0.10721214,4.5870605e-05,0.00012353361,2.3519131e-05,4.968733e-05,0.00080633105,0.0039491337,1.5731635e-05,0.00031058266,0.00960541,0.5149485,0.001601414,0.119061306,0.08337313,1.2599915e-07,0.032610882,0.013100202,0.23320441,0.0016629748,2.3700797e-07,0.99981123,0.002200956,0.0517589,2.4971563e-05,0.041782986,0.9999999,0.010879931
0.00048497942,0.006782781,0.08326786,1.2279459e-05,4.487892e-05,6.0410434e-06,1.3663572e-05,0.0003322319,0.0015410798,3.816644e-06,0.00012547096,0.008977445,0.47971505,0.0007817139,0.07007055,0.059518386,1.5960456e-08,0.026302569,0.008787818,0.31475803,0.00093126675,2.9749375e-08,0.9999608,0.0011740038,0.036827743,6.4042774e-06,0.033304706,1.0,0.005652512
0.009886379,0.02712674,0.24102043,0.0015523393,0.00156361,0.00087189756,0.0015479296,0.008957279,0.04720227,0.0006588701,0.003989291,0.012093519,0.60011715,0.01359806,0.3824451,0.22160104,2.0973715e-05,0.059419964,0.033531215,0.10268852,0.009488096,4.496224e-05,0.9926363,0.015940763,0.13582233,0.00082417106,0.07935596,0.99998164,0.06612496
0.00041999648,0.0031807367,0.11086342,1.4381654e-05,2.2080225e-05,5.1895095e-06,1.6701437e-05,0.00025000863,0.0049597477,3.0281265e-06,6.165237e-05,0.00082666194,0.5906622,0.00037271442,0.16221996,0.06813625,8.699308e-09,0.00853348,0.004901041,0.01341755,0.00029690444,2.6160759e-08,0.9998167,0.0004765109,0.034018442,4.86075e-06,0.01776094,1.0,0.010350177
0.00021276416,0.0012479281,0.12383142,7.045708e-06,6.206322e-06,2.015627e-06,8.402205e-06,0.00011510359,0.0064422186,9.674997e-07,2.1722906e-05,0.000130849,0.6468391,0.00014704342,0.21969056,0.06580552,1.3749794e-09,0.0032317978,0.0022859809,0.0014462175,9.014567e-05,5.7980176e-09,0.9998294,0.00018461356,0.026499102,1.5865342e-06,0.009338736,1.0,0.010457109
0.0064238347,0.023250185,0.19448571,0.00071116834,0.0009573181,0.00040382307,0.0007284078,0.0054465667,0.026465945,0.0003057253,0.0023401869,0.0128829265,0.5798039,0.008742425,0.3062173,0.17838337,7.880127e-06,0.055352647,0.028777575,0.14511073,0.0069128936,1.5799835e-05,0.99652714,0.010579499,0.11010007,0.0004136143,0.07059118,0.9999938,0.043497045
0.0028593184,0.02353123,0.13552085,0.000188115,0.00048570088,0.00011883001,0.00018508114,0.002753661,0.0050801933,8.958788e-05,0.001588725,0.0487522,0.49009213,0.0084164385,0.13540655,0.14796075,1.6967249e-06,0.08746261,0.02539671,0.75630164,0.009657083,2.5699119e-06,0.99971944,0.012473225,0.08649968,0.0001279977,0.08401659,0.9999988,0.01735612
4.152065e-05,0.00092061225,0.046864264,3.8717488e-07,1.3379672e-06,1.1351876e-07,4.825196e-07,1.9761172e-05,0.0004214071,5.5553816e-08,3.9971005e-06,0.0004668563,0.52168685,3.957755e-05,0.044262808,0.024809435,3.348522e-11,0.003997686,0.0015975983,0.025316417,4.1907104e-05,9.7969605e-11,0.9999958,5.8496356e-05,0.011944339,1.1214754e-07,0.007934375,1.0,0.0016198764
0.0030348792,0.013903589,0.16960935,0.0002451125,0.00034719714,0.00012257742,0.00026376767,0.00234101,0.01676876,8.673463e-05,0.00087807135,0.0061353114,0.5855018,0.0036875864,0.25522253,0.13687873,1.1999537e-06,0.03367832,0.018225562,0.07778377,0.0029723635,2.6790115e-06,0.9984617,0.0045781974,0.081184186,0.00012299787,0.049772687,0.99999905,0.029544363
0.07230795,0.1233025,0.3647233,0.029393133,0.02711597,0.022534605,0.025456334,0.08878229,0.13637163,0.020974103,0.067637056,0.1232685,0.58008456,0.18111938,0.5263609,0.444727,0.003366094,0.24338947,0.12941673,0.5794499,0.13979259,0.005775338,0.9581676,0.20305757,0.3025454,0.022130353,0.23367164,0.9964206,0.18400525
0.031813245,0.06720398,0.28584406,0.008016251,0.008340822,0.0055270623,0.0071995184,0.034371633,0.07930427,0.0048860037,0.020822298,0.057036262,0.57830536,0.063868605,0.45366406,0.32941833,0.00042316222,0.1501906,0.07545356,0.4045788,0.047542196,0.00075569365,0.9811963,0.072273955,0.21335013,0.0055389926,0.15061343,0.99960464,0.11075
0.12084558,0.13034134,0.45362747,0.07043855,0.042693764,0.05002217,0.05914185,0.13906242,0.2665198,0.042585734,0.11021221,0.090788044,0.61109936,0.23911555,0.6123987,0.50523525,0.008620807,0.22959787,0.15466127,0.32440048,0.15073049,0.01614108,0.9020294,0.24465662,0.35173285,0.04211187,0.24871784,0.99013954,0.2832064
0.0037322931,0.01333729,0.20193699,0.00038078608,0.00039587056,0.00018307866,0.0004066512,0.0029029218,0.027670546,0.00012512399,0.0010486562,0.00405243,0.61283565,0.004113364,0.31859526,0.15837498,1.8168772e-06,0.029424608,0.0178941,0.036956355,0.0029682624,4.5211923e-06,0.99720407,0.005024815,0.09078668,0.00017069365,0.048329532,0.99999857,0.040816464
0.0110238595,0.035671562,0.20927873,0.0014877052,0.002092888,0.00094169815,0.0014438583,0.010110402,0.031242045,0.00076272804,0.005207231,0.028245915,0.56925,0.018568989,0.33095518,0.21686718,3.303118e-05,0.08930248,0.04248216,0.3199106,0.015265019,5.85754e-05,0.9950328,0.022390725,0.135449,0.0009854144,0.09674731,0.99997437,0.053246997
0.00735949,0.03358059,0.17465848,0.00074701174,0.0014151293,0.00049199123,0.00072048913,0.0068392735,0.015799295,0.00039739814,0.0037314172,0.04118936,0.5310813,0.015242573,0.24379604,0.1906223,1.3976587e-05,0.097190246,0.03801498,0.5405193,0.014410131,2.2445623e-05,0.9981838,0.019641416,0.117159724,0.000538503,0.09635414,0.9999895,0.035228595
0.009674378,0.041561175,0.18574876,0.0011790904,0.0020891668,0.0007888126,0.0010920984,0.009699739,0.019115126,0.00066120666,0.0057125255,0.057020612,0.5258941,0.023179848,0.26231387,0.22031425,2.9915733e-05,0.12053842,0.044402316,0.62876976,0.021601783,4.699427e-05,0.9975879,0.029425643,0.13246325,0.0008845389,0.111134805,0.9999771,0.04302604
0.0005771902,0.007717003,0.08799157,1.7126018e-05,5.85606e-05,8.458459e-06,1.8660392e-05,0.00042178933,0.0018689184,5.450485e-06,0.00016457903,0.010038698,0.48378113,0.001007631,0.07691096,0.06594207,2.7422251e-08,0.029410006,0.0096738925,0.32487693,0.0011501751,5.0561976e-08,0.9999461,0.0014629901,0.039820597,9.213721e-06,0.03575783,1.0,0.0067798453
0.0071068513,0.0273324,0.18765596,0.00077062985,0.0011848792,0.00046322774,0.0007721246,0.006122624,0.02289207,0.00036150578,0.0029891732,0.020207,0.5700995,0.011300209,0.2863265,0.18400575,1.1097706e-05,0.07098176,0.0332039,0.2633961,0.009637283,2.0277317e-05,0.9970457,0.0139438845,0.113638826,0.00049520965,0.08084669,0.9999918,0.040936578
0.0073160436,0.018037321,0.26529482,0.0011588141,0.0008543305,0.0005594962,0.0011818295,0.0060212635,0.055590816,0.00037166313,0.0023698546,0.0046757758,0.6274252,0.008218627,0.40907204,0.21467021,8.133911e-06,0.036306627,0.024272755,0.02952822,0.0050328746,2.072152e-05,0.9928636,0.009656403,0.12237808,0.00046948146,0.06070187,0.9999926,0.0699911
0.000112676,0.0016284884,0.068808325,1.912143e-06,4.6028786e-06,6.084426e-07,2.2501963e-06,6.0832128e-05,0.001249888,3.2043147e-07,1.3250973e-05,0.0006206908,0.54502475,0.0001069417,0.079234675,0.03899574,3.7938394e-10,0.005553255,0.002595702,0.019150047,9.830204e-05,1.142839e-09,0.9999778,0.00014433403,0.01891317,5.884419e-07,0.01133371,1.0,0.0037285287
0.009348476,0.022781914,0.26572675,0.0015800874,0.0012791588,0.00082717615,0.0016003402,0.00808595,0.058303334,0.00057662,0.0034613835,0.007255538,0.6221034,0.01150073,0.41213572,0.22819015,1.6369133e-05,0.046854552,0.029590368,0.05040218,0.0074416106,3.882837e-05,0.9913812,0.013479095,0.13440499,0.00071845175,0.07149592,0.99998534,0.07418955
0.017942064,0.05694784,0.22575374,0.0030802288,0.0044299276,0.0021508243,0.0027678288,0.018924339,0.03648428,0.0018774084,0.011655879,0.06775685,0.5436027,0.04185024,0.34256816,0.27450046,0.00012554026,0.14638934,0.06014156,0.5909647,0.0359789,0.00020351836,0.99364305,0.05019448,0.16972831,0.0023429997,0.13561226,0.9998957,0.06807965
1.6226666e-07,1.31385295e-05,0.009980545,1.092538e-10,5.3941696e-10,1.4734375e-11,1.590701e-10,3.9578982e-08,8.72347e-06,4.2779734e-12,2.6668476e-09,2.5244196e-06,0.54170245,8.752971e-08,0.010907023,0.0033020675,4.4643143e-17,0.00010709548,3.904142e-05,0.0006802197,8.726051e-08,2.7055868e-16,1.0,1.3782719e-07,0.00086890033,1.3089611e-11,0.00039357334,1.0,5.6822122e-05
0.02288977,0.10075965,0.28425595,0.006058573,0.009019998,0.004685708,0.0054851864,0.033878736,0.03428515,0.0043098046,0.031057732,0.19532856,0.5375868,0.13012081,0.31239796,0.38681844,0.00033412024,0.26674077,0.09173858,0.9034168,0.1315266,0.00046003482,0.99620503,0.17539829,0.2441479,0.0048832223,0.23173667,0.99965537,0.08081941
5.470064e-05,0.0010031578,0.05359451,6.1599115e-07,1.7593026e-06,1.8203063e-07,7.5634347e-07,2.6553647e-05,0.0006441216,8.973523e-08,5.240371e-06,0.0003993722,0.5405117,4.906149e-05,0.057109863,0.028660813,6.465091e-11,0.0039115003,0.0017233209,0.01677715,4.7638743e-05,1.9804111e-10,0.999992,6.9007234e-05,0.013436312,1.7675652e-07,0.008238817,1.0,0.0022013653
0.02170121,0.07954627,0.2454749,0.0044734967,0.0065765153,0.0032514902,0.0039886883,0.026674176,0.033614326,0.0029495808,0.019495212,0.13320597,0.5249085,0.07484562,0.32565787,0.32630187,0.00023514591,0.20634009,0.07560005,0.8112068,0.071152896,0.00035261587,0.9948473,0.095916584,0.20217422,0.0035277402,0.17817773,0.9997824,0.07383074
0.04460809,0.15003903,0.36143324,0.019084197,0.022761738,0.015480376,0.017417978,0.07184579,0.0721221,0.014916618,0.06781674,0.23946056,0.553437,0.23892239,0.40167278,0.46213654,0.0016505097,0.32101718,0.13084476,0.86990213,0.22249623,0.0024171362,0.9885129,0.2967768,0.32004598,0.015642196,0.28604314,0.9980106,0.14183939
0.105899535,0.11654931,0.44388396,0.0585882,0.034783177,0.040346082,0.04930876,0.120791994,0.2590193,0.03381573,0.09127564,0.07496244,0.61420166,0.20620798,0.6051392,0.49151742,0.0058991862,0.21016668,0.14023498,0.27620375,0.124804206,0.011448056,0.91207904,0.20957045,0.33860716,0.03401161,0.23193935,0.9932116,0.27032727
0.00032974064,0.0031529944,0.09593131,9.6663125e-06,1.8421464e-05,3.4502652e-06,1.1114462e-05,0.00019728809,0.003207678,2.0231917e-06,5.0499744e-05,0.0011104969,0.5678018,0.00032776204,0.12321064,0.059888266,5.0735065e-09,0.00939578,0.0047443914,0.023666708,0.00027891612,1.4112939e-08,0.9999007,0.0004300964,0.030941186,3.3880715e-06,0.0179119,1.0,0.007837376
0.03384761,0.10641245,0.29136103,0.009404283,0.012470723,0.00720831,0.008430601,0.045125622,0.0503338,0.0066994606,0.036204413,0.16723149,0.5386989,0.12872776,0.37819505,0.3871051,0.0007339365,0.24988888,0.09969931,0.8290626,0.11970241,0.001085402,0.99085486,0.16172786,0.24896327,0.0076766736,0.2192644,0.99927634,0.10261349
0.06891212,0.07399892,0.44410238,0.03316034,0.016231066,0.019383619,0.028212175,0.06998717,0.23726965,0.013924917,0.047323063,0.031969782,0.63600916,0.111901656,0.5900039,0.44572827,0.0016741722,0.13447383,0.09792553,0.11758468,0.05789191,0.003582101,0.93397266,0.1124174,0.28745848,0.014717836,0.17443977,0.9981926,0.23859023
0.03125919,0.05777139,0.30427524,0.008170901,0.0072581414,0.0053621717,0.0075084916,0.031997528,0.09639487,0.0044636223,0.018659284,0.03576225,0.6056506,0.05359316,0.48454726,0.32821015,0.00036065173,0.1235064,0.06930033,0.24789898,0.037032507,0.00068695925,0.97639775,0.059957232,0.2110993,0.00508204,0.13694818,0.99966264,0.119642824
0.028119573,0.06286988,0.26936203,0.0062431493,0.0071165417,0.004383146,0.00570416,0.029012527,0.06565979,0.0038061843,0.017906759,0.054441188,0.58197176,0.05546473,0.43433478,0.3130143,0.00032858583,0.14549853,0.07223517,0.43679577,0.04340329,0.00056166394,0.9846469,0.06422242,0.1999207,0.0044601257,0.14543675,0.99971515,0.09617905
0.0042086877,0.018385775,0.17352086,0.0003798871,0.0005713326,0.00020472915,0.0003943686,0.0034329027,0.017999632,0.00014995203,0.0014029365,0.010493392,0.56983334,0.0056555383,0.26116997,0.15077525,2.876608e-06,0.045648504,0.023112465,0.13781236,0.0046448545,5.8380524e-06,0.99808395,0.0069948765,0.09199021,0.00021020613,0.060290862,0.99999785,0.032705482
0.0024321156,0.012030429,0.16063398,0.00018071283,0.00026102303,8.685191e-05,0.0001936058,0.0018334795,0.014317145,6.0099323e-05,0.00067017996,0.0052196104,0.58329034,0.0028980304,0.23624393,0.12593506,7.0553443e-07,0.029808072,0.015847206,0.0694978,0.0023540948,1.5991588e-06,0.9988285,0.0036328372,0.07433787,8.716895e-05,0.045042474,0.9999995,0.02595641
0.0018247545,0.012444924,0.13035232,0.00010275633,0.00021097696,5.18417e-05,0.00010968101,0.0013976716,0.007502918,3.641976e-05,0.0005305728,0.009070736,0.5342731,0.0025465193,0.16825004,0.10608676,3.8820272e-07,0.035759594,0.015625339,0.1660238,0.0023066632,7.68578e-07,0.9995009,0.0032690663,0.06367906,5.5747387e-05,0.04641346,0.99999976,0.017593456
1.5081305e-06,9.3414026e-05,0.01784568,3.0262486e-09,1.5406274e-08,5.8634625e-10,4.111175e-09,5.4060195e-07,3.313264e-05,2.1103332e-10,6.1910136e-08,3.9405142e-05,0.49500698,1.2698002e-06,0.015100749,0.0074699074,1.1954476e-14,0.00062073313,0.00020084593,0.006451332,1.4498612e-06,5.0206353e-14,0.9999999,2.0200548e-06,0.0026284794,5.5740995e-10,0.0015805186,1.0,0.0002026959
0.0033737638,0.021709846,0.13946919,0.00022789354,0.0005371863,0.00013902839,0.0002291468,0.0028919105,0.007790338,0.00010587618,0.0014391368,0.028905474,0.50992763,0.0066760425,0.16923392,0.13814852,2.044085e-06,0.070498094,0.025226181,0.5055223,0.006799276,3.3461347e-06,0.99941945,0.009058096,0.084899895,0.00015391657,0.072611764,0.99999857,0.020580508
0.0008343498,0.0058212816,0.1240931,3.8754755e-05,6.2850406e-05,1.5715395e-05,4.300683e-05,0.00056148035,0.006729937,9.936477e-06,0.00016464981,0.0021543568,0.5702851,0.00088164856,0.1708375,0.0855751,4.9462354e-08,0.015537884,0.008061461,0.034535114,0.0007131993,1.2635316e-07,0.99966526,0.0011205913,0.047079884,1.5410627e-05,0.027198903,1.0,0.014162536
6.418982e-05,0.0013187088,0.053544387,7.706625e-07,2.5116326e-06,2.423378e-07,9.2671075e-07,3.37773e-05,0.000590072,1.221072e-07,7.3780157e-06,0.0007278138,0.5122755,6.650887e-05,0.05009957,0.029532092,1.03511456e-10,0.0053273393,0.00211224,0.03367533,6.8984344e-05,2.9025635e-10,0.9999927,9.55145e-05,0.01473667,2.3888987e-07,0.010050286,1.0,0.0021919478
0.04521766,0.06260483,0.3716188,0.015919676,0.010286689,0.009863907,0.014310815,0.045775294,0.15775493,0.007572437,0.028288346,0.029922737,0.628477,0.07209673,0.5474502,0.38223016,0.0007476057,0.12221214,0.07939494,0.15364861,0.043594778,0.0015324317,0.9573996,0.07702905,0.24413653,0.008264966,0.14952293,0.999258,0.16991214
0.028619515,0.0859769,0.26615754,0.0067463852,0.008967972,0.0049922266,0.005939155,0.03458339,0.047647815,0.004558742,0.025169795,0.12290407,0.54128385,0.08878904,0.3750783,0.34680855,0.00043717035,0.20956597,0.08395239,0.7521111,0.07927824,0.0006825468,0.9910005,0.108735286,0.21839678,0.005369106,0.18508948,0.99959725,0.09217037
3.5440135e-06,0.000264613,0.019055262,8.287427e-09,6.635088e-08,2.1250612e-09,1.1085363e-08,1.4812402e-06,2.900124e-05,8.896672e-10,2.5799207e-07,0.00030846448,0.42929217,4.344545e-06,0.009985041,0.0086849965,1.03282136e-13,0.00200466,0.00046913142,0.06933561,6.321196e-06,2.935799e-13,0.9999999,7.905447e-06,0.0038917623,2.2058568e-09,0.0035367752,1.0,0.00022485544
0.0015964479,0.016017871,0.114500135,7.320513e-05,0.00022510148,4.439612e-05,7.475414e-05,0.0013498612,0.0033578882,3.1627675e-05,0.00068643334,0.02963904,0.48219025,0.0037731738,0.10619176,0.107550085,3.485649e-07,0.06008617,0.018343754,0.6301112,0.0044974573,5.6255914e-07,0.99985933,0.005601111,0.06527472,4.7773316e-05,0.06317478,0.99999976,0.011699579
0.0001616956,0.0025345278,0.066666305,2.7320275e-06,8.585164e-06,1.0027339e-06,3.2319283e-06,8.958805e-05,0.0010584082,5.501599e-07,2.3482397e-05,0.0016360086,0.514844,0.00017281312,0.0646657,0.039455973,9.666017e-10,0.009417588,0.0038765196,0.062422194,0.00018389587,2.363291e-09,0.9999801,0.00024660217,0.021655928,9.99667e-07,0.015858678,1.0,0.003565874
0.0013264182,0.007020652,0.15184829,8.177603e-05,0.0001047042,3.4479763e-05,9.071904e-05,0.0009246657,0.012091206,2.2062712e-05,0.00028369206,0.002046021,0.59984225,0.0013525253,0.22880839,0.106770925,1.4778493e-07,0.017018622,0.009838957,0.024882155,0.0010321297,3.945891e-07,0.9992379,0.0016946903,0.058224794,3.25608e-05,0.031023957,0.9999999,0.021319458
0.0076981024,0.026637383,0.20022318,0.00092377013,0.00125116,0.0005388534,0.0009276042,0.006702288,0.028701667,0.00041528489,0.0030766507,0.016201498,0.5799654,0.011273007,0.31600377,0.19193247,1.2743574e-05,0.06467686,0.032482892,0.18468545,0.008947852,2.4553592e-05,0.99599767,0.013564478,0.11858366,0.00056086126,0.07798434,0.99999,0.047136277
0.169026,0.22321483,0.50252205,0.13150316,0.09216867,0.11012556,0.11222463,0.21890853,0.2801962,0.09951379,0.20849171,0.21662155,0.59236705,0.42136532,0.5956044,0.5654743,0.02634893,0.33835888,0.22062437,0.58145005,0.32838535,0.045965277,0.88634694,0.44713718,0.42720997,0.09135653,0.35351917,0.9653746,0.33751625
0.012033762,0.0384064,0.21111482,0.001665579,0.0023855201,0.0010820657,0.0016085936,0.011137474,0.032353975,0.0008911858,0.006033073,0.032480232,0.57014704,0.021410339,0.3327772,0.22685201,4.141901e-05,0.09842939,0.045314454,0.36553007,0.018004121,7.194062e-05,0.994795,0.026094425,0.14133427,0.0011559883,0.10308984,0.9999677,0.054862995
1.6989368e-07,2.5914787e-05,0.0075729396,9.343673e-11,9.638567e-10,1.558515e-11,1.3763587e-10,4.716473e-08,3.348481e-06,4.732522e-12,4.5591704e-09,1.7367582e-05,0.44935304,1.4424728e-07,0.0045772567,0.0028690624,6.424028e-17,0.00027270525,6.2238476e-05,0.010369468,2.073948e-07,2.7069497e-16,1.0,2.70794e-07,0.000936878,1.5531852e-11,0.00068565994,1.0,3.3767676e-05
0.00020917009,0.003959377,0.06574931,3.6339682e-06,1.5364185e-05,1.582356e-06,4.1562034e-06,0.00013199553,0.00078818516,9.1726207e-07,4.3982647e-05,0.005083402,0.47184142,0.0003234553,0.048867818,0.042853255,2.0642263e-09,0.017088898,0.0054137995,0.24322183,0.00039904853,4.124488e-09,0.999987,0.00050389534,0.02554549,1.6802137e-06,0.023182483,1.0,0.0033086464
0.0070077595,0.03335705,0.17078297,0.000692477,0.0013515648,0.00045559485,0.00066733995,0.0065459404,0.014654342,0.00036948867,0.0036212965,0.043272603,0.5271426,0.015090009,0.23487383,0.18867509,1.2667566e-05,0.098857746,0.037489474,0.56940633,0.014492406,2.0177376e-05,0.9983961,0.019593526,0.11518162,0.0005044826,0.09640219,0.9999906,0.033736344
0.012745583,0.044660643,0.20563552,0.001836921,0.002822567,0.0012249723,0.0016839001,0.01269276,0.028315332,0.0010332518,0.0073193302,0.049848814,0.544647,0.027303347,0.31159902,0.23897253,5.40303e-05,0.11941601,0.04895528,0.52362084,0.02362518,8.885856e-05,0.9956411,0.033266034,0.14644238,0.0013446733,0.1147768,0.99995756,0.05445533
0.019488486,0.059556384,0.22893918,0.0033586575,0.0049337554,0.0023980082,0.0030672145,0.020200089,0.037518717,0.0021196099,0.013032002,0.07208016,0.54981583,0.045902748,0.34827182,0.2834974,0.0001504886,0.1548809,0.06404787,0.6218682,0.040577218,0.00023880931,0.99323,0.05602173,0.17544557,0.0026214635,0.14209798,0.999874,0.06876495
0.0057012127,0.027360978,0.16423483,0.0005150805,0.0009890684,0.00032182108,0.0005070229,0.00500792,0.014264631,0.00025213623,0.002516104,0.029157074,0.53415424,0.010349063,0.22953258,0.16818915,7.059106e-06,0.07855092,0.03184037,0.4245242,0.009609293,1.1813348e-05,0.9984692,0.013234543,0.10399305,0.0003554627,0.08237782,0.9999949,0.031095328
0.0005525276,0.006563273,0.08870235,1.5660475e-05,4.9424812e-05,7.2785806e-06,1.7617067e-05,0.00036635704,0.0020583842,4.5970223e-06,0.00013162375,0.00663821,0.50385505,0.0007939618,0.08457475,0.06251978,2.1441e-08,0.024056153,0.008953148,0.21583676,0.00087408494,4.174915e-08,0.9999374,0.0011505488,0.0380553,7.6567385e-06,0.03174022,1.0,0.0066875243
0.0026368683,0.02012845,0.13081005,0.00016628928,0.00041977593,9.920219e-05,0.00016579182,0.0023429573,0.005983971,7.4845724e-05,0.0011932503,0.030507384,0.500195,0.00595509,0.14709833,0.13050433,1.2519918e-06,0.06945378,0.022762671,0.5624234,0.006289258,2.0243845e-06,0.99963117,0.0082454,0.078134626,0.00011155368,0.06938751,0.99999917,0.01778952
0.010505794,0.036260393,0.20284712,0.0013729524,0.002044967,0.0008807552,0.0013210683,0.009777756,0.028404843,0.00071635016,0.005160186,0.031595275,0.5622177,0.018968964,0.31369445,0.21633673,3.0370047e-05,0.0937834,0.0422768,0.36781424,0.015924137,5.2818228e-05,0.9957254,0.022983938,0.13413212,0.00095348223,0.09882103,0.9999765,0.05061925
0.0028719364,0.017626602,0.13811633,0.00018392534,0.00040294186,0.00010444155,0.00019167752,0.002267843,0.008407661,7.6889926e-05,0.0010257321,0.01716722,0.5330977,0.0046538683,0.17677063,0.12435628,1.2746194e-06,0.053732887,0.021807283,0.32195407,0.0044864635,2.223707e-06,0.9993525,0.0061409175,0.077191085,0.00011412348,0.06104771,0.99999917,0.020160573
0.003713336,0.019346518,0.15467007,0.00028345524,0.00053510966,0.00016005854,0.0002932333,0.0029977588,0.012053207,0.00011941522,0.0013612637,0.015857985,0.5518618,0.0058366284,0.21392669,0.14051984,2.2709048e-06,0.05518458,0.02417464,0.264874,0.005336301,4.1376356e-06,0.9989215,0.007550231,0.0871063,0.00017305453,0.06469727,0.99999845,0.025497982
0.0042191204,0.02748221,0.14799987,0.00031447122,0.0007517246,0.0002087252,0.00030514173,0.0038934334,0.007859328,0.00016131785,0.0022073027,0.046920687,0.5047082,0.010458781,0.17085621,0.16159701,3.860536e-06,0.09179377,0.030361298,0.6851126,0.011340966,5.981019e-06,0.9994198,0.014663131,0.09745464,0.00022660542,0.08979398,0.99999714,0.022355493
0.00037611456,0.0049195075,0.08076246,8.844854e-06,2.8672695e-05,3.8622484e-06,1.0230132e-05,0.0002334802,0.001648622,2.3320056e-06,7.5831325e-05,0.004330079,0.50689197,0.00048522913,0.0763882,0.053344052,7.946277e-09,0.017973732,0.0069860555,0.14974903,0.00053145515,1.6540534e-08,0.99995685,0.00069783226,0.03175605,3.9876386e-06,0.025785152,1.0,0.0054253503
0.019123085,0.05230876,0.23727256,0.0034460467,0.004475169,0.002349535,0.0031558194,0.01933814,0.046322405,0.0020113955,0.011072954,0.0484796,0.5634006,0.037213914,0.3786295,0.27289036,0.00012981391,0.1264766,0.058675855,0.43389264,0.030132506,0.00022354187,0.99100494,0.043706622,0.17200144,0.002480005,0.1262429,0.9998896,0.07446084
0.00073440315,0.0068347254,0.10268112,2.774395e-05,6.49424e-05,1.2090907e-05,2.9835786e-05,0.000496786,0.0037648114,7.632352e-06,0.00016501854,0.0045151496,0.5311632,0.00091316656,0.11992097,0.07392036,4.0994472e-08,0.021017315,0.009157258,0.104543865,0.0008680169,8.941829e-08,0.9998443,0.0012124631,0.043267805,1.2612947e-05,0.03085091,1.0,0.00989983
0.0050885538,0.021611018,0.17688033,0.00050743145,0.0007644031,0.00028021578,0.0005018706,0.00431916,0.01955248,0.00021020332,0.0018964282,0.01406487,0.5644076,0.0074656876,0.26725164,0.16312136,4.7878702e-06,0.05481343,0.026147215,0.18324676,0.006117679,9.328482e-06,0.99780375,0.00911154,0.09970247,0.00029523423,0.067417406,0.9999964,0.03573186
0.00039237342,0.0072328458,0.07787728,9.165467e-06,3.908799e-05,4.817871e-06,9.8901155e-06,0.00029504628,0.000954126,3.0032695e-06,0.00012776746,0.015317405,0.44696853,0.0008927775,0.051099453,0.059903514,1.1590712e-08,0.0324733,0.008583752,0.5678086,0.0012099503,1.9818037e-08,0.999982,0.0014409429,0.036077086,5.0728354e-06,0.037578728,1.0,0.0045897663
0.0116322255,0.04353322,0.19227958,0.001451766,0.0025213188,0.0010182705,0.0013555926,0.011050608,0.023518695,0.0008516431,0.0063960343,0.053398833,0.5389868,0.024280785,0.28472492,0.22820862,4.14507e-05,0.12064335,0.04803262,0.57800126,0.022604825,6.576674e-05,0.9965712,0.030837836,0.14156348,0.0011307477,0.11527564,0.9999671,0.046582196
0.000119163604,0.0020884094,0.061448608,1.7880186e-06,5.865185e-06,6.245017e-07,2.1362823e-06,6.527451e-05,0.00084880384,3.362865e-07,1.6463488e-05,0.0013297903,0.5162269,0.00013173197,0.057592604,0.03613329,4.5384402e-10,0.008169158,0.0032573892,0.056068655,0.0001396406,1.1413055e-09,0.9999865,0.00019044691,0.019372316,6.383658e-07,0.0140362345,1.0,0.0030064161
0.010220856,0.04268602,0.1897115,0.0012339642,0.0022342475,0.0008511474,0.0011641562,0.010049991,0.01916882,0.000719,0.0062084342,0.059383497,0.5356962,0.025113324,0.26690322,0.22650588,3.319086e-05,0.12587062,0.04701767,0.6584207,0.024137642,5.1415285e-05,0.9975821,0.03277639,0.13702102,0.0009427867,0.11656381,0.9999745,0.04258379
0.015312666,0.059915915,0.2143603,0.002359499,0.003972151,0.0017017914,0.00216081,0.01680025,0.023954308,0.0014958092,0.011753857,0.09807053,0.5301756,0.04667715,0.29243773,0.27978772,9.650271e-05,0.1705013,0.061399903,0.78350025,0.045757815,0.00014351802,0.9966697,0.061421916,0.16811608,0.0018747235,0.14989945,0.9999199,0.054908022
0.013510111,0.061294354,0.21468197,0.0020649189,0.0035949363,0.0014898549,0.0018876448,0.01586618,0.019787319,0.0012960334,0.011632934,0.11579989,0.5204169,0.04974896,0.26823166,0.2862369,7.679446e-05,0.17990173,0.060599763,0.8443982,0.0511838,0.00011242991,0.99773204,0.06817776,0.16947436,0.0016109255,0.15821227,0.99993384,0.050414868
0.0030987877,0.015991632,0.15363504,0.00022670614,0.00039625002,0.00012023137,0.00023928705,0.002394316,0.012403652,8.652802e-05,0.0009768863,0.01019396,0.56185496,0.004186281,0.21878973,0.13056663,1.3816834e-06,0.042572107,0.02047409,0.16023032,0.0036614237,2.7139354e-06,0.9988937,0.005297285,0.07999021,0.00012594793,0.055346765,0.99999905,0.024936046
0.005918746,0.028154274,0.16622187,0.00054582366,0.001045738,0.00034216113,0.0005393917,0.0052562603,0.014352651,0.00027126865,0.0026938706,0.030832885,0.5353823,0.01118131,0.23231205,0.17187555,7.881435e-06,0.081860565,0.032860983,0.44955924,0.010404327,1.3053592e-05,0.9984566,0.01438237,0.10588244,0.000376887,0.08460997,0.9999943,0.03157372
0.0038091762,0.024852531,0.14439954,0.00027691008,0.00065722223,0.0001763899,0.0002758119,0.003440016,0.00777726,0.00013617234,0.0018741552,0.03812152,0.5117846,0.00894283,0.1708409,0.15197107,3.046912e-06,0.08345197,0.028205357,0.61923903,0.009354077,4.7600206e-06,0.9994248,0.012334514,0.09184647,0.00019452062,0.08177675,0.99999785,0.021754209
0.0036882386,0.028076183,0.14583577,0.00027744652,0.000666797,0.00017843371,0.00026625872,0.0037128967,0.0061713485,0.00013846518,0.0022494334,0.06042323,0.48980054,0.011642987,0.15147598,0.16866536,3.1339837e-06,0.101162195,0.029487152,0.79236573,0.013296865,4.7448375e-06,0.99962664,0.017159957,0.09697258,0.0001924085,0.09480473,0.9999976,0.020570476
0.0051280255,0.028685655,0.1573056,0.00043555998,0.0009383073,0.00028309927,0.0004287157,0.004715844,0.01060552,0.0002230826,0.0026089796,0.04029458,0.5225414,0.011735517,0.20035817,0.16971713,6.2556305e-06,0.09109866,0.032555245,0.5982619,0.01175439,9.830375e-06,0.99904877,0.015717454,0.103012,0.00031392576,0.08896055,0.9999956,0.027069308
0.0007731396,0.0070374357,0.10478867,2.8205388e-05,6.774492e-05,1.2734416e-05,3.182649e-05,0.0005155347,0.0038143832,8.139421e-06,0.00017685455,0.0047032805,0.539274,0.000981472,0.12052669,0.07496244,4.446955e-08,0.022253558,0.009739774,0.11443486,0.0009579746,9.4604644e-08,0.99984264,0.0013361954,0.044543426,1.3333458e-05,0.032239202,1.0,0.010001383
0.0450175,0.0706735,0.34092256,0.014909774,0.01152302,0.009764188,0.013309271,0.048608255,0.13377672,0.008382015,0.029352989,0.044852942,0.60282457,0.080917984,0.5262209,0.3727368,0.0008031513,0.14427935,0.084601425,0.24948317,0.05199525,0.0015696319,0.9640876,0.087509386,0.2450319,0.008891364,0.15812923,0.99916923,0.15604196
0.005192611,0.033901464,0.16132395,0.00046330984,0.0010247554,0.00030848244,0.00043843887,0.0053791585,0.00833797,0.00024514992,0.003389648,0.06995133,0.49940497,0.016591,0.17943871,0.19337973,7.2281127e-06,0.1158223,0.03539058,0.8032795,0.018385883,1.08838485e-05,0.9993895,0.02401927,0.11211963,0.0003302585,0.10763769,0.9999944,0.025703048
0.037426513,0.083245605,0.28698498,0.009717397,0.011273438,0.0071788663,0.008632349,0.04174105,0.072376795,0.006521915,0.028923735,0.08920508,0.569767,0.08898038,0.4411961,0.35581714,0.00071467133,0.19070826,0.08949761,0.59436005,0.07303175,0.0011696183,0.9822267,0.1038374,0.22938426,0.0074480097,0.1787168,0.9993486,0.11144384
0.0009613764,0.008826168,0.10434786,3.6599627e-05,9.68703e-05,1.7676019e-05,3.989118e-05,0.0006623198,0.0036224427,1.1650127e-05,0.0002464092,0.0078050806,0.5168584,0.0013173881,0.11547001,0.07828873,8.102558e-08,0.028799899,0.011655938,0.19653317,0.0013477961,1.5805145e-07,0.99984133,0.0018080918,0.0477702,1.8567023e-05,0.03767017,1.0,0.010132339
0.0170161,0.07930867,0.24517077,0.0034968457,0.005513678,0.0025429984,0.0031800657,0.023203699,0.024907634,0.0023013186,0.019158969,0.16105613,0.52425987,0.08263562,0.28212595,0.33569762,0.00015577917,0.22552335,0.07382267,0.88965136,0.08483366,0.00021733771,0.997326,0.11388306,0.20368165,0.0027307083,0.19288826,0.99985373,0.06273787
0.021598604,0.042060956,0.3052887,0.005294509,0.0041230773,0.0030960315,0.0050046393,0.021638488,0.09184071,0.002440859,0.0108553525,0.019543812,0.60817236,0.033405643,0.4752678,0.299836,0.00012788885,0.08660959,0.05192536,0.121794686,0.020773873,0.0002746274,0.98134065,0.037262198,0.18714902,0.0027701778,0.10908079,0.99987376,0.11266615
0.005188925,0.031361468,0.15737037,0.00043603542,0.0009779857,0.00029086438,0.0004197703,0.004992802,0.009446478,0.0002324305,0.0029038412,0.053357948,0.50675946,0.013424869,0.1905732,0.17773353,6.4655214e-06,0.101720676,0.034169134,0.70122075,0.014256642,1.00410525e-05,0.99922943,0.01863577,0.1060199,0.0003184124,0.09684972,0.9999951,0.026136065
0.012777786,0.061211005,0.21079068,0.001960006,0.0034082702,0.0013961251,0.0017851338,0.0153091075,0.01872726,0.0012120099,0.011300922,0.12178346,0.5144998,0.04917871,0.25443357,0.28293958,7.0215494e-05,0.18426612,0.059197742,0.8575479,0.050814327,0.000100391546,0.9979843,0.06796168,0.1681325,0.0015104682,0.15804207,0.99994016,0.048939165
0.0005319544,0.0062621976,0.08744067,1.4490965e-05,4.545427e-05,6.7488368e-06,1.6420918e-05,0.0003427746,0.0021093977,4.226609e-06,0.000118744145,0.005885963,0.5057456,0.00070570817,0.08479644,0.060817942,1.8480758e-08,0.022169685,0.008565514,0.18295322,0.00076937693,3.6873864e-08,0.9999341,0.0010058183,0.037075177,7.05957e-06,0.030473582,1.0,0.0066432143
0.009010476,0.04979699,0.18846126,0.001163496,0.0021484157,0.0007811863,0.0010713245,0.010537027,0.013349387,0.0006629703,0.0073767807,0.10656026,0.5027207,0.034524813,0.22083415,0.25069338,3.0936615e-05,0.16094127,0.048509184,0.8566744,0.036501355,4.443225e-05,0.998784,0.048700374,0.14425403,0.00086069235,0.13741167,0.9999746,0.038676146
0.027773708,0.1314736,0.3342443,0.010450345,0.014267522,0.008311104,0.009912098,0.04881155,0.04480594,0.008052646,0.05078976,0.2532724,0.5510173,0.21397105,0.3265259,0.4428172,0.00064158696,0.32604223,0.113511756,0.924091,0.21197736,0.0008413458,0.9955479,0.28265285,0.29670954,0.008522355,0.28254268,0.99924845,0.10407116
0.0040985043,0.021603307,0.15292731,0.00031749695,0.00063165574,0.00018593213,0.00032104665,0.0033723258,0.011388817,0.00014047141,0.0015878162,0.02073737,0.5380857,0.0067879767,0.2098987,0.14474821,3.022685e-06,0.06264796,0.026296567,0.34340048,0.006350462,5.23663e-06,0.99894243,0.008805164,0.08971157,0.00020042466,0.06955245,0.99999785,0.025460225
0.065035574,0.19450825,0.4122201,0.03564335,0.04042836,0.031407405,0.032915756,0.10877619,0.10320557,0.03080443,0.111513674,0.28425553,0.56487614,0.34049192,0.43515345,0.5120037,0.004287787,0.36959547,0.16765271,0.8707878,0.31805888,0.006097383,0.98114944,0.40834892,0.37326998,0.030617299,0.34159636,0.99443334,0.18607539
0.042779032,0.12237044,0.32045022,0.014034347,0.017452719,0.011030162,0.012532534,0.059133638,0.06522374,0.010381879,0.04919068,0.17991644,0.5482567,0.16563186,0.40987298,0.4194054,0.001298005,0.2706227,0.11363674,0.81999546,0.15079193,0.001958461,0.9869206,0.20388697,0.27632394,0.011608151,0.24134146,0.9986613,0.12455959
0.023196293,0.07210334,0.24515747,0.004514845,0.006575843,0.0033152257,0.0040641115,0.02596423,0.038010255,0.0029877906,0.018404063,0.102700576,0.54409075,0.06624055,0.3541301,0.3169891,0.00024929075,0.18696396,0.074631974,0.7398475,0.061201323,0.00038338135,0.99325293,0.08357056,0.19635564,0.003607106,0.16697712,0.9997826,0.075066395
0.01970468,0.047578342,0.25471544,0.00381905,0.0042670225,0.0024967028,0.0035858147,0.019488234,0.058784485,0.0020911403,0.010698057,0.033605445,0.58861667,0.03424766,0.41434255,0.27765372,0.00012496376,0.10968102,0.05610209,0.29031432,0.025818381,0.00023038257,0.9881009,0.039879233,0.17596672,0.0025502185,0.118887946,0.9998896,0.08314208
0.07456471,0.11467233,0.36885485,0.030707471,0.026298515,0.022991618,0.026589757,0.0884394,0.15422443,0.020969283,0.06548509,0.10113918,0.5919206,0.16775067,0.54421526,0.44263127,0.003340907,0.2257865,0.12627742,0.48672438,0.12363344,0.0058368826,0.95072263,0.18440354,0.3003834,0.022312934,0.22235252,0.99647164,0.19075283
4.4297372e-05,0.0011832808,0.044444684,3.7606628e-07,1.6781303e-06,1.2374335e-07,4.807594e-07,2.216586e-05,0.00031849046,6.256636e-08,5.1467237e-06,0.00092118775,0.49395233,5.0911676e-05,0.034342397,0.023938399,4.2133068e-11,0.0056901355,0.0019611863,0.06320086,6.0804112e-05,1.08311624e-10,0.99999726,7.907279e-05,0.012228159,1.269007e-07,0.009833579,1.0,0.0014205661
0.0005002341,0.0058279056,0.08807502,1.4084324e-05,4.1631545e-05,6.2241456e-06,1.5923599e-05,0.00032302446,0.0022373835,3.8928706e-06,0.00010835362,0.0048919125,0.51520133,0.00065838144,0.089199014,0.061179813,1.5827522e-08,0.020354172,0.008092421,0.14708866,0.0006924249,3.2901305e-08,0.9999304,0.00092525966,0.036464486,6.60384e-06,0.028641563,1.0,0.006831365
0.0031121566,0.016270926,0.15265,0.00022382721,0.0004009863,0.000120150915,0.00023742489,0.002403643,0.01212752,8.7030494e-05,0.0009976603,0.0107673155,0.5609705,0.00427971,0.21542066,0.13064109,1.3881578e-06,0.043889254,0.020839829,0.1724566,0.0037948415,2.6997736e-06,0.99893194,0.0054504066,0.08014228,0.00012691843,0.056362297,0.99999905,0.024604216
0.00090978737,0.010456956,0.09842908,3.0740546e-05,0.00010531533,1.712842e-05,3.3206245e-05,0.00067397556,0.0024103606,1.1526476e-05,0.00029776138,0.015545794,0.48730314,0.0017087334,0.08769319,0.079571955,7.7990244e-08,0.039460953,0.012977213,0.44320005,0.0020222082,1.3529575e-07,0.9999176,0.0025302386,0.049442846,1.839908e-05,0.046101376,1.0,0.008315991
0.011726383,0.05366535,0.19870704,0.0016101595,0.002859203,0.0011233643,0.0014765601,0.013030445,0.018551832,0.000976136,0.008819658,0.09602673,0.51440847,0.03713646,0.25821033,0.2578282,5.164256e-05,0.15924923,0.053617977,0.7970858,0.03737581,7.6987584e-05,0.99782604,0.04975538,0.15253569,0.0012446187,0.13882348,0.99995697,0.04648623
0.025593126,0.08492802,0.25641993,0.0054832567,0.008062628,0.0041790577,0.004890028,0.030859327,0.039010875,0.0037647127,0.023016453,0.13350745,0.5364847,0.084778905,0.3477951,0.34282655,0.00033562616,0.21370499,0.082392454,0.8043622,0.080814555,0.00050414493,0.99340653,0.10843877,0.21527396,0.004491428,0.18905747,0.9996871,0.079974644
0.00010253415,0.0031347289,0.05214813,1.2121177e-06,6.886054e-06,5.4008717e-07,1.390263e-06,6.661252e-05,0.00029931116,3.050769e-07,2.3744224e-05,0.006933853,0.42176148,0.00021149479,0.027040882,0.03372098,4.2811527e-10,0.01687017,0.0039764866,0.4627886,0.00031687523,7.9696333e-10,0.99999726,0.00036853534,0.019559437,5.7284603e-07,0.021290163,1.0,0.0018436393
0.010475999,0.054965697,0.20324947,0.0014493177,0.002676504,0.0010318314,0.0013119015,0.012310031,0.015286136,0.00087102986,0.009190268,0.11480089,0.5148847,0.04206426,0.234093,0.27132535,4.2465166e-05,0.17267969,0.053935204,0.8675897,0.04500667,6.166971e-05,0.9985857,0.05993265,0.15891884,0.0010892696,0.15254053,0.9999634,0.042077452
0.00025882586,0.004405932,0.07009757,4.9629803e-06,1.930562e-05,2.1842186e-06,5.673181e-06,0.0001639128,0.0010300684,1.3025721e-06,5.4996213e-05,0.005069249,0.48047277,0.00037729536,0.05669378,0.046309453,3.353626e-09,0.017874185,0.006013911,0.21283586,0.00045261884,6.777523e-09,0.9999802,0.0005684483,0.027396722,2.3140608e-06,0.024351094,1.0,0.0039634765
0.0027005263,0.012435766,0.17079261,0.00021592698,0.00029015585,0.000104877465,0.00023188643,0.0020646583,0.01699838,7.2733346e-05,0.00075207965,0.004909655,0.59094715,0.003160225,0.25644305,0.13388765,8.7181706e-07,0.02956216,0.016346728,0.059235837,0.002501316,2.038667e-06,0.9985335,0.0039433553,0.07851634,0.00010297056,0.04612581,0.9999993,0.02906218
0.007296402,0.0325129,0.17568837,0.00074548495,0.001386116,0.0004844363,0.00072733057,0.0066880593,0.0161812,0.0003924172,0.0036788934,0.038159695,0.5398535,0.0150690535,0.24798705,0.18985061,1.3635727e-05,0.09533562,0.037717965,0.52108854,0.014136888,2.2026026e-05,0.9981414,0.019534048,0.116833866,0.00053206243,0.09502898,0.99999,0.03528689
0.039800446,0.1323223,0.33430532,0.014570599,0.01811085,0.011479591,0.013165283,0.0605983,0.062410202,0.010965254,0.054251947,0.21320866,0.54709387,0.19436854,0.39065477,0.4357569,0.0012137272,0.29588372,0.11764769,0.8612032,0.18111987,0.001785687,0.9897864,0.24328926,0.29186904,0.011943546,0.26075765,0.99865156,0.1257141
0.010415547,0.054638803,0.20392424,0.0014484132,0.0026722676,0.0010284303,0.0013045769,0.012281273,0.015317779,0.00086743035,0.009194189,0.11497562,0.5147465,0.042162437,0.2341423,0.27221966,4.1799616e-05,0.17252365,0.053730506,0.8681096,0.04527066,6.118177e-05,0.9985998,0.06029452,0.15945897,0.0010883517,0.15296699,0.99996364,0.04195764
0.038124487,0.12755312,0.3268031,0.013132138,0.016821522,0.010591465,0.011820064,0.05664868,0.05937886,0.009996549,0.050646685,0.20739336,0.54784805,0.18154263,0.38331914,0.42780975,0.0010710816,0.29022983,0.11469343,0.86378354,0.1714825,0.0015594097,0.99037725,0.22940399,0.28672838,0.010838475,0.25739804,0.9988187,0.11902591
0.00017651559,0.0029623893,0.06580625,2.8571606e-06,1.0414157e-05,1.1271738e-06,3.4539428e-06,0.00010007765,0.0009352294,6.4139556e-07,2.8722832e-05,0.0024221877,0.5057158,0.00021358207,0.057739254,0.040034596,1.2038344e-09,0.0118020205,0.004484002,0.10508348,0.00024204674,2.7127223e-09,0.99998343,0.00031548322,0.022609608,1.1563319e-06,0.018383633,1.0,0.0033891825
0.11370666,0.26368162,0.4978003,0.0939088,0.08665414,0.08827338,0.08545239,0.18465886,0.18593155,0.08510301,0.20473222,0.33698225,0.5852985,0.48768947,0.49682122,0.5699968,0.015718302,0.41732085,0.22601558,0.8261131,0.4457567,0.023330895,0.9547058,0.54811466,0.45119402,0.075650916,0.4108659,0.97690636,0.27827057
0.006460447,0.028521514,0.17386317,0.0006321601,0.0011379714,0.00039202478,0.0006242501,0.0056608776,0.01678763,0.00031328027,0.002945884,0.028369239,0.5485625,0.011927193,0.25142586,0.17840368,9.3346935e-06,0.081473336,0.033985026,0.40719467,0.010892798,1.5970578e-05,0.9981097,0.0152649125,0.10963897,0.00042912745,0.08535664,0.9999932,0.03451131
0.036641777,0.0965522,0.2855175,0.009395217,0.012202941,0.0072300388,0.008431543,0.043874532,0.057099193,0.0066855513,0.033320572,0.13107651,0.5514322,0.1097136,0.40672156,0.37215635,0.00077620574,0.2255265,0.096922435,0.7562324,0.09846725,0.0011862749,0.98755705,0.13476725,0.23759113,0.0076736733,0.20249937,0.9992773,0.10481184
0.02918881,0.07603393,0.2657528,0.006778837,0.008480398,0.004898904,0.0059605716,0.03297407,0.055925418,0.004412394,0.022164738,0.08953816,0.5556158,0.07407453,0.4022373,0.3333565,0.00041196158,0.18171136,0.079223156,0.62920135,0.062231123,0.0006734905,0.9881632,0.08784573,0.21124232,0.0052192565,0.16710477,0.99963105,0.09487151
0.096855074,0.3101931,0.53488976,0.10514517,0.10042032,0.10613784,0.09864607,0.18532862,0.17792425,0.10334824,0.2446496,0.43997458,0.6023364,0.57942027,0.43947205,0.5878554,0.014682303,0.48195168,0.24836314,0.89494014,0.55957586,0.01953872,0.970486,0.6457594,0.5015471,0.0830375,0.47912607,0.97602975,0.2755493
0.007828657,0.03455748,0.17772824,0.00082102785,0.0015372144,0.00054718275,0.00079882017,0.0072838934,0.01681702,0.00044398042,0.0040595317,0.04161944,0.5386994,0.016689327,0.2513952,0.19720423,1.6612941e-05,0.10082287,0.03950398,0.5471,0.015740339,2.6603273e-05,0.9980107,0.02154805,0.12066952,0.0006050841,0.09875273,0.9999877,0.036795225
0.0125249475,0.04278126,0.20722936,0.0017481294,0.0026876875,0.0011689556,0.0016419571,0.012225343,0.028746258,0.0009790503,0.0068051233,0.044547405,0.5505056,0.02528196,0.31815794,0.23503284,4.8513797e-05,0.11264867,0.04847021,0.4841754,0.021946706,8.116337e-05,0.9955384,0.031195972,0.14575537,0.0012716812,0.1117714,0.99996126,0.05322621
0.0072220378,0.03352624,0.16937196,0.0007200097,0.0013933609,0.00047876916,0.000682712,0.006723776,0.015040885,0.00038621566,0.0036362337,0.044364184,0.5217315,0.014909382,0.23418856,0.18956321,1.35973805e-05,0.099483654,0.037165716,0.56895447,0.014402228,2.16486e-05,0.9982899,0.01956893,0.11665727,0.00053246727,0.096899405,0.9999896,0.033966653
0.0052297665,0.023763152,0.16671072,0.0004585543,0.00082333427,0.0002743168,0.0004680063,0.0043388167,0.0156096,0.000210144,0.0020240278,0.019759154,0.5524231,0.008157047,0.24387363,0.15878761,5.253366e-06,0.06430497,0.029158443,0.2911984,0.00733407,9.384052e-06,0.99827766,0.010334911,0.098772384,0.00029389045,0.07339286,0.9999962,0.031282216
0.01103463,0.044197336,0.19310215,0.0013983826,0.0024381552,0.0009567095,0.0013105514,0.010948217,0.021422163,0.00081870164,0.0066711963,0.059395216,0.5339348,0.026326245,0.27672073,0.23094709,3.9409013e-05,0.1274622,0.04794527,0.6351328,0.024652641,6.160271e-05,0.9971355,0.033628184,0.13965139,0.0010670034,0.1171549,0.99996924,0.04602203
4.1853385e-05,0.0007555964,0.052457094,4.202928e-07,1.1158825e-06,1.16794844e-07,5.2858223e-07,1.939403e-05,0.0006073351,5.6790704e-08,3.4531358e-06,0.00023921883,0.5543651,3.4625733e-05,0.060666576,0.026637334,3.2029983e-11,0.002899425,0.0013743424,0.009804909,3.2242075e-05,1.08240986e-10,0.9999932,4.8111542e-05,0.011715917,1.1191078e-07,0.0066691176,1.0,0.0020162468
0.003012412,0.011857036,0.19219908,0.00028373508,0.00030857508,0.00013311046,0.00030385132,0.0023376236,0.023287533,8.949695e-05,0.00083163637,0.003652549,0.60847217,0.0033874062,0.29588354,0.1477064,1.1074848e-06,0.026827008,0.015807053,0.036001224,0.0024655976,2.7862252e-06,0.99787736,0.0041649267,0.08405693,0.00012382398,0.044845477,0.99999917,0.035969
0.016309308,0.0740374,0.23709163,0.0030199671,0.0049962997,0.0022378988,0.0027274238,0.020848209,0.02374172,0.0019840149,0.016897105,0.14569344,0.5260751,0.072812855,0.27871716,0.32431605,0.00012927495,0.21352004,0.070689104,0.87907,0.07509656,0.00018427572,0.9973882,0.10015805,0.19545655,0.0023861795,0.18519299,0.9998807,0.05921815
0.015669554,0.06782987,0.22730911,0.0027867665,0.0044431286,0.0019519086,0.0025084836,0.019488495,0.023515424,0.001749368,0.014301643,0.12835212,0.51843756,0.06034851,0.28648922,0.3046646,0.000113808215,0.19319817,0.065330096,0.8450835,0.060520794,0.0001678418,0.99715436,0.081799075,0.18266621,0.0021552807,0.16662697,0.9998983,0.05789675
0.011194159,0.043916427,0.1952954,0.0013774399,0.0024448994,0.00097395,0.0013065994,0.010864886,0.0219042,0.00081895606,0.0065223235,0.0554142,0.5414517,0.025516307,0.28341007,0.22955342,3.9382187e-05,0.12277163,0.049028616,0.61199224,0.024096074,6.268503e-05,0.99698824,0.03256775,0.14020379,0.0010700765,0.11726255,0.99996936,0.04576639
0.009807974,0.035739023,0.19417815,0.0012061513,0.0019148007,0.00077989436,0.0011513612,0.009053206,0.024854982,0.0006313163,0.0047639026,0.033843663,0.5527535,0.017732237,0.2979803,0.20914543,2.603967e-05,0.094018325,0.041351628,0.40306142,0.015390062,4.438194e-05,0.99640226,0.021842638,0.12988274,0.0008447389,0.09772325,0.99998,0.046199158
0.00032612754,0.0042474093,0.07883929,7.2831353e-06,2.2480435e-05,3.053588e-06,8.520158e-06,0.0001952066,0.0016558848,1.8126179e-06,5.914675e-05,0.003208947,0.51495004,0.0003811938,0.07776201,0.05072436,5.3647655e-09,0.015033701,0.0061536105,0.10600466,0.00040775735,1.17460095e-08,0.99995697,0.0005401578,0.029614825,3.119798e-06,0.02297341,1.0,0.0052404446
0.006833456,0.038473196,0.17092152,0.0006918744,0.0014224125,0.00046600375,0.00064419134,0.0070913397,0.011105846,0.00037809322,0.004431934,0.072676465,0.5052922,0.020413503,0.20657338,0.20915237,1.3638953e-05,0.12431625,0.040022958,0.78007466,0.021702223,2.0534835e-05,0.99901104,0.02857653,0.123066925,0.0005104905,0.113680996,0.9999893,0.0310419
0.001016661,0.009803279,0.10261396,3.7766924e-05,0.00010971261,1.9482175e-05,4.1052674e-05,0.0007210242,0.0033234495,1.3030719e-05,0.0002823868,0.010437701,0.50529647,0.0015185038,0.10699779,0.080157526,9.429838e-08,0.03325438,0.012609997,0.27161172,0.0016252379,1.7461764e-07,0.99985814,0.0021316896,0.049828324,2.1016462e-05,0.04150427,0.9999999,0.009790854
0.0018527135,0.016131284,0.11949597,9.274682e-05,0.00026376086,5.4936718e-05,9.6708514e-05,0.0015263603,0.0042737885,3.980424e-05,0.0007520911,0.024658678,0.5002808,0.003963042,0.122679695,0.11020325,4.9586623e-07,0.05814443,0.019142909,0.53908736,0.004394531,8.087387e-07,0.9997862,0.005672277,0.06753107,5.979269e-05,0.061586678,0.99999964,0.0134549895
0.0011005397,0.008468819,0.116029605,4.9126193e-05,0.00010470461,2.2586957e-05,5.3572036e-05,0.00075657526,0.0053737555,1.4784468e-05,0.00026032265,0.00522125,0.54280865,0.0013308313,0.14632605,0.085842244,1.07276165e-07,0.024573984,0.011372303,0.106456235,0.0012385825,2.2826814e-07,0.9997167,0.0017495137,0.051046275,2.330426e-05,0.035574324,0.9999999,0.012899455
0.021086263,0.07682618,0.2444921,0.004176528,0.00625757,0.0030754427,0.003754228,0.025635274,0.03244879,0.0027665617,0.018590152,0.12699398,0.5284937,0.07154111,0.32534713,0.32276374,0.00021794655,0.20100486,0.074345715,0.80865353,0.06861063,0.00032642117,0.99504304,0.09275919,0.1997973,0.0033176013,0.17629252,0.9998017,0.07128544
0.0017239001,0.014842062,0.11557784,8.075328e-05,0.00023138929,4.7053014e-05,8.312076e-05,0.001352112,0.0041930513,3.3386536e-05,0.0006244334,0.021190427,0.49679494,0.0031752128,0.121344104,0.10304589,3.7863578e-07,0.05145591,0.017777875,0.47389206,0.0035423723,6.374229e-07,0.9997886,0.004539035,0.06425937,5.0740677e-05,0.0573774,0.99999976,0.012546337
0.0017438501,0.014139598,0.118609734,8.748923e-05,0.00022824714,4.8104797e-05,9.1633345e-05,0.0013536697,0.0050190487,3.413278e-05,0.0006092701,0.01629348,0.5134259,0.0030494654,0.13243796,0.10306832,3.9399345e-07,0.047535144,0.017313177,0.36578178,0.0031536631,6.843109e-07,0.9997235,0.0041668457,0.06339857,5.319045e-05,0.053390555,0.99999976,0.01406663
0.018887704,0.057470012,0.2276593,0.003183178,0.0047006807,0.0022903583,0.0029154033,0.019435028,0.03662748,0.0019762632,0.012092089,0.06684252,0.55184585,0.042736612,0.35026944,0.27815077,0.0001399951,0.14698894,0.06270546,0.5988246,0.037645828,0.00022302136,0.9933211,0.052290622,0.17333998,0.0024731138,0.13803147,0.9998847,0.06677373
0.12567472,0.20472956,0.46430492,0.08286007,0.06766154,0.06983401,0.07207192,0.17319916,0.2075873,0.06534691,0.16072387,0.22051522,0.5822841,0.37234396,0.5603188,0.54031324,0.014304164,0.33574185,0.19506593,0.6728199,0.30378136,0.024216415,0.9295584,0.41081205,0.39871538,0.06268964,0.33361238,0.9815677,0.27948165
0.0013573884,0.010944339,0.11546732,6.161575e-05,0.00015217719,3.1211377e-05,6.682509e-05,0.0009824468,0.0048191287,2.1394553e-05,0.00039537012,0.009817226,0.5285181,0.002017387,0.133029,0.09172539,1.9293401e-07,0.035560638,0.01432292,0.23058985,0.0020239535,3.6089492e-07,0.9997527,0.002760586,0.056535263,3.3564127e-05,0.04439463,0.9999999,0.012736456
0.0013196636,0.010509362,0.114240244,5.9288494e-05,0.00014432205,2.95893e-05,6.42058e-05,0.00093750487,0.004915203,1.9965963e-05,0.00035984928,0.008770561,0.5276887,0.0018331164,0.1353903,0.09023572,1.7627558e-07,0.03295771,0.013707445,0.19795811,0.0018080943,3.3737834e-07,0.9997391,0.002465607,0.055269983,3.1668813e-05,0.04221832,0.9999999,0.012736743
0.037918244,0.103818364,0.29338098,0.010377349,0.0134049645,0.0080685485,0.009275828,0.047612254,0.05882646,0.007465327,0.036837477,0.14558642,0.54947317,0.123480015,0.40363428,0.38591418,0.00087370945,0.23890609,0.10090951,0.7797188,0.111631796,0.0013346265,0.9876369,0.15187195,0.24893388,0.008627974,0.21318868,0.99915314,0.1093627
0.0017906586,0.010486983,0.1435413,0.00011492198,0.0001850065,5.3328138e-05,0.00012046789,0.0013297043,0.01039858,3.59825e-05,0.0004700401,0.0049895346,0.5670928,0.002170771,0.2032886,0.111042395,3.4610144e-07,0.02697389,0.0135823935,0.07459049,0.0017950687,7.8613e-07,0.999273,0.0027088055,0.06478744,5.406241e-05,0.040659387,0.99999976,0.020804193
0.09597502,0.14575514,0.39784193,0.045172546,0.039334647,0.035765983,0.039272968,0.11857076,0.16781181,0.033055186,0.09590887,0.14208412,0.5835754,0.2338883,0.55396646,0.47929052,0.006730585,0.26867422,0.15243179,0.58521587,0.18079616,0.011309584,0.94087267,0.25874704,0.33256292,0.034230694,0.26211116,0.99268323,0.2194992
0.0049383156,0.021601103,0.16671506,0.00043559028,0.00073154626,0.00025049516,0.00044459288,0.0039959163,0.016727777,0.00018843489,0.001758012,0.01552783,0.55916387,0.006923416,0.24992105,0.15527615,4.3056816e-06,0.056452874,0.026694337,0.21826045,0.006022057,7.948742e-06,0.99811125,0.008714889,0.096778505,0.00026544204,0.06802352,0.9999968,0.031536773
0.0009374334,0.008411796,0.105218545,3.5017776e-05,9.113099e-05,1.6854514e-05,3.9007035e-05,0.00063246256,0.003761672,1.1044757e-05,0.0002304999,0.006805529,0.5265578,0.0012389006,0.11843627,0.07783658,7.354086e-08,0.026982183,0.011412581,0.16927178,0.0012546362,1.4633368e-07,0.9998331,0.0016922348,0.04731957,1.7655733e-05,0.03672064,1.0,0.01022199
0.0070081674,0.03519585,0.16680714,0.00068109646,0.0014029652,0.0004611461,0.00064276083,0.006646453,0.013265821,0.00037234437,0.00384706,0.053258248,0.5188924,0.016609604,0.22035962,0.19509429,1.296538e-05,0.108937845,0.038544476,0.6586251,0.016784428,2.0124435e-05,0.9986389,0.0222643,0.1184164,0.00051943405,0.10285974,0.9999901,0.032046776
0.0029700694,0.021904957,0.13501514,0.00018056211,0.000477488,0.0001164889,0.00018222442,0.002574954,0.006113231,8.826133e-05,0.0013662446,0.035258118,0.50393224,0.0067335623,0.14933422,0.1364873,1.5237002e-06,0.074619085,0.025147239,0.6157589,0.0074617844,2.4391497e-06,0.99961996,0.009573943,0.08317709,0.0001266299,0.07663673,0.9999989,0.017743211
0.00462407,0.026052093,0.15248555,0.0003821181,0.0008081583,0.00023552333,0.00037316544,0.0041748607,0.010500624,0.00018533315,0.0021680242,0.033873796,0.5173078,0.009637657,0.19869322,0.15964977,4.694476e-06,0.08152716,0.029524628,0.5244016,0.0094136745,7.6034235e-06,0.9990644,0.012729262,0.096473746,0.00026329907,0.08080179,0.99999666,0.026213335
0.048843857,0.07817804,0.3352643,0.015991677,0.01351243,0.0110627925,0.014228236,0.053092692,0.12874834,0.009579665,0.034259222,0.054839324,0.6028085,0.09267005,0.52230465,0.38340077,0.0010790485,0.16306886,0.0918148,0.3250903,0.063803375,0.0019971044,0.9636249,0.10150809,0.2521706,0.010581905,0.17059642,0.9989274,0.15343939
0.08716269,0.10356468,0.4180506,0.04296147,0.027291615,0.029373292,0.036510345,0.098259285,0.22058612,0.024673661,0.071603626,0.06739593,0.61381394,0.16910774,0.5902804,0.46349782,0.003945549,0.19391067,0.12469278,0.2827021,0.10432388,0.007551525,0.92723083,0.17485791,0.31396604,0.025161855,0.2115539,0.9957196,0.23698652
0.0013812575,0.0109213535,0.11474455,6.0823775e-05,0.00015310272,3.1414012e-05,6.6736815e-05,0.0009770995,0.0049179234,2.136872e-05,0.00038004215,0.009464107,0.52720445,0.0019090325,0.13483433,0.09064937,1.9341925e-07,0.034058705,0.014318687,0.21332009,0.0019230392,3.6602168e-07,0.99973387,0.0025926188,0.056129016,3.349854e-05,0.043793853,0.9999999,0.012685543
0.008837801,0.040691193,0.1817264,0.0010224048,0.0018974014,0.0006915741,0.00095518713,0.008931706,0.01662274,0.00057551474,0.0053544636,0.059955753,0.5230104,0.022392828,0.24765337,0.2165411,2.4905094e-05,0.12098342,0.043401875,0.6695906,0.021609843,3.84801e-05,0.99805474,0.028993493,0.12938486,0.0007722486,0.111708745,0.99998116,0.039437056
0.007879934,0.040142443,0.17597772,0.00086282275,0.0016866348,0.00057885674,0.0008086656,0.008117422,0.013178392,0.00048197948,0.0050844443,0.069905624,0.5132242,0.02273255,0.22518645,0.21681786,1.9500038e-05,0.12785771,0.042266686,0.75467294,0.02314225,2.9400087e-05,0.99866676,0.031100553,0.12738806,0.0006411939,0.11469211,0.99998486,0.035024993
0.040148128,0.25956517,0.51828,0.040862616,0.046437167,0.040383194,0.040671468,0.10420362,0.09263255,0.039954394,0.16260749,0.44192523,0.614115,0.5689886,0.35143274,0.5906573,0.0025258067,0.49418357,0.1938989,0.9552675,0.5656457,0.0031733646,0.99407285,0.6692472,0.4803026,0.032605592,0.47408587,0.99551815,0.19002217
0.0048932238,0.030291688,0.15462533,0.00041751415,0.00092934864,0.00027167343,0.00040223918,0.004768535,0.008943388,0.00021584792,0.0027922702,0.05241127,0.50766706,0.013216757,0.18457015,0.17616747,6.083833e-06,0.10172015,0.032820147,0.71028686,0.013869836,9.2559585e-06,0.9992835,0.018328458,0.10415311,0.00030012292,0.09480182,0.9999956,0.02556333
0.027397655,0.07229875,0.2573377,0.0057853837,0.00767334,0.0042547463,0.0052130735,0.029688938,0.05037865,0.0038252324,0.020276537,0.085433096,0.5601275,0.06742974,0.39287624,0.32264826,0.00034984574,0.17766145,0.07764541,0.64221627,0.058499105,0.0005552865,0.9894175,0.08152937,0.20290552,0.004542287,0.16389251,0.99969804,0.08673705
0.034711875,0.08536207,0.27625972,0.008537906,0.010571506,0.0063627865,0.0075421818,0.039204795,0.06267076,0.0058499887,0.027559705,0.10184962,0.55748475,0.087332405,0.4176374,0.3494234,0.00061557424,0.1980177,0.088458434,0.6544354,0.07461434,0.0009829033,0.9856206,0.10341308,0.2237375,0.006694369,0.18038668,0.99943584,0.10345492
0.0057475944,0.036303524,0.16333464,0.0005545785,0.0011658092,0.0003613323,0.000518136,0.00613437,0.0091499835,0.00029253605,0.0038484074,0.076157816,0.49515143,0.018722069,0.18635835,0.2021583,9.546311e-06,0.12348499,0.036926046,0.8109083,0.02041804,1.4145005e-05,0.9992918,0.026889345,0.1164398,0.00039838278,0.11031479,0.9999925,0.027873633
0.00015992139,0.002059251,0.07495095,3.0671683e-06,7.2669914e-06,1.0254699e-06,3.6903075e-06,8.793454e-05,0.0015966219,5.699965e-07,2.058756e-05,0.0008058935,0.55619574,0.00015735868,0.08776296,0.0441226,8.674682e-10,0.006958024,0.0032915336,0.023506362,0.00014501979,2.469825e-09,0.999967,0.00021468477,0.021982593,1.0304315e-06,0.0135079315,1.0,0.0045709973
0.021842415,0.073129885,0.24152112,0.004151401,0.006276249,0.0030929367,0.0037382108,0.025192717,0.034745798,0.0027502105,0.017581271,0.10955495,0.53662354,0.065500125,0.34003648,0.3164105,0.00022380802,0.18855502,0.07354001,0.76586705,0.06180098,0.00034233127,0.99415344,0.08367194,0.19596493,0.003364575,0.16870251,0.9998024,0.07144789
0.0025738177,0.019113252,0.13056585,0.00015037585,0.00039191754,9.1971444e-05,0.00015448868,0.0021653213,0.005982343,6.800687e-05,0.0010732193,0.02680566,0.5085197,0.005277262,0.14724033,0.124968864,1.0755916e-06,0.06424241,0.022504114,0.5180984,0.005653828,1.7602575e-06,0.9996296,0.007370209,0.077069946,0.00010166241,0.06764902,0.9999993,0.01688545
0.0011445006,0.013034015,0.10572764,4.5362685e-05,0.00014875391,2.6219854e-05,4.7642145e-05,0.0009417928,0.002587241,1.818424e-05,0.000452442,0.023461848,0.47883216,0.0026297248,0.09278379,0.092962936,1.5573039e-07,0.05040735,0.015287759,0.58282954,0.0031641047,2.5669405e-07,0.9999082,0.003958384,0.056567114,2.8064125e-05,0.05465569,0.9999999,0.009561914
0.004096473,0.021583695,0.15456119,0.00031687645,0.0006305256,0.00018666007,0.00032509223,0.003379815,0.011644293,0.00014225824,0.0016206701,0.020525118,0.5440511,0.007000818,0.21122244,0.14639848,3.0061867e-06,0.06354414,0.026578458,0.34525338,0.00659019,5.2590763e-06,0.9989434,0.009142369,0.09049332,0.0002035729,0.0704913,0.99999785,0.02572651
0.0045749713,0.02588626,0.15094534,0.0003588399,0.0007833556,0.00022611355,0.0003528841,0.0040333625,0.010172361,0.00017784296,0.0020984204,0.034241535,0.51782376,0.009173526,0.1953371,0.15644689,4.319418e-06,0.08058284,0.029694164,0.52937376,0.0092297895,6.976872e-06,0.9991105,0.012281723,0.095894486,0.0002508125,0.081487484,0.9999969,0.024950245
0.0061078994,0.020257255,0.21419089,0.00074155215,0.00083256484,0.00039579888,0.0007670588,0.0051562586,0.032677926,0.00029123508,0.0021468664,0.008404342,0.60208374,0.007920732,0.33604643,0.1853941,6.3930675e-06,0.04580595,0.02590328,0.082737155,0.005876671,1.4269601e-05,0.9959382,0.009621521,0.11137594,0.00038191854,0.06515624,0.99999464,0.048766915
0.029858246,0.07881813,0.267423,0.0067567294,0.008768667,0.0049977535,0.00606971,0.033717312,0.052589156,0.004555041,0.023540232,0.09768049,0.5557706,0.07874671,0.3985641,0.3371145,0.00044071485,0.19077864,0.082604036,0.6777348,0.068158396,0.0006994792,0.9889254,0.09541709,0.21348001,0.00530241,0.17458308,0.99960667,0.09275446
0.0009700689,0.007801717,0.111923285,4.09343e-05,8.8862886e-05,1.8487073e-05,4.4720207e-05,0.00065706664,0.004895307,1.198538e-05,0.00022199962,0.0048006815,0.5410851,0.0011584002,0.13807295,0.08186461,7.7690935e-08,0.022955464,0.010529722,0.10045468,0.0010758124,1.6684217e-07,0.99975675,0.001527987,0.048570164,1.9106437e-05,0.03380211,1.0,0.011980109
0.009440257,0.043394055,0.18548724,0.0010816472,0.0020721122,0.0007588392,0.001016412,0.009541906,0.01616934,0.0006349216,0.00597916,0.06838443,0.5241896,0.025190115,0.24857722,0.22565031,2.8166225e-05,0.13023917,0.046708327,0.7229575,0.025318218,4.2999283e-05,0.9981515,0.03371693,0.13548937,0.000834008,0.12011005,0.99997795,0.039038077
0.009816091,0.048387975,0.19210698,0.0012088957,0.0022924608,0.0008507257,0.001102845,0.010672556,0.01518586,0.0007070262,0.0071432386,0.0902227,0.5135897,0.03142372,0.23933147,0.24556631,3.283323e-05,0.14804925,0.04930551,0.8079231,0.032846715,4.9410344e-05,0.99842936,0.043487925,0.14566402,0.0009198415,0.13405284,0.9999726,0.03965082
0.0009938031,0.012786798,0.10141434,3.7694565e-05,0.00012828936,2.1745787e-05,3.9228733e-05,0.0008437881,0.0020941223,1.488179e-05,0.00042118243,0.027135424,0.4662525,0.0025667849,0.08061678,0.09147584,1.1939706e-07,0.05247943,0.014464926,0.66367793,0.0032236117,1.9137818e-07,0.99993503,0.003961941,0.05452876,2.3191347e-05,0.055248175,0.9999999,0.008628884
8.497011e-05,0.0018995345,0.052580826,1.0056327e-06,4.0874734e-06,3.5684758e-07,1.210587e-06,4.629622e-05,0.0005027738,1.9092919e-07,1.1919872e-05,0.0016569335,0.48477092,0.000100166915,0.042006504,0.029894272,2.143145e-10,0.008322703,0.00289512,0.09081857,0.00011811828,5.0876325e-10,0.9999939,0.00015275653,0.01624726,3.6046325e-07,0.013253032,1.0,0.002093969
0.08058506,0.117249765,0.38393432,0.03524829,0.028646553,0.026380563,0.03037354,0.09546391,0.16869801,0.023811901,0.0718537,0.09938259,0.5957907,0.18031508,0.55824333,0.45261115,0.004037596,0.22681482,0.13014065,0.4651209,0.12903734,0.007149806,0.94416916,0.19559862,0.30781853,0.024670368,0.22677974,0.9957604,0.20502666
0.014791457,0.057833172,0.21310039,0.0022219243,0.003755806,0.0016054475,0.0020498459,0.016073905,0.023315046,0.001398996,0.01104121,0.092205614,0.53176147,0.044055447,0.2921379,0.27446893,8.872901e-05,0.16415685,0.060009368,0.77217966,0.042856626,0.00013266708,0.9967423,0.057875652,0.1649431,0.0017481361,0.14654379,0.99992716,0.05366466
0.0012004714,0.009968999,0.11107666,4.9350772e-05,0.00012637235,2.4922556e-05,5.471008e-05,0.00083202077,0.004427014,1.6764694e-05,0.00031751968,0.008441746,0.5279578,0.0016326646,0.12844668,0.08560271,1.3558444e-07,0.03147928,0.013270895,0.19897866,0.0016585601,2.5951536e-07,0.99977785,0.0022280186,0.052688204,2.6316777e-05,0.041232854,0.9999999,0.011660763
0.0008008315,0.008677568,0.096906856,2.8030905e-05,8.365336e-05,1.3691458e-05,3.0265443e-05,0.00057496456,0.0027255786,9.08504e-06,0.00022279182,0.009567091,0.4991213,0.001260849,0.096815936,0.07416774,5.6692326e-08,0.030881286,0.011073804,0.27062857,0.0013610214,1.06149194e-07,0.9999002,0.0017857415,0.044988185,1.4803541e-05,0.037823636,1.0,0.008614343
0.002413191,0.018131161,0.12849125,0.00014053358,0.00036081648,8.309008e-05,0.00014430057,0.0020224017,0.0056716693,6.1524624e-05,0.0009976252,0.025367053,0.50839925,0.00496047,0.14433366,0.12174267,9.4135453e-07,0.06251144,0.02143028,0.5108693,0.0052485494,1.5335887e-06,0.9996581,0.0069561657,0.07473708,9.111126e-05,0.06519592,0.9999994,0.016384557
0.0048645562,0.025798714,0.15636973,0.00040011018,0.00082987704,0.00025020487,0.00039927402,0.004235421,0.011360493,0.00019459183,0.0021786834,0.030299475,0.5305653,0.009437813,0.20843603,0.15897517,5.024764e-06,0.07819384,0.03031153,0.47948864,0.009127439,8.182116e-06,0.99892694,0.012408619,0.09800844,0.0002742467,0.08056897,0.9999964,0.02687988
0.0025074792,0.01327951,0.15170436,0.00017302862,0.0002872383,8.6758206e-05,0.00018601971,0.0018874661,0.011984027,6.1009025e-05,0.00071471627,0.0071259616,0.5681336,0.003134012,0.21734129,0.12205023,7.846388e-07,0.03431566,0.017348502,0.10774292,0.002671275,1.6522424e-06,0.99901474,0.0039523463,0.07353231,8.8967005e-05,0.048380878,0.9999994,0.023548504
0.00033527403,0.006563683,0.07461635,7.2547973e-06,3.1989985e-05,3.725321e-06,7.983681e-06,0.0002492722,0.0008425238,2.3207417e-06,0.000105434185,0.013811177,0.4464248,0.0007603293,0.04790364,0.05610748,7.927097e-09,0.030122057,0.00789362,0.54969776,0.0010392882,1.36893785e-08,0.99998534,0.0012354285,0.033483546,3.9460333e-06,0.035153303,1.0,0.00415391
0.010582414,0.0563989,0.20540655,0.0015340195,0.0027744675,0.0010762521,0.0013847055,0.012860775,0.015563851,0.0009198279,0.009665979,0.120897464,0.5129166,0.044773202,0.2341163,0.27720505,4.510925e-05,0.17849088,0.05456661,0.8747741,0.0476955,6.511827e-05,0.99859506,0.06407384,0.16226976,0.001146022,0.15547153,0.99996054,0.043066118
0.0024366977,0.021525705,0.1295668,0.00014488904,0.00039502705,9.1262475e-05,0.00014389922,0.002279491,0.0045130798,6.764357e-05,0.0012806527,0.043847922,0.4867694,0.0068755806,0.12649998,0.13633661,1.1010734e-06,0.07994472,0.023486957,0.73096234,0.00798872,1.6984767e-06,0.9997713,0.010151031,0.08014411,9.816407e-05,0.07838436,0.99999917,0.015659973
0.0048565855,0.026655786,0.15508255,0.0003993248,0.00085319113,0.00025280807,0.00039189923,0.004314055,0.010941491,0.00019649604,0.0022604677,0.03362924,0.5236955,0.009892384,0.20299798,0.16167352,5.048781e-06,0.08158642,0.030671023,0.51797503,0.00973007,8.203478e-06,0.99900323,0.013085902,0.09924731,0.00028035475,0.08281833,0.9999963,0.026519362
0.005909343,0.034124635,0.16268435,0.0005506515,0.0011788758,0.0003665429,0.00052105094,0.005890619,0.010415158,0.00029347747,0.0035258683,0.059437007,0.50848347,0.01626969,0.19907328,0.19177884,9.456569e-06,0.11107227,0.03642321,0.7291164,0.017004795,1.4403038e-05,0.9990916,0.022443287,0.11359582,0.00040618106,0.10302372,0.99999285,0.028702084
0.0018227529,0.016863648,0.11811396,8.922537e-05,0.00026328952,5.429066e-05,9.0791305e-05,0.0015445205,0.003877433,3.9075127e-05,0.00077439676,0.029600693,0.48651183,0.0041087647,0.11555273,0.1118935,4.7835294e-07,0.061440054,0.019313864,0.6086767,0.0047661164,7.7002625e-07,0.9998186,0.006018736,0.06842546,5.8643476e-05,0.06464008,0.99999964,0.012783525
0.0031315265,0.024054516,0.13678505,0.0002158146,0.0005376649,0.00013422302,0.00020872203,0.0029918046,0.00585239,0.00010217789,0.0016669855,0.046611805,0.489166,0.008520643,0.14561157,0.14932348,2.026855e-06,0.0864349,0.025920497,0.716628,0.00949858,3.1230966e-06,0.9996469,0.012371835,0.08838408,0.00014865055,0.08254723,0.99999845,0.018733269
0.020129165,0.067875005,0.2358256,0.0037302955,0.005558888,0.002700638,0.0033377635,0.022844663,0.03367929,0.0023950841,0.015724087,0.098985426,0.5374191,0.05882944,0.33451945,0.30480447,0.00018520543,0.17880175,0.06874475,0.74143106,0.054170944,0.00028628908,0.9944237,0.074081115,0.1869507,0.0029467002,0.1594345,0.9998412,0.06968764
0.010567138,0.040608715,0.19465663,0.0012711352,0.0022197447,0.00088195025,0.0012318774,0.009991599,0.022291038,0.0007374901,0.005845265,0.04684269,0.5502437,0.022800012,0.28611946,0.22227772,3.3233617e-05,0.11363273,0.046633672,0.55584216,0.021088468,5.371968e-05,0.9969215,0.02897916,0.1362297,0.0009665406,0.11132133,0.99997437,0.044989754
0.009207116,0.034834955,0.19016956,0.0010679832,0.0017591411,0.00069521315,0.0010416023,0.008344238,0.022837643,0.00056664506,0.004521408,0.033870284,0.55529636,0.017144201,0.2858759,0.20363316,2.27034e-05,0.09524218,0.040683217,0.4278725,0.015154081,3.778382e-05,0.99685353,0.021311928,0.12611467,0.0007603329,0.09709838,0.9999832,0.043773197
0.005610757,0.029389596,0.1609172,0.0005173965,0.001036412,0.00032583444,0.0004974263,0.0052299,0.012452508,0.00026031496,0.0028041147,0.038458586,0.5207552,0.012133171,0.21514146,0.17388624,7.721392e-06,0.09000518,0.032755535,0.54666895,0.011641488,1.2374315e-05,0.9987721,0.015796116,0.10483312,0.00036524356,0.087660946,0.9999944,0.030131625
1.2528501e-07,1.5031069e-05,0.008179666,7.016772e-11,4.9688204e-10,1.0103646e-11,1.0416484e-10,3.2529282e-08,4.798571e-06,2.9094945e-12,2.4808304e-09,4.9665127e-06,0.49828133,8.468764e-08,0.0068932925,0.0028994705,2.7637729e-17,0.00014182364,4.08639e-05,0.0020505874,1.0194297e-07,1.4734507e-16,1.0,1.4465257e-07,0.0008109849,9.4858505e-12,0.00045002182,1.0,3.8880687e-05
0.0355156,0.11043014,0.2988495,0.010363702,0.013496538,0.008012289,0.009243788,0.048071768,0.054187074,0.0074768043,0.039356794,0.17120588,0.5431675,0.13846499,0.38492128,0.39603278,0.0008297216,0.25679028,0.10273406,0.8279328,0.12827964,0.0012365893,0.9901287,0.17299789,0.2559353,0.008511492,0.22563219,0.9991709,0.10820294
0.0053674565,0.03407634,0.15974972,0.00048632143,0.0010551563,0.00031907458,0.0004552532,0.0055455426,0.008844189,0.00025493302,0.0033767119,0.068716936,0.49595696,0.016237896,0.18277131,0.19186671,7.688722e-06,0.11511858,0.03528727,0.7852712,0.017701292,1.1565034e-05,0.99932265,0.02324726,0.11216752,0.00034989312,0.10545634,0.99999404,0.026431277
0.06182522,0.12285468,0.3506938,0.023739127,0.023648039,0.018172354,0.020552155,0.07830882,0.1128136,0.017133325,0.060166597,0.13756347,0.5681439,0.17275298,0.4945208,0.43299997,0.0024678092,0.24850859,0.1230646,0.6480339,0.13885619,0.004188361,0.9690193,0.19699346,0.29301307,0.01810343,0.23194101,0.99735224,0.1666196
0.0021555535,0.016969027,0.1234281,0.00011176471,0.00030592352,6.741059e-05,0.00011583394,0.0017233626,0.005137395,4.910624e-05,0.0008320632,0.02347591,0.5059274,0.004125868,0.1348359,0.11343889,6.5989025e-07,0.057690904,0.020384673,0.48858127,0.0045011267,1.0948495e-06,0.9997074,0.0057862536,0.07037329,7.338559e-05,0.06277788,0.9999995,0.014789979
0.036331102,0.1312929,0.32649732,0.012733356,0.016763005,0.010144748,0.011689527,0.055953674,0.055093627,0.009706964,0.052373756,0.2227392,0.5463734,0.19229284,0.36852628,0.43288124,0.0010099044,0.3024538,0.11685351,0.8844728,0.18459244,0.0014137411,0.9918725,0.24503677,0.28796744,0.010617104,0.26502088,0.9988821,0.115805686
0.001629039,0.015035595,0.11492797,7.89064e-05,0.00022585457,4.5248882e-05,8.141538e-05,0.0013471801,0.003937883,3.211133e-05,0.0006388568,0.022631614,0.4928722,0.0034042117,0.11647953,0.10430136,3.713608e-07,0.054067437,0.017618965,0.5115224,0.003757086,6.140837e-07,0.9998122,0.0048296666,0.06363825,4.9898823e-05,0.05742882,0.99999976,0.012664086
0.0796305,0.15909666,0.38881734,0.036824353,0.03659064,0.030020818,0.032516364,0.108846396,0.12878382,0.028601652,0.09251113,0.18916546,0.5673654,0.25328985,0.50423336,0.48101422,0.00501748,0.29951447,0.15173788,0.72927576,0.2137631,0.00814158,0.9633986,0.29265413,0.3360937,0.029938549,0.28124735,0.99423236,0.19731331
0.10894872,0.28519702,0.50360733,0.098753974,0.09451852,0.09628207,0.09122987,0.1870378,0.17988272,0.09363505,0.22141223,0.38620663,0.5880558,0.51782227,0.46601054,0.57094824,0.016714364,0.4465885,0.23794279,0.8632958,0.48902592,0.02284707,0.9606328,0.5796173,0.46891746,0.0805871,0.438466,0.97512317,0.27321777
0.025577445,0.049950648,0.29684746,0.0062125693,0.005526266,0.003956388,0.005805243,0.025618793,0.08817507,0.0031974427,0.014263566,0.028131383,0.6081446,0.04222258,0.47107327,0.31057355,0.00021597782,0.10678497,0.060512014,0.20170978,0.028878273,0.00042802215,0.98017955,0.04765074,0.19701906,0.0036967972,0.12408288,0.9997986,0.10997687
0.06896865,0.10456558,0.36778024,0.027725808,0.022879263,0.020253375,0.024033407,0.080128044,0.15363447,0.01813793,0.05784497,0.08599152,0.5966202,0.15028721,0.54528606,0.43162617,0.0026699912,0.2079506,0.117518686,0.43465352,0.10651136,0.004805639,0.9521218,0.16385578,0.291058,0.01906852,0.2095848,0.9972155,0.18700284
0.0038682257,0.020076195,0.15281022,0.0002967819,0.0005708394,0.00016985343,0.00030310833,0.0031393259,0.011962027,0.00012663,0.0014035935,0.017176041,0.54317164,0.005954943,0.21334484,0.14131026,2.5243282e-06,0.05635124,0.024680788,0.27812132,0.005443678,4.52855e-06,0.9988732,0.0076558995,0.08762339,0.00018386994,0.06550987,0.9999982,0.025598966
0.0059814863,0.025016041,0.17907281,0.00060577196,0.00096796534,0.00035425666,0.0006034169,0.005156161,0.019545041,0.00027226386,0.0024252315,0.018847568,0.561714,0.009515871,0.26737502,0.17226481,7.2590747e-06,0.06562444,0.03021576,0.25578773,0.008043829,1.33426165e-05,0.9977034,0.01173295,0.10658775,0.00038009594,0.07576406,0.99999464,0.036816802
0.00997834,0.036805898,0.19423057,0.0012202081,0.0019692294,0.000798276,0.0011729683,0.009254183,0.024309898,0.0006539745,0.0050322036,0.036410812,0.55272174,0.018880345,0.29387698,0.21094878,2.782397e-05,0.099085286,0.042381488,0.4385576,0.01644415,4.643887e-05,0.9965239,0.023231406,0.13062747,0.0008687965,0.10047597,0.9999789,0.046375412
0.019757062,0.07652578,0.24401248,0.0039242827,0.0060112495,0.0028484452,0.0035662516,0.024703909,0.029305065,0.0025888653,0.018802594,0.1346752,0.52862144,0.075402744,0.31259805,0.32704058,0.00020001442,0.20849065,0.07385303,0.8403792,0.07342337,0.00029344333,0.99590284,0.09966869,0.19925596,0.0031074083,0.18056986,0.99982005,0.06856184
0.0018522753,0.018031629,0.12019427,9.540891e-05,0.0002784448,5.8347992e-05,9.671073e-05,0.0016597693,0.0036570742,4.2105596e-05,0.00088224316,0.035383746,0.48312557,0.004890789,0.112607785,0.118771836,5.497539e-07,0.06815441,0.020148434,0.68595695,0.0057442714,8.63162e-07,0.9998367,0.007254758,0.070711166,6.273083e-05,0.068880074,0.99999964,0.013097101
0.00057726447,0.006805939,0.0890938,1.6123657e-05,5.1573952e-05,7.6590395e-06,1.8111898e-05,0.00037901942,0.002120744,4.8674483e-06,0.00013642356,0.006922606,0.5013092,0.0008033879,0.08614315,0.06271328,2.2668594e-08,0.024165228,0.009214296,0.21530469,0.00089195673,4.4452253e-08,0.9999342,0.001155427,0.038402885,7.990551e-06,0.032341197,1.0,0.00677868
0.00064007775,0.008402041,0.08931586,1.9155643e-05,6.834957e-05,9.872136e-06,2.1080594e-05,0.00046802234,0.0018208165,6.4511646e-06,0.00019419797,0.012330508,0.483773,0.0012095004,0.07598547,0.0696162,3.5142897e-08,0.033471957,0.010597278,0.4061079,0.0014323524,6.195739e-08,0.9999478,0.0018105892,0.042471588,1.0756679e-05,0.03931558,1.0,0.0067733177
4.1125018e-06,0.00027908955,0.020187922,1.0121464e-08,7.844332e-08,2.6701765e-09,1.368006e-08,1.6763069e-06,3.4710403e-05,1.1097246e-09,2.9979049e-07,0.00028822478,0.44964093,4.9155565e-06,0.011096779,0.0093265725,1.4140682e-13,0.002034454,0.0005109473,0.061290685,6.981584e-06,4.0751137e-13,0.9999999,8.816254e-06,0.0041473936,2.7699953e-09,0.003753673,1.0,0.0002541164
0.00031719744,0.0049823215,0.07421115,6.525341e-06,2.5293544e-05,3.0009537e-06,7.51199e-06,0.00020202347,0.0011550758,1.8179951e-06,7.054529e-05,0.0059457766,0.4847624,0.0004743415,0.059936423,0.04992948,5.5079536e-09,0.02018589,0.0068108337,0.24349111,0.0005666289,1.0774058e-08,0.99997556,0.0007164078,0.030116055,3.1607092e-06,0.02712215,1.0,0.0043859812
0.02110447,0.08794878,0.2596921,0.004644241,0.0072217444,0.003507171,0.004288839,0.028444849,0.029945279,0.0032035138,0.024004709,0.16466612,0.5322732,0.0990416,0.3060029,0.35616884,0.00025618784,0.23835988,0.08253856,0.88452864,0.09955715,0.00035726477,0.9962708,0.13370797,0.21853162,0.0037542544,0.20563112,0.99975795,0.07237293
0.038347647,0.097870454,0.29136145,0.010827101,0.01294933,0.008126811,0.009369011,0.046794098,0.0658437,0.007460679,0.03449364,0.12748724,0.55100024,0.11172345,0.41857466,0.37494445,0.00086066814,0.22195236,0.09620727,0.71407825,0.096051514,0.0013696906,0.9852255,0.13279551,0.24298775,0.008553905,0.19919457,0.9991812,0.114173904
0.010414125,0.029563332,0.23065612,0.0015119669,0.0017233719,0.00089925225,0.00153103,0.009228281,0.042755675,0.00069209764,0.0043545496,0.015018847,0.60254955,0.01465687,0.37042966,0.2194202,2.531572e-05,0.0670776,0.036861278,0.14564179,0.011210238,5.109499e-05,0.9930622,0.017513018,0.13534844,0.00088801177,0.08489781,0.99997914,0.061242346
0.019259516,0.084376276,0.25401866,0.004137758,0.0064670336,0.0030668352,0.003793724,0.02614833,0.02786332,0.0027982993,0.021950189,0.16384672,0.52860934,0.09256975,0.296565,0.34834832,0.00020503388,0.23379032,0.07908474,0.8866438,0.093731485,0.0002874953,0.9967668,0.12575647,0.21273886,0.003297963,0.20079625,0.99980444,0.06858547
0.04119823,0.11154967,0.30294222,0.01180997,0.0152397165,0.009416587,0.010565922,0.052454982,0.0639181,0.00880033,0.041379414,0.15593639,0.5506758,0.13674785,0.41322762,0.39832953,0.0010449169,0.24929835,0.1074826,0.78594124,0.12482637,0.0016126299,0.98643595,0.1678472,0.26009598,0.009929909,0.22456364,0.99894184,0.1155526
0.0013612417,0.01348002,0.11052774,5.9384798e-05,0.00017923379,3.3802247e-05,6.317146e-05,0.0010978103,0.0033471624,2.3765586e-05,0.00051607523,0.020333393,0.49612215,0.0028478492,0.10699337,0.09654499,2.3739207e-07,0.05001465,0.016240852,0.5020563,0.0032081068,3.9301776e-07,0.99985707,0.004111247,0.059091017,3.6826845e-05,0.054339502,0.9999999,0.011155869
0.0031510182,0.022187809,0.13779926,0.00021005467,0.0005183418,0.00013076243,0.00021090978,0.002794475,0.00675601,9.8824625e-05,0.0014735402,0.033405904,0.50903326,0.0071756146,0.15784185,0.13951552,1.9089055e-06,0.07529603,0.025409417,0.5878803,0.007553119,3.0230283e-06,0.9995447,0.009918356,0.08476403,0.00014432246,0.07549196,0.9999987,0.019420972
0.013049973,0.04084647,0.21563366,0.001848068,0.0026791147,0.0012372048,0.0017932139,0.012241609,0.033629958,0.0010249023,0.0067297244,0.035225622,0.5712561,0.023939487,0.3397901,0.23527303,5.0674284e-05,0.1039026,0.048160613,0.39113376,0.020163305,8.774808e-05,0.9944047,0.029126547,0.14658967,0.0013159711,0.10843246,0.9999598,0.05706951
0.008974735,0.032183845,0.19646896,0.0010678412,0.0016339056,0.0006718381,0.0010581228,0.008031182,0.025573507,0.0005395594,0.0040890984,0.02621767,0.567391,0.015284362,0.30339274,0.20171331,1.9942478e-05,0.08379381,0.038725,0.32706168,0.013003355,3.5284065e-05,0.99638796,0.018865384,0.12564318,0.0007206028,0.09119228,0.99998474,0.04562522
0.0016512492,0.013024064,0.117826104,8.037069e-05,0.0002059642,4.3187953e-05,8.5951295e-05,0.0012454108,0.0050807865,3.0237374e-05,0.00052790344,0.013516092,0.52052504,0.0026693956,0.13559836,0.09954184,3.3243933e-07,0.04270739,0.016447112,0.30720082,0.0027189767,5.903524e-07,0.9997181,0.0036380237,0.061530292,4.735913e-05,0.05005789,0.99999976,0.013740368
0.005803137,0.030248124,0.16075143,0.0005223356,0.0010756556,0.00033693304,0.00050855894,0.00538842,0.012396336,0.00027237914,0.0028962286,0.04115724,0.5167528,0.012415335,0.21395116,0.17510328,8.130483e-06,0.09291872,0.033617195,0.5688315,0.01217661,1.2906116e-05,0.99876934,0.016338289,0.10628127,0.00037854313,0.08988947,0.9999939,0.029785924
0.02323218,0.10740289,0.29320657,0.0067111063,0.009841559,0.005146977,0.006243608,0.036551084,0.035134282,0.0048483717,0.034968797,0.21220458,0.53956777,0.14833778,0.30856642,0.39987835,0.00037631002,0.28351364,0.09622315,0.91421705,0.14945863,0.0005029778,0.99632984,0.20024964,0.25433677,0.005426179,0.24350116,0.9996019,0.084560975
0.0003597281,0.005356201,0.07752664,8.484199e-06,3.0232039e-05,3.7996438e-06,9.493074e-06,0.00024015513,0.0013576936,2.3331959e-06,8.315349e-05,0.0061903754,0.48334283,0.00054467487,0.06588768,0.053374317,7.952661e-09,0.021080982,0.007132749,0.23255499,0.00062684657,1.5625533e-08,0.9999682,0.00080848916,0.031977184,4.0596465e-06,0.02768929,1.0,0.0049974164
0.0030872694,0.020474305,0.13693446,0.00020152655,0.00048097948,0.00012119366,0.00020455684,0.0026137163,0.0074536167,9.1822636e-05,0.0012970966,0.026456615,0.51371384,0.00607097,0.16584532,0.13323987,1.6554063e-06,0.066759385,0.02409571,0.4827877,0.006220343,2.727196e-06,0.9994672,0.008249538,0.081474744,0.00013449143,0.06959614,0.9999988,0.019678207
0.0016354044,0.012394835,0.121390976,8.1134276e-05,0.00019518183,4.2334974e-05,8.734885e-05,0.0012173483,0.0055493275,2.9643443e-05,0.00050784496,0.011409935,0.5300141,0.0025313725,0.14312445,0.09951219,3.091503e-07,0.03987022,0.016017653,0.2552543,0.0025199857,5.706938e-07,0.9996886,0.0034364492,0.06132382,4.5941782e-05,0.048443016,0.99999976,0.014354608
0.0019502724,0.019296875,0.12225822,0.00010551636,0.000300378,6.463176e-05,0.00010542224,0.0018154772,0.0035932509,4.692813e-05,0.001004961,0.041792065,0.4779441,0.0056671156,0.11160036,0.12632999,6.528899e-07,0.07446101,0.02095571,0.7430065,0.006757239,1.0088824e-06,0.99984217,0.008540114,0.073548496,6.887411e-05,0.073395215,0.9999995,0.013494924
0.010130761,0.050580688,0.19465381,0.0012631045,0.0024127662,0.0009037017,0.0011663385,0.01112247,0.01526907,0.0007654619,0.007783077,0.09615376,0.51702756,0.034555644,0.23963799,0.2524459,3.621583e-05,0.1558835,0.051630355,0.8263147,0.036367882,5.389188e-05,0.9984394,0.047824755,0.14763136,0.000975257,0.13942054,0.99996996,0.040763445
0.0036866616,0.021950731,0.1464772,0.00027278584,0.0005895265,0.00016290144,0.00027417272,0.003165729,0.009415675,0.00012346909,0.0015608981,0.025248798,0.5260638,0.0070780306,0.18669695,0.14319122,2.5428508e-06,0.06822502,0.0259458,0.43649778,0.006836573,4.264994e-06,0.99923074,0.009306719,0.08796461,0.00018183424,0.07206047,0.9999982,0.023286486
0.0042327754,0.030281551,0.14970963,0.00034249353,0.00078838866,0.00021909311,0.00032858737,0.004337668,0.007142191,0.0001754842,0.0026268424,0.06370955,0.4902824,0.013203121,0.1635987,0.17622524,4.372898e-06,0.10719982,0.031645518,0.78691304,0.014748404,6.620929e-06,0.9995278,0.019207675,0.101243004,0.00024234464,0.097607255,0.99999666,0.022889959
0.0046893964,0.029386427,0.15220627,0.0004003402,0.0008804485,0.00025437554,0.00038283205,0.0045912024,0.008955006,0.00020246989,0.002619564,0.04987839,0.503662,0.0124088405,0.18359444,0.17223445,5.544221e-06,0.09845239,0.031563334,0.6876876,0.012839309,8.531151e-06,0.9992848,0.017020632,0.101212144,0.0002853016,0.09106854,0.99999595,0.02556452
0.004624489,0.023105113,0.15834674,0.00038486253,0.0007352032,0.00022924294,0.0003873631,0.0039420184,0.0132364845,0.00017634482,0.0018216488,0.021768978,0.5370762,0.0076530413,0.22242072,0.15407369,4.0550185e-06,0.065253966,0.027506256,0.3343325,0.006996964,7.0964256e-06,0.9986658,0.009842833,0.094681054,0.00025171592,0.07253301,0.999997,0.028285647
0.03720584,0.097554594,0.29063395,0.009912266,0.012546357,0.007579098,0.008803687,0.045534253,0.06057619,0.0069953143,0.03375924,0.1298138,0.55179614,0.1121417,0.41316736,0.37675825,0.0007905098,0.22447896,0.097085096,0.74181205,0.09923603,0.0012468066,0.9868881,0.13700342,0.24305005,0.008083779,0.20326741,0.9992403,0.10803494
0.022203144,0.052771483,0.2608057,0.0045322725,0.0051171,0.003042567,0.0042036986,0.022499328,0.06087227,0.0025787815,0.012903591,0.04050708,0.58487725,0.04133817,0.42007142,0.2906354,0.00017378108,0.122151405,0.06139188,0.34579992,0.03146195,0.00031500656,0.9872098,0.047827277,0.18438576,0.0031020525,0.12849687,0.99984705,0.08789643
0.0047051846,0.030692993,0.15384285,0.00039377954,0.0008856956,0.00025552578,0.00037818874,0.0047138347,0.008210015,0.00020426254,0.002761974,0.058209356,0.4982109,0.013373626,0.17740768,0.177464,5.5217583e-06,0.10420681,0.032615177,0.74669844,0.014496997,8.382285e-06,0.9993875,0.018996295,0.10410011,0.00028224362,0.096847795,0.9999958,0.024445659
0.0034125857,0.020975333,0.1434117,0.00024372268,0.0005384337,0.00014406534,0.00024592737,0.0029155072,0.008690943,0.00010883691,0.0014158356,0.024516456,0.5225668,0.006511796,0.18089189,0.13875757,2.1315122e-06,0.065839946,0.02490527,0.43706715,0.0063776094,3.5801063e-06,0.99931395,0.008657382,0.08496482,0.00015984851,0.0698929,0.99999857,0.021910695
0.00087337557,0.010588947,0.09773862,3.132899e-05,0.00010495332,1.6889879e-05,3.3687007e-05,0.0006919305,0.0022270754,1.1519969e-05,0.00030961708,0.017377676,0.4811553,0.0018608051,0.08504495,0.081638776,8.18329e-08,0.04215904,0.012768742,0.4986365,0.0022029486,1.3756325e-07,0.9999274,0.002794572,0.049479917,1.8467672e-05,0.046480183,1.0,0.008266975
0.0007074296,0.0088171745,0.09206911,2.3467264e-05,7.7791025e-05,1.1787184e-05,2.5311614e-05,0.0005359637,0.0020805022,7.889293e-06,0.00021888976,0.01261375,0.48204544,0.001321155,0.08224936,0.072727464,4.7330914e-08,0.034448687,0.0108464835,0.38851112,0.0015217303,8.331126e-08,0.9999348,0.0019574948,0.043929067,1.2953441e-05,0.03946885,1.0,0.0074949972
0.033774603,0.14792149,0.3570693,0.014469874,0.01889256,0.011833248,0.013693076,0.060810212,0.054915655,0.011551767,0.064177975,0.27128595,0.55566657,0.2515324,0.34966615,0.46340534,0.0010443188,0.3437318,0.12667981,0.91953963,0.24643347,0.0013707821,0.9939347,0.3245309,0.31918716,0.012005868,0.3023383,0.99874026,0.12059312
0.0019278453,0.017857492,0.119491495,0.000102786624,0.00028947365,6.1123166e-05,0.00010341366,0.0017356392,0.0039961194,4.494565e-05,0.0008762822,0.033640336,0.48033798,0.004733068,0.11766784,0.11832705,6.038648e-07,0.066516384,0.019828452,0.64863944,0.0054692593,9.470616e-07,0.99980897,0.006995844,0.07087606,6.796227e-05,0.06649197,0.9999995,0.013534012
0.06255879,0.22786477,0.4570306,0.044305578,0.049132325,0.040619936,0.041603886,0.120719574,0.11040342,0.040544428,0.14125364,0.34550676,0.57891744,0.43813473,0.41468245,0.5486815,0.004649746,0.42212814,0.18602544,0.9032488,0.41783768,0.006358131,0.9847803,0.52120435,0.42038742,0.037546266,0.39475408,0.9931283,0.20303282
0.00055178686,0.007328902,0.086145654,1.5128902e-05,5.363926e-05,7.537185e-06,1.6840373e-05,0.00038493006,0.001709753,4.822859e-06,0.00015050799,0.0097275935,0.48409146,0.0009255233,0.073281765,0.06332786,2.3066539e-08,0.028779568,0.009434485,0.3343093,0.0010826447,4.197047e-08,0.9999527,0.001376941,0.038892824,8.0261725e-06,0.035300665,1.0,0.0062275636
0.028155211,0.08906081,0.26438144,0.0063657113,0.009102418,0.0048651593,0.005730953,0.03432733,0.041676432,0.0043866644,0.026023889,0.13646083,0.5390934,0.0933795,0.36079264,0.35239774,0.00044010338,0.21953726,0.087008074,0.8051343,0.08765263,0.0006514154,0.9924285,0.11807354,0.2209373,0.0052202567,0.19403583,0.99959797,0.08583402
0.0006400696,0.0067747706,0.09386091,2.0072339e-05,5.6667144e-05,9.163745e-06,2.2434026e-05,0.0004206536,0.002645013,5.8058504e-06,0.00014651356,0.005753431,0.5163718,0.0008430222,0.09813236,0.06647572,2.969246e-08,0.023064457,0.009277441,0.1646924,0.0008813121,5.9649565e-08,0.99990594,0.0011789752,0.040116213,9.590449e-06,0.031595986,1.0,0.007847252
0.021809312,0.043159243,0.29031485,0.0049326927,0.0042625517,0.0030143703,0.004695049,0.020979313,0.08230501,0.0023715487,0.010989778,0.02159675,0.6113334,0.032576922,0.4631324,0.29019287,0.00014324566,0.091451354,0.053460322,0.15524521,0.021991882,0.000288211,0.98216206,0.03699418,0.18331133,0.002766939,0.11091624,0.99986994,0.102412425
0.07284266,0.10559611,0.37357804,0.030107945,0.024391932,0.022100007,0.026118914,0.08408195,0.1612204,0.019499961,0.061244607,0.0842921,0.59968597,0.15453622,0.55441463,0.43664753,0.0031644024,0.20823933,0.11998736,0.42159224,0.10844551,0.0056071673,0.94669366,0.16683836,0.2938144,0.020492913,0.21074934,0.9968124,0.19335155
0.08662794,0.10298619,0.41555023,0.042083748,0.027160084,0.029198404,0.036179986,0.09646169,0.2177596,0.02394702,0.071900904,0.06620797,0.61864436,0.16452505,0.58887535,0.4623672,0.0041580265,0.19230692,0.12387087,0.28716335,0.10389212,0.007759277,0.924013,0.17033651,0.3108597,0.02475428,0.21156394,0.99571383,0.23298272
0.002585049,0.017706275,0.13260238,0.00015411731,0.0003725251,8.981978e-05,0.00015900086,0.0020796224,0.006888509,6.5336346e-05,0.0009637622,0.019993508,0.5198251,0.0045596748,0.16003866,0.121118344,1.0163783e-06,0.055920444,0.021493094,0.3926696,0.004609778,1.7420712e-06,0.99953127,0.0061444924,0.07501997,9.8283956e-05,0.062034775,0.9999993,0.017932354
7.367378e-05,0.0018873421,0.048750576,7.3885803e-07,3.5596424e-06,2.7849316e-07,8.9127104e-07,3.9560797e-05,0.0003691498,1.475278e-07,1.0670966e-05,0.0020503036,0.46871555,9.3453054e-05,0.03378015,0.0276193,1.46528e-10,0.008886217,0.0028531065,0.13502835,0.000118748445,3.3558256e-10,0.9999963,0.00014832927,0.015400305,2.8626596e-07,0.013885504,1.0,0.0017093843
0.0010718012,0.010391005,0.10371642,4.2489995e-05,0.0001230381,2.1859292e-05,4.5618377e-05,0.0007861991,0.0033538102,1.4805207e-05,0.00032318436,0.011918401,0.50741947,0.0017692518,0.107084155,0.083965026,1.1602904e-07,0.036658563,0.013236067,0.31459814,0.0018944571,2.08501e-07,0.99985874,0.0024959606,0.051824536,2.4204628e-05,0.043511588,0.9999999,0.01010593
0.02070259,0.09284636,0.26684818,0.0049234144,0.0075543555,0.003717457,0.0045225914,0.029400006,0.030258084,0.0034017765,0.026207762,0.18075521,0.5331081,0.11218234,0.2971644,0.36940733,0.00025742137,0.25385877,0.08513699,0.90053463,0.112845674,0.00035516,0.9966432,0.15203846,0.2280652,0.0039465707,0.2168734,0.9997447,0.07411822
0.0041318564,0.02172371,0.15306787,0.00032245155,0.0006404839,0.00018965248,0.00032789048,0.0034182388,0.011639273,0.00014349283,0.0016146894,0.020679733,0.5403664,0.00694272,0.20928612,0.14592436,3.149705e-06,0.06347518,0.026329486,0.34258464,0.006446545,5.4354473e-06,0.9989126,0.008953041,0.09029189,0.00020779172,0.06986548,0.99999785,0.025932722
0.009287856,0.043145135,0.18350872,0.0010531287,0.0020419173,0.0007413094,0.0009919911,0.009317457,0.015571867,0.00061765057,0.005921622,0.0693826,0.5249152,0.02520056,0.24407409,0.22532092,2.7684113e-05,0.13111667,0.046270613,0.735368,0.025447227,4.164171e-05,0.99823546,0.033856746,0.13442922,0.0008110173,0.12000881,0.99997854,0.038211793
0.000223196,0.003143622,0.072526306,4.375088e-06,1.3314385e-05,1.6763195e-06,5.149478e-06,0.00012768684,0.0013495756,9.53838e-07,3.522053e-05,0.0020768237,0.5188144,0.00024747272,0.07253755,0.04491835,2.1112643e-09,0.011374029,0.004723668,0.07252382,0.00025986167,4.9663877e-09,0.9999702,0.00035098658,0.025161212,1.7054724e-06,0.018433591,1.0,0.00435332
0.0025728154,0.015997913,0.13615039,0.00016218307,0.00034478086,8.868223e-05,0.00016665978,0.0020004972,0.008479131,6.313207e-05,0.0008495471,0.013804014,0.53251946,0.0038547246,0.17729627,0.119725116,9.3479434e-07,0.046594795,0.019749029,0.2512981,0.0036125497,1.7187025e-06,0.9993567,0.0049920417,0.07372101,9.633519e-05,0.055949792,0.9999994,0.019792074
0.081044614,0.13319343,0.37158173,0.034262955,0.03160214,0.026836162,0.029724434,0.099130094,0.1439029,0.02496453,0.07817427,0.13494673,0.5808624,0.19922683,0.53159004,0.45566437,0.0046126232,0.25723505,0.13914259,0.60245955,0.15744156,0.0076296288,0.95232975,0.22279397,0.31144008,0.026523609,0.24574615,0.99520445,0.19335242
0.027200822,0.0795748,0.2587507,0.0060187876,0.008154687,0.0044625336,0.0053239493,0.03142182,0.04432977,0.003984389,0.022310732,0.11345904,0.54002506,0.07748002,0.36345857,0.33053574,0.00037385605,0.1992329,0.07948541,0.7419441,0.068770245,0.00057206274,0.9914586,0.095624685,0.21281675,0.0046965214,0.17818557,0.99966395,0.08535383
0.04592776,0.38216722,0.6552523,0.10328944,0.093785465,0.113959305,0.10192716,0.13864756,0.14900889,0.10579635,0.29756898,0.5976198,0.67684567,0.76571244,0.33131847,0.6498948,0.004786321,0.5955504,0.25981137,0.96482843,0.7752963,0.006004677,0.9934295,0.83541155,0.62283033,0.066377826,0.6221851,0.9891862,0.26072496
0.037080448,0.27643695,0.5448343,0.043929573,0.0486941,0.044435643,0.044417694,0.10338053,0.09376277,0.04360386,0.1770143,0.47512254,0.62849474,0.6159129,0.33682397,0.6048099,0.0023268722,0.5186214,0.20051083,0.96229243,0.61617476,0.0028892057,0.9950605,0.7146683,0.5078342,0.033749595,0.5051419,0.9955972,0.19408196
3.4792956e-05,0.0011907042,0.038925547,2.5021671e-07,1.3773484e-06,8.568119e-08,3.1143088e-07,1.8011804e-05,0.00019122352,4.2487972e-08,4.42201e-06,0.0013862724,0.45329252,4.553084e-05,0.024288528,0.020779291,2.5719298e-11,0.0064276005,0.0018487356,0.12597433,6.0754963e-05,6.0384385e-11,0.9999987,7.646102e-05,0.0111149615,8.764715e-08,0.010039963,1.0,0.0010294812
0.13411964,0.13980581,0.4892032,0.089946024,0.05018477,0.06395338,0.07531688,0.15746057,0.30163026,0.05277863,0.13176572,0.095465496,0.6125313,0.28470522,0.621923,0.5314896,0.0104784565,0.2372308,0.16551459,0.3038386,0.17245172,0.020640735,0.8920708,0.28604335,0.37622806,0.05004974,0.26642114,0.9872476,0.3196396
2.9890465e-05,0.0010481263,0.03780613,2.0743714e-07,1.1015524e-06,6.790296e-08,2.5591163e-07,1.536552e-05,0.00018276123,3.301937e-08,3.5614419e-06,0.0011211508,0.4536843,3.7204405e-05,0.024089566,0.0196926,1.746333e-11,0.0055587958,0.0016396834,0.09993317,4.789054e-05,4.3138146e-11,0.9999988,6.08359e-05,0.010413228,6.8710726e-08,0.009068298,1.0,0.0009791856
0.034545988,0.08425256,0.27624464,0.008480607,0.010528569,0.0063723475,0.0075242287,0.0390148,0.06192993,0.0057624476,0.027464576,0.09917531,0.5610974,0.08818195,0.4178747,0.35184726,0.0006277317,0.19732594,0.08821841,0.6564478,0.07509838,0.0009983697,0.985679,0.10479724,0.22419952,0.006759614,0.18040995,0.99943715,0.103178866
0.2178722,0.34943953,0.5843796,0.27723745,0.19734259,0.26489264,0.23792373,0.30129254,0.35388395,0.2377154,0.3686575,0.41009387,0.61445653,0.59924567,0.5447439,0.6012683,0.06792908,0.44725913,0.30880663,0.7307784,0.54838306,0.105895996,0.8658148,0.62830836,0.5380705,0.18112393,0.48968148,0.89571106,0.39850354
0.00015283449,0.001041979,0.10788024,4.203663e-06,4.147085e-06,1.1523588e-06,5.004043e-06,8.048282e-05,0.0045453543,5.591424e-07,1.4109048e-05,0.000116969415,0.6345186,0.000104419145,0.18956935,0.05657344,6.233712e-10,0.0028407464,0.0019009772,0.0015001842,6.541696e-05,2.6088094e-09,0.99989474,0.000131251,0.022785679,9.416607e-07,0.00805404,1.0,0.008084402
0.0026584514,0.016326543,0.13683961,0.00016223875,0.00035159042,9.060674e-05,0.00017039297,0.0020343328,0.008408421,6.5544846e-05,0.0008723481,0.01440493,0.53542775,0.0039102226,0.1790566,0.11897992,9.766262e-07,0.047462583,0.020569727,0.26414075,0.0037708145,1.7801885e-06,0.99935836,0.0051499833,0.07398235,9.7271666e-05,0.057176672,0.9999993,0.01945782
0.043565657,0.1559484,0.36391723,0.018746685,0.023595173,0.015647696,0.017471028,0.07248523,0.06781414,0.015217156,0.07291871,0.2566652,0.55535144,0.25827464,0.38474736,0.47062752,0.0016980836,0.33858144,0.13590766,0.89431316,0.246332,0.0023396392,0.9901182,0.32369357,0.3253061,0.015913708,0.30169845,0.997969,0.13866784
0.01349229,0.039407372,0.22560091,0.0020855516,0.002697909,0.0013333953,0.0019981624,0.012788972,0.038895026,0.0010909443,0.0067634787,0.030010037,0.5760648,0.023294853,0.36017865,0.23728432,5.375499e-05,0.09621989,0.04663772,0.31389165,0.018533317,9.653548e-05,0.99323046,0.027712844,0.14855707,0.0013759055,0.104098625,0.99995685,0.06251854
0.029361073,0.06807184,0.2721097,0.006863603,0.007914125,0.0048290757,0.0061252364,0.03169485,0.065285705,0.0042862007,0.02005408,0.06578714,0.57081085,0.06390565,0.42826128,0.3238358,0.00037824054,0.15902565,0.07509909,0.49703866,0.050413165,0.0006451993,0.9852717,0.07398454,0.20709106,0.004973878,0.15368879,0.9996625,0.09919116
0.015804864,0.041775074,0.24111198,0.002776381,0.0032280996,0.0017605602,0.0026046962,0.015282606,0.04912789,0.0014378163,0.0081340065,0.029107496,0.5835524,0.02686766,0.38812494,0.25459415,7.5233635e-05,0.09798443,0.049077243,0.2723655,0.020333821,0.00013960132,0.99089265,0.031212082,0.16008599,0.001795021,0.10792291,0.9999367,0.07331478
0.030374564,0.048417535,0.34194434,0.008897968,0.006133579,0.0053085657,0.008257649,0.029696548,0.12294606,0.003986081,0.01663744,0.020980248,0.6259717,0.045781065,0.51337034,0.33821654,0.0002871211,0.096899346,0.061449558,0.11933202,0.027833382,0.0006086561,0.97133785,0.050338335,0.2119524,0.004479934,0.123693496,0.99972266,0.13835074
1.6990745e-07,1.28999645e-05,0.010707342,1.2435883e-10,5.583676e-10,1.6386517e-11,1.782704e-10,4.2452893e-08,1.0344001e-05,4.7783812e-12,2.8029576e-09,2.165791e-06,0.55079335,9.2412776e-08,0.012039625,0.0035421434,4.721375e-17,0.00010177269,3.7778882e-05,0.0005197768,8.552427e-08,2.9887174e-16,1.0,1.4225749e-07,0.0009160955,1.4432116e-11,0.0003882974,1.0,6.40795e-05
0.006695895,0.02808941,0.17637414,0.00069003034,0.0011693042,0.0004196145,0.0006716179,0.0058902865,0.018677464,0.00032870675,0.0028813465,0.025233904,0.54658717,0.011326994,0.2623959,0.17910928,1.0138582e-05,0.0759876,0.032970574,0.34144944,0.009905755,1.7667355e-05,0.9977112,0.014071432,0.11030582,0.0004557851,0.08202374,0.9999925,0.036867056
0.15231514,0.2046569,0.46954903,0.101633646,0.07740662,0.084769465,0.0873213,0.19442621,0.24316937,0.07727244,0.17612545,0.20075314,0.5852556,0.36928594,0.5864601,0.5439085,0.020907786,0.32482105,0.20472386,0.59864134,0.2901451,0.0350557,0.9001717,0.3972948,0.40083894,0.07495007,0.32955337,0.97434413,0.30272874
0.08420101,0.11811401,0.38659582,0.036819786,0.029878413,0.027780745,0.031942878,0.09846558,0.17376587,0.024835585,0.074157365,0.09754893,0.5969728,0.18219827,0.5636403,0.45665127,0.004426259,0.22706403,0.13257669,0.45470694,0.13007021,0.007775936,0.940261,0.19714828,0.31062648,0.02591746,0.22837579,0.9953555,0.20870252
0.023882752,0.05269232,0.269879,0.0050283135,0.0054273624,0.003393674,0.004727375,0.023685578,0.06758113,0.0028375254,0.013770631,0.037003346,0.5972222,0.04217908,0.43764564,0.29709962,0.0002056606,0.12003999,0.06274946,0.31250355,0.031975113,0.00037383,0.98488784,0.04881935,0.18803217,0.0033792048,0.12902033,0.99982125,0.09290798
0.0032865703,0.019397132,0.14229232,0.00022312366,0.0004817218,0.0001293139,0.00022749322,0.002648642,0.00906874,9.626393e-05,0.0012195093,0.019826654,0.52774507,0.005380728,0.18645492,0.13096055,1.7551985e-06,0.057760634,0.023600811,0.35063046,0.0052138893,3.049668e-06,0.9992623,0.007097127,0.08132859,0.00013935183,0.064794555,0.9999988,0.021497736
0.0019526576,0.0067508956,0.20297639,0.00017442038,0.00013728916,6.889822e-05,0.00018917622,0.0013487116,0.025555866,4.0110754e-05,0.00040604148,0.001184804,0.63660765,0.0017402497,0.32507524,0.13848253,3.1662827e-07,0.014598374,0.010060633,0.008820717,0.0010939597,9.624813e-07,0.9981749,0.0021418484,0.07074705,5.6816763e-05,0.030526688,0.99999976,0.035088457
0.00033146972,0.0034994239,0.08917775,8.784991e-06,1.9704357e-05,3.2929229e-06,1.0153997e-05,0.00019665553,0.0025204301,1.922311e-06,5.2121777e-05,0.0015919224,0.54697114,0.00033616123,0.10681233,0.055497665,5.311576e-09,0.0108429175,0.005241437,0.039676584,0.00031179373,1.3598244e-08,0.9999249,0.000451768,0.030254282,3.2569537e-06,0.01924629,1.0,0.0067149247
0.048757784,0.13848571,0.3449709,0.018358555,0.021845631,0.014798082,0.01646565,0.07084447,0.075901315,0.014109216,0.061430737,0.20222792,0.55177593,0.20247595,0.4257938,0.44453883,0.0017926722,0.29208675,0.12632765,0.82768106,0.18444532,0.002723204,0.98493606,0.24810518,0.30097488,0.015203293,0.26356944,0.9979988,0.14068991
0.101111986,0.16725834,0.41460058,0.052442394,0.046388395,0.04239629,0.045733623,0.13262725,0.16658972,0.039849356,0.11260415,0.17889686,0.57474184,0.27978748,0.5457445,0.49849838,0.008204434,0.2980561,0.16583203,0.65662086,0.22443466,0.013691583,0.9439452,0.3129214,0.35259283,0.04046181,0.2873777,0.9905048,0.2320889
0.042657726,0.09404026,0.29875973,0.011979895,0.013726005,0.009040826,0.010524953,0.0492906,0.077801585,0.008312012,0.03540469,0.10561448,0.56620204,0.10712447,0.45091957,0.3750326,0.001006952,0.20881388,0.098403916,0.6349049,0.08878134,0.0016366286,0.98027575,0.12463382,0.24323587,0.009354926,0.1938155,0.99905354,0.121209346
0.008198945,0.031749476,0.18681541,0.0008951439,0.0014971023,0.0005756563,0.0008940208,0.007238789,0.022021417,0.00046299756,0.0037629567,0.028315177,0.5619262,0.014453149,0.28160688,0.19487341,1.6397678e-05,0.08546773,0.038018372,0.37184343,0.012827274,2.8332986e-05,0.9970642,0.01801166,0.120438054,0.0006292651,0.09137264,0.9999877,0.041183975
0.068525836,0.14595483,0.37255064,0.02985505,0.030238643,0.023695378,0.0260139,0.0935673,0.1144792,0.022443967,0.07813406,0.17911099,0.56475925,0.22526205,0.48913172,0.46373385,0.003565996,0.2860964,0.13868761,0.73185354,0.18961821,0.0058276183,0.9698268,0.26173514,0.31950957,0.023749916,0.2647312,0.99602413,0.17993636
0.063796856,0.15338467,0.37431136,0.027962193,0.029817583,0.022614466,0.02481131,0.09158099,0.10238926,0.021624442,0.079060085,0.20317069,0.5588806,0.23861305,0.46784967,0.46853158,0.0032050326,0.30127415,0.14125292,0.78546137,0.20861039,0.0050873496,0.9758706,0.28324187,0.32557854,0.022729754,0.27740508,0.99627554,0.17264788
0.038719535,0.08124384,0.29260805,0.010104319,0.011427337,0.0075569088,0.009056389,0.042428803,0.078189686,0.0067436607,0.028900959,0.07904084,0.57895225,0.086855434,0.4580031,0.35691294,0.00076144986,0.18238373,0.08966538,0.54401135,0.069444254,0.0012649184,0.9797823,0.10027669,0.22966984,0.0076559247,0.175899,0.9993131,0.11528296
0.0037658913,0.021825328,0.14602663,0.00027209392,0.0005937005,0.00016374362,0.00027632198,0.003127409,0.009530994,0.00012452126,0.0015507053,0.02448495,0.53030854,0.0069321617,0.18996596,0.1422586,2.5923807e-06,0.06775221,0.026182955,0.4281862,0.006799032,4.320493e-06,0.99920636,0.009204525,0.08753693,0.00018034843,0.07151934,0.9999982,0.02301382
0.00751196,0.032404866,0.17738545,0.00077183073,0.0014051407,0.0005005367,0.000747496,0.006787453,0.01756758,0.00040188694,0.0035994845,0.03517008,0.54003805,0.0142995,0.2572071,0.1887648,1.3810241e-05,0.09055688,0.037614096,0.46639955,0.013209303,2.2990127e-05,0.9978794,0.018178392,0.11660235,0.00054569595,0.09282135,0.9999896,0.03671341
0.0019865069,0.013935258,0.12590799,0.000105904255,0.00024898077,5.7033627e-05,0.000112862785,0.0014865149,0.006370443,4.038707e-05,0.0006274568,0.012874087,0.5308166,0.003014727,0.15433073,0.10653786,4.934716e-07,0.04323659,0.017760081,0.2684152,0.0029689653,8.944539e-07,0.99959475,0.0040293992,0.06595971,6.16442e-05,0.051925547,0.99999964,0.015942356
0.009629205,0.03726096,0.18943714,0.0011200304,0.0019187353,0.0007459899,0.0010786873,0.008886843,0.021437027,0.00061263726,0.0049259774,0.040370945,0.54735845,0.01894317,0.2823513,0.20878997,2.5858231e-05,0.102700934,0.042989597,0.4957253,0.017158775,4.2079944e-05,0.9970642,0.023780936,0.12913877,0.00080918166,0.10235683,0.99998045,0.042985644
0.0042479536,0.01878067,0.17312269,0.00037816947,0.000585919,0.00020634079,0.00039535805,0.003439421,0.01767214,0.0001518858,0.0014786645,0.011130706,0.57615805,0.0059560128,0.25614622,0.15261973,2.9470693e-06,0.048333626,0.023770113,0.15517339,0.0050393254,5.8866417e-06,0.99819154,0.0074731996,0.09358287,0.00021569304,0.062342875,0.99999785,0.03202357
0.010442588,0.03937338,0.19346039,0.0012895082,0.0021521398,0.0008577777,0.0012298533,0.009862971,0.02286449,0.00071685715,0.005601435,0.044152167,0.5459212,0.021438092,0.28905362,0.2179577,3.207298e-05,0.10918121,0.044784613,0.5191323,0.019293884,5.1716826e-05,0.9967847,0.026905717,0.13387737,0.00093639747,0.106548294,0.99997544,0.045594066
0.0016734598,0.0107254125,0.13262573,9.464304e-05,0.00017773377,4.5136316e-05,0.00010175201,0.0012252097,0.007928128,3.0862742e-05,0.0004369771,0.006418301,0.548206,0.0020870038,0.17827967,0.10265641,3.0082523e-07,0.02959145,0.014043495,0.11262247,0.0018460136,6.311326e-07,0.99947566,0.0027000036,0.061790958,4.680526e-05,0.041471694,0.99999976,0.017425193
0.040848807,0.17687273,0.40067375,0.021701949,0.026965603,0.018842872,0.020863906,0.07780364,0.07051236,0.018546209,0.08868058,0.3027735,0.56908214,0.33108786,0.3706885,0.5033751,0.0016857962,0.3803321,0.1477439,0.9207291,0.3207204,0.0022511391,0.99222,0.41501305,0.3629095,0.018244607,0.34206054,0.9977124,0.14751054
0.038525697,0.11126405,0.30664465,0.011713801,0.014544707,0.008913961,0.010452295,0.0514017,0.06034778,0.008380564,0.040755354,0.16468965,0.54409283,0.14078666,0.4025545,0.39879453,0.0009432458,0.25297695,0.1045527,0.80166054,0.12701419,0.0014492121,0.9882041,0.17409997,0.26136068,0.009409483,0.22347048,0.99903023,0.11533596
0.0067902766,0.023163948,0.20371605,0.00080659805,0.0010186222,0.00044867836,0.0008256217,0.0057998667,0.029399462,0.00034160624,0.0025305466,0.012046894,0.58919984,0.009355355,0.32035193,0.18596631,8.875331e-06,0.055280227,0.02900358,0.13288608,0.007244672,1.8083783e-05,0.9961456,0.011420142,0.1145275,0.0004542436,0.07114936,0.99999285,0.0463489
0.05654081,0.325391,0.5915006,0.082947575,0.08070606,0.0879799,0.08089394,0.14216357,0.14318609,0.084445,0.24330874,0.49921137,0.6417252,0.67794615,0.3807049,0.6259606,0.005592012,0.53500825,0.23834518,0.9460769,0.6735174,0.0074449223,0.98965645,0.75743777,0.5522379,0.06073933,0.5408174,0.9887788,0.24987787
0.10767833,0.20609781,0.45066616,0.066697404,0.060273048,0.05726978,0.05936373,0.15604542,0.17095698,0.05470372,0.14745608,0.24323921,0.5740385,0.36651915,0.5271111,0.5327046,0.010834917,0.34843734,0.18966295,0.7476404,0.31308112,0.017477177,0.9496168,0.41523683,0.3929461,0.05305817,0.33861515,0.9858866,0.25314575
0.0039680307,0.017381625,0.17103213,0.00034724647,0.00051620585,0.00018345016,0.00036059297,0.003134228,0.017534357,0.00013288738,0.0012762648,0.009432034,0.5745383,0.0051107486,0.2575782,0.1462401,2.4600342e-06,0.043217074,0.022045007,0.124932714,0.004202132,5.0029316e-06,0.9981735,0.006306677,0.0891934,0.00018707503,0.057764426,0.9999982,0.031682804
0.027007634,0.07344218,0.25560394,0.005621905,0.0076356963,0.0041775675,0.0050776466,0.029577915,0.047306396,0.0037321192,0.020183925,0.09027424,0.5552963,0.06820746,0.38553926,0.32224095,0.00034738175,0.1804434,0.077950194,0.66897845,0.059659887,0.00054302905,0.9901816,0.0829326,0.20278686,0.0044401195,0.1655957,0.9997009,0.08462828
0.03553588,0.067384325,0.30255973,0.00964541,0.009294109,0.0066165305,0.00872672,0.03779258,0.09179164,0.0057138014,0.023608541,0.051365357,0.5941345,0.06874228,0.47987828,0.34292236,0.0005463428,0.14842045,0.078407414,0.3627425,0.04988536,0.0009828157,0.97653174,0.07745846,0.22217189,0.0064119245,0.15313841,0.9994966,0.1208831
0.0059157778,0.03498112,0.1648196,0.0005408992,0.0011773322,0.0003689934,0.00051445107,0.0059296438,0.009998574,0.00029630295,0.0036391474,0.06370344,0.5077513,0.016928319,0.1956755,0.19384114,9.406129e-06,0.114004984,0.037191384,0.755847,0.018075876,1.4273847e-05,0.99915993,0.023672279,0.11464866,0.00039884375,0.10673344,0.9999927,0.028310126
0.03746392,0.11218499,0.30179325,0.0110253515,0.014380484,0.008555992,0.009885889,0.050208893,0.055331536,0.007996231,0.041332718,0.17239171,0.543829,0.14308406,0.38974434,0.40007052,0.0009361048,0.25959358,0.10554329,0.8290979,0.13251638,0.0013775987,0.9895042,0.17912644,0.25933948,0.009100448,0.22894478,0.99907035,0.11015206
0.029504506,0.07930403,0.2625838,0.0063963714,0.008732641,0.004878891,0.0057699275,0.032865103,0.04997427,0.0043732207,0.023079637,0.098942995,0.55569124,0.07746308,0.39241332,0.33617973,0.00043567043,0.19122349,0.083059944,0.6929839,0.06844993,0.00068034715,0.989365,0.09422233,0.21166706,0.0051748427,0.17553906,0.99961686,0.08931003
0.0020638283,0.015597136,0.124702744,0.00011028396,0.00028087912,6.253612e-05,0.0001150631,0.0016310029,0.005581743,4.4844142e-05,0.00073570566,0.018222801,0.51330686,0.0035989543,0.14349674,0.10983338,5.876696e-07,0.050765436,0.019070368,0.3864093,0.0037266286,1.0107584e-06,0.999666,0.004938611,0.068173885,6.7881956e-05,0.05716703,0.99999964,0.0152947735
0.021158654,0.08087579,0.24987444,0.0041797045,0.0065979995,0.0032051376,0.0037958024,0.026160138,0.03109341,0.0028736864,0.020402893,0.13832378,0.5346053,0.08118716,0.31861904,0.3369828,0.00022413005,0.21455808,0.07826076,0.84486103,0.08080781,0.00032942518,0.99564373,0.10774544,0.20682833,0.0034356331,0.18926975,0.99979275,0.070165426
0.009675717,0.028057473,0.22698572,0.0013827716,0.0015650565,0.00080185436,0.0013911513,0.008550554,0.03992143,0.0006142254,0.003963746,0.014369458,0.5975479,0.013558457,0.3629929,0.21198985,2.1282956e-05,0.06437162,0.0350024,0.14254491,0.010227062,4.288724e-05,0.9937543,0.016239839,0.13152817,0.0007843127,0.08144845,0.9999826,0.058788992
0.0050094496,0.022833746,0.16780187,0.00044613416,0.0007742731,0.0002595133,0.00045135818,0.00417682,0.015761111,0.00019738855,0.0019197591,0.018187527,0.553278,0.007744924,0.24505763,0.1573831,4.692914e-06,0.06132453,0.027997274,0.2668329,0.0068406863,8.535961e-06,0.9982961,0.009766521,0.09757891,0.00027674172,0.07119863,0.99999654,0.031348307
0.012946758,0.043918893,0.20689216,0.0018082003,0.0028039238,0.0012202732,0.0017017394,0.012493935,0.028991755,0.00103327,0.0072183628,0.046784855,0.5515479,0.02643953,0.31717032,0.23696509,5.319735e-05,0.117081024,0.049545363,0.5042166,0.023139378,8.7315784e-05,0.99542266,0.03246848,0.14604387,0.0013271188,0.11412899,0.99995804,0.05393131
0.038377788,0.083504945,0.29076317,0.010039011,0.011526758,0.0074442495,0.008950466,0.042731237,0.0738126,0.0067512663,0.029529748,0.08777206,0.57204086,0.090231664,0.44819254,0.35760283,0.0007511786,0.18979532,0.09059771,0.5867674,0.07345596,0.0012302053,0.9816119,0.1054874,0.23108876,0.007632882,0.17935304,0.9993129,0.11294272
0.0151428785,0.060262095,0.2154189,0.0023463438,0.003889587,0.0016831942,0.0021405914,0.016916556,0.023749243,0.0014739416,0.011493783,0.099234395,0.5244169,0.045945786,0.29268894,0.27852613,9.4083436e-05,0.16803747,0.060933225,0.781025,0.04493603,0.00014129543,0.99671644,0.060326844,0.16782239,0.0018373093,0.14901769,0.9999207,0.054896813
0.00010396866,0.0011050454,0.07813772,1.9168738e-06,3.184946e-06,5.458342e-07,2.2843265e-06,5.2414314e-05,0.0019213267,2.809278e-07,9.7253605e-06,0.00022173602,0.5916613,7.969209e-05,0.11295778,0.0421645,2.6696098e-10,0.0034587178,0.0019047427,0.0049007526,6.0907063e-05,9.574164e-10,0.9999635,0.00010344404,0.01836509,4.998416e-07,0.008478794,1.0,0.0046126978
0.004896197,0.02225095,0.16879533,0.000456471,0.0007562346,0.0002590261,0.00045472107,0.004202184,0.01671499,0.00019667973,0.0018529015,0.016903158,0.5493055,0.007495604,0.24910805,0.15850043,4.570819e-06,0.05859205,0.02653502,0.23392057,0.00635371,8.489921e-06,0.99816376,0.009271087,0.09689748,0.00027771728,0.068758,0.99999666,0.032838844
0.10519809,0.1799441,0.4269395,0.057924036,0.05132001,0.047724914,0.050736267,0.14207189,0.17009993,0.044943944,0.1245235,0.19783711,0.5742666,0.30820325,0.54238135,0.5111083,0.009354047,0.31378525,0.17401682,0.68480885,0.25192854,0.01551548,0.94415164,0.34607384,0.36611542,0.04528413,0.3036248,0.9887862,0.24114661
0.00025127662,0.0029322098,0.08265019,5.9475965e-06,1.3831659e-05,2.14091e-06,6.8726713e-06,0.00014639652,0.002042933,1.2200923e-06,3.702415e-05,0.0013398884,0.54068583,0.0002527741,0.09678046,0.05043691,2.7122928e-09,0.009359501,0.004413313,0.035560682,0.00023582893,7.1699957e-09,0.9999471,0.00034159387,0.0268575,2.1004944e-06,0.01702178,1.0,0.0056752684
0.038276583,0.05066909,0.39649716,0.013899902,0.007466765,0.007734963,0.012457857,0.03685429,0.16851394,0.0053800163,0.021839676,0.018491352,0.63875234,0.057123613,0.54715455,0.37845924,0.0004154546,0.09557813,0.06728156,0.081185065,0.030465968,0.00093731104,0.9614605,0.060383603,0.23421519,0.0059582246,0.13247997,0.9995752,0.17677371
0.032622315,0.078386,0.27205697,0.0077899992,0.00942868,0.0057662027,0.0069101574,0.036053207,0.063773826,0.0052203434,0.02391012,0.0876412,0.55826706,0.07595889,0.415787,0.33588332,0.0005076385,0.18242884,0.08257972,0.59442985,0.0628321,0.0008277104,0.9853591,0.08894127,0.21774356,0.005982162,0.16954856,0.9995353,0.10160971
0.06054469,0.12092804,0.33989403,0.02169211,0.022724915,0.016860161,0.018966138,0.07460695,0.104392946,0.015785176,0.058030173,0.13731436,0.56839585,0.164303,0.48628846,0.4260136,0.002384929,0.24805538,0.12215935,0.6688636,0.13563249,0.0038865195,0.9705085,0.1891839,0.28539833,0.017048003,0.23060004,0.9975573,0.15713465
0.030114582,0.07897564,0.26413256,0.0068052076,0.008896871,0.005072482,0.006063333,0.033761058,0.053291183,0.0045540705,0.02317879,0.096059375,0.55487037,0.07676372,0.39935613,0.33560184,0.00045658374,0.18820907,0.08258813,0.6657296,0.06640675,0.000722185,0.988345,0.091992125,0.21248287,0.005402673,0.17220703,0.99959785,0.09280643
0.011215312,0.051033296,0.19593531,0.0014707904,0.0026728383,0.0010324336,0.0013656477,0.012126982,0.017272579,0.0008839423,0.008188583,0.09012307,0.51984245,0.034885656,0.25510633,0.25204137,4.685108e-05,0.1536574,0.052293375,0.79606664,0.035233498,6.8914975e-05,0.99797624,0.047130976,0.14888707,0.001130282,0.13577923,0.99996233,0.043794252
0.0074380226,0.035464436,0.17255427,0.00075286085,0.0014760933,0.00050345843,0.0007207721,0.00703213,0.014399888,0.00041111105,0.004057971,0.049547724,0.52527016,0.017072743,0.23382849,0.19600987,1.5098045e-05,0.10704425,0.03932216,0.6255071,0.0166439,2.344796e-05,0.9984231,0.022395248,0.11887164,0.0005536044,0.10168639,0.9999887,0.034235638
0.007988078,0.0294979,0.1909427,0.00090812537,0.0013942462,0.00055682985,0.00089849054,0.007001863,0.02353587,0.00043591368,0.0034341821,0.023090618,0.5644232,0.012890902,0.294079,0.19025262,1.5159102e-05,0.07621876,0.035630636,0.29613635,0.0109065715,2.6938176e-05,0.99675095,0.015863493,0.11859948,0.00058601063,0.08490149,0.9999888,0.04271813
0.16014178,0.24033652,0.5032478,0.12750141,0.09553191,0.11086986,0.11046948,0.21700814,0.25788486,0.101629406,0.21421404,0.25358003,0.58871686,0.4427923,0.5740007,0.56710184,0.025770547,0.36080703,0.22620644,0.65894914,0.3635585,0.04342445,0.9017013,0.47598174,0.4363761,0.092050955,0.3713291,0.964997,0.32734498
0.06431727,0.12226626,0.3488697,0.024071155,0.024247842,0.01866189,0.021030763,0.0795222,0.11302358,0.017476432,0.06143746,0.1338007,0.57200414,0.17175047,0.4998645,0.43279153,0.0027278971,0.24760121,0.12494715,0.64669687,0.13885328,0.0045039393,0.96715075,0.19660294,0.2913514,0.018717391,0.23248406,0.99719256,0.16554548
0.101196416,0.12144162,0.4372905,0.054932095,0.035486005,0.039135396,0.046852633,0.11905995,0.23501077,0.033769894,0.09231348,0.08729523,0.6080904,0.21735479,0.5963094,0.4895633,0.0059218747,0.22218837,0.14121711,0.34335113,0.13850632,0.011324618,0.92022115,0.22553468,0.33770037,0.033452388,0.23709787,0.9932822,0.26035446
0.07345995,0.15644789,0.37569284,0.031755835,0.033718713,0.026225433,0.028204013,0.10017166,0.11315334,0.024961412,0.086311504,0.19465517,0.5630823,0.24210814,0.48745823,0.47235537,0.0043084915,0.3003371,0.14857729,0.7616536,0.21003433,0.0067502684,0.969151,0.2834963,0.32646787,0.026388984,0.2795402,0.99518484,0.18233822
0.32619864,0.46416637,0.7201846,0.66956216,0.42735994,0.6191149,0.5613869,0.40947056,0.6040264,0.52368385,0.62000626,0.58658034,0.67278945,0.7186512,0.50038797,0.6138612,0.17121677,0.5016885,0.42155296,0.6749223,0.7077322,0.28830588,0.7878689,0.72871757,0.6891983,0.33354062,0.6339786,0.708019,0.5342385
0.1808984,0.18065345,0.5210999,0.1456436,0.080514096,0.11016879,0.12049812,0.21395248,0.34876567,0.0901477,0.19707364,0.13634281,0.6108999,0.37502423,0.6313358,0.5653989,0.023299377,0.2782704,0.20539166,0.361475,0.24390078,0.043696746,0.854407,0.37386766,0.4180705,0.08199937,0.3155874,0.970579,0.36603042
0.081581734,0.17145875,0.39426047,0.03863709,0.04003944,0.032430377,0.03449858,0.11390635,0.124039255,0.030950297,0.101816274,0.21394971,0.564165,0.27589056,0.492626,0.48958802,0.005626011,0.31835,0.16033308,0.77199954,0.2414006,0.008713871,0.9657776,0.322127,0.3448944,0.032251067,0.2987272,0.9934575,0.1982889
0.009800836,0.03819717,0.18870573,0.0011598748,0.001996006,0.00077283673,0.001102032,0.009126974,0.020692425,0.0006339554,0.005176053,0.043982174,0.54410803,0.020074029,0.2793064,0.2120764,2.7964608e-05,0.10702924,0.04372367,0.5351689,0.018386684,4.465211e-05,0.9971808,0.025479738,0.1306777,0.000836649,0.104757026,0.99997914,0.04254605
0.002588329,0.010537992,0.18454231,0.00022517983,0.00024778483,0.00010256612,0.00024385283,0.0019443423,0.020651288,6.813839e-05,0.00066751806,0.003141287,0.60811216,0.0027626138,0.28392094,0.13755402,7.5022643e-07,0.024140526,0.0142872045,0.031956136,0.0020192936,1.8894856e-06,0.9982291,0.003431143,0.078684755,9.462417e-05,0.041089337,0.9999994,0.03243357
0.039547283,0.09711953,0.2912833,0.0105005745,0.013111864,0.008074348,0.009343934,0.046760727,0.064141154,0.007450777,0.034860697,0.12314277,0.55669624,0.11112312,0.4256961,0.37542933,0.00089296175,0.22109714,0.099116646,0.7195901,0.09707562,0.0013954757,0.9850776,0.13387387,0.24119861,0.008500915,0.20142372,0.9991646,0.111013636
0.098804295,0.12968715,0.40885088,0.04784937,0.03638842,0.036223892,0.041313734,0.116755106,0.2005529,0.032412965,0.09103839,0.10587692,0.5997576,0.21333186,0.5781455,0.47920027,0.0062476364,0.24112074,0.14564066,0.44832486,0.15185776,0.011053432,0.92870575,0.22880724,0.33047298,0.033583794,0.24458867,0.993152,0.23372816
0.04910588,0.14034371,0.34316128,0.018725872,0.022394251,0.015060924,0.016736062,0.07166427,0.07550781,0.014328972,0.062939055,0.20782071,0.5505733,0.2061716,0.42110252,0.44571123,0.001887961,0.2971477,0.12730485,0.83403283,0.18830536,0.002815285,0.9849723,0.25149515,0.30119893,0.015639333,0.26557216,0.9979261,0.14108333
0.010967757,0.03359393,0.21617365,0.0015194404,0.0019873856,0.00093949534,0.0015029889,0.0099538695,0.034814745,0.0007521889,0.0049269106,0.022960566,0.5793012,0.017285638,0.34544244,0.21721119,3.086536e-05,0.08161029,0.040716954,0.25135437,0.013733584,5.681914e-05,0.9943539,0.020787356,0.13622573,0.0009686784,0.0924623,0.9999753,0.055987686
0.013101576,0.044548333,0.20656197,0.0018242412,0.0028563167,0.0012445743,0.0017131707,0.012595435,0.028746791,0.0010491117,0.007404469,0.048154593,0.5529362,0.027075093,0.31550184,0.2381948,5.546776e-05,0.11935263,0.050364375,0.51996493,0.023991931,9.044463e-05,0.9954646,0.033372562,0.14709377,0.0013603884,0.11589086,0.99995685,0.053642
0.028475469,0.095979266,0.27646682,0.0070123966,0.009927801,0.0053205034,0.006390497,0.037196465,0.04143702,0.0049444744,0.030020298,0.1580244,0.5383073,0.11125327,0.3545574,0.36986107,0.00048404466,0.2396675,0.09145395,0.84253067,0.10609417,0.000703959,0.993204,0.1438703,0.23292038,0.0057266536,0.20961878,0.99953866,0.08919218
0.08932894,0.1376055,0.39040706,0.0405416,0.03539269,0.031714033,0.035181414,0.109370135,0.16207528,0.029197438,0.08767786,0.1324268,0.5855905,0.2173728,0.5492686,0.47080776,0.005606747,0.2594689,0.14494719,0.5720145,0.1667773,0.0095055,0.9443986,0.24051347,0.32393348,0.030314488,0.25303757,0.9939897,0.21131255
0.08622133,0.14325355,0.39349115,0.04026353,0.03552276,0.031412315,0.034920942,0.10983831,0.1549004,0.029378137,0.0886852,0.14691156,0.57929903,0.2296481,0.5396701,0.47383916,0.005304317,0.2694471,0.14618018,0.6113801,0.17883441,0.009096514,0.9504444,0.2561794,0.32867515,0.03024799,0.25921312,0.9941018,0.21103907
0.0051943725,0.030028975,0.15635861,0.00044730818,0.000965663,0.0002883237,0.00043230437,0.0049615977,0.010112683,0.00023253403,0.0027530915,0.04754863,0.5072171,0.012473202,0.19564074,0.17356817,6.5366776e-06,0.0966923,0.032794293,0.65046555,0.012794241,1.01519345e-05,0.99911994,0.017018152,0.10414657,0.00032108737,0.09178643,0.9999951,0.026832992
0.00076473237,0.0062099583,0.1134845,3.1636515e-05,6.1320025e-05,1.3289953e-05,3.4898494e-05,0.0005173723,0.005038472,8.413046e-06,0.00015735433,0.0029959949,0.55048364,0.0008624762,0.14644164,0.07868646,4.2357453e-08,0.017390031,0.008499123,0.057046,0.00076077174,1.0213156e-07,0.9997712,0.0011229925,0.04453626,1.3351565e-05,0.028389882,1.0,0.011763133
0.09731049,0.11974699,0.4271621,0.050789725,0.033952583,0.03644206,0.043308537,0.11406027,0.22317794,0.03155141,0.08781082,0.08752953,0.6074975,0.20792459,0.59177065,0.48251477,0.0055305185,0.22099182,0.13874574,0.3571301,0.13500062,0.010419753,0.92405874,0.21758716,0.33146366,0.03161586,0.23388506,0.9938372,0.24951991
0.020054128,0.0481762,0.25388488,0.0038245653,0.004364219,0.002536965,0.0036131197,0.019529093,0.056709457,0.0021092992,0.01097037,0.034682542,0.5903765,0.034870584,0.41322762,0.27572882,0.00013760423,0.112006865,0.05727971,0.3136947,0.026782032,0.00024766297,0.98811543,0.040644757,0.17424,0.0025608013,0.12002464,0.9998847,0.08206049
0.01509023,0.048057437,0.2161495,0.002377436,0.003445115,0.0015873066,0.0021796208,0.015256206,0.03332617,0.0013617274,0.008628925,0.05255627,0.5443624,0.03138095,0.3343865,0.25243074,7.823202e-05,0.12502894,0.052616235,0.51066214,0.026506692,0.00012870634,0.99436706,0.038026273,0.15698862,0.0017186399,0.11946748,0.99993575,0.060830105
0.007545723,0.029415451,0.185514,0.000820426,0.0013197913,0.00050622824,0.00080870796,0.006650257,0.021534797,0.00039754706,0.0032509381,0.02453075,0.55651826,0.012423458,0.2823842,0.18614042,1.3177441e-05,0.07678592,0.03517618,0.31832546,0.010708579,2.3326005e-05,0.9971615,0.015370392,0.11581436,0.0005398217,0.08462556,0.9999901,0.040429406
0.01656251,0.052530527,0.22112888,0.0026517892,0.0039516874,0.0018502461,0.002443917,0.01671938,0.033821404,0.0016009476,0.010450549,0.06041472,0.5540996,0.03763317,0.33779028,0.26603222,0.000101448386,0.13930775,0.058111835,0.58153766,0.033234827,0.00016321597,0.9942451,0.046248037,0.16407673,0.0020275607,0.13099834,0.99991846,0.062346775
0.032863498,0.09244838,0.2786251,0.008274509,0.010780998,0.006209717,0.0073256698,0.040076725,0.05286871,0.005685174,0.029248003,0.12892963,0.5437385,0.100587055,0.39367265,0.36254838,0.00060038385,0.21755226,0.09116801,0.75371236,0.089920424,0.00093525386,0.9891985,0.123378344,0.23181427,0.0066255406,0.19441342,0.9994324,0.09905577
0.049591303,0.12341374,0.32466674,0.016746422,0.019582272,0.013120741,0.01476692,0.06517091,0.07758434,0.012341365,0.052404936,0.16691253,0.55211896,0.16444571,0.43897617,0.41997263,0.001690721,0.26309538,0.11770313,0.7726092,0.14491943,0.00262083,0.98185515,0.19713718,0.27870882,0.013683253,0.23652305,0.99826187,0.13594149
0.002390814,0.00880201,0.20029122,0.00022380205,0.00020063652,9.492577e-05,0.00024302144,0.0017756138,0.025127886,5.9814523e-05,0.00056352763,0.0019560151,0.62231433,0.0024053496,0.31536,0.14379168,5.6454604e-07,0.019239062,0.012390908,0.016070338,0.0015829811,1.5851955e-06,0.99798137,0.0029422713,0.07751414,8.285833e-05,0.03628337,0.9999995,0.036563136
0.051010925,0.06763992,0.3857415,0.019566182,0.012101316,0.0120028835,0.017229676,0.053346254,0.17335624,0.009465899,0.033456042,0.033589017,0.62403935,0.085762165,0.5570748,0.39954507,0.00093118474,0.13189912,0.08526854,0.16090211,0.049775846,0.0019366153,0.9539678,0.09055107,0.2601734,0.0101505285,0.15837713,0.9990055,0.18542525
