species,antibiotic,auc,n_obs,n_pos,n_neg,test_micro_auc_species,test_macro_auc_species
Staphylococcus_Aureus,5-Fluorocytosine,,0,0,0,0.9401401846823487,0.7225748186693857
Staphylococcus_Aureus,Amikacin,0.5501413227812323,351,61,290,0.9401401846823487,0.7225748186693857
Staphylococcus_Aureus,Amoxicillin,,0,0,0,0.9401401846823487,0.7225748186693857
Staphylococcus_Aureus,Amoxicillin-Clavulanic acid,0.9103341740777267,918,149,769,0.9401401846823487,0.7225748186693857
Staphylococcus_Aureus,Amoxicillin-Clavulanic acid_uncomplicated_HWI,,0,0,0,0.9401401846823487,0.7225748186693857
Staphylococcus_Aureus,Amphotericin B,,0,0,0,0.9401401846823487,0.7225748186693857
Staphylococcus_Aureus,Ampicillin,0.6306878306878307,483,378,105,0.9401401846823487,0.7225748186693857
Staphylococcus_Aureus,Ampicillin-Sulbactam,,0,0,0,0.9401401846823487,0.7225748186693857
Staphylococcus_Aureus,Anidulafungin,,0,0,0,0.9401401846823487,0.7225748186693857
Staphylococcus_Aureus,Azithromycin,,0,0,0,0.9401401846823487,0.7225748186693857
Staphylococcus_Aureus,Aztreonam,,0,0,0,0.9401401846823487,0.7225748186693857
Staphylococcus_Aureus,Bacitracin,,0,0,0,0.9401401846823487,0.7225748186693857
Staphylococcus_Aureus,Benzylpenicillin,0.6912878787878788,68,44,24,0.9401401846823487,0.7225748186693857
Staphylococcus_Aureus,Benzylpenicillin_others,,0,0,0,0.9401401846823487,0.7225748186693857
Staphylococcus_Aureus,Benzylpenicillin_with_meningitis,,0,0,0,0.9401401846823487,0.7225748186693857
Staphylococcus_Aureus,Benzylpenicillin_with_pneumonia,,0,0,0,0.9401401846823487,0.7225748186693857
Staphylococcus_Aureus,Caspofungin,,0,0,0,0.9401401846823487,0.7225748186693857
Staphylococcus_Aureus,Cefalotin-Cefazolin,,0,0,0,0.9401401846823487,0.7225748186693857
Staphylococcus_Aureus,Cefazolin,0.9197202521670607,717,141,576,0.9401401846823487,0.7225748186693857
Staphylococcus_Aureus,Cefepime,0.9218242816373657,785,143,642,0.9401401846823487,0.7225748186693857
Staphylococcus_Aureus,Cefixime,,0,0,0,0.9401401846823487,0.7225748186693857
Staphylococcus_Aureus,Cefotaxime,,0,0,0,0.9401401846823487,0.7225748186693857
Staphylococcus_Aureus,Cefoxitin,,0,0,0,0.9401401846823487,0.7225748186693857
Staphylococcus_Aureus,Cefoxitin_screen,,2,0,2,0.9401401846823487,0.7225748186693857
Staphylococcus_Aureus,Cefpodoxime,,0,0,0,0.9401401846823487,0.7225748186693857
Staphylococcus_Aureus,Ceftarolin,,0,0,0,0.9401401846823487,0.7225748186693857
Staphylococcus_Aureus,Ceftazidime,,0,0,0,0.9401401846823487,0.7225748186693857
Staphylococcus_Aureus,Ceftazidime-Avibactam,,0,0,0,0.9401401846823487,0.7225748186693857
Staphylococcus_Aureus,Ceftobiprole,,0,0,0,0.9401401846823487,0.7225748186693857
Staphylococcus_Aureus,Ceftolozane-Tazobactam,,0,0,0,0.9401401846823487,0.7225748186693857
Staphylococcus_Aureus,Ceftriaxone,0.9199295705279749,717,141,576,0.9401401846823487,0.7225748186693857
Staphylococcus_Aureus,Cefuroxime,0.9209145981087471,717,141,576,0.9401401846823487,0.7225748186693857
Staphylococcus_Aureus,Cefuroxime.1,,0,0,0,0.9401401846823487,0.7225748186693857
Staphylococcus_Aureus,Chloramphenicol,0.4672364672364672,353,2,351,0.9401401846823487,0.7225748186693857
Staphylococcus_Aureus,Ciprofloxacin,0.9340539399540246,1290,479,811,0.9401401846823487,0.7225748186693857
Staphylococcus_Aureus,Clarithromycin,0.5717821782178217,117,16,101,0.9401401846823487,0.7225748186693857
Staphylococcus_Aureus,Clindamycin,0.7084807505831172,1203,237,966,0.9401401846823487,0.7225748186693857
Staphylococcus_Aureus,Clindamycin_induced,,0,0,0,0.9401401846823487,0.7225748186693857
Staphylococcus_Aureus,Colistin,,0,0,0,0.9401401846823487,0.7225748186693857
Staphylococcus_Aureus,Cotrimoxazol,0.33333333333333337,67,1,66,0.9401401846823487,0.7225748186693857
Staphylococcus_Aureus,Cotrimoxazole,0.6204016130359642,867,29,838,0.9401401846823487,0.7225748186693857
Staphylococcus_Aureus,Daptomycin,0.555699481865285,1164,6,1158,0.9401401846823487,0.7225748186693857
Staphylococcus_Aureus,Doxycycline,0.6956521739130436,117,2,115,0.9401401846823487,0.7225748186693857
Staphylococcus_Aureus,Ertapenem,,1,0,1,0.9401401846823487,0.7225748186693857
Staphylococcus_Aureus,Erythromycin,0.7113819045903355,1127,273,854,0.9401401846823487,0.7225748186693857
Staphylococcus_Aureus,Ethambutol_5mg-l,,0,0,0,0.9401401846823487,0.7225748186693857
Staphylococcus_Aureus,Fluconazole,,0,0,0,0.9401401846823487,0.7225748186693857
Staphylococcus_Aureus,Fosfomycin,0.6636615811373092,419,7,412,0.9401401846823487,0.7225748186693857
Staphylococcus_Aureus,Fusidic acid,0.6803641732283464,1088,72,1016,0.9401401846823487,0.7225748186693857
Staphylococcus_Aureus,Gentamicin,0.6855314380087295,1267,56,1211,0.9401401846823487,0.7225748186693857
Staphylococcus_Aureus,Gentamicin_high_level,,0,0,0,0.9401401846823487,0.7225748186693857
Staphylococcus_Aureus,Imipenem,0.9599987203003029,1067,476,591,0.9401401846823487,0.7225748186693857
Staphylococcus_Aureus,Isavuconazole,,0,0,0,0.9401401846823487,0.7225748186693857
Staphylococcus_Aureus,Isoniazid_.1mg-l,,0,0,0,0.9401401846823487,0.7225748186693857
Staphylococcus_Aureus,Isoniazid_.4mg-l,,0,0,0,0.9401401846823487,0.7225748186693857
Staphylococcus_Aureus,Itraconazole,,0,0,0,0.9401401846823487,0.7225748186693857
Staphylococcus_Aureus,Levofloxacin,0.9949966078697422,419,352,67,0.9401401846823487,0.7225748186693857
Staphylococcus_Aureus,Linezolid,,1133,0,1133,0.9401401846823487,0.7225748186693857
Staphylococcus_Aureus,MRSA,,0,0,0,0.9401401846823487,0.7225748186693857
Staphylococcus_Aureus,Meropenem,0.9191784869976358,717,141,576,0.9401401846823487,0.7225748186693857
Staphylococcus_Aureus,Meropenem-Vaborbactam,,0,0,0,0.9401401846823487,0.7225748186693857
Staphylococcus_Aureus,Meropenem_with_meningitis,,0,0,0,0.9401401846823487,0.7225748186693857
Staphylococcus_Aureus,Meropenem_with_pneumonia,,0,0,0,0.9401401846823487,0.7225748186693857
Staphylococcus_Aureus,Meropenem_without_meningitis,,0,0,0,0.9401401846823487,0.7225748186693857
Staphylococcus_Aureus,Metronidazole,,0,0,0,0.9401401846823487,0.7225748186693857
Staphylococcus_Aureus,Micafungin,,0,0,0,0.9401401846823487,0.7225748186693857
Staphylococcus_Aureus,Minocycline,,350,0,350,0.9401401846823487,0.7225748186693857
Staphylococcus_Aureus,Moxifloxacin,,67,67,0,0.9401401846823487,0.7225748186693857
Staphylococcus_Aureus,Mupirocin,0.8182140326009922,1279,34,1245,0.9401401846823487,0.7225748186693857
Staphylococcus_Aureus,Nitrofurantoin,0.8125,26,2,24,0.9401401846823487,0.7225748186693857
Staphylococcus_Aureus,Norfloxacin,0.9304245283018868,69,53,16,0.9401401846823487,0.7225748186693857
Staphylococcus_Aureus,Novobiocin,,16,0,16,0.9401401846823487,0.7225748186693857
Staphylococcus_Aureus,Ofloxacin,,0,0,0,0.9401401846823487,0.7225748186693857
Staphylococcus_Aureus,Oxacillin,0.8498211634498583,1443,248,1195,0.9401401846823487,0.7225748186693857
Staphylococcus_Aureus,Pefloxacin,,0,0,0,0.9401401846823487,0.7225748186693857
Staphylococcus_Aureus,Penicillin,0.6553696690794625,1183,907,276,0.9401401846823487,0.7225748186693857
Staphylococcus_Aureus,Penicillin_with_endokarditis,,0,0,0,0.9401401846823487,0.7225748186693857
Staphylococcus_Aureus,Penicillin_with_meningitis,,0,0,0,0.9401401846823487,0.7225748186693857
Staphylococcus_Aureus,Penicillin_with_other_infections,,0,0,0,0.9401401846823487,0.7225748186693857
Staphylococcus_Aureus,Penicillin_with_pneumonia,,0,0,0,0.9401401846823487,0.7225748186693857
Staphylococcus_Aureus,Penicillin_without_endokarditis,,0,0,0,0.9401401846823487,0.7225748186693857
Staphylococcus_Aureus,Penicillin_without_meningitis,,0,0,0,0.9401401846823487,0.7225748186693857
Staphylococcus_Aureus,Piperacillin,,0,0,0,0.9401401846823487,0.7225748186693857
Staphylococcus_Aureus,Piperacillin-Tazobactam,0.9189937943262412,717,141,576,0.9401401846823487,0.7225748186693857
Staphylococcus_Aureus,Polymyxin B,,0,0,0,0.9401401846823487,0.7225748186693857
Staphylococcus_Aureus,Posaconazole,,0,0,0,0.9401401846823487,0.7225748186693857
Staphylococcus_Aureus,Pristinamycin,,350,0,350,0.9401401846823487,0.7225748186693857
Staphylococcus_Aureus,Pyrazinamide,,0,0,0,0.9401401846823487,0.7225748186693857
Staphylococcus_Aureus,Rifampicin,0.82609482446616,927,6,921,0.9401401846823487,0.7225748186693857
Staphylococcus_Aureus,Rifampicin_1mg-l,,1,1,0,0.9401401846823487,0.7225748186693857
Staphylococcus_Aureus,Sparfloxacin,,0,0,0,0.9401401846823487,0.7225748186693857
Staphylococcus_Aureus,Strepomycin_high_level,,0,0,0,0.9401401846823487,0.7225748186693857
Staphylococcus_Aureus,Streptomycin,,0,0,0,0.9401401846823487,0.7225748186693857
Staphylococcus_Aureus,Teicoplanin,0.5361871138570168,1135,2,1133,0.9401401846823487,0.7225748186693857
Staphylococcus_Aureus,Teicoplanin_GRD,,1,1,0,0.9401401846823487,0.7225748186693857
Staphylococcus_Aureus,Telithromycin,,0,0,0,0.9401401846823487,0.7225748186693857
Staphylococcus_Aureus,Tetracycline,0.6857078196970099,1129,71,1058,0.9401401846823487,0.7225748186693857
Staphylococcus_Aureus,Ticarcillin,,0,0,0,0.9401401846823487,0.7225748186693857
Staphylococcus_Aureus,Ticarcillin-Clavulan acid,,0,0,0,0.9401401846823487,0.7225748186693857
Staphylococcus_Aureus,Tigecycline,0.01404853128991057,784,1,783,0.9401401846823487,0.7225748186693857
Staphylococcus_Aureus,Tobramycin,0.5535895986433013,351,61,290,0.9401401846823487,0.7225748186693857
Staphylococcus_Aureus,Vancomycin,,1282,0,1282,0.9401401846823487,0.7225748186693857
Staphylococcus_Aureus,Vancomycin_GRD,,1,0,1,0.9401401846823487,0.7225748186693857
Staphylococcus_Aureus,Voriconazole,,0,0,0,0.9401401846823487,0.7225748186693857
Staphylococcus_Epidermidis,5-Fluorocytosine,,0,0,0,0.9286193746198577,0.7856853903238501
Staphylococcus_Epidermidis,Amikacin,0.8157724628312865,142,91,51,0.9286193746198577,0.7856853903238501
Staphylococcus_Epidermidis,Amoxicillin,,0,0,0,0.9286193746198577,0.7856853903238501
Staphylococcus_Epidermidis,Amoxicillin-Clavulanic acid,0.8703846738990509,899,626,273,0.9286193746198577,0.7856853903238501
Staphylococcus_Epidermidis,Amoxicillin-Clavulanic acid_uncomplicated_HWI,,0,0,0,0.9286193746198577,0.7856853903238501
Staphylococcus_Epidermidis,Amphotericin B,,0,0,0,0.9286193746198577,0.7856853903238501
Staphylococcus_Epidermidis,Ampicillin,0.6368794326241135,151,141,10,0.9286193746198577,0.7856853903238501
Staphylococcus_Epidermidis,Ampicillin-Sulbactam,,0,0,0,0.9286193746198577,0.7856853903238501
Staphylococcus_Epidermidis,Anidulafungin,,0,0,0,0.9286193746198577,0.7856853903238501
Staphylococcus_Epidermidis,Azithromycin,,0,0,0,0.9286193746198577,0.7856853903238501
Staphylococcus_Epidermidis,Aztreonam,,0,0,0,0.9286193746198577,0.7856853903238501
Staphylococcus_Epidermidis,Bacitracin,,0,0,0,0.9286193746198577,0.7856853903238501
Staphylococcus_Epidermidis,Benzylpenicillin,0.1956521739130435,47,46,1,0.9286193746198577,0.7856853903238501
Staphylococcus_Epidermidis,Benzylpenicillin_others,,0,0,0,0.9286193746198577,0.7856853903238501
Staphylococcus_Epidermidis,Benzylpenicillin_with_meningitis,,0,0,0,0.9286193746198577,0.7856853903238501
Staphylococcus_Epidermidis,Benzylpenicillin_with_pneumonia,,0,0,0,0.9286193746198577,0.7856853903238501
Staphylococcus_Epidermidis,Caspofungin,,0,0,0,0.9286193746198577,0.7856853903238501
Staphylococcus_Epidermidis,Cefalotin-Cefazolin,,0,0,0,0.9286193746198577,0.7856853903238501
Staphylococcus_Epidermidis,Cefazolin,0.8782103505843072,849,599,250,0.9286193746198577,0.7856853903238501
Staphylococcus_Epidermidis,Cefepime,0.8695538989468701,896,626,270,0.9286193746198577,0.7856853903238501
Staphylococcus_Epidermidis,Cefixime,,0,0,0,0.9286193746198577,0.7856853903238501
Staphylococcus_Epidermidis,Cefotaxime,,0,0,0,0.9286193746198577,0.7856853903238501
Staphylococcus_Epidermidis,Cefoxitin,,0,0,0,0.9286193746198577,0.7856853903238501
Staphylococcus_Epidermidis,Cefoxitin_screen,1.0,3,1,2,0.9286193746198577,0.7856853903238501
Staphylococcus_Epidermidis,Cefpodoxime,,0,0,0,0.9286193746198577,0.7856853903238501
Staphylococcus_Epidermidis,Ceftarolin,,4,0,4,0.9286193746198577,0.7856853903238501
Staphylococcus_Epidermidis,Ceftazidime,,0,0,0,0.9286193746198577,0.7856853903238501
Staphylococcus_Epidermidis,Ceftazidime-Avibactam,,0,0,0,0.9286193746198577,0.7856853903238501
Staphylococcus_Epidermidis,Ceftobiprole,,7,0,7,0.9286193746198577,0.7856853903238501
Staphylococcus_Epidermidis,Ceftolozane-Tazobactam,,4,4,0,0.9286193746198577,0.7856853903238501
Staphylococcus_Epidermidis,Ceftriaxone,0.8781101836393991,849,599,250,0.9286193746198577,0.7856853903238501
Staphylococcus_Epidermidis,Cefuroxime,0.8774858096828047,849,599,250,0.9286193746198577,0.7856853903238501
Staphylococcus_Epidermidis,Cefuroxime.1,,0,0,0,0.9286193746198577,0.7856853903238501
Staphylococcus_Epidermidis,Chloramphenicol,0.7535211267605634,152,10,142,0.9286193746198577,0.7856853903238501
Staphylococcus_Epidermidis,Ciprofloxacin,0.9021615898188404,1120,701,419,0.9286193746198577,0.7856853903238501
Staphylococcus_Epidermidis,Clarithromycin,,3,0,3,0.9286193746198577,0.7856853903238501
Staphylococcus_Epidermidis,Clindamycin,0.7192470837751855,1021,529,492,0.9286193746198577,0.7856853903238501
Staphylococcus_Epidermidis,Clindamycin_induced,,0,0,0,0.9286193746198577,0.7856853903238501
Staphylococcus_Epidermidis,Colistin,,0,0,0,0.9286193746198577,0.7856853903238501
Staphylococcus_Epidermidis,Cotrimoxazol,0.7431372549019607,47,17,30,0.9286193746198577,0.7856853903238501
Staphylococcus_Epidermidis,Cotrimoxazole,0.8357082329854607,895,303,592,0.9286193746198577,0.7856853903238501
Staphylococcus_Epidermidis,Daptomycin,,1127,0,1127,0.9286193746198577,0.7856853903238501
Staphylococcus_Epidermidis,Doxycycline,0.8888888888888888,10,1,9,0.9286193746198577,0.7856853903238501
Staphylococcus_Epidermidis,Ertapenem,,0,0,0,0.9286193746198577,0.7856853903238501
Staphylococcus_Epidermidis,Erythromycin,0.6094946277089438,1030,651,379,0.9286193746198577,0.7856853903238501
Staphylococcus_Epidermidis,Ethambutol_5mg-l,,0,0,0,0.9286193746198577,0.7856853903238501
Staphylococcus_Epidermidis,Fluconazole,,0,0,0,0.9286193746198577,0.7856853903238501
Staphylococcus_Epidermidis,Fosfomycin,0.5468468468468468,197,12,185,0.9286193746198577,0.7856853903238501
Staphylococcus_Epidermidis,Fusidic acid,0.6604872039421396,1006,540,466,0.9286193746198577,0.7856853903238501
Staphylococcus_Epidermidis,Gentamicin,0.8704573687182382,1037,462,575,0.9286193746198577,0.7856853903238501
Staphylococcus_Epidermidis,Gentamicin_high_level,,0,0,0,0.9286193746198577,0.7856853903238501
Staphylococcus_Epidermidis,Imipenem,0.874098212385614,994,740,254,0.9286193746198577,0.7856853903238501
Staphylococcus_Epidermidis,Isavuconazole,,0,0,0,0.9286193746198577,0.7856853903238501
Staphylococcus_Epidermidis,Isoniazid_.1mg-l,,0,0,0,0.9286193746198577,0.7856853903238501
Staphylococcus_Epidermidis,Isoniazid_.4mg-l,,0,0,0,0.9286193746198577,0.7856853903238501
Staphylococcus_Epidermidis,Itraconazole,,0,0,0,0.9286193746198577,0.7856853903238501
Staphylococcus_Epidermidis,Levofloxacin,0.9450056116722784,192,165,27,0.9286193746198577,0.7856853903238501
Staphylococcus_Epidermidis,Linezolid,0.8539981185324553,1073,10,1063,0.9286193746198577,0.7856853903238501
Staphylococcus_Epidermidis,MRSA,,0,0,0,0.9286193746198577,0.7856853903238501
Staphylococcus_Epidermidis,Meropenem,0.8785442404006678,849,599,250,0.9286193746198577,0.7856853903238501
Staphylococcus_Epidermidis,Meropenem-Vaborbactam,,0,0,0,0.9286193746198577,0.7856853903238501
Staphylococcus_Epidermidis,Meropenem_with_meningitis,,0,0,0,0.9286193746198577,0.7856853903238501
Staphylococcus_Epidermidis,Meropenem_with_pneumonia,,0,0,0,0.9286193746198577,0.7856853903238501
Staphylococcus_Epidermidis,Meropenem_without_meningitis,,0,0,0,0.9286193746198577,0.7856853903238501
Staphylococcus_Epidermidis,Metronidazole,,0,0,0,0.9286193746198577,0.7856853903238501
Staphylococcus_Epidermidis,Micafungin,,0,0,0,0.9286193746198577,0.7856853903238501
Staphylococcus_Epidermidis,Minocycline,,156,0,156,0.9286193746198577,0.7856853903238501
Staphylococcus_Epidermidis,Moxifloxacin,0.8522727272727273,89,88,1,0.9286193746198577,0.7856853903238501
Staphylococcus_Epidermidis,Mupirocin,0.7795220477952204,210,73,137,0.9286193746198577,0.7856853903238501
Staphylococcus_Epidermidis,Nitrofurantoin,,0,0,0,0.9286193746198577,0.7856853903238501
Staphylococcus_Epidermidis,Norfloxacin,,2,2,0,0.9286193746198577,0.7856853903238501
Staphylococcus_Epidermidis,Novobiocin,,0,0,0,0.9286193746198577,0.7856853903238501
Staphylococcus_Epidermidis,Ofloxacin,,0,0,0,0.9286193746198577,0.7856853903238501
Staphylococcus_Epidermidis,Oxacillin,0.8505077473918142,1110,776,334,0.9286193746198577,0.7856853903238501
Staphylococcus_Epidermidis,Pefloxacin,,0,0,0,0.9286193746198577,0.7856853903238501
Staphylococcus_Epidermidis,Penicillin,0.8038105046343975,979,971,8,0.9286193746198577,0.7856853903238501
Staphylococcus_Epidermidis,Penicillin_with_endokarditis,,0,0,0,0.9286193746198577,0.7856853903238501
Staphylococcus_Epidermidis,Penicillin_with_meningitis,,0,0,0,0.9286193746198577,0.7856853903238501
Staphylococcus_Epidermidis,Penicillin_with_other_infections,,0,0,0,0.9286193746198577,0.7856853903238501
Staphylococcus_Epidermidis,Penicillin_with_pneumonia,,0,0,0,0.9286193746198577,0.7856853903238501
Staphylococcus_Epidermidis,Penicillin_without_endokarditis,,0,0,0,0.9286193746198577,0.7856853903238501
Staphylococcus_Epidermidis,Penicillin_without_meningitis,,0,0,0,0.9286193746198577,0.7856853903238501
Staphylococcus_Epidermidis,Piperacillin,,0,0,0,0.9286193746198577,0.7856853903238501
Staphylococcus_Epidermidis,Piperacillin-Tazobactam,0.875846410684474,849,599,250,0.9286193746198577,0.7856853903238501
Staphylococcus_Epidermidis,Polymyxin B,,0,0,0,0.9286193746198577,0.7856853903238501
Staphylococcus_Epidermidis,Posaconazole,,0,0,0,0.9286193746198577,0.7856853903238501
Staphylococcus_Epidermidis,Pristinamycin,0.31818181818181823,149,6,143,0.9286193746198577,0.7856853903238501
Staphylococcus_Epidermidis,Pyrazinamide,,0,0,0,0.9286193746198577,0.7856853903238501
Staphylococcus_Epidermidis,Rifampicin,0.8061737344448472,983,93,890,0.9286193746198577,0.7856853903238501
Staphylococcus_Epidermidis,Rifampicin_1mg-l,,0,0,0,0.9286193746198577,0.7856853903238501
Staphylococcus_Epidermidis,Sparfloxacin,,0,0,0,0.9286193746198577,0.7856853903238501
Staphylococcus_Epidermidis,Strepomycin_high_level,,0,0,0,0.9286193746198577,0.7856853903238501
Staphylococcus_Epidermidis,Streptomycin,,0,0,0,0.9286193746198577,0.7856853903238501
Staphylococcus_Epidermidis,Teicoplanin,0.6571571571571571,240,18,222,0.9286193746198577,0.7856853903238501
Staphylococcus_Epidermidis,Teicoplanin_GRD,,0,0,0,0.9286193746198577,0.7856853903238501
Staphylococcus_Epidermidis,Telithromycin,,0,0,0,0.9286193746198577,0.7856853903238501
Staphylococcus_Epidermidis,Tetracycline,0.8848306658957545,988,507,481,0.9286193746198577,0.7856853903238501
Staphylococcus_Epidermidis,Ticarcillin,,0,0,0,0.9286193746198577,0.7856853903238501
Staphylococcus_Epidermidis,Ticarcillin-Clavulan acid,,0,0,0,0.9286193746198577,0.7856853903238501
Staphylococcus_Epidermidis,Tigecycline,0.9737704918032787,916,1,915,0.9286193746198577,0.7856853903238501
Staphylococcus_Epidermidis,Tobramycin,0.8075845722904547,142,91,51,0.9286193746198577,0.7856853903238501
Staphylococcus_Epidermidis,Vancomycin,,1138,0,1138,0.9286193746198577,0.7856853903238501
Staphylococcus_Epidermidis,Vancomycin_GRD,,0,0,0,0.9286193746198577,0.7856853903238501
Staphylococcus_Epidermidis,Voriconazole,,0,0,0,0.9286193746198577,0.7856853903238501
Escherichia_Coli,5-Fluorocytosine,,0,0,0,0.8708290616311292,0.6837573744784387
Escherichia_Coli,Amikacin,0.6889704084128148,1453,90,1363,0.8708290616311292,0.6837573744784387
Escherichia_Coli,Amoxicillin,,0,0,0,0.8708290616311292,0.6837573744784387
Escherichia_Coli,Amoxicillin-Clavulanic acid,0.6350203977562469,1153,265,888,0.8708290616311292,0.6837573744784387
Escherichia_Coli,Amoxicillin-Clavulanic acid_uncomplicated_HWI,,8,0,8,0.8708290616311292,0.6837573744784387
Escherichia_Coli,Amphotericin B,,0,0,0,0.8708290616311292,0.6837573744784387
Escherichia_Coli,Ampicillin,0.615646551724138,548,348,200,0.8708290616311292,0.6837573744784387
Escherichia_Coli,Ampicillin-Sulbactam,,0,0,0,0.8708290616311292,0.6837573744784387
Escherichia_Coli,Anidulafungin,,0,0,0,0.8708290616311292,0.6837573744784387
Escherichia_Coli,Azithromycin,,0,0,0,0.8708290616311292,0.6837573744784387
Escherichia_Coli,Aztreonam,0.6990020886516594,340,62,278,0.8708290616311292,0.6837573744784387
Escherichia_Coli,Bacitracin,,0,0,0,0.8708290616311292,0.6837573744784387
Escherichia_Coli,Benzylpenicillin,,0,0,0,0.8708290616311292,0.6837573744784387
Escherichia_Coli,Benzylpenicillin_others,,0,0,0,0.8708290616311292,0.6837573744784387
Escherichia_Coli,Benzylpenicillin_with_meningitis,,0,0,0,0.8708290616311292,0.6837573744784387
Escherichia_Coli,Benzylpenicillin_with_pneumonia,,0,0,0,0.8708290616311292,0.6837573744784387
Escherichia_Coli,Caspofungin,,0,0,0,0.8708290616311292,0.6837573744784387
Escherichia_Coli,Cefalotin-Cefazolin,,0,0,0,0.8708290616311292,0.6837573744784387
Escherichia_Coli,Cefazolin,,0,0,0,0.8708290616311292,0.6837573744784387
Escherichia_Coli,Cefepime,0.8067050811943426,1468,249,1219,0.8708290616311292,0.6837573744784387
Escherichia_Coli,Cefixime,0.673213831680651,333,57,276,0.8708290616311292,0.6837573744784387
Escherichia_Coli,Cefotaxime,0.6985263656270344,338,61,277,0.8708290616311292,0.6837573744784387
Escherichia_Coli,Cefoxitin,0.6341463414634145,48,7,41,0.8708290616311292,0.6837573744784387
Escherichia_Coli,Cefoxitin_screen,,0,0,0,0.8708290616311292,0.6837573744784387
Escherichia_Coli,Cefpodoxime,0.8187856472456863,414,171,243,0.8708290616311292,0.6837573744784387
Escherichia_Coli,Ceftarolin,,0,0,0,0.8708290616311292,0.6837573744784387
Escherichia_Coli,Ceftazidime,0.7899758853267723,1513,261,1252,0.8708290616311292,0.6837573744784387
Escherichia_Coli,Ceftazidime-Avibactam,,1,0,1,0.8708290616311292,0.6837573744784387
Escherichia_Coli,Ceftobiprole,,0,0,0,0.8708290616311292,0.6837573744784387
Escherichia_Coli,Ceftolozane-Tazobactam,,0,0,0,0.8708290616311292,0.6837573744784387
Escherichia_Coli,Ceftriaxone,0.8278249841471148,1199,249,950,0.8708290616311292,0.6837573744784387
Escherichia_Coli,Cefuroxime,0.9251375269074384,559,333,226,0.8708290616311292,0.6837573744784387
Escherichia_Coli,Cefuroxime.1,,0,0,0,0.8708290616311292,0.6837573744784387
Escherichia_Coli,Chloramphenicol,0.5298022598870056,266,30,236,0.8708290616311292,0.6837573744784387
Escherichia_Coli,Ciprofloxacin,0.7456157206899974,1512,443,1069,0.8708290616311292,0.6837573744784387
Escherichia_Coli,Clarithromycin,,0,0,0,0.8708290616311292,0.6837573744784387
Escherichia_Coli,Clindamycin,,0,0,0,0.8708290616311292,0.6837573744784387
Escherichia_Coli,Clindamycin_induced,,0,0,0,0.8708290616311292,0.6837573744784387
Escherichia_Coli,Colistin,0.6058800922367409,1305,4,1301,0.8708290616311292,0.6837573744784387
Escherichia_Coli,Cotrimoxazol,0.5153061224489796,42,14,28,0.8708290616311292,0.6837573744784387
Escherichia_Coli,Cotrimoxazole,0.6465549738219896,1132,382,750,0.8708290616311292,0.6837573744784387
Escherichia_Coli,Daptomycin,,0,0,0,0.8708290616311292,0.6837573744784387
Escherichia_Coli,Doxycycline,,0,0,0,0.8708290616311292,0.6837573744784387
Escherichia_Coli,Ertapenem,0.7897853441894892,1359,8,1351,0.8708290616311292,0.6837573744784387
Escherichia_Coli,Erythromycin,,0,0,0,0.8708290616311292,0.6837573744784387
Escherichia_Coli,Ethambutol_5mg-l,,0,0,0,0.8708290616311292,0.6837573744784387
Escherichia_Coli,Fluconazole,,0,0,0,0.8708290616311292,0.6837573744784387
Escherichia_Coli,Fosfomycin,0.5853353353353353,471,27,444,0.8708290616311292,0.6837573744784387
Escherichia_Coli,Fusidic acid,,0,0,0,0.8708290616311292,0.6837573744784387
Escherichia_Coli,Gentamicin,0.633903007762921,560,69,491,0.8708290616311292,0.6837573744784387
Escherichia_Coli,Gentamicin_high_level,,0,0,0,0.8708290616311292,0.6837573744784387
Escherichia_Coli,Imipenem,0.679322033898305,1478,3,1475,0.8708290616311292,0.6837573744784387
Escherichia_Coli,Isavuconazole,,0,0,0,0.8708290616311292,0.6837573744784387
Escherichia_Coli,Isoniazid_.1mg-l,,0,0,0,0.8708290616311292,0.6837573744784387
Escherichia_Coli,Isoniazid_.4mg-l,,0,0,0,0.8708290616311292,0.6837573744784387
Escherichia_Coli,Itraconazole,,0,0,0,0.8708290616311292,0.6837573744784387
Escherichia_Coli,Levofloxacin,0.7415122669426668,1284,379,905,0.8708290616311292,0.6837573744784387
Escherichia_Coli,Linezolid,,0,0,0,0.8708290616311292,0.6837573744784387
Escherichia_Coli,MRSA,,0,0,0,0.8708290616311292,0.6837573744784387
Escherichia_Coli,Meropenem,0.8770491803278688,1343,1,1342,0.8708290616311292,0.6837573744784387
Escherichia_Coli,Meropenem-Vaborbactam,,0,0,0,0.8708290616311292,0.6837573744784387
Escherichia_Coli,Meropenem_with_meningitis,,0,0,0,0.8708290616311292,0.6837573744784387
Escherichia_Coli,Meropenem_with_pneumonia,,0,0,0,0.8708290616311292,0.6837573744784387
Escherichia_Coli,Meropenem_without_meningitis,,0,0,0,0.8708290616311292,0.6837573744784387
Escherichia_Coli,Metronidazole,,0,0,0,0.8708290616311292,0.6837573744784387
Escherichia_Coli,Micafungin,,0,0,0,0.8708290616311292,0.6837573744784387
Escherichia_Coli,Minocycline,,5,0,5,0.8708290616311292,0.6837573744784387
Escherichia_Coli,Moxifloxacin,,1,0,1,0.8708290616311292,0.6837573744784387
Escherichia_Coli,Mupirocin,,0,0,0,0.8708290616311292,0.6837573744784387
Escherichia_Coli,Nitrofurantoin,0.5767410412440838,499,6,493,0.8708290616311292,0.6837573744784387
Escherichia_Coli,Norfloxacin,0.7298854160168029,488,137,351,0.8708290616311292,0.6837573744784387
Escherichia_Coli,Novobiocin,,0,0,0,0.8708290616311292,0.6837573744784387
Escherichia_Coli,Ofloxacin,,0,0,0,0.8708290616311292,0.6837573744784387
Escherichia_Coli,Oxacillin,,0,0,0,0.8708290616311292,0.6837573744784387
Escherichia_Coli,Pefloxacin,,0,0,0,0.8708290616311292,0.6837573744784387
Escherichia_Coli,Penicillin,,0,0,0,0.8708290616311292,0.6837573744784387
Escherichia_Coli,Penicillin_with_endokarditis,,0,0,0,0.8708290616311292,0.6837573744784387
Escherichia_Coli,Penicillin_with_meningitis,,0,0,0,0.8708290616311292,0.6837573744784387
Escherichia_Coli,Penicillin_with_other_infections,,0,0,0,0.8708290616311292,0.6837573744784387
Escherichia_Coli,Penicillin_with_pneumonia,,0,0,0,0.8708290616311292,0.6837573744784387
Escherichia_Coli,Penicillin_without_endokarditis,,0,0,0,0.8708290616311292,0.6837573744784387
Escherichia_Coli,Penicillin_without_meningitis,,0,0,0,0.8708290616311292,0.6837573744784387
Escherichia_Coli,Piperacillin,0.5638491439913986,327,214,113,0.8708290616311292,0.6837573744784387
Escherichia_Coli,Piperacillin-Tazobactam,0.6644271760833198,1115,71,1044,0.8708290616311292,0.6837573744784387
Escherichia_Coli,Polymyxin B,,186,0,186,0.8708290616311292,0.6837573744784387
Escherichia_Coli,Posaconazole,,0,0,0,0.8708290616311292,0.6837573744784387
Escherichia_Coli,Pristinamycin,,0,0,0,0.8708290616311292,0.6837573744784387
Escherichia_Coli,Pyrazinamide,,0,0,0,0.8708290616311292,0.6837573744784387
Escherichia_Coli,Rifampicin,,0,0,0,0.8708290616311292,0.6837573744784387
Escherichia_Coli,Rifampicin_1mg-l,,0,0,0,0.8708290616311292,0.6837573744784387
Escherichia_Coli,Sparfloxacin,,0,0,0,0.8708290616311292,0.6837573744784387
Escherichia_Coli,Strepomycin_high_level,,0,0,0,0.8708290616311292,0.6837573744784387
Escherichia_Coli,Streptomycin,,0,0,0,0.8708290616311292,0.6837573744784387
Escherichia_Coli,Teicoplanin,,0,0,0,0.8708290616311292,0.6837573744784387
Escherichia_Coli,Teicoplanin_GRD,,0,0,0,0.8708290616311292,0.6837573744784387
Escherichia_Coli,Telithromycin,,0,0,0,0.8708290616311292,0.6837573744784387
Escherichia_Coli,Tetracycline,,1,1,0,0.8708290616311292,0.6837573744784387
Escherichia_Coli,Ticarcillin,0.5637844611528822,324,210,114,0.8708290616311292,0.6837573744784387
Escherichia_Coli,Ticarcillin-Clavulan acid,,0,0,0,0.8708290616311292,0.6837573744784387
Escherichia_Coli,Tigecycline,0.575,338,320,18,0.8708290616311292,0.6837573744784387
Escherichia_Coli,Tobramycin,0.6760125481860599,1286,197,1089,0.8708290616311292,0.6837573744784387
Escherichia_Coli,Vancomycin,,0,0,0,0.8708290616311292,0.6837573744784387
Escherichia_Coli,Vancomycin_GRD,,0,0,0,0.8708290616311292,0.6837573744784387
Escherichia_Coli,Voriconazole,,0,0,0,0.8708290616311292,0.6837573744784387
Klebsiella_Pneumoniae,5-Fluorocytosine,,0,0,0,0.8701583568016583,0.7611002962776846
Klebsiella_Pneumoniae,Amikacin,0.7336035511361786,3754,217,3537,0.8701583568016583,0.7611002962776846
Klebsiella_Pneumoniae,Amoxicillin,,0,0,0,0.8701583568016583,0.7611002962776846
Klebsiella_Pneumoniae,Amoxicillin-Clavulanic acid,0.7236031534054195,640,139,501,0.8701583568016583,0.7611002962776846
Klebsiella_Pneumoniae,Amoxicillin-Clavulanic acid_uncomplicated_HWI,,0,0,0,0.8701583568016583,0.7611002962776846
Klebsiella_Pneumoniae,Amphotericin B,,0,0,0,0.8701583568016583,0.7611002962776846
Klebsiella_Pneumoniae,Ampicillin,0.3120052770448549,760,758,2,0.8701583568016583,0.7611002962776846
Klebsiella_Pneumoniae,Ampicillin-Sulbactam,,0,0,0,0.8701583568016583,0.7611002962776846
Klebsiella_Pneumoniae,Anidulafungin,,0,0,0,0.8701583568016583,0.7611002962776846
Klebsiella_Pneumoniae,Azithromycin,1.0,2,1,1,0.8701583568016583,0.7611002962776846
Klebsiella_Pneumoniae,Aztreonam,0.756111392563583,2966,592,2374,0.8701583568016583,0.7611002962776846
Klebsiella_Pneumoniae,Bacitracin,,0,0,0,0.8701583568016583,0.7611002962776846
Klebsiella_Pneumoniae,Benzylpenicillin,,0,0,0,0.8701583568016583,0.7611002962776846
Klebsiella_Pneumoniae,Benzylpenicillin_others,,0,0,0,0.8701583568016583,0.7611002962776846
Klebsiella_Pneumoniae,Benzylpenicillin_with_meningitis,,0,0,0,0.8701583568016583,0.7611002962776846
Klebsiella_Pneumoniae,Benzylpenicillin_with_pneumonia,,0,0,0,0.8701583568016583,0.7611002962776846
Klebsiella_Pneumoniae,Caspofungin,,0,0,0,0.8701583568016583,0.7611002962776846
Klebsiella_Pneumoniae,Cefalotin-Cefazolin,,0,0,0,0.8701583568016583,0.7611002962776846
Klebsiella_Pneumoniae,Cefazolin,0.7387387387387387,43,6,37,0.8701583568016583,0.7611002962776846
Klebsiella_Pneumoniae,Cefepime,0.7700239733166563,3602,650,2952,0.8701583568016583,0.7611002962776846
Klebsiella_Pneumoniae,Cefixime,0.7939304314280204,2169,206,1963,0.8701583568016583,0.7611002962776846
Klebsiella_Pneumoniae,Cefotaxime,0.7978814196556132,2638,220,2418,0.8701583568016583,0.7611002962776846
Klebsiella_Pneumoniae,Cefoxitin,0.7925151348376445,700,79,621,0.8701583568016583,0.7611002962776846
Klebsiella_Pneumoniae,Cefoxitin_screen,,0,0,0,0.8701583568016583,0.7611002962776846
Klebsiella_Pneumoniae,Cefpodoxime,0.7613967664988073,357,49,308,0.8701583568016583,0.7611002962776846
Klebsiella_Pneumoniae,Ceftarolin,,0,0,0,0.8701583568016583,0.7611002962776846
Klebsiella_Pneumoniae,Ceftazidime,0.768770964944878,3270,345,2925,0.8701583568016583,0.7611002962776846
Klebsiella_Pneumoniae,Ceftazidime-Avibactam,,2,0,2,0.8701583568016583,0.7611002962776846
Klebsiella_Pneumoniae,Ceftobiprole,,0,0,0,0.8701583568016583,0.7611002962776846
Klebsiella_Pneumoniae,Ceftolozane-Tazobactam,,1,1,0,0.8701583568016583,0.7611002962776846
Klebsiella_Pneumoniae,Ceftriaxone,0.7906882233412844,644,105,539,0.8701583568016583,0.7611002962776846
Klebsiella_Pneumoniae,Cefuroxime,0.7716152960800251,3171,1269,1902,0.8701583568016583,0.7611002962776846
Klebsiella_Pneumoniae,Cefuroxime.1,,0,0,0,0.8701583568016583,0.7611002962776846
Klebsiella_Pneumoniae,Chloramphenicol,0.5781151170145478,110,17,93,0.8701583568016583,0.7611002962776846
Klebsiella_Pneumoniae,Ciprofloxacin,0.7660371147306748,3839,1009,2830,0.8701583568016583,0.7611002962776846
Klebsiella_Pneumoniae,Clarithromycin,1.0,2,1,1,0.8701583568016583,0.7611002962776846
Klebsiella_Pneumoniae,Clindamycin,,2,0,2,0.8701583568016583,0.7611002962776846
Klebsiella_Pneumoniae,Clindamycin_induced,,0,0,0,0.8701583568016583,0.7611002962776846
Klebsiella_Pneumoniae,Colistin,0.6499790261688877,3697,51,3646,0.8701583568016583,0.7611002962776846
Klebsiella_Pneumoniae,Cotrimoxazol,0.8823529411764706,19,2,17,0.8701583568016583,0.7611002962776846
Klebsiella_Pneumoniae,Cotrimoxazole,0.7352041552445534,623,145,478,0.8701583568016583,0.7611002962776846
Klebsiella_Pneumoniae,Daptomycin,,0,0,0,0.8701583568016583,0.7611002962776846
Klebsiella_Pneumoniae,Doxycycline,,0,0,0,0.8701583568016583,0.7611002962776846
Klebsiella_Pneumoniae,Ertapenem,0.8145430686587912,3776,287,3489,0.8701583568016583,0.7611002962776846
Klebsiella_Pneumoniae,Erythromycin,1.0,2,1,1,0.8701583568016583,0.7611002962776846
Klebsiella_Pneumoniae,Ethambutol_5mg-l,,0,0,0,0.8701583568016583,0.7611002962776846
Klebsiella_Pneumoniae,Fluconazole,,0,0,0,0.8701583568016583,0.7611002962776846
Klebsiella_Pneumoniae,Fosfomycin,0.5962188979197808,3196,892,2304,0.8701583568016583,0.7611002962776846
Klebsiella_Pneumoniae,Fusidic acid,,0,0,0,0.8701583568016583,0.7611002962776846
Klebsiella_Pneumoniae,Gentamicin,0.7661248658078369,3294,414,2880,0.8701583568016583,0.7611002962776846
Klebsiella_Pneumoniae,Gentamicin_high_level,,0,0,0,0.8701583568016583,0.7611002962776846
Klebsiella_Pneumoniae,Imipenem,0.8254105849459525,3806,98,3708,0.8701583568016583,0.7611002962776846
Klebsiella_Pneumoniae,Isavuconazole,,0,0,0,0.8701583568016583,0.7611002962776846
Klebsiella_Pneumoniae,Isoniazid_.1mg-l,,0,0,0,0.8701583568016583,0.7611002962776846
Klebsiella_Pneumoniae,Isoniazid_.4mg-l,,0,0,0,0.8701583568016583,0.7611002962776846
Klebsiella_Pneumoniae,Itraconazole,,0,0,0,0.8701583568016583,0.7611002962776846
Klebsiella_Pneumoniae,Levofloxacin,0.7733552769109726,3313,857,2456,0.8701583568016583,0.7611002962776846
Klebsiella_Pneumoniae,Linezolid,,2,0,2,0.8701583568016583,0.7611002962776846
Klebsiella_Pneumoniae,MRSA,,0,0,0,0.8701583568016583,0.7611002962776846
Klebsiella_Pneumoniae,Meropenem,0.8220368680657489,3685,84,3601,0.8701583568016583,0.7611002962776846
Klebsiella_Pneumoniae,Meropenem-Vaborbactam,,0,0,0,0.8701583568016583,0.7611002962776846
Klebsiella_Pneumoniae,Meropenem_with_meningitis,,0,0,0,0.8701583568016583,0.7611002962776846
Klebsiella_Pneumoniae,Meropenem_with_pneumonia,,0,0,0,0.8701583568016583,0.7611002962776846
Klebsiella_Pneumoniae,Meropenem_without_meningitis,,0,0,0,0.8701583568016583,0.7611002962776846
Klebsiella_Pneumoniae,Metronidazole,,0,0,0,0.8701583568016583,0.7611002962776846
Klebsiella_Pneumoniae,Micafungin,,0,0,0,0.8701583568016583,0.7611002962776846
Klebsiella_Pneumoniae,Minocycline,0.6235191845500878,612,119,493,0.8701583568016583,0.7611002962776846
Klebsiella_Pneumoniae,Moxifloxacin,,2,0,2,0.8701583568016583,0.7611002962776846
Klebsiella_Pneumoniae,Mupirocin,,0,0,0,0.8701583568016583,0.7611002962776846
Klebsiella_Pneumoniae,Nitrofurantoin,0.6988100049396021,2326,571,1755,0.8701583568016583,0.7611002962776846
Klebsiella_Pneumoniae,Norfloxacin,0.741390116723601,2726,785,1941,0.8701583568016583,0.7611002962776846
Klebsiella_Pneumoniae,Novobiocin,,0,0,0,0.8701583568016583,0.7611002962776846
Klebsiella_Pneumoniae,Ofloxacin,,0,0,0,0.8701583568016583,0.7611002962776846
Klebsiella_Pneumoniae,Oxacillin,,0,0,0,0.8701583568016583,0.7611002962776846
Klebsiella_Pneumoniae,Pefloxacin,,0,0,0,0.8701583568016583,0.7611002962776846
Klebsiella_Pneumoniae,Penicillin,,2,2,0,0.8701583568016583,0.7611002962776846
Klebsiella_Pneumoniae,Penicillin_with_endokarditis,,0,0,0,0.8701583568016583,0.7611002962776846
Klebsiella_Pneumoniae,Penicillin_with_meningitis,,0,0,0,0.8701583568016583,0.7611002962776846
Klebsiella_Pneumoniae,Penicillin_with_other_infections,,0,0,0,0.8701583568016583,0.7611002962776846
Klebsiella_Pneumoniae,Penicillin_with_pneumonia,,0,0,0,0.8701583568016583,0.7611002962776846
Klebsiella_Pneumoniae,Penicillin_without_endokarditis,,0,0,0,0.8701583568016583,0.7611002962776846
Klebsiella_Pneumoniae,Penicillin_without_meningitis,,0,0,0,0.8701583568016583,0.7611002962776846
Klebsiella_Pneumoniae,Piperacillin,0.5955008488964347,2952,2914,38,0.8701583568016583,0.7611002962776846
Klebsiella_Pneumoniae,Piperacillin-Tazobactam,0.7632706690923793,587,102,485,0.8701583568016583,0.7611002962776846
Klebsiella_Pneumoniae,Polymyxin B,,70,0,70,0.8701583568016583,0.7611002962776846
Klebsiella_Pneumoniae,Posaconazole,,0,0,0,0.8701583568016583,0.7611002962776846
Klebsiella_Pneumoniae,Pristinamycin,,2,0,2,0.8701583568016583,0.7611002962776846
Klebsiella_Pneumoniae,Pyrazinamide,,0,0,0,0.8701583568016583,0.7611002962776846
Klebsiella_Pneumoniae,Rifampicin,,0,0,0,0.8701583568016583,0.7611002962776846
Klebsiella_Pneumoniae,Rifampicin_1mg-l,,0,0,0,0.8701583568016583,0.7611002962776846
Klebsiella_Pneumoniae,Sparfloxacin,,0,0,0,0.8701583568016583,0.7611002962776846
Klebsiella_Pneumoniae,Strepomycin_high_level,,0,0,0,0.8701583568016583,0.7611002962776846
Klebsiella_Pneumoniae,Streptomycin,,0,0,0,0.8701583568016583,0.7611002962776846
Klebsiella_Pneumoniae,Teicoplanin,,0,0,0,0.8701583568016583,0.7611002962776846
Klebsiella_Pneumoniae,Teicoplanin_GRD,,0,0,0,0.8701583568016583,0.7611002962776846
Klebsiella_Pneumoniae,Telithromycin,,0,0,0,0.8701583568016583,0.7611002962776846
Klebsiella_Pneumoniae,Tetracycline,1.0,2,1,1,0.8701583568016583,0.7611002962776846
Klebsiella_Pneumoniae,Ticarcillin,,585,585,0,0.8701583568016583,0.7611002962776846
Klebsiella_Pneumoniae,Ticarcillin-Clavulan acid,,0,0,0,0.8701583568016583,0.7611002962776846
Klebsiella_Pneumoniae,Tigecycline,0.7245833333333334,495,15,480,0.8701583568016583,0.7611002962776846
Klebsiella_Pneumoniae,Tobramycin,0.771173972547599,3757,637,3120,0.8701583568016583,0.7611002962776846
Klebsiella_Pneumoniae,Vancomycin,,2,0,2,0.8701583568016583,0.7611002962776846
Klebsiella_Pneumoniae,Vancomycin_GRD,,0,0,0,0.8701583568016583,0.7611002962776846
Klebsiella_Pneumoniae,Voriconazole,,0,0,0,0.8701583568016583,0.7611002962776846
Pseudomonas_Aeruginosa,5-Fluorocytosine,,0,0,0,0.9503815255321378,0.7793725981438663
Pseudomonas_Aeruginosa,Amikacin,0.7413378484491558,897,48,849,0.9503815255321378,0.7793725981438663
Pseudomonas_Aeruginosa,Amoxicillin,,0,0,0,0.9503815255321378,0.7793725981438663
Pseudomonas_Aeruginosa,Amoxicillin-Clavulanic acid,,73,73,0,0.9503815255321378,0.7793725981438663
Pseudomonas_Aeruginosa,Amoxicillin-Clavulanic acid_uncomplicated_HWI,,0,0,0,0.9503815255321378,0.7793725981438663
Pseudomonas_Aeruginosa,Amphotericin B,,0,0,0,0.9503815255321378,0.7793725981438663
Pseudomonas_Aeruginosa,Ampicillin,,413,413,0,0.9503815255321378,0.7793725981438663
Pseudomonas_Aeruginosa,Ampicillin-Sulbactam,,0,0,0,0.9503815255321378,0.7793725981438663
Pseudomonas_Aeruginosa,Anidulafungin,,0,0,0,0.9503815255321378,0.7793725981438663
Pseudomonas_Aeruginosa,Azithromycin,,0,0,0,0.9503815255321378,0.7793725981438663
Pseudomonas_Aeruginosa,Aztreonam,0.8736051265053585,473,431,42,0.9503815255321378,0.7793725981438663
Pseudomonas_Aeruginosa,Bacitracin,,0,0,0,0.9503815255321378,0.7793725981438663
Pseudomonas_Aeruginosa,Benzylpenicillin,,0,0,0,0.9503815255321378,0.7793725981438663
Pseudomonas_Aeruginosa,Benzylpenicillin_others,,0,0,0,0.9503815255321378,0.7793725981438663
Pseudomonas_Aeruginosa,Benzylpenicillin_with_meningitis,,0,0,0,0.9503815255321378,0.7793725981438663
Pseudomonas_Aeruginosa,Benzylpenicillin_with_pneumonia,,0,0,0,0.9503815255321378,0.7793725981438663
Pseudomonas_Aeruginosa,Caspofungin,,0,0,0,0.9503815255321378,0.7793725981438663
Pseudomonas_Aeruginosa,Cefalotin-Cefazolin,,0,0,0,0.9503815255321378,0.7793725981438663
Pseudomonas_Aeruginosa,Cefazolin,,3,3,0,0.9503815255321378,0.7793725981438663
Pseudomonas_Aeruginosa,Cefepime,0.928565332754046,1024,446,578,0.9503815255321378,0.7793725981438663
Pseudomonas_Aeruginosa,Cefixime,,2,2,0,0.9503815255321378,0.7793725981438663
Pseudomonas_Aeruginosa,Cefotaxime,,340,340,0,0.9503815255321378,0.7793725981438663
Pseudomonas_Aeruginosa,Cefoxitin,,340,340,0,0.9503815255321378,0.7793725981438663
Pseudomonas_Aeruginosa,Cefoxitin_screen,,0,0,0,0.9503815255321378,0.7793725981438663
Pseudomonas_Aeruginosa,Cefpodoxime,,0,0,0,0.9503815255321378,0.7793725981438663
Pseudomonas_Aeruginosa,Ceftarolin,,1,1,0,0.9503815255321378,0.7793725981438663
Pseudomonas_Aeruginosa,Ceftazidime,0.9396044523951501,907,387,520,0.9503815255321378,0.7793725981438663
Pseudomonas_Aeruginosa,Ceftazidime-Avibactam,0.375,11,3,8,0.9503815255321378,0.7793725981438663
Pseudomonas_Aeruginosa,Ceftobiprole,1.0,7,6,1,0.9503815255321378,0.7793725981438663
Pseudomonas_Aeruginosa,Ceftolozane-Tazobactam,0.6,15,5,10,0.9503815255321378,0.7793725981438663
Pseudomonas_Aeruginosa,Ceftriaxone,,74,74,0,0.9503815255321378,0.7793725981438663
Pseudomonas_Aeruginosa,Cefuroxime,0.8689320388349514,413,412,1,0.9503815255321378,0.7793725981438663
Pseudomonas_Aeruginosa,Cefuroxime.1,,0,0,0,0.9503815255321378,0.7793725981438663
Pseudomonas_Aeruginosa,Chloramphenicol,,339,339,0,0.9503815255321378,0.7793725981438663
Pseudomonas_Aeruginosa,Ciprofloxacin,0.8479017240244786,1032,364,668,0.9503815255321378,0.7793725981438663
Pseudomonas_Aeruginosa,Clarithromycin,,0,0,0,0.9503815255321378,0.7793725981438663
Pseudomonas_Aeruginosa,Clindamycin,,0,0,0,0.9503815255321378,0.7793725981438663
Pseudomonas_Aeruginosa,Clindamycin_induced,,0,0,0,0.9503815255321378,0.7793725981438663
Pseudomonas_Aeruginosa,Colistin,0.72508038585209,955,22,933,0.9503815255321378,0.7793725981438663
Pseudomonas_Aeruginosa,Cotrimoxazol,,0,0,0,0.9503815255321378,0.7793725981438663
Pseudomonas_Aeruginosa,Cotrimoxazole,,73,73,0,0.9503815255321378,0.7793725981438663
Pseudomonas_Aeruginosa,Daptomycin,,0,0,0,0.9503815255321378,0.7793725981438663
Pseudomonas_Aeruginosa,Doxycycline,,0,0,0,0.9503815255321378,0.7793725981438663
Pseudomonas_Aeruginosa,Ertapenem,,340,340,0,0.9503815255321378,0.7793725981438663
Pseudomonas_Aeruginosa,Erythromycin,,0,0,0,0.9503815255321378,0.7793725981438663
Pseudomonas_Aeruginosa,Ethambutol_5mg-l,,0,0,0,0.9503815255321378,0.7793725981438663
Pseudomonas_Aeruginosa,Fluconazole,,0,0,0,0.9503815255321378,0.7793725981438663
Pseudomonas_Aeruginosa,Fosfomycin,0.5470575022461815,327,168,159,0.9503815255321378,0.7793725981438663
Pseudomonas_Aeruginosa,Fusidic acid,,0,0,0,0.9503815255321378,0.7793725981438663
Pseudomonas_Aeruginosa,Gentamicin,0.6409090909090909,116,6,110,0.9503815255321378,0.7793725981438663
Pseudomonas_Aeruginosa,Gentamicin_high_level,,0,0,0,0.9503815255321378,0.7793725981438663
Pseudomonas_Aeruginosa,Imipenem,0.9234317805746377,897,407,490,0.9503815255321378,0.7793725981438663
Pseudomonas_Aeruginosa,Isavuconazole,,0,0,0,0.9503815255321378,0.7793725981438663
Pseudomonas_Aeruginosa,Isoniazid_.1mg-l,,0,0,0,0.9503815255321378,0.7793725981438663
Pseudomonas_Aeruginosa,Isoniazid_.4mg-l,,0,0,0,0.9503815255321378,0.7793725981438663
Pseudomonas_Aeruginosa,Itraconazole,,0,0,0,0.9503815255321378,0.7793725981438663
Pseudomonas_Aeruginosa,Levofloxacin,0.8800325832399958,788,305,483,0.9503815255321378,0.7793725981438663
Pseudomonas_Aeruginosa,Linezolid,,0,0,0,0.9503815255321378,0.7793725981438663
Pseudomonas_Aeruginosa,MRSA,,0,0,0,0.9503815255321378,0.7793725981438663
Pseudomonas_Aeruginosa,Meropenem,0.6673690595916543,955,157,798,0.9503815255321378,0.7793725981438663
Pseudomonas_Aeruginosa,Meropenem-Vaborbactam,,0,0,0,0.9503815255321378,0.7793725981438663
Pseudomonas_Aeruginosa,Meropenem_with_meningitis,,0,0,0,0.9503815255321378,0.7793725981438663
Pseudomonas_Aeruginosa,Meropenem_with_pneumonia,,0,0,0,0.9503815255321378,0.7793725981438663
Pseudomonas_Aeruginosa,Meropenem_without_meningitis,,0,0,0,0.9503815255321378,0.7793725981438663
Pseudomonas_Aeruginosa,Metronidazole,,0,0,0,0.9503815255321378,0.7793725981438663
Pseudomonas_Aeruginosa,Micafungin,,0,0,0,0.9503815255321378,0.7793725981438663
Pseudomonas_Aeruginosa,Minocycline,,0,0,0,0.9503815255321378,0.7793725981438663
Pseudomonas_Aeruginosa,Moxifloxacin,,0,0,0,0.9503815255321378,0.7793725981438663
Pseudomonas_Aeruginosa,Mupirocin,,0,0,0,0.9503815255321378,0.7793725981438663
Pseudomonas_Aeruginosa,Nitrofurantoin,,3,3,0,0.9503815255321378,0.7793725981438663
Pseudomonas_Aeruginosa,Norfloxacin,0.9739583333333334,67,64,3,0.9503815255321378,0.7793725981438663
Pseudomonas_Aeruginosa,Novobiocin,,0,0,0,0.9503815255321378,0.7793725981438663
Pseudomonas_Aeruginosa,Ofloxacin,,0,0,0,0.9503815255321378,0.7793725981438663
Pseudomonas_Aeruginosa,Oxacillin,,0,0,0,0.9503815255321378,0.7793725981438663
Pseudomonas_Aeruginosa,Pefloxacin,,0,0,0,0.9503815255321378,0.7793725981438663
Pseudomonas_Aeruginosa,Penicillin,,0,0,0,0.9503815255321378,0.7793725981438663
Pseudomonas_Aeruginosa,Penicillin_with_endokarditis,,0,0,0,0.9503815255321378,0.7793725981438663
Pseudomonas_Aeruginosa,Penicillin_with_meningitis,,0,0,0,0.9503815255321378,0.7793725981438663
Pseudomonas_Aeruginosa,Penicillin_with_other_infections,,0,0,0,0.9503815255321378,0.7793725981438663
Pseudomonas_Aeruginosa,Penicillin_with_pneumonia,,0,0,0,0.9503815255321378,0.7793725981438663
Pseudomonas_Aeruginosa,Penicillin_without_endokarditis,,0,0,0,0.9503815255321378,0.7793725981438663
Pseudomonas_Aeruginosa,Penicillin_without_meningitis,,0,0,0,0.9503815255321378,0.7793725981438663
Pseudomonas_Aeruginosa,Piperacillin,,54,54,0,0.9503815255321378,0.7793725981438663
Pseudomonas_Aeruginosa,Piperacillin-Tazobactam,0.6624862919326266,705,122,583,0.9503815255321378,0.7793725981438663
Pseudomonas_Aeruginosa,Polymyxin B,,73,0,73,0.9503815255321378,0.7793725981438663
Pseudomonas_Aeruginosa,Posaconazole,,0,0,0,0.9503815255321378,0.7793725981438663
Pseudomonas_Aeruginosa,Pristinamycin,,0,0,0,0.9503815255321378,0.7793725981438663
Pseudomonas_Aeruginosa,Pyrazinamide,,0,0,0,0.9503815255321378,0.7793725981438663
Pseudomonas_Aeruginosa,Rifampicin,,0,0,0,0.9503815255321378,0.7793725981438663
Pseudomonas_Aeruginosa,Rifampicin_1mg-l,,0,0,0,0.9503815255321378,0.7793725981438663
Pseudomonas_Aeruginosa,Sparfloxacin,,0,0,0,0.9503815255321378,0.7793725981438663
Pseudomonas_Aeruginosa,Strepomycin_high_level,,0,0,0,0.9503815255321378,0.7793725981438663
Pseudomonas_Aeruginosa,Streptomycin,,0,0,0,0.9503815255321378,0.7793725981438663
Pseudomonas_Aeruginosa,Teicoplanin,,0,0,0,0.9503815255321378,0.7793725981438663
Pseudomonas_Aeruginosa,Teicoplanin_GRD,,0,0,0,0.9503815255321378,0.7793725981438663
Pseudomonas_Aeruginosa,Telithromycin,,0,0,0,0.9503815255321378,0.7793725981438663
Pseudomonas_Aeruginosa,Tetracycline,,0,0,0,0.9503815255321378,0.7793725981438663
Pseudomonas_Aeruginosa,Ticarcillin,,328,328,0,0.9503815255321378,0.7793725981438663
Pseudomonas_Aeruginosa,Ticarcillin-Clavulan acid,,0,0,0,0.9503815255321378,0.7793725981438663
Pseudomonas_Aeruginosa,Tigecycline,,0,0,0,0.9503815255321378,0.7793725981438663
Pseudomonas_Aeruginosa,Tobramycin,0.8334352159468438,961,86,875,0.9503815255321378,0.7793725981438663
Pseudomonas_Aeruginosa,Vancomycin,,0,0,0,0.9503815255321378,0.7793725981438663
Pseudomonas_Aeruginosa,Vancomycin_GRD,,0,0,0,0.9503815255321378,0.7793725981438663
Pseudomonas_Aeruginosa,Voriconazole,,0,0,0,0.9503815255321378,0.7793725981438663
Enterobacter_Cloacae,5-Fluorocytosine,,0,0,0,0.9180166600725921,0.6010583472886787
Enterobacter_Cloacae,Amikacin,0.9762675296655879,312,3,309,0.9180166600725921,0.6010583472886787
Enterobacter_Cloacae,Amoxicillin,,0,0,0,0.9180166600725921,0.6010583472886787
Enterobacter_Cloacae,Amoxicillin-Clavulanic acid,,300,300,0,0.9180166600725921,0.6010583472886787
Enterobacter_Cloacae,Amoxicillin-Clavulanic acid_uncomplicated_HWI,,0,0,0,0.9180166600725921,0.6010583472886787
Enterobacter_Cloacae,Amphotericin B,,0,0,0,0.9180166600725921,0.6010583472886787
Enterobacter_Cloacae,Ampicillin,,58,58,0,0.9180166600725921,0.6010583472886787
Enterobacter_Cloacae,Ampicillin-Sulbactam,,0,0,0,0.9180166600725921,0.6010583472886787
Enterobacter_Cloacae,Anidulafungin,,0,0,0,0.9180166600725921,0.6010583472886787
Enterobacter_Cloacae,Azithromycin,,0,0,0,0.9180166600725921,0.6010583472886787
Enterobacter_Cloacae,Aztreonam,0.32857142857142857,19,5,14,0.9180166600725921,0.6010583472886787
Enterobacter_Cloacae,Bacitracin,,0,0,0,0.9180166600725921,0.6010583472886787
Enterobacter_Cloacae,Benzylpenicillin,,0,0,0,0.9180166600725921,0.6010583472886787
Enterobacter_Cloacae,Benzylpenicillin_others,,0,0,0,0.9180166600725921,0.6010583472886787
Enterobacter_Cloacae,Benzylpenicillin_with_meningitis,,0,0,0,0.9180166600725921,0.6010583472886787
Enterobacter_Cloacae,Benzylpenicillin_with_pneumonia,,0,0,0,0.9180166600725921,0.6010583472886787
Enterobacter_Cloacae,Caspofungin,,0,0,0,0.9180166600725921,0.6010583472886787
Enterobacter_Cloacae,Cefalotin-Cefazolin,,0,0,0,0.9180166600725921,0.6010583472886787
Enterobacter_Cloacae,Cefazolin,,0,0,0,0.9180166600725921,0.6010583472886787
Enterobacter_Cloacae,Cefepime,0.6974603174603174,305,35,270,0.9180166600725921,0.6010583472886787
Enterobacter_Cloacae,Cefixime,0.4404761904761905,19,7,12,0.9180166600725921,0.6010583472886787
Enterobacter_Cloacae,Cefotaxime,0.11666666666666667,19,4,15,0.9180166600725921,0.6010583472886787
Enterobacter_Cloacae,Cefoxitin,,31,31,0,0.9180166600725921,0.6010583472886787
Enterobacter_Cloacae,Cefoxitin_screen,,0,0,0,0.9180166600725921,0.6010583472886787
Enterobacter_Cloacae,Cefpodoxime,,92,92,0,0.9180166600725921,0.6010583472886787
Enterobacter_Cloacae,Ceftarolin,,0,0,0,0.9180166600725921,0.6010583472886787
Enterobacter_Cloacae,Ceftazidime,0.6733768765841295,315,92,223,0.9180166600725921,0.6010583472886787
Enterobacter_Cloacae,Ceftazidime-Avibactam,,0,0,0,0.9180166600725921,0.6010583472886787
Enterobacter_Cloacae,Ceftobiprole,,0,0,0,0.9180166600725921,0.6010583472886787
Enterobacter_Cloacae,Ceftolozane-Tazobactam,,0,0,0,0.9180166600725921,0.6010583472886787
Enterobacter_Cloacae,Ceftriaxone,0.6728986645718775,296,95,201,0.9180166600725921,0.6010583472886787
Enterobacter_Cloacae,Cefuroxime,0.8660968660968661,40,27,13,0.9180166600725921,0.6010583472886787
Enterobacter_Cloacae,Cefuroxime.1,,0,0,0,0.9180166600725921,0.6010583472886787
Enterobacter_Cloacae,Chloramphenicol,,11,0,11,0.9180166600725921,0.6010583472886787
Enterobacter_Cloacae,Ciprofloxacin,0.6455627705627704,320,12,308,0.9180166600725921,0.6010583472886787
Enterobacter_Cloacae,Clarithromycin,,0,0,0,0.9180166600725921,0.6010583472886787
Enterobacter_Cloacae,Clindamycin,,0,0,0,0.9180166600725921,0.6010583472886787
Enterobacter_Cloacae,Clindamycin_induced,,0,0,0,0.9180166600725921,0.6010583472886787
Enterobacter_Cloacae,Colistin,0.49330900243308995,280,6,274,0.9180166600725921,0.6010583472886787
Enterobacter_Cloacae,Cotrimoxazol,0.0,13,1,12,0.9180166600725921,0.6010583472886787
Enterobacter_Cloacae,Cotrimoxazole,0.6553884711779449,287,21,266,0.9180166600725921,0.6010583472886787
Enterobacter_Cloacae,Daptomycin,,0,0,0,0.9180166600725921,0.6010583472886787
Enterobacter_Cloacae,Doxycycline,,1,1,0,0.9180166600725921,0.6010583472886787
Enterobacter_Cloacae,Ertapenem,0.7244505494505494,288,28,260,0.9180166600725921,0.6010583472886787
Enterobacter_Cloacae,Erythromycin,,0,0,0,0.9180166600725921,0.6010583472886787
Enterobacter_Cloacae,Ethambutol_5mg-l,,0,0,0,0.9180166600725921,0.6010583472886787
Enterobacter_Cloacae,Fluconazole,,0,0,0,0.9180166600725921,0.6010583472886787
Enterobacter_Cloacae,Fosfomycin,0.5889328063241106,45,22,23,0.9180166600725921,0.6010583472886787
Enterobacter_Cloacae,Fusidic acid,,0,0,0,0.9180166600725921,0.6010583472886787
Enterobacter_Cloacae,Gentamicin,0.6160714285714286,58,2,56,0.9180166600725921,0.6010583472886787
Enterobacter_Cloacae,Gentamicin_high_level,,0,0,0,0.9180166600725921,0.6010583472886787
Enterobacter_Cloacae,Imipenem,0.9485530546623794,312,1,311,0.9180166600725921,0.6010583472886787
Enterobacter_Cloacae,Isavuconazole,,0,0,0,0.9180166600725921,0.6010583472886787
Enterobacter_Cloacae,Isoniazid_.1mg-l,,0,0,0,0.9180166600725921,0.6010583472886787
Enterobacter_Cloacae,Isoniazid_.4mg-l,,0,0,0,0.9180166600725921,0.6010583472886787
Enterobacter_Cloacae,Itraconazole,,0,0,0,0.9180166600725921,0.6010583472886787
Enterobacter_Cloacae,Levofloxacin,0.6588765887658877,280,9,271,0.9180166600725921,0.6010583472886787
Enterobacter_Cloacae,Linezolid,,0,0,0,0.9180166600725921,0.6010583472886787
Enterobacter_Cloacae,MRSA,,0,0,0,0.9180166600725921,0.6010583472886787
Enterobacter_Cloacae,Meropenem,0.8938356164383562,293,1,292,0.9180166600725921,0.6010583472886787
Enterobacter_Cloacae,Meropenem-Vaborbactam,,0,0,0,0.9180166600725921,0.6010583472886787
Enterobacter_Cloacae,Meropenem_with_meningitis,,0,0,0,0.9180166600725921,0.6010583472886787
Enterobacter_Cloacae,Meropenem_with_pneumonia,,0,0,0,0.9180166600725921,0.6010583472886787
Enterobacter_Cloacae,Meropenem_without_meningitis,,0,0,0,0.9180166600725921,0.6010583472886787
Enterobacter_Cloacae,Metronidazole,,0,0,0,0.9180166600725921,0.6010583472886787
Enterobacter_Cloacae,Micafungin,,0,0,0,0.9180166600725921,0.6010583472886787
Enterobacter_Cloacae,Minocycline,,0,0,0,0.9180166600725921,0.6010583472886787
Enterobacter_Cloacae,Moxifloxacin,,1,0,1,0.9180166600725921,0.6010583472886787
Enterobacter_Cloacae,Mupirocin,,0,0,0,0.9180166600725921,0.6010583472886787
Enterobacter_Cloacae,Nitrofurantoin,0.8484848484848484,26,15,11,0.9180166600725921,0.6010583472886787
Enterobacter_Cloacae,Norfloxacin,0.5272904483430799,123,9,114,0.9180166600725921,0.6010583472886787
Enterobacter_Cloacae,Novobiocin,,0,0,0,0.9180166600725921,0.6010583472886787
Enterobacter_Cloacae,Ofloxacin,,0,0,0,0.9180166600725921,0.6010583472886787
Enterobacter_Cloacae,Oxacillin,,0,0,0,0.9180166600725921,0.6010583472886787
Enterobacter_Cloacae,Pefloxacin,,0,0,0,0.9180166600725921,0.6010583472886787
Enterobacter_Cloacae,Penicillin,,0,0,0,0.9180166600725921,0.6010583472886787
Enterobacter_Cloacae,Penicillin_with_endokarditis,,0,0,0,0.9180166600725921,0.6010583472886787
Enterobacter_Cloacae,Penicillin_with_meningitis,,0,0,0,0.9180166600725921,0.6010583472886787
Enterobacter_Cloacae,Penicillin_with_other_infections,,0,0,0,0.9180166600725921,0.6010583472886787
Enterobacter_Cloacae,Penicillin_with_pneumonia,,0,0,0,0.9180166600725921,0.6010583472886787
Enterobacter_Cloacae,Penicillin_without_endokarditis,,0,0,0,0.9180166600725921,0.6010583472886787
Enterobacter_Cloacae,Penicillin_without_meningitis,,0,0,0,0.9180166600725921,0.6010583472886787
Enterobacter_Cloacae,Piperacillin,0.2285714285714286,19,5,14,0.9180166600725921,0.6010583472886787
Enterobacter_Cloacae,Piperacillin-Tazobactam,0.7041275797373359,283,78,205,0.9180166600725921,0.6010583472886787
Enterobacter_Cloacae,Polymyxin B,,26,0,26,0.9180166600725921,0.6010583472886787
Enterobacter_Cloacae,Posaconazole,,0,0,0,0.9180166600725921,0.6010583472886787
Enterobacter_Cloacae,Pristinamycin,,0,0,0,0.9180166600725921,0.6010583472886787
Enterobacter_Cloacae,Pyrazinamide,,0,0,0,0.9180166600725921,0.6010583472886787
Enterobacter_Cloacae,Rifampicin,,0,0,0,0.9180166600725921,0.6010583472886787
Enterobacter_Cloacae,Rifampicin_1mg-l,,0,0,0,0.9180166600725921,0.6010583472886787
Enterobacter_Cloacae,Sparfloxacin,,0,0,0,0.9180166600725921,0.6010583472886787
Enterobacter_Cloacae,Strepomycin_high_level,,0,0,0,0.9180166600725921,0.6010583472886787
Enterobacter_Cloacae,Streptomycin,,0,0,0,0.9180166600725921,0.6010583472886787
Enterobacter_Cloacae,Teicoplanin,,0,0,0,0.9180166600725921,0.6010583472886787
Enterobacter_Cloacae,Teicoplanin_GRD,,0,0,0,0.9180166600725921,0.6010583472886787
Enterobacter_Cloacae,Telithromycin,,0,0,0,0.9180166600725921,0.6010583472886787
Enterobacter_Cloacae,Tetracycline,,0,0,0,0.9180166600725921,0.6010583472886787
Enterobacter_Cloacae,Ticarcillin,0.3333333333333333,19,7,12,0.9180166600725921,0.6010583472886787
Enterobacter_Cloacae,Ticarcillin-Clavulan acid,,0,0,0,0.9180166600725921,0.6010583472886787
Enterobacter_Cloacae,Tigecycline,,17,0,17,0.9180166600725921,0.6010583472886787
Enterobacter_Cloacae,Tobramycin,0.7867978679786798,280,9,271,0.9180166600725921,0.6010583472886787
Enterobacter_Cloacae,Vancomycin,,0,0,0,0.9180166600725921,0.6010583472886787
Enterobacter_Cloacae,Vancomycin_GRD,,0,0,0,0.9180166600725921,0.6010583472886787
Enterobacter_Cloacae,Voriconazole,,0,0,0,0.9180166600725921,0.6010583472886787
Proteus_Mirabilis,5-Fluorocytosine,,0,0,0,0.9208851845524331,0.7081949623604853
Proteus_Mirabilis,Amikacin,0.680908391070054,445,12,433,0.9208851845524331,0.7081949623604853
Proteus_Mirabilis,Amoxicillin,,0,0,0,0.9208851845524331,0.7081949623604853
Proteus_Mirabilis,Amoxicillin-Clavulanic acid,0.6129032258064516,236,19,217,0.9208851845524331,0.7081949623604853
Proteus_Mirabilis,Amoxicillin-Clavulanic acid_uncomplicated_HWI,,2,2,0,0.9208851845524331,0.7081949623604853
Proteus_Mirabilis,Amphotericin B,,0,0,0,0.9208851845524331,0.7081949623604853
Proteus_Mirabilis,Ampicillin,0.5579497524298551,297,133,164,0.9208851845524331,0.7081949623604853
Proteus_Mirabilis,Ampicillin-Sulbactam,,0,0,0,0.9208851845524331,0.7081949623604853
Proteus_Mirabilis,Anidulafungin,,0,0,0,0.9208851845524331,0.7081949623604853
Proteus_Mirabilis,Azithromycin,,0,0,0,0.9208851845524331,0.7081949623604853
Proteus_Mirabilis,Aztreonam,0.7946969696969698,238,18,220,0.9208851845524331,0.7081949623604853
Proteus_Mirabilis,Bacitracin,,0,0,0,0.9208851845524331,0.7081949623604853
Proteus_Mirabilis,Benzylpenicillin,,0,0,0,0.9208851845524331,0.7081949623604853
Proteus_Mirabilis,Benzylpenicillin_others,,0,0,0,0.9208851845524331,0.7081949623604853
Proteus_Mirabilis,Benzylpenicillin_with_meningitis,,0,0,0,0.9208851845524331,0.7081949623604853
Proteus_Mirabilis,Benzylpenicillin_with_pneumonia,,0,0,0,0.9208851845524331,0.7081949623604853
Proteus_Mirabilis,Caspofungin,,0,0,0,0.9208851845524331,0.7081949623604853
Proteus_Mirabilis,Cefalotin-Cefazolin,,0,0,0,0.9208851845524331,0.7081949623604853
Proteus_Mirabilis,Cefazolin,,0,0,0,0.9208851845524331,0.7081949623604853
Proteus_Mirabilis,Cefepime,0.8178236652628719,450,17,433,0.9208851845524331,0.7081949623604853
Proteus_Mirabilis,Cefixime,0.7329614358476837,236,19,217,0.9208851845524331,0.7081949623604853
Proteus_Mirabilis,Cefotaxime,0.7780314561136479,237,18,219,0.9208851845524331,0.7081949623604853
Proteus_Mirabilis,Cefoxitin,0.75,22,2,20,0.9208851845524331,0.7081949623604853
Proteus_Mirabilis,Cefoxitin_screen,,0,0,0,0.9208851845524331,0.7081949623604853
Proteus_Mirabilis,Cefpodoxime,0.7553191489361701,96,2,94,0.9208851845524331,0.7081949623604853
Proteus_Mirabilis,Ceftarolin,,0,0,0,0.9208851845524331,0.7081949623604853
Proteus_Mirabilis,Ceftazidime,0.8191154160345431,470,19,451,0.9208851845524331,0.7081949623604853
Proteus_Mirabilis,Ceftazidime-Avibactam,,1,0,1,0.9208851845524331,0.7081949623604853
Proteus_Mirabilis,Ceftobiprole,,0,0,0,0.9208851845524331,0.7081949623604853
Proteus_Mirabilis,Ceftolozane-Tazobactam,,0,0,0,0.9208851845524331,0.7081949623604853
Proteus_Mirabilis,Ceftriaxone,0.715527950310559,237,7,230,0.9208851845524331,0.7081949623604853
Proteus_Mirabilis,Cefuroxime,0.9013129573826948,294,92,202,0.9208851845524331,0.7081949623604853
Proteus_Mirabilis,Cefuroxime.1,,0,0,0,0.9208851845524331,0.7081949623604853
Proteus_Mirabilis,Chloramphenicol,0.5466531440162272,63,29,34,0.9208851845524331,0.7081949623604853
Proteus_Mirabilis,Ciprofloxacin,0.7465807962529274,472,122,350,0.9208851845524331,0.7081949623604853
Proteus_Mirabilis,Clarithromycin,,0,0,0,0.9208851845524331,0.7081949623604853
Proteus_Mirabilis,Clindamycin,,0,0,0,0.9208851845524331,0.7081949623604853
Proteus_Mirabilis,Clindamycin_induced,,0,0,0,0.9208851845524331,0.7081949623604853
Proteus_Mirabilis,Colistin,,413,413,0,0.9208851845524331,0.7081949623604853
Proteus_Mirabilis,Cotrimoxazol,0.5733333333333333,20,5,15,0.9208851845524331,0.7081949623604853
Proteus_Mirabilis,Cotrimoxazole,0.5808112652374946,217,61,156,0.9208851845524331,0.7081949623604853
Proteus_Mirabilis,Daptomycin,,0,0,0,0.9208851845524331,0.7081949623604853
Proteus_Mirabilis,Doxycycline,,0,0,0,0.9208851845524331,0.7081949623604853
Proteus_Mirabilis,Ertapenem,,435,0,435,0.9208851845524331,0.7081949623604853
Proteus_Mirabilis,Erythromycin,,0,0,0,0.9208851845524331,0.7081949623604853
Proteus_Mirabilis,Ethambutol_5mg-l,,0,0,0,0.9208851845524331,0.7081949623604853
Proteus_Mirabilis,Fluconazole,,0,0,0,0.9208851845524331,0.7081949623604853
Proteus_Mirabilis,Fosfomycin,0.6323426573426573,283,88,195,0.9208851845524331,0.7081949623604853
Proteus_Mirabilis,Fusidic acid,,0,0,0,0.9208851845524331,0.7081949623604853
Proteus_Mirabilis,Gentamicin,0.5667554203119056,294,55,239,0.9208851845524331,0.7081949623604853
Proteus_Mirabilis,Gentamicin_high_level,,0,0,0,0.9208851845524331,0.7081949623604853
Proteus_Mirabilis,Imipenem,0.9017986988136242,413,335,78,0.9208851845524331,0.7081949623604853
Proteus_Mirabilis,Isavuconazole,,0,0,0,0.9208851845524331,0.7081949623604853
Proteus_Mirabilis,Isoniazid_.1mg-l,,0,0,0,0.9208851845524331,0.7081949623604853
Proteus_Mirabilis,Isoniazid_.4mg-l,,0,0,0,0.9208851845524331,0.7081949623604853
Proteus_Mirabilis,Itraconazole,,0,0,0,0.9208851845524331,0.7081949623604853
Proteus_Mirabilis,Levofloxacin,0.7554772483529952,412,107,305,0.9208851845524331,0.7081949623604853
Proteus_Mirabilis,Linezolid,,0,0,0,0.9208851845524331,0.7081949623604853
Proteus_Mirabilis,MRSA,,0,0,0,0.9208851845524331,0.7081949623604853
Proteus_Mirabilis,Meropenem,,432,0,432,0.9208851845524331,0.7081949623604853
Proteus_Mirabilis,Meropenem-Vaborbactam,,0,0,0,0.9208851845524331,0.7081949623604853
Proteus_Mirabilis,Meropenem_with_meningitis,,0,0,0,0.9208851845524331,0.7081949623604853
Proteus_Mirabilis,Meropenem_with_pneumonia,,0,0,0,0.9208851845524331,0.7081949623604853
Proteus_Mirabilis,Meropenem_without_meningitis,,0,0,0,0.9208851845524331,0.7081949623604853
Proteus_Mirabilis,Metronidazole,,0,0,0,0.9208851845524331,0.7081949623604853
Proteus_Mirabilis,Micafungin,,0,0,0,0.9208851845524331,0.7081949623604853
Proteus_Mirabilis,Minocycline,,1,1,0,0.9208851845524331,0.7081949623604853
Proteus_Mirabilis,Moxifloxacin,,0,0,0,0.9208851845524331,0.7081949623604853
Proteus_Mirabilis,Mupirocin,,0,0,0,0.9208851845524331,0.7081949623604853
Proteus_Mirabilis,Nitrofurantoin,,282,282,0,0.9208851845524331,0.7081949623604853
Proteus_Mirabilis,Norfloxacin,0.6835585585585584,306,84,222,0.9208851845524331,0.7081949623604853
Proteus_Mirabilis,Novobiocin,,0,0,0,0.9208851845524331,0.7081949623604853
Proteus_Mirabilis,Ofloxacin,,0,0,0,0.9208851845524331,0.7081949623604853
Proteus_Mirabilis,Oxacillin,,0,0,0,0.9208851845524331,0.7081949623604853
Proteus_Mirabilis,Pefloxacin,,0,0,0,0.9208851845524331,0.7081949623604853
Proteus_Mirabilis,Penicillin,,0,0,0,0.9208851845524331,0.7081949623604853
Proteus_Mirabilis,Penicillin_with_endokarditis,,0,0,0,0.9208851845524331,0.7081949623604853
Proteus_Mirabilis,Penicillin_with_meningitis,,0,0,0,0.9208851845524331,0.7081949623604853
Proteus_Mirabilis,Penicillin_with_other_infections,,0,0,0,0.9208851845524331,0.7081949623604853
Proteus_Mirabilis,Penicillin_with_pneumonia,,0,0,0,0.9208851845524331,0.7081949623604853
Proteus_Mirabilis,Penicillin_without_endokarditis,,0,0,0,0.9208851845524331,0.7081949623604853
Proteus_Mirabilis,Penicillin_without_meningitis,,0,0,0,0.9208851845524331,0.7081949623604853
Proteus_Mirabilis,Piperacillin,0.5875735294117647,236,100,136,0.9208851845524331,0.7081949623604853
Proteus_Mirabilis,Piperacillin-Tazobactam,0.8364485981308412,215,1,214,0.9208851845524331,0.7081949623604853
Proteus_Mirabilis,Polymyxin B,,40,40,0,0.9208851845524331,0.7081949623604853
Proteus_Mirabilis,Posaconazole,,0,0,0,0.9208851845524331,0.7081949623604853
Proteus_Mirabilis,Pristinamycin,,0,0,0,0.9208851845524331,0.7081949623604853
Proteus_Mirabilis,Pyrazinamide,,0,0,0,0.9208851845524331,0.7081949623604853
Proteus_Mirabilis,Rifampicin,,0,0,0,0.9208851845524331,0.7081949623604853
Proteus_Mirabilis,Rifampicin_1mg-l,,0,0,0,0.9208851845524331,0.7081949623604853
Proteus_Mirabilis,Sparfloxacin,,0,0,0,0.9208851845524331,0.7081949623604853
Proteus_Mirabilis,Strepomycin_high_level,,0,0,0,0.9208851845524331,0.7081949623604853
Proteus_Mirabilis,Streptomycin,,0,0,0,0.9208851845524331,0.7081949623604853
Proteus_Mirabilis,Teicoplanin,,0,0,0,0.9208851845524331,0.7081949623604853
Proteus_Mirabilis,Teicoplanin_GRD,,0,0,0,0.9208851845524331,0.7081949623604853
Proteus_Mirabilis,Telithromycin,,0,0,0,0.9208851845524331,0.7081949623604853
Proteus_Mirabilis,Tetracycline,,1,1,0,0.9208851845524331,0.7081949623604853
Proteus_Mirabilis,Ticarcillin,0.5872697563874034,235,99,136,0.9208851845524331,0.7081949623604853
Proteus_Mirabilis,Ticarcillin-Clavulan acid,,0,0,0,0.9208851845524331,0.7081949623604853
Proteus_Mirabilis,Tigecycline,0.8169642857142857,225,224,1,0.9208851845524331,0.7081949623604853
Proteus_Mirabilis,Tobramycin,0.6809513606170988,411,52,359,0.9208851845524331,0.7081949623604853
Proteus_Mirabilis,Vancomycin,,0,0,0,0.9208851845524331,0.7081949623604853
Proteus_Mirabilis,Vancomycin_GRD,,0,0,0,0.9208851845524331,0.7081949623604853
Proteus_Mirabilis,Voriconazole,,0,0,0,0.9208851845524331,0.7081949623604853
Staphylococcus_Hominis,5-Fluorocytosine,,0,0,0,0.8769470321324692,0.7396458660589509
Staphylococcus_Hominis,Amikacin,1.0,3,1,2,0.8769470321324692,0.7396458660589509
Staphylococcus_Hominis,Amoxicillin,,0,0,0,0.8769470321324692,0.7396458660589509
Staphylococcus_Hominis,Amoxicillin-Clavulanic acid,0.7997709049255441,142,45,97,0.8769470321324692,0.7396458660589509
Staphylococcus_Hominis,Amoxicillin-Clavulanic acid_uncomplicated_HWI,,0,0,0,0.8769470321324692,0.7396458660589509
Staphylococcus_Hominis,Amphotericin B,,0,0,0,0.8769470321324692,0.7396458660589509
Staphylococcus_Hominis,Ampicillin,0.5,3,2,1,0.8769470321324692,0.7396458660589509
Staphylococcus_Hominis,Ampicillin-Sulbactam,,0,0,0,0.8769470321324692,0.7396458660589509
Staphylococcus_Hominis,Anidulafungin,,0,0,0,0.8769470321324692,0.7396458660589509
Staphylococcus_Hominis,Azithromycin,,0,0,0,0.8769470321324692,0.7396458660589509
Staphylococcus_Hominis,Aztreonam,,0,0,0,0.8769470321324692,0.7396458660589509
Staphylococcus_Hominis,Bacitracin,,0,0,0,0.8769470321324692,0.7396458660589509
Staphylococcus_Hominis,Benzylpenicillin,,8,8,0,0.8769470321324692,0.7396458660589509
Staphylococcus_Hominis,Benzylpenicillin_others,,0,0,0,0.8769470321324692,0.7396458660589509
Staphylococcus_Hominis,Benzylpenicillin_with_meningitis,,0,0,0,0.8769470321324692,0.7396458660589509
Staphylococcus_Hominis,Benzylpenicillin_with_pneumonia,,0,0,0,0.8769470321324692,0.7396458660589509
Staphylococcus_Hominis,Caspofungin,,0,0,0,0.8769470321324692,0.7396458660589509
Staphylococcus_Hominis,Cefalotin-Cefazolin,,0,0,0,0.8769470321324692,0.7396458660589509
Staphylococcus_Hominis,Cefazolin,0.8052434456928839,134,45,89,0.8769470321324692,0.7396458660589509
Staphylococcus_Hominis,Cefepime,0.7979381443298968,142,45,97,0.8769470321324692,0.7396458660589509
Staphylococcus_Hominis,Cefixime,,0,0,0,0.8769470321324692,0.7396458660589509
Staphylococcus_Hominis,Cefotaxime,,0,0,0,0.8769470321324692,0.7396458660589509
Staphylococcus_Hominis,Cefoxitin,,0,0,0,0.8769470321324692,0.7396458660589509
Staphylococcus_Hominis,Cefoxitin_screen,,1,0,1,0.8769470321324692,0.7396458660589509
Staphylococcus_Hominis,Cefpodoxime,,0,0,0,0.8769470321324692,0.7396458660589509
Staphylococcus_Hominis,Ceftarolin,,0,0,0,0.8769470321324692,0.7396458660589509
Staphylococcus_Hominis,Ceftazidime,,0,0,0,0.8769470321324692,0.7396458660589509
Staphylococcus_Hominis,Ceftazidime-Avibactam,,0,0,0,0.8769470321324692,0.7396458660589509
Staphylococcus_Hominis,Ceftobiprole,,0,0,0,0.8769470321324692,0.7396458660589509
Staphylococcus_Hominis,Ceftolozane-Tazobactam,,0,0,0,0.8769470321324692,0.7396458660589509
Staphylococcus_Hominis,Ceftriaxone,0.8032459425717853,134,45,89,0.8769470321324692,0.7396458660589509
Staphylococcus_Hominis,Cefuroxime,0.8044943820224719,134,45,89,0.8769470321324692,0.7396458660589509
Staphylococcus_Hominis,Cefuroxime.1,,0,0,0,0.8769470321324692,0.7396458660589509
Staphylococcus_Hominis,Chloramphenicol,,4,0,4,0.8769470321324692,0.7396458660589509
Staphylococcus_Hominis,Ciprofloxacin,0.8090909090909091,152,22,130,0.8769470321324692,0.7396458660589509
Staphylococcus_Hominis,Clarithromycin,,0,0,0,0.8769470321324692,0.7396458660589509
Staphylococcus_Hominis,Clindamycin,0.7779401022644267,148,37,111,0.8769470321324692,0.7396458660589509
Staphylococcus_Hominis,Clindamycin_induced,,0,0,0,0.8769470321324692,0.7396458660589509
Staphylococcus_Hominis,Colistin,,0,0,0,0.8769470321324692,0.7396458660589509
Staphylococcus_Hominis,Cotrimoxazol,0.8571428571428572,8,1,7,0.8769470321324692,0.7396458660589509
Staphylococcus_Hominis,Cotrimoxazole,0.4834558823529412,144,8,136,0.8769470321324692,0.7396458660589509
Staphylococcus_Hominis,Daptomycin,,154,0,154,0.8769470321324692,0.7396458660589509
Staphylococcus_Hominis,Doxycycline,,0,0,0,0.8769470321324692,0.7396458660589509
Staphylococcus_Hominis,Ertapenem,,0,0,0,0.8769470321324692,0.7396458660589509
Staphylococcus_Hominis,Erythromycin,0.6885560675883257,146,84,62,0.8769470321324692,0.7396458660589509
Staphylococcus_Hominis,Ethambutol_5mg-l,,0,0,0,0.8769470321324692,0.7396458660589509
Staphylococcus_Hominis,Fluconazole,,0,0,0,0.8769470321324692,0.7396458660589509
Staphylococcus_Hominis,Fosfomycin,0.5555555555555556,11,9,2,0.8769470321324692,0.7396458660589509
Staphylococcus_Hominis,Fusidic acid,0.5475563909774437,146,70,76,0.8769470321324692,0.7396458660589509
Staphylococcus_Hominis,Gentamicin,0.7190016103059582,147,9,138,0.8769470321324692,0.7396458660589509
Staphylococcus_Hominis,Gentamicin_high_level,,0,0,0,0.8769470321324692,0.7396458660589509
Staphylococcus_Hominis,Imipenem,0.8068820224719102,137,48,89,0.8769470321324692,0.7396458660589509
Staphylococcus_Hominis,Isavuconazole,,0,0,0,0.8769470321324692,0.7396458660589509
Staphylococcus_Hominis,Isoniazid_.1mg-l,,0,0,0,0.8769470321324692,0.7396458660589509
Staphylococcus_Hominis,Isoniazid_.4mg-l,,0,0,0,0.8769470321324692,0.7396458660589509
Staphylococcus_Hominis,Itraconazole,,0,0,0,0.8769470321324692,0.7396458660589509
Staphylococcus_Hominis,Levofloxacin,0.75,11,3,8,0.8769470321324692,0.7396458660589509
Staphylococcus_Hominis,Linezolid,,152,0,152,0.8769470321324692,0.7396458660589509
Staphylococcus_Hominis,MRSA,,0,0,0,0.8769470321324692,0.7396458660589509
Staphylococcus_Hominis,Meropenem,0.80374531835206,134,45,89,0.8769470321324692,0.7396458660589509
Staphylococcus_Hominis,Meropenem-Vaborbactam,,0,0,0,0.8769470321324692,0.7396458660589509
Staphylococcus_Hominis,Meropenem_with_meningitis,,0,0,0,0.8769470321324692,0.7396458660589509
Staphylococcus_Hominis,Meropenem_with_pneumonia,,0,0,0,0.8769470321324692,0.7396458660589509
Staphylococcus_Hominis,Meropenem_without_meningitis,,0,0,0,0.8769470321324692,0.7396458660589509
Staphylococcus_Hominis,Metronidazole,,0,0,0,0.8769470321324692,0.7396458660589509
Staphylococcus_Hominis,Micafungin,,0,0,0,0.8769470321324692,0.7396458660589509
Staphylococcus_Hominis,Minocycline,,3,0,3,0.8769470321324692,0.7396458660589509
Staphylococcus_Hominis,Moxifloxacin,,1,1,0,0.8769470321324692,0.7396458660589509
Staphylococcus_Hominis,Mupirocin,0.4090909090909091,13,2,11,0.8769470321324692,0.7396458660589509
Staphylococcus_Hominis,Nitrofurantoin,,0,0,0,0.8769470321324692,0.7396458660589509
Staphylococcus_Hominis,Norfloxacin,,0,0,0,0.8769470321324692,0.7396458660589509
Staphylococcus_Hominis,Novobiocin,,0,0,0,0.8769470321324692,0.7396458660589509
Staphylococcus_Hominis,Ofloxacin,,0,0,0,0.8769470321324692,0.7396458660589509
Staphylococcus_Hominis,Oxacillin,0.8078786602064462,148,47,101,0.8769470321324692,0.7396458660589509
Staphylococcus_Hominis,Pefloxacin,,0,0,0,0.8769470321324692,0.7396458660589509
Staphylococcus_Hominis,Penicillin,,142,142,0,0.8769470321324692,0.7396458660589509
Staphylococcus_Hominis,Penicillin_with_endokarditis,,0,0,0,0.8769470321324692,0.7396458660589509
Staphylococcus_Hominis,Penicillin_with_meningitis,,0,0,0,0.8769470321324692,0.7396458660589509
Staphylococcus_Hominis,Penicillin_with_other_infections,,0,0,0,0.8769470321324692,0.7396458660589509
Staphylococcus_Hominis,Penicillin_with_pneumonia,,0,0,0,0.8769470321324692,0.7396458660589509
Staphylococcus_Hominis,Penicillin_without_endokarditis,,0,0,0,0.8769470321324692,0.7396458660589509
Staphylococcus_Hominis,Penicillin_without_meningitis,,0,0,0,0.8769470321324692,0.7396458660589509
Staphylococcus_Hominis,Piperacillin,,0,0,0,0.8769470321324692,0.7396458660589509
Staphylococcus_Hominis,Piperacillin-Tazobactam,0.8024968789013732,134,45,89,0.8769470321324692,0.7396458660589509
Staphylococcus_Hominis,Polymyxin B,,0,0,0,0.8769470321324692,0.7396458660589509
Staphylococcus_Hominis,Posaconazole,,0,0,0,0.8769470321324692,0.7396458660589509
Staphylococcus_Hominis,Pristinamycin,,3,0,3,0.8769470321324692,0.7396458660589509
Staphylococcus_Hominis,Pyrazinamide,,0,0,0,0.8769470321324692,0.7396458660589509
Staphylococcus_Hominis,Rifampicin,0.8079470198675497,152,1,151,0.8769470321324692,0.7396458660589509
Staphylococcus_Hominis,Rifampicin_1mg-l,,0,0,0,0.8769470321324692,0.7396458660589509
Staphylococcus_Hominis,Sparfloxacin,,0,0,0,0.8769470321324692,0.7396458660589509
Staphylococcus_Hominis,Strepomycin_high_level,,0,0,0,0.8769470321324692,0.7396458660589509
Staphylococcus_Hominis,Streptomycin,,0,0,0,0.8769470321324692,0.7396458660589509
Staphylococcus_Hominis,Teicoplanin,0.7692307692307692,14,1,13,0.8769470321324692,0.7396458660589509
Staphylococcus_Hominis,Teicoplanin_GRD,,0,0,0,0.8769470321324692,0.7396458660589509
Staphylococcus_Hominis,Telithromycin,,0,0,0,0.8769470321324692,0.7396458660589509
Staphylococcus_Hominis,Tetracycline,0.5848828785317557,142,41,101,0.8769470321324692,0.7396458660589509
Staphylococcus_Hominis,Ticarcillin,,0,0,0,0.8769470321324692,0.7396458660589509
Staphylococcus_Hominis,Ticarcillin-Clavulan acid,,0,0,0,0.8769470321324692,0.7396458660589509
Staphylococcus_Hominis,Tigecycline,,149,0,149,0.8769470321324692,0.7396458660589509
Staphylococcus_Hominis,Tobramycin,1.0,3,1,2,0.8769470321324692,0.7396458660589509
Staphylococcus_Hominis,Vancomycin,,155,0,155,0.8769470321324692,0.7396458660589509
Staphylococcus_Hominis,Vancomycin_GRD,,0,0,0,0.8769470321324692,0.7396458660589509
Staphylococcus_Hominis,Voriconazole,,0,0,0,0.8769470321324692,0.7396458660589509
Serratia_Marcescens,5-Fluorocytosine,,0,0,0,0.9747403121857952,0.6867760733375161
Serratia_Marcescens,Amikacin,0.8826549594463874,240,89,151,0.9747403121857952,0.6867760733375161
Serratia_Marcescens,Amoxicillin,,0,0,0,0.9747403121857952,0.6867760733375161
Serratia_Marcescens,Amoxicillin-Clavulanic acid,,191,191,0,0.9747403121857952,0.6867760733375161
Serratia_Marcescens,Amoxicillin-Clavulanic acid_uncomplicated_HWI,,0,0,0,0.9747403121857952,0.6867760733375161
Serratia_Marcescens,Amphotericin B,,0,0,0,0.9747403121857952,0.6867760733375161
Serratia_Marcescens,Ampicillin,,83,83,0,0.9747403121857952,0.6867760733375161
Serratia_Marcescens,Ampicillin-Sulbactam,,0,0,0,0.9747403121857952,0.6867760733375161
Serratia_Marcescens,Anidulafungin,,0,0,0,0.9747403121857952,0.6867760733375161
Serratia_Marcescens,Azithromycin,,0,0,0,0.9747403121857952,0.6867760733375161
Serratia_Marcescens,Aztreonam,0.3230769230769231,57,5,52,0.9747403121857952,0.6867760733375161
Serratia_Marcescens,Bacitracin,,0,0,0,0.9747403121857952,0.6867760733375161
Serratia_Marcescens,Benzylpenicillin,,0,0,0,0.9747403121857952,0.6867760733375161
Serratia_Marcescens,Benzylpenicillin_others,,0,0,0,0.9747403121857952,0.6867760733375161
Serratia_Marcescens,Benzylpenicillin_with_meningitis,,0,0,0,0.9747403121857952,0.6867760733375161
Serratia_Marcescens,Benzylpenicillin_with_pneumonia,,0,0,0,0.9747403121857952,0.6867760733375161
Serratia_Marcescens,Caspofungin,,0,0,0,0.9747403121857952,0.6867760733375161
Serratia_Marcescens,Cefalotin-Cefazolin,,0,0,0,0.9747403121857952,0.6867760733375161
Serratia_Marcescens,Cefazolin,,0,0,0,0.9747403121857952,0.6867760733375161
Serratia_Marcescens,Cefepime,0.7458677685950413,244,2,242,0.9747403121857952,0.6867760733375161
Serratia_Marcescens,Cefixime,0.6444444444444445,44,9,35,0.9747403121857952,0.6867760733375161
Serratia_Marcescens,Cefotaxime,0.425,44,4,40,0.9747403121857952,0.6867760733375161
Serratia_Marcescens,Cefoxitin,,64,64,0,0.9747403121857952,0.6867760733375161
Serratia_Marcescens,Cefoxitin_screen,,0,0,0,0.9747403121857952,0.6867760733375161
Serratia_Marcescens,Cefpodoxime,,23,23,0,0.9747403121857952,0.6867760733375161
Serratia_Marcescens,Ceftarolin,,0,0,0,0.9747403121857952,0.6867760733375161
Serratia_Marcescens,Ceftazidime,0.7372458764863828,248,11,237,0.9747403121857952,0.6867760733375161
Serratia_Marcescens,Ceftazidime-Avibactam,,0,0,0,0.9747403121857952,0.6867760733375161
Serratia_Marcescens,Ceftobiprole,,0,0,0,0.9747403121857952,0.6867760733375161
Serratia_Marcescens,Ceftolozane-Tazobactam,,0,0,0,0.9747403121857952,0.6867760733375161
Serratia_Marcescens,Ceftriaxone,0.7969858156028369,194,6,188,0.9747403121857952,0.6867760733375161
Serratia_Marcescens,Cefuroxime,,83,83,0,0.9747403121857952,0.6867760733375161
Serratia_Marcescens,Cefuroxime.1,,0,0,0,0.9747403121857952,0.6867760733375161
Serratia_Marcescens,Chloramphenicol,0.6148148148148148,33,15,18,0.9747403121857952,0.6867760733375161
Serratia_Marcescens,Ciprofloxacin,0.7622549019607843,250,12,238,0.9747403121857952,0.6867760733375161
Serratia_Marcescens,Clarithromycin,,0,0,0,0.9747403121857952,0.6867760733375161
Serratia_Marcescens,Clindamycin,,0,0,0,0.9747403121857952,0.6867760733375161
Serratia_Marcescens,Clindamycin_induced,,0,0,0,0.9747403121857952,0.6867760733375161
Serratia_Marcescens,Colistin,,225,225,0,0.9747403121857952,0.6867760733375161
Serratia_Marcescens,Cotrimoxazol,,7,0,7,0.9747403121857952,0.6867760733375161
Serratia_Marcescens,Cotrimoxazole,0.921195652173913,186,2,184,0.9747403121857952,0.6867760733375161
Serratia_Marcescens,Daptomycin,,0,0,0,0.9747403121857952,0.6867760733375161
Serratia_Marcescens,Doxycycline,,0,0,0,0.9747403121857952,0.6867760733375161
Serratia_Marcescens,Ertapenem,0.5956521739130435,231,1,230,0.9747403121857952,0.6867760733375161
Serratia_Marcescens,Erythromycin,,0,0,0,0.9747403121857952,0.6867760733375161
Serratia_Marcescens,Ethambutol_5mg-l,,0,0,0,0.9747403121857952,0.6867760733375161
Serratia_Marcescens,Fluconazole,,0,0,0,0.9747403121857952,0.6867760733375161
Serratia_Marcescens,Fosfomycin,0.6242424242424242,71,11,60,0.9747403121857952,0.6867760733375161
Serratia_Marcescens,Fusidic acid,,0,0,0,0.9747403121857952,0.6867760733375161
Serratia_Marcescens,Gentamicin,0.7345679012345678,83,2,81,0.9747403121857952,0.6867760733375161
Serratia_Marcescens,Gentamicin_high_level,,0,0,0,0.9747403121857952,0.6867760733375161
Serratia_Marcescens,Imipenem,0.6945606694560669,240,1,239,0.9747403121857952,0.6867760733375161
Serratia_Marcescens,Isavuconazole,,0,0,0,0.9747403121857952,0.6867760733375161
Serratia_Marcescens,Isoniazid_.1mg-l,,0,0,0,0.9747403121857952,0.6867760733375161
Serratia_Marcescens,Isoniazid_.4mg-l,,0,0,0,0.9747403121857952,0.6867760733375161
Serratia_Marcescens,Itraconazole,,0,0,0,0.9747403121857952,0.6867760733375161
Serratia_Marcescens,Levofloxacin,0.8155038759689922,224,9,215,0.9747403121857952,0.6867760733375161
Serratia_Marcescens,Linezolid,,0,0,0,0.9747403121857952,0.6867760733375161
Serratia_Marcescens,MRSA,,0,0,0,0.9747403121857952,0.6867760733375161
Serratia_Marcescens,Meropenem,,230,0,230,0.9747403121857952,0.6867760733375161
Serratia_Marcescens,Meropenem-Vaborbactam,,0,0,0,0.9747403121857952,0.6867760733375161
Serratia_Marcescens,Meropenem_with_meningitis,,0,0,0,0.9747403121857952,0.6867760733375161
Serratia_Marcescens,Meropenem_with_pneumonia,,0,0,0,0.9747403121857952,0.6867760733375161
Serratia_Marcescens,Meropenem_without_meningitis,,0,0,0,0.9747403121857952,0.6867760733375161
Serratia_Marcescens,Metronidazole,,0,0,0,0.9747403121857952,0.6867760733375161
Serratia_Marcescens,Micafungin,,0,0,0,0.9747403121857952,0.6867760733375161
Serratia_Marcescens,Minocycline,,0,0,0,0.9747403121857952,0.6867760733375161
Serratia_Marcescens,Moxifloxacin,,0,0,0,0.9747403121857952,0.6867760733375161
Serratia_Marcescens,Mupirocin,,0,0,0,0.9747403121857952,0.6867760733375161
Serratia_Marcescens,Nitrofurantoin,,71,71,0,0.9747403121857952,0.6867760733375161
Serratia_Marcescens,Norfloxacin,0.7228260869565217,54,8,46,0.9747403121857952,0.6867760733375161
Serratia_Marcescens,Novobiocin,,0,0,0,0.9747403121857952,0.6867760733375161
Serratia_Marcescens,Ofloxacin,,0,0,0,0.9747403121857952,0.6867760733375161
Serratia_Marcescens,Oxacillin,,0,0,0,0.9747403121857952,0.6867760733375161
Serratia_Marcescens,Pefloxacin,,0,0,0,0.9747403121857952,0.6867760733375161
Serratia_Marcescens,Penicillin,,0,0,0,0.9747403121857952,0.6867760733375161
Serratia_Marcescens,Penicillin_with_endokarditis,,0,0,0,0.9747403121857952,0.6867760733375161
Serratia_Marcescens,Penicillin_with_meningitis,,0,0,0,0.9747403121857952,0.6867760733375161
Serratia_Marcescens,Penicillin_with_other_infections,,0,0,0,0.9747403121857952,0.6867760733375161
Serratia_Marcescens,Penicillin_with_pneumonia,,0,0,0,0.9747403121857952,0.6867760733375161
Serratia_Marcescens,Penicillin_without_endokarditis,,0,0,0,0.9747403121857952,0.6867760733375161
Serratia_Marcescens,Penicillin_without_meningitis,,0,0,0,0.9747403121857952,0.6867760733375161
Serratia_Marcescens,Piperacillin,0.435,45,5,40,0.9747403121857952,0.6867760733375161
Serratia_Marcescens,Piperacillin-Tazobactam,0.6824175824175824,187,5,182,0.9747403121857952,0.6867760733375161
Serratia_Marcescens,Polymyxin B,,19,19,0,0.9747403121857952,0.6867760733375161
Serratia_Marcescens,Posaconazole,,0,0,0,0.9747403121857952,0.6867760733375161
Serratia_Marcescens,Pristinamycin,,0,0,0,0.9747403121857952,0.6867760733375161
Serratia_Marcescens,Pyrazinamide,,0,0,0,0.9747403121857952,0.6867760733375161
Serratia_Marcescens,Rifampicin,,0,0,0,0.9747403121857952,0.6867760733375161
Serratia_Marcescens,Rifampicin_1mg-l,,0,0,0,0.9747403121857952,0.6867760733375161
Serratia_Marcescens,Sparfloxacin,,0,0,0,0.9747403121857952,0.6867760733375161
Serratia_Marcescens,Strepomycin_high_level,,0,0,0,0.9747403121857952,0.6867760733375161
Serratia_Marcescens,Streptomycin,,0,0,0,0.9747403121857952,0.6867760733375161
Serratia_Marcescens,Teicoplanin,,0,0,0,0.9747403121857952,0.6867760733375161
Serratia_Marcescens,Teicoplanin_GRD,,0,0,0,0.9747403121857952,0.6867760733375161
Serratia_Marcescens,Telithromycin,,0,0,0,0.9747403121857952,0.6867760733375161
Serratia_Marcescens,Tetracycline,,0,0,0,0.9747403121857952,0.6867760733375161
Serratia_Marcescens,Ticarcillin,0.6812499999999999,44,4,40,0.9747403121857952,0.6867760733375161
Serratia_Marcescens,Ticarcillin-Clavulan acid,,0,0,0,0.9747403121857952,0.6867760733375161
Serratia_Marcescens,Tigecycline,,2,0,2,0.9747403121857952,0.6867760733375161
Serratia_Marcescens,Tobramycin,0.895959595959596,222,90,132,0.9747403121857952,0.6867760733375161
Serratia_Marcescens,Vancomycin,,0,0,0,0.9747403121857952,0.6867760733375161
Serratia_Marcescens,Vancomycin_GRD,,0,0,0,0.9747403121857952,0.6867760733375161
Serratia_Marcescens,Voriconazole,,0,0,0,0.9747403121857952,0.6867760733375161
Staphylococcus_Capitis,5-Fluorocytosine,,0,0,0,0.9399934756350234,0.7899362501926727
Staphylococcus_Capitis,Amikacin,,5,0,5,0.9399934756350234,0.7899362501926727
Staphylococcus_Capitis,Amoxicillin,,0,0,0,0.9399934756350234,0.7899362501926727
Staphylococcus_Capitis,Amoxicillin-Clavulanic acid,0.9288135593220339,69,10,59,0.9399934756350234,0.7899362501926727
Staphylococcus_Capitis,Amoxicillin-Clavulanic acid_uncomplicated_HWI,,0,0,0,0.9399934756350234,0.7899362501926727
Staphylococcus_Capitis,Amphotericin B,,0,0,0,0.9399934756350234,0.7899362501926727
Staphylococcus_Capitis,Ampicillin,0.4,6,1,5,0.9399934756350234,0.7899362501926727
Staphylococcus_Capitis,Ampicillin-Sulbactam,,0,0,0,0.9399934756350234,0.7899362501926727
Staphylococcus_Capitis,Anidulafungin,,0,0,0,0.9399934756350234,0.7899362501926727
Staphylococcus_Capitis,Azithromycin,,0,0,0,0.9399934756350234,0.7899362501926727
Staphylococcus_Capitis,Aztreonam,,0,0,0,0.9399934756350234,0.7899362501926727
Staphylococcus_Capitis,Bacitracin,,0,0,0,0.9399934756350234,0.7899362501926727
Staphylococcus_Capitis,Benzylpenicillin,,7,7,0,0.9399934756350234,0.7899362501926727
Staphylococcus_Capitis,Benzylpenicillin_others,,0,0,0,0.9399934756350234,0.7899362501926727
Staphylococcus_Capitis,Benzylpenicillin_with_meningitis,,0,0,0,0.9399934756350234,0.7899362501926727
Staphylococcus_Capitis,Benzylpenicillin_with_pneumonia,,0,0,0,0.9399934756350234,0.7899362501926727
Staphylococcus_Capitis,Caspofungin,,0,0,0,0.9399934756350234,0.7899362501926727
Staphylococcus_Capitis,Cefalotin-Cefazolin,,0,0,0,0.9399934756350234,0.7899362501926727
Staphylococcus_Capitis,Cefazolin,0.9392156862745098,61,10,51,0.9399934756350234,0.7899362501926727
Staphylococcus_Capitis,Cefepime,0.9327586206896552,68,10,58,0.9399934756350234,0.7899362501926727
Staphylococcus_Capitis,Cefixime,,0,0,0,0.9399934756350234,0.7899362501926727
Staphylococcus_Capitis,Cefotaxime,,0,0,0,0.9399934756350234,0.7899362501926727
Staphylococcus_Capitis,Cefoxitin,,0,0,0,0.9399934756350234,0.7899362501926727
Staphylococcus_Capitis,Cefoxitin_screen,,0,0,0,0.9399934756350234,0.7899362501926727
Staphylococcus_Capitis,Cefpodoxime,,0,0,0,0.9399934756350234,0.7899362501926727
Staphylococcus_Capitis,Ceftarolin,,0,0,0,0.9399934756350234,0.7899362501926727
Staphylococcus_Capitis,Ceftazidime,,0,0,0,0.9399934756350234,0.7899362501926727
Staphylococcus_Capitis,Ceftazidime-Avibactam,,0,0,0,0.9399934756350234,0.7899362501926727
Staphylococcus_Capitis,Ceftobiprole,,0,0,0,0.9399934756350234,0.7899362501926727
Staphylococcus_Capitis,Ceftolozane-Tazobactam,,0,0,0,0.9399934756350234,0.7899362501926727
Staphylococcus_Capitis,Ceftriaxone,0.9313725490196078,61,10,51,0.9399934756350234,0.7899362501926727
Staphylococcus_Capitis,Cefuroxime,0.9333333333333333,61,10,51,0.9399934756350234,0.7899362501926727
Staphylococcus_Capitis,Cefuroxime.1,,0,0,0,0.9399934756350234,0.7899362501926727
Staphylococcus_Capitis,Chloramphenicol,,5,0,5,0.9399934756350234,0.7899362501926727
Staphylococcus_Capitis,Ciprofloxacin,0.7582582582582582,83,9,74,0.9399934756350234,0.7899362501926727
Staphylococcus_Capitis,Clarithromycin,,1,0,1,0.9399934756350234,0.7899362501926727
Staphylococcus_Capitis,Clindamycin,0.7329749103942651,71,9,62,0.9399934756350234,0.7899362501926727
Staphylococcus_Capitis,Clindamycin_induced,,0,0,0,0.9399934756350234,0.7899362501926727
Staphylococcus_Capitis,Colistin,,0,0,0,0.9399934756350234,0.7899362501926727
Staphylococcus_Capitis,Cotrimoxazol,,7,0,7,0.9399934756350234,0.7899362501926727
Staphylococcus_Capitis,Cotrimoxazole,0.6553030303030303,70,4,66,0.9399934756350234,0.7899362501926727
Staphylococcus_Capitis,Daptomycin,0.9624999999999999,82,2,80,0.9399934756350234,0.7899362501926727
Staphylococcus_Capitis,Doxycycline,,1,0,1,0.9399934756350234,0.7899362501926727
Staphylococcus_Capitis,Ertapenem,,0,0,0,0.9399934756350234,0.7899362501926727
Staphylococcus_Capitis,Erythromycin,0.7891791044776119,75,8,67,0.9399934756350234,0.7899362501926727
Staphylococcus_Capitis,Ethambutol_5mg-l,,0,0,0,0.9399934756350234,0.7899362501926727
Staphylococcus_Capitis,Fluconazole,,0,0,0,0.9399934756350234,0.7899362501926727
Staphylococcus_Capitis,Fosfomycin,0.65,12,10,2,0.9399934756350234,0.7899362501926727
Staphylococcus_Capitis,Fusidic acid,0.9565807327001357,78,11,67,0.9399934756350234,0.7899362501926727
Staphylococcus_Capitis,Gentamicin,0.955223880597015,71,4,67,0.9399934756350234,0.7899362501926727
Staphylococcus_Capitis,Gentamicin_high_level,,0,0,0,0.9399934756350234,0.7899362501926727
Staphylococcus_Capitis,Imipenem,0.8771241830065359,66,15,51,0.9399934756350234,0.7899362501926727
Staphylococcus_Capitis,Isavuconazole,,0,0,0,0.9399934756350234,0.7899362501926727
Staphylococcus_Capitis,Isoniazid_.1mg-l,,0,0,0,0.9399934756350234,0.7899362501926727
Staphylococcus_Capitis,Isoniazid_.4mg-l,,0,0,0,0.9399934756350234,0.7899362501926727
Staphylococcus_Capitis,Itraconazole,,0,0,0,0.9399934756350234,0.7899362501926727
Staphylococcus_Capitis,Levofloxacin,0.48571428571428577,12,5,7,0.9399934756350234,0.7899362501926727
Staphylococcus_Capitis,Linezolid,,70,0,70,0.9399934756350234,0.7899362501926727
Staphylococcus_Capitis,MRSA,,0,0,0,0.9399934756350234,0.7899362501926727
Staphylococcus_Capitis,Meropenem,0.9294117647058823,61,10,51,0.9399934756350234,0.7899362501926727
Staphylococcus_Capitis,Meropenem-Vaborbactam,,0,0,0,0.9399934756350234,0.7899362501926727
Staphylococcus_Capitis,Meropenem_with_meningitis,,0,0,0,0.9399934756350234,0.7899362501926727
Staphylococcus_Capitis,Meropenem_with_pneumonia,,0,0,0,0.9399934756350234,0.7899362501926727
Staphylococcus_Capitis,Meropenem_without_meningitis,,0,0,0,0.9399934756350234,0.7899362501926727
Staphylococcus_Capitis,Metronidazole,,0,0,0,0.9399934756350234,0.7899362501926727
Staphylococcus_Capitis,Micafungin,,0,0,0,0.9399934756350234,0.7899362501926727
Staphylococcus_Capitis,Minocycline,,5,0,5,0.9399934756350234,0.7899362501926727
Staphylococcus_Capitis,Moxifloxacin,,0,0,0,0.9399934756350234,0.7899362501926727
Staphylococcus_Capitis,Mupirocin,,14,0,14,0.9399934756350234,0.7899362501926727
Staphylococcus_Capitis,Nitrofurantoin,,0,0,0,0.9399934756350234,0.7899362501926727
Staphylococcus_Capitis,Norfloxacin,,0,0,0,0.9399934756350234,0.7899362501926727
Staphylococcus_Capitis,Novobiocin,,0,0,0,0.9399934756350234,0.7899362501926727
Staphylococcus_Capitis,Ofloxacin,,0,0,0,0.9399934756350234,0.7899362501926727
Staphylococcus_Capitis,Oxacillin,0.9377934272300469,83,12,71,0.9399934756350234,0.7899362501926727
Staphylococcus_Capitis,Pefloxacin,,0,0,0,0.9399934756350234,0.7899362501926727
Staphylococcus_Capitis,Penicillin,0.29310344827586204,59,58,1,0.9399934756350234,0.7899362501926727
Staphylococcus_Capitis,Penicillin_with_endokarditis,,0,0,0,0.9399934756350234,0.7899362501926727
Staphylococcus_Capitis,Penicillin_with_meningitis,,0,0,0,0.9399934756350234,0.7899362501926727
Staphylococcus_Capitis,Penicillin_with_other_infections,,0,0,0,0.9399934756350234,0.7899362501926727
Staphylococcus_Capitis,Penicillin_with_pneumonia,,0,0,0,0.9399934756350234,0.7899362501926727
Staphylococcus_Capitis,Penicillin_without_endokarditis,,0,0,0,0.9399934756350234,0.7899362501926727
Staphylococcus_Capitis,Penicillin_without_meningitis,,0,0,0,0.9399934756350234,0.7899362501926727
Staphylococcus_Capitis,Piperacillin,,0,0,0,0.9399934756350234,0.7899362501926727
Staphylococcus_Capitis,Piperacillin-Tazobactam,0.9333333333333333,61,10,51,0.9399934756350234,0.7899362501926727
Staphylococcus_Capitis,Polymyxin B,,0,0,0,0.9399934756350234,0.7899362501926727
Staphylococcus_Capitis,Posaconazole,,0,0,0,0.9399934756350234,0.7899362501926727
Staphylococcus_Capitis,Pristinamycin,,5,0,5,0.9399934756350234,0.7899362501926727
Staphylococcus_Capitis,Pyrazinamide,,0,0,0,0.9399934756350234,0.7899362501926727
Staphylococcus_Capitis,Rifampicin,0.935064935064935,78,1,77,0.9399934756350234,0.7899362501926727
Staphylococcus_Capitis,Rifampicin_1mg-l,,0,0,0,0.9399934756350234,0.7899362501926727
Staphylococcus_Capitis,Sparfloxacin,,0,0,0,0.9399934756350234,0.7899362501926727
Staphylococcus_Capitis,Strepomycin_high_level,,0,0,0,0.9399934756350234,0.7899362501926727
Staphylococcus_Capitis,Streptomycin,,0,0,0,0.9399934756350234,0.7899362501926727
Staphylococcus_Capitis,Teicoplanin,,70,0,70,0.9399934756350234,0.7899362501926727
Staphylococcus_Capitis,Teicoplanin_GRD,,0,0,0,0.9399934756350234,0.7899362501926727
Staphylococcus_Capitis,Telithromycin,,0,0,0,0.9399934756350234,0.7899362501926727
Staphylococcus_Capitis,Tetracycline,0.46153846153846156,70,5,65,0.9399934756350234,0.7899362501926727
Staphylococcus_Capitis,Ticarcillin,,0,0,0,0.9399934756350234,0.7899362501926727
Staphylococcus_Capitis,Ticarcillin-Clavulan acid,,0,0,0,0.9399934756350234,0.7899362501926727
Staphylococcus_Capitis,Tigecycline,,68,0,68,0.9399934756350234,0.7899362501926727
Staphylococcus_Capitis,Tobramycin,,5,0,5,0.9399934756350234,0.7899362501926727
Staphylococcus_Capitis,Vancomycin,,83,0,83,0.9399934756350234,0.7899362501926727
Staphylococcus_Capitis,Vancomycin_GRD,,0,0,0,0.9399934756350234,0.7899362501926727
Staphylococcus_Capitis,Voriconazole,,0,0,0,0.9399934756350234,0.7899362501926727
Enterococcus_Faecium,5-Fluorocytosine,,0,0,0,0.9777677004643666,0.7734892515816043
Enterococcus_Faecium,Amikacin,,69,69,0,0.9777677004643666,0.7734892515816043
Enterococcus_Faecium,Amoxicillin,1.0,21,13,8,0.9777677004643666,0.7734892515816043
Enterococcus_Faecium,Amoxicillin-Clavulanic acid,0.8833333333333334,23,20,3,0.9777677004643666,0.7734892515816043
Enterococcus_Faecium,Amoxicillin-Clavulanic acid_uncomplicated_HWI,,0,0,0,0.9777677004643666,0.7734892515816043
Enterococcus_Faecium,Amphotericin B,,0,0,0,0.9777677004643666,0.7734892515816043
Enterococcus_Faecium,Ampicillin,0.8993617021276596,213,188,25,0.9777677004643666,0.7734892515816043
Enterococcus_Faecium,Ampicillin-Sulbactam,,0,0,0,0.9777677004643666,0.7734892515816043
Enterococcus_Faecium,Anidulafungin,,0,0,0,0.9777677004643666,0.7734892515816043
Enterococcus_Faecium,Azithromycin,,0,0,0,0.9777677004643666,0.7734892515816043
Enterococcus_Faecium,Aztreonam,,0,0,0,0.9777677004643666,0.7734892515816043
Enterococcus_Faecium,Bacitracin,,3,3,0,0.9777677004643666,0.7734892515816043
Enterococcus_Faecium,Benzylpenicillin,,0,0,0,0.9777677004643666,0.7734892515816043
Enterococcus_Faecium,Benzylpenicillin_others,,0,0,0,0.9777677004643666,0.7734892515816043
Enterococcus_Faecium,Benzylpenicillin_with_meningitis,,0,0,0,0.9777677004643666,0.7734892515816043
Enterococcus_Faecium,Benzylpenicillin_with_pneumonia,,0,0,0,0.9777677004643666,0.7734892515816043
Enterococcus_Faecium,Caspofungin,,0,0,0,0.9777677004643666,0.7734892515816043
Enterococcus_Faecium,Cefalotin-Cefazolin,,0,0,0,0.9777677004643666,0.7734892515816043
Enterococcus_Faecium,Cefazolin,,0,0,0,0.9777677004643666,0.7734892515816043
Enterococcus_Faecium,Cefepime,,0,0,0,0.9777677004643666,0.7734892515816043
Enterococcus_Faecium,Cefixime,,0,0,0,0.9777677004643666,0.7734892515816043
Enterococcus_Faecium,Cefotaxime,,1,1,0,0.9777677004643666,0.7734892515816043
Enterococcus_Faecium,Cefoxitin,,0,0,0,0.9777677004643666,0.7734892515816043
Enterococcus_Faecium,Cefoxitin_screen,,0,0,0,0.9777677004643666,0.7734892515816043
Enterococcus_Faecium,Cefpodoxime,,0,0,0,0.9777677004643666,0.7734892515816043
Enterococcus_Faecium,Ceftarolin,,0,0,0,0.9777677004643666,0.7734892515816043
Enterococcus_Faecium,Ceftazidime,,0,0,0,0.9777677004643666,0.7734892515816043
Enterococcus_Faecium,Ceftazidime-Avibactam,,0,0,0,0.9777677004643666,0.7734892515816043
Enterococcus_Faecium,Ceftobiprole,,0,0,0,0.9777677004643666,0.7734892515816043
Enterococcus_Faecium,Ceftolozane-Tazobactam,,0,0,0,0.9777677004643666,0.7734892515816043
Enterococcus_Faecium,Ceftriaxone,,0,0,0,0.9777677004643666,0.7734892515816043
Enterococcus_Faecium,Cefuroxime,,1,1,0,0.9777677004643666,0.7734892515816043
Enterococcus_Faecium,Cefuroxime.1,,0,0,0,0.9777677004643666,0.7734892515816043
Enterococcus_Faecium,Chloramphenicol,0.43999999999999995,76,1,75,0.9777677004643666,0.7734892515816043
Enterococcus_Faecium,Ciprofloxacin,0.9114959114959116,200,189,11,0.9777677004643666,0.7734892515816043
Enterococcus_Faecium,Clarithromycin,,0,0,0,0.9777677004643666,0.7734892515816043
Enterococcus_Faecium,Clindamycin,,18,18,0,0.9777677004643666,0.7734892515816043
Enterococcus_Faecium,Clindamycin_induced,,0,0,0,0.9777677004643666,0.7734892515816043
Enterococcus_Faecium,Colistin,,0,0,0,0.9777677004643666,0.7734892515816043
Enterococcus_Faecium,Cotrimoxazol,,0,0,0,0.9777677004643666,0.7734892515816043
Enterococcus_Faecium,Cotrimoxazole,0.5714285714285714,8,7,1,0.9777677004643666,0.7734892515816043
Enterococcus_Faecium,Daptomycin,0.6542028985507247,245,15,230,0.9777677004643666,0.7734892515816043
Enterococcus_Faecium,Doxycycline,,1,0,1,0.9777677004643666,0.7734892515816043
Enterococcus_Faecium,Ertapenem,,0,0,0,0.9777677004643666,0.7734892515816043
Enterococcus_Faecium,Erythromycin,,192,192,0,0.9777677004643666,0.7734892515816043
Enterococcus_Faecium,Ethambutol_5mg-l,,0,0,0,0.9777677004643666,0.7734892515816043
Enterococcus_Faecium,Fluconazole,,0,0,0,0.9777677004643666,0.7734892515816043
Enterococcus_Faecium,Fosfomycin,0.6638483965014578,133,35,98,0.9777677004643666,0.7734892515816043
Enterococcus_Faecium,Fusidic acid,,2,2,0,0.9777677004643666,0.7734892515816043
Enterococcus_Faecium,Gentamicin,0.970873786407767,208,206,2,0.9777677004643666,0.7734892515816043
Enterococcus_Faecium,Gentamicin_high_level,0.774468085106383,67,20,47,0.9777677004643666,0.7734892515816043
Enterococcus_Faecium,Imipenem,0.8744658119658121,250,234,16,0.9777677004643666,0.7734892515816043
Enterococcus_Faecium,Isavuconazole,,0,0,0,0.9777677004643666,0.7734892515816043
Enterococcus_Faecium,Isoniazid_.1mg-l,,0,0,0,0.9777677004643666,0.7734892515816043
Enterococcus_Faecium,Isoniazid_.4mg-l,,0,0,0,0.9777677004643666,0.7734892515816043
Enterococcus_Faecium,Itraconazole,,0,0,0,0.9777677004643666,0.7734892515816043
Enterococcus_Faecium,Levofloxacin,0.8895135135135135,420,370,50,0.9777677004643666,0.7734892515816043
Enterococcus_Faecium,Linezolid,0.7505910165484634,427,4,423,0.9777677004643666,0.7734892515816043
Enterococcus_Faecium,MRSA,,0,0,0,0.9777677004643666,0.7734892515816043
Enterococcus_Faecium,Meropenem,,0,0,0,0.9777677004643666,0.7734892515816043
Enterococcus_Faecium,Meropenem-Vaborbactam,,0,0,0,0.9777677004643666,0.7734892515816043
Enterococcus_Faecium,Meropenem_with_meningitis,,0,0,0,0.9777677004643666,0.7734892515816043
Enterococcus_Faecium,Meropenem_with_pneumonia,,0,0,0,0.9777677004643666,0.7734892515816043
Enterococcus_Faecium,Meropenem_without_meningitis,,0,0,0,0.9777677004643666,0.7734892515816043
Enterococcus_Faecium,Metronidazole,,0,0,0,0.9777677004643666,0.7734892515816043
Enterococcus_Faecium,Micafungin,,0,0,0,0.9777677004643666,0.7734892515816043
Enterococcus_Faecium,Minocycline,0.8739770867430441,190,47,143,0.9777677004643666,0.7734892515816043
Enterococcus_Faecium,Moxifloxacin,,2,2,0,0.9777677004643666,0.7734892515816043
Enterococcus_Faecium,Mupirocin,,13,0,13,0.9777677004643666,0.7734892515816043
Enterococcus_Faecium,Nitrofurantoin,0.7608695652173912,151,105,46,0.9777677004643666,0.7734892515816043
Enterococcus_Faecium,Norfloxacin,,114,114,0,0.9777677004643666,0.7734892515816043
Enterococcus_Faecium,Novobiocin,,0,0,0,0.9777677004643666,0.7734892515816043
Enterococcus_Faecium,Ofloxacin,,0,0,0,0.9777677004643666,0.7734892515816043
Enterococcus_Faecium,Oxacillin,,13,13,0,0.9777677004643666,0.7734892515816043
Enterococcus_Faecium,Pefloxacin,,0,0,0,0.9777677004643666,0.7734892515816043
Enterococcus_Faecium,Penicillin,0.9160427807486632,192,170,22,0.9777677004643666,0.7734892515816043
Enterococcus_Faecium,Penicillin_with_endokarditis,,0,0,0,0.9777677004643666,0.7734892515816043
Enterococcus_Faecium,Penicillin_with_meningitis,,0,0,0,0.9777677004643666,0.7734892515816043
Enterococcus_Faecium,Penicillin_with_other_infections,,0,0,0,0.9777677004643666,0.7734892515816043
Enterococcus_Faecium,Penicillin_with_pneumonia,,0,0,0,0.9777677004643666,0.7734892515816043
Enterococcus_Faecium,Penicillin_without_endokarditis,,0,0,0,0.9777677004643666,0.7734892515816043
Enterococcus_Faecium,Penicillin_without_meningitis,,0,0,0,0.9777677004643666,0.7734892515816043
Enterococcus_Faecium,Piperacillin,,0,0,0,0.9777677004643666,0.7734892515816043
Enterococcus_Faecium,Piperacillin-Tazobactam,0.7,22,20,2,0.9777677004643666,0.7734892515816043
Enterococcus_Faecium,Polymyxin B,,0,0,0,0.9777677004643666,0.7734892515816043
Enterococcus_Faecium,Posaconazole,,0,0,0,0.9777677004643666,0.7734892515816043
Enterococcus_Faecium,Pristinamycin,0.7272129710780018,191,28,163,0.9777677004643666,0.7734892515816043
Enterococcus_Faecium,Pyrazinamide,,0,0,0,0.9777677004643666,0.7734892515816043
Enterococcus_Faecium,Rifampicin,,0,0,0,0.9777677004643666,0.7734892515816043
Enterococcus_Faecium,Rifampicin_1mg-l,,0,0,0,0.9777677004643666,0.7734892515816043
Enterococcus_Faecium,Sparfloxacin,,0,0,0,0.9777677004643666,0.7734892515816043
Enterococcus_Faecium,Strepomycin_high_level,0.3333333333333333,4,3,1,0.9777677004643666,0.7734892515816043
Enterococcus_Faecium,Streptomycin,,0,0,0,0.9777677004643666,0.7734892515816043
Enterococcus_Faecium,Teicoplanin,0.9518759114410711,416,19,397,0.9777677004643666,0.7734892515816043
Enterococcus_Faecium,Teicoplanin_GRD,,0,0,0,0.9777677004643666,0.7734892515816043
Enterococcus_Faecium,Telithromycin,,0,0,0,0.9777677004643666,0.7734892515816043
Enterococcus_Faecium,Tetracycline,0.8266066990176353,190,71,119,0.9777677004643666,0.7734892515816043
Enterococcus_Faecium,Ticarcillin,,0,0,0,0.9777677004643666,0.7734892515816043
Enterococcus_Faecium,Ticarcillin-Clavulan acid,,0,0,0,0.9777677004643666,0.7734892515816043
Enterococcus_Faecium,Tigecycline,0.47787610619469023,227,1,226,0.9777677004643666,0.7734892515816043
Enterococcus_Faecium,Tobramycin,,191,191,0,0.9777677004643666,0.7734892515816043
Enterococcus_Faecium,Vancomycin,0.9388753056234719,443,34,409,0.9777677004643666,0.7734892515816043
Enterococcus_Faecium,Vancomycin_GRD,,0,0,0,0.9777677004643666,0.7734892515816043
Enterococcus_Faecium,Voriconazole,,0,0,0,0.9777677004643666,0.7734892515816043
Klebsiella_Oxytoca,5-Fluorocytosine,,0,0,0,0.9580131277731504,0.7098559614520842
Klebsiella_Oxytoca,Amikacin,,238,0,238,0.9580131277731504,0.7098559614520842
Klebsiella_Oxytoca,Amoxicillin,,0,0,0,0.9580131277731504,0.7098559614520842
Klebsiella_Oxytoca,Amoxicillin-Clavulanic acid,0.5780254777070064,173,16,157,0.9580131277731504,0.7098559614520842
Klebsiella_Oxytoca,Amoxicillin-Clavulanic acid_uncomplicated_HWI,,0,0,0,0.9580131277731504,0.7098559614520842
Klebsiella_Oxytoca,Amphotericin B,,0,0,0,0.9580131277731504,0.7098559614520842
Klebsiella_Oxytoca,Ampicillin,,106,106,0,0.9580131277731504,0.7098559614520842
Klebsiella_Oxytoca,Ampicillin-Sulbactam,,0,0,0,0.9580131277731504,0.7098559614520842
Klebsiella_Oxytoca,Anidulafungin,,0,0,0,0.9580131277731504,0.7098559614520842
Klebsiella_Oxytoca,Azithromycin,,0,0,0,0.9580131277731504,0.7098559614520842
Klebsiella_Oxytoca,Aztreonam,0.593162393162393,74,9,65,0.9580131277731504,0.7098559614520842
Klebsiella_Oxytoca,Bacitracin,,0,0,0,0.9580131277731504,0.7098559614520842
Klebsiella_Oxytoca,Benzylpenicillin,,0,0,0,0.9580131277731504,0.7098559614520842
Klebsiella_Oxytoca,Benzylpenicillin_others,,0,0,0,0.9580131277731504,0.7098559614520842
Klebsiella_Oxytoca,Benzylpenicillin_with_meningitis,,0,0,0,0.9580131277731504,0.7098559614520842
Klebsiella_Oxytoca,Benzylpenicillin_with_pneumonia,,0,0,0,0.9580131277731504,0.7098559614520842
Klebsiella_Oxytoca,Caspofungin,,0,0,0,0.9580131277731504,0.7098559614520842
Klebsiella_Oxytoca,Cefalotin-Cefazolin,,0,0,0,0.9580131277731504,0.7098559614520842
Klebsiella_Oxytoca,Cefazolin,,0,0,0,0.9580131277731504,0.7098559614520842
Klebsiella_Oxytoca,Cefepime,0.7375886524822695,238,3,235,0.9580131277731504,0.7098559614520842
Klebsiella_Oxytoca,Cefixime,0.6807511737089202,74,3,71,0.9580131277731504,0.7098559614520842
Klebsiella_Oxytoca,Cefotaxime,0.8472222222222222,74,2,72,0.9580131277731504,0.7098559614520842
Klebsiella_Oxytoca,Cefoxitin,0.75,9,1,8,0.9580131277731504,0.7098559614520842
Klebsiella_Oxytoca,Cefoxitin_screen,,0,0,0,0.9580131277731504,0.7098559614520842
Klebsiella_Oxytoca,Cefpodoxime,0.8278688524590164,63,2,61,0.9580131277731504,0.7098559614520842
Klebsiella_Oxytoca,Ceftarolin,,0,0,0,0.9580131277731504,0.7098559614520842
Klebsiella_Oxytoca,Ceftazidime,0.9282786885245902,246,2,244,0.9580131277731504,0.7098559614520842
Klebsiella_Oxytoca,Ceftazidime-Avibactam,,0,0,0,0.9580131277731504,0.7098559614520842
Klebsiella_Oxytoca,Ceftobiprole,,0,0,0,0.9580131277731504,0.7098559614520842
Klebsiella_Oxytoca,Ceftolozane-Tazobactam,,0,0,0,0.9580131277731504,0.7098559614520842
Klebsiella_Oxytoca,Ceftriaxone,0.585297418630752,173,11,162,0.9580131277731504,0.7098559614520842
Klebsiella_Oxytoca,Cefuroxime,0.6401500938086303,106,41,65,0.9580131277731504,0.7098559614520842
Klebsiella_Oxytoca,Cefuroxime.1,,0,0,0,0.9580131277731504,0.7098559614520842
Klebsiella_Oxytoca,Chloramphenicol,0.967741935483871,32,1,31,0.9580131277731504,0.7098559614520842
Klebsiella_Oxytoca,Ciprofloxacin,0.8537190082644629,247,5,242,0.9580131277731504,0.7098559614520842
Klebsiella_Oxytoca,Clarithromycin,,0,0,0,0.9580131277731504,0.7098559614520842
Klebsiella_Oxytoca,Clindamycin,,1,1,0,0.9580131277731504,0.7098559614520842
Klebsiella_Oxytoca,Clindamycin_induced,,0,0,0,0.9580131277731504,0.7098559614520842
Klebsiella_Oxytoca,Colistin,0.3661971830985915,214,1,213,0.9580131277731504,0.7098559614520842
Klebsiella_Oxytoca,Cotrimoxazol,,9,0,9,0.9580131277731504,0.7098559614520842
Klebsiella_Oxytoca,Cotrimoxazole,0.2416666666666666,163,3,160,0.9580131277731504,0.7098559614520842
Klebsiella_Oxytoca,Daptomycin,,0,0,0,0.9580131277731504,0.7098559614520842
Klebsiella_Oxytoca,Doxycycline,,0,0,0,0.9580131277731504,0.7098559614520842
Klebsiella_Oxytoca,Ertapenem,,224,0,224,0.9580131277731504,0.7098559614520842
Klebsiella_Oxytoca,Erythromycin,,0,0,0,0.9580131277731504,0.7098559614520842
Klebsiella_Oxytoca,Ethambutol_5mg-l,,0,0,0,0.9580131277731504,0.7098559614520842
Klebsiella_Oxytoca,Fluconazole,,0,0,0,0.9580131277731504,0.7098559614520842
Klebsiella_Oxytoca,Fosfomycin,0.5052051439069198,94,23,71,0.9580131277731504,0.7098559614520842
Klebsiella_Oxytoca,Fusidic acid,,0,0,0,0.9580131277731504,0.7098559614520842
Klebsiella_Oxytoca,Gentamicin,1.0,107,2,105,0.9580131277731504,0.7098559614520842
Klebsiella_Oxytoca,Gentamicin_high_level,,0,0,0,0.9580131277731504,0.7098559614520842
Klebsiella_Oxytoca,Imipenem,,238,0,238,0.9580131277731504,0.7098559614520842
Klebsiella_Oxytoca,Isavuconazole,,0,0,0,0.9580131277731504,0.7098559614520842
Klebsiella_Oxytoca,Isoniazid_.1mg-l,,0,0,0,0.9580131277731504,0.7098559614520842
Klebsiella_Oxytoca,Isoniazid_.4mg-l,,0,0,0,0.9580131277731504,0.7098559614520842
Klebsiella_Oxytoca,Itraconazole,,0,0,0,0.9580131277731504,0.7098559614520842
Klebsiella_Oxytoca,Levofloxacin,0.9067930489731437,214,3,211,0.9580131277731504,0.7098559614520842
Klebsiella_Oxytoca,Linezolid,,0,0,0,0.9580131277731504,0.7098559614520842
Klebsiella_Oxytoca,MRSA,,0,0,0,0.9580131277731504,0.7098559614520842
Klebsiella_Oxytoca,Meropenem,,224,0,224,0.9580131277731504,0.7098559614520842
Klebsiella_Oxytoca,Meropenem-Vaborbactam,,0,0,0,0.9580131277731504,0.7098559614520842
Klebsiella_Oxytoca,Meropenem_with_meningitis,,0,0,0,0.9580131277731504,0.7098559614520842
Klebsiella_Oxytoca,Meropenem_with_pneumonia,,0,0,0,0.9580131277731504,0.7098559614520842
Klebsiella_Oxytoca,Meropenem_without_meningitis,,0,0,0,0.9580131277731504,0.7098559614520842
Klebsiella_Oxytoca,Metronidazole,,0,0,0,0.9580131277731504,0.7098559614520842
Klebsiella_Oxytoca,Micafungin,,0,0,0,0.9580131277731504,0.7098559614520842
Klebsiella_Oxytoca,Minocycline,,0,0,0,0.9580131277731504,0.7098559614520842
Klebsiella_Oxytoca,Moxifloxacin,,1,0,1,0.9580131277731504,0.7098559614520842
Klebsiella_Oxytoca,Mupirocin,,0,0,0,0.9580131277731504,0.7098559614520842
Klebsiella_Oxytoca,Nitrofurantoin,0.8194444444444444,62,8,54,0.9580131277731504,0.7098559614520842
Klebsiella_Oxytoca,Norfloxacin,0.8135245901639344,126,4,122,0.9580131277731504,0.7098559614520842
Klebsiella_Oxytoca,Novobiocin,,0,0,0,0.9580131277731504,0.7098559614520842
Klebsiella_Oxytoca,Ofloxacin,,0,0,0,0.9580131277731504,0.7098559614520842
Klebsiella_Oxytoca,Oxacillin,,0,0,0,0.9580131277731504,0.7098559614520842
Klebsiella_Oxytoca,Pefloxacin,,0,0,0,0.9580131277731504,0.7098559614520842
Klebsiella_Oxytoca,Penicillin,,0,0,0,0.9580131277731504,0.7098559614520842
Klebsiella_Oxytoca,Penicillin_with_endokarditis,,0,0,0,0.9580131277731504,0.7098559614520842
Klebsiella_Oxytoca,Penicillin_with_meningitis,,0,0,0,0.9580131277731504,0.7098559614520842
Klebsiella_Oxytoca,Penicillin_with_other_infections,,0,0,0,0.9580131277731504,0.7098559614520842
Klebsiella_Oxytoca,Penicillin_with_pneumonia,,0,0,0,0.9580131277731504,0.7098559614520842
Klebsiella_Oxytoca,Penicillin_without_endokarditis,,0,0,0,0.9580131277731504,0.7098559614520842
Klebsiella_Oxytoca,Penicillin_without_meningitis,,0,0,0,0.9580131277731504,0.7098559614520842
Klebsiella_Oxytoca,Piperacillin,0.4507042253521127,72,71,1,0.9580131277731504,0.7098559614520842
Klebsiella_Oxytoca,Piperacillin-Tazobactam,0.523489932885906,164,15,149,0.9580131277731504,0.7098559614520842
Klebsiella_Oxytoca,Polymyxin B,,23,0,23,0.9580131277731504,0.7098559614520842
Klebsiella_Oxytoca,Posaconazole,,0,0,0,0.9580131277731504,0.7098559614520842
Klebsiella_Oxytoca,Pristinamycin,,0,0,0,0.9580131277731504,0.7098559614520842
Klebsiella_Oxytoca,Pyrazinamide,,0,0,0,0.9580131277731504,0.7098559614520842
Klebsiella_Oxytoca,Rifampicin,,0,0,0,0.9580131277731504,0.7098559614520842
Klebsiella_Oxytoca,Rifampicin_1mg-l,,0,0,0,0.9580131277731504,0.7098559614520842
Klebsiella_Oxytoca,Sparfloxacin,,0,0,0,0.9580131277731504,0.7098559614520842
Klebsiella_Oxytoca,Strepomycin_high_level,,0,0,0,0.9580131277731504,0.7098559614520842
Klebsiella_Oxytoca,Streptomycin,,0,0,0,0.9580131277731504,0.7098559614520842
Klebsiella_Oxytoca,Teicoplanin,,0,0,0,0.9580131277731504,0.7098559614520842
Klebsiella_Oxytoca,Teicoplanin_GRD,,0,0,0,0.9580131277731504,0.7098559614520842
Klebsiella_Oxytoca,Telithromycin,,0,0,0,0.9580131277731504,0.7098559614520842
Klebsiella_Oxytoca,Tetracycline,,0,0,0,0.9580131277731504,0.7098559614520842
Klebsiella_Oxytoca,Ticarcillin,,74,74,0,0.9580131277731504,0.7098559614520842
Klebsiella_Oxytoca,Ticarcillin-Clavulan acid,,0,0,0,0.9580131277731504,0.7098559614520842
Klebsiella_Oxytoca,Tigecycline,,73,0,73,0.9580131277731504,0.7098559614520842
Klebsiella_Oxytoca,Tobramycin,1.0,215,1,214,0.9580131277731504,0.7098559614520842
Klebsiella_Oxytoca,Vancomycin,,0,0,0,0.9580131277731504,0.7098559614520842
Klebsiella_Oxytoca,Vancomycin_GRD,,0,0,0,0.9580131277731504,0.7098559614520842
Klebsiella_Oxytoca,Voriconazole,,0,0,0,0.9580131277731504,0.7098559614520842
Klebsiella_Variicola,5-Fluorocytosine,,0,0,0,0.9883133376567229,0.8431997205714223
Klebsiella_Variicola,Amikacin,0.9545454545454546,133,1,132,0.9883133376567229,0.8431997205714223
Klebsiella_Variicola,Amoxicillin,,0,0,0,0.9883133376567229,0.8431997205714223
Klebsiella_Variicola,Amoxicillin-Clavulanic acid,0.6694915254237288,119,1,118,0.9883133376567229,0.8431997205714223
Klebsiella_Variicola,Amoxicillin-Clavulanic acid_uncomplicated_HWI,,0,0,0,0.9883133376567229,0.8431997205714223
Klebsiella_Variicola,Amphotericin B,,0,0,0,0.9883133376567229,0.8431997205714223
Klebsiella_Variicola,Ampicillin,,27,27,0,0.9883133376567229,0.8431997205714223
Klebsiella_Variicola,Ampicillin-Sulbactam,,0,0,0,0.9883133376567229,0.8431997205714223
Klebsiella_Variicola,Anidulafungin,,0,0,0,0.9883133376567229,0.8431997205714223
Klebsiella_Variicola,Azithromycin,,0,0,0,0.9883133376567229,0.8431997205714223
Klebsiella_Variicola,Aztreonam,,14,0,14,0.9883133376567229,0.8431997205714223
Klebsiella_Variicola,Bacitracin,,0,0,0,0.9883133376567229,0.8431997205714223
Klebsiella_Variicola,Benzylpenicillin,,0,0,0,0.9883133376567229,0.8431997205714223
Klebsiella_Variicola,Benzylpenicillin_others,,0,0,0,0.9883133376567229,0.8431997205714223
Klebsiella_Variicola,Benzylpenicillin_with_meningitis,,0,0,0,0.9883133376567229,0.8431997205714223
Klebsiella_Variicola,Benzylpenicillin_with_pneumonia,,0,0,0,0.9883133376567229,0.8431997205714223
Klebsiella_Variicola,Caspofungin,,0,0,0,0.9883133376567229,0.8431997205714223
Klebsiella_Variicola,Cefalotin-Cefazolin,,0,0,0,0.9883133376567229,0.8431997205714223
Klebsiella_Variicola,Cefazolin,,0,0,0,0.9883133376567229,0.8431997205714223
Klebsiella_Variicola,Cefepime,,133,0,133,0.9883133376567229,0.8431997205714223
Klebsiella_Variicola,Cefixime,,14,0,14,0.9883133376567229,0.8431997205714223
Klebsiella_Variicola,Cefotaxime,,14,0,14,0.9883133376567229,0.8431997205714223
Klebsiella_Variicola,Cefoxitin,,13,0,13,0.9883133376567229,0.8431997205714223
Klebsiella_Variicola,Cefoxitin_screen,,0,0,0,0.9883133376567229,0.8431997205714223
Klebsiella_Variicola,Cefpodoxime,,64,0,64,0.9883133376567229,0.8431997205714223
Klebsiella_Variicola,Ceftarolin,,0,0,0,0.9883133376567229,0.8431997205714223
Klebsiella_Variicola,Ceftazidime,,133,0,133,0.9883133376567229,0.8431997205714223
Klebsiella_Variicola,Ceftazidime-Avibactam,,0,0,0,0.9883133376567229,0.8431997205714223
Klebsiella_Variicola,Ceftobiprole,,0,0,0,0.9883133376567229,0.8431997205714223
Klebsiella_Variicola,Ceftolozane-Tazobactam,,0,0,0,0.9883133376567229,0.8431997205714223
Klebsiella_Variicola,Ceftriaxone,,119,0,119,0.9883133376567229,0.8431997205714223
Klebsiella_Variicola,Cefuroxime,0.9230769230769231,27,1,26,0.9883133376567229,0.8431997205714223
Klebsiella_Variicola,Cefuroxime.1,,0,0,0,0.9883133376567229,0.8431997205714223
Klebsiella_Variicola,Chloramphenicol,,1,0,1,0.9883133376567229,0.8431997205714223
Klebsiella_Variicola,Ciprofloxacin,0.9618320610687023,133,2,131,0.9883133376567229,0.8431997205714223
Klebsiella_Variicola,Clarithromycin,,0,0,0,0.9883133376567229,0.8431997205714223
Klebsiella_Variicola,Clindamycin,,0,0,0,0.9883133376567229,0.8431997205714223
Klebsiella_Variicola,Clindamycin_induced,,0,0,0,0.9883133376567229,0.8431997205714223
Klebsiella_Variicola,Colistin,,120,0,120,0.9883133376567229,0.8431997205714223
Klebsiella_Variicola,Cotrimoxazol,,13,0,13,0.9883133376567229,0.8431997205714223
Klebsiella_Variicola,Cotrimoxazole,0.8990384615384616,106,2,104,0.9883133376567229,0.8431997205714223
Klebsiella_Variicola,Daptomycin,,0,0,0,0.9883133376567229,0.8431997205714223
Klebsiella_Variicola,Doxycycline,,0,0,0,0.9883133376567229,0.8431997205714223
Klebsiella_Variicola,Ertapenem,,133,0,133,0.9883133376567229,0.8431997205714223
Klebsiella_Variicola,Erythromycin,,0,0,0,0.9883133376567229,0.8431997205714223
Klebsiella_Variicola,Ethambutol_5mg-l,,0,0,0,0.9883133376567229,0.8431997205714223
Klebsiella_Variicola,Fluconazole,,0,0,0,0.9883133376567229,0.8431997205714223
Klebsiella_Variicola,Fosfomycin,0.6190476190476191,26,5,21,0.9883133376567229,0.8431997205714223
Klebsiella_Variicola,Fusidic acid,,0,0,0,0.9883133376567229,0.8431997205714223
Klebsiella_Variicola,Gentamicin,,27,0,27,0.9883133376567229,0.8431997205714223
Klebsiella_Variicola,Gentamicin_high_level,,0,0,0,0.9883133376567229,0.8431997205714223
Klebsiella_Variicola,Imipenem,,133,0,133,0.9883133376567229,0.8431997205714223
Klebsiella_Variicola,Isavuconazole,,0,0,0,0.9883133376567229,0.8431997205714223
Klebsiella_Variicola,Isoniazid_.1mg-l,,0,0,0,0.9883133376567229,0.8431997205714223
Klebsiella_Variicola,Isoniazid_.4mg-l,,0,0,0,0.9883133376567229,0.8431997205714223
Klebsiella_Variicola,Itraconazole,,0,0,0,0.9883133376567229,0.8431997205714223
Klebsiella_Variicola,Levofloxacin,,120,0,120,0.9883133376567229,0.8431997205714223
Klebsiella_Variicola,Linezolid,,0,0,0,0.9883133376567229,0.8431997205714223
Klebsiella_Variicola,MRSA,,0,0,0,0.9883133376567229,0.8431997205714223
Klebsiella_Variicola,Meropenem,,133,0,133,0.9883133376567229,0.8431997205714223
Klebsiella_Variicola,Meropenem-Vaborbactam,,0,0,0,0.9883133376567229,0.8431997205714223
Klebsiella_Variicola,Meropenem_with_meningitis,,0,0,0,0.9883133376567229,0.8431997205714223
Klebsiella_Variicola,Meropenem_with_pneumonia,,0,0,0,0.9883133376567229,0.8431997205714223
Klebsiella_Variicola,Meropenem_without_meningitis,,0,0,0,0.9883133376567229,0.8431997205714223
Klebsiella_Variicola,Metronidazole,,0,0,0,0.9883133376567229,0.8431997205714223
Klebsiella_Variicola,Micafungin,,0,0,0,0.9883133376567229,0.8431997205714223
Klebsiella_Variicola,Minocycline,,0,0,0,0.9883133376567229,0.8431997205714223
Klebsiella_Variicola,Moxifloxacin,,0,0,0,0.9883133376567229,0.8431997205714223
Klebsiella_Variicola,Mupirocin,,0,0,0,0.9883133376567229,0.8431997205714223
Klebsiella_Variicola,Nitrofurantoin,0.6153846153846154,14,13,1,0.9883133376567229,0.8431997205714223
Klebsiella_Variicola,Norfloxacin,0.9715909090909092,90,2,88,0.9883133376567229,0.8431997205714223
Klebsiella_Variicola,Novobiocin,,0,0,0,0.9883133376567229,0.8431997205714223
Klebsiella_Variicola,Ofloxacin,,0,0,0,0.9883133376567229,0.8431997205714223
Klebsiella_Variicola,Oxacillin,,0,0,0,0.9883133376567229,0.8431997205714223
Klebsiella_Variicola,Pefloxacin,,0,0,0,0.9883133376567229,0.8431997205714223
Klebsiella_Variicola,Penicillin,,0,0,0,0.9883133376567229,0.8431997205714223
Klebsiella_Variicola,Penicillin_with_endokarditis,,0,0,0,0.9883133376567229,0.8431997205714223
Klebsiella_Variicola,Penicillin_with_meningitis,,0,0,0,0.9883133376567229,0.8431997205714223
Klebsiella_Variicola,Penicillin_with_other_infections,,0,0,0,0.9883133376567229,0.8431997205714223
Klebsiella_Variicola,Penicillin_with_pneumonia,,0,0,0,0.9883133376567229,0.8431997205714223
Klebsiella_Variicola,Penicillin_without_endokarditis,,0,0,0,0.9883133376567229,0.8431997205714223
Klebsiella_Variicola,Penicillin_without_meningitis,,0,0,0,0.9883133376567229,0.8431997205714223
Klebsiella_Variicola,Piperacillin,,3,3,0,0.9883133376567229,0.8431997205714223
Klebsiella_Variicola,Piperacillin-Tazobactam,,118,0,118,0.9883133376567229,0.8431997205714223
Klebsiella_Variicola,Polymyxin B,,0,0,0,0.9883133376567229,0.8431997205714223
Klebsiella_Variicola,Posaconazole,,0,0,0,0.9883133376567229,0.8431997205714223
Klebsiella_Variicola,Pristinamycin,,0,0,0,0.9883133376567229,0.8431997205714223
Klebsiella_Variicola,Pyrazinamide,,0,0,0,0.9883133376567229,0.8431997205714223
Klebsiella_Variicola,Rifampicin,,0,0,0,0.9883133376567229,0.8431997205714223
Klebsiella_Variicola,Rifampicin_1mg-l,,0,0,0,0.9883133376567229,0.8431997205714223
Klebsiella_Variicola,Sparfloxacin,,0,0,0,0.9883133376567229,0.8431997205714223
Klebsiella_Variicola,Strepomycin_high_level,,0,0,0,0.9883133376567229,0.8431997205714223
Klebsiella_Variicola,Streptomycin,,0,0,0,0.9883133376567229,0.8431997205714223
Klebsiella_Variicola,Teicoplanin,,0,0,0,0.9883133376567229,0.8431997205714223
Klebsiella_Variicola,Teicoplanin_GRD,,0,0,0,0.9883133376567229,0.8431997205714223
Klebsiella_Variicola,Telithromycin,,0,0,0,0.9883133376567229,0.8431997205714223
Klebsiella_Variicola,Tetracycline,,0,0,0,0.9883133376567229,0.8431997205714223
Klebsiella_Variicola,Ticarcillin,,14,14,0,0.9883133376567229,0.8431997205714223
Klebsiella_Variicola,Ticarcillin-Clavulan acid,,0,0,0,0.9883133376567229,0.8431997205714223
Klebsiella_Variicola,Tigecycline,,14,0,14,0.9883133376567229,0.8431997205714223
Klebsiella_Variicola,Tobramycin,0.9747899159663865,120,1,119,0.9883133376567229,0.8431997205714223
Klebsiella_Variicola,Vancomycin,,0,0,0,0.9883133376567229,0.8431997205714223
Klebsiella_Variicola,Vancomycin_GRD,,0,0,0,0.9883133376567229,0.8431997205714223
Klebsiella_Variicola,Voriconazole,,0,0,0,0.9883133376567229,0.8431997205714223
Citrobacter_Koseri,5-Fluorocytosine,,0,0,0,0.9487764563449919,0.5375369589343338
Citrobacter_Koseri,Amikacin,0.33333333333333337,160,1,159,0.9487764563449919,0.5375369589343338
Citrobacter_Koseri,Amoxicillin,,0,0,0,0.9487764563449919,0.5375369589343338
Citrobacter_Koseri,Amoxicillin-Clavulanic acid,0.6023706896551724,124,8,116,0.9487764563449919,0.5375369589343338
Citrobacter_Koseri,Amoxicillin-Clavulanic acid_uncomplicated_HWI,,0,0,0,0.9487764563449919,0.5375369589343338
Citrobacter_Koseri,Amphotericin B,,0,0,0,0.9487764563449919,0.5375369589343338
Citrobacter_Koseri,Ampicillin,,72,72,0,0.9487764563449919,0.5375369589343338
Citrobacter_Koseri,Ampicillin-Sulbactam,,0,0,0,0.9487764563449919,0.5375369589343338
Citrobacter_Koseri,Anidulafungin,,0,0,0,0.9487764563449919,0.5375369589343338
Citrobacter_Koseri,Azithromycin,,0,0,0,0.9487764563449919,0.5375369589343338
Citrobacter_Koseri,Aztreonam,,43,0,43,0.9487764563449919,0.5375369589343338
Citrobacter_Koseri,Bacitracin,,0,0,0,0.9487764563449919,0.5375369589343338
Citrobacter_Koseri,Benzylpenicillin,,0,0,0,0.9487764563449919,0.5375369589343338
Citrobacter_Koseri,Benzylpenicillin_others,,0,0,0,0.9487764563449919,0.5375369589343338
Citrobacter_Koseri,Benzylpenicillin_with_meningitis,,0,0,0,0.9487764563449919,0.5375369589343338
Citrobacter_Koseri,Benzylpenicillin_with_pneumonia,,0,0,0,0.9487764563449919,0.5375369589343338
Citrobacter_Koseri,Caspofungin,,0,0,0,0.9487764563449919,0.5375369589343338
Citrobacter_Koseri,Cefalotin-Cefazolin,,0,0,0,0.9487764563449919,0.5375369589343338
Citrobacter_Koseri,Cefazolin,,0,0,0,0.9487764563449919,0.5375369589343338
Citrobacter_Koseri,Cefepime,0.569620253164557,160,2,158,0.9487764563449919,0.5375369589343338
Citrobacter_Koseri,Cefixime,0.7619047619047619,43,1,42,0.9487764563449919,0.5375369589343338
Citrobacter_Koseri,Cefotaxime,0.8333333333333334,43,1,42,0.9487764563449919,0.5375369589343338
Citrobacter_Koseri,Cefoxitin,0.125,9,1,8,0.9487764563449919,0.5375369589343338
Citrobacter_Koseri,Cefoxitin_screen,,0,0,0,0.9487764563449919,0.5375369589343338
Citrobacter_Koseri,Cefpodoxime,0.4967532467532467,67,11,56,0.9487764563449919,0.5375369589343338
Citrobacter_Koseri,Ceftarolin,,0,0,0,0.9487764563449919,0.5375369589343338
Citrobacter_Koseri,Ceftazidime,0.748015873015873,171,3,168,0.9487764563449919,0.5375369589343338
Citrobacter_Koseri,Ceftazidime-Avibactam,,0,0,0,0.9487764563449919,0.5375369589343338
Citrobacter_Koseri,Ceftobiprole,,0,0,0,0.9487764563449919,0.5375369589343338
Citrobacter_Koseri,Ceftolozane-Tazobactam,,0,0,0,0.9487764563449919,0.5375369589343338
Citrobacter_Koseri,Ceftriaxone,0.753968253968254,128,2,126,0.9487764563449919,0.5375369589343338
Citrobacter_Koseri,Cefuroxime,0.42391304347826086,31,8,23,0.9487764563449919,0.5375369589343338
Citrobacter_Koseri,Cefuroxime.1,,0,0,0,0.9487764563449919,0.5375369589343338
Citrobacter_Koseri,Chloramphenicol,,7,0,7,0.9487764563449919,0.5375369589343338
Citrobacter_Koseri,Ciprofloxacin,0.44082840236686394,171,2,169,0.9487764563449919,0.5375369589343338
Citrobacter_Koseri,Clarithromycin,,0,0,0,0.9487764563449919,0.5375369589343338
Citrobacter_Koseri,Clindamycin,,0,0,0,0.9487764563449919,0.5375369589343338
Citrobacter_Koseri,Clindamycin_induced,,0,0,0,0.9487764563449919,0.5375369589343338
Citrobacter_Koseri,Colistin,,142,0,142,0.9487764563449919,0.5375369589343338
Citrobacter_Koseri,Cotrimoxazol,,8,0,8,0.9487764563449919,0.5375369589343338
Citrobacter_Koseri,Cotrimoxazole,,120,0,120,0.9487764563449919,0.5375369589343338
Citrobacter_Koseri,Daptomycin,,0,0,0,0.9487764563449919,0.5375369589343338
Citrobacter_Koseri,Doxycycline,,0,0,0,0.9487764563449919,0.5375369589343338
Citrobacter_Koseri,Ertapenem,,150,0,150,0.9487764563449919,0.5375369589343338
Citrobacter_Koseri,Erythromycin,,0,0,0,0.9487764563449919,0.5375369589343338
Citrobacter_Koseri,Ethambutol_5mg-l,,0,0,0,0.9487764563449919,0.5375369589343338
Citrobacter_Koseri,Fluconazole,,0,0,0,0.9487764563449919,0.5375369589343338
Citrobacter_Koseri,Fosfomycin,,62,0,62,0.9487764563449919,0.5375369589343338
Citrobacter_Koseri,Fusidic acid,,0,0,0,0.9487764563449919,0.5375369589343338
Citrobacter_Koseri,Gentamicin,,72,0,72,0.9487764563449919,0.5375369589343338
Citrobacter_Koseri,Gentamicin_high_level,,0,0,0,0.9487764563449919,0.5375369589343338
Citrobacter_Koseri,Imipenem,,160,0,160,0.9487764563449919,0.5375369589343338
Citrobacter_Koseri,Isavuconazole,,0,0,0,0.9487764563449919,0.5375369589343338
Citrobacter_Koseri,Isoniazid_.1mg-l,,0,0,0,0.9487764563449919,0.5375369589343338
Citrobacter_Koseri,Isoniazid_.4mg-l,,0,0,0,0.9487764563449919,0.5375369589343338
Citrobacter_Koseri,Itraconazole,,0,0,0,0.9487764563449919,0.5375369589343338
Citrobacter_Koseri,Levofloxacin,0.276595744680851,142,1,141,0.9487764563449919,0.5375369589343338
Citrobacter_Koseri,Linezolid,,0,0,0,0.9487764563449919,0.5375369589343338
Citrobacter_Koseri,MRSA,,0,0,0,0.9487764563449919,0.5375369589343338
Citrobacter_Koseri,Meropenem,,150,0,150,0.9487764563449919,0.5375369589343338
Citrobacter_Koseri,Meropenem-Vaborbactam,,0,0,0,0.9487764563449919,0.5375369589343338
Citrobacter_Koseri,Meropenem_with_meningitis,,0,0,0,0.9487764563449919,0.5375369589343338
Citrobacter_Koseri,Meropenem_with_pneumonia,,0,0,0,0.9487764563449919,0.5375369589343338
Citrobacter_Koseri,Meropenem_without_meningitis,,0,0,0,0.9487764563449919,0.5375369589343338
Citrobacter_Koseri,Metronidazole,,0,0,0,0.9487764563449919,0.5375369589343338
Citrobacter_Koseri,Micafungin,,0,0,0,0.9487764563449919,0.5375369589343338
Citrobacter_Koseri,Minocycline,,0,0,0,0.9487764563449919,0.5375369589343338
Citrobacter_Koseri,Moxifloxacin,,0,0,0,0.9487764563449919,0.5375369589343338
Citrobacter_Koseri,Mupirocin,,0,0,0,0.9487764563449919,0.5375369589343338
Citrobacter_Koseri,Nitrofurantoin,,21,0,21,0.9487764563449919,0.5375369589343338
Citrobacter_Koseri,Norfloxacin,0.4666666666666667,122,2,120,0.9487764563449919,0.5375369589343338
Citrobacter_Koseri,Novobiocin,,0,0,0,0.9487764563449919,0.5375369589343338
Citrobacter_Koseri,Ofloxacin,,0,0,0,0.9487764563449919,0.5375369589343338
Citrobacter_Koseri,Oxacillin,,0,0,0,0.9487764563449919,0.5375369589343338
Citrobacter_Koseri,Pefloxacin,,0,0,0,0.9487764563449919,0.5375369589343338
Citrobacter_Koseri,Penicillin,,0,0,0,0.9487764563449919,0.5375369589343338
Citrobacter_Koseri,Penicillin_with_endokarditis,,0,0,0,0.9487764563449919,0.5375369589343338
Citrobacter_Koseri,Penicillin_with_meningitis,,0,0,0,0.9487764563449919,0.5375369589343338
Citrobacter_Koseri,Penicillin_with_other_infections,,0,0,0,0.9487764563449919,0.5375369589343338
Citrobacter_Koseri,Penicillin_with_pneumonia,,0,0,0,0.9487764563449919,0.5375369589343338
Citrobacter_Koseri,Penicillin_without_endokarditis,,0,0,0,0.9487764563449919,0.5375369589343338
Citrobacter_Koseri,Penicillin_without_meningitis,,0,0,0,0.9487764563449919,0.5375369589343338
Citrobacter_Koseri,Piperacillin,,10,10,0,0.9487764563449919,0.5375369589343338
Citrobacter_Koseri,Piperacillin-Tazobactam,0.6380952380952382,112,7,105,0.9487764563449919,0.5375369589343338
Citrobacter_Koseri,Polymyxin B,,21,0,21,0.9487764563449919,0.5375369589343338
Citrobacter_Koseri,Posaconazole,,0,0,0,0.9487764563449919,0.5375369589343338
Citrobacter_Koseri,Pristinamycin,,0,0,0,0.9487764563449919,0.5375369589343338
Citrobacter_Koseri,Pyrazinamide,,0,0,0,0.9487764563449919,0.5375369589343338
Citrobacter_Koseri,Rifampicin,,0,0,0,0.9487764563449919,0.5375369589343338
Citrobacter_Koseri,Rifampicin_1mg-l,,0,0,0,0.9487764563449919,0.5375369589343338
Citrobacter_Koseri,Sparfloxacin,,0,0,0,0.9487764563449919,0.5375369589343338
Citrobacter_Koseri,Strepomycin_high_level,,0,0,0,0.9487764563449919,0.5375369589343338
Citrobacter_Koseri,Streptomycin,,0,0,0,0.9487764563449919,0.5375369589343338
Citrobacter_Koseri,Teicoplanin,,0,0,0,0.9487764563449919,0.5375369589343338
Citrobacter_Koseri,Teicoplanin_GRD,,0,0,0,0.9487764563449919,0.5375369589343338
Citrobacter_Koseri,Telithromycin,,0,0,0,0.9487764563449919,0.5375369589343338
Citrobacter_Koseri,Tetracycline,,0,0,0,0.9487764563449919,0.5375369589343338
Citrobacter_Koseri,Ticarcillin,,43,43,0,0.9487764563449919,0.5375369589343338
Citrobacter_Koseri,Ticarcillin-Clavulan acid,,0,0,0,0.9487764563449919,0.5375369589343338
Citrobacter_Koseri,Tigecycline,0.6904761904761905,43,42,1,0.9487764563449919,0.5375369589343338
Citrobacter_Koseri,Tobramycin,0.43971631205673756,142,1,141,0.9487764563449919,0.5375369589343338
Citrobacter_Koseri,Vancomycin,,0,0,0,0.9487764563449919,0.5375369589343338
Citrobacter_Koseri,Vancomycin_GRD,,0,0,0,0.9487764563449919,0.5375369589343338
Citrobacter_Koseri,Voriconazole,,0,0,0,0.9487764563449919,0.5375369589343338
Enterococcus_Faecalis,5-Fluorocytosine,,0,0,0,0.9866409796832761,0.6956711140222681
Enterococcus_Faecalis,Amikacin,,312,312,0,0.9866409796832761,0.6956711140222681
Enterococcus_Faecalis,Amoxicillin,1.0,8,2,6,0.9866409796832761,0.6956711140222681
Enterococcus_Faecalis,Amoxicillin-Clavulanic acid,,129,0,129,0.9866409796832761,0.6956711140222681
Enterococcus_Faecalis,Amoxicillin-Clavulanic acid_uncomplicated_HWI,,0,0,0,0.9866409796832761,0.6956711140222681
Enterococcus_Faecalis,Amphotericin B,,0,0,0,0.9866409796832761,0.6956711140222681
Enterococcus_Faecalis,Ampicillin,0.7796934865900383,785,2,783,0.9866409796832761,0.6956711140222681
Enterococcus_Faecalis,Ampicillin-Sulbactam,,0,0,0,0.9866409796832761,0.6956711140222681
Enterococcus_Faecalis,Anidulafungin,,0,0,0,0.9866409796832761,0.6956711140222681
Enterococcus_Faecalis,Azithromycin,,0,0,0,0.9866409796832761,0.6956711140222681
Enterococcus_Faecalis,Aztreonam,,0,0,0,0.9866409796832761,0.6956711140222681
Enterococcus_Faecalis,Bacitracin,,0,0,0,0.9866409796832761,0.6956711140222681
Enterococcus_Faecalis,Benzylpenicillin,,0,0,0,0.9866409796832761,0.6956711140222681
Enterococcus_Faecalis,Benzylpenicillin_others,,0,0,0,0.9866409796832761,0.6956711140222681
Enterococcus_Faecalis,Benzylpenicillin_with_meningitis,,0,0,0,0.9866409796832761,0.6956711140222681
Enterococcus_Faecalis,Benzylpenicillin_with_pneumonia,,0,0,0,0.9866409796832761,0.6956711140222681
Enterococcus_Faecalis,Caspofungin,,0,0,0,0.9866409796832761,0.6956711140222681
Enterococcus_Faecalis,Cefalotin-Cefazolin,,0,0,0,0.9866409796832761,0.6956711140222681
Enterococcus_Faecalis,Cefazolin,,0,0,0,0.9866409796832761,0.6956711140222681
Enterococcus_Faecalis,Cefepime,,0,0,0,0.9866409796832761,0.6956711140222681
Enterococcus_Faecalis,Cefixime,,0,0,0,0.9866409796832761,0.6956711140222681
Enterococcus_Faecalis,Cefotaxime,,0,0,0,0.9866409796832761,0.6956711140222681
Enterococcus_Faecalis,Cefoxitin,,0,0,0,0.9866409796832761,0.6956711140222681
Enterococcus_Faecalis,Cefoxitin_screen,,0,0,0,0.9866409796832761,0.6956711140222681
Enterococcus_Faecalis,Cefpodoxime,,0,0,0,0.9866409796832761,0.6956711140222681
Enterococcus_Faecalis,Ceftarolin,,0,0,0,0.9866409796832761,0.6956711140222681
Enterococcus_Faecalis,Ceftazidime,,0,0,0,0.9866409796832761,0.6956711140222681
Enterococcus_Faecalis,Ceftazidime-Avibactam,,0,0,0,0.9866409796832761,0.6956711140222681
Enterococcus_Faecalis,Ceftobiprole,,0,0,0,0.9866409796832761,0.6956711140222681
Enterococcus_Faecalis,Ceftolozane-Tazobactam,,0,0,0,0.9866409796832761,0.6956711140222681
Enterococcus_Faecalis,Ceftriaxone,,0,0,0,0.9866409796832761,0.6956711140222681
Enterococcus_Faecalis,Cefuroxime,,0,0,0,0.9866409796832761,0.6956711140222681
Enterococcus_Faecalis,Cefuroxime.1,,1,0,1,0.9866409796832761,0.6956711140222681
Enterococcus_Faecalis,Chloramphenicol,0.6169014084507043,76,5,71,0.9866409796832761,0.6956711140222681
Enterococcus_Faecalis,Ciprofloxacin,0.8419337937604192,696,221,475,0.9866409796832761,0.6956711140222681
Enterococcus_Faecalis,Clarithromycin,,1,1,0,0.9866409796832761,0.6956711140222681
Enterococcus_Faecalis,Clindamycin,0.5481751824817518,687,685,2,0.9866409796832761,0.6956711140222681
Enterococcus_Faecalis,Clindamycin_induced,,0,0,0,0.9866409796832761,0.6956711140222681
Enterococcus_Faecalis,Colistin,,0,0,0,0.9866409796832761,0.6956711140222681
Enterococcus_Faecalis,Cotrimoxazol,,0,0,0,0.9866409796832761,0.6956711140222681
Enterococcus_Faecalis,Cotrimoxazole,0.5747126436781609,61,58,3,0.9866409796832761,0.6956711140222681
Enterococcus_Faecalis,Daptomycin,,672,0,672,0.9866409796832761,0.6956711140222681
Enterococcus_Faecalis,Doxycycline,,0,0,0,0.9866409796832761,0.6956711140222681
Enterococcus_Faecalis,Ertapenem,,0,0,0,0.9866409796832761,0.6956711140222681
Enterococcus_Faecalis,Erythromycin,,657,657,0,0.9866409796832761,0.6956711140222681
Enterococcus_Faecalis,Ethambutol_5mg-l,,0,0,0,0.9866409796832761,0.6956711140222681
Enterococcus_Faecalis,Fluconazole,,0,0,0,0.9866409796832761,0.6956711140222681
Enterococcus_Faecalis,Fosfomycin,0.5288359788359788,596,56,540,0.9866409796832761,0.6956711140222681
Enterococcus_Faecalis,Fusidic acid,,9,9,0,0.9866409796832761,0.6956711140222681
Enterococcus_Faecalis,Gentamicin,0.9904715762273901,697,688,9,0.9866409796832761,0.6956711140222681
Enterococcus_Faecalis,Gentamicin_high_level,0.6412037037037037,62,8,54,0.9866409796832761,0.6956711140222681
Enterococcus_Faecalis,Imipenem,0.9062527233115469,837,612,225,0.9866409796832761,0.6956711140222681
Enterococcus_Faecalis,Isavuconazole,,0,0,0,0.9866409796832761,0.6956711140222681
Enterococcus_Faecalis,Isoniazid_.1mg-l,,0,0,0,0.9866409796832761,0.6956711140222681
Enterococcus_Faecalis,Isoniazid_.4mg-l,,0,0,0,0.9866409796832761,0.6956711140222681
Enterococcus_Faecalis,Itraconazole,,0,0,0,0.9866409796832761,0.6956711140222681
Enterococcus_Faecalis,Levofloxacin,0.8713293930012197,831,204,627,0.9866409796832761,0.6956711140222681
Enterococcus_Faecalis,Linezolid,0.5294976635514018,860,4,856,0.9866409796832761,0.6956711140222681
Enterococcus_Faecalis,MRSA,,0,0,0,0.9866409796832761,0.6956711140222681
Enterococcus_Faecalis,Meropenem,,0,0,0,0.9866409796832761,0.6956711140222681
Enterococcus_Faecalis,Meropenem-Vaborbactam,,0,0,0,0.9866409796832761,0.6956711140222681
Enterococcus_Faecalis,Meropenem_with_meningitis,,0,0,0,0.9866409796832761,0.6956711140222681
Enterococcus_Faecalis,Meropenem_with_pneumonia,,0,0,0,0.9866409796832761,0.6956711140222681
Enterococcus_Faecalis,Meropenem_without_meningitis,,0,0,0,0.9866409796832761,0.6956711140222681
Enterococcus_Faecalis,Metronidazole,,0,0,0,0.9866409796832761,0.6956711140222681
Enterococcus_Faecalis,Micafungin,,0,0,0,0.9866409796832761,0.6956711140222681
Enterococcus_Faecalis,Minocycline,0.7761450066137567,656,432,224,0.9866409796832761,0.6956711140222681
Enterococcus_Faecalis,Moxifloxacin,,0,0,0,0.9866409796832761,0.6956711140222681
Enterococcus_Faecalis,Mupirocin,,90,90,0,0.9866409796832761,0.6956711140222681
Enterococcus_Faecalis,Nitrofurantoin,0.4351181862035697,694,3,691,0.9866409796832761,0.6956711140222681
Enterococcus_Faecalis,Norfloxacin,0.36282932416953034,588,582,6,0.9866409796832761,0.6956711140222681
Enterococcus_Faecalis,Novobiocin,,0,0,0,0.9866409796832761,0.6956711140222681
Enterococcus_Faecalis,Ofloxacin,,0,0,0,0.9866409796832761,0.6956711140222681
Enterococcus_Faecalis,Oxacillin,0.6629213483146067,90,89,1,0.9866409796832761,0.6956711140222681
Enterococcus_Faecalis,Pefloxacin,,0,0,0,0.9866409796832761,0.6956711140222681
Enterococcus_Faecalis,Penicillin,0.8008992553042013,658,11,647,0.9866409796832761,0.6956711140222681
Enterococcus_Faecalis,Penicillin_with_endokarditis,,0,0,0,0.9866409796832761,0.6956711140222681
Enterococcus_Faecalis,Penicillin_with_meningitis,,0,0,0,0.9866409796832761,0.6956711140222681
Enterococcus_Faecalis,Penicillin_with_other_infections,,0,0,0,0.9866409796832761,0.6956711140222681
Enterococcus_Faecalis,Penicillin_with_pneumonia,,0,0,0,0.9866409796832761,0.6956711140222681
Enterococcus_Faecalis,Penicillin_without_endokarditis,,0,0,0,0.9866409796832761,0.6956711140222681
Enterococcus_Faecalis,Penicillin_without_meningitis,,0,0,0,0.9866409796832761,0.6956711140222681
Enterococcus_Faecalis,Piperacillin,,0,0,0,0.9866409796832761,0.6956711140222681
Enterococcus_Faecalis,Piperacillin-Tazobactam,,128,0,128,0.9866409796832761,0.6956711140222681
Enterococcus_Faecalis,Polymyxin B,,0,0,0,0.9866409796832761,0.6956711140222681
Enterococcus_Faecalis,Posaconazole,,0,0,0,0.9866409796832761,0.6956711140222681
Enterococcus_Faecalis,Pristinamycin,0.6445220452545213,656,597,59,0.9866409796832761,0.6956711140222681
Enterococcus_Faecalis,Pyrazinamide,,0,0,0,0.9866409796832761,0.6956711140222681
Enterococcus_Faecalis,Rifampicin,,0,0,0,0.9866409796832761,0.6956711140222681
Enterococcus_Faecalis,Rifampicin_1mg-l,,0,0,0,0.9866409796832761,0.6956711140222681
Enterococcus_Faecalis,Sparfloxacin,,0,0,0,0.9866409796832761,0.6956711140222681
Enterococcus_Faecalis,Strepomycin_high_level,0.42500000000000004,14,4,10,0.9866409796832761,0.6956711140222681
Enterococcus_Faecalis,Streptomycin,,1,1,0,0.9866409796832761,0.6956711140222681
Enterococcus_Faecalis,Teicoplanin,0.823030303030303,829,4,825,0.9866409796832761,0.6956711140222681
Enterococcus_Faecalis,Teicoplanin_GRD,,0,0,0,0.9866409796832761,0.6956711140222681
Enterococcus_Faecalis,Telithromycin,,0,0,0,0.9866409796832761,0.6956711140222681
Enterococcus_Faecalis,Tetracycline,0.7583728813559321,656,531,125,0.9866409796832761,0.6956711140222681
Enterococcus_Faecalis,Ticarcillin,,0,0,0,0.9866409796832761,0.6956711140222681
Enterococcus_Faecalis,Ticarcillin-Clavulan acid,,0,0,0,0.9866409796832761,0.6956711140222681
Enterococcus_Faecalis,Tigecycline,,173,0,173,0.9866409796832761,0.6956711140222681
Enterococcus_Faecalis,Tobramycin,,657,657,0,0.9866409796832761,0.6956711140222681
Enterococcus_Faecalis,Vancomycin,0.7869186046511627,864,4,860,0.9866409796832761,0.6956711140222681
Enterococcus_Faecalis,Vancomycin_GRD,,0,0,0,0.9866409796832761,0.6956711140222681
Enterococcus_Faecalis,Voriconazole,,0,0,0,0.9866409796832761,0.6956711140222681
Staphylococcus_Lugdunensis,5-Fluorocytosine,,0,0,0,0.8992389260631534,0.7093500624802002
Staphylococcus_Lugdunensis,Amikacin,,15,0,15,0.8992389260631534,0.7093500624802002
Staphylococcus_Lugdunensis,Amoxicillin,,0,0,0,0.8992389260631534,0.7093500624802002
Staphylococcus_Lugdunensis,Amoxicillin-Clavulanic acid,0.6888888888888889,78,3,75,0.8992389260631534,0.7093500624802002
Staphylococcus_Lugdunensis,Amoxicillin-Clavulanic acid_uncomplicated_HWI,,0,0,0,0.8992389260631534,0.7093500624802002
Staphylococcus_Lugdunensis,Amphotericin B,,0,0,0,0.8992389260631534,0.7093500624802002
Staphylococcus_Lugdunensis,Ampicillin,0.7032967032967032,34,21,13,0.8992389260631534,0.7093500624802002
Staphylococcus_Lugdunensis,Ampicillin-Sulbactam,,0,0,0,0.8992389260631534,0.7093500624802002
Staphylococcus_Lugdunensis,Anidulafungin,,0,0,0,0.8992389260631534,0.7093500624802002
Staphylococcus_Lugdunensis,Azithromycin,,0,0,0,0.8992389260631534,0.7093500624802002
Staphylococcus_Lugdunensis,Aztreonam,,0,0,0,0.8992389260631534,0.7093500624802002
Staphylococcus_Lugdunensis,Bacitracin,,0,0,0,0.8992389260631534,0.7093500624802002
Staphylococcus_Lugdunensis,Benzylpenicillin,0.5499999999999999,9,4,5,0.8992389260631534,0.7093500624802002
Staphylococcus_Lugdunensis,Benzylpenicillin_others,,0,0,0,0.8992389260631534,0.7093500624802002
Staphylococcus_Lugdunensis,Benzylpenicillin_with_meningitis,,0,0,0,0.8992389260631534,0.7093500624802002
Staphylococcus_Lugdunensis,Benzylpenicillin_with_pneumonia,,0,0,0,0.8992389260631534,0.7093500624802002
Staphylococcus_Lugdunensis,Caspofungin,,0,0,0,0.8992389260631534,0.7093500624802002
Staphylococcus_Lugdunensis,Cefalotin-Cefazolin,,0,0,0,0.8992389260631534,0.7093500624802002
Staphylococcus_Lugdunensis,Cefazolin,0.6770833333333334,50,2,48,0.8992389260631534,0.7093500624802002
Staphylococcus_Lugdunensis,Cefepime,0.7105263157894737,59,2,57,0.8992389260631534,0.7093500624802002
Staphylococcus_Lugdunensis,Cefixime,,0,0,0,0.8992389260631534,0.7093500624802002
Staphylococcus_Lugdunensis,Cefotaxime,,0,0,0,0.8992389260631534,0.7093500624802002
Staphylococcus_Lugdunensis,Cefoxitin,,0,0,0,0.8992389260631534,0.7093500624802002
Staphylococcus_Lugdunensis,Cefoxitin_screen,,1,0,1,0.8992389260631534,0.7093500624802002
Staphylococcus_Lugdunensis,Cefpodoxime,,0,0,0,0.8992389260631534,0.7093500624802002
Staphylococcus_Lugdunensis,Ceftarolin,,0,0,0,0.8992389260631534,0.7093500624802002
Staphylococcus_Lugdunensis,Ceftazidime,,0,0,0,0.8992389260631534,0.7093500624802002
Staphylococcus_Lugdunensis,Ceftazidime-Avibactam,,0,0,0,0.8992389260631534,0.7093500624802002
Staphylococcus_Lugdunensis,Ceftobiprole,,0,0,0,0.8992389260631534,0.7093500624802002
Staphylococcus_Lugdunensis,Ceftolozane-Tazobactam,,0,0,0,0.8992389260631534,0.7093500624802002
Staphylococcus_Lugdunensis,Ceftriaxone,0.6458333333333333,50,2,48,0.8992389260631534,0.7093500624802002
Staphylococcus_Lugdunensis,Cefuroxime,0.6145833333333333,50,2,48,0.8992389260631534,0.7093500624802002
Staphylococcus_Lugdunensis,Cefuroxime.1,,0,0,0,0.8992389260631534,0.7093500624802002
Staphylococcus_Lugdunensis,Chloramphenicol,,16,0,16,0.8992389260631534,0.7093500624802002
Staphylococcus_Lugdunensis,Ciprofloxacin,0.922077922077922,94,17,77,0.8992389260631534,0.7093500624802002
Staphylococcus_Lugdunensis,Clarithromycin,0.5128205128205128,16,3,13,0.8992389260631534,0.7093500624802002
Staphylococcus_Lugdunensis,Clindamycin,0.4925201380897583,90,11,79,0.8992389260631534,0.7093500624802002
Staphylococcus_Lugdunensis,Clindamycin_induced,,0,0,0,0.8992389260631534,0.7093500624802002
Staphylococcus_Lugdunensis,Colistin,,0,0,0,0.8992389260631534,0.7093500624802002
Staphylococcus_Lugdunensis,Cotrimoxazol,,9,0,9,0.8992389260631534,0.7093500624802002
Staphylococcus_Lugdunensis,Cotrimoxazole,0.7246376811594203,70,1,69,0.8992389260631534,0.7093500624802002
Staphylococcus_Lugdunensis,Daptomycin,,75,0,75,0.8992389260631534,0.7093500624802002
Staphylococcus_Lugdunensis,Doxycycline,0.8,16,1,15,0.8992389260631534,0.7093500624802002
Staphylococcus_Lugdunensis,Ertapenem,,0,0,0,0.8992389260631534,0.7093500624802002
Staphylococcus_Lugdunensis,Erythromycin,0.5266524520255863,74,7,67,0.8992389260631534,0.7093500624802002
Staphylococcus_Lugdunensis,Ethambutol_5mg-l,,0,0,0,0.8992389260631534,0.7093500624802002
Staphylococcus_Lugdunensis,Fluconazole,,0,0,0,0.8992389260631534,0.7093500624802002
Staphylococcus_Lugdunensis,Fosfomycin,,9,0,9,0.8992389260631534,0.7093500624802002
Staphylococcus_Lugdunensis,Fusidic acid,0.7725225225225225,80,6,74,0.8992389260631534,0.7093500624802002
Staphylococcus_Lugdunensis,Gentamicin,,92,0,92,0.8992389260631534,0.7093500624802002
Staphylococcus_Lugdunensis,Gentamicin_high_level,,0,0,0,0.8992389260631534,0.7093500624802002
Staphylococcus_Lugdunensis,Imipenem,0.9411764705882353,65,17,48,0.8992389260631534,0.7093500624802002
Staphylococcus_Lugdunensis,Isavuconazole,,0,0,0,0.8992389260631534,0.7093500624802002
Staphylococcus_Lugdunensis,Isoniazid_.1mg-l,,0,0,0,0.8992389260631534,0.7093500624802002
Staphylococcus_Lugdunensis,Isoniazid_.4mg-l,,0,0,0,0.8992389260631534,0.7093500624802002
Staphylococcus_Lugdunensis,Itraconazole,,0,0,0,0.8992389260631534,0.7093500624802002
Staphylococcus_Lugdunensis,Levofloxacin,0.9703703703703703,24,15,9,0.8992389260631534,0.7093500624802002
Staphylococcus_Lugdunensis,Linezolid,,73,0,73,0.8992389260631534,0.7093500624802002
Staphylococcus_Lugdunensis,MRSA,,0,0,0,0.8992389260631534,0.7093500624802002
Staphylococcus_Lugdunensis,Meropenem,0.7083333333333334,50,2,48,0.8992389260631534,0.7093500624802002
Staphylococcus_Lugdunensis,Meropenem-Vaborbactam,,0,0,0,0.8992389260631534,0.7093500624802002
Staphylococcus_Lugdunensis,Meropenem_with_meningitis,,0,0,0,0.8992389260631534,0.7093500624802002
Staphylococcus_Lugdunensis,Meropenem_with_pneumonia,,0,0,0,0.8992389260631534,0.7093500624802002
Staphylococcus_Lugdunensis,Meropenem_without_meningitis,,0,0,0,0.8992389260631534,0.7093500624802002
Staphylococcus_Lugdunensis,Metronidazole,,0,0,0,0.8992389260631534,0.7093500624802002
Staphylococcus_Lugdunensis,Micafungin,,0,0,0,0.8992389260631534,0.7093500624802002
Staphylococcus_Lugdunensis,Minocycline,,15,0,15,0.8992389260631534,0.7093500624802002
Staphylococcus_Lugdunensis,Moxifloxacin,,0,0,0,0.8992389260631534,0.7093500624802002
Staphylococcus_Lugdunensis,Mupirocin,,26,0,26,0.8992389260631534,0.7093500624802002
Staphylococcus_Lugdunensis,Nitrofurantoin,,3,0,3,0.8992389260631534,0.7093500624802002
Staphylococcus_Lugdunensis,Norfloxacin,,3,0,3,0.8992389260631534,0.7093500624802002
Staphylococcus_Lugdunensis,Novobiocin,,3,0,3,0.8992389260631534,0.7093500624802002
Staphylococcus_Lugdunensis,Ofloxacin,,0,0,0,0.8992389260631534,0.7093500624802002
Staphylococcus_Lugdunensis,Oxacillin,0.6336996336996337,94,3,91,0.8992389260631534,0.7093500624802002
Staphylococcus_Lugdunensis,Pefloxacin,,0,0,0,0.8992389260631534,0.7093500624802002
Staphylococcus_Lugdunensis,Penicillin,0.7697107203630177,84,43,41,0.8992389260631534,0.7093500624802002
Staphylococcus_Lugdunensis,Penicillin_with_endokarditis,,0,0,0,0.8992389260631534,0.7093500624802002
Staphylococcus_Lugdunensis,Penicillin_with_meningitis,,0,0,0,0.8992389260631534,0.7093500624802002
Staphylococcus_Lugdunensis,Penicillin_with_other_infections,,0,0,0,0.8992389260631534,0.7093500624802002
Staphylococcus_Lugdunensis,Penicillin_with_pneumonia,,0,0,0,0.8992389260631534,0.7093500624802002
Staphylococcus_Lugdunensis,Penicillin_without_endokarditis,,0,0,0,0.8992389260631534,0.7093500624802002
Staphylococcus_Lugdunensis,Penicillin_without_meningitis,,0,0,0,0.8992389260631534,0.7093500624802002
Staphylococcus_Lugdunensis,Piperacillin,,0,0,0,0.8992389260631534,0.7093500624802002
Staphylococcus_Lugdunensis,Piperacillin-Tazobactam,0.6875,50,2,48,0.8992389260631534,0.7093500624802002
Staphylococcus_Lugdunensis,Polymyxin B,,0,0,0,0.8992389260631534,0.7093500624802002
Staphylococcus_Lugdunensis,Posaconazole,,0,0,0,0.8992389260631534,0.7093500624802002
Staphylococcus_Lugdunensis,Pristinamycin,,15,0,15,0.8992389260631534,0.7093500624802002
Staphylococcus_Lugdunensis,Pyrazinamide,,0,0,0,0.8992389260631534,0.7093500624802002
Staphylococcus_Lugdunensis,Rifampicin,,76,0,76,0.8992389260631534,0.7093500624802002
Staphylococcus_Lugdunensis,Rifampicin_1mg-l,,0,0,0,0.8992389260631534,0.7093500624802002
Staphylococcus_Lugdunensis,Sparfloxacin,,0,0,0,0.8992389260631534,0.7093500624802002
Staphylococcus_Lugdunensis,Strepomycin_high_level,,0,0,0,0.8992389260631534,0.7093500624802002
Staphylococcus_Lugdunensis,Streptomycin,,0,0,0,0.8992389260631534,0.7093500624802002
Staphylococcus_Lugdunensis,Teicoplanin,,75,0,75,0.8992389260631534,0.7093500624802002
Staphylococcus_Lugdunensis,Teicoplanin_GRD,,0,0,0,0.8992389260631534,0.7093500624802002
Staphylococcus_Lugdunensis,Telithromycin,,0,0,0,0.8992389260631534,0.7093500624802002
Staphylococcus_Lugdunensis,Tetracycline,0.8441176470588235,73,5,68,0.8992389260631534,0.7093500624802002
Staphylococcus_Lugdunensis,Ticarcillin,,0,0,0,0.8992389260631534,0.7093500624802002
Staphylococcus_Lugdunensis,Ticarcillin-Clavulan acid,,0,0,0,0.8992389260631534,0.7093500624802002
Staphylococcus_Lugdunensis,Tigecycline,,59,0,59,0.8992389260631534,0.7093500624802002
Staphylococcus_Lugdunensis,Tobramycin,,15,0,15,0.8992389260631534,0.7093500624802002
Staphylococcus_Lugdunensis,Vancomycin,,91,0,91,0.8992389260631534,0.7093500624802002
Staphylococcus_Lugdunensis,Vancomycin_GRD,,0,0,0,0.8992389260631534,0.7093500624802002
Staphylococcus_Lugdunensis,Voriconazole,,0,0,0,0.8992389260631534,0.7093500624802002
Citrobacter_Freundii,5-Fluorocytosine,,0,0,0,0.9083543683244326,0.6804944325916565
Citrobacter_Freundii,Amikacin,0.3654661016949153,126,8,118,0.9083543683244326,0.6804944325916565
Citrobacter_Freundii,Amoxicillin,,0,0,0,0.9083543683244326,0.6804944325916565
Citrobacter_Freundii,Amoxicillin-Clavulanic acid,,86,86,0,0.9083543683244326,0.6804944325916565
Citrobacter_Freundii,Amoxicillin-Clavulanic acid_uncomplicated_HWI,1.0,3,1,2,0.9083543683244326,0.6804944325916565
Citrobacter_Freundii,Amphotericin B,,0,0,0,0.9083543683244326,0.6804944325916565
Citrobacter_Freundii,Ampicillin,,56,56,0,0.9083543683244326,0.6804944325916565
Citrobacter_Freundii,Ampicillin-Sulbactam,,0,0,0,0.9083543683244326,0.6804944325916565
Citrobacter_Freundii,Anidulafungin,,0,0,0,0.9083543683244326,0.6804944325916565
Citrobacter_Freundii,Azithromycin,,0,0,0,0.9083543683244326,0.6804944325916565
Citrobacter_Freundii,Aztreonam,0.42307692307692313,39,13,26,0.9083543683244326,0.6804944325916565
Citrobacter_Freundii,Bacitracin,,0,0,0,0.9083543683244326,0.6804944325916565
Citrobacter_Freundii,Benzylpenicillin,,0,0,0,0.9083543683244326,0.6804944325916565
Citrobacter_Freundii,Benzylpenicillin_others,,0,0,0,0.9083543683244326,0.6804944325916565
Citrobacter_Freundii,Benzylpenicillin_with_meningitis,,0,0,0,0.9083543683244326,0.6804944325916565
Citrobacter_Freundii,Benzylpenicillin_with_pneumonia,,0,0,0,0.9083543683244326,0.6804944325916565
Citrobacter_Freundii,Caspofungin,,0,0,0,0.9083543683244326,0.6804944325916565
Citrobacter_Freundii,Cefalotin-Cefazolin,,0,0,0,0.9083543683244326,0.6804944325916565
Citrobacter_Freundii,Cefazolin,,0,0,0,0.9083543683244326,0.6804944325916565
Citrobacter_Freundii,Cefepime,0.9354838709677419,127,3,124,0.9083543683244326,0.6804944325916565
Citrobacter_Freundii,Cefixime,0.6656804733727811,39,13,26,0.9083543683244326,0.6804944325916565
Citrobacter_Freundii,Cefotaxime,0.6390532544378698,39,13,26,0.9083543683244326,0.6804944325916565
Citrobacter_Freundii,Cefoxitin,,44,44,0,0.9083543683244326,0.6804944325916565
Citrobacter_Freundii,Cefoxitin_screen,,0,0,0,0.9083543683244326,0.6804944325916565
Citrobacter_Freundii,Cefpodoxime,,37,37,0,0.9083543683244326,0.6804944325916565
Citrobacter_Freundii,Ceftarolin,,0,0,0,0.9083543683244326,0.6804944325916565
Citrobacter_Freundii,Ceftazidime,0.567251461988304,128,38,90,0.9083543683244326,0.6804944325916565
Citrobacter_Freundii,Ceftazidime-Avibactam,,0,0,0,0.9083543683244326,0.6804944325916565
Citrobacter_Freundii,Ceftobiprole,,0,0,0,0.9083543683244326,0.6804944325916565
Citrobacter_Freundii,Ceftolozane-Tazobactam,,0,0,0,0.9083543683244326,0.6804944325916565
Citrobacter_Freundii,Ceftriaxone,0.5102163461538461,90,26,64,0.9083543683244326,0.6804944325916565
Citrobacter_Freundii,Cefuroxime,0.735042735042735,22,9,13,0.9083543683244326,0.6804944325916565
Citrobacter_Freundii,Cefuroxime.1,,0,0,0,0.9083543683244326,0.6804944325916565
Citrobacter_Freundii,Chloramphenicol,,0,0,0,0.9083543683244326,0.6804944325916565
Citrobacter_Freundii,Ciprofloxacin,0.8602150537634409,130,6,124,0.9083543683244326,0.6804944325916565
Citrobacter_Freundii,Clarithromycin,,0,0,0,0.9083543683244326,0.6804944325916565
Citrobacter_Freundii,Clindamycin,,0,0,0,0.9083543683244326,0.6804944325916565
Citrobacter_Freundii,Clindamycin_induced,,0,0,0,0.9083543683244326,0.6804944325916565
Citrobacter_Freundii,Colistin,0.3080357142857143,114,2,112,0.9083543683244326,0.6804944325916565
Citrobacter_Freundii,Cotrimoxazol,,4,0,4,0.9083543683244326,0.6804944325916565
Citrobacter_Freundii,Cotrimoxazole,0.6083333333333334,86,6,80,0.9083543683244326,0.6804944325916565
Citrobacter_Freundii,Daptomycin,,0,0,0,0.9083543683244326,0.6804944325916565
Citrobacter_Freundii,Doxycycline,,0,0,0,0.9083543683244326,0.6804944325916565
Citrobacter_Freundii,Ertapenem,0.9743589743589743,118,1,117,0.9083543683244326,0.6804944325916565
Citrobacter_Freundii,Erythromycin,,0,0,0,0.9083543683244326,0.6804944325916565
Citrobacter_Freundii,Ethambutol_5mg-l,,0,0,0,0.9083543683244326,0.6804944325916565
Citrobacter_Freundii,Fluconazole,,0,0,0,0.9083543683244326,0.6804944325916565
Citrobacter_Freundii,Fosfomycin,0.5388888888888889,49,4,45,0.9083543683244326,0.6804944325916565
Citrobacter_Freundii,Fusidic acid,,0,0,0,0.9083543683244326,0.6804944325916565
Citrobacter_Freundii,Gentamicin,0.7740384615384615,56,4,52,0.9083543683244326,0.6804944325916565
Citrobacter_Freundii,Gentamicin_high_level,,0,0,0,0.9083543683244326,0.6804944325916565
Citrobacter_Freundii,Imipenem,0.952,126,1,125,0.9083543683244326,0.6804944325916565
Citrobacter_Freundii,Isavuconazole,,0,0,0,0.9083543683244326,0.6804944325916565
Citrobacter_Freundii,Isoniazid_.1mg-l,,0,0,0,0.9083543683244326,0.6804944325916565
Citrobacter_Freundii,Isoniazid_.4mg-l,,0,0,0,0.9083543683244326,0.6804944325916565
Citrobacter_Freundii,Itraconazole,,0,0,0,0.9083543683244326,0.6804944325916565
Citrobacter_Freundii,Levofloxacin,0.7289719626168224,112,5,107,0.9083543683244326,0.6804944325916565
Citrobacter_Freundii,Linezolid,,0,0,0,0.9083543683244326,0.6804944325916565
Citrobacter_Freundii,MRSA,,0,0,0,0.9083543683244326,0.6804944325916565
Citrobacter_Freundii,Meropenem,0.9137931034482758,117,1,116,0.9083543683244326,0.6804944325916565
Citrobacter_Freundii,Meropenem-Vaborbactam,,0,0,0,0.9083543683244326,0.6804944325916565
Citrobacter_Freundii,Meropenem_with_meningitis,,0,0,0,0.9083543683244326,0.6804944325916565
Citrobacter_Freundii,Meropenem_with_pneumonia,,0,0,0,0.9083543683244326,0.6804944325916565
Citrobacter_Freundii,Meropenem_without_meningitis,,0,0,0,0.9083543683244326,0.6804944325916565
Citrobacter_Freundii,Metronidazole,,0,0,0,0.9083543683244326,0.6804944325916565
Citrobacter_Freundii,Micafungin,,0,0,0,0.9083543683244326,0.6804944325916565
Citrobacter_Freundii,Minocycline,,0,0,0,0.9083543683244326,0.6804944325916565
Citrobacter_Freundii,Moxifloxacin,,0,0,0,0.9083543683244326,0.6804944325916565
Citrobacter_Freundii,Mupirocin,,0,0,0,0.9083543683244326,0.6804944325916565
Citrobacter_Freundii,Nitrofurantoin,,13,0,13,0.9083543683244326,0.6804944325916565
Citrobacter_Freundii,Norfloxacin,0.7607142857142857,74,4,70,0.9083543683244326,0.6804944325916565
Citrobacter_Freundii,Novobiocin,,0,0,0,0.9083543683244326,0.6804944325916565
Citrobacter_Freundii,Ofloxacin,,0,0,0,0.9083543683244326,0.6804944325916565
Citrobacter_Freundii,Oxacillin,,1,0,1,0.9083543683244326,0.6804944325916565
Citrobacter_Freundii,Pefloxacin,,0,0,0,0.9083543683244326,0.6804944325916565
Citrobacter_Freundii,Penicillin,,0,0,0,0.9083543683244326,0.6804944325916565
Citrobacter_Freundii,Penicillin_with_endokarditis,,0,0,0,0.9083543683244326,0.6804944325916565
Citrobacter_Freundii,Penicillin_with_meningitis,,0,0,0,0.9083543683244326,0.6804944325916565
Citrobacter_Freundii,Penicillin_with_other_infections,,0,0,0,0.9083543683244326,0.6804944325916565
Citrobacter_Freundii,Penicillin_with_pneumonia,,0,0,0,0.9083543683244326,0.6804944325916565
Citrobacter_Freundii,Penicillin_without_endokarditis,,0,0,0,0.9083543683244326,0.6804944325916565
Citrobacter_Freundii,Penicillin_without_meningitis,,0,0,0,0.9083543683244326,0.6804944325916565
Citrobacter_Freundii,Piperacillin,0.6183431952662721,39,13,26,0.9083543683244326,0.6804944325916565
Citrobacter_Freundii,Piperacillin-Tazobactam,0.5516581632653061,84,28,56,0.9083543683244326,0.6804944325916565
Citrobacter_Freundii,Polymyxin B,,12,0,12,0.9083543683244326,0.6804944325916565
Citrobacter_Freundii,Posaconazole,,0,0,0,0.9083543683244326,0.6804944325916565
Citrobacter_Freundii,Pristinamycin,,0,0,0,0.9083543683244326,0.6804944325916565
Citrobacter_Freundii,Pyrazinamide,,0,0,0,0.9083543683244326,0.6804944325916565
Citrobacter_Freundii,Rifampicin,,0,0,0,0.9083543683244326,0.6804944325916565
Citrobacter_Freundii,Rifampicin_1mg-l,,0,0,0,0.9083543683244326,0.6804944325916565
Citrobacter_Freundii,Sparfloxacin,,0,0,0,0.9083543683244326,0.6804944325916565
Citrobacter_Freundii,Strepomycin_high_level,,0,0,0,0.9083543683244326,0.6804944325916565
Citrobacter_Freundii,Streptomycin,,0,0,0,0.9083543683244326,0.6804944325916565
Citrobacter_Freundii,Teicoplanin,,0,0,0,0.9083543683244326,0.6804944325916565
Citrobacter_Freundii,Teicoplanin_GRD,,0,0,0,0.9083543683244326,0.6804944325916565
Citrobacter_Freundii,Telithromycin,,0,0,0,0.9083543683244326,0.6804944325916565
Citrobacter_Freundii,Tetracycline,,0,0,0,0.9083543683244326,0.6804944325916565
Citrobacter_Freundii,Ticarcillin,0.6885714285714286,39,14,25,0.9083543683244326,0.6804944325916565
Citrobacter_Freundii,Ticarcillin-Clavulan acid,,0,0,0,0.9083543683244326,0.6804944325916565
Citrobacter_Freundii,Tigecycline,,37,0,37,0.9083543683244326,0.6804944325916565
Citrobacter_Freundii,Tobramycin,0.5321782178217822,113,12,101,0.9083543683244326,0.6804944325916565
Citrobacter_Freundii,Vancomycin,,0,0,0,0.9083543683244326,0.6804944325916565
Citrobacter_Freundii,Vancomycin_GRD,,0,0,0,0.9083543683244326,0.6804944325916565
Citrobacter_Freundii,Voriconazole,,0,0,0,0.9083543683244326,0.6804944325916565
Morganella_Morganii,5-Fluorocytosine,,0,0,0,0.94329725475125,0.5957537315417613
Morganella_Morganii,Amikacin,0.24,151,1,150,0.94329725475125,0.5957537315417613
Morganella_Morganii,Amoxicillin,,0,0,0,0.94329725475125,0.5957537315417613
Morganella_Morganii,Amoxicillin-Clavulanic acid,,100,100,0,0.94329725475125,0.5957537315417613
Morganella_Morganii,Amoxicillin-Clavulanic acid_uncomplicated_HWI,,0,0,0,0.94329725475125,0.5957537315417613
Morganella_Morganii,Amphotericin B,,0,0,0,0.94329725475125,0.5957537315417613
Morganella_Morganii,Ampicillin,,92,92,0,0.94329725475125,0.5957537315417613
Morganella_Morganii,Ampicillin-Sulbactam,,0,0,0,0.94329725475125,0.5957537315417613
Morganella_Morganii,Anidulafungin,,0,0,0,0.94329725475125,0.5957537315417613
Morganella_Morganii,Azithromycin,,0,0,0,0.94329725475125,0.5957537315417613
Morganella_Morganii,Aztreonam,0.4557823129251701,63,21,42,0.94329725475125,0.5957537315417613
Morganella_Morganii,Bacitracin,,0,0,0,0.94329725475125,0.5957537315417613
Morganella_Morganii,Benzylpenicillin,,0,0,0,0.94329725475125,0.5957537315417613
Morganella_Morganii,Benzylpenicillin_others,,0,0,0,0.94329725475125,0.5957537315417613
Morganella_Morganii,Benzylpenicillin_with_meningitis,,0,0,0,0.94329725475125,0.5957537315417613
Morganella_Morganii,Benzylpenicillin_with_pneumonia,,0,0,0,0.94329725475125,0.5957537315417613
Morganella_Morganii,Caspofungin,,0,0,0,0.94329725475125,0.5957537315417613
Morganella_Morganii,Cefalotin-Cefazolin,,0,0,0,0.94329725475125,0.5957537315417613
Morganella_Morganii,Cefazolin,,1,1,0,0.94329725475125,0.5957537315417613
Morganella_Morganii,Cefepime,0.7885906040268457,151,2,149,0.94329725475125,0.5957537315417613
Morganella_Morganii,Cefixime,0.4871794871794872,47,21,26,0.94329725475125,0.5957537315417613
Morganella_Morganii,Cefotaxime,0.6168831168831168,50,22,28,0.94329725475125,0.5957537315417613
Morganella_Morganii,Cefoxitin,,7,7,0,0.94329725475125,0.5957537315417613
Morganella_Morganii,Cefoxitin_screen,,0,0,0,0.94329725475125,0.5957537315417613
Morganella_Morganii,Cefpodoxime,,30,30,0,0.94329725475125,0.5957537315417613
Morganella_Morganii,Ceftarolin,,0,0,0,0.94329725475125,0.5957537315417613
Morganella_Morganii,Ceftazidime,0.6786964129483813,163,36,127,0.94329725475125,0.5957537315417613
Morganella_Morganii,Ceftazidime-Avibactam,,0,0,0,0.94329725475125,0.5957537315417613
Morganella_Morganii,Ceftobiprole,,0,0,0,0.94329725475125,0.5957537315417613
Morganella_Morganii,Ceftolozane-Tazobactam,,0,0,0,0.94329725475125,0.5957537315417613
Morganella_Morganii,Ceftriaxone,0.615530303030303,100,12,88,0.94329725475125,0.5957537315417613
Morganella_Morganii,Cefuroxime,,29,29,0,0.94329725475125,0.5957537315417613
Morganella_Morganii,Cefuroxime.1,,0,0,0,0.94329725475125,0.5957537315417613
Morganella_Morganii,Chloramphenicol,0.28,26,1,25,0.94329725475125,0.5957537315417613
Morganella_Morganii,Ciprofloxacin,0.7341563786008231,162,27,135,0.94329725475125,0.5957537315417613
Morganella_Morganii,Clarithromycin,,0,0,0,0.94329725475125,0.5957537315417613
Morganella_Morganii,Clindamycin,,0,0,0,0.94329725475125,0.5957537315417613
Morganella_Morganii,Clindamycin_induced,,0,0,0,0.94329725475125,0.5957537315417613
Morganella_Morganii,Colistin,,134,134,0,0.94329725475125,0.5957537315417613
Morganella_Morganii,Cotrimoxazol,0.6,6,1,5,0.94329725475125,0.5957537315417613
Morganella_Morganii,Cotrimoxazole,0.7535596933187295,94,11,83,0.94329725475125,0.5957537315417613
Morganella_Morganii,Daptomycin,,0,0,0,0.94329725475125,0.5957537315417613
Morganella_Morganii,Doxycycline,,0,0,0,0.94329725475125,0.5957537315417613
Morganella_Morganii,Ertapenem,0.28057553956834536,140,1,139,0.94329725475125,0.5957537315417613
Morganella_Morganii,Erythromycin,,0,0,0,0.94329725475125,0.5957537315417613
Morganella_Morganii,Ethambutol_5mg-l,,0,0,0,0.94329725475125,0.5957537315417613
Morganella_Morganii,Fluconazole,,0,0,0,0.94329725475125,0.5957537315417613
Morganella_Morganii,Fosfomycin,0.5720720720720721,83,74,9,0.94329725475125,0.5957537315417613
Morganella_Morganii,Fusidic acid,,0,0,0,0.94329725475125,0.5957537315417613
Morganella_Morganii,Gentamicin,0.6644219977553311,92,11,81,0.94329725475125,0.5957537315417613
Morganella_Morganii,Gentamicin_high_level,,0,0,0,0.94329725475125,0.5957537315417613
Morganella_Morganii,Imipenem,0.7782734190501182,140,103,37,0.94329725475125,0.5957537315417613
Morganella_Morganii,Isavuconazole,,0,0,0,0.94329725475125,0.5957537315417613
Morganella_Morganii,Isoniazid_.1mg-l,,0,0,0,0.94329725475125,0.5957537315417613
Morganella_Morganii,Isoniazid_.4mg-l,,0,0,0,0.94329725475125,0.5957537315417613
Morganella_Morganii,Itraconazole,,0,0,0,0.94329725475125,0.5957537315417613
Morganella_Morganii,Levofloxacin,0.7261818181818183,135,25,110,0.94329725475125,0.5957537315417613
Morganella_Morganii,Linezolid,,0,0,0,0.94329725475125,0.5957537315417613
Morganella_Morganii,MRSA,,0,0,0,0.94329725475125,0.5957537315417613
Morganella_Morganii,Meropenem,,137,0,137,0.94329725475125,0.5957537315417613
Morganella_Morganii,Meropenem-Vaborbactam,,0,0,0,0.94329725475125,0.5957537315417613
Morganella_Morganii,Meropenem_with_meningitis,,0,0,0,0.94329725475125,0.5957537315417613
Morganella_Morganii,Meropenem_with_pneumonia,,0,0,0,0.94329725475125,0.5957537315417613
Morganella_Morganii,Meropenem_without_meningitis,,0,0,0,0.94329725475125,0.5957537315417613
Morganella_Morganii,Metronidazole,,0,0,0,0.94329725475125,0.5957537315417613
Morganella_Morganii,Micafungin,,0,0,0,0.94329725475125,0.5957537315417613
Morganella_Morganii,Minocycline,,0,0,0,0.94329725475125,0.5957537315417613
Morganella_Morganii,Moxifloxacin,,0,0,0,0.94329725475125,0.5957537315417613
Morganella_Morganii,Mupirocin,,0,0,0,0.94329725475125,0.5957537315417613
Morganella_Morganii,Nitrofurantoin,0.22839506172839505,83,81,2,0.94329725475125,0.5957537315417613
Morganella_Morganii,Norfloxacin,0.6892109500805152,87,18,69,0.94329725475125,0.5957537315417613
Morganella_Morganii,Novobiocin,,0,0,0,0.94329725475125,0.5957537315417613
Morganella_Morganii,Ofloxacin,,0,0,0,0.94329725475125,0.5957537315417613
Morganella_Morganii,Oxacillin,,0,0,0,0.94329725475125,0.5957537315417613
Morganella_Morganii,Pefloxacin,,0,0,0,0.94329725475125,0.5957537315417613
Morganella_Morganii,Penicillin,,0,0,0,0.94329725475125,0.5957537315417613
Morganella_Morganii,Penicillin_with_endokarditis,,0,0,0,0.94329725475125,0.5957537315417613
Morganella_Morganii,Penicillin_with_meningitis,,0,0,0,0.94329725475125,0.5957537315417613
Morganella_Morganii,Penicillin_with_other_infections,,0,0,0,0.94329725475125,0.5957537315417613
Morganella_Morganii,Penicillin_with_pneumonia,,0,0,0,0.94329725475125,0.5957537315417613
Morganella_Morganii,Penicillin_without_endokarditis,,0,0,0,0.94329725475125,0.5957537315417613
Morganella_Morganii,Penicillin_without_meningitis,,0,0,0,0.94329725475125,0.5957537315417613
Morganella_Morganii,Piperacillin,0.7050000000000001,50,20,30,0.94329725475125,0.5957537315417613
Morganella_Morganii,Piperacillin-Tazobactam,0.8850574712643678,88,1,87,0.94329725475125,0.5957537315417613
Morganella_Morganii,Polymyxin B,,23,23,0,0.94329725475125,0.5957537315417613
Morganella_Morganii,Posaconazole,,0,0,0,0.94329725475125,0.5957537315417613
Morganella_Morganii,Pristinamycin,,0,0,0,0.94329725475125,0.5957537315417613
Morganella_Morganii,Pyrazinamide,,0,0,0,0.94329725475125,0.5957537315417613
Morganella_Morganii,Rifampicin,,0,0,0,0.94329725475125,0.5957537315417613
Morganella_Morganii,Rifampicin_1mg-l,,0,0,0,0.94329725475125,0.5957537315417613
Morganella_Morganii,Sparfloxacin,,0,0,0,0.94329725475125,0.5957537315417613
Morganella_Morganii,Strepomycin_high_level,,0,0,0,0.94329725475125,0.5957537315417613
Morganella_Morganii,Streptomycin,,0,0,0,0.94329725475125,0.5957537315417613
Morganella_Morganii,Teicoplanin,,0,0,0,0.94329725475125,0.5957537315417613
Morganella_Morganii,Teicoplanin_GRD,,0,0,0,0.94329725475125,0.5957537315417613
Morganella_Morganii,Telithromycin,,0,0,0,0.94329725475125,0.5957537315417613
Morganella_Morganii,Tetracycline,,0,0,0,0.94329725475125,0.5957537315417613
Morganella_Morganii,Ticarcillin,0.631578947368421,63,25,38,0.94329725475125,0.5957537315417613
Morganella_Morganii,Ticarcillin-Clavulan acid,,0,0,0,0.94329725475125,0.5957537315417613
Morganella_Morganii,Tigecycline,,8,0,8,0.94329725475125,0.5957537315417613
Morganella_Morganii,Tobramycin,0.6954365079365079,134,8,126,0.94329725475125,0.5957537315417613
Morganella_Morganii,Vancomycin,,0,0,0,0.94329725475125,0.5957537315417613
Morganella_Morganii,Vancomycin_GRD,,0,0,0,0.94329725475125,0.5957537315417613
Morganella_Morganii,Voriconazole,,0,0,0,0.94329725475125,0.5957537315417613
Proteus_Vulgaris,5-Fluorocytosine,,0,0,0,0.984548765569395,0.723521629009658
Proteus_Vulgaris,Amikacin,0.8611111111111112,73,1,72,0.984548765569395,0.723521629009658
Proteus_Vulgaris,Amoxicillin,,0,0,0,0.984548765569395,0.723521629009658
Proteus_Vulgaris,Amoxicillin-Clavulanic acid,0.5694164989939638,78,7,71,0.984548765569395,0.723521629009658
Proteus_Vulgaris,Amoxicillin-Clavulanic acid_uncomplicated_HWI,,0,0,0,0.984548765569395,0.723521629009658
Proteus_Vulgaris,Amphotericin B,,0,0,0,0.984548765569395,0.723521629009658
Proteus_Vulgaris,Ampicillin,,32,32,0,0.984548765569395,0.723521629009658
Proteus_Vulgaris,Ampicillin-Sulbactam,,0,0,0,0.984548765569395,0.723521629009658
Proteus_Vulgaris,Anidulafungin,,0,0,0,0.984548765569395,0.723521629009658
Proteus_Vulgaris,Azithromycin,,0,0,0,0.984548765569395,0.723521629009658
Proteus_Vulgaris,Aztreonam,,8,0,8,0.984548765569395,0.723521629009658
Proteus_Vulgaris,Bacitracin,,0,0,0,0.984548765569395,0.723521629009658
Proteus_Vulgaris,Benzylpenicillin,,0,0,0,0.984548765569395,0.723521629009658
Proteus_Vulgaris,Benzylpenicillin_others,,0,0,0,0.984548765569395,0.723521629009658
Proteus_Vulgaris,Benzylpenicillin_with_meningitis,,0,0,0,0.984548765569395,0.723521629009658
Proteus_Vulgaris,Benzylpenicillin_with_pneumonia,,0,0,0,0.984548765569395,0.723521629009658
Proteus_Vulgaris,Caspofungin,,0,0,0,0.984548765569395,0.723521629009658
Proteus_Vulgaris,Cefalotin-Cefazolin,,0,0,0,0.984548765569395,0.723521629009658
Proteus_Vulgaris,Cefazolin,,0,0,0,0.984548765569395,0.723521629009658
Proteus_Vulgaris,Cefepime,0.5833333333333333,73,1,72,0.984548765569395,0.723521629009658
Proteus_Vulgaris,Cefixime,,8,0,8,0.984548765569395,0.723521629009658
Proteus_Vulgaris,Cefotaxime,,8,0,8,0.984548765569395,0.723521629009658
Proteus_Vulgaris,Cefoxitin,,4,0,4,0.984548765569395,0.723521629009658
Proteus_Vulgaris,Cefoxitin_screen,,0,0,0,0.984548765569395,0.723521629009658
Proteus_Vulgaris,Cefpodoxime,0.6476190476190475,26,5,21,0.984548765569395,0.723521629009658
Proteus_Vulgaris,Ceftarolin,,0,0,0,0.984548765569395,0.723521629009658
Proteus_Vulgaris,Ceftazidime,0.7176470588235294,86,1,85,0.984548765569395,0.723521629009658
Proteus_Vulgaris,Ceftazidime-Avibactam,,0,0,0,0.984548765569395,0.723521629009658
Proteus_Vulgaris,Ceftobiprole,,0,0,0,0.984548765569395,0.723521629009658
Proteus_Vulgaris,Ceftolozane-Tazobactam,,0,0,0,0.984548765569395,0.723521629009658
Proteus_Vulgaris,Ceftriaxone,,78,0,78,0.984548765569395,0.723521629009658
Proteus_Vulgaris,Cefuroxime,,32,32,0,0.984548765569395,0.723521629009658
Proteus_Vulgaris,Cefuroxime.1,,0,0,0,0.984548765569395,0.723521629009658
Proteus_Vulgaris,Chloramphenicol,,5,0,5,0.984548765569395,0.723521629009658
Proteus_Vulgaris,Ciprofloxacin,0.9883720930232558,87,1,86,0.984548765569395,0.723521629009658
Proteus_Vulgaris,Clarithromycin,,0,0,0,0.984548765569395,0.723521629009658
Proteus_Vulgaris,Clindamycin,,0,0,0,0.984548765569395,0.723521629009658
Proteus_Vulgaris,Clindamycin_induced,,0,0,0,0.984548765569395,0.723521629009658
Proteus_Vulgaris,Colistin,,63,63,0,0.984548765569395,0.723521629009658
Proteus_Vulgaris,Cotrimoxazol,0.33333333333333337,4,1,3,0.984548765569395,0.723521629009658
Proteus_Vulgaris,Cotrimoxazole,0.7771428571428571,75,5,70,0.984548765569395,0.723521629009658
Proteus_Vulgaris,Daptomycin,,0,0,0,0.984548765569395,0.723521629009658
Proteus_Vulgaris,Doxycycline,,0,0,0,0.984548765569395,0.723521629009658
Proteus_Vulgaris,Ertapenem,,67,0,67,0.984548765569395,0.723521629009658
Proteus_Vulgaris,Erythromycin,,0,0,0,0.984548765569395,0.723521629009658
Proteus_Vulgaris,Ethambutol_5mg-l,,0,0,0,0.984548765569395,0.723521629009658
Proteus_Vulgaris,Fluconazole,,0,0,0,0.984548765569395,0.723521629009658
Proteus_Vulgaris,Fosfomycin,0.7571428571428571,27,7,20,0.984548765569395,0.723521629009658
Proteus_Vulgaris,Fusidic acid,,0,0,0,0.984548765569395,0.723521629009658
Proteus_Vulgaris,Gentamicin,0.8709677419354839,32,1,31,0.984548765569395,0.723521629009658
Proteus_Vulgaris,Gentamicin_high_level,,0,0,0,0.984548765569395,0.723521629009658
Proteus_Vulgaris,Imipenem,0.5900178253119429,62,51,11,0.984548765569395,0.723521629009658
Proteus_Vulgaris,Isavuconazole,,0,0,0,0.984548765569395,0.723521629009658
Proteus_Vulgaris,Isoniazid_.1mg-l,,0,0,0,0.984548765569395,0.723521629009658
Proteus_Vulgaris,Isoniazid_.4mg-l,,0,0,0,0.984548765569395,0.723521629009658
Proteus_Vulgaris,Itraconazole,,0,0,0,0.984548765569395,0.723521629009658
Proteus_Vulgaris,Levofloxacin,0.9516129032258065,63,1,62,0.984548765569395,0.723521629009658
Proteus_Vulgaris,Linezolid,,0,0,0,0.984548765569395,0.723521629009658
Proteus_Vulgaris,MRSA,,0,0,0,0.984548765569395,0.723521629009658
Proteus_Vulgaris,Meropenem,,67,0,67,0.984548765569395,0.723521629009658
Proteus_Vulgaris,Meropenem-Vaborbactam,,0,0,0,0.984548765569395,0.723521629009658
Proteus_Vulgaris,Meropenem_with_meningitis,,0,0,0,0.984548765569395,0.723521629009658
Proteus_Vulgaris,Meropenem_with_pneumonia,,0,0,0,0.984548765569395,0.723521629009658
Proteus_Vulgaris,Meropenem_without_meningitis,,0,0,0,0.984548765569395,0.723521629009658
Proteus_Vulgaris,Metronidazole,,0,0,0,0.984548765569395,0.723521629009658
Proteus_Vulgaris,Micafungin,,0,0,0,0.984548765569395,0.723521629009658
Proteus_Vulgaris,Minocycline,,0,0,0,0.984548765569395,0.723521629009658
Proteus_Vulgaris,Moxifloxacin,,0,0,0,0.984548765569395,0.723521629009658
Proteus_Vulgaris,Mupirocin,,0,0,0,0.984548765569395,0.723521629009658
Proteus_Vulgaris,Nitrofurantoin,,27,27,0,0.984548765569395,0.723521629009658
Proteus_Vulgaris,Norfloxacin,,48,0,48,0.984548765569395,0.723521629009658
Proteus_Vulgaris,Novobiocin,,0,0,0,0.984548765569395,0.723521629009658
Proteus_Vulgaris,Ofloxacin,,0,0,0,0.984548765569395,0.723521629009658
Proteus_Vulgaris,Oxacillin,,0,0,0,0.984548765569395,0.723521629009658
Proteus_Vulgaris,Pefloxacin,,0,0,0,0.984548765569395,0.723521629009658
Proteus_Vulgaris,Penicillin,,0,0,0,0.984548765569395,0.723521629009658
Proteus_Vulgaris,Penicillin_with_endokarditis,,0,0,0,0.984548765569395,0.723521629009658
Proteus_Vulgaris,Penicillin_with_meningitis,,0,0,0,0.984548765569395,0.723521629009658
Proteus_Vulgaris,Penicillin_with_other_infections,,0,0,0,0.984548765569395,0.723521629009658
Proteus_Vulgaris,Penicillin_with_pneumonia,,0,0,0,0.984548765569395,0.723521629009658
Proteus_Vulgaris,Penicillin_without_endokarditis,,0,0,0,0.984548765569395,0.723521629009658
Proteus_Vulgaris,Penicillin_without_meningitis,,0,0,0,0.984548765569395,0.723521629009658
Proteus_Vulgaris,Piperacillin,,8,8,0,0.984548765569395,0.723521629009658
Proteus_Vulgaris,Piperacillin-Tazobactam,,65,0,65,0.984548765569395,0.723521629009658
Proteus_Vulgaris,Polymyxin B,,20,20,0,0.984548765569395,0.723521629009658
Proteus_Vulgaris,Posaconazole,,0,0,0,0.984548765569395,0.723521629009658
Proteus_Vulgaris,Pristinamycin,,0,0,0,0.984548765569395,0.723521629009658
Proteus_Vulgaris,Pyrazinamide,,0,0,0,0.984548765569395,0.723521629009658
Proteus_Vulgaris,Rifampicin,,0,0,0,0.984548765569395,0.723521629009658
Proteus_Vulgaris,Rifampicin_1mg-l,,0,0,0,0.984548765569395,0.723521629009658
Proteus_Vulgaris,Sparfloxacin,,0,0,0,0.984548765569395,0.723521629009658
Proteus_Vulgaris,Strepomycin_high_level,,0,0,0,0.984548765569395,0.723521629009658
Proteus_Vulgaris,Streptomycin,,0,0,0,0.984548765569395,0.723521629009658
Proteus_Vulgaris,Teicoplanin,,0,0,0,0.984548765569395,0.723521629009658
Proteus_Vulgaris,Teicoplanin_GRD,,0,0,0,0.984548765569395,0.723521629009658
Proteus_Vulgaris,Telithromycin,,0,0,0,0.984548765569395,0.723521629009658
Proteus_Vulgaris,Tetracycline,,0,0,0,0.984548765569395,0.723521629009658
Proteus_Vulgaris,Ticarcillin,,8,8,0,0.984548765569395,0.723521629009658
Proteus_Vulgaris,Ticarcillin-Clavulan acid,,0,0,0,0.984548765569395,0.723521629009658
Proteus_Vulgaris,Tigecycline,,8,8,0,0.984548765569395,0.723521629009658
Proteus_Vulgaris,Tobramycin,0.7580645161290323,63,1,62,0.984548765569395,0.723521629009658
Proteus_Vulgaris,Vancomycin,,0,0,0,0.984548765569395,0.723521629009658
Proteus_Vulgaris,Vancomycin_GRD,,0,0,0,0.984548765569395,0.723521629009658
Proteus_Vulgaris,Voriconazole,,0,0,0,0.984548765569395,0.723521629009658
Staphylococcus_Haemolyticus,5-Fluorocytosine,,0,0,0,0.9576629160806376,0.8402562568136499
Staphylococcus_Haemolyticus,Amikacin,0.8,6,5,1,0.9576629160806376,0.8402562568136499
Staphylococcus_Haemolyticus,Amoxicillin,,0,0,0,0.9576629160806376,0.8402562568136499
Staphylococcus_Haemolyticus,Amoxicillin-Clavulanic acid,0.9589285714285714,51,35,16,0.9576629160806376,0.8402562568136499
Staphylococcus_Haemolyticus,Amoxicillin-Clavulanic acid_uncomplicated_HWI,,0,0,0,0.9576629160806376,0.8402562568136499
Staphylococcus_Haemolyticus,Amphotericin B,,0,0,0,0.9576629160806376,0.8402562568136499
Staphylococcus_Haemolyticus,Ampicillin,,6,6,0,0.9576629160806376,0.8402562568136499
Staphylococcus_Haemolyticus,Ampicillin-Sulbactam,,0,0,0,0.9576629160806376,0.8402562568136499
Staphylococcus_Haemolyticus,Anidulafungin,,0,0,0,0.9576629160806376,0.8402562568136499
Staphylococcus_Haemolyticus,Azithromycin,,0,0,0,0.9576629160806376,0.8402562568136499
Staphylococcus_Haemolyticus,Aztreonam,,0,0,0,0.9576629160806376,0.8402562568136499
Staphylococcus_Haemolyticus,Bacitracin,,0,0,0,0.9576629160806376,0.8402562568136499
Staphylococcus_Haemolyticus,Benzylpenicillin,,6,6,0,0.9576629160806376,0.8402562568136499
Staphylococcus_Haemolyticus,Benzylpenicillin_others,,0,0,0,0.9576629160806376,0.8402562568136499
Staphylococcus_Haemolyticus,Benzylpenicillin_with_meningitis,,0,0,0,0.9576629160806376,0.8402562568136499
Staphylococcus_Haemolyticus,Benzylpenicillin_with_pneumonia,,0,0,0,0.9576629160806376,0.8402562568136499
Staphylococcus_Haemolyticus,Caspofungin,,0,0,0,0.9576629160806376,0.8402562568136499
Staphylococcus_Haemolyticus,Cefalotin-Cefazolin,,0,0,0,0.9576629160806376,0.8402562568136499
Staphylococcus_Haemolyticus,Cefazolin,0.9815668202764978,45,31,14,0.9576629160806376,0.8402562568136499
Staphylococcus_Haemolyticus,Cefepime,0.9607142857142857,51,35,16,0.9576629160806376,0.8402562568136499
Staphylococcus_Haemolyticus,Cefixime,,0,0,0,0.9576629160806376,0.8402562568136499
Staphylococcus_Haemolyticus,Cefotaxime,,0,0,0,0.9576629160806376,0.8402562568136499
Staphylococcus_Haemolyticus,Cefoxitin,,0,0,0,0.9576629160806376,0.8402562568136499
Staphylococcus_Haemolyticus,Cefoxitin_screen,,0,0,0,0.9576629160806376,0.8402562568136499
Staphylococcus_Haemolyticus,Cefpodoxime,,0,0,0,0.9576629160806376,0.8402562568136499
Staphylococcus_Haemolyticus,Ceftarolin,,0,0,0,0.9576629160806376,0.8402562568136499
Staphylococcus_Haemolyticus,Ceftazidime,,0,0,0,0.9576629160806376,0.8402562568136499
Staphylococcus_Haemolyticus,Ceftazidime-Avibactam,,0,0,0,0.9576629160806376,0.8402562568136499
Staphylococcus_Haemolyticus,Ceftobiprole,,0,0,0,0.9576629160806376,0.8402562568136499
Staphylococcus_Haemolyticus,Ceftolozane-Tazobactam,,0,0,0,0.9576629160806376,0.8402562568136499
Staphylococcus_Haemolyticus,Ceftriaxone,0.9884792626728112,45,31,14,0.9576629160806376,0.8402562568136499
Staphylococcus_Haemolyticus,Cefuroxime,0.9792626728110599,45,31,14,0.9576629160806376,0.8402562568136499
Staphylococcus_Haemolyticus,Cefuroxime.1,,0,0,0,0.9576629160806376,0.8402562568136499
Staphylococcus_Haemolyticus,Chloramphenicol,,6,0,6,0.9576629160806376,0.8402562568136499
Staphylococcus_Haemolyticus,Ciprofloxacin,0.9375,60,36,24,0.9576629160806376,0.8402562568136499
Staphylococcus_Haemolyticus,Clarithromycin,,0,0,0,0.9576629160806376,0.8402562568136499
Staphylococcus_Haemolyticus,Clindamycin,0.60546875,56,32,24,0.9576629160806376,0.8402562568136499
Staphylococcus_Haemolyticus,Clindamycin_induced,,0,0,0,0.9576629160806376,0.8402562568136499
Staphylococcus_Haemolyticus,Colistin,,0,0,0,0.9576629160806376,0.8402562568136499
Staphylococcus_Haemolyticus,Cotrimoxazol,0.75,6,2,4,0.9576629160806376,0.8402562568136499
Staphylococcus_Haemolyticus,Cotrimoxazole,0.9178571428571429,48,20,28,0.9576629160806376,0.8402562568136499
Staphylococcus_Haemolyticus,Daptomycin,,60,0,60,0.9576629160806376,0.8402562568136499
Staphylococcus_Haemolyticus,Doxycycline,,0,0,0,0.9576629160806376,0.8402562568136499
Staphylococcus_Haemolyticus,Ertapenem,,0,0,0,0.9576629160806376,0.8402562568136499
Staphylococcus_Haemolyticus,Erythromycin,0.7653061224489797,57,49,8,0.9576629160806376,0.8402562568136499
Staphylococcus_Haemolyticus,Ethambutol_5mg-l,,0,0,0,0.9576629160806376,0.8402562568136499
Staphylococcus_Haemolyticus,Fluconazole,,0,0,0,0.9576629160806376,0.8402562568136499
Staphylococcus_Haemolyticus,Fosfomycin,0.4,12,10,2,0.9576629160806376,0.8402562568136499
Staphylococcus_Haemolyticus,Fusidic acid,0.6876876876876876,55,18,37,0.9576629160806376,0.8402562568136499
Staphylococcus_Haemolyticus,Gentamicin,0.9628571428571429,55,35,20,0.9576629160806376,0.8402562568136499
Staphylococcus_Haemolyticus,Gentamicin_high_level,,0,0,0,0.9576629160806376,0.8402562568136499
Staphylococcus_Haemolyticus,Imipenem,0.9749034749034748,51,37,14,0.9576629160806376,0.8402562568136499
Staphylococcus_Haemolyticus,Isavuconazole,,0,0,0,0.9576629160806376,0.8402562568136499
Staphylococcus_Haemolyticus,Isoniazid_.1mg-l,,0,0,0,0.9576629160806376,0.8402562568136499
Staphylococcus_Haemolyticus,Isoniazid_.4mg-l,,0,0,0,0.9576629160806376,0.8402562568136499
Staphylococcus_Haemolyticus,Itraconazole,,0,0,0,0.9576629160806376,0.8402562568136499
Staphylococcus_Haemolyticus,Levofloxacin,0.8148148148148149,12,9,3,0.9576629160806376,0.8402562568136499
Staphylococcus_Haemolyticus,Linezolid,,58,0,58,0.9576629160806376,0.8402562568136499
Staphylococcus_Haemolyticus,MRSA,,0,0,0,0.9576629160806376,0.8402562568136499
Staphylococcus_Haemolyticus,Meropenem,0.9861751152073733,45,31,14,0.9576629160806376,0.8402562568136499
Staphylococcus_Haemolyticus,Meropenem-Vaborbactam,,0,0,0,0.9576629160806376,0.8402562568136499
Staphylococcus_Haemolyticus,Meropenem_with_meningitis,,0,0,0,0.9576629160806376,0.8402562568136499
Staphylococcus_Haemolyticus,Meropenem_with_pneumonia,,0,0,0,0.9576629160806376,0.8402562568136499
Staphylococcus_Haemolyticus,Meropenem_without_meningitis,,0,0,0,0.9576629160806376,0.8402562568136499
Staphylococcus_Haemolyticus,Metronidazole,,0,0,0,0.9576629160806376,0.8402562568136499
Staphylococcus_Haemolyticus,Micafungin,,0,0,0,0.9576629160806376,0.8402562568136499
Staphylococcus_Haemolyticus,Minocycline,,6,0,6,0.9576629160806376,0.8402562568136499
Staphylococcus_Haemolyticus,Moxifloxacin,,5,5,0,0.9576629160806376,0.8402562568136499
Staphylococcus_Haemolyticus,Mupirocin,0.675,13,5,8,0.9576629160806376,0.8402562568136499
Staphylococcus_Haemolyticus,Nitrofurantoin,,0,0,0,0.9576629160806376,0.8402562568136499
Staphylococcus_Haemolyticus,Norfloxacin,,0,0,0,0.9576629160806376,0.8402562568136499
Staphylococcus_Haemolyticus,Novobiocin,,0,0,0,0.9576629160806376,0.8402562568136499
Staphylococcus_Haemolyticus,Ofloxacin,,0,0,0,0.9576629160806376,0.8402562568136499
Staphylococcus_Haemolyticus,Oxacillin,0.9037940379403794,59,41,18,0.9576629160806376,0.8402562568136499
Staphylococcus_Haemolyticus,Pefloxacin,,0,0,0,0.9576629160806376,0.8402562568136499
Staphylococcus_Haemolyticus,Penicillin,0.6470588235294118,52,51,1,0.9576629160806376,0.8402562568136499
Staphylococcus_Haemolyticus,Penicillin_with_endokarditis,,0,0,0,0.9576629160806376,0.8402562568136499
Staphylococcus_Haemolyticus,Penicillin_with_meningitis,,0,0,0,0.9576629160806376,0.8402562568136499
Staphylococcus_Haemolyticus,Penicillin_with_other_infections,,0,0,0,0.9576629160806376,0.8402562568136499
Staphylococcus_Haemolyticus,Penicillin_with_pneumonia,,0,0,0,0.9576629160806376,0.8402562568136499
Staphylococcus_Haemolyticus,Penicillin_without_endokarditis,,0,0,0,0.9576629160806376,0.8402562568136499
Staphylococcus_Haemolyticus,Penicillin_without_meningitis,,0,0,0,0.9576629160806376,0.8402562568136499
Staphylococcus_Haemolyticus,Piperacillin,,0,0,0,0.9576629160806376,0.8402562568136499
Staphylococcus_Haemolyticus,Piperacillin-Tazobactam,0.9861751152073733,45,31,14,0.9576629160806376,0.8402562568136499
Staphylococcus_Haemolyticus,Polymyxin B,,0,0,0,0.9576629160806376,0.8402562568136499
Staphylococcus_Haemolyticus,Posaconazole,,0,0,0,0.9576629160806376,0.8402562568136499
Staphylococcus_Haemolyticus,Pristinamycin,,6,0,6,0.9576629160806376,0.8402562568136499
Staphylococcus_Haemolyticus,Pyrazinamide,,0,0,0,0.9576629160806376,0.8402562568136499
Staphylococcus_Haemolyticus,Rifampicin,0.895,54,4,50,0.9576629160806376,0.8402562568136499
Staphylococcus_Haemolyticus,Rifampicin_1mg-l,,0,0,0,0.9576629160806376,0.8402562568136499
Staphylococcus_Haemolyticus,Sparfloxacin,,0,0,0,0.9576629160806376,0.8402562568136499
Staphylococcus_Haemolyticus,Strepomycin_high_level,,0,0,0,0.9576629160806376,0.8402562568136499
Staphylococcus_Haemolyticus,Streptomycin,,0,0,0,0.9576629160806376,0.8402562568136499
Staphylococcus_Haemolyticus,Teicoplanin,0.9148936170212765,57,10,47,0.9576629160806376,0.8402562568136499
Staphylococcus_Haemolyticus,Teicoplanin_GRD,,0,0,0,0.9576629160806376,0.8402562568136499
Staphylococcus_Haemolyticus,Telithromycin,,0,0,0,0.9576629160806376,0.8402562568136499
Staphylococcus_Haemolyticus,Tetracycline,0.7129629629629629,57,21,36,0.9576629160806376,0.8402562568136499
Staphylococcus_Haemolyticus,Ticarcillin,,0,0,0,0.9576629160806376,0.8402562568136499
Staphylococcus_Haemolyticus,Ticarcillin-Clavulan acid,,0,0,0,0.9576629160806376,0.8402562568136499
Staphylococcus_Haemolyticus,Tigecycline,,51,0,51,0.9576629160806376,0.8402562568136499
Staphylococcus_Haemolyticus,Tobramycin,0.8,6,5,1,0.9576629160806376,0.8402562568136499
Staphylococcus_Haemolyticus,Vancomycin,,60,0,60,0.9576629160806376,0.8402562568136499
Staphylococcus_Haemolyticus,Vancomycin_GRD,,0,0,0,0.9576629160806376,0.8402562568136499
Staphylococcus_Haemolyticus,Voriconazole,,0,0,0,0.9576629160806376,0.8402562568136499
Candida_Albicans,5-Fluorocytosine,,59,0,59,0.8265066964285714,0.6561763475942318
Candida_Albicans,Amikacin,,0,0,0,0.8265066964285714,0.6561763475942318
Candida_Albicans,Amoxicillin,,0,0,0,0.8265066964285714,0.6561763475942318
Candida_Albicans,Amoxicillin-Clavulanic acid,,0,0,0,0.8265066964285714,0.6561763475942318
Candida_Albicans,Amoxicillin-Clavulanic acid_uncomplicated_HWI,,0,0,0,0.8265066964285714,0.6561763475942318
Candida_Albicans,Amphotericin B,,62,0,62,0.8265066964285714,0.6561763475942318
Candida_Albicans,Ampicillin,,0,0,0,0.8265066964285714,0.6561763475942318
Candida_Albicans,Ampicillin-Sulbactam,,0,0,0,0.8265066964285714,0.6561763475942318
Candida_Albicans,Anidulafungin,0.5881458966565349,61,14,47,0.8265066964285714,0.6561763475942318
Candida_Albicans,Azithromycin,,0,0,0,0.8265066964285714,0.6561763475942318
Candida_Albicans,Aztreonam,,0,0,0,0.8265066964285714,0.6561763475942318
Candida_Albicans,Bacitracin,,0,0,0,0.8265066964285714,0.6561763475942318
Candida_Albicans,Benzylpenicillin,,0,0,0,0.8265066964285714,0.6561763475942318
Candida_Albicans,Benzylpenicillin_others,,0,0,0,0.8265066964285714,0.6561763475942318
Candida_Albicans,Benzylpenicillin_with_meningitis,,0,0,0,0.8265066964285714,0.6561763475942318
Candida_Albicans,Benzylpenicillin_with_pneumonia,,0,0,0,0.8265066964285714,0.6561763475942318
Candida_Albicans,Caspofungin,1.0,63,1,62,0.8265066964285714,0.6561763475942318
Candida_Albicans,Cefalotin-Cefazolin,,0,0,0,0.8265066964285714,0.6561763475942318
Candida_Albicans,Cefazolin,,0,0,0,0.8265066964285714,0.6561763475942318
Candida_Albicans,Cefepime,,0,0,0,0.8265066964285714,0.6561763475942318
Candida_Albicans,Cefixime,,0,0,0,0.8265066964285714,0.6561763475942318
Candida_Albicans,Cefotaxime,,0,0,0,0.8265066964285714,0.6561763475942318
Candida_Albicans,Cefoxitin,,0,0,0,0.8265066964285714,0.6561763475942318
Candida_Albicans,Cefoxitin_screen,,0,0,0,0.8265066964285714,0.6561763475942318
Candida_Albicans,Cefpodoxime,,0,0,0,0.8265066964285714,0.6561763475942318
Candida_Albicans,Ceftarolin,,0,0,0,0.8265066964285714,0.6561763475942318
Candida_Albicans,Ceftazidime,,0,0,0,0.8265066964285714,0.6561763475942318
Candida_Albicans,Ceftazidime-Avibactam,,0,0,0,0.8265066964285714,0.6561763475942318
Candida_Albicans,Ceftobiprole,,0,0,0,0.8265066964285714,0.6561763475942318
Candida_Albicans,Ceftolozane-Tazobactam,,0,0,0,0.8265066964285714,0.6561763475942318
Candida_Albicans,Ceftriaxone,,0,0,0,0.8265066964285714,0.6561763475942318
Candida_Albicans,Cefuroxime,,0,0,0,0.8265066964285714,0.6561763475942318
Candida_Albicans,Cefuroxime.1,,0,0,0,0.8265066964285714,0.6561763475942318
Candida_Albicans,Chloramphenicol,,0,0,0,0.8265066964285714,0.6561763475942318
Candida_Albicans,Ciprofloxacin,,0,0,0,0.8265066964285714,0.6561763475942318
Candida_Albicans,Clarithromycin,,0,0,0,0.8265066964285714,0.6561763475942318
Candida_Albicans,Clindamycin,,0,0,0,0.8265066964285714,0.6561763475942318
Candida_Albicans,Clindamycin_induced,,0,0,0,0.8265066964285714,0.6561763475942318
Candida_Albicans,Colistin,,0,0,0,0.8265066964285714,0.6561763475942318
Candida_Albicans,Cotrimoxazol,,0,0,0,0.8265066964285714,0.6561763475942318
Candida_Albicans,Cotrimoxazole,,0,0,0,0.8265066964285714,0.6561763475942318
Candida_Albicans,Daptomycin,,0,0,0,0.8265066964285714,0.6561763475942318
Candida_Albicans,Doxycycline,,0,0,0,0.8265066964285714,0.6561763475942318
Candida_Albicans,Ertapenem,,0,0,0,0.8265066964285714,0.6561763475942318
Candida_Albicans,Erythromycin,,0,0,0,0.8265066964285714,0.6561763475942318
Candida_Albicans,Ethambutol_5mg-l,,0,0,0,0.8265066964285714,0.6561763475942318
Candida_Albicans,Fluconazole,0.6083333333333333,62,2,60,0.8265066964285714,0.6561763475942318
Candida_Albicans,Fosfomycin,,0,0,0,0.8265066964285714,0.6561763475942318
Candida_Albicans,Fusidic acid,,0,0,0,0.8265066964285714,0.6561763475942318
Candida_Albicans,Gentamicin,,0,0,0,0.8265066964285714,0.6561763475942318
Candida_Albicans,Gentamicin_high_level,,0,0,0,0.8265066964285714,0.6561763475942318
Candida_Albicans,Imipenem,,0,0,0,0.8265066964285714,0.6561763475942318
Candida_Albicans,Isavuconazole,,0,0,0,0.8265066964285714,0.6561763475942318
Candida_Albicans,Isoniazid_.1mg-l,,0,0,0,0.8265066964285714,0.6561763475942318
Candida_Albicans,Isoniazid_.4mg-l,,0,0,0,0.8265066964285714,0.6561763475942318
Candida_Albicans,Itraconazole,0.5702127659574469,57,10,47,0.8265066964285714,0.6561763475942318
Candida_Albicans,Levofloxacin,,0,0,0,0.8265066964285714,0.6561763475942318
Candida_Albicans,Linezolid,,0,0,0,0.8265066964285714,0.6561763475942318
Candida_Albicans,MRSA,,0,0,0,0.8265066964285714,0.6561763475942318
Candida_Albicans,Meropenem,,0,0,0,0.8265066964285714,0.6561763475942318
Candida_Albicans,Meropenem-Vaborbactam,,0,0,0,0.8265066964285714,0.6561763475942318
Candida_Albicans,Meropenem_with_meningitis,,0,0,0,0.8265066964285714,0.6561763475942318
Candida_Albicans,Meropenem_with_pneumonia,,0,0,0,0.8265066964285714,0.6561763475942318
Candida_Albicans,Meropenem_without_meningitis,,0,0,0,0.8265066964285714,0.6561763475942318
Candida_Albicans,Metronidazole,,0,0,0,0.8265066964285714,0.6561763475942318
Candida_Albicans,Micafungin,0.8107142857142857,61,5,56,0.8265066964285714,0.6561763475942318
Candida_Albicans,Minocycline,,0,0,0,0.8265066964285714,0.6561763475942318
Candida_Albicans,Moxifloxacin,,0,0,0,0.8265066964285714,0.6561763475942318
Candida_Albicans,Mupirocin,,0,0,0,0.8265066964285714,0.6561763475942318
Candida_Albicans,Nitrofurantoin,,0,0,0,0.8265066964285714,0.6561763475942318
Candida_Albicans,Norfloxacin,,0,0,0,0.8265066964285714,0.6561763475942318
Candida_Albicans,Novobiocin,,0,0,0,0.8265066964285714,0.6561763475942318
Candida_Albicans,Ofloxacin,,0,0,0,0.8265066964285714,0.6561763475942318
Candida_Albicans,Oxacillin,,0,0,0,0.8265066964285714,0.6561763475942318
Candida_Albicans,Pefloxacin,,0,0,0,0.8265066964285714,0.6561763475942318
Candida_Albicans,Penicillin,,0,0,0,0.8265066964285714,0.6561763475942318
Candida_Albicans,Penicillin_with_endokarditis,,0,0,0,0.8265066964285714,0.6561763475942318
Candida_Albicans,Penicillin_with_meningitis,,0,0,0,0.8265066964285714,0.6561763475942318
Candida_Albicans,Penicillin_with_other_infections,,0,0,0,0.8265066964285714,0.6561763475942318
Candida_Albicans,Penicillin_with_pneumonia,,0,0,0,0.8265066964285714,0.6561763475942318
Candida_Albicans,Penicillin_without_endokarditis,,0,0,0,0.8265066964285714,0.6561763475942318
Candida_Albicans,Penicillin_without_meningitis,,0,0,0,0.8265066964285714,0.6561763475942318
Candida_Albicans,Piperacillin,,0,0,0,0.8265066964285714,0.6561763475942318
Candida_Albicans,Piperacillin-Tazobactam,,0,0,0,0.8265066964285714,0.6561763475942318
Candida_Albicans,Polymyxin B,,0,0,0,0.8265066964285714,0.6561763475942318
Candida_Albicans,Posaconazole,0.6551724137931034,60,2,58,0.8265066964285714,0.6561763475942318
Candida_Albicans,Pristinamycin,,0,0,0,0.8265066964285714,0.6561763475942318
Candida_Albicans,Pyrazinamide,,0,0,0,0.8265066964285714,0.6561763475942318
Candida_Albicans,Rifampicin,,0,0,0,0.8265066964285714,0.6561763475942318
Candida_Albicans,Rifampicin_1mg-l,,0,0,0,0.8265066964285714,0.6561763475942318
Candida_Albicans,Sparfloxacin,,0,0,0,0.8265066964285714,0.6561763475942318
Candida_Albicans,Strepomycin_high_level,,0,0,0,0.8265066964285714,0.6561763475942318
Candida_Albicans,Streptomycin,,0,0,0,0.8265066964285714,0.6561763475942318
Candida_Albicans,Teicoplanin,,0,0,0,0.8265066964285714,0.6561763475942318
Candida_Albicans,Teicoplanin_GRD,,0,0,0,0.8265066964285714,0.6561763475942318
Candida_Albicans,Telithromycin,,0,0,0,0.8265066964285714,0.6561763475942318
Candida_Albicans,Tetracycline,,0,0,0,0.8265066964285714,0.6561763475942318
Candida_Albicans,Ticarcillin,,0,0,0,0.8265066964285714,0.6561763475942318
Candida_Albicans,Ticarcillin-Clavulan acid,,0,0,0,0.8265066964285714,0.6561763475942318
Candida_Albicans,Tigecycline,,0,0,0,0.8265066964285714,0.6561763475942318
Candida_Albicans,Tobramycin,,0,0,0,0.8265066964285714,0.6561763475942318
Candida_Albicans,Vancomycin,,0,0,0,0.8265066964285714,0.6561763475942318
Candida_Albicans,Vancomycin_GRD,,0,0,0,0.8265066964285714,0.6561763475942318
Candida_Albicans,Voriconazole,0.360655737704918,62,1,61,0.8265066964285714,0.6561763475942318
Streptococcus_Pneumoniae,5-Fluorocytosine,,0,0,0,0.909540760444375,0.836747181778995
Streptococcus_Pneumoniae,Amikacin,,2,0,2,0.909540760444375,0.836747181778995
Streptococcus_Pneumoniae,Amoxicillin,,0,0,0,0.909540760444375,0.836747181778995
Streptococcus_Pneumoniae,Amoxicillin-Clavulanic acid,,10,0,10,0.909540760444375,0.836747181778995
Streptococcus_Pneumoniae,Amoxicillin-Clavulanic acid_uncomplicated_HWI,,0,0,0,0.909540760444375,0.836747181778995
Streptococcus_Pneumoniae,Amphotericin B,,0,0,0,0.909540760444375,0.836747181778995
Streptococcus_Pneumoniae,Ampicillin,0.9871794871794871,41,2,39,0.909540760444375,0.836747181778995
Streptococcus_Pneumoniae,Ampicillin-Sulbactam,,0,0,0,0.909540760444375,0.836747181778995
Streptococcus_Pneumoniae,Anidulafungin,,0,0,0,0.909540760444375,0.836747181778995
Streptococcus_Pneumoniae,Azithromycin,0.7474747474747475,31,9,22,0.909540760444375,0.836747181778995
Streptococcus_Pneumoniae,Aztreonam,,2,0,2,0.909540760444375,0.836747181778995
Streptococcus_Pneumoniae,Bacitracin,,0,0,0,0.909540760444375,0.836747181778995
Streptococcus_Pneumoniae,Benzylpenicillin,,0,0,0,0.909540760444375,0.836747181778995
Streptococcus_Pneumoniae,Benzylpenicillin_others,,4,0,4,0.909540760444375,0.836747181778995
Streptococcus_Pneumoniae,Benzylpenicillin_with_meningitis,,4,0,4,0.909540760444375,0.836747181778995
Streptococcus_Pneumoniae,Benzylpenicillin_with_pneumonia,,4,0,4,0.909540760444375,0.836747181778995
Streptococcus_Pneumoniae,Caspofungin,,0,0,0,0.909540760444375,0.836747181778995
Streptococcus_Pneumoniae,Cefalotin-Cefazolin,,0,0,0,0.909540760444375,0.836747181778995
Streptococcus_Pneumoniae,Cefazolin,,0,0,0,0.909540760444375,0.836747181778995
Streptococcus_Pneumoniae,Cefepime,0.9516129032258064,33,2,31,0.909540760444375,0.836747181778995
Streptococcus_Pneumoniae,Cefixime,,2,0,2,0.909540760444375,0.836747181778995
Streptococcus_Pneumoniae,Cefotaxime,,35,0,35,0.909540760444375,0.836747181778995
Streptococcus_Pneumoniae,Cefoxitin,,0,0,0,0.909540760444375,0.836747181778995
Streptococcus_Pneumoniae,Cefoxitin_screen,,0,0,0,0.909540760444375,0.836747181778995
Streptococcus_Pneumoniae,Cefpodoxime,,0,0,0,0.909540760444375,0.836747181778995
Streptococcus_Pneumoniae,Ceftarolin,,0,0,0,0.909540760444375,0.836747181778995
Streptococcus_Pneumoniae,Ceftazidime,,2,0,2,0.909540760444375,0.836747181778995
Streptococcus_Pneumoniae,Ceftazidime-Avibactam,,0,0,0,0.909540760444375,0.836747181778995
Streptococcus_Pneumoniae,Ceftobiprole,,0,0,0,0.909540760444375,0.836747181778995
Streptococcus_Pneumoniae,Ceftolozane-Tazobactam,,0,0,0,0.909540760444375,0.836747181778995
Streptococcus_Pneumoniae,Ceftriaxone,0.9565217391304348,47,1,46,0.909540760444375,0.836747181778995
Streptococcus_Pneumoniae,Cefuroxime,0.6142857142857143,33,5,28,0.909540760444375,0.836747181778995
Streptococcus_Pneumoniae,Cefuroxime.1,,0,0,0,0.909540760444375,0.836747181778995
Streptococcus_Pneumoniae,Chloramphenicol,0.8709677419354839,32,1,31,0.909540760444375,0.836747181778995
Streptococcus_Pneumoniae,Ciprofloxacin,1.0,3,1,2,0.909540760444375,0.836747181778995
Streptococcus_Pneumoniae,Clarithromycin,0.8255086071987481,89,18,71,0.909540760444375,0.836747181778995
Streptococcus_Pneumoniae,Clindamycin,0.9009009009009009,43,6,37,0.909540760444375,0.836747181778995
Streptococcus_Pneumoniae,Clindamycin_induced,,0,0,0,0.909540760444375,0.836747181778995
Streptococcus_Pneumoniae,Colistin,,2,0,2,0.909540760444375,0.836747181778995
Streptococcus_Pneumoniae,Cotrimoxazol,,2,0,2,0.909540760444375,0.836747181778995
Streptococcus_Pneumoniae,Cotrimoxazole,,18,0,18,0.909540760444375,0.836747181778995
Streptococcus_Pneumoniae,Daptomycin,,0,0,0,0.909540760444375,0.836747181778995
Streptococcus_Pneumoniae,Doxycycline,,8,0,8,0.909540760444375,0.836747181778995
Streptococcus_Pneumoniae,Ertapenem,,2,0,2,0.909540760444375,0.836747181778995
Streptococcus_Pneumoniae,Erythromycin,0.7972027972027972,37,11,26,0.909540760444375,0.836747181778995
Streptococcus_Pneumoniae,Ethambutol_5mg-l,,0,0,0,0.909540760444375,0.836747181778995
Streptococcus_Pneumoniae,Fluconazole,,0,0,0,0.909540760444375,0.836747181778995
Streptococcus_Pneumoniae,Fosfomycin,,2,0,2,0.909540760444375,0.836747181778995
Streptococcus_Pneumoniae,Fusidic acid,,0,0,0,0.909540760444375,0.836747181778995
Streptococcus_Pneumoniae,Gentamicin,0.6875,10,8,2,0.909540760444375,0.836747181778995
Streptococcus_Pneumoniae,Gentamicin_high_level,,0,0,0,0.909540760444375,0.836747181778995
Streptococcus_Pneumoniae,Imipenem,,2,0,2,0.909540760444375,0.836747181778995
Streptococcus_Pneumoniae,Isavuconazole,,0,0,0,0.909540760444375,0.836747181778995
Streptococcus_Pneumoniae,Isoniazid_.1mg-l,,0,0,0,0.909540760444375,0.836747181778995
Streptococcus_Pneumoniae,Isoniazid_.4mg-l,,0,0,0,0.909540760444375,0.836747181778995
Streptococcus_Pneumoniae,Itraconazole,,0,0,0,0.909540760444375,0.836747181778995
Streptococcus_Pneumoniae,Levofloxacin,0.975,73,33,40,0.909540760444375,0.836747181778995
Streptococcus_Pneumoniae,Linezolid,,33,0,33,0.909540760444375,0.836747181778995
Streptococcus_Pneumoniae,MRSA,,0,0,0,0.909540760444375,0.836747181778995
Streptococcus_Pneumoniae,Meropenem,1.0,33,1,32,0.909540760444375,0.836747181778995
Streptococcus_Pneumoniae,Meropenem-Vaborbactam,,0,0,0,0.909540760444375,0.836747181778995
Streptococcus_Pneumoniae,Meropenem_with_meningitis,1.0,10,1,9,0.909540760444375,0.836747181778995
Streptococcus_Pneumoniae,Meropenem_with_pneumonia,,10,0,10,0.909540760444375,0.836747181778995
Streptococcus_Pneumoniae,Meropenem_without_meningitis,,0,0,0,0.909540760444375,0.836747181778995
Streptococcus_Pneumoniae,Metronidazole,,0,0,0,0.909540760444375,0.836747181778995
Streptococcus_Pneumoniae,Micafungin,,0,0,0,0.909540760444375,0.836747181778995
Streptococcus_Pneumoniae,Minocycline,0.6452991452991452,31,18,13,0.909540760444375,0.836747181778995
Streptococcus_Pneumoniae,Moxifloxacin,0.5,39,1,38,0.909540760444375,0.836747181778995
Streptococcus_Pneumoniae,Mupirocin,,0,0,0,0.909540760444375,0.836747181778995
Streptococcus_Pneumoniae,Nitrofurantoin,,0,0,0,0.909540760444375,0.836747181778995
Streptococcus_Pneumoniae,Norfloxacin,,0,0,0,0.909540760444375,0.836747181778995
Streptococcus_Pneumoniae,Novobiocin,,0,0,0,0.909540760444375,0.836747181778995
Streptococcus_Pneumoniae,Ofloxacin,,0,0,0,0.909540760444375,0.836747181778995
Streptococcus_Pneumoniae,Oxacillin,0.761904761904762,50,8,42,0.909540760444375,0.836747181778995
Streptococcus_Pneumoniae,Pefloxacin,,0,0,0,0.909540760444375,0.836747181778995
Streptococcus_Pneumoniae,Penicillin,0.7926829268292683,47,6,41,0.909540760444375,0.836747181778995
Streptococcus_Pneumoniae,Penicillin_with_endokarditis,,0,0,0,0.909540760444375,0.836747181778995
Streptococcus_Pneumoniae,Penicillin_with_meningitis,0.8198198198198199,46,9,37,0.909540760444375,0.836747181778995
Streptococcus_Pneumoniae,Penicillin_with_other_infections,0.8754578754578755,46,7,39,0.909540760444375,0.836747181778995
Streptococcus_Pneumoniae,Penicillin_with_pneumonia,0.9777777777777777,46,1,45,0.909540760444375,0.836747181778995
Streptococcus_Pneumoniae,Penicillin_without_endokarditis,,0,0,0,0.909540760444375,0.836747181778995
Streptococcus_Pneumoniae,Penicillin_without_meningitis,,0,0,0,0.909540760444375,0.836747181778995
Streptococcus_Pneumoniae,Piperacillin,,2,2,0,0.909540760444375,0.836747181778995
Streptococcus_Pneumoniae,Piperacillin-Tazobactam,,0,0,0,0.909540760444375,0.836747181778995
Streptococcus_Pneumoniae,Polymyxin B,,0,0,0,0.909540760444375,0.836747181778995
Streptococcus_Pneumoniae,Posaconazole,,0,0,0,0.909540760444375,0.836747181778995
Streptococcus_Pneumoniae,Pristinamycin,0.9,31,1,30,0.909540760444375,0.836747181778995
Streptococcus_Pneumoniae,Pyrazinamide,,0,0,0,0.909540760444375,0.836747181778995
Streptococcus_Pneumoniae,Rifampicin,,0,0,0,0.909540760444375,0.836747181778995
Streptococcus_Pneumoniae,Rifampicin_1mg-l,,0,0,0,0.909540760444375,0.836747181778995
Streptococcus_Pneumoniae,Sparfloxacin,,0,0,0,0.909540760444375,0.836747181778995
Streptococcus_Pneumoniae,Strepomycin_high_level,,0,0,0,0.909540760444375,0.836747181778995
Streptococcus_Pneumoniae,Streptomycin,,0,0,0,0.909540760444375,0.836747181778995
Streptococcus_Pneumoniae,Teicoplanin,,0,0,0,0.909540760444375,0.836747181778995
Streptococcus_Pneumoniae,Teicoplanin_GRD,,0,0,0,0.909540760444375,0.836747181778995
Streptococcus_Pneumoniae,Telithromycin,,0,0,0,0.909540760444375,0.836747181778995
Streptococcus_Pneumoniae,Tetracycline,0.6580882352941176,33,16,17,0.909540760444375,0.836747181778995
Streptococcus_Pneumoniae,Ticarcillin,,0,0,0,0.909540760444375,0.836747181778995
Streptococcus_Pneumoniae,Ticarcillin-Clavulan acid,,0,0,0,0.909540760444375,0.836747181778995
Streptococcus_Pneumoniae,Tigecycline,,0,0,0,0.909540760444375,0.836747181778995
Streptococcus_Pneumoniae,Tobramycin,,2,0,2,0.909540760444375,0.836747181778995
Streptococcus_Pneumoniae,Vancomycin,,49,0,49,0.909540760444375,0.836747181778995
Streptococcus_Pneumoniae,Vancomycin_GRD,,0,0,0,0.909540760444375,0.836747181778995
Streptococcus_Pneumoniae,Voriconazole,,0,0,0,0.909540760444375,0.836747181778995
Stenotrophomonas_Maltophilia,5-Fluorocytosine,,0,0,0,0.9762447319415858,0.6948807672246429
Stenotrophomonas_Maltophilia,Amikacin,,46,46,0,0.9762447319415858,0.6948807672246429
Stenotrophomonas_Maltophilia,Amoxicillin,,0,0,0,0.9762447319415858,0.6948807672246429
Stenotrophomonas_Maltophilia,Amoxicillin-Clavulanic acid,,0,0,0,0.9762447319415858,0.6948807672246429
Stenotrophomonas_Maltophilia,Amoxicillin-Clavulanic acid_uncomplicated_HWI,,0,0,0,0.9762447319415858,0.6948807672246429
Stenotrophomonas_Maltophilia,Amphotericin B,,0,0,0,0.9762447319415858,0.6948807672246429
Stenotrophomonas_Maltophilia,Ampicillin,,47,47,0,0.9762447319415858,0.6948807672246429
Stenotrophomonas_Maltophilia,Ampicillin-Sulbactam,,0,0,0,0.9762447319415858,0.6948807672246429
Stenotrophomonas_Maltophilia,Anidulafungin,,0,0,0,0.9762447319415858,0.6948807672246429
Stenotrophomonas_Maltophilia,Azithromycin,,0,0,0,0.9762447319415858,0.6948807672246429
Stenotrophomonas_Maltophilia,Aztreonam,,47,47,0,0.9762447319415858,0.6948807672246429
Stenotrophomonas_Maltophilia,Bacitracin,,0,0,0,0.9762447319415858,0.6948807672246429
Stenotrophomonas_Maltophilia,Benzylpenicillin,,0,0,0,0.9762447319415858,0.6948807672246429
Stenotrophomonas_Maltophilia,Benzylpenicillin_others,,0,0,0,0.9762447319415858,0.6948807672246429
Stenotrophomonas_Maltophilia,Benzylpenicillin_with_meningitis,,0,0,0,0.9762447319415858,0.6948807672246429
Stenotrophomonas_Maltophilia,Benzylpenicillin_with_pneumonia,,0,0,0,0.9762447319415858,0.6948807672246429
Stenotrophomonas_Maltophilia,Caspofungin,,0,0,0,0.9762447319415858,0.6948807672246429
Stenotrophomonas_Maltophilia,Cefalotin-Cefazolin,,0,0,0,0.9762447319415858,0.6948807672246429
Stenotrophomonas_Maltophilia,Cefazolin,,0,0,0,0.9762447319415858,0.6948807672246429
Stenotrophomonas_Maltophilia,Cefepime,0.6035714285714286,47,40,7,0.9762447319415858,0.6948807672246429
Stenotrophomonas_Maltophilia,Cefixime,,1,1,0,0.9762447319415858,0.6948807672246429
Stenotrophomonas_Maltophilia,Cefotaxime,,2,2,0,0.9762447319415858,0.6948807672246429
Stenotrophomonas_Maltophilia,Cefoxitin,,0,0,0,0.9762447319415858,0.6948807672246429
Stenotrophomonas_Maltophilia,Cefoxitin_screen,,0,0,0,0.9762447319415858,0.6948807672246429
Stenotrophomonas_Maltophilia,Cefpodoxime,,0,0,0,0.9762447319415858,0.6948807672246429
Stenotrophomonas_Maltophilia,Ceftarolin,,0,0,0,0.9762447319415858,0.6948807672246429
Stenotrophomonas_Maltophilia,Ceftazidime,0.7548076923076923,56,52,4,0.9762447319415858,0.6948807672246429
Stenotrophomonas_Maltophilia,Ceftazidime-Avibactam,,0,0,0,0.9762447319415858,0.6948807672246429
Stenotrophomonas_Maltophilia,Ceftobiprole,,0,0,0,0.9762447319415858,0.6948807672246429
Stenotrophomonas_Maltophilia,Ceftolozane-Tazobactam,,0,0,0,0.9762447319415858,0.6948807672246429
Stenotrophomonas_Maltophilia,Ceftriaxone,,2,2,0,0.9762447319415858,0.6948807672246429
Stenotrophomonas_Maltophilia,Cefuroxime,,47,47,0,0.9762447319415858,0.6948807672246429
Stenotrophomonas_Maltophilia,Cefuroxime.1,,0,0,0,0.9762447319415858,0.6948807672246429
Stenotrophomonas_Maltophilia,Chloramphenicol,0.5,3,1,2,0.9762447319415858,0.6948807672246429
Stenotrophomonas_Maltophilia,Ciprofloxacin,0.8014184397163121,50,47,3,0.9762447319415858,0.6948807672246429
Stenotrophomonas_Maltophilia,Clarithromycin,,0,0,0,0.9762447319415858,0.6948807672246429
Stenotrophomonas_Maltophilia,Clindamycin,,0,0,0,0.9762447319415858,0.6948807672246429
Stenotrophomonas_Maltophilia,Clindamycin_induced,,0,0,0,0.9762447319415858,0.6948807672246429
Stenotrophomonas_Maltophilia,Colistin,0.6098765432098765,42,27,15,0.9762447319415858,0.6948807672246429
Stenotrophomonas_Maltophilia,Cotrimoxazol,,0,0,0,0.9762447319415858,0.6948807672246429
Stenotrophomonas_Maltophilia,Cotrimoxazole,0.9552845528455285,85,3,82,0.9762447319415858,0.6948807672246429
Stenotrophomonas_Maltophilia,Daptomycin,,0,0,0,0.9762447319415858,0.6948807672246429
Stenotrophomonas_Maltophilia,Doxycycline,,0,0,0,0.9762447319415858,0.6948807672246429
Stenotrophomonas_Maltophilia,Ertapenem,,47,47,0,0.9762447319415858,0.6948807672246429
Stenotrophomonas_Maltophilia,Erythromycin,,0,0,0,0.9762447319415858,0.6948807672246429
Stenotrophomonas_Maltophilia,Ethambutol_5mg-l,,0,0,0,0.9762447319415858,0.6948807672246429
Stenotrophomonas_Maltophilia,Fluconazole,,0,0,0,0.9762447319415858,0.6948807672246429
Stenotrophomonas_Maltophilia,Fosfomycin,,47,47,0,0.9762447319415858,0.6948807672246429
Stenotrophomonas_Maltophilia,Fusidic acid,,0,0,0,0.9762447319415858,0.6948807672246429
Stenotrophomonas_Maltophilia,Gentamicin,,47,47,0,0.9762447319415858,0.6948807672246429
Stenotrophomonas_Maltophilia,Gentamicin_high_level,,0,0,0,0.9762447319415858,0.6948807672246429
Stenotrophomonas_Maltophilia,Imipenem,,47,47,0,0.9762447319415858,0.6948807672246429
Stenotrophomonas_Maltophilia,Isavuconazole,,0,0,0,0.9762447319415858,0.6948807672246429
Stenotrophomonas_Maltophilia,Isoniazid_.1mg-l,,0,0,0,0.9762447319415858,0.6948807672246429
Stenotrophomonas_Maltophilia,Isoniazid_.4mg-l,,0,0,0,0.9762447319415858,0.6948807672246429
Stenotrophomonas_Maltophilia,Itraconazole,,0,0,0,0.9762447319415858,0.6948807672246429
Stenotrophomonas_Maltophilia,Levofloxacin,0.667420814479638,69,17,52,0.9762447319415858,0.6948807672246429
Stenotrophomonas_Maltophilia,Linezolid,,1,0,1,0.9762447319415858,0.6948807672246429
Stenotrophomonas_Maltophilia,MRSA,,0,0,0,0.9762447319415858,0.6948807672246429
Stenotrophomonas_Maltophilia,Meropenem,,47,47,0,0.9762447319415858,0.6948807672246429
Stenotrophomonas_Maltophilia,Meropenem-Vaborbactam,,0,0,0,0.9762447319415858,0.6948807672246429
Stenotrophomonas_Maltophilia,Meropenem_with_meningitis,,0,0,0,0.9762447319415858,0.6948807672246429
Stenotrophomonas_Maltophilia,Meropenem_with_pneumonia,,0,0,0,0.9762447319415858,0.6948807672246429
Stenotrophomonas_Maltophilia,Meropenem_without_meningitis,,0,0,0,0.9762447319415858,0.6948807672246429
Stenotrophomonas_Maltophilia,Metronidazole,,0,0,0,0.9762447319415858,0.6948807672246429
Stenotrophomonas_Maltophilia,Micafungin,,0,0,0,0.9762447319415858,0.6948807672246429
Stenotrophomonas_Maltophilia,Minocycline,0.6666666666666667,4,1,3,0.9762447319415858,0.6948807672246429
Stenotrophomonas_Maltophilia,Moxifloxacin,,0,0,0,0.9762447319415858,0.6948807672246429
Stenotrophomonas_Maltophilia,Mupirocin,,0,0,0,0.9762447319415858,0.6948807672246429
Stenotrophomonas_Maltophilia,Nitrofurantoin,,0,0,0,0.9762447319415858,0.6948807672246429
Stenotrophomonas_Maltophilia,Norfloxacin,,0,0,0,0.9762447319415858,0.6948807672246429
Stenotrophomonas_Maltophilia,Novobiocin,,0,0,0,0.9762447319415858,0.6948807672246429
Stenotrophomonas_Maltophilia,Ofloxacin,,0,0,0,0.9762447319415858,0.6948807672246429
Stenotrophomonas_Maltophilia,Oxacillin,,0,0,0,0.9762447319415858,0.6948807672246429
Stenotrophomonas_Maltophilia,Pefloxacin,,0,0,0,0.9762447319415858,0.6948807672246429
Stenotrophomonas_Maltophilia,Penicillin,,0,0,0,0.9762447319415858,0.6948807672246429
Stenotrophomonas_Maltophilia,Penicillin_with_endokarditis,,0,0,0,0.9762447319415858,0.6948807672246429
Stenotrophomonas_Maltophilia,Penicillin_with_meningitis,,0,0,0,0.9762447319415858,0.6948807672246429
Stenotrophomonas_Maltophilia,Penicillin_with_other_infections,,0,0,0,0.9762447319415858,0.6948807672246429
Stenotrophomonas_Maltophilia,Penicillin_with_pneumonia,,0,0,0,0.9762447319415858,0.6948807672246429
Stenotrophomonas_Maltophilia,Penicillin_without_endokarditis,,0,0,0,0.9762447319415858,0.6948807672246429
Stenotrophomonas_Maltophilia,Penicillin_without_meningitis,,0,0,0,0.9762447319415858,0.6948807672246429
Stenotrophomonas_Maltophilia,Piperacillin,,6,6,0,0.9762447319415858,0.6948807672246429
Stenotrophomonas_Maltophilia,Piperacillin-Tazobactam,,0,0,0,0.9762447319415858,0.6948807672246429
Stenotrophomonas_Maltophilia,Polymyxin B,,0,0,0,0.9762447319415858,0.6948807672246429
Stenotrophomonas_Maltophilia,Posaconazole,,0,0,0,0.9762447319415858,0.6948807672246429
Stenotrophomonas_Maltophilia,Pristinamycin,,0,0,0,0.9762447319415858,0.6948807672246429
Stenotrophomonas_Maltophilia,Pyrazinamide,,0,0,0,0.9762447319415858,0.6948807672246429
Stenotrophomonas_Maltophilia,Rifampicin,,0,0,0,0.9762447319415858,0.6948807672246429
Stenotrophomonas_Maltophilia,Rifampicin_1mg-l,,0,0,0,0.9762447319415858,0.6948807672246429
Stenotrophomonas_Maltophilia,Sparfloxacin,,0,0,0,0.9762447319415858,0.6948807672246429
Stenotrophomonas_Maltophilia,Strepomycin_high_level,,0,0,0,0.9762447319415858,0.6948807672246429
Stenotrophomonas_Maltophilia,Streptomycin,,0,0,0,0.9762447319415858,0.6948807672246429
Stenotrophomonas_Maltophilia,Teicoplanin,,0,0,0,0.9762447319415858,0.6948807672246429
Stenotrophomonas_Maltophilia,Teicoplanin_GRD,,0,0,0,0.9762447319415858,0.6948807672246429
Stenotrophomonas_Maltophilia,Telithromycin,,0,0,0,0.9762447319415858,0.6948807672246429
Stenotrophomonas_Maltophilia,Tetracycline,,0,0,0,0.9762447319415858,0.6948807672246429
Stenotrophomonas_Maltophilia,Ticarcillin,,47,47,0,0.9762447319415858,0.6948807672246429
Stenotrophomonas_Maltophilia,Ticarcillin-Clavulan acid,,1,1,0,0.9762447319415858,0.6948807672246429
Stenotrophomonas_Maltophilia,Tigecycline,,2,0,2,0.9762447319415858,0.6948807672246429
Stenotrophomonas_Maltophilia,Tobramycin,,47,47,0,0.9762447319415858,0.6948807672246429
Stenotrophomonas_Maltophilia,Vancomycin,,0,0,0,0.9762447319415858,0.6948807672246429
Stenotrophomonas_Maltophilia,Vancomycin_GRD,,0,0,0,0.9762447319415858,0.6948807672246429
Stenotrophomonas_Maltophilia,Voriconazole,,0,0,0,0.9762447319415858,0.6948807672246429
Campylobacter_Jejuni,5-Fluorocytosine,,0,0,0,0.9252540937323546,0.49693752144732545
Campylobacter_Jejuni,Amikacin,,0,0,0,0.9252540937323546,0.49693752144732545
Campylobacter_Jejuni,Amoxicillin,,0,0,0,0.9252540937323546,0.49693752144732545
Campylobacter_Jejuni,Amoxicillin-Clavulanic acid,,0,0,0,0.9252540937323546,0.49693752144732545
Campylobacter_Jejuni,Amoxicillin-Clavulanic acid_uncomplicated_HWI,,0,0,0,0.9252540937323546,0.49693752144732545
Campylobacter_Jejuni,Amphotericin B,,0,0,0,0.9252540937323546,0.49693752144732545
Campylobacter_Jejuni,Ampicillin,,0,0,0,0.9252540937323546,0.49693752144732545
Campylobacter_Jejuni,Ampicillin-Sulbactam,,0,0,0,0.9252540937323546,0.49693752144732545
Campylobacter_Jejuni,Anidulafungin,,0,0,0,0.9252540937323546,0.49693752144732545
Campylobacter_Jejuni,Azithromycin,,13,0,13,0.9252540937323546,0.49693752144732545
Campylobacter_Jejuni,Aztreonam,,0,0,0,0.9252540937323546,0.49693752144732545
Campylobacter_Jejuni,Bacitracin,,0,0,0,0.9252540937323546,0.49693752144732545
Campylobacter_Jejuni,Benzylpenicillin,,0,0,0,0.9252540937323546,0.49693752144732545
Campylobacter_Jejuni,Benzylpenicillin_others,,0,0,0,0.9252540937323546,0.49693752144732545
Campylobacter_Jejuni,Benzylpenicillin_with_meningitis,,0,0,0,0.9252540937323546,0.49693752144732545
Campylobacter_Jejuni,Benzylpenicillin_with_pneumonia,,0,0,0,0.9252540937323546,0.49693752144732545
Campylobacter_Jejuni,Caspofungin,,0,0,0,0.9252540937323546,0.49693752144732545
Campylobacter_Jejuni,Cefalotin-Cefazolin,,13,13,0,0.9252540937323546,0.49693752144732545
Campylobacter_Jejuni,Cefazolin,,0,0,0,0.9252540937323546,0.49693752144732545
Campylobacter_Jejuni,Cefepime,,0,0,0,0.9252540937323546,0.49693752144732545
Campylobacter_Jejuni,Cefixime,,0,0,0,0.9252540937323546,0.49693752144732545
Campylobacter_Jejuni,Cefotaxime,,0,0,0,0.9252540937323546,0.49693752144732545
Campylobacter_Jejuni,Cefoxitin,,0,0,0,0.9252540937323546,0.49693752144732545
Campylobacter_Jejuni,Cefoxitin_screen,,0,0,0,0.9252540937323546,0.49693752144732545
Campylobacter_Jejuni,Cefpodoxime,,0,0,0,0.9252540937323546,0.49693752144732545
Campylobacter_Jejuni,Ceftarolin,,0,0,0,0.9252540937323546,0.49693752144732545
Campylobacter_Jejuni,Ceftazidime,,0,0,0,0.9252540937323546,0.49693752144732545
Campylobacter_Jejuni,Ceftazidime-Avibactam,,0,0,0,0.9252540937323546,0.49693752144732545
Campylobacter_Jejuni,Ceftobiprole,,0,0,0,0.9252540937323546,0.49693752144732545
Campylobacter_Jejuni,Ceftolozane-Tazobactam,,0,0,0,0.9252540937323546,0.49693752144732545
Campylobacter_Jejuni,Ceftriaxone,,0,0,0,0.9252540937323546,0.49693752144732545
Campylobacter_Jejuni,Cefuroxime,,0,0,0,0.9252540937323546,0.49693752144732545
Campylobacter_Jejuni,Cefuroxime.1,,0,0,0,0.9252540937323546,0.49693752144732545
Campylobacter_Jejuni,Chloramphenicol,,0,0,0,0.9252540937323546,0.49693752144732545
Campylobacter_Jejuni,Ciprofloxacin,0.7567873303167422,94,68,26,0.9252540937323546,0.49693752144732545
Campylobacter_Jejuni,Clarithromycin,,13,0,13,0.9252540937323546,0.49693752144732545
Campylobacter_Jejuni,Clindamycin,,2,2,0,0.9252540937323546,0.49693752144732545
Campylobacter_Jejuni,Clindamycin_induced,,0,0,0,0.9252540937323546,0.49693752144732545
Campylobacter_Jejuni,Colistin,,0,0,0,0.9252540937323546,0.49693752144732545
Campylobacter_Jejuni,Cotrimoxazol,,0,0,0,0.9252540937323546,0.49693752144732545
Campylobacter_Jejuni,Cotrimoxazole,,0,0,0,0.9252540937323546,0.49693752144732545
Campylobacter_Jejuni,Daptomycin,,0,0,0,0.9252540937323546,0.49693752144732545
Campylobacter_Jejuni,Doxycycline,,0,0,0,0.9252540937323546,0.49693752144732545
Campylobacter_Jejuni,Ertapenem,,0,0,0,0.9252540937323546,0.49693752144732545
Campylobacter_Jejuni,Erythromycin,0.2710622710622711,94,3,91,0.9252540937323546,0.49693752144732545
Campylobacter_Jejuni,Ethambutol_5mg-l,,0,0,0,0.9252540937323546,0.49693752144732545
Campylobacter_Jejuni,Fluconazole,,0,0,0,0.9252540937323546,0.49693752144732545
Campylobacter_Jejuni,Fosfomycin,,0,0,0,0.9252540937323546,0.49693752144732545
Campylobacter_Jejuni,Fusidic acid,,0,0,0,0.9252540937323546,0.49693752144732545
Campylobacter_Jejuni,Gentamicin,,1,0,1,0.9252540937323546,0.49693752144732545
Campylobacter_Jejuni,Gentamicin_high_level,,0,0,0,0.9252540937323546,0.49693752144732545
Campylobacter_Jejuni,Imipenem,,1,0,1,0.9252540937323546,0.49693752144732545
Campylobacter_Jejuni,Isavuconazole,,0,0,0,0.9252540937323546,0.49693752144732545
Campylobacter_Jejuni,Isoniazid_.1mg-l,,0,0,0,0.9252540937323546,0.49693752144732545
Campylobacter_Jejuni,Isoniazid_.4mg-l,,0,0,0,0.9252540937323546,0.49693752144732545
Campylobacter_Jejuni,Itraconazole,,0,0,0,0.9252540937323546,0.49693752144732545
Campylobacter_Jejuni,Levofloxacin,,0,0,0,0.9252540937323546,0.49693752144732545
Campylobacter_Jejuni,Linezolid,,0,0,0,0.9252540937323546,0.49693752144732545
Campylobacter_Jejuni,MRSA,,0,0,0,0.9252540937323546,0.49693752144732545
Campylobacter_Jejuni,Meropenem,,0,0,0,0.9252540937323546,0.49693752144732545
Campylobacter_Jejuni,Meropenem-Vaborbactam,,0,0,0,0.9252540937323546,0.49693752144732545
Campylobacter_Jejuni,Meropenem_with_meningitis,,0,0,0,0.9252540937323546,0.49693752144732545
Campylobacter_Jejuni,Meropenem_with_pneumonia,,0,0,0,0.9252540937323546,0.49693752144732545
Campylobacter_Jejuni,Meropenem_without_meningitis,,0,0,0,0.9252540937323546,0.49693752144732545
Campylobacter_Jejuni,Metronidazole,,0,0,0,0.9252540937323546,0.49693752144732545
Campylobacter_Jejuni,Micafungin,,0,0,0,0.9252540937323546,0.49693752144732545
Campylobacter_Jejuni,Minocycline,,0,0,0,0.9252540937323546,0.49693752144732545
Campylobacter_Jejuni,Moxifloxacin,,0,0,0,0.9252540937323546,0.49693752144732545
Campylobacter_Jejuni,Mupirocin,,0,0,0,0.9252540937323546,0.49693752144732545
Campylobacter_Jejuni,Nitrofurantoin,,0,0,0,0.9252540937323546,0.49693752144732545
Campylobacter_Jejuni,Norfloxacin,,0,0,0,0.9252540937323546,0.49693752144732545
Campylobacter_Jejuni,Novobiocin,,0,0,0,0.9252540937323546,0.49693752144732545
Campylobacter_Jejuni,Ofloxacin,,0,0,0,0.9252540937323546,0.49693752144732545
Campylobacter_Jejuni,Oxacillin,,0,0,0,0.9252540937323546,0.49693752144732545
Campylobacter_Jejuni,Pefloxacin,,0,0,0,0.9252540937323546,0.49693752144732545
Campylobacter_Jejuni,Penicillin,,0,0,0,0.9252540937323546,0.49693752144732545
Campylobacter_Jejuni,Penicillin_with_endokarditis,,0,0,0,0.9252540937323546,0.49693752144732545
Campylobacter_Jejuni,Penicillin_with_meningitis,,0,0,0,0.9252540937323546,0.49693752144732545
Campylobacter_Jejuni,Penicillin_with_other_infections,,0,0,0,0.9252540937323546,0.49693752144732545
Campylobacter_Jejuni,Penicillin_with_pneumonia,,0,0,0,0.9252540937323546,0.49693752144732545
Campylobacter_Jejuni,Penicillin_without_endokarditis,,0,0,0,0.9252540937323546,0.49693752144732545
Campylobacter_Jejuni,Penicillin_without_meningitis,,0,0,0,0.9252540937323546,0.49693752144732545
Campylobacter_Jejuni,Piperacillin,,0,0,0,0.9252540937323546,0.49693752144732545
Campylobacter_Jejuni,Piperacillin-Tazobactam,,0,0,0,0.9252540937323546,0.49693752144732545
Campylobacter_Jejuni,Polymyxin B,,0,0,0,0.9252540937323546,0.49693752144732545
Campylobacter_Jejuni,Posaconazole,,0,0,0,0.9252540937323546,0.49693752144732545
Campylobacter_Jejuni,Pristinamycin,,0,0,0,0.9252540937323546,0.49693752144732545
Campylobacter_Jejuni,Pyrazinamide,,0,0,0,0.9252540937323546,0.49693752144732545
Campylobacter_Jejuni,Rifampicin,,0,0,0,0.9252540937323546,0.49693752144732545
Campylobacter_Jejuni,Rifampicin_1mg-l,,0,0,0,0.9252540937323546,0.49693752144732545
Campylobacter_Jejuni,Sparfloxacin,,0,0,0,0.9252540937323546,0.49693752144732545
Campylobacter_Jejuni,Strepomycin_high_level,,0,0,0,0.9252540937323546,0.49693752144732545
Campylobacter_Jejuni,Streptomycin,,0,0,0,0.9252540937323546,0.49693752144732545
Campylobacter_Jejuni,Teicoplanin,,0,0,0,0.9252540937323546,0.49693752144732545
Campylobacter_Jejuni,Teicoplanin_GRD,,0,0,0,0.9252540937323546,0.49693752144732545
Campylobacter_Jejuni,Telithromycin,,0,0,0,0.9252540937323546,0.49693752144732545
Campylobacter_Jejuni,Tetracycline,0.46296296296296297,15,6,9,0.9252540937323546,0.49693752144732545
Campylobacter_Jejuni,Ticarcillin,,0,0,0,0.9252540937323546,0.49693752144732545
Campylobacter_Jejuni,Ticarcillin-Clavulan acid,,0,0,0,0.9252540937323546,0.49693752144732545
Campylobacter_Jejuni,Tigecycline,,0,0,0,0.9252540937323546,0.49693752144732545
Campylobacter_Jejuni,Tobramycin,,0,0,0,0.9252540937323546,0.49693752144732545
Campylobacter_Jejuni,Vancomycin,,0,0,0,0.9252540937323546,0.49693752144732545
Campylobacter_Jejuni,Vancomycin_GRD,,0,0,0,0.9252540937323546,0.49693752144732545
Campylobacter_Jejuni,Voriconazole,,0,0,0,0.9252540937323546,0.49693752144732545
Haemophilus_Influenzae,5-Fluorocytosine,,0,0,0,0.8393536908308508,0.638978114611945
Haemophilus_Influenzae,Amikacin,,0,0,0,0.8393536908308508,0.638978114611945
Haemophilus_Influenzae,Amoxicillin,0.8,9,4,5,0.8393536908308508,0.638978114611945
Haemophilus_Influenzae,Amoxicillin-Clavulanic acid,0.5,29,5,24,0.8393536908308508,0.638978114611945
Haemophilus_Influenzae,Amoxicillin-Clavulanic acid_uncomplicated_HWI,,0,0,0,0.8393536908308508,0.638978114611945
Haemophilus_Influenzae,Amphotericin B,,0,0,0,0.8393536908308508,0.638978114611945
Haemophilus_Influenzae,Ampicillin,0.5942857142857143,85,15,70,0.8393536908308508,0.638978114611945
Haemophilus_Influenzae,Ampicillin-Sulbactam,,0,0,0,0.8393536908308508,0.638978114611945
Haemophilus_Influenzae,Anidulafungin,,0,0,0,0.8393536908308508,0.638978114611945
Haemophilus_Influenzae,Azithromycin,,0,0,0,0.8393536908308508,0.638978114611945
Haemophilus_Influenzae,Aztreonam,,0,0,0,0.8393536908308508,0.638978114611945
Haemophilus_Influenzae,Bacitracin,,0,0,0,0.8393536908308508,0.638978114611945
Haemophilus_Influenzae,Benzylpenicillin,,0,0,0,0.8393536908308508,0.638978114611945
Haemophilus_Influenzae,Benzylpenicillin_others,,0,0,0,0.8393536908308508,0.638978114611945
Haemophilus_Influenzae,Benzylpenicillin_with_meningitis,,0,0,0,0.8393536908308508,0.638978114611945
Haemophilus_Influenzae,Benzylpenicillin_with_pneumonia,,0,0,0,0.8393536908308508,0.638978114611945
Haemophilus_Influenzae,Caspofungin,,0,0,0,0.8393536908308508,0.638978114611945
Haemophilus_Influenzae,Cefalotin-Cefazolin,,0,0,0,0.8393536908308508,0.638978114611945
Haemophilus_Influenzae,Cefazolin,,0,0,0,0.8393536908308508,0.638978114611945
Haemophilus_Influenzae,Cefepime,,0,0,0,0.8393536908308508,0.638978114611945
Haemophilus_Influenzae,Cefixime,,0,0,0,0.8393536908308508,0.638978114611945
Haemophilus_Influenzae,Cefotaxime,,68,0,68,0.8393536908308508,0.638978114611945
Haemophilus_Influenzae,Cefoxitin,,0,0,0,0.8393536908308508,0.638978114611945
Haemophilus_Influenzae,Cefoxitin_screen,,0,0,0,0.8393536908308508,0.638978114611945
Haemophilus_Influenzae,Cefpodoxime,,0,0,0,0.8393536908308508,0.638978114611945
Haemophilus_Influenzae,Ceftarolin,,0,0,0,0.8393536908308508,0.638978114611945
Haemophilus_Influenzae,Ceftazidime,,0,0,0,0.8393536908308508,0.638978114611945
Haemophilus_Influenzae,Ceftazidime-Avibactam,,0,0,0,0.8393536908308508,0.638978114611945
Haemophilus_Influenzae,Ceftobiprole,,0,0,0,0.8393536908308508,0.638978114611945
Haemophilus_Influenzae,Ceftolozane-Tazobactam,,0,0,0,0.8393536908308508,0.638978114611945
Haemophilus_Influenzae,Ceftriaxone,1.0,29,1,28,0.8393536908308508,0.638978114611945
Haemophilus_Influenzae,Cefuroxime,0.595816464237517,83,26,57,0.8393536908308508,0.638978114611945
Haemophilus_Influenzae,Cefuroxime.1,,0,0,0,0.8393536908308508,0.638978114611945
Haemophilus_Influenzae,Chloramphenicol,,11,0,11,0.8393536908308508,0.638978114611945
Haemophilus_Influenzae,Ciprofloxacin,,39,0,39,0.8393536908308508,0.638978114611945
Haemophilus_Influenzae,Clarithromycin,,17,17,0,0.8393536908308508,0.638978114611945
Haemophilus_Influenzae,Clindamycin,,0,0,0,0.8393536908308508,0.638978114611945
Haemophilus_Influenzae,Clindamycin_induced,,0,0,0,0.8393536908308508,0.638978114611945
Haemophilus_Influenzae,Colistin,,0,0,0,0.8393536908308508,0.638978114611945
Haemophilus_Influenzae,Cotrimoxazol,,0,0,0,0.8393536908308508,0.638978114611945
Haemophilus_Influenzae,Cotrimoxazole,,6,0,6,0.8393536908308508,0.638978114611945
Haemophilus_Influenzae,Daptomycin,,0,0,0,0.8393536908308508,0.638978114611945
Haemophilus_Influenzae,Doxycycline,,1,0,1,0.8393536908308508,0.638978114611945
Haemophilus_Influenzae,Ertapenem,,0,0,0,0.8393536908308508,0.638978114611945
Haemophilus_Influenzae,Erythromycin,,1,1,0,0.8393536908308508,0.638978114611945
Haemophilus_Influenzae,Ethambutol_5mg-l,,0,0,0,0.8393536908308508,0.638978114611945
Haemophilus_Influenzae,Fluconazole,,0,0,0,0.8393536908308508,0.638978114611945
Haemophilus_Influenzae,Fosfomycin,,0,0,0,0.8393536908308508,0.638978114611945
Haemophilus_Influenzae,Fusidic acid,,0,0,0,0.8393536908308508,0.638978114611945
Haemophilus_Influenzae,Gentamicin,0.3333333333333333,4,3,1,0.8393536908308508,0.638978114611945
Haemophilus_Influenzae,Gentamicin_high_level,,0,0,0,0.8393536908308508,0.638978114611945
Haemophilus_Influenzae,Imipenem,,0,0,0,0.8393536908308508,0.638978114611945
Haemophilus_Influenzae,Isavuconazole,,0,0,0,0.8393536908308508,0.638978114611945
Haemophilus_Influenzae,Isoniazid_.1mg-l,,0,0,0,0.8393536908308508,0.638978114611945
Haemophilus_Influenzae,Isoniazid_.4mg-l,,0,0,0,0.8393536908308508,0.638978114611945
Haemophilus_Influenzae,Itraconazole,,0,0,0,0.8393536908308508,0.638978114611945
Haemophilus_Influenzae,Levofloxacin,0.14492753623188404,70,1,69,0.8393536908308508,0.638978114611945
Haemophilus_Influenzae,Linezolid,,0,0,0,0.8393536908308508,0.638978114611945
Haemophilus_Influenzae,MRSA,,0,0,0,0.8393536908308508,0.638978114611945
Haemophilus_Influenzae,Meropenem,,0,0,0,0.8393536908308508,0.638978114611945
Haemophilus_Influenzae,Meropenem-Vaborbactam,,0,0,0,0.8393536908308508,0.638978114611945
Haemophilus_Influenzae,Meropenem_with_meningitis,0.9,11,1,10,0.8393536908308508,0.638978114611945
Haemophilus_Influenzae,Meropenem_with_pneumonia,,0,0,0,0.8393536908308508,0.638978114611945
Haemophilus_Influenzae,Meropenem_without_meningitis,0.9090909090909091,12,1,11,0.8393536908308508,0.638978114611945
Haemophilus_Influenzae,Metronidazole,,0,0,0,0.8393536908308508,0.638978114611945
Haemophilus_Influenzae,Micafungin,,0,0,0,0.8393536908308508,0.638978114611945
Haemophilus_Influenzae,Minocycline,,0,0,0,0.8393536908308508,0.638978114611945
Haemophilus_Influenzae,Moxifloxacin,,0,0,0,0.8393536908308508,0.638978114611945
Haemophilus_Influenzae,Mupirocin,,0,0,0,0.8393536908308508,0.638978114611945
Haemophilus_Influenzae,Nitrofurantoin,,0,0,0,0.8393536908308508,0.638978114611945
Haemophilus_Influenzae,Norfloxacin,,0,0,0,0.8393536908308508,0.638978114611945
Haemophilus_Influenzae,Novobiocin,,0,0,0,0.8393536908308508,0.638978114611945
Haemophilus_Influenzae,Ofloxacin,,0,0,0,0.8393536908308508,0.638978114611945
Haemophilus_Influenzae,Oxacillin,,0,0,0,0.8393536908308508,0.638978114611945
Haemophilus_Influenzae,Pefloxacin,,0,0,0,0.8393536908308508,0.638978114611945
Haemophilus_Influenzae,Penicillin,0.6123271889400922,87,31,56,0.8393536908308508,0.638978114611945
Haemophilus_Influenzae,Penicillin_with_endokarditis,,0,0,0,0.8393536908308508,0.638978114611945
Haemophilus_Influenzae,Penicillin_with_meningitis,,0,0,0,0.8393536908308508,0.638978114611945
Haemophilus_Influenzae,Penicillin_with_other_infections,,0,0,0,0.8393536908308508,0.638978114611945
Haemophilus_Influenzae,Penicillin_with_pneumonia,,0,0,0,0.8393536908308508,0.638978114611945
Haemophilus_Influenzae,Penicillin_without_endokarditis,,0,0,0,0.8393536908308508,0.638978114611945
Haemophilus_Influenzae,Penicillin_without_meningitis,,0,0,0,0.8393536908308508,0.638978114611945
Haemophilus_Influenzae,Piperacillin,,0,0,0,0.8393536908308508,0.638978114611945
Haemophilus_Influenzae,Piperacillin-Tazobactam,,0,0,0,0.8393536908308508,0.638978114611945
Haemophilus_Influenzae,Polymyxin B,,0,0,0,0.8393536908308508,0.638978114611945
Haemophilus_Influenzae,Posaconazole,,0,0,0,0.8393536908308508,0.638978114611945
Haemophilus_Influenzae,Pristinamycin,,0,0,0,0.8393536908308508,0.638978114611945
Haemophilus_Influenzae,Pyrazinamide,,0,0,0,0.8393536908308508,0.638978114611945
Haemophilus_Influenzae,Rifampicin,,0,0,0,0.8393536908308508,0.638978114611945
Haemophilus_Influenzae,Rifampicin_1mg-l,,0,0,0,0.8393536908308508,0.638978114611945
Haemophilus_Influenzae,Sparfloxacin,,0,0,0,0.8393536908308508,0.638978114611945
Haemophilus_Influenzae,Strepomycin_high_level,,0,0,0,0.8393536908308508,0.638978114611945
Haemophilus_Influenzae,Streptomycin,,0,0,0,0.8393536908308508,0.638978114611945
Haemophilus_Influenzae,Teicoplanin,,0,0,0,0.8393536908308508,0.638978114611945
Haemophilus_Influenzae,Teicoplanin_GRD,,0,0,0,0.8393536908308508,0.638978114611945
Haemophilus_Influenzae,Telithromycin,,0,0,0,0.8393536908308508,0.638978114611945
Haemophilus_Influenzae,Tetracycline,,0,0,0,0.8393536908308508,0.638978114611945
Haemophilus_Influenzae,Ticarcillin,,0,0,0,0.8393536908308508,0.638978114611945
Haemophilus_Influenzae,Ticarcillin-Clavulan acid,,0,0,0,0.8393536908308508,0.638978114611945
Haemophilus_Influenzae,Tigecycline,,0,0,0,0.8393536908308508,0.638978114611945
Haemophilus_Influenzae,Tobramycin,,0,0,0,0.8393536908308508,0.638978114611945
Haemophilus_Influenzae,Vancomycin,,0,0,0,0.8393536908308508,0.638978114611945
Haemophilus_Influenzae,Vancomycin_GRD,,0,0,0,0.8393536908308508,0.638978114611945
Haemophilus_Influenzae,Voriconazole,,0,0,0,0.8393536908308508,0.638978114611945
