species,antibiotic,n_samples_species,n_observed,n_susceptible_0,n_resistant_1,has_two_classes,resistance_rate
Achromobacter_Denitrificans,Ciprofloxacin,2,2,0,2,0,1.0
Achromobacter_Denitrificans,Imipenem,2,2,2,0,0,0.0
Achromobacter_Denitrificans,Meropenem,2,2,2,0,0,0.0
Achromobacter_Denitrificans,Piperacillin,2,2,2,0,0,0.0
Achromobacter_Denitrificans,Piperacillin-Tazobactam,2,2,2,0,0,0.0
Achromobacter_Denitrificans,Tigecycline,2,2,2,0,0,0.0
Achromobacter_Insolitus,Amikacin,4,1,0,1,0,1.0
Achromobacter_Insolitus,Ciprofloxacin,4,4,0,4,0,1.0
Achromobacter_Insolitus,Cotrimoxazole,4,1,1,0,0,0.0
Achromobacter_Insolitus,Gentamicin,4,1,0,1,0,1.0
Achromobacter_Insolitus,Imipenem,4,4,4,0,0,0.0
Achromobacter_Insolitus,Meropenem,4,4,4,0,0,0.0
Achromobacter_Insolitus,Piperacillin,4,3,3,0,0,0.0
Achromobacter_Insolitus,Piperacillin-Tazobactam,4,3,3,0,0,0.0
Achromobacter_Insolitus,Tigecycline,4,3,1,2,1,0.6666666666666666
Achromobacter_Insolitus,Tobramycin,4,1,0,1,0,1.0
Achromobacter_Piechaudii,Cotrimoxazole,3,3,0,3,0,1.0
Achromobacter_Piechaudii,Meropenem,3,3,3,0,0,0.0
Achromobacter_Piechaudii,Piperacillin-Tazobactam,3,3,3,0,0,0.0
Achromobacter_Spanius,Piperacillin-Tazobactam,1,1,1,0,0,0.0
Achromobacter_Species,Meropenem,1,1,1,0,0,0.0
Achromobacter_Species,Piperacillin-Tazobactam,1,1,1,0,0,0.0
Achromobacter_Xylosoxidans,Aztreonam,39,1,0,1,0,1.0
Achromobacter_Xylosoxidans,Ciprofloxacin,39,18,0,18,0,1.0
Achromobacter_Xylosoxidans,Cotrimoxazole,39,3,2,1,1,0.3333333333333333
Achromobacter_Xylosoxidans,Imipenem,39,18,13,5,1,0.2777777777777778
Achromobacter_Xylosoxidans,Meropenem,39,39,35,4,1,0.10256410256410256
Achromobacter_Xylosoxidans,Moxifloxacin,39,1,0,1,0,1.0
Achromobacter_Xylosoxidans,Piperacillin,39,17,15,2,1,0.11764705882352941
Achromobacter_Xylosoxidans,Piperacillin-Tazobactam,39,39,32,7,1,0.1794871794871795
Achromobacter_Xylosoxidans,Tigecycline,39,18,1,17,1,0.9444444444444444
Acidovorax_Temperans,Cefepime,3,1,1,0,0,0.0
Acidovorax_Temperans,Ceftazidime,3,2,2,0,0,0.0
Acidovorax_Temperans,Ciprofloxacin,3,3,2,1,1,0.3333333333333333
Acidovorax_Temperans,Imipenem,3,1,1,0,0,0.0
Acidovorax_Temperans,Meropenem,3,1,1,0,0,0.0
Acidovorax_Temperans,Piperacillin,3,1,0,1,0,1.0
Acidovorax_Temperans,Piperacillin-Tazobactam,3,3,2,1,1,0.3333333333333333
Acidovorax_Temperans,Tigecycline,3,1,1,0,0,0.0
Acinetobacter_Baumannii,Amikacin,511,503,187,316,1,0.6282306163021869
Acinetobacter_Baumannii,Bacitracin,511,2,1,1,1,0.5
Acinetobacter_Baumannii,Ceftazidime-Avibactam,511,1,0,1,0,1.0
Acinetobacter_Baumannii,Ciprofloxacin,511,511,0,511,0,1.0
Acinetobacter_Baumannii,Colistin,511,4,4,0,0,0.0
Acinetobacter_Baumannii,Cotrimoxazole,511,511,482,29,1,0.05675146771037182
Acinetobacter_Baumannii,Gentamicin,511,510,184,326,1,0.6392156862745098
Acinetobacter_Baumannii,Imipenem,511,511,487,24,1,0.046966731898238745
Acinetobacter_Baumannii,Meropenem,511,511,486,25,1,0.04892367906066536
Acinetobacter_Baumannii,Neomycin,511,1,0,1,0,1.0
Acinetobacter_Baumannii,Tobramycin,511,504,188,316,1,0.626984126984127
Acinetobacter_Baylyi,Amikacin,2,2,2,0,0,0.0
Acinetobacter_Baylyi,Ciprofloxacin,2,2,0,2,0,1.0
Acinetobacter_Baylyi,Cotrimoxazole,2,2,2,0,0,0.0
Acinetobacter_Baylyi,Gentamicin,2,2,2,0,0,0.0
Acinetobacter_Baylyi,Imipenem,2,2,2,0,0,0.0
Acinetobacter_Baylyi,Meropenem,2,2,2,0,0,0.0
Acinetobacter_Baylyi,Tobramycin,2,2,2,0,0,0.0
Acinetobacter_Bereziniae,Amikacin,28,22,10,12,1,0.5454545454545454
Acinetobacter_Bereziniae,Ceftazidime,28,2,0,2,0,1.0
Acinetobacter_Bereziniae,Ciprofloxacin,28,28,0,28,0,1.0
Acinetobacter_Bereziniae,Cotrimoxazole,28,24,23,1,1,0.041666666666666664
Acinetobacter_Bereziniae,Gentamicin,28,23,10,13,1,0.5652173913043478
Acinetobacter_Bereziniae,Imipenem,28,24,24,0,0,0.0
Acinetobacter_Bereziniae,Meropenem,28,28,28,0,0,0.0
Acinetobacter_Bereziniae,Tobramycin,28,22,10,12,1,0.5454545454545454
Acinetobacter_Dispersus,Amikacin,2,2,2,0,0,0.0
Acinetobacter_Dispersus,Ciprofloxacin,2,2,0,2,0,1.0
Acinetobacter_Dispersus,Cotrimoxazole,2,2,2,0,0,0.0
Acinetobacter_Dispersus,Gentamicin,2,2,2,0,0,0.0
Acinetobacter_Dispersus,Imipenem,2,2,2,0,0,0.0
Acinetobacter_Dispersus,Meropenem,2,2,2,0,0,0.0
Acinetobacter_Dispersus,Tobramycin,2,2,1,1,1,0.5
Acinetobacter_Haemolyticus,Amikacin,1,1,1,0,0,0.0
Acinetobacter_Haemolyticus,Ciprofloxacin,1,1,0,1,0,1.0
Acinetobacter_Haemolyticus,Cotrimoxazole,1,1,1,0,0,0.0
Acinetobacter_Haemolyticus,Gentamicin,1,1,1,0,0,0.0
Acinetobacter_Haemolyticus,Imipenem,1,1,1,0,0,0.0
Acinetobacter_Haemolyticus,Meropenem,1,1,1,0,0,0.0
Acinetobacter_Haemolyticus,Tobramycin,1,1,1,0,0,0.0
Acinetobacter_Johnsonii,Amikacin,27,6,3,3,1,0.5
Acinetobacter_Johnsonii,Ciprofloxacin,27,27,0,27,0,1.0
Acinetobacter_Johnsonii,Cotrimoxazole,27,17,16,1,1,0.058823529411764705
Acinetobacter_Johnsonii,Gentamicin,27,8,5,3,1,0.375
Acinetobacter_Johnsonii,Imipenem,27,17,17,0,0,0.0
Acinetobacter_Johnsonii,Meropenem,27,27,27,0,0,0.0
Acinetobacter_Johnsonii,Tobramycin,27,6,3,3,1,0.5
Acinetobacter_Junii,Amikacin,10,9,5,4,1,0.4444444444444444
Acinetobacter_Junii,Ciprofloxacin,10,10,0,10,0,1.0
Acinetobacter_Junii,Cotrimoxazole,10,10,10,0,0,0.0
Acinetobacter_Junii,Gentamicin,10,9,6,3,1,0.3333333333333333
Acinetobacter_Junii,Imipenem,10,10,9,1,1,0.1
Acinetobacter_Junii,Meropenem,10,10,9,1,1,0.1
Acinetobacter_Junii,Tobramycin,10,9,5,4,1,0.4444444444444444
Acinetobacter_Lwoffii,Amikacin,12,3,3,0,0,0.0
Acinetobacter_Lwoffii,Ciprofloxacin,12,12,0,12,0,1.0
Acinetobacter_Lwoffii,Cotrimoxazole,12,9,9,0,0,0.0
Acinetobacter_Lwoffii,Gentamicin,12,4,4,0,0,0.0
Acinetobacter_Lwoffii,Imipenem,12,10,10,0,0,0.0
Acinetobacter_Lwoffii,Meropenem,12,12,12,0,0,0.0
Acinetobacter_Lwoffii,Tobramycin,12,3,3,0,0,0.0
Acinetobacter_Parvus,Ciprofloxacin,1,1,0,1,0,1.0
Acinetobacter_Parvus,Meropenem,1,1,1,0,0,0.0
Acinetobacter_Proteolyticus,Amikacin,10,8,5,3,1,0.375
Acinetobacter_Proteolyticus,Ciprofloxacin,10,10,0,10,0,1.0
Acinetobacter_Proteolyticus,Cotrimoxazole,10,10,10,0,0,0.0
Acinetobacter_Proteolyticus,Gentamicin,10,10,5,5,1,0.5
Acinetobacter_Proteolyticus,Imipenem,10,10,10,0,0,0.0
Acinetobacter_Proteolyticus,Meropenem,10,10,10,0,0,0.0
Acinetobacter_Proteolyticus,Tobramycin,10,10,5,5,1,0.5
Acinetobacter_Radioresistens,Amikacin,14,14,10,4,1,0.2857142857142857
Acinetobacter_Radioresistens,Ciprofloxacin,14,14,0,14,0,1.0
Acinetobacter_Radioresistens,Cotrimoxazole,14,14,14,0,0,0.0
Acinetobacter_Radioresistens,Gentamicin,14,14,10,4,1,0.2857142857142857
Acinetobacter_Radioresistens,Imipenem,14,14,14,0,0,0.0
Acinetobacter_Radioresistens,Meropenem,14,14,14,0,0,0.0
Acinetobacter_Radioresistens,Tobramycin,14,14,10,4,1,0.2857142857142857
Acinetobacter_Schindleri,Amikacin,1,1,1,0,0,0.0
Acinetobacter_Schindleri,Ciprofloxacin,1,1,0,1,0,1.0
Acinetobacter_Schindleri,Cotrimoxazole,1,1,1,0,0,0.0
Acinetobacter_Schindleri,Gentamicin,1,1,1,0,0,0.0
Acinetobacter_Schindleri,Imipenem,1,1,1,0,0,0.0
Acinetobacter_Schindleri,Meropenem,1,1,1,0,0,0.0
Acinetobacter_Schindleri,Tobramycin,1,1,1,0,0,0.0
Acinetobacter_Species,Amikacin,6,6,2,4,1,0.6666666666666666
Acinetobacter_Species,Ciprofloxacin,6,6,0,6,0,1.0
Acinetobacter_Species,Cotrimoxazole,6,6,6,0,0,0.0
Acinetobacter_Species,Gentamicin,6,6,2,4,1,0.6666666666666666
Acinetobacter_Species,Imipenem,6,6,6,0,0,0.0
Acinetobacter_Species,Meropenem,6,6,6,0,0,0.0
Acinetobacter_Species,Tobramycin,6,6,2,4,1,0.6666666666666666
Acinetobacter_Towneri,Ciprofloxacin,1,1,0,1,0,1.0
Acinetobacter_Towneri,Cotrimoxazole,1,1,1,0,0,0.0
Acinetobacter_Towneri,Imipenem,1,1,1,0,0,0.0
Acinetobacter_Towneri,Meropenem,1,1,1,0,0,0.0
Acinetobacter_Ursingii,Amikacin,45,30,20,10,1,0.3333333333333333
Acinetobacter_Ursingii,Ciprofloxacin,45,42,1,41,1,0.9761904761904762
Acinetobacter_Ursingii,Cotrimoxazole,45,33,29,4,1,0.12121212121212122
Acinetobacter_Ursingii,Gentamicin,45,36,22,14,1,0.3888888888888889
Acinetobacter_Ursingii,Imipenem,45,34,32,2,1,0.058823529411764705
Acinetobacter_Ursingii,Meropenem,45,42,39,3,1,0.07142857142857142
Acinetobacter_Ursingii,Tobramycin,45,30,20,10,1,0.3333333333333333
Actinomyces_Funkei,Amoxicillin-Clavulanic acid,1,1,1,0,0,0.0
Actinomyces_Funkei,Penicillin,1,1,1,0,0,0.0
Actinomyces_Species,Amoxicillin-Clavulanic acid,6,2,2,0,0,0.0
Actinomyces_Species,Ampicillin,6,2,2,0,0,0.0
Actinomyces_Species,Clindamycin,6,2,2,0,0,0.0
Actinomyces_Species,Penicillin,6,4,4,0,0,0.0
Actinotignum_Schaalii,Amoxicillin-Clavulanic acid,3,2,2,0,0,0.0
Actinotignum_Schaalii,Ampicillin,3,1,1,0,0,0.0
Actinotignum_Schaalii,Ceftriaxone,3,2,2,0,0,0.0
Advenella_Kashmirensis,Amoxicillin-Clavulanic acid,6,1,0,1,0,1.0
Advenella_Kashmirensis,Ceftazidime,6,1,1,0,0,0.0
Advenella_Kashmirensis,Ciprofloxacin,6,6,0,6,0,1.0
Advenella_Kashmirensis,Imipenem,6,1,1,0,0,0.0
Advenella_Kashmirensis,Meropenem,6,6,6,0,0,0.0
Advenella_Kashmirensis,Piperacillin,6,5,5,0,0,0.0
Advenella_Kashmirensis,Piperacillin-Tazobactam,6,1,1,0,0,0.0
Advenella_Kashmirensis,Tigecycline,6,5,5,0,0,0.0
Aerococcus_Christensenii,Ampicillin,1,1,1,0,0,0.0
Aerococcus_Christensenii,Ciprofloxacin,1,1,1,0,0,0.0
Aerococcus_Christensenii,Meropenem,1,1,1,0,0,0.0
Aerococcus_Christensenii,Nitrofurantoin,1,1,1,0,0,0.0
Aerococcus_Sanguinicola,Ampicillin,18,18,17,1,1,0.05555555555555555
Aerococcus_Sanguinicola,Ciprofloxacin,18,16,11,5,1,0.3125
Aerococcus_Sanguinicola,Levofloxacin,18,2,2,0,0,0.0
Aerococcus_Sanguinicola,Meropenem,18,15,11,4,1,0.26666666666666666
Aerococcus_Sanguinicola,Nitrofurantoin,18,16,16,0,0,0.0
Aerococcus_Sanguinicola,Rifampicin,18,2,2,0,0,0.0
Aerococcus_Sanguinicola,Vancomycin,18,2,2,0,0,0.0
Aerococcus_Species,Ampicillin,1,1,1,0,0,0.0
Aerococcus_Species,Ciprofloxacin,1,1,1,0,0,0.0
Aerococcus_Species,Meropenem,1,1,1,0,0,0.0
Aerococcus_Species,Nitrofurantoin,1,1,1,0,0,0.0
Aerococcus_Urinae,Ampicillin,410,408,376,32,1,0.0784313725490196
Aerococcus_Urinae,Ciprofloxacin,410,409,327,82,1,0.20048899755501223
Aerococcus_Urinae,Meropenem,410,407,355,52,1,0.12776412776412777
Aerococcus_Urinae,Nitrofurantoin,410,410,403,7,1,0.01707317073170732
Aerococcus_Urinae,Penicillin,410,1,1,0,0,0.0
Aerococcus_Urinae,Vancomycin,410,1,1,0,0,0.0
Aerococcus_Viridans,Ampicillin,9,9,6,3,1,0.3333333333333333
Aerococcus_Viridans,Ceftriaxone,9,2,2,0,0,0.0
Aerococcus_Viridans,Ciprofloxacin,9,7,2,5,1,0.7142857142857143
Aerococcus_Viridans,Linezolid,9,2,2,0,0,0.0
Aerococcus_Viridans,Meropenem,9,7,4,3,1,0.42857142857142855
Aerococcus_Viridans,Moxifloxacin,9,2,0,2,0,1.0
Aerococcus_Viridans,Nitrofurantoin,9,4,1,3,1,0.75
Aerococcus_Viridans,Rifampicin,9,1,0,1,0,1.0
Aerococcus_Viridans,Vancomycin,9,2,2,0,0,0.0
Aeromonas_Hydrophila,Ampicillin,36,4,0,4,0,1.0
Aeromonas_Hydrophila,Ampicillin+Sulbactam,36,4,0,4,0,1.0
Aeromonas_Hydrophila,Aztreonam,36,3,3,0,0,0.0
Aeromonas_Hydrophila,Cefepime,36,30,30,0,0,0.0
Aeromonas_Hydrophila,Ceftazidime,36,35,33,2,1,0.05714285714285714
Aeromonas_Hydrophila,Cefuroxime,36,4,4,0,0,0.0
Aeromonas_Hydrophila,Ciprofloxacin,36,36,36,0,0,0.0
Aeromonas_Hydrophila,Cotrimoxazole,36,3,3,0,0,0.0
Aeromonas_Hydrophila,Imipenem,36,1,1,0,0,0.0
Aeromonas_Hydrophila,Meropenem,36,1,1,0,0,0.0
Aeromonas_Hydrophila,Moxifloxacin,36,5,5,0,0,0.0
Aeromonas_Hydrophila,Piperacillin,36,5,2,3,1,0.6
Aeromonas_Hydrophila,Piperacillin-Tazobactam,36,9,5,4,1,0.4444444444444444
Aeromonas_Hydrophila,Tigecycline,36,5,5,0,0,0.0
Aggregatibacter_Aphrophilus,Amoxicillin-Clavulanic acid,4,3,3,0,0,0.0
Aggregatibacter_Aphrophilus,Ceftriaxone,4,4,4,0,0,0.0
Aggregatibacter_Aphrophilus,Ciprofloxacin,4,2,2,0,0,0.0
Aggregatibacter_Aphrophilus,Levofloxacin,4,1,1,0,0,0.0
Aggregatibacter_Aphrophilus,Meropenem,4,1,1,0,0,0.0
Aggregatibacter_Aphrophilus,Piperacillin,4,1,1,0,0,0.0
Aggregatibacter_Aphrophilus,Piperacillin-Tazobactam,4,1,1,0,0,0.0
Alcaligenes_Faecalis,Amikacin,86,8,0,8,0,1.0
Alcaligenes_Faecalis,Cefepime,86,10,8,2,1,0.2
Alcaligenes_Faecalis,Cefotaxim,86,10,1,9,1,0.9
Alcaligenes_Faecalis,Ceftazidime,86,10,10,0,0,0.0
Alcaligenes_Faecalis,Ciprofloxacin,86,86,5,81,1,0.9418604651162791
Alcaligenes_Faecalis,Gentamicin,86,6,0,6,0,1.0
Alcaligenes_Faecalis,Imipenem,86,86,86,0,0,0.0
Alcaligenes_Faecalis,Meropenem,86,86,86,0,0,0.0
Alcaligenes_Faecalis,Moxifloxacin,86,2,1,1,1,0.5
Alcaligenes_Faecalis,Piperacillin,86,85,77,8,1,0.09411764705882353
Alcaligenes_Faecalis,Piperacillin-Tazobactam,86,85,58,27,1,0.3176470588235294
Alcaligenes_Faecalis,Tigecycline,86,86,2,84,1,0.9767441860465116
Alcaligenes_Species,Ciprofloxacin,1,1,1,0,0,0.0
Alcaligenes_Species,Imipenem,1,1,1,0,0,0.0
Alcaligenes_Species,Meropenem,1,1,1,0,0,0.0
Alcaligenes_Species,Piperacillin,1,1,1,0,0,0.0
Alcaligenes_Species,Tigecycline,1,1,0,1,0,1.0
Aspergillus_Fumigatus,AmphotericinB,1,1,1,0,0,0.0
Aspergillus_Fumigatus,Isavuconazole,1,1,1,0,0,0.0
Aspergillus_Fumigatus,Posaconazole,1,1,1,0,0,0.0
Aspergillus_Fumigatus,Voriconazole,1,1,1,0,0,0.0
Bacillus_Cereus,Amoxicillin-Clavulanic acid,45,1,0,1,0,1.0
Bacillus_Cereus,Ciprofloxacin,45,43,0,43,0,1.0
Bacillus_Cereus,Clindamycin,45,44,38,6,1,0.13636363636363635
Bacillus_Cereus,Imipenem,45,41,29,12,1,0.2926829268292683
Bacillus_Cereus,Linezolid,45,42,41,1,1,0.023809523809523808
Bacillus_Cereus,Meropenem,45,44,28,16,1,0.36363636363636365
Bacillus_Cereus,Vancomycin,45,43,42,1,1,0.023255813953488372
Bacillus_Circulans,Ciprofloxacin,6,6,1,5,1,0.8333333333333334
Bacillus_Circulans,Clindamycin,6,4,0,4,0,1.0
Bacillus_Circulans,Imipenem,6,5,5,0,0,0.0
Bacillus_Circulans,Linezolid,6,6,6,0,0,0.0
Bacillus_Circulans,Meropenem,6,5,5,0,0,0.0
Bacillus_Circulans,Vancomycin,6,5,5,0,0,0.0
Bacillus_Flexus,Ciprofloxacin,1,1,0,1,0,1.0
Bacillus_Flexus,Clindamycin,1,1,1,0,0,0.0
Bacillus_Flexus,Imipenem,1,1,1,0,0,0.0
Bacillus_Flexus,Linezolid,1,1,1,0,0,0.0
Bacillus_Flexus,Meropenem,1,1,1,0,0,0.0
Bacillus_Flexus,Vancomycin,1,1,1,0,0,0.0
Bacillus_Halosaccharovorans,Ciprofloxacin,1,1,0,1,0,1.0
Bacillus_Halosaccharovorans,Clindamycin,1,1,0,1,0,1.0
Bacillus_Halosaccharovorans,Imipenem,1,1,1,0,0,0.0
Bacillus_Halosaccharovorans,Linezolid,1,1,1,0,0,0.0
Bacillus_Halosaccharovorans,Meropenem,1,1,0,1,0,1.0
Bacillus_Halosaccharovorans,Vancomycin,1,1,1,0,0,0.0
Bacillus_Infantis,Ciprofloxacin,2,2,0,2,0,1.0
Bacillus_Infantis,Clindamycin,2,2,1,1,1,0.5
Bacillus_Infantis,Imipenem,2,2,2,0,0,0.0
Bacillus_Infantis,Linezolid,2,2,2,0,0,0.0
Bacillus_Infantis,Meropenem,2,2,2,0,0,0.0
Bacillus_Infantis,Vancomycin,2,2,2,0,0,0.0
Bacillus_Megaterium,Ciprofloxacin,1,1,0,1,0,1.0
Bacillus_Megaterium,Imipenem,1,1,1,0,0,0.0
Bacillus_Megaterium,Linezolid,1,1,1,0,0,0.0
Bacillus_Megaterium,Meropenem,1,1,1,0,0,0.0
Bacillus_Megaterium,Vancomycin,1,1,1,0,0,0.0
Bacillus_Okuhidensis,Ciprofloxacin,1,1,0,1,0,1.0
Bacillus_Okuhidensis,Clindamycin,1,1,0,1,0,1.0
Bacillus_Okuhidensis,Imipenem,1,1,1,0,0,0.0
Bacillus_Okuhidensis,Linezolid,1,1,1,0,0,0.0
Bacillus_Okuhidensis,Meropenem,1,1,1,0,0,0.0
Bacillus_Okuhidensis,Vancomycin,1,1,1,0,0,0.0
Bacillus_Pumilus,Ciprofloxacin,1,1,0,1,0,1.0
Bacillus_Pumilus,Clindamycin,1,1,1,0,0,0.0
Bacillus_Pumilus,Imipenem,1,1,1,0,0,0.0
Bacillus_Pumilus,Linezolid,1,1,1,0,0,0.0
Bacillus_Pumilus,Meropenem,1,1,1,0,0,0.0
Bacillus_Pumilus,Vancomycin,1,1,1,0,0,0.0
Bacillus_Simplex,Ciprofloxacin,8,8,0,8,0,1.0
Bacillus_Simplex,Clindamycin,8,8,5,3,1,0.375
Bacillus_Simplex,Imipenem,8,6,6,0,0,0.0
Bacillus_Simplex,Linezolid,8,8,8,0,0,0.0
Bacillus_Simplex,Meropenem,8,6,4,2,1,0.3333333333333333
Bacillus_Simplex,Vancomycin,8,8,8,0,0,0.0
Bacillus_Species,Amoxicillin-Clavulanic acid,12,1,1,0,0,0.0
Bacillus_Species,Ciprofloxacin,12,11,0,11,0,1.0
Bacillus_Species,Clindamycin,12,11,3,8,1,0.7272727272727273
Bacillus_Species,Imipenem,12,11,10,1,1,0.09090909090909091
Bacillus_Species,Linezolid,12,12,12,0,0,0.0
Bacillus_Species,Meropenem,12,12,8,4,1,0.3333333333333333
Bacillus_Species,Vancomycin,12,11,11,0,0,0.0
Bacillus_Subtilis,Ciprofloxacin,15,14,2,12,1,0.8571428571428571
Bacillus_Subtilis,Clindamycin,15,15,3,12,1,0.8
Bacillus_Subtilis,Imipenem,15,10,10,0,0,0.0
Bacillus_Subtilis,Linezolid,15,14,14,0,0,0.0
Bacillus_Subtilis,Meropenem,15,10,7,3,1,0.3
Bacillus_Subtilis,Vancomycin,15,12,12,0,0,0.0
Bacillus_Weihenstephanensis,Ciprofloxacin,1,1,1,0,0,0.0
Bacillus_Weihenstephanensis,Linezolid,1,1,1,0,0,0.0
Bacteroides_Fragilis,Amoxicillin-Clavulanic acid,5,2,2,0,0,0.0
Bacteroides_Fragilis,Clindamycin,5,2,2,0,0,0.0
Bacteroides_Fragilis,Meropenem,5,4,2,2,1,0.5
Bacteroides_Fragilis,Metronidazol,5,4,4,0,0,0.0
Bacteroides_Fragilis,Piperacillin-Tazobactam,5,2,1,1,1,0.5
Bacteroides_Fragilis,Tigecycline,5,1,0,1,0,1.0
Bacteroides_Nordii,Amoxicillin-Clavulanic acid,1,1,1,0,0,0.0
Bacteroides_Nordii,Meropenem,1,1,1,0,0,0.0
Bacteroides_Nordii,Metronidazol,1,1,1,0,0,0.0
Bacteroides_Nordii,Piperacillin,1,1,1,0,0,0.0
Bacteroides_Thetaiotaomicron,Amoxicillin-Clavulanic acid,2,2,2,0,0,0.0
Bacteroides_Thetaiotaomicron,Meropenem,2,2,2,0,0,0.0
Bacteroides_Thetaiotaomicron,Metronidazol,2,2,2,0,0,0.0
Bacteroides_Thetaiotaomicron,Piperacillin,2,2,0,2,0,1.0
Bergeyella_Zoohelcum,Amoxicillin-Clavulanic acid,1,1,1,0,0,0.0
Bergeyella_Zoohelcum,Ciprofloxacin,1,1,1,0,0,0.0
Bergeyella_Zoohelcum,Cotrimoxazole,1,1,1,0,0,0.0
Bergeyella_Zoohelcum,Meropenem,1,1,1,0,0,0.0
Bordetella_Trematum,Ciprofloxacin,1,1,0,1,0,1.0
Bordetella_Trematum,Imipenem,1,1,1,0,0,0.0
Bordetella_Trematum,Meropenem,1,1,0,1,0,1.0
Bordetella_Trematum,Piperacillin,1,1,1,0,0,0.0
Bordetella_Trematum,Piperacillin-Tazobactam,1,1,0,1,0,1.0
Bordetella_Trematum,Tigecycline,1,1,1,0,0,0.0
Brevundimonas_Aurantiaca,Ciprofloxacin,3,3,0,3,0,1.0
Brevundimonas_Aurantiaca,Imipenem,3,3,3,0,0,0.0
Brevundimonas_Aurantiaca,Meropenem,3,3,3,0,0,0.0
Brevundimonas_Aurantiaca,Piperacillin,3,3,3,0,0,0.0
Brevundimonas_Aurantiaca,Piperacillin-Tazobactam,3,3,3,0,0,0.0
Brevundimonas_Aurantiaca,Tigecycline,3,3,3,0,0,0.0
Brevundimonas_Diminuta,Ceftazidime,5,2,2,0,0,0.0
Brevundimonas_Diminuta,Ciprofloxacin,5,5,2,3,1,0.6
Brevundimonas_Diminuta,Imipenem,5,3,3,0,0,0.0
Brevundimonas_Diminuta,Meropenem,5,5,5,0,0,0.0
Brevundimonas_Diminuta,Piperacillin,5,3,0,3,0,1.0
Brevundimonas_Diminuta,Piperacillin-Tazobactam,5,5,5,0,0,0.0
Brevundimonas_Diminuta,Tigecycline,5,3,3,0,0,0.0
Brevundimonas_Diminuta/vesicularis,Cefotaxim,2,2,0,2,0,1.0
Brevundimonas_Diminuta/vesicularis,Piperacillin-Tazobactam,2,2,2,0,0,0.0
Burkholderia_Cepacia,Amikacin,6,1,0,1,0,1.0
Burkholderia_Cepacia,Ampicillin+Sulbactam,6,5,0,5,0,1.0
Burkholderia_Cepacia,Cefepime,6,1,0,1,0,1.0
Burkholderia_Cepacia,Cefotaxim,6,1,0,1,0,1.0
Burkholderia_Cepacia,Ceftazidime,6,3,3,0,0,0.0
Burkholderia_Cepacia,Ciprofloxacin,6,6,0,6,0,1.0
Burkholderia_Cepacia,Cotrimoxazole,6,2,0,2,0,1.0
Burkholderia_Cepacia,Gentamicin,6,1,0,1,0,1.0
Burkholderia_Cepacia,Imipenem,6,6,1,5,1,0.8333333333333334
Burkholderia_Cepacia,Meropenem,6,6,4,2,1,0.3333333333333333
Burkholderia_Cepacia,Piperacillin,6,6,3,3,1,0.5
Burkholderia_Cepacia,Piperacillin-Tazobactam,6,4,1,3,1,0.75
Burkholderia_Cepacia,Tigecycline,6,6,0,6,0,1.0
Burkholderia_Gladioli,Ciprofloxacin,7,6,4,2,1,0.3333333333333333
Burkholderia_Gladioli,Imipenem,7,6,6,0,0,0.0
Burkholderia_Gladioli,Meropenem,7,6,6,0,0,0.0
Burkholderia_Gladioli,Piperacillin,7,6,6,0,0,0.0
Burkholderia_Gladioli,Piperacillin-Tazobactam,7,7,7,0,0,0.0
Burkholderia_Gladioli,Tigecycline,7,7,0,7,0,1.0
Burkholderia_Tropica,Ceftazidime,1,1,1,0,0,0.0
Burkholderia_Tropica,Imipenem,1,1,1,0,0,0.0
Burkholderia_Tropica,Meropenem,1,1,1,0,0,0.0
Burkholderia_Xenovorans,Ceftazidime,1,1,1,0,0,0.0
Burkholderia_Xenovorans,Ciprofloxacin,1,1,1,0,0,0.0
Burkholderia_Xenovorans,Meropenem,1,1,1,0,0,0.0
Buttiauxella_Gaviniae,Ampicillin,1,1,0,1,0,1.0
Buttiauxella_Gaviniae,Ampicillin+Sulbactam,1,1,1,0,0,0.0
Buttiauxella_Gaviniae,Cefotaxim,1,1,1,0,0,0.0
Buttiauxella_Gaviniae,Ceftazidime,1,1,1,0,0,0.0
Buttiauxella_Gaviniae,Ceftriaxone,1,1,1,0,0,0.0
Buttiauxella_Gaviniae,Ciprofloxacin,1,1,1,0,0,0.0
Buttiauxella_Gaviniae,Cotrimoxazole,1,1,1,0,0,0.0
Buttiauxella_Gaviniae,Gentamicin,1,1,0,1,0,1.0
Buttiauxella_Gaviniae,Imipenem,1,1,1,0,0,0.0
Buttiauxella_Gaviniae,Meropenem,1,1,1,0,0,0.0
Buttiauxella_Gaviniae,Moxifloxacin,1,1,1,0,0,0.0
Buttiauxella_Gaviniae,Piperacillin-Tazobactam,1,1,1,0,0,0.0
Campylobacter_Fetus,Ciprofloxacin,1,1,1,0,0,0.0
Campylobacter_Fetus,Erythromycin,1,1,1,0,0,0.0
Candida_Africana,Fluconazol,2,2,2,0,0,0.0
Candida_Albicans,AmphotericinB,1603,1592,1589,3,1,0.0018844221105527637
Candida_Albicans,Anidulafungin,1603,1,1,0,0,0.0
Candida_Albicans,Caspofungin,1603,1234,1228,6,1,0.004862236628849271
Candida_Albicans,Fluconazol,1603,1601,1592,9,1,0.005621486570893191
Candida_Albicans,Itraconazole,1603,1,1,0,0,0.0
Candida_Albicans,Micafungin,1603,1234,1232,2,1,0.0016207455429497568
Candida_Albicans,Voriconazole,1603,1399,1391,8,1,0.005718370264474625
Candida_Catenulata,Fluconazol,1,1,0,1,0,1.0
Candida_Dubliniensis,AmphotericinB,72,9,9,0,0,0.0
Candida_Dubliniensis,Fluconazol,72,72,72,0,0,0.0
Candida_Dubliniensis,Itraconazole,72,1,1,0,0,0.0
Candida_Dubliniensis,Posaconazole,72,3,3,0,0,0.0
Candida_Dubliniensis,Voriconazole,72,1,1,0,0,0.0
Candida_Glabrata,AmphotericinB,619,616,614,2,1,0.003246753246753247
Candida_Glabrata,Anidulafungin,619,38,37,1,1,0.02631578947368421
Candida_Glabrata,Caspofungin,619,414,98,316,1,0.7632850241545893
Candida_Glabrata,Fluconazol,619,371,0,371,0,1.0
Candida_Glabrata,Micafungin,619,458,455,3,1,0.006550218340611353
Candida_Glabrata,Voriconazole,619,1,1,0,0,0.0
Candida_Guilliermondii,Caspofungin,10,10,10,0,0,0.0
Candida_Guilliermondii,Fluconazol,10,3,0,3,0,1.0
Candida_Kefyr,Fluconazol,52,52,52,0,0,0.0
Candida_Krusei,AmphotericinB,112,111,104,7,1,0.06306306306306306
Candida_Krusei,Anidulafungin,112,4,4,0,0,0.0
Candida_Krusei,Caspofungin,112,92,18,74,1,0.8043478260869565
Candida_Krusei,Fluconazol,112,5,0,5,0,1.0
Candida_Krusei,Micafungin,112,1,1,0,0,0.0
Candida_Krusei,Voriconazole,112,1,1,0,0,0.0
Candida_Lusitaniae,Fluconazol,27,27,24,3,1,0.1111111111111111
Candida_Norvegensis,Fluconazol,3,3,0,3,0,1.0
Candida_Parapsilosis,AmphotericinB,138,138,138,0,0,0.0
Candida_Parapsilosis,Anidulafungin,138,2,0,2,0,1.0
Candida_Parapsilosis,Caspofungin,138,28,28,0,0,0.0
Candida_Parapsilosis,Fluconazol,138,138,126,12,1,0.08695652173913043
Candida_Parapsilosis,Itraconazole,138,2,0,2,0,1.0
Candida_Parapsilosis,Micafungin,138,30,30,0,0,0.0
Candida_Parapsilosis,Voriconazole,138,136,131,5,1,0.03676470588235294
Candida_Species,AmphotericinB,4,2,2,0,0,0.0
Candida_Species,Caspofungin,4,2,0,2,0,1.0
Candida_Species,Fluconazol,4,2,2,0,0,0.0
Candida_Tropicalis,AmphotericinB,198,198,198,0,0,0.0
Candida_Tropicalis,Anidulafungin,198,1,1,0,0,0.0
Candida_Tropicalis,Caspofungin,198,141,141,0,0,0.0
Candida_Tropicalis,Fluconazol,198,198,197,1,1,0.005050505050505051
Candida_Tropicalis,Micafungin,198,11,11,0,0,0.0
Candida_Tropicalis,Voriconazole,198,197,197,0,0,0.0
Candida_Utilis,Fluconazol,1,1,1,0,0,0.0
Cedecea_Davisae,Ampicillin,1,1,0,1,0,1.0
Cedecea_Davisae,Ampicillin+Sulbactam,1,1,0,1,0,1.0
Cedecea_Davisae,Cefotaxim,1,1,1,0,0,0.0
Cedecea_Davisae,Ceftazidime,1,1,1,0,0,0.0
Cedecea_Davisae,Ceftriaxone,1,1,1,0,0,0.0
Cedecea_Davisae,Ciprofloxacin,1,1,1,0,0,0.0
Cedecea_Davisae,Cotrimoxazole,1,1,1,0,0,0.0
Cedecea_Davisae,Gentamicin,1,1,0,1,0,1.0
Cedecea_Davisae,Imipenem,1,1,1,0,0,0.0
Cedecea_Davisae,Meropenem,1,1,1,0,0,0.0
Cedecea_Davisae,Moxifloxacin,1,1,1,0,0,0.0
Cedecea_Davisae,Piperacillin-Tazobactam,1,1,1,0,0,0.0
Cedecea_Neteri,Ampicillin,3,3,0,3,0,1.0
Cedecea_Neteri,Ampicillin+Sulbactam,3,3,0,3,0,1.0
Cedecea_Neteri,Cefotaxim,3,3,3,0,0,0.0
Cedecea_Neteri,Ceftazidime,3,3,3,0,0,0.0
Cedecea_Neteri,Ceftriaxone,3,3,3,0,0,0.0
Cedecea_Neteri,Ciprofloxacin,3,3,3,0,0,0.0
Cedecea_Neteri,Cotrimoxazole,3,3,3,0,0,0.0
Cedecea_Neteri,Gentamicin,3,3,3,0,0,0.0
Cedecea_Neteri,Imipenem,3,3,3,0,0,0.0
Cedecea_Neteri,Meropenem,3,3,3,0,0,0.0
Cedecea_Neteri,Moxifloxacin,3,3,3,0,0,0.0
Cedecea_Neteri,Piperacillin-Tazobactam,3,3,3,0,0,0.0
Chromobacterium_Species,Ampicillin,2,2,0,2,0,1.0
Chromobacterium_Species,Ampicillin+Sulbactam,2,2,0,2,0,1.0
Chromobacterium_Species,Cefuroxime,2,2,0,2,0,1.0
Chromobacterium_Species,Ciprofloxacin,2,2,2,0,0,0.0
Chromobacterium_Species,Imipenem,2,2,0,2,0,1.0
Chromobacterium_Species,Moxifloxacin,2,2,2,0,0,0.0
Chromobacterium_Species,Piperacillin-Tazobactam,2,2,0,2,0,1.0
Chryseobacterium_Gleum,Ciprofloxacin,3,3,0,3,0,1.0
Chryseobacterium_Gleum,Imipenem,3,3,1,2,1,0.6666666666666666
Chryseobacterium_Gleum,Meropenem,3,3,1,2,1,0.6666666666666666
Chryseobacterium_Gleum,Moxifloxacin,3,1,1,0,0,0.0
Chryseobacterium_Gleum,Piperacillin,3,3,0,3,0,1.0
Chryseobacterium_Gleum,Piperacillin-Tazobactam,3,3,1,2,1,0.6666666666666666
Chryseobacterium_Gleum,Tigecycline,3,3,0,3,0,1.0
Chryseobacterium_Indologenes,Aztreonam,18,1,0,1,0,1.0
Chryseobacterium_Indologenes,Bacitracin,18,1,0,1,0,1.0
Chryseobacterium_Indologenes,Ciprofloxacin,18,18,0,18,0,1.0
Chryseobacterium_Indologenes,Imipenem,18,18,5,13,1,0.7222222222222222
Chryseobacterium_Indologenes,Levofloxacin,18,1,1,0,0,0.0
Chryseobacterium_Indologenes,Meropenem,18,18,0,18,0,1.0
Chryseobacterium_Indologenes,Moxifloxacin,18,10,10,0,0,0.0
Chryseobacterium_Indologenes,Neomycin,18,1,0,1,0,1.0
Chryseobacterium_Indologenes,Piperacillin,18,18,0,18,0,1.0
Chryseobacterium_Indologenes,Piperacillin-Tazobactam,18,18,0,18,0,1.0
Chryseobacterium_Indologenes,Tigecycline,18,18,1,17,1,0.9444444444444444
Chryseobacterium_Joostei,Ciprofloxacin,1,1,0,1,0,1.0
Chryseobacterium_Joostei,Imipenem,1,1,0,1,0,1.0
Chryseobacterium_Joostei,Meropenem,1,1,0,1,0,1.0
Chryseobacterium_Joostei,Moxifloxacin,1,1,1,0,0,0.0
Chryseobacterium_Joostei,Piperacillin,1,1,0,1,0,1.0
Chryseobacterium_Joostei,Piperacillin-Tazobactam,1,1,0,1,0,1.0
Chryseobacterium_Joostei,Tigecycline,1,1,0,1,0,1.0
Chryseobacterium_Oranimense,Ciprofloxacin,3,3,0,3,0,1.0
Chryseobacterium_Oranimense,Imipenem,3,3,0,3,0,1.0
Chryseobacterium_Oranimense,Meropenem,3,3,0,3,0,1.0
Chryseobacterium_Oranimense,Piperacillin,3,3,0,3,0,1.0
Chryseobacterium_Oranimense,Piperacillin-Tazobactam,3,3,0,3,0,1.0
Chryseobacterium_Oranimense,Tigecycline,3,3,0,3,0,1.0
Chryseobacterium_Species,Levofloxacin,1,1,1,0,0,0.0
Chryseobacterium_Species,Piperacillin-Tazobactam,1,1,0,1,0,1.0
Citrobacter_Amalonaticus,Ampicillin,49,49,0,49,0,1.0
Citrobacter_Amalonaticus,Ampicillin+Sulbactam,49,49,24,25,1,0.5102040816326531
Citrobacter_Amalonaticus,Cefotaxim,49,49,41,8,1,0.16326530612244897
Citrobacter_Amalonaticus,Ceftazidime,49,49,44,5,1,0.10204081632653061
Citrobacter_Amalonaticus,Ceftriaxone,49,35,34,1,1,0.02857142857142857
Citrobacter_Amalonaticus,Ciprofloxacin,49,49,49,0,0,0.0
Citrobacter_Amalonaticus,Cotrimoxazole,49,49,46,3,1,0.061224489795918366
Citrobacter_Amalonaticus,Fosfomycin,49,8,8,0,0,0.0
Citrobacter_Amalonaticus,Gentamicin,49,49,22,27,1,0.5510204081632653
Citrobacter_Amalonaticus,Imipenem,49,49,49,0,0,0.0
Citrobacter_Amalonaticus,Meropenem,49,49,49,0,0,0.0
Citrobacter_Amalonaticus,Moxifloxacin,49,41,37,4,1,0.0975609756097561
Citrobacter_Amalonaticus,Piperacillin-Tazobactam,49,48,44,4,1,0.08333333333333333
Citrobacter_Freundii,Ampicillin,551,551,17,534,1,0.969147005444646
Citrobacter_Freundii,Ampicillin+Sulbactam,551,551,24,527,1,0.956442831215971
Citrobacter_Freundii,Cefiderocol,551,1,1,0,0,0.0
Citrobacter_Freundii,Cefotaxim,551,551,319,232,1,0.42105263157894735
Citrobacter_Freundii,Ceftazidime,551,550,318,232,1,0.4218181818181818
Citrobacter_Freundii,Ceftriaxone,551,391,222,169,1,0.4322250639386189
Citrobacter_Freundii,Cefuroxime,551,1,0,1,0,1.0
Citrobacter_Freundii,Ciprofloxacin,551,551,496,55,1,0.0998185117967332
Citrobacter_Freundii,Cotrimoxazole,551,551,510,41,1,0.07441016333938294
Citrobacter_Freundii,Ertapenem,551,1,0,1,0,1.0
Citrobacter_Freundii,Fosfomycin,551,123,123,0,0,0.0
Citrobacter_Freundii,Gentamicin,551,551,219,332,1,0.6025408348457351
Citrobacter_Freundii,Imipenem,551,550,540,10,1,0.01818181818181818
Citrobacter_Freundii,Meropenem,551,549,540,9,1,0.01639344262295082
Citrobacter_Freundii,Moxifloxacin,551,405,273,132,1,0.32592592592592595
Citrobacter_Freundii,Piperacillin-Tazobactam,551,551,317,234,1,0.4246823956442831
Citrobacter_Koseri,Amoxicillin-Clavulanic acid,557,1,1,0,0,0.0
Citrobacter_Koseri,Ampicillin,557,557,0,557,0,1.0
Citrobacter_Koseri,Ampicillin+Sulbactam,557,555,475,80,1,0.14414414414414414
Citrobacter_Koseri,Cefotaxim,557,557,538,19,1,0.03411131059245961
Citrobacter_Koseri,Ceftazidime,557,557,535,22,1,0.03949730700179533
Citrobacter_Koseri,Ceftriaxone,557,337,324,13,1,0.03857566765578635
Citrobacter_Koseri,Ciprofloxacin,557,557,552,5,1,0.008976660682226212
Citrobacter_Koseri,Cotrimoxazole,557,557,552,5,1,0.008976660682226212
Citrobacter_Koseri,Fosfomycin,557,168,167,1,1,0.005952380952380952
Citrobacter_Koseri,Gentamicin,557,548,210,338,1,0.6167883211678832
Citrobacter_Koseri,Imipenem,557,557,555,2,1,0.003590664272890485
Citrobacter_Koseri,Meropenem,557,557,556,1,1,0.0017953321364452424
Citrobacter_Koseri,Moxifloxacin,557,343,318,25,1,0.0728862973760933
Citrobacter_Koseri,Piperacillin-Tazobactam,557,557,499,58,1,0.10412926391382406
Clostridium_Clostridioforme,Meropenem,1,1,1,0,0,0.0
Clostridium_Clostridioforme,Metronidazol,1,1,1,0,0,0.0
Clostridium_Clostridioforme,Penicillin,1,1,0,1,0,1.0
Clostridium_Clostridioforme,Vancomycin,1,1,0,1,0,1.0
Clostridium_Perfringens,Clindamycin,5,5,5,0,0,0.0
Clostridium_Perfringens,Meropenem,5,1,1,0,0,0.0
Clostridium_Perfringens,Metronidazol,5,2,2,0,0,0.0
Clostridium_Perfringens,Penicillin,5,5,5,0,0,0.0
Clostridium_Perfringens,Piperacillin-Tazobactam,5,1,1,0,0,0.0
Clostridium_Ramosum,Clindamycin,1,1,1,0,0,0.0
Clostridium_Ramosum,Penicillin,1,1,1,0,0,0.0
Clostridium_Species,Clindamycin,1,1,1,0,0,0.0
Clostridium_Species,Penicillin,1,1,1,0,0,0.0
Comamonas_Aquatica,Ciprofloxacin,1,1,1,0,0,0.0
Comamonas_Aquatica,Imipenem,1,1,1,0,0,0.0
Comamonas_Aquatica,Meropenem,1,1,1,0,0,0.0
Comamonas_Aquatica,Piperacillin,1,1,1,0,0,0.0
Comamonas_Aquatica,Tigecycline,1,1,1,0,0,0.0
Comamonas_Kerstersii,Amikacin,2,1,0,1,0,1.0
Comamonas_Kerstersii,Cefepime,2,1,1,0,0,0.0
Comamonas_Kerstersii,Cefotaxim,2,1,1,0,0,0.0
Comamonas_Kerstersii,Ceftazidime,2,1,1,0,0,0.0
Comamonas_Kerstersii,Ciprofloxacin,2,2,1,1,1,0.5
Comamonas_Kerstersii,Gentamicin,2,1,0,1,0,1.0
Comamonas_Kerstersii,Imipenem,2,2,2,0,0,0.0
Comamonas_Kerstersii,Meropenem,2,2,2,0,0,0.0
Comamonas_Kerstersii,Piperacillin,2,2,2,0,0,0.0
Comamonas_Kerstersii,Piperacillin-Tazobactam,2,1,1,0,0,0.0
Comamonas_Kerstersii,Tigecycline,2,2,2,0,0,0.0
Comamonas_Species,Ciprofloxacin,2,2,0,2,0,1.0
Comamonas_Species,Meropenem,2,2,2,0,0,0.0
Comamonas_Species,Piperacillin,2,2,0,2,0,1.0
Comamonas_Species,Piperacillin-Tazobactam,2,2,2,0,0,0.0
Comamonas_Species,Tigecycline,2,2,2,0,0,0.0
Comamonas_Terrigena,Cefepime,1,1,1,0,0,0.0
Comamonas_Terrigena,Cefotaxim,1,1,0,1,0,1.0
Comamonas_Terrigena,Ceftazidime,1,1,1,0,0,0.0
Comamonas_Terrigena,Ciprofloxacin,1,1,1,0,0,0.0
Comamonas_Terrigena,Imipenem,1,1,1,0,0,0.0
Comamonas_Terrigena,Meropenem,1,1,1,0,0,0.0
Comamonas_Terrigena,Piperacillin,1,1,0,1,0,1.0
Comamonas_Terrigena,Piperacillin-Tazobactam,1,1,0,1,0,1.0
Comamonas_Terrigena,Tigecycline,1,1,1,0,0,0.0
Corynebacterium_Accolens,Clindamycin,23,23,9,14,1,0.6086956521739131
Corynebacterium_Accolens,Linezolid,23,22,22,0,0,0.0
Corynebacterium_Accolens,Moxifloxacin,23,23,18,5,1,0.21739130434782608
Corynebacterium_Accolens,PenicillinG,23,23,4,19,1,0.8260869565217391
Corynebacterium_Accolens,Tetracycline,23,23,22,1,1,0.043478260869565216
Corynebacterium_Accolens,Vancomycin,23,23,23,0,0,0.0
Corynebacterium_Afermentans,Clindamycin,12,12,0,12,0,1.0
Corynebacterium_Afermentans,Linezolid,12,12,12,0,0,0.0
Corynebacterium_Afermentans,Moxifloxacin,12,10,8,2,1,0.2
Corynebacterium_Afermentans,PenicillinG,12,12,0,12,0,1.0
Corynebacterium_Afermentans,Tetracycline,12,10,10,0,0,0.0
Corynebacterium_Afermentans,Vancomycin,12,12,12,0,0,0.0
Corynebacterium_Ammoniagenes,Clindamycin,2,2,0,2,0,1.0
Corynebacterium_Ammoniagenes,Linezolid,2,2,2,0,0,0.0
Corynebacterium_Ammoniagenes,Moxifloxacin,2,2,2,0,0,0.0
Corynebacterium_Ammoniagenes,PenicillinG,2,2,0,2,0,1.0
Corynebacterium_Ammoniagenes,Tetracycline,2,2,2,0,0,0.0
Corynebacterium_Ammoniagenes,Vancomycin,2,2,2,0,0,0.0
Corynebacterium_Amycolatum,Clindamycin,168,168,59,109,1,0.6488095238095238
Corynebacterium_Amycolatum,Linezolid,168,167,166,1,1,0.005988023952095809
Corynebacterium_Amycolatum,Moxifloxacin,168,168,72,96,1,0.5714285714285714
Corynebacterium_Amycolatum,PenicillinG,168,168,18,150,1,0.8928571428571429
Corynebacterium_Amycolatum,Tetracycline,168,168,110,58,1,0.34523809523809523
Corynebacterium_Amycolatum,Vancomycin,168,168,168,0,0,0.0
Corynebacterium_Argentoratense,Clindamycin,1,1,1,0,0,0.0
Corynebacterium_Argentoratense,Linezolid,1,1,1,0,0,0.0
Corynebacterium_Argentoratense,Moxifloxacin,1,1,1,0,0,0.0
Corynebacterium_Argentoratense,PenicillinG,1,1,0,1,0,1.0
Corynebacterium_Argentoratense,Tetracycline,1,1,1,0,0,0.0
Corynebacterium_Argentoratense,Vancomycin,1,1,1,0,0,0.0
Corynebacterium_Aurimucosum,Clindamycin,33,33,2,31,1,0.9393939393939394
Corynebacterium_Aurimucosum,Linezolid,33,33,33,0,0,0.0
Corynebacterium_Aurimucosum,Moxifloxacin,33,33,19,14,1,0.42424242424242425
Corynebacterium_Aurimucosum,PenicillinG,33,33,0,33,0,1.0
Corynebacterium_Aurimucosum,Tetracycline,33,33,28,5,1,0.15151515151515152
Corynebacterium_Aurimucosum,Vancomycin,33,33,33,0,0,0.0
Corynebacterium_Bovis,Clindamycin,1,1,0,1,0,1.0
Corynebacterium_Bovis,Linezolid,1,1,1,0,0,0.0
Corynebacterium_Bovis,Moxifloxacin,1,1,1,0,0,0.0
Corynebacterium_Bovis,PenicillinG,1,1,1,0,0,0.0
Corynebacterium_Bovis,Tetracycline,1,1,1,0,0,0.0
Corynebacterium_Bovis,Vancomycin,1,1,1,0,0,0.0
Corynebacterium_Confusum,Clindamycin,1,1,0,1,0,1.0
Corynebacterium_Confusum,Linezolid,1,1,1,0,0,0.0
Corynebacterium_Confusum,Moxifloxacin,1,1,1,0,0,0.0
Corynebacterium_Confusum,PenicillinG,1,1,0,1,0,1.0
Corynebacterium_Confusum,Tetracycline,1,1,1,0,0,0.0
Corynebacterium_Confusum,Vancomycin,1,1,1,0,0,0.0
Corynebacterium_Coyleae,Clindamycin,16,16,0,16,0,1.0
Corynebacterium_Coyleae,Linezolid,16,16,16,0,0,0.0
Corynebacterium_Coyleae,Moxifloxacin,16,16,13,3,1,0.1875
Corynebacterium_Coyleae,PenicillinG,16,16,0,16,0,1.0
Corynebacterium_Coyleae,Tetracycline,16,16,16,0,0,0.0
Corynebacterium_Coyleae,Vancomycin,16,16,16,0,0,0.0
Corynebacterium_Diphtheriae,Ciprofloxacin,1,1,0,1,0,1.0
Corynebacterium_Diphtheriae,Clindamycin,1,1,1,0,0,0.0
Corynebacterium_Diphtheriae,Vancomycin,1,1,1,0,0,0.0
Corynebacterium_Frankenforstense,Clindamycin,2,2,1,1,1,0.5
Corynebacterium_Frankenforstense,Linezolid,2,2,2,0,0,0.0
Corynebacterium_Frankenforstense,Moxifloxacin,2,2,1,1,1,0.5
Corynebacterium_Frankenforstense,PenicillinG,2,2,2,0,0,0.0
Corynebacterium_Frankenforstense,Tetracycline,2,2,2,0,0,0.0
Corynebacterium_Frankenforstense,Vancomycin,2,2,2,0,0,0.0
Corynebacterium_Freneyi,Clindamycin,3,3,0,3,0,1.0
Corynebacterium_Freneyi,Linezolid,3,3,3,0,0,0.0
Corynebacterium_Freneyi,Moxifloxacin,3,3,3,0,0,0.0
Corynebacterium_Freneyi,PenicillinG,3,3,0,3,0,1.0
Corynebacterium_Freneyi,Tetracycline,3,3,3,0,0,0.0
Corynebacterium_Freneyi,Vancomycin,3,3,3,0,0,0.0
Corynebacterium_Glucuronolyticum,Clindamycin,5,5,0,5,0,1.0
Corynebacterium_Glucuronolyticum,Linezolid,5,5,5,0,0,0.0
Corynebacterium_Glucuronolyticum,Moxifloxacin,5,5,2,3,1,0.6
Corynebacterium_Glucuronolyticum,PenicillinG,5,5,2,3,1,0.6
Corynebacterium_Glucuronolyticum,Tetracycline,5,5,2,3,1,0.6
Corynebacterium_Glucuronolyticum,Vancomycin,5,5,5,0,0,0.0
Corynebacterium_Imitans,Clindamycin,8,8,3,5,1,0.625
Corynebacterium_Imitans,Linezolid,8,8,8,0,0,0.0
Corynebacterium_Imitans,Moxifloxacin,8,8,2,6,1,0.75
Corynebacterium_Imitans,PenicillinG,8,8,0,8,0,1.0
Corynebacterium_Imitans,Tetracycline,8,8,8,0,0,0.0
Corynebacterium_Imitans,Vancomycin,8,8,8,0,0,0.0
Corynebacterium_Jeikeium,Clindamycin,12,12,1,11,1,0.9166666666666666
Corynebacterium_Jeikeium,Linezolid,12,12,12,0,0,0.0
Corynebacterium_Jeikeium,Moxifloxacin,12,12,5,7,1,0.5833333333333334
Corynebacterium_Jeikeium,PenicillinG,12,12,0,12,0,1.0
Corynebacterium_Jeikeium,Tetracycline,12,12,11,1,1,0.08333333333333333
Corynebacterium_Jeikeium,Vancomycin,12,12,12,0,0,0.0
Corynebacterium_Kroppenstedtii,Clindamycin,5,5,5,0,0,0.0
Corynebacterium_Kroppenstedtii,Linezolid,5,5,5,0,0,0.0
Corynebacterium_Kroppenstedtii,Moxifloxacin,5,5,3,2,1,0.4
Corynebacterium_Kroppenstedtii,PenicillinG,5,5,0,5,0,1.0
Corynebacterium_Kroppenstedtii,Tetracycline,5,5,5,0,0,0.0
Corynebacterium_Kroppenstedtii,Vancomycin,5,5,5,0,0,0.0
Corynebacterium_Lipophiloflavum,Clindamycin,1,1,0,1,0,1.0
Corynebacterium_Lipophiloflavum,Linezolid,1,1,1,0,0,0.0
Corynebacterium_Lipophiloflavum,Moxifloxacin,1,1,1,0,0,0.0
Corynebacterium_Lipophiloflavum,PenicillinG,1,1,0,1,0,1.0
Corynebacterium_Lipophiloflavum,Tetracycline,1,1,1,0,0,0.0
Corynebacterium_Lipophiloflavum,Vancomycin,1,1,1,0,0,0.0
Corynebacterium_Minutissimum,Clindamycin,5,5,0,5,0,1.0
Corynebacterium_Minutissimum,Linezolid,5,5,5,0,0,0.0
Corynebacterium_Minutissimum,Moxifloxacin,5,5,4,1,1,0.2
Corynebacterium_Minutissimum,PenicillinG,5,5,0,5,0,1.0
Corynebacterium_Minutissimum,Tetracycline,5,5,3,2,1,0.4
Corynebacterium_Minutissimum,Vancomycin,5,5,5,0,0,0.0
Corynebacterium_Pilbarense,Clindamycin,1,1,0,1,0,1.0
Corynebacterium_Pilbarense,Linezolid,1,1,1,0,0,0.0
Corynebacterium_Pilbarense,Moxifloxacin,1,1,0,1,0,1.0
Corynebacterium_Pilbarense,PenicillinG,1,1,0,1,0,1.0
Corynebacterium_Pilbarense,Tetracycline,1,1,1,0,0,0.0
Corynebacterium_Pilbarense,Vancomycin,1,1,1,0,0,0.0
Corynebacterium_Propinquum,Bacitracin,16,1,1,0,0,0.0
Corynebacterium_Propinquum,Clindamycin,16,16,7,9,1,0.5625
Corynebacterium_Propinquum,Linezolid,16,16,16,0,0,0.0
Corynebacterium_Propinquum,Moxifloxacin,16,16,15,1,1,0.0625
Corynebacterium_Propinquum,Neomycin,16,1,1,0,0,0.0
Corynebacterium_Propinquum,PenicillinG,16,16,11,5,1,0.3125
Corynebacterium_Propinquum,Tetracycline,16,16,16,0,0,0.0
Corynebacterium_Propinquum,Vancomycin,16,16,16,0,0,0.0
Corynebacterium_Pseudodiphtheriticum,Clindamycin,17,17,5,12,1,0.7058823529411765
Corynebacterium_Pseudodiphtheriticum,Linezolid,17,17,16,1,1,0.058823529411764705
Corynebacterium_Pseudodiphtheriticum,Moxifloxacin,17,17,16,1,1,0.058823529411764705
Corynebacterium_Pseudodiphtheriticum,PenicillinG,17,17,9,8,1,0.47058823529411764
Corynebacterium_Pseudodiphtheriticum,Tetracycline,17,17,17,0,0,0.0
Corynebacterium_Pseudodiphtheriticum,Vancomycin,17,17,17,0,0,0.0
Corynebacterium_Resistens,Clindamycin,5,5,3,2,1,0.4
Corynebacterium_Resistens,Linezolid,5,5,5,0,0,0.0
Corynebacterium_Resistens,Moxifloxacin,5,5,5,0,0,0.0
Corynebacterium_Resistens,PenicillinG,5,5,0,5,0,1.0
Corynebacterium_Resistens,Tetracycline,5,5,5,0,0,0.0
Corynebacterium_Resistens,Vancomycin,5,5,5,0,0,0.0
Corynebacterium_Simulans,Clindamycin,22,22,1,21,1,0.9545454545454546
Corynebacterium_Simulans,Linezolid,22,22,21,1,1,0.045454545454545456
Corynebacterium_Simulans,Moxifloxacin,22,22,22,0,0,0.0
Corynebacterium_Simulans,PenicillinG,22,22,2,20,1,0.9090909090909091
Corynebacterium_Simulans,Tetracycline,22,22,21,1,1,0.045454545454545456
Corynebacterium_Simulans,Vancomycin,22,22,22,0,0,0.0
Corynebacterium_Singulare,Clindamycin,1,1,0,1,0,1.0
Corynebacterium_Singulare,Linezolid,1,1,1,0,0,0.0
Corynebacterium_Singulare,Moxifloxacin,1,1,1,0,0,0.0
Corynebacterium_Singulare,PenicillinG,1,1,0,1,0,1.0
Corynebacterium_Singulare,Tetracycline,1,1,1,0,0,0.0
Corynebacterium_Singulare,Vancomycin,1,1,1,0,0,0.0
Corynebacterium_Species,Clindamycin,80,79,14,65,1,0.8227848101265823
Corynebacterium_Species,Linezolid,80,79,79,0,0,0.0
Corynebacterium_Species,Moxifloxacin,80,80,39,41,1,0.5125
Corynebacterium_Species,PenicillinG,80,80,9,71,1,0.8875
Corynebacterium_Species,Tetracycline,80,78,65,13,1,0.16666666666666666
Corynebacterium_Species,Vancomycin,80,80,80,0,0,0.0
Corynebacterium_Striatum,Clindamycin,236,236,20,216,1,0.9152542372881356
Corynebacterium_Striatum,Linezolid,236,232,231,1,1,0.004310344827586207
Corynebacterium_Striatum,Moxifloxacin,236,236,20,216,1,0.9152542372881356
Corynebacterium_Striatum,Penicillin,236,1,0,1,0,1.0
Corynebacterium_Striatum,PenicillinG,236,235,1,234,1,0.9957446808510638
Corynebacterium_Striatum,Rifampicin,236,2,2,0,0,0.0
Corynebacterium_Striatum,Tetracycline,236,235,63,172,1,0.7319148936170212
Corynebacterium_Striatum,Vancomycin,236,235,231,4,1,0.01702127659574468
Corynebacterium_Tuberculostearicum,Clindamycin,135,135,10,125,1,0.9259259259259259
Corynebacterium_Tuberculostearicum,Linezolid,135,130,130,0,0,0.0
Corynebacterium_Tuberculostearicum,Moxifloxacin,135,134,8,126,1,0.9402985074626866
Corynebacterium_Tuberculostearicum,PenicillinG,135,135,10,125,1,0.9259259259259259
Corynebacterium_Tuberculostearicum,Tetracycline,135,135,114,21,1,0.15555555555555556
Corynebacterium_Tuberculostearicum,Vancomycin,135,134,132,2,1,0.014925373134328358
Corynebacterium_Urealyticum,Clindamycin,8,8,1,7,1,0.875
Corynebacterium_Urealyticum,Linezolid,8,8,8,0,0,0.0
Corynebacterium_Urealyticum,Moxifloxacin,8,8,3,5,1,0.625
Corynebacterium_Urealyticum,PenicillinG,8,8,0,8,0,1.0
Corynebacterium_Urealyticum,Tetracycline,8,8,5,3,1,0.375
Corynebacterium_Urealyticum,Vancomycin,8,8,8,0,0,0.0
Cronobacter_Spec.,Ampicillin,1,1,0,1,0,1.0
Cronobacter_Spec.,Ampicillin+Sulbactam,1,1,1,0,0,0.0
Cronobacter_Spec.,Cefotaxim,1,1,1,0,0,0.0
Cronobacter_Spec.,Ceftazidime,1,1,1,0,0,0.0
Cronobacter_Spec.,Ceftriaxone,1,1,1,0,0,0.0
Cronobacter_Spec.,Cefuroxime,1,1,0,1,0,1.0
Cronobacter_Spec.,Ciprofloxacin,1,1,1,0,0,0.0
Cronobacter_Spec.,Cotrimoxazole,1,1,1,0,0,0.0
Cronobacter_Spec.,Gentamicin,1,1,0,1,0,1.0
Cronobacter_Spec.,Imipenem,1,1,1,0,0,0.0
Cronobacter_Spec.,Meropenem,1,1,1,0,0,0.0
Cronobacter_Spec.,Moxifloxacin,1,1,1,0,0,0.0
Cronobacter_Spec.,Piperacillin-Tazobactam,1,1,1,0,0,0.0
Cupriavidus_Pauculus,Ceftazidime,1,1,0,1,0,1.0
Cupriavidus_Pauculus,Ciprofloxacin,1,1,1,0,0,0.0
Cupriavidus_Pauculus,Meropenem,1,1,0,1,0,1.0
Cutibacterium_Acnes,Ampicillin,65,2,2,0,0,0.0
Cutibacterium_Acnes,Ceftriaxone,65,4,4,0,0,0.0
Cutibacterium_Acnes,Clindamycin,65,63,63,0,0,0.0
Cutibacterium_Acnes,Penicillin,65,63,63,0,0,0.0
Cutibacterium_Acnes,Piperacillin-Tazobactam,65,1,1,0,0,0.0
Cutibacterium_Acnes,Vancomycin,65,61,61,0,0,0.0
Delftia_Acidovorans,Amikacin,9,2,0,2,0,1.0
Delftia_Acidovorans,Ampicillin,9,1,0,1,0,1.0
Delftia_Acidovorans,Ampicillin+Sulbactam,9,1,0,1,0,1.0
Delftia_Acidovorans,Cefepime,9,2,2,0,0,0.0
Delftia_Acidovorans,Cefotaxim,9,2,2,0,0,0.0
Delftia_Acidovorans,Ceftazidime,9,3,3,0,0,0.0
Delftia_Acidovorans,Cefuroxime,9,1,1,0,0,0.0
Delftia_Acidovorans,Ciprofloxacin,9,8,8,0,0,0.0
Delftia_Acidovorans,Gentamicin,9,2,0,2,0,1.0
Delftia_Acidovorans,Imipenem,9,6,6,0,0,0.0
Delftia_Acidovorans,Meropenem,9,9,9,0,0,0.0
Delftia_Acidovorans,Moxifloxacin,9,1,1,0,0,0.0
Delftia_Acidovorans,Piperacillin,9,6,6,0,0,0.0
Delftia_Acidovorans,Piperacillin-Tazobactam,9,9,9,0,0,0.0
Delftia_Acidovorans,Tigecycline,9,7,7,0,0,0.0
Eggerthella_Species,Meropenem,2,2,2,0,0,0.0
Eikenella_Corrodens,Cefotaxim,2,2,2,0,0,0.0
Eikenella_Corrodens,Penicillin,2,2,2,0,0,0.0
Elizabethkingia_Meningoseptica,Ampicillin,2,2,0,2,0,1.0
Elizabethkingia_Meningoseptica,Ampicillin+Sulbactam,2,2,2,0,0,0.0
Elizabethkingia_Meningoseptica,Cefuroxime,2,2,2,0,0,0.0
Elizabethkingia_Meningoseptica,Ciprofloxacin,2,2,2,0,0,0.0
Elizabethkingia_Meningoseptica,Imipenem,2,2,2,0,0,0.0
Elizabethkingia_Meningoseptica,Meropenem,2,2,2,0,0,0.0
Elizabethkingia_Meningoseptica,Moxifloxacin,2,2,2,0,0,0.0
Elizabethkingia_Meningoseptica,Piperacillin-Tazobactam,2,2,2,0,0,0.0
Elizabethkingia_Miricola,Ciprofloxacin,3,3,0,3,0,1.0
Elizabethkingia_Miricola,Imipenem,3,3,0,3,0,1.0
Elizabethkingia_Miricola,Meropenem,3,3,0,3,0,1.0
Elizabethkingia_Miricola,Moxifloxacin,3,2,2,0,0,0.0
Elizabethkingia_Miricola,Piperacillin,3,3,0,3,0,1.0
Elizabethkingia_Miricola,Piperacillin-Tazobactam,3,3,0,3,0,1.0
Elizabethkingia_Miricola,Tigecycline,3,3,0,3,0,1.0
Empedobacter_Brevis,Ciprofloxacin,4,4,0,4,0,1.0
Empedobacter_Brevis,Imipenem,4,4,4,0,0,0.0
Empedobacter_Brevis,Meropenem,4,4,0,4,0,1.0
Empedobacter_Brevis,Piperacillin,4,4,1,3,1,0.75
Empedobacter_Brevis,Piperacillin-Tazobactam,4,4,0,4,0,1.0
Empedobacter_Brevis,Tigecycline,4,4,1,3,1,0.75
Enterobacter_Species,Ampicillin,2,2,0,2,0,1.0
Enterobacter_Species,Ampicillin+Sulbactam,2,2,0,2,0,1.0
Enterobacter_Species,Cefotaxim,2,2,2,0,0,0.0
Enterobacter_Species,Ceftazidime,2,2,2,0,0,0.0
Enterobacter_Species,Ciprofloxacin,2,2,2,0,0,0.0
Enterobacter_Species,Cotrimoxazole,2,2,0,2,0,1.0
Enterobacter_Species,Gentamicin,2,2,0,2,0,1.0
Enterobacter_Species,Imipenem,2,2,2,0,0,0.0
Enterobacter_Species,Meropenem,2,2,2,0,0,0.0
Enterobacter_Species,Piperacillin-Tazobactam,2,2,2,0,0,0.0
Enterobacter_Xiangfangensis,Ampicillin,8,8,1,7,1,0.875
Enterobacter_Xiangfangensis,Ampicillin+Sulbactam,8,8,1,7,1,0.875
Enterobacter_Xiangfangensis,Cefotaxim,8,8,6,2,1,0.25
Enterobacter_Xiangfangensis,Ceftazidime,8,8,6,2,1,0.25
Enterobacter_Xiangfangensis,Ceftriaxone,8,5,4,1,1,0.2
Enterobacter_Xiangfangensis,Ciprofloxacin,8,8,8,0,0,0.0
Enterobacter_Xiangfangensis,Cotrimoxazole,8,8,8,0,0,0.0
Enterobacter_Xiangfangensis,Fosfomycin,8,2,1,1,1,0.5
Enterobacter_Xiangfangensis,Gentamicin,8,8,4,4,1,0.5
Enterobacter_Xiangfangensis,Imipenem,8,8,8,0,0,0.0
Enterobacter_Xiangfangensis,Meropenem,8,8,8,0,0,0.0
Enterobacter_Xiangfangensis,Moxifloxacin,8,6,6,0,0,0.0
Enterobacter_Xiangfangensis,Piperacillin-Tazobactam,8,8,6,2,1,0.25
Enterobacter_amnigenus_2,Ampicillin,1,1,0,1,0,1.0
Enterobacter_amnigenus_2,Ampicillin+Sulbactam,1,1,1,0,0,0.0
Enterobacter_amnigenus_2,Cefotaxim,1,1,1,0,0,0.0
Enterobacter_amnigenus_2,Ceftazidime,1,1,1,0,0,0.0
Enterobacter_amnigenus_2,Ciprofloxacin,1,1,1,0,0,0.0
Enterobacter_amnigenus_2,Cotrimoxazole,1,1,1,0,0,0.0
Enterobacter_amnigenus_2,Gentamicin,1,1,1,0,0,0.0
Enterobacter_amnigenus_2,Imipenem,1,1,1,0,0,0.0
Enterobacter_amnigenus_2,Meropenem,1,1,1,0,0,0.0
Enterobacter_amnigenus_2,Moxifloxacin,1,1,1,0,0,0.0
Enterobacter_amnigenus_2,Piperacillin-Tazobactam,1,1,1,0,0,0.0
Enterobacter_cloacae_complex,Amikacin,1930,1,0,1,0,1.0
Enterobacter_cloacae_complex,Ampicillin,1930,1926,15,1911,1,0.9922118380062306
Enterobacter_cloacae_complex,Ampicillin+Sulbactam,1930,1926,59,1867,1,0.9693665628245067
Enterobacter_cloacae_complex,Bacitracin,1930,3,0,3,0,1.0
Enterobacter_cloacae_complex,Cefepime,1930,1,1,0,0,0.0
Enterobacter_cloacae_complex,Cefotaxim,1930,1928,1177,751,1,0.3895228215767635
Enterobacter_cloacae_complex,Ceftazidime,1930,1928,1175,753,1,0.39056016597510373
Enterobacter_cloacae_complex,Ceftazidime-Avibactam,1930,1,1,0,0,0.0
Enterobacter_cloacae_complex,Ceftolozane-Tazobactam,1930,1,1,0,0,0.0
Enterobacter_cloacae_complex,Ceftriaxone,1930,1445,882,563,1,0.38961937716262973
Enterobacter_cloacae_complex,Cefuroxime,1930,2,0,2,0,1.0
Enterobacter_cloacae_complex,Ciprofloxacin,1930,1928,1848,80,1,0.04149377593360996
Enterobacter_cloacae_complex,Clindamycin,1930,1,0,1,0,1.0
Enterobacter_cloacae_complex,Colistin,1930,1,1,0,0,0.0
Enterobacter_cloacae_complex,Cotrimoxazole,1930,1928,1831,97,1,0.050311203319502076
Enterobacter_cloacae_complex,Ertapenem,1930,4,3,1,1,0.25
Enterobacter_cloacae_complex,Erythromycin,1930,1,0,1,0,1.0
Enterobacter_cloacae_complex,Fosfomycin,1930,339,152,187,1,0.551622418879056
Enterobacter_cloacae_complex,Gentamicin,1930,1922,761,1161,1,0.6040582726326743
Enterobacter_cloacae_complex,Imipenem,1930,1928,1890,38,1,0.01970954356846473
Enterobacter_cloacae_complex,Linezolid,1930,1,1,0,0,0.0
Enterobacter_cloacae_complex,Meropenem,1930,1928,1911,17,1,0.008817427385892116
Enterobacter_cloacae_complex,Moxifloxacin,1930,1531,1365,166,1,0.10842586544741999
Enterobacter_cloacae_complex,Neomycin,1930,3,3,0,0,0.0
Enterobacter_cloacae_complex,PenicillinG,1930,1,0,1,0,1.0
Enterobacter_cloacae_complex,Piperacillin,1930,2,2,0,0,0.0
Enterobacter_cloacae_complex,Piperacillin-Tazobactam,1930,1929,1166,763,1,0.3955417314670814
Enterobacter_cloacae_complex,Tigecycline,1930,1,1,0,0,0.0
Enterobacter_cloacae_complex,Tobramycin,1930,1,0,1,0,1.0
Enterobacter_cloacae_complex,Vancomycin,1930,1,1,0,0,0.0
Enterococcus_Avium,Ampicillin,156,154,148,6,1,0.03896103896103896
Enterococcus_Avium,Ampicillin+Sulbactam,156,49,45,4,1,0.08163265306122448
Enterococcus_Avium,Cefotaxim,156,2,0,2,0,1.0
Enterococcus_Avium,Ceftazidime,156,45,0,45,0,1.0
Enterococcus_Avium,Ceftriaxone,156,2,0,2,0,1.0
Enterococcus_Avium,Clindamycin,156,121,0,121,0,1.0
Enterococcus_Avium,Erythromycin,156,118,0,118,0,1.0
Enterococcus_Avium,Imipenem,156,155,95,60,1,0.3870967741935484
Enterococcus_Avium,Linezolid,156,112,112,0,0,0.0
Enterococcus_Avium,Meropenem,156,46,0,46,0,1.0
Enterococcus_Avium,PenicillinG,156,121,0,121,0,1.0
Enterococcus_Avium,Piperacillin-Tazobactam,156,45,41,4,1,0.08888888888888889
Enterococcus_Avium,Tigecycline,156,70,70,0,0,0.0
Enterococcus_Avium,Vancomycin,156,148,148,0,0,0.0
Enterococcus_Canintestini,Ampicillin,2,2,2,0,0,0.0
Enterococcus_Canintestini,Clindamycin,2,2,0,2,0,1.0
Enterococcus_Canintestini,Erythromycin,2,2,0,2,0,1.0
Enterococcus_Canintestini,Imipenem,2,2,1,1,1,0.5
Enterococcus_Canintestini,Linezolid,2,2,2,0,0,0.0
Enterococcus_Canintestini,PenicillinG,2,2,0,2,0,1.0
Enterococcus_Canintestini,Tigecycline,2,1,1,0,0,0.0
Enterococcus_Canintestini,Vancomycin,2,2,2,0,0,0.0
Enterococcus_Casseliflavus,Ampicillin,41,40,40,0,0,0.0
Enterococcus_Casseliflavus,Ampicillin+Sulbactam,41,5,5,0,0,0.0
Enterococcus_Casseliflavus,Clindamycin,41,41,0,41,0,1.0
Enterococcus_Casseliflavus,Erythromycin,41,40,0,40,0,1.0
Enterococcus_Casseliflavus,Imipenem,41,40,20,20,1,0.5
Enterococcus_Casseliflavus,Linezolid,41,40,40,0,0,0.0
Enterococcus_Casseliflavus,PenicillinG,41,41,0,41,0,1.0
Enterococcus_Casseliflavus,Tigecycline,41,22,22,0,0,0.0
Enterococcus_Casseliflavus,Vancomycin,41,40,0,40,0,1.0
Enterococcus_Cecorum,Ampicillin,1,1,1,0,0,0.0
Enterococcus_Cecorum,Clindamycin,1,1,0,1,0,1.0
Enterococcus_Cecorum,Erythromycin,1,1,0,1,0,1.0
Enterococcus_Cecorum,Imipenem,1,1,1,0,0,0.0
Enterococcus_Cecorum,Linezolid,1,1,1,0,0,0.0
Enterococcus_Cecorum,PenicillinG,1,1,0,1,0,1.0
Enterococcus_Cecorum,Vancomycin,1,1,1,0,0,0.0
Enterococcus_Devriesei,Ampicillin,2,2,2,0,0,0.0
Enterococcus_Devriesei,Ampicillin+Sulbactam,2,1,1,0,0,0.0
Enterococcus_Devriesei,Ceftazidime,2,1,0,1,0,1.0
Enterococcus_Devriesei,Clindamycin,2,1,0,1,0,1.0
Enterococcus_Devriesei,Erythromycin,2,1,0,1,0,1.0
Enterococcus_Devriesei,Imipenem,2,2,2,0,0,0.0
Enterococcus_Devriesei,Linezolid,2,1,1,0,0,0.0
Enterococcus_Devriesei,Meropenem,2,1,0,1,0,1.0
Enterococcus_Devriesei,PenicillinG,2,1,0,1,0,1.0
Enterococcus_Devriesei,Piperacillin-Tazobactam,2,1,1,0,0,0.0
Enterococcus_Devriesei,Vancomycin,2,2,2,0,0,0.0
Enterococcus_Dispar,Ampicillin,2,2,2,0,0,0.0
Enterococcus_Dispar,Clindamycin,2,2,0,2,0,1.0
Enterococcus_Dispar,Erythromycin,2,2,0,2,0,1.0
Enterococcus_Dispar,Imipenem,2,2,0,2,0,1.0
Enterococcus_Dispar,Linezolid,2,2,2,0,0,0.0
Enterococcus_Dispar,PenicillinG,2,2,0,2,0,1.0
Enterococcus_Dispar,Vancomycin,2,2,2,0,0,0.0
Enterococcus_Durans,Ampicillin,12,12,12,0,0,0.0
Enterococcus_Durans,Ampicillin+Sulbactam,12,1,1,0,0,0.0
Enterococcus_Durans,Ceftazidime,12,1,0,1,0,1.0
Enterococcus_Durans,Clindamycin,12,11,0,11,0,1.0
Enterococcus_Durans,Erythromycin,12,11,0,11,0,1.0
Enterococcus_Durans,Imipenem,12,12,8,4,1,0.3333333333333333
Enterococcus_Durans,Linezolid,12,11,11,0,0,0.0
Enterococcus_Durans,Meropenem,12,1,0,1,0,1.0
Enterococcus_Durans,PenicillinG,12,11,0,11,0,1.0
Enterococcus_Durans,Piperacillin-Tazobactam,12,1,1,0,0,0.0
Enterococcus_Durans,Tigecycline,12,7,7,0,0,0.0
Enterococcus_Durans,Vancomycin,12,12,12,0,0,0.0
Enterococcus_Faecalis,Ampicillin,5252,5237,5226,11,1,0.002100439182738209
Enterococcus_Faecalis,Ampicillin+Sulbactam,5252,422,420,2,1,0.004739336492890996
Enterococcus_Faecalis,Bacitracin,5252,13,13,0,0,0.0
Enterococcus_Faecalis,Cefotaxim,5252,1,0,1,0,1.0
Enterococcus_Faecalis,Ceftazidime,5252,86,0,86,0,1.0
Enterococcus_Faecalis,Clindamycin,5252,5185,0,5185,0,1.0
Enterococcus_Faecalis,Erythromycin,5252,5127,0,5127,0,1.0
Enterococcus_Faecalis,Imipenem,5252,5234,3205,2029,1,0.3876576232327092
Enterococcus_Faecalis,Linezolid,5252,5158,5148,10,1,0.0019387359441644049
Enterococcus_Faecalis,Meropenem,5252,86,0,86,0,1.0
Enterococcus_Faecalis,Moxifloxacin,5252,1,1,0,0,0.0
Enterococcus_Faecalis,Neomycin,5252,14,0,14,0,1.0
Enterococcus_Faecalis,Nitrofurantoin,5252,2383,2366,17,1,0.007133864876206463
Enterococcus_Faecalis,PenicillinG,5252,5185,0,5185,0,1.0
Enterococcus_Faecalis,Piperacillin-Tazobactam,5252,81,81,0,0,0.0
Enterococcus_Faecalis,Teicoplanin,5252,3,3,0,0,0.0
Enterococcus_Faecalis,Tigecycline,5252,5168,5168,0,0,0.0
Enterococcus_Faecalis,Vancomycin,5252,5234,5230,4,1,0.0007642338555598013
Enterococcus_Faecium,Ampicillin,3088,3083,206,2877,1,0.9331819656179047
Enterococcus_Faecium,Ampicillin+Sulbactam,3088,221,23,198,1,0.8959276018099548
Enterococcus_Faecium,Bacitracin,3088,4,4,0,0,0.0
Enterococcus_Faecium,Ceftazidime,3088,26,0,26,0,1.0
Enterococcus_Faecium,Clindamycin,3088,3061,0,3061,0,1.0
Enterococcus_Faecium,Dalbavancin,3088,2,0,2,0,1.0
Enterococcus_Faecium,Erythromycin,3088,3035,0,3035,0,1.0
Enterococcus_Faecium,Fosfomycin,3088,2,0,2,0,1.0
Enterococcus_Faecium,Imipenem,3088,3083,109,2974,1,0.9646448264677262
Enterococcus_Faecium,Linezolid,3088,3059,2966,93,1,0.03040209218698921
Enterococcus_Faecium,Meropenem,3088,26,0,26,0,1.0
Enterococcus_Faecium,Moxifloxacin,3088,3,0,3,0,1.0
Enterococcus_Faecium,Neomycin,3088,4,2,2,1,0.5
Enterococcus_Faecium,PenicillinG,3088,3063,0,3063,0,1.0
Enterococcus_Faecium,Piperacillin-Tazobactam,3088,27,3,24,1,0.8888888888888888
Enterococcus_Faecium,Teicoplanin,3088,169,108,61,1,0.3609467455621302
Enterococcus_Faecium,Tigecycline,3088,3040,3039,1,1,0.0003289473684210526
Enterococcus_Faecium,Vancomycin,3088,3086,1679,1407,1,0.4559300064808814
Enterococcus_Gallinarum,Ampicillin,46,46,44,2,1,0.043478260869565216
Enterococcus_Gallinarum,Ampicillin+Sulbactam,46,1,1,0,0,0.0
Enterococcus_Gallinarum,Clindamycin,46,46,0,46,0,1.0
Enterococcus_Gallinarum,Erythromycin,46,46,0,46,0,1.0
Enterococcus_Gallinarum,Imipenem,46,46,23,23,1,0.5
Enterococcus_Gallinarum,Linezolid,46,46,46,0,0,0.0
Enterococcus_Gallinarum,PenicillinG,46,46,0,46,0,1.0
Enterococcus_Gallinarum,Tigecycline,46,26,26,0,0,0.0
Enterococcus_Gallinarum,Vancomycin,46,46,2,44,1,0.9565217391304348
Enterococcus_Gilvus,Ampicillin,3,3,3,0,0,0.0
Enterococcus_Gilvus,Ciprofloxacin,3,1,1,0,0,0.0
Enterococcus_Gilvus,Imipenem,3,3,1,2,1,0.6666666666666666
Enterococcus_Gilvus,Linezolid,3,2,2,0,0,0.0
Enterococcus_Gilvus,Vancomycin,3,2,2,0,0,0.0
Enterococcus_Hirae,Ampicillin,31,31,31,0,0,0.0
Enterococcus_Hirae,Ampicillin+Sulbactam,31,1,1,0,0,0.0
Enterococcus_Hirae,Clindamycin,31,31,0,31,0,1.0
Enterococcus_Hirae,Erythromycin,31,30,0,30,0,1.0
Enterococcus_Hirae,Imipenem,31,31,13,18,1,0.5806451612903226
Enterococcus_Hirae,Linezolid,31,31,31,0,0,0.0
Enterococcus_Hirae,PenicillinG,31,31,0,31,0,1.0
Enterococcus_Hirae,Tigecycline,31,14,14,0,0,0.0
Enterococcus_Hirae,Vancomycin,31,31,31,0,0,0.0
Enterococcus_Malodoratus,Ampicillin,12,11,3,8,1,0.7272727272727273
Enterococcus_Malodoratus,Ampicillin+Sulbactam,12,6,1,5,1,0.8333333333333334
Enterococcus_Malodoratus,Ceftazidime,12,6,0,6,0,1.0
Enterococcus_Malodoratus,Clindamycin,12,3,0,3,0,1.0
Enterococcus_Malodoratus,Erythromycin,12,3,0,3,0,1.0
Enterococcus_Malodoratus,Imipenem,12,8,0,8,0,1.0
Enterococcus_Malodoratus,Linezolid,12,5,5,0,0,0.0
Enterococcus_Malodoratus,Meropenem,12,6,0,6,0,1.0
Enterococcus_Malodoratus,PenicillinG,12,3,0,3,0,1.0
Enterococcus_Malodoratus,Piperacillin-Tazobactam,12,6,1,5,1,0.8333333333333334
Enterococcus_Malodoratus,Tigecycline,12,1,1,0,0,0.0
Enterococcus_Malodoratus,Vancomycin,12,11,11,0,0,0.0
Enterococcus_Mundtii,Ampicillin,4,4,4,0,0,0.0
Enterococcus_Mundtii,Clindamycin,4,4,0,4,0,1.0
Enterococcus_Mundtii,Erythromycin,4,4,0,4,0,1.0
Enterococcus_Mundtii,Imipenem,4,4,1,3,1,0.75
Enterococcus_Mundtii,Linezolid,4,4,4,0,0,0.0
Enterococcus_Mundtii,PenicillinG,4,4,0,4,0,1.0
Enterococcus_Mundtii,Tigecycline,4,1,1,0,0,0.0
Enterococcus_Mundtii,Vancomycin,4,4,4,0,0,0.0
Enterococcus_Pallens,Ampicillin,1,1,1,0,0,0.0
Enterococcus_Pallens,Clindamycin,1,1,0,1,0,1.0
Enterococcus_Pallens,Erythromycin,1,1,0,1,0,1.0
Enterococcus_Pallens,Imipenem,1,1,1,0,0,0.0
Enterococcus_Pallens,Linezolid,1,1,1,0,0,0.0
Enterococcus_Pallens,PenicillinG,1,1,0,1,0,1.0
Enterococcus_Pallens,Tigecycline,1,1,1,0,0,0.0
Enterococcus_Pallens,Vancomycin,1,1,1,0,0,0.0
Enterococcus_Phoeniculicola,Ampicillin,1,1,1,0,0,0.0
Enterococcus_Phoeniculicola,Ampicillin+Sulbactam,1,1,1,0,0,0.0
Enterococcus_Phoeniculicola,Ceftazidime,1,1,0,1,0,1.0
Enterococcus_Phoeniculicola,Imipenem,1,1,1,0,0,0.0
Enterococcus_Phoeniculicola,Meropenem,1,1,0,1,0,1.0
Enterococcus_Phoeniculicola,Piperacillin-Tazobactam,1,1,1,0,0,0.0
Enterococcus_Phoeniculicola,Vancomycin,1,1,1,0,0,0.0
Enterococcus_Raffinosus,Ampicillin,11,11,1,10,1,0.9090909090909091
Enterococcus_Raffinosus,Ampicillin+Sulbactam,11,1,0,1,0,1.0
Enterococcus_Raffinosus,Ceftazidime,11,1,0,1,0,1.0
Enterococcus_Raffinosus,Clindamycin,11,10,0,10,0,1.0
Enterococcus_Raffinosus,Erythromycin,11,10,0,10,0,1.0
Enterococcus_Raffinosus,Imipenem,11,11,1,10,1,0.9090909090909091
Enterococcus_Raffinosus,Linezolid,11,10,10,0,0,0.0
Enterococcus_Raffinosus,Meropenem,11,1,0,1,0,1.0
Enterococcus_Raffinosus,PenicillinG,11,10,0,10,0,1.0
Enterococcus_Raffinosus,Piperacillin-Tazobactam,11,1,0,1,0,1.0
Enterococcus_Raffinosus,Tigecycline,11,7,7,0,0,0.0
Enterococcus_Raffinosus,Vancomycin,11,10,10,0,0,0.0
Erwinia_Species,Ampicillin,2,2,2,0,0,0.0
Erwinia_Species,Ampicillin+Sulbactam,2,2,2,0,0,0.0
Erwinia_Species,Cefotaxim,2,2,2,0,0,0.0
Erwinia_Species,Ceftazidime,2,2,2,0,0,0.0
Erwinia_Species,Ceftriaxone,2,2,2,0,0,0.0
Erwinia_Species,Ciprofloxacin,2,2,2,0,0,0.0
Erwinia_Species,Cotrimoxazole,2,2,2,0,0,0.0
Erwinia_Species,Gentamicin,2,2,2,0,0,0.0
Erwinia_Species,Imipenem,2,2,2,0,0,0.0
Erwinia_Species,Meropenem,2,2,2,0,0,0.0
Erwinia_Species,Moxifloxacin,2,2,2,0,0,0.0
Erwinia_Species,Piperacillin-Tazobactam,2,2,2,0,0,0.0
Erysipelothrix_Rhusiopathiae,Ceftriaxone,3,3,3,0,0,0.0
Erysipelothrix_Rhusiopathiae,Ciprofloxacin,3,2,2,0,0,0.0
Erysipelothrix_Rhusiopathiae,Levofloxacin,3,1,1,0,0,0.0
Erysipelothrix_Rhusiopathiae,Meropenem,3,1,1,0,0,0.0
Erysipelothrix_Rhusiopathiae,Penicillin,3,3,3,0,0,0.0
Escherichia_Coli,Amikacin,11877,4,3,1,1,0.25
Escherichia_Coli,Ampicillin,11877,11867,5491,6376,1,0.5372882784191455
Escherichia_Coli,Ampicillin+Sulbactam,11877,11872,6077,5795,1,0.4881233153638814
Escherichia_Coli,Bacitracin,11877,6,0,6,0,1.0
Escherichia_Coli,Cefepime,11877,4,1,3,1,0.75
Escherichia_Coli,Cefotaxim,11877,11866,9791,2075,1,0.174869374683971
Escherichia_Coli,Cefpodoxime,11877,17,15,2,1,0.11764705882352941
Escherichia_Coli,Ceftazidime,11877,11870,9593,2277,1,0.19182813816343725
Escherichia_Coli,Ceftazidime-Avibactam,11877,1,1,0,0,0.0
Escherichia_Coli,Ceftriaxone,11877,5220,4033,1187,1,0.22739463601532567
Escherichia_Coli,Cefuroxime,11877,10921,0,10921,0,1.0
Escherichia_Coli,Ciprofloxacin,11877,11862,9284,2578,1,0.2173326589108076
Escherichia_Coli,Clindamycin,11877,2,2,0,0,0.0
Escherichia_Coli,Colistin,11877,1,1,0,0,0.0
Escherichia_Coli,Cotrimoxazole,11877,11864,8671,3193,1,0.26913351314902223
Escherichia_Coli,Ertapenem,11877,750,744,6,1,0.008
Escherichia_Coli,Erythromycin,11877,2,2,0,0,0.0
Escherichia_Coli,Fosfomycin,11877,3502,3446,56,1,0.01599086236436322
Escherichia_Coli,Gentamicin,11877,11694,3923,7771,1,0.6645288181973662
Escherichia_Coli,Imipenem,11877,11865,11837,28,1,0.002359882005899705
Escherichia_Coli,Levofloxacin,11877,2,2,0,0,0.0
Escherichia_Coli,Linezolid,11877,2,2,0,0,0.0
Escherichia_Coli,Meropenem,11877,11868,11842,26,1,0.0021907650825749914
Escherichia_Coli,Moxifloxacin,11877,5412,3602,1810,1,0.33444198078344417
Escherichia_Coli,Neomycin,11877,6,4,2,1,0.3333333333333333
Escherichia_Coli,Nitrofurantoin,11877,6449,6347,102,1,0.015816405644285936
Escherichia_Coli,Oxacillin,11877,2,2,0,0,0.0
Escherichia_Coli,Piperacillin,11877,6,2,4,1,0.6666666666666666
Escherichia_Coli,Piperacillin-Tazobactam,11877,11798,9088,2710,1,0.2296999491439227
Escherichia_Coli,Rifampicin,11877,2,2,0,0,0.0
Escherichia_Coli,Tetracycline,11877,2,0,2,0,1.0
Escherichia_Coli,Tigecycline,11877,7,6,1,1,0.14285714285714285
Escherichia_Coli,Tobramycin,11877,4,3,1,1,0.25
Escherichia_Coli,Vancomycin,11877,2,2,0,0,0.0
Escherichia_Hermannii,Ampicillin,12,12,0,12,0,1.0
Escherichia_Hermannii,Ampicillin+Sulbactam,12,12,11,1,1,0.08333333333333333
Escherichia_Hermannii,Cefotaxim,12,12,12,0,0,0.0
Escherichia_Hermannii,Ceftazidime,12,12,12,0,0,0.0
Escherichia_Hermannii,Ceftriaxone,12,11,11,0,0,0.0
Escherichia_Hermannii,Ciprofloxacin,12,12,12,0,0,0.0
Escherichia_Hermannii,Cotrimoxazole,12,12,11,1,1,0.08333333333333333
Escherichia_Hermannii,Fosfomycin,12,1,1,0,0,0.0
Escherichia_Hermannii,Gentamicin,12,12,6,6,1,0.5
Escherichia_Hermannii,Imipenem,12,12,12,0,0,0.0
Escherichia_Hermannii,Meropenem,12,12,12,0,0,0.0
Escherichia_Hermannii,Moxifloxacin,12,11,11,0,0,0.0
Escherichia_Hermannii,Piperacillin-Tazobactam,12,12,12,0,0,0.0
Escherichia_Vulneris,Ampicillin,5,5,4,1,1,0.2
Escherichia_Vulneris,Ampicillin+Sulbactam,5,5,5,0,0,0.0
Escherichia_Vulneris,Cefotaxim,5,5,5,0,0,0.0
Escherichia_Vulneris,Ceftazidime,5,5,5,0,0,0.0
Escherichia_Vulneris,Ceftriaxone,5,5,5,0,0,0.0
Escherichia_Vulneris,Ciprofloxacin,5,5,5,0,0,0.0
Escherichia_Vulneris,Cotrimoxazole,5,5,5,0,0,0.0
Escherichia_Vulneris,Gentamicin,5,5,0,5,0,1.0
Escherichia_Vulneris,Imipenem,5,5,5,0,0,0.0
Escherichia_Vulneris,Meropenem,5,5,5,0,0,0.0
Escherichia_Vulneris,Moxifloxacin,5,5,5,0,0,0.0
Escherichia_Vulneris,Piperacillin-Tazobactam,5,5,5,0,0,0.0
Ewingella_Americana,Ampicillin,1,1,1,0,0,0.0
Ewingella_Americana,Ampicillin+Sulbactam,1,1,1,0,0,0.0
Ewingella_Americana,Cefotaxim,1,1,1,0,0,0.0
Ewingella_Americana,Ceftazidime,1,1,1,0,0,0.0
Ewingella_Americana,Ceftriaxone,1,1,1,0,0,0.0
Ewingella_Americana,Ciprofloxacin,1,1,1,0,0,0.0
Ewingella_Americana,Cotrimoxazole,1,1,1,0,0,0.0
Ewingella_Americana,Gentamicin,1,1,0,1,0,1.0
Ewingella_Americana,Imipenem,1,1,1,0,0,0.0
Ewingella_Americana,Meropenem,1,1,1,0,0,0.0
Ewingella_Americana,Moxifloxacin,1,1,1,0,0,0.0
Ewingella_Americana,Piperacillin-Tazobactam,1,1,1,0,0,0.0
Facklamia_Languida,Penicillin,1,1,1,0,0,0.0
Flavobacterium_Species,Ciprofloxacin,1,1,0,1,0,1.0
Flavobacterium_Species,Imipenem,1,1,0,1,0,1.0
Flavobacterium_Species,Meropenem,1,1,0,1,0,1.0
Flavobacterium_Species,Moxifloxacin,1,1,1,0,0,0.0
Flavobacterium_Species,Piperacillin,1,1,0,1,0,1.0
Flavobacterium_Species,Piperacillin-Tazobactam,1,1,0,1,0,1.0
Flavobacterium_Species,Tigecycline,1,1,0,1,0,1.0
Fusobacterium_Necrophorum,Clindamycin,1,1,1,0,0,0.0
Fusobacterium_Necrophorum,Metronidazol,1,1,1,0,0,0.0
Gemella_Haemolysans,Penicillin,2,2,2,0,0,0.0
Globicatella_Sanguinis,Ampicillin,1,1,1,0,0,0.0
Globicatella_Sanguinis,Ceftriaxone,1,1,1,0,0,0.0
Globicatella_Sanguinis,Linezolid,1,1,1,0,0,0.0
Granulicatella_Adiacens,Ampicillin,1,1,1,0,0,0.0
Granulicatella_Adiacens,Ceftriaxone,1,1,1,0,0,0.0
Granulicatella_Adiacens,Levofloxacin,1,1,1,0,0,0.0
Haemophilus_Haemolyticus,Amoxicillin+Clavulanic acid,4,3,3,0,0,0.0
Haemophilus_Haemolyticus,Ampicillin,4,3,2,1,1,0.3333333333333333
Haemophilus_Haemolyticus,Bacitracin,4,1,0,1,0,1.0
Haemophilus_Haemolyticus,Cefotaxim,4,2,2,0,0,0.0
Haemophilus_Haemolyticus,Ciprofloxacin,4,4,4,0,0,0.0
Haemophilus_Haemolyticus,Cotrimoxazole,4,3,2,1,1,0.3333333333333333
Haemophilus_Haemolyticus,Levofloxacin,4,4,4,0,0,0.0
Haemophilus_Haemolyticus,Moxifloxacin,4,4,3,1,1,0.25
Haemophilus_Haemolyticus,Neomycin,4,1,1,0,0,0.0
Haemophilus_Haemolyticus,PenicillinG,4,1,0,1,0,1.0
Haemophilus_Influenzae,Amoxicillin+Clavulanic acid,224,221,217,4,1,0.01809954751131222
Haemophilus_Influenzae,Ampicillin,224,223,168,55,1,0.24663677130044842
Haemophilus_Influenzae,Bacitracin,224,1,0,1,0,1.0
Haemophilus_Influenzae,Cefotaxim,224,208,185,23,1,0.11057692307692307
Haemophilus_Influenzae,Ceftriaxone,224,3,3,0,0,0.0
Haemophilus_Influenzae,Ciprofloxacin,224,224,219,5,1,0.022321428571428572
Haemophilus_Influenzae,Cotrimoxazole,224,221,181,40,1,0.18099547511312217
Haemophilus_Influenzae,Levofloxacin,224,222,218,4,1,0.018018018018018018
Haemophilus_Influenzae,Moxifloxacin,224,223,219,4,1,0.017937219730941704
Haemophilus_Influenzae,Neomycin,224,1,1,0,0,0.0
Haemophilus_Parainfluenzae,Amoxicillin+Clavulanic acid,60,60,59,1,1,0.016666666666666666
Haemophilus_Parainfluenzae,Ampicillin,60,60,30,30,1,0.5
Haemophilus_Parainfluenzae,Bacitracin,60,2,0,2,0,1.0
Haemophilus_Parainfluenzae,Cefotaxim,60,47,32,15,1,0.3191489361702128
Haemophilus_Parainfluenzae,Ciprofloxacin,60,56,50,6,1,0.10714285714285714
Haemophilus_Parainfluenzae,Cotrimoxazole,60,60,53,7,1,0.11666666666666667
Haemophilus_Parainfluenzae,Levofloxacin,60,56,50,6,1,0.10714285714285714
Haemophilus_Parainfluenzae,Moxifloxacin,60,55,49,6,1,0.10909090909090909
Haemophilus_Parainfluenzae,Neomycin,60,2,1,1,1,0.5
Hafnia_Alvei,Amikacin,132,1,1,0,0,0.0
Hafnia_Alvei,Amoxicillin-Clavulanic acid,132,1,0,1,0,1.0
Hafnia_Alvei,Ampicillin,132,131,4,127,1,0.9694656488549618
Hafnia_Alvei,Ampicillin+Sulbactam,132,131,5,126,1,0.9618320610687023
Hafnia_Alvei,Cefepime,132,1,1,0,0,0.0
Hafnia_Alvei,Cefotaxim,132,132,99,33,1,0.25
Hafnia_Alvei,Ceftazidime,132,132,88,44,1,0.3333333333333333
Hafnia_Alvei,Ceftriaxone,132,107,87,20,1,0.18691588785046728
Hafnia_Alvei,Ciprofloxacin,132,132,132,0,0,0.0
Hafnia_Alvei,Cotrimoxazole,132,132,132,0,0,0.0
Hafnia_Alvei,Fosfomycin,132,13,2,11,1,0.8461538461538461
Hafnia_Alvei,Gentamicin,132,132,69,63,1,0.4772727272727273
Hafnia_Alvei,Imipenem,132,132,132,0,0,0.0
Hafnia_Alvei,Meropenem,132,132,130,2,1,0.015151515151515152
Hafnia_Alvei,Moxifloxacin,132,116,110,6,1,0.05172413793103448
Hafnia_Alvei,Piperacillin,132,1,0,1,0,1.0
Hafnia_Alvei,Piperacillin-Tazobactam,132,132,30,102,1,0.7727272727272727
Hafnia_Alvei,Tobramycin,132,1,1,0,0,0.0
Helcococcus_Kunzii,Amoxicillin-Clavulanic acid,1,1,1,0,0,0.0
Kazachstania_Slooffiae,Fluconazol,2,2,2,0,0,0.0
Kerstersia_Gyiorum,Cefepime,9,4,3,1,1,0.25
Kerstersia_Gyiorum,Cefotaxim,9,3,3,0,0,0.0
Kerstersia_Gyiorum,Ceftazidime,9,4,4,0,0,0.0
Kerstersia_Gyiorum,Ciprofloxacin,9,9,2,7,1,0.7777777777777778
Kerstersia_Gyiorum,Imipenem,9,9,8,1,1,0.1111111111111111
Kerstersia_Gyiorum,Meropenem,9,9,8,1,1,0.1111111111111111
Kerstersia_Gyiorum,Piperacillin,9,9,6,3,1,0.3333333333333333
Kerstersia_Gyiorum,Piperacillin-Tazobactam,9,7,5,2,1,0.2857142857142857
Kerstersia_Gyiorum,Tigecycline,9,9,7,2,1,0.2222222222222222
Klebsiella_Aerogenes,Ampicillin,660,660,13,647,1,0.9803030303030303
Klebsiella_Aerogenes,Ampicillin+Sulbactam,660,659,27,632,1,0.9590288315629742
Klebsiella_Aerogenes,Cefotaxim,660,657,278,379,1,0.5768645357686454
Klebsiella_Aerogenes,Ceftazidime,660,658,278,380,1,0.5775075987841946
Klebsiella_Aerogenes,Ceftazidime-Avibactam,660,2,2,0,0,0.0
Klebsiella_Aerogenes,Ceftolozane-Tazobactam,660,2,0,2,0,1.0
Klebsiella_Aerogenes,Ceftriaxone,660,512,204,308,1,0.6015625
Klebsiella_Aerogenes,Ciprofloxacin,660,660,602,58,1,0.08787878787878788
Klebsiella_Aerogenes,Cotrimoxazole,660,660,652,8,1,0.012121212121212121
Klebsiella_Aerogenes,Ertapenem,660,12,0,12,0,1.0
Klebsiella_Aerogenes,Fosfomycin,660,101,63,38,1,0.37623762376237624
Klebsiella_Aerogenes,Gentamicin,660,659,257,402,1,0.6100151745068285
Klebsiella_Aerogenes,Imipenem,660,659,603,56,1,0.08497723823975721
Klebsiella_Aerogenes,Meropenem,660,657,612,45,1,0.0684931506849315
Klebsiella_Aerogenes,Moxifloxacin,660,538,410,128,1,0.2379182156133829
Klebsiella_Aerogenes,Piperacillin-Tazobactam,660,657,271,386,1,0.5875190258751902
Klebsiella_Oxytoca,Amikacin,1593,1,1,0,0,0.0
Klebsiella_Oxytoca,Amoxicillin-Clavulanic acid,1593,1,1,0,0,0.0
Klebsiella_Oxytoca,Ampicillin,1593,1591,7,1584,1,0.9956002514142049
Klebsiella_Oxytoca,Ampicillin+Sulbactam,1593,1592,1099,493,1,0.30967336683417085
Klebsiella_Oxytoca,Cefepime,1593,1,1,0,0,0.0
Klebsiella_Oxytoca,Cefotaxim,1593,1589,1526,63,1,0.039647577092511016
Klebsiella_Oxytoca,Cefpodoxime,1593,2,2,0,0,0.0
Klebsiella_Oxytoca,Ceftazidime,1593,1592,1554,38,1,0.02386934673366834
Klebsiella_Oxytoca,Ceftriaxone,1593,1130,1095,35,1,0.030973451327433628
Klebsiella_Oxytoca,Cefuroxime,1593,1531,0,1531,0,1.0
Klebsiella_Oxytoca,Ciprofloxacin,1593,1592,1550,42,1,0.026381909547738693
Klebsiella_Oxytoca,Cotrimoxazole,1593,1592,1561,31,1,0.019472361809045227
Klebsiella_Oxytoca,Ertapenem,1593,11,11,0,0,0.0
Klebsiella_Oxytoca,Fosfomycin,1593,335,240,95,1,0.2835820895522388
Klebsiella_Oxytoca,Gentamicin,1593,1575,608,967,1,0.6139682539682539
Klebsiella_Oxytoca,Imipenem,1593,1591,1590,1,1,0.0006285355122564425
Klebsiella_Oxytoca,Meropenem,1593,1589,1588,1,1,0.0006293266205160479
Klebsiella_Oxytoca,Moxifloxacin,1593,1173,1066,107,1,0.09121909633418585
Klebsiella_Oxytoca,Piperacillin,1593,1,0,1,0,1.0
Klebsiella_Oxytoca,Piperacillin-Tazobactam,1593,1592,1201,391,1,0.24560301507537688
Klebsiella_Oxytoca,Tobramycin,1593,1,1,0,0,0.0
Klebsiella_Pneumoniae,Amoxicillin-Clavulanic acid,4051,1,1,0,0,0.0
Klebsiella_Pneumoniae,Ampicillin,4051,4051,9,4042,1,0.9977783263391755
Klebsiella_Pneumoniae,Ampicillin+Sulbactam,4051,4048,2051,1997,1,0.4933300395256917
Klebsiella_Pneumoniae,Bacitracin,4051,2,0,2,0,1.0
Klebsiella_Pneumoniae,Cefiderocol,4051,5,5,0,0,0.0
Klebsiella_Pneumoniae,Cefotaxim,4051,4050,3204,846,1,0.2088888888888889
Klebsiella_Pneumoniae,Cefpodoxime,4051,4,4,0,0,0.0
Klebsiella_Pneumoniae,Ceftazidime,4051,4049,3063,986,1,0.24351691775747097
Klebsiella_Pneumoniae,Ceftazidime-Avibactam,4051,10,8,2,1,0.2
Klebsiella_Pneumoniae,Ceftolozane-Tazobactam,4051,4,0,4,0,1.0
Klebsiella_Pneumoniae,Ceftriaxone,4051,2639,1938,701,1,0.2656309208033346
Klebsiella_Pneumoniae,Cefuroxime,4051,3854,0,3854,0,1.0
Klebsiella_Pneumoniae,Ciprofloxacin,4051,4049,3303,746,1,0.18424302296863423
Klebsiella_Pneumoniae,Colistin,4051,3,2,1,1,0.3333333333333333
Klebsiella_Pneumoniae,Cotrimoxazole,4051,4047,3318,729,1,0.18013343217197925
Klebsiella_Pneumoniae,Ertapenem,4051,259,235,24,1,0.09266409266409266
Klebsiella_Pneumoniae,Fosfomycin,4051,1080,769,311,1,0.287962962962963
Klebsiella_Pneumoniae,Gentamicin,4051,4011,1542,2469,1,0.6155572176514585
Klebsiella_Pneumoniae,Imipenem,4051,4047,3733,314,1,0.07758833703978256
Klebsiella_Pneumoniae,Meropenem,4051,4049,3734,315,1,0.07779698691034824
Klebsiella_Pneumoniae,Moxifloxacin,4051,2665,1856,809,1,0.30356472795497186
Klebsiella_Pneumoniae,Neomycin,4051,2,2,0,0,0.0
Klebsiella_Pneumoniae,Piperacillin-Tazobactam,4051,4040,2683,1357,1,0.3358910891089109
Kluyvera_Ascorbata,Ampicillin,3,3,0,3,0,1.0
Kluyvera_Ascorbata,Ampicillin+Sulbactam,3,3,3,0,0,0.0
Kluyvera_Ascorbata,Cefotaxim,3,3,3,0,0,0.0
Kluyvera_Ascorbata,Ceftazidime,3,3,3,0,0,0.0
Kluyvera_Ascorbata,Ceftriaxone,3,3,3,0,0,0.0
Kluyvera_Ascorbata,Ciprofloxacin,3,3,3,0,0,0.0
Kluyvera_Ascorbata,Cotrimoxazole,3,3,3,0,0,0.0
Kluyvera_Ascorbata,Gentamicin,3,3,1,2,1,0.6666666666666666
Kluyvera_Ascorbata,Imipenem,3,3,3,0,0,0.0
Kluyvera_Ascorbata,Meropenem,3,3,3,0,0,0.0
Kluyvera_Ascorbata,Moxifloxacin,3,3,3,0,0,0.0
Kluyvera_Ascorbata,Piperacillin-Tazobactam,3,3,3,0,0,0.0
Kluyvera_Cryocrescens,Ampicillin,4,4,0,4,0,1.0
Kluyvera_Cryocrescens,Ampicillin+Sulbactam,4,4,4,0,0,0.0
Kluyvera_Cryocrescens,Cefotaxim,4,4,4,0,0,0.0
Kluyvera_Cryocrescens,Ceftazidime,4,4,4,0,0,0.0
Kluyvera_Cryocrescens,Ceftriaxone,4,2,2,0,0,0.0
Kluyvera_Cryocrescens,Ciprofloxacin,4,4,4,0,0,0.0
Kluyvera_Cryocrescens,Cotrimoxazole,4,4,4,0,0,0.0
Kluyvera_Cryocrescens,Fosfomycin,4,2,2,0,0,0.0
Kluyvera_Cryocrescens,Gentamicin,4,4,2,2,1,0.5
Kluyvera_Cryocrescens,Imipenem,4,4,4,0,0,0.0
Kluyvera_Cryocrescens,Meropenem,4,4,4,0,0,0.0
Kluyvera_Cryocrescens,Moxifloxacin,4,2,2,0,0,0.0
Kluyvera_Cryocrescens,Piperacillin-Tazobactam,4,4,4,0,0,0.0
Kluyvera_Intermedia,Ampicillin,5,5,0,5,0,1.0
Kluyvera_Intermedia,Ampicillin+Sulbactam,5,5,1,4,1,0.8
Kluyvera_Intermedia,Cefotaxim,5,5,5,0,0,0.0
Kluyvera_Intermedia,Ceftazidime,5,5,5,0,0,0.0
Kluyvera_Intermedia,Ceftriaxone,5,5,5,0,0,0.0
Kluyvera_Intermedia,Ciprofloxacin,5,5,5,0,0,0.0
Kluyvera_Intermedia,Cotrimoxazole,5,5,5,0,0,0.0
Kluyvera_Intermedia,Gentamicin,5,5,2,3,1,0.6
Kluyvera_Intermedia,Imipenem,5,5,5,0,0,0.0
Kluyvera_Intermedia,Meropenem,5,5,5,0,0,0.0
Kluyvera_Intermedia,Moxifloxacin,5,5,5,0,0,0.0
Kluyvera_Intermedia,Piperacillin-Tazobactam,5,5,5,0,0,0.0
Kluyvera_Species,Ampicillin,3,3,0,3,0,1.0
Kluyvera_Species,Ampicillin+Sulbactam,3,3,3,0,0,0.0
Kluyvera_Species,Cefotaxim,3,3,3,0,0,0.0
Kluyvera_Species,Ceftazidime,3,3,3,0,0,0.0
Kluyvera_Species,Ceftriaxone,3,3,3,0,0,0.0
Kluyvera_Species,Ciprofloxacin,3,3,3,0,0,0.0
Kluyvera_Species,Cotrimoxazole,3,3,3,0,0,0.0
Kluyvera_Species,Gentamicin,3,3,0,3,0,1.0
Kluyvera_Species,Imipenem,3,3,3,0,0,0.0
Kluyvera_Species,Meropenem,3,3,3,0,0,0.0
Kluyvera_Species,Moxifloxacin,3,3,3,0,0,0.0
Kluyvera_Species,Piperacillin-Tazobactam,3,3,3,0,0,0.0
Kocuria_Species,Linezolid,1,1,0,1,0,1.0
Kocuria_Species,Penicillin,1,1,1,0,0,0.0
Kocuria_Species,Piperacillin-Tazobactam,1,1,1,0,0,0.0
Kosakonia_Cowanii,Ampicillin,4,4,0,4,0,1.0
Kosakonia_Cowanii,Ampicillin+Sulbactam,4,4,3,1,1,0.25
Kosakonia_Cowanii,Cefotaxim,4,4,4,0,0,0.0
Kosakonia_Cowanii,Ceftazidime,4,4,4,0,0,0.0
Kosakonia_Cowanii,Ceftriaxone,4,4,4,0,0,0.0
Kosakonia_Cowanii,Cefuroxime,4,2,0,2,0,1.0
Kosakonia_Cowanii,Ciprofloxacin,4,4,4,0,0,0.0
Kosakonia_Cowanii,Cotrimoxazole,4,4,4,0,0,0.0
Kosakonia_Cowanii,Gentamicin,4,4,1,3,1,0.75
Kosakonia_Cowanii,Imipenem,4,4,4,0,0,0.0
Kosakonia_Cowanii,Meropenem,4,4,4,0,0,0.0
Kosakonia_Cowanii,Moxifloxacin,4,4,4,0,0,0.0
Kosakonia_Cowanii,Piperacillin-Tazobactam,4,4,4,0,0,0.0
Lactobacillus_Rhamnosus,Ampicillin,1,1,1,0,0,0.0
Leclercia_Adecarboxylata,Ampicillin,14,14,13,1,1,0.07142857142857142
Leclercia_Adecarboxylata,Ampicillin+Sulbactam,14,14,14,0,0,0.0
Leclercia_Adecarboxylata,Cefotaxim,14,14,14,0,0,0.0
Leclercia_Adecarboxylata,Ceftazidime,14,14,14,0,0,0.0
Leclercia_Adecarboxylata,Ceftriaxone,14,13,13,0,0,0.0
Leclercia_Adecarboxylata,Ciprofloxacin,14,14,14,0,0,0.0
Leclercia_Adecarboxylata,Cotrimoxazole,14,14,13,1,1,0.07142857142857142
Leclercia_Adecarboxylata,Fosfomycin,14,1,0,1,0,1.0
Leclercia_Adecarboxylata,Gentamicin,14,14,5,9,1,0.6428571428571429
Leclercia_Adecarboxylata,Imipenem,14,14,14,0,0,0.0
Leclercia_Adecarboxylata,Meropenem,14,14,14,0,0,0.0
Leclercia_Adecarboxylata,Moxifloxacin,14,13,12,1,1,0.07692307692307693
Leclercia_Adecarboxylata,Piperacillin-Tazobactam,14,13,13,0,0,0.0
Lelliottia_amnigena_,Ampicillin,16,16,8,8,1,0.5
Lelliottia_amnigena_,Ampicillin+Sulbactam,16,16,15,1,1,0.0625
Lelliottia_amnigena_,Cefotaxim,16,16,16,0,0,0.0
Lelliottia_amnigena_,Ceftazidime,16,16,16,0,0,0.0
Lelliottia_amnigena_,Ceftriaxone,16,15,15,0,0,0.0
Lelliottia_amnigena_,Ciprofloxacin,16,16,16,0,0,0.0
Lelliottia_amnigena_,Cotrimoxazole,16,16,16,0,0,0.0
Lelliottia_amnigena_,Fosfomycin,16,1,1,0,0,0.0
Lelliottia_amnigena_,Gentamicin,16,16,11,5,1,0.3125
Lelliottia_amnigena_,Imipenem,16,16,16,0,0,0.0
Lelliottia_amnigena_,Meropenem,16,16,16,0,0,0.0
Lelliottia_amnigena_,Moxifloxacin,16,15,13,2,1,0.13333333333333333
Lelliottia_amnigena_,Piperacillin-Tazobactam,16,16,15,1,1,0.0625
Leptotrichia_Trevisanii,Penicillin,2,2,2,0,0,0.0
Listeria_Monocytogenes,Ampicillin,6,6,6,0,0,0.0
Listeria_Monocytogenes,Cotrimoxazole,6,6,6,0,0,0.0
Listeria_Monocytogenes,Erythromycin,6,6,6,0,0,0.0
Listeria_Monocytogenes,PenicillinG,6,6,6,0,0,0.0
Listeria_Species,Ampicillin,1,1,1,0,0,0.0
Listeria_Species,Cotrimoxazole,1,1,1,0,0,0.0
Listeria_Species,Erythromycin,1,1,1,0,0,0.0
Listeria_Species,PenicillinG,1,1,1,0,0,0.0
Lysinibacillus_Species,Ampicillin,2,2,2,0,0,0.0
Lysinibacillus_Species,Ciprofloxacin,2,2,2,0,0,0.0
Lysinibacillus_Species,Penicillin,2,2,2,0,0,0.0
Lysinibacillus_Xylanilyticus,Ceftriaxone,2,2,2,0,0,0.0
Lysinibacillus_Xylanilyticus,Ciprofloxacin,2,2,0,2,0,1.0
Lysinibacillus_Xylanilyticus,Penicillin,2,2,2,0,0,0.0
Moellerella_Wisconsensis,Ampicillin,2,2,2,0,0,0.0
Moellerella_Wisconsensis,Ampicillin+Sulbactam,2,2,2,0,0,0.0
Moellerella_Wisconsensis,Cefotaxim,2,2,2,0,0,0.0
Moellerella_Wisconsensis,Ceftazidime,2,2,2,0,0,0.0
Moellerella_Wisconsensis,Ceftriaxone,2,2,2,0,0,0.0
Moellerella_Wisconsensis,Cefuroxime,2,2,0,2,0,1.0
Moellerella_Wisconsensis,Ciprofloxacin,2,2,2,0,0,0.0
Moellerella_Wisconsensis,Cotrimoxazole,2,2,2,0,0,0.0
Moellerella_Wisconsensis,Gentamicin,2,2,2,0,0,0.0
Moellerella_Wisconsensis,Imipenem,2,2,2,0,0,0.0
Moellerella_Wisconsensis,Meropenem,2,2,2,0,0,0.0
Moellerella_Wisconsensis,Moxifloxacin,2,2,2,0,0,0.0
Moellerella_Wisconsensis,Piperacillin-Tazobactam,2,2,2,0,0,0.0
Moraxella_Catarrhalis,Amoxicillin+Clavulanic acid,67,65,65,0,0,0.0
Moraxella_Catarrhalis,Ampicillin,67,67,0,67,0,1.0
Moraxella_Catarrhalis,Bacitracin,67,3,3,0,0,0.0
Moraxella_Catarrhalis,Cefotaxim,67,64,60,4,1,0.0625
Moraxella_Catarrhalis,Ciprofloxacin,67,67,67,0,0,0.0
Moraxella_Catarrhalis,Cotrimoxazole,67,65,59,6,1,0.09230769230769231
Moraxella_Catarrhalis,Levofloxacin,67,67,67,0,0,0.0
Moraxella_Catarrhalis,Moxifloxacin,67,67,67,0,0,0.0
Moraxella_Catarrhalis,Neomycin,67,3,3,0,0,0.0
Moraxella_Catarrhalis,PenicillinG,67,67,0,67,0,1.0
Moraxella_Osloensis,Amoxicillin+Clavulanic acid,7,7,6,1,1,0.14285714285714285
Moraxella_Osloensis,Ampicillin,7,4,0,4,0,1.0
Moraxella_Osloensis,Cefotaxim,7,7,7,0,0,0.0
Moraxella_Osloensis,Ciprofloxacin,7,7,7,0,0,0.0
Moraxella_Osloensis,Cotrimoxazole,7,7,7,0,0,0.0
Moraxella_Osloensis,Levofloxacin,7,7,7,0,0,0.0
Moraxella_Osloensis,Moxifloxacin,7,7,7,0,0,0.0
Moraxella_Osloensis,Nalidixic acid,7,2,2,0,0,0.0
Moraxella_Osloensis,PenicillinG,7,4,0,4,0,1.0
Moraxella_Species,Amoxicillin+Clavulanic acid,16,14,14,0,0,0.0
Moraxella_Species,Ampicillin,16,10,2,8,1,0.8
Moraxella_Species,Cefotaxim,16,14,14,0,0,0.0
Moraxella_Species,Ciprofloxacin,16,10,10,0,0,0.0
Moraxella_Species,Cotrimoxazole,16,14,14,0,0,0.0
Moraxella_Species,Levofloxacin,16,9,9,0,0,0.0
Moraxella_Species,Moxifloxacin,16,8,8,0,0,0.0
Moraxella_Species,Nalidixic acid,16,4,4,0,0,0.0
Moraxella_Species,PenicillinG,16,8,0,8,0,1.0
Morganella_Morganii,Amikacin,528,2,1,1,1,0.5
Morganella_Morganii,Ampicillin,528,525,0,525,0,1.0
Morganella_Morganii,Ampicillin+Sulbactam,528,527,13,514,1,0.9753320683111955
Morganella_Morganii,Cefepime,528,2,0,2,0,1.0
Morganella_Morganii,Cefotaxim,528,528,394,134,1,0.2537878787878788
Morganella_Morganii,Cefpodoxime,528,1,0,1,0,1.0
Morganella_Morganii,Ceftazidime,528,528,401,127,1,0.24053030303030304
Morganella_Morganii,Ceftriaxone,528,341,255,86,1,0.25219941348973607
Morganella_Morganii,Cefuroxime,528,1,0,1,0,1.0
Morganella_Morganii,Ciprofloxacin,528,528,477,51,1,0.09659090909090909
Morganella_Morganii,Cotrimoxazole,528,528,487,41,1,0.07765151515151515
Morganella_Morganii,Ertapenem,528,2,2,0,0,0.0
Morganella_Morganii,Fosfomycin,528,145,0,145,0,1.0
Morganella_Morganii,Gentamicin,528,524,186,338,1,0.6450381679389313
Morganella_Morganii,Imipenem,528,513,2,511,1,0.9961013645224172
Morganella_Morganii,Meropenem,528,527,524,3,1,0.0056925996204933585
Morganella_Morganii,Moxifloxacin,528,348,259,89,1,0.2557471264367816
Morganella_Morganii,Nitrofurantoin,528,6,0,6,0,1.0
Morganella_Morganii,Piperacillin,528,2,0,2,0,1.0
Morganella_Morganii,Piperacillin-Sulbactam,528,1,0,1,0,1.0
Morganella_Morganii,Piperacillin-Tazobactam,528,527,400,127,1,0.2409867172675522
Morganella_Morganii,Tobramycin,528,3,0,3,0,1.0
Mycobacterium_Abscessus,Aminoglykoside,2,2,2,0,0,0.0
Mycobacterium_Abscessus,Makrolide,2,2,2,0,0,0.0
Myroides_Odoratimimus,Amikacin,36,5,0,5,0,1.0
Myroides_Odoratimimus,Cefepime,36,5,0,5,0,1.0
Myroides_Odoratimimus,Cefotaxim,36,5,0,5,0,1.0
Myroides_Odoratimimus,Ceftazidime,36,5,0,5,0,1.0
Myroides_Odoratimimus,Ciprofloxacin,36,36,1,35,1,0.9722222222222222
Myroides_Odoratimimus,Gentamicin,36,5,0,5,0,1.0
Myroides_Odoratimimus,Imipenem,36,36,17,19,1,0.5277777777777778
Myroides_Odoratimimus,Levofloxacin,36,1,0,1,0,1.0
Myroides_Odoratimimus,Meropenem,36,36,19,17,1,0.4722222222222222
Myroides_Odoratimimus,Moxifloxacin,36,7,7,0,0,0.0
Myroides_Odoratimimus,Piperacillin,36,36,1,35,1,0.9722222222222222
Myroides_Odoratimimus,Piperacillin-Tazobactam,36,36,1,35,1,0.9722222222222222
Myroides_Odoratimimus,Tigecycline,36,36,2,34,1,0.9444444444444444
Myroides_Odoratus,Amikacin,15,2,0,2,0,1.0
Myroides_Odoratus,Cefepime,15,2,0,2,0,1.0
Myroides_Odoratus,Cefotaxim,15,2,0,2,0,1.0
Myroides_Odoratus,Ceftazidime,15,2,0,2,0,1.0
Myroides_Odoratus,Ciprofloxacin,15,15,0,15,0,1.0
Myroides_Odoratus,Gentamicin,15,2,0,2,0,1.0
Myroides_Odoratus,Imipenem,15,15,7,8,1,0.5333333333333333
Myroides_Odoratus,Meropenem,15,15,7,8,1,0.5333333333333333
Myroides_Odoratus,Moxifloxacin,15,4,4,0,0,0.0
Myroides_Odoratus,Piperacillin,15,15,0,15,0,1.0
Myroides_Odoratus,Piperacillin-Tazobactam,15,15,0,15,0,1.0
Myroides_Odoratus,Tigecycline,15,15,3,12,1,0.8
Myroides_Species,Ciprofloxacin,15,15,4,11,1,0.7333333333333333
Myroides_Species,Imipenem,15,15,15,0,0,0.0
Myroides_Species,Meropenem,15,15,15,0,0,0.0
Myroides_Species,Piperacillin,15,15,0,15,0,1.0
Myroides_Species,Piperacillin-Tazobactam,15,15,1,14,1,0.9333333333333333
Myroides_Species,Tigecycline,15,15,10,5,1,0.3333333333333333
Neisseria_Gonorrhoeae,Amoxicillin,4,1,0,1,0,1.0
Neisseria_Gonorrhoeae,Ampicillin,4,1,0,1,0,1.0
Neisseria_Gonorrhoeae,Ceftriaxone,4,4,4,0,0,0.0
Neisseria_Gonorrhoeae,Ciprofloxacin,4,3,3,0,0,0.0
Neisseria_Gonorrhoeae,Penicillin,4,2,2,0,0,0.0
Neisseria_Meningitidis,Ampicillin,5,2,2,0,0,0.0
Neisseria_Meningitidis,Ceftriaxone,5,5,5,0,0,0.0
Neisseria_Meningitidis,Ciprofloxacin,5,5,5,0,0,0.0
Neisseria_Meningitidis,Meropenem,5,2,2,0,0,0.0
Neisseria_Meningitidis,Penicillin,5,3,3,0,0,0.0
Neisseria_Meningitidis,Rifampicin,5,1,1,0,0,0.0
Ochrobactrum_Anthropi,Ciprofloxacin,1,1,1,0,0,0.0
Ochrobactrum_Anthropi,Imipenem,1,1,1,0,0,0.0
Ochrobactrum_Anthropi,Meropenem,1,1,1,0,0,0.0
Ochrobactrum_Anthropi,Piperacillin,1,1,0,1,0,1.0
Ochrobactrum_Anthropi,Piperacillin-Tazobactam,1,1,0,1,0,1.0
Ochrobactrum_Anthropi,Tigecycline,1,1,1,0,0,0.0
Ochrobactrum_Intermedium,Ampicillin,6,1,0,1,0,1.0
Ochrobactrum_Intermedium,Ampicillin+Sulbactam,6,1,0,1,0,1.0
Ochrobactrum_Intermedium,Cefuroxime,6,1,0,1,0,1.0
Ochrobactrum_Intermedium,Ciprofloxacin,6,6,4,2,1,0.3333333333333333
Ochrobactrum_Intermedium,Imipenem,6,6,6,0,0,0.0
Ochrobactrum_Intermedium,Meropenem,6,6,6,0,0,0.0
Ochrobactrum_Intermedium,Moxifloxacin,6,1,0,1,0,1.0
Ochrobactrum_Intermedium,Piperacillin,6,5,0,5,0,1.0
Ochrobactrum_Intermedium,Piperacillin-Tazobactam,6,6,0,6,0,1.0
Ochrobactrum_Intermedium,Tigecycline,6,5,0,5,0,1.0
Oligella_Urethralis,Cefepime,1,1,1,0,0,0.0
Oligella_Urethralis,Ceftazidime,1,1,1,0,0,0.0
Oligella_Urethralis,Ciprofloxacin,1,1,0,1,0,1.0
Oligella_Urethralis,Tigecycline,1,1,1,0,0,0.0
Paenibacillus_Amylolyticus,Ciprofloxacin,1,1,1,0,0,0.0
Paenibacillus_Amylolyticus,Linezolid,1,1,1,0,0,0.0
Paenibacillus_Species,Linezolid,2,2,2,0,0,0.0
Pantoea_Agglomerans,Ampicillin,51,51,35,16,1,0.3137254901960784
Pantoea_Agglomerans,Ampicillin+Sulbactam,51,51,49,2,1,0.0392156862745098
Pantoea_Agglomerans,Cefotaxim,51,51,51,0,0,0.0
Pantoea_Agglomerans,Ceftazidime,51,51,50,1,1,0.0196078431372549
Pantoea_Agglomerans,Ceftriaxone,51,42,42,0,0,0.0
Pantoea_Agglomerans,Ciprofloxacin,51,51,51,0,0,0.0
Pantoea_Agglomerans,Cotrimoxazole,51,51,51,0,0,0.0
Pantoea_Agglomerans,Fosfomycin,51,5,0,5,0,1.0
Pantoea_Agglomerans,Gentamicin,51,51,23,28,1,0.5490196078431373
Pantoea_Agglomerans,Imipenem,51,51,51,0,0,0.0
Pantoea_Agglomerans,Meropenem,51,51,51,0,0,0.0
Pantoea_Agglomerans,Moxifloxacin,51,46,46,0,0,0.0
Pantoea_Agglomerans,Piperacillin-Tazobactam,51,51,46,5,1,0.09803921568627451
Pantoea_Ananatis,Ampicillin,1,1,1,0,0,0.0
Pantoea_Ananatis,Ampicillin+Sulbactam,1,1,1,0,0,0.0
Pantoea_Ananatis,Cefotaxim,1,1,1,0,0,0.0
Pantoea_Ananatis,Ceftazidime,1,1,1,0,0,0.0
Pantoea_Ananatis,Ceftriaxone,1,1,1,0,0,0.0
Pantoea_Ananatis,Ciprofloxacin,1,1,1,0,0,0.0
Pantoea_Ananatis,Cotrimoxazole,1,1,1,0,0,0.0
Pantoea_Ananatis,Gentamicin,1,1,0,1,0,1.0
Pantoea_Ananatis,Imipenem,1,1,1,0,0,0.0
Pantoea_Ananatis,Meropenem,1,1,1,0,0,0.0
Pantoea_Ananatis,Moxifloxacin,1,1,1,0,0,0.0
Pantoea_Ananatis,Piperacillin-Tazobactam,1,1,1,0,0,0.0
Pantoea_Calida,Ampicillin,4,4,0,4,0,1.0
Pantoea_Calida,Ampicillin+Sulbactam,4,4,4,0,0,0.0
Pantoea_Calida,Cefotaxim,4,4,4,0,0,0.0
Pantoea_Calida,Ceftazidime,4,4,4,0,0,0.0
Pantoea_Calida,Ceftriaxone,4,4,4,0,0,0.0
Pantoea_Calida,Ciprofloxacin,4,4,4,0,0,0.0
Pantoea_Calida,Cotrimoxazole,4,4,4,0,0,0.0
Pantoea_Calida,Gentamicin,4,4,0,4,0,1.0
Pantoea_Calida,Imipenem,4,4,4,0,0,0.0
Pantoea_Calida,Meropenem,4,4,4,0,0,0.0
Pantoea_Calida,Moxifloxacin,4,4,4,0,0,0.0
Pantoea_Calida,Piperacillin-Tazobactam,4,4,4,0,0,0.0
Pantoea_Eucrina,Ampicillin,1,1,1,0,0,0.0
Pantoea_Eucrina,Ampicillin+Sulbactam,1,1,1,0,0,0.0
Pantoea_Eucrina,Cefotaxim,1,1,1,0,0,0.0
Pantoea_Eucrina,Ceftazidime,1,1,1,0,0,0.0
Pantoea_Eucrina,Ceftriaxone,1,1,1,0,0,0.0
Pantoea_Eucrina,Ciprofloxacin,1,1,1,0,0,0.0
Pantoea_Eucrina,Cotrimoxazole,1,1,1,0,0,0.0
Pantoea_Eucrina,Gentamicin,1,1,0,1,0,1.0
Pantoea_Eucrina,Imipenem,1,1,1,0,0,0.0
Pantoea_Eucrina,Meropenem,1,1,1,0,0,0.0
Pantoea_Eucrina,Moxifloxacin,1,1,1,0,0,0.0
Pantoea_Eucrina,Piperacillin-Tazobactam,1,1,1,0,0,0.0
Pantoea_Septica,Ampicillin,25,24,1,23,1,0.9583333333333334
Pantoea_Septica,Ampicillin+Sulbactam,25,25,16,9,1,0.36
Pantoea_Septica,Cefotaxim,25,25,17,8,1,0.32
Pantoea_Septica,Ceftazidime,25,25,23,2,1,0.08
Pantoea_Septica,Ceftriaxone,25,19,14,5,1,0.2631578947368421
Pantoea_Septica,Ciprofloxacin,25,25,24,1,1,0.04
Pantoea_Septica,Cotrimoxazole,25,25,25,0,0,0.0
Pantoea_Septica,Fosfomycin,25,2,1,1,1,0.5
Pantoea_Septica,Gentamicin,25,25,7,18,1,0.72
Pantoea_Septica,Imipenem,25,25,25,0,0,0.0
Pantoea_Septica,Meropenem,25,25,25,0,0,0.0
Pantoea_Septica,Moxifloxacin,25,23,23,0,0,0.0
Pantoea_Septica,Piperacillin-Tazobactam,25,25,23,2,1,0.08
Pantoea_Species,Ampicillin,22,22,11,11,1,0.5
Pantoea_Species,Ampicillin+Sulbactam,22,22,16,6,1,0.2727272727272727
Pantoea_Species,Cefotaxim,22,22,20,2,1,0.09090909090909091
Pantoea_Species,Ceftazidime,22,22,21,1,1,0.045454545454545456
Pantoea_Species,Ceftriaxone,22,14,13,1,1,0.07142857142857142
Pantoea_Species,Ciprofloxacin,22,22,22,0,0,0.0
Pantoea_Species,Cotrimoxazole,22,22,22,0,0,0.0
Pantoea_Species,Fosfomycin,22,2,0,2,0,1.0
Pantoea_Species,Gentamicin,22,20,11,9,1,0.45
Pantoea_Species,Imipenem,22,22,22,0,0,0.0
Pantoea_Species,Meropenem,22,22,22,0,0,0.0
Pantoea_Species,Moxifloxacin,22,18,18,0,0,0.0
Pantoea_Species,Piperacillin-Tazobactam,22,18,18,0,0,0.0
Parvimonas_Micra,Amoxicillin-Clavulanic acid,3,1,1,0,0,0.0
Parvimonas_Micra,Clindamycin,3,2,1,1,1,0.5
Parvimonas_Micra,Meropenem,3,2,2,0,0,0.0
Parvimonas_Micra,Metronidazol,3,2,2,0,0,0.0
Parvimonas_Micra,Piperacillin-Tazobactam,3,1,1,0,0,0.0
Parvimonas_Micra,Vancomycin,3,2,2,0,0,0.0
Pasteurella_Canis,Amoxicillin-Clavulanic acid,4,1,1,0,0,0.0
Pasteurella_Canis,Amoxicillin+Clavulanic acid,4,3,3,0,0,0.0
Pasteurella_Canis,Ampicillin,4,1,1,0,0,0.0
Pasteurella_Canis,Cefotaxim,4,3,3,0,0,0.0
Pasteurella_Canis,Ciprofloxacin,4,3,3,0,0,0.0
Pasteurella_Canis,Cotrimoxazole,4,4,4,0,0,0.0
Pasteurella_Canis,Levofloxacin,4,3,3,0,0,0.0
Pasteurella_Canis,Moxifloxacin,4,1,1,0,0,0.0
Pasteurella_Canis,PenicillinG,4,3,3,0,0,0.0
Pasteurella_Multocida,Amoxicillin+Clavulanic acid,25,25,25,0,0,0.0
Pasteurella_Multocida,Ampicillin,25,6,6,0,0,0.0
Pasteurella_Multocida,Cefotaxim,25,25,24,1,1,0.04
Pasteurella_Multocida,Ciprofloxacin,25,24,24,0,0,0.0
Pasteurella_Multocida,Cotrimoxazole,25,25,25,0,0,0.0
Pasteurella_Multocida,Levofloxacin,25,25,25,0,0,0.0
Pasteurella_Multocida,PenicillinG,25,24,23,1,1,0.041666666666666664
Pasteurella_Stomatis,Amoxicillin+Clavulanic acid,1,1,1,0,0,0.0
Pasteurella_Stomatis,Ampicillin,1,1,1,0,0,0.0
Pasteurella_Stomatis,Cefotaxim,1,1,1,0,0,0.0
Pasteurella_Stomatis,Ciprofloxacin,1,1,1,0,0,0.0
Pasteurella_Stomatis,Cotrimoxazole,1,1,1,0,0,0.0
Pasteurella_Stomatis,Levofloxacin,1,1,1,0,0,0.0
Pasteurella_Stomatis,Nalidixic acid,1,1,1,0,0,0.0
Pasteurella_Stomatis,PenicillinG,1,1,1,0,0,0.0
Peptostreptococcus_Anaerobius,Ampicillin,1,1,1,0,0,0.0
Peptostreptococcus_Anaerobius,Clindamycin,1,1,1,0,0,0.0
Peptostreptococcus_Anaerobius,Metronidazol,1,1,1,0,0,0.0
Peptostreptococcus_Anaerobius,Penicillin,1,1,1,0,0,0.0
Peptostreptococcus_Magnus,Ampicillin,2,1,1,0,0,0.0
Peptostreptococcus_Magnus,Clindamycin,2,2,2,0,0,0.0
Peptostreptococcus_Magnus,Meropenem,2,1,1,0,0,0.0
Peptostreptococcus_Magnus,Penicillin,2,1,1,0,0,0.0
Plesiomonas_Shigelloides,Ampicillin,1,1,1,0,0,0.0
Plesiomonas_Shigelloides,Ampicillin+Sulbactam,1,1,1,0,0,0.0
Plesiomonas_Shigelloides,Cefotaxim,1,1,1,0,0,0.0
Plesiomonas_Shigelloides,Ceftazidime,1,1,1,0,0,0.0
Plesiomonas_Shigelloides,Ceftriaxone,1,1,1,0,0,0.0
Plesiomonas_Shigelloides,Ciprofloxacin,1,1,1,0,0,0.0
Plesiomonas_Shigelloides,Cotrimoxazole,1,1,1,0,0,0.0
Plesiomonas_Shigelloides,Gentamicin,1,1,0,1,0,1.0
Plesiomonas_Shigelloides,Imipenem,1,1,1,0,0,0.0
Plesiomonas_Shigelloides,Meropenem,1,1,1,0,0,0.0
Plesiomonas_Shigelloides,Moxifloxacin,1,1,1,0,0,0.0
Plesiomonas_Shigelloides,Piperacillin-Tazobactam,1,1,1,0,0,0.0
Pluralibacter_Gergoviae,Ampicillin,2,2,1,1,1,0.5
Pluralibacter_Gergoviae,Ampicillin+Sulbactam,2,2,2,0,0,0.0
Pluralibacter_Gergoviae,Cefotaxim,2,2,2,0,0,0.0
Pluralibacter_Gergoviae,Ceftazidime,2,2,2,0,0,0.0
Pluralibacter_Gergoviae,Ceftriaxone,2,2,2,0,0,0.0
Pluralibacter_Gergoviae,Ciprofloxacin,2,2,2,0,0,0.0
Pluralibacter_Gergoviae,Cotrimoxazole,2,2,2,0,0,0.0
Pluralibacter_Gergoviae,Gentamicin,2,2,1,1,1,0.5
Pluralibacter_Gergoviae,Imipenem,2,2,2,0,0,0.0
Pluralibacter_Gergoviae,Meropenem,2,2,2,0,0,0.0
Pluralibacter_Gergoviae,Moxifloxacin,2,2,2,0,0,0.0
Pluralibacter_Gergoviae,Piperacillin-Tazobactam,2,2,2,0,0,0.0
Pluralibacter_Pyrinus,Ampicillin,1,1,1,0,0,0.0
Pluralibacter_Pyrinus,Ampicillin+Sulbactam,1,1,1,0,0,0.0
Pluralibacter_Pyrinus,Cefotaxim,1,1,1,0,0,0.0
Pluralibacter_Pyrinus,Ceftazidime,1,1,1,0,0,0.0
Pluralibacter_Pyrinus,Ceftriaxone,1,1,1,0,0,0.0
Pluralibacter_Pyrinus,Cefuroxime,1,1,0,1,0,1.0
Pluralibacter_Pyrinus,Ciprofloxacin,1,1,1,0,0,0.0
Pluralibacter_Pyrinus,Cotrimoxazole,1,1,1,0,0,0.0
Pluralibacter_Pyrinus,Gentamicin,1,1,0,1,0,1.0
Pluralibacter_Pyrinus,Imipenem,1,1,1,0,0,0.0
Pluralibacter_Pyrinus,Meropenem,1,1,1,0,0,0.0
Pluralibacter_Pyrinus,Moxifloxacin,1,1,1,0,0,0.0
Pluralibacter_Pyrinus,Piperacillin-Tazobactam,1,1,1,0,0,0.0
Porphyromonas_Somerae,Amoxicillin-Clavulanic acid,1,1,1,0,0,0.0
Porphyromonas_Somerae,Piperacillin-Tazobactam,1,1,1,0,0,0.0
Propionibacterium_Avidum,Clindamycin,8,7,7,0,0,0.0
Propionibacterium_Avidum,Penicillin,8,8,8,0,0,0.0
Propionibacterium_Avidum,Vancomycin,8,8,8,0,0,0.0
Propionibacterium_Species,Clindamycin,3,3,2,1,1,0.3333333333333333
Propionibacterium_Species,Penicillin,3,3,3,0,0,0.0
Propionibacterium_Species,Rifampicin,3,1,1,0,0,0.0
Propionibacterium_Species,Vancomycin,3,3,3,0,0,0.0
Proteus_Mirabilis,Amikacin,2515,1,1,0,0,0.0
Proteus_Mirabilis,Ampicillin,2515,2514,1748,766,1,0.3046937151949085
Proteus_Mirabilis,Ampicillin+Sulbactam,2515,2515,2043,472,1,0.18767395626242545
Proteus_Mirabilis,Bacitracin,2515,1,0,1,0,1.0
Proteus_Mirabilis,Cefepime,2515,1,1,0,0,0.0
Proteus_Mirabilis,Cefotaxim,2515,2513,2485,28,1,0.011142061281337047
Proteus_Mirabilis,Cefpodoxime,2515,5,5,0,0,0.0
Proteus_Mirabilis,Ceftazidime,2515,2515,2483,32,1,0.012723658051689861
Proteus_Mirabilis,Ceftriaxone,2515,1351,1346,5,1,0.003700962250185048
Proteus_Mirabilis,Cefuroxime,2515,2313,0,2313,0,1.0
Proteus_Mirabilis,Ciprofloxacin,2515,2515,2163,352,1,0.13996023856858847
Proteus_Mirabilis,Cotrimoxazole,2515,2515,1660,855,1,0.3399602385685885
Proteus_Mirabilis,Ertapenem,2515,7,7,0,0,0.0
Proteus_Mirabilis,Fosfomycin,2515,881,711,170,1,0.19296254256526674
Proteus_Mirabilis,Gentamicin,2515,2495,866,1629,1,0.6529058116232465
Proteus_Mirabilis,Imipenem,2515,2430,0,2430,0,1.0
Proteus_Mirabilis,Meropenem,2515,2513,2511,2,1,0.0007958615200955034
Proteus_Mirabilis,Moxifloxacin,2515,1411,575,836,1,0.592487597448618
Proteus_Mirabilis,Neomycin,2515,1,1,0,0,0.0
Proteus_Mirabilis,Nitrofurantoin,2515,52,1,51,1,0.9807692307692307
Proteus_Mirabilis,Piperacillin,2515,1,0,1,0,1.0
Proteus_Mirabilis,Piperacillin-Tazobactam,2515,2497,2466,31,1,0.012414897877452943
Proteus_Mirabilis,Tobramycin,2515,1,1,0,0,0.0
Proteus_Vulgaris,Ampicillin,474,474,5,469,1,0.989451476793249
Proteus_Vulgaris,Ampicillin+Sulbactam,474,474,350,124,1,0.2616033755274262
Proteus_Vulgaris,Cefotaxim,474,474,453,21,1,0.04430379746835443
Proteus_Vulgaris,Cefpodoxime,474,1,1,0,0,0.0
Proteus_Vulgaris,Ceftazidime,474,473,454,19,1,0.040169133192389
Proteus_Vulgaris,Ceftriaxone,474,338,336,2,1,0.005917159763313609
Proteus_Vulgaris,Cefuroxime,474,2,0,2,0,1.0
Proteus_Vulgaris,Ciprofloxacin,474,474,469,5,1,0.010548523206751054
Proteus_Vulgaris,Cotrimoxazole,474,472,417,55,1,0.11652542372881355
Proteus_Vulgaris,Ertapenem,474,7,7,0,0,0.0
Proteus_Vulgaris,Fosfomycin,474,84,81,3,1,0.03571428571428571
Proteus_Vulgaris,Gentamicin,474,473,177,296,1,0.6257928118393234
Proteus_Vulgaris,Imipenem,474,460,0,460,0,1.0
Proteus_Vulgaris,Meropenem,474,473,473,0,0,0.0
Proteus_Vulgaris,Moxifloxacin,474,368,173,195,1,0.529891304347826
Proteus_Vulgaris,Nitrofurantoin,474,6,0,6,0,1.0
Proteus_Vulgaris,Piperacillin-Tazobactam,474,471,462,9,1,0.01910828025477707
Providencia_Alcalifaciens,Ampicillin,1,1,0,1,0,1.0
Providencia_Alcalifaciens,Ampicillin+Sulbactam,1,1,0,1,0,1.0
Providencia_Alcalifaciens,Cefotaxim,1,1,1,0,0,0.0
Providencia_Alcalifaciens,Ceftazidime,1,1,1,0,0,0.0
Providencia_Alcalifaciens,Ciprofloxacin,1,1,1,0,0,0.0
Providencia_Alcalifaciens,Cotrimoxazole,1,1,1,0,0,0.0
Providencia_Alcalifaciens,Fosfomycin,1,1,0,1,0,1.0
Providencia_Alcalifaciens,Gentamicin,1,1,0,1,0,1.0
Providencia_Alcalifaciens,Imipenem,1,1,0,1,0,1.0
Providencia_Alcalifaciens,Meropenem,1,1,1,0,0,0.0
Providencia_Alcalifaciens,Piperacillin-Tazobactam,1,1,1,0,0,0.0
Providencia_Rettgeri,Ampicillin,75,75,6,69,1,0.92
Providencia_Rettgeri,Ampicillin+Sulbactam,75,75,9,66,1,0.88
Providencia_Rettgeri,Cefotaxim,75,75,73,2,1,0.02666666666666667
Providencia_Rettgeri,Ceftazidime,75,74,73,1,1,0.013513513513513514
Providencia_Rettgeri,Ceftriaxone,75,42,41,1,1,0.023809523809523808
Providencia_Rettgeri,Ciprofloxacin,75,74,70,4,1,0.05405405405405406
Providencia_Rettgeri,Cotrimoxazole,75,75,75,0,0,0.0
Providencia_Rettgeri,Ertapenem,75,1,1,0,0,0.0
Providencia_Rettgeri,Fosfomycin,75,27,19,8,1,0.2962962962962963
Providencia_Rettgeri,Gentamicin,75,75,34,41,1,0.5466666666666666
Providencia_Rettgeri,Imipenem,75,72,0,72,0,1.0
Providencia_Rettgeri,Meropenem,75,75,75,0,0,0.0
Providencia_Rettgeri,Moxifloxacin,75,43,15,28,1,0.6511627906976745
Providencia_Rettgeri,Piperacillin-Tazobactam,75,75,74,1,1,0.013333333333333334
Providencia_Stuartii,Ampicillin,46,46,0,46,0,1.0
Providencia_Stuartii,Ampicillin+Sulbactam,46,46,1,45,1,0.9782608695652174
Providencia_Stuartii,Cefotaxim,46,46,43,3,1,0.06521739130434782
Providencia_Stuartii,Cefpodoxime,46,1,0,1,0,1.0
Providencia_Stuartii,Ceftazidime,46,46,43,3,1,0.06521739130434782
Providencia_Stuartii,Ceftriaxone,46,35,34,1,1,0.02857142857142857
Providencia_Stuartii,Ciprofloxacin,46,46,37,9,1,0.1956521739130435
Providencia_Stuartii,Cotrimoxazole,46,46,45,1,1,0.021739130434782608
Providencia_Stuartii,Fosfomycin,46,8,2,6,1,0.75
Providencia_Stuartii,Gentamicin,46,46,0,46,0,1.0
Providencia_Stuartii,Imipenem,46,46,0,46,0,1.0
Providencia_Stuartii,Meropenem,46,46,46,0,0,0.0
Providencia_Stuartii,Moxifloxacin,46,38,17,21,1,0.5526315789473685
Providencia_Stuartii,Piperacillin-Tazobactam,46,46,43,3,1,0.06521739130434782
Providencia_Vermicola,Ampicillin,1,1,0,1,0,1.0
Providencia_Vermicola,Ampicillin+Sulbactam,1,1,0,1,0,1.0
Providencia_Vermicola,Cefotaxim,1,1,1,0,0,0.0
Providencia_Vermicola,Ceftazidime,1,1,1,0,0,0.0
Providencia_Vermicola,Ceftriaxone,1,1,1,0,0,0.0
Providencia_Vermicola,Ciprofloxacin,1,1,1,0,0,0.0
Providencia_Vermicola,Cotrimoxazole,1,1,1,0,0,0.0
Providencia_Vermicola,Gentamicin,1,1,0,1,0,1.0
Providencia_Vermicola,Imipenem,1,1,0,1,0,1.0
Providencia_Vermicola,Meropenem,1,1,1,0,0,0.0
Providencia_Vermicola,Moxifloxacin,1,1,0,1,0,1.0
Providencia_Vermicola,Piperacillin-Tazobactam,1,1,1,0,0,0.0
Pseudochrobactrum_Asaccharolyticum,Ampicillin,1,1,1,0,0,0.0
Pseudochrobactrum_Asaccharolyticum,Ampicillin+Sulbactam,1,1,1,0,0,0.0
Pseudochrobactrum_Asaccharolyticum,Cefuroxime,1,1,1,0,0,0.0
Pseudochrobactrum_Asaccharolyticum,Moxifloxacin,1,1,0,1,0,1.0
Pseudomonas_Aeruginosa,Amikacin,4266,4040,1513,2527,1,0.6254950495049505
Pseudomonas_Aeruginosa,Ampicillin,4266,212,0,212,0,1.0
Pseudomonas_Aeruginosa,Ampicillin+Sulbactam,4266,4260,0,4260,0,1.0
Pseudomonas_Aeruginosa,Bacitracin,4266,3,0,3,0,1.0
Pseudomonas_Aeruginosa,Cefepime,4266,4069,2,4067,1,0.9995084787417056
Pseudomonas_Aeruginosa,Cefiderocol,4266,4,4,0,0,0.0
Pseudomonas_Aeruginosa,Cefotaxim,4266,76,0,76,0,1.0
Pseudomonas_Aeruginosa,Ceftazidime,4266,4262,1,4261,1,0.9997653683716565
Pseudomonas_Aeruginosa,Ceftazidime-Avibactam,4266,143,102,41,1,0.2867132867132867
Pseudomonas_Aeruginosa,Ceftolozane-Tazobactam,4266,88,74,14,1,0.1590909090909091
Pseudomonas_Aeruginosa,Ceftriaxone,4266,1,0,1,0,1.0
Pseudomonas_Aeruginosa,Cefuroxime,4266,1,0,1,0,1.0
Pseudomonas_Aeruginosa,Ciprofloxacin,4266,4262,1,4261,1,0.9997653683716565
Pseudomonas_Aeruginosa,Colistin,4266,19,19,0,0,0.0
Pseudomonas_Aeruginosa,Cotrimoxazole,4266,4257,0,4257,0,1.0
Pseudomonas_Aeruginosa,Gentamicin,4266,2625,0,2625,0,1.0
Pseudomonas_Aeruginosa,Imipenem,4266,4245,1,4244,1,0.9997644287396937
Pseudomonas_Aeruginosa,Linezolid,4266,1,1,0,0,0.0
Pseudomonas_Aeruginosa,Meropenem,4266,4254,3086,1168,1,0.2745651151857076
Pseudomonas_Aeruginosa,Moxifloxacin,4266,223,0,223,0,1.0
Pseudomonas_Aeruginosa,Neomycin,4266,3,0,3,0,1.0
Pseudomonas_Aeruginosa,Nitrofurantoin,4266,205,0,205,0,1.0
Pseudomonas_Aeruginosa,Piperacillin,4266,4033,0,4033,0,1.0
Pseudomonas_Aeruginosa,Piperacillin-Tazobactam,4266,4218,0,4218,0,1.0
Pseudomonas_Aeruginosa,Tigecycline,4266,2,1,1,1,0.5
Pseudomonas_Aeruginosa,Tobramycin,4266,4053,1517,2536,1,0.6257093510979521
Pseudomonas_Aeruginosa,Vancomycin,4266,1,0,1,0,1.0
Pseudomonas_Alcaligenes,Amikacin,2,2,2,0,0,0.0
Pseudomonas_Alcaligenes,Ampicillin+Sulbactam,2,2,0,2,0,1.0
Pseudomonas_Alcaligenes,Cefepime,2,2,0,2,0,1.0
Pseudomonas_Alcaligenes,Ceftazidime,2,2,0,2,0,1.0
Pseudomonas_Alcaligenes,Ciprofloxacin,2,2,0,2,0,1.0
Pseudomonas_Alcaligenes,Cotrimoxazole,2,2,0,2,0,1.0
Pseudomonas_Alcaligenes,Imipenem,2,2,0,2,0,1.0
Pseudomonas_Alcaligenes,Meropenem,2,2,2,0,0,0.0
Pseudomonas_Alcaligenes,Piperacillin,2,2,0,2,0,1.0
Pseudomonas_Alcaligenes,Piperacillin-Tazobactam,2,2,0,2,0,1.0
Pseudomonas_Alcaligenes,Tobramycin,2,2,2,0,0,0.0
Pseudomonas_Chlororaphis,Amikacin,4,4,2,2,1,0.5
Pseudomonas_Chlororaphis,Ampicillin+Sulbactam,4,4,0,4,0,1.0
Pseudomonas_Chlororaphis,Cefepime,4,4,0,4,0,1.0
Pseudomonas_Chlororaphis,Ceftazidime,4,4,0,4,0,1.0
Pseudomonas_Chlororaphis,Ciprofloxacin,4,4,0,4,0,1.0
Pseudomonas_Chlororaphis,Cotrimoxazole,4,4,0,4,0,1.0
Pseudomonas_Chlororaphis,Gentamicin,4,2,0,2,0,1.0
Pseudomonas_Chlororaphis,Imipenem,4,4,0,4,0,1.0
Pseudomonas_Chlororaphis,Meropenem,4,4,3,1,1,0.25
Pseudomonas_Chlororaphis,Piperacillin,4,4,0,4,0,1.0
Pseudomonas_Chlororaphis,Piperacillin-Tazobactam,4,4,0,4,0,1.0
Pseudomonas_Chlororaphis,Tobramycin,4,4,2,2,1,0.5
Pseudomonas_Citronellolis,Amikacin,42,42,16,26,1,0.6190476190476191
Pseudomonas_Citronellolis,Ampicillin+Sulbactam,42,42,0,42,0,1.0
Pseudomonas_Citronellolis,Cefepime,42,42,0,42,0,1.0
Pseudomonas_Citronellolis,Ceftazidime,42,42,0,42,0,1.0
Pseudomonas_Citronellolis,Ciprofloxacin,42,42,0,42,0,1.0
Pseudomonas_Citronellolis,Cotrimoxazole,42,42,0,42,0,1.0
Pseudomonas_Citronellolis,Gentamicin,42,26,0,26,0,1.0
Pseudomonas_Citronellolis,Imipenem,42,42,0,42,0,1.0
Pseudomonas_Citronellolis,Meropenem,42,42,41,1,1,0.023809523809523808
Pseudomonas_Citronellolis,Moxifloxacin,42,4,0,4,0,1.0
Pseudomonas_Citronellolis,Piperacillin,42,42,0,42,0,1.0
Pseudomonas_Citronellolis,Piperacillin-Tazobactam,42,42,0,42,0,1.0
Pseudomonas_Citronellolis,Tobramycin,42,42,16,26,1,0.6190476190476191
Pseudomonas_Fluorescens,Amikacin,37,24,12,12,1,0.5
Pseudomonas_Fluorescens,Ampicillin,37,16,0,16,0,1.0
Pseudomonas_Fluorescens,Ampicillin+Sulbactam,37,37,0,37,0,1.0
Pseudomonas_Fluorescens,Cefepime,37,26,0,26,0,1.0
Pseudomonas_Fluorescens,Ceftazidime,37,37,0,37,0,1.0
Pseudomonas_Fluorescens,Ciprofloxacin,37,36,0,36,0,1.0
Pseudomonas_Fluorescens,Cotrimoxazole,37,37,0,37,0,1.0
Pseudomonas_Fluorescens,Gentamicin,37,20,0,20,0,1.0
Pseudomonas_Fluorescens,Imipenem,37,29,0,29,0,1.0
Pseudomonas_Fluorescens,Meropenem,37,30,13,17,1,0.5666666666666667
Pseudomonas_Fluorescens,Nitrofurantoin,37,14,0,14,0,1.0
Pseudomonas_Fluorescens,Piperacillin,37,14,0,14,0,1.0
Pseudomonas_Fluorescens,Piperacillin-Tazobactam,37,32,0,32,0,1.0
Pseudomonas_Fluorescens,Tobramycin,37,24,12,12,1,0.5
Pseudomonas_Koreensis,Amikacin,20,20,5,15,1,0.75
Pseudomonas_Koreensis,Ampicillin+Sulbactam,20,20,0,20,0,1.0
Pseudomonas_Koreensis,Cefepime,20,20,0,20,0,1.0
Pseudomonas_Koreensis,Ceftazidime,20,20,0,20,0,1.0
Pseudomonas_Koreensis,Ceftazidime-Avibactam,20,1,0,1,0,1.0
Pseudomonas_Koreensis,Ceftolozane-Tazobactam,20,1,0,1,0,1.0
Pseudomonas_Koreensis,Ciprofloxacin,20,20,0,20,0,1.0
Pseudomonas_Koreensis,Cotrimoxazole,20,20,0,20,0,1.0
Pseudomonas_Koreensis,Gentamicin,20,15,0,15,0,1.0
Pseudomonas_Koreensis,Imipenem,20,20,0,20,0,1.0
Pseudomonas_Koreensis,Meropenem,20,20,17,3,1,0.15
Pseudomonas_Koreensis,Piperacillin,20,20,0,20,0,1.0
Pseudomonas_Koreensis,Piperacillin-Tazobactam,20,19,0,19,0,1.0
Pseudomonas_Koreensis,Tobramycin,20,20,5,15,1,0.75
Pseudomonas_Mendocina,Amikacin,7,7,1,6,1,0.8571428571428571
Pseudomonas_Mendocina,Ampicillin+Sulbactam,7,7,0,7,0,1.0
Pseudomonas_Mendocina,Cefepime,7,7,0,7,0,1.0
Pseudomonas_Mendocina,Ceftazidime,7,7,0,7,0,1.0
Pseudomonas_Mendocina,Ciprofloxacin,7,7,0,7,0,1.0
Pseudomonas_Mendocina,Cotrimoxazole,7,7,0,7,0,1.0
Pseudomonas_Mendocina,Gentamicin,7,6,0,6,0,1.0
Pseudomonas_Mendocina,Imipenem,7,7,0,7,0,1.0
Pseudomonas_Mendocina,Meropenem,7,7,6,1,1,0.14285714285714285
Pseudomonas_Mendocina,Moxifloxacin,7,3,0,3,0,1.0
Pseudomonas_Mendocina,Piperacillin,7,7,0,7,0,1.0
Pseudomonas_Mendocina,Piperacillin-Tazobactam,7,7,0,7,0,1.0
Pseudomonas_Mendocina,Tobramycin,7,7,1,6,1,0.8571428571428571
Pseudomonas_Nitroreducens,Amikacin,1,1,1,0,0,0.0
Pseudomonas_Nitroreducens,Ampicillin+Sulbactam,1,1,0,1,0,1.0
Pseudomonas_Nitroreducens,Cefepime,1,1,0,1,0,1.0
Pseudomonas_Nitroreducens,Ceftazidime,1,1,0,1,0,1.0
Pseudomonas_Nitroreducens,Ciprofloxacin,1,1,0,1,0,1.0
Pseudomonas_Nitroreducens,Cotrimoxazole,1,1,0,1,0,1.0
Pseudomonas_Nitroreducens,Imipenem,1,1,0,1,0,1.0
Pseudomonas_Nitroreducens,Meropenem,1,1,1,0,0,0.0
Pseudomonas_Nitroreducens,Piperacillin,1,1,0,1,0,1.0
Pseudomonas_Nitroreducens,Piperacillin-Tazobactam,1,1,0,1,0,1.0
Pseudomonas_Nitroreducens,Tobramycin,1,1,1,0,0,0.0
Pseudomonas_Oleovorans,Amikacin,2,2,2,0,0,0.0
Pseudomonas_Oleovorans,Ampicillin+Sulbactam,2,2,0,2,0,1.0
Pseudomonas_Oleovorans,Cefepime,2,2,0,2,0,1.0
Pseudomonas_Oleovorans,Ceftazidime,2,2,0,2,0,1.0
Pseudomonas_Oleovorans,Ciprofloxacin,2,2,0,2,0,1.0
Pseudomonas_Oleovorans,Cotrimoxazole,2,2,0,2,0,1.0
Pseudomonas_Oleovorans,Imipenem,2,2,0,2,0,1.0
Pseudomonas_Oleovorans,Meropenem,2,2,2,0,0,0.0
Pseudomonas_Oleovorans,Piperacillin,2,2,0,2,0,1.0
Pseudomonas_Oleovorans,Piperacillin-Tazobactam,2,2,0,2,0,1.0
Pseudomonas_Oleovorans,Tobramycin,2,2,2,0,0,0.0
Pseudomonas_Otitidis,Amikacin,1,1,1,0,0,0.0
Pseudomonas_Otitidis,Ampicillin+Sulbactam,1,1,0,1,0,1.0
Pseudomonas_Otitidis,Cefepime,1,1,0,1,0,1.0
Pseudomonas_Otitidis,Ceftazidime,1,1,0,1,0,1.0
Pseudomonas_Otitidis,Ciprofloxacin,1,1,0,1,0,1.0
Pseudomonas_Otitidis,Cotrimoxazole,1,1,0,1,0,1.0
Pseudomonas_Otitidis,Imipenem,1,1,0,1,0,1.0
Pseudomonas_Otitidis,Meropenem,1,1,1,0,0,0.0
Pseudomonas_Otitidis,Piperacillin,1,1,0,1,0,1.0
Pseudomonas_Otitidis,Piperacillin-Tazobactam,1,1,0,1,0,1.0
Pseudomonas_Otitidis,Tobramycin,1,1,1,0,0,0.0
Pseudomonas_Putida,Amikacin,131,122,60,62,1,0.5081967213114754
Pseudomonas_Putida,Ampicillin,131,9,0,9,0,1.0
Pseudomonas_Putida,Ampicillin+Sulbactam,131,129,0,129,0,1.0
Pseudomonas_Putida,Cefepime,131,122,0,122,0,1.0
Pseudomonas_Putida,Cefotaxim,131,2,0,2,0,1.0
Pseudomonas_Putida,Ceftazidime,131,130,0,130,0,1.0
Pseudomonas_Putida,Ciprofloxacin,131,131,0,131,0,1.0
Pseudomonas_Putida,Cotrimoxazole,131,129,0,129,0,1.0
Pseudomonas_Putida,Gentamicin,131,66,0,66,0,1.0
Pseudomonas_Putida,Imipenem,131,128,1,127,1,0.9921875
Pseudomonas_Putida,Meropenem,131,131,65,66,1,0.5038167938931297
Pseudomonas_Putida,Moxifloxacin,131,7,0,7,0,1.0
Pseudomonas_Putida,Nitrofurantoin,131,8,0,8,0,1.0
Pseudomonas_Putida,Piperacillin,131,121,0,121,0,1.0
Pseudomonas_Putida,Piperacillin-Tazobactam,131,127,0,127,0,1.0
Pseudomonas_Putida,Tobramycin,131,122,60,62,1,0.5081967213114754
Pseudomonas_Species,Amikacin,20,17,10,7,1,0.4117647058823529
Pseudomonas_Species,Ampicillin+Sulbactam,20,17,0,17,0,1.0
Pseudomonas_Species,Cefepime,20,20,0,20,0,1.0
Pseudomonas_Species,Ceftazidime,20,20,0,20,0,1.0
Pseudomonas_Species,Ciprofloxacin,20,20,0,20,0,1.0
Pseudomonas_Species,Cotrimoxazole,20,17,0,17,0,1.0
Pseudomonas_Species,Gentamicin,20,10,0,10,0,1.0
Pseudomonas_Species,Imipenem,20,17,0,17,0,1.0
Pseudomonas_Species,Meropenem,20,20,15,5,1,0.25
Pseudomonas_Species,Moxifloxacin,20,1,0,1,0,1.0
Pseudomonas_Species,Piperacillin,20,20,0,20,0,1.0
Pseudomonas_Species,Piperacillin-Tazobactam,20,19,0,19,0,1.0
Pseudomonas_Species,Tobramycin,20,17,10,7,1,0.4117647058823529
Pseudomonas_Stutzeri,Amikacin,24,23,16,7,1,0.30434782608695654
Pseudomonas_Stutzeri,Ampicillin,24,1,0,1,0,1.0
Pseudomonas_Stutzeri,Ampicillin+Sulbactam,24,24,0,24,0,1.0
Pseudomonas_Stutzeri,Cefepime,24,23,0,23,0,1.0
Pseudomonas_Stutzeri,Ceftazidime,24,24,0,24,0,1.0
Pseudomonas_Stutzeri,Ciprofloxacin,24,24,0,24,0,1.0
Pseudomonas_Stutzeri,Cotrimoxazole,24,24,0,24,0,1.0
Pseudomonas_Stutzeri,Gentamicin,24,7,0,7,0,1.0
Pseudomonas_Stutzeri,Imipenem,24,23,0,23,0,1.0
Pseudomonas_Stutzeri,Meropenem,24,24,21,3,1,0.125
Pseudomonas_Stutzeri,Nitrofurantoin,24,1,0,1,0,1.0
Pseudomonas_Stutzeri,Piperacillin,24,22,0,22,0,1.0
Pseudomonas_Stutzeri,Piperacillin-Tazobactam,24,22,0,22,0,1.0
Pseudomonas_Stutzeri,Tobramycin,24,23,16,7,1,0.30434782608695654
Pseudomonas_Taetrolens,Amikacin,4,4,3,1,1,0.25
Pseudomonas_Taetrolens,Ampicillin+Sulbactam,4,4,0,4,0,1.0
Pseudomonas_Taetrolens,Cefepime,4,4,0,4,0,1.0
Pseudomonas_Taetrolens,Ceftazidime,4,4,0,4,0,1.0
Pseudomonas_Taetrolens,Ciprofloxacin,4,4,0,4,0,1.0
Pseudomonas_Taetrolens,Cotrimoxazole,4,4,0,4,0,1.0
Pseudomonas_Taetrolens,Gentamicin,4,1,0,1,0,1.0
Pseudomonas_Taetrolens,Imipenem,4,4,0,4,0,1.0
Pseudomonas_Taetrolens,Meropenem,4,4,4,0,0,0.0
Pseudomonas_Taetrolens,Piperacillin,4,4,0,4,0,1.0
Pseudomonas_Taetrolens,Piperacillin-Tazobactam,4,4,0,4,0,1.0
Pseudomonas_Taetrolens,Tobramycin,4,4,3,1,1,0.25
Pseudoxanthomonas_Mexicana,Ampicillin,2,1,1,0,0,0.0
Pseudoxanthomonas_Mexicana,Cefepime,2,1,1,0,0,0.0
Pseudoxanthomonas_Mexicana,Ceftriaxone,2,1,0,1,0,1.0
Pseudoxanthomonas_Mexicana,Ciprofloxacin,2,1,0,1,0,1.0
Pseudoxanthomonas_Mexicana,Meropenem,2,1,1,0,0,0.0
Pseudoxanthomonas_Mexicana,Piperacillin-Tazobactam,2,2,2,0,0,0.0
Rahnella_Aquatilis,Ampicillin,6,6,1,5,1,0.8333333333333334
Rahnella_Aquatilis,Ampicillin+Sulbactam,6,6,4,2,1,0.3333333333333333
Rahnella_Aquatilis,Cefotaxim,6,5,4,1,1,0.2
Rahnella_Aquatilis,Ceftazidime,6,5,4,1,1,0.2
Rahnella_Aquatilis,Ceftriaxone,6,5,4,1,1,0.2
Rahnella_Aquatilis,Cefuroxime,6,3,0,3,0,1.0
Rahnella_Aquatilis,Ciprofloxacin,6,6,6,0,0,0.0
Rahnella_Aquatilis,Cotrimoxazole,6,5,5,0,0,0.0
Rahnella_Aquatilis,Gentamicin,6,5,2,3,1,0.6
Rahnella_Aquatilis,Imipenem,6,6,6,0,0,0.0
Rahnella_Aquatilis,Meropenem,6,6,6,0,0,0.0
Rahnella_Aquatilis,Moxifloxacin,6,6,6,0,0,0.0
Rahnella_Aquatilis,Piperacillin-Tazobactam,6,6,5,1,1,0.16666666666666666
Rhizobium_Radiobacter,Ampicillin,6,2,1,1,1,0.5
Rhizobium_Radiobacter,Ampicillin+Sulbactam,6,2,2,0,0,0.0
Rhizobium_Radiobacter,Ceftriaxone,6,1,0,1,0,1.0
Rhizobium_Radiobacter,Cefuroxime,6,1,0,1,0,1.0
Rhizobium_Radiobacter,Ciprofloxacin,6,5,3,2,1,0.4
Rhizobium_Radiobacter,Imipenem,6,4,4,0,0,0.0
Rhizobium_Radiobacter,Meropenem,6,5,4,1,1,0.2
Rhizobium_Radiobacter,Moxifloxacin,6,2,2,0,0,0.0
Rhizobium_Radiobacter,Piperacillin,6,3,0,3,0,1.0
Rhizobium_Radiobacter,Piperacillin-Tazobactam,6,6,0,6,0,1.0
Rhizobium_Radiobacter,Tigecycline,6,3,3,0,0,0.0
Roseomonas_Mucosa,Ceftazidime,6,4,0,4,0,1.0
Roseomonas_Mucosa,Ciprofloxacin,6,5,2,3,1,0.6
Roseomonas_Mucosa,Imipenem,6,2,2,0,0,0.0
Roseomonas_Mucosa,Meropenem,6,5,5,0,0,0.0
Roseomonas_Mucosa,Piperacillin,6,1,0,1,0,1.0
Roseomonas_Mucosa,Piperacillin-Tazobactam,6,3,0,3,0,1.0
Roseomonas_Species,Ciprofloxacin,1,1,1,0,0,0.0
Roseomonas_Species,Imipenem,1,1,1,0,0,0.0
Roseomonas_Species,Meropenem,1,1,1,0,0,0.0
Roseomonas_Species,Piperacillin-Tazobactam,1,1,1,0,0,0.0
Salmonella_Derby,Ampicillin,2,2,2,0,0,0.0
Salmonella_Derby,Ampicillin+Sulbactam,2,2,2,0,0,0.0
Salmonella_Derby,Cefotaxim,2,2,2,0,0,0.0
Salmonella_Derby,Ceftazidime,2,2,2,0,0,0.0
Salmonella_Derby,Ceftriaxone,2,2,2,0,0,0.0
Salmonella_Derby,Ciprofloxacin,2,2,2,0,0,0.0
Salmonella_Derby,Cotrimoxazole,2,2,2,0,0,0.0
Salmonella_Derby,Gentamicin,2,2,0,2,0,1.0
Salmonella_Derby,Imipenem,2,2,2,0,0,0.0
Salmonella_Derby,Meropenem,2,2,2,0,0,0.0
Salmonella_Derby,Moxifloxacin,2,2,1,1,1,0.5
Salmonella_Derby,Piperacillin-Tazobactam,2,2,2,0,0,0.0
Salmonella_Enteritidis,Ampicillin,3,3,3,0,0,0.0
Salmonella_Enteritidis,Ampicillin+Sulbactam,3,3,3,0,0,0.0
Salmonella_Enteritidis,Cefotaxim,3,3,3,0,0,0.0
Salmonella_Enteritidis,Ceftazidime,3,3,3,0,0,0.0
Salmonella_Enteritidis,Ceftriaxone,3,2,2,0,0,0.0
Salmonella_Enteritidis,Ciprofloxacin,3,3,3,0,0,0.0
Salmonella_Enteritidis,Cotrimoxazole,3,3,3,0,0,0.0
Salmonella_Enteritidis,Fosfomycin,3,1,1,0,0,0.0
Salmonella_Enteritidis,Gentamicin,3,3,0,3,0,1.0
Salmonella_Enteritidis,Imipenem,3,3,3,0,0,0.0
Salmonella_Enteritidis,Meropenem,3,3,3,0,0,0.0
Salmonella_Enteritidis,Moxifloxacin,3,2,2,0,0,0.0
Salmonella_Enteritidis,Piperacillin-Tazobactam,3,3,3,0,0,0.0
Salmonella_Oranienburg,Ampicillin,1,1,1,0,0,0.0
Salmonella_Oranienburg,Ampicillin+Sulbactam,1,1,1,0,0,0.0
Salmonella_Oranienburg,Cefotaxim,1,1,1,0,0,0.0
Salmonella_Oranienburg,Ceftazidime,1,1,1,0,0,0.0
Salmonella_Oranienburg,Ceftriaxone,1,1,1,0,0,0.0
Salmonella_Oranienburg,Ciprofloxacin,1,1,1,0,0,0.0
Salmonella_Oranienburg,Cotrimoxazole,1,1,1,0,0,0.0
Salmonella_Oranienburg,Gentamicin,1,1,0,1,0,1.0
Salmonella_Oranienburg,Imipenem,1,1,1,0,0,0.0
Salmonella_Oranienburg,Meropenem,1,1,1,0,0,0.0
Salmonella_Oranienburg,Moxifloxacin,1,1,1,0,0,0.0
Salmonella_Oranienburg,Piperacillin-Tazobactam,1,1,1,0,0,0.0
Salmonella_Species,Ampicillin,1,1,1,0,0,0.0
Salmonella_Species,Ampicillin+Sulbactam,1,1,1,0,0,0.0
Salmonella_Species,Cefotaxim,1,1,1,0,0,0.0
Salmonella_Species,Ceftazidime,1,1,1,0,0,0.0
Salmonella_Species,Ceftriaxone,1,1,1,0,0,0.0
Salmonella_Species,Ciprofloxacin,1,1,1,0,0,0.0
Salmonella_Species,Cotrimoxazole,1,1,1,0,0,0.0
Salmonella_Species,Gentamicin,1,1,0,1,0,1.0
Salmonella_Species,Imipenem,1,1,1,0,0,0.0
Salmonella_Species,Meropenem,1,1,1,0,0,0.0
Salmonella_Species,Moxifloxacin,1,1,1,0,0,0.0
Salmonella_Species,Piperacillin-Tazobactam,1,1,1,0,0,0.0
Salmonella_Tennessee,Ampicillin,1,1,1,0,0,0.0
Salmonella_Tennessee,Ampicillin+Sulbactam,1,1,1,0,0,0.0
Salmonella_Tennessee,Cefotaxim,1,1,1,0,0,0.0
Salmonella_Tennessee,Ceftazidime,1,1,1,0,0,0.0
Salmonella_Tennessee,Ciprofloxacin,1,1,1,0,0,0.0
Salmonella_Tennessee,Cotrimoxazole,1,1,1,0,0,0.0
Salmonella_Tennessee,Fosfomycin,1,1,1,0,0,0.0
Salmonella_Tennessee,Gentamicin,1,1,0,1,0,1.0
Salmonella_Tennessee,Imipenem,1,1,1,0,0,0.0
Salmonella_Tennessee,Meropenem,1,1,1,0,0,0.0
Salmonella_Tennessee,Piperacillin-Tazobactam,1,1,1,0,0,0.0
Salmonella_Typhimurium,Ampicillin,1,1,1,0,0,0.0
Salmonella_Typhimurium,Ampicillin+Sulbactam,1,1,1,0,0,0.0
Salmonella_Typhimurium,Cefotaxim,1,1,1,0,0,0.0
Salmonella_Typhimurium,Ceftazidime,1,1,1,0,0,0.0
Salmonella_Typhimurium,Ceftriaxone,1,1,1,0,0,0.0
Salmonella_Typhimurium,Ciprofloxacin,1,1,1,0,0,0.0
Salmonella_Typhimurium,Cotrimoxazole,1,1,1,0,0,0.0
Salmonella_Typhimurium,Gentamicin,1,1,0,1,0,1.0
Salmonella_Typhimurium,Imipenem,1,1,1,0,0,0.0
Salmonella_Typhimurium,Meropenem,1,1,1,0,0,0.0
Salmonella_Typhimurium,Moxifloxacin,1,1,1,0,0,0.0
Salmonella_Typhimurium,Piperacillin-Tazobactam,1,1,1,0,0,0.0
Salmonella_choleraesuis_var_kunzendorf,Ampicillin,1,1,1,0,0,0.0
Salmonella_choleraesuis_var_kunzendorf,Ampicillin+Sulbactam,1,1,1,0,0,0.0
Salmonella_choleraesuis_var_kunzendorf,Cefotaxim,1,1,1,0,0,0.0
Salmonella_choleraesuis_var_kunzendorf,Ceftazidime,1,1,1,0,0,0.0
Salmonella_choleraesuis_var_kunzendorf,Ceftriaxone,1,1,1,0,0,0.0
Salmonella_choleraesuis_var_kunzendorf,Ciprofloxacin,1,1,1,0,0,0.0
Salmonella_choleraesuis_var_kunzendorf,Cotrimoxazole,1,1,1,0,0,0.0
Salmonella_choleraesuis_var_kunzendorf,Gentamicin,1,1,0,1,0,1.0
Salmonella_choleraesuis_var_kunzendorf,Imipenem,1,1,1,0,0,0.0
Salmonella_choleraesuis_var_kunzendorf,Meropenem,1,1,1,0,0,0.0
Salmonella_choleraesuis_var_kunzendorf,Moxifloxacin,1,1,1,0,0,0.0
Salmonella_choleraesuis_var_kunzendorf,Piperacillin-Tazobactam,1,1,1,0,0,0.0
Salmonella_der_gruppe_b,Ampicillin,3,3,0,3,0,1.0
Salmonella_der_gruppe_b,Ampicillin+Sulbactam,3,3,0,3,0,1.0
Salmonella_der_gruppe_b,Cefotaxim,3,3,3,0,0,0.0
Salmonella_der_gruppe_b,Ceftazidime,3,3,3,0,0,0.0
Salmonella_der_gruppe_b,Ceftriaxone,3,2,2,0,0,0.0
Salmonella_der_gruppe_b,Ciprofloxacin,3,2,2,0,0,0.0
Salmonella_der_gruppe_b,Cotrimoxazole,3,3,3,0,0,0.0
Salmonella_der_gruppe_b,Fosfomycin,3,1,1,0,0,0.0
Salmonella_der_gruppe_b,Gentamicin,3,3,0,3,0,1.0
Salmonella_der_gruppe_b,Imipenem,3,3,3,0,0,0.0
Salmonella_der_gruppe_b,Meropenem,3,3,3,0,0,0.0
Salmonella_der_gruppe_b,Moxifloxacin,3,2,2,0,0,0.0
Salmonella_der_gruppe_b,Piperacillin-Tazobactam,3,3,3,0,0,0.0
Salmonella_der_gruppe_d,Ampicillin,1,1,1,0,0,0.0
Salmonella_der_gruppe_d,Ampicillin+Sulbactam,1,1,1,0,0,0.0
Salmonella_der_gruppe_d,Cefotaxim,1,1,1,0,0,0.0
Salmonella_der_gruppe_d,Ceftazidime,1,1,1,0,0,0.0
Salmonella_der_gruppe_d,Ceftriaxone,1,1,1,0,0,0.0
Salmonella_der_gruppe_d,Ciprofloxacin,1,1,1,0,0,0.0
Salmonella_der_gruppe_d,Cotrimoxazole,1,1,1,0,0,0.0
Salmonella_der_gruppe_d,Gentamicin,1,1,0,1,0,1.0
Salmonella_der_gruppe_d,Imipenem,1,1,1,0,0,0.0
Salmonella_der_gruppe_d,Meropenem,1,1,1,0,0,0.0
Salmonella_der_gruppe_d,Moxifloxacin,1,1,1,0,0,0.0
Salmonella_der_gruppe_d,Piperacillin-Tazobactam,1,1,1,0,0,0.0
Salmonella_subspecies1_monophasische_variante,Ampicillin,1,1,0,1,0,1.0
Salmonella_subspecies1_monophasische_variante,Ampicillin+Sulbactam,1,1,0,1,0,1.0
Salmonella_subspecies1_monophasische_variante,Cefotaxim,1,1,1,0,0,0.0
Salmonella_subspecies1_monophasische_variante,Ceftazidime,1,1,1,0,0,0.0
Salmonella_subspecies1_monophasische_variante,Ciprofloxacin,1,1,0,1,0,1.0
Salmonella_subspecies1_monophasische_variante,Cotrimoxazole,1,1,1,0,0,0.0
Salmonella_subspecies1_monophasische_variante,Fosfomycin,1,1,1,0,0,0.0
Salmonella_subspecies1_monophasische_variante,Gentamicin,1,1,0,1,0,1.0
Salmonella_subspecies1_monophasische_variante,Imipenem,1,1,1,0,0,0.0
Salmonella_subspecies1_monophasische_variante,Meropenem,1,1,1,0,0,0.0
Salmonella_subspecies1_monophasische_variante,Piperacillin-Tazobactam,1,1,1,0,0,0.0
Salmonella_typhimurium_monophasische_variante,Ampicillin,4,4,0,4,0,1.0
Salmonella_typhimurium_monophasische_variante,Ampicillin+Sulbactam,4,4,0,4,0,1.0
Salmonella_typhimurium_monophasische_variante,Cefotaxim,4,4,4,0,0,0.0
Salmonella_typhimurium_monophasische_variante,Ceftazidime,4,4,4,0,0,0.0
Salmonella_typhimurium_monophasische_variante,Ceftriaxone,4,2,2,0,0,0.0
Salmonella_typhimurium_monophasische_variante,Ciprofloxacin,4,4,3,1,1,0.25
Salmonella_typhimurium_monophasische_variante,Cotrimoxazole,4,4,4,0,0,0.0
Salmonella_typhimurium_monophasische_variante,Fosfomycin,4,2,2,0,0,0.0
Salmonella_typhimurium_monophasische_variante,Gentamicin,4,4,0,4,0,1.0
Salmonella_typhimurium_monophasische_variante,Imipenem,4,4,4,0,0,0.0
Salmonella_typhimurium_monophasische_variante,Meropenem,4,4,4,0,0,0.0
Salmonella_typhimurium_monophasische_variante,Moxifloxacin,4,2,2,0,0,0.0
Salmonella_typhimurium_monophasische_variante,Piperacillin-Tazobactam,4,4,4,0,0,0.0
Serratia_Fonticola,Ampicillin,2,2,0,2,0,1.0
Serratia_Fonticola,Ampicillin+Sulbactam,2,2,2,0,0,0.0
Serratia_Fonticola,Cefotaxim,2,2,1,1,1,0.5
Serratia_Fonticola,Ceftazidime,2,2,2,0,0,0.0
Serratia_Fonticola,Ceftriaxone,2,1,1,0,0,0.0
Serratia_Fonticola,Ciprofloxacin,2,2,2,0,0,0.0
Serratia_Fonticola,Cotrimoxazole,2,2,2,0,0,0.0
Serratia_Fonticola,Gentamicin,2,2,1,1,1,0.5
Serratia_Fonticola,Imipenem,2,2,2,0,0,0.0
Serratia_Fonticola,Meropenem,2,2,2,0,0,0.0
Serratia_Fonticola,Moxifloxacin,2,2,2,0,0,0.0
Serratia_Fonticola,Piperacillin-Tazobactam,2,2,2,0,0,0.0
Serratia_Liquefaciens,Ampicillin,53,52,2,50,1,0.9615384615384616
Serratia_Liquefaciens,Ampicillin+Sulbactam,53,52,4,48,1,0.9230769230769231
Serratia_Liquefaciens,Cefotaxim,53,52,49,3,1,0.057692307692307696
Serratia_Liquefaciens,Ceftazidime,53,52,49,3,1,0.057692307692307696
Serratia_Liquefaciens,Ceftriaxone,53,44,44,0,0,0.0
Serratia_Liquefaciens,Ciprofloxacin,53,53,53,0,0,0.0
Serratia_Liquefaciens,Cotrimoxazole,53,53,53,0,0,0.0
Serratia_Liquefaciens,Fosfomycin,53,5,1,4,1,0.8
Serratia_Liquefaciens,Gentamicin,53,52,25,27,1,0.5192307692307693
Serratia_Liquefaciens,Imipenem,53,53,52,1,1,0.018867924528301886
Serratia_Liquefaciens,Meropenem,53,53,53,0,0,0.0
Serratia_Liquefaciens,Moxifloxacin,53,46,46,0,0,0.0
Serratia_Liquefaciens,Piperacillin-Tazobactam,53,52,49,3,1,0.057692307692307696
Serratia_Marcescens,Amikacin,1040,1,1,0,0,0.0
Serratia_Marcescens,Ampicillin,1040,1040,7,1033,1,0.9932692307692308
Serratia_Marcescens,Ampicillin+Sulbactam,1040,1036,28,1008,1,0.972972972972973
Serratia_Marcescens,Bacitracin,1040,4,0,4,0,1.0
Serratia_Marcescens,Cefepime,1040,1,1,0,0,0.0
Serratia_Marcescens,Cefotaxim,1040,1037,929,108,1,0.10414657666345227
Serratia_Marcescens,Ceftazidime,1040,1040,947,93,1,0.08942307692307692
Serratia_Marcescens,Ceftriaxone,1040,856,783,73,1,0.0852803738317757
Serratia_Marcescens,Ciprofloxacin,1040,1039,986,53,1,0.05101058710298364
Serratia_Marcescens,Cotrimoxazole,1040,1039,1028,11,1,0.010587102983638113
Serratia_Marcescens,Ertapenem,1040,4,3,1,1,0.25
Serratia_Marcescens,Fosfomycin,1040,138,114,24,1,0.17391304347826086
Serratia_Marcescens,Gentamicin,1040,1037,390,647,1,0.6239151398264223
Serratia_Marcescens,Imipenem,1040,1039,998,41,1,0.03946102021174206
Serratia_Marcescens,Meropenem,1040,1038,1037,1,1,0.0009633911368015414
Serratia_Marcescens,Moxifloxacin,1040,876,403,473,1,0.5399543378995434
Serratia_Marcescens,Neomycin,1040,4,4,0,0,0.0
Serratia_Marcescens,Nitrofurantoin,1040,6,0,6,0,1.0
Serratia_Marcescens,Piperacillin,1040,1,1,0,0,0.0
Serratia_Marcescens,Piperacillin-Tazobactam,1040,1039,936,103,1,0.09913378248315688
Serratia_Marcescens,Tobramycin,1040,1,1,0,0,0.0
Serratia_Odorifera,Ampicillin,1,1,0,1,0,1.0
Serratia_Odorifera,Ampicillin+Sulbactam,1,1,1,0,0,0.0
Serratia_Odorifera,Cefotaxim,1,1,1,0,0,0.0
Serratia_Odorifera,Ceftazidime,1,1,1,0,0,0.0
Serratia_Odorifera,Ceftriaxone,1,1,1,0,0,0.0
Serratia_Odorifera,Ciprofloxacin,1,1,1,0,0,0.0
Serratia_Odorifera,Cotrimoxazole,1,1,1,0,0,0.0
Serratia_Odorifera,Gentamicin,1,1,0,1,0,1.0
Serratia_Odorifera,Imipenem,1,1,1,0,0,0.0
Serratia_Odorifera,Meropenem,1,1,1,0,0,0.0
Serratia_Odorifera,Moxifloxacin,1,1,0,1,0,1.0
Serratia_Odorifera,Piperacillin-Tazobactam,1,1,1,0,0,0.0
Serratia_Rubidaea,Ampicillin,5,5,0,5,0,1.0
Serratia_Rubidaea,Ampicillin+Sulbactam,5,4,4,0,0,0.0
Serratia_Rubidaea,Cefotaxim,5,5,5,0,0,0.0
Serratia_Rubidaea,Ceftazidime,5,5,5,0,0,0.0
Serratia_Rubidaea,Ceftriaxone,5,4,4,0,0,0.0
Serratia_Rubidaea,Ciprofloxacin,5,5,3,2,1,0.4
Serratia_Rubidaea,Cotrimoxazole,5,5,5,0,0,0.0
Serratia_Rubidaea,Gentamicin,5,5,2,3,1,0.6
Serratia_Rubidaea,Imipenem,5,5,5,0,0,0.0
Serratia_Rubidaea,Meropenem,5,5,5,0,0,0.0
Serratia_Rubidaea,Moxifloxacin,5,5,1,4,1,0.8
Serratia_Rubidaea,Piperacillin-Tazobactam,5,5,5,0,0,0.0
Shewanella_Algae,Ampicillin,5,2,2,0,0,0.0
Shewanella_Algae,Ampicillin+Sulbactam,5,2,2,0,0,0.0
Shewanella_Algae,Cefuroxime,5,3,3,0,0,0.0
Shewanella_Algae,Ciprofloxacin,5,5,4,1,1,0.2
Shewanella_Algae,Imipenem,5,5,2,3,1,0.6
Shewanella_Algae,Meropenem,5,5,4,1,1,0.2
Shewanella_Algae,Moxifloxacin,5,3,3,0,0,0.0
Shewanella_Algae,Piperacillin,5,2,1,1,1,0.5
Shewanella_Algae,Piperacillin-Tazobactam,5,5,4,1,1,0.2
Shewanella_Algae,Tigecycline,5,2,1,1,1,0.5
Shewanella_Putrefaciens,Cefuroxime,2,1,0,1,0,1.0
Shewanella_Putrefaciens,Ciprofloxacin,2,2,2,0,0,0.0
Shewanella_Putrefaciens,Imipenem,2,2,1,1,1,0.5
Shewanella_Putrefaciens,Meropenem,2,2,2,0,0,0.0
Shewanella_Putrefaciens,Moxifloxacin,2,1,1,0,0,0.0
Shewanella_Putrefaciens,Piperacillin,2,1,1,0,0,0.0
Shewanella_Putrefaciens,Piperacillin-Tazobactam,2,2,2,0,0,0.0
Shewanella_Putrefaciens,Tigecycline,2,1,1,0,0,0.0
Sphingomonas_Koreensis,Ciprofloxacin,1,1,0,1,0,1.0
Sphingomonas_Koreensis,Imipenem,1,1,0,1,0,1.0
Sphingomonas_Paucimobilis,Ciprofloxacin,4,4,2,2,1,0.5
Sphingomonas_Paucimobilis,Imipenem,4,4,4,0,0,0.0
Sphingomonas_Paucimobilis,Meropenem,4,4,4,0,0,0.0
Sphingomonas_Paucimobilis,Piperacillin,4,4,3,1,1,0.25
Sphingomonas_Paucimobilis,Piperacillin-Tazobactam,4,2,1,1,1,0.5
Sphingomonas_Paucimobilis,Tigecycline,4,4,4,0,0,0.0
Staphylococcus_Aureus,Ampicillin+Sulbactam,7515,2,1,1,1,0.5
Staphylococcus_Aureus,Bacitracin,7515,50,49,1,1,0.02
Staphylococcus_Aureus,Cefoxitin,7515,1,1,0,0,0.0
Staphylococcus_Aureus,Cefuroxime,7515,2,1,1,1,0.5
Staphylococcus_Aureus,Clindamycin,7515,7505,6135,1370,1,0.18254497001998668
Staphylococcus_Aureus,Cotrimoxazole,7515,7506,7332,174,1,0.023181454836131096
Staphylococcus_Aureus,Daptomycin,7515,24,24,0,0,0.0
Staphylococcus_Aureus,Doxycycline,7515,1,1,0,0,0.0
Staphylococcus_Aureus,Erythromycin,7515,7502,6036,1466,1,0.19541455611836844
Staphylococcus_Aureus,Fosfomycin,7515,7504,7422,82,1,0.010927505330490405
Staphylococcus_Aureus,Fusidic acid,7515,262,234,28,1,0.10687022900763359
Staphylococcus_Aureus,Gentamicin,7515,7506,7386,120,1,0.01598721023181455
Staphylococcus_Aureus,Levofloxacin,7515,7507,3669,3838,1,0.511256160916478
Staphylococcus_Aureus,Linezolid,7515,7505,7502,3,1,0.00039973351099267156
Staphylococcus_Aureus,Moxifloxacin,7515,51,45,6,1,0.11764705882352941
Staphylococcus_Aureus,Mupirocin,7515,1045,1013,32,1,0.03062200956937799
Staphylococcus_Aureus,Neomycin,7515,51,51,0,0,0.0
Staphylococcus_Aureus,Oxacillin,7515,7499,6138,1361,1,0.1814908654487265
Staphylococcus_Aureus,PenicillinG,7515,7100,1198,5902,1,0.8312676056338029
Staphylococcus_Aureus,Rifampicin,7515,7497,7458,39,1,0.005202080832332933
Staphylococcus_Aureus,Tetracycline,7515,7503,7045,458,1,0.06104224976675996
Staphylococcus_Aureus,Tigecycline,7515,7486,7481,5,1,0.0006679134384183809
Staphylococcus_Aureus,Vancomycin,7515,7503,7497,6,1,0.0007996801279488205
Staphylococcus_Auricularis,Clindamycin,5,5,5,0,0,0.0
Staphylococcus_Auricularis,Cotrimoxazole,5,5,5,0,0,0.0
Staphylococcus_Auricularis,Erythromycin,5,5,3,2,1,0.4
Staphylococcus_Auricularis,Fosfomycin,5,5,0,5,0,1.0
Staphylococcus_Auricularis,Gentamicin,5,5,5,0,0,0.0
Staphylococcus_Auricularis,Levofloxacin,5,5,5,0,0,0.0
Staphylococcus_Auricularis,Linezolid,5,5,5,0,0,0.0
Staphylococcus_Auricularis,Oxacillin,5,5,5,0,0,0.0
Staphylococcus_Auricularis,Rifampicin,5,5,5,0,0,0.0
Staphylococcus_Auricularis,Tetracycline,5,5,3,2,1,0.4
Staphylococcus_Auricularis,Tigecycline,5,5,5,0,0,0.0
Staphylococcus_Auricularis,Vancomycin,5,5,5,0,0,0.0
Staphylococcus_Capitis,Bacitracin,518,1,1,0,0,0.0
Staphylococcus_Capitis,Clindamycin,518,513,405,108,1,0.21052631578947367
Staphylococcus_Capitis,Cotrimoxazole,518,506,499,7,1,0.01383399209486166
Staphylococcus_Capitis,Daptomycin,518,4,4,0,0,0.0
Staphylococcus_Capitis,Erythromycin,518,517,415,102,1,0.19729206963249515
Staphylococcus_Capitis,Fosfomycin,518,500,0,500,0,1.0
Staphylococcus_Capitis,Fusidic acid,518,1,0,1,0,1.0
Staphylococcus_Capitis,Gentamicin,518,503,469,34,1,0.06759443339960239
Staphylococcus_Capitis,Levofloxacin,518,503,306,197,1,0.39165009940357853
Staphylococcus_Capitis,Linezolid,518,505,505,0,0,0.0
Staphylococcus_Capitis,Moxifloxacin,518,1,1,0,0,0.0
Staphylococcus_Capitis,Neomycin,518,1,1,0,0,0.0
Staphylococcus_Capitis,Oxacillin,518,516,377,139,1,0.2693798449612403
Staphylococcus_Capitis,Rifampicin,518,499,497,2,1,0.004008016032064128
Staphylococcus_Capitis,Tetracycline,518,503,434,69,1,0.13717693836978131
Staphylococcus_Capitis,Tigecycline,518,503,503,0,0,0.0
Staphylococcus_Capitis,Vancomycin,518,505,505,0,0,0.0
Staphylococcus_Caprae,Clindamycin,232,232,95,137,1,0.5905172413793104
Staphylococcus_Caprae,Cotrimoxazole,232,232,231,1,1,0.004310344827586207
Staphylococcus_Caprae,Daptomycin,232,1,1,0,0,0.0
Staphylococcus_Caprae,Erythromycin,232,232,79,153,1,0.6594827586206896
Staphylococcus_Caprae,Fosfomycin,232,232,2,230,1,0.9913793103448276
Staphylococcus_Caprae,Fusidic acid,232,1,0,1,0,1.0
Staphylococcus_Caprae,Gentamicin,232,232,90,142,1,0.6120689655172413
Staphylococcus_Caprae,Levofloxacin,232,232,54,178,1,0.7672413793103449
Staphylococcus_Caprae,Linezolid,232,232,232,0,0,0.0
Staphylococcus_Caprae,Oxacillin,232,232,88,144,1,0.6206896551724138
Staphylococcus_Caprae,Rifampicin,232,232,232,0,0,0.0
Staphylococcus_Caprae,Tetracycline,232,232,213,19,1,0.08189655172413793
Staphylococcus_Caprae,Tigecycline,232,232,232,0,0,0.0
Staphylococcus_Caprae,Vancomycin,232,232,232,0,0,0.0
Staphylococcus_Carnosus,Clindamycin,2,2,2,0,0,0.0
Staphylococcus_Carnosus,Cotrimoxazole,2,2,2,0,0,0.0
Staphylococcus_Carnosus,Erythromycin,2,2,2,0,0,0.0
Staphylococcus_Carnosus,Fosfomycin,2,2,0,2,0,1.0
Staphylococcus_Carnosus,Gentamicin,2,2,2,0,0,0.0
Staphylococcus_Carnosus,Levofloxacin,2,2,1,1,1,0.5
Staphylococcus_Carnosus,Linezolid,2,2,2,0,0,0.0
Staphylococcus_Carnosus,Oxacillin,2,2,0,2,0,1.0
Staphylococcus_Carnosus,Rifampicin,2,2,2,0,0,0.0
Staphylococcus_Carnosus,Tetracycline,2,2,2,0,0,0.0
Staphylococcus_Carnosus,Tigecycline,2,2,2,0,0,0.0
Staphylococcus_Carnosus,Vancomycin,2,2,2,0,0,0.0
Staphylococcus_Cohnii,Clindamycin,39,39,0,39,0,1.0
Staphylococcus_Cohnii,Cotrimoxazole,39,39,39,0,0,0.0
Staphylococcus_Cohnii,Erythromycin,39,39,10,29,1,0.7435897435897436
Staphylococcus_Cohnii,Fosfomycin,39,39,22,17,1,0.4358974358974359
Staphylococcus_Cohnii,Gentamicin,39,39,39,0,0,0.0
Staphylococcus_Cohnii,Levofloxacin,39,39,32,7,1,0.1794871794871795
Staphylococcus_Cohnii,Linezolid,39,39,39,0,0,0.0
Staphylococcus_Cohnii,Oxacillin,39,39,17,22,1,0.5641025641025641
Staphylococcus_Cohnii,Rifampicin,39,39,30,9,1,0.23076923076923078
Staphylococcus_Cohnii,Tetracycline,39,39,35,4,1,0.10256410256410256
Staphylococcus_Cohnii,Tigecycline,39,38,38,0,0,0.0
Staphylococcus_Cohnii,Vancomycin,39,39,39,0,0,0.0
Staphylococcus_Condimenti,Clindamycin,15,15,15,0,0,0.0
Staphylococcus_Condimenti,Cotrimoxazole,15,15,15,0,0,0.0
Staphylococcus_Condimenti,Erythromycin,15,15,15,0,0,0.0
Staphylococcus_Condimenti,Fosfomycin,15,15,0,15,0,1.0
Staphylococcus_Condimenti,Gentamicin,15,15,15,0,0,0.0
Staphylococcus_Condimenti,Levofloxacin,15,15,10,5,1,0.3333333333333333
Staphylococcus_Condimenti,Linezolid,15,15,15,0,0,0.0
Staphylococcus_Condimenti,Oxacillin,15,15,15,0,0,0.0
Staphylococcus_Condimenti,Rifampicin,15,15,15,0,0,0.0
Staphylococcus_Condimenti,Tetracycline,15,15,13,2,1,0.13333333333333333
Staphylococcus_Condimenti,Tigecycline,15,15,15,0,0,0.0
Staphylococcus_Condimenti,Vancomycin,15,15,15,0,0,0.0
Staphylococcus_Delphini,Clindamycin,1,1,1,0,0,0.0
Staphylococcus_Delphini,Cotrimoxazole,1,1,1,0,0,0.0
Staphylococcus_Delphini,Erythromycin,1,1,1,0,0,0.0
Staphylococcus_Delphini,Fosfomycin,1,1,0,1,0,1.0
Staphylococcus_Delphini,Gentamicin,1,1,1,0,0,0.0
Staphylococcus_Delphini,Levofloxacin,1,1,0,1,0,1.0
Staphylococcus_Delphini,Linezolid,1,1,1,0,0,0.0
Staphylococcus_Delphini,Oxacillin,1,1,1,0,0,0.0
Staphylococcus_Delphini,Rifampicin,1,1,1,0,0,0.0
Staphylococcus_Delphini,Tetracycline,1,1,1,0,0,0.0
Staphylococcus_Delphini,Tigecycline,1,1,1,0,0,0.0
Staphylococcus_Delphini,Vancomycin,1,1,1,0,0,0.0
Staphylococcus_Epidermidis,Ampicillin,3731,1,0,1,0,1.0
Staphylococcus_Epidermidis,Ampicillin+Sulbactam,3731,1,0,1,0,1.0
Staphylococcus_Epidermidis,Bacitracin,3731,8,8,0,0,0.0
Staphylococcus_Epidermidis,Cefotaxim,3731,1,1,0,0,0.0
Staphylococcus_Epidermidis,Ceftazidime,3731,1,1,0,0,0.0
Staphylococcus_Epidermidis,Ceftriaxone,3731,1,1,0,0,0.0
Staphylococcus_Epidermidis,Ciprofloxacin,3731,1,1,0,0,0.0
Staphylococcus_Epidermidis,Clindamycin,3731,3705,1787,1918,1,0.5176788124156545
Staphylococcus_Epidermidis,Cotrimoxazole,3731,3697,2688,1009,1,0.27292399242629156
Staphylococcus_Epidermidis,Daptomycin,3731,15,15,0,0,0.0
Staphylococcus_Epidermidis,Doxycycline,3731,1,1,0,0,0.0
Staphylococcus_Epidermidis,Erythromycin,3731,3707,1233,2474,1,0.6673860264364715
Staphylococcus_Epidermidis,Fosfomycin,3731,3691,3031,660,1,0.17881332972094283
Staphylococcus_Epidermidis,Fusidic acid,3731,1,0,1,0,1.0
Staphylococcus_Epidermidis,Gentamicin,3731,3693,2492,1201,1,0.32520985648524237
Staphylococcus_Epidermidis,Imipenem,3731,1,1,0,0,0.0
Staphylococcus_Epidermidis,Levofloxacin,3731,3693,1122,2571,1,0.6961819658813972
Staphylococcus_Epidermidis,Linezolid,3731,3699,3622,77,1,0.020816436874831035
Staphylococcus_Epidermidis,Meropenem,3731,1,1,0,0,0.0
Staphylococcus_Epidermidis,Moxifloxacin,3731,12,11,1,1,0.08333333333333333
Staphylococcus_Epidermidis,Neomycin,3731,8,8,0,0,0.0
Staphylococcus_Epidermidis,Oxacillin,3731,3711,1238,2473,1,0.6663971975208839
Staphylococcus_Epidermidis,PenicillinG,3731,20,1,19,1,0.95
Staphylococcus_Epidermidis,Piperacillin-Tazobactam,3731,1,1,0,0,0.0
Staphylococcus_Epidermidis,Rifampicin,3731,3684,3381,303,1,0.08224755700325732
Staphylococcus_Epidermidis,Teicoplanin,3731,1,1,0,0,0.0
Staphylococcus_Epidermidis,Tetracycline,3731,3692,2073,1619,1,0.4385157096424702
Staphylococcus_Epidermidis,Tigecycline,3731,3688,3678,10,1,0.0027114967462039045
Staphylococcus_Epidermidis,Vancomycin,3731,3696,3693,3,1,0.0008116883116883117
Staphylococcus_Gallinarum,Clindamycin,2,2,2,0,0,0.0
Staphylococcus_Gallinarum,Cotrimoxazole,2,2,2,0,0,0.0
Staphylococcus_Gallinarum,Erythromycin,2,2,2,0,0,0.0
Staphylococcus_Gallinarum,Fosfomycin,2,2,0,2,0,1.0
Staphylococcus_Gallinarum,Gentamicin,2,2,2,0,0,0.0
Staphylococcus_Gallinarum,Levofloxacin,2,2,0,2,0,1.0
Staphylococcus_Gallinarum,Linezolid,2,2,2,0,0,0.0
Staphylococcus_Gallinarum,Oxacillin,2,2,2,0,0,0.0
Staphylococcus_Gallinarum,Rifampicin,2,2,2,0,0,0.0
Staphylococcus_Gallinarum,Tetracycline,2,2,2,0,0,0.0
Staphylococcus_Gallinarum,Tigecycline,2,2,2,0,0,0.0
Staphylococcus_Gallinarum,Vancomycin,2,2,2,0,0,0.0
Staphylococcus_Haemolyticus,Clindamycin,504,497,162,335,1,0.6740442655935613
Staphylococcus_Haemolyticus,Cotrimoxazole,504,500,199,301,1,0.602
Staphylococcus_Haemolyticus,Erythromycin,504,499,81,418,1,0.8376753507014028
Staphylococcus_Haemolyticus,Fosfomycin,504,498,11,487,1,0.9779116465863453
Staphylococcus_Haemolyticus,Fusidic acid,504,1,1,0,0,0.0
Staphylococcus_Haemolyticus,Gentamicin,504,500,151,349,1,0.698
Staphylococcus_Haemolyticus,Levofloxacin,504,500,93,407,1,0.814
Staphylococcus_Haemolyticus,Linezolid,504,500,497,3,1,0.006
Staphylococcus_Haemolyticus,Oxacillin,504,504,103,401,1,0.7956349206349206
Staphylococcus_Haemolyticus,Rifampicin,504,497,435,62,1,0.12474849094567404
Staphylococcus_Haemolyticus,Tetracycline,504,499,222,277,1,0.5551102204408818
Staphylococcus_Haemolyticus,Tigecycline,504,501,499,2,1,0.003992015968063872
Staphylococcus_Haemolyticus,Vancomycin,504,501,501,0,0,0.0
Staphylococcus_Hominis,Bacitracin,635,1,1,0,0,0.0
Staphylococcus_Hominis,Cefoxitin,635,1,0,1,0,1.0
Staphylococcus_Hominis,Cefoxitin_screen,635,1,0,1,0,1.0
Staphylococcus_Hominis,Clindamycin,635,630,395,235,1,0.373015873015873
Staphylococcus_Hominis,Cotrimoxazole,635,628,484,144,1,0.22929936305732485
Staphylococcus_Hominis,Erythromycin,635,635,239,396,1,0.6236220472440945
Staphylococcus_Hominis,Fosfomycin,635,626,18,608,1,0.9712460063897763
Staphylococcus_Hominis,Fusidic acid,635,1,1,0,0,0.0
Staphylococcus_Hominis,Gentamicin,635,626,517,109,1,0.17412140575079874
Staphylococcus_Hominis,Levofloxacin,635,626,289,337,1,0.5383386581469649
Staphylococcus_Hominis,Linezolid,635,625,619,6,1,0.0096
Staphylococcus_Hominis,Moxifloxacin,635,1,1,0,0,0.0
Staphylococcus_Hominis,Neomycin,635,1,1,0,0,0.0
Staphylococcus_Hominis,Oxacillin,635,634,330,304,1,0.4794952681388013
Staphylococcus_Hominis,Rifampicin,635,627,614,13,1,0.02073365231259968
Staphylococcus_Hominis,Tetracycline,635,626,394,232,1,0.3706070287539936
Staphylococcus_Hominis,Tigecycline,635,627,627,0,0,0.0
Staphylococcus_Hominis,Vancomycin,635,629,629,0,0,0.0
Staphylococcus_Hyicus,Clindamycin,2,2,2,0,0,0.0
Staphylococcus_Hyicus,Cotrimoxazole,2,2,2,0,0,0.0
Staphylococcus_Hyicus,Erythromycin,2,2,2,0,0,0.0
Staphylococcus_Hyicus,Fosfomycin,2,2,2,0,0,0.0
Staphylococcus_Hyicus,Gentamicin,2,2,2,0,0,0.0
Staphylococcus_Hyicus,Levofloxacin,2,2,0,2,0,1.0
Staphylococcus_Hyicus,Linezolid,2,2,2,0,0,0.0
Staphylococcus_Hyicus,Oxacillin,2,2,2,0,0,0.0
Staphylococcus_Hyicus,Rifampicin,2,2,2,0,0,0.0
Staphylococcus_Hyicus,Tetracycline,2,2,2,0,0,0.0
Staphylococcus_Hyicus,Tigecycline,2,2,2,0,0,0.0
Staphylococcus_Hyicus,Vancomycin,2,2,2,0,0,0.0
Staphylococcus_Intermedius,Clindamycin,1,1,1,0,0,0.0
Staphylococcus_Intermedius,Cotrimoxazole,1,1,1,0,0,0.0
Staphylococcus_Intermedius,Erythromycin,1,1,1,0,0,0.0
Staphylococcus_Intermedius,Fosfomycin,1,1,1,0,0,0.0
Staphylococcus_Intermedius,Gentamicin,1,1,1,0,0,0.0
Staphylococcus_Intermedius,Levofloxacin,1,1,1,0,0,0.0
Staphylococcus_Intermedius,Linezolid,1,1,1,0,0,0.0
Staphylococcus_Intermedius,Oxacillin,1,1,1,0,0,0.0
Staphylococcus_Intermedius,Rifampicin,1,1,1,0,0,0.0
Staphylococcus_Intermedius,Tetracycline,1,1,0,1,0,1.0
Staphylococcus_Intermedius,Tigecycline,1,1,1,0,0,0.0
Staphylococcus_Intermedius,Vancomycin,1,1,1,0,0,0.0
Staphylococcus_Lentus,Clindamycin,2,2,0,2,0,1.0
Staphylococcus_Lentus,Cotrimoxazole,2,2,2,0,0,0.0
Staphylococcus_Lentus,Erythromycin,2,2,2,0,0,0.0
Staphylococcus_Lentus,Fosfomycin,2,2,2,0,0,0.0
Staphylococcus_Lentus,Gentamicin,2,2,2,0,0,0.0
Staphylococcus_Lentus,Levofloxacin,2,2,2,0,0,0.0
Staphylococcus_Lentus,Linezolid,2,2,2,0,0,0.0
Staphylococcus_Lentus,Oxacillin,2,2,2,0,0,0.0
Staphylococcus_Lentus,Rifampicin,2,2,2,0,0,0.0
Staphylococcus_Lentus,Tetracycline,2,2,2,0,0,0.0
Staphylococcus_Lentus,Tigecycline,2,2,2,0,0,0.0
Staphylococcus_Lentus,Vancomycin,2,2,2,0,0,0.0
Staphylococcus_Lugdunensis,Cefoxitin,322,1,1,0,0,0.0
Staphylococcus_Lugdunensis,Clindamycin,322,321,281,40,1,0.12461059190031153
Staphylococcus_Lugdunensis,Cotrimoxazole,322,321,318,3,1,0.009345794392523364
Staphylococcus_Lugdunensis,Erythromycin,322,322,283,39,1,0.12111801242236025
Staphylococcus_Lugdunensis,Fosfomycin,322,321,279,42,1,0.1308411214953271
Staphylococcus_Lugdunensis,Gentamicin,322,321,319,2,1,0.006230529595015576
Staphylococcus_Lugdunensis,Levofloxacin,322,321,183,138,1,0.42990654205607476
Staphylococcus_Lugdunensis,Linezolid,322,321,321,0,0,0.0
Staphylococcus_Lugdunensis,Oxacillin,322,319,299,20,1,0.06269592476489028
Staphylococcus_Lugdunensis,PenicillinG,322,302,142,160,1,0.5298013245033113
Staphylococcus_Lugdunensis,Rifampicin,322,319,319,0,0,0.0
Staphylococcus_Lugdunensis,Tetracycline,322,321,295,26,1,0.08099688473520249
Staphylococcus_Lugdunensis,Tigecycline,322,320,320,0,0,0.0
Staphylococcus_Lugdunensis,Vancomycin,322,320,320,0,0,0.0
Staphylococcus_Pasteuri,Bacitracin,19,1,1,0,0,0.0
Staphylococcus_Pasteuri,Clindamycin,19,19,18,1,1,0.05263157894736842
Staphylococcus_Pasteuri,Cotrimoxazole,19,19,19,0,0,0.0
Staphylococcus_Pasteuri,Erythromycin,19,19,13,6,1,0.3157894736842105
Staphylococcus_Pasteuri,Fosfomycin,19,19,0,19,0,1.0
Staphylococcus_Pasteuri,Gentamicin,19,19,19,0,0,0.0
Staphylococcus_Pasteuri,Levofloxacin,19,19,12,7,1,0.3684210526315789
Staphylococcus_Pasteuri,Linezolid,19,19,19,0,0,0.0
Staphylococcus_Pasteuri,Moxifloxacin,19,1,1,0,0,0.0
Staphylococcus_Pasteuri,Neomycin,19,1,1,0,0,0.0
Staphylococcus_Pasteuri,Oxacillin,19,18,15,3,1,0.16666666666666666
Staphylococcus_Pasteuri,Rifampicin,19,19,19,0,0,0.0
Staphylococcus_Pasteuri,Tetracycline,19,19,18,1,1,0.05263157894736842
Staphylococcus_Pasteuri,Tigecycline,19,18,18,0,0,0.0
Staphylococcus_Pasteuri,Vancomycin,19,19,19,0,0,0.0
Staphylococcus_Pettenkoferi,Clindamycin,79,79,29,50,1,0.6329113924050633
Staphylococcus_Pettenkoferi,Cotrimoxazole,79,79,73,6,1,0.0759493670886076
Staphylococcus_Pettenkoferi,Daptomycin,79,3,3,0,0,0.0
Staphylococcus_Pettenkoferi,Erythromycin,79,77,57,20,1,0.2597402597402597
Staphylococcus_Pettenkoferi,Fosfomycin,79,79,5,74,1,0.9367088607594937
Staphylococcus_Pettenkoferi,Gentamicin,79,79,79,0,0,0.0
Staphylococcus_Pettenkoferi,Levofloxacin,79,79,34,45,1,0.569620253164557
Staphylococcus_Pettenkoferi,Linezolid,79,79,79,0,0,0.0
Staphylococcus_Pettenkoferi,Oxacillin,79,79,7,72,1,0.9113924050632911
Staphylococcus_Pettenkoferi,Rifampicin,79,79,78,1,1,0.012658227848101266
Staphylococcus_Pettenkoferi,Tetracycline,79,79,65,14,1,0.17721518987341772
Staphylococcus_Pettenkoferi,Tigecycline,79,77,77,0,0,0.0
Staphylococcus_Pettenkoferi,Vancomycin,79,79,79,0,0,0.0
Staphylococcus_Pseudintermedius,Clindamycin,9,9,7,2,1,0.2222222222222222
Staphylococcus_Pseudintermedius,Cotrimoxazole,9,9,8,1,1,0.1111111111111111
Staphylococcus_Pseudintermedius,Erythromycin,9,9,7,2,1,0.2222222222222222
Staphylococcus_Pseudintermedius,Fosfomycin,9,8,4,4,1,0.5
Staphylococcus_Pseudintermedius,Gentamicin,9,9,9,0,0,0.0
Staphylococcus_Pseudintermedius,Levofloxacin,9,9,5,4,1,0.4444444444444444
Staphylococcus_Pseudintermedius,Linezolid,9,9,9,0,0,0.0
Staphylococcus_Pseudintermedius,Oxacillin,9,9,9,0,0,0.0
Staphylococcus_Pseudintermedius,Rifampicin,9,8,8,0,0,0.0
Staphylococcus_Pseudintermedius,Tetracycline,9,9,6,3,1,0.3333333333333333
Staphylococcus_Pseudintermedius,Tigecycline,9,9,9,0,0,0.0
Staphylococcus_Pseudintermedius,Vancomycin,9,9,9,0,0,0.0
Staphylococcus_Saccharolyticus,Clindamycin,3,3,3,0,0,0.0
Staphylococcus_Saccharolyticus,Erythromycin,3,1,1,0,0,0.0
Staphylococcus_Saccharolyticus,Meropenem,3,1,1,0,0,0.0
Staphylococcus_Saccharolyticus,Oxacillin,3,1,1,0,0,0.0
Staphylococcus_Saccharolyticus,Vancomycin,3,1,1,0,0,0.0
Staphylococcus_Saprophyticus,Cefoxitin_screen,99,1,1,0,0,0.0
Staphylococcus_Saprophyticus,Clindamycin,99,98,84,14,1,0.14285714285714285
Staphylococcus_Saprophyticus,Cotrimoxazole,99,99,98,1,1,0.010101010101010102
Staphylococcus_Saprophyticus,Erythromycin,99,98,61,37,1,0.37755102040816324
Staphylococcus_Saprophyticus,Fosfomycin,99,98,0,98,0,1.0
Staphylococcus_Saprophyticus,Gentamicin,99,99,99,0,0,0.0
Staphylococcus_Saprophyticus,Levofloxacin,99,99,44,55,1,0.5555555555555556
Staphylococcus_Saprophyticus,Linezolid,99,99,99,0,0,0.0
Staphylococcus_Saprophyticus,Oxacillin,99,99,87,12,1,0.12121212121212122
Staphylococcus_Saprophyticus,Rifampicin,99,99,99,0,0,0.0
Staphylococcus_Saprophyticus,Tetracycline,99,99,83,16,1,0.16161616161616163
Staphylococcus_Saprophyticus,Tigecycline,99,99,99,0,0,0.0
Staphylococcus_Saprophyticus,Vancomycin,99,99,99,0,0,0.0
Staphylococcus_Schleiferi,Clindamycin,10,10,10,0,0,0.0
Staphylococcus_Schleiferi,Cotrimoxazole,10,10,10,0,0,0.0
Staphylococcus_Schleiferi,Erythromycin,10,10,10,0,0,0.0
Staphylococcus_Schleiferi,Fosfomycin,10,10,10,0,0,0.0
Staphylococcus_Schleiferi,Gentamicin,10,9,9,0,0,0.0
Staphylococcus_Schleiferi,Levofloxacin,10,9,7,2,1,0.2222222222222222
Staphylococcus_Schleiferi,Linezolid,10,10,10,0,0,0.0
Staphylococcus_Schleiferi,Oxacillin,10,10,10,0,0,0.0
Staphylococcus_Schleiferi,Rifampicin,10,10,10,0,0,0.0
Staphylococcus_Schleiferi,Tetracycline,10,10,10,0,0,0.0
Staphylococcus_Schleiferi,Tigecycline,10,10,10,0,0,0.0
Staphylococcus_Schleiferi,Vancomycin,10,10,10,0,0,0.0
Staphylococcus_Sciuri,Clindamycin,21,21,1,20,1,0.9523809523809523
Staphylococcus_Sciuri,Cotrimoxazole,21,21,21,0,0,0.0
Staphylococcus_Sciuri,Daptomycin,21,1,1,0,0,0.0
Staphylococcus_Sciuri,Erythromycin,21,21,19,2,1,0.09523809523809523
Staphylococcus_Sciuri,Fosfomycin,21,21,19,2,1,0.09523809523809523
Staphylococcus_Sciuri,Gentamicin,21,21,20,1,1,0.047619047619047616
Staphylococcus_Sciuri,Levofloxacin,21,21,13,8,1,0.38095238095238093
Staphylococcus_Sciuri,Linezolid,21,21,21,0,0,0.0
Staphylococcus_Sciuri,Oxacillin,21,21,6,15,1,0.7142857142857143
Staphylococcus_Sciuri,Rifampicin,21,21,21,0,0,0.0
Staphylococcus_Sciuri,Tetracycline,21,21,21,0,0,0.0
Staphylococcus_Sciuri,Tigecycline,21,21,21,0,0,0.0
Staphylococcus_Sciuri,Vancomycin,21,21,21,0,0,0.0
Staphylococcus_Simulans,Clindamycin,94,94,70,24,1,0.2553191489361702
Staphylococcus_Simulans,Cotrimoxazole,94,94,94,0,0,0.0
Staphylococcus_Simulans,Erythromycin,94,94,69,25,1,0.26595744680851063
Staphylococcus_Simulans,Fosfomycin,94,94,88,6,1,0.06382978723404255
Staphylococcus_Simulans,Gentamicin,94,94,92,2,1,0.02127659574468085
Staphylococcus_Simulans,Levofloxacin,94,94,51,43,1,0.4574468085106383
Staphylococcus_Simulans,Linezolid,94,94,94,0,0,0.0
Staphylococcus_Simulans,Oxacillin,94,93,81,12,1,0.12903225806451613
Staphylococcus_Simulans,PenicillinG,94,1,0,1,0,1.0
Staphylococcus_Simulans,Rifampicin,94,94,94,0,0,0.0
Staphylococcus_Simulans,Tetracycline,94,94,92,2,1,0.02127659574468085
Staphylococcus_Simulans,Tigecycline,94,92,92,0,0,0.0
Staphylococcus_Simulans,Vancomycin,94,94,94,0,0,0.0
Staphylococcus_Species,Clindamycin,5,5,5,0,0,0.0
Staphylococcus_Species,Cotrimoxazole,5,5,5,0,0,0.0
Staphylococcus_Species,Erythromycin,5,5,5,0,0,0.0
Staphylococcus_Species,Fosfomycin,5,5,0,5,0,1.0
Staphylococcus_Species,Gentamicin,5,5,5,0,0,0.0
Staphylococcus_Species,Levofloxacin,5,5,5,0,0,0.0
Staphylococcus_Species,Linezolid,5,5,5,0,0,0.0
Staphylococcus_Species,Oxacillin,5,5,5,0,0,0.0
Staphylococcus_Species,Rifampicin,5,5,5,0,0,0.0
Staphylococcus_Species,Tetracycline,5,5,5,0,0,0.0
Staphylococcus_Species,Tigecycline,5,5,5,0,0,0.0
Staphylococcus_Species,Vancomycin,5,5,5,0,0,0.0
Staphylococcus_Succinus,Clindamycin,1,1,1,0,0,0.0
Staphylococcus_Succinus,Cotrimoxazole,1,1,1,0,0,0.0
Staphylococcus_Succinus,Erythromycin,1,1,1,0,0,0.0
Staphylococcus_Succinus,Fosfomycin,1,1,0,1,0,1.0
Staphylococcus_Succinus,Gentamicin,1,1,1,0,0,0.0
Staphylococcus_Succinus,Levofloxacin,1,1,1,0,0,0.0
Staphylococcus_Succinus,Linezolid,1,1,1,0,0,0.0
Staphylococcus_Succinus,Oxacillin,1,1,1,0,0,0.0
Staphylococcus_Succinus,Rifampicin,1,1,1,0,0,0.0
Staphylococcus_Succinus,Tetracycline,1,1,1,0,0,0.0
Staphylococcus_Succinus,Tigecycline,1,1,1,0,0,0.0
Staphylococcus_Succinus,Vancomycin,1,1,1,0,0,0.0
Staphylococcus_Vitulinus,Clindamycin,2,2,2,0,0,0.0
Staphylococcus_Vitulinus,Cotrimoxazole,2,2,2,0,0,0.0
Staphylococcus_Vitulinus,Erythromycin,2,2,2,0,0,0.0
Staphylococcus_Vitulinus,Fosfomycin,2,2,0,2,0,1.0
Staphylococcus_Vitulinus,Gentamicin,2,2,2,0,0,0.0
Staphylococcus_Vitulinus,Levofloxacin,2,2,2,0,0,0.0
Staphylococcus_Vitulinus,Linezolid,2,2,2,0,0,0.0
Staphylococcus_Vitulinus,Oxacillin,2,2,2,0,0,0.0
Staphylococcus_Vitulinus,Rifampicin,2,2,2,0,0,0.0
Staphylococcus_Vitulinus,Tetracycline,2,2,2,0,0,0.0
Staphylococcus_Vitulinus,Tigecycline,2,2,2,0,0,0.0
Staphylococcus_Vitulinus,Vancomycin,2,2,2,0,0,0.0
Staphylococcus_Warneri,Clindamycin,97,97,77,20,1,0.20618556701030927
Staphylococcus_Warneri,Cotrimoxazole,97,97,95,2,1,0.020618556701030927
Staphylococcus_Warneri,Daptomycin,97,1,1,0,0,0.0
Staphylococcus_Warneri,Erythromycin,97,97,51,46,1,0.4742268041237113
Staphylococcus_Warneri,Fosfomycin,97,97,5,92,1,0.9484536082474226
Staphylococcus_Warneri,Gentamicin,97,97,95,2,1,0.020618556701030927
Staphylococcus_Warneri,Levofloxacin,97,97,64,33,1,0.3402061855670103
Staphylococcus_Warneri,Linezolid,97,97,97,0,0,0.0
Staphylococcus_Warneri,Oxacillin,97,97,84,13,1,0.13402061855670103
Staphylococcus_Warneri,Rifampicin,97,97,97,0,0,0.0
Staphylococcus_Warneri,Tetracycline,97,97,83,14,1,0.14432989690721648
Staphylococcus_Warneri,Tigecycline,97,97,97,0,0,0.0
Staphylococcus_Warneri,Vancomycin,97,97,97,0,0,0.0
Staphylococcus_Xylosus,Clindamycin,15,15,6,9,1,0.6
Staphylococcus_Xylosus,Cotrimoxazole,15,15,14,1,1,0.06666666666666667
Staphylococcus_Xylosus,Erythromycin,15,15,10,5,1,0.3333333333333333
Staphylococcus_Xylosus,Fosfomycin,15,15,9,6,1,0.4
Staphylococcus_Xylosus,Gentamicin,15,15,15,0,0,0.0
Staphylococcus_Xylosus,Levofloxacin,15,15,11,4,1,0.26666666666666666
Staphylococcus_Xylosus,Linezolid,15,15,15,0,0,0.0
Staphylococcus_Xylosus,Oxacillin,15,15,12,3,1,0.2
Staphylococcus_Xylosus,Rifampicin,15,15,14,1,1,0.06666666666666667
Staphylococcus_Xylosus,Tetracycline,15,15,9,6,1,0.4
Staphylococcus_Xylosus,Tigecycline,15,15,15,0,0,0.0
Staphylococcus_Xylosus,Vancomycin,15,15,15,0,0,0.0
Staphylococcus_hominis_ssp_hominis,Clindamycin,5,5,3,2,1,0.4
Staphylococcus_hominis_ssp_hominis,Cotrimoxazole,5,5,5,0,0,0.0
Staphylococcus_hominis_ssp_hominis,Erythromycin,5,5,3,2,1,0.4
Staphylococcus_hominis_ssp_hominis,Fosfomycin,5,5,1,4,1,0.8
Staphylococcus_hominis_ssp_hominis,Gentamicin,5,5,5,0,0,0.0
Staphylococcus_hominis_ssp_hominis,Levofloxacin,5,5,4,1,1,0.2
Staphylococcus_hominis_ssp_hominis,Linezolid,5,5,5,0,0,0.0
Staphylococcus_hominis_ssp_hominis,Oxacillin,5,5,5,0,0,0.0
Staphylococcus_hominis_ssp_hominis,Rifampicin,5,5,5,0,0,0.0
Staphylococcus_hominis_ssp_hominis,Tetracycline,5,5,5,0,0,0.0
Staphylococcus_hominis_ssp_hominis,Tigecycline,5,5,5,0,0,0.0
Staphylococcus_hominis_ssp_hominis,Vancomycin,5,5,5,0,0,0.0
Stenotrophomonas_Acidaminiphila,Cotrimoxazole,1,1,0,1,0,1.0
Stenotrophomonas_Maltophilia,Bacitracin,544,1,0,1,0,1.0
Stenotrophomonas_Maltophilia,Ceftazidime,544,5,1,4,1,0.8
Stenotrophomonas_Maltophilia,Ceftazidime-Avibactam,544,1,1,0,0,0.0
Stenotrophomonas_Maltophilia,Ceftolozane-Tazobactam,544,2,0,2,0,1.0
Stenotrophomonas_Maltophilia,Cotrimoxazole,544,544,0,544,0,1.0
Stenotrophomonas_Maltophilia,Levofloxacin,544,6,0,6,0,1.0
Stenotrophomonas_Maltophilia,Moxifloxacin,544,2,0,2,0,1.0
Stenotrophomonas_Maltophilia,Neomycin,544,1,0,1,0,1.0
Stenotrophomonas_Maltophilia,Rifampicin,544,2,0,2,0,1.0
Stenotrophomonas_Maltophilia,Tigecycline,544,2,0,2,0,1.0
Stenotrophomonas_Species,Cotrimoxazole,12,12,0,12,0,1.0
Streptococcus_Agalactiae,Ampicillin,945,945,945,0,0,0.0
Streptococcus_Agalactiae,Azithromycin,945,931,667,264,1,0.28356605800214824
Streptococcus_Agalactiae,Bacitracin,945,2,1,1,1,0.5
Streptococcus_Agalactiae,Cefotaxim,945,1,1,0,0,0.0
Streptococcus_Agalactiae,Clarithromycin,945,931,667,264,1,0.28356605800214824
Streptococcus_Agalactiae,Clindamycin,945,918,739,179,1,0.19498910675381265
Streptococcus_Agalactiae,Cotrimoxazole,945,931,926,5,1,0.0053705692803437165
Streptococcus_Agalactiae,Erythromycin,945,935,675,260,1,0.27807486631016043
Streptococcus_Agalactiae,Linezolid,945,943,943,0,0,0.0
Streptococcus_Agalactiae,Moxifloxacin,945,944,917,27,1,0.028601694915254237
Streptococcus_Agalactiae,Neomycin,945,2,1,1,1,0.5
Streptococcus_Agalactiae,Nitrofurantoin,945,7,7,0,0,0.0
Streptococcus_Agalactiae,Penicillin,945,2,2,0,0,0.0
Streptococcus_Agalactiae,PenicillinG,945,944,943,1,1,0.001059322033898305
Streptococcus_Agalactiae,Tigecycline,945,943,940,3,1,0.003181336161187699
Streptococcus_Agalactiae,Vancomycin,945,944,943,1,1,0.001059322033898305
Streptococcus_Anginosus,Ampicillin,695,693,689,4,1,0.005772005772005772
Streptococcus_Anginosus,Bacitracin,695,2,0,2,0,1.0
Streptococcus_Anginosus,Cefotaxim,695,500,499,1,1,0.002
Streptococcus_Anginosus,Ceftriaxone,695,4,3,1,1,0.25
Streptococcus_Anginosus,Clindamycin,695,689,623,66,1,0.09579100145137881
Streptococcus_Anginosus,Cotrimoxazole,695,694,0,694,0,1.0
Streptococcus_Anginosus,Gentamicin_high_level,695,26,26,0,0,0.0
Streptococcus_Anginosus,Linezolid,695,1,0,1,0,1.0
Streptococcus_Anginosus,Moxifloxacin,695,694,0,694,0,1.0
Streptococcus_Anginosus,Neomycin,695,2,0,2,0,1.0
Streptococcus_Anginosus,Oxacillin,695,1,0,1,0,1.0
Streptococcus_Anginosus,Penicillin,695,29,27,2,1,0.06896551724137931
Streptococcus_Anginosus,PenicillinG,695,670,667,3,1,0.004477611940298508
Streptococcus_Anginosus,Vancomycin,695,693,688,5,1,0.007215007215007215
Streptococcus_Constellatus,Ampicillin,305,305,304,1,1,0.003278688524590164
Streptococcus_Constellatus,Bacitracin,305,1,1,0,0,0.0
Streptococcus_Constellatus,Cefotaxim,305,303,303,0,0,0.0
Streptococcus_Constellatus,Clindamycin,305,304,270,34,1,0.1118421052631579
Streptococcus_Constellatus,Cotrimoxazole,305,305,0,305,0,1.0
Streptococcus_Constellatus,Gentamicin_high_level,305,22,22,0,0,0.0
Streptococcus_Constellatus,Moxifloxacin,305,305,0,305,0,1.0
Streptococcus_Constellatus,Neomycin,305,1,0,1,0,1.0
Streptococcus_Constellatus,Penicillin,305,22,22,0,0,0.0
Streptococcus_Constellatus,PenicillinG,305,286,285,1,1,0.0034965034965034965
Streptococcus_Constellatus,Vancomycin,305,303,303,0,0,0.0
Streptococcus_Dysgalactiae,Ampicillin,523,523,521,2,1,0.0038240917782026767
Streptococcus_Dysgalactiae,Azithromycin,523,521,444,77,1,0.14779270633397312
Streptococcus_Dysgalactiae,Bacitracin,523,4,4,0,0,0.0
Streptococcus_Dysgalactiae,Clarithromycin,523,521,444,77,1,0.14779270633397312
Streptococcus_Dysgalactiae,Clindamycin,523,501,469,32,1,0.06387225548902195
Streptococcus_Dysgalactiae,Cotrimoxazole,523,523,521,2,1,0.0038240917782026767
Streptococcus_Dysgalactiae,Erythromycin,523,520,442,78,1,0.15
Streptococcus_Dysgalactiae,Linezolid,523,523,522,1,1,0.0019120458891013384
Streptococcus_Dysgalactiae,Moxifloxacin,523,523,521,2,1,0.0038240917782026767
Streptococcus_Dysgalactiae,Neomycin,523,4,2,2,1,0.5
Streptococcus_Dysgalactiae,PenicillinG,523,523,521,2,1,0.0038240917782026767
Streptococcus_Dysgalactiae,Tigecycline,523,523,522,1,1,0.0019120458891013384
Streptococcus_Dysgalactiae,Vancomycin,523,523,523,0,0,0.0
Streptococcus_Equi,Ampicillin,1,1,1,0,0,0.0
Streptococcus_Equi,Azithromycin,1,1,1,0,0,0.0
Streptococcus_Equi,Clarithromycin,1,1,1,0,0,0.0
Streptococcus_Equi,Clindamycin,1,1,1,0,0,0.0
Streptococcus_Equi,Cotrimoxazole,1,1,1,0,0,0.0
Streptococcus_Equi,Erythromycin,1,1,1,0,0,0.0
Streptococcus_Equi,Linezolid,1,1,1,0,0,0.0
Streptococcus_Equi,Moxifloxacin,1,1,1,0,0,0.0
Streptococcus_Equi,PenicillinG,1,1,1,0,0,0.0
Streptococcus_Equi,Tigecycline,1,1,1,0,0,0.0
Streptococcus_Equi,Vancomycin,1,1,1,0,0,0.0
Streptococcus_Gallolyticus,Ampicillin,89,89,87,2,1,0.02247191011235955
Streptococcus_Gallolyticus,Cefotaxim,89,87,87,0,0,0.0
Streptococcus_Gallolyticus,Ceftriaxone,89,1,1,0,0,0.0
Streptococcus_Gallolyticus,Clindamycin,89,89,51,38,1,0.42696629213483145
Streptococcus_Gallolyticus,Cotrimoxazole,89,89,0,89,0,1.0
Streptococcus_Gallolyticus,Gentamicin_high_level,89,32,32,0,0,0.0
Streptococcus_Gallolyticus,Moxifloxacin,89,89,0,89,0,1.0
Streptococcus_Gallolyticus,Penicillin,89,31,31,0,0,0.0
Streptococcus_Gallolyticus,PenicillinG,89,57,56,1,1,0.017543859649122806
Streptococcus_Gallolyticus,Vancomycin,89,89,88,1,1,0.011235955056179775
Streptococcus_Gordonii,Ampicillin,44,44,44,0,0,0.0
Streptococcus_Gordonii,Cefotaxim,44,44,44,0,0,0.0
Streptococcus_Gordonii,Clindamycin,44,44,40,4,1,0.09090909090909091
Streptococcus_Gordonii,Cotrimoxazole,44,44,0,44,0,1.0
Streptococcus_Gordonii,Gentamicin_high_level,44,11,11,0,0,0.0
Streptococcus_Gordonii,Moxifloxacin,44,44,0,44,0,1.0
Streptococcus_Gordonii,Penicillin,44,11,11,0,0,0.0
Streptococcus_Gordonii,PenicillinG,44,33,33,0,0,0.0
Streptococcus_Gordonii,Vancomycin,44,44,44,0,0,0.0
Streptococcus_Henryi,Ampicillin,1,1,1,0,0,0.0
Streptococcus_Henryi,Cefotaxim,1,1,1,0,0,0.0
Streptococcus_Henryi,Clindamycin,1,1,1,0,0,0.0
Streptococcus_Henryi,Cotrimoxazole,1,1,0,1,0,1.0
Streptococcus_Henryi,Moxifloxacin,1,1,0,1,0,1.0
Streptococcus_Henryi,PenicillinG,1,1,1,0,0,0.0
Streptococcus_Henryi,Vancomycin,1,1,1,0,0,0.0
Streptococcus_Intermedius,Ampicillin,128,128,128,0,0,0.0
Streptococcus_Intermedius,Cefotaxim,128,128,128,0,0,0.0
Streptococcus_Intermedius,Clindamycin,128,128,122,6,1,0.046875
Streptococcus_Intermedius,Cotrimoxazole,128,128,0,128,0,1.0
Streptococcus_Intermedius,Gentamicin_high_level,128,8,8,0,0,0.0
Streptococcus_Intermedius,Moxifloxacin,128,128,0,128,0,1.0
Streptococcus_Intermedius,Penicillin,128,8,8,0,0,0.0
Streptococcus_Intermedius,PenicillinG,128,119,119,0,0,0.0
Streptococcus_Intermedius,Vancomycin,128,128,128,0,0,0.0
Streptococcus_Massiliensis,Ampicillin,11,11,11,0,0,0.0
Streptococcus_Massiliensis,Cefotaxim,11,11,11,0,0,0.0
Streptococcus_Massiliensis,Clindamycin,11,11,8,3,1,0.2727272727272727
Streptococcus_Massiliensis,Cotrimoxazole,11,11,0,11,0,1.0
Streptococcus_Massiliensis,Moxifloxacin,11,11,0,11,0,1.0
Streptococcus_Massiliensis,PenicillinG,11,11,11,0,0,0.0
Streptococcus_Massiliensis,Vancomycin,11,11,10,1,1,0.09090909090909091
Streptococcus_Minor,Ampicillin,5,5,5,0,0,0.0
Streptococcus_Minor,Cefotaxim,5,4,4,0,0,0.0
Streptococcus_Minor,Clindamycin,5,4,4,0,0,0.0
Streptococcus_Minor,Cotrimoxazole,5,4,0,4,0,1.0
Streptococcus_Minor,Moxifloxacin,5,4,0,4,0,1.0
Streptococcus_Minor,PenicillinG,5,4,4,0,0,0.0
Streptococcus_Minor,Vancomycin,5,4,4,0,0,0.0
Streptococcus_Mitis/oralis,Ampicillin,446,428,406,22,1,0.0514018691588785
Streptococcus_Mitis/oralis,Cefotaxim,446,414,407,7,1,0.016908212560386472
Streptococcus_Mitis/oralis,Ceftriaxone,446,21,18,3,1,0.14285714285714285
Streptococcus_Mitis/oralis,Clindamycin,446,443,400,43,1,0.09706546275395034
Streptococcus_Mitis/oralis,Cotrimoxazole,446,446,0,446,0,1.0
Streptococcus_Mitis/oralis,Gentamicin_high_level,446,81,81,0,0,0.0
Streptococcus_Mitis/oralis,Moxifloxacin,446,446,0,446,0,1.0
Streptococcus_Mitis/oralis,Penicillin,446,91,74,17,1,0.18681318681318682
Streptococcus_Mitis/oralis,PenicillinG,446,359,337,22,1,0.06128133704735376
Streptococcus_Mitis/oralis,Vancomycin,446,444,444,0,0,0.0
Streptococcus_Mutans,Ampicillin,11,11,11,0,0,0.0
Streptococcus_Mutans,Cefotaxim,11,11,11,0,0,0.0
Streptococcus_Mutans,Clindamycin,11,11,11,0,0,0.0
Streptococcus_Mutans,Cotrimoxazole,11,11,0,11,0,1.0
Streptococcus_Mutans,Gentamicin_high_level,11,4,4,0,0,0.0
Streptococcus_Mutans,Moxifloxacin,11,11,0,11,0,1.0
Streptococcus_Mutans,Penicillin,11,4,4,0,0,0.0
Streptococcus_Mutans,PenicillinG,11,7,7,0,0,0.0
Streptococcus_Mutans,Vancomycin,11,11,11,0,0,0.0
Streptococcus_Oralis,Ampicillin,2,2,2,0,0,0.0
Streptococcus_Oralis,Cefotaxim,2,2,2,0,0,0.0
Streptococcus_Oralis,Clindamycin,2,2,2,0,0,0.0
Streptococcus_Oralis,Cotrimoxazole,2,2,0,2,0,1.0
Streptococcus_Oralis,Moxifloxacin,2,2,0,2,0,1.0
Streptococcus_Oralis,PenicillinG,2,2,2,0,0,0.0
Streptococcus_Oralis,Vancomycin,2,2,2,0,0,0.0
Streptococcus_Parasanguinis,Ampicillin,78,66,53,13,1,0.19696969696969696
Streptococcus_Parasanguinis,Cefotaxim,78,52,51,1,1,0.019230769230769232
Streptococcus_Parasanguinis,Ceftriaxone,78,16,9,7,1,0.4375
Streptococcus_Parasanguinis,Clindamycin,78,77,65,12,1,0.15584415584415584
Streptococcus_Parasanguinis,Cotrimoxazole,78,78,0,78,0,1.0
Streptococcus_Parasanguinis,Gentamicin_high_level,78,23,23,0,0,0.0
Streptococcus_Parasanguinis,Linezolid,78,1,0,1,0,1.0
Streptococcus_Parasanguinis,Moxifloxacin,78,78,0,78,0,1.0
Streptococcus_Parasanguinis,Oxacillin,78,1,0,1,0,1.0
Streptococcus_Parasanguinis,Penicillin,78,28,12,16,1,0.5714285714285714
Streptococcus_Parasanguinis,PenicillinG,78,49,39,10,1,0.20408163265306123
Streptococcus_Parasanguinis,Vancomycin,78,78,78,0,0,0.0
Streptococcus_Pneumoniae,Ampicillin,77,70,69,1,1,0.014285714285714285
Streptococcus_Pneumoniae,Azithromycin,77,76,70,6,1,0.07894736842105263
Streptococcus_Pneumoniae,Bacitracin,77,6,6,0,0,0.0
Streptococcus_Pneumoniae,Cefotaxim,77,3,2,1,1,0.3333333333333333
Streptococcus_Pneumoniae,Ceftriaxone,77,5,5,0,0,0.0
Streptococcus_Pneumoniae,Clarithromycin,77,76,70,6,1,0.07894736842105263
Streptococcus_Pneumoniae,Clindamycin,77,77,73,4,1,0.05194805194805195
Streptococcus_Pneumoniae,Cotrimoxazole,77,75,71,4,1,0.05333333333333334
Streptococcus_Pneumoniae,Erythromycin,77,76,70,6,1,0.07894736842105263
Streptococcus_Pneumoniae,Levofloxacin,77,1,0,1,0,1.0
Streptococcus_Pneumoniae,Linezolid,77,76,76,0,0,0.0
Streptococcus_Pneumoniae,Moxifloxacin,77,77,74,3,1,0.03896103896103896
Streptococcus_Pneumoniae,Neomycin,77,6,0,6,0,1.0
Streptococcus_Pneumoniae,Penicillin,77,22,19,3,1,0.13636363636363635
Streptococcus_Pneumoniae,PenicillinG,77,53,53,0,0,0.0
Streptococcus_Pneumoniae,Tetracycline,77,1,0,1,0,1.0
Streptococcus_Pneumoniae,Vancomycin,77,75,75,0,0,0.0
Streptococcus_Pseudoporcinus,Ampicillin,1,1,1,0,0,0.0
Streptococcus_Pseudoporcinus,Cefotaxim,1,1,1,0,0,0.0
Streptococcus_Pseudoporcinus,Clindamycin,1,1,1,0,0,0.0
Streptococcus_Pseudoporcinus,Cotrimoxazole,1,1,0,1,0,1.0
Streptococcus_Pseudoporcinus,Moxifloxacin,1,1,0,1,0,1.0
Streptococcus_Pseudoporcinus,PenicillinG,1,1,1,0,0,0.0
Streptococcus_Pseudoporcinus,Vancomycin,1,1,1,0,0,0.0
Streptococcus_Pyogenes,Ampicillin,124,123,122,1,1,0.008130081300813009
Streptococcus_Pyogenes,Azithromycin,124,122,103,19,1,0.1557377049180328
Streptococcus_Pyogenes,Clarithromycin,124,122,103,19,1,0.1557377049180328
Streptococcus_Pyogenes,Clindamycin,124,121,109,12,1,0.09917355371900827
Streptococcus_Pyogenes,Cotrimoxazole,124,124,122,2,1,0.016129032258064516
Streptococcus_Pyogenes,Erythromycin,124,124,104,20,1,0.16129032258064516
Streptococcus_Pyogenes,Fosfomycin,124,1,1,0,0,0.0
Streptococcus_Pyogenes,Gentamicin,124,1,1,0,0,0.0
Streptococcus_Pyogenes,Levofloxacin,124,1,1,0,0,0.0
Streptococcus_Pyogenes,Linezolid,124,123,123,0,0,0.0
Streptococcus_Pyogenes,Moxifloxacin,124,122,118,4,1,0.03278688524590164
Streptococcus_Pyogenes,Oxacillin,124,1,1,0,0,0.0
Streptococcus_Pyogenes,PenicillinG,124,124,123,1,1,0.008064516129032258
Streptococcus_Pyogenes,Rifampicin,124,1,1,0,0,0.0
Streptococcus_Pyogenes,Tetracycline,124,1,1,0,0,0.0
Streptococcus_Pyogenes,Tigecycline,124,124,123,1,1,0.008064516129032258
Streptococcus_Pyogenes,Vancomycin,124,122,122,0,0,0.0
Streptococcus_Salivarius,Ampicillin,155,148,136,12,1,0.08108108108108109
Streptococcus_Salivarius,Cefotaxim,155,139,135,4,1,0.02877697841726619
Streptococcus_Salivarius,Ceftriaxone,155,10,10,0,0,0.0
Streptococcus_Salivarius,Clindamycin,155,154,144,10,1,0.06493506493506493
Streptococcus_Salivarius,Cotrimoxazole,155,155,0,155,0,1.0
Streptococcus_Salivarius,Gentamicin_high_level,155,33,33,0,0,0.0
Streptococcus_Salivarius,Moxifloxacin,155,155,0,155,0,1.0
Streptococcus_Salivarius,Penicillin,155,39,29,10,1,0.2564102564102564
Streptococcus_Salivarius,PenicillinG,155,122,111,11,1,0.09016393442622951
Streptococcus_Salivarius,Vancomycin,155,155,155,0,0,0.0
Streptococcus_Sanguinis,Ampicillin,1,1,1,0,0,0.0
Streptococcus_Sanguinis,Cefotaxim,1,1,1,0,0,0.0
Streptococcus_Sanguinis,Clindamycin,1,1,1,0,0,0.0
Streptococcus_Sanguinis,Cotrimoxazole,1,1,0,1,0,1.0
Streptococcus_Sanguinis,Gentamicin_high_level,1,1,1,0,0,0.0
Streptococcus_Sanguinis,Moxifloxacin,1,1,0,1,0,1.0
Streptococcus_Sanguinis,Penicillin,1,1,1,0,0,0.0
Streptococcus_Sanguinis,Vancomycin,1,1,1,0,0,0.0
Streptococcus_Sobrinus,Ampicillin,2,2,2,0,0,0.0
Streptococcus_Sobrinus,Cefotaxim,2,2,2,0,0,0.0
Streptococcus_Sobrinus,Clindamycin,2,2,2,0,0,0.0
Streptococcus_Sobrinus,Cotrimoxazole,2,2,0,2,0,1.0
Streptococcus_Sobrinus,Gentamicin_high_level,2,2,2,0,0,0.0
Streptococcus_Sobrinus,Moxifloxacin,2,2,0,2,0,1.0
Streptococcus_Sobrinus,Penicillin,2,2,2,0,0,0.0
Streptococcus_Sobrinus,PenicillinG,2,1,1,0,0,0.0
Streptococcus_Sobrinus,Vancomycin,2,2,2,0,0,0.0
Streptococcus_Species,Ampicillin,13,13,13,0,0,0.0
Streptococcus_Species,Cefotaxim,13,11,11,0,0,0.0
Streptococcus_Species,Clindamycin,13,13,13,0,0,0.0
Streptococcus_Species,Cotrimoxazole,13,13,0,13,0,1.0
Streptococcus_Species,Moxifloxacin,13,13,0,13,0,1.0
Streptococcus_Species,PenicillinG,13,13,13,0,0,0.0
Streptococcus_Species,Vancomycin,13,13,13,0,0,0.0
Streptococcus_Urinalis,Ampicillin,6,6,6,0,0,0.0
Streptococcus_Urinalis,Cefotaxim,6,4,4,0,0,0.0
Streptococcus_Urinalis,Clindamycin,6,6,4,2,1,0.3333333333333333
Streptococcus_Urinalis,Cotrimoxazole,6,6,0,6,0,1.0
Streptococcus_Urinalis,Moxifloxacin,6,5,0,5,0,1.0
Streptococcus_Urinalis,PenicillinG,6,6,6,0,0,0.0
Streptococcus_Urinalis,Vancomycin,6,6,6,0,0,0.0
Streptococcus_Vestibularis,Ampicillin,33,32,25,7,1,0.21875
Streptococcus_Vestibularis,Cefotaxim,33,26,24,2,1,0.07692307692307693
Streptococcus_Vestibularis,Ceftriaxone,33,1,1,0,0,0.0
Streptococcus_Vestibularis,Clindamycin,33,33,30,3,1,0.09090909090909091
Streptococcus_Vestibularis,Cotrimoxazole,33,33,0,33,0,1.0
Streptococcus_Vestibularis,Gentamicin_high_level,33,4,4,0,0,0.0
Streptococcus_Vestibularis,Moxifloxacin,33,33,0,33,0,1.0
Streptococcus_Vestibularis,Penicillin,33,3,2,1,1,0.3333333333333333
Streptococcus_Vestibularis,PenicillinG,33,29,21,8,1,0.27586206896551724
Streptococcus_Vestibularis,Vancomycin,33,33,31,2,1,0.06060606060606061
Streptococcus_gruppe_c,Ampicillin,2,2,2,0,0,0.0
Streptococcus_gruppe_c,Azithromycin,2,2,2,0,0,0.0
Streptococcus_gruppe_c,Clarithromycin,2,2,2,0,0,0.0
Streptococcus_gruppe_c,Clindamycin,2,2,2,0,0,0.0
Streptococcus_gruppe_c,Cotrimoxazole,2,2,2,0,0,0.0
Streptococcus_gruppe_c,Erythromycin,2,2,2,0,0,0.0
Streptococcus_gruppe_c,Linezolid,2,2,2,0,0,0.0
Streptococcus_gruppe_c,Moxifloxacin,2,2,2,0,0,0.0
Streptococcus_gruppe_c,PenicillinG,2,2,2,0,0,0.0
Streptococcus_gruppe_c,Tigecycline,2,2,2,0,0,0.0
Streptococcus_gruppe_c,Vancomycin,2,2,2,0,0,0.0
Streptococcus_gruppe_g,Ampicillin,41,41,41,0,0,0.0
Streptococcus_gruppe_g,Azithromycin,41,41,37,4,1,0.0975609756097561
Streptococcus_gruppe_g,Clarithromycin,41,41,37,4,1,0.0975609756097561
Streptococcus_gruppe_g,Clindamycin,41,40,40,0,0,0.0
Streptococcus_gruppe_g,Cotrimoxazole,41,41,41,0,0,0.0
Streptococcus_gruppe_g,Erythromycin,41,41,37,4,1,0.0975609756097561
Streptococcus_gruppe_g,Linezolid,41,41,41,0,0,0.0
Streptococcus_gruppe_g,Moxifloxacin,41,41,40,1,1,0.024390243902439025
Streptococcus_gruppe_g,PenicillinG,41,41,41,0,0,0.0
Streptococcus_gruppe_g,Tigecycline,41,41,41,0,0,0.0
Streptococcus_gruppe_g,Vancomycin,41,41,41,0,0,0.0
Streptokokken_der_viridans-gruppe,Ampicillin,16,15,14,1,1,0.06666666666666667
Streptokokken_der_viridans-gruppe,Cefotaxim,16,13,13,0,0,0.0
Streptokokken_der_viridans-gruppe,Ceftriaxone,16,1,1,0,0,0.0
Streptokokken_der_viridans-gruppe,Clindamycin,16,16,14,2,1,0.125
Streptokokken_der_viridans-gruppe,Cotrimoxazole,16,16,0,16,0,1.0
Streptokokken_der_viridans-gruppe,Gentamicin_high_level,16,4,4,0,0,0.0
Streptokokken_der_viridans-gruppe,Moxifloxacin,16,16,0,16,0,1.0
Streptokokken_der_viridans-gruppe,Penicillin,16,5,4,1,1,0.2
Streptokokken_der_viridans-gruppe,PenicillinG,16,11,10,1,1,0.09090909090909091
Streptokokken_der_viridans-gruppe,Vancomycin,16,16,16,0,0,0.0
Trichosporon_Asahii,AmphotericinB,1,1,1,0,0,0.0
Trichosporon_Asahii,Caspofungin,1,1,0,1,0,1.0
Trichosporon_Asahii,Fluconazol,1,1,1,0,0,0.0
Trichosporon_Asahii,Micafungin,1,1,0,1,0,1.0
Vibrio_Parahaemolyticus,Ampicillin,1,1,0,1,0,1.0
Vibrio_Parahaemolyticus,Ampicillin+Sulbactam,1,1,1,0,0,0.0
Vibrio_Parahaemolyticus,Ceftazidime,1,1,1,0,0,0.0
Vibrio_Parahaemolyticus,Cefuroxime,1,1,0,1,0,1.0
Vibrio_Parahaemolyticus,Ciprofloxacin,1,1,1,0,0,0.0
Vibrio_Parahaemolyticus,Imipenem,1,1,1,0,0,0.0
Vibrio_Parahaemolyticus,Meropenem,1,1,1,0,0,0.0
Vibrio_Parahaemolyticus,Moxifloxacin,1,1,0,1,0,1.0
Vibrio_Parahaemolyticus,Piperacillin-Tazobactam,1,1,1,0,0,0.0
Wautersiella_Falsenii,Ciprofloxacin,2,2,0,2,0,1.0
Wautersiella_Falsenii,Imipenem,2,2,0,2,0,1.0
Wautersiella_Falsenii,Meropenem,2,2,0,2,0,1.0
Wautersiella_Falsenii,Piperacillin,2,2,0,2,0,1.0
Wautersiella_Falsenii,Piperacillin-Tazobactam,2,2,0,2,0,1.0
Wautersiella_Falsenii,Tigecycline,2,2,0,2,0,1.0
Wautersiella_Spezies,Ciprofloxacin,2,2,0,2,0,1.0
Wautersiella_Spezies,Imipenem,2,2,0,2,0,1.0
Wautersiella_Spezies,Meropenem,2,2,0,2,0,1.0
Wautersiella_Spezies,Piperacillin,2,2,0,2,0,1.0
Wautersiella_Spezies,Piperacillin-Tazobactam,2,2,0,2,0,1.0
Wautersiella_Spezies,Tigecycline,2,2,2,0,0,0.0
Weissella_Confusa,Erythromycin,1,1,1,0,0,0.0
Wohlfahrtiimonas_Chitiniclastica,Amikacin,4,2,0,2,0,1.0
Wohlfahrtiimonas_Chitiniclastica,Ampicillin+Sulbactam,4,1,0,1,0,1.0
Wohlfahrtiimonas_Chitiniclastica,Cefepime,4,2,2,0,0,0.0
Wohlfahrtiimonas_Chitiniclastica,Cefotaxim,4,2,2,0,0,0.0
Wohlfahrtiimonas_Chitiniclastica,Ceftazidime,4,2,2,0,0,0.0
Wohlfahrtiimonas_Chitiniclastica,Ciprofloxacin,4,4,3,1,1,0.25
Wohlfahrtiimonas_Chitiniclastica,Cotrimoxazole,4,2,2,0,0,0.0
Wohlfahrtiimonas_Chitiniclastica,Gentamicin,4,2,0,2,0,1.0
Wohlfahrtiimonas_Chitiniclastica,Imipenem,4,4,4,0,0,0.0
Wohlfahrtiimonas_Chitiniclastica,Meropenem,4,4,3,1,1,0.25
Wohlfahrtiimonas_Chitiniclastica,Piperacillin,4,4,3,1,1,0.25
Wohlfahrtiimonas_Chitiniclastica,Piperacillin-Tazobactam,4,2,1,1,1,0.5
Wohlfahrtiimonas_Chitiniclastica,Tigecycline,4,4,4,0,0,0.0
Wohlfahrtiimonas_Chitiniclastica,Tobramycin,4,2,0,2,0,1.0
Yarrowia_Lipolytica,Fluconazol,2,2,2,0,0,0.0
Yersinia_Enterocolitica,Ampicillin,2,2,0,2,0,1.0
Yersinia_Enterocolitica,Ampicillin+Sulbactam,2,2,0,2,0,1.0
Yersinia_Enterocolitica,Cefotaxim,2,2,2,0,0,0.0
Yersinia_Enterocolitica,Ceftazidime,2,2,2,0,0,0.0
Yersinia_Enterocolitica,Ceftriaxone,2,2,2,0,0,0.0
Yersinia_Enterocolitica,Ciprofloxacin,2,2,2,0,0,0.0
Yersinia_Enterocolitica,Cotrimoxazole,2,1,1,0,0,0.0
Yersinia_Enterocolitica,Erythromycin,2,1,0,1,0,1.0
Yersinia_Enterocolitica,Gentamicin,2,2,0,2,0,1.0
Yersinia_Enterocolitica,Imipenem,2,2,2,0,0,0.0
Yersinia_Enterocolitica,Meropenem,2,2,2,0,0,0.0
Yersinia_Enterocolitica,Moxifloxacin,2,2,2,0,0,0.0
