run,species,species_key,antibiotic,antibiotic_index,n_source_obs,n_source_susceptible,n_source_resistant,n_finetune_obs,n_finetune_susceptible,n_finetune_resistant,n_test_obs,n_test_susceptible,n_test_resistant,auc_before_finetuning,auc_after_finetuning,delta_auc_after_minus_before
0,Candida albicans,candida_albicans,Caspofungin,10,315,298,17,253,252,1,981,976,5,0.5748975409836066,0.49733606557377047,-0.0775614754098361
0,Candida albicans,candida_albicans,Micafungin,41,307,283,24,253,252,1,981,980,1,0.6081632653061224,0.7066326530612245,0.09846938775510206
0,Candida albicans,candida_albicans,Voriconazole,57,309,300,9,273,271,2,1126,1120,6,0.5448660714285715,0.523735119047619,-0.021130952380952417
0,Citrobacter freundii,citrobacter_freundii,Ceftazidime,16,625,424,201,110,66,44,440,252,188,0.487145390070922,0.7070774231678487,0.21993203309692672
0,Citrobacter freundii,citrobacter_freundii,Ceftriaxone,19,476,321,155,78,44,34,313,178,135,0.5166042446941324,0.7717852684144819,0.25518102372034956
0,Citrobacter freundii,citrobacter_freundii,Ciprofloxacin,22,644,600,44,110,100,10,441,396,45,0.5037317620650954,0.5929854096520764,0.08925364758698096
0,Citrobacter freundii,citrobacter_freundii,Cotrimoxazole,26,463,432,31,110,101,9,441,409,32,0.5093979217603912,0.6391732885085575,0.12977536674816625
0,Citrobacter freundii,citrobacter_freundii,Gentamicin,33,238,224,14,110,37,73,441,182,259,0.4982922482922483,0.49026263311977597,-0.008029615172472304
0,Citrobacter freundii,citrobacter_freundii,Imipenem,35,613,607,6,110,109,1,440,431,9,0.3637535447280227,0.7092034029389018,0.34544985821087915
0,Citrobacter freundii,citrobacter_freundii,Meropenem,40,574,570,4,109,108,1,440,432,8,0.3599537037037037,0.7282986111111112,0.36834490740740744
0,Citrobacter freundii,citrobacter_freundii,Piperacillin-Tazobactam,48,442,306,136,110,65,45,441,252,189,0.41429411270681105,0.7109263458469808,0.29663223314016973
0,Citrobacter koseri,citrobacter_koseri,Ciprofloxacin,22,849,832,17,111,109,2,446,443,3,0.37622272385252065,0.6519939804364184,0.2757712565838978
0,Citrobacter koseri,citrobacter_koseri,Cotrimoxazole,26,586,573,13,111,110,1,446,442,4,0.5995475113122172,0.7319004524886878,0.13235294117647067
0,Citrobacter koseri,citrobacter_koseri,Gentamicin,33,382,381,1,110,39,71,438,171,267,0.43361368464857525,0.5809185886063474,0.14730490395777213
0,Citrobacter koseri,citrobacter_koseri,Piperacillin-Tazobactam,48,558,538,20,111,100,11,446,399,47,0.5050658561296859,0.4895483389324375,-0.01551751719724842
0,Enterobacter cloacae complex,enterobacter_cloacae_complex,Ceftazidime,16,1568,1124,444,386,234,152,1542,941,601,0.5,0.758324330154666,0.25832433015466605
0,Enterobacter cloacae complex,enterobacter_cloacae_complex,Ceftriaxone,19,1488,1059,429,290,178,112,1155,704,451,0.4950630543237251,0.8059851214472888,0.31092206712356374
0,Enterobacter cloacae complex,enterobacter_cloacae_complex,Ciprofloxacin,22,1600,1514,86,386,368,18,1542,1480,62,0.463529860505667,0.614107454228422,0.15057759372275492
0,Enterobacter cloacae complex,enterobacter_cloacae_complex,Cotrimoxazole,26,1427,1316,111,386,362,24,1542,1469,73,0.45869429394705175,0.6505776924009437,0.1918833984538919
0,Enterobacter cloacae complex,enterobacter_cloacae_complex,Fosfomycin,31,245,124,121,79,36,43,260,116,144,0.5070641762452107,0.5745629789272031,0.06749880268199238
0,Enterobacter cloacae complex,enterobacter_cloacae_complex,Gentamicin,33,336,333,3,384,159,225,1538,602,936,0.44215417979952865,0.7169744015674249,0.2748202217678962
0,Enterobacter cloacae complex,enterobacter_cloacae_complex,Imipenem,35,1541,1537,4,386,376,10,1542,1514,28,0.4844899981128515,0.6790314210228345,0.19454142290998305
0,Enterobacter cloacae complex,enterobacter_cloacae_complex,Meropenem,40,1416,1413,3,386,382,4,1542,1529,13,0.4786185037983599,0.6407908638124465,0.16217236001408664
0,Enterobacter cloacae complex,enterobacter_cloacae_complex,Piperacillin-Tazobactam,48,1405,1037,368,386,231,155,1543,935,608,0.4978161061075148,0.7550335983675767,0.25721749226006185
0,Enterococcus faecalis,enterococcus_faecalis,Ampicillin,4,3837,3829,8,1048,1045,3,4189,4181,8,0.5498834011002153,0.8746412341545085,0.3247578330542932
0,Enterococcus faecalis,enterococcus_faecalis,Imipenem,35,4100,1133,2967,1048,639,409,4186,2566,1620,0.4166047217651531,0.9671144741779971,0.550509752412844
0,Enterococcus faecalis,enterococcus_faecalis,Linezolid,39,4244,4228,16,1034,1031,3,4124,4117,7,0.3297130365383948,0.6478364967556126,0.3181234602172178
0,Enterococcus faecalis,enterococcus_faecalis,Nitrofurantoin,44,3394,3368,26,477,472,5,1906,1894,12,0.5865232312565998,0.4420098556846181,-0.14451337557198168
0,Enterococcus faecium,enterococcus_faecium,Ampicillin,4,1036,106,930,616,38,578,2467,168,2299,0.47928835518548435,0.879294051243812,0.40000569605832764
0,Enterococcus faecium,enterococcus_faecium,Imipenem,35,1277,80,1197,616,20,596,2467,89,2378,0.45615473299250625,0.8823154194347058,0.42616068644219957
0,Enterococcus faecium,enterococcus_faecium,Linezolid,39,2158,2132,26,608,591,17,2451,2375,76,0.5041301939058171,0.6630581717451524,0.1589279778393352
0,Enterococcus faecium,enterococcus_faecium,Piperacillin-Tazobactam,48,134,22,112,10,1,9,17,2,15,0.26666666666666666,0.7,0.4333333333333333
0,Enterococcus faecium,enterococcus_faecium,Teicoplanin,52,2070,1942,128,26,15,11,143,93,50,0.5632258064516128,0.35838709677419356,-0.20483870967741924
0,Enterococcus faecium,enterococcus_faecium,Vancomycin,56,2220,2012,208,617,342,275,2469,1337,1132,0.5173939731110471,0.8690557680160478,0.3516617949050007
0,Escherichia coli,escherichia_coli,Ampicillin,4,2654,949,1705,2371,1101,1270,9496,4390,5106,0.474312524369472,0.6533549569178965,0.17904243254842445
0,Escherichia coli,escherichia_coli,Ceftazidime,16,7535,6135,1400,2371,1900,471,9499,7693,1806,0.42939771079517575,0.7643600365003694,0.3349623257051937
0,Escherichia coli,escherichia_coli,Ceftriaxone,19,6090,4808,1282,1041,797,244,4179,3236,943,0.3275866871502595,0.841789642502756,0.5142029553524965
0,Escherichia coli,escherichia_coli,Ciprofloxacin,22,7571,5220,2351,2372,1854,518,9490,7430,2060,0.48300177057063337,0.7232478864221406,0.24024611585150718
0,Escherichia coli,escherichia_coli,Cotrimoxazole,26,5784,3885,1899,2372,1757,615,9492,6914,2578,0.514467811680823,0.6272984082621627,0.11283059658133965
0,Escherichia coli,escherichia_coli,Ertapenem,29,6785,6724,61,152,151,1,598,593,5,0.766779089376054,0.31045531197301857,-0.4563237774030354
0,Escherichia coli,escherichia_coli,Fosfomycin,31,2270,2139,131,702,693,9,2800,2753,47,0.5320192285398522,0.616646443724834,0.08462721518498184
0,Escherichia coli,escherichia_coli,Gentamicin,33,2689,2397,292,2339,776,1563,9355,3147,6208,0.4443659165249837,0.6955396124684284,0.25117369594344474
0,Escherichia coli,escherichia_coli,Imipenem,35,7344,7335,9,2371,2366,5,9494,9471,23,0.5303190976573797,0.6400706045456841,0.10975150688830437
0,Escherichia coli,escherichia_coli,Meropenem,40,6718,6711,7,2374,2369,5,9494,9473,21,0.5272453539633947,0.6514077604017433,0.12416240643834864
0,Escherichia coli,escherichia_coli,Nitrofurantoin,44,2491,2460,31,1294,1273,21,5155,5074,81,0.5669936787398355,0.5704475004501282,0.003453821710292626
0,Escherichia coli,escherichia_coli,Piperacillin-Tazobactam,48,5635,5184,451,2358,1794,564,9440,7294,2146,0.44176155202695677,0.7289550821303419,0.2871935301033851
0,Haemophilus influenzae,haemophilus_influenzae,Ampicillin,4,397,322,75,44,34,10,179,134,45,0.5402155887230513,0.6148424543946931,0.07462686567164178
0,Haemophilus influenzae,haemophilus_influenzae,Ciprofloxacin,22,164,160,4,44,42,2,180,177,3,0.5828625235404897,0.3822975517890772,-0.20056497175141252
0,Haemophilus influenzae,haemophilus_influenzae,Levofloxacin,38,353,349,4,44,42,2,178,176,2,0.30965909090909094,0.09659090909090912,-0.21306818181818182
0,Klebsiella oxytoca,klebsiella_oxytoca,Ceftazidime,16,1227,1200,27,318,312,6,1274,1242,32,0.5313380636070854,0.7002692230273753,0.1689311594202899
0,Klebsiella oxytoca,klebsiella_oxytoca,Ceftriaxone,19,892,822,70,226,219,7,904,876,28,0.5336554142204828,0.7900358773646445,0.25638046314416174
0,Klebsiella oxytoca,klebsiella_oxytoca,Ciprofloxacin,22,1233,1203,30,318,310,8,1274,1240,34,0.5283444022770398,0.6243595825426944,0.09601518026565459
0,Klebsiella oxytoca,klebsiella_oxytoca,Cotrimoxazole,26,844,819,25,318,314,4,1274,1247,27,0.5020196620036235,0.5947607591553061,0.09274109715168266
0,Klebsiella oxytoca,klebsiella_oxytoca,Fosfomycin,31,438,297,141,69,50,19,266,190,76,0.493421052631579,0.4746537396121884,-0.018767313019390608
0,Klebsiella oxytoca,klebsiella_oxytoca,Gentamicin,33,523,511,12,317,121,196,1258,487,771,0.4466278893247789,0.645279204851429,0.19865131552665005
0,Klebsiella oxytoca,klebsiella_oxytoca,Piperacillin-Tazobactam,48,821,739,82,318,228,90,1274,973,301,0.48307798943569397,0.7088584471767626,0.22578045774106864
0,Klebsiella pneumoniae,klebsiella_pneumoniae,Ampicillin,4,3720,9,3711,810,2,808,3241,7,3234,0.5,0.7742070854315753,0.27420708543157535
0,Klebsiella pneumoniae,klebsiella_pneumoniae,Ceftazidime,16,16451,14654,1797,809,614,195,3240,2449,791,0.4552958740093095,0.8457072960970162,0.39041142208770674
0,Klebsiella pneumoniae,klebsiella_pneumoniae,Ceftriaxone,19,3385,2863,522,531,389,142,2108,1549,559,0.4664189834517278,0.9017486034616367,0.4353296200099089
0,Klebsiella pneumoniae,klebsiella_pneumoniae,Ciprofloxacin,22,19206,14262,4944,809,660,149,3240,2643,597,0.5193238230501735,0.8141704866874415,0.29484666363726797
0,Klebsiella pneumoniae,klebsiella_pneumoniae,Cotrimoxazole,26,3220,2540,680,809,670,139,3238,2648,590,0.48286138563162473,0.7930574402171131,0.3101960545854884
0,Klebsiella pneumoniae,klebsiella_pneumoniae,Ertapenem,29,18878,17334,1544,51,48,3,208,187,21,0.6399286987522281,0.888464476699771,0.2485357779475429
0,Klebsiella pneumoniae,klebsiella_pneumoniae,Fosfomycin,31,15901,11554,4347,208,144,64,872,625,247,0.46653927125506073,0.510523076923077,0.04398380566801624
0,Klebsiella pneumoniae,klebsiella_pneumoniae,Gentamicin,33,16385,14259,2126,802,307,495,3209,1235,1974,0.565425019176419,0.6231971089753845,0.05777208979896553
0,Klebsiella pneumoniae,klebsiella_pneumoniae,Imipenem,35,19040,18448,592,808,750,58,3239,2983,256,0.5257867499161918,0.9604353052715388,0.43464855535534697
0,Klebsiella pneumoniae,klebsiella_pneumoniae,Meropenem,40,18459,17983,476,809,751,58,3240,2983,257,0.5238824153993251,0.9620678005455037,0.43818538514617855
0,Klebsiella pneumoniae,klebsiella_pneumoniae,Piperacillin-Tazobactam,48,3094,2619,475,805,531,274,3235,2152,1083,0.49091484826329185,0.7784435531207201,0.28752870485742826
0,Morganella morganii,morganella_morganii,Ceftazidime,16,809,642,167,105,83,22,423,318,105,0.5016621743036837,0.5921383647798742,0.0904761904761906
0,Morganella morganii,morganella_morganii,Ceftriaxone,19,471,415,56,68,56,12,273,199,74,0.49921906831454577,0.5887206301779166,0.08950156186337088
0,Morganella morganii,morganella_morganii,Ciprofloxacin,22,812,671,141,105,88,17,423,389,34,0.5020036292151822,0.46344321790412824,-0.03856041131105392
0,Morganella morganii,morganella_morganii,Cotrimoxazole,26,441,394,47,105,94,11,423,393,30,0.4961832061068702,0.40737913486005084,-0.08880407124681938
0,Morganella morganii,morganella_morganii,Gentamicin,33,464,427,37,105,35,70,419,151,268,0.49608332509637243,0.528368093308293,0.03228476821192061
0,Morganella morganii,morganella_morganii,Piperacillin-Tazobactam,48,427,418,9,105,82,23,422,318,104,0.5053670778906627,0.6045748669569424,0.0992077890662797
0,Proteus mirabilis,proteus_mirabilis,Ampicillin,4,1456,831,625,502,324,178,2012,1424,588,0.5107158383016127,0.5036139455782312,-0.007101892723381464
0,Proteus mirabilis,proteus_mirabilis,Ceftazidime,16,2363,2252,111,503,497,6,2012,1986,26,0.5254376791385855,0.5364087071035711,0.010971027964985614
0,Proteus mirabilis,proteus_mirabilis,Ceftriaxone,19,1220,1167,53,292,291,1,1059,1055,4,0.5651658767772512,0.5425355450236967,-0.022630331753554445
0,Proteus mirabilis,proteus_mirabilis,Ciprofloxacin,22,2367,1792,575,503,426,77,2012,1737,275,0.6220850997016801,0.5277667870413985,-0.09431831266028168
0,Proteus mirabilis,proteus_mirabilis,Cotrimoxazole,26,1135,789,346,503,318,185,2012,1342,670,0.5341604199568476,0.5173749360500034,-0.0167854839068442
0,Proteus mirabilis,proteus_mirabilis,Fosfomycin,31,1368,900,468,167,134,33,714,577,137,0.5339915748459816,0.5418031853660388,0.007811610520057188
0,Proteus mirabilis,proteus_mirabilis,Gentamicin,33,1452,1218,234,502,175,327,1993,691,1302,0.4244616431139002,0.6624301697710969,0.2379685266571967
0,Proteus mirabilis,proteus_mirabilis,Piperacillin-Tazobactam,48,1101,1093,8,500,496,4,1997,1970,27,0.46638465877044555,0.5476029328821207,0.08121827411167515
0,Proteus vulgaris,proteus_vulgaris,Ceftazidime,16,434,430,4,94,92,2,379,362,17,0.4061585960350991,0.48082547936301595,0.07466688332791688
0,Proteus vulgaris,proteus_vulgaris,Cotrimoxazole,26,389,364,25,94,79,15,378,338,40,0.5024408284023668,0.5851331360946745,0.08269230769230773
0,Proteus vulgaris,proteus_vulgaris,Gentamicin,33,114,112,2,94,31,63,379,146,233,0.4350049973543418,0.42609794814509966,-0.008907049209242124
0,Pseudomonas aeruginosa,pseudomonas_aeruginosa,Amikacin,0,4397,4130,267,821,315,506,3219,1198,2021,0.44483941155430584,0.9350372838121264,0.4901978722578205
0,Pseudomonas aeruginosa,pseudomonas_aeruginosa,Cefepime,11,5080,2998,2082,826,1,825,3243,1,3242,0.4771745835903763,0.4998457742134485,0.022671190623072213
0,Pseudomonas aeruginosa,pseudomonas_aeruginosa,Ceftolozane-Tazobactam,18,82,70,12,14,11,3,74,63,11,0.5411255411255411,0.5411255411255411,0.0
0,Pseudomonas aeruginosa,pseudomonas_aeruginosa,Meropenem,40,4809,4041,768,848,605,243,3406,2481,925,0.48086299116528863,0.5257618440689783,0.04489885290368967
0,Pseudomonas aeruginosa,pseudomonas_aeruginosa,Tobramycin,55,4769,4357,412,824,320,504,3229,1197,2032,0.43543940231155315,0.9364170761549543,0.5009776738434011
0,Serratia marcescens,serratia_marcescens,Ceftazidime,16,1246,1185,61,208,190,18,832,757,75,0.6457067371202113,0.7254425363276089,0.0797357992073976
0,Serratia marcescens,serratia_marcescens,Ceftriaxone,19,964,924,40,168,155,13,688,628,60,0.6540870488322718,0.7706342887473461,0.11654723991507432
0,Serratia marcescens,serratia_marcescens,Ciprofloxacin,22,1247,1182,65,207,200,7,832,786,46,0.47116661135081317,0.4973033521407235,0.02613674078991035
0,Serratia marcescens,serratia_marcescens,Cotrimoxazole,26,943,936,7,207,206,1,832,822,10,0.5969586374695863,0.7326642335766425,0.13570559610705613
0,Serratia marcescens,serratia_marcescens,Fosfomycin,31,329,277,52,29,24,5,109,90,19,0.49298245614035086,0.5941520467836258,0.10116959064327491
0,Serratia marcescens,serratia_marcescens,Gentamicin,33,389,378,11,207,77,130,830,313,517,0.5259051668201283,0.6713899926461955,0.14548482582606714
0,Serratia marcescens,serratia_marcescens,Imipenem,35,1217,1212,5,207,198,9,832,800,32,0.7629296875,0.8843945312499999,0.12146484374999988
0,Serratia marcescens,serratia_marcescens,Piperacillin-Tazobactam,48,939,901,38,207,188,19,832,748,84,0.629607524828113,0.7055879169849758,0.07598039215686281
0,Staphylococcus aureus,staphylococcus_aureus,Clindamycin,24,6097,4979,1118,1501,1219,282,6004,4916,1088,0.5667626044009956,0.6491734858864213,0.08241088148542575
0,Staphylococcus aureus,staphylococcus_aureus,Cotrimoxazole,26,4479,4334,145,1503,1469,34,6003,5863,140,0.5179046563192904,0.7191217319266099,0.2012170756073195
0,Staphylococcus aureus,staphylococcus_aureus,Erythromycin,30,5634,4309,1325,1499,1202,297,6003,4834,1169,0.5676148736866358,0.638519815974175,0.07090494228753919
0,Staphylococcus aureus,staphylococcus_aureus,Fosfomycin,31,2042,1989,53,1503,1486,17,6001,5936,65,0.6253097138710346,0.7192178104913954,0.09390809662036081
0,Staphylococcus aureus,staphylococcus_aureus,Fusidic acid,32,5515,5125,390,56,50,6,206,184,22,0.4599802371541502,0.5077816205533596,0.04780138339920942
0,Staphylococcus aureus,staphylococcus_aureus,Gentamicin,33,6402,6156,246,1502,1479,23,6004,5907,97,0.5179186322709908,0.5798676740334288,0.061949041762437984
0,Staphylococcus aureus,staphylococcus_aureus,Levofloxacin,38,2039,322,1717,1502,723,779,6005,2946,3059,0.5,0.8999568233432249,0.3999568233432249
0,Staphylococcus aureus,staphylococcus_aureus,Mupirocin,43,6343,6188,155,211,205,6,834,808,26,0.6435167555217061,0.6123619573495811,-0.031154798172124964
0,Staphylococcus aureus,staphylococcus_aureus,Oxacillin,45,7214,5968,1246,1500,1217,283,5999,4921,1078,0.7082384985177683,0.897034838764162,0.1887963402463937
0,Staphylococcus aureus,staphylococcus_aureus,Rifampicin,50,4770,4727,43,1501,1498,3,5996,5960,36,0.4976486763609247,0.6007340604026845,0.10308538404175982
0,Staphylococcus aureus,staphylococcus_aureus,Tetracycline,53,5647,5280,367,1502,1416,86,6001,5629,372,0.5314357102332964,0.6086486646532836,0.07721295441998721
0,Staphylococcus aureus,staphylococcus_aureus,Tigecycline,54,3985,3984,1,1499,1498,1,5987,5983,4,0.33150175497242185,0.48740180511449105,0.1559000501420692
0,Staphylococcus capitis,staphylococcus_capitis,Clindamycin,24,368,317,51,103,82,21,410,323,87,0.5444290238781538,0.5891605280950856,0.04473150421693173
0,Staphylococcus capitis,staphylococcus_capitis,Erythromycin,30,374,328,46,103,84,19,414,331,83,0.5465365995704874,0.5984967058566593,0.05196010628617187
0,Staphylococcus capitis,staphylococcus_capitis,Gentamicin,33,369,347,22,100,94,6,403,375,28,0.5553333333333333,0.5660476190476191,0.010714285714285787
0,Staphylococcus capitis,staphylococcus_capitis,Oxacillin,45,415,338,77,103,76,27,413,301,112,0.6705179164689131,0.6738105125771239,0.0032925961082107547
0,Staphylococcus capitis,staphylococcus_capitis,Tetracycline,53,364,319,45,100,90,10,403,344,59,0.4021482065431612,0.4306513598738668,0.028503153330705633
0,Staphylococcus epidermidis,staphylococcus_epidermidis,Clindamycin,24,5065,2508,2557,743,367,376,2962,1420,1542,0.6433925211450284,0.7404545952759358,0.0970620741309074
0,Staphylococcus epidermidis,staphylococcus_epidermidis,Cotrimoxazole,26,4566,2993,1573,743,555,188,2954,2133,821,0.6680688536329235,0.7929448667279964,0.1248760130950729
0,Staphylococcus epidermidis,staphylococcus_epidermidis,Erythromycin,30,5089,1945,3144,744,258,486,2963,975,1988,0.5078806170355467,0.6799004282102874,0.17201981117474074
0,Staphylococcus epidermidis,staphylococcus_epidermidis,Fosfomycin,31,898,845,53,742,618,124,2949,2413,536,0.6009414953825981,0.7739985835431216,0.17305708816052345
0,Staphylococcus epidermidis,staphylococcus_epidermidis,Gentamicin,33,5115,2840,2275,744,516,228,2949,1976,973,0.6733296994561667,0.7988240697205105,0.12549437026434374
0,Staphylococcus epidermidis,staphylococcus_epidermidis,Levofloxacin,38,883,128,755,744,243,501,2949,879,2070,0.5022709161157002,0.7672857825922078,0.2650148664765076
0,Staphylococcus epidermidis,staphylococcus_epidermidis,Linezolid,39,5293,5263,30,743,730,13,2956,2892,64,0.7482440784923929,0.8479128846818811,0.09966880618948815
0,Staphylococcus epidermidis,staphylococcus_epidermidis,Oxacillin,45,5537,1664,3873,744,258,486,2967,980,1987,0.646730534186498,0.7493044072183478,0.10257387303184984
0,Staphylococcus epidermidis,staphylococcus_epidermidis,Rifampicin,50,4999,4560,439,742,681,61,2942,2700,242,0.6228826140189776,0.7452379859198041,0.12235537190082646
0,Staphylococcus epidermidis,staphylococcus_epidermidis,Tetracycline,53,4953,2488,2465,744,421,323,2948,1652,1296,0.5507035990793053,0.7136785191163723,0.16297492003706693
0,Staphylococcus epidermidis,staphylococcus_epidermidis,Tigecycline,54,4582,4568,14,743,738,5,2945,2940,5,0.6754421768707483,0.7056122448979592,0.030170068027210895
0,Staphylococcus haemolyticus,staphylococcus_haemolyticus,Clindamycin,24,283,114,169,98,28,70,399,134,265,0.5,0.661869895803999,0.16186989580399902
0,Staphylococcus haemolyticus,staphylococcus_haemolyticus,Cotrimoxazole,26,231,113,118,100,34,66,400,165,235,0.8078658929722758,0.8452095422308188,0.037343649258542944
0,Staphylococcus haemolyticus,staphylococcus_haemolyticus,Erythromycin,30,287,57,230,97,19,78,402,62,340,0.7546726755218217,0.8626660341555976,0.1079933586337759
0,Staphylococcus haemolyticus,staphylococcus_haemolyticus,Fosfomycin,31,60,15,45,100,2,98,398,9,389,0.4344473007712082,0.37003713224792917,-0.06441016852327902
0,Staphylococcus haemolyticus,staphylococcus_haemolyticus,Gentamicin,33,278,95,183,100,30,70,400,121,279,0.8657246956367192,0.9036701324091354,0.03794543677241624
0,Staphylococcus haemolyticus,staphylococcus_haemolyticus,Levofloxacin,38,60,8,52,100,17,83,400,76,324,0.8238507147498375,0.8911021767381416,0.06725146198830412
0,Staphylococcus haemolyticus,staphylococcus_haemolyticus,Oxacillin,45,290,81,209,100,21,79,404,82,322,0.8451749734888653,0.8982729889410696,0.05309801545220427
0,Staphylococcus haemolyticus,staphylococcus_haemolyticus,Rifampicin,50,259,235,24,99,88,11,398,347,51,0.5587952760354863,0.6620896197095554,0.10329434367406909
0,Staphylococcus haemolyticus,staphylococcus_haemolyticus,Tetracycline,53,285,182,103,100,39,61,399,183,216,0.6917122040072861,0.7073719894758147,0.015659785468528642
0,Staphylococcus hominis,staphylococcus_hominis,Clindamycin,24,743,532,211,125,73,52,505,322,183,0.5463292943692089,0.6115382004548077,0.06520890608559882
0,Staphylococcus hominis,staphylococcus_hominis,Cotrimoxazole,26,710,670,40,126,94,32,502,390,112,0.5630494505494505,0.6279418498168499,0.06489239926739931
0,Staphylococcus hominis,staphylococcus_hominis,Erythromycin,30,740,324,416,127,50,77,508,189,319,0.5256174221691464,0.5829145311903933,0.05729710902124685
0,Staphylococcus hominis,staphylococcus_hominis,Fosfomycin,31,56,15,41,126,5,121,500,13,487,0.6840941399462961,0.5251934923392829,-0.15890064760701317
0,Staphylococcus hominis,staphylococcus_hominis,Gentamicin,33,742,676,66,126,95,31,500,422,78,0.5833029529711994,0.6437902539798275,0.06048730100862809
0,Staphylococcus hominis,staphylococcus_hominis,Levofloxacin,38,56,37,19,126,64,62,500,225,275,0.5489050505050505,0.5991434343434343,0.05023838383838386
0,Staphylococcus hominis,staphylococcus_hominis,Oxacillin,45,741,503,238,126,64,62,508,266,242,0.6316799229478656,0.6584462188529174,0.026766295905051862
0,Staphylococcus hominis,staphylococcus_hominis,Rifampicin,50,758,746,12,125,121,4,502,493,9,0.5832769889565022,0.6162947937795809,0.0330178048230787
0,Staphylococcus hominis,staphylococcus_hominis,Tetracycline,53,720,483,237,126,79,47,500,315,185,0.5,0.5154525954525955,0.015452595452595475
0,Staphylococcus lugdunensis,staphylococcus_lugdunensis,Clindamycin,24,463,418,45,64,50,14,257,231,26,0.5982350982350984,0.47927072927072933,-0.11896436896436902
0,Staphylococcus lugdunensis,staphylococcus_lugdunensis,Cotrimoxazole,26,378,377,1,64,63,1,257,255,2,0.5098039215686274,0.4852941176470588,-0.024509803921568596
0,Staphylococcus lugdunensis,staphylococcus_lugdunensis,Erythromycin,30,394,360,34,64,50,14,258,233,25,0.5716738197424893,0.4648068669527897,-0.1068669527896996
0,Staphylococcus lugdunensis,staphylococcus_lugdunensis,Levofloxacin,38,96,25,71,64,39,25,257,144,113,0.4379916420845624,0.6607055063913471,0.22271386430678464
0,Staphylococcus lugdunensis,staphylococcus_lugdunensis,Oxacillin,45,473,456,17,63,60,3,256,239,17,0.500123061777012,0.5499630814668963,0.049840019689884274
0,Staphylococcus lugdunensis,staphylococcus_lugdunensis,Tetracycline,53,393,377,16,64,58,6,257,237,20,0.5570675105485232,0.5005274261603375,-0.056540084388185696
0,Streptococcus pneumoniae,streptococcus_pneumoniae,Azithromycin,7,144,93,51,15,13,2,61,57,4,0.4473684210526316,0.537280701754386,0.08991228070175444
0,Streptococcus pneumoniae,streptococcus_pneumoniae,Clarithromycin,23,446,348,98,15,13,2,61,57,4,0.5482456140350878,0.537280701754386,-0.010964912280701733
0,Streptococcus pneumoniae,streptococcus_pneumoniae,Clindamycin,24,201,161,40,15,14,1,62,59,3,0.48022598870056493,0.3700564971751413,-0.11016949152542366
0,Streptococcus pneumoniae,streptococcus_pneumoniae,Erythromycin,30,172,115,57,15,13,2,61,57,4,0.5416666666666667,0.537280701754386,-0.004385964912280715
0,Streptococcus pneumoniae,streptococcus_pneumoniae,Moxifloxacin,42,168,157,11,15,13,2,62,61,1,0.6311475409836066,0.9508196721311475,0.3196721311475409
1,Candida albicans,candida_albicans,Caspofungin,10,315,298,17,246,244,2,988,984,4,0.3292682926829268,0.4253048780487805,0.09603658536585369
1,Candida albicans,candida_albicans,Micafungin,41,307,283,24,246,245,1,988,987,1,0.5638297872340425,0.46707193515704154,-0.096757852077001
1,Candida albicans,candida_albicans,Voriconazole,57,309,300,9,279,278,1,1120,1113,7,0.5736747529200359,0.5083429598254395,-0.06533179309459636
1,Citrobacter freundii,citrobacter_freundii,Ceftazidime,16,625,424,201,110,65,45,440,253,187,0.41835936674346347,0.7719346452199277,0.35357527847646425
1,Citrobacter freundii,citrobacter_freundii,Ceftriaxone,19,476,321,155,78,45,33,313,177,136,0.4578140578265204,0.8129985044865405,0.35518444666002014
1,Citrobacter freundii,citrobacter_freundii,Ciprofloxacin,22,644,600,44,110,100,10,441,396,45,0.45701459034792363,0.6521885521885522,0.19517396184062857
1,Citrobacter freundii,citrobacter_freundii,Cotrimoxazole,26,463,432,31,110,101,9,441,409,32,0.520247555012225,0.7121790953545233,0.1919315403422983
1,Citrobacter freundii,citrobacter_freundii,Gentamicin,33,238,224,14,110,52,58,441,167,274,0.4769002141701998,0.5572249661261419,0.08032475195594213
1,Citrobacter freundii,citrobacter_freundii,Imipenem,35,613,607,6,110,108,2,440,432,8,0.4380787037037037,0.76171875,0.3236400462962963
1,Citrobacter freundii,citrobacter_freundii,Piperacillin-Tazobactam,48,442,306,136,110,64,46,441,253,188,0.5172294172062905,0.7746509965520141,0.25742157934572363
1,Citrobacter koseri,citrobacter_koseri,Ceftazidime,16,851,833,18,111,107,4,446,428,18,0.5165498442367602,0.7263110072689511,0.20976116303219094
1,Citrobacter koseri,citrobacter_koseri,Ceftriaxone,19,628,620,8,67,65,2,270,259,11,0.637943137943138,0.7114777114777115,0.0735345735345736
1,Citrobacter koseri,citrobacter_koseri,Gentamicin,33,382,381,1,109,37,72,439,173,266,0.33870442000956147,0.3758420618019036,0.037137641792342135
1,Citrobacter koseri,citrobacter_koseri,Piperacillin-Tazobactam,48,558,538,20,111,103,8,446,396,50,0.4611363636363637,0.5828787878787878,0.1217424242424241
1,Enterobacter cloacae complex,enterobacter_cloacae_complex,Ceftazidime,16,1568,1124,444,385,231,154,1543,944,599,0.5,0.7875210449619422,0.2875210449619422
1,Enterobacter cloacae complex,enterobacter_cloacae_complex,Ceftriaxone,19,1488,1059,429,289,176,113,1156,706,450,0.3926597418948694,0.8335646836638337,0.44090494176896433
1,Enterobacter cloacae complex,enterobacter_cloacae_complex,Ciprofloxacin,22,1600,1514,86,385,371,14,1543,1477,66,0.456607373668985,0.6147237438706633,0.1581163702016783
1,Enterobacter cloacae complex,enterobacter_cloacae_complex,Cotrimoxazole,26,1427,1316,111,385,374,11,1543,1457,86,0.45700387862923175,0.6044755869818519,0.14747170835262013
1,Enterobacter cloacae complex,enterobacter_cloacae_complex,Fosfomycin,31,245,124,121,66,32,34,273,120,153,0.5,0.5692265795206972,0.06922657952069722
1,Enterobacter cloacae complex,enterobacter_cloacae_complex,Gentamicin,33,336,333,3,384,151,233,1538,610,928,0.40800770209157716,0.6546212549462973,0.24661355285472014
1,Enterobacter cloacae complex,enterobacter_cloacae_complex,Imipenem,35,1541,1537,4,385,379,6,1543,1511,32,0.4532387491727333,0.6458884844473858,0.19264973527465246
1,Enterobacter cloacae complex,enterobacter_cloacae_complex,Meropenem,40,1416,1413,3,386,383,3,1542,1528,14,0.4830076664173524,0.6217511219147345,0.1387434554973821
1,Enterobacter cloacae complex,enterobacter_cloacae_complex,Piperacillin-Tazobactam,48,1405,1037,368,386,230,156,1543,936,607,0.5,0.7842012348808065,0.2842012348808065
1,Enterococcus faecalis,enterococcus_faecalis,Ampicillin,4,3837,3829,8,1046,1044,2,4191,4182,9,0.4708406397789468,0.7839019076465275,0.31306126786758065
1,Enterococcus faecalis,enterococcus_faecalis,Imipenem,35,4100,1133,2967,1045,643,402,4189,2562,1627,0.5366069599320982,0.9418851331478415,0.40527817321574333
1,Enterococcus faecalis,enterococcus_faecalis,Linezolid,39,4244,4228,16,1031,1029,2,4127,4119,8,0.4791211459092013,0.5733339402767662,0.09421279436756491
1,Enterococcus faecalis,enterococcus_faecalis,Nitrofurantoin,44,3394,3368,26,487,482,5,1896,1884,12,0.5066348195329087,0.6507652158527955,0.14413039631988678
1,Enterococcus faecalis,enterococcus_faecalis,Vancomycin,56,4265,4254,11,1046,1045,1,4188,4185,3,0.3933890880127439,0.6599761051373954,0.26658701712465144
1,Enterococcus faecium,enterococcus_faecium,Ampicillin,4,1036,106,930,616,49,567,2467,157,2310,0.4708991645297378,0.9103137838806628,0.43941461935092496
1,Enterococcus faecium,enterococcus_faecium,Imipenem,35,1277,80,1197,616,24,592,2467,85,2382,0.4111572084753297,0.908292586556033,0.49713537808070324
1,Enterococcus faecium,enterococcus_faecium,Linezolid,39,2158,2132,26,608,593,15,2451,2373,78,0.5605962375873881,0.6611424465406766,0.10054620895328847
1,Enterococcus faecium,enterococcus_faecium,Teicoplanin,52,2070,1942,128,29,20,9,140,88,52,0.5090690559440559,0.3627622377622377,-0.14630681818181823
1,Enterococcus faecium,enterococcus_faecium,Vancomycin,56,2220,2012,208,617,337,280,2469,1342,1127,0.6088457413678878,0.8706168335279423,0.26177109216005445
1,Escherichia coli,escherichia_coli,Ampicillin,4,2654,949,1705,2374,1098,1276,9493,4393,5100,0.499099458586075,0.6614446557134122,0.16234519712733714
1,Escherichia coli,escherichia_coli,Ceftazidime,16,7535,6135,1400,2375,1918,457,9495,7675,1820,0.4538429681068118,0.7799949887246304,0.32615202061781856
1,Escherichia coli,escherichia_coli,Ceftriaxone,19,6090,4808,1282,1053,807,246,4167,3226,941,0.37057683552801923,0.8624993658722665,0.49192253034424727
1,Escherichia coli,escherichia_coli,Ciprofloxacin,22,7571,5220,2351,2372,1864,508,9490,7420,2070,0.5034691133768247,0.7364689701420628,0.23299985676523816
1,Escherichia coli,escherichia_coli,Cotrimoxazole,26,5784,3885,1899,2372,1723,649,9492,6948,2544,0.5412227807287198,0.6183015711050281,0.07707879037630838
1,Escherichia coli,escherichia_coli,Fosfomycin,31,2270,2139,131,693,684,9,2809,2762,47,0.49884064892846686,0.6109086847335419,0.11206803580507502
1,Escherichia coli,escherichia_coli,Gentamicin,33,2689,2397,292,2338,759,1579,9356,3164,6192,0.4514622115481989,0.6682107811310709,0.21674856958287203
1,Escherichia coli,escherichia_coli,Imipenem,35,7344,7335,9,2373,2367,6,9492,9470,22,0.5899035230872612,0.7441009887683594,0.15419746568109816
1,Escherichia coli,escherichia_coli,Meropenem,40,6718,6711,7,2375,2371,4,9493,9471,22,0.6152297443871724,0.6936221575911155,0.07839241320394308
1,Escherichia coli,escherichia_coli,Nitrofurantoin,44,2491,2460,31,1283,1263,20,5166,5084,82,0.5675229318186179,0.5495420832453801,-0.017980848573237784
1,Escherichia coli,escherichia_coli,Piperacillin-Tazobactam,48,5635,5184,451,2357,1822,535,9441,7266,2175,0.463390314201556,0.7445926073572077,0.28120229315565165
1,Haemophilus influenzae,haemophilus_influenzae,Ampicillin,4,397,322,75,44,34,10,179,134,45,0.5292703150912107,0.6043946932006633,0.0751243781094526
1,Haemophilus influenzae,haemophilus_influenzae,Ciprofloxacin,22,164,160,4,44,42,2,180,177,3,0.47269303201506585,0.4246704331450094,-0.04802259887005644
1,Haemophilus influenzae,haemophilus_influenzae,Levofloxacin,38,353,349,4,43,42,1,179,176,3,0.6846590909090909,0.680871212121212,-0.0037878787878788955
1,Klebsiella oxytoca,klebsiella_oxytoca,Ceftazidime,16,1227,1200,27,318,309,9,1274,1245,29,0.547971195125329,0.7187508655310899,0.17077967040576092
1,Klebsiella oxytoca,klebsiella_oxytoca,Ceftriaxone,19,892,822,70,224,217,7,906,878,28,0.48252928734136025,0.8224658314350797,0.33993654409371943
1,Klebsiella oxytoca,klebsiella_oxytoca,Ciprofloxacin,22,1233,1203,30,318,306,12,1274,1244,30,0.48963022508038584,0.6314844587352626,0.14185423365487676
1,Klebsiella oxytoca,klebsiella_oxytoca,Cotrimoxazole,26,844,819,25,318,308,10,1274,1253,21,0.5644168281837875,0.5217953103028921,-0.04262151788089541
1,Klebsiella oxytoca,klebsiella_oxytoca,Fosfomycin,31,438,297,141,72,52,20,263,188,75,0.47411347517730495,0.5507801418439717,0.07666666666666677
1,Klebsiella oxytoca,klebsiella_oxytoca,Gentamicin,33,523,511,12,313,124,189,1262,484,778,0.4463739403853917,0.752911948416155,0.30653800803076336
1,Klebsiella oxytoca,klebsiella_oxytoca,Piperacillin-Tazobactam,48,821,739,82,317,238,79,1275,963,312,0.48572669542295716,0.6933660835529994,0.2076393881300423
1,Klebsiella pneumoniae,klebsiella_pneumoniae,Ampicillin,4,3720,9,3711,810,4,806,3241,5,3236,0.5,0.806025957972806,0.30602595797280596
1,Klebsiella pneumoniae,klebsiella_pneumoniae,Ceftazidime,16,16451,14654,1797,810,606,204,3239,2457,782,0.35776246581873183,0.846985022176838,0.4892225563581062
1,Klebsiella pneumoniae,klebsiella_pneumoniae,Ceftriaxone,19,3385,2863,522,526,384,142,2113,1554,559,0.33666652852699364,0.8966513792095188,0.5599848506825251
1,Klebsiella pneumoniae,klebsiella_pneumoniae,Ciprofloxacin,22,19206,14262,4944,810,670,140,3239,2633,606,0.3913313378432412,0.7973327241573378,0.4060013863140966
1,Klebsiella pneumoniae,klebsiella_pneumoniae,Cotrimoxazole,26,3220,2540,680,809,674,135,3238,2644,594,0.38581573424614274,0.8029841404463189,0.4171684062001762
1,Klebsiella pneumoniae,klebsiella_pneumoniae,Ertapenem,29,18878,17334,1544,52,49,3,207,186,21,0.4779825908858167,0.8597030209933435,0.3817204301075268
1,Klebsiella pneumoniae,klebsiella_pneumoniae,Fosfomycin,31,15901,11554,4347,214,153,61,866,616,250,0.47385389610389606,0.502538961038961,0.028685064935064952
1,Klebsiella pneumoniae,klebsiella_pneumoniae,Gentamicin,33,16385,14259,2126,801,310,491,3210,1232,1978,0.34676243877457225,0.5774374450120153,0.23067500623744308
1,Klebsiella pneumoniae,klebsiella_pneumoniae,Imipenem,35,19040,18448,592,810,754,56,3237,2979,258,0.34368291216812263,0.9439480758071358,0.6002651636390132
1,Klebsiella pneumoniae,klebsiella_pneumoniae,Meropenem,40,18459,17983,476,810,754,56,3239,2980,259,0.3421924801119432,0.946852893161618,0.6046604130496749
1,Klebsiella pneumoniae,klebsiella_pneumoniae,Piperacillin-Tazobactam,48,3094,2619,475,808,535,273,3232,2148,1084,0.39935974080411196,0.7823833807472154,0.3830236399431034
1,Morganella morganii,morganella_morganii,Ceftazidime,16,809,642,167,105,82,23,423,319,104,0.5049131902580177,0.585212201591512,0.08029901133349426
1,Morganella morganii,morganella_morganii,Ceftriaxone,19,471,415,56,68,52,16,273,203,70,0.495707248416608,0.6362420830401125,0.14053483462350452
1,Morganella morganii,morganella_morganii,Ciprofloxacin,22,812,671,141,105,91,14,423,386,37,0.536584511973113,0.4972342809130374,-0.03935023106007557
1,Morganella morganii,morganella_morganii,Cotrimoxazole,26,441,394,47,105,94,11,423,393,30,0.49020356234096696,0.5357082273112809,0.04550466497031391
1,Morganella morganii,morganella_morganii,Gentamicin,33,464,427,37,105,38,67,419,148,271,0.4020020943452678,0.5566345866161364,0.15463249227086862
1,Morganella morganii,morganella_morganii,Piperacillin-Tazobactam,48,427,418,9,105,83,22,422,317,105,0.4974012317860898,0.5881928796755295,0.09079164788943966
1,Proteus mirabilis,proteus_mirabilis,Ampicillin,4,1456,831,625,503,364,139,2011,1384,627,0.5045997317255303,0.5374397304348628,0.03283999870933252
1,Proteus mirabilis,proteus_mirabilis,Ceftazidime,16,2363,2252,111,503,498,5,2012,1985,27,0.4695773859501819,0.5327269334826009,0.06314954753241903
1,Proteus mirabilis,proteus_mirabilis,Ciprofloxacin,22,2367,1792,575,503,443,60,2012,1720,292,0.6234220691302963,0.5810299856642243,-0.04239208346607204
1,Proteus mirabilis,proteus_mirabilis,Cotrimoxazole,26,1135,789,346,503,331,172,2012,1329,683,0.5029045716293914,0.5582324472544555,0.05532787562506414
1,Proteus mirabilis,proteus_mirabilis,Fosfomycin,31,1368,900,468,152,123,29,729,588,141,0.49308269407053595,0.4813528248178704,-0.011729869252665559
1,Proteus mirabilis,proteus_mirabilis,Gentamicin,33,1452,1218,234,495,192,303,2000,674,1326,0.465416056858717,0.5544491364224302,0.0890330795637132
1,Proteus mirabilis,proteus_mirabilis,Piperacillin-Tazobactam,48,1101,1093,8,498,493,5,1999,1973,26,0.5111115443097196,0.4744824359624157,-0.03662910834730393
1,Proteus vulgaris,proteus_vulgaris,Ceftazidime,16,434,430,4,94,90,4,379,364,15,0.4725274725274725,0.5785714285714285,0.106043956043956
1,Proteus vulgaris,proteus_vulgaris,Ciprofloxacin,22,435,431,4,94,91,3,380,378,2,0.3743386243386243,0.3657407407407407,-0.008597883597883604
1,Proteus vulgaris,proteus_vulgaris,Cotrimoxazole,26,389,364,25,92,76,16,380,341,39,0.4897360703812317,0.5908714940973006,0.10113542371606887
1,Proteus vulgaris,proteus_vulgaris,Fosfomycin,31,88,70,18,12,11,1,72,70,2,0.4785714285714286,0.5321428571428571,0.05357142857142855
1,Proteus vulgaris,proteus_vulgaris,Gentamicin,33,114,112,2,94,33,61,379,144,235,0.4959663120567375,0.40013297872340425,-0.09583333333333327
1,Pseudomonas aeruginosa,pseudomonas_aeruginosa,Amikacin,0,4397,4130,267,812,303,509,3228,1210,2018,0.4594005192933024,0.9416255764237564,0.48222505713045405
1,Pseudomonas aeruginosa,pseudomonas_aeruginosa,Ceftolozane-Tazobactam,18,82,70,12,20,16,4,68,58,10,0.49827586206896546,0.5120689655172413,0.01379310344827589
1,Pseudomonas aeruginosa,pseudomonas_aeruginosa,Meropenem,40,4809,4041,768,849,614,235,3405,2472,933,0.5190604220647458,0.5207544216554456,0.001693999590699824
1,Pseudomonas aeruginosa,pseudomonas_aeruginosa,Tobramycin,55,4769,4357,412,814,303,511,3239,1214,2025,0.4582659100616267,0.9435887892285477,0.485322879166921
1,Serratia marcescens,serratia_marcescens,Ceftazidime,16,1246,1185,61,208,189,19,832,758,74,0.5554981102474507,0.7257897739428082,0.17029166369535753
1,Serratia marcescens,serratia_marcescens,Ceftriaxone,19,964,924,40,175,159,16,681,624,57,0.6561797121007648,0.7953497525865947,0.13917004048582993
1,Serratia marcescens,serratia_marcescens,Ciprofloxacin,22,1247,1182,65,207,200,7,832,786,46,0.5067208762031198,0.5269664785927647,0.0202456023896449
1,Serratia marcescens,serratia_marcescens,Cotrimoxazole,26,943,936,7,207,206,1,832,822,10,0.5984793187347932,0.5372871046228711,-0.061192214111922105
1,Serratia marcescens,serratia_marcescens,Fosfomycin,31,329,277,52,26,21,5,112,93,19,0.4940577249575552,0.5843237125070742,0.09026598754951898
1,Serratia marcescens,serratia_marcescens,Gentamicin,33,389,378,11,208,78,130,829,312,517,0.5234185141100034,0.5822453255963894,0.05882681148638602
1,Serratia marcescens,serratia_marcescens,Imipenem,35,1217,1212,5,207,201,6,832,797,35,0.7434127979924718,0.8567126725219574,0.11329987452948553
1,Serratia marcescens,serratia_marcescens,Piperacillin-Tazobactam,48,939,901,38,207,184,23,832,752,80,0.5211186835106383,0.7293134973404255,0.20819481382978722
1,Staphylococcus aureus,staphylococcus_aureus,Clindamycin,24,6097,4979,1118,1500,1222,278,6005,4913,1092,0.5432387088452629,0.6663166198073586,0.12307791096209564
1,Staphylococcus aureus,staphylococcus_aureus,Cotrimoxazole,26,4479,4334,145,1502,1460,42,6004,5872,132,0.5110404539261828,0.6800526122946081,0.1690121583684253
1,Staphylococcus aureus,staphylococcus_aureus,Erythromycin,30,5634,4309,1325,1498,1206,292,6004,4830,1174,0.5622459182917666,0.6591539074706988,0.09690798917893217
1,Staphylococcus aureus,staphylococcus_aureus,Fosfomycin,31,2042,1989,53,1502,1488,14,6002,5934,68,0.6329266539780726,0.7291369277741431,0.0962102737960705
1,Staphylococcus aureus,staphylococcus_aureus,Fusidic acid,32,5515,5125,390,50,46,4,212,188,24,0.45234929078014185,0.5356826241134752,0.08333333333333337
1,Staphylococcus aureus,staphylococcus_aureus,Gentamicin,33,6402,6156,246,1502,1482,20,6004,5904,100,0.47507876016260164,0.5707300135501355,0.09565125338753389
1,Staphylococcus aureus,staphylococcus_aureus,Levofloxacin,38,2039,322,1717,1503,725,778,6004,2944,3060,0.5,0.9179119156720659,0.41791191567206587
1,Staphylococcus aureus,staphylococcus_aureus,Mupirocin,43,6343,6188,155,211,207,4,834,806,28,0.4902516838000709,0.4939959234314073,0.00374423963133641
1,Staphylococcus aureus,staphylococcus_aureus,Oxacillin,45,7214,5968,1246,1498,1224,274,6001,4914,1087,0.7335054379672594,0.8995530858456341,0.16604764787837467
1,Staphylococcus aureus,staphylococcus_aureus,Rifampicin,50,4770,4727,43,1499,1494,5,5998,5964,34,0.471872904091214,0.5490837179942399,0.07721081390302592
1,Staphylococcus aureus,staphylococcus_aureus,Tetracycline,53,5647,5280,367,1501,1400,101,6002,5645,357,0.52639851334688,0.6257638573587098,0.09936534401182973
1,Staphylococcus aureus,staphylococcus_aureus,Tigecycline,54,3985,3984,1,1496,1495,1,5990,5986,4,0.513364517206816,0.5825885399264952,0.0692240227196792
1,Staphylococcus capitis,staphylococcus_capitis,Clindamycin,24,368,317,51,100,81,19,413,324,89,0.5533534470800389,0.561832431682619,0.00847898460258012
1,Staphylococcus capitis,staphylococcus_capitis,Cotrimoxazole,26,368,355,13,101,98,3,405,401,4,0.5427057356608479,0.7038653366583542,0.16115960099750626
1,Staphylococcus capitis,staphylococcus_capitis,Erythromycin,30,374,328,46,102,83,19,415,332,83,0.5712730439831616,0.5839744520249673,0.01270140804180575
1,Staphylococcus capitis,staphylococcus_capitis,Gentamicin,33,369,347,22,101,91,10,402,378,24,0.48131613756613756,0.46191578483245155,-0.01940035273368601
1,Staphylococcus capitis,staphylococcus_capitis,Oxacillin,45,415,338,77,102,75,27,414,302,112,0.5265048486281929,0.6207870151371807,0.0942821665089878
1,Staphylococcus capitis,staphylococcus_capitis,Rifampicin,50,395,392,3,99,98,1,400,399,1,0.7005012531328321,0.418546365914787,-0.28195488721804507
1,Staphylococcus capitis,staphylococcus_capitis,Tetracycline,53,364,319,45,101,84,17,402,350,52,0.447032967032967,0.4520604395604396,0.005027472527472598
1,Staphylococcus epidermidis,staphylococcus_epidermidis,Clindamycin,24,5065,2508,2557,741,378,363,2964,1409,1555,0.6275808479708991,0.7129804038804287,0.08539955590952963
1,Staphylococcus epidermidis,staphylococcus_epidermidis,Cotrimoxazole,26,4566,2993,1573,742,553,189,2955,2135,820,0.6204535328725653,0.7830887644942023,0.16263523162163696
1,Staphylococcus epidermidis,staphylococcus_epidermidis,Erythromycin,30,5089,1945,3144,742,273,469,2965,960,2005,0.5518012261014131,0.6709850374064837,0.11918381130507061
1,Staphylococcus epidermidis,staphylococcus_epidermidis,Fosfomycin,31,898,845,53,738,598,140,2953,2433,520,0.5525249770779981,0.7674673559075531,0.21494237882955503
1,Staphylococcus epidermidis,staphylococcus_epidermidis,Gentamicin,33,5115,2840,2275,741,512,229,2952,1980,972,0.6518401608679387,0.7809413580246914,0.12910119715675272
1,Staphylococcus epidermidis,staphylococcus_epidermidis,Levofloxacin,38,883,128,755,740,212,528,2953,910,2043,0.5932723908494835,0.7267237901599135,0.13345139931043004
1,Staphylococcus epidermidis,staphylococcus_epidermidis,Linezolid,39,5293,5263,30,742,727,15,2957,2895,62,0.7268928631121512,0.8737979831745502,0.14690512006239898
1,Staphylococcus epidermidis,staphylococcus_epidermidis,Oxacillin,45,5537,1664,3873,740,256,484,2971,982,1989,0.6446607051614839,0.7503210120018554,0.10566030684037153
1,Staphylococcus epidermidis,staphylococcus_epidermidis,Rifampicin,50,4999,4560,439,736,674,62,2948,2707,241,0.6319040692104534,0.7461476087046492,0.11424353949419586
1,Staphylococcus epidermidis,staphylococcus_epidermidis,Tetracycline,53,4953,2488,2465,740,442,298,2952,1631,1321,0.7139967909787238,0.7207009720354728,0.00670418105674897
1,Staphylococcus epidermidis,staphylococcus_epidermidis,Tigecycline,54,4582,4568,14,740,739,1,2948,2939,9,0.6126989527806133,0.7228649200408302,0.11016596726021699
1,Staphylococcus epidermidis,staphylococcus_epidermidis,Vancomycin,56,5684,5682,2,739,738,1,2957,2955,2,0.8626903553299492,0.700253807106599,-0.16243654822335019
1,Staphylococcus haemolyticus,staphylococcus_haemolyticus,Clindamycin,24,283,114,169,100,29,71,397,133,264,0.5,0.6730177717019822,0.17301777170198218
1,Staphylococcus haemolyticus,staphylococcus_haemolyticus,Cotrimoxazole,26,231,113,118,100,42,58,400,157,243,0.7733349060312967,0.8483394930670232,0.07500458703572643
1,Staphylococcus haemolyticus,staphylococcus_haemolyticus,Erythromycin,30,287,57,230,100,17,83,399,64,335,0.6422574626865671,0.8670475746268657,0.22479011194029852
1,Staphylococcus haemolyticus,staphylococcus_haemolyticus,Fosfomycin,31,60,15,45,100,4,96,398,7,391,0.4581658750456704,0.3591523565948118,-0.0990135184508586
1,Staphylococcus haemolyticus,staphylococcus_haemolyticus,Gentamicin,33,278,95,183,100,31,69,400,120,280,0.7363095238095239,0.9086607142857143,0.1723511904761904
1,Staphylococcus haemolyticus,staphylococcus_haemolyticus,Levofloxacin,38,60,8,52,100,23,77,400,70,330,0.5072727272727273,0.8986363636363637,0.39136363636363636
1,Staphylococcus haemolyticus,staphylococcus_haemolyticus,Oxacillin,45,290,81,209,100,25,75,404,78,326,0.4719600440459336,0.905006292276231,0.43304624823029736
1,Staphylococcus haemolyticus,staphylococcus_haemolyticus,Rifampicin,50,259,235,24,100,87,13,397,348,49,0.5985221674876847,0.6659629368988975,0.0674407694112128
1,Staphylococcus haemolyticus,staphylococcus_haemolyticus,Tetracycline,53,285,182,103,100,43,57,399,179,220,0.6921533773489081,0.7225368207211782,0.030383443372270058
1,Staphylococcus haemolyticus,staphylococcus_haemolyticus,Tigecycline,54,255,248,7,100,99,1,401,400,1,0.81,0.9725,0.16249999999999998
1,Staphylococcus hominis,staphylococcus_hominis,Clindamycin,24,743,532,211,124,76,48,506,319,187,0.526821785995675,0.5632910331416694,0.03646924714599442
1,Staphylococcus hominis,staphylococcus_hominis,Cotrimoxazole,26,710,670,40,124,97,27,504,387,117,0.5722962079551227,0.5707612800636056,-0.0015349278915171016
1,Staphylococcus hominis,staphylococcus_hominis,Erythromycin,30,740,324,416,127,53,74,508,186,322,0.5167217658451879,0.5260719294730515,0.009350163627863561
1,Staphylococcus hominis,staphylococcus_hominis,Fosfomycin,31,56,15,41,124,6,118,502,12,490,0.45782312925170066,0.5930272108843537,0.13520408163265307
1,Staphylococcus hominis,staphylococcus_hominis,Gentamicin,33,742,676,66,124,97,27,502,420,82,0.5473722415795587,0.5891840882694541,0.04181184668989546
1,Staphylococcus hominis,staphylococcus_hominis,Levofloxacin,38,56,37,19,124,51,73,502,238,264,0.5236105805958747,0.5350140056022408,0.011403425006366041
1,Staphylococcus hominis,staphylococcus_hominis,Oxacillin,45,741,503,238,126,62,64,508,268,240,0.6100746268656716,0.5979477611940298,-0.012126865671641784
1,Staphylococcus hominis,staphylococcus_hominis,Rifampicin,50,758,746,12,123,120,3,504,494,10,0.6283400809716599,0.5824898785425101,-0.04585020242914983
1,Staphylococcus hominis,staphylococcus_hominis,Tetracycline,53,720,483,237,124,73,51,502,321,181,0.4975645858074732,0.5060584155178052,0.008493829710331968
1,Staphylococcus lugdunensis,staphylococcus_lugdunensis,Clindamycin,24,463,418,45,64,53,11,257,228,29,0.6281004234724743,0.6661373260738052,0.03803690260133086
1,Staphylococcus lugdunensis,staphylococcus_lugdunensis,Erythromycin,30,394,360,34,64,53,11,258,230,28,0.5869565217391304,0.6598602484472049,0.07290372670807455
1,Staphylococcus lugdunensis,staphylococcus_lugdunensis,Levofloxacin,38,96,25,71,64,41,23,257,142,115,0.5,0.6766074709124312,0.17660747091243123
1,Staphylococcus lugdunensis,staphylococcus_lugdunensis,Oxacillin,45,473,456,17,64,59,5,255,240,15,0.46791666666666665,0.4908333333333334,0.022916666666666752
1,Staphylococcus lugdunensis,staphylococcus_lugdunensis,Tetracycline,53,393,377,16,64,59,5,257,236,21,0.553773204196933,0.5981638418079096,0.04439063761097661
1,Streptococcus pneumoniae,streptococcus_pneumoniae,Azithromycin,7,144,93,51,15,14,1,61,56,5,0.4732142857142857,0.4375,-0.0357142857142857
1,Streptococcus pneumoniae,streptococcus_pneumoniae,Clarithromycin,23,446,348,98,15,14,1,61,56,5,0.41785714285714287,0.43392857142857144,0.01607142857142857
1,Streptococcus pneumoniae,streptococcus_pneumoniae,Clindamycin,24,201,161,40,15,14,1,62,59,3,0.5819209039548022,0.307909604519774,-0.2740112994350282
1,Streptococcus pneumoniae,streptococcus_pneumoniae,Erythromycin,30,172,115,57,15,14,1,61,56,5,0.45714285714285713,0.4357142857142857,-0.021428571428571408
2,Candida albicans,candida_albicans,Caspofungin,10,315,298,17,246,244,2,988,984,4,0.3744918699186992,0.4336890243902439,0.05919715447154472
2,Candida albicans,candida_albicans,Voriconazole,57,309,300,9,273,272,1,1126,1119,7,0.5997702029873612,0.5594918932720541,-0.0402783097153071
2,Citrobacter freundii,citrobacter_freundii,Ceftazidime,16,625,424,201,110,64,46,440,254,186,0.498761747523495,0.7349610532554399,0.23619930573194492
2,Citrobacter freundii,citrobacter_freundii,Ceftriaxone,19,476,321,155,80,46,34,311,176,135,0.4389730639730639,0.7897727272727273,0.3507996632996634
2,Citrobacter freundii,citrobacter_freundii,Ciprofloxacin,22,644,600,44,110,101,9,441,395,46,0.4344799119427628,0.6305448541552008,0.19606494221243798
2,Citrobacter freundii,citrobacter_freundii,Cotrimoxazole,26,463,432,31,110,103,7,441,407,34,0.5221491545020956,0.6435539817892759,0.12140482728718027
2,Citrobacter freundii,citrobacter_freundii,Gentamicin,33,238,224,14,110,42,68,441,177,264,0.4625492210237973,0.5510935627461051,0.0885443417223078
2,Citrobacter freundii,citrobacter_freundii,Imipenem,35,613,607,6,109,107,2,441,433,8,0.39376443418013857,0.7435046189376443,0.34974018475750573
2,Citrobacter freundii,citrobacter_freundii,Meropenem,40,574,570,4,109,107,2,440,433,7,0.4274166941603431,0.6892114813592873,0.2617947871989442
2,Citrobacter freundii,citrobacter_freundii,Piperacillin-Tazobactam,48,442,306,136,110,64,46,441,253,188,0.4087229837692372,0.7398557732739046,0.3311327895046674
2,Citrobacter koseri,citrobacter_koseri,Ceftazidime,16,851,833,18,111,104,7,446,431,15,0.5128383604021656,0.4745552977571539,-0.03828306264501169
2,Citrobacter koseri,citrobacter_koseri,Ceftriaxone,19,628,620,8,67,63,4,270,261,9,0.5553426990208599,0.5610898254576415,0.005747126436781658
2,Citrobacter koseri,citrobacter_koseri,Ciprofloxacin,22,849,832,17,111,109,2,446,443,3,0.5259593679458239,0.8570353649360422,0.3310759969902183
2,Citrobacter koseri,citrobacter_koseri,Cotrimoxazole,26,586,573,13,111,110,1,446,442,4,0.5735294117647058,0.5740950226244343,0.0005656108597285048
2,Citrobacter koseri,citrobacter_koseri,Gentamicin,33,382,381,1,109,46,63,439,164,275,0.44268292682926824,0.5984146341463414,0.1557317073170732
2,Citrobacter koseri,citrobacter_koseri,Piperacillin-Tazobactam,48,558,538,20,111,100,11,446,399,47,0.5138377859542472,0.5021863168559698,-0.011651469098277412
2,Enterobacter cloacae complex,enterobacter_cloacae_complex,Ceftazidime,16,1568,1124,444,386,240,146,1542,935,607,0.4521200962038253,0.7560651578288945,0.3039450616250692
2,Enterobacter cloacae complex,enterobacter_cloacae_complex,Ceftriaxone,19,1488,1059,429,287,176,111,1158,706,452,0.45816045777031267,0.790891599187746,0.3327311414174333
2,Enterobacter cloacae complex,enterobacter_cloacae_complex,Ciprofloxacin,22,1600,1514,86,386,367,19,1542,1481,61,0.46735701398036333,0.6412924364352841,0.17393542245492077
2,Enterobacter cloacae complex,enterobacter_cloacae_complex,Cotrimoxazole,26,1427,1316,111,386,372,14,1542,1459,83,0.4283632129615102,0.6564819937735865,0.22811878081207632
2,Enterobacter cloacae complex,enterobacter_cloacae_complex,Fosfomycin,31,245,124,121,68,25,43,271,127,144,0.4705818022747157,0.5076279527559056,0.037046150481189866
2,Enterobacter cloacae complex,enterobacter_cloacae_complex,Gentamicin,33,336,333,3,386,154,232,1536,607,929,0.400743567599392,0.6126940271642463,0.21195045956485425
2,Enterobacter cloacae complex,enterobacter_cloacae_complex,Imipenem,35,1541,1537,4,386,377,9,1542,1513,29,0.46432071472525466,0.6303188458645759,0.16599813113932121
2,Enterobacter cloacae complex,enterobacter_cloacae_complex,Meropenem,40,1416,1413,3,386,382,4,1542,1529,13,0.4487347185188912,0.6618453488957086,0.21311063037681738
2,Enterobacter cloacae complex,enterobacter_cloacae_complex,Piperacillin-Tazobactam,48,1405,1037,368,386,237,149,1543,929,614,0.4564336630400101,0.7542706423144215,0.29783697927441144
2,Enterococcus faecalis,enterococcus_faecalis,Ampicillin,4,3837,3829,8,1048,1045,3,4189,4181,8,0.4738997847404927,0.5627391772303277,0.08883939248983502
2,Enterococcus faecalis,enterococcus_faecalis,Imipenem,35,4100,1133,2967,1046,639,407,4188,2566,1622,0.5168770116279181,0.956362150208599,0.43948513858068095
2,Enterococcus faecalis,enterococcus_faecalis,Linezolid,39,4244,4228,16,1031,1030,1,4127,4118,9,0.5236765420106848,0.6156575468134478,0.09198100480276294
2,Enterococcus faecalis,enterococcus_faecalis,Nitrofurantoin,44,3394,3368,26,481,475,6,1902,1891,11,0.39861064371905197,0.5661506658333734,0.1675400221143214
2,Enterococcus faecalis,enterococcus_faecalis,Vancomycin,56,4265,4254,11,1045,1044,1,4189,4186,3,0.11486701704093007,0.5181159420289855,0.4032489249880554
2,Enterococcus faecium,enterococcus_faecium,Ampicillin,4,1036,106,930,615,44,571,2468,162,2306,0.43609933292645064,0.8858560063388048,0.44975667341235415
2,Enterococcus faecium,enterococcus_faecium,Imipenem,35,1277,80,1197,615,25,590,2468,84,2384,0.3986622123681688,0.9001677852348994,0.5015055728667306
2,Enterococcus faecium,enterococcus_faecium,Linezolid,39,2158,2132,26,611,591,20,2448,2375,73,0.461831290555155,0.6734304253785147,0.21159913482335974
2,Enterococcus faecium,enterococcus_faecium,Teicoplanin,52,2070,1942,128,28,20,8,141,88,53,0.53795025728988,0.2915951972555746,-0.2463550600343054
2,Enterococcus faecium,enterococcus_faecium,Vancomycin,56,2220,2012,208,616,333,283,2470,1346,1124,0.4488847276496063,0.866488554462147,0.4176038268125407
2,Escherichia coli,escherichia_coli,Ampicillin,4,2654,949,1705,2372,1108,1264,9495,4383,5112,0.47765929557112996,0.6513522601372425,0.1736929645661125
2,Escherichia coli,escherichia_coli,Ceftazidime,16,7535,6135,1400,2373,1912,461,9497,7681,1816,0.42798230028097256,0.7777648892771052,0.3497825889961326
2,Escherichia coli,escherichia_coli,Ceftriaxone,19,6090,4808,1282,1040,797,243,4180,3236,944,0.3190146995663196,0.8650276091533804,0.5460129095870607
2,Escherichia coli,escherichia_coli,Ciprofloxacin,22,7571,5220,2351,2370,1874,496,9492,7410,2082,0.48711343681008473,0.7215705338866266,0.2344570970765419
2,Escherichia coli,escherichia_coli,Cotrimoxazole,26,5784,3885,1899,2370,1727,643,9494,6944,2550,0.5015447953374899,0.6086155631607482,0.1070707678232583
2,Escherichia coli,escherichia_coli,Ertapenem,29,6785,6724,61,146,143,3,604,601,3,0.6433721575152523,0.5745978924015529,-0.06877426511369944
2,Escherichia coli,escherichia_coli,Fosfomycin,31,2270,2139,131,714,702,12,2788,2744,44,0.5200768619135966,0.6113006891068116,0.09122382719321498
2,Escherichia coli,escherichia_coli,Gentamicin,33,2689,2397,292,2331,752,1579,9363,3171,6192,0.4038857322537825,0.7301669808022804,0.3262812485484979
2,Escherichia coli,escherichia_coli,Imipenem,35,7344,7335,9,2370,2361,9,9495,9476,19,0.48259592099708953,0.720568305525316,0.2379723845282265
2,Escherichia coli,escherichia_coli,Meropenem,40,6718,6711,7,2373,2364,9,9495,9478,17,0.556238595881484,0.6971872944155506,0.14094869853406655
2,Escherichia coli,escherichia_coli,Nitrofurantoin,44,2491,2460,31,1295,1277,18,5154,5070,84,0.5347856203625435,0.5863236122851507,0.05153799192260722
2,Escherichia coli,escherichia_coli,Piperacillin-Tazobactam,48,5635,5184,451,2354,1805,549,9444,7283,2161,0.4349335133074092,0.7429997262138862,0.308066212906477
2,Haemophilus influenzae,haemophilus_influenzae,Ampicillin,4,397,322,75,44,33,11,179,135,44,0.5,0.6595117845117846,0.1595117845117846
2,Haemophilus influenzae,haemophilus_influenzae,Levofloxacin,38,353,349,4,44,43,1,178,175,3,0.7066666666666666,0.6619047619047619,-0.04476190476190467
2,Klebsiella oxytoca,klebsiella_oxytoca,Ceftazidime,16,1227,1200,27,318,309,9,1274,1245,29,0.589073535521396,0.708876886857776,0.11980335133637998
2,Klebsiella oxytoca,klebsiella_oxytoca,Ceftriaxone,19,892,822,70,219,213,6,911,882,29,0.5950621627961529,0.8137070920322151,0.21864492923606227
2,Klebsiella oxytoca,klebsiella_oxytoca,Ciprofloxacin,22,1233,1203,30,318,309,9,1274,1241,33,0.5339047200449296,0.59954093717188,0.06563621712695034
2,Klebsiella oxytoca,klebsiella_oxytoca,Cotrimoxazole,26,844,819,25,318,311,7,1274,1250,24,0.5916499999999999,0.5313000000000001,-0.06034999999999979
2,Klebsiella oxytoca,klebsiella_oxytoca,Fosfomycin,31,438,297,141,64,43,21,271,197,74,0.47722595692138836,0.4590478803676773,-0.018178076553711064
2,Klebsiella oxytoca,klebsiella_oxytoca,Gentamicin,33,523,511,12,313,119,194,1262,489,773,0.4705606129149173,0.8473228623507593,0.37676224943584197
2,Klebsiella oxytoca,klebsiella_oxytoca,Piperacillin-Tazobactam,48,821,739,82,318,237,81,1274,964,310,0.5173704992638202,0.6802871101592826,0.1629166108954624
2,Klebsiella pneumoniae,klebsiella_pneumoniae,Ampicillin,4,3720,9,3711,810,3,807,3241,6,3235,0.5,0.8330242143225142,0.33302421432251417
2,Klebsiella pneumoniae,klebsiella_pneumoniae,Ceftazidime,16,16451,14654,1797,810,608,202,3239,2455,784,0.3022956585893013,0.8361657799576042,0.5338701213683029
2,Klebsiella pneumoniae,klebsiella_pneumoniae,Ceftriaxone,19,3385,2863,522,527,386,141,2112,1552,560,0.2655484858247423,0.8890406388070693,0.623492152982327
2,Klebsiella pneumoniae,klebsiella_pneumoniae,Ciprofloxacin,22,19206,14262,4944,810,668,142,3239,2635,604,0.33319175138545065,0.7933083679957776,0.460116616610327
2,Klebsiella pneumoniae,klebsiella_pneumoniae,Cotrimoxazole,26,3220,2540,680,810,665,145,3237,2653,584,0.33389604170001397,0.7760602497043925,0.4421642080043785
2,Klebsiella pneumoniae,klebsiella_pneumoniae,Ertapenem,29,18878,17334,1544,51,45,6,208,190,18,0.34678362573099414,0.8687134502923977,0.5219298245614035
2,Klebsiella pneumoniae,klebsiella_pneumoniae,Fosfomycin,31,15901,11554,4347,213,157,56,867,612,255,0.5157215173651161,0.5182654107394592,0.0025438933743431313
2,Klebsiella pneumoniae,klebsiella_pneumoniae,Gentamicin,33,16385,14259,2126,801,305,496,3210,1237,1973,0.42626775126290617,0.5866501734613728,0.16038242219846666
2,Klebsiella pneumoniae,klebsiella_pneumoniae,Imipenem,35,19040,18448,592,810,745,65,3237,2988,249,0.18499903227367304,0.9576586130331232,0.7726595807594501
2,Klebsiella pneumoniae,klebsiella_pneumoniae,Meropenem,40,18459,17983,476,810,745,65,3239,2989,250,0.18459217129474742,0.9598139846102376,0.7752218133154902
2,Klebsiella pneumoniae,klebsiella_pneumoniae,Piperacillin-Tazobactam,48,3094,2619,475,806,537,269,3234,2146,1088,0.3347969546625733,0.7621074262650074,0.42731047160243407
2,Morganella morganii,morganella_morganii,Ceftazidime,16,809,642,167,105,80,25,423,321,102,0.5035733919736118,0.5107659886384461,0.007192596664834294
2,Morganella morganii,morganella_morganii,Ceftriaxone,19,471,415,56,67,51,16,274,204,70,0.506547619047619,0.5755602240896359,0.0690126050420169
2,Morganella morganii,morganella_morganii,Ciprofloxacin,22,812,671,141,105,97,8,423,380,43,0.5139534883720931,0.5833843329253366,0.06943084455324355
2,Morganella morganii,morganella_morganii,Cotrimoxazole,26,441,394,47,105,98,7,423,389,34,0.4884318766066838,0.5977241796461514,0.10929230303946763
2,Morganella morganii,morganella_morganii,Gentamicin,33,464,427,37,104,40,64,420,146,274,0.47026547345265474,0.49721277872212777,0.026947305269473032
2,Morganella morganii,morganella_morganii,Piperacillin-Tazobactam,48,427,418,9,105,78,27,422,322,100,0.5037888198757764,0.5084937888198757,0.00470496894409933
2,Proteus mirabilis,proteus_mirabilis,Ampicillin,4,1456,831,625,503,360,143,2011,1388,623,0.5473289743316943,0.5457897548813263,-0.0015392194503679457
2,Proteus mirabilis,proteus_mirabilis,Ceftazidime,16,2363,2252,111,503,494,9,2012,1989,23,0.5644741731698253,0.5204712877347148,-0.04400288543511044
2,Proteus mirabilis,proteus_mirabilis,Ceftriaxone,19,1220,1167,53,277,274,3,1074,1072,2,0.5876865671641791,0.6177705223880596,0.03008395522388052
2,Proteus mirabilis,proteus_mirabilis,Ciprofloxacin,22,2367,1792,575,503,443,60,2012,1720,292,0.5863192895826697,0.604342545396623,0.018023255813953365
2,Proteus mirabilis,proteus_mirabilis,Cotrimoxazole,26,1135,789,346,503,342,161,2012,1318,694,0.5315619902655757,0.5629271929786202,0.03136520271304444
2,Proteus mirabilis,proteus_mirabilis,Fosfomycin,31,1368,900,468,169,138,31,712,573,139,0.5319032731929639,0.5122729041897373,-0.019630369003226678
2,Proteus mirabilis,proteus_mirabilis,Gentamicin,33,1452,1218,234,501,153,348,1994,713,1281,0.37127649441125177,0.6159611891568757,0.24468469474562393
2,Proteus mirabilis,proteus_mirabilis,Meropenem,40,2153,2143,10,502,501,1,2011,2010,1,0.9885572139303483,0.9885572139303482,-1.1102230246251565e-16
2,Proteus mirabilis,proteus_mirabilis,Piperacillin-Tazobactam,48,1101,1093,8,498,490,8,1999,1976,23,0.524236490054568,0.4856979405034325,-0.03853854955113545
2,Proteus vulgaris,proteus_vulgaris,Ceftazidime,16,434,430,4,94,89,5,379,365,14,0.3510763209393346,0.4537181996086106,0.10264187866927599
2,Proteus vulgaris,proteus_vulgaris,Cotrimoxazole,26,389,364,25,94,83,11,378,334,44,0.5273203592814372,0.5603225367446925,0.03300217746325529
2,Proteus vulgaris,proteus_vulgaris,Gentamicin,33,114,112,2,94,33,61,379,144,235,0.4391400709219858,0.5274970449172577,0.08835697399527187
2,Pseudomonas aeruginosa,pseudomonas_aeruginosa,Amikacin,0,4397,4130,267,810,308,502,3230,1205,2025,0.4030633676553455,0.949146662568516,0.5460832949131704
2,Pseudomonas aeruginosa,pseudomonas_aeruginosa,Cefepime,11,5080,2998,2082,817,1,816,3252,1,3251,0.47754537065518304,0.48292832974469396,0.005382959089510919
2,Pseudomonas aeruginosa,pseudomonas_aeruginosa,Ceftolozane-Tazobactam,18,82,70,12,18,14,4,70,60,10,0.5850000000000001,0.5091666666666667,-0.07583333333333342
2,Pseudomonas aeruginosa,pseudomonas_aeruginosa,Meropenem,40,4809,4041,768,850,612,238,3404,2474,930,0.4662672438521918,0.5417218643787867,0.07545462052659485
2,Pseudomonas aeruginosa,pseudomonas_aeruginosa,Tobramycin,55,4769,4357,412,815,309,506,3238,1208,2030,0.4032286807164062,0.9510260007177112,0.5477973200013049
2,Serratia marcescens,serratia_marcescens,Ceftazidime,16,1246,1185,61,208,188,20,832,759,73,0.609805620228491,0.6750952045770389,0.06528958434854781
2,Serratia marcescens,serratia_marcescens,Ceftriaxone,19,964,924,40,174,157,17,682,626,56,0.6352835463258786,0.752110908261068,0.11682736193518939
2,Serratia marcescens,serratia_marcescens,Ciprofloxacin,22,1247,1182,65,207,195,12,832,791,41,0.5314051370602202,0.46632851284265053,-0.06507662421756966
2,Serratia marcescens,serratia_marcescens,Cotrimoxazole,26,943,936,7,207,205,2,832,823,9,0.4775212636695018,0.49473471040907246,0.017213446739570648
2,Serratia marcescens,serratia_marcescens,Fosfomycin,31,329,277,52,27,21,6,111,93,18,0.467741935483871,0.5462962962962964,0.0785543608124254
2,Serratia marcescens,serratia_marcescens,Gentamicin,33,389,378,11,207,66,141,830,324,506,0.5277228809837505,0.7395269116283608,0.21180403064461029
2,Serratia marcescens,serratia_marcescens,Imipenem,35,1217,1212,5,207,195,12,832,803,29,0.7442993945119596,0.8738781294284365,0.12957873491647687
2,Serratia marcescens,serratia_marcescens,Piperacillin-Tazobactam,48,939,901,38,207,186,21,832,750,82,0.5606666666666666,0.6633414634146342,0.10267479674796753
2,Staphylococcus aureus,staphylococcus_aureus,Clindamycin,24,6097,4979,1118,1499,1209,290,6006,4926,1080,0.4771306070585405,0.6978284161140433,0.22069780905550285
2,Staphylococcus aureus,staphylococcus_aureus,Cotrimoxazole,26,4479,4334,145,1500,1469,31,6006,5863,143,0.49649335825354923,0.6565721503466685,0.16007879209311926
2,Staphylococcus aureus,staphylococcus_aureus,Erythromycin,30,5634,4309,1325,1499,1192,307,6003,4844,1159,0.5321953490758071,0.6975746838906229,0.16537933481481581
2,Staphylococcus aureus,staphylococcus_aureus,Fosfomycin,31,2042,1989,53,1500,1487,13,6004,5935,69,0.6194766980452486,0.7654872226902556,0.14601052464500697
2,Staphylococcus aureus,staphylococcus_aureus,Fusidic acid,32,5515,5125,390,49,39,10,213,195,18,0.44515669515669515,0.37749287749287747,-0.06766381766381768
2,Staphylococcus aureus,staphylococcus_aureus,Gentamicin,33,6402,6156,246,1500,1477,23,6006,5909,97,0.5483108939185901,0.5718038009466601,0.023492907028069943
2,Staphylococcus aureus,staphylococcus_aureus,Levofloxacin,38,2039,322,1717,1500,766,734,6007,2903,3104,0.5,0.9206581975276198,0.4206581975276198
2,Staphylococcus aureus,staphylococcus_aureus,Mupirocin,43,6343,6188,155,213,208,5,832,805,27,0.5873936047849091,0.5463768115942029,-0.04101679319070617
2,Staphylococcus aureus,staphylococcus_aureus,Oxacillin,45,7214,5968,1246,1497,1225,272,6002,4913,1089,0.6768245899215682,0.901633416862031,0.22480882694046278
2,Staphylococcus aureus,staphylococcus_aureus,Rifampicin,50,4770,4727,43,1496,1492,4,6001,5966,35,0.565899621665629,0.6161893587471864,0.05028973708155737
2,Staphylococcus aureus,staphylococcus_aureus,Tetracycline,53,5647,5280,367,1499,1407,92,6004,5638,366,0.510790847430686,0.6466953362914027,0.1359044888607167
2,Staphylococcus capitis,staphylococcus_capitis,Clindamycin,24,368,317,51,102,78,24,411,327,84,0.5377166156982671,0.5402468326780253,0.002530216979758193
2,Staphylococcus capitis,staphylococcus_capitis,Cotrimoxazole,26,368,355,13,103,102,1,403,397,6,0.41939546599496225,0.38035264483627207,-0.03904282115869018
2,Staphylococcus capitis,staphylococcus_capitis,Erythromycin,30,374,328,46,103,80,23,414,335,79,0.516890232382392,0.5586057056489703,0.04171547326657832
2,Staphylococcus capitis,staphylococcus_capitis,Gentamicin,33,369,347,22,101,91,10,402,378,24,0.5535163139329806,0.5357694003527337,-0.017746913580246937
2,Staphylococcus capitis,staphylococcus_capitis,Oxacillin,45,415,338,77,103,73,30,413,304,109,0.4893469338483824,0.538357073877354,0.04901014002897158
2,Staphylococcus capitis,staphylococcus_capitis,Tetracycline,53,364,319,45,101,91,10,402,343,59,0.4965162820576172,0.4578494836191135,-0.038666798438503736
2,Staphylococcus epidermidis,staphylococcus_epidermidis,Clindamycin,24,5065,2508,2557,743,357,386,2962,1430,1532,0.5092299019518342,0.6999986306122076,0.19076872866037342
2,Staphylococcus epidermidis,staphylococcus_epidermidis,Cotrimoxazole,26,4566,2993,1573,740,534,206,2957,2154,803,0.6082147841601423,0.7719143971481133,0.16369961298797098
2,Staphylococcus epidermidis,staphylococcus_epidermidis,Erythromycin,30,5089,1945,3144,740,245,495,2967,988,1979,0.4673686563164237,0.6632607970737275,0.19589214075730382
2,Staphylococcus epidermidis,staphylococcus_epidermidis,Fosfomycin,31,898,845,53,739,605,134,2952,2426,526,0.738958729730831,0.7478042060190774,0.00884547628824639
2,Staphylococcus epidermidis,staphylococcus_epidermidis,Gentamicin,33,5115,2840,2275,739,492,247,2954,2000,954,0.6100702306079664,0.763924790356394,0.15385455974842766
2,Staphylococcus epidermidis,staphylococcus_epidermidis,Levofloxacin,38,883,128,755,739,224,515,2954,898,2056,0.5263463771632595,0.7070340596916624,0.18068768252840295
2,Staphylococcus epidermidis,staphylococcus_epidermidis,Linezolid,39,5293,5263,30,740,724,16,2959,2898,61,0.7104419101924447,0.8878932898890133,0.17745137969656855
2,Staphylococcus epidermidis,staphylococcus_epidermidis,Oxacillin,45,5537,1664,3873,742,259,483,2969,979,1990,0.5699842419451703,0.7271367049753363,0.15715246303016606
2,Staphylococcus epidermidis,staphylococcus_epidermidis,Rifampicin,50,4999,4560,439,738,668,70,2946,2713,233,0.6402443172200611,0.7426759411449246,0.10243162392486349
2,Staphylococcus epidermidis,staphylococcus_epidermidis,Tetracycline,53,4953,2488,2465,738,401,337,2954,1672,1282,0.6042727235405205,0.7149018616247043,0.11062913808418373
2,Staphylococcus epidermidis,staphylococcus_epidermidis,Tigecycline,54,4582,4568,14,739,735,4,2949,2943,6,0.6772567674708347,0.6681390870993318,-0.009117680371502956
2,Staphylococcus epidermidis,staphylococcus_epidermidis,Vancomycin,56,5684,5682,2,740,739,1,2956,2954,2,0.32972241029113064,0.446513202437373,0.11679079214624238
2,Staphylococcus haemolyticus,staphylococcus_haemolyticus,Clindamycin,24,283,114,169,100,29,71,397,133,264,0.5,0.6812200956937798,0.18122009569377984
2,Staphylococcus haemolyticus,staphylococcus_haemolyticus,Cotrimoxazole,26,231,113,118,100,38,62,400,161,239,0.7708880168403545,0.8465006886873359,0.0756126718469814
2,Staphylococcus haemolyticus,staphylococcus_haemolyticus,Erythromycin,30,287,57,230,100,13,87,399,68,331,0.7141238670694865,0.8463879509507731,0.13226408388128663
2,Staphylococcus haemolyticus,staphylococcus_haemolyticus,Fosfomycin,31,60,15,45,99,6,93,399,5,394,0.5129441624365483,0.5370558375634518,0.024111675126903487
2,Staphylococcus haemolyticus,staphylococcus_haemolyticus,Gentamicin,33,278,95,183,100,30,70,400,121,279,0.8182410616428211,0.9111792410912646,0.09293817944844351
2,Staphylococcus haemolyticus,staphylococcus_haemolyticus,Levofloxacin,38,60,8,52,100,15,85,400,78,322,0.7679964962573658,0.8799370918936137,0.11194059563624792
2,Staphylococcus haemolyticus,staphylococcus_haemolyticus,Oxacillin,45,290,81,209,100,14,86,404,89,315,0.8267701087925808,0.8976993044408775,0.0709291956482967
2,Staphylococcus haemolyticus,staphylococcus_haemolyticus,Rifampicin,50,259,235,24,100,86,14,397,349,48,0.5947648042024833,0.7369269340974212,0.14216212989493782
2,Staphylococcus haemolyticus,staphylococcus_haemolyticus,Tetracycline,53,285,182,103,99,40,59,400,182,218,0.7113620324629498,0.731222905534832,0.019860873071882224
2,Staphylococcus haemolyticus,staphylococcus_haemolyticus,Tigecycline,54,255,248,7,99,98,1,402,401,1,0.23566084788029928,0.6608478802992519,0.4251870324189526
2,Staphylococcus hominis,staphylococcus_hominis,Clindamycin,24,743,532,211,125,77,48,505,318,187,0.5096441664144217,0.6015117882487472,0.09186762183432551
2,Staphylococcus hominis,staphylococcus_hominis,Cotrimoxazole,26,710,670,40,125,92,33,503,392,111,0.5600523993381136,0.5494461298032727,-0.010606269534840895
2,Staphylococcus hominis,staphylococcus_hominis,Erythromycin,30,740,324,416,127,49,78,508,190,318,0.5411784177424693,0.5411039390930156,-7.447864945375748e-05
2,Staphylococcus hominis,staphylococcus_hominis,Fosfomycin,31,56,15,41,125,6,119,501,12,489,0.6239775051124744,0.6196319018404908,-0.0043456032719836335
2,Staphylococcus hominis,staphylococcus_hominis,Gentamicin,33,742,676,66,125,101,24,501,416,85,0.5468608597285067,0.5260746606334841,-0.02078619909502266
2,Staphylococcus hominis,staphylococcus_hominis,Levofloxacin,38,56,37,19,125,61,64,501,228,273,0.495686331212647,0.565050446629394,0.06936411541674697
2,Staphylococcus hominis,staphylococcus_hominis,Oxacillin,45,741,503,238,127,65,62,507,265,242,0.5950335256510213,0.628029003586465,0.03299547793544366
2,Staphylococcus hominis,staphylococcus_hominis,Rifampicin,50,758,746,12,125,124,1,502,490,12,0.4844387755102041,0.5319727891156463,0.04753401360544218
2,Staphylococcus hominis,staphylococcus_hominis,Tetracycline,53,720,483,237,125,83,42,501,311,190,0.47464037908275514,0.5109155525469622,0.036275173464207056
2,Staphylococcus lugdunensis,staphylococcus_lugdunensis,Clindamycin,24,463,418,45,63,53,10,258,228,30,0.6269736842105263,0.5942251461988304,-0.03274853801169597
2,Staphylococcus lugdunensis,staphylococcus_lugdunensis,Erythromycin,30,394,360,34,64,54,10,258,229,29,0.60924559554284,0.5921547959644632,-0.01709079957837678
2,Staphylococcus lugdunensis,staphylococcus_lugdunensis,Levofloxacin,38,96,25,71,64,38,26,257,145,112,0.44119458128078815,0.6839285714285714,0.2427339901477833
2,Staphylococcus lugdunensis,staphylococcus_lugdunensis,Oxacillin,45,473,456,17,63,57,6,256,242,14,0.5107733175914994,0.5209563164108617,0.010182998819362354
2,Staphylococcus lugdunensis,staphylococcus_lugdunensis,Tetracycline,53,393,377,16,64,55,9,257,240,17,0.3955882352941177,0.41801470588235295,0.02242647058823527
2,Streptococcus pneumoniae,streptococcus_pneumoniae,Moxifloxacin,42,168,157,11,15,14,1,62,60,2,0.43333333333333335,0.30833333333333335,-0.125
3,Candida albicans,candida_albicans,Caspofungin,10,315,298,17,245,243,2,989,985,4,0.700507614213198,0.6035532994923857,-0.09695431472081228
3,Candida albicans,candida_albicans,Voriconazole,57,309,300,9,279,278,1,1120,1113,7,0.6105763059940957,0.5390193813374405,-0.0715569246566552
3,Citrobacter freundii,citrobacter_freundii,Ceftazidime,16,625,424,201,109,64,45,441,254,187,0.5002947492526001,0.712587898437829,0.2122931491852289
3,Citrobacter freundii,citrobacter_freundii,Ceftriaxone,19,476,321,155,78,45,33,313,177,136,0.5,0.7744474908607512,0.27444749086075115
3,Citrobacter freundii,citrobacter_freundii,Ciprofloxacin,22,644,600,44,110,100,10,441,396,45,0.4302469135802469,0.605695847362514,0.1754489337822671
3,Citrobacter freundii,citrobacter_freundii,Cotrimoxazole,26,463,432,31,110,99,11,441,411,30,0.5000811030008111,0.7051094890510948,0.20502838605028373
3,Citrobacter freundii,citrobacter_freundii,Gentamicin,33,238,224,14,110,46,64,441,173,268,0.4178996635320507,0.5327193512207747,0.11481968768872403
3,Citrobacter freundii,citrobacter_freundii,Imipenem,35,613,607,6,110,107,3,440,433,7,0.4209831738700099,0.5983173870009897,0.1773342131309798
3,Citrobacter freundii,citrobacter_freundii,Meropenem,40,574,570,4,110,109,1,439,431,8,0.3857308584686775,0.6413863109048723,0.2556554524361948
3,Citrobacter freundii,citrobacter_freundii,Piperacillin-Tazobactam,48,442,306,136,110,65,45,441,252,189,0.5046296296296297,0.7154404971865289,0.21081086755689926
3,Citrobacter koseri,citrobacter_koseri,Ceftazidime,16,851,833,18,111,107,4,446,428,18,0.37149532710280375,0.5530244029075806,0.18152907580477684
3,Citrobacter koseri,citrobacter_koseri,Ceftriaxone,19,628,620,8,67,64,3,270,260,10,0.4165384615384615,0.6232692307692307,0.20673076923076916
3,Citrobacter koseri,citrobacter_koseri,Ciprofloxacin,22,849,832,17,111,109,2,446,443,3,0.3337095560571859,0.7024078254326561,0.36869826937547023
3,Citrobacter koseri,citrobacter_koseri,Cotrimoxazole,26,586,573,13,111,109,2,446,443,3,0.3924003009781791,0.5003762227238524,0.10797592174567333
3,Citrobacter koseri,citrobacter_koseri,Gentamicin,33,382,381,1,110,44,66,438,166,272,0.37327250177179305,0.4793032423812899,0.10603074060949685
3,Citrobacter koseri,citrobacter_koseri,Piperacillin-Tazobactam,48,558,538,20,111,100,11,446,399,47,0.46701861035567643,0.4943742334559804,0.027355623100303983
3,Enterobacter cloacae complex,enterobacter_cloacae_complex,Ceftazidime,16,1568,1124,444,386,233,153,1542,942,600,0.4610014154281671,0.7801388888888889,0.31913747346072185
3,Enterobacter cloacae complex,enterobacter_cloacae_complex,Ceftriaxone,19,1488,1059,429,288,176,112,1157,706,451,0.47122855725080554,0.8276854079382926,0.35645685068748706
3,Enterobacter cloacae complex,enterobacter_cloacae_complex,Ciprofloxacin,22,1600,1514,86,386,370,16,1542,1478,64,0.4684328484438431,0.6417931748985115,0.17336032645466842
3,Enterobacter cloacae complex,enterobacter_cloacae_complex,Cotrimoxazole,26,1427,1316,111,386,361,25,1542,1470,72,0.46063397581254717,0.6883361678004536,0.22770219198790642
3,Enterobacter cloacae complex,enterobacter_cloacae_complex,Fosfomycin,31,245,124,121,74,38,36,265,114,151,0.5313117230161497,0.5117927268502381,-0.019518996165911573
3,Enterobacter cloacae complex,enterobacter_cloacae_complex,Gentamicin,33,336,333,3,385,139,246,1537,622,915,0.4566628011174952,0.5789714125068086,0.12230861138931343
3,Enterobacter cloacae complex,enterobacter_cloacae_complex,Imipenem,35,1541,1537,4,386,381,5,1542,1509,33,0.5552944956523485,0.6898407534590437,0.13454625780669527
3,Enterobacter cloacae complex,enterobacter_cloacae_complex,Meropenem,40,1416,1413,3,386,382,4,1542,1529,13,0.2841223524676762,0.7046334960004024,0.4205111435327262
3,Enterobacter cloacae complex,enterobacter_cloacae_complex,Piperacillin-Tazobactam,48,1405,1037,368,386,230,156,1543,936,607,0.4522214125797322,0.7795079485771412,0.32728653599740903
3,Enterococcus faecalis,enterococcus_faecalis,Ampicillin,4,3837,3829,8,1048,1046,2,4189,4180,9,0.442822966507177,0.6344896331738438,0.19166666666666676
3,Enterococcus faecalis,enterococcus_faecalis,Imipenem,35,4100,1133,2967,1047,638,409,4187,2567,1620,0.5262637848860418,0.9585572099823496,0.43229342509630786
3,Enterococcus faecalis,enterococcus_faecalis,Linezolid,39,4244,4228,16,1034,1033,1,4124,4115,9,0.5367490211961657,0.615998379910895,0.07924935871472927
3,Enterococcus faecalis,enterococcus_faecalis,Nitrofurantoin,44,3394,3368,26,470,468,2,1913,1898,15,0.5079908675799087,0.42646645591851073,-0.08152441166139801
3,Enterococcus faecalis,enterococcus_faecalis,Vancomycin,56,4265,4254,11,1046,1045,1,4188,4185,3,0.26877737953006775,0.6727598566308243,0.4039824771007565
3,Enterococcus faecium,enterococcus_faecium,Ampicillin,4,1036,106,930,615,36,579,2468,170,2298,0.4551118619771669,0.8822313520708545,0.42711949009368755
3,Enterococcus faecium,enterococcus_faecium,Imipenem,35,1277,80,1197,615,23,592,2468,86,2382,0.4396247046648312,0.8791810673071291,0.43955636264229786
3,Enterococcus faecium,enterococcus_faecium,Linezolid,39,2158,2132,26,610,595,15,2449,2371,78,0.509614032810996,0.6687349273810683,0.15912089457007228
3,Enterococcus faecium,enterococcus_faecium,Teicoplanin,52,2070,1942,128,35,24,11,134,84,50,0.5520238095238095,0.3519047619047619,-0.20011904761904759
3,Enterococcus faecium,enterococcus_faecium,Vancomycin,56,2220,2012,208,617,333,284,2469,1346,1123,0.5526701588691932,0.8739065917417657,0.3212364328725724
3,Escherichia coli,escherichia_coli,Ampicillin,4,2654,949,1705,2374,1095,1279,9493,4396,5097,0.4693433513585308,0.631705580527574,0.1623622291690432
3,Escherichia coli,escherichia_coli,Ceftazidime,16,7535,6135,1400,2374,1934,440,9496,7659,1837,0.4028555430534082,0.7535705571373366,0.35071501408392836
3,Escherichia coli,escherichia_coli,Ceftriaxone,19,6090,4808,1282,1081,838,243,4139,3195,944,0.291431759104533,0.8483934444709689,0.5569616853664359
3,Escherichia coli,escherichia_coli,Ciprofloxacin,22,7571,5220,2351,2374,1884,490,9488,7400,2088,0.4617083462773118,0.7059050429740086,0.2441966966966968
3,Escherichia coli,escherichia_coli,Cotrimoxazole,26,5784,3885,1899,2373,1730,643,9491,6941,2550,0.4984467119220545,0.5950849315378075,0.09663821961575303
3,Escherichia coli,escherichia_coli,Fosfomycin,31,2270,2139,131,660,652,8,2842,2794,48,0.5143835003579098,0.6337948878549272,0.11941138749701741
3,Escherichia coli,escherichia_coli,Gentamicin,33,2689,2397,292,2342,795,1547,9352,3128,6224,0.41367110196319506,0.8174080389253052,0.40373693696211016
3,Escherichia coli,escherichia_coli,Imipenem,35,7344,7335,9,2374,2370,4,9491,9467,24,0.5734921305587832,0.7072968381395021,0.13380470758071883
3,Escherichia coli,escherichia_coli,Meropenem,40,6718,6711,7,2373,2367,6,9495,9475,20,0.5162849604221635,0.6763430079155672,0.1600580474934037
3,Escherichia coli,escherichia_coli,Nitrofurantoin,44,2491,2460,31,1249,1226,23,5200,5121,79,0.5161620431136126,0.5638942651133704,0.047732221999757796
3,Escherichia coli,escherichia_coli,Piperacillin-Tazobactam,48,5635,5184,451,2362,1828,534,9436,7260,2176,0.4158210088012477,0.7253907516002268,0.3095697427989791
3,Haemophilus influenzae,haemophilus_influenzae,Ampicillin,4,397,322,75,43,34,9,180,134,46,0.5039746917585983,0.6242699545749514,0.12029526281635305
3,Haemophilus influenzae,haemophilus_influenzae,Ciprofloxacin,22,164,160,4,44,43,1,180,176,4,0.4943181818181818,0.5390625,0.04474431818181818
3,Haemophilus influenzae,haemophilus_influenzae,Levofloxacin,38,353,349,4,43,42,1,179,176,3,0.5085227272727273,0.6960227272727273,0.1875
3,Klebsiella oxytoca,klebsiella_oxytoca,Ceftazidime,16,1227,1200,27,318,307,11,1274,1247,27,0.487748373875078,0.7612640708069738,0.27351569693189576
3,Klebsiella oxytoca,klebsiella_oxytoca,Ceftriaxone,19,892,822,70,228,220,8,902,875,27,0.45479365079365075,0.8507301587301586,0.3959365079365078
3,Klebsiella oxytoca,klebsiella_oxytoca,Ciprofloxacin,22,1233,1203,30,318,308,10,1274,1242,32,0.5042522141706924,0.677133655394525,0.17288144122383253
3,Klebsiella oxytoca,klebsiella_oxytoca,Cotrimoxazole,26,844,819,25,318,311,7,1274,1250,24,0.4518666666666666,0.56625,0.11438333333333345
3,Klebsiella oxytoca,klebsiella_oxytoca,Fosfomycin,31,438,297,141,62,44,18,273,196,77,0.5021534587861118,0.46975218658892126,-0.03240127219719058
3,Klebsiella oxytoca,klebsiella_oxytoca,Gentamicin,33,523,511,12,316,116,200,1259,492,767,0.42648079838034364,0.6066953922472731,0.18021459386692945
3,Klebsiella oxytoca,klebsiella_oxytoca,Piperacillin-Tazobactam,48,821,739,82,318,233,85,1274,968,306,0.49407173337654625,0.7255914762599256,0.23151974288337934
3,Klebsiella pneumoniae,klebsiella_pneumoniae,Ampicillin,4,3720,9,3711,810,2,808,3241,7,3234,0.5,0.8306166622493153,0.3306166622493153
3,Klebsiella pneumoniae,klebsiella_pneumoniae,Ceftazidime,16,16451,14654,1797,810,607,203,3239,2456,783,0.3252615119331394,0.8326484830331848,0.5073869711000454
3,Klebsiella pneumoniae,klebsiella_pneumoniae,Ceftriaxone,19,3385,2863,522,524,384,140,2115,1554,561,0.29919912272853444,0.8870174605468724,0.5878183378183379
3,Klebsiella pneumoniae,klebsiella_pneumoniae,Ciprofloxacin,22,19206,14262,4944,810,666,144,3239,2637,602,0.3796937776618704,0.799480180462798,0.4197864028009276
3,Klebsiella pneumoniae,klebsiella_pneumoniae,Cotrimoxazole,26,3220,2540,680,809,662,147,3238,2656,582,0.37187247702148796,0.7858097984722394,0.41393732145075146
3,Klebsiella pneumoniae,klebsiella_pneumoniae,Ertapenem,29,18878,17334,1544,51,46,5,208,189,19,0.44806460595934283,0.8221943748259537,0.37412976886661087
3,Klebsiella pneumoniae,klebsiella_pneumoniae,Fosfomycin,31,15901,11554,4347,222,160,62,858,609,249,0.46579091406677614,0.5270606234461657,0.061269709379389525
3,Klebsiella pneumoniae,klebsiella_pneumoniae,Gentamicin,33,16385,14259,2126,803,310,493,3208,1232,1976,0.45167414822020086,0.645926236592355,0.19425208837215419
3,Klebsiella pneumoniae,klebsiella_pneumoniae,Imipenem,35,19040,18448,592,809,750,59,3238,2983,255,0.3120361788698047,0.9454306429242834,0.6333944640544786
3,Klebsiella pneumoniae,klebsiella_pneumoniae,Meropenem,40,18459,17983,476,810,751,59,3239,2983,256,0.3104833640630238,0.9470770564448543,0.6365936923818305
3,Klebsiella pneumoniae,klebsiella_pneumoniae,Piperacillin-Tazobactam,48,3094,2619,475,806,526,280,3234,2157,1077,0.3769943811881507,0.7682025957679625,0.39120821457981175
3,Morganella morganii,morganella_morganii,Ceftazidime,16,809,642,167,105,79,26,423,322,101,0.5083174466514975,0.5746417809482811,0.06632433429678364
3,Morganella morganii,morganella_morganii,Ceftriaxone,19,471,415,56,68,50,18,273,205,68,0.5081779053084649,0.5701936872309898,0.06201578192252499
3,Morganella morganii,morganella_morganii,Ciprofloxacin,22,812,671,141,105,94,11,423,383,40,0.5470300261096606,0.39138381201044387,-0.1556462140992167
3,Morganella morganii,morganella_morganii,Cotrimoxazole,26,441,394,47,105,97,8,423,390,33,0.5055167055167056,0.3745143745143746,-0.131002331002331
3,Morganella morganii,morganella_morganii,Gentamicin,33,464,427,37,105,40,65,419,146,273,0.49005218525766464,0.4986702794921973,0.008618094234532636
3,Morganella morganii,morganella_morganii,Piperacillin-Tazobactam,48,427,418,9,105,77,28,422,323,99,0.4974356568783814,0.5922225349469933,0.09478687806861186
3,Proteus mirabilis,proteus_mirabilis,Ampicillin,4,1456,831,625,503,348,155,2011,1400,611,0.5311199438859013,0.5494248304886602,0.018304886602758863
3,Proteus mirabilis,proteus_mirabilis,Ceftazidime,16,2363,2252,111,503,495,8,2012,1988,24,0.4709507042253522,0.5530684104627767,0.08211770623742448
3,Proteus mirabilis,proteus_mirabilis,Ciprofloxacin,22,2367,1792,575,503,435,68,2012,1728,284,0.6721164661580595,0.5755799263171623,-0.09653653984089727
3,Proteus mirabilis,proteus_mirabilis,Cotrimoxazole,26,1135,789,346,503,332,171,2012,1328,684,0.5427026086803355,0.5590674099908406,0.016364801310505106
3,Proteus mirabilis,proteus_mirabilis,Fosfomycin,31,1368,900,468,181,151,30,700,560,140,0.49639668367346934,0.49,-0.00639668367346935
3,Proteus mirabilis,proteus_mirabilis,Gentamicin,33,1452,1218,234,497,171,326,1998,695,1303,0.4535460503431484,0.5654135172291944,0.11186746688604604
3,Proteus mirabilis,proteus_mirabilis,Piperacillin-Tazobactam,48,1101,1093,8,502,496,6,1995,1970,25,0.5288527918781726,0.5044162436548223,-0.024436548223350285
3,Proteus vulgaris,proteus_vulgaris,Ceftazidime,16,434,430,4,94,91,3,379,363,16,0.41460055096418735,0.4280303030303031,0.013429752066115741
3,Proteus vulgaris,proteus_vulgaris,Ciprofloxacin,22,435,431,4,94,93,1,380,376,4,0.5442154255319148,0.472406914893617,-0.0718085106382978
3,Proteus vulgaris,proteus_vulgaris,Cotrimoxazole,26,389,364,25,94,87,7,378,330,48,0.5235479797979798,0.46114267676767673,-0.062405303030303116
3,Proteus vulgaris,proteus_vulgaris,Gentamicin,33,114,112,2,93,32,61,380,145,235,0.4306089508437271,0.49062362435803375,0.06001467351430667
3,Pseudomonas aeruginosa,pseudomonas_aeruginosa,Amikacin,0,4397,4130,267,809,310,499,3231,1203,2028,0.39755415045555076,0.9381891261327286,0.5406349756771779
3,Pseudomonas aeruginosa,pseudomonas_aeruginosa,Ceftolozane-Tazobactam,18,82,70,12,14,13,1,74,61,13,0.6645649432534678,0.4180327868852459,-0.2465321563682219
3,Pseudomonas aeruginosa,pseudomonas_aeruginosa,Meropenem,40,4809,4041,768,851,616,235,3403,2470,933,0.4696937743815388,0.5344092670459231,0.06471549266438426
3,Pseudomonas aeruginosa,pseudomonas_aeruginosa,Tobramycin,55,4769,4357,412,812,310,502,3241,1207,2034,0.39556454930636503,0.9399954298059745,0.5444308804996094
3,Serratia marcescens,serratia_marcescens,Ceftazidime,16,1246,1185,61,208,189,19,832,758,74,0.6124135349069386,0.6983259644869144,0.0859124295799758
3,Serratia marcescens,serratia_marcescens,Ceftriaxone,19,964,924,40,175,158,17,681,625,56,0.6131571428571427,0.7670571428571429,0.15390000000000015
3,Serratia marcescens,serratia_marcescens,Ciprofloxacin,22,1247,1182,65,208,200,8,831,786,45,0.5003251342945999,0.5026010743567995,0.002275940062199555
3,Serratia marcescens,serratia_marcescens,Cotrimoxazole,26,943,936,7,208,206,2,831,822,9,0.581778859151122,0.6482833198161666,0.06650446066504456
3,Serratia marcescens,serratia_marcescens,Fosfomycin,31,329,277,52,28,24,4,110,90,20,0.553611111111111,0.585,0.03138888888888891
3,Serratia marcescens,serratia_marcescens,Gentamicin,33,389,378,11,206,87,119,831,303,528,0.4871143364336434,0.7350203770377037,0.24790604060406035
3,Serratia marcescens,serratia_marcescens,Imipenem,35,1217,1212,5,208,198,10,831,800,31,0.7046975806451612,0.8810282258064516,0.17633064516129038
3,Serratia marcescens,serratia_marcescens,Piperacillin-Tazobactam,48,939,901,38,208,186,22,831,750,81,0.5940246913580247,0.7023456790123457,0.10832098765432097
3,Staphylococcus aureus,staphylococcus_aureus,Clindamycin,24,6097,4979,1118,1501,1216,285,6004,4919,1085,0.5477004898714005,0.6640361880903821,0.1163356982189816
3,Staphylococcus aureus,staphylococcus_aureus,Cotrimoxazole,26,4479,4334,145,1501,1470,31,6005,5862,143,0.5442896407584227,0.6709463344570816,0.12665669369865895
3,Staphylococcus aureus,staphylococcus_aureus,Erythromycin,30,5634,4309,1325,1498,1195,303,6004,4841,1163,0.5428652650413859,0.6564266459304419,0.11356138088905599
3,Staphylococcus aureus,staphylococcus_aureus,Fosfomycin,31,2042,1989,53,1501,1485,16,6003,5937,66,0.6103212519331771,0.7101548583357578,0.09983360640258065
3,Staphylococcus aureus,staphylococcus_aureus,Fusidic acid,32,5515,5125,390,53,49,4,209,185,24,0.5190315315315315,0.4972972972972973,-0.02173423423423415
3,Staphylococcus aureus,staphylococcus_aureus,Gentamicin,33,6402,6156,246,1501,1473,28,6005,5913,92,0.5168898300722798,0.5828884771211553,0.06599864704887548
3,Staphylococcus aureus,staphylococcus_aureus,Levofloxacin,38,2039,322,1717,1501,729,772,6006,2940,3066,0.5,0.922413368478507,0.42241336847850697
3,Staphylococcus aureus,staphylococcus_aureus,Mupirocin,43,6343,6188,155,212,205,7,833,808,25,0.6593564356435644,0.5080445544554455,-0.1513118811881189
3,Staphylococcus aureus,staphylococcus_aureus,Oxacillin,45,7214,5968,1246,1500,1221,279,5999,4917,1082,0.740502883917391,0.8908915727509186,0.15038868883352752
3,Staphylococcus aureus,staphylococcus_aureus,Rifampicin,50,4770,4727,43,1499,1493,6,5998,5965,33,0.4646244507099494,0.622449135106302,0.15782468439635255
3,Staphylococcus aureus,staphylococcus_aureus,Tetracycline,53,5647,5280,367,1501,1410,91,6002,5635,367,0.5337424959321485,0.6237395704638922,0.08999707453174366
3,Staphylococcus aureus,staphylococcus_aureus,Tigecycline,54,3985,3984,1,1494,1493,1,5992,5988,4,0.2863852705410822,0.5256346025384102,0.239249331997328
3,Staphylococcus capitis,staphylococcus_capitis,Clindamycin,24,368,317,51,103,79,24,410,326,84,0.5579900671925212,0.5869485831142274,0.028958515921706174
3,Staphylococcus capitis,staphylococcus_capitis,Cotrimoxazole,26,368,355,13,101,98,3,405,401,4,0.4114713216957606,0.5155860349127183,0.10411471321695764
3,Staphylococcus capitis,staphylococcus_capitis,Erythromycin,30,374,328,46,103,81,22,414,334,80,0.5566991017964071,0.584880239520958,0.028181137724550887
3,Staphylococcus capitis,staphylococcus_capitis,Gentamicin,33,369,347,22,101,94,7,402,375,27,0.5988641975308642,0.5731358024691358,-0.025728395061728415
3,Staphylococcus capitis,staphylococcus_capitis,Oxacillin,45,415,338,77,103,73,30,413,304,109,0.6750965717044907,0.6721088845968132,-0.0029876871076774947
3,Staphylococcus capitis,staphylococcus_capitis,Rifampicin,50,395,392,3,101,100,1,398,397,1,0.654911838790932,0.5415617128463477,-0.11335012594458427
3,Staphylococcus capitis,staphylococcus_capitis,Tetracycline,53,364,319,45,101,93,8,402,341,61,0.4018797173212827,0.45170905244940146,0.04982933512811877
3,Staphylococcus epidermidis,staphylococcus_epidermidis,Clindamycin,24,5065,2508,2557,743,354,389,2962,1433,1529,0.6507973092438946,0.7367939309657393,0.08599662172184475
3,Staphylococcus epidermidis,staphylococcus_epidermidis,Cotrimoxazole,26,4566,2993,1573,739,543,196,2958,2145,813,0.7456741700284135,0.7950108522064241,0.04933668217801057
3,Staphylococcus epidermidis,staphylococcus_epidermidis,Erythromycin,30,5089,1945,3144,740,230,510,2967,1003,1964,0.4613829083015718,0.6849121677736648,0.223529259472093
3,Staphylococcus epidermidis,staphylococcus_epidermidis,Fosfomycin,31,898,845,53,738,590,148,2953,2441,512,0.6840870320821386,0.772419730643179,0.08833269856104042
3,Staphylococcus epidermidis,staphylococcus_epidermidis,Gentamicin,33,5115,2840,2275,738,488,250,2955,2004,951,0.721989512037964,0.7966860705508017,0.07469655851283763
3,Staphylococcus epidermidis,staphylococcus_epidermidis,Levofloxacin,38,883,128,755,739,219,520,2954,903,2051,0.630916069896488,0.7594763756760742,0.12856030577958621
3,Staphylococcus epidermidis,staphylococcus_epidermidis,Linezolid,39,5293,5263,30,741,726,15,2958,2896,62,0.8104170379611477,0.8872666414186419,0.07684960345749414
3,Staphylococcus epidermidis,staphylococcus_epidermidis,Oxacillin,45,5537,1664,3873,741,242,499,2970,996,1974,0.6879463141319074,0.7665059935791799,0.07855967944727249
3,Staphylococcus epidermidis,staphylococcus_epidermidis,Rifampicin,50,4999,4560,439,738,670,68,2946,2711,235,0.6721167505120982,0.7595501385215473,0.08743338800944911
3,Staphylococcus epidermidis,staphylococcus_epidermidis,Tetracycline,53,4953,2488,2465,739,416,323,2953,1657,1296,0.6305693392044227,0.705815489096016,0.07524614989159328
3,Staphylococcus epidermidis,staphylococcus_epidermidis,Tigecycline,54,4582,4568,14,741,740,1,2947,2938,9,0.7562022539898645,0.7034830950760154,-0.05271915891384915
3,Staphylococcus epidermidis,staphylococcus_epidermidis,Vancomycin,56,5684,5682,2,740,739,1,2956,2954,2,0.5528943805010156,0.40352064996614756,-0.14937373053486802
3,Staphylococcus haemolyticus,staphylococcus_haemolyticus,Clindamycin,24,283,114,169,100,29,71,397,133,264,0.5688938254727728,0.6724196855775803,0.10352586010480747
3,Staphylococcus haemolyticus,staphylococcus_haemolyticus,Cotrimoxazole,26,231,113,118,98,35,63,402,164,238,0.8388373642139783,0.8364162738266039,-0.0024210903873743694
3,Staphylococcus haemolyticus,staphylococcus_haemolyticus,Erythromycin,30,287,57,230,100,17,83,399,64,335,0.5,0.8453591417910448,0.34535914179104477
3,Staphylococcus haemolyticus,staphylococcus_haemolyticus,Fosfomycin,31,60,15,45,97,1,96,401,10,391,0.48516624040920714,0.4365728900255755,-0.04859335038363166
3,Staphylococcus haemolyticus,staphylococcus_haemolyticus,Gentamicin,33,278,95,183,98,28,70,402,123,279,0.8681411545298249,0.8912055249584755,0.023064370428650616
3,Staphylococcus haemolyticus,staphylococcus_haemolyticus,Levofloxacin,38,60,8,52,98,14,84,402,79,323,0.5,0.8788846651252107,0.3788846651252107
3,Staphylococcus haemolyticus,staphylococcus_haemolyticus,Oxacillin,45,290,81,209,100,22,78,404,81,323,0.8010549248939342,0.8650384130260291,0.06398348813209498
3,Staphylococcus haemolyticus,staphylococcus_haemolyticus,Rifampicin,50,259,235,24,98,88,10,399,347,52,0.5280702726668144,0.6485535358013744,0.12048326313456004
3,Staphylococcus haemolyticus,staphylococcus_haemolyticus,Tetracycline,53,285,182,103,97,49,48,402,173,229,0.7232374990534367,0.6826236211727288,-0.040613877880707916
3,Staphylococcus hominis,staphylococcus_hominis,Clindamycin,24,743,532,211,125,74,51,505,321,184,0.5005502505756467,0.5556345658946228,0.05508431531897606
3,Staphylococcus hominis,staphylococcus_hominis,Cotrimoxazole,26,710,670,40,126,96,30,502,388,114,0.5434300958582022,0.572571893651655,0.029141797793452717
3,Staphylococcus hominis,staphylococcus_hominis,Erythromycin,30,740,324,416,127,34,93,508,205,303,0.49336714159220796,0.5242695001207438,0.030902358528535845
3,Staphylococcus hominis,staphylococcus_hominis,Fosfomycin,31,56,15,41,125,7,118,501,11,490,0.5551020408163265,0.4396103896103896,-0.11549165120593691
3,Staphylococcus hominis,staphylococcus_hominis,Gentamicin,33,742,676,66,125,104,21,501,413,88,0.5833975346687211,0.6320300462249614,0.048632511556240265
3,Staphylococcus hominis,staphylococcus_hominis,Levofloxacin,38,56,37,19,125,57,68,501,232,269,0.5483992436867068,0.5122179848737342,-0.03618125881297263
3,Staphylococcus hominis,staphylococcus_hominis,Oxacillin,45,741,503,238,127,66,61,507,264,243,0.5558829031051253,0.5712916199027309,0.015408716797605582
3,Staphylococcus hominis,staphylococcus_hominis,Rifampicin,50,758,746,12,125,122,3,502,492,10,0.5487804878048781,0.6701219512195122,0.12134146341463414
3,Staphylococcus hominis,staphylococcus_hominis,Tetracycline,53,720,483,237,125,78,47,501,316,185,0.4699281560041054,0.4734006158056791,0.0034724598015736796
3,Staphylococcus lugdunensis,staphylococcus_lugdunensis,Clindamycin,24,463,418,45,64,57,7,257,224,33,0.5844155844155844,0.586309523809524,0.0018939393939395588
3,Staphylococcus lugdunensis,staphylococcus_lugdunensis,Cotrimoxazole,26,378,377,1,64,63,1,257,255,2,0.33137254901960783,0.32843137254901966,-0.0029411764705881693
3,Staphylococcus lugdunensis,staphylococcus_lugdunensis,Erythromycin,30,394,360,34,64,58,6,258,225,33,0.5917845117845117,0.584040404040404,-0.00774410774410772
3,Staphylococcus lugdunensis,staphylococcus_lugdunensis,Levofloxacin,38,96,25,71,64,37,27,257,146,111,0.465784277428113,0.5994693323460447,0.1336850549179317
3,Staphylococcus lugdunensis,staphylococcus_lugdunensis,Oxacillin,45,473,456,17,63,58,5,256,241,15,0.5359612724757953,0.5251728907330567,-0.010788381742738551
3,Staphylococcus lugdunensis,staphylococcus_lugdunensis,Tetracycline,53,393,377,16,64,62,2,257,233,24,0.5422925608011445,0.5633047210300429,0.021012160228898402
3,Streptococcus pneumoniae,streptococcus_pneumoniae,Azithromycin,7,144,93,51,15,14,1,61,56,5,0.3946428571428572,0.4125,0.017857142857142794
3,Streptococcus pneumoniae,streptococcus_pneumoniae,Clarithromycin,23,446,348,98,15,14,1,61,56,5,0.3214285714285714,0.4125,0.09107142857142858
3,Streptococcus pneumoniae,streptococcus_pneumoniae,Clindamycin,24,201,161,40,15,14,1,62,59,3,0.3305084745762712,0.2966101694915254,-0.03389830508474578
3,Streptococcus pneumoniae,streptococcus_pneumoniae,Erythromycin,30,172,115,57,15,14,1,61,56,5,0.3214285714285714,0.41428571428571426,0.09285714285714286
4,Candida albicans,candida_albicans,Voriconazole,57,309,300,9,288,286,2,1111,1105,6,0.6401206636500755,0.5668174962292609,-0.07330316742081455
4,Citrobacter freundii,citrobacter_freundii,Ceftazidime,16,625,424,201,110,62,48,440,256,184,0.5022078804347826,0.7273267663043478,0.2251188858695652
4,Citrobacter freundii,citrobacter_freundii,Ceftriaxone,19,476,321,155,79,44,35,312,178,134,0.502808988764045,0.7565193694449104,0.2537103806808654
4,Citrobacter freundii,citrobacter_freundii,Ciprofloxacin,22,644,600,44,110,99,11,441,397,44,0.50386420883902,0.5889912983741699,0.08512708953514991
4,Citrobacter freundii,citrobacter_freundii,Cotrimoxazole,26,463,432,31,110,104,6,441,406,35,0.46213933849401834,0.623926812104152,0.16178747361013368
4,Citrobacter freundii,citrobacter_freundii,Gentamicin,33,238,224,14,110,36,74,441,183,258,0.43685135764815525,0.5926737831998984,0.15582242555174314
4,Citrobacter freundii,citrobacter_freundii,Imipenem,35,613,607,6,109,107,2,441,433,8,0.37471131639722866,0.6460739030023094,0.2713625866050807
4,Citrobacter freundii,citrobacter_freundii,Meropenem,40,574,570,4,109,106,3,440,434,6,0.4890552995391706,0.6265360983102919,0.1374807987711213
4,Citrobacter freundii,citrobacter_freundii,Piperacillin-Tazobactam,48,442,306,136,110,62,48,441,255,186,0.48611638203668567,0.7268395530255112,0.2407231709888255
4,Citrobacter koseri,citrobacter_koseri,Ceftazidime,16,851,833,18,111,109,2,446,426,20,0.524706572769953,0.5669600938967136,0.04225352112676062
4,Citrobacter koseri,citrobacter_koseri,Ciprofloxacin,22,849,832,17,111,110,1,446,442,4,0.3554864253393665,0.7259615384615384,0.37047511312217196
4,Citrobacter koseri,citrobacter_koseri,Cotrimoxazole,26,586,573,13,111,108,3,446,444,2,0.829954954954955,0.6835585585585585,-0.14639639639639646
4,Citrobacter koseri,citrobacter_koseri,Gentamicin,33,382,381,1,110,43,67,438,167,271,0.4580838323353293,0.6165896988311201,0.15850586649579085
4,Citrobacter koseri,citrobacter_koseri,Piperacillin-Tazobactam,48,558,538,20,111,100,11,446,399,47,0.4911480829733909,0.5085852930197835,0.017437210046392593
4,Enterobacter cloacae complex,enterobacter_cloacae_complex,Ceftazidime,16,1568,1124,444,386,241,145,1542,934,608,0.49594979150231033,0.7796580919643863,0.28370830046207596
4,Enterobacter cloacae complex,enterobacter_cloacae_complex,Ceftriaxone,19,1488,1059,429,288,180,108,1157,702,455,0.5052096052096052,0.8303324880247958,0.32512288281519053
4,Enterobacter cloacae complex,enterobacter_cloacae_complex,Ciprofloxacin,22,1600,1514,86,386,362,24,1542,1486,56,0.4854174677946549,0.6094200634493366,0.12400259565468175
4,Enterobacter cloacae complex,enterobacter_cloacae_complex,Cotrimoxazole,26,1427,1316,111,386,361,25,1542,1470,72,0.5439767573696145,0.6109552154195012,0.06697845804988667
4,Enterobacter cloacae complex,enterobacter_cloacae_complex,Fosfomycin,31,245,124,121,68,32,36,271,120,151,0.5106788079470199,0.5895419426048565,0.07886313465783656
4,Enterobacter cloacae complex,enterobacter_cloacae_complex,Gentamicin,33,336,333,3,386,141,245,1536,620,916,0.4873793844203409,0.6506928792787717,0.16331349485843083
4,Enterobacter cloacae complex,enterobacter_cloacae_complex,Imipenem,35,1541,1537,4,386,379,7,1542,1511,31,0.4896351486945198,0.6655280630217117,0.17589291432719195
4,Enterobacter cloacae complex,enterobacter_cloacae_complex,Meropenem,40,1416,1413,3,386,383,3,1542,1528,14,0.56221952131638,0.6478356394913987,0.08561611817501869
4,Enterobacter cloacae complex,enterobacter_cloacae_complex,Piperacillin-Tazobactam,48,1405,1037,368,386,239,147,1543,927,616,0.4931229773462783,0.7774791955617198,0.28435621821544155
4,Enterococcus faecalis,enterococcus_faecalis,Imipenem,35,4100,1133,2967,1046,637,409,4188,2568,1620,0.5235617139725395,0.9429055613245645,0.419343847352025
4,Enterococcus faecalis,enterococcus_faecalis,Linezolid,39,4244,4228,16,1028,1026,2,4130,4122,8,0.4860352983988355,0.6645135856380397,0.17847828723920423
4,Enterococcus faecalis,enterococcus_faecalis,Nitrofurantoin,44,3394,3368,26,470,463,7,1913,1903,10,0.5078297425118234,0.5110877561744613,0.003258013662637893
4,Enterococcus faecium,enterococcus_faecium,Ampicillin,4,1036,106,930,617,51,566,2466,155,2311,0.4834159210507949,0.8689968035063721,0.3855808824555772
4,Enterococcus faecium,enterococcus_faecium,Imipenem,35,1277,80,1197,617,25,592,2466,84,2382,0.44734316900563753,0.8867173443684779,0.4393741753628404
4,Enterococcus faecium,enterococcus_faecium,Linezolid,39,2158,2132,26,611,597,14,2448,2369,79,0.49815656875998526,0.6607098011765901,0.1625532324166048
4,Enterococcus faecium,enterococcus_faecium,Teicoplanin,52,2070,1942,128,32,17,15,137,91,46,0.5418060200668897,0.2515527950310559,-0.29025322503583384
4,Enterococcus faecium,enterococcus_faecium,Vancomycin,56,2220,2012,208,616,340,276,2470,1339,1131,0.4787986600713546,0.8504099619059315,0.37161130183457697
4,Escherichia coli,escherichia_coli,Ampicillin,4,2654,949,1705,2373,1094,1279,9494,4397,5097,0.4893487091833039,0.6518877421417719,0.162539032958468
4,Escherichia coli,escherichia_coli,Ceftazidime,16,7535,6135,1400,2374,1914,460,9496,7679,1817,0.43873179632133985,0.7626959444461925,0.32396414812485264
4,Escherichia coli,escherichia_coli,Ceftriaxone,19,6090,4808,1282,1057,821,236,4163,3212,951,0.33846295372374624,0.8441348688475001,0.5056719151237539
4,Escherichia coli,escherichia_coli,Ciprofloxacin,22,7571,5220,2351,2370,1847,523,9492,7437,2055,0.48963566464383546,0.7143263101864258,0.22469064554259033
4,Escherichia coli,escherichia_coli,Cotrimoxazole,26,5784,3885,1899,2371,1719,652,9493,6952,2541,0.5211505985384006,0.6145059912713433,0.09335539273294269
4,Escherichia coli,escherichia_coli,Ertapenem,29,6785,6724,61,157,156,1,593,588,5,0.7884353741496598,0.39370748299319736,-0.39472789115646245
4,Escherichia coli,escherichia_coli,Fosfomycin,31,2270,2139,131,690,676,14,2812,2770,42,0.5184115523465703,0.5439788550799382,0.025567302733367825
4,Escherichia coli,escherichia_coli,Gentamicin,33,2689,2397,292,2339,789,1550,9355,3134,6221,0.465344982467212,0.7876413822420651,0.32229639977485314
4,Escherichia coli,escherichia_coli,Imipenem,35,7344,7335,9,2372,2367,5,9493,9470,23,0.5512464992424589,0.7088609338414215,0.15761443459896252
4,Escherichia coli,escherichia_coli,Meropenem,40,6718,6711,7,2374,2370,4,9494,9472,22,0.5753032862407863,0.6736361716830467,0.09833288544226038
4,Escherichia coli,escherichia_coli,Nitrofurantoin,44,2491,2460,31,1278,1258,20,5171,5089,82,0.5896158141184477,0.5678927289371145,-0.021723085181333146
4,Escherichia coli,escherichia_coli,Piperacillin-Tazobactam,48,5635,5184,451,2355,1818,537,9443,7270,2173,0.4510473986419551,0.7301506041065444,0.27910320546458933
4,Haemophilus influenzae,haemophilus_influenzae,Ampicillin,4,397,322,75,43,35,8,180,133,47,0.5459126539753639,0.5691889297712367,0.02327627579587277
4,Haemophilus influenzae,haemophilus_influenzae,Ciprofloxacin,22,164,160,4,44,42,2,180,177,3,0.3691148775894538,0.4331450094161959,0.06403013182674205
4,Haemophilus influenzae,haemophilus_influenzae,Levofloxacin,38,353,349,4,43,42,1,179,176,3,0.5,0.6486742424242423,0.14867424242424232
4,Klebsiella oxytoca,klebsiella_oxytoca,Ceftazidime,16,1227,1200,27,317,310,7,1275,1244,31,0.5116948449330982,0.742765273311897,0.23107042837879876
4,Klebsiella oxytoca,klebsiella_oxytoca,Ceftriaxone,19,892,822,70,218,212,6,912,883,29,0.5329792634826415,0.8100324130120671,0.2770531495294256
4,Klebsiella oxytoca,klebsiella_oxytoca,Ciprofloxacin,22,1233,1203,30,317,309,8,1275,1241,34,0.5661942456273403,0.6335616438356164,0.06736739820827609
4,Klebsiella oxytoca,klebsiella_oxytoca,Cotrimoxazole,26,844,819,25,317,309,8,1275,1252,23,0.4394533963050424,0.4790595916099458,0.039606195304903447
4,Klebsiella oxytoca,klebsiella_oxytoca,Fosfomycin,31,438,297,141,72,52,20,263,188,75,0.4854609929078014,0.46946808510638294,-0.015992907801418488
4,Klebsiella oxytoca,klebsiella_oxytoca,Gentamicin,33,523,511,12,313,130,183,1262,478,784,0.505134061992998,0.6182301895653659,0.11309612757236787
4,Klebsiella oxytoca,klebsiella_oxytoca,Piperacillin-Tazobactam,48,821,739,82,318,234,84,1274,967,307,0.5123791975585191,0.6935988601032778,0.18121966254475863
4,Klebsiella pneumoniae,klebsiella_pneumoniae,Ceftazidime,16,16451,14654,1797,810,612,198,3239,2451,788,0.33171610261635676,0.8484315424968987,0.5167154398805419
4,Klebsiella pneumoniae,klebsiella_pneumoniae,Ceftriaxone,19,3385,2863,522,530,391,139,2109,1547,562,0.30556788825576764,0.8958557143087182,0.5902878260529506
4,Klebsiella pneumoniae,klebsiella_pneumoniae,Ciprofloxacin,22,19206,14262,4944,809,657,152,3240,2646,594,0.38321454657433496,0.8078517602327127,0.4246372136583777
4,Klebsiella pneumoniae,klebsiella_pneumoniae,Cotrimoxazole,26,3220,2540,680,810,672,138,3237,2646,591,0.38465621255082216,0.7755517698713251,0.39089555732050296
4,Klebsiella pneumoniae,klebsiella_pneumoniae,Ertapenem,29,18878,17334,1544,49,47,2,210,188,22,0.48017408123791105,0.8540860735009671,0.37391199226305605
4,Klebsiella pneumoniae,klebsiella_pneumoniae,Fosfomycin,31,15901,11554,4347,218,155,63,862,614,248,0.46754491961752653,0.5150717137753493,0.047526794157822794
4,Klebsiella pneumoniae,klebsiella_pneumoniae,Gentamicin,33,16385,14259,2126,799,322,477,3212,1220,1992,0.40497543452498513,0.6009186335505958,0.1959431990256107
4,Klebsiella pneumoniae,klebsiella_pneumoniae,Imipenem,35,19040,18448,592,810,751,59,3237,2982,255,0.29920832182638313,0.9568890466984916,0.6576807248721085
4,Klebsiella pneumoniae,klebsiella_pneumoniae,Meropenem,40,18459,17983,476,810,751,59,3239,2983,256,0.3058234945943681,0.9594427013493129,0.6536192067549448
4,Klebsiella pneumoniae,klebsiella_pneumoniae,Piperacillin-Tazobactam,48,3094,2619,475,808,539,269,3232,2144,1088,0.38081414789563217,0.7878608737104915,0.40704672581485934
4,Morganella morganii,morganella_morganii,Ceftazidime,16,809,642,167,105,77,28,423,324,99,0.5209970071081182,0.48991457787754084,-0.031082429230577413
4,Morganella morganii,morganella_morganii,Ceftriaxone,19,471,415,56,66,49,17,275,206,69,0.5239904319684818,0.5202265372168284,-0.003763894751653396
4,Morganella morganii,morganella_morganii,Ciprofloxacin,22,812,671,141,105,97,8,423,380,43,0.5666768665850673,0.5468482252141982,-0.01982864137086915
4,Morganella morganii,morganella_morganii,Cotrimoxazole,26,441,394,47,105,99,6,423,388,35,0.47212812960235634,0.5792709867452136,0.10714285714285726
4,Morganella morganii,morganella_morganii,Gentamicin,33,464,427,37,104,41,63,420,145,275,0.44631974921630096,0.41770532915360503,-0.028614420062695933
4,Morganella morganii,morganella_morganii,Piperacillin-Tazobactam,48,427,418,9,105,76,29,422,324,98,0.5254787100025196,0.492929579239103,-0.032549130763416534
4,Proteus mirabilis,proteus_mirabilis,Ampicillin,4,1456,831,625,502,344,158,2012,1404,608,0.50629135271405,0.5798587681811366,0.07356741546708656
4,Proteus mirabilis,proteus_mirabilis,Ceftazidime,16,2363,2252,111,503,496,7,2012,1987,25,0.5313336688475089,0.4872169099144439,-0.04411675893306499
4,Proteus mirabilis,proteus_mirabilis,Ceftriaxone,19,1220,1167,53,263,262,1,1088,1084,4,0.5914437269372693,0.7403136531365313,0.14886992619926198
4,Proteus mirabilis,proteus_mirabilis,Ciprofloxacin,22,2367,1792,575,503,436,67,2012,1727,285,0.552344091264641,0.5732240270624448,0.020879935797803784
4,Proteus mirabilis,proteus_mirabilis,Cotrimoxazole,26,1135,789,346,503,327,176,2012,1333,679,0.5129802332762866,0.6001461705632594,0.08716593728697275
4,Proteus mirabilis,proteus_mirabilis,Fosfomycin,31,1368,900,468,174,144,30,707,567,140,0.5112244897959183,0.4416351725875536,-0.0695893172083647
4,Proteus mirabilis,proteus_mirabilis,Gentamicin,33,1452,1218,234,498,189,309,1997,677,1320,0.35941878161228236,0.5116971039792311,0.15227832236694872
4,Proteus mirabilis,proteus_mirabilis,Piperacillin-Tazobactam,48,1101,1093,8,501,493,8,1996,1973,23,0.4155776901209811,0.5002534211860111,0.08467573106503001
4,Proteus vulgaris,proteus_vulgaris,Ceftazidime,16,434,430,4,94,92,2,379,362,17,0.4710757231069223,0.44345141371465713,-0.02762430939226518
4,Proteus vulgaris,proteus_vulgaris,Cotrimoxazole,26,389,364,25,94,84,10,378,333,45,0.531297964631298,0.5179512846179513,-0.013346680013346712
4,Proteus vulgaris,proteus_vulgaris,Fosfomycin,31,88,70,18,18,16,2,66,65,1,0.4846153846153846,0.18461538461538463,-0.3
4,Proteus vulgaris,proteus_vulgaris,Gentamicin,33,114,112,2,94,36,58,379,141,238,0.4299868883723702,0.5048274629000536,0.07484057452768345
4,Pseudomonas aeruginosa,pseudomonas_aeruginosa,Amikacin,0,4397,4130,267,801,296,505,3239,1217,2022,0.47422741787746453,0.93927012395287,0.4650427060754055
4,Pseudomonas aeruginosa,pseudomonas_aeruginosa,Ceftolozane-Tazobactam,18,82,70,12,17,16,1,71,58,13,0.633289124668435,0.6352785145888594,0.0019893899204244114
4,Pseudomonas aeruginosa,pseudomonas_aeruginosa,Meropenem,40,4809,4041,768,852,630,222,3402,2456,946,0.4895804639455688,0.5150664378042986,0.025485973858729805
4,Pseudomonas aeruginosa,pseudomonas_aeruginosa,Tobramycin,55,4769,4357,412,805,294,511,3248,1223,2025,0.4794494412646497,0.9412781765139356,0.4618287352492859
4,Serratia marcescens,serratia_marcescens,Ceftazidime,16,1246,1185,61,208,190,18,832,757,75,0.5871598414795245,0.7160017613386174,0.12884191985909288
4,Serratia marcescens,serratia_marcescens,Ceftriaxone,19,964,924,40,175,161,14,681,622,59,0.5980026159463732,0.7565943648155213,0.15859174886914817
4,Serratia marcescens,serratia_marcescens,Ciprofloxacin,22,1247,1182,65,208,200,8,831,786,45,0.49071246819338415,0.4527565733672604,-0.03795589482612377
4,Serratia marcescens,serratia_marcescens,Cotrimoxazole,26,943,936,7,208,205,3,831,823,8,0.5657654921020656,0.5956105710814095,0.029845078979343853
4,Serratia marcescens,serratia_marcescens,Fosfomycin,31,329,277,52,27,26,1,111,88,23,0.5711462450592886,0.6158596837944664,0.04471343873517786
4,Serratia marcescens,serratia_marcescens,Gentamicin,33,389,378,11,207,66,141,830,324,506,0.464930098082272,0.5982408627336163,0.13331076465134434
4,Serratia marcescens,serratia_marcescens,Imipenem,35,1217,1212,5,208,201,7,831,797,34,0.6759908480330651,0.8272197210126209,0.15122887297955578
4,Serratia marcescens,serratia_marcescens,Piperacillin-Tazobactam,48,939,901,38,208,189,19,831,747,84,0.5979473449352967,0.694301013578122,0.09635366864282535
4,Staphylococcus aureus,staphylococcus_aureus,Clindamycin,24,6097,4979,1118,1502,1220,282,6003,4915,1088,0.5548754375860211,0.6547791312608461,0.09990369367482499
4,Staphylococcus aureus,staphylococcus_aureus,Cotrimoxazole,26,4479,4334,145,1503,1470,33,6003,5862,141,0.5688906310871075,0.6528174006886522,0.08392676960154477
4,Staphylococcus aureus,staphylococcus_aureus,Erythromycin,30,5634,4309,1325,1500,1201,299,6002,4835,1167,0.5531040178504176,0.6423926152581018,0.08928859740768413
4,Staphylococcus aureus,staphylococcus_aureus,Fosfomycin,31,2042,1989,53,1503,1487,16,6001,5935,66,0.6373107656174211,0.7386408312271833,0.10133006560976221
4,Staphylococcus aureus,staphylococcus_aureus,Fusidic acid,32,5515,5125,390,61,54,7,201,180,21,0.5541005291005292,0.42354497354497356,-0.13055555555555565
4,Staphylococcus aureus,staphylococcus_aureus,Gentamicin,33,6402,6156,246,1503,1484,19,6003,5902,101,0.5182854612130138,0.5500627409403088,0.03177727972729505
4,Staphylococcus aureus,staphylococcus_aureus,Levofloxacin,38,2039,322,1717,1503,748,755,6004,2921,3083,0.5,0.9261720939214206,0.42617209392142064
4,Staphylococcus aureus,staphylococcus_aureus,Mupirocin,43,6343,6188,155,205,200,5,840,813,27,0.6408819643751994,0.5422076442986652,-0.0986743200765342
4,Staphylococcus aureus,staphylococcus_aureus,Oxacillin,45,7214,5968,1246,1499,1237,262,6000,4901,1099,0.7112423807586761,0.895300656362678,0.1840582756040019
4,Staphylococcus aureus,staphylococcus_aureus,Rifampicin,50,4770,4727,43,1502,1488,14,5995,5970,25,0.46332663316582917,0.6320234505862646,0.16869681742043546
4,Staphylococcus aureus,staphylococcus_aureus,Tetracycline,53,5647,5280,367,1503,1415,88,6000,5630,370,0.5336824924391532,0.6437883442945609,0.11010585185540767
4,Staphylococcus aureus,staphylococcus_aureus,Tigecycline,54,3985,3984,1,1497,1496,1,5989,5985,4,0.2860693400167084,0.4133876357560568,0.12731829573934839
4,Staphylococcus capitis,staphylococcus_capitis,Clindamycin,24,368,317,51,102,83,19,411,322,89,0.565182497033987,0.5792099937190314,0.014027496685044327
4,Staphylococcus capitis,staphylococcus_capitis,Cotrimoxazole,26,368,355,13,99,97,2,407,402,5,0.5231343283582089,0.24378109452736318,-0.27935323383084576
4,Staphylococcus capitis,staphylococcus_capitis,Erythromycin,30,374,328,46,102,84,18,415,331,84,0.5739641778161416,0.5686232196806215,-0.005340958135520157
4,Staphylococcus capitis,staphylococcus_capitis,Gentamicin,33,369,347,22,99,91,8,404,378,26,0.5216218966218967,0.49481074481074483,-0.0268111518111519
4,Staphylococcus capitis,staphylococcus_capitis,Oxacillin,45,415,338,77,102,76,26,414,301,113,0.5826889718636993,0.5643283450445419,-0.0183606268191574
4,Staphylococcus capitis,staphylococcus_capitis,Tetracycline,53,364,319,45,99,86,13,404,348,56,0.5720699917898194,0.6106834975369458,0.03861350574712641
4,Staphylococcus epidermidis,staphylococcus_epidermidis,Clindamycin,24,5065,2508,2557,739,361,378,2966,1426,1540,0.606249886158722,0.7458807671991402,0.1396308810404182
4,Staphylococcus epidermidis,staphylococcus_epidermidis,Cotrimoxazole,26,4566,2993,1573,741,527,214,2956,2161,795,0.6362992907429882,0.8037485557292076,0.16744926498621937
4,Staphylococcus epidermidis,staphylococcus_epidermidis,Erythromycin,30,5089,1945,3144,740,233,507,2967,1000,1967,0.5836771733604473,0.6936301474326385,0.10995297407219118
4,Staphylococcus epidermidis,staphylococcus_epidermidis,Fosfomycin,31,898,845,53,740,597,143,2951,2434,517,0.5808449448416931,0.7828422779164925,0.2019973330747994
4,Staphylococcus epidermidis,staphylococcus_epidermidis,Gentamicin,33,5115,2840,2275,741,482,259,2952,2010,942,0.6326496498399721,0.8129057472721319,0.18025609743215987
4,Staphylococcus epidermidis,staphylococcus_epidermidis,Levofloxacin,38,883,128,755,740,236,504,2953,886,2067,0.5218889001737504,0.7974906108131544,0.275601710639404
4,Staphylococcus epidermidis,staphylococcus_epidermidis,Linezolid,39,5293,5263,30,740,722,18,2959,2900,59,0.6909848042080655,0.8970923436586791,0.20610753945061355
4,Staphylococcus epidermidis,staphylococcus_epidermidis,Oxacillin,45,5537,1664,3873,745,271,474,2966,967,1999,0.6038611342899993,0.7693909002070839,0.16552976591708457
4,Staphylococcus epidermidis,staphylococcus_epidermidis,Rifampicin,50,4999,4560,439,737,679,58,2947,2702,245,0.5874295684224837,0.7467363555340716,0.15930678711158786
4,Staphylococcus epidermidis,staphylococcus_epidermidis,Tetracycline,53,4953,2488,2465,740,428,312,2952,1645,1307,0.5393213535719519,0.65074592502843,0.1114245714564781
4,Staphylococcus epidermidis,staphylococcus_epidermidis,Tigecycline,54,4582,4568,14,742,740,2,2946,2938,8,0.6706518039482642,0.6653973791695031,-0.005254424778761035
4,Staphylococcus epidermidis,staphylococcus_epidermidis,Vancomycin,56,5684,5682,2,740,739,1,2956,2954,2,0.3335308056872038,0.35248815165876773,0.018957345971563955
4,Staphylococcus haemolyticus,staphylococcus_haemolyticus,Clindamycin,24,283,114,169,100,38,62,397,124,273,0.5102505021859861,0.6861337587144039,0.17588325652841774
4,Staphylococcus haemolyticus,staphylococcus_haemolyticus,Cotrimoxazole,26,231,113,118,100,48,52,400,151,249,0.7991967871485944,0.8609271523178809,0.06173036516928643
4,Staphylococcus haemolyticus,staphylococcus_haemolyticus,Erythromycin,30,287,57,230,100,21,79,399,60,339,0.5719026548672566,0.8649950835791543,0.2930924287118978
4,Staphylococcus haemolyticus,staphylococcus_haemolyticus,Fosfomycin,31,60,15,45,100,4,96,398,7,391,0.44318597004019,0.4166971136280599,-0.026488856412130113
4,Staphylococcus haemolyticus,staphylococcus_haemolyticus,Gentamicin,33,278,95,183,100,43,57,400,108,292,0.7878139269406392,0.9083745560629122,0.12056062912227294
4,Staphylococcus haemolyticus,staphylococcus_haemolyticus,Levofloxacin,38,60,8,52,100,29,71,400,64,336,0.7869931175595238,0.8942289806547619,0.10723586309523803
4,Staphylococcus haemolyticus,staphylococcus_haemolyticus,Oxacillin,45,290,81,209,100,29,71,404,74,330,0.7755528255528255,0.9201678951678952,0.14461506961506976
4,Staphylococcus haemolyticus,staphylococcus_haemolyticus,Rifampicin,50,259,235,24,100,94,6,397,341,56,0.5540950984499371,0.5781053623795559,0.024010263929618803
4,Staphylococcus haemolyticus,staphylococcus_haemolyticus,Tetracycline,53,285,182,103,100,51,49,399,171,228,0.6949445983379501,0.6883528265107212,-0.0065917718272289205
4,Staphylococcus haemolyticus,staphylococcus_haemolyticus,Tigecycline,54,255,248,7,100,99,1,401,400,1,0.56375,0.74875,0.18500000000000005
4,Staphylococcus hominis,staphylococcus_hominis,Clindamycin,24,743,532,211,126,77,49,504,318,186,0.5323425982281734,0.5610925136944613,0.028749915466287912
4,Staphylococcus hominis,staphylococcus_hominis,Cotrimoxazole,26,710,670,40,127,95,32,501,389,112,0.5546157730444363,0.5857624862284245,0.031146713183988206
4,Staphylococcus hominis,staphylococcus_hominis,Erythromycin,30,740,324,416,127,50,77,508,189,319,0.5094624404969232,0.529034184206598,0.019571743709674738
4,Staphylococcus hominis,staphylococcus_hominis,Fosfomycin,31,56,15,41,127,2,125,499,16,483,0.6464803312629399,0.43549430641821946,-0.21098602484472045
4,Staphylococcus hominis,staphylococcus_hominis,Gentamicin,33,742,676,66,127,104,23,499,413,86,0.5442451714623572,0.5419224055408526,-0.0023227659215045993
4,Staphylococcus hominis,staphylococcus_hominis,Levofloxacin,38,56,37,19,127,57,70,499,232,267,0.5126808084721683,0.512874531835206,0.00019372336303769
4,Staphylococcus hominis,staphylococcus_hominis,Oxacillin,45,741,503,238,126,58,68,508,272,236,0.5822921859421735,0.5865917871385843,0.004299601196410818
4,Staphylococcus hominis,staphylococcus_hominis,Rifampicin,50,758,746,12,126,125,1,501,489,12,0.46157123381049764,0.5320381731424676,0.07046693933196996
4,Staphylococcus hominis,staphylococcus_hominis,Tetracycline,53,720,483,237,127,83,44,499,311,188,0.5004275843196279,0.5143411780803174,0.013913593760689569
4,Staphylococcus lugdunensis,staphylococcus_lugdunensis,Clindamycin,24,463,418,45,64,52,12,257,229,28,0.5790704928259512,0.5598877105427323,-0.019182782283218902
4,Staphylococcus lugdunensis,staphylococcus_lugdunensis,Erythromycin,30,394,360,34,64,53,11,258,230,28,0.5797360248447205,0.5583074534161491,-0.021428571428571463
4,Staphylococcus lugdunensis,staphylococcus_lugdunensis,Levofloxacin,38,96,25,71,63,39,24,258,144,114,0.41630116959064334,0.6489096003898635,0.2326084307992201
4,Staphylococcus lugdunensis,staphylococcus_lugdunensis,Oxacillin,45,473,456,17,63,58,5,256,241,15,0.49363762102351316,0.49626556016597506,0.002627939142461899
4,Staphylococcus lugdunensis,staphylococcus_lugdunensis,Tetracycline,53,393,377,16,63,55,8,258,240,18,0.5405092592592593,0.5581018518518518,0.017592592592592493
4,Streptococcus pneumoniae,streptococcus_pneumoniae,Azithromycin,7,144,93,51,15,14,1,61,56,5,0.5410714285714286,0.4982142857142857,-0.04285714285714293
4,Streptococcus pneumoniae,streptococcus_pneumoniae,Clarithromycin,23,446,348,98,15,14,1,61,56,5,0.6357142857142857,0.4982142857142857,-0.13749999999999996
4,Streptococcus pneumoniae,streptococcus_pneumoniae,Erythromycin,30,172,115,57,15,14,1,61,56,5,0.6446428571428572,0.4982142857142857,-0.14642857142857146
4,Streptococcus pneumoniae,streptococcus_pneumoniae,Moxifloxacin,42,168,157,11,15,14,1,62,60,2,0.2833333333333333,0.425,0.14166666666666666
