Training independent binary classifiers...

Antibiotic 1/3: Oxacillin
[Staphylococcus_Aureus | BIN | Oxacillin] BayesSearchCV starting: n_iter=200, cv=5, n_jobs=10, n_points=1
[Staphylococcus_Aureus | BIN | Oxacillin] Bayes iter 1/200 done.
[Staphylococcus_Aureus | BIN | Oxacillin] Bayes iter 2/200 done.
[Staphylococcus_Aureus | BIN | Oxacillin] Bayes iter 3/200 done.
[Staphylococcus_Aureus | BIN | Oxacillin] Bayes iter 4/200 done.
[Staphylococcus_Aureus | BIN | Oxacillin] Bayes iter 5/200 done.
[Staphylococcus_Aureus | BIN | Oxacillin] Bayes iter 6/200 done.
[Staphylococcus_Aureus | BIN | Oxacillin] Bayes iter 7/200 done.
[Staphylococcus_Aureus | BIN | Oxacillin] Bayes iter 8/200 done.
[Staphylococcus_Aureus | BIN | Oxacillin] Bayes iter 9/200 done.
[Staphylococcus_Aureus | BIN | Oxacillin] Bayes iter 10/200 done.
[Staphylococcus_Aureus | BIN | Oxacillin] Bayes iter 11/200 done.
[Staphylococcus_Aureus | BIN | Oxacillin] Bayes iter 12/200 done.
[Staphylococcus_Aureus | BIN | Oxacillin] Bayes iter 13/200 done.
[Staphylococcus_Aureus | BIN | Oxacillin] Bayes iter 14/200 done.
/export/usuarios01/egarroyo/MALDI_for_AMR_prediction/venv/lib/python3.13/site-packages/joblib/externals/loky/backend/resource_tracker.py:359: UserWarning: resource_tracker: There appear to be 1 leaked file objects to clean up at shutdown
  warnings.warn(
/export/usuarios01/egarroyo/MALDI_for_AMR_prediction/venv/lib/python3.13/site-packages/joblib/externals/loky/backend/resource_tracker.py:359: UserWarning: resource_tracker: There appear to be 16 leaked semlock objects to clean up at shutdown
  warnings.warn(
/export/usuarios01/egarroyo/MALDI_for_AMR_prediction/venv/lib/python3.13/site-packages/joblib/externals/loky/backend/resource_tracker.py:359: UserWarning: resource_tracker: There appear to be 2 leaked folder objects to clean up at shutdown
  warnings.warn(
/export/usuarios01/egarroyo/MALDI_for_AMR_prediction/venv/lib/python3.13/site-packages/joblib/externals/loky/backend/resource_tracker.py:359: UserWarning: resource_tracker: There appear to be 1 leaked file objects to clean up at shutdown
  warnings.warn(
/export/usuarios01/egarroyo/MALDI_for_AMR_prediction/venv/lib/python3.13/site-packages/joblib/externals/loky/backend/resource_tracker.py:359: UserWarning: resource_tracker: There appear to be 16 leaked semlock objects to clean up at shutdown
  warnings.warn(
/export/usuarios01/egarroyo/MALDI_for_AMR_prediction/venv/lib/python3.13/site-packages/joblib/externals/loky/backend/resource_tracker.py:359: UserWarning: resource_tracker: There appear to be 2 leaked folder objects to clean up at shutdown
  warnings.warn(
[Staphylococcus_Aureus | BIN | Oxacillin] Bayes iter 15/200 done.
[Staphylococcus_Aureus | BIN | Oxacillin] Bayes iter 16/200 done.
[Staphylococcus_Aureus | BIN | Oxacillin] Bayes iter 17/200 done.
[Staphylococcus_Aureus | BIN | Oxacillin] Bayes iter 18/200 done.
[Staphylococcus_Aureus | BIN | Oxacillin] Bayes iter 19/200 done.
[Staphylococcus_Aureus | BIN | Oxacillin] Bayes iter 20/200 done.
[Staphylococcus_Aureus | BIN | Oxacillin] Bayes iter 21/200 done.
[Staphylococcus_Aureus | BIN | Oxacillin] Bayes iter 22/200 done.
[Staphylococcus_Aureus | BIN | Oxacillin] Bayes iter 23/200 done.
[Staphylococcus_Aureus | BIN | Oxacillin] Bayes iter 24/200 done.
[Staphylococcus_Aureus | BIN | Oxacillin] Bayes iter 25/200 done.
[Staphylococcus_Aureus | BIN | Oxacillin] Bayes iter 26/200 done.
[Staphylococcus_Aureus | BIN | Oxacillin] Bayes iter 27/200 done.
[Staphylococcus_Aureus | BIN | Oxacillin] Bayes iter 28/200 done.
[Staphylococcus_Aureus | BIN | Oxacillin] Bayes iter 29/200 done.
[Staphylococcus_Aureus | BIN | Oxacillin] Bayes iter 30/200 done.
[Staphylococcus_Aureus | BIN | Oxacillin] Bayes iter 31/200 done.
[Staphylococcus_Aureus | BIN | Oxacillin] Bayes iter 32/200 done.
[Staphylococcus_Aureus | BIN | Oxacillin] Bayes iter 33/200 done.
[Staphylococcus_Aureus | BIN | Oxacillin] Bayes iter 34/200 done.
[Staphylococcus_Aureus | BIN | Oxacillin] Bayes iter 35/200 done.
[Staphylococcus_Aureus | BIN | Oxacillin] Bayes iter 36/200 done.
[Staphylococcus_Aureus | BIN | Oxacillin] Bayes iter 37/200 done.
[Staphylococcus_Aureus | BIN | Oxacillin] Bayes iter 38/200 done.
[Staphylococcus_Aureus | BIN | Oxacillin] Bayes iter 39/200 done.
[Staphylococcus_Aureus | BIN | Oxacillin] Bayes iter 40/200 done.
[Staphylococcus_Aureus | BIN | Oxacillin] Bayes iter 41/200 done.
[Staphylococcus_Aureus | BIN | Oxacillin] Bayes iter 42/200 done.
[Staphylococcus_Aureus | BIN | Oxacillin] Bayes iter 43/200 done.
[Staphylococcus_Aureus | BIN | Oxacillin] Bayes iter 44/200 done.
[Staphylococcus_Aureus | BIN | Oxacillin] Bayes iter 45/200 done.
[Staphylococcus_Aureus | BIN | Oxacillin] Bayes iter 46/200 done.
[Staphylococcus_Aureus | BIN | Oxacillin] Bayes iter 47/200 done.
[Staphylococcus_Aureus | BIN | Oxacillin] Bayes iter 48/200 done.
[Staphylococcus_Aureus | BIN | Oxacillin] Bayes iter 49/200 done.
[Staphylococcus_Aureus | BIN | Oxacillin] Bayes iter 50/200 done.
[Staphylococcus_Aureus | BIN | Oxacillin] Bayes iter 51/200 done.
[Staphylococcus_Aureus | BIN | Oxacillin] Bayes iter 52/200 done.
[Staphylococcus_Aureus | BIN | Oxacillin] Bayes iter 53/200 done.
[Staphylococcus_Aureus | BIN | Oxacillin] Bayes iter 54/200 done.
[Staphylococcus_Aureus | BIN | Oxacillin] Bayes iter 55/200 done.
[Staphylococcus_Aureus | BIN | Oxacillin] Bayes iter 56/200 done.
[Staphylococcus_Aureus | BIN | Oxacillin] Bayes iter 57/200 done.
[Staphylococcus_Aureus | BIN | Oxacillin] Bayes iter 58/200 done.
[Staphylococcus_Aureus | BIN | Oxacillin] Bayes iter 59/200 done.
[Staphylococcus_Aureus | BIN | Oxacillin] Bayes iter 60/200 done.
[Staphylococcus_Aureus | BIN | Oxacillin] Bayes iter 61/200 done.
[Staphylococcus_Aureus | BIN | Oxacillin] Bayes iter 62/200 done.
[Staphylococcus_Aureus | BIN | Oxacillin] Bayes iter 63/200 done.
[Staphylococcus_Aureus | BIN | Oxacillin] Bayes iter 64/200 done.
[Staphylococcus_Aureus | BIN | Oxacillin] Bayes iter 65/200 done.
[Staphylococcus_Aureus | BIN | Oxacillin] Bayes iter 66/200 done.
[Staphylococcus_Aureus | BIN | Oxacillin] Bayes iter 67/200 done.
[Staphylococcus_Aureus | BIN | Oxacillin] Bayes iter 68/200 done.
[Staphylococcus_Aureus | BIN | Oxacillin] Bayes iter 69/200 done.
[Staphylococcus_Aureus | BIN | Oxacillin] Bayes iter 70/200 done.
[Staphylococcus_Aureus | BIN | Oxacillin] Bayes iter 71/200 done.
[Staphylococcus_Aureus | BIN | Oxacillin] Bayes iter 72/200 done.
[Staphylococcus_Aureus | BIN | Oxacillin] Bayes iter 73/200 done.
[Staphylococcus_Aureus | BIN | Oxacillin] Bayes iter 74/200 done.
[Staphylococcus_Aureus | BIN | Oxacillin] Bayes iter 75/200 done.
[Staphylococcus_Aureus | BIN | Oxacillin] Bayes iter 76/200 done.
[Staphylococcus_Aureus | BIN | Oxacillin] Bayes iter 77/200 done.
[Staphylococcus_Aureus | BIN | Oxacillin] Bayes iter 78/200 done.
[Staphylococcus_Aureus | BIN | Oxacillin] Bayes iter 79/200 done.
[Staphylococcus_Aureus | BIN | Oxacillin] Bayes iter 80/200 done.
[Staphylococcus_Aureus | BIN | Oxacillin] Bayes iter 81/200 done.
[Staphylococcus_Aureus | BIN | Oxacillin] Bayes iter 82/200 done.
[Staphylococcus_Aureus | BIN | Oxacillin] Bayes iter 83/200 done.
[Staphylococcus_Aureus | BIN | Oxacillin] Bayes iter 84/200 done.
[Staphylococcus_Aureus | BIN | Oxacillin] Bayes iter 85/200 done.
[Staphylococcus_Aureus | BIN | Oxacillin] Bayes iter 86/200 done.
[Staphylococcus_Aureus | BIN | Oxacillin] Bayes iter 87/200 done.
[Staphylococcus_Aureus | BIN | Oxacillin] Bayes iter 88/200 done.
[Staphylococcus_Aureus | BIN | Oxacillin] Bayes iter 89/200 done.
[Staphylococcus_Aureus | BIN | Oxacillin] Bayes iter 90/200 done.
[Staphylococcus_Aureus | BIN | Oxacillin] Bayes iter 91/200 done.
[Staphylococcus_Aureus | BIN | Oxacillin] Bayes iter 92/200 done.
[Staphylococcus_Aureus | BIN | Oxacillin] Bayes iter 93/200 done.
[Staphylococcus_Aureus | BIN | Oxacillin] Bayes iter 94/200 done.
[Staphylococcus_Aureus | BIN | Oxacillin] Bayes iter 95/200 done.
[Staphylococcus_Aureus | BIN | Oxacillin] Bayes iter 96/200 done.
[Staphylococcus_Aureus | BIN | Oxacillin] Bayes iter 97/200 done.
[Staphylococcus_Aureus | BIN | Oxacillin] Bayes iter 98/200 done.
[Staphylococcus_Aureus | BIN | Oxacillin] Bayes iter 99/200 done.
[Staphylococcus_Aureus | BIN | Oxacillin] Bayes iter 100/200 done.
[Staphylococcus_Aureus | BIN | Oxacillin] Bayes iter 101/200 done.
[Staphylococcus_Aureus | BIN | Oxacillin] Bayes iter 102/200 done.
[Staphylococcus_Aureus | BIN | Oxacillin] Bayes iter 103/200 done.
[Staphylococcus_Aureus | BIN | Oxacillin] Bayes iter 104/200 done.
[Staphylococcus_Aureus | BIN | Oxacillin] Bayes iter 105/200 done.
[Staphylococcus_Aureus | BIN | Oxacillin] Bayes iter 106/200 done.
[Staphylococcus_Aureus | BIN | Oxacillin] Bayes iter 107/200 done.
[Staphylococcus_Aureus | BIN | Oxacillin] Bayes iter 108/200 done.
[Staphylococcus_Aureus | BIN | Oxacillin] Bayes iter 109/200 done.
[Staphylococcus_Aureus | BIN | Oxacillin] Bayes iter 110/200 done.
[Staphylococcus_Aureus | BIN | Oxacillin] Bayes iter 111/200 done.
[Staphylococcus_Aureus | BIN | Oxacillin] Bayes iter 112/200 done.
[Staphylococcus_Aureus | BIN | Oxacillin] Bayes iter 113/200 done.
[Staphylococcus_Aureus | BIN | Oxacillin] Bayes iter 114/200 done.
[Staphylococcus_Aureus | BIN | Oxacillin] Bayes iter 115/200 done.
[Staphylococcus_Aureus | BIN | Oxacillin] Bayes iter 116/200 done.
[Staphylococcus_Aureus | BIN | Oxacillin] Bayes iter 117/200 done.
[Staphylococcus_Aureus | BIN | Oxacillin] Bayes iter 118/200 done.
[Staphylococcus_Aureus | BIN | Oxacillin] Bayes iter 119/200 done.
[Staphylococcus_Aureus | BIN | Oxacillin] Bayes iter 120/200 done.
[Staphylococcus_Aureus | BIN | Oxacillin] Bayes iter 121/200 done.
[Staphylococcus_Aureus | BIN | Oxacillin] Bayes iter 122/200 done.
[Staphylococcus_Aureus | BIN | Oxacillin] Bayes iter 123/200 done.
[Staphylococcus_Aureus | BIN | Oxacillin] Bayes iter 124/200 done.
[Staphylococcus_Aureus | BIN | Oxacillin] Bayes iter 125/200 done.
[Staphylococcus_Aureus | BIN | Oxacillin] Bayes iter 126/200 done.
[Staphylococcus_Aureus | BIN | Oxacillin] Bayes iter 127/200 done.
[Staphylococcus_Aureus | BIN | Oxacillin] Bayes iter 128/200 done.
[Staphylococcus_Aureus | BIN | Oxacillin] Bayes iter 129/200 done.
[Staphylococcus_Aureus | BIN | Oxacillin] Bayes iter 130/200 done.
[Staphylococcus_Aureus | BIN | Oxacillin] Bayes iter 131/200 done.
[Staphylococcus_Aureus | BIN | Oxacillin] Bayes iter 132/200 done.
[Staphylococcus_Aureus | BIN | Oxacillin] Bayes iter 133/200 done.
[Staphylococcus_Aureus | BIN | Oxacillin] Bayes iter 134/200 done.
[Staphylococcus_Aureus | BIN | Oxacillin] Bayes iter 135/200 done.
[Staphylococcus_Aureus | BIN | Oxacillin] Bayes iter 136/200 done.
[Staphylococcus_Aureus | BIN | Oxacillin] Bayes iter 137/200 done.
[Staphylococcus_Aureus | BIN | Oxacillin] Bayes iter 138/200 done.
[Staphylococcus_Aureus | BIN | Oxacillin] Bayes iter 139/200 done.
[Staphylococcus_Aureus | BIN | Oxacillin] Bayes iter 140/200 done.
[Staphylococcus_Aureus | BIN | Oxacillin] Bayes iter 141/200 done.
[Staphylococcus_Aureus | BIN | Oxacillin] Bayes iter 142/200 done.
[Staphylococcus_Aureus | BIN | Oxacillin] Bayes iter 143/200 done.
[Staphylococcus_Aureus | BIN | Oxacillin] Bayes iter 144/200 done.
[Staphylococcus_Aureus | BIN | Oxacillin] Bayes iter 145/200 done.
[Staphylococcus_Aureus | BIN | Oxacillin] Bayes iter 146/200 done.
[Staphylococcus_Aureus | BIN | Oxacillin] Bayes iter 147/200 done.
[Staphylococcus_Aureus | BIN | Oxacillin] Bayes iter 148/200 done.
[Staphylococcus_Aureus | BIN | Oxacillin] Bayes iter 149/200 done.
[Staphylococcus_Aureus | BIN | Oxacillin] Bayes iter 150/200 done.
[Staphylococcus_Aureus | BIN | Oxacillin] Bayes iter 151/200 done.
[Staphylococcus_Aureus | BIN | Oxacillin] Bayes iter 152/200 done.
[Staphylococcus_Aureus | BIN | Oxacillin] Bayes iter 153/200 done.
[Staphylococcus_Aureus | BIN | Oxacillin] Bayes iter 154/200 done.
[Staphylococcus_Aureus | BIN | Oxacillin] Bayes iter 155/200 done.
[Staphylococcus_Aureus | BIN | Oxacillin] Bayes iter 156/200 done.
[Staphylococcus_Aureus | BIN | Oxacillin] Bayes iter 157/200 done.
[Staphylococcus_Aureus | BIN | Oxacillin] Bayes iter 158/200 done.
[Staphylococcus_Aureus | BIN | Oxacillin] Bayes iter 159/200 done.
[Staphylococcus_Aureus | BIN | Oxacillin] Bayes iter 160/200 done.
[Staphylococcus_Aureus | BIN | Oxacillin] Bayes iter 161/200 done.
[Staphylococcus_Aureus | BIN | Oxacillin] Bayes iter 162/200 done.
[Staphylococcus_Aureus | BIN | Oxacillin] Bayes iter 163/200 done.
[Staphylococcus_Aureus | BIN | Oxacillin] Bayes iter 164/200 done.
[Staphylococcus_Aureus | BIN | Oxacillin] Bayes iter 165/200 done.
[Staphylococcus_Aureus | BIN | Oxacillin] Bayes iter 166/200 done.
[Staphylococcus_Aureus | BIN | Oxacillin] Bayes iter 167/200 done.
[Staphylococcus_Aureus | BIN | Oxacillin] Bayes iter 168/200 done.
[Staphylococcus_Aureus | BIN | Oxacillin] Bayes iter 169/200 done.
[Staphylococcus_Aureus | BIN | Oxacillin] Bayes iter 170/200 done.
[Staphylococcus_Aureus | BIN | Oxacillin] Bayes iter 171/200 done.
[Staphylococcus_Aureus | BIN | Oxacillin] Bayes iter 172/200 done.
[Staphylococcus_Aureus | BIN | Oxacillin] Bayes iter 173/200 done.
[Staphylococcus_Aureus | BIN | Oxacillin] Bayes iter 174/200 done.
[Staphylococcus_Aureus | BIN | Oxacillin] Bayes iter 175/200 done.
[Staphylococcus_Aureus | BIN | Oxacillin] Bayes iter 176/200 done.
[Staphylococcus_Aureus | BIN | Oxacillin] Bayes iter 177/200 done.
[Staphylococcus_Aureus | BIN | Oxacillin] Bayes iter 178/200 done.
[Staphylococcus_Aureus | BIN | Oxacillin] Bayes iter 179/200 done.
[Staphylococcus_Aureus | BIN | Oxacillin] Bayes iter 180/200 done.
[Staphylococcus_Aureus | BIN | Oxacillin] Bayes iter 181/200 done.
[Staphylococcus_Aureus | BIN | Oxacillin] Bayes iter 182/200 done.
[Staphylococcus_Aureus | BIN | Oxacillin] Bayes iter 183/200 done.
[Staphylococcus_Aureus | BIN | Oxacillin] Bayes iter 184/200 done.
[Staphylococcus_Aureus | BIN | Oxacillin] Bayes iter 185/200 done.
[Staphylococcus_Aureus | BIN | Oxacillin] Bayes iter 186/200 done.
[Staphylococcus_Aureus | BIN | Oxacillin] Bayes iter 187/200 done.
[Staphylococcus_Aureus | BIN | Oxacillin] Bayes iter 188/200 done.
[Staphylococcus_Aureus | BIN | Oxacillin] Bayes iter 189/200 done.
[Staphylococcus_Aureus | BIN | Oxacillin] Bayes iter 190/200 done.
[Staphylococcus_Aureus | BIN | Oxacillin] Bayes iter 191/200 done.
[Staphylococcus_Aureus | BIN | Oxacillin] Bayes iter 192/200 done.
[Staphylococcus_Aureus | BIN | Oxacillin] Bayes iter 193/200 done.
[Staphylococcus_Aureus | BIN | Oxacillin] Bayes iter 194/200 done.
[Staphylococcus_Aureus | BIN | Oxacillin] Bayes iter 195/200 done.
[Staphylococcus_Aureus | BIN | Oxacillin] Bayes iter 196/200 done.
[Staphylococcus_Aureus | BIN | Oxacillin] Bayes iter 197/200 done.
[Staphylococcus_Aureus | BIN | Oxacillin] Bayes iter 198/200 done.
[Staphylococcus_Aureus | BIN | Oxacillin] Bayes iter 199/200 done.
[Staphylococcus_Aureus | BIN | Oxacillin] Bayes iter 200/200 done.
[Staphylococcus_Aureus | BIN | Oxacillin] BayesSearchCV finished. best_score=0.790910539828068
[Staphylococcus_Aureus | BIN | Oxacillin] Best params: OrderedDict({'bootstrap': False, 'max_depth': 10, 'min_samples_leaf': 1, 'n_estimators': 42, 'random_state': 0})

Antibiotic 2/3: Clindamycin
[Staphylococcus_Aureus | BIN | Clindamycin] BayesSearchCV starting: n_iter=200, cv=5, n_jobs=10, n_points=1
[Staphylococcus_Aureus | BIN | Clindamycin] Bayes iter 1/200 done.
[Staphylococcus_Aureus | BIN | Clindamycin] Bayes iter 2/200 done.
[Staphylococcus_Aureus | BIN | Clindamycin] Bayes iter 3/200 done.
[Staphylococcus_Aureus | BIN | Clindamycin] Bayes iter 4/200 done.
[Staphylococcus_Aureus | BIN | Clindamycin] Bayes iter 5/200 done.
[Staphylococcus_Aureus | BIN | Clindamycin] Bayes iter 6/200 done.
[Staphylococcus_Aureus | BIN | Clindamycin] Bayes iter 7/200 done.
[Staphylococcus_Aureus | BIN | Clindamycin] Bayes iter 8/200 done.
[Staphylococcus_Aureus | BIN | Clindamycin] Bayes iter 9/200 done.
[Staphylococcus_Aureus | BIN | Clindamycin] Bayes iter 10/200 done.
[Staphylococcus_Aureus | BIN | Clindamycin] Bayes iter 11/200 done.
[Staphylococcus_Aureus | BIN | Clindamycin] Bayes iter 12/200 done.
[Staphylococcus_Aureus | BIN | Clindamycin] Bayes iter 13/200 done.
[Staphylococcus_Aureus | BIN | Clindamycin] Bayes iter 14/200 done.
[Staphylococcus_Aureus | BIN | Clindamycin] Bayes iter 15/200 done.
[Staphylococcus_Aureus | BIN | Clindamycin] Bayes iter 16/200 done.
[Staphylococcus_Aureus | BIN | Clindamycin] Bayes iter 17/200 done.
[Staphylococcus_Aureus | BIN | Clindamycin] Bayes iter 18/200 done.
[Staphylococcus_Aureus | BIN | Clindamycin] Bayes iter 19/200 done.
[Staphylococcus_Aureus | BIN | Clindamycin] Bayes iter 20/200 done.
[Staphylococcus_Aureus | BIN | Clindamycin] Bayes iter 21/200 done.
[Staphylococcus_Aureus | BIN | Clindamycin] Bayes iter 22/200 done.
[Staphylococcus_Aureus | BIN | Clindamycin] Bayes iter 23/200 done.
[Staphylococcus_Aureus | BIN | Clindamycin] Bayes iter 24/200 done.
[Staphylococcus_Aureus | BIN | Clindamycin] Bayes iter 25/200 done.
[Staphylococcus_Aureus | BIN | Clindamycin] Bayes iter 26/200 done.
[Staphylococcus_Aureus | BIN | Clindamycin] Bayes iter 27/200 done.
[Staphylococcus_Aureus | BIN | Clindamycin] Bayes iter 28/200 done.
[Staphylococcus_Aureus | BIN | Clindamycin] Bayes iter 29/200 done.
[Staphylococcus_Aureus | BIN | Clindamycin] Bayes iter 30/200 done.
[Staphylococcus_Aureus | BIN | Clindamycin] Bayes iter 31/200 done.
[Staphylococcus_Aureus | BIN | Clindamycin] Bayes iter 32/200 done.
[Staphylococcus_Aureus | BIN | Clindamycin] Bayes iter 33/200 done.
[Staphylococcus_Aureus | BIN | Clindamycin] Bayes iter 34/200 done.
[Staphylococcus_Aureus | BIN | Clindamycin] Bayes iter 35/200 done.
[Staphylococcus_Aureus | BIN | Clindamycin] Bayes iter 36/200 done.
[Staphylococcus_Aureus | BIN | Clindamycin] Bayes iter 37/200 done.
[Staphylococcus_Aureus | BIN | Clindamycin] Bayes iter 38/200 done.
[Staphylococcus_Aureus | BIN | Clindamycin] Bayes iter 39/200 done.
[Staphylococcus_Aureus | BIN | Clindamycin] Bayes iter 40/200 done.
[Staphylococcus_Aureus | BIN | Clindamycin] Bayes iter 41/200 done.
[Staphylococcus_Aureus | BIN | Clindamycin] Bayes iter 42/200 done.
[Staphylococcus_Aureus | BIN | Clindamycin] Bayes iter 43/200 done.
[Staphylococcus_Aureus | BIN | Clindamycin] Bayes iter 44/200 done.
[Staphylococcus_Aureus | BIN | Clindamycin] Bayes iter 45/200 done.
[Staphylococcus_Aureus | BIN | Clindamycin] Bayes iter 46/200 done.
[Staphylococcus_Aureus | BIN | Clindamycin] Bayes iter 47/200 done.
[Staphylococcus_Aureus | BIN | Clindamycin] Bayes iter 48/200 done.
[Staphylococcus_Aureus | BIN | Clindamycin] Bayes iter 49/200 done.
[Staphylococcus_Aureus | BIN | Clindamycin] Bayes iter 50/200 done.
[Staphylococcus_Aureus | BIN | Clindamycin] Bayes iter 51/200 done.
[Staphylococcus_Aureus | BIN | Clindamycin] Bayes iter 52/200 done.
[Staphylococcus_Aureus | BIN | Clindamycin] Bayes iter 53/200 done.
[Staphylococcus_Aureus | BIN | Clindamycin] Bayes iter 54/200 done.
[Staphylococcus_Aureus | BIN | Clindamycin] Bayes iter 55/200 done.
[Staphylococcus_Aureus | BIN | Clindamycin] Bayes iter 56/200 done.
[Staphylococcus_Aureus | BIN | Clindamycin] Bayes iter 57/200 done.
[Staphylococcus_Aureus | BIN | Clindamycin] Bayes iter 58/200 done.
[Staphylococcus_Aureus | BIN | Clindamycin] Bayes iter 59/200 done.
[Staphylococcus_Aureus | BIN | Clindamycin] Bayes iter 60/200 done.
[Staphylococcus_Aureus | BIN | Clindamycin] Bayes iter 61/200 done.
[Staphylococcus_Aureus | BIN | Clindamycin] Bayes iter 62/200 done.
[Staphylococcus_Aureus | BIN | Clindamycin] Bayes iter 63/200 done.
[Staphylococcus_Aureus | BIN | Clindamycin] Bayes iter 64/200 done.
[Staphylococcus_Aureus | BIN | Clindamycin] Bayes iter 65/200 done.
[Staphylococcus_Aureus | BIN | Clindamycin] Bayes iter 66/200 done.
[Staphylococcus_Aureus | BIN | Clindamycin] Bayes iter 67/200 done.
[Staphylococcus_Aureus | BIN | Clindamycin] Bayes iter 68/200 done.
[Staphylococcus_Aureus | BIN | Clindamycin] Bayes iter 69/200 done.
[Staphylococcus_Aureus | BIN | Clindamycin] Bayes iter 70/200 done.
[Staphylococcus_Aureus | BIN | Clindamycin] Bayes iter 71/200 done.
[Staphylococcus_Aureus | BIN | Clindamycin] Bayes iter 72/200 done.
[Staphylococcus_Aureus | BIN | Clindamycin] Bayes iter 73/200 done.
[Staphylococcus_Aureus | BIN | Clindamycin] Bayes iter 74/200 done.
[Staphylococcus_Aureus | BIN | Clindamycin] Bayes iter 75/200 done.
[Staphylococcus_Aureus | BIN | Clindamycin] Bayes iter 76/200 done.
[Staphylococcus_Aureus | BIN | Clindamycin] Bayes iter 77/200 done.
[Staphylococcus_Aureus | BIN | Clindamycin] Bayes iter 78/200 done.
[Staphylococcus_Aureus | BIN | Clindamycin] Bayes iter 79/200 done.
[Staphylococcus_Aureus | BIN | Clindamycin] Bayes iter 80/200 done.
[Staphylococcus_Aureus | BIN | Clindamycin] Bayes iter 81/200 done.
[Staphylococcus_Aureus | BIN | Clindamycin] Bayes iter 82/200 done.
[Staphylococcus_Aureus | BIN | Clindamycin] Bayes iter 83/200 done.
[Staphylococcus_Aureus | BIN | Clindamycin] Bayes iter 84/200 done.
[Staphylococcus_Aureus | BIN | Clindamycin] Bayes iter 85/200 done.
[Staphylococcus_Aureus | BIN | Clindamycin] Bayes iter 86/200 done.
[Staphylococcus_Aureus | BIN | Clindamycin] Bayes iter 87/200 done.
[Staphylococcus_Aureus | BIN | Clindamycin] Bayes iter 88/200 done.
[Staphylococcus_Aureus | BIN | Clindamycin] Bayes iter 89/200 done.
[Staphylococcus_Aureus | BIN | Clindamycin] Bayes iter 90/200 done.
[Staphylococcus_Aureus | BIN | Clindamycin] Bayes iter 91/200 done.
[Staphylococcus_Aureus | BIN | Clindamycin] Bayes iter 92/200 done.
[Staphylococcus_Aureus | BIN | Clindamycin] Bayes iter 93/200 done.
[Staphylococcus_Aureus | BIN | Clindamycin] Bayes iter 94/200 done.
[Staphylococcus_Aureus | BIN | Clindamycin] Bayes iter 95/200 done.
[Staphylococcus_Aureus | BIN | Clindamycin] Bayes iter 96/200 done.
[Staphylococcus_Aureus | BIN | Clindamycin] Bayes iter 97/200 done.
[Staphylococcus_Aureus | BIN | Clindamycin] Bayes iter 98/200 done.
[Staphylococcus_Aureus | BIN | Clindamycin] Bayes iter 99/200 done.
[Staphylococcus_Aureus | BIN | Clindamycin] Bayes iter 100/200 done.
[Staphylococcus_Aureus | BIN | Clindamycin] Bayes iter 101/200 done.
[Staphylococcus_Aureus | BIN | Clindamycin] Bayes iter 102/200 done.
[Staphylococcus_Aureus | BIN | Clindamycin] Bayes iter 103/200 done.
[Staphylococcus_Aureus | BIN | Clindamycin] Bayes iter 104/200 done.
[Staphylococcus_Aureus | BIN | Clindamycin] Bayes iter 105/200 done.
[Staphylococcus_Aureus | BIN | Clindamycin] Bayes iter 106/200 done.
[Staphylococcus_Aureus | BIN | Clindamycin] Bayes iter 107/200 done.
[Staphylococcus_Aureus | BIN | Clindamycin] Bayes iter 108/200 done.
[Staphylococcus_Aureus | BIN | Clindamycin] Bayes iter 109/200 done.
[Staphylococcus_Aureus | BIN | Clindamycin] Bayes iter 110/200 done.
[Staphylococcus_Aureus | BIN | Clindamycin] Bayes iter 111/200 done.
[Staphylococcus_Aureus | BIN | Clindamycin] Bayes iter 112/200 done.
[Staphylococcus_Aureus | BIN | Clindamycin] Bayes iter 113/200 done.
[Staphylococcus_Aureus | BIN | Clindamycin] Bayes iter 114/200 done.
[Staphylococcus_Aureus | BIN | Clindamycin] Bayes iter 115/200 done.
[Staphylococcus_Aureus | BIN | Clindamycin] Bayes iter 116/200 done.
[Staphylococcus_Aureus | BIN | Clindamycin] Bayes iter 117/200 done.
[Staphylococcus_Aureus | BIN | Clindamycin] Bayes iter 118/200 done.
[Staphylococcus_Aureus | BIN | Clindamycin] Bayes iter 119/200 done.
[Staphylococcus_Aureus | BIN | Clindamycin] Bayes iter 120/200 done.
[Staphylococcus_Aureus | BIN | Clindamycin] Bayes iter 121/200 done.
[Staphylococcus_Aureus | BIN | Clindamycin] Bayes iter 122/200 done.
[Staphylococcus_Aureus | BIN | Clindamycin] Bayes iter 123/200 done.
[Staphylococcus_Aureus | BIN | Clindamycin] Bayes iter 124/200 done.
[Staphylococcus_Aureus | BIN | Clindamycin] Bayes iter 125/200 done.
[Staphylococcus_Aureus | BIN | Clindamycin] Bayes iter 126/200 done.
[Staphylococcus_Aureus | BIN | Clindamycin] Bayes iter 127/200 done.
[Staphylococcus_Aureus | BIN | Clindamycin] Bayes iter 128/200 done.
[Staphylococcus_Aureus | BIN | Clindamycin] Bayes iter 129/200 done.
[Staphylococcus_Aureus | BIN | Clindamycin] Bayes iter 130/200 done.
[Staphylococcus_Aureus | BIN | Clindamycin] Bayes iter 131/200 done.
[Staphylococcus_Aureus | BIN | Clindamycin] Bayes iter 132/200 done.
[Staphylococcus_Aureus | BIN | Clindamycin] Bayes iter 133/200 done.
[Staphylococcus_Aureus | BIN | Clindamycin] Bayes iter 134/200 done.
[Staphylococcus_Aureus | BIN | Clindamycin] Bayes iter 135/200 done.
[Staphylococcus_Aureus | BIN | Clindamycin] Bayes iter 136/200 done.
[Staphylococcus_Aureus | BIN | Clindamycin] Bayes iter 137/200 done.
[Staphylococcus_Aureus | BIN | Clindamycin] Bayes iter 138/200 done.
[Staphylococcus_Aureus | BIN | Clindamycin] Bayes iter 139/200 done.
[Staphylococcus_Aureus | BIN | Clindamycin] Bayes iter 140/200 done.
[Staphylococcus_Aureus | BIN | Clindamycin] Bayes iter 141/200 done.
[Staphylococcus_Aureus | BIN | Clindamycin] Bayes iter 142/200 done.
[Staphylococcus_Aureus | BIN | Clindamycin] Bayes iter 143/200 done.
[Staphylococcus_Aureus | BIN | Clindamycin] Bayes iter 144/200 done.
[Staphylococcus_Aureus | BIN | Clindamycin] Bayes iter 145/200 done.
[Staphylococcus_Aureus | BIN | Clindamycin] Bayes iter 146/200 done.
[Staphylococcus_Aureus | BIN | Clindamycin] Bayes iter 147/200 done.
[Staphylococcus_Aureus | BIN | Clindamycin] Bayes iter 148/200 done.
[Staphylococcus_Aureus | BIN | Clindamycin] Bayes iter 149/200 done.
[Staphylococcus_Aureus | BIN | Clindamycin] Bayes iter 150/200 done.
[Staphylococcus_Aureus | BIN | Clindamycin] Bayes iter 151/200 done.
[Staphylococcus_Aureus | BIN | Clindamycin] Bayes iter 152/200 done.
[Staphylococcus_Aureus | BIN | Clindamycin] Bayes iter 153/200 done.
[Staphylococcus_Aureus | BIN | Clindamycin] Bayes iter 154/200 done.
[Staphylococcus_Aureus | BIN | Clindamycin] Bayes iter 155/200 done.
[Staphylococcus_Aureus | BIN | Clindamycin] Bayes iter 156/200 done.
[Staphylococcus_Aureus | BIN | Clindamycin] Bayes iter 157/200 done.
[Staphylococcus_Aureus | BIN | Clindamycin] Bayes iter 158/200 done.
[Staphylococcus_Aureus | BIN | Clindamycin] Bayes iter 159/200 done.
[Staphylococcus_Aureus | BIN | Clindamycin] Bayes iter 160/200 done.
[Staphylococcus_Aureus | BIN | Clindamycin] Bayes iter 161/200 done.
[Staphylococcus_Aureus | BIN | Clindamycin] Bayes iter 162/200 done.
[Staphylococcus_Aureus | BIN | Clindamycin] Bayes iter 163/200 done.
[Staphylococcus_Aureus | BIN | Clindamycin] Bayes iter 164/200 done.
[Staphylococcus_Aureus | BIN | Clindamycin] Bayes iter 165/200 done.
[Staphylococcus_Aureus | BIN | Clindamycin] Bayes iter 166/200 done.
[Staphylococcus_Aureus | BIN | Clindamycin] Bayes iter 167/200 done.
[Staphylococcus_Aureus | BIN | Clindamycin] Bayes iter 168/200 done.
[Staphylococcus_Aureus | BIN | Clindamycin] Bayes iter 169/200 done.
[Staphylococcus_Aureus | BIN | Clindamycin] Bayes iter 170/200 done.
[Staphylococcus_Aureus | BIN | Clindamycin] Bayes iter 171/200 done.
[Staphylococcus_Aureus | BIN | Clindamycin] Bayes iter 172/200 done.
[Staphylococcus_Aureus | BIN | Clindamycin] Bayes iter 173/200 done.
[Staphylococcus_Aureus | BIN | Clindamycin] Bayes iter 174/200 done.
[Staphylococcus_Aureus | BIN | Clindamycin] Bayes iter 175/200 done.
[Staphylococcus_Aureus | BIN | Clindamycin] Bayes iter 176/200 done.
[Staphylococcus_Aureus | BIN | Clindamycin] Bayes iter 177/200 done.
[Staphylococcus_Aureus | BIN | Clindamycin] Bayes iter 178/200 done.
[Staphylococcus_Aureus | BIN | Clindamycin] Bayes iter 179/200 done.
[Staphylococcus_Aureus | BIN | Clindamycin] Bayes iter 180/200 done.
[Staphylococcus_Aureus | BIN | Clindamycin] Bayes iter 181/200 done.
[Staphylococcus_Aureus | BIN | Clindamycin] Bayes iter 182/200 done.
[Staphylococcus_Aureus | BIN | Clindamycin] Bayes iter 183/200 done.
[Staphylococcus_Aureus | BIN | Clindamycin] Bayes iter 184/200 done.
[Staphylococcus_Aureus | BIN | Clindamycin] Bayes iter 185/200 done.
[Staphylococcus_Aureus | BIN | Clindamycin] Bayes iter 186/200 done.
[Staphylococcus_Aureus | BIN | Clindamycin] Bayes iter 187/200 done.
[Staphylococcus_Aureus | BIN | Clindamycin] Bayes iter 188/200 done.
[Staphylococcus_Aureus | BIN | Clindamycin] Bayes iter 189/200 done.
[Staphylococcus_Aureus | BIN | Clindamycin] Bayes iter 190/200 done.
[Staphylococcus_Aureus | BIN | Clindamycin] Bayes iter 191/200 done.
[Staphylococcus_Aureus | BIN | Clindamycin] Bayes iter 192/200 done.
[Staphylococcus_Aureus | BIN | Clindamycin] Bayes iter 193/200 done.
[Staphylococcus_Aureus | BIN | Clindamycin] Bayes iter 194/200 done.
[Staphylococcus_Aureus | BIN | Clindamycin] Bayes iter 195/200 done.
[Staphylococcus_Aureus | BIN | Clindamycin] Bayes iter 196/200 done.
[Staphylococcus_Aureus | BIN | Clindamycin] Bayes iter 197/200 done.
[Staphylococcus_Aureus | BIN | Clindamycin] Bayes iter 198/200 done.
[Staphylococcus_Aureus | BIN | Clindamycin] Bayes iter 199/200 done.
[Staphylococcus_Aureus | BIN | Clindamycin] Bayes iter 200/200 done.
[Staphylococcus_Aureus | BIN | Clindamycin] BayesSearchCV finished. best_score=0.7927498040624285
[Staphylococcus_Aureus | BIN | Clindamycin] Best params: OrderedDict({'bootstrap': True, 'max_depth': 5, 'min_samples_leaf': 9, 'n_estimators': 1, 'random_state': 0})

Antibiotic 3/3: Fusidic acid
[Staphylococcus_Aureus | BIN | Fusidic acid] BayesSearchCV starting: n_iter=200, cv=5, n_jobs=10, n_points=1
[Staphylococcus_Aureus | BIN | Fusidic acid] Bayes iter 1/200 done.
[Staphylococcus_Aureus | BIN | Fusidic acid] Bayes iter 2/200 done.
[Staphylococcus_Aureus | BIN | Fusidic acid] Bayes iter 3/200 done.
[Staphylococcus_Aureus | BIN | Fusidic acid] Bayes iter 4/200 done.
[Staphylococcus_Aureus | BIN | Fusidic acid] Bayes iter 5/200 done.
[Staphylococcus_Aureus | BIN | Fusidic acid] Bayes iter 6/200 done.
[Staphylococcus_Aureus | BIN | Fusidic acid] Bayes iter 7/200 done.
[Staphylococcus_Aureus | BIN | Fusidic acid] Bayes iter 8/200 done.
[Staphylococcus_Aureus | BIN | Fusidic acid] Bayes iter 9/200 done.
[Staphylococcus_Aureus | BIN | Fusidic acid] Bayes iter 10/200 done.
[Staphylococcus_Aureus | BIN | Fusidic acid] Bayes iter 11/200 done.
[Staphylococcus_Aureus | BIN | Fusidic acid] Bayes iter 12/200 done.
[Staphylococcus_Aureus | BIN | Fusidic acid] Bayes iter 13/200 done.
[Staphylococcus_Aureus | BIN | Fusidic acid] Bayes iter 14/200 done.
[Staphylococcus_Aureus | BIN | Fusidic acid] Bayes iter 15/200 done.
[Staphylococcus_Aureus | BIN | Fusidic acid] Bayes iter 16/200 done.
[Staphylococcus_Aureus | BIN | Fusidic acid] Bayes iter 17/200 done.
[Staphylococcus_Aureus | BIN | Fusidic acid] Bayes iter 18/200 done.
[Staphylococcus_Aureus | BIN | Fusidic acid] Bayes iter 19/200 done.
[Staphylococcus_Aureus | BIN | Fusidic acid] Bayes iter 20/200 done.
[Staphylococcus_Aureus | BIN | Fusidic acid] Bayes iter 21/200 done.
[Staphylococcus_Aureus | BIN | Fusidic acid] Bayes iter 22/200 done.
[Staphylococcus_Aureus | BIN | Fusidic acid] Bayes iter 23/200 done.
[Staphylococcus_Aureus | BIN | Fusidic acid] Bayes iter 24/200 done.
[Staphylococcus_Aureus | BIN | Fusidic acid] Bayes iter 25/200 done.
[Staphylococcus_Aureus | BIN | Fusidic acid] Bayes iter 26/200 done.
[Staphylococcus_Aureus | BIN | Fusidic acid] Bayes iter 27/200 done.
[Staphylococcus_Aureus | BIN | Fusidic acid] Bayes iter 28/200 done.
[Staphylococcus_Aureus | BIN | Fusidic acid] Bayes iter 29/200 done.
[Staphylococcus_Aureus | BIN | Fusidic acid] Bayes iter 30/200 done.
[Staphylococcus_Aureus | BIN | Fusidic acid] Bayes iter 31/200 done.
[Staphylococcus_Aureus | BIN | Fusidic acid] Bayes iter 32/200 done.
[Staphylococcus_Aureus | BIN | Fusidic acid] Bayes iter 33/200 done.
[Staphylococcus_Aureus | BIN | Fusidic acid] Bayes iter 34/200 done.
[Staphylococcus_Aureus | BIN | Fusidic acid] Bayes iter 35/200 done.
[Staphylococcus_Aureus | BIN | Fusidic acid] Bayes iter 36/200 done.
[Staphylococcus_Aureus | BIN | Fusidic acid] Bayes iter 37/200 done.
[Staphylococcus_Aureus | BIN | Fusidic acid] Bayes iter 38/200 done.
[Staphylococcus_Aureus | BIN | Fusidic acid] Bayes iter 39/200 done.
[Staphylococcus_Aureus | BIN | Fusidic acid] Bayes iter 40/200 done.
[Staphylococcus_Aureus | BIN | Fusidic acid] Bayes iter 41/200 done.
[Staphylococcus_Aureus | BIN | Fusidic acid] Bayes iter 42/200 done.
[Staphylococcus_Aureus | BIN | Fusidic acid] Bayes iter 43/200 done.
[Staphylococcus_Aureus | BIN | Fusidic acid] Bayes iter 44/200 done.
[Staphylococcus_Aureus | BIN | Fusidic acid] Bayes iter 45/200 done.
[Staphylococcus_Aureus | BIN | Fusidic acid] Bayes iter 46/200 done.
[Staphylococcus_Aureus | BIN | Fusidic acid] Bayes iter 47/200 done.
[Staphylococcus_Aureus | BIN | Fusidic acid] Bayes iter 48/200 done.
[Staphylococcus_Aureus | BIN | Fusidic acid] Bayes iter 49/200 done.
[Staphylococcus_Aureus | BIN | Fusidic acid] Bayes iter 50/200 done.
[Staphylococcus_Aureus | BIN | Fusidic acid] Bayes iter 51/200 done.
[Staphylococcus_Aureus | BIN | Fusidic acid] Bayes iter 52/200 done.
[Staphylococcus_Aureus | BIN | Fusidic acid] Bayes iter 53/200 done.
[Staphylococcus_Aureus | BIN | Fusidic acid] Bayes iter 54/200 done.
[Staphylococcus_Aureus | BIN | Fusidic acid] Bayes iter 55/200 done.
[Staphylococcus_Aureus | BIN | Fusidic acid] Bayes iter 56/200 done.
[Staphylococcus_Aureus | BIN | Fusidic acid] Bayes iter 57/200 done.
[Staphylococcus_Aureus | BIN | Fusidic acid] Bayes iter 58/200 done.
[Staphylococcus_Aureus | BIN | Fusidic acid] Bayes iter 59/200 done.
[Staphylococcus_Aureus | BIN | Fusidic acid] Bayes iter 60/200 done.
[Staphylococcus_Aureus | BIN | Fusidic acid] Bayes iter 61/200 done.
[Staphylococcus_Aureus | BIN | Fusidic acid] Bayes iter 62/200 done.
[Staphylococcus_Aureus | BIN | Fusidic acid] Bayes iter 63/200 done.
[Staphylococcus_Aureus | BIN | Fusidic acid] Bayes iter 64/200 done.
[Staphylococcus_Aureus | BIN | Fusidic acid] Bayes iter 65/200 done.
[Staphylococcus_Aureus | BIN | Fusidic acid] Bayes iter 66/200 done.
[Staphylococcus_Aureus | BIN | Fusidic acid] Bayes iter 67/200 done.
[Staphylococcus_Aureus | BIN | Fusidic acid] Bayes iter 68/200 done.
[Staphylococcus_Aureus | BIN | Fusidic acid] Bayes iter 69/200 done.
[Staphylococcus_Aureus | BIN | Fusidic acid] Bayes iter 70/200 done.
[Staphylococcus_Aureus | BIN | Fusidic acid] Bayes iter 71/200 done.
[Staphylococcus_Aureus | BIN | Fusidic acid] Bayes iter 72/200 done.
[Staphylococcus_Aureus | BIN | Fusidic acid] Bayes iter 73/200 done.
[Staphylococcus_Aureus | BIN | Fusidic acid] Bayes iter 74/200 done.
[Staphylococcus_Aureus | BIN | Fusidic acid] Bayes iter 75/200 done.
[Staphylococcus_Aureus | BIN | Fusidic acid] Bayes iter 76/200 done.
[Staphylococcus_Aureus | BIN | Fusidic acid] Bayes iter 77/200 done.
[Staphylococcus_Aureus | BIN | Fusidic acid] Bayes iter 78/200 done.
[Staphylococcus_Aureus | BIN | Fusidic acid] Bayes iter 79/200 done.
[Staphylococcus_Aureus | BIN | Fusidic acid] Bayes iter 80/200 done.
[Staphylococcus_Aureus | BIN | Fusidic acid] Bayes iter 81/200 done.
[Staphylococcus_Aureus | BIN | Fusidic acid] Bayes iter 82/200 done.
[Staphylococcus_Aureus | BIN | Fusidic acid] Bayes iter 83/200 done.
[Staphylococcus_Aureus | BIN | Fusidic acid] Bayes iter 84/200 done.
[Staphylococcus_Aureus | BIN | Fusidic acid] Bayes iter 85/200 done.
[Staphylococcus_Aureus | BIN | Fusidic acid] Bayes iter 86/200 done.
[Staphylococcus_Aureus | BIN | Fusidic acid] Bayes iter 87/200 done.
[Staphylococcus_Aureus | BIN | Fusidic acid] Bayes iter 88/200 done.
[Staphylococcus_Aureus | BIN | Fusidic acid] Bayes iter 89/200 done.
[Staphylococcus_Aureus | BIN | Fusidic acid] Bayes iter 90/200 done.
[Staphylococcus_Aureus | BIN | Fusidic acid] Bayes iter 91/200 done.
[Staphylococcus_Aureus | BIN | Fusidic acid] Bayes iter 92/200 done.
[Staphylococcus_Aureus | BIN | Fusidic acid] Bayes iter 93/200 done.
[Staphylococcus_Aureus | BIN | Fusidic acid] Bayes iter 94/200 done.
[Staphylococcus_Aureus | BIN | Fusidic acid] Bayes iter 95/200 done.
[Staphylococcus_Aureus | BIN | Fusidic acid] Bayes iter 96/200 done.
[Staphylococcus_Aureus | BIN | Fusidic acid] Bayes iter 97/200 done.
[Staphylococcus_Aureus | BIN | Fusidic acid] Bayes iter 98/200 done.
[Staphylococcus_Aureus | BIN | Fusidic acid] Bayes iter 99/200 done.
[Staphylococcus_Aureus | BIN | Fusidic acid] Bayes iter 100/200 done.
[Staphylococcus_Aureus | BIN | Fusidic acid] Bayes iter 101/200 done.
[Staphylococcus_Aureus | BIN | Fusidic acid] Bayes iter 102/200 done.
[Staphylococcus_Aureus | BIN | Fusidic acid] Bayes iter 103/200 done.
[Staphylococcus_Aureus | BIN | Fusidic acid] Bayes iter 104/200 done.
[Staphylococcus_Aureus | BIN | Fusidic acid] Bayes iter 105/200 done.
[Staphylococcus_Aureus | BIN | Fusidic acid] Bayes iter 106/200 done.
[Staphylococcus_Aureus | BIN | Fusidic acid] Bayes iter 107/200 done.
[Staphylococcus_Aureus | BIN | Fusidic acid] Bayes iter 108/200 done.
[Staphylococcus_Aureus | BIN | Fusidic acid] Bayes iter 109/200 done.
[Staphylococcus_Aureus | BIN | Fusidic acid] Bayes iter 110/200 done.
[Staphylococcus_Aureus | BIN | Fusidic acid] Bayes iter 111/200 done.
[Staphylococcus_Aureus | BIN | Fusidic acid] Bayes iter 112/200 done.
[Staphylococcus_Aureus | BIN | Fusidic acid] Bayes iter 113/200 done.
[Staphylococcus_Aureus | BIN | Fusidic acid] Bayes iter 114/200 done.
[Staphylococcus_Aureus | BIN | Fusidic acid] Bayes iter 115/200 done.
[Staphylococcus_Aureus | BIN | Fusidic acid] Bayes iter 116/200 done.
[Staphylococcus_Aureus | BIN | Fusidic acid] Bayes iter 117/200 done.
[Staphylococcus_Aureus | BIN | Fusidic acid] Bayes iter 118/200 done.
[Staphylococcus_Aureus | BIN | Fusidic acid] Bayes iter 119/200 done.
[Staphylococcus_Aureus | BIN | Fusidic acid] Bayes iter 120/200 done.
[Staphylococcus_Aureus | BIN | Fusidic acid] Bayes iter 121/200 done.
[Staphylococcus_Aureus | BIN | Fusidic acid] Bayes iter 122/200 done.
[Staphylococcus_Aureus | BIN | Fusidic acid] Bayes iter 123/200 done.
[Staphylococcus_Aureus | BIN | Fusidic acid] Bayes iter 124/200 done.
[Staphylococcus_Aureus | BIN | Fusidic acid] Bayes iter 125/200 done.
[Staphylococcus_Aureus | BIN | Fusidic acid] Bayes iter 126/200 done.
[Staphylococcus_Aureus | BIN | Fusidic acid] Bayes iter 127/200 done.
[Staphylococcus_Aureus | BIN | Fusidic acid] Bayes iter 128/200 done.
[Staphylococcus_Aureus | BIN | Fusidic acid] Bayes iter 129/200 done.
[Staphylococcus_Aureus | BIN | Fusidic acid] Bayes iter 130/200 done.
[Staphylococcus_Aureus | BIN | Fusidic acid] Bayes iter 131/200 done.
[Staphylococcus_Aureus | BIN | Fusidic acid] Bayes iter 132/200 done.
[Staphylococcus_Aureus | BIN | Fusidic acid] Bayes iter 133/200 done.
[Staphylococcus_Aureus | BIN | Fusidic acid] Bayes iter 134/200 done.
[Staphylococcus_Aureus | BIN | Fusidic acid] Bayes iter 135/200 done.
[Staphylococcus_Aureus | BIN | Fusidic acid] Bayes iter 136/200 done.
[Staphylococcus_Aureus | BIN | Fusidic acid] Bayes iter 137/200 done.
[Staphylococcus_Aureus | BIN | Fusidic acid] Bayes iter 138/200 done.
[Staphylococcus_Aureus | BIN | Fusidic acid] Bayes iter 139/200 done.
[Staphylococcus_Aureus | BIN | Fusidic acid] Bayes iter 140/200 done.
[Staphylococcus_Aureus | BIN | Fusidic acid] Bayes iter 141/200 done.
[Staphylococcus_Aureus | BIN | Fusidic acid] Bayes iter 142/200 done.
[Staphylococcus_Aureus | BIN | Fusidic acid] Bayes iter 143/200 done.
[Staphylococcus_Aureus | BIN | Fusidic acid] Bayes iter 144/200 done.
[Staphylococcus_Aureus | BIN | Fusidic acid] Bayes iter 145/200 done.
[Staphylococcus_Aureus | BIN | Fusidic acid] Bayes iter 146/200 done.
[Staphylococcus_Aureus | BIN | Fusidic acid] Bayes iter 147/200 done.
[Staphylococcus_Aureus | BIN | Fusidic acid] Bayes iter 148/200 done.
[Staphylococcus_Aureus | BIN | Fusidic acid] Bayes iter 149/200 done.
[Staphylococcus_Aureus | BIN | Fusidic acid] Bayes iter 150/200 done.
[Staphylococcus_Aureus | BIN | Fusidic acid] Bayes iter 151/200 done.
[Staphylococcus_Aureus | BIN | Fusidic acid] Bayes iter 152/200 done.
[Staphylococcus_Aureus | BIN | Fusidic acid] Bayes iter 153/200 done.
[Staphylococcus_Aureus | BIN | Fusidic acid] Bayes iter 154/200 done.
[Staphylococcus_Aureus | BIN | Fusidic acid] Bayes iter 155/200 done.
[Staphylococcus_Aureus | BIN | Fusidic acid] Bayes iter 156/200 done.
[Staphylococcus_Aureus | BIN | Fusidic acid] Bayes iter 157/200 done.
[Staphylococcus_Aureus | BIN | Fusidic acid] Bayes iter 158/200 done.
[Staphylococcus_Aureus | BIN | Fusidic acid] Bayes iter 159/200 done.
[Staphylococcus_Aureus | BIN | Fusidic acid] Bayes iter 160/200 done.
[Staphylococcus_Aureus | BIN | Fusidic acid] Bayes iter 161/200 done.
[Staphylococcus_Aureus | BIN | Fusidic acid] Bayes iter 162/200 done.
[Staphylococcus_Aureus | BIN | Fusidic acid] Bayes iter 163/200 done.
[Staphylococcus_Aureus | BIN | Fusidic acid] Bayes iter 164/200 done.
[Staphylococcus_Aureus | BIN | Fusidic acid] Bayes iter 165/200 done.
[Staphylococcus_Aureus | BIN | Fusidic acid] Bayes iter 166/200 done.
[Staphylococcus_Aureus | BIN | Fusidic acid] Bayes iter 167/200 done.
[Staphylococcus_Aureus | BIN | Fusidic acid] Bayes iter 168/200 done.
[Staphylococcus_Aureus | BIN | Fusidic acid] Bayes iter 169/200 done.
[Staphylococcus_Aureus | BIN | Fusidic acid] Bayes iter 170/200 done.
[Staphylococcus_Aureus | BIN | Fusidic acid] Bayes iter 171/200 done.
[Staphylococcus_Aureus | BIN | Fusidic acid] Bayes iter 172/200 done.
[Staphylococcus_Aureus | BIN | Fusidic acid] Bayes iter 173/200 done.
[Staphylococcus_Aureus | BIN | Fusidic acid] Bayes iter 174/200 done.
[Staphylococcus_Aureus | BIN | Fusidic acid] Bayes iter 175/200 done.
[Staphylococcus_Aureus | BIN | Fusidic acid] Bayes iter 176/200 done.
[Staphylococcus_Aureus | BIN | Fusidic acid] Bayes iter 177/200 done.
[Staphylococcus_Aureus | BIN | Fusidic acid] Bayes iter 178/200 done.
[Staphylococcus_Aureus | BIN | Fusidic acid] Bayes iter 179/200 done.
[Staphylococcus_Aureus | BIN | Fusidic acid] Bayes iter 180/200 done.
[Staphylococcus_Aureus | BIN | Fusidic acid] Bayes iter 181/200 done.
[Staphylococcus_Aureus | BIN | Fusidic acid] Bayes iter 182/200 done.
[Staphylococcus_Aureus | BIN | Fusidic acid] Bayes iter 183/200 done.
[Staphylococcus_Aureus | BIN | Fusidic acid] Bayes iter 184/200 done.
[Staphylococcus_Aureus | BIN | Fusidic acid] Bayes iter 185/200 done.
[Staphylococcus_Aureus | BIN | Fusidic acid] Bayes iter 186/200 done.
[Staphylococcus_Aureus | BIN | Fusidic acid] Bayes iter 187/200 done.
[Staphylococcus_Aureus | BIN | Fusidic acid] Bayes iter 188/200 done.
[Staphylococcus_Aureus | BIN | Fusidic acid] Bayes iter 189/200 done.
[Staphylococcus_Aureus | BIN | Fusidic acid] Bayes iter 190/200 done.
[Staphylococcus_Aureus | BIN | Fusidic acid] Bayes iter 191/200 done.
[Staphylococcus_Aureus | BIN | Fusidic acid] Bayes iter 192/200 done.
[Staphylococcus_Aureus | BIN | Fusidic acid] Bayes iter 193/200 done.
[Staphylococcus_Aureus | BIN | Fusidic acid] Bayes iter 194/200 done.
[Staphylococcus_Aureus | BIN | Fusidic acid] Bayes iter 195/200 done.
[Staphylococcus_Aureus | BIN | Fusidic acid] Bayes iter 196/200 done.
[Staphylococcus_Aureus | BIN | Fusidic acid] Bayes iter 197/200 done.
[Staphylococcus_Aureus | BIN | Fusidic acid] Bayes iter 198/200 done.
[Staphylococcus_Aureus | BIN | Fusidic acid] Bayes iter 199/200 done.
[Staphylococcus_Aureus | BIN | Fusidic acid] Bayes iter 200/200 done.
[Staphylococcus_Aureus | BIN | Fusidic acid] BayesSearchCV finished. best_score=0.9062003287170584
[Staphylococcus_Aureus | BIN | Fusidic acid] Best params: OrderedDict({'bootstrap': False, 'max_depth': 10, 'min_samples_leaf': 1, 'n_estimators': 447, 'random_state': 0})

Binary Results:
Accuracy: 0.6853932584269663
Hamming : 0.12780898876404495
F1      : 0.8324193027703236

Training LPS classifier...
[Staphylococcus_Aureus | LPS] BayesSearchCV starting: n_iter=200, cv=5, n_jobs=10, n_points=1
[Staphylococcus_Aureus | LPS] Bayes iter 1/200 done.
[Staphylococcus_Aureus | LPS] Bayes iter 2/200 done.
[Staphylococcus_Aureus | LPS] Bayes iter 3/200 done.
[Staphylococcus_Aureus | LPS] Bayes iter 4/200 done.
[Staphylococcus_Aureus | LPS] Bayes iter 5/200 done.
[Staphylococcus_Aureus | LPS] Bayes iter 6/200 done.
[Staphylococcus_Aureus | LPS] Bayes iter 7/200 done.
[Staphylococcus_Aureus | LPS] Bayes iter 8/200 done.
[Staphylococcus_Aureus | LPS] Bayes iter 9/200 done.
[Staphylococcus_Aureus | LPS] Bayes iter 10/200 done.
[Staphylococcus_Aureus | LPS] Bayes iter 11/200 done.
[Staphylococcus_Aureus | LPS] Bayes iter 12/200 done.
[Staphylococcus_Aureus | LPS] Bayes iter 13/200 done.
[Staphylococcus_Aureus | LPS] Bayes iter 14/200 done.
[Staphylococcus_Aureus | LPS] Bayes iter 15/200 done.
[Staphylococcus_Aureus | LPS] Bayes iter 16/200 done.
[Staphylococcus_Aureus | LPS] Bayes iter 17/200 done.
[Staphylococcus_Aureus | LPS] Bayes iter 18/200 done.
[Staphylococcus_Aureus | LPS] Bayes iter 19/200 done.
[Staphylococcus_Aureus | LPS] Bayes iter 20/200 done.
[Staphylococcus_Aureus | LPS] Bayes iter 21/200 done.
[Staphylococcus_Aureus | LPS] Bayes iter 22/200 done.
[Staphylococcus_Aureus | LPS] Bayes iter 23/200 done.
[Staphylococcus_Aureus | LPS] Bayes iter 24/200 done.
[Staphylococcus_Aureus | LPS] Bayes iter 25/200 done.
[Staphylococcus_Aureus | LPS] Bayes iter 26/200 done.
[Staphylococcus_Aureus | LPS] Bayes iter 27/200 done.
[Staphylococcus_Aureus | LPS] Bayes iter 28/200 done.
[Staphylococcus_Aureus | LPS] Bayes iter 29/200 done.
[Staphylococcus_Aureus | LPS] Bayes iter 30/200 done.
[Staphylococcus_Aureus | LPS] Bayes iter 31/200 done.
[Staphylococcus_Aureus | LPS] Bayes iter 32/200 done.
[Staphylococcus_Aureus | LPS] Bayes iter 33/200 done.
[Staphylococcus_Aureus | LPS] Bayes iter 34/200 done.
[Staphylococcus_Aureus | LPS] Bayes iter 35/200 done.
[Staphylococcus_Aureus | LPS] Bayes iter 36/200 done.
[Staphylococcus_Aureus | LPS] Bayes iter 37/200 done.
[Staphylococcus_Aureus | LPS] Bayes iter 38/200 done.
[Staphylococcus_Aureus | LPS] Bayes iter 39/200 done.
[Staphylococcus_Aureus | LPS] Bayes iter 40/200 done.
[Staphylococcus_Aureus | LPS] Bayes iter 41/200 done.
[Staphylococcus_Aureus | LPS] Bayes iter 42/200 done.
[Staphylococcus_Aureus | LPS] Bayes iter 43/200 done.
[Staphylococcus_Aureus | LPS] Bayes iter 44/200 done.
[Staphylococcus_Aureus | LPS] Bayes iter 45/200 done.
[Staphylococcus_Aureus | LPS] Bayes iter 46/200 done.
[Staphylococcus_Aureus | LPS] Bayes iter 47/200 done.
[Staphylococcus_Aureus | LPS] Bayes iter 48/200 done.
[Staphylococcus_Aureus | LPS] Bayes iter 49/200 done.
[Staphylococcus_Aureus | LPS] Bayes iter 50/200 done.
[Staphylococcus_Aureus | LPS] Bayes iter 51/200 done.
[Staphylococcus_Aureus | LPS] Bayes iter 52/200 done.
[Staphylococcus_Aureus | LPS] Bayes iter 53/200 done.
[Staphylococcus_Aureus | LPS] Bayes iter 54/200 done.
[Staphylococcus_Aureus | LPS] Bayes iter 55/200 done.
[Staphylococcus_Aureus | LPS] Bayes iter 56/200 done.
[Staphylococcus_Aureus | LPS] Bayes iter 57/200 done.
[Staphylococcus_Aureus | LPS] Bayes iter 58/200 done.
[Staphylococcus_Aureus | LPS] Bayes iter 59/200 done.
[Staphylococcus_Aureus | LPS] Bayes iter 60/200 done.
[Staphylococcus_Aureus | LPS] Bayes iter 61/200 done.
[Staphylococcus_Aureus | LPS] Bayes iter 62/200 done.
[Staphylococcus_Aureus | LPS] Bayes iter 63/200 done.
[Staphylococcus_Aureus | LPS] Bayes iter 64/200 done.
[Staphylococcus_Aureus | LPS] Bayes iter 65/200 done.
[Staphylococcus_Aureus | LPS] Bayes iter 66/200 done.
[Staphylococcus_Aureus | LPS] Bayes iter 67/200 done.
[Staphylococcus_Aureus | LPS] Bayes iter 68/200 done.
[Staphylococcus_Aureus | LPS] Bayes iter 69/200 done.
[Staphylococcus_Aureus | LPS] Bayes iter 70/200 done.
[Staphylococcus_Aureus | LPS] Bayes iter 71/200 done.
[Staphylococcus_Aureus | LPS] Bayes iter 72/200 done.
[Staphylococcus_Aureus | LPS] Bayes iter 73/200 done.
[Staphylococcus_Aureus | LPS] Bayes iter 74/200 done.
[Staphylococcus_Aureus | LPS] Bayes iter 75/200 done.
[Staphylococcus_Aureus | LPS] Bayes iter 76/200 done.
[Staphylococcus_Aureus | LPS] Bayes iter 77/200 done.
[Staphylococcus_Aureus | LPS] Bayes iter 78/200 done.
[Staphylococcus_Aureus | LPS] Bayes iter 79/200 done.
[Staphylococcus_Aureus | LPS] Bayes iter 80/200 done.
[Staphylococcus_Aureus | LPS] Bayes iter 81/200 done.
[Staphylococcus_Aureus | LPS] Bayes iter 82/200 done.
[Staphylococcus_Aureus | LPS] Bayes iter 83/200 done.
[Staphylococcus_Aureus | LPS] Bayes iter 84/200 done.
[Staphylococcus_Aureus | LPS] Bayes iter 85/200 done.
[Staphylococcus_Aureus | LPS] Bayes iter 86/200 done.
[Staphylococcus_Aureus | LPS] Bayes iter 87/200 done.
[Staphylococcus_Aureus | LPS] Bayes iter 88/200 done.
[Staphylococcus_Aureus | LPS] Bayes iter 89/200 done.
[Staphylococcus_Aureus | LPS] Bayes iter 90/200 done.
[Staphylococcus_Aureus | LPS] Bayes iter 91/200 done.
[Staphylococcus_Aureus | LPS] Bayes iter 92/200 done.
[Staphylococcus_Aureus | LPS] Bayes iter 93/200 done.
[Staphylococcus_Aureus | LPS] Bayes iter 94/200 done.
[Staphylococcus_Aureus | LPS] Bayes iter 95/200 done.
[Staphylococcus_Aureus | LPS] Bayes iter 96/200 done.
[Staphylococcus_Aureus | LPS] Bayes iter 97/200 done.
[Staphylococcus_Aureus | LPS] Bayes iter 98/200 done.
[Staphylococcus_Aureus | LPS] Bayes iter 99/200 done.
[Staphylococcus_Aureus | LPS] Bayes iter 100/200 done.
[Staphylococcus_Aureus | LPS] Bayes iter 101/200 done.
[Staphylococcus_Aureus | LPS] Bayes iter 102/200 done.
[Staphylococcus_Aureus | LPS] Bayes iter 103/200 done.
[Staphylococcus_Aureus | LPS] Bayes iter 104/200 done.
[Staphylococcus_Aureus | LPS] Bayes iter 105/200 done.
[Staphylococcus_Aureus | LPS] Bayes iter 106/200 done.
[Staphylococcus_Aureus | LPS] Bayes iter 107/200 done.
[Staphylococcus_Aureus | LPS] Bayes iter 108/200 done.
[Staphylococcus_Aureus | LPS] Bayes iter 109/200 done.
[Staphylococcus_Aureus | LPS] Bayes iter 110/200 done.
[Staphylococcus_Aureus | LPS] Bayes iter 111/200 done.
[Staphylococcus_Aureus | LPS] Bayes iter 112/200 done.
[Staphylococcus_Aureus | LPS] Bayes iter 113/200 done.
[Staphylococcus_Aureus | LPS] Bayes iter 114/200 done.
[Staphylococcus_Aureus | LPS] Bayes iter 115/200 done.
[Staphylococcus_Aureus | LPS] Bayes iter 116/200 done.
[Staphylococcus_Aureus | LPS] Bayes iter 117/200 done.
[Staphylococcus_Aureus | LPS] Bayes iter 118/200 done.
[Staphylococcus_Aureus | LPS] Bayes iter 119/200 done.
[Staphylococcus_Aureus | LPS] Bayes iter 120/200 done.
[Staphylococcus_Aureus | LPS] Bayes iter 121/200 done.
[Staphylococcus_Aureus | LPS] Bayes iter 122/200 done.
[Staphylococcus_Aureus | LPS] Bayes iter 123/200 done.
[Staphylococcus_Aureus | LPS] Bayes iter 124/200 done.
[Staphylococcus_Aureus | LPS] Bayes iter 125/200 done.
[Staphylococcus_Aureus | LPS] Bayes iter 126/200 done.
[Staphylococcus_Aureus | LPS] Bayes iter 127/200 done.
[Staphylococcus_Aureus | LPS] Bayes iter 128/200 done.
[Staphylococcus_Aureus | LPS] Bayes iter 129/200 done.
[Staphylococcus_Aureus | LPS] Bayes iter 130/200 done.
[Staphylococcus_Aureus | LPS] Bayes iter 131/200 done.
[Staphylococcus_Aureus | LPS] Bayes iter 132/200 done.
[Staphylococcus_Aureus | LPS] Bayes iter 133/200 done.
[Staphylococcus_Aureus | LPS] Bayes iter 134/200 done.
[Staphylococcus_Aureus | LPS] Bayes iter 135/200 done.
[Staphylococcus_Aureus | LPS] Bayes iter 136/200 done.
[Staphylococcus_Aureus | LPS] Bayes iter 137/200 done.
[Staphylococcus_Aureus | LPS] Bayes iter 138/200 done.
[Staphylococcus_Aureus | LPS] Bayes iter 139/200 done.
[Staphylococcus_Aureus | LPS] Bayes iter 140/200 done.
[Staphylococcus_Aureus | LPS] Bayes iter 141/200 done.
[Staphylococcus_Aureus | LPS] Bayes iter 142/200 done.
[Staphylococcus_Aureus | LPS] Bayes iter 143/200 done.
[Staphylococcus_Aureus | LPS] Bayes iter 144/200 done.
[Staphylococcus_Aureus | LPS] Bayes iter 145/200 done.
[Staphylococcus_Aureus | LPS] Bayes iter 146/200 done.
[Staphylococcus_Aureus | LPS] Bayes iter 147/200 done.
[Staphylococcus_Aureus | LPS] Bayes iter 148/200 done.
[Staphylococcus_Aureus | LPS] Bayes iter 149/200 done.
[Staphylococcus_Aureus | LPS] Bayes iter 150/200 done.
[Staphylococcus_Aureus | LPS] Bayes iter 151/200 done.
[Staphylococcus_Aureus | LPS] Bayes iter 152/200 done.
[Staphylococcus_Aureus | LPS] Bayes iter 153/200 done.
[Staphylococcus_Aureus | LPS] Bayes iter 154/200 done.
[Staphylococcus_Aureus | LPS] Bayes iter 155/200 done.
[Staphylococcus_Aureus | LPS] Bayes iter 156/200 done.
[Staphylococcus_Aureus | LPS] Bayes iter 157/200 done.
[Staphylococcus_Aureus | LPS] Bayes iter 158/200 done.
[Staphylococcus_Aureus | LPS] Bayes iter 159/200 done.
[Staphylococcus_Aureus | LPS] Bayes iter 160/200 done.
[Staphylococcus_Aureus | LPS] Bayes iter 161/200 done.
[Staphylococcus_Aureus | LPS] Bayes iter 162/200 done.
[Staphylococcus_Aureus | LPS] Bayes iter 163/200 done.
[Staphylococcus_Aureus | LPS] Bayes iter 164/200 done.
[Staphylococcus_Aureus | LPS] Bayes iter 165/200 done.
[Staphylococcus_Aureus | LPS] Bayes iter 166/200 done.
[Staphylococcus_Aureus | LPS] Bayes iter 167/200 done.
[Staphylococcus_Aureus | LPS] Bayes iter 168/200 done.
[Staphylococcus_Aureus | LPS] Bayes iter 169/200 done.
[Staphylococcus_Aureus | LPS] Bayes iter 170/200 done.
[Staphylococcus_Aureus | LPS] Bayes iter 171/200 done.
[Staphylococcus_Aureus | LPS] Bayes iter 172/200 done.
[Staphylococcus_Aureus | LPS] Bayes iter 173/200 done.
[Staphylococcus_Aureus | LPS] Bayes iter 174/200 done.
[Staphylococcus_Aureus | LPS] Bayes iter 175/200 done.
[Staphylococcus_Aureus | LPS] Bayes iter 176/200 done.
[Staphylococcus_Aureus | LPS] Bayes iter 177/200 done.
[Staphylococcus_Aureus | LPS] Bayes iter 178/200 done.
[Staphylococcus_Aureus | LPS] Bayes iter 179/200 done.
[Staphylococcus_Aureus | LPS] Bayes iter 180/200 done.
[Staphylococcus_Aureus | LPS] Bayes iter 181/200 done.
[Staphylococcus_Aureus | LPS] Bayes iter 182/200 done.
[Staphylococcus_Aureus | LPS] Bayes iter 183/200 done.
[Staphylococcus_Aureus | LPS] Bayes iter 184/200 done.
[Staphylococcus_Aureus | LPS] Bayes iter 185/200 done.
[Staphylococcus_Aureus | LPS] Bayes iter 186/200 done.
[Staphylococcus_Aureus | LPS] Bayes iter 187/200 done.
[Staphylococcus_Aureus | LPS] Bayes iter 188/200 done.
[Staphylococcus_Aureus | LPS] Bayes iter 189/200 done.
[Staphylococcus_Aureus | LPS] Bayes iter 190/200 done.
[Staphylococcus_Aureus | LPS] Bayes iter 191/200 done.
[Staphylococcus_Aureus | LPS] Bayes iter 192/200 done.
[Staphylococcus_Aureus | LPS] Bayes iter 193/200 done.
[Staphylococcus_Aureus | LPS] Bayes iter 194/200 done.
[Staphylococcus_Aureus | LPS] Bayes iter 195/200 done.
[Staphylococcus_Aureus | LPS] Bayes iter 196/200 done.
[Staphylococcus_Aureus | LPS] Bayes iter 197/200 done.
[Staphylococcus_Aureus | LPS] Bayes iter 198/200 done.
[Staphylococcus_Aureus | LPS] Bayes iter 199/200 done.
[Staphylococcus_Aureus | LPS] Bayes iter 200/200 done.
[Staphylococcus_Aureus | LPS] BayesSearchCV finished. best_score=0.8199366754871441
[Staphylococcus_Aureus | LPS] Best params: OrderedDict({'bootstrap': True, 'max_depth': 10, 'min_samples_leaf': 10, 'n_estimators': 2, 'random_state': 0})

LPS Results:
Accuracy: 0.672752808988764
Hamming : 0.13857677902621723
F1      : 0.8175407635162723

===================================
Processing species: Escherichia_Coli
===================================
Drop NaN: 4990 -> 4663
Final samples: 4659
Unique patterns: 12
Antibiotics (4): ['Ciprofloxacin', 'Ceftriaxone', 'Piperacillin-Tazobactam', 'Cefepime']
Train size: 3727
Test size : 932

Training independent binary classifiers...

Antibiotic 1/4: Ciprofloxacin
[Escherichia_Coli | BIN | Ciprofloxacin] BayesSearchCV starting: n_iter=200, cv=5, n_jobs=10, n_points=1
[Escherichia_Coli | BIN | Ciprofloxacin] Bayes iter 1/200 done.
[Escherichia_Coli | BIN | Ciprofloxacin] Bayes iter 2/200 done.
[Escherichia_Coli | BIN | Ciprofloxacin] Bayes iter 3/200 done.
[Escherichia_Coli | BIN | Ciprofloxacin] Bayes iter 4/200 done.
[Escherichia_Coli | BIN | Ciprofloxacin] Bayes iter 5/200 done.
[Escherichia_Coli | BIN | Ciprofloxacin] Bayes iter 6/200 done.
[Escherichia_Coli | BIN | Ciprofloxacin] Bayes iter 7/200 done.
[Escherichia_Coli | BIN | Ciprofloxacin] Bayes iter 8/200 done.
[Escherichia_Coli | BIN | Ciprofloxacin] Bayes iter 9/200 done.
[Escherichia_Coli | BIN | Ciprofloxacin] Bayes iter 10/200 done.
[Escherichia_Coli | BIN | Ciprofloxacin] Bayes iter 11/200 done.
[Escherichia_Coli | BIN | Ciprofloxacin] Bayes iter 12/200 done.
[Escherichia_Coli | BIN | Ciprofloxacin] Bayes iter 13/200 done.
[Escherichia_Coli | BIN | Ciprofloxacin] Bayes iter 14/200 done.
[Escherichia_Coli | BIN | Ciprofloxacin] Bayes iter 15/200 done.
[Escherichia_Coli | BIN | Ciprofloxacin] Bayes iter 16/200 done.
[Escherichia_Coli | BIN | Ciprofloxacin] Bayes iter 17/200 done.
[Escherichia_Coli | BIN | Ciprofloxacin] Bayes iter 18/200 done.
[Escherichia_Coli | BIN | Ciprofloxacin] Bayes iter 19/200 done.
[Escherichia_Coli | BIN | Ciprofloxacin] Bayes iter 20/200 done.
[Escherichia_Coli | BIN | Ciprofloxacin] Bayes iter 21/200 done.
[Escherichia_Coli | BIN | Ciprofloxacin] Bayes iter 22/200 done.
[Escherichia_Coli | BIN | Ciprofloxacin] Bayes iter 23/200 done.
[Escherichia_Coli | BIN | Ciprofloxacin] Bayes iter 24/200 done.
[Escherichia_Coli | BIN | Ciprofloxacin] Bayes iter 25/200 done.
[Escherichia_Coli | BIN | Ciprofloxacin] Bayes iter 26/200 done.
[Escherichia_Coli | BIN | Ciprofloxacin] Bayes iter 27/200 done.
[Escherichia_Coli | BIN | Ciprofloxacin] Bayes iter 28/200 done.
[Escherichia_Coli | BIN | Ciprofloxacin] Bayes iter 29/200 done.
[Escherichia_Coli | BIN | Ciprofloxacin] Bayes iter 30/200 done.
[Escherichia_Coli | BIN | Ciprofloxacin] Bayes iter 31/200 done.
[Escherichia_Coli | BIN | Ciprofloxacin] Bayes iter 32/200 done.
[Escherichia_Coli | BIN | Ciprofloxacin] Bayes iter 33/200 done.
[Escherichia_Coli | BIN | Ciprofloxacin] Bayes iter 34/200 done.
[Escherichia_Coli | BIN | Ciprofloxacin] Bayes iter 35/200 done.
[Escherichia_Coli | BIN | Ciprofloxacin] Bayes iter 36/200 done.
[Escherichia_Coli | BIN | Ciprofloxacin] Bayes iter 37/200 done.
[Escherichia_Coli | BIN | Ciprofloxacin] Bayes iter 38/200 done.
[Escherichia_Coli | BIN | Ciprofloxacin] Bayes iter 39/200 done.
[Escherichia_Coli | BIN | Ciprofloxacin] Bayes iter 40/200 done.
[Escherichia_Coli | BIN | Ciprofloxacin] Bayes iter 41/200 done.
[Escherichia_Coli | BIN | Ciprofloxacin] Bayes iter 42/200 done.
[Escherichia_Coli | BIN | Ciprofloxacin] Bayes iter 43/200 done.
[Escherichia_Coli | BIN | Ciprofloxacin] Bayes iter 44/200 done.
[Escherichia_Coli | BIN | Ciprofloxacin] Bayes iter 45/200 done.
[Escherichia_Coli | BIN | Ciprofloxacin] Bayes iter 46/200 done.
[Escherichia_Coli | BIN | Ciprofloxacin] Bayes iter 47/200 done.
[Escherichia_Coli | BIN | Ciprofloxacin] Bayes iter 48/200 done.
[Escherichia_Coli | BIN | Ciprofloxacin] Bayes iter 49/200 done.
[Escherichia_Coli | BIN | Ciprofloxacin] Bayes iter 50/200 done.
[Escherichia_Coli | BIN | Ciprofloxacin] Bayes iter 51/200 done.
[Escherichia_Coli | BIN | Ciprofloxacin] Bayes iter 52/200 done.
[Escherichia_Coli | BIN | Ciprofloxacin] Bayes iter 53/200 done.
[Escherichia_Coli | BIN | Ciprofloxacin] Bayes iter 54/200 done.
[Escherichia_Coli | BIN | Ciprofloxacin] Bayes iter 55/200 done.
[Escherichia_Coli | BIN | Ciprofloxacin] Bayes iter 56/200 done.
[Escherichia_Coli | BIN | Ciprofloxacin] Bayes iter 57/200 done.
[Escherichia_Coli | BIN | Ciprofloxacin] Bayes iter 58/200 done.
[Escherichia_Coli | BIN | Ciprofloxacin] Bayes iter 59/200 done.
[Escherichia_Coli | BIN | Ciprofloxacin] Bayes iter 60/200 done.
[Escherichia_Coli | BIN | Ciprofloxacin] Bayes iter 61/200 done.
[Escherichia_Coli | BIN | Ciprofloxacin] Bayes iter 62/200 done.
[Escherichia_Coli | BIN | Ciprofloxacin] Bayes iter 63/200 done.
[Escherichia_Coli | BIN | Ciprofloxacin] Bayes iter 64/200 done.
[Escherichia_Coli | BIN | Ciprofloxacin] Bayes iter 65/200 done.
[Escherichia_Coli | BIN | Ciprofloxacin] Bayes iter 66/200 done.
[Escherichia_Coli | BIN | Ciprofloxacin] Bayes iter 67/200 done.
[Escherichia_Coli | BIN | Ciprofloxacin] Bayes iter 68/200 done.
[Escherichia_Coli | BIN | Ciprofloxacin] Bayes iter 69/200 done.
[Escherichia_Coli | BIN | Ciprofloxacin] Bayes iter 70/200 done.
[Escherichia_Coli | BIN | Ciprofloxacin] Bayes iter 71/200 done.
[Escherichia_Coli | BIN | Ciprofloxacin] Bayes iter 72/200 done.
[Escherichia_Coli | BIN | Ciprofloxacin] Bayes iter 73/200 done.
[Escherichia_Coli | BIN | Ciprofloxacin] Bayes iter 74/200 done.
[Escherichia_Coli | BIN | Ciprofloxacin] Bayes iter 75/200 done.
[Escherichia_Coli | BIN | Ciprofloxacin] Bayes iter 76/200 done.
[Escherichia_Coli | BIN | Ciprofloxacin] Bayes iter 77/200 done.
[Escherichia_Coli | BIN | Ciprofloxacin] Bayes iter 78/200 done.
[Escherichia_Coli | BIN | Ciprofloxacin] Bayes iter 79/200 done.
[Escherichia_Coli | BIN | Ciprofloxacin] Bayes iter 80/200 done.
[Escherichia_Coli | BIN | Ciprofloxacin] Bayes iter 81/200 done.
[Escherichia_Coli | BIN | Ciprofloxacin] Bayes iter 82/200 done.
[Escherichia_Coli | BIN | Ciprofloxacin] Bayes iter 83/200 done.
[Escherichia_Coli | BIN | Ciprofloxacin] Bayes iter 84/200 done.
[Escherichia_Coli | BIN | Ciprofloxacin] Bayes iter 85/200 done.
[Escherichia_Coli | BIN | Ciprofloxacin] Bayes iter 86/200 done.
[Escherichia_Coli | BIN | Ciprofloxacin] Bayes iter 87/200 done.
[Escherichia_Coli | BIN | Ciprofloxacin] Bayes iter 88/200 done.
[Escherichia_Coli | BIN | Ciprofloxacin] Bayes iter 89/200 done.
[Escherichia_Coli | BIN | Ciprofloxacin] Bayes iter 90/200 done.
[Escherichia_Coli | BIN | Ciprofloxacin] Bayes iter 91/200 done.
[Escherichia_Coli | BIN | Ciprofloxacin] Bayes iter 92/200 done.
[Escherichia_Coli | BIN | Ciprofloxacin] Bayes iter 93/200 done.
[Escherichia_Coli | BIN | Ciprofloxacin] Bayes iter 94/200 done.
[Escherichia_Coli | BIN | Ciprofloxacin] Bayes iter 95/200 done.
[Escherichia_Coli | BIN | Ciprofloxacin] Bayes iter 96/200 done.
[Escherichia_Coli | BIN | Ciprofloxacin] Bayes iter 97/200 done.
[Escherichia_Coli | BIN | Ciprofloxacin] Bayes iter 98/200 done.
[Escherichia_Coli | BIN | Ciprofloxacin] Bayes iter 99/200 done.
[Escherichia_Coli | BIN | Ciprofloxacin] Bayes iter 100/200 done.
[Escherichia_Coli | BIN | Ciprofloxacin] Bayes iter 101/200 done.
[Escherichia_Coli | BIN | Ciprofloxacin] Bayes iter 102/200 done.
[Escherichia_Coli | BIN | Ciprofloxacin] Bayes iter 103/200 done.
[Escherichia_Coli | BIN | Ciprofloxacin] Bayes iter 104/200 done.
[Escherichia_Coli | BIN | Ciprofloxacin] Bayes iter 105/200 done.
[Escherichia_Coli | BIN | Ciprofloxacin] Bayes iter 106/200 done.
[Escherichia_Coli | BIN | Ciprofloxacin] Bayes iter 107/200 done.
[Escherichia_Coli | BIN | Ciprofloxacin] Bayes iter 108/200 done.
[Escherichia_Coli | BIN | Ciprofloxacin] Bayes iter 109/200 done.
[Escherichia_Coli | BIN | Ciprofloxacin] Bayes iter 110/200 done.
[Escherichia_Coli | BIN | Ciprofloxacin] Bayes iter 111/200 done.
[Escherichia_Coli | BIN | Ciprofloxacin] Bayes iter 112/200 done.
[Escherichia_Coli | BIN | Ciprofloxacin] Bayes iter 113/200 done.
[Escherichia_Coli | BIN | Ciprofloxacin] Bayes iter 114/200 done.
[Escherichia_Coli | BIN | Ciprofloxacin] Bayes iter 115/200 done.
[Escherichia_Coli | BIN | Ciprofloxacin] Bayes iter 116/200 done.
[Escherichia_Coli | BIN | Ciprofloxacin] Bayes iter 117/200 done.
[Escherichia_Coli | BIN | Ciprofloxacin] Bayes iter 118/200 done.
[Escherichia_Coli | BIN | Ciprofloxacin] Bayes iter 119/200 done.
[Escherichia_Coli | BIN | Ciprofloxacin] Bayes iter 120/200 done.
[Escherichia_Coli | BIN | Ciprofloxacin] Bayes iter 121/200 done.
[Escherichia_Coli | BIN | Ciprofloxacin] Bayes iter 122/200 done.
[Escherichia_Coli | BIN | Ciprofloxacin] Bayes iter 123/200 done.
[Escherichia_Coli | BIN | Ciprofloxacin] Bayes iter 124/200 done.
[Escherichia_Coli | BIN | Ciprofloxacin] Bayes iter 125/200 done.
[Escherichia_Coli | BIN | Ciprofloxacin] Bayes iter 126/200 done.
[Escherichia_Coli | BIN | Ciprofloxacin] Bayes iter 127/200 done.
[Escherichia_Coli | BIN | Ciprofloxacin] Bayes iter 128/200 done.
[Escherichia_Coli | BIN | Ciprofloxacin] Bayes iter 129/200 done.
[Escherichia_Coli | BIN | Ciprofloxacin] Bayes iter 130/200 done.
[Escherichia_Coli | BIN | Ciprofloxacin] Bayes iter 131/200 done.
[Escherichia_Coli | BIN | Ciprofloxacin] Bayes iter 132/200 done.
[Escherichia_Coli | BIN | Ciprofloxacin] Bayes iter 133/200 done.
[Escherichia_Coli | BIN | Ciprofloxacin] Bayes iter 134/200 done.
[Escherichia_Coli | BIN | Ciprofloxacin] Bayes iter 135/200 done.
[Escherichia_Coli | BIN | Ciprofloxacin] Bayes iter 136/200 done.
[Escherichia_Coli | BIN | Ciprofloxacin] Bayes iter 137/200 done.
[Escherichia_Coli | BIN | Ciprofloxacin] Bayes iter 138/200 done.
[Escherichia_Coli | BIN | Ciprofloxacin] Bayes iter 139/200 done.
[Escherichia_Coli | BIN | Ciprofloxacin] Bayes iter 140/200 done.
[Escherichia_Coli | BIN | Ciprofloxacin] Bayes iter 141/200 done.
[Escherichia_Coli | BIN | Ciprofloxacin] Bayes iter 142/200 done.
[Escherichia_Coli | BIN | Ciprofloxacin] Bayes iter 143/200 done.
[Escherichia_Coli | BIN | Ciprofloxacin] Bayes iter 144/200 done.
[Escherichia_Coli | BIN | Ciprofloxacin] Bayes iter 145/200 done.
[Escherichia_Coli | BIN | Ciprofloxacin] Bayes iter 146/200 done.
[Escherichia_Coli | BIN | Ciprofloxacin] Bayes iter 147/200 done.
[Escherichia_Coli | BIN | Ciprofloxacin] Bayes iter 148/200 done.
[Escherichia_Coli | BIN | Ciprofloxacin] Bayes iter 149/200 done.
[Escherichia_Coli | BIN | Ciprofloxacin] Bayes iter 150/200 done.
[Escherichia_Coli | BIN | Ciprofloxacin] Bayes iter 151/200 done.
[Escherichia_Coli | BIN | Ciprofloxacin] Bayes iter 152/200 done.
[Escherichia_Coli | BIN | Ciprofloxacin] Bayes iter 153/200 done.
[Escherichia_Coli | BIN | Ciprofloxacin] Bayes iter 154/200 done.
[Escherichia_Coli | BIN | Ciprofloxacin] Bayes iter 155/200 done.
[Escherichia_Coli | BIN | Ciprofloxacin] Bayes iter 156/200 done.
[Escherichia_Coli | BIN | Ciprofloxacin] Bayes iter 157/200 done.
[Escherichia_Coli | BIN | Ciprofloxacin] Bayes iter 158/200 done.
[Escherichia_Coli | BIN | Ciprofloxacin] Bayes iter 159/200 done.
[Escherichia_Coli | BIN | Ciprofloxacin] Bayes iter 160/200 done.
[Escherichia_Coli | BIN | Ciprofloxacin] Bayes iter 161/200 done.
[Escherichia_Coli | BIN | Ciprofloxacin] Bayes iter 162/200 done.
[Escherichia_Coli | BIN | Ciprofloxacin] Bayes iter 163/200 done.
[Escherichia_Coli | BIN | Ciprofloxacin] Bayes iter 164/200 done.
[Escherichia_Coli | BIN | Ciprofloxacin] Bayes iter 165/200 done.
[Escherichia_Coli | BIN | Ciprofloxacin] Bayes iter 166/200 done.
[Escherichia_Coli | BIN | Ciprofloxacin] Bayes iter 167/200 done.
[Escherichia_Coli | BIN | Ciprofloxacin] Bayes iter 168/200 done.
[Escherichia_Coli | BIN | Ciprofloxacin] Bayes iter 169/200 done.
[Escherichia_Coli | BIN | Ciprofloxacin] Bayes iter 170/200 done.
[Escherichia_Coli | BIN | Ciprofloxacin] Bayes iter 171/200 done.
[Escherichia_Coli | BIN | Ciprofloxacin] Bayes iter 172/200 done.
[Escherichia_Coli | BIN | Ciprofloxacin] Bayes iter 173/200 done.
[Escherichia_Coli | BIN | Ciprofloxacin] Bayes iter 174/200 done.
[Escherichia_Coli | BIN | Ciprofloxacin] Bayes iter 175/200 done.
[Escherichia_Coli | BIN | Ciprofloxacin] Bayes iter 176/200 done.
[Escherichia_Coli | BIN | Ciprofloxacin] Bayes iter 177/200 done.
[Escherichia_Coli | BIN | Ciprofloxacin] Bayes iter 178/200 done.
[Escherichia_Coli | BIN | Ciprofloxacin] Bayes iter 179/200 done.
[Escherichia_Coli | BIN | Ciprofloxacin] Bayes iter 180/200 done.
[Escherichia_Coli | BIN | Ciprofloxacin] Bayes iter 181/200 done.
[Escherichia_Coli | BIN | Ciprofloxacin] Bayes iter 182/200 done.
[Escherichia_Coli | BIN | Ciprofloxacin] Bayes iter 183/200 done.
[Escherichia_Coli | BIN | Ciprofloxacin] Bayes iter 184/200 done.
[Escherichia_Coli | BIN | Ciprofloxacin] Bayes iter 185/200 done.
[Escherichia_Coli | BIN | Ciprofloxacin] Bayes iter 186/200 done.
[Escherichia_Coli | BIN | Ciprofloxacin] Bayes iter 187/200 done.
[Escherichia_Coli | BIN | Ciprofloxacin] Bayes iter 188/200 done.
[Escherichia_Coli | BIN | Ciprofloxacin] Bayes iter 189/200 done.
[Escherichia_Coli | BIN | Ciprofloxacin] Bayes iter 190/200 done.
[Escherichia_Coli | BIN | Ciprofloxacin] Bayes iter 191/200 done.
[Escherichia_Coli | BIN | Ciprofloxacin] Bayes iter 192/200 done.
[Escherichia_Coli | BIN | Ciprofloxacin] Bayes iter 193/200 done.
[Escherichia_Coli | BIN | Ciprofloxacin] Bayes iter 194/200 done.
[Escherichia_Coli | BIN | Ciprofloxacin] Bayes iter 195/200 done.
[Escherichia_Coli | BIN | Ciprofloxacin] Bayes iter 196/200 done.
[Escherichia_Coli | BIN | Ciprofloxacin] Bayes iter 197/200 done.
[Escherichia_Coli | BIN | Ciprofloxacin] Bayes iter 198/200 done.
[Escherichia_Coli | BIN | Ciprofloxacin] Bayes iter 199/200 done.
[Escherichia_Coli | BIN | Ciprofloxacin] Bayes iter 200/200 done.
[Escherichia_Coli | BIN | Ciprofloxacin] BayesSearchCV finished. best_score=0.6482782386488536
[Escherichia_Coli | BIN | Ciprofloxacin] Best params: OrderedDict({'bootstrap': False, 'max_depth': 9, 'min_samples_leaf': 1, 'n_estimators': 1, 'random_state': 0})

Antibiotic 2/4: Ceftriaxone
[Escherichia_Coli | BIN | Ceftriaxone] BayesSearchCV starting: n_iter=200, cv=5, n_jobs=10, n_points=1
[Escherichia_Coli | BIN | Ceftriaxone] Bayes iter 1/200 done.
[Escherichia_Coli | BIN | Ceftriaxone] Bayes iter 2/200 done.
[Escherichia_Coli | BIN | Ceftriaxone] Bayes iter 3/200 done.
[Escherichia_Coli | BIN | Ceftriaxone] Bayes iter 4/200 done.
[Escherichia_Coli | BIN | Ceftriaxone] Bayes iter 5/200 done.
[Escherichia_Coli | BIN | Ceftriaxone] Bayes iter 6/200 done.
[Escherichia_Coli | BIN | Ceftriaxone] Bayes iter 7/200 done.
[Escherichia_Coli | BIN | Ceftriaxone] Bayes iter 8/200 done.
[Escherichia_Coli | BIN | Ceftriaxone] Bayes iter 9/200 done.
[Escherichia_Coli | BIN | Ceftriaxone] Bayes iter 10/200 done.
[Escherichia_Coli | BIN | Ceftriaxone] Bayes iter 11/200 done.
[Escherichia_Coli | BIN | Ceftriaxone] Bayes iter 12/200 done.
[Escherichia_Coli | BIN | Ceftriaxone] Bayes iter 13/200 done.
[Escherichia_Coli | BIN | Ceftriaxone] Bayes iter 14/200 done.
[Escherichia_Coli | BIN | Ceftriaxone] Bayes iter 15/200 done.
[Escherichia_Coli | BIN | Ceftriaxone] Bayes iter 16/200 done.
[Escherichia_Coli | BIN | Ceftriaxone] Bayes iter 17/200 done.
[Escherichia_Coli | BIN | Ceftriaxone] Bayes iter 18/200 done.
[Escherichia_Coli | BIN | Ceftriaxone] Bayes iter 19/200 done.
[Escherichia_Coli | BIN | Ceftriaxone] Bayes iter 20/200 done.
[Escherichia_Coli | BIN | Ceftriaxone] Bayes iter 21/200 done.
[Escherichia_Coli | BIN | Ceftriaxone] Bayes iter 22/200 done.
[Escherichia_Coli | BIN | Ceftriaxone] Bayes iter 23/200 done.
[Escherichia_Coli | BIN | Ceftriaxone] Bayes iter 24/200 done.
[Escherichia_Coli | BIN | Ceftriaxone] Bayes iter 25/200 done.
[Escherichia_Coli | BIN | Ceftriaxone] Bayes iter 26/200 done.
[Escherichia_Coli | BIN | Ceftriaxone] Bayes iter 27/200 done.
[Escherichia_Coli | BIN | Ceftriaxone] Bayes iter 28/200 done.
[Escherichia_Coli | BIN | Ceftriaxone] Bayes iter 29/200 done.
[Escherichia_Coli | BIN | Ceftriaxone] Bayes iter 30/200 done.
[Escherichia_Coli | BIN | Ceftriaxone] Bayes iter 31/200 done.
[Escherichia_Coli | BIN | Ceftriaxone] Bayes iter 32/200 done.
[Escherichia_Coli | BIN | Ceftriaxone] Bayes iter 33/200 done.
[Escherichia_Coli | BIN | Ceftriaxone] Bayes iter 34/200 done.
[Escherichia_Coli | BIN | Ceftriaxone] Bayes iter 35/200 done.
[Escherichia_Coli | BIN | Ceftriaxone] Bayes iter 36/200 done.
[Escherichia_Coli | BIN | Ceftriaxone] Bayes iter 37/200 done.
[Escherichia_Coli | BIN | Ceftriaxone] Bayes iter 38/200 done.
[Escherichia_Coli | BIN | Ceftriaxone] Bayes iter 39/200 done.
[Escherichia_Coli | BIN | Ceftriaxone] Bayes iter 40/200 done.
[Escherichia_Coli | BIN | Ceftriaxone] Bayes iter 41/200 done.
[Escherichia_Coli | BIN | Ceftriaxone] Bayes iter 42/200 done.
[Escherichia_Coli | BIN | Ceftriaxone] Bayes iter 43/200 done.
[Escherichia_Coli | BIN | Ceftriaxone] Bayes iter 44/200 done.
[Escherichia_Coli | BIN | Ceftriaxone] Bayes iter 45/200 done.
[Escherichia_Coli | BIN | Ceftriaxone] Bayes iter 46/200 done.
[Escherichia_Coli | BIN | Ceftriaxone] Bayes iter 47/200 done.
[Escherichia_Coli | BIN | Ceftriaxone] Bayes iter 48/200 done.
[Escherichia_Coli | BIN | Ceftriaxone] Bayes iter 49/200 done.
[Escherichia_Coli | BIN | Ceftriaxone] Bayes iter 50/200 done.
[Escherichia_Coli | BIN | Ceftriaxone] Bayes iter 51/200 done.
[Escherichia_Coli | BIN | Ceftriaxone] Bayes iter 52/200 done.
[Escherichia_Coli | BIN | Ceftriaxone] Bayes iter 53/200 done.
[Escherichia_Coli | BIN | Ceftriaxone] Bayes iter 54/200 done.
[Escherichia_Coli | BIN | Ceftriaxone] Bayes iter 55/200 done.
[Escherichia_Coli | BIN | Ceftriaxone] Bayes iter 56/200 done.
[Escherichia_Coli | BIN | Ceftriaxone] Bayes iter 57/200 done.
[Escherichia_Coli | BIN | Ceftriaxone] Bayes iter 58/200 done.
[Escherichia_Coli | BIN | Ceftriaxone] Bayes iter 59/200 done.
[Escherichia_Coli | BIN | Ceftriaxone] Bayes iter 60/200 done.
[Escherichia_Coli | BIN | Ceftriaxone] Bayes iter 61/200 done.
[Escherichia_Coli | BIN | Ceftriaxone] Bayes iter 62/200 done.
[Escherichia_Coli | BIN | Ceftriaxone] Bayes iter 63/200 done.
[Escherichia_Coli | BIN | Ceftriaxone] Bayes iter 64/200 done.
[Escherichia_Coli | BIN | Ceftriaxone] Bayes iter 65/200 done.
[Escherichia_Coli | BIN | Ceftriaxone] Bayes iter 66/200 done.
[Escherichia_Coli | BIN | Ceftriaxone] Bayes iter 67/200 done.
[Escherichia_Coli | BIN | Ceftriaxone] Bayes iter 68/200 done.
[Escherichia_Coli | BIN | Ceftriaxone] Bayes iter 69/200 done.
[Escherichia_Coli | BIN | Ceftriaxone] Bayes iter 70/200 done.
[Escherichia_Coli | BIN | Ceftriaxone] Bayes iter 71/200 done.
[Escherichia_Coli | BIN | Ceftriaxone] Bayes iter 72/200 done.
[Escherichia_Coli | BIN | Ceftriaxone] Bayes iter 73/200 done.
[Escherichia_Coli | BIN | Ceftriaxone] Bayes iter 74/200 done.
[Escherichia_Coli | BIN | Ceftriaxone] Bayes iter 75/200 done.
[Escherichia_Coli | BIN | Ceftriaxone] Bayes iter 76/200 done.
[Escherichia_Coli | BIN | Ceftriaxone] Bayes iter 77/200 done.
[Escherichia_Coli | BIN | Ceftriaxone] Bayes iter 78/200 done.
[Escherichia_Coli | BIN | Ceftriaxone] Bayes iter 79/200 done.
[Escherichia_Coli | BIN | Ceftriaxone] Bayes iter 80/200 done.
[Escherichia_Coli | BIN | Ceftriaxone] Bayes iter 81/200 done.
[Escherichia_Coli | BIN | Ceftriaxone] Bayes iter 82/200 done.
[Escherichia_Coli | BIN | Ceftriaxone] Bayes iter 83/200 done.
[Escherichia_Coli | BIN | Ceftriaxone] Bayes iter 84/200 done.
[Escherichia_Coli | BIN | Ceftriaxone] Bayes iter 85/200 done.
[Escherichia_Coli | BIN | Ceftriaxone] Bayes iter 86/200 done.
[Escherichia_Coli | BIN | Ceftriaxone] Bayes iter 87/200 done.
[Escherichia_Coli | BIN | Ceftriaxone] Bayes iter 88/200 done.
[Escherichia_Coli | BIN | Ceftriaxone] Bayes iter 89/200 done.
[Escherichia_Coli | BIN | Ceftriaxone] Bayes iter 90/200 done.
[Escherichia_Coli | BIN | Ceftriaxone] Bayes iter 91/200 done.
[Escherichia_Coli | BIN | Ceftriaxone] Bayes iter 92/200 done.
[Escherichia_Coli | BIN | Ceftriaxone] Bayes iter 93/200 done.
[Escherichia_Coli | BIN | Ceftriaxone] Bayes iter 94/200 done.
[Escherichia_Coli | BIN | Ceftriaxone] Bayes iter 95/200 done.
[Escherichia_Coli | BIN | Ceftriaxone] Bayes iter 96/200 done.
[Escherichia_Coli | BIN | Ceftriaxone] Bayes iter 97/200 done.
[Escherichia_Coli | BIN | Ceftriaxone] Bayes iter 98/200 done.
[Escherichia_Coli | BIN | Ceftriaxone] Bayes iter 99/200 done.
[Escherichia_Coli | BIN | Ceftriaxone] Bayes iter 100/200 done.
[Escherichia_Coli | BIN | Ceftriaxone] Bayes iter 101/200 done.
[Escherichia_Coli | BIN | Ceftriaxone] Bayes iter 102/200 done.
[Escherichia_Coli | BIN | Ceftriaxone] Bayes iter 103/200 done.
[Escherichia_Coli | BIN | Ceftriaxone] Bayes iter 104/200 done.
[Escherichia_Coli | BIN | Ceftriaxone] Bayes iter 105/200 done.
[Escherichia_Coli | BIN | Ceftriaxone] Bayes iter 106/200 done.
[Escherichia_Coli | BIN | Ceftriaxone] Bayes iter 107/200 done.
[Escherichia_Coli | BIN | Ceftriaxone] Bayes iter 108/200 done.
[Escherichia_Coli | BIN | Ceftriaxone] Bayes iter 109/200 done.
[Escherichia_Coli | BIN | Ceftriaxone] Bayes iter 110/200 done.
[Escherichia_Coli | BIN | Ceftriaxone] Bayes iter 111/200 done.
[Escherichia_Coli | BIN | Ceftriaxone] Bayes iter 112/200 done.
[Escherichia_Coli | BIN | Ceftriaxone] Bayes iter 113/200 done.
[Escherichia_Coli | BIN | Ceftriaxone] Bayes iter 114/200 done.
[Escherichia_Coli | BIN | Ceftriaxone] Bayes iter 115/200 done.
[Escherichia_Coli | BIN | Ceftriaxone] Bayes iter 116/200 done.
[Escherichia_Coli | BIN | Ceftriaxone] Bayes iter 117/200 done.
[Escherichia_Coli | BIN | Ceftriaxone] Bayes iter 118/200 done.
[Escherichia_Coli | BIN | Ceftriaxone] Bayes iter 119/200 done.
[Escherichia_Coli | BIN | Ceftriaxone] Bayes iter 120/200 done.
[Escherichia_Coli | BIN | Ceftriaxone] Bayes iter 121/200 done.
[Escherichia_Coli | BIN | Ceftriaxone] Bayes iter 122/200 done.
[Escherichia_Coli | BIN | Ceftriaxone] Bayes iter 123/200 done.
[Escherichia_Coli | BIN | Ceftriaxone] Bayes iter 124/200 done.
[Escherichia_Coli | BIN | Ceftriaxone] Bayes iter 125/200 done.
[Escherichia_Coli | BIN | Ceftriaxone] Bayes iter 126/200 done.
[Escherichia_Coli | BIN | Ceftriaxone] Bayes iter 127/200 done.
[Escherichia_Coli | BIN | Ceftriaxone] Bayes iter 128/200 done.
[Escherichia_Coli | BIN | Ceftriaxone] Bayes iter 129/200 done.
[Escherichia_Coli | BIN | Ceftriaxone] Bayes iter 130/200 done.
[Escherichia_Coli | BIN | Ceftriaxone] Bayes iter 131/200 done.
[Escherichia_Coli | BIN | Ceftriaxone] Bayes iter 132/200 done.
[Escherichia_Coli | BIN | Ceftriaxone] Bayes iter 133/200 done.
[Escherichia_Coli | BIN | Ceftriaxone] Bayes iter 134/200 done.
[Escherichia_Coli | BIN | Ceftriaxone] Bayes iter 135/200 done.
[Escherichia_Coli | BIN | Ceftriaxone] Bayes iter 136/200 done.
[Escherichia_Coli | BIN | Ceftriaxone] Bayes iter 137/200 done.
[Escherichia_Coli | BIN | Ceftriaxone] Bayes iter 138/200 done.
[Escherichia_Coli | BIN | Ceftriaxone] Bayes iter 139/200 done.
[Escherichia_Coli | BIN | Ceftriaxone] Bayes iter 140/200 done.
[Escherichia_Coli | BIN | Ceftriaxone] Bayes iter 141/200 done.
[Escherichia_Coli | BIN | Ceftriaxone] Bayes iter 142/200 done.
[Escherichia_Coli | BIN | Ceftriaxone] Bayes iter 143/200 done.
[Escherichia_Coli | BIN | Ceftriaxone] Bayes iter 144/200 done.
[Escherichia_Coli | BIN | Ceftriaxone] Bayes iter 145/200 done.
[Escherichia_Coli | BIN | Ceftriaxone] Bayes iter 146/200 done.
[Escherichia_Coli | BIN | Ceftriaxone] Bayes iter 147/200 done.
[Escherichia_Coli | BIN | Ceftriaxone] Bayes iter 148/200 done.
[Escherichia_Coli | BIN | Ceftriaxone] Bayes iter 149/200 done.
[Escherichia_Coli | BIN | Ceftriaxone] Bayes iter 150/200 done.
[Escherichia_Coli | BIN | Ceftriaxone] Bayes iter 151/200 done.
[Escherichia_Coli | BIN | Ceftriaxone] Bayes iter 152/200 done.
[Escherichia_Coli | BIN | Ceftriaxone] Bayes iter 153/200 done.
[Escherichia_Coli | BIN | Ceftriaxone] Bayes iter 154/200 done.
[Escherichia_Coli | BIN | Ceftriaxone] Bayes iter 155/200 done.
[Escherichia_Coli | BIN | Ceftriaxone] Bayes iter 156/200 done.
[Escherichia_Coli | BIN | Ceftriaxone] Bayes iter 157/200 done.
[Escherichia_Coli | BIN | Ceftriaxone] Bayes iter 158/200 done.
[Escherichia_Coli | BIN | Ceftriaxone] Bayes iter 159/200 done.
[Escherichia_Coli | BIN | Ceftriaxone] Bayes iter 160/200 done.
[Escherichia_Coli | BIN | Ceftriaxone] Bayes iter 161/200 done.
[Escherichia_Coli | BIN | Ceftriaxone] Bayes iter 162/200 done.
[Escherichia_Coli | BIN | Ceftriaxone] Bayes iter 163/200 done.
[Escherichia_Coli | BIN | Ceftriaxone] Bayes iter 164/200 done.
[Escherichia_Coli | BIN | Ceftriaxone] Bayes iter 165/200 done.
[Escherichia_Coli | BIN | Ceftriaxone] Bayes iter 166/200 done.
[Escherichia_Coli | BIN | Ceftriaxone] Bayes iter 167/200 done.
[Escherichia_Coli | BIN | Ceftriaxone] Bayes iter 168/200 done.
[Escherichia_Coli | BIN | Ceftriaxone] Bayes iter 169/200 done.
[Escherichia_Coli | BIN | Ceftriaxone] Bayes iter 170/200 done.
[Escherichia_Coli | BIN | Ceftriaxone] Bayes iter 171/200 done.
[Escherichia_Coli | BIN | Ceftriaxone] Bayes iter 172/200 done.
[Escherichia_Coli | BIN | Ceftriaxone] Bayes iter 173/200 done.
[Escherichia_Coli | BIN | Ceftriaxone] Bayes iter 174/200 done.
[Escherichia_Coli | BIN | Ceftriaxone] Bayes iter 175/200 done.
[Escherichia_Coli | BIN | Ceftriaxone] Bayes iter 176/200 done.
[Escherichia_Coli | BIN | Ceftriaxone] Bayes iter 177/200 done.
[Escherichia_Coli | BIN | Ceftriaxone] Bayes iter 178/200 done.
[Escherichia_Coli | BIN | Ceftriaxone] Bayes iter 179/200 done.
[Escherichia_Coli | BIN | Ceftriaxone] Bayes iter 180/200 done.
[Escherichia_Coli | BIN | Ceftriaxone] Bayes iter 181/200 done.
[Escherichia_Coli | BIN | Ceftriaxone] Bayes iter 182/200 done.
[Escherichia_Coli | BIN | Ceftriaxone] Bayes iter 183/200 done.
[Escherichia_Coli | BIN | Ceftriaxone] Bayes iter 184/200 done.
[Escherichia_Coli | BIN | Ceftriaxone] Bayes iter 185/200 done.
[Escherichia_Coli | BIN | Ceftriaxone] Bayes iter 186/200 done.
[Escherichia_Coli | BIN | Ceftriaxone] Bayes iter 187/200 done.
[Escherichia_Coli | BIN | Ceftriaxone] Bayes iter 188/200 done.
[Escherichia_Coli | BIN | Ceftriaxone] Bayes iter 189/200 done.
[Escherichia_Coli | BIN | Ceftriaxone] Bayes iter 190/200 done.
[Escherichia_Coli | BIN | Ceftriaxone] Bayes iter 191/200 done.
[Escherichia_Coli | BIN | Ceftriaxone] Bayes iter 192/200 done.
[Escherichia_Coli | BIN | Ceftriaxone] Bayes iter 193/200 done.
[Escherichia_Coli | BIN | Ceftriaxone] Bayes iter 194/200 done.
[Escherichia_Coli | BIN | Ceftriaxone] Bayes iter 195/200 done.
[Escherichia_Coli | BIN | Ceftriaxone] Bayes iter 196/200 done.
[Escherichia_Coli | BIN | Ceftriaxone] Bayes iter 197/200 done.
[Escherichia_Coli | BIN | Ceftriaxone] Bayes iter 198/200 done.
[Escherichia_Coli | BIN | Ceftriaxone] Bayes iter 199/200 done.
[Escherichia_Coli | BIN | Ceftriaxone] Bayes iter 200/200 done.
[Escherichia_Coli | BIN | Ceftriaxone] BayesSearchCV finished. best_score=0.7572269953018045
[Escherichia_Coli | BIN | Ceftriaxone] Best params: OrderedDict({'bootstrap': False, 'max_depth': 10, 'min_samples_leaf': 1, 'n_estimators': 6, 'random_state': 0})

Antibiotic 3/4: Piperacillin-Tazobactam
[Escherichia_Coli | BIN | Piperacillin-Tazobactam] BayesSearchCV starting: n_iter=200, cv=5, n_jobs=10, n_points=1
[Escherichia_Coli | BIN | Piperacillin-Tazobactam] Bayes iter 1/200 done.
[Escherichia_Coli | BIN | Piperacillin-Tazobactam] Bayes iter 2/200 done.
[Escherichia_Coli | BIN | Piperacillin-Tazobactam] Bayes iter 3/200 done.
[Escherichia_Coli | BIN | Piperacillin-Tazobactam] Bayes iter 4/200 done.
[Escherichia_Coli | BIN | Piperacillin-Tazobactam] Bayes iter 5/200 done.
[Escherichia_Coli | BIN | Piperacillin-Tazobactam] Bayes iter 6/200 done.
[Escherichia_Coli | BIN | Piperacillin-Tazobactam] Bayes iter 7/200 done.
[Escherichia_Coli | BIN | Piperacillin-Tazobactam] Bayes iter 8/200 done.
[Escherichia_Coli | BIN | Piperacillin-Tazobactam] Bayes iter 9/200 done.
[Escherichia_Coli | BIN | Piperacillin-Tazobactam] Bayes iter 10/200 done.
[Escherichia_Coli | BIN | Piperacillin-Tazobactam] Bayes iter 11/200 done.
[Escherichia_Coli | BIN | Piperacillin-Tazobactam] Bayes iter 12/200 done.
[Escherichia_Coli | BIN | Piperacillin-Tazobactam] Bayes iter 13/200 done.
[Escherichia_Coli | BIN | Piperacillin-Tazobactam] Bayes iter 14/200 done.
[Escherichia_Coli | BIN | Piperacillin-Tazobactam] Bayes iter 15/200 done.
[Escherichia_Coli | BIN | Piperacillin-Tazobactam] Bayes iter 16/200 done.
[Escherichia_Coli | BIN | Piperacillin-Tazobactam] Bayes iter 17/200 done.
[Escherichia_Coli | BIN | Piperacillin-Tazobactam] Bayes iter 18/200 done.
[Escherichia_Coli | BIN | Piperacillin-Tazobactam] Bayes iter 19/200 done.
[Escherichia_Coli | BIN | Piperacillin-Tazobactam] Bayes iter 20/200 done.
[Escherichia_Coli | BIN | Piperacillin-Tazobactam] Bayes iter 21/200 done.
[Escherichia_Coli | BIN | Piperacillin-Tazobactam] Bayes iter 22/200 done.
[Escherichia_Coli | BIN | Piperacillin-Tazobactam] Bayes iter 23/200 done.
[Escherichia_Coli | BIN | Piperacillin-Tazobactam] Bayes iter 24/200 done.
[Escherichia_Coli | BIN | Piperacillin-Tazobactam] Bayes iter 25/200 done.
[Escherichia_Coli | BIN | Piperacillin-Tazobactam] Bayes iter 26/200 done.
[Escherichia_Coli | BIN | Piperacillin-Tazobactam] Bayes iter 27/200 done.
[Escherichia_Coli | BIN | Piperacillin-Tazobactam] Bayes iter 28/200 done.
[Escherichia_Coli | BIN | Piperacillin-Tazobactam] Bayes iter 29/200 done.
[Escherichia_Coli | BIN | Piperacillin-Tazobactam] Bayes iter 30/200 done.
[Escherichia_Coli | BIN | Piperacillin-Tazobactam] Bayes iter 31/200 done.
[Escherichia_Coli | BIN | Piperacillin-Tazobactam] Bayes iter 32/200 done.
[Escherichia_Coli | BIN | Piperacillin-Tazobactam] Bayes iter 33/200 done.
[Escherichia_Coli | BIN | Piperacillin-Tazobactam] Bayes iter 34/200 done.
[Escherichia_Coli | BIN | Piperacillin-Tazobactam] Bayes iter 35/200 done.
[Escherichia_Coli | BIN | Piperacillin-Tazobactam] Bayes iter 36/200 done.
[Escherichia_Coli | BIN | Piperacillin-Tazobactam] Bayes iter 37/200 done.
[Escherichia_Coli | BIN | Piperacillin-Tazobactam] Bayes iter 38/200 done.
[Escherichia_Coli | BIN | Piperacillin-Tazobactam] Bayes iter 39/200 done.
[Escherichia_Coli | BIN | Piperacillin-Tazobactam] Bayes iter 40/200 done.
[Escherichia_Coli | BIN | Piperacillin-Tazobactam] Bayes iter 41/200 done.
[Escherichia_Coli | BIN | Piperacillin-Tazobactam] Bayes iter 42/200 done.
[Escherichia_Coli | BIN | Piperacillin-Tazobactam] Bayes iter 43/200 done.
[Escherichia_Coli | BIN | Piperacillin-Tazobactam] Bayes iter 44/200 done.
[Escherichia_Coli | BIN | Piperacillin-Tazobactam] Bayes iter 45/200 done.
[Escherichia_Coli | BIN | Piperacillin-Tazobactam] Bayes iter 46/200 done.
[Escherichia_Coli | BIN | Piperacillin-Tazobactam] Bayes iter 47/200 done.
[Escherichia_Coli | BIN | Piperacillin-Tazobactam] Bayes iter 48/200 done.
[Escherichia_Coli | BIN | Piperacillin-Tazobactam] Bayes iter 49/200 done.
[Escherichia_Coli | BIN | Piperacillin-Tazobactam] Bayes iter 50/200 done.
[Escherichia_Coli | BIN | Piperacillin-Tazobactam] Bayes iter 51/200 done.
[Escherichia_Coli | BIN | Piperacillin-Tazobactam] Bayes iter 52/200 done.
[Escherichia_Coli | BIN | Piperacillin-Tazobactam] Bayes iter 53/200 done.
[Escherichia_Coli | BIN | Piperacillin-Tazobactam] Bayes iter 54/200 done.
[Escherichia_Coli | BIN | Piperacillin-Tazobactam] Bayes iter 55/200 done.
[Escherichia_Coli | BIN | Piperacillin-Tazobactam] Bayes iter 56/200 done.
[Escherichia_Coli | BIN | Piperacillin-Tazobactam] Bayes iter 57/200 done.
[Escherichia_Coli | BIN | Piperacillin-Tazobactam] Bayes iter 58/200 done.
[Escherichia_Coli | BIN | Piperacillin-Tazobactam] Bayes iter 59/200 done.
[Escherichia_Coli | BIN | Piperacillin-Tazobactam] Bayes iter 60/200 done.
[Escherichia_Coli | BIN | Piperacillin-Tazobactam] Bayes iter 61/200 done.
[Escherichia_Coli | BIN | Piperacillin-Tazobactam] Bayes iter 62/200 done.
[Escherichia_Coli | BIN | Piperacillin-Tazobactam] Bayes iter 63/200 done.
[Escherichia_Coli | BIN | Piperacillin-Tazobactam] Bayes iter 64/200 done.
[Escherichia_Coli | BIN | Piperacillin-Tazobactam] Bayes iter 65/200 done.
[Escherichia_Coli | BIN | Piperacillin-Tazobactam] Bayes iter 66/200 done.
[Escherichia_Coli | BIN | Piperacillin-Tazobactam] Bayes iter 67/200 done.
[Escherichia_Coli | BIN | Piperacillin-Tazobactam] Bayes iter 68/200 done.
[Escherichia_Coli | BIN | Piperacillin-Tazobactam] Bayes iter 69/200 done.
[Escherichia_Coli | BIN | Piperacillin-Tazobactam] Bayes iter 70/200 done.
[Escherichia_Coli | BIN | Piperacillin-Tazobactam] Bayes iter 71/200 done.
[Escherichia_Coli | BIN | Piperacillin-Tazobactam] Bayes iter 72/200 done.
[Escherichia_Coli | BIN | Piperacillin-Tazobactam] Bayes iter 73/200 done.
[Escherichia_Coli | BIN | Piperacillin-Tazobactam] Bayes iter 74/200 done.
[Escherichia_Coli | BIN | Piperacillin-Tazobactam] Bayes iter 75/200 done.
[Escherichia_Coli | BIN | Piperacillin-Tazobactam] Bayes iter 76/200 done.
[Escherichia_Coli | BIN | Piperacillin-Tazobactam] Bayes iter 77/200 done.
[Escherichia_Coli | BIN | Piperacillin-Tazobactam] Bayes iter 78/200 done.
[Escherichia_Coli | BIN | Piperacillin-Tazobactam] Bayes iter 79/200 done.
[Escherichia_Coli | BIN | Piperacillin-Tazobactam] Bayes iter 80/200 done.
[Escherichia_Coli | BIN | Piperacillin-Tazobactam] Bayes iter 81/200 done.
[Escherichia_Coli | BIN | Piperacillin-Tazobactam] Bayes iter 82/200 done.
[Escherichia_Coli | BIN | Piperacillin-Tazobactam] Bayes iter 83/200 done.
[Escherichia_Coli | BIN | Piperacillin-Tazobactam] Bayes iter 84/200 done.
[Escherichia_Coli | BIN | Piperacillin-Tazobactam] Bayes iter 85/200 done.
[Escherichia_Coli | BIN | Piperacillin-Tazobactam] Bayes iter 86/200 done.
[Escherichia_Coli | BIN | Piperacillin-Tazobactam] Bayes iter 87/200 done.
[Escherichia_Coli | BIN | Piperacillin-Tazobactam] Bayes iter 88/200 done.
[Escherichia_Coli | BIN | Piperacillin-Tazobactam] Bayes iter 89/200 done.
[Escherichia_Coli | BIN | Piperacillin-Tazobactam] Bayes iter 90/200 done.
[Escherichia_Coli | BIN | Piperacillin-Tazobactam] Bayes iter 91/200 done.
[Escherichia_Coli | BIN | Piperacillin-Tazobactam] Bayes iter 92/200 done.
[Escherichia_Coli | BIN | Piperacillin-Tazobactam] Bayes iter 93/200 done.
[Escherichia_Coli | BIN | Piperacillin-Tazobactam] Bayes iter 94/200 done.
[Escherichia_Coli | BIN | Piperacillin-Tazobactam] Bayes iter 95/200 done.
[Escherichia_Coli | BIN | Piperacillin-Tazobactam] Bayes iter 96/200 done.
[Escherichia_Coli | BIN | Piperacillin-Tazobactam] Bayes iter 97/200 done.
[Escherichia_Coli | BIN | Piperacillin-Tazobactam] Bayes iter 98/200 done.
[Escherichia_Coli | BIN | Piperacillin-Tazobactam] Bayes iter 99/200 done.
[Escherichia_Coli | BIN | Piperacillin-Tazobactam] Bayes iter 100/200 done.
[Escherichia_Coli | BIN | Piperacillin-Tazobactam] Bayes iter 101/200 done.
[Escherichia_Coli | BIN | Piperacillin-Tazobactam] Bayes iter 102/200 done.
[Escherichia_Coli | BIN | Piperacillin-Tazobactam] Bayes iter 103/200 done.
[Escherichia_Coli | BIN | Piperacillin-Tazobactam] Bayes iter 104/200 done.
[Escherichia_Coli | BIN | Piperacillin-Tazobactam] Bayes iter 105/200 done.
[Escherichia_Coli | BIN | Piperacillin-Tazobactam] Bayes iter 106/200 done.
[Escherichia_Coli | BIN | Piperacillin-Tazobactam] Bayes iter 107/200 done.
[Escherichia_Coli | BIN | Piperacillin-Tazobactam] Bayes iter 108/200 done.
[Escherichia_Coli | BIN | Piperacillin-Tazobactam] Bayes iter 109/200 done.
[Escherichia_Coli | BIN | Piperacillin-Tazobactam] Bayes iter 110/200 done.
[Escherichia_Coli | BIN | Piperacillin-Tazobactam] Bayes iter 111/200 done.
[Escherichia_Coli | BIN | Piperacillin-Tazobactam] Bayes iter 112/200 done.
[Escherichia_Coli | BIN | Piperacillin-Tazobactam] Bayes iter 113/200 done.
[Escherichia_Coli | BIN | Piperacillin-Tazobactam] Bayes iter 114/200 done.
[Escherichia_Coli | BIN | Piperacillin-Tazobactam] Bayes iter 115/200 done.
[Escherichia_Coli | BIN | Piperacillin-Tazobactam] Bayes iter 116/200 done.
[Escherichia_Coli | BIN | Piperacillin-Tazobactam] Bayes iter 117/200 done.
[Escherichia_Coli | BIN | Piperacillin-Tazobactam] Bayes iter 118/200 done.
[Escherichia_Coli | BIN | Piperacillin-Tazobactam] Bayes iter 119/200 done.
[Escherichia_Coli | BIN | Piperacillin-Tazobactam] Bayes iter 120/200 done.
[Escherichia_Coli | BIN | Piperacillin-Tazobactam] Bayes iter 121/200 done.
[Escherichia_Coli | BIN | Piperacillin-Tazobactam] Bayes iter 122/200 done.
[Escherichia_Coli | BIN | Piperacillin-Tazobactam] Bayes iter 123/200 done.
[Escherichia_Coli | BIN | Piperacillin-Tazobactam] Bayes iter 124/200 done.
[Escherichia_Coli | BIN | Piperacillin-Tazobactam] Bayes iter 125/200 done.
[Escherichia_Coli | BIN | Piperacillin-Tazobactam] Bayes iter 126/200 done.
[Escherichia_Coli | BIN | Piperacillin-Tazobactam] Bayes iter 127/200 done.
[Escherichia_Coli | BIN | Piperacillin-Tazobactam] Bayes iter 128/200 done.
[Escherichia_Coli | BIN | Piperacillin-Tazobactam] Bayes iter 129/200 done.
[Escherichia_Coli | BIN | Piperacillin-Tazobactam] Bayes iter 130/200 done.
[Escherichia_Coli | BIN | Piperacillin-Tazobactam] Bayes iter 131/200 done.
[Escherichia_Coli | BIN | Piperacillin-Tazobactam] Bayes iter 132/200 done.
[Escherichia_Coli | BIN | Piperacillin-Tazobactam] Bayes iter 133/200 done.
[Escherichia_Coli | BIN | Piperacillin-Tazobactam] Bayes iter 134/200 done.
[Escherichia_Coli | BIN | Piperacillin-Tazobactam] Bayes iter 135/200 done.
[Escherichia_Coli | BIN | Piperacillin-Tazobactam] Bayes iter 136/200 done.
[Escherichia_Coli | BIN | Piperacillin-Tazobactam] Bayes iter 137/200 done.
[Escherichia_Coli | BIN | Piperacillin-Tazobactam] Bayes iter 138/200 done.
[Escherichia_Coli | BIN | Piperacillin-Tazobactam] Bayes iter 139/200 done.
[Escherichia_Coli | BIN | Piperacillin-Tazobactam] Bayes iter 140/200 done.
[Escherichia_Coli | BIN | Piperacillin-Tazobactam] Bayes iter 141/200 done.
[Escherichia_Coli | BIN | Piperacillin-Tazobactam] Bayes iter 142/200 done.
[Escherichia_Coli | BIN | Piperacillin-Tazobactam] Bayes iter 143/200 done.
[Escherichia_Coli | BIN | Piperacillin-Tazobactam] Bayes iter 144/200 done.
[Escherichia_Coli | BIN | Piperacillin-Tazobactam] Bayes iter 145/200 done.
[Escherichia_Coli | BIN | Piperacillin-Tazobactam] Bayes iter 146/200 done.
[Escherichia_Coli | BIN | Piperacillin-Tazobactam] Bayes iter 147/200 done.
[Escherichia_Coli | BIN | Piperacillin-Tazobactam] Bayes iter 148/200 done.
[Escherichia_Coli | BIN | Piperacillin-Tazobactam] Bayes iter 149/200 done.
[Escherichia_Coli | BIN | Piperacillin-Tazobactam] Bayes iter 150/200 done.
[Escherichia_Coli | BIN | Piperacillin-Tazobactam] Bayes iter 151/200 done.
[Escherichia_Coli | BIN | Piperacillin-Tazobactam] Bayes iter 152/200 done.
[Escherichia_Coli | BIN | Piperacillin-Tazobactam] Bayes iter 153/200 done.
[Escherichia_Coli | BIN | Piperacillin-Tazobactam] Bayes iter 154/200 done.
[Escherichia_Coli | BIN | Piperacillin-Tazobactam] Bayes iter 155/200 done.
[Escherichia_Coli | BIN | Piperacillin-Tazobactam] Bayes iter 156/200 done.
[Escherichia_Coli | BIN | Piperacillin-Tazobactam] Bayes iter 157/200 done.
[Escherichia_Coli | BIN | Piperacillin-Tazobactam] Bayes iter 158/200 done.
[Escherichia_Coli | BIN | Piperacillin-Tazobactam] Bayes iter 159/200 done.
[Escherichia_Coli | BIN | Piperacillin-Tazobactam] Bayes iter 160/200 done.
[Escherichia_Coli | BIN | Piperacillin-Tazobactam] Bayes iter 161/200 done.
[Escherichia_Coli | BIN | Piperacillin-Tazobactam] Bayes iter 162/200 done.
[Escherichia_Coli | BIN | Piperacillin-Tazobactam] Bayes iter 163/200 done.
[Escherichia_Coli | BIN | Piperacillin-Tazobactam] Bayes iter 164/200 done.
[Escherichia_Coli | BIN | Piperacillin-Tazobactam] Bayes iter 165/200 done.
[Escherichia_Coli | BIN | Piperacillin-Tazobactam] Bayes iter 166/200 done.
[Escherichia_Coli | BIN | Piperacillin-Tazobactam] Bayes iter 167/200 done.
[Escherichia_Coli | BIN | Piperacillin-Tazobactam] Bayes iter 168/200 done.
[Escherichia_Coli | BIN | Piperacillin-Tazobactam] Bayes iter 169/200 done.
[Escherichia_Coli | BIN | Piperacillin-Tazobactam] Bayes iter 170/200 done.
[Escherichia_Coli | BIN | Piperacillin-Tazobactam] Bayes iter 171/200 done.
[Escherichia_Coli | BIN | Piperacillin-Tazobactam] Bayes iter 172/200 done.
[Escherichia_Coli | BIN | Piperacillin-Tazobactam] Bayes iter 173/200 done.
[Escherichia_Coli | BIN | Piperacillin-Tazobactam] Bayes iter 174/200 done.
[Escherichia_Coli | BIN | Piperacillin-Tazobactam] Bayes iter 175/200 done.
[Escherichia_Coli | BIN | Piperacillin-Tazobactam] Bayes iter 176/200 done.
[Escherichia_Coli | BIN | Piperacillin-Tazobactam] Bayes iter 177/200 done.
[Escherichia_Coli | BIN | Piperacillin-Tazobactam] Bayes iter 178/200 done.
[Escherichia_Coli | BIN | Piperacillin-Tazobactam] Bayes iter 179/200 done.
[Escherichia_Coli | BIN | Piperacillin-Tazobactam] Bayes iter 180/200 done.
[Escherichia_Coli | BIN | Piperacillin-Tazobactam] Bayes iter 181/200 done.
[Escherichia_Coli | BIN | Piperacillin-Tazobactam] Bayes iter 182/200 done.
[Escherichia_Coli | BIN | Piperacillin-Tazobactam] Bayes iter 183/200 done.
[Escherichia_Coli | BIN | Piperacillin-Tazobactam] Bayes iter 184/200 done.
[Escherichia_Coli | BIN | Piperacillin-Tazobactam] Bayes iter 185/200 done.
[Escherichia_Coli | BIN | Piperacillin-Tazobactam] Bayes iter 186/200 done.
[Escherichia_Coli | BIN | Piperacillin-Tazobactam] Bayes iter 187/200 done.
[Escherichia_Coli | BIN | Piperacillin-Tazobactam] Bayes iter 188/200 done.
[Escherichia_Coli | BIN | Piperacillin-Tazobactam] Bayes iter 189/200 done.
[Escherichia_Coli | BIN | Piperacillin-Tazobactam] Bayes iter 190/200 done.
[Escherichia_Coli | BIN | Piperacillin-Tazobactam] Bayes iter 191/200 done.
[Escherichia_Coli | BIN | Piperacillin-Tazobactam] Bayes iter 192/200 done.
[Escherichia_Coli | BIN | Piperacillin-Tazobactam] Bayes iter 193/200 done.
[Escherichia_Coli | BIN | Piperacillin-Tazobactam] Bayes iter 194/200 done.
[Escherichia_Coli | BIN | Piperacillin-Tazobactam] Bayes iter 195/200 done.
[Escherichia_Coli | BIN | Piperacillin-Tazobactam] Bayes iter 196/200 done.
[Escherichia_Coli | BIN | Piperacillin-Tazobactam] Bayes iter 197/200 done.
[Escherichia_Coli | BIN | Piperacillin-Tazobactam] Bayes iter 198/200 done.
[Escherichia_Coli | BIN | Piperacillin-Tazobactam] Bayes iter 199/200 done.
[Escherichia_Coli | BIN | Piperacillin-Tazobactam] Bayes iter 200/200 done.
[Escherichia_Coli | BIN | Piperacillin-Tazobactam] BayesSearchCV finished. best_score=0.8990706877142959
[Escherichia_Coli | BIN | Piperacillin-Tazobactam] Best params: OrderedDict({'bootstrap': False, 'max_depth': 5, 'min_samples_leaf': 2, 'n_estimators': 334, 'random_state': 0})

Antibiotic 4/4: Cefepime
[Escherichia_Coli | BIN | Cefepime] BayesSearchCV starting: n_iter=200, cv=5, n_jobs=10, n_points=1
[Escherichia_Coli | BIN | Cefepime] Bayes iter 1/200 done.
[Escherichia_Coli | BIN | Cefepime] Bayes iter 2/200 done.
[Escherichia_Coli | BIN | Cefepime] Bayes iter 3/200 done.
[Escherichia_Coli | BIN | Cefepime] Bayes iter 4/200 done.
[Escherichia_Coli | BIN | Cefepime] Bayes iter 5/200 done.
[Escherichia_Coli | BIN | Cefepime] Bayes iter 6/200 done.
[Escherichia_Coli | BIN | Cefepime] Bayes iter 7/200 done.
[Escherichia_Coli | BIN | Cefepime] Bayes iter 8/200 done.
[Escherichia_Coli | BIN | Cefepime] Bayes iter 9/200 done.
[Escherichia_Coli | BIN | Cefepime] Bayes iter 10/200 done.
[Escherichia_Coli | BIN | Cefepime] Bayes iter 11/200 done.
[Escherichia_Coli | BIN | Cefepime] Bayes iter 12/200 done.
[Escherichia_Coli | BIN | Cefepime] Bayes iter 13/200 done.
[Escherichia_Coli | BIN | Cefepime] Bayes iter 14/200 done.
[Escherichia_Coli | BIN | Cefepime] Bayes iter 15/200 done.
[Escherichia_Coli | BIN | Cefepime] Bayes iter 16/200 done.
[Escherichia_Coli | BIN | Cefepime] Bayes iter 17/200 done.
[Escherichia_Coli | BIN | Cefepime] Bayes iter 18/200 done.
[Escherichia_Coli | BIN | Cefepime] Bayes iter 19/200 done.
[Escherichia_Coli | BIN | Cefepime] Bayes iter 20/200 done.
[Escherichia_Coli | BIN | Cefepime] Bayes iter 21/200 done.
[Escherichia_Coli | BIN | Cefepime] Bayes iter 22/200 done.
[Escherichia_Coli | BIN | Cefepime] Bayes iter 23/200 done.
[Escherichia_Coli | BIN | Cefepime] Bayes iter 24/200 done.
[Escherichia_Coli | BIN | Cefepime] Bayes iter 25/200 done.
[Escherichia_Coli | BIN | Cefepime] Bayes iter 26/200 done.
[Escherichia_Coli | BIN | Cefepime] Bayes iter 27/200 done.
[Escherichia_Coli | BIN | Cefepime] Bayes iter 28/200 done.
[Escherichia_Coli | BIN | Cefepime] Bayes iter 29/200 done.
[Escherichia_Coli | BIN | Cefepime] Bayes iter 30/200 done.
[Escherichia_Coli | BIN | Cefepime] Bayes iter 31/200 done.
[Escherichia_Coli | BIN | Cefepime] Bayes iter 32/200 done.
[Escherichia_Coli | BIN | Cefepime] Bayes iter 33/200 done.
[Escherichia_Coli | BIN | Cefepime] Bayes iter 34/200 done.
[Escherichia_Coli | BIN | Cefepime] Bayes iter 35/200 done.
[Escherichia_Coli | BIN | Cefepime] Bayes iter 36/200 done.
[Escherichia_Coli | BIN | Cefepime] Bayes iter 37/200 done.
[Escherichia_Coli | BIN | Cefepime] Bayes iter 38/200 done.
[Escherichia_Coli | BIN | Cefepime] Bayes iter 39/200 done.
[Escherichia_Coli | BIN | Cefepime] Bayes iter 40/200 done.
[Escherichia_Coli | BIN | Cefepime] Bayes iter 41/200 done.
[Escherichia_Coli | BIN | Cefepime] Bayes iter 42/200 done.
[Escherichia_Coli | BIN | Cefepime] Bayes iter 43/200 done.
[Escherichia_Coli | BIN | Cefepime] Bayes iter 44/200 done.
[Escherichia_Coli | BIN | Cefepime] Bayes iter 45/200 done.
[Escherichia_Coli | BIN | Cefepime] Bayes iter 46/200 done.
[Escherichia_Coli | BIN | Cefepime] Bayes iter 47/200 done.
[Escherichia_Coli | BIN | Cefepime] Bayes iter 48/200 done.
[Escherichia_Coli | BIN | Cefepime] Bayes iter 49/200 done.
[Escherichia_Coli | BIN | Cefepime] Bayes iter 50/200 done.
[Escherichia_Coli | BIN | Cefepime] Bayes iter 51/200 done.
[Escherichia_Coli | BIN | Cefepime] Bayes iter 52/200 done.
[Escherichia_Coli | BIN | Cefepime] Bayes iter 53/200 done.
[Escherichia_Coli | BIN | Cefepime] Bayes iter 54/200 done.
[Escherichia_Coli | BIN | Cefepime] Bayes iter 55/200 done.
[Escherichia_Coli | BIN | Cefepime] Bayes iter 56/200 done.
[Escherichia_Coli | BIN | Cefepime] Bayes iter 57/200 done.
[Escherichia_Coli | BIN | Cefepime] Bayes iter 58/200 done.
[Escherichia_Coli | BIN | Cefepime] Bayes iter 59/200 done.
[Escherichia_Coli | BIN | Cefepime] Bayes iter 60/200 done.
[Escherichia_Coli | BIN | Cefepime] Bayes iter 61/200 done.
[Escherichia_Coli | BIN | Cefepime] Bayes iter 62/200 done.
[Escherichia_Coli | BIN | Cefepime] Bayes iter 63/200 done.
[Escherichia_Coli | BIN | Cefepime] Bayes iter 64/200 done.
[Escherichia_Coli | BIN | Cefepime] Bayes iter 65/200 done.
[Escherichia_Coli | BIN | Cefepime] Bayes iter 66/200 done.
[Escherichia_Coli | BIN | Cefepime] Bayes iter 67/200 done.
[Escherichia_Coli | BIN | Cefepime] Bayes iter 68/200 done.
[Escherichia_Coli | BIN | Cefepime] Bayes iter 69/200 done.
[Escherichia_Coli | BIN | Cefepime] Bayes iter 70/200 done.
[Escherichia_Coli | BIN | Cefepime] Bayes iter 71/200 done.
[Escherichia_Coli | BIN | Cefepime] Bayes iter 72/200 done.
[Escherichia_Coli | BIN | Cefepime] Bayes iter 73/200 done.
[Escherichia_Coli | BIN | Cefepime] Bayes iter 74/200 done.
[Escherichia_Coli | BIN | Cefepime] Bayes iter 75/200 done.
[Escherichia_Coli | BIN | Cefepime] Bayes iter 76/200 done.
[Escherichia_Coli | BIN | Cefepime] Bayes iter 77/200 done.
[Escherichia_Coli | BIN | Cefepime] Bayes iter 78/200 done.
[Escherichia_Coli | BIN | Cefepime] Bayes iter 79/200 done.
[Escherichia_Coli | BIN | Cefepime] Bayes iter 80/200 done.
[Escherichia_Coli | BIN | Cefepime] Bayes iter 81/200 done.
[Escherichia_Coli | BIN | Cefepime] Bayes iter 82/200 done.
[Escherichia_Coli | BIN | Cefepime] Bayes iter 83/200 done.
[Escherichia_Coli | BIN | Cefepime] Bayes iter 84/200 done.
[Escherichia_Coli | BIN | Cefepime] Bayes iter 85/200 done.
[Escherichia_Coli | BIN | Cefepime] Bayes iter 86/200 done.
[Escherichia_Coli | BIN | Cefepime] Bayes iter 87/200 done.
[Escherichia_Coli | BIN | Cefepime] Bayes iter 88/200 done.
[Escherichia_Coli | BIN | Cefepime] Bayes iter 89/200 done.
[Escherichia_Coli | BIN | Cefepime] Bayes iter 90/200 done.
[Escherichia_Coli | BIN | Cefepime] Bayes iter 91/200 done.
[Escherichia_Coli | BIN | Cefepime] Bayes iter 92/200 done.
[Escherichia_Coli | BIN | Cefepime] Bayes iter 93/200 done.
[Escherichia_Coli | BIN | Cefepime] Bayes iter 94/200 done.
[Escherichia_Coli | BIN | Cefepime] Bayes iter 95/200 done.
[Escherichia_Coli | BIN | Cefepime] Bayes iter 96/200 done.
[Escherichia_Coli | BIN | Cefepime] Bayes iter 97/200 done.
[Escherichia_Coli | BIN | Cefepime] Bayes iter 98/200 done.
[Escherichia_Coli | BIN | Cefepime] Bayes iter 99/200 done.
[Escherichia_Coli | BIN | Cefepime] Bayes iter 100/200 done.
[Escherichia_Coli | BIN | Cefepime] Bayes iter 101/200 done.
[Escherichia_Coli | BIN | Cefepime] Bayes iter 102/200 done.
[Escherichia_Coli | BIN | Cefepime] Bayes iter 103/200 done.
[Escherichia_Coli | BIN | Cefepime] Bayes iter 104/200 done.
[Escherichia_Coli | BIN | Cefepime] Bayes iter 105/200 done.
[Escherichia_Coli | BIN | Cefepime] Bayes iter 106/200 done.
[Escherichia_Coli | BIN | Cefepime] Bayes iter 107/200 done.
[Escherichia_Coli | BIN | Cefepime] Bayes iter 108/200 done.
[Escherichia_Coli | BIN | Cefepime] Bayes iter 109/200 done.
[Escherichia_Coli | BIN | Cefepime] Bayes iter 110/200 done.
[Escherichia_Coli | BIN | Cefepime] Bayes iter 111/200 done.
[Escherichia_Coli | BIN | Cefepime] Bayes iter 112/200 done.
[Escherichia_Coli | BIN | Cefepime] Bayes iter 113/200 done.
[Escherichia_Coli | BIN | Cefepime] Bayes iter 114/200 done.
[Escherichia_Coli | BIN | Cefepime] Bayes iter 115/200 done.
[Escherichia_Coli | BIN | Cefepime] Bayes iter 116/200 done.
[Escherichia_Coli | BIN | Cefepime] Bayes iter 117/200 done.
[Escherichia_Coli | BIN | Cefepime] Bayes iter 118/200 done.
[Escherichia_Coli | BIN | Cefepime] Bayes iter 119/200 done.
[Escherichia_Coli | BIN | Cefepime] Bayes iter 120/200 done.
[Escherichia_Coli | BIN | Cefepime] Bayes iter 121/200 done.
[Escherichia_Coli | BIN | Cefepime] Bayes iter 122/200 done.
[Escherichia_Coli | BIN | Cefepime] Bayes iter 123/200 done.
[Escherichia_Coli | BIN | Cefepime] Bayes iter 124/200 done.
[Escherichia_Coli | BIN | Cefepime] Bayes iter 125/200 done.
[Escherichia_Coli | BIN | Cefepime] Bayes iter 126/200 done.
[Escherichia_Coli | BIN | Cefepime] Bayes iter 127/200 done.
[Escherichia_Coli | BIN | Cefepime] Bayes iter 128/200 done.
[Escherichia_Coli | BIN | Cefepime] Bayes iter 129/200 done.
[Escherichia_Coli | BIN | Cefepime] Bayes iter 130/200 done.
[Escherichia_Coli | BIN | Cefepime] Bayes iter 131/200 done.
[Escherichia_Coli | BIN | Cefepime] Bayes iter 132/200 done.
[Escherichia_Coli | BIN | Cefepime] Bayes iter 133/200 done.
[Escherichia_Coli | BIN | Cefepime] Bayes iter 134/200 done.
[Escherichia_Coli | BIN | Cefepime] Bayes iter 135/200 done.
[Escherichia_Coli | BIN | Cefepime] Bayes iter 136/200 done.
[Escherichia_Coli | BIN | Cefepime] Bayes iter 137/200 done.
[Escherichia_Coli | BIN | Cefepime] Bayes iter 138/200 done.
[Escherichia_Coli | BIN | Cefepime] Bayes iter 139/200 done.
[Escherichia_Coli | BIN | Cefepime] Bayes iter 140/200 done.
[Escherichia_Coli | BIN | Cefepime] Bayes iter 141/200 done.
[Escherichia_Coli | BIN | Cefepime] Bayes iter 142/200 done.
[Escherichia_Coli | BIN | Cefepime] Bayes iter 143/200 done.
[Escherichia_Coli | BIN | Cefepime] Bayes iter 144/200 done.
[Escherichia_Coli | BIN | Cefepime] Bayes iter 145/200 done.
[Escherichia_Coli | BIN | Cefepime] Bayes iter 146/200 done.
[Escherichia_Coli | BIN | Cefepime] Bayes iter 147/200 done.
[Escherichia_Coli | BIN | Cefepime] Bayes iter 148/200 done.
[Escherichia_Coli | BIN | Cefepime] Bayes iter 149/200 done.
[Escherichia_Coli | BIN | Cefepime] Bayes iter 150/200 done.
[Escherichia_Coli | BIN | Cefepime] Bayes iter 151/200 done.
[Escherichia_Coli | BIN | Cefepime] Bayes iter 152/200 done.
[Escherichia_Coli | BIN | Cefepime] Bayes iter 153/200 done.
[Escherichia_Coli | BIN | Cefepime] Bayes iter 154/200 done.
[Escherichia_Coli | BIN | Cefepime] Bayes iter 155/200 done.
[Escherichia_Coli | BIN | Cefepime] Bayes iter 156/200 done.
[Escherichia_Coli | BIN | Cefepime] Bayes iter 157/200 done.
[Escherichia_Coli | BIN | Cefepime] Bayes iter 158/200 done.
[Escherichia_Coli | BIN | Cefepime] Bayes iter 159/200 done.
[Escherichia_Coli | BIN | Cefepime] Bayes iter 160/200 done.
[Escherichia_Coli | BIN | Cefepime] Bayes iter 161/200 done.
[Escherichia_Coli | BIN | Cefepime] Bayes iter 162/200 done.
[Escherichia_Coli | BIN | Cefepime] Bayes iter 163/200 done.
[Escherichia_Coli | BIN | Cefepime] Bayes iter 164/200 done.
[Escherichia_Coli | BIN | Cefepime] Bayes iter 165/200 done.
[Escherichia_Coli | BIN | Cefepime] Bayes iter 166/200 done.
[Escherichia_Coli | BIN | Cefepime] Bayes iter 167/200 done.
[Escherichia_Coli | BIN | Cefepime] Bayes iter 168/200 done.
[Escherichia_Coli | BIN | Cefepime] Bayes iter 169/200 done.
[Escherichia_Coli | BIN | Cefepime] Bayes iter 170/200 done.
[Escherichia_Coli | BIN | Cefepime] Bayes iter 171/200 done.
[Escherichia_Coli | BIN | Cefepime] Bayes iter 172/200 done.
[Escherichia_Coli | BIN | Cefepime] Bayes iter 173/200 done.
[Escherichia_Coli | BIN | Cefepime] Bayes iter 174/200 done.
[Escherichia_Coli | BIN | Cefepime] Bayes iter 175/200 done.
[Escherichia_Coli | BIN | Cefepime] Bayes iter 176/200 done.
[Escherichia_Coli | BIN | Cefepime] Bayes iter 177/200 done.
[Escherichia_Coli | BIN | Cefepime] Bayes iter 178/200 done.
[Escherichia_Coli | BIN | Cefepime] Bayes iter 179/200 done.
[Escherichia_Coli | BIN | Cefepime] Bayes iter 180/200 done.
[Escherichia_Coli | BIN | Cefepime] Bayes iter 181/200 done.
[Escherichia_Coli | BIN | Cefepime] Bayes iter 182/200 done.
[Escherichia_Coli | BIN | Cefepime] Bayes iter 183/200 done.
[Escherichia_Coli | BIN | Cefepime] Bayes iter 184/200 done.
[Escherichia_Coli | BIN | Cefepime] Bayes iter 185/200 done.
[Escherichia_Coli | BIN | Cefepime] Bayes iter 186/200 done.
[Escherichia_Coli | BIN | Cefepime] Bayes iter 187/200 done.
[Escherichia_Coli | BIN | Cefepime] Bayes iter 188/200 done.
[Escherichia_Coli | BIN | Cefepime] Bayes iter 189/200 done.
[Escherichia_Coli | BIN | Cefepime] Bayes iter 190/200 done.
[Escherichia_Coli | BIN | Cefepime] Bayes iter 191/200 done.
[Escherichia_Coli | BIN | Cefepime] Bayes iter 192/200 done.
[Escherichia_Coli | BIN | Cefepime] Bayes iter 193/200 done.
[Escherichia_Coli | BIN | Cefepime] Bayes iter 194/200 done.
[Escherichia_Coli | BIN | Cefepime] Bayes iter 195/200 done.
[Escherichia_Coli | BIN | Cefepime] Bayes iter 196/200 done.
[Escherichia_Coli | BIN | Cefepime] Bayes iter 197/200 done.
[Escherichia_Coli | BIN | Cefepime] Bayes iter 198/200 done.
[Escherichia_Coli | BIN | Cefepime] Bayes iter 199/200 done.
[Escherichia_Coli | BIN | Cefepime] Bayes iter 200/200 done.
[Escherichia_Coli | BIN | Cefepime] BayesSearchCV finished. best_score=0.7886652516161681
[Escherichia_Coli | BIN | Cefepime] Best params: OrderedDict({'bootstrap': False, 'max_depth': 10, 'min_samples_leaf': 3, 'n_estimators': 5, 'random_state': 0})

Binary Results:
Accuracy: 0.5600858369098712
Hamming : 0.1901824034334764
F1      : 0.767846768162034

Training LPS classifier...
[Escherichia_Coli | LPS] BayesSearchCV starting: n_iter=200, cv=5, n_jobs=10, n_points=1
[Escherichia_Coli | LPS] Bayes iter 1/200 done.
[Escherichia_Coli | LPS] Bayes iter 2/200 done.
[Escherichia_Coli | LPS] Bayes iter 3/200 done.
[Escherichia_Coli | LPS] Bayes iter 4/200 done.
[Escherichia_Coli | LPS] Bayes iter 5/200 done.
[Escherichia_Coli | LPS] Bayes iter 6/200 done.
[Escherichia_Coli | LPS] Bayes iter 7/200 done.
[Escherichia_Coli | LPS] Bayes iter 8/200 done.
[Escherichia_Coli | LPS] Bayes iter 9/200 done.
[Escherichia_Coli | LPS] Bayes iter 10/200 done.
[Escherichia_Coli | LPS] Bayes iter 11/200 done.
[Escherichia_Coli | LPS] Bayes iter 12/200 done.
[Escherichia_Coli | LPS] Bayes iter 13/200 done.
[Escherichia_Coli | LPS] Bayes iter 14/200 done.
[Escherichia_Coli | LPS] Bayes iter 15/200 done.
[Escherichia_Coli | LPS] Bayes iter 16/200 done.
[Escherichia_Coli | LPS] Bayes iter 17/200 done.
[Escherichia_Coli | LPS] Bayes iter 18/200 done.
[Escherichia_Coli | LPS] Bayes iter 19/200 done.
[Escherichia_Coli | LPS] Bayes iter 20/200 done.
[Escherichia_Coli | LPS] Bayes iter 21/200 done.
[Escherichia_Coli | LPS] Bayes iter 22/200 done.
[Escherichia_Coli | LPS] Bayes iter 23/200 done.
[Escherichia_Coli | LPS] Bayes iter 24/200 done.
[Escherichia_Coli | LPS] Bayes iter 25/200 done.
[Escherichia_Coli | LPS] Bayes iter 26/200 done.
[Escherichia_Coli | LPS] Bayes iter 27/200 done.
[Escherichia_Coli | LPS] Bayes iter 28/200 done.
[Escherichia_Coli | LPS] Bayes iter 29/200 done.
[Escherichia_Coli | LPS] Bayes iter 30/200 done.
[Escherichia_Coli | LPS] Bayes iter 31/200 done.
[Escherichia_Coli | LPS] Bayes iter 32/200 done.
[Escherichia_Coli | LPS] Bayes iter 33/200 done.
[Escherichia_Coli | LPS] Bayes iter 34/200 done.
[Escherichia_Coli | LPS] Bayes iter 35/200 done.
[Escherichia_Coli | LPS] Bayes iter 36/200 done.
[Escherichia_Coli | LPS] Bayes iter 37/200 done.
[Escherichia_Coli | LPS] Bayes iter 38/200 done.
[Escherichia_Coli | LPS] Bayes iter 39/200 done.
[Escherichia_Coli | LPS] Bayes iter 40/200 done.
[Escherichia_Coli | LPS] Bayes iter 41/200 done.
[Escherichia_Coli | LPS] Bayes iter 42/200 done.
[Escherichia_Coli | LPS] Bayes iter 43/200 done.
[Escherichia_Coli | LPS] Bayes iter 44/200 done.
[Escherichia_Coli | LPS] Bayes iter 45/200 done.
[Escherichia_Coli | LPS] Bayes iter 46/200 done.
[Escherichia_Coli | LPS] Bayes iter 47/200 done.
[Escherichia_Coli | LPS] Bayes iter 48/200 done.
[Escherichia_Coli | LPS] Bayes iter 49/200 done.
[Escherichia_Coli | LPS] Bayes iter 50/200 done.
[Escherichia_Coli | LPS] Bayes iter 51/200 done.
[Escherichia_Coli | LPS] Bayes iter 52/200 done.
[Escherichia_Coli | LPS] Bayes iter 53/200 done.
[Escherichia_Coli | LPS] Bayes iter 54/200 done.
[Escherichia_Coli | LPS] Bayes iter 55/200 done.
[Escherichia_Coli | LPS] Bayes iter 56/200 done.
[Escherichia_Coli | LPS] Bayes iter 57/200 done.
[Escherichia_Coli | LPS] Bayes iter 58/200 done.
[Escherichia_Coli | LPS] Bayes iter 59/200 done.
[Escherichia_Coli | LPS] Bayes iter 60/200 done.
[Escherichia_Coli | LPS] Bayes iter 61/200 done.
[Escherichia_Coli | LPS] Bayes iter 62/200 done.
[Escherichia_Coli | LPS] Bayes iter 63/200 done.
[Escherichia_Coli | LPS] Bayes iter 64/200 done.
[Escherichia_Coli | LPS] Bayes iter 65/200 done.
[Escherichia_Coli | LPS] Bayes iter 66/200 done.
[Escherichia_Coli | LPS] Bayes iter 67/200 done.
[Escherichia_Coli | LPS] Bayes iter 68/200 done.
[Escherichia_Coli | LPS] Bayes iter 69/200 done.
[Escherichia_Coli | LPS] Bayes iter 70/200 done.
[Escherichia_Coli | LPS] Bayes iter 71/200 done.
[Escherichia_Coli | LPS] Bayes iter 72/200 done.
[Escherichia_Coli | LPS] Bayes iter 73/200 done.
[Escherichia_Coli | LPS] Bayes iter 74/200 done.
[Escherichia_Coli | LPS] Bayes iter 75/200 done.
[Escherichia_Coli | LPS] Bayes iter 76/200 done.
[Escherichia_Coli | LPS] Bayes iter 77/200 done.
[Escherichia_Coli | LPS] Bayes iter 78/200 done.
[Escherichia_Coli | LPS] Bayes iter 79/200 done.
[Escherichia_Coli | LPS] Bayes iter 80/200 done.
[Escherichia_Coli | LPS] Bayes iter 81/200 done.
[Escherichia_Coli | LPS] Bayes iter 82/200 done.
[Escherichia_Coli | LPS] Bayes iter 83/200 done.
[Escherichia_Coli | LPS] Bayes iter 84/200 done.
[Escherichia_Coli | LPS] Bayes iter 85/200 done.
[Escherichia_Coli | LPS] Bayes iter 86/200 done.
[Escherichia_Coli | LPS] Bayes iter 87/200 done.
[Escherichia_Coli | LPS] Bayes iter 88/200 done.
[Escherichia_Coli | LPS] Bayes iter 89/200 done.
[Escherichia_Coli | LPS] Bayes iter 90/200 done.
[Escherichia_Coli | LPS] Bayes iter 91/200 done.
[Escherichia_Coli | LPS] Bayes iter 92/200 done.
[Escherichia_Coli | LPS] Bayes iter 93/200 done.
[Escherichia_Coli | LPS] Bayes iter 94/200 done.
[Escherichia_Coli | LPS] Bayes iter 95/200 done.
[Escherichia_Coli | LPS] Bayes iter 96/200 done.
[Escherichia_Coli | LPS] Bayes iter 97/200 done.
[Escherichia_Coli | LPS] Bayes iter 98/200 done.
[Escherichia_Coli | LPS] Bayes iter 99/200 done.
[Escherichia_Coli | LPS] Bayes iter 100/200 done.
[Escherichia_Coli | LPS] Bayes iter 101/200 done.
[Escherichia_Coli | LPS] Bayes iter 102/200 done.
[Escherichia_Coli | LPS] Bayes iter 103/200 done.
[Escherichia_Coli | LPS] Bayes iter 104/200 done.
[Escherichia_Coli | LPS] Bayes iter 105/200 done.
[Escherichia_Coli | LPS] Bayes iter 106/200 done.
[Escherichia_Coli | LPS] Bayes iter 107/200 done.
[Escherichia_Coli | LPS] Bayes iter 108/200 done.
[Escherichia_Coli | LPS] Bayes iter 109/200 done.
[Escherichia_Coli | LPS] Bayes iter 110/200 done.
[Escherichia_Coli | LPS] Bayes iter 111/200 done.
[Escherichia_Coli | LPS] Bayes iter 112/200 done.
[Escherichia_Coli | LPS] Bayes iter 113/200 done.
[Escherichia_Coli | LPS] Bayes iter 114/200 done.
[Escherichia_Coli | LPS] Bayes iter 115/200 done.
[Escherichia_Coli | LPS] Bayes iter 116/200 done.
[Escherichia_Coli | LPS] Bayes iter 117/200 done.
[Escherichia_Coli | LPS] Bayes iter 118/200 done.
[Escherichia_Coli | LPS] Bayes iter 119/200 done.
[Escherichia_Coli | LPS] Bayes iter 120/200 done.
[Escherichia_Coli | LPS] Bayes iter 121/200 done.
[Escherichia_Coli | LPS] Bayes iter 122/200 done.
[Escherichia_Coli | LPS] Bayes iter 123/200 done.
[Escherichia_Coli | LPS] Bayes iter 124/200 done.
[Escherichia_Coli | LPS] Bayes iter 125/200 done.
[Escherichia_Coli | LPS] Bayes iter 126/200 done.
[Escherichia_Coli | LPS] Bayes iter 127/200 done.
[Escherichia_Coli | LPS] Bayes iter 128/200 done.
[Escherichia_Coli | LPS] Bayes iter 129/200 done.
[Escherichia_Coli | LPS] Bayes iter 130/200 done.
[Escherichia_Coli | LPS] Bayes iter 131/200 done.
[Escherichia_Coli | LPS] Bayes iter 132/200 done.
[Escherichia_Coli | LPS] Bayes iter 133/200 done.
[Escherichia_Coli | LPS] Bayes iter 134/200 done.
[Escherichia_Coli | LPS] Bayes iter 135/200 done.
[Escherichia_Coli | LPS] Bayes iter 136/200 done.
[Escherichia_Coli | LPS] Bayes iter 137/200 done.
[Escherichia_Coli | LPS] Bayes iter 138/200 done.
[Escherichia_Coli | LPS] Bayes iter 139/200 done.
[Escherichia_Coli | LPS] Bayes iter 140/200 done.
[Escherichia_Coli | LPS] Bayes iter 141/200 done.
[Escherichia_Coli | LPS] Bayes iter 142/200 done.
[Escherichia_Coli | LPS] Bayes iter 143/200 done.
[Escherichia_Coli | LPS] Bayes iter 144/200 done.
[Escherichia_Coli | LPS] Bayes iter 145/200 done.
[Escherichia_Coli | LPS] Bayes iter 146/200 done.
[Escherichia_Coli | LPS] Bayes iter 147/200 done.
[Escherichia_Coli | LPS] Bayes iter 148/200 done.
[Escherichia_Coli | LPS] Bayes iter 149/200 done.
[Escherichia_Coli | LPS] Bayes iter 150/200 done.
[Escherichia_Coli | LPS] Bayes iter 151/200 done.
[Escherichia_Coli | LPS] Bayes iter 152/200 done.
[Escherichia_Coli | LPS] Bayes iter 153/200 done.
[Escherichia_Coli | LPS] Bayes iter 154/200 done.
[Escherichia_Coli | LPS] Bayes iter 155/200 done.
[Escherichia_Coli | LPS] Bayes iter 156/200 done.
[Escherichia_Coli | LPS] Bayes iter 157/200 done.
[Escherichia_Coli | LPS] Bayes iter 158/200 done.
[Escherichia_Coli | LPS] Bayes iter 159/200 done.
[Escherichia_Coli | LPS] Bayes iter 160/200 done.
[Escherichia_Coli | LPS] Bayes iter 161/200 done.
[Escherichia_Coli | LPS] Bayes iter 162/200 done.
[Escherichia_Coli | LPS] Bayes iter 163/200 done.
[Escherichia_Coli | LPS] Bayes iter 164/200 done.
[Escherichia_Coli | LPS] Bayes iter 165/200 done.
[Escherichia_Coli | LPS] Bayes iter 166/200 done.
[Escherichia_Coli | LPS] Bayes iter 167/200 done.
[Escherichia_Coli | LPS] Bayes iter 168/200 done.
[Escherichia_Coli | LPS] Bayes iter 169/200 done.
[Escherichia_Coli | LPS] Bayes iter 170/200 done.
[Escherichia_Coli | LPS] Bayes iter 171/200 done.
[Escherichia_Coli | LPS] Bayes iter 172/200 done.
[Escherichia_Coli | LPS] Bayes iter 173/200 done.
[Escherichia_Coli | LPS] Bayes iter 174/200 done.
[Escherichia_Coli | LPS] Bayes iter 175/200 done.
[Escherichia_Coli | LPS] Bayes iter 176/200 done.
[Escherichia_Coli | LPS] Bayes iter 177/200 done.
[Escherichia_Coli | LPS] Bayes iter 178/200 done.
[Escherichia_Coli | LPS] Bayes iter 179/200 done.
[Escherichia_Coli | LPS] Bayes iter 180/200 done.
[Escherichia_Coli | LPS] Bayes iter 181/200 done.
[Escherichia_Coli | LPS] Bayes iter 182/200 done.
[Escherichia_Coli | LPS] Bayes iter 183/200 done.
[Escherichia_Coli | LPS] Bayes iter 184/200 done.
[Escherichia_Coli | LPS] Bayes iter 185/200 done.
[Escherichia_Coli | LPS] Bayes iter 186/200 done.
[Escherichia_Coli | LPS] Bayes iter 187/200 done.
[Escherichia_Coli | LPS] Bayes iter 188/200 done.
[Escherichia_Coli | LPS] Bayes iter 189/200 done.
[Escherichia_Coli | LPS] Bayes iter 190/200 done.
[Escherichia_Coli | LPS] Bayes iter 191/200 done.
[Escherichia_Coli | LPS] Bayes iter 192/200 done.
[Escherichia_Coli | LPS] Bayes iter 193/200 done.
[Escherichia_Coli | LPS] Bayes iter 194/200 done.
[Escherichia_Coli | LPS] Bayes iter 195/200 done.
[Escherichia_Coli | LPS] Bayes iter 196/200 done.
[Escherichia_Coli | LPS] Bayes iter 197/200 done.
[Escherichia_Coli | LPS] Bayes iter 198/200 done.
[Escherichia_Coli | LPS] Bayes iter 199/200 done.
[Escherichia_Coli | LPS] Bayes iter 200/200 done.
[Escherichia_Coli | LPS] BayesSearchCV finished. best_score=0.762456073377842
[Escherichia_Coli | LPS] Best params: OrderedDict({'bootstrap': False, 'max_depth': 10, 'min_samples_leaf': 5, 'n_estimators': 2, 'random_state': 0})

LPS Results:
Accuracy: 0.6040772532188842
Hamming : 0.1968884120171674
F1      : 0.7545431643625187

===================================
Processing species: Klebsiella_Pneumoniae
===================================
Drop NaN: 2869 -> 2813
Final samples: 2795
Unique patterns: 5
Antibiotics (4): ['Ciprofloxacin', 'Ceftriaxone', 'Imipenem', 'Meropenem']
Train size: 2236
Test size : 559

Training independent binary classifiers...

Antibiotic 1/4: Ciprofloxacin
[Klebsiella_Pneumoniae | BIN | Ciprofloxacin] BayesSearchCV starting: n_iter=200, cv=5, n_jobs=10, n_points=1
[Klebsiella_Pneumoniae | BIN | Ciprofloxacin] Bayes iter 1/200 done.
[Klebsiella_Pneumoniae | BIN | Ciprofloxacin] Bayes iter 2/200 done.
[Klebsiella_Pneumoniae | BIN | Ciprofloxacin] Bayes iter 3/200 done.
[Klebsiella_Pneumoniae | BIN | Ciprofloxacin] Bayes iter 4/200 done.
[Klebsiella_Pneumoniae | BIN | Ciprofloxacin] Bayes iter 5/200 done.
[Klebsiella_Pneumoniae | BIN | Ciprofloxacin] Bayes iter 6/200 done.
[Klebsiella_Pneumoniae | BIN | Ciprofloxacin] Bayes iter 7/200 done.
[Klebsiella_Pneumoniae | BIN | Ciprofloxacin] Bayes iter 8/200 done.
[Klebsiella_Pneumoniae | BIN | Ciprofloxacin] Bayes iter 9/200 done.
[Klebsiella_Pneumoniae | BIN | Ciprofloxacin] Bayes iter 10/200 done.
[Klebsiella_Pneumoniae | BIN | Ciprofloxacin] Bayes iter 11/200 done.
[Klebsiella_Pneumoniae | BIN | Ciprofloxacin] Bayes iter 12/200 done.
[Klebsiella_Pneumoniae | BIN | Ciprofloxacin] Bayes iter 13/200 done.
[Klebsiella_Pneumoniae | BIN | Ciprofloxacin] Bayes iter 14/200 done.
[Klebsiella_Pneumoniae | BIN | Ciprofloxacin] Bayes iter 15/200 done.
[Klebsiella_Pneumoniae | BIN | Ciprofloxacin] Bayes iter 16/200 done.
[Klebsiella_Pneumoniae | BIN | Ciprofloxacin] Bayes iter 17/200 done.
[Klebsiella_Pneumoniae | BIN | Ciprofloxacin] Bayes iter 18/200 done.
[Klebsiella_Pneumoniae | BIN | Ciprofloxacin] Bayes iter 19/200 done.
[Klebsiella_Pneumoniae | BIN | Ciprofloxacin] Bayes iter 20/200 done.
[Klebsiella_Pneumoniae | BIN | Ciprofloxacin] Bayes iter 21/200 done.
[Klebsiella_Pneumoniae | BIN | Ciprofloxacin] Bayes iter 22/200 done.
[Klebsiella_Pneumoniae | BIN | Ciprofloxacin] Bayes iter 23/200 done.
[Klebsiella_Pneumoniae | BIN | Ciprofloxacin] Bayes iter 24/200 done.
[Klebsiella_Pneumoniae | BIN | Ciprofloxacin] Bayes iter 25/200 done.
[Klebsiella_Pneumoniae | BIN | Ciprofloxacin] Bayes iter 26/200 done.
[Klebsiella_Pneumoniae | BIN | Ciprofloxacin] Bayes iter 27/200 done.
[Klebsiella_Pneumoniae | BIN | Ciprofloxacin] Bayes iter 28/200 done.
[Klebsiella_Pneumoniae | BIN | Ciprofloxacin] Bayes iter 29/200 done.
[Klebsiella_Pneumoniae | BIN | Ciprofloxacin] Bayes iter 30/200 done.
[Klebsiella_Pneumoniae | BIN | Ciprofloxacin] Bayes iter 31/200 done.
[Klebsiella_Pneumoniae | BIN | Ciprofloxacin] Bayes iter 32/200 done.
[Klebsiella_Pneumoniae | BIN | Ciprofloxacin] Bayes iter 33/200 done.
[Klebsiella_Pneumoniae | BIN | Ciprofloxacin] Bayes iter 34/200 done.
[Klebsiella_Pneumoniae | BIN | Ciprofloxacin] Bayes iter 35/200 done.
[Klebsiella_Pneumoniae | BIN | Ciprofloxacin] Bayes iter 36/200 done.
[Klebsiella_Pneumoniae | BIN | Ciprofloxacin] Bayes iter 37/200 done.
[Klebsiella_Pneumoniae | BIN | Ciprofloxacin] Bayes iter 38/200 done.
[Klebsiella_Pneumoniae | BIN | Ciprofloxacin] Bayes iter 39/200 done.
[Klebsiella_Pneumoniae | BIN | Ciprofloxacin] Bayes iter 40/200 done.
[Klebsiella_Pneumoniae | BIN | Ciprofloxacin] Bayes iter 41/200 done.
[Klebsiella_Pneumoniae | BIN | Ciprofloxacin] Bayes iter 42/200 done.
[Klebsiella_Pneumoniae | BIN | Ciprofloxacin] Bayes iter 43/200 done.
[Klebsiella_Pneumoniae | BIN | Ciprofloxacin] Bayes iter 44/200 done.
[Klebsiella_Pneumoniae | BIN | Ciprofloxacin] Bayes iter 45/200 done.
[Klebsiella_Pneumoniae | BIN | Ciprofloxacin] Bayes iter 46/200 done.
[Klebsiella_Pneumoniae | BIN | Ciprofloxacin] Bayes iter 47/200 done.
[Klebsiella_Pneumoniae | BIN | Ciprofloxacin] Bayes iter 48/200 done.
[Klebsiella_Pneumoniae | BIN | Ciprofloxacin] Bayes iter 49/200 done.
[Klebsiella_Pneumoniae | BIN | Ciprofloxacin] Bayes iter 50/200 done.
[Klebsiella_Pneumoniae | BIN | Ciprofloxacin] Bayes iter 51/200 done.
[Klebsiella_Pneumoniae | BIN | Ciprofloxacin] Bayes iter 52/200 done.
[Klebsiella_Pneumoniae | BIN | Ciprofloxacin] Bayes iter 53/200 done.
[Klebsiella_Pneumoniae | BIN | Ciprofloxacin] Bayes iter 54/200 done.
[Klebsiella_Pneumoniae | BIN | Ciprofloxacin] Bayes iter 55/200 done.
[Klebsiella_Pneumoniae | BIN | Ciprofloxacin] Bayes iter 56/200 done.
[Klebsiella_Pneumoniae | BIN | Ciprofloxacin] Bayes iter 57/200 done.
[Klebsiella_Pneumoniae | BIN | Ciprofloxacin] Bayes iter 58/200 done.
[Klebsiella_Pneumoniae | BIN | Ciprofloxacin] Bayes iter 59/200 done.
[Klebsiella_Pneumoniae | BIN | Ciprofloxacin] Bayes iter 60/200 done.
[Klebsiella_Pneumoniae | BIN | Ciprofloxacin] Bayes iter 61/200 done.
[Klebsiella_Pneumoniae | BIN | Ciprofloxacin] Bayes iter 62/200 done.
[Klebsiella_Pneumoniae | BIN | Ciprofloxacin] Bayes iter 63/200 done.
[Klebsiella_Pneumoniae | BIN | Ciprofloxacin] Bayes iter 64/200 done.
[Klebsiella_Pneumoniae | BIN | Ciprofloxacin] Bayes iter 65/200 done.
[Klebsiella_Pneumoniae | BIN | Ciprofloxacin] Bayes iter 66/200 done.
[Klebsiella_Pneumoniae | BIN | Ciprofloxacin] Bayes iter 67/200 done.
[Klebsiella_Pneumoniae | BIN | Ciprofloxacin] Bayes iter 68/200 done.
[Klebsiella_Pneumoniae | BIN | Ciprofloxacin] Bayes iter 69/200 done.
[Klebsiella_Pneumoniae | BIN | Ciprofloxacin] Bayes iter 70/200 done.
[Klebsiella_Pneumoniae | BIN | Ciprofloxacin] Bayes iter 71/200 done.
[Klebsiella_Pneumoniae | BIN | Ciprofloxacin] Bayes iter 72/200 done.
[Klebsiella_Pneumoniae | BIN | Ciprofloxacin] Bayes iter 73/200 done.
[Klebsiella_Pneumoniae | BIN | Ciprofloxacin] Bayes iter 74/200 done.
[Klebsiella_Pneumoniae | BIN | Ciprofloxacin] Bayes iter 75/200 done.
[Klebsiella_Pneumoniae | BIN | Ciprofloxacin] Bayes iter 76/200 done.
[Klebsiella_Pneumoniae | BIN | Ciprofloxacin] Bayes iter 77/200 done.
[Klebsiella_Pneumoniae | BIN | Ciprofloxacin] Bayes iter 78/200 done.
[Klebsiella_Pneumoniae | BIN | Ciprofloxacin] Bayes iter 79/200 done.
[Klebsiella_Pneumoniae | BIN | Ciprofloxacin] Bayes iter 80/200 done.
[Klebsiella_Pneumoniae | BIN | Ciprofloxacin] Bayes iter 81/200 done.
[Klebsiella_Pneumoniae | BIN | Ciprofloxacin] Bayes iter 82/200 done.
[Klebsiella_Pneumoniae | BIN | Ciprofloxacin] Bayes iter 83/200 done.
[Klebsiella_Pneumoniae | BIN | Ciprofloxacin] Bayes iter 84/200 done.
[Klebsiella_Pneumoniae | BIN | Ciprofloxacin] Bayes iter 85/200 done.
[Klebsiella_Pneumoniae | BIN | Ciprofloxacin] Bayes iter 86/200 done.
[Klebsiella_Pneumoniae | BIN | Ciprofloxacin] Bayes iter 87/200 done.
[Klebsiella_Pneumoniae | BIN | Ciprofloxacin] Bayes iter 88/200 done.
[Klebsiella_Pneumoniae | BIN | Ciprofloxacin] Bayes iter 89/200 done.
[Klebsiella_Pneumoniae | BIN | Ciprofloxacin] Bayes iter 90/200 done.
[Klebsiella_Pneumoniae | BIN | Ciprofloxacin] Bayes iter 91/200 done.
[Klebsiella_Pneumoniae | BIN | Ciprofloxacin] Bayes iter 92/200 done.
[Klebsiella_Pneumoniae | BIN | Ciprofloxacin] Bayes iter 93/200 done.
[Klebsiella_Pneumoniae | BIN | Ciprofloxacin] Bayes iter 94/200 done.
[Klebsiella_Pneumoniae | BIN | Ciprofloxacin] Bayes iter 95/200 done.
[Klebsiella_Pneumoniae | BIN | Ciprofloxacin] Bayes iter 96/200 done.
[Klebsiella_Pneumoniae | BIN | Ciprofloxacin] Bayes iter 97/200 done.
[Klebsiella_Pneumoniae | BIN | Ciprofloxacin] Bayes iter 98/200 done.
[Klebsiella_Pneumoniae | BIN | Ciprofloxacin] Bayes iter 99/200 done.
[Klebsiella_Pneumoniae | BIN | Ciprofloxacin] Bayes iter 100/200 done.
[Klebsiella_Pneumoniae | BIN | Ciprofloxacin] Bayes iter 101/200 done.
[Klebsiella_Pneumoniae | BIN | Ciprofloxacin] Bayes iter 102/200 done.
[Klebsiella_Pneumoniae | BIN | Ciprofloxacin] Bayes iter 103/200 done.
[Klebsiella_Pneumoniae | BIN | Ciprofloxacin] Bayes iter 104/200 done.
[Klebsiella_Pneumoniae | BIN | Ciprofloxacin] Bayes iter 105/200 done.
[Klebsiella_Pneumoniae | BIN | Ciprofloxacin] Bayes iter 106/200 done.
[Klebsiella_Pneumoniae | BIN | Ciprofloxacin] Bayes iter 107/200 done.
[Klebsiella_Pneumoniae | BIN | Ciprofloxacin] Bayes iter 108/200 done.
[Klebsiella_Pneumoniae | BIN | Ciprofloxacin] Bayes iter 109/200 done.
[Klebsiella_Pneumoniae | BIN | Ciprofloxacin] Bayes iter 110/200 done.
[Klebsiella_Pneumoniae | BIN | Ciprofloxacin] Bayes iter 111/200 done.
[Klebsiella_Pneumoniae | BIN | Ciprofloxacin] Bayes iter 112/200 done.
[Klebsiella_Pneumoniae | BIN | Ciprofloxacin] Bayes iter 113/200 done.
[Klebsiella_Pneumoniae | BIN | Ciprofloxacin] Bayes iter 114/200 done.
[Klebsiella_Pneumoniae | BIN | Ciprofloxacin] Bayes iter 115/200 done.
[Klebsiella_Pneumoniae | BIN | Ciprofloxacin] Bayes iter 116/200 done.
[Klebsiella_Pneumoniae | BIN | Ciprofloxacin] Bayes iter 117/200 done.
[Klebsiella_Pneumoniae | BIN | Ciprofloxacin] Bayes iter 118/200 done.
[Klebsiella_Pneumoniae | BIN | Ciprofloxacin] Bayes iter 119/200 done.
[Klebsiella_Pneumoniae | BIN | Ciprofloxacin] Bayes iter 120/200 done.
[Klebsiella_Pneumoniae | BIN | Ciprofloxacin] Bayes iter 121/200 done.
[Klebsiella_Pneumoniae | BIN | Ciprofloxacin] Bayes iter 122/200 done.
[Klebsiella_Pneumoniae | BIN | Ciprofloxacin] Bayes iter 123/200 done.
[Klebsiella_Pneumoniae | BIN | Ciprofloxacin] Bayes iter 124/200 done.
[Klebsiella_Pneumoniae | BIN | Ciprofloxacin] Bayes iter 125/200 done.
[Klebsiella_Pneumoniae | BIN | Ciprofloxacin] Bayes iter 126/200 done.
[Klebsiella_Pneumoniae | BIN | Ciprofloxacin] Bayes iter 127/200 done.
[Klebsiella_Pneumoniae | BIN | Ciprofloxacin] Bayes iter 128/200 done.
[Klebsiella_Pneumoniae | BIN | Ciprofloxacin] Bayes iter 129/200 done.
[Klebsiella_Pneumoniae | BIN | Ciprofloxacin] Bayes iter 130/200 done.
[Klebsiella_Pneumoniae | BIN | Ciprofloxacin] Bayes iter 131/200 done.
[Klebsiella_Pneumoniae | BIN | Ciprofloxacin] Bayes iter 132/200 done.
[Klebsiella_Pneumoniae | BIN | Ciprofloxacin] Bayes iter 133/200 done.
[Klebsiella_Pneumoniae | BIN | Ciprofloxacin] Bayes iter 134/200 done.
[Klebsiella_Pneumoniae | BIN | Ciprofloxacin] Bayes iter 135/200 done.
[Klebsiella_Pneumoniae | BIN | Ciprofloxacin] Bayes iter 136/200 done.
[Klebsiella_Pneumoniae | BIN | Ciprofloxacin] Bayes iter 137/200 done.
[Klebsiella_Pneumoniae | BIN | Ciprofloxacin] Bayes iter 138/200 done.
[Klebsiella_Pneumoniae | BIN | Ciprofloxacin] Bayes iter 139/200 done.
[Klebsiella_Pneumoniae | BIN | Ciprofloxacin] Bayes iter 140/200 done.
[Klebsiella_Pneumoniae | BIN | Ciprofloxacin] Bayes iter 141/200 done.
[Klebsiella_Pneumoniae | BIN | Ciprofloxacin] Bayes iter 142/200 done.
[Klebsiella_Pneumoniae | BIN | Ciprofloxacin] Bayes iter 143/200 done.
[Klebsiella_Pneumoniae | BIN | Ciprofloxacin] Bayes iter 144/200 done.
[Klebsiella_Pneumoniae | BIN | Ciprofloxacin] Bayes iter 145/200 done.
[Klebsiella_Pneumoniae | BIN | Ciprofloxacin] Bayes iter 146/200 done.
[Klebsiella_Pneumoniae | BIN | Ciprofloxacin] Bayes iter 147/200 done.
[Klebsiella_Pneumoniae | BIN | Ciprofloxacin] Bayes iter 148/200 done.
[Klebsiella_Pneumoniae | BIN | Ciprofloxacin] Bayes iter 149/200 done.
[Klebsiella_Pneumoniae | BIN | Ciprofloxacin] Bayes iter 150/200 done.
[Klebsiella_Pneumoniae | BIN | Ciprofloxacin] Bayes iter 151/200 done.
[Klebsiella_Pneumoniae | BIN | Ciprofloxacin] Bayes iter 152/200 done.
[Klebsiella_Pneumoniae | BIN | Ciprofloxacin] Bayes iter 153/200 done.
[Klebsiella_Pneumoniae | BIN | Ciprofloxacin] Bayes iter 154/200 done.
[Klebsiella_Pneumoniae | BIN | Ciprofloxacin] Bayes iter 155/200 done.
[Klebsiella_Pneumoniae | BIN | Ciprofloxacin] Bayes iter 156/200 done.
[Klebsiella_Pneumoniae | BIN | Ciprofloxacin] Bayes iter 157/200 done.
[Klebsiella_Pneumoniae | BIN | Ciprofloxacin] Bayes iter 158/200 done.
[Klebsiella_Pneumoniae | BIN | Ciprofloxacin] Bayes iter 159/200 done.
[Klebsiella_Pneumoniae | BIN | Ciprofloxacin] Bayes iter 160/200 done.
[Klebsiella_Pneumoniae | BIN | Ciprofloxacin] Bayes iter 161/200 done.
[Klebsiella_Pneumoniae | BIN | Ciprofloxacin] Bayes iter 162/200 done.
[Klebsiella_Pneumoniae | BIN | Ciprofloxacin] Bayes iter 163/200 done.
[Klebsiella_Pneumoniae | BIN | Ciprofloxacin] Bayes iter 164/200 done.
[Klebsiella_Pneumoniae | BIN | Ciprofloxacin] Bayes iter 165/200 done.
[Klebsiella_Pneumoniae | BIN | Ciprofloxacin] Bayes iter 166/200 done.
[Klebsiella_Pneumoniae | BIN | Ciprofloxacin] Bayes iter 167/200 done.
[Klebsiella_Pneumoniae | BIN | Ciprofloxacin] Bayes iter 168/200 done.
[Klebsiella_Pneumoniae | BIN | Ciprofloxacin] Bayes iter 169/200 done.
[Klebsiella_Pneumoniae | BIN | Ciprofloxacin] Bayes iter 170/200 done.
[Klebsiella_Pneumoniae | BIN | Ciprofloxacin] Bayes iter 171/200 done.
[Klebsiella_Pneumoniae | BIN | Ciprofloxacin] Bayes iter 172/200 done.
[Klebsiella_Pneumoniae | BIN | Ciprofloxacin] Bayes iter 173/200 done.
[Klebsiella_Pneumoniae | BIN | Ciprofloxacin] Bayes iter 174/200 done.
[Klebsiella_Pneumoniae | BIN | Ciprofloxacin] Bayes iter 175/200 done.
[Klebsiella_Pneumoniae | BIN | Ciprofloxacin] Bayes iter 176/200 done.
[Klebsiella_Pneumoniae | BIN | Ciprofloxacin] Bayes iter 177/200 done.
[Klebsiella_Pneumoniae | BIN | Ciprofloxacin] Bayes iter 178/200 done.
[Klebsiella_Pneumoniae | BIN | Ciprofloxacin] Bayes iter 179/200 done.
[Klebsiella_Pneumoniae | BIN | Ciprofloxacin] Bayes iter 180/200 done.
[Klebsiella_Pneumoniae | BIN | Ciprofloxacin] Bayes iter 181/200 done.
[Klebsiella_Pneumoniae | BIN | Ciprofloxacin] Bayes iter 182/200 done.
[Klebsiella_Pneumoniae | BIN | Ciprofloxacin] Bayes iter 183/200 done.
[Klebsiella_Pneumoniae | BIN | Ciprofloxacin] Bayes iter 184/200 done.
[Klebsiella_Pneumoniae | BIN | Ciprofloxacin] Bayes iter 185/200 done.
[Klebsiella_Pneumoniae | BIN | Ciprofloxacin] Bayes iter 186/200 done.
[Klebsiella_Pneumoniae | BIN | Ciprofloxacin] Bayes iter 187/200 done.
[Klebsiella_Pneumoniae | BIN | Ciprofloxacin] Bayes iter 188/200 done.
[Klebsiella_Pneumoniae | BIN | Ciprofloxacin] Bayes iter 189/200 done.
[Klebsiella_Pneumoniae | BIN | Ciprofloxacin] Bayes iter 190/200 done.
[Klebsiella_Pneumoniae | BIN | Ciprofloxacin] Bayes iter 191/200 done.
[Klebsiella_Pneumoniae | BIN | Ciprofloxacin] Bayes iter 192/200 done.
[Klebsiella_Pneumoniae | BIN | Ciprofloxacin] Bayes iter 193/200 done.
[Klebsiella_Pneumoniae | BIN | Ciprofloxacin] Bayes iter 194/200 done.
[Klebsiella_Pneumoniae | BIN | Ciprofloxacin] Bayes iter 195/200 done.
[Klebsiella_Pneumoniae | BIN | Ciprofloxacin] Bayes iter 196/200 done.
[Klebsiella_Pneumoniae | BIN | Ciprofloxacin] Bayes iter 197/200 done.
[Klebsiella_Pneumoniae | BIN | Ciprofloxacin] Bayes iter 198/200 done.
[Klebsiella_Pneumoniae | BIN | Ciprofloxacin] Bayes iter 199/200 done.
[Klebsiella_Pneumoniae | BIN | Ciprofloxacin] Bayes iter 200/200 done.
[Klebsiella_Pneumoniae | BIN | Ciprofloxacin] BayesSearchCV finished. best_score=0.7610208833391843
[Klebsiella_Pneumoniae | BIN | Ciprofloxacin] Best params: OrderedDict({'bootstrap': False, 'max_depth': 7, 'min_samples_leaf': 10, 'n_estimators': 3, 'random_state': 0})

Antibiotic 2/4: Ceftriaxone
[Klebsiella_Pneumoniae | BIN | Ceftriaxone] BayesSearchCV starting: n_iter=200, cv=5, n_jobs=10, n_points=1
[Klebsiella_Pneumoniae | BIN | Ceftriaxone] Bayes iter 1/200 done.
[Klebsiella_Pneumoniae | BIN | Ceftriaxone] Bayes iter 2/200 done.
[Klebsiella_Pneumoniae | BIN | Ceftriaxone] Bayes iter 3/200 done.
[Klebsiella_Pneumoniae | BIN | Ceftriaxone] Bayes iter 4/200 done.
[Klebsiella_Pneumoniae | BIN | Ceftriaxone] Bayes iter 5/200 done.
[Klebsiella_Pneumoniae | BIN | Ceftriaxone] Bayes iter 6/200 done.
[Klebsiella_Pneumoniae | BIN | Ceftriaxone] Bayes iter 7/200 done.
[Klebsiella_Pneumoniae | BIN | Ceftriaxone] Bayes iter 8/200 done.
[Klebsiella_Pneumoniae | BIN | Ceftriaxone] Bayes iter 9/200 done.
[Klebsiella_Pneumoniae | BIN | Ceftriaxone] Bayes iter 10/200 done.
[Klebsiella_Pneumoniae | BIN | Ceftriaxone] Bayes iter 11/200 done.
[Klebsiella_Pneumoniae | BIN | Ceftriaxone] Bayes iter 12/200 done.
[Klebsiella_Pneumoniae | BIN | Ceftriaxone] Bayes iter 13/200 done.
[Klebsiella_Pneumoniae | BIN | Ceftriaxone] Bayes iter 14/200 done.
[Klebsiella_Pneumoniae | BIN | Ceftriaxone] Bayes iter 15/200 done.
[Klebsiella_Pneumoniae | BIN | Ceftriaxone] Bayes iter 16/200 done.
[Klebsiella_Pneumoniae | BIN | Ceftriaxone] Bayes iter 17/200 done.
[Klebsiella_Pneumoniae | BIN | Ceftriaxone] Bayes iter 18/200 done.
[Klebsiella_Pneumoniae | BIN | Ceftriaxone] Bayes iter 19/200 done.
[Klebsiella_Pneumoniae | BIN | Ceftriaxone] Bayes iter 20/200 done.
[Klebsiella_Pneumoniae | BIN | Ceftriaxone] Bayes iter 21/200 done.
[Klebsiella_Pneumoniae | BIN | Ceftriaxone] Bayes iter 22/200 done.
[Klebsiella_Pneumoniae | BIN | Ceftriaxone] Bayes iter 23/200 done.
[Klebsiella_Pneumoniae | BIN | Ceftriaxone] Bayes iter 24/200 done.
[Klebsiella_Pneumoniae | BIN | Ceftriaxone] Bayes iter 25/200 done.
[Klebsiella_Pneumoniae | BIN | Ceftriaxone] Bayes iter 26/200 done.
[Klebsiella_Pneumoniae | BIN | Ceftriaxone] Bayes iter 27/200 done.
[Klebsiella_Pneumoniae | BIN | Ceftriaxone] Bayes iter 28/200 done.
[Klebsiella_Pneumoniae | BIN | Ceftriaxone] Bayes iter 29/200 done.
[Klebsiella_Pneumoniae | BIN | Ceftriaxone] Bayes iter 30/200 done.
[Klebsiella_Pneumoniae | BIN | Ceftriaxone] Bayes iter 31/200 done.
[Klebsiella_Pneumoniae | BIN | Ceftriaxone] Bayes iter 32/200 done.
[Klebsiella_Pneumoniae | BIN | Ceftriaxone] Bayes iter 33/200 done.
[Klebsiella_Pneumoniae | BIN | Ceftriaxone] Bayes iter 34/200 done.
[Klebsiella_Pneumoniae | BIN | Ceftriaxone] Bayes iter 35/200 done.
[Klebsiella_Pneumoniae | BIN | Ceftriaxone] Bayes iter 36/200 done.
[Klebsiella_Pneumoniae | BIN | Ceftriaxone] Bayes iter 37/200 done.
[Klebsiella_Pneumoniae | BIN | Ceftriaxone] Bayes iter 38/200 done.
[Klebsiella_Pneumoniae | BIN | Ceftriaxone] Bayes iter 39/200 done.
[Klebsiella_Pneumoniae | BIN | Ceftriaxone] Bayes iter 40/200 done.
[Klebsiella_Pneumoniae | BIN | Ceftriaxone] Bayes iter 41/200 done.
[Klebsiella_Pneumoniae | BIN | Ceftriaxone] Bayes iter 42/200 done.
[Klebsiella_Pneumoniae | BIN | Ceftriaxone] Bayes iter 43/200 done.
[Klebsiella_Pneumoniae | BIN | Ceftriaxone] Bayes iter 44/200 done.
[Klebsiella_Pneumoniae | BIN | Ceftriaxone] Bayes iter 45/200 done.
[Klebsiella_Pneumoniae | BIN | Ceftriaxone] Bayes iter 46/200 done.
[Klebsiella_Pneumoniae | BIN | Ceftriaxone] Bayes iter 47/200 done.
[Klebsiella_Pneumoniae | BIN | Ceftriaxone] Bayes iter 48/200 done.
[Klebsiella_Pneumoniae | BIN | Ceftriaxone] Bayes iter 49/200 done.
[Klebsiella_Pneumoniae | BIN | Ceftriaxone] Bayes iter 50/200 done.
[Klebsiella_Pneumoniae | BIN | Ceftriaxone] Bayes iter 51/200 done.
[Klebsiella_Pneumoniae | BIN | Ceftriaxone] Bayes iter 52/200 done.
[Klebsiella_Pneumoniae | BIN | Ceftriaxone] Bayes iter 53/200 done.
[Klebsiella_Pneumoniae | BIN | Ceftriaxone] Bayes iter 54/200 done.
[Klebsiella_Pneumoniae | BIN | Ceftriaxone] Bayes iter 55/200 done.
[Klebsiella_Pneumoniae | BIN | Ceftriaxone] Bayes iter 56/200 done.
[Klebsiella_Pneumoniae | BIN | Ceftriaxone] Bayes iter 57/200 done.
[Klebsiella_Pneumoniae | BIN | Ceftriaxone] Bayes iter 58/200 done.
[Klebsiella_Pneumoniae | BIN | Ceftriaxone] Bayes iter 59/200 done.
[Klebsiella_Pneumoniae | BIN | Ceftriaxone] Bayes iter 60/200 done.
[Klebsiella_Pneumoniae | BIN | Ceftriaxone] Bayes iter 61/200 done.
[Klebsiella_Pneumoniae | BIN | Ceftriaxone] Bayes iter 62/200 done.
[Klebsiella_Pneumoniae | BIN | Ceftriaxone] Bayes iter 63/200 done.
[Klebsiella_Pneumoniae | BIN | Ceftriaxone] Bayes iter 64/200 done.
[Klebsiella_Pneumoniae | BIN | Ceftriaxone] Bayes iter 65/200 done.
[Klebsiella_Pneumoniae | BIN | Ceftriaxone] Bayes iter 66/200 done.
[Klebsiella_Pneumoniae | BIN | Ceftriaxone] Bayes iter 67/200 done.
[Klebsiella_Pneumoniae | BIN | Ceftriaxone] Bayes iter 68/200 done.
[Klebsiella_Pneumoniae | BIN | Ceftriaxone] Bayes iter 69/200 done.
[Klebsiella_Pneumoniae | BIN | Ceftriaxone] Bayes iter 70/200 done.
[Klebsiella_Pneumoniae | BIN | Ceftriaxone] Bayes iter 71/200 done.
[Klebsiella_Pneumoniae | BIN | Ceftriaxone] Bayes iter 72/200 done.
[Klebsiella_Pneumoniae | BIN | Ceftriaxone] Bayes iter 73/200 done.
[Klebsiella_Pneumoniae | BIN | Ceftriaxone] Bayes iter 74/200 done.
[Klebsiella_Pneumoniae | BIN | Ceftriaxone] Bayes iter 75/200 done.
[Klebsiella_Pneumoniae | BIN | Ceftriaxone] Bayes iter 76/200 done.
[Klebsiella_Pneumoniae | BIN | Ceftriaxone] Bayes iter 77/200 done.
[Klebsiella_Pneumoniae | BIN | Ceftriaxone] Bayes iter 78/200 done.
[Klebsiella_Pneumoniae | BIN | Ceftriaxone] Bayes iter 79/200 done.
[Klebsiella_Pneumoniae | BIN | Ceftriaxone] Bayes iter 80/200 done.
[Klebsiella_Pneumoniae | BIN | Ceftriaxone] Bayes iter 81/200 done.
[Klebsiella_Pneumoniae | BIN | Ceftriaxone] Bayes iter 82/200 done.
[Klebsiella_Pneumoniae | BIN | Ceftriaxone] Bayes iter 83/200 done.
[Klebsiella_Pneumoniae | BIN | Ceftriaxone] Bayes iter 84/200 done.
[Klebsiella_Pneumoniae | BIN | Ceftriaxone] Bayes iter 85/200 done.
[Klebsiella_Pneumoniae | BIN | Ceftriaxone] Bayes iter 86/200 done.
[Klebsiella_Pneumoniae | BIN | Ceftriaxone] Bayes iter 87/200 done.
[Klebsiella_Pneumoniae | BIN | Ceftriaxone] Bayes iter 88/200 done.
[Klebsiella_Pneumoniae | BIN | Ceftriaxone] Bayes iter 89/200 done.
[Klebsiella_Pneumoniae | BIN | Ceftriaxone] Bayes iter 90/200 done.
[Klebsiella_Pneumoniae | BIN | Ceftriaxone] Bayes iter 91/200 done.
[Klebsiella_Pneumoniae | BIN | Ceftriaxone] Bayes iter 92/200 done.
[Klebsiella_Pneumoniae | BIN | Ceftriaxone] Bayes iter 93/200 done.
[Klebsiella_Pneumoniae | BIN | Ceftriaxone] Bayes iter 94/200 done.
[Klebsiella_Pneumoniae | BIN | Ceftriaxone] Bayes iter 95/200 done.
[Klebsiella_Pneumoniae | BIN | Ceftriaxone] Bayes iter 96/200 done.
[Klebsiella_Pneumoniae | BIN | Ceftriaxone] Bayes iter 97/200 done.
[Klebsiella_Pneumoniae | BIN | Ceftriaxone] Bayes iter 98/200 done.
[Klebsiella_Pneumoniae | BIN | Ceftriaxone] Bayes iter 99/200 done.
[Klebsiella_Pneumoniae | BIN | Ceftriaxone] Bayes iter 100/200 done.
[Klebsiella_Pneumoniae | BIN | Ceftriaxone] Bayes iter 101/200 done.
[Klebsiella_Pneumoniae | BIN | Ceftriaxone] Bayes iter 102/200 done.
[Klebsiella_Pneumoniae | BIN | Ceftriaxone] Bayes iter 103/200 done.
[Klebsiella_Pneumoniae | BIN | Ceftriaxone] Bayes iter 104/200 done.
[Klebsiella_Pneumoniae | BIN | Ceftriaxone] Bayes iter 105/200 done.
[Klebsiella_Pneumoniae | BIN | Ceftriaxone] Bayes iter 106/200 done.
[Klebsiella_Pneumoniae | BIN | Ceftriaxone] Bayes iter 107/200 done.
[Klebsiella_Pneumoniae | BIN | Ceftriaxone] Bayes iter 108/200 done.
[Klebsiella_Pneumoniae | BIN | Ceftriaxone] Bayes iter 109/200 done.
[Klebsiella_Pneumoniae | BIN | Ceftriaxone] Bayes iter 110/200 done.
[Klebsiella_Pneumoniae | BIN | Ceftriaxone] Bayes iter 111/200 done.
[Klebsiella_Pneumoniae | BIN | Ceftriaxone] Bayes iter 112/200 done.
[Klebsiella_Pneumoniae | BIN | Ceftriaxone] Bayes iter 113/200 done.
[Klebsiella_Pneumoniae | BIN | Ceftriaxone] Bayes iter 114/200 done.
[Klebsiella_Pneumoniae | BIN | Ceftriaxone] Bayes iter 115/200 done.
[Klebsiella_Pneumoniae | BIN | Ceftriaxone] Bayes iter 116/200 done.
[Klebsiella_Pneumoniae | BIN | Ceftriaxone] Bayes iter 117/200 done.
[Klebsiella_Pneumoniae | BIN | Ceftriaxone] Bayes iter 118/200 done.
[Klebsiella_Pneumoniae | BIN | Ceftriaxone] Bayes iter 119/200 done.
[Klebsiella_Pneumoniae | BIN | Ceftriaxone] Bayes iter 120/200 done.
[Klebsiella_Pneumoniae | BIN | Ceftriaxone] Bayes iter 121/200 done.
[Klebsiella_Pneumoniae | BIN | Ceftriaxone] Bayes iter 122/200 done.
[Klebsiella_Pneumoniae | BIN | Ceftriaxone] Bayes iter 123/200 done.
[Klebsiella_Pneumoniae | BIN | Ceftriaxone] Bayes iter 124/200 done.
[Klebsiella_Pneumoniae | BIN | Ceftriaxone] Bayes iter 125/200 done.
[Klebsiella_Pneumoniae | BIN | Ceftriaxone] Bayes iter 126/200 done.
[Klebsiella_Pneumoniae | BIN | Ceftriaxone] Bayes iter 127/200 done.
[Klebsiella_Pneumoniae | BIN | Ceftriaxone] Bayes iter 128/200 done.
[Klebsiella_Pneumoniae | BIN | Ceftriaxone] Bayes iter 129/200 done.
[Klebsiella_Pneumoniae | BIN | Ceftriaxone] Bayes iter 130/200 done.
[Klebsiella_Pneumoniae | BIN | Ceftriaxone] Bayes iter 131/200 done.
[Klebsiella_Pneumoniae | BIN | Ceftriaxone] Bayes iter 132/200 done.
[Klebsiella_Pneumoniae | BIN | Ceftriaxone] Bayes iter 133/200 done.
[Klebsiella_Pneumoniae | BIN | Ceftriaxone] Bayes iter 134/200 done.
[Klebsiella_Pneumoniae | BIN | Ceftriaxone] Bayes iter 135/200 done.
[Klebsiella_Pneumoniae | BIN | Ceftriaxone] Bayes iter 136/200 done.
[Klebsiella_Pneumoniae | BIN | Ceftriaxone] Bayes iter 137/200 done.
[Klebsiella_Pneumoniae | BIN | Ceftriaxone] Bayes iter 138/200 done.
[Klebsiella_Pneumoniae | BIN | Ceftriaxone] Bayes iter 139/200 done.
[Klebsiella_Pneumoniae | BIN | Ceftriaxone] Bayes iter 140/200 done.
[Klebsiella_Pneumoniae | BIN | Ceftriaxone] Bayes iter 141/200 done.
[Klebsiella_Pneumoniae | BIN | Ceftriaxone] Bayes iter 142/200 done.
[Klebsiella_Pneumoniae | BIN | Ceftriaxone] Bayes iter 143/200 done.
[Klebsiella_Pneumoniae | BIN | Ceftriaxone] Bayes iter 144/200 done.
[Klebsiella_Pneumoniae | BIN | Ceftriaxone] Bayes iter 145/200 done.
[Klebsiella_Pneumoniae | BIN | Ceftriaxone] Bayes iter 146/200 done.
[Klebsiella_Pneumoniae | BIN | Ceftriaxone] Bayes iter 147/200 done.
[Klebsiella_Pneumoniae | BIN | Ceftriaxone] Bayes iter 148/200 done.
[Klebsiella_Pneumoniae | BIN | Ceftriaxone] Bayes iter 149/200 done.
[Klebsiella_Pneumoniae | BIN | Ceftriaxone] Bayes iter 150/200 done.
[Klebsiella_Pneumoniae | BIN | Ceftriaxone] Bayes iter 151/200 done.
[Klebsiella_Pneumoniae | BIN | Ceftriaxone] Bayes iter 152/200 done.
[Klebsiella_Pneumoniae | BIN | Ceftriaxone] Bayes iter 153/200 done.
[Klebsiella_Pneumoniae | BIN | Ceftriaxone] Bayes iter 154/200 done.
[Klebsiella_Pneumoniae | BIN | Ceftriaxone] Bayes iter 155/200 done.
[Klebsiella_Pneumoniae | BIN | Ceftriaxone] Bayes iter 156/200 done.
[Klebsiella_Pneumoniae | BIN | Ceftriaxone] Bayes iter 157/200 done.
[Klebsiella_Pneumoniae | BIN | Ceftriaxone] Bayes iter 158/200 done.
[Klebsiella_Pneumoniae | BIN | Ceftriaxone] Bayes iter 159/200 done.
[Klebsiella_Pneumoniae | BIN | Ceftriaxone] Bayes iter 160/200 done.
[Klebsiella_Pneumoniae | BIN | Ceftriaxone] Bayes iter 161/200 done.
[Klebsiella_Pneumoniae | BIN | Ceftriaxone] Bayes iter 162/200 done.
[Klebsiella_Pneumoniae | BIN | Ceftriaxone] Bayes iter 163/200 done.
[Klebsiella_Pneumoniae | BIN | Ceftriaxone] Bayes iter 164/200 done.
[Klebsiella_Pneumoniae | BIN | Ceftriaxone] Bayes iter 165/200 done.
[Klebsiella_Pneumoniae | BIN | Ceftriaxone] Bayes iter 166/200 done.
[Klebsiella_Pneumoniae | BIN | Ceftriaxone] Bayes iter 167/200 done.
[Klebsiella_Pneumoniae | BIN | Ceftriaxone] Bayes iter 168/200 done.
[Klebsiella_Pneumoniae | BIN | Ceftriaxone] Bayes iter 169/200 done.
[Klebsiella_Pneumoniae | BIN | Ceftriaxone] Bayes iter 170/200 done.
[Klebsiella_Pneumoniae | BIN | Ceftriaxone] Bayes iter 171/200 done.
[Klebsiella_Pneumoniae | BIN | Ceftriaxone] Bayes iter 172/200 done.
[Klebsiella_Pneumoniae | BIN | Ceftriaxone] Bayes iter 173/200 done.
[Klebsiella_Pneumoniae | BIN | Ceftriaxone] Bayes iter 174/200 done.
[Klebsiella_Pneumoniae | BIN | Ceftriaxone] Bayes iter 175/200 done.
[Klebsiella_Pneumoniae | BIN | Ceftriaxone] Bayes iter 176/200 done.
[Klebsiella_Pneumoniae | BIN | Ceftriaxone] Bayes iter 177/200 done.
[Klebsiella_Pneumoniae | BIN | Ceftriaxone] Bayes iter 178/200 done.
[Klebsiella_Pneumoniae | BIN | Ceftriaxone] Bayes iter 179/200 done.
[Klebsiella_Pneumoniae | BIN | Ceftriaxone] Bayes iter 180/200 done.
[Klebsiella_Pneumoniae | BIN | Ceftriaxone] Bayes iter 181/200 done.
[Klebsiella_Pneumoniae | BIN | Ceftriaxone] Bayes iter 182/200 done.
[Klebsiella_Pneumoniae | BIN | Ceftriaxone] Bayes iter 183/200 done.
[Klebsiella_Pneumoniae | BIN | Ceftriaxone] Bayes iter 184/200 done.
[Klebsiella_Pneumoniae | BIN | Ceftriaxone] Bayes iter 185/200 done.
[Klebsiella_Pneumoniae | BIN | Ceftriaxone] Bayes iter 186/200 done.
[Klebsiella_Pneumoniae | BIN | Ceftriaxone] Bayes iter 187/200 done.
[Klebsiella_Pneumoniae | BIN | Ceftriaxone] Bayes iter 188/200 done.
[Klebsiella_Pneumoniae | BIN | Ceftriaxone] Bayes iter 189/200 done.
[Klebsiella_Pneumoniae | BIN | Ceftriaxone] Bayes iter 190/200 done.
[Klebsiella_Pneumoniae | BIN | Ceftriaxone] Bayes iter 191/200 done.
[Klebsiella_Pneumoniae | BIN | Ceftriaxone] Bayes iter 192/200 done.
[Klebsiella_Pneumoniae | BIN | Ceftriaxone] Bayes iter 193/200 done.
[Klebsiella_Pneumoniae | BIN | Ceftriaxone] Bayes iter 194/200 done.
[Klebsiella_Pneumoniae | BIN | Ceftriaxone] Bayes iter 195/200 done.
[Klebsiella_Pneumoniae | BIN | Ceftriaxone] Bayes iter 196/200 done.
[Klebsiella_Pneumoniae | BIN | Ceftriaxone] Bayes iter 197/200 done.
[Klebsiella_Pneumoniae | BIN | Ceftriaxone] Bayes iter 198/200 done.
[Klebsiella_Pneumoniae | BIN | Ceftriaxone] Bayes iter 199/200 done.
[Klebsiella_Pneumoniae | BIN | Ceftriaxone] Bayes iter 200/200 done.
[Klebsiella_Pneumoniae | BIN | Ceftriaxone] BayesSearchCV finished. best_score=0.8462950366975475
[Klebsiella_Pneumoniae | BIN | Ceftriaxone] Best params: OrderedDict({'bootstrap': False, 'max_depth': 10, 'min_samples_leaf': 4, 'n_estimators': 17, 'random_state': 0})

Antibiotic 3/4: Imipenem
[Klebsiella_Pneumoniae | BIN | Imipenem] BayesSearchCV starting: n_iter=200, cv=5, n_jobs=10, n_points=1
[Klebsiella_Pneumoniae | BIN | Imipenem] Bayes iter 1/200 done.
[Klebsiella_Pneumoniae | BIN | Imipenem] Bayes iter 2/200 done.
[Klebsiella_Pneumoniae | BIN | Imipenem] Bayes iter 3/200 done.
[Klebsiella_Pneumoniae | BIN | Imipenem] Bayes iter 4/200 done.
[Klebsiella_Pneumoniae | BIN | Imipenem] Bayes iter 5/200 done.
[Klebsiella_Pneumoniae | BIN | Imipenem] Bayes iter 6/200 done.
[Klebsiella_Pneumoniae | BIN | Imipenem] Bayes iter 7/200 done.
[Klebsiella_Pneumoniae | BIN | Imipenem] Bayes iter 8/200 done.
[Klebsiella_Pneumoniae | BIN | Imipenem] Bayes iter 9/200 done.
[Klebsiella_Pneumoniae | BIN | Imipenem] Bayes iter 10/200 done.
[Klebsiella_Pneumoniae | BIN | Imipenem] Bayes iter 11/200 done.
[Klebsiella_Pneumoniae | BIN | Imipenem] Bayes iter 12/200 done.
[Klebsiella_Pneumoniae | BIN | Imipenem] Bayes iter 13/200 done.
[Klebsiella_Pneumoniae | BIN | Imipenem] Bayes iter 14/200 done.
[Klebsiella_Pneumoniae | BIN | Imipenem] Bayes iter 15/200 done.
[Klebsiella_Pneumoniae | BIN | Imipenem] Bayes iter 16/200 done.
[Klebsiella_Pneumoniae | BIN | Imipenem] Bayes iter 17/200 done.
[Klebsiella_Pneumoniae | BIN | Imipenem] Bayes iter 18/200 done.
[Klebsiella_Pneumoniae | BIN | Imipenem] Bayes iter 19/200 done.
[Klebsiella_Pneumoniae | BIN | Imipenem] Bayes iter 20/200 done.
[Klebsiella_Pneumoniae | BIN | Imipenem] Bayes iter 21/200 done.
[Klebsiella_Pneumoniae | BIN | Imipenem] Bayes iter 22/200 done.
[Klebsiella_Pneumoniae | BIN | Imipenem] Bayes iter 23/200 done.
[Klebsiella_Pneumoniae | BIN | Imipenem] Bayes iter 24/200 done.
[Klebsiella_Pneumoniae | BIN | Imipenem] Bayes iter 25/200 done.
[Klebsiella_Pneumoniae | BIN | Imipenem] Bayes iter 26/200 done.
[Klebsiella_Pneumoniae | BIN | Imipenem] Bayes iter 27/200 done.
[Klebsiella_Pneumoniae | BIN | Imipenem] Bayes iter 28/200 done.
[Klebsiella_Pneumoniae | BIN | Imipenem] Bayes iter 29/200 done.
[Klebsiella_Pneumoniae | BIN | Imipenem] Bayes iter 30/200 done.
[Klebsiella_Pneumoniae | BIN | Imipenem] Bayes iter 31/200 done.
[Klebsiella_Pneumoniae | BIN | Imipenem] Bayes iter 32/200 done.
[Klebsiella_Pneumoniae | BIN | Imipenem] Bayes iter 33/200 done.
[Klebsiella_Pneumoniae | BIN | Imipenem] Bayes iter 34/200 done.
[Klebsiella_Pneumoniae | BIN | Imipenem] Bayes iter 35/200 done.
[Klebsiella_Pneumoniae | BIN | Imipenem] Bayes iter 36/200 done.
[Klebsiella_Pneumoniae | BIN | Imipenem] Bayes iter 37/200 done.
[Klebsiella_Pneumoniae | BIN | Imipenem] Bayes iter 38/200 done.
[Klebsiella_Pneumoniae | BIN | Imipenem] Bayes iter 39/200 done.
[Klebsiella_Pneumoniae | BIN | Imipenem] Bayes iter 40/200 done.
[Klebsiella_Pneumoniae | BIN | Imipenem] Bayes iter 41/200 done.
[Klebsiella_Pneumoniae | BIN | Imipenem] Bayes iter 42/200 done.
[Klebsiella_Pneumoniae | BIN | Imipenem] Bayes iter 43/200 done.
[Klebsiella_Pneumoniae | BIN | Imipenem] Bayes iter 44/200 done.
[Klebsiella_Pneumoniae | BIN | Imipenem] Bayes iter 45/200 done.
[Klebsiella_Pneumoniae | BIN | Imipenem] Bayes iter 46/200 done.
[Klebsiella_Pneumoniae | BIN | Imipenem] Bayes iter 47/200 done.
[Klebsiella_Pneumoniae | BIN | Imipenem] Bayes iter 48/200 done.
[Klebsiella_Pneumoniae | BIN | Imipenem] Bayes iter 49/200 done.
[Klebsiella_Pneumoniae | BIN | Imipenem] Bayes iter 50/200 done.
[Klebsiella_Pneumoniae | BIN | Imipenem] Bayes iter 51/200 done.
[Klebsiella_Pneumoniae | BIN | Imipenem] Bayes iter 52/200 done.
[Klebsiella_Pneumoniae | BIN | Imipenem] Bayes iter 53/200 done.
[Klebsiella_Pneumoniae | BIN | Imipenem] Bayes iter 54/200 done.
[Klebsiella_Pneumoniae | BIN | Imipenem] Bayes iter 55/200 done.
[Klebsiella_Pneumoniae | BIN | Imipenem] Bayes iter 56/200 done.
[Klebsiella_Pneumoniae | BIN | Imipenem] Bayes iter 57/200 done.
[Klebsiella_Pneumoniae | BIN | Imipenem] Bayes iter 58/200 done.
[Klebsiella_Pneumoniae | BIN | Imipenem] Bayes iter 59/200 done.
[Klebsiella_Pneumoniae | BIN | Imipenem] Bayes iter 60/200 done.
[Klebsiella_Pneumoniae | BIN | Imipenem] Bayes iter 61/200 done.
[Klebsiella_Pneumoniae | BIN | Imipenem] Bayes iter 62/200 done.
[Klebsiella_Pneumoniae | BIN | Imipenem] Bayes iter 63/200 done.
[Klebsiella_Pneumoniae | BIN | Imipenem] Bayes iter 64/200 done.
[Klebsiella_Pneumoniae | BIN | Imipenem] Bayes iter 65/200 done.
[Klebsiella_Pneumoniae | BIN | Imipenem] Bayes iter 66/200 done.
[Klebsiella_Pneumoniae | BIN | Imipenem] Bayes iter 67/200 done.
[Klebsiella_Pneumoniae | BIN | Imipenem] Bayes iter 68/200 done.
[Klebsiella_Pneumoniae | BIN | Imipenem] Bayes iter 69/200 done.
[Klebsiella_Pneumoniae | BIN | Imipenem] Bayes iter 70/200 done.
[Klebsiella_Pneumoniae | BIN | Imipenem] Bayes iter 71/200 done.
[Klebsiella_Pneumoniae | BIN | Imipenem] Bayes iter 72/200 done.
[Klebsiella_Pneumoniae | BIN | Imipenem] Bayes iter 73/200 done.
[Klebsiella_Pneumoniae | BIN | Imipenem] Bayes iter 74/200 done.
[Klebsiella_Pneumoniae | BIN | Imipenem] Bayes iter 75/200 done.
[Klebsiella_Pneumoniae | BIN | Imipenem] Bayes iter 76/200 done.
[Klebsiella_Pneumoniae | BIN | Imipenem] Bayes iter 77/200 done.
[Klebsiella_Pneumoniae | BIN | Imipenem] Bayes iter 78/200 done.
[Klebsiella_Pneumoniae | BIN | Imipenem] Bayes iter 79/200 done.
[Klebsiella_Pneumoniae | BIN | Imipenem] Bayes iter 80/200 done.
[Klebsiella_Pneumoniae | BIN | Imipenem] Bayes iter 81/200 done.
[Klebsiella_Pneumoniae | BIN | Imipenem] Bayes iter 82/200 done.
[Klebsiella_Pneumoniae | BIN | Imipenem] Bayes iter 83/200 done.
[Klebsiella_Pneumoniae | BIN | Imipenem] Bayes iter 84/200 done.
[Klebsiella_Pneumoniae | BIN | Imipenem] Bayes iter 85/200 done.
[Klebsiella_Pneumoniae | BIN | Imipenem] Bayes iter 86/200 done.
[Klebsiella_Pneumoniae | BIN | Imipenem] Bayes iter 87/200 done.
[Klebsiella_Pneumoniae | BIN | Imipenem] Bayes iter 88/200 done.
[Klebsiella_Pneumoniae | BIN | Imipenem] Bayes iter 89/200 done.
[Klebsiella_Pneumoniae | BIN | Imipenem] Bayes iter 90/200 done.
[Klebsiella_Pneumoniae | BIN | Imipenem] Bayes iter 91/200 done.
[Klebsiella_Pneumoniae | BIN | Imipenem] Bayes iter 92/200 done.
[Klebsiella_Pneumoniae | BIN | Imipenem] Bayes iter 93/200 done.
[Klebsiella_Pneumoniae | BIN | Imipenem] Bayes iter 94/200 done.
[Klebsiella_Pneumoniae | BIN | Imipenem] Bayes iter 95/200 done.
[Klebsiella_Pneumoniae | BIN | Imipenem] Bayes iter 96/200 done.
[Klebsiella_Pneumoniae | BIN | Imipenem] Bayes iter 97/200 done.
[Klebsiella_Pneumoniae | BIN | Imipenem] Bayes iter 98/200 done.
[Klebsiella_Pneumoniae | BIN | Imipenem] Bayes iter 99/200 done.
[Klebsiella_Pneumoniae | BIN | Imipenem] Bayes iter 100/200 done.
[Klebsiella_Pneumoniae | BIN | Imipenem] Bayes iter 101/200 done.
[Klebsiella_Pneumoniae | BIN | Imipenem] Bayes iter 102/200 done.
[Klebsiella_Pneumoniae | BIN | Imipenem] Bayes iter 103/200 done.
[Klebsiella_Pneumoniae | BIN | Imipenem] Bayes iter 104/200 done.
[Klebsiella_Pneumoniae | BIN | Imipenem] Bayes iter 105/200 done.
[Klebsiella_Pneumoniae | BIN | Imipenem] Bayes iter 106/200 done.
[Klebsiella_Pneumoniae | BIN | Imipenem] Bayes iter 107/200 done.
[Klebsiella_Pneumoniae | BIN | Imipenem] Bayes iter 108/200 done.
[Klebsiella_Pneumoniae | BIN | Imipenem] Bayes iter 109/200 done.
[Klebsiella_Pneumoniae | BIN | Imipenem] Bayes iter 110/200 done.
[Klebsiella_Pneumoniae | BIN | Imipenem] Bayes iter 111/200 done.
[Klebsiella_Pneumoniae | BIN | Imipenem] Bayes iter 112/200 done.
[Klebsiella_Pneumoniae | BIN | Imipenem] Bayes iter 113/200 done.
[Klebsiella_Pneumoniae | BIN | Imipenem] Bayes iter 114/200 done.
[Klebsiella_Pneumoniae | BIN | Imipenem] Bayes iter 115/200 done.
[Klebsiella_Pneumoniae | BIN | Imipenem] Bayes iter 116/200 done.
[Klebsiella_Pneumoniae | BIN | Imipenem] Bayes iter 117/200 done.
[Klebsiella_Pneumoniae | BIN | Imipenem] Bayes iter 118/200 done.
[Klebsiella_Pneumoniae | BIN | Imipenem] Bayes iter 119/200 done.
[Klebsiella_Pneumoniae | BIN | Imipenem] Bayes iter 120/200 done.
[Klebsiella_Pneumoniae | BIN | Imipenem] Bayes iter 121/200 done.
[Klebsiella_Pneumoniae | BIN | Imipenem] Bayes iter 122/200 done.
[Klebsiella_Pneumoniae | BIN | Imipenem] Bayes iter 123/200 done.
[Klebsiella_Pneumoniae | BIN | Imipenem] Bayes iter 124/200 done.
[Klebsiella_Pneumoniae | BIN | Imipenem] Bayes iter 125/200 done.
[Klebsiella_Pneumoniae | BIN | Imipenem] Bayes iter 126/200 done.
[Klebsiella_Pneumoniae | BIN | Imipenem] Bayes iter 127/200 done.
[Klebsiella_Pneumoniae | BIN | Imipenem] Bayes iter 128/200 done.
[Klebsiella_Pneumoniae | BIN | Imipenem] Bayes iter 129/200 done.
[Klebsiella_Pneumoniae | BIN | Imipenem] Bayes iter 130/200 done.
[Klebsiella_Pneumoniae | BIN | Imipenem] Bayes iter 131/200 done.
[Klebsiella_Pneumoniae | BIN | Imipenem] Bayes iter 132/200 done.
[Klebsiella_Pneumoniae | BIN | Imipenem] Bayes iter 133/200 done.
[Klebsiella_Pneumoniae | BIN | Imipenem] Bayes iter 134/200 done.
[Klebsiella_Pneumoniae | BIN | Imipenem] Bayes iter 135/200 done.
[Klebsiella_Pneumoniae | BIN | Imipenem] Bayes iter 136/200 done.
[Klebsiella_Pneumoniae | BIN | Imipenem] Bayes iter 137/200 done.
[Klebsiella_Pneumoniae | BIN | Imipenem] Bayes iter 138/200 done.
[Klebsiella_Pneumoniae | BIN | Imipenem] Bayes iter 139/200 done.
[Klebsiella_Pneumoniae | BIN | Imipenem] Bayes iter 140/200 done.
[Klebsiella_Pneumoniae | BIN | Imipenem] Bayes iter 141/200 done.
[Klebsiella_Pneumoniae | BIN | Imipenem] Bayes iter 142/200 done.
[Klebsiella_Pneumoniae | BIN | Imipenem] Bayes iter 143/200 done.
[Klebsiella_Pneumoniae | BIN | Imipenem] Bayes iter 144/200 done.
[Klebsiella_Pneumoniae | BIN | Imipenem] Bayes iter 145/200 done.
[Klebsiella_Pneumoniae | BIN | Imipenem] Bayes iter 146/200 done.
[Klebsiella_Pneumoniae | BIN | Imipenem] Bayes iter 147/200 done.
[Klebsiella_Pneumoniae | BIN | Imipenem] Bayes iter 148/200 done.
[Klebsiella_Pneumoniae | BIN | Imipenem] Bayes iter 149/200 done.
[Klebsiella_Pneumoniae | BIN | Imipenem] Bayes iter 150/200 done.
[Klebsiella_Pneumoniae | BIN | Imipenem] Bayes iter 151/200 done.
[Klebsiella_Pneumoniae | BIN | Imipenem] Bayes iter 152/200 done.
[Klebsiella_Pneumoniae | BIN | Imipenem] Bayes iter 153/200 done.
[Klebsiella_Pneumoniae | BIN | Imipenem] Bayes iter 154/200 done.
[Klebsiella_Pneumoniae | BIN | Imipenem] Bayes iter 155/200 done.
[Klebsiella_Pneumoniae | BIN | Imipenem] Bayes iter 156/200 done.
[Klebsiella_Pneumoniae | BIN | Imipenem] Bayes iter 157/200 done.
[Klebsiella_Pneumoniae | BIN | Imipenem] Bayes iter 158/200 done.
[Klebsiella_Pneumoniae | BIN | Imipenem] Bayes iter 159/200 done.
[Klebsiella_Pneumoniae | BIN | Imipenem] Bayes iter 160/200 done.
[Klebsiella_Pneumoniae | BIN | Imipenem] Bayes iter 161/200 done.
[Klebsiella_Pneumoniae | BIN | Imipenem] Bayes iter 162/200 done.
[Klebsiella_Pneumoniae | BIN | Imipenem] Bayes iter 163/200 done.
[Klebsiella_Pneumoniae | BIN | Imipenem] Bayes iter 164/200 done.
[Klebsiella_Pneumoniae | BIN | Imipenem] Bayes iter 165/200 done.
[Klebsiella_Pneumoniae | BIN | Imipenem] Bayes iter 166/200 done.
[Klebsiella_Pneumoniae | BIN | Imipenem] Bayes iter 167/200 done.
[Klebsiella_Pneumoniae | BIN | Imipenem] Bayes iter 168/200 done.
[Klebsiella_Pneumoniae | BIN | Imipenem] Bayes iter 169/200 done.
[Klebsiella_Pneumoniae | BIN | Imipenem] Bayes iter 170/200 done.
[Klebsiella_Pneumoniae | BIN | Imipenem] Bayes iter 171/200 done.
[Klebsiella_Pneumoniae | BIN | Imipenem] Bayes iter 172/200 done.
[Klebsiella_Pneumoniae | BIN | Imipenem] Bayes iter 173/200 done.
[Klebsiella_Pneumoniae | BIN | Imipenem] Bayes iter 174/200 done.
[Klebsiella_Pneumoniae | BIN | Imipenem] Bayes iter 175/200 done.
[Klebsiella_Pneumoniae | BIN | Imipenem] Bayes iter 176/200 done.
[Klebsiella_Pneumoniae | BIN | Imipenem] Bayes iter 177/200 done.
[Klebsiella_Pneumoniae | BIN | Imipenem] Bayes iter 178/200 done.
[Klebsiella_Pneumoniae | BIN | Imipenem] Bayes iter 179/200 done.
[Klebsiella_Pneumoniae | BIN | Imipenem] Bayes iter 180/200 done.
[Klebsiella_Pneumoniae | BIN | Imipenem] Bayes iter 181/200 done.
[Klebsiella_Pneumoniae | BIN | Imipenem] Bayes iter 182/200 done.
[Klebsiella_Pneumoniae | BIN | Imipenem] Bayes iter 183/200 done.
[Klebsiella_Pneumoniae | BIN | Imipenem] Bayes iter 184/200 done.
[Klebsiella_Pneumoniae | BIN | Imipenem] Bayes iter 185/200 done.
[Klebsiella_Pneumoniae | BIN | Imipenem] Bayes iter 186/200 done.
[Klebsiella_Pneumoniae | BIN | Imipenem] Bayes iter 187/200 done.
[Klebsiella_Pneumoniae | BIN | Imipenem] Bayes iter 188/200 done.
[Klebsiella_Pneumoniae | BIN | Imipenem] Bayes iter 189/200 done.
[Klebsiella_Pneumoniae | BIN | Imipenem] Bayes iter 190/200 done.
[Klebsiella_Pneumoniae | BIN | Imipenem] Bayes iter 191/200 done.
[Klebsiella_Pneumoniae | BIN | Imipenem] Bayes iter 192/200 done.
[Klebsiella_Pneumoniae | BIN | Imipenem] Bayes iter 193/200 done.
[Klebsiella_Pneumoniae | BIN | Imipenem] Bayes iter 194/200 done.
[Klebsiella_Pneumoniae | BIN | Imipenem] Bayes iter 195/200 done.
[Klebsiella_Pneumoniae | BIN | Imipenem] Bayes iter 196/200 done.
[Klebsiella_Pneumoniae | BIN | Imipenem] Bayes iter 197/200 done.
[Klebsiella_Pneumoniae | BIN | Imipenem] Bayes iter 198/200 done.
[Klebsiella_Pneumoniae | BIN | Imipenem] Bayes iter 199/200 done.
[Klebsiella_Pneumoniae | BIN | Imipenem] Bayes iter 200/200 done.
[Klebsiella_Pneumoniae | BIN | Imipenem] BayesSearchCV finished. best_score=0.9845981377851871
[Klebsiella_Pneumoniae | BIN | Imipenem] Best params: OrderedDict({'bootstrap': True, 'max_depth': 7, 'min_samples_leaf': 7, 'n_estimators': 647, 'random_state': 0})

Antibiotic 4/4: Meropenem
[Klebsiella_Pneumoniae | BIN | Meropenem] BayesSearchCV starting: n_iter=200, cv=5, n_jobs=10, n_points=1
[Klebsiella_Pneumoniae | BIN | Meropenem] Bayes iter 1/200 done.
[Klebsiella_Pneumoniae | BIN | Meropenem] Bayes iter 2/200 done.
[Klebsiella_Pneumoniae | BIN | Meropenem] Bayes iter 3/200 done.
[Klebsiella_Pneumoniae | BIN | Meropenem] Bayes iter 4/200 done.
[Klebsiella_Pneumoniae | BIN | Meropenem] Bayes iter 5/200 done.
[Klebsiella_Pneumoniae | BIN | Meropenem] Bayes iter 6/200 done.
[Klebsiella_Pneumoniae | BIN | Meropenem] Bayes iter 7/200 done.
[Klebsiella_Pneumoniae | BIN | Meropenem] Bayes iter 8/200 done.
[Klebsiella_Pneumoniae | BIN | Meropenem] Bayes iter 9/200 done.
[Klebsiella_Pneumoniae | BIN | Meropenem] Bayes iter 10/200 done.
[Klebsiella_Pneumoniae | BIN | Meropenem] Bayes iter 11/200 done.
[Klebsiella_Pneumoniae | BIN | Meropenem] Bayes iter 12/200 done.
[Klebsiella_Pneumoniae | BIN | Meropenem] Bayes iter 13/200 done.
[Klebsiella_Pneumoniae | BIN | Meropenem] Bayes iter 14/200 done.
[Klebsiella_Pneumoniae | BIN | Meropenem] Bayes iter 15/200 done.
[Klebsiella_Pneumoniae | BIN | Meropenem] Bayes iter 16/200 done.
[Klebsiella_Pneumoniae | BIN | Meropenem] Bayes iter 17/200 done.
[Klebsiella_Pneumoniae | BIN | Meropenem] Bayes iter 18/200 done.
[Klebsiella_Pneumoniae | BIN | Meropenem] Bayes iter 19/200 done.
[Klebsiella_Pneumoniae | BIN | Meropenem] Bayes iter 20/200 done.
[Klebsiella_Pneumoniae | BIN | Meropenem] Bayes iter 21/200 done.
[Klebsiella_Pneumoniae | BIN | Meropenem] Bayes iter 22/200 done.
[Klebsiella_Pneumoniae | BIN | Meropenem] Bayes iter 23/200 done.
[Klebsiella_Pneumoniae | BIN | Meropenem] Bayes iter 24/200 done.
[Klebsiella_Pneumoniae | BIN | Meropenem] Bayes iter 25/200 done.
[Klebsiella_Pneumoniae | BIN | Meropenem] Bayes iter 26/200 done.
[Klebsiella_Pneumoniae | BIN | Meropenem] Bayes iter 27/200 done.
[Klebsiella_Pneumoniae | BIN | Meropenem] Bayes iter 28/200 done.
[Klebsiella_Pneumoniae | BIN | Meropenem] Bayes iter 29/200 done.
[Klebsiella_Pneumoniae | BIN | Meropenem] Bayes iter 30/200 done.
[Klebsiella_Pneumoniae | BIN | Meropenem] Bayes iter 31/200 done.
[Klebsiella_Pneumoniae | BIN | Meropenem] Bayes iter 32/200 done.
[Klebsiella_Pneumoniae | BIN | Meropenem] Bayes iter 33/200 done.
[Klebsiella_Pneumoniae | BIN | Meropenem] Bayes iter 34/200 done.
[Klebsiella_Pneumoniae | BIN | Meropenem] Bayes iter 35/200 done.
[Klebsiella_Pneumoniae | BIN | Meropenem] Bayes iter 36/200 done.
[Klebsiella_Pneumoniae | BIN | Meropenem] Bayes iter 37/200 done.
[Klebsiella_Pneumoniae | BIN | Meropenem] Bayes iter 38/200 done.
[Klebsiella_Pneumoniae | BIN | Meropenem] Bayes iter 39/200 done.
[Klebsiella_Pneumoniae | BIN | Meropenem] Bayes iter 40/200 done.
[Klebsiella_Pneumoniae | BIN | Meropenem] Bayes iter 41/200 done.
[Klebsiella_Pneumoniae | BIN | Meropenem] Bayes iter 42/200 done.
[Klebsiella_Pneumoniae | BIN | Meropenem] Bayes iter 43/200 done.
[Klebsiella_Pneumoniae | BIN | Meropenem] Bayes iter 44/200 done.
[Klebsiella_Pneumoniae | BIN | Meropenem] Bayes iter 45/200 done.
[Klebsiella_Pneumoniae | BIN | Meropenem] Bayes iter 46/200 done.
[Klebsiella_Pneumoniae | BIN | Meropenem] Bayes iter 47/200 done.
[Klebsiella_Pneumoniae | BIN | Meropenem] Bayes iter 48/200 done.
[Klebsiella_Pneumoniae | BIN | Meropenem] Bayes iter 49/200 done.
[Klebsiella_Pneumoniae | BIN | Meropenem] Bayes iter 50/200 done.
[Klebsiella_Pneumoniae | BIN | Meropenem] Bayes iter 51/200 done.
[Klebsiella_Pneumoniae | BIN | Meropenem] Bayes iter 52/200 done.
[Klebsiella_Pneumoniae | BIN | Meropenem] Bayes iter 53/200 done.
[Klebsiella_Pneumoniae | BIN | Meropenem] Bayes iter 54/200 done.
[Klebsiella_Pneumoniae | BIN | Meropenem] Bayes iter 55/200 done.
[Klebsiella_Pneumoniae | BIN | Meropenem] Bayes iter 56/200 done.
[Klebsiella_Pneumoniae | BIN | Meropenem] Bayes iter 57/200 done.
[Klebsiella_Pneumoniae | BIN | Meropenem] Bayes iter 58/200 done.
[Klebsiella_Pneumoniae | BIN | Meropenem] Bayes iter 59/200 done.
[Klebsiella_Pneumoniae | BIN | Meropenem] Bayes iter 60/200 done.
[Klebsiella_Pneumoniae | BIN | Meropenem] Bayes iter 61/200 done.
[Klebsiella_Pneumoniae | BIN | Meropenem] Bayes iter 62/200 done.
[Klebsiella_Pneumoniae | BIN | Meropenem] Bayes iter 63/200 done.
[Klebsiella_Pneumoniae | BIN | Meropenem] Bayes iter 64/200 done.
[Klebsiella_Pneumoniae | BIN | Meropenem] Bayes iter 65/200 done.
[Klebsiella_Pneumoniae | BIN | Meropenem] Bayes iter 66/200 done.
[Klebsiella_Pneumoniae | BIN | Meropenem] Bayes iter 67/200 done.
[Klebsiella_Pneumoniae | BIN | Meropenem] Bayes iter 68/200 done.
[Klebsiella_Pneumoniae | BIN | Meropenem] Bayes iter 69/200 done.
[Klebsiella_Pneumoniae | BIN | Meropenem] Bayes iter 70/200 done.
[Klebsiella_Pneumoniae | BIN | Meropenem] Bayes iter 71/200 done.
[Klebsiella_Pneumoniae | BIN | Meropenem] Bayes iter 72/200 done.
[Klebsiella_Pneumoniae | BIN | Meropenem] Bayes iter 73/200 done.
[Klebsiella_Pneumoniae | BIN | Meropenem] Bayes iter 74/200 done.
[Klebsiella_Pneumoniae | BIN | Meropenem] Bayes iter 75/200 done.
[Klebsiella_Pneumoniae | BIN | Meropenem] Bayes iter 76/200 done.
[Klebsiella_Pneumoniae | BIN | Meropenem] Bayes iter 77/200 done.
[Klebsiella_Pneumoniae | BIN | Meropenem] Bayes iter 78/200 done.
[Klebsiella_Pneumoniae | BIN | Meropenem] Bayes iter 79/200 done.
[Klebsiella_Pneumoniae | BIN | Meropenem] Bayes iter 80/200 done.
[Klebsiella_Pneumoniae | BIN | Meropenem] Bayes iter 81/200 done.
[Klebsiella_Pneumoniae | BIN | Meropenem] Bayes iter 82/200 done.
[Klebsiella_Pneumoniae | BIN | Meropenem] Bayes iter 83/200 done.
[Klebsiella_Pneumoniae | BIN | Meropenem] Bayes iter 84/200 done.
[Klebsiella_Pneumoniae | BIN | Meropenem] Bayes iter 85/200 done.
[Klebsiella_Pneumoniae | BIN | Meropenem] Bayes iter 86/200 done.
[Klebsiella_Pneumoniae | BIN | Meropenem] Bayes iter 87/200 done.
[Klebsiella_Pneumoniae | BIN | Meropenem] Bayes iter 88/200 done.
[Klebsiella_Pneumoniae | BIN | Meropenem] Bayes iter 89/200 done.
[Klebsiella_Pneumoniae | BIN | Meropenem] Bayes iter 90/200 done.
[Klebsiella_Pneumoniae | BIN | Meropenem] Bayes iter 91/200 done.
[Klebsiella_Pneumoniae | BIN | Meropenem] Bayes iter 92/200 done.
[Klebsiella_Pneumoniae | BIN | Meropenem] Bayes iter 93/200 done.
[Klebsiella_Pneumoniae | BIN | Meropenem] Bayes iter 94/200 done.
[Klebsiella_Pneumoniae | BIN | Meropenem] Bayes iter 95/200 done.
[Klebsiella_Pneumoniae | BIN | Meropenem] Bayes iter 96/200 done.
[Klebsiella_Pneumoniae | BIN | Meropenem] Bayes iter 97/200 done.
[Klebsiella_Pneumoniae | BIN | Meropenem] Bayes iter 98/200 done.
[Klebsiella_Pneumoniae | BIN | Meropenem] Bayes iter 99/200 done.
[Klebsiella_Pneumoniae | BIN | Meropenem] Bayes iter 100/200 done.
[Klebsiella_Pneumoniae | BIN | Meropenem] Bayes iter 101/200 done.
[Klebsiella_Pneumoniae | BIN | Meropenem] Bayes iter 102/200 done.
[Klebsiella_Pneumoniae | BIN | Meropenem] Bayes iter 103/200 done.
[Klebsiella_Pneumoniae | BIN | Meropenem] Bayes iter 104/200 done.
[Klebsiella_Pneumoniae | BIN | Meropenem] Bayes iter 105/200 done.
[Klebsiella_Pneumoniae | BIN | Meropenem] Bayes iter 106/200 done.
[Klebsiella_Pneumoniae | BIN | Meropenem] Bayes iter 107/200 done.
[Klebsiella_Pneumoniae | BIN | Meropenem] Bayes iter 108/200 done.
[Klebsiella_Pneumoniae | BIN | Meropenem] Bayes iter 109/200 done.
[Klebsiella_Pneumoniae | BIN | Meropenem] Bayes iter 110/200 done.
[Klebsiella_Pneumoniae | BIN | Meropenem] Bayes iter 111/200 done.
[Klebsiella_Pneumoniae | BIN | Meropenem] Bayes iter 112/200 done.
[Klebsiella_Pneumoniae | BIN | Meropenem] Bayes iter 113/200 done.
[Klebsiella_Pneumoniae | BIN | Meropenem] Bayes iter 114/200 done.
[Klebsiella_Pneumoniae | BIN | Meropenem] Bayes iter 115/200 done.
[Klebsiella_Pneumoniae | BIN | Meropenem] Bayes iter 116/200 done.
[Klebsiella_Pneumoniae | BIN | Meropenem] Bayes iter 117/200 done.
[Klebsiella_Pneumoniae | BIN | Meropenem] Bayes iter 118/200 done.
[Klebsiella_Pneumoniae | BIN | Meropenem] Bayes iter 119/200 done.
[Klebsiella_Pneumoniae | BIN | Meropenem] Bayes iter 120/200 done.
[Klebsiella_Pneumoniae | BIN | Meropenem] Bayes iter 121/200 done.
[Klebsiella_Pneumoniae | BIN | Meropenem] Bayes iter 122/200 done.
[Klebsiella_Pneumoniae | BIN | Meropenem] Bayes iter 123/200 done.
[Klebsiella_Pneumoniae | BIN | Meropenem] Bayes iter 124/200 done.
[Klebsiella_Pneumoniae | BIN | Meropenem] Bayes iter 125/200 done.
[Klebsiella_Pneumoniae | BIN | Meropenem] Bayes iter 126/200 done.
[Klebsiella_Pneumoniae | BIN | Meropenem] Bayes iter 127/200 done.
[Klebsiella_Pneumoniae | BIN | Meropenem] Bayes iter 128/200 done.
[Klebsiella_Pneumoniae | BIN | Meropenem] Bayes iter 129/200 done.
[Klebsiella_Pneumoniae | BIN | Meropenem] Bayes iter 130/200 done.
[Klebsiella_Pneumoniae | BIN | Meropenem] Bayes iter 131/200 done.
[Klebsiella_Pneumoniae | BIN | Meropenem] Bayes iter 132/200 done.
[Klebsiella_Pneumoniae | BIN | Meropenem] Bayes iter 133/200 done.
[Klebsiella_Pneumoniae | BIN | Meropenem] Bayes iter 134/200 done.
[Klebsiella_Pneumoniae | BIN | Meropenem] Bayes iter 135/200 done.
[Klebsiella_Pneumoniae | BIN | Meropenem] Bayes iter 136/200 done.
[Klebsiella_Pneumoniae | BIN | Meropenem] Bayes iter 137/200 done.
[Klebsiella_Pneumoniae | BIN | Meropenem] Bayes iter 138/200 done.
[Klebsiella_Pneumoniae | BIN | Meropenem] Bayes iter 139/200 done.
[Klebsiella_Pneumoniae | BIN | Meropenem] Bayes iter 140/200 done.
[Klebsiella_Pneumoniae | BIN | Meropenem] Bayes iter 141/200 done.
[Klebsiella_Pneumoniae | BIN | Meropenem] Bayes iter 142/200 done.
[Klebsiella_Pneumoniae | BIN | Meropenem] Bayes iter 143/200 done.
[Klebsiella_Pneumoniae | BIN | Meropenem] Bayes iter 144/200 done.
[Klebsiella_Pneumoniae | BIN | Meropenem] Bayes iter 145/200 done.
[Klebsiella_Pneumoniae | BIN | Meropenem] Bayes iter 146/200 done.
[Klebsiella_Pneumoniae | BIN | Meropenem] Bayes iter 147/200 done.
[Klebsiella_Pneumoniae | BIN | Meropenem] Bayes iter 148/200 done.
[Klebsiella_Pneumoniae | BIN | Meropenem] Bayes iter 149/200 done.
[Klebsiella_Pneumoniae | BIN | Meropenem] Bayes iter 150/200 done.
[Klebsiella_Pneumoniae | BIN | Meropenem] Bayes iter 151/200 done.
[Klebsiella_Pneumoniae | BIN | Meropenem] Bayes iter 152/200 done.
[Klebsiella_Pneumoniae | BIN | Meropenem] Bayes iter 153/200 done.
[Klebsiella_Pneumoniae | BIN | Meropenem] Bayes iter 154/200 done.
[Klebsiella_Pneumoniae | BIN | Meropenem] Bayes iter 155/200 done.
[Klebsiella_Pneumoniae | BIN | Meropenem] Bayes iter 156/200 done.
[Klebsiella_Pneumoniae | BIN | Meropenem] Bayes iter 157/200 done.
[Klebsiella_Pneumoniae | BIN | Meropenem] Bayes iter 158/200 done.
[Klebsiella_Pneumoniae | BIN | Meropenem] Bayes iter 159/200 done.
[Klebsiella_Pneumoniae | BIN | Meropenem] Bayes iter 160/200 done.
[Klebsiella_Pneumoniae | BIN | Meropenem] Bayes iter 161/200 done.
[Klebsiella_Pneumoniae | BIN | Meropenem] Bayes iter 162/200 done.
[Klebsiella_Pneumoniae | BIN | Meropenem] Bayes iter 163/200 done.
[Klebsiella_Pneumoniae | BIN | Meropenem] Bayes iter 164/200 done.
[Klebsiella_Pneumoniae | BIN | Meropenem] Bayes iter 165/200 done.
[Klebsiella_Pneumoniae | BIN | Meropenem] Bayes iter 166/200 done.
[Klebsiella_Pneumoniae | BIN | Meropenem] Bayes iter 167/200 done.
[Klebsiella_Pneumoniae | BIN | Meropenem] Bayes iter 168/200 done.
[Klebsiella_Pneumoniae | BIN | Meropenem] Bayes iter 169/200 done.
[Klebsiella_Pneumoniae | BIN | Meropenem] Bayes iter 170/200 done.
[Klebsiella_Pneumoniae | BIN | Meropenem] Bayes iter 171/200 done.
[Klebsiella_Pneumoniae | BIN | Meropenem] Bayes iter 172/200 done.
[Klebsiella_Pneumoniae | BIN | Meropenem] Bayes iter 173/200 done.
[Klebsiella_Pneumoniae | BIN | Meropenem] Bayes iter 174/200 done.
[Klebsiella_Pneumoniae | BIN | Meropenem] Bayes iter 175/200 done.
[Klebsiella_Pneumoniae | BIN | Meropenem] Bayes iter 176/200 done.
[Klebsiella_Pneumoniae | BIN | Meropenem] Bayes iter 177/200 done.
[Klebsiella_Pneumoniae | BIN | Meropenem] Bayes iter 178/200 done.
[Klebsiella_Pneumoniae | BIN | Meropenem] Bayes iter 179/200 done.
[Klebsiella_Pneumoniae | BIN | Meropenem] Bayes iter 180/200 done.
[Klebsiella_Pneumoniae | BIN | Meropenem] Bayes iter 181/200 done.
[Klebsiella_Pneumoniae | BIN | Meropenem] Bayes iter 182/200 done.
[Klebsiella_Pneumoniae | BIN | Meropenem] Bayes iter 183/200 done.
[Klebsiella_Pneumoniae | BIN | Meropenem] Bayes iter 184/200 done.
[Klebsiella_Pneumoniae | BIN | Meropenem] Bayes iter 185/200 done.
[Klebsiella_Pneumoniae | BIN | Meropenem] Bayes iter 186/200 done.
[Klebsiella_Pneumoniae | BIN | Meropenem] Bayes iter 187/200 done.
[Klebsiella_Pneumoniae | BIN | Meropenem] Bayes iter 188/200 done.
[Klebsiella_Pneumoniae | BIN | Meropenem] Bayes iter 189/200 done.
[Klebsiella_Pneumoniae | BIN | Meropenem] Bayes iter 190/200 done.
[Klebsiella_Pneumoniae | BIN | Meropenem] Bayes iter 191/200 done.
[Klebsiella_Pneumoniae | BIN | Meropenem] Bayes iter 192/200 done.
[Klebsiella_Pneumoniae | BIN | Meropenem] Bayes iter 193/200 done.
[Klebsiella_Pneumoniae | BIN | Meropenem] Bayes iter 194/200 done.
[Klebsiella_Pneumoniae | BIN | Meropenem] Bayes iter 195/200 done.
[Klebsiella_Pneumoniae | BIN | Meropenem] Bayes iter 196/200 done.
[Klebsiella_Pneumoniae | BIN | Meropenem] Bayes iter 197/200 done.
[Klebsiella_Pneumoniae | BIN | Meropenem] Bayes iter 198/200 done.
[Klebsiella_Pneumoniae | BIN | Meropenem] Bayes iter 199/200 done.
[Klebsiella_Pneumoniae | BIN | Meropenem] Bayes iter 200/200 done.
[Klebsiella_Pneumoniae | BIN | Meropenem] BayesSearchCV finished. best_score=0.9845981377851871
[Klebsiella_Pneumoniae | BIN | Meropenem] Best params: OrderedDict({'bootstrap': True, 'max_depth': 7, 'min_samples_leaf': 7, 'n_estimators': 647, 'random_state': 0})

Binary Results:
Accuracy: 0.7924865831842576
Hamming : 0.0778175313059034
F1      : 0.896469322872459

Training LPS classifier...
[Klebsiella_Pneumoniae | LPS] BayesSearchCV starting: n_iter=200, cv=5, n_jobs=10, n_points=1
[Klebsiella_Pneumoniae | LPS] Bayes iter 1/200 done.
[Klebsiella_Pneumoniae | LPS] Bayes iter 2/200 done.
[Klebsiella_Pneumoniae | LPS] Bayes iter 3/200 done.
[Klebsiella_Pneumoniae | LPS] Bayes iter 4/200 done.
[Klebsiella_Pneumoniae | LPS] Bayes iter 5/200 done.
[Klebsiella_Pneumoniae | LPS] Bayes iter 6/200 done.
[Klebsiella_Pneumoniae | LPS] Bayes iter 7/200 done.
[Klebsiella_Pneumoniae | LPS] Bayes iter 8/200 done.
[Klebsiella_Pneumoniae | LPS] Bayes iter 9/200 done.
[Klebsiella_Pneumoniae | LPS] Bayes iter 10/200 done.
[Klebsiella_Pneumoniae | LPS] Bayes iter 11/200 done.
[Klebsiella_Pneumoniae | LPS] Bayes iter 12/200 done.
[Klebsiella_Pneumoniae | LPS] Bayes iter 13/200 done.
[Klebsiella_Pneumoniae | LPS] Bayes iter 14/200 done.
[Klebsiella_Pneumoniae | LPS] Bayes iter 15/200 done.
[Klebsiella_Pneumoniae | LPS] Bayes iter 16/200 done.
[Klebsiella_Pneumoniae | LPS] Bayes iter 17/200 done.
[Klebsiella_Pneumoniae | LPS] Bayes iter 18/200 done.
[Klebsiella_Pneumoniae | LPS] Bayes iter 19/200 done.
[Klebsiella_Pneumoniae | LPS] Bayes iter 20/200 done.
[Klebsiella_Pneumoniae | LPS] Bayes iter 21/200 done.
[Klebsiella_Pneumoniae | LPS] Bayes iter 22/200 done.
[Klebsiella_Pneumoniae | LPS] Bayes iter 23/200 done.
[Klebsiella_Pneumoniae | LPS] Bayes iter 24/200 done.
[Klebsiella_Pneumoniae | LPS] Bayes iter 25/200 done.
[Klebsiella_Pneumoniae | LPS] Bayes iter 26/200 done.
[Klebsiella_Pneumoniae | LPS] Bayes iter 27/200 done.
[Klebsiella_Pneumoniae | LPS] Bayes iter 28/200 done.
[Klebsiella_Pneumoniae | LPS] Bayes iter 29/200 done.
[Klebsiella_Pneumoniae | LPS] Bayes iter 30/200 done.
[Klebsiella_Pneumoniae | LPS] Bayes iter 31/200 done.
[Klebsiella_Pneumoniae | LPS] Bayes iter 32/200 done.
[Klebsiella_Pneumoniae | LPS] Bayes iter 33/200 done.
[Klebsiella_Pneumoniae | LPS] Bayes iter 34/200 done.
[Klebsiella_Pneumoniae | LPS] Bayes iter 35/200 done.
[Klebsiella_Pneumoniae | LPS] Bayes iter 36/200 done.
[Klebsiella_Pneumoniae | LPS] Bayes iter 37/200 done.
[Klebsiella_Pneumoniae | LPS] Bayes iter 38/200 done.
[Klebsiella_Pneumoniae | LPS] Bayes iter 39/200 done.
[Klebsiella_Pneumoniae | LPS] Bayes iter 40/200 done.
[Klebsiella_Pneumoniae | LPS] Bayes iter 41/200 done.
[Klebsiella_Pneumoniae | LPS] Bayes iter 42/200 done.
[Klebsiella_Pneumoniae | LPS] Bayes iter 43/200 done.
[Klebsiella_Pneumoniae | LPS] Bayes iter 44/200 done.
[Klebsiella_Pneumoniae | LPS] Bayes iter 45/200 done.
[Klebsiella_Pneumoniae | LPS] Bayes iter 46/200 done.
[Klebsiella_Pneumoniae | LPS] Bayes iter 47/200 done.
[Klebsiella_Pneumoniae | LPS] Bayes iter 48/200 done.
[Klebsiella_Pneumoniae | LPS] Bayes iter 49/200 done.
[Klebsiella_Pneumoniae | LPS] Bayes iter 50/200 done.
[Klebsiella_Pneumoniae | LPS] Bayes iter 51/200 done.
[Klebsiella_Pneumoniae | LPS] Bayes iter 52/200 done.
[Klebsiella_Pneumoniae | LPS] Bayes iter 53/200 done.
[Klebsiella_Pneumoniae | LPS] Bayes iter 54/200 done.
[Klebsiella_Pneumoniae | LPS] Bayes iter 55/200 done.
[Klebsiella_Pneumoniae | LPS] Bayes iter 56/200 done.
[Klebsiella_Pneumoniae | LPS] Bayes iter 57/200 done.
[Klebsiella_Pneumoniae | LPS] Bayes iter 58/200 done.
[Klebsiella_Pneumoniae | LPS] Bayes iter 59/200 done.
[Klebsiella_Pneumoniae | LPS] Bayes iter 60/200 done.
[Klebsiella_Pneumoniae | LPS] Bayes iter 61/200 done.
[Klebsiella_Pneumoniae | LPS] Bayes iter 62/200 done.
[Klebsiella_Pneumoniae | LPS] Bayes iter 63/200 done.
[Klebsiella_Pneumoniae | LPS] Bayes iter 64/200 done.
[Klebsiella_Pneumoniae | LPS] Bayes iter 65/200 done.
[Klebsiella_Pneumoniae | LPS] Bayes iter 66/200 done.
[Klebsiella_Pneumoniae | LPS] Bayes iter 67/200 done.
[Klebsiella_Pneumoniae | LPS] Bayes iter 68/200 done.
[Klebsiella_Pneumoniae | LPS] Bayes iter 69/200 done.
[Klebsiella_Pneumoniae | LPS] Bayes iter 70/200 done.
[Klebsiella_Pneumoniae | LPS] Bayes iter 71/200 done.
[Klebsiella_Pneumoniae | LPS] Bayes iter 72/200 done.
[Klebsiella_Pneumoniae | LPS] Bayes iter 73/200 done.
[Klebsiella_Pneumoniae | LPS] Bayes iter 74/200 done.
[Klebsiella_Pneumoniae | LPS] Bayes iter 75/200 done.
[Klebsiella_Pneumoniae | LPS] Bayes iter 76/200 done.
[Klebsiella_Pneumoniae | LPS] Bayes iter 77/200 done.
[Klebsiella_Pneumoniae | LPS] Bayes iter 78/200 done.
[Klebsiella_Pneumoniae | LPS] Bayes iter 79/200 done.
[Klebsiella_Pneumoniae | LPS] Bayes iter 80/200 done.
[Klebsiella_Pneumoniae | LPS] Bayes iter 81/200 done.
[Klebsiella_Pneumoniae | LPS] Bayes iter 82/200 done.
[Klebsiella_Pneumoniae | LPS] Bayes iter 83/200 done.
[Klebsiella_Pneumoniae | LPS] Bayes iter 84/200 done.
[Klebsiella_Pneumoniae | LPS] Bayes iter 85/200 done.
[Klebsiella_Pneumoniae | LPS] Bayes iter 86/200 done.
[Klebsiella_Pneumoniae | LPS] Bayes iter 87/200 done.
[Klebsiella_Pneumoniae | LPS] Bayes iter 88/200 done.
[Klebsiella_Pneumoniae | LPS] Bayes iter 89/200 done.
[Klebsiella_Pneumoniae | LPS] Bayes iter 90/200 done.
[Klebsiella_Pneumoniae | LPS] Bayes iter 91/200 done.
[Klebsiella_Pneumoniae | LPS] Bayes iter 92/200 done.
[Klebsiella_Pneumoniae | LPS] Bayes iter 93/200 done.
[Klebsiella_Pneumoniae | LPS] Bayes iter 94/200 done.
[Klebsiella_Pneumoniae | LPS] Bayes iter 95/200 done.
[Klebsiella_Pneumoniae | LPS] Bayes iter 96/200 done.
[Klebsiella_Pneumoniae | LPS] Bayes iter 97/200 done.
[Klebsiella_Pneumoniae | LPS] Bayes iter 98/200 done.
[Klebsiella_Pneumoniae | LPS] Bayes iter 99/200 done.
[Klebsiella_Pneumoniae | LPS] Bayes iter 100/200 done.
[Klebsiella_Pneumoniae | LPS] Bayes iter 101/200 done.
[Klebsiella_Pneumoniae | LPS] Bayes iter 102/200 done.
[Klebsiella_Pneumoniae | LPS] Bayes iter 103/200 done.
[Klebsiella_Pneumoniae | LPS] Bayes iter 104/200 done.
[Klebsiella_Pneumoniae | LPS] Bayes iter 105/200 done.
[Klebsiella_Pneumoniae | LPS] Bayes iter 106/200 done.
[Klebsiella_Pneumoniae | LPS] Bayes iter 107/200 done.
[Klebsiella_Pneumoniae | LPS] Bayes iter 108/200 done.
[Klebsiella_Pneumoniae | LPS] Bayes iter 109/200 done.
[Klebsiella_Pneumoniae | LPS] Bayes iter 110/200 done.
[Klebsiella_Pneumoniae | LPS] Bayes iter 111/200 done.
[Klebsiella_Pneumoniae | LPS] Bayes iter 112/200 done.
[Klebsiella_Pneumoniae | LPS] Bayes iter 113/200 done.
[Klebsiella_Pneumoniae | LPS] Bayes iter 114/200 done.
[Klebsiella_Pneumoniae | LPS] Bayes iter 115/200 done.
[Klebsiella_Pneumoniae | LPS] Bayes iter 116/200 done.
[Klebsiella_Pneumoniae | LPS] Bayes iter 117/200 done.
[Klebsiella_Pneumoniae | LPS] Bayes iter 118/200 done.
[Klebsiella_Pneumoniae | LPS] Bayes iter 119/200 done.
[Klebsiella_Pneumoniae | LPS] Bayes iter 120/200 done.
[Klebsiella_Pneumoniae | LPS] Bayes iter 121/200 done.
[Klebsiella_Pneumoniae | LPS] Bayes iter 122/200 done.
[Klebsiella_Pneumoniae | LPS] Bayes iter 123/200 done.
[Klebsiella_Pneumoniae | LPS] Bayes iter 124/200 done.
[Klebsiella_Pneumoniae | LPS] Bayes iter 125/200 done.
[Klebsiella_Pneumoniae | LPS] Bayes iter 126/200 done.
[Klebsiella_Pneumoniae | LPS] Bayes iter 127/200 done.
[Klebsiella_Pneumoniae | LPS] Bayes iter 128/200 done.
[Klebsiella_Pneumoniae | LPS] Bayes iter 129/200 done.
[Klebsiella_Pneumoniae | LPS] Bayes iter 130/200 done.
[Klebsiella_Pneumoniae | LPS] Bayes iter 131/200 done.
[Klebsiella_Pneumoniae | LPS] Bayes iter 132/200 done.
[Klebsiella_Pneumoniae | LPS] Bayes iter 133/200 done.
[Klebsiella_Pneumoniae | LPS] Bayes iter 134/200 done.
[Klebsiella_Pneumoniae | LPS] Bayes iter 135/200 done.
[Klebsiella_Pneumoniae | LPS] Bayes iter 136/200 done.
[Klebsiella_Pneumoniae | LPS] Bayes iter 137/200 done.
[Klebsiella_Pneumoniae | LPS] Bayes iter 138/200 done.
[Klebsiella_Pneumoniae | LPS] Bayes iter 139/200 done.
[Klebsiella_Pneumoniae | LPS] Bayes iter 140/200 done.
[Klebsiella_Pneumoniae | LPS] Bayes iter 141/200 done.
[Klebsiella_Pneumoniae | LPS] Bayes iter 142/200 done.
[Klebsiella_Pneumoniae | LPS] Bayes iter 143/200 done.
[Klebsiella_Pneumoniae | LPS] Bayes iter 144/200 done.
[Klebsiella_Pneumoniae | LPS] Bayes iter 145/200 done.
[Klebsiella_Pneumoniae | LPS] Bayes iter 146/200 done.
[Klebsiella_Pneumoniae | LPS] Bayes iter 147/200 done.
[Klebsiella_Pneumoniae | LPS] Bayes iter 148/200 done.
[Klebsiella_Pneumoniae | LPS] Bayes iter 149/200 done.
[Klebsiella_Pneumoniae | LPS] Bayes iter 150/200 done.
[Klebsiella_Pneumoniae | LPS] Bayes iter 151/200 done.
[Klebsiella_Pneumoniae | LPS] Bayes iter 152/200 done.
[Klebsiella_Pneumoniae | LPS] Bayes iter 153/200 done.
[Klebsiella_Pneumoniae | LPS] Bayes iter 154/200 done.
[Klebsiella_Pneumoniae | LPS] Bayes iter 155/200 done.
[Klebsiella_Pneumoniae | LPS] Bayes iter 156/200 done.
[Klebsiella_Pneumoniae | LPS] Bayes iter 157/200 done.
[Klebsiella_Pneumoniae | LPS] Bayes iter 158/200 done.
[Klebsiella_Pneumoniae | LPS] Bayes iter 159/200 done.
[Klebsiella_Pneumoniae | LPS] Bayes iter 160/200 done.
[Klebsiella_Pneumoniae | LPS] Bayes iter 161/200 done.
[Klebsiella_Pneumoniae | LPS] Bayes iter 162/200 done.
[Klebsiella_Pneumoniae | LPS] Bayes iter 163/200 done.
[Klebsiella_Pneumoniae | LPS] Bayes iter 164/200 done.
[Klebsiella_Pneumoniae | LPS] Bayes iter 165/200 done.
[Klebsiella_Pneumoniae | LPS] Bayes iter 166/200 done.
[Klebsiella_Pneumoniae | LPS] Bayes iter 167/200 done.
[Klebsiella_Pneumoniae | LPS] Bayes iter 168/200 done.
[Klebsiella_Pneumoniae | LPS] Bayes iter 169/200 done.
[Klebsiella_Pneumoniae | LPS] Bayes iter 170/200 done.
[Klebsiella_Pneumoniae | LPS] Bayes iter 171/200 done.
[Klebsiella_Pneumoniae | LPS] Bayes iter 172/200 done.
[Klebsiella_Pneumoniae | LPS] Bayes iter 173/200 done.
[Klebsiella_Pneumoniae | LPS] Bayes iter 174/200 done.
[Klebsiella_Pneumoniae | LPS] Bayes iter 175/200 done.
[Klebsiella_Pneumoniae | LPS] Bayes iter 176/200 done.
[Klebsiella_Pneumoniae | LPS] Bayes iter 177/200 done.
[Klebsiella_Pneumoniae | LPS] Bayes iter 178/200 done.
[Klebsiella_Pneumoniae | LPS] Bayes iter 179/200 done.
[Klebsiella_Pneumoniae | LPS] Bayes iter 180/200 done.
[Klebsiella_Pneumoniae | LPS] Bayes iter 181/200 done.
[Klebsiella_Pneumoniae | LPS] Bayes iter 182/200 done.
[Klebsiella_Pneumoniae | LPS] Bayes iter 183/200 done.
[Klebsiella_Pneumoniae | LPS] Bayes iter 184/200 done.
[Klebsiella_Pneumoniae | LPS] Bayes iter 185/200 done.
[Klebsiella_Pneumoniae | LPS] Bayes iter 186/200 done.
[Klebsiella_Pneumoniae | LPS] Bayes iter 187/200 done.
[Klebsiella_Pneumoniae | LPS] Bayes iter 188/200 done.
[Klebsiella_Pneumoniae | LPS] Bayes iter 189/200 done.
[Klebsiella_Pneumoniae | LPS] Bayes iter 190/200 done.
[Klebsiella_Pneumoniae | LPS] Bayes iter 191/200 done.
[Klebsiella_Pneumoniae | LPS] Bayes iter 192/200 done.
[Klebsiella_Pneumoniae | LPS] Bayes iter 193/200 done.
[Klebsiella_Pneumoniae | LPS] Bayes iter 194/200 done.
[Klebsiella_Pneumoniae | LPS] Bayes iter 195/200 done.
[Klebsiella_Pneumoniae | LPS] Bayes iter 196/200 done.
[Klebsiella_Pneumoniae | LPS] Bayes iter 197/200 done.
[Klebsiella_Pneumoniae | LPS] Bayes iter 198/200 done.
[Klebsiella_Pneumoniae | LPS] Bayes iter 199/200 done.
[Klebsiella_Pneumoniae | LPS] Bayes iter 200/200 done.
[Klebsiella_Pneumoniae | LPS] BayesSearchCV finished. best_score=0.8901431525381991
[Klebsiella_Pneumoniae | LPS] 

LPS Results:
Accuracy: 0.7889087656529516
Hamming : 0.0836314847942755
F1      : 0.8936039072087503

===================================
Processing species: Pseudomonas_Aeruginosa
===================================
Drop NaN: 3274 -> 2262
Final samples: 2257
Unique patterns: 6
Antibiotics (3): ['Ciprofloxacin', 'Imipenem', 'Meropenem']
Train size: 1805
Test size : 452

Training independent binary classifiers...

Antibiotic 1/3: Ciprofloxacin
[Pseudomonas_Aeruginosa | BIN | Ciprofloxacin] BayesSearchCV starting: n_iter=200, cv=5, n_jobs=10, n_points=1
[Pseudomonas_Aeruginosa | BIN | Ciprofloxacin] Bayes iter 1/200 done.
[Pseudomonas_Aeruginosa | BIN | Ciprofloxacin] Bayes iter 2/200 done.
[Pseudomonas_Aeruginosa | BIN | Ciprofloxacin] Bayes iter 3/200 done.
[Pseudomonas_Aeruginosa | BIN | Ciprofloxacin] Bayes iter 4/200 done.
[Pseudomonas_Aeruginosa | BIN | Ciprofloxacin] Bayes iter 5/200 done.
[Pseudomonas_Aeruginosa | BIN | Ciprofloxacin] Bayes iter 6/200 done.
[Pseudomonas_Aeruginosa | BIN | Ciprofloxacin] Bayes iter 7/200 done.
[Pseudomonas_Aeruginosa | BIN | Ciprofloxacin] Bayes iter 8/200 done.
[Pseudomonas_Aeruginosa | BIN | Ciprofloxacin] Bayes iter 9/200 done.
[Pseudomonas_Aeruginosa | BIN | Ciprofloxacin] Bayes iter 10/200 done.
[Pseudomonas_Aeruginosa | BIN | Ciprofloxacin] Bayes iter 11/200 done.
[Pseudomonas_Aeruginosa | BIN | Ciprofloxacin] Bayes iter 12/200 done.
[Pseudomonas_Aeruginosa | BIN | Ciprofloxacin] Bayes iter 13/200 done.
[Pseudomonas_Aeruginosa | BIN | Ciprofloxacin] Bayes iter 14/200 done.
[Pseudomonas_Aeruginosa | BIN | Ciprofloxacin] Bayes iter 15/200 done.
[Pseudomonas_Aeruginosa | BIN | Ciprofloxacin] Bayes iter 16/200 done.
[Pseudomonas_Aeruginosa | BIN | Ciprofloxacin] Bayes iter 17/200 done.
[Pseudomonas_Aeruginosa | BIN | Ciprofloxacin] Bayes iter 18/200 done.
[Pseudomonas_Aeruginosa | BIN | Ciprofloxacin] Bayes iter 19/200 done.
[Pseudomonas_Aeruginosa | BIN | Ciprofloxacin] Bayes iter 20/200 done.
[Pseudomonas_Aeruginosa | BIN | Ciprofloxacin] Bayes iter 21/200 done.
[Pseudomonas_Aeruginosa | BIN | Ciprofloxacin] Bayes iter 22/200 done.
[Pseudomonas_Aeruginosa | BIN | Ciprofloxacin] Bayes iter 23/200 done.
[Pseudomonas_Aeruginosa | BIN | Ciprofloxacin] Bayes iter 24/200 done.
[Pseudomonas_Aeruginosa | BIN | Ciprofloxacin] Bayes iter 25/200 done.
[Pseudomonas_Aeruginosa | BIN | Ciprofloxacin] Bayes iter 26/200 done.
[Pseudomonas_Aeruginosa | BIN | Ciprofloxacin] Bayes iter 27/200 done.
[Pseudomonas_Aeruginosa | BIN | Ciprofloxacin] Bayes iter 28/200 done.
[Pseudomonas_Aeruginosa | BIN | Ciprofloxacin] Bayes iter 29/200 done.
[Pseudomonas_Aeruginosa | BIN | Ciprofloxacin] Bayes iter 30/200 done.
[Pseudomonas_Aeruginosa | BIN | Ciprofloxacin] Bayes iter 31/200 done.
[Pseudomonas_Aeruginosa | BIN | Ciprofloxacin] Bayes iter 32/200 done.
[Pseudomonas_Aeruginosa | BIN | Ciprofloxacin] Bayes iter 33/200 done.
[Pseudomonas_Aeruginosa | BIN | Ciprofloxacin] Bayes iter 34/200 done.
[Pseudomonas_Aeruginosa | BIN | Ciprofloxacin] Bayes iter 35/200 done.
[Pseudomonas_Aeruginosa | BIN | Ciprofloxacin] Bayes iter 36/200 done.
[Pseudomonas_Aeruginosa | BIN | Ciprofloxacin] Bayes iter 37/200 done.
[Pseudomonas_Aeruginosa | BIN | Ciprofloxacin] Bayes iter 38/200 done.
[Pseudomonas_Aeruginosa | BIN | Ciprofloxacin] Bayes iter 39/200 done.
[Pseudomonas_Aeruginosa | BIN | Ciprofloxacin] Bayes iter 40/200 done.
[Pseudomonas_Aeruginosa | BIN | Ciprofloxacin] Bayes iter 41/200 done.
[Pseudomonas_Aeruginosa | BIN | Ciprofloxacin] Bayes iter 42/200 done.
[Pseudomonas_Aeruginosa | BIN | Ciprofloxacin] Bayes iter 43/200 done.
[Pseudomonas_Aeruginosa | BIN | Ciprofloxacin] Bayes iter 44/200 done.
[Pseudomonas_Aeruginosa | BIN | Ciprofloxacin] Bayes iter 45/200 done.
[Pseudomonas_Aeruginosa | BIN | Ciprofloxacin] Bayes iter 46/200 done.
[Pseudomonas_Aeruginosa | BIN | Ciprofloxacin] Bayes iter 47/200 done.
[Pseudomonas_Aeruginosa | BIN | Ciprofloxacin] Bayes iter 48/200 done.
[Pseudomonas_Aeruginosa | BIN | Ciprofloxacin] Bayes iter 49/200 done.
[Pseudomonas_Aeruginosa | BIN | Ciprofloxacin] Bayes iter 50/200 done.
[Pseudomonas_Aeruginosa | BIN | Ciprofloxacin] Bayes iter 51/200 done.
[Pseudomonas_Aeruginosa | BIN | Ciprofloxacin] Bayes iter 52/200 done.
[Pseudomonas_Aeruginosa | BIN | Ciprofloxacin] Bayes iter 53/200 done.
[Pseudomonas_Aeruginosa | BIN | Ciprofloxacin] Bayes iter 54/200 done.
[Pseudomonas_Aeruginosa | BIN | Ciprofloxacin] Bayes iter 55/200 done.
[Pseudomonas_Aeruginosa | BIN | Ciprofloxacin] Bayes iter 56/200 done.
[Pseudomonas_Aeruginosa | BIN | Ciprofloxacin] Bayes iter 57/200 done.
[Pseudomonas_Aeruginosa | BIN | Ciprofloxacin] Bayes iter 58/200 done.
[Pseudomonas_Aeruginosa | BIN | Ciprofloxacin] Bayes iter 59/200 done.
[Pseudomonas_Aeruginosa | BIN | Ciprofloxacin] Bayes iter 60/200 done.
[Pseudomonas_Aeruginosa | BIN | Ciprofloxacin] Bayes iter 61/200 done.
[Pseudomonas_Aeruginosa | BIN | Ciprofloxacin] Bayes iter 62/200 done.
[Pseudomonas_Aeruginosa | BIN | Ciprofloxacin] Bayes iter 63/200 done.
[Pseudomonas_Aeruginosa | BIN | Ciprofloxacin] Bayes iter 64/200 done.
[Pseudomonas_Aeruginosa | BIN | Ciprofloxacin] Bayes iter 65/200 done.
[Pseudomonas_Aeruginosa | BIN | Ciprofloxacin] Bayes iter 66/200 done.
[Pseudomonas_Aeruginosa | BIN | Ciprofloxacin] Bayes iter 67/200 done.
[Pseudomonas_Aeruginosa | BIN | Ciprofloxacin] Bayes iter 68/200 done.
[Pseudomonas_Aeruginosa | BIN | Ciprofloxacin] Bayes iter 69/200 done.
[Pseudomonas_Aeruginosa | BIN | Ciprofloxacin] Bayes iter 70/200 done.
[Pseudomonas_Aeruginosa | BIN | Ciprofloxacin] Bayes iter 71/200 done.
[Pseudomonas_Aeruginosa | BIN | Ciprofloxacin] Bayes iter 72/200 done.
[Pseudomonas_Aeruginosa | BIN | Ciprofloxacin] Bayes iter 73/200 done.
[Pseudomonas_Aeruginosa | BIN | Ciprofloxacin] Bayes iter 74/200 done.
[Pseudomonas_Aeruginosa | BIN | Ciprofloxacin] Bayes iter 75/200 done.
[Pseudomonas_Aeruginosa | BIN | Ciprofloxacin] Bayes iter 76/200 done.
[Pseudomonas_Aeruginosa | BIN | Ciprofloxacin] Bayes iter 77/200 done.
[Pseudomonas_Aeruginosa | BIN | Ciprofloxacin] Bayes iter 78/200 done.
[Pseudomonas_Aeruginosa | BIN | Ciprofloxacin] Bayes iter 79/200 done.
[Pseudomonas_Aeruginosa | BIN | Ciprofloxacin] Bayes iter 80/200 done.
[Pseudomonas_Aeruginosa | BIN | Ciprofloxacin] Bayes iter 81/200 done.
[Pseudomonas_Aeruginosa | BIN | Ciprofloxacin] Bayes iter 82/200 done.
[Pseudomonas_Aeruginosa | BIN | Ciprofloxacin] Bayes iter 83/200 done.
[Pseudomonas_Aeruginosa | BIN | Ciprofloxacin] Bayes iter 84/200 done.
[Pseudomonas_Aeruginosa | BIN | Ciprofloxacin] Bayes iter 85/200 done.
[Pseudomonas_Aeruginosa | BIN | Ciprofloxacin] Bayes iter 86/200 done.
[Pseudomonas_Aeruginosa | BIN | Ciprofloxacin] Bayes iter 87/200 done.
[Pseudomonas_Aeruginosa | BIN | Ciprofloxacin] Bayes iter 88/200 done.
[Pseudomonas_Aeruginosa | BIN | Ciprofloxacin] Bayes iter 89/200 done.
[Pseudomonas_Aeruginosa | BIN | Ciprofloxacin] Bayes iter 90/200 done.
[Pseudomonas_Aeruginosa | BIN | Ciprofloxacin] Bayes iter 91/200 done.
[Pseudomonas_Aeruginosa | BIN | Ciprofloxacin] Bayes iter 92/200 done.
[Pseudomonas_Aeruginosa | BIN | Ciprofloxacin] Bayes iter 93/200 done.
[Pseudomonas_Aeruginosa | BIN | Ciprofloxacin] Bayes iter 94/200 done.
[Pseudomonas_Aeruginosa | BIN | Ciprofloxacin] Bayes iter 95/200 done.
[Pseudomonas_Aeruginosa | BIN | Ciprofloxacin] Bayes iter 96/200 done.
[Pseudomonas_Aeruginosa | BIN | Ciprofloxacin] Bayes iter 97/200 done.
[Pseudomonas_Aeruginosa | BIN | Ciprofloxacin] Bayes iter 98/200 done.
[Pseudomonas_Aeruginosa | BIN | Ciprofloxacin] Bayes iter 99/200 done.
[Pseudomonas_Aeruginosa | BIN | Ciprofloxacin] Bayes iter 100/200 done.
[Pseudomonas_Aeruginosa | BIN | Ciprofloxacin] Bayes iter 101/200 done.
[Pseudomonas_Aeruginosa | BIN | Ciprofloxacin] Bayes iter 102/200 done.
[Pseudomonas_Aeruginosa | BIN | Ciprofloxacin] Bayes iter 103/200 done.
[Pseudomonas_Aeruginosa | BIN | Ciprofloxacin] Bayes iter 104/200 done.
[Pseudomonas_Aeruginosa | BIN | Ciprofloxacin] Bayes iter 105/200 done.
[Pseudomonas_Aeruginosa | BIN | Ciprofloxacin] Bayes iter 106/200 done.
[Pseudomonas_Aeruginosa | BIN | Ciprofloxacin] Bayes iter 107/200 done.
[Pseudomonas_Aeruginosa | BIN | Ciprofloxacin] Bayes iter 108/200 done.
[Pseudomonas_Aeruginosa | BIN | Ciprofloxacin] Bayes iter 109/200 done.
[Pseudomonas_Aeruginosa | BIN | Ciprofloxacin] Bayes iter 110/200 done.
[Pseudomonas_Aeruginosa | BIN | Ciprofloxacin] Bayes iter 111/200 done.
[Pseudomonas_Aeruginosa | BIN | Ciprofloxacin] Bayes iter 112/200 done.
[Pseudomonas_Aeruginosa | BIN | Ciprofloxacin] Bayes iter 113/200 done.
[Pseudomonas_Aeruginosa | BIN | Ciprofloxacin] Bayes iter 114/200 done.
[Pseudomonas_Aeruginosa | BIN | Ciprofloxacin] Bayes iter 115/200 done.
[Pseudomonas_Aeruginosa | BIN | Ciprofloxacin] Bayes iter 116/200 done.
[Pseudomonas_Aeruginosa | BIN | Ciprofloxacin] Bayes iter 117/200 done.
[Pseudomonas_Aeruginosa | BIN | Ciprofloxacin] Bayes iter 118/200 done.
[Pseudomonas_Aeruginosa | BIN | Ciprofloxacin] Bayes iter 119/200 done.
[Pseudomonas_Aeruginosa | BIN | Ciprofloxacin] Bayes iter 120/200 done.
[Pseudomonas_Aeruginosa | BIN | Ciprofloxacin] Bayes iter 121/200 done.
[Pseudomonas_Aeruginosa | BIN | Ciprofloxacin] Bayes iter 122/200 done.
[Pseudomonas_Aeruginosa | BIN | Ciprofloxacin] Bayes iter 123/200 done.
[Pseudomonas_Aeruginosa | BIN | Ciprofloxacin] Bayes iter 124/200 done.
[Pseudomonas_Aeruginosa | BIN | Ciprofloxacin] Bayes iter 125/200 done.
[Pseudomonas_Aeruginosa | BIN | Ciprofloxacin] Bayes iter 126/200 done.
[Pseudomonas_Aeruginosa | BIN | Ciprofloxacin] Bayes iter 127/200 done.
[Pseudomonas_Aeruginosa | BIN | Ciprofloxacin] Bayes iter 128/200 done.
[Pseudomonas_Aeruginosa | BIN | Ciprofloxacin] Bayes iter 129/200 done.
[Pseudomonas_Aeruginosa | BIN | Ciprofloxacin] Bayes iter 130/200 done.
[Pseudomonas_Aeruginosa | BIN | Ciprofloxacin] Bayes iter 131/200 done.
[Pseudomonas_Aeruginosa | BIN | Ciprofloxacin] Bayes iter 132/200 done.
[Pseudomonas_Aeruginosa | BIN | Ciprofloxacin] Bayes iter 133/200 done.
[Pseudomonas_Aeruginosa | BIN | Ciprofloxacin] Bayes iter 134/200 done.
[Pseudomonas_Aeruginosa | BIN | Ciprofloxacin] Bayes iter 135/200 done.
[Pseudomonas_Aeruginosa | BIN | Ciprofloxacin] Bayes iter 136/200 done.
[Pseudomonas_Aeruginosa | BIN | Ciprofloxacin] Bayes iter 137/200 done.
[Pseudomonas_Aeruginosa | BIN | Ciprofloxacin] Bayes iter 138/200 done.
[Pseudomonas_Aeruginosa | BIN | Ciprofloxacin] Bayes iter 139/200 done.
[Pseudomonas_Aeruginosa | BIN | Ciprofloxacin] Bayes iter 140/200 done.
[Pseudomonas_Aeruginosa | BIN | Ciprofloxacin] Bayes iter 141/200 done.
[Pseudomonas_Aeruginosa | BIN | Ciprofloxacin] Bayes iter 142/200 done.
[Pseudomonas_Aeruginosa | BIN | Ciprofloxacin] Bayes iter 143/200 done.
[Pseudomonas_Aeruginosa | BIN | Ciprofloxacin] Bayes iter 144/200 done.
[Pseudomonas_Aeruginosa | BIN | Ciprofloxacin] Bayes iter 145/200 done.
[Pseudomonas_Aeruginosa | BIN | Ciprofloxacin] Bayes iter 146/200 done.
[Pseudomonas_Aeruginosa | BIN | Ciprofloxacin] Bayes iter 147/200 done.
[Pseudomonas_Aeruginosa | BIN | Ciprofloxacin] Bayes iter 148/200 done.
[Pseudomonas_Aeruginosa | BIN | Ciprofloxacin] Bayes iter 149/200 done.
[Pseudomonas_Aeruginosa | BIN | Ciprofloxacin] Bayes iter 150/200 done.
[Pseudomonas_Aeruginosa | BIN | Ciprofloxacin] Bayes iter 151/200 done.
[Pseudomonas_Aeruginosa | BIN | Ciprofloxacin] Bayes iter 152/200 done.
[Pseudomonas_Aeruginosa | BIN | Ciprofloxacin] Bayes iter 153/200 done.
[Pseudomonas_Aeruginosa | BIN | Ciprofloxacin] Bayes iter 154/200 done.
[Pseudomonas_Aeruginosa | BIN | Ciprofloxacin] Bayes iter 155/200 done.
[Pseudomonas_Aeruginosa | BIN | Ciprofloxacin] Bayes iter 156/200 done.
[Pseudomonas_Aeruginosa | BIN | Ciprofloxacin] Bayes iter 157/200 done.
[Pseudomonas_Aeruginosa | BIN | Ciprofloxacin] Bayes iter 158/200 done.
[Pseudomonas_Aeruginosa | BIN | Ciprofloxacin] Bayes iter 159/200 done.
[Pseudomonas_Aeruginosa | BIN | Ciprofloxacin] Bayes iter 160/200 done.
[Pseudomonas_Aeruginosa | BIN | Ciprofloxacin] Bayes iter 161/200 done.
[Pseudomonas_Aeruginosa | BIN | Ciprofloxacin] Bayes iter 162/200 done.
[Pseudomonas_Aeruginosa | BIN | Ciprofloxacin] Bayes iter 163/200 done.
[Pseudomonas_Aeruginosa | BIN | Ciprofloxacin] Bayes iter 164/200 done.
[Pseudomonas_Aeruginosa | BIN | Ciprofloxacin] Bayes iter 165/200 done.
[Pseudomonas_Aeruginosa | BIN | Ciprofloxacin] Bayes iter 166/200 done.
[Pseudomonas_Aeruginosa | BIN | Ciprofloxacin] Bayes iter 167/200 done.
[Pseudomonas_Aeruginosa | BIN | Ciprofloxacin] Bayes iter 168/200 done.
[Pseudomonas_Aeruginosa | BIN | Ciprofloxacin] Bayes iter 169/200 done.
[Pseudomonas_Aeruginosa | BIN | Ciprofloxacin] Bayes iter 170/200 done.
[Pseudomonas_Aeruginosa | BIN | Ciprofloxacin] Bayes iter 171/200 done.
[Pseudomonas_Aeruginosa | BIN | Ciprofloxacin] Bayes iter 172/200 done.
[Pseudomonas_Aeruginosa | BIN | Ciprofloxacin] Bayes iter 173/200 done.
[Pseudomonas_Aeruginosa | BIN | Ciprofloxacin] Bayes iter 174/200 done.
[Pseudomonas_Aeruginosa | BIN | Ciprofloxacin] Bayes iter 175/200 done.
[Pseudomonas_Aeruginosa | BIN | Ciprofloxacin] Bayes iter 176/200 done.
[Pseudomonas_Aeruginosa | BIN | Ciprofloxacin] Bayes iter 177/200 done.
[Pseudomonas_Aeruginosa | BIN | Ciprofloxacin] Bayes iter 178/200 done.
[Pseudomonas_Aeruginosa | BIN | Ciprofloxacin] Bayes iter 179/200 done.
[Pseudomonas_Aeruginosa | BIN | Ciprofloxacin] Bayes iter 180/200 done.
[Pseudomonas_Aeruginosa | BIN | Ciprofloxacin] Bayes iter 181/200 done.
[Pseudomonas_Aeruginosa | BIN | Ciprofloxacin] Bayes iter 182/200 done.
[Pseudomonas_Aeruginosa | BIN | Ciprofloxacin] Bayes iter 183/200 done.
[Pseudomonas_Aeruginosa | BIN | Ciprofloxacin] Bayes iter 184/200 done.
[Pseudomonas_Aeruginosa | BIN | Ciprofloxacin] Bayes iter 185/200 done.
[Pseudomonas_Aeruginosa | BIN | Ciprofloxacin] Bayes iter 186/200 done.
[Pseudomonas_Aeruginosa | BIN | Ciprofloxacin] Bayes iter 187/200 done.
[Pseudomonas_Aeruginosa | BIN | Ciprofloxacin] Bayes iter 188/200 done.
[Pseudomonas_Aeruginosa | BIN | Ciprofloxacin] Bayes iter 189/200 done.
[Pseudomonas_Aeruginosa | BIN | Ciprofloxacin] Bayes iter 190/200 done.
[Pseudomonas_Aeruginosa | BIN | Ciprofloxacin] Bayes iter 191/200 done.
[Pseudomonas_Aeruginosa | BIN | Ciprofloxacin] Bayes iter 192/200 done.
[Pseudomonas_Aeruginosa | BIN | Ciprofloxacin] Bayes iter 193/200 done.
[Pseudomonas_Aeruginosa | BIN | Ciprofloxacin] Bayes iter 194/200 done.
[Pseudomonas_Aeruginosa | BIN | Ciprofloxacin] Bayes iter 195/200 done.
[Pseudomonas_Aeruginosa | BIN | Ciprofloxacin] Bayes iter 196/200 done.
[Pseudomonas_Aeruginosa | BIN | Ciprofloxacin] Bayes iter 197/200 done.
[Pseudomonas_Aeruginosa | BIN | Ciprofloxacin] Bayes iter 198/200 done.
[Pseudomonas_Aeruginosa | BIN | Ciprofloxacin] Bayes iter 199/200 done.
[Pseudomonas_Aeruginosa | BIN | Ciprofloxacin] Bayes iter 200/200 done.
[Pseudomonas_Aeruginosa | BIN | Ciprofloxacin] BayesSearchCV finished. best_score=0.8287361230877135
[Pseudomonas_Aeruginosa | BIN | Ciprofloxacin] Best params: OrderedDict({'bootstrap': False, 'max_depth': 10, 'min_samples_leaf': 1, 'n_estimators': 520, 'random_state': 0})

Antibiotic 2/3: Imipenem
[Pseudomonas_Aeruginosa | BIN | Imipenem] BayesSearchCV starting: n_iter=200, cv=5, n_jobs=10, n_points=1
[Pseudomonas_Aeruginosa | BIN | Imipenem] Bayes iter 1/200 done.
[Pseudomonas_Aeruginosa | BIN | Imipenem] Bayes iter 2/200 done.
[Pseudomonas_Aeruginosa | BIN | Imipenem] Bayes iter 3/200 done.
[Pseudomonas_Aeruginosa | BIN | Imipenem] Bayes iter 4/200 done.
[Pseudomonas_Aeruginosa | BIN | Imipenem] Bayes iter 5/200 done.
[Pseudomonas_Aeruginosa | BIN | Imipenem] Bayes iter 6/200 done.
[Pseudomonas_Aeruginosa | BIN | Imipenem] Bayes iter 7/200 done.
[Pseudomonas_Aeruginosa | BIN | Imipenem] Bayes iter 8/200 done.
[Pseudomonas_Aeruginosa | BIN | Imipenem] Bayes iter 9/200 done.
[Pseudomonas_Aeruginosa | BIN | Imipenem] Bayes iter 10/200 done.
[Pseudomonas_Aeruginosa | BIN | Imipenem] Bayes iter 11/200 done.
[Pseudomonas_Aeruginosa | BIN | Imipenem] Bayes iter 12/200 done.
[Pseudomonas_Aeruginosa | BIN | Imipenem] Bayes iter 13/200 done.
[Pseudomonas_Aeruginosa | BIN | Imipenem] Bayes iter 14/200 done.
[Pseudomonas_Aeruginosa | BIN | Imipenem] Bayes iter 15/200 done.
[Pseudomonas_Aeruginosa | BIN | Imipenem] Bayes iter 16/200 done.
[Pseudomonas_Aeruginosa | BIN | Imipenem] Bayes iter 17/200 done.
[Pseudomonas_Aeruginosa | BIN | Imipenem] Bayes iter 18/200 done.
[Pseudomonas_Aeruginosa | BIN | Imipenem] Bayes iter 19/200 done.
[Pseudomonas_Aeruginosa | BIN | Imipenem] Bayes iter 20/200 done.
[Pseudomonas_Aeruginosa | BIN | Imipenem] Bayes iter 21/200 done.
[Pseudomonas_Aeruginosa | BIN | Imipenem] Bayes iter 22/200 done.
[Pseudomonas_Aeruginosa | BIN | Imipenem] Bayes iter 23/200 done.
[Pseudomonas_Aeruginosa | BIN | Imipenem] Bayes iter 24/200 done.
[Pseudomonas_Aeruginosa | BIN | Imipenem] Bayes iter 25/200 done.
[Pseudomonas_Aeruginosa | BIN | Imipenem] Bayes iter 26/200 done.
[Pseudomonas_Aeruginosa | BIN | Imipenem] Bayes iter 27/200 done.
[Pseudomonas_Aeruginosa | BIN | Imipenem] Bayes iter 28/200 done.
[Pseudomonas_Aeruginosa | BIN | Imipenem] Bayes iter 29/200 done.
[Pseudomonas_Aeruginosa | BIN | Imipenem] Bayes iter 30/200 done.
[Pseudomonas_Aeruginosa | BIN | Imipenem] Bayes iter 31/200 done.
[Pseudomonas_Aeruginosa | BIN | Imipenem] Bayes iter 32/200 done.
[Pseudomonas_Aeruginosa | BIN | Imipenem] Bayes iter 33/200 done.
[Pseudomonas_Aeruginosa | BIN | Imipenem] Bayes iter 34/200 done.
[Pseudomonas_Aeruginosa | BIN | Imipenem] Bayes iter 35/200 done.
[Pseudomonas_Aeruginosa | BIN | Imipenem] Bayes iter 36/200 done.
[Pseudomonas_Aeruginosa | BIN | Imipenem] Bayes iter 37/200 done.
[Pseudomonas_Aeruginosa | BIN | Imipenem] Bayes iter 38/200 done.
[Pseudomonas_Aeruginosa | BIN | Imipenem] Bayes iter 39/200 done.
[Pseudomonas_Aeruginosa | BIN | Imipenem] Bayes iter 40/200 done.
[Pseudomonas_Aeruginosa | BIN | Imipenem] Bayes iter 41/200 done.
[Pseudomonas_Aeruginosa | BIN | Imipenem] Bayes iter 42/200 done.
[Pseudomonas_Aeruginosa | BIN | Imipenem] Bayes iter 43/200 done.
[Pseudomonas_Aeruginosa | BIN | Imipenem] Bayes iter 44/200 done.
[Pseudomonas_Aeruginosa | BIN | Imipenem] Bayes iter 45/200 done.
[Pseudomonas_Aeruginosa | BIN | Imipenem] Bayes iter 46/200 done.
[Pseudomonas_Aeruginosa | BIN | Imipenem] Bayes iter 47/200 done.
[Pseudomonas_Aeruginosa | BIN | Imipenem] Bayes iter 48/200 done.
[Pseudomonas_Aeruginosa | BIN | Imipenem] Bayes iter 49/200 done.
[Pseudomonas_Aeruginosa | BIN | Imipenem] Bayes iter 50/200 done.
[Pseudomonas_Aeruginosa | BIN | Imipenem] Bayes iter 51/200 done.
[Pseudomonas_Aeruginosa | BIN | Imipenem] Bayes iter 52/200 done.
[Pseudomonas_Aeruginosa | BIN | Imipenem] Bayes iter 53/200 done.
[Pseudomonas_Aeruginosa | BIN | Imipenem] Bayes iter 54/200 done.
[Pseudomonas_Aeruginosa | BIN | Imipenem] Bayes iter 55/200 done.
[Pseudomonas_Aeruginosa | BIN | Imipenem] Bayes iter 56/200 done.
[Pseudomonas_Aeruginosa | BIN | Imipenem] Bayes iter 57/200 done.
[Pseudomonas_Aeruginosa | BIN | Imipenem] Bayes iter 58/200 done.
[Pseudomonas_Aeruginosa | BIN | Imipenem] Bayes iter 59/200 done.
[Pseudomonas_Aeruginosa | BIN | Imipenem] Bayes iter 60/200 done.
[Pseudomonas_Aeruginosa | BIN | Imipenem] Bayes iter 61/200 done.
[Pseudomonas_Aeruginosa | BIN | Imipenem] Bayes iter 62/200 done.
[Pseudomonas_Aeruginosa | BIN | Imipenem] Bayes iter 63/200 done.
[Pseudomonas_Aeruginosa | BIN | Imipenem] Bayes iter 64/200 done.
[Pseudomonas_Aeruginosa | BIN | Imipenem] Bayes iter 65/200 done.
[Pseudomonas_Aeruginosa | BIN | Imipenem] Bayes iter 66/200 done.
[Pseudomonas_Aeruginosa | BIN | Imipenem] Bayes iter 67/200 done.
[Pseudomonas_Aeruginosa | BIN | Imipenem] Bayes iter 68/200 done.
[Pseudomonas_Aeruginosa | BIN | Imipenem] Bayes iter 69/200 done.
[Pseudomonas_Aeruginosa | BIN | Imipenem] Bayes iter 70/200 done.
[Pseudomonas_Aeruginosa | BIN | Imipenem] Bayes iter 71/200 done.
[Pseudomonas_Aeruginosa | BIN | Imipenem] Bayes iter 72/200 done.
[Pseudomonas_Aeruginosa | BIN | Imipenem] Bayes iter 73/200 done.
[Pseudomonas_Aeruginosa | BIN | Imipenem] Bayes iter 74/200 done.
[Pseudomonas_Aeruginosa | BIN | Imipenem] Bayes iter 75/200 done.
[Pseudomonas_Aeruginosa | BIN | Imipenem] Bayes iter 76/200 done.
[Pseudomonas_Aeruginosa | BIN | Imipenem] Bayes iter 77/200 done.
[Pseudomonas_Aeruginosa | BIN | Imipenem] Bayes iter 78/200 done.
[Pseudomonas_Aeruginosa | BIN | Imipenem] Bayes iter 79/200 done.
[Pseudomonas_Aeruginosa | BIN | Imipenem] Bayes iter 80/200 done.
[Pseudomonas_Aeruginosa | BIN | Imipenem] Bayes iter 81/200 done.
[Pseudomonas_Aeruginosa | BIN | Imipenem] Bayes iter 82/200 done.
[Pseudomonas_Aeruginosa | BIN | Imipenem] Bayes iter 83/200 done.
[Pseudomonas_Aeruginosa | BIN | Imipenem] Bayes iter 84/200 done.
[Pseudomonas_Aeruginosa | BIN | Imipenem] Bayes iter 85/200 done.
[Pseudomonas_Aeruginosa | BIN | Imipenem] Bayes iter 86/200 done.
[Pseudomonas_Aeruginosa | BIN | Imipenem] Bayes iter 87/200 done.
[Pseudomonas_Aeruginosa | BIN | Imipenem] Bayes iter 88/200 done.
[Pseudomonas_Aeruginosa | BIN | Imipenem] Bayes iter 89/200 done.
[Pseudomonas_Aeruginosa | BIN | Imipenem] Bayes iter 90/200 done.
[Pseudomonas_Aeruginosa | BIN | Imipenem] Bayes iter 91/200 done.
[Pseudomonas_Aeruginosa | BIN | Imipenem] Bayes iter 92/200 done.
[Pseudomonas_Aeruginosa | BIN | Imipenem] Bayes iter 93/200 done.
[Pseudomonas_Aeruginosa | BIN | Imipenem] Bayes iter 94/200 done.
[Pseudomonas_Aeruginosa | BIN | Imipenem] Bayes iter 95/200 done.
[Pseudomonas_Aeruginosa | BIN | Imipenem] Bayes iter 96/200 done.
[Pseudomonas_Aeruginosa | BIN | Imipenem] Bayes iter 97/200 done.
[Pseudomonas_Aeruginosa | BIN | Imipenem] Bayes iter 98/200 done.
[Pseudomonas_Aeruginosa | BIN | Imipenem] Bayes iter 99/200 done.
[Pseudomonas_Aeruginosa | BIN | Imipenem] Bayes iter 100/200 done.
[Pseudomonas_Aeruginosa | BIN | Imipenem] Bayes iter 101/200 done.
[Pseudomonas_Aeruginosa | BIN | Imipenem] Bayes iter 102/200 done.
[Pseudomonas_Aeruginosa | BIN | Imipenem] Bayes iter 103/200 done.
[Pseudomonas_Aeruginosa | BIN | Imipenem] Bayes iter 104/200 done.
[Pseudomonas_Aeruginosa | BIN | Imipenem] Bayes iter 105/200 done.
[Pseudomonas_Aeruginosa | BIN | Imipenem] Bayes iter 106/200 done.
[Pseudomonas_Aeruginosa | BIN | Imipenem] Bayes iter 107/200 done.
[Pseudomonas_Aeruginosa | BIN | Imipenem] Bayes iter 108/200 done.
[Pseudomonas_Aeruginosa | BIN | Imipenem] Bayes iter 109/200 done.
[Pseudomonas_Aeruginosa | BIN | Imipenem] Bayes iter 110/200 done.
[Pseudomonas_Aeruginosa | BIN | Imipenem] Bayes iter 111/200 done.
[Pseudomonas_Aeruginosa | BIN | Imipenem] Bayes iter 112/200 done.
[Pseudomonas_Aeruginosa | BIN | Imipenem] Bayes iter 113/200 done.
[Pseudomonas_Aeruginosa | BIN | Imipenem] Bayes iter 114/200 done.
[Pseudomonas_Aeruginosa | BIN | Imipenem] Bayes iter 115/200 done.
[Pseudomonas_Aeruginosa | BIN | Imipenem] Bayes iter 116/200 done.
[Pseudomonas_Aeruginosa | BIN | Imipenem] Bayes iter 117/200 done.
[Pseudomonas_Aeruginosa | BIN | Imipenem] Bayes iter 118/200 done.
[Pseudomonas_Aeruginosa | BIN | Imipenem] Bayes iter 119/200 done.
[Pseudomonas_Aeruginosa | BIN | Imipenem] Bayes iter 120/200 done.
[Pseudomonas_Aeruginosa | BIN | Imipenem] Bayes iter 121/200 done.
[Pseudomonas_Aeruginosa | BIN | Imipenem] Bayes iter 122/200 done.
[Pseudomonas_Aeruginosa | BIN | Imipenem] Bayes iter 123/200 done.
[Pseudomonas_Aeruginosa | BIN | Imipenem] Bayes iter 124/200 done.
[Pseudomonas_Aeruginosa | BIN | Imipenem] Bayes iter 125/200 done.
[Pseudomonas_Aeruginosa | BIN | Imipenem] Bayes iter 126/200 done.
[Pseudomonas_Aeruginosa | BIN | Imipenem] Bayes iter 127/200 done.
[Pseudomonas_Aeruginosa | BIN | Imipenem] Bayes iter 128/200 done.
[Pseudomonas_Aeruginosa | BIN | Imipenem] Bayes iter 129/200 done.
[Pseudomonas_Aeruginosa | BIN | Imipenem] Bayes iter 130/200 done.
[Pseudomonas_Aeruginosa | BIN | Imipenem] Bayes iter 131/200 done.
[Pseudomonas_Aeruginosa | BIN | Imipenem] Bayes iter 132/200 done.
[Pseudomonas_Aeruginosa | BIN | Imipenem] Bayes iter 133/200 done.
[Pseudomonas_Aeruginosa | BIN | Imipenem] Bayes iter 134/200 done.
[Pseudomonas_Aeruginosa | BIN | Imipenem] Bayes iter 135/200 done.
[Pseudomonas_Aeruginosa | BIN | Imipenem] Bayes iter 136/200 done.
[Pseudomonas_Aeruginosa | BIN | Imipenem] Bayes iter 137/200 done.
[Pseudomonas_Aeruginosa | BIN | Imipenem] Bayes iter 138/200 done.
[Pseudomonas_Aeruginosa | BIN | Imipenem] Bayes iter 139/200 done.
[Pseudomonas_Aeruginosa | BIN | Imipenem] Bayes iter 140/200 done.
[Pseudomonas_Aeruginosa | BIN | Imipenem] Bayes iter 141/200 done.
[Pseudomonas_Aeruginosa | BIN | Imipenem] Bayes iter 142/200 done.
[Pseudomonas_Aeruginosa | BIN | Imipenem] Bayes iter 143/200 done.
[Pseudomonas_Aeruginosa | BIN | Imipenem] Bayes iter 144/200 done.
[Pseudomonas_Aeruginosa | BIN | Imipenem] Bayes iter 145/200 done.
[Pseudomonas_Aeruginosa | BIN | Imipenem] Bayes iter 146/200 done.
[Pseudomonas_Aeruginosa | BIN | Imipenem] Bayes iter 147/200 done.
[Pseudomonas_Aeruginosa | BIN | Imipenem] Bayes iter 148/200 done.
[Pseudomonas_Aeruginosa | BIN | Imipenem] Bayes iter 149/200 done.
[Pseudomonas_Aeruginosa | BIN | Imipenem] Bayes iter 150/200 done.
[Pseudomonas_Aeruginosa | BIN | Imipenem] Bayes iter 151/200 done.
[Pseudomonas_Aeruginosa | BIN | Imipenem] Bayes iter 152/200 done.
[Pseudomonas_Aeruginosa | BIN | Imipenem] Bayes iter 153/200 done.
[Pseudomonas_Aeruginosa | BIN | Imipenem] Bayes iter 154/200 done.
[Pseudomonas_Aeruginosa | BIN | Imipenem] Bayes iter 155/200 done.
[Pseudomonas_Aeruginosa | BIN | Imipenem] Bayes iter 156/200 done.
[Pseudomonas_Aeruginosa | BIN | Imipenem] Bayes iter 157/200 done.
[Pseudomonas_Aeruginosa | BIN | Imipenem] Bayes iter 158/200 done.
[Pseudomonas_Aeruginosa | BIN | Imipenem] Bayes iter 159/200 done.
[Pseudomonas_Aeruginosa | BIN | Imipenem] Bayes iter 160/200 done.
[Pseudomonas_Aeruginosa | BIN | Imipenem] Bayes iter 161/200 done.
[Pseudomonas_Aeruginosa | BIN | Imipenem] Bayes iter 162/200 done.
[Pseudomonas_Aeruginosa | BIN | Imipenem] Bayes iter 163/200 done.
[Pseudomonas_Aeruginosa | BIN | Imipenem] Bayes iter 164/200 done.
[Pseudomonas_Aeruginosa | BIN | Imipenem] Bayes iter 165/200 done.
[Pseudomonas_Aeruginosa | BIN | Imipenem] Bayes iter 166/200 done.
[Pseudomonas_Aeruginosa | BIN | Imipenem] Bayes iter 167/200 done.
[Pseudomonas_Aeruginosa | BIN | Imipenem] Bayes iter 168/200 done.
[Pseudomonas_Aeruginosa | BIN | Imipenem] Bayes iter 169/200 done.
[Pseudomonas_Aeruginosa | BIN | Imipenem] Bayes iter 170/200 done.
[Pseudomonas_Aeruginosa | BIN | Imipenem] Bayes iter 171/200 done.
[Pseudomonas_Aeruginosa | BIN | Imipenem] Bayes iter 172/200 done.
[Pseudomonas_Aeruginosa | BIN | Imipenem] Bayes iter 173/200 done.
[Pseudomonas_Aeruginosa | BIN | Imipenem] Bayes iter 174/200 done.
[Pseudomonas_Aeruginosa | BIN | Imipenem] Bayes iter 175/200 done.
[Pseudomonas_Aeruginosa | BIN | Imipenem] Bayes iter 176/200 done.
[Pseudomonas_Aeruginosa | BIN | Imipenem] Bayes iter 177/200 done.
[Pseudomonas_Aeruginosa | BIN | Imipenem] Bayes iter 178/200 done.
[Pseudomonas_Aeruginosa | BIN | Imipenem] Bayes iter 179/200 done.
[Pseudomonas_Aeruginosa | BIN | Imipenem] Bayes iter 180/200 done.
[Pseudomonas_Aeruginosa | BIN | Imipenem] Bayes iter 181/200 done.
[Pseudomonas_Aeruginosa | BIN | Imipenem] Bayes iter 182/200 done.
[Pseudomonas_Aeruginosa | BIN | Imipenem] Bayes iter 183/200 done.
[Pseudomonas_Aeruginosa | BIN | Imipenem] Bayes iter 184/200 done.
[Pseudomonas_Aeruginosa | BIN | Imipenem] Bayes iter 185/200 done.
[Pseudomonas_Aeruginosa | BIN | Imipenem] Bayes iter 186/200 done.
[Pseudomonas_Aeruginosa | BIN | Imipenem] Bayes iter 187/200 done.
[Pseudomonas_Aeruginosa | BIN | Imipenem] Bayes iter 188/200 done.
[Pseudomonas_Aeruginosa | BIN | Imipenem] Bayes iter 189/200 done.
[Pseudomonas_Aeruginosa | BIN | Imipenem] Bayes iter 190/200 done.
[Pseudomonas_Aeruginosa | BIN | Imipenem] Bayes iter 191/200 done.
[Pseudomonas_Aeruginosa | BIN | Imipenem] Bayes iter 192/200 done.
[Pseudomonas_Aeruginosa | BIN | Imipenem] Bayes iter 193/200 done.
[Pseudomonas_Aeruginosa | BIN | Imipenem] Bayes iter 194/200 done.
[Pseudomonas_Aeruginosa | BIN | Imipenem] Bayes iter 195/200 done.
[Pseudomonas_Aeruginosa | BIN | Imipenem] Bayes iter 196/200 done.
[Pseudomonas_Aeruginosa | BIN | Imipenem] Bayes iter 197/200 done.
[Pseudomonas_Aeruginosa | BIN | Imipenem] Bayes iter 198/200 done.
[Pseudomonas_Aeruginosa | BIN | Imipenem] Bayes iter 199/200 done.
[Pseudomonas_Aeruginosa | BIN | Imipenem] Bayes iter 200/200 done.
[Pseudomonas_Aeruginosa | BIN | Imipenem] BayesSearchCV finished. best_score=0.8179355648824611
[Pseudomonas_Aeruginosa | BIN | Imipenem] Best params: M

Antibiotic 3/3: Meropenem
[Pseudomonas_Aeruginosa | BIN | Meropenem] BayesSearchCV starting: n_iter=200, cv=5, n_jobs=10, n_points=1
[Pseudomonas_Aeruginosa | BIN | Meropenem] Bayes iter 1/200 done.
[Pseudomonas_Aeruginosa | BIN | Meropenem] Bayes iter 2/200 done.
[Pseudomonas_Aeruginosa | BIN | Meropenem] Bayes iter 3/200 done.
[Pseudomonas_Aeruginosa | BIN | Meropenem] Bayes iter 4/200 done.
[Pseudomonas_Aeruginosa | BIN | Meropenem] Bayes iter 5/200 done.
[Pseudomonas_Aeruginosa | BIN | Meropenem] Bayes iter 6/200 done.
[Pseudomonas_Aeruginosa | BIN | Meropenem] Bayes iter 7/200 done.
[Pseudomonas_Aeruginosa | BIN | Meropenem] Bayes iter 8/200 done.
[Pseudomonas_Aeruginosa | BIN | Meropenem] Bayes iter 9/200 done.
[Pseudomonas_Aeruginosa | BIN | Meropenem] Bayes iter 10/200 done.
[Pseudomonas_Aeruginosa | BIN | Meropenem] Bayes iter 11/200 done.
[Pseudomonas_Aeruginosa | BIN | Meropenem] Bayes iter 12/200 done.
[Pseudomonas_Aeruginosa | BIN | Meropenem] Bayes iter 13/200 done.
[Pseudomonas_Aeruginosa | BIN | Meropenem] Bayes iter 14/200 done.
[Pseudomonas_Aeruginosa | BIN | Meropenem] Bayes iter 15/200 done.
[Pseudomonas_Aeruginosa | BIN | Meropenem] Bayes iter 16/200 done.
[Pseudomonas_Aeruginosa | BIN | Meropenem] Bayes iter 17/200 done.
[Pseudomonas_Aeruginosa | BIN | Meropenem] Bayes iter 18/200 done.
[Pseudomonas_Aeruginosa | BIN | Meropenem] Bayes iter 19/200 done.
[Pseudomonas_Aeruginosa | BIN | Meropenem] Bayes iter 20/200 done.
[Pseudomonas_Aeruginosa | BIN | Meropenem] Bayes iter 21/200 done.
[Pseudomonas_Aeruginosa | BIN | Meropenem] Bayes iter 22/200 done.
[Pseudomonas_Aeruginosa | BIN | Meropenem] Bayes iter 23/200 done.
[Pseudomonas_Aeruginosa | BIN | Meropenem] Bayes iter 24/200 done.
[Pseudomonas_Aeruginosa | BIN | Meropenem] Bayes iter 25/200 done.
[Pseudomonas_Aeruginosa | BIN | Meropenem] Bayes iter 26/200 done.
[Pseudomonas_Aeruginosa | BIN | Meropenem] Bayes iter 27/200 done.
[Pseudomonas_Aeruginosa | BIN | Meropenem] Bayes iter 28/200 done.
[Pseudomonas_Aeruginosa | BIN | Meropenem] Bayes iter 29/200 done.
[Pseudomonas_Aeruginosa | BIN | Meropenem] Bayes iter 30/200 done.
[Pseudomonas_Aeruginosa | BIN | Meropenem] Bayes iter 31/200 done.
[Pseudomonas_Aeruginosa | BIN | Meropenem] Bayes iter 32/200 done.
[Pseudomonas_Aeruginosa | BIN | Meropenem] Bayes iter 33/200 done.
[Pseudomonas_Aeruginosa | BIN | Meropenem] Bayes iter 34/200 done.
[Pseudomonas_Aeruginosa | BIN | Meropenem] Bayes iter 35/200 done.
[Pseudomonas_Aeruginosa | BIN | Meropenem] Bayes iter 36/200 done.
[Pseudomonas_Aeruginosa | BIN | Meropenem] Bayes iter 37/200 done.
[Pseudomonas_Aeruginosa | BIN | Meropenem] Bayes iter 38/200 done.
[Pseudomonas_Aeruginosa | BIN | Meropenem] Bayes iter 39/200 done.
[Pseudomonas_Aeruginosa | BIN | Meropenem] Bayes iter 40/200 done.
[Pseudomonas_Aeruginosa | BIN | Meropenem] Bayes iter 41/200 done.
[Pseudomonas_Aeruginosa | BIN | Meropenem] Bayes iter 42/200 done.
[Pseudomonas_Aeruginosa | BIN | Meropenem] Bayes iter 43/200 done.
[Pseudomonas_Aeruginosa | BIN | Meropenem] Bayes iter 44/200 done.
[Pseudomonas_Aeruginosa | BIN | Meropenem] Bayes iter 45/200 done.
[Pseudomonas_Aeruginosa | BIN | Meropenem] Bayes iter 46/200 done.
[Pseudomonas_Aeruginosa | BIN | Meropenem] Bayes iter 47/200 done.
[Pseudomonas_Aeruginosa | BIN | Meropenem] Bayes iter 48/200 done.
[Pseudomonas_Aeruginosa | BIN | Meropenem] Bayes iter 49/200 done.
[Pseudomonas_Aeruginosa | BIN | Meropenem] Bayes iter 50/200 done.
[Pseudomonas_Aeruginosa | BIN | Meropenem] Bayes iter 51/200 done.
[Pseudomonas_Aeruginosa | BIN | Meropenem] Bayes iter 52/200 done.
[Pseudomonas_Aeruginosa | BIN | Meropenem] Bayes iter 53/200 done.
[Pseudomonas_Aeruginosa | BIN | Meropenem] Bayes iter 54/200 done.
[Pseudomonas_Aeruginosa | BIN | Meropenem] Bayes iter 55/200 done.
[Pseudomonas_Aeruginosa | BIN | Meropenem] Bayes iter 56/200 done.
[Pseudomonas_Aeruginosa | BIN | Meropenem] Bayes iter 57/200 done.
[Pseudomonas_Aeruginosa | BIN | Meropenem] Bayes iter 58/200 done.
[Pseudomonas_Aeruginosa | BIN | Meropenem] Bayes iter 59/200 done.
[Pseudomonas_Aeruginosa | BIN | Meropenem] Bayes iter 60/200 done.
[Pseudomonas_Aeruginosa | BIN | Meropenem] Bayes iter 61/200 done.
[Pseudomonas_Aeruginosa | BIN | Meropenem] Bayes iter 62/200 done.
[Pseudomonas_Aeruginosa | BIN | Meropenem] Bayes iter 63/200 done.
[Pseudomonas_Aeruginosa | BIN | Meropenem] Bayes iter 64/200 done.
[Pseudomonas_Aeruginosa | BIN | Meropenem] Bayes iter 65/200 done.
[Pseudomonas_Aeruginosa | BIN | Meropenem] Bayes iter 66/200 done.
[Pseudomonas_Aeruginosa | BIN | Meropenem] Bayes iter 67/200 done.
[Pseudomonas_Aeruginosa | BIN | Meropenem] Bayes iter 68/200 done.
[Pseudomonas_Aeruginosa | BIN | Meropenem] Bayes iter 69/200 done.
[Pseudomonas_Aeruginosa | BIN | Meropenem] Bayes iter 70/200 done.
[Pseudomonas_Aeruginosa | BIN | Meropenem] Bayes iter 71/200 done.
[Pseudomonas_Aeruginosa | BIN | Meropenem] Bayes iter 72/200 done.
[Pseudomonas_Aeruginosa | BIN | Meropenem] Bayes iter 73/200 done.
[Pseudomonas_Aeruginosa | BIN | Meropenem] Bayes iter 74/200 done.
[Pseudomonas_Aeruginosa | BIN | Meropenem] Bayes iter 75/200 done.
[Pseudomonas_Aeruginosa | BIN | Meropenem] Bayes iter 76/200 done.
[Pseudomonas_Aeruginosa | BIN | Meropenem] Bayes iter 77/200 done.
[Pseudomonas_Aeruginosa | BIN | Meropenem] Bayes iter 78/200 done.
[Pseudomonas_Aeruginosa | BIN | Meropenem] Bayes iter 79/200 done.
[Pseudomonas_Aeruginosa | BIN | Meropenem] Bayes iter 80/200 done.
[Pseudomonas_Aeruginosa | BIN | Meropenem] Bayes iter 81/200 done.
[Pseudomonas_Aeruginosa | BIN | Meropenem] Bayes iter 82/200 done.
[Pseudomonas_Aeruginosa | BIN | Meropenem] Bayes iter 83/200 done.
[Pseudomonas_Aeruginosa | BIN | Meropenem] Bayes iter 84/200 done.
[Pseudomonas_Aeruginosa | BIN | Meropenem] Bayes iter 85/200 done.
[Pseudomonas_Aeruginosa | BIN | Meropenem] Bayes iter 86/200 done.
[Pseudomonas_Aeruginosa | BIN | Meropenem] Bayes iter 87/200 done.
[Pseudomonas_Aeruginosa | BIN | Meropenem] Bayes iter 88/200 done.
[Pseudomonas_Aeruginosa | BIN | Meropenem] Bayes iter 89/200 done.
[Pseudomonas_Aeruginosa | BIN | Meropenem] Bayes iter 90/200 done.
[Pseudomonas_Aeruginosa | BIN | Meropenem] Bayes iter 91/200 done.
[Pseudomonas_Aeruginosa | BIN | Meropenem] Bayes iter 92/200 done.
[Pseudomonas_Aeruginosa | BIN | Meropenem] Bayes iter 93/200 done.
[Pseudomonas_Aeruginosa | BIN | Meropenem] Bayes iter 94/200 done.
[Pseudomonas_Aeruginosa | BIN | Meropenem] Bayes iter 95/200 done.
[Pseudomonas_Aeruginosa | BIN | Meropenem] Bayes iter 96/200 done.
[Pseudomonas_Aeruginosa | BIN | Meropenem] Bayes iter 97/200 done.
[Pseudomonas_Aeruginosa | BIN | Meropenem] Bayes iter 98/200 done.
[Pseudomonas_Aeruginosa | BIN | Meropenem] Bayes iter 99/200 done.
[Pseudomonas_Aeruginosa | BIN | Meropenem] Bayes iter 100/200 done.
[Pseudomonas_Aeruginosa | BIN | Meropenem] Bayes iter 101/200 done.
[Pseudomonas_Aeruginosa | BIN | Meropenem] Bayes iter 102/200 done.
[Pseudomonas_Aeruginosa | BIN | Meropenem] Bayes iter 103/200 done.
[Pseudomonas_Aeruginosa | BIN | Meropenem] Bayes iter 104/200 done.
[Pseudomonas_Aeruginosa | BIN | Meropenem] Bayes iter 105/200 done.
[Pseudomonas_Aeruginosa | BIN | Meropenem] Bayes iter 106/200 done.
[Pseudomonas_Aeruginosa | BIN | Meropenem] Bayes iter 107/200 done.
[Pseudomonas_Aeruginosa | BIN | Meropenem] Bayes iter 108/200 done.
[Pseudomonas_Aeruginosa | BIN | Meropenem] Bayes iter 109/200 done.
[Pseudomonas_Aeruginosa | BIN | Meropenem] Bayes iter 110/200 done.
[Pseudomonas_Aeruginosa | BIN | Meropenem] Bayes iter 111/200 done.
[Pseudomonas_Aeruginosa | BIN | Meropenem] Bayes iter 112/200 done.
[Pseudomonas_Aeruginosa | BIN | Meropenem] Bayes iter 113/200 done.
[Pseudomonas_Aeruginosa | BIN | Meropenem] Bayes iter 114/200 done.
[Pseudomonas_Aeruginosa | BIN | Meropenem] Bayes iter 115/200 done.
[Pseudomonas_Aeruginosa | BIN | Meropenem] Bayes iter 116/200 done.
[Pseudomonas_Aeruginosa | BIN | Meropenem] Bayes iter 117/200 done.
[Pseudomonas_Aeruginosa | BIN | Meropenem] Bayes iter 118/200 done.
[Pseudomonas_Aeruginosa | BIN | Meropenem] Bayes iter 119/200 done.
[Pseudomonas_Aeruginosa | BIN | Meropenem] Bayes iter 120/200 done.
[Pseudomonas_Aeruginosa | BIN | Meropenem] Bayes iter 121/200 done.
[Pseudomonas_Aeruginosa | BIN | Meropenem] Bayes iter 122/200 done.
[Pseudomonas_Aeruginosa | BIN | Meropenem] Bayes iter 123/200 done.
[Pseudomonas_Aeruginosa | BIN | Meropenem] Bayes iter 124/200 done.
[Pseudomonas_Aeruginosa | BIN | Meropenem] Bayes iter 125/200 done.
[Pseudomonas_Aeruginosa | BIN | Meropenem] Bayes iter 126/200 done.
[Pseudomonas_Aeruginosa | BIN | Meropenem] Bayes iter 127/200 done.
[Pseudomonas_Aeruginosa | BIN | Meropenem] Bayes iter 128/200 done.
[Pseudomonas_Aeruginosa | BIN | Meropenem] Bayes iter 129/200 done.
[Pseudomonas_Aeruginosa | BIN | Meropenem] Bayes iter 130/200 done.
[Pseudomonas_Aeruginosa | BIN | Meropenem] Bayes iter 131/200 done.
[Pseudomonas_Aeruginosa | BIN | Meropenem] Bayes iter 132/200 done.
[Pseudomonas_Aeruginosa | BIN | Meropenem] Bayes iter 133/200 done.
[Pseudomonas_Aeruginosa | BIN | Meropenem] Bayes iter 134/200 done.
[Pseudomonas_Aeruginosa | BIN | Meropenem] Bayes iter 135/200 done.
[Pseudomonas_Aeruginosa | BIN | Meropenem] Bayes iter 136/200 done.
[Pseudomonas_Aeruginosa | BIN | Meropenem] Bayes iter 137/200 done.
[Pseudomonas_Aeruginosa | BIN | Meropenem] Bayes iter 138/200 done.
[Pseudomonas_Aeruginosa | BIN | Meropenem] Bayes iter 139/200 done.
[Pseudomonas_Aeruginosa | BIN | Meropenem] Bayes iter 140/200 done.
[Pseudomonas_Aeruginosa | BIN | Meropenem] Bayes iter 141/200 done.
[Pseudomonas_Aeruginosa | BIN | Meropenem] Bayes iter 142/200 done.
[Pseudomonas_Aeruginosa | BIN | Meropenem] Bayes iter 143/200 done.
[Pseudomonas_Aeruginosa | BIN | Meropenem] Bayes iter 144/200 done.
[Pseudomonas_Aeruginosa | BIN | Meropenem] Bayes iter 145/200 done.
[Pseudomonas_Aeruginosa | BIN | Meropenem] Bayes iter 146/200 done.
[Pseudomonas_Aeruginosa | BIN | Meropenem] Bayes iter 147/200 done.
[Pseudomonas_Aeruginosa | BIN | Meropenem] Bayes iter 148/200 done.
[Pseudomonas_Aeruginosa | BIN | Meropenem] Bayes iter 149/200 done.
[Pseudomonas_Aeruginosa | BIN | Meropenem] Bayes iter 150/200 done.
[Pseudomonas_Aeruginosa | BIN | Meropenem] Bayes iter 151/200 done.
[Pseudomonas_Aeruginosa | BIN | Meropenem] Bayes iter 152/200 done.
[Pseudomonas_Aeruginosa | BIN | Meropenem] Bayes iter 153/200 done.
[Pseudomonas_Aeruginosa | BIN | Meropenem] Bayes iter 154/200 done.
[Pseudomonas_Aeruginosa | BIN | Meropenem] Bayes iter 155/200 done.
[Pseudomonas_Aeruginosa | BIN | Meropenem] Bayes iter 156/200 done.
[Pseudomonas_Aeruginosa | BIN | Meropenem] Bayes iter 157/200 done.
[Pseudomonas_Aeruginosa | BIN | Meropenem] Bayes iter 158/200 done.
[Pseudomonas_Aeruginosa | BIN | Meropenem] Bayes iter 159/200 done.
[Pseudomonas_Aeruginosa | BIN | Meropenem] Bayes iter 160/200 done.
[Pseudomonas_Aeruginosa | BIN | Meropenem] Bayes iter 161/200 done.
[Pseudomonas_Aeruginosa | BIN | Meropenem] Bayes iter 162/200 done.
[Pseudomonas_Aeruginosa | BIN | Meropenem] Bayes iter 163/200 done.
[Pseudomonas_Aeruginosa | BIN | Meropenem] Bayes iter 164/200 done.
[Pseudomonas_Aeruginosa | BIN | Meropenem] Bayes iter 165/200 done.
[Pseudomonas_Aeruginosa | BIN | Meropenem] Bayes iter 166/200 done.
[Pseudomonas_Aeruginosa | BIN | Meropenem] Bayes iter 167/200 done.
[Pseudomonas_Aeruginosa | BIN | Meropenem] Bayes iter 168/200 done.
[Pseudomonas_Aeruginosa | BIN | Meropenem] Bayes iter 169/200 done.
[Pseudomonas_Aeruginosa | BIN | Meropenem] Bayes iter 170/200 done.
[Pseudomonas_Aeruginosa | BIN | Meropenem] Bayes iter 171/200 done.
[Pseudomonas_Aeruginosa | BIN | Meropenem] Bayes iter 172/200 done.
[Pseudomonas_Aeruginosa | BIN | Meropenem] Bayes iter 173/200 done.
[Pseudomonas_Aeruginosa | BIN | Meropenem] Bayes iter 174/200 done.
[Pseudomonas_Aeruginosa | BIN | Meropenem] Bayes iter 175/200 done.
[Pseudomonas_Aeruginosa | BIN | Meropenem] Bayes iter 176/200 done.
[Pseudomonas_Aeruginosa | BIN | Meropenem] Bayes iter 177/200 done.
[Pseudomonas_Aeruginosa | BIN | Meropenem] Bayes iter 178/200 done.
[Pseudomonas_Aeruginosa | BIN | Meropenem] Bayes iter 179/200 done.
[Pseudomonas_Aeruginosa | BIN | Meropenem] Bayes iter 180/200 done.
[Pseudomonas_Aeruginosa | BIN | Meropenem] Bayes iter 181/200 done.
[Pseudomonas_Aeruginosa | BIN | Meropenem] Bayes iter 182/200 done.
[Pseudomonas_Aeruginosa | BIN | Meropenem] Bayes iter 183/200 done.
[Pseudomonas_Aeruginosa | BIN | Meropenem] Bayes iter 184/200 done.
[Pseudomonas_Aeruginosa | BIN | Meropenem] Bayes iter 185/200 done.
[Pseudomonas_Aeruginosa | BIN | Meropenem] Bayes iter 186/200 done.
[Pseudomonas_Aeruginosa | BIN | Meropenem] Bayes iter 187/200 done.
[Pseudomonas_Aeruginosa | BIN | Meropenem] Bayes iter 188/200 done.
[Pseudomonas_Aeruginosa | BIN | Meropenem] Bayes iter 189/200 done.
[Pseudomonas_Aeruginosa | BIN | Meropenem] Bayes iter 190/200 done.
[Pseudomonas_Aeruginosa | BIN | Meropenem] Bayes iter 191/200 done.
[Pseudomonas_Aeruginosa | BIN | Meropenem] Bayes iter 192/200 done.
[Pseudomonas_Aeruginosa | BIN | Meropenem] Bayes iter 193/200 done.
[Pseudomonas_Aeruginosa | BIN | Meropenem] Bayes iter 194/200 done.
[Pseudomonas_Aeruginosa | BIN | Meropenem] Bayes iter 195/200 done.
[Pseudomonas_Aeruginosa | BIN | Meropenem] Bayes iter 196/200 done.
[Pseudomonas_Aeruginosa | BIN | Meropenem] Bayes iter 197/200 done.
[Pseudomonas_Aeruginosa | BIN | Meropenem] Bayes iter 198/200 done.
[Pseudomonas_Aeruginosa | BIN | Meropenem] Bayes iter 199/200 done.
[Pseudomonas_Aeruginosa | BIN | Meropenem] Bayes iter 200/200 done.
[Pseudomonas_Aeruginosa | BIN | Meropenem] BayesSearchCV finished. best_score=0.8471561500729321
[Pseudomonas_Aeruginosa | BIN | Meropenem] Best params: OrderedDict({'bootstrap': True, 'max_depth': 7, 'min_samples_leaf': 1, 'n_estimators': 9, 'random_state': 0})

Binary Results:
Accuracy: 0.8075221238938053
Hamming : 0.11799410029498525
F1      : 0.8281106841380971

Training LPS classifier...
[Pseudomonas_Aeruginosa | LPS] BayesSearchCV starting: n_iter=200, cv=5, n_jobs=10, n_points=1
[Pseudomonas_Aeruginosa | LPS] Bayes iter 1/200 done.
[Pseudomonas_Aeruginosa | LPS] Bayes iter 2/200 done.
[Pseudomonas_Aeruginosa | LPS] Bayes iter 3/200 done.
[Pseudomonas_Aeruginosa | LPS] Bayes iter 4/200 done.
[Pseudomonas_Aeruginosa | LPS] Bayes iter 5/200 done.
[Pseudomonas_Aeruginosa | LPS] Bayes iter 6/200 done.
[Pseudomonas_Aeruginosa | LPS] Bayes iter 7/200 done.
[Pseudomonas_Aeruginosa | LPS] Bayes iter 8/200 done.
[Pseudomonas_Aeruginosa | LPS] Bayes iter 9/200 done.
[Pseudomonas_Aeruginosa | LPS] Bayes iter 10/200 done.
[Pseudomonas_Aeruginosa | LPS] Bayes iter 11/200 done.
[Pseudomonas_Aeruginosa | LPS] Bayes iter 12/200 done.
[Pseudomonas_Aeruginosa | LPS] Bayes iter 13/200 done.
[Pseudomonas_Aeruginosa | LPS] Bayes iter 14/200 done.
[Pseudomonas_Aeruginosa | LPS] Bayes iter 15/200 done.
[Pseudomonas_Aeruginosa | LPS] Bayes iter 16/200 done.
[Pseudomonas_Aeruginosa | LPS] Bayes iter 17/200 done.
[Pseudomonas_Aeruginosa | LPS] Bayes iter 18/200 done.
[Pseudomonas_Aeruginosa | LPS] Bayes iter 19/200 done.
[Pseudomonas_Aeruginosa | LPS] Bayes iter 20/200 done.
[Pseudomonas_Aeruginosa | LPS] Bayes iter 21/200 done.
[Pseudomonas_Aeruginosa | LPS] Bayes iter 22/200 done.
[Pseudomonas_Aeruginosa | LPS] Bayes iter 23/200 done.
[Pseudomonas_Aeruginosa | LPS] Bayes iter 24/200 done.
[Pseudomonas_Aeruginosa | LPS] Bayes iter 25/200 done.
[Pseudomonas_Aeruginosa | LPS] Bayes iter 26/200 done.
[Pseudomonas_Aeruginosa | LPS] Bayes iter 27/200 done.
[Pseudomonas_Aeruginosa | LPS] Bayes iter 28/200 done.
[Pseudomonas_Aeruginosa | LPS] Bayes iter 29/200 done.
[Pseudomonas_Aeruginosa | LPS] Bayes iter 30/200 done.
[Pseudomonas_Aeruginosa | LPS] Bayes iter 31/200 done.
[Pseudomonas_Aeruginosa | LPS] Bayes iter 32/200 done.
[Pseudomonas_Aeruginosa | LPS] Bayes iter 33/200 done.
[Pseudomonas_Aeruginosa | LPS] Bayes iter 34/200 done.
[Pseudomonas_Aeruginosa | LPS] Bayes iter 35/200 done.
[Pseudomonas_Aeruginosa | LPS] Bayes iter 36/200 done.
[Pseudomonas_Aeruginosa | LPS] Bayes iter 37/200 done.
[Pseudomonas_Aeruginosa | LPS] Bayes iter 38/200 done.
[Pseudomonas_Aeruginosa | LPS] Bayes iter 39/200 done.
[Pseudomonas_Aeruginosa | LPS] Bayes iter 40/200 done.
[Pseudomonas_Aeruginosa | LPS] Bayes iter 41/200 done.
[Pseudomonas_Aeruginosa | LPS] Bayes iter 42/200 done.
[Pseudomonas_Aeruginosa | LPS] Bayes iter 43/200 done.
[Pseudomonas_Aeruginosa | LPS] Bayes iter 44/200 done.
[Pseudomonas_Aeruginosa | LPS] Bayes iter 45/200 done.
[Pseudomonas_Aeruginosa | LPS] Bayes iter 46/200 done.
[Pseudomonas_Aeruginosa | LPS] Bayes iter 47/200 done.
[Pseudomonas_Aeruginosa | LPS] Bayes iter 48/200 done.
[Pseudomonas_Aeruginosa | LPS] Bayes iter 49/200 done.
[Pseudomonas_Aeruginosa | LPS] Bayes iter 50/200 done.
[Pseudomonas_Aeruginosa | LPS] Bayes iter 51/200 done.
[Pseudomonas_Aeruginosa | LPS] Bayes iter 52/200 done.
[Pseudomonas_Aeruginosa | LPS] Bayes iter 53/200 done.
[Pseudomonas_Aeruginosa | LPS] Bayes iter 54/200 done.
[Pseudomonas_Aeruginosa | LPS] Bayes iter 55/200 done.
[Pseudomonas_Aeruginosa | LPS] Bayes iter 56/200 done.
[Pseudomonas_Aeruginosa | LPS] Bayes iter 57/200 done.
[Pseudomonas_Aeruginosa | LPS] Bayes iter 58/200 done.
[Pseudomonas_Aeruginosa | LPS] Bayes iter 59/200 done.
[Pseudomonas_Aeruginosa | LPS] Bayes iter 60/200 done.
[Pseudomonas_Aeruginosa | LPS] Bayes iter 61/200 done.
[Pseudomonas_Aeruginosa | LPS] Bayes iter 62/200 done.
[Pseudomonas_Aeruginosa | LPS] Bayes iter 63/200 done.
[Pseudomonas_Aeruginosa | LPS] Bayes iter 64/200 done.
[Pseudomonas_Aeruginosa | LPS] Bayes iter 65/200 done.
[Pseudomonas_Aeruginosa | LPS] Bayes iter 66/200 done.
[Pseudomonas_Aeruginosa | LPS] Bayes iter 67/200 done.
[Pseudomonas_Aeruginosa | LPS] Bayes iter 68/200 done.
[Pseudomonas_Aeruginosa | LPS] Bayes iter 69/200 done.
[Pseudomonas_Aeruginosa | LPS] Bayes iter 70/200 done.
[Pseudomonas_Aeruginosa | LPS] Bayes iter 71/200 done.
[Pseudomonas_Aeruginosa | LPS] Bayes iter 72/200 done.
[Pseudomonas_Aeruginosa | LPS] Bayes iter 73/200 done.
[Pseudomonas_Aeruginosa | LPS] Bayes iter 74/200 done.
[Pseudomonas_Aeruginosa | LPS] Bayes iter 75/200 done.
[Pseudomonas_Aeruginosa | LPS] Bayes iter 76/200 done.
[Pseudomonas_Aeruginosa | LPS] Bayes iter 77/200 done.
[Pseudomonas_Aeruginosa | LPS] Bayes iter 78/200 done.
[Pseudomonas_Aeruginosa | LPS] Bayes iter 79/200 done.
[Pseudomonas_Aeruginosa | LPS] Bayes iter 80/200 done.
[Pseudomonas_Aeruginosa | LPS] Bayes iter 81/200 done.
[Pseudomonas_Aeruginosa | LPS] Bayes iter 82/200 done.
[Pseudomonas_Aeruginosa | LPS] Bayes iter 83/200 done.
[Pseudomonas_Aeruginosa | LPS] Bayes iter 84/200 done.
[Pseudomonas_Aeruginosa | LPS] Bayes iter 85/200 done.
[Pseudomonas_Aeruginosa | LPS] Bayes iter 86/200 done.
[Pseudomonas_Aeruginosa | LPS] Bayes iter 87/200 done.
[Pseudomonas_Aeruginosa | LPS] Bayes iter 88/200 done.
[Pseudomonas_Aeruginosa | LPS] Bayes iter 89/200 done.
[Pseudomonas_Aeruginosa | LPS] Bayes iter 90/200 done.
[Pseudomonas_Aeruginosa | LPS] Bayes iter 91/200 done.
[Pseudomonas_Aeruginosa | LPS] Bayes iter 92/200 done.
[Pseudomonas_Aeruginosa | LPS] Bayes iter 93/200 done.
[Pseudomonas_Aeruginosa | LPS] Bayes iter 94/200 done.
[Pseudomonas_Aeruginosa | LPS] Bayes iter 95/200 done.
[Pseudomonas_Aeruginosa | LPS] Bayes iter 96/200 done.
[Pseudomonas_Aeruginosa | LPS] Bayes iter 97/200 done.
[Pseudomonas_Aeruginosa | LPS] Bayes iter 98/200 done.
[Pseudomonas_Aeruginosa | LPS] Bayes iter 99/200 done.
[Pseudomonas_Aeruginosa | LPS] Bayes iter 100/200 done.
[Pseudomonas_Aeruginosa | LPS] Bayes iter 101/200 done.
[Pseudomonas_Aeruginosa | LPS] Bayes iter 102/200 done.
[Pseudomonas_Aeruginosa | LPS] Bayes iter 103/200 done.
[Pseudomonas_Aeruginosa | LPS] Bayes iter 104/200 done.
[Pseudomonas_Aeruginosa | LPS] Bayes iter 105/200 done.
[Pseudomonas_Aeruginosa | LPS] Bayes iter 106/200 done.
[Pseudomonas_Aeruginosa | LPS] Bayes iter 107/200 done.
[Pseudomonas_Aeruginosa | LPS] Bayes iter 108/200 done.
[Pseudomonas_Aeruginosa | LPS] Bayes iter 109/200 done.
[Pseudomonas_Aeruginosa | LPS] Bayes iter 110/200 done.
[Pseudomonas_Aeruginosa | LPS] Bayes iter 111/200 done.
[Pseudomonas_Aeruginosa | LPS] Bayes iter 112/200 done.
[Pseudomonas_Aeruginosa | LPS] Bayes iter 113/200 done.
[Pseudomonas_Aeruginosa | LPS] Bayes iter 114/200 done.
[Pseudomonas_Aeruginosa | LPS] Bayes iter 115/200 done.
[Pseudomonas_Aeruginosa | LPS] Bayes iter 116/200 done.
[Pseudomonas_Aeruginosa | LPS] Bayes iter 117/200 done.
[Pseudomonas_Aeruginosa | LPS] Bayes iter 118/200 done.
[Pseudomonas_Aeruginosa | LPS] Bayes iter 119/200 done.
[Pseudomonas_Aeruginosa | LPS] Bayes iter 120/200 done.
[Pseudomonas_Aeruginosa | LPS] Bayes iter 121/200 done.
[Pseudomonas_Aeruginosa | LPS] Bayes iter 122/200 done.
[Pseudomonas_Aeruginosa | LPS] Bayes iter 123/200 done.
[Pseudomonas_Aeruginosa | LPS] Bayes iter 124/200 done.
[Pseudomonas_Aeruginosa | LPS] Bayes iter 125/200 done.
[Pseudomonas_Aeruginosa | LPS] Bayes iter 126/200 done.
[Pseudomonas_Aeruginosa | LPS] Bayes iter 127/200 done.
[Pseudomonas_Aeruginosa | LPS] Bayes iter 128/200 done.
[Pseudomonas_Aeruginosa | LPS] Bayes iter 129/200 done.
[Pseudomonas_Aeruginosa | LPS] Bayes iter 130/200 done.
[Pseudomonas_Aeruginosa | LPS] Bayes iter 131/200 done.
[Pseudomonas_Aeruginosa | LPS] Bayes iter 132/200 done.
[Pseudomonas_Aeruginosa | LPS] Bayes iter 133/200 done.
[Pseudomonas_Aeruginosa | LPS] Bayes iter 134/200 done.
[Pseudomonas_Aeruginosa | LPS] Bayes iter 135/200 done.
[Pseudomonas_Aeruginosa | LPS] Bayes iter 136/200 done.
[Pseudomonas_Aeruginosa | LPS] Bayes iter 137/200 done.
[Pseudomonas_Aeruginosa | LPS] Bayes iter 138/200 done.
[Pseudomonas_Aeruginosa | LPS] Bayes iter 139/200 done.
[Pseudomonas_Aeruginosa | LPS] Bayes iter 140/200 done.
[Pseudomonas_Aeruginosa | LPS] Bayes iter 141/200 done.
[Pseudomonas_Aeruginosa | LPS] Bayes iter 142/200 done.
[Pseudomonas_Aeruginosa | LPS] Bayes iter 143/200 done.
[Pseudomonas_Aeruginosa | LPS] Bayes iter 144/200 done.
[Pseudomonas_Aeruginosa | LPS] Bayes iter 145/200 done.
[Pseudomonas_Aeruginosa | LPS] Bayes iter 146/200 done.
[Pseudomonas_Aeruginosa | LPS] Bayes iter 147/200 done.
[Pseudomonas_Aeruginosa | LPS] Bayes iter 148/200 done.
[Pseudomonas_Aeruginosa | LPS] Bayes iter 149/200 done.
[Pseudomonas_Aeruginosa | LPS] Bayes iter 150/200 done.
[Pseudomonas_Aeruginosa | LPS] Bayes iter 151/200 done.
[Pseudomonas_Aeruginosa | LPS] Bayes iter 152/200 done.
[Pseudomonas_Aeruginosa | LPS] Bayes iter 153/200 done.
[Pseudomonas_Aeruginosa | LPS] Bayes iter 154/200 done.
[Pseudomonas_Aeruginosa | LPS] Bayes iter 155/200 done.
[Pseudomonas_Aeruginosa | LPS] Bayes iter 156/200 done.
[Pseudomonas_Aeruginosa | LPS] Bayes iter 157/200 done.
[Pseudomonas_Aeruginosa | LPS] Bayes iter 158/200 done.
[Pseudomonas_Aeruginosa | LPS] Bayes iter 159/200 done.
[Pseudomonas_Aeruginosa | LPS] Bayes iter 160/200 done.
[Pseudomonas_Aeruginosa | LPS] Bayes iter 161/200 done.
[Pseudomonas_Aeruginosa | LPS] Bayes iter 162/200 done.
[Pseudomonas_Aeruginosa | LPS] Bayes iter 163/200 done.
[Pseudomonas_Aeruginosa | LPS] Bayes iter 164/200 done.
[Pseudomonas_Aeruginosa | LPS] Bayes iter 165/200 done.
[Pseudomonas_Aeruginosa | LPS] Bayes iter 166/200 done.
[Pseudomonas_Aeruginosa | LPS] Bayes iter 167/200 done.
[Pseudomonas_Aeruginosa | LPS] Bayes iter 168/200 done.
[Pseudomonas_Aeruginosa | LPS] Bayes iter 169/200 done.
[Pseudomonas_Aeruginosa | LPS] Bayes iter 170/200 done.
[Pseudomonas_Aeruginosa | LPS] Bayes iter 171/200 done.
[Pseudomonas_Aeruginosa | LPS] Bayes iter 172/200 done.
[Pseudomonas_Aeruginosa | LPS] Bayes iter 173/200 done.
[Pseudomonas_Aeruginosa | LPS] Bayes iter 174/200 done.
[Pseudomonas_Aeruginosa | LPS] Bayes iter 175/200 done.
[Pseudomonas_Aeruginosa | LPS] Bayes iter 176/200 done.
[Pseudomonas_Aeruginosa | LPS] Bayes iter 177/200 done.
[Pseudomonas_Aeruginosa | LPS] Bayes iter 178/200 done.
[Pseudomonas_Aeruginosa | LPS] Bayes iter 179/200 done.
[Pseudomonas_Aeruginosa | LPS] Bayes iter 180/200 done.
[Pseudomonas_Aeruginosa | LPS] Bayes iter 181/200 done.
[Pseudomonas_Aeruginosa | LPS] Bayes iter 182/200 done.
[Pseudomonas_Aeruginosa | LPS] Bayes iter 183/200 done.
[Pseudomonas_Aeruginosa | LPS] Bayes iter 184/200 done.
[Pseudomonas_Aeruginosa | LPS] Bayes iter 185/200 done.
[Pseudomonas_Aeruginosa | LPS] Bayes iter 186/200 done.
[Pseudomonas_Aeruginosa | LPS] Bayes iter 187/200 done.
[Pseudomonas_Aeruginosa | LPS] Bayes iter 188/200 done.
[Pseudomonas_Aeruginosa | LPS] Bayes iter 189/200 done.
[Pseudomonas_Aeruginosa | LPS] Bayes iter 190/200 done.
[Pseudomonas_Aeruginosa | LPS] Bayes iter 191/200 done.
[Pseudomonas_Aeruginosa | LPS] Bayes iter 192/200 done.
[Pseudomonas_Aeruginosa | LPS] Bayes iter 193/200 done.
[Pseudomonas_Aeruginosa | LPS] Bayes iter 194/200 done.
[Pseudomonas_Aeruginosa | LPS] Bayes iter 195/200 done.
[Pseudomonas_Aeruginosa | LPS] Bayes iter 196/200 done.
[Pseudomonas_Aeruginosa | LPS] Bayes iter 197/200 done.
[Pseudomonas_Aeruginosa | LPS] Bayes iter 198/200 done.
[Pseudomonas_Aeruginosa | LPS] Bayes iter 199/200 done.
[Pseudomonas_Aeruginosa | LPS] Bayes iter 200/200 done.
[Pseudomonas_Aeruginosa | LPS] BayesSearchCV finished. best_score=0.828451046193982
[Pseudomonas_Aeruginosa | LPS] Best params: OrderedDict({'bootstrap': False, 'max_depth': 10, 'min_samples_leaf': 2, 'n_estimators': 341, 'random_state': 0})

LPS Results:
Accuracy: 0.8053097345132744
Hamming : 0.1187315634218289
F1      : 0.8276955820630598

Finished successfully.
Results saved in: results_benchmark1_single_split/summary_20260224_154810.txt
